SourceOccurrenceKey,SourceID,SourceBook,Grade,Semester,SourceRow,Word,MatchKey,British,American,Definition,SourceFile
xiangshao_start3|g3-upper|r002|hello,xiangshao_start3,3年级上,3,上,2,hello,hello,[həˈləʊ],[həˈləʊ],"n. 表示问候, 惊奇或唤起注意时的用语 int. 喂;哈罗",湘少版三年级起点三年级上.xlsx
xiangshao_start3|g3-upper|r003|i,xiangshao_start3,3年级上,3,上,3,I,i,[aɪ],[aɪ],n. 碘元素;英语字母I pron. 我,湘少版三年级起点三年级上.xlsx
xiangshao_start3|g3-upper|r004|am,xiangshao_start3,3年级上,3,上,4,am,am,[əm; æm],[əm; æm],abbr. 调幅 v. 是,湘少版三年级起点三年级上.xlsx
xiangshao_start3|g3-upper|r005|hi,xiangshao_start3,3年级上,3,上,5,hi,hi,[haɪ],[haɪ],int. 嗨!(表示问候或用以唤起注意),湘少版三年级起点三年级上.xlsx
xiangshao_start3|g3-upper|r006|miss,xiangshao_start3,3年级上,3,上,6,Miss,miss,,,"n. 女士,小姐,年轻未婚女子 vt. 错过,想念,缺(勤)",湘少版三年级起点三年级上.xlsx
xiangshao_start3|g3-upper|r007|good,xiangshao_start3,3年级上,3,上,7,good,good,[ɡʊd],[ɡʊd],n. 好处;善行;慷慨的行为 adj. 好的;优良的;愉快的;虔诚的 adv. 好,湘少版三年级起点三年级上.xlsx
xiangshao_start3|g3-upper|r008|morning,xiangshao_start3,3年级上,3,上,8,morning,morning,[ˈmɔːnɪŋ],[ˈmɔːrnɪŋ],n. 早晨;黎明;初期,湘少版三年级起点三年级上.xlsx
xiangshao_start3|g3-upper|r009|class,xiangshao_start3,3年级上,3,上,9,class,class,[klɑːs],[klæs],"n. 阶级;班级;种类;班;等级 adj. 极好的;很好的,优秀的,出色的 vt. 分类;把...分等级;把...归入某等级,把...看作(或分类、归类);把...编入某一班级 vi. 属于...类(或等级),被列为某类(或某级)",湘少版三年级起点三年级上.xlsx
xiangshao_start3|g3-upper|r010|goodbye,xiangshao_start3,3年级上,3,上,10,goodbye,goodbye,[ˌɡʊdˈbaɪ],[ˌɡʊdˈbaɪ],int. 再见 放弃 告别,湘少版三年级起点三年级上.xlsx
xiangshao_start3|g3-upper|r011|afternoon,xiangshao_start3,3年级上,3,上,11,afternoon,afternoon,[ˌɑːftəˈnuːn],[ˌæftərˈnuːn],"n. 午后,下午",湘少版三年级起点三年级上.xlsx
xiangshao_start3|g3-upper|r012|what,xiangshao_start3,3年级上,3,上,12,what,what,[wɒt],[wʌt],"pron. 什么;多么;多少 adv. 到什么程度,在哪一方面 adj. 什么;多么;何等 int. 什么;多么",湘少版三年级起点三年级上.xlsx
xiangshao_start3|g3-upper|r013|is,xiangshao_start3,3年级上,3,上,13,is,is,[ɪz],[ɪz],v. 是(be的三单形式) n. 存在,湘少版三年级起点三年级上.xlsx
xiangshao_start3|g3-upper|r014|your,xiangshao_start3,3年级上,3,上,14,your,your,[jɔː(r); jə(r)],[jʊr; jər],"pron. 你的,你们的",湘少版三年级起点三年级上.xlsx
xiangshao_start3|g3-upper|r015|name,xiangshao_start3,3年级上,3,上,15,name,name,[neɪm],[neɪm],"n. 名称,名字;姓名;名誉 vt. 命名,任命;指定;称呼;提名;叫出 adj. 姓名的;据以取名的",湘少版三年级起点三年级上.xlsx
xiangshao_start3|g3-upper|r016|my,xiangshao_start3,3年级上,3,上,16,my,my,[maɪ],[maɪ],pron. 我的 int. 哎呀(表示惊奇等);喔唷,湘少版三年级起点三年级上.xlsx
xiangshao_start3|g3-upper|r017|how,xiangshao_start3,3年级上,3,上,17,how,how,[haʊ],[haʊ],adv. 如何;多少;多么 n. 方法;方式 conj. 如何,湘少版三年级起点三年级上.xlsx
xiangshao_start3|g3-upper|r018|old,xiangshao_start3,3年级上,3,上,18,old,old,[əʊld],[oʊld],"adj. 陈旧的,古老的;年老的 n. 古时",湘少版三年级起点三年级上.xlsx
xiangshao_start3|g3-upper|r019|are,xiangshao_start3,3年级上,3,上,19,are,are,[ɑ:(r)],[ər; ɑːr; er],v. 是(be的第二人称单复数现在式) n. 公亩,湘少版三年级起点三年级上.xlsx
xiangshao_start3|g3-upper|r020|you,xiangshao_start3,3年级上,3,上,20,you,you,[ju],[juː; jə],pron. 你;你们,湘少版三年级起点三年级上.xlsx
xiangshao_start3|g3-upper|r021|one,xiangshao_start3,3年级上,3,上,21,one,one,[wʌn],[wʌn],pron. 一个人;任何人 adj. 一的;唯一的 n. 一 num. 一;一个,湘少版三年级起点三年级上.xlsx
xiangshao_start3|g3-upper|r022|two,xiangshao_start3,3年级上,3,上,22,two,two,[tuː],[tuː],num. 二 n. 两个 adj. 两个的,湘少版三年级起点三年级上.xlsx
xiangshao_start3|g3-upper|r023|three,xiangshao_start3,3年级上,3,上,23,three,three,[θriː],[θriː],"num. 三 n. 三,三个 adj. 三的,三个的",湘少版三年级起点三年级上.xlsx
xiangshao_start3|g3-upper|r024|four,xiangshao_start3,3年级上,3,上,24,four,four,[fɔː(r)],[fɔːr],num. 四;四个 adj. 四的;四个的,湘少版三年级起点三年级上.xlsx
xiangshao_start3|g3-upper|r025|five,xiangshao_start3,3年级上,3,上,25,five,five,[faɪv],[faɪv],"num. 五,五个 n. 五,五个;五美元钞票 adj. 五的;五个的",湘少版三年级起点三年级上.xlsx
xiangshao_start3|g3-upper|r026|six,xiangshao_start3,3年级上,3,上,26,six,six,[sɪks],[sɪks],"num. 六,六个 n. 六,六个",湘少版三年级起点三年级上.xlsx
xiangshao_start3|g3-upper|r027|seven,xiangshao_start3,3年级上,3,上,27,seven,seven,[ˈsev(ə)n],[ˈsev(ə)n],"num. 七个,七 n. 七个,七 adj. 七的;七个的",湘少版三年级起点三年级上.xlsx
xiangshao_start3|g3-upper|r028|eight,xiangshao_start3,3年级上,3,上,28,eight,eight,[eɪt],[eɪt],num. 八;八个;第八 n. 八字形 adj. 八的,湘少版三年级起点三年级上.xlsx
xiangshao_start3|g3-upper|r029|nine,xiangshao_start3,3年级上,3,上,29,nine,nine,[naɪn],[naɪn],"n. 九,九个 num. 九;九个 adj. 九的,九个的",湘少版三年级起点三年级上.xlsx
xiangshao_start3|g3-upper|r030|ten,xiangshao_start3,3年级上,3,上,30,ten,ten,[ten],[ten],"num. 十个,十",湘少版三年级起点三年级上.xlsx
xiangshao_start3|g3-upper|r031|this,xiangshao_start3,3年级上,3,上,31,this,this,[ðɪs],[ðɪs],adj. 这;本;这个;今 pron. 这;这个;这里 adv. 这样地;这么,湘少版三年级起点三年级上.xlsx
xiangshao_start3|g3-upper|r032|family,xiangshao_start3,3年级上,3,上,32,family,family,[ˈfæməli],[ˈfæməli],n. 家庭;亲属;家族;子女;[生]科;语族;[化]族 adj. 家庭的;家族的;适合于全家的,湘少版三年级起点三年级上.xlsx
xiangshao_start3|g3-upper|r033|father,xiangshao_start3,3年级上,3,上,33,father,father,[ˈfɑːðə(r)],[ˈfɑːðər],"n. 父亲,爸爸;神父;祖先;前辈 vt. 发明,创立;当...的父亲",湘少版三年级起点三年级上.xlsx
xiangshao_start3|g3-upper|r034|mother,xiangshao_start3,3年级上,3,上,34,mother,mother,[ˈmʌðə(r)],[ˈmʌðər],n. 母亲;大娘;女修道院院长 vt. 生下;养育;像母亲般关怀或照管 adj. 母亲的;出生地的,湘少版三年级起点三年级上.xlsx
xiangshao_start3|g3-upper|r035|brother,xiangshao_start3,3年级上,3,上,35,brother,brother,[ˈbrʌðə(r)],[ˈbrʌðər],n. 兄弟;同事;战友 int. 我的老兄!,湘少版三年级起点三年级上.xlsx
xiangshao_start3|g3-upper|r036|sister,xiangshao_start3,3年级上,3,上,36,sister,sister,[ˈsɪstə(r)],[ˈsɪstər],n. 姐妹;(称志同道合者)姐妹;修女;护士 adj. 姐妹般的;同类型的,湘少版三年级起点三年级上.xlsx
xiangshao_start3|g3-upper|r037|who,xiangshao_start3,3年级上,3,上,37,who,who,[huː],[huː],pron. 谁;什么人,湘少版三年级起点三年级上.xlsx
xiangshao_start3|g3-upper|r038|he,xiangshao_start3,3年级上,3,上,38,he,he,[hi; iː; i; hiː],[hi; iː; i; hiː],"n. 男孩,男人;它(雄性动物) pron. 他",湘少版三年级起点三年级上.xlsx
xiangshao_start3|g3-upper|r039|she,xiangshao_start3,3年级上,3,上,39,she,she,[ʃi],[ʃi; ʃiː],n. 女人;雌性动物 pron. 她(主格);它(用来指雌性动物或国家、船舶、地球、月亮等),湘少版三年级起点三年级上.xlsx
xiangshao_start3|g3-upper|r040|grandfather,xiangshao_start3,3年级上,3,上,40,grandfather,grandfather,[ˈɡrænfɑːðə(r)],[ˈɡrænfɑːðər],n. 祖父;始祖 vt. 不受新规定限制,湘少版三年级起点三年级上.xlsx
xiangshao_start3|g3-upper|r041|grandpa,xiangshao_start3,3年级上,3,上,41,grandpa,grandpa,[ˈɡrænpɑː],[ˈɡrænpɑː],n. 爷爷;外公,湘少版三年级起点三年级上.xlsx
xiangshao_start3|g3-upper|r042|grandmother,xiangshao_start3,3年级上,3,上,42,grandmother,grandmother,[ˈɡrænmʌðə(r)],[ˈɡrænmʌðər],n. 祖母;女祖先 vt. 当...的祖母 vi. 当祖母,湘少版三年级起点三年级上.xlsx
xiangshao_start3|g3-upper|r043|grandma,xiangshao_start3,3年级上,3,上,43,grandma,grandma,[ˈɡrænmɑː],[ˈɡrænmɑː],n. 奶奶;外婆,湘少版三年级起点三年级上.xlsx
xiangshao_start3|g3-upper|r044|cousin,xiangshao_start3,3年级上,3,上,44,cousin,cousin,[ˈkʌzn],[ˈkʌzn],n. 堂兄弟姊妹;表兄弟姊妹,湘少版三年级起点三年级上.xlsx
xiangshao_start3|g3-upper|r045|aunt,xiangshao_start3,3年级上,3,上,45,aunt,aunt,[ɑːnt],[ænt],n. 阿姨;姑妈;伯母;舅妈,湘少版三年级起点三年级上.xlsx
xiangshao_start3|g3-upper|r046|uncle,xiangshao_start3,3年级上,3,上,46,uncle,uncle,[ˈʌŋk(ə)l],[ˈʌŋkl],n. 叔叔;伯父;伯伯;舅父;姨丈;姑父,湘少版三年级起点三年级上.xlsx
xiangshao_start3|g3-upper|r047|it,xiangshao_start3,3年级上,3,上,47,it,it,[ɪt],[ɪt],abbr. 信息技术information technology abbr. 意大利Italy;意大利的Italian,湘少版三年级起点三年级上.xlsx
xiangshao_start3|g3-upper|r048|a,xiangshao_start3,3年级上,3,上,48,a,a,[ə],[ə; eɪ],n. 字母A;第一流的;学业成绩达最高标准的评价符号 abbr. [物]安(ampere),湘少版三年级起点三年级上.xlsx
xiangshao_start3|g3-upper|r049|dog,xiangshao_start3,3年级上,3,上,49,dog,dog,[dɒɡ],[dɔːɡ],n. 狗;丑女人;卑鄙的人;(俚)朋友 vt. 跟踪;尾随,湘少版三年级起点三年级上.xlsx
xiangshao_start3|g3-upper|r050|cow,xiangshao_start3,3年级上,3,上,50,cow,cow,[kaʊ],[kaʊ],"n. 奶牛,母牛;母兽 vt. 威胁,恐吓",湘少版三年级起点三年级上.xlsx
xiangshao_start3|g3-upper|r051|yes,xiangshao_start3,3年级上,3,上,51,yes,yes,[jes],[jes],"n. 是(表示肯定) adv. 是, 是的",湘少版三年级起点三年级上.xlsx
xiangshao_start3|g3-upper|r052|no,xiangshao_start3,3年级上,3,上,52,no,no,[nəʊ],[noʊ],adv. 不 adj. 没有;不是 n. 不;否决票 abbr. 数字(number);元素锘(nobelium)的符号,湘少版三年级起点三年级上.xlsx
xiangshao_start3|g3-upper|r053|not,xiangshao_start3,3年级上,3,上,53,not,not,[nɒt],[nɑːt],"adv. 表示否定,不 n. “非”(计算机中逻辑运算的一种)",湘少版三年级起点三年级上.xlsx
xiangshao_start3|g3-upper|r054|duck,xiangshao_start3,3年级上,3,上,54,duck,duck,[dʌk],[dʌk],n. 鸭子;鸭肉;(英)宝贝儿;零分 vt. 躲避;猛按...入水 vi. 闪避;没入水中,湘少版三年级起点三年级上.xlsx
xiangshao_start3|g3-upper|r055|cat,xiangshao_start3,3年级上,3,上,55,cat,cat,[kæt],[kæt],"n. 猫,猫科动物",湘少版三年级起点三年级上.xlsx
xiangshao_start3|g3-upper|r056|horse,xiangshao_start3,3年级上,3,上,56,horse,horse,[hɔːs],[hɔːrs],n. 马;骑兵;脚架;海洛因 vt. 使骑马;系马于;捉弄 vi. 骑马;作弄人,湘少版三年级起点三年级上.xlsx
xiangshao_start3|g3-upper|r057|hen,xiangshao_start3,3年级上,3,上,57,hen,hen,[hen],[hen],n. 母鸡;女人;雌禽,湘少版三年级起点三年级上.xlsx
xiangshao_start3|g3-upper|r058|schoolbag,xiangshao_start3,3年级上,3,上,58,schoolbag,schoolbag,[ˈskuːlbæɡ],[ˈskuːlˌbæɡ],n. 书包,湘少版三年级起点三年级上.xlsx
xiangshao_start3|g3-upper|r059|pencil-box,xiangshao_start3,3年级上,3,上,59,pencil-box,pencil-box,,,n. 铅笔盒,湘少版三年级起点三年级上.xlsx
xiangshao_start3|g3-upper|r060|that,xiangshao_start3,3年级上,3,上,60,that,that,[ðæt],[ðæt],conj. 因为;以至于 adj. 那;那个 pron. 那;那个 adv. 那么;那样,湘少版三年级起点三年级上.xlsx
xiangshao_start3|g3-upper|r061|pen,xiangshao_start3,3年级上,3,上,61,pen,pen,[pen],[pen],n. 钢笔;作家;围栏 vt. 写;关入栏中,湘少版三年级起点三年级上.xlsx
xiangshao_start3|g3-upper|r062|how,xiangshao_start3,3年级上,3,上,62,how,how,[haʊ],[haʊ],adv. 如何;多少;多么 n. 方法;方式 conj. 如何,湘少版三年级起点三年级上.xlsx
xiangshao_start3|g3-upper|r063|beautiful,xiangshao_start3,3年级上,3,上,63,beautiful,beautiful,[ˈbjuːtɪf(ə)l],[ˈbjuːtɪf(ə)l],adj. 美丽的 出色地 出色的 迷人的 迷人地,湘少版三年级起点三年级上.xlsx
xiangshao_start3|g3-upper|r064|ruler,xiangshao_start3,3年级上,3,上,64,ruler,ruler,[ˈruːlə(r)],[ˈruːlər],"n. 尺;统治者;[测] 划线板,划线的人",湘少版三年级起点三年级上.xlsx
xiangshao_start3|g3-upper|r065|pencil,xiangshao_start3,3年级上,3,上,65,pencil,pencil,[ˈpens(ə)l],[ˈpensl],n. 铅笔;笔状物 vt. 用铅笔写;用眉笔涂 vi. 成铅笔状,湘少版三年级起点三年级上.xlsx
xiangshao_start3|g3-upper|r066|book,xiangshao_start3,3年级上,3,上,66,book,book,[bʊk],[bʊk],n. 书籍;卷;帐簿;名册;工作簿 vt. 预订;登记,湘少版三年级起点三年级上.xlsx
xiangshao_start3|g3-upper|r067|mouth,xiangshao_start3,3年级上,3,上,67,mouth,mouth,[maʊθ],[maʊθ],"n. 口,嘴;河口 vt. 做作地说,装腔作势地说;喃喃地说出 vi. 装腔作势说话",湘少版三年级起点三年级上.xlsx
xiangshao_start3|g3-upper|r068|sorry,xiangshao_start3,3年级上,3,上,68,sorry,sorry,[ˈsɒri],[ˈsɑːri],"adj. 遗憾的;对不起的,抱歉的 int. 对不起,抱歉(表示委婉的拒绝等)",湘少版三年级起点三年级上.xlsx
xiangshao_start3|g3-upper|r069|know,xiangshao_start3,3年级上,3,上,69,know,know,[nəʊ],[noʊ],vt. 知道;认识;懂得 vi. 了解;熟悉;确信,湘少版三年级起点三年级上.xlsx
xiangshao_start3|g3-upper|r070|nose,xiangshao_start3,3年级上,3,上,70,nose,nose,[nəʊz],[noʊz],n. 鼻子;嗅觉;突出的部分;探问 vt. 嗅;用鼻子触 vi. 小心探索着前进;探问,湘少版三年级起点三年级上.xlsx
xiangshao_start3|g3-upper|r071|face,xiangshao_start3,3年级上,3,上,71,face,face,[feɪs],[feɪs],n. 脸;表面;面子;面容;外观;威信 vi. 向;朝 vt. 面对;面向;承认;抹盖,湘少版三年级起点三年级上.xlsx
xiangshao_start3|g3-upper|r072|hair,xiangshao_start3,3年级上,3,上,72,hair,hair,[heə(r)],[her],n. 头发;毛发;些微 adj. 毛发的;护理毛发的;用毛发制成的 vt. 除去...的毛发 vi. 生长毛发;形成毛状纤维,湘少版三年级起点三年级上.xlsx
xiangshao_start3|g3-upper|r073|ear,xiangshao_start3,3年级上,3,上,73,ear,ear,[ɪə(r)],[ɪr],n. 耳朵;穗;听觉;倾听 vi. (美俚)听见;抽穗,湘少版三年级起点三年级上.xlsx
xiangshao_start3|g3-upper|r074|eye,xiangshao_start3,3年级上,3,上,74,eye,eye,[aɪ],[aɪ],"n. 眼睛;视力;眼光;见解,观点 vt. 注视,看",湘少版三年级起点三年级上.xlsx
xiangshao_start3|g3-upper|r075|touch,xiangshao_start3,3年级上,3,上,75,touch,touch,[tʌtʃ],[tʌtʃ],n. 接触;触觉;格调;少许 vt. 接触;触动;使轻度受害 vi. 触摸;涉及;接近;提到,湘少版三年级起点三年级上.xlsx
xiangshao_start3|g3-upper|r076|head,xiangshao_start3,3年级上,3,上,76,head,head,[hed],[hed],n. 头;头痛;上端;最前的部分;理解力 adj. 头的;主要的;在顶端的 vt. 前进;用头顶;作为...的首领;站在...的前头;给...加标题 vi. 出发;成头状物;船驶往,湘少版三年级起点三年级上.xlsx
xiangshao_start3|g3-upper|r077|raise,xiangshao_start3,3年级上,3,上,77,raise,raise,[reɪz],[reɪz],n. 高地;上升;加薪 vt. 提高;筹集;养育;升起 vi. 上升,湘少版三年级起点三年级上.xlsx
xiangshao_start3|g3-upper|r078|hand,xiangshao_start3,3年级上,3,上,78,hand,hand,[hænd],[hænd],"n. 手,手艺;帮助;指针;插手 vt. 传递,交给;支持;搀扶",湘少版三年级起点三年级上.xlsx
xiangshao_start3|g3-upper|r079|leg,xiangshao_start3,3年级上,3,上,79,leg,leg,[leɡ],[leɡ],n. 腿;支柱,湘少版三年级起点三年级上.xlsx
xiangshao_start3|g3-upper|r080|arm,xiangshao_start3,3年级上,3,上,80,arm,arm,[ɑːm],[ɑːrm],n. 手臂;武器;袖子;装备;部门 vt. 武装;备战 vi. 武装起来,湘少版三年级起点三年级上.xlsx
xiangshao_start3|g3-upper|r081|neck,xiangshao_start3,3年级上,3,上,81,neck,neck,[nek],[nek],n. 脖子;衣领;海峡 vi. 搂著脖子亲吻;变狭窄 vt. 使变细;与...搂著脖子亲吻,湘少版三年级起点三年级上.xlsx
xiangshao_start3|g3-upper|r082|body,xiangshao_start3,3年级上,3,上,82,body,body,[ˈbɒdi],[ˈbɑːdi],n. 身体;主体;大量;团体;主要部分 vt. 赋以形体,湘少版三年级起点三年级上.xlsx
xiangshao_start3|g3-upper|r083|foot,xiangshao_start3,3年级上,3,上,83,foot,foot,[fʊt],[fʊt],n. 脚;英尺;步调;末尾 vt. 支付;给......换底 vi. 步行;跳舞;总计,湘少版三年级起点三年级上.xlsx
xiangshao_start3|g3-upper|r084|feet,xiangshao_start3,3年级上,3,上,84,feet,feet,[fiːt],[fiːt],n. 脚(foot的复数形式);尺;韵脚,湘少版三年级起点三年级上.xlsx
xiangshao_start3|g3-upper|r085|like,xiangshao_start3,3年级上,3,上,85,like,like,[laɪk],[laɪk],vt. 喜欢;想;愿意 vi. 喜欢;希望 prep. 像;如同 adj. 同样的;相似的 n. 爱好;同样的人或物 adv. 可能 conj. 好像,湘少版三年级起点三年级上.xlsx
xiangshao_start3|g3-upper|r086|the,xiangshao_start3,3年级上,3,上,86,the,the,[ðə],[ðə; ði; ðiː],"art. 这;那 adv. 更加(用于比较级,最高级前)",湘少版三年级起点三年级上.xlsx
xiangshao_start3|g3-upper|r087|bird,xiangshao_start3,3年级上,3,上,87,bird,bird,[bɜːd],[bɜːrd],n. 鸟;家伙;羽毛球 vt. 向...喝倒彩;起哄 vi. 猎鸟;观察研究野鸟,湘少版三年级起点三年级上.xlsx
xiangshao_start3|g3-upper|r088|monkey,xiangshao_start3,3年级上,3,上,88,monkey,monkey,[ˈmʌŋki],[ˈmʌŋki],n. 猴子;顽童 vi. 胡闹;捣蛋 vt. 嘲弄,湘少版三年级起点三年级上.xlsx
xiangshao_start3|g3-upper|r089|all right,xiangshao_start3,3年级上,3,上,89,all right,all right,[ˌɔːl ˈraɪt],[ɔːl raɪt],adj. 可接受(的);满意(的);安全健康(的);平安无恙(的) int. 是不是;(表示同意)好;没什么;(引起注意)哎,湘少版三年级起点三年级上.xlsx
xiangshao_start3|g3-upper|r090|lion,xiangshao_start3,3年级上,3,上,90,lion,lion,[ˈlaɪən],[ˈlaɪən],n. 狮子;名人;勇猛的人;社交场合的名流,湘少版三年级起点三年级上.xlsx
xiangshao_start3|g3-upper|r091|tiger,xiangshao_start3,3年级上,3,上,91,tiger,tiger,[ˈtaɪɡə(r)],[ˈtaɪɡər],n. 老虎;凶暴的人,湘少版三年级起点三年级上.xlsx
xiangshao_start3|g3-upper|r092|panda,xiangshao_start3,3年级上,3,上,92,panda,panda,[ˈpændə],[ˈpændə],n. 熊猫;猫熊,湘少版三年级起点三年级上.xlsx
xiangshao_start3|g3-upper|r093|elephant,xiangshao_start3,3年级上,3,上,93,elephant,elephant,[ˈelɪfənt],[ˈelɪfənt],n. 象;大号图画纸,湘少版三年级起点三年级上.xlsx
xiangshao_start3|g3-upper|r094|happy,xiangshao_start3,3年级上,3,上,94,happy,happy,[ˈhæpi],[ˈhæpi],adj. 幸福的;高兴的;巧妙的,湘少版三年级起点三年级上.xlsx
xiangshao_start3|g3-upper|r095|birthday,xiangshao_start3,3年级上,3,上,95,birthday,birthday,[ˈbɜːθdeɪ],[ˈbɜːrθdeɪ],"n. 生日,诞辰;诞生的日子",湘少版三年级起点三年级上.xlsx
xiangshao_start3|g3-upper|r096|gift,xiangshao_start3,3年级上,3,上,96,gift,gift,[ɡɪft],[ɡɪft],n. 礼物;天赋;赠品 vt. 赋予;向...赠送,湘少版三年级起点三年级上.xlsx
xiangshao_start3|g3-upper|r097|for,xiangshao_start3,3年级上,3,上,97,for,for,[fə(r)],[fər; fɔːr],"prep. 为,为了;因为;给;对于;至于;适合于 conj. 因为",湘少版三年级起点三年级上.xlsx
xiangshao_start3|g3-upper|r098|love,xiangshao_start3,3年级上,3,上,98,love,love,[lʌv],[lʌv],"n. 恋爱;亲爱的;酷爱;喜爱的事物;爱情,爱意;疼爱;热爱;爱人,所爱之物 v. 爱,热爱;爱戴;赞美,称赞;喜爱;喜好;喜欢;爱慕",湘少版三年级起点三年级上.xlsx
xiangshao_start3|g3-upper|r099|toy,xiangshao_start3,3年级上,3,上,99,toy,toy,[tɔɪ],[tɔɪ],n. 玩具;小装饰品;不值钱的东西 adj. 作为玩具的;玩物似的 vi. 玩弄;调情;随随便便地对待,湘少版三年级起点三年级上.xlsx
xiangshao_start3|g3-upper|r100|card,xiangshao_start3,3年级上,3,上,100,card,card,[kɑːd],[kɑːrd],n. 卡片;纸牌;明信片 vt. 记于卡片上,湘少版三年级起点三年级上.xlsx
xiangshao_start3|g3-upper|r101|cake,xiangshao_start3,3年级上,3,上,101,cake,cake,[keɪk],[keɪk],n. 蛋糕;块状物;利益总额 vt. 使结块 vi. 结成块状,湘少版三年级起点三年级上.xlsx
xiangshao_start3|g3-upper|r102|picture,xiangshao_start3,3年级上,3,上,102,picture,picture,[ˈpɪktʃə(r)],[ˈpɪktʃər],"n. 照片,图画;影片;景色;化身 vt. 画;想像;描写",湘少版三年级起点三年级上.xlsx
xiangshao_start3|g3-upper|r103|notebook,xiangshao_start3,3年级上,3,上,103,notebook,notebook,[ˈnəʊtbʊk],[ˈnoʊtbʊk],"n. 笔记本,笔记簿;手册",湘少版三年级起点三年级上.xlsx
xiangshao_start3|g3-lower|r002|glad,xiangshao_start3,3年级下,3,下,2,glad,glad,[ɡlæd],[ɡlæd],adj. 高兴的;乐意的;令人高兴的;灿烂美丽的 vt. 使高兴,湘少版三年级起点三年级下.xlsx
xiangshao_start3|g3-lower|r003|see,xiangshao_start3,3年级下,3,下,3,see,see,[siː],[siː],vi. 看;看见;领会 vt. 看见;理解;领会,湘少版三年级起点三年级下.xlsx
xiangshao_start3|g3-lower|r004|again,xiangshao_start3,3年级下,3,下,4,again,again,[əˈɡen],[əˈɡen; əˈɡeɪn],"adv. 又,此外;再一次;再说;增加 n. (英、保)阿盖恩",湘少版三年级起点三年级下.xlsx
xiangshao_start3|g3-lower|r005|fine,xiangshao_start3,3年级下,3,下,5,fine,fine,[faɪn],[faɪn],"n. 罚款 adj. 好的;优良的;细小的,精美的;健康的;晴朗的 vt. 罚款;澄清 adv. 很好地;精巧地",湘少版三年级起点三年级下.xlsx
xiangshao_start3|g3-lower|r006|too,xiangshao_start3,3年级下,3,下,6,too,too,[tuː],[tuː],adv. 太;也;很;还;非常;过度,湘少版三年级起点三年级下.xlsx
xiangshao_start3|g3-lower|r007|now,xiangshao_start3,3年级下,3,下,7,now,now,[naʊ],[naʊ],adv. 现在;如今;立刻 adj. 现在的 n. 现在;目前 conj. 由于;既然,湘少版三年级起点三年级下.xlsx
xiangshao_start3|g3-lower|r008|evening,xiangshao_start3,3年级下,3,下,8,evening,evening,[ˈiːvnɪŋ],[ˈiːvnɪŋ],n. 晚上;傍晚;(联欢性的)晚会;后期 adj. 在晚上的;为晚上的;晚上用的 int. 晚上好(等于good evening),湘少版三年级起点三年级下.xlsx
xiangshao_start3|g3-lower|r009|night,xiangshao_start3,3年级下,3,下,9,night,night,[naɪt],[naɪt],"n. 夜晚,晚上;黑暗,黑夜 adj. 夜晚的,夜间的",湘少版三年级起点三年级下.xlsx
xiangshao_start3|g3-lower|r010|here you are.,xiangshao_start3,3年级下,3,下,10,Here you are.,here you are.,,,"[口语];我们(或你,你们)到了!;这就是我们(或你,你们)所要的东西。",湘少版三年级起点三年级下.xlsx
xiangshao_start3|g3-lower|r011|boy,xiangshao_start3,3年级下,3,下,11,boy,boy,[bɔɪ],[bɔɪ],n. 男孩;男人,湘少版三年级起点三年级下.xlsx
xiangshao_start3|g3-lower|r012|girl,xiangshao_start3,3年级下,3,下,12,girl,girl,[ɡɜːl],[ɡɜːrl],"n. 女孩;姑娘,未婚女子;女职员,女演员;(男人的)女朋友 n. (捷)吉尔",湘少版三年级起点三年级下.xlsx
xiangshao_start3|g3-lower|r013|baby,xiangshao_start3,3年级下,3,下,13,baby,baby,[ˈbeɪbi],[ˈbeɪbi],"n. 婴儿,婴孩;孩子气的人 adj. 婴儿的;幼小的 vt. 纵容,娇纵;把......当婴儿般对待",湘少版三年级起点三年级下.xlsx
xiangshao_start3|g3-lower|r014|man,xiangshao_start3,3年级下,3,下,14,man,man,[mæn],[mæn],n. 人;男人;人类;丈夫;雇工 vt. 操纵;给...配置人员;使增强勇气;在...就位,湘少版三年级起点三年级下.xlsx
xiangshao_start3|g3-lower|r015|woman,xiangshao_start3,3年级下,3,下,15,woman,woman,[ˈwʊmən],[ˈwʊmən],n. 妇女;女性;成年女子,湘少版三年级起点三年级下.xlsx
xiangshao_start3|g3-lower|r016|colour,xiangshao_start3,3年级下,3,下,16,colour,colour,[ˈkʌlə(r)],[ˈkʌlər],"n. 颜色;风格;气色,面色;外貌 vt. 把...涂颜色,粉饰;歪曲;使脸红 vi. 变色",湘少版三年级起点三年级下.xlsx
xiangshao_start3|g3-lower|r017|balloon,xiangshao_start3,3年级下,3,下,17,balloon,balloon,[bəˈluːn],[bəˈluːn],n. 气球 adj. 像气球般鼓起的 vt. 使像气球般鼓起;使激增 vi. 激增;膨胀如气球,湘少版三年级起点三年级下.xlsx
xiangshao_start3|g3-lower|r018|red,xiangshao_start3,3年级下,3,下,18,red,red,[red],[red],"n. 红色,红颜料;赤字 adj. 红色的;红肿的,充血的",湘少版三年级起点三年级下.xlsx
xiangshao_start3|g3-lower|r019|blue,xiangshao_start3,3年级下,3,下,19,blue,blue,[bluː],[bluː],"adj. 蓝色的;沮丧的,忧郁的;下流的 n. 蓝色;[复数](美国海、陆、空三军穿的)蓝色制服;蓝颜料;[the blue(s)][用作单数或复数]布鲁斯(歌曲)(一种伤感的美国黑人民歌 vi. 变成蓝色,呈蓝色 vt. 把...染成蓝色;使成蓝色;给...用上蓝剂;用上蓝剂于",湘少版三年级起点三年级下.xlsx
xiangshao_start3|g3-lower|r020|yellow,xiangshao_start3,3年级下,3,下,20,yellow,yellow,[ˈjeləʊ],[ˈjeloʊ],n. 黄色;黄种人;黄色颜料 adj. 黄色的;黄皮肤的 vt. 使变黄或发黄 vi. 变黄或发黄,湘少版三年级起点三年级下.xlsx
xiangshao_start3|g3-lower|r021|white,xiangshao_start3,3年级下,3,下,21,white,white,[waɪt],[waɪt],n. 白色;洁白;白种人 adj. 白色的;白种的;纯洁的,湘少版三年级起点三年级下.xlsx
xiangshao_start3|g3-lower|r022|green,xiangshao_start3,3年级下,3,下,22,green,green,[ɡriːn],[ɡriːn],n. 绿色;青春 adj. 绿色的;青春的 vt. 使...变绿色 vi. 变绿色,湘少版三年级起点三年级下.xlsx
xiangshao_start3|g3-lower|r023|black,xiangshao_start3,3年级下,3,下,23,black,black,[blæk],[blæk],n. 黑色;黑人;黑颜料 adj. 黑色的;黑人的;邪恶的 vt. 使变黑;把鞋油等涂在...上;把(眼眶)打成青肿 vi. 变黑,湘少版三年级起点三年级下.xlsx
xiangshao_start3|g3-lower|r024|look,xiangshao_start3,3年级下,3,下,24,look,look,[lʊk],[lʊk],vt. 看;期待;注意;面向;看上去像 vi. 看;看起来;注意;面向 n. 看;样子;面容,湘少版三年级起点三年级下.xlsx
xiangshao_start3|g3-lower|r025|at,xiangshao_start3,3年级下,3,下,25,at,at,[ət],[ət; æt],prep. 在(表示存在或出现的地点、场所、位置、空间);以(某种价格、速度等);向;达;因为;朝;忙于 n. 阿特(老挝货币基本单位att);[化]砹(极不稳定放射性元素) abbr. 密封的(airtight);气温(air temperature),湘少版三年级起点三年级下.xlsx
xiangshao_start3|g3-lower|r026|t-shirt,xiangshao_start3,3年级下,3,下,26,T-shirt,t-shirt,[ˈtiː ʃɜːt],[ˈtiː ʃɜːrt],n. 短袖圆领汗衫,湘少版三年级起点三年级下.xlsx
xiangshao_start3|g3-lower|r027|they,xiangshao_start3,3年级下,3,下,27,they,they,[ðeɪ],[ðeɪ],pron. 他们;它们;她们,湘少版三年级起点三年级下.xlsx
xiangshao_start3|g3-lower|r028|but,xiangshao_start3,3年级下,3,下,28,but,but,[bət],[bət; bʌt],"conj. 但是;而是;然而 adv. 仅仅,只 prep. 除...以外",湘少版三年级起点三年级下.xlsx
xiangshao_start3|g3-lower|r029|too,xiangshao_start3,3年级下,3,下,29,too,too,[tuː],[tuː],adv. 太;也;很;还;非常;过度,湘少版三年级起点三年级下.xlsx
xiangshao_start3|g3-lower|r030|big,xiangshao_start3,3年级下,3,下,30,big,big,[bɪɡ],[bɪɡ],adj. 大的;重要的;量大的 adv. 大量地;顺利;夸大地,湘少版三年级起点三年级下.xlsx
xiangshao_start3|g3-lower|r031|shorts,xiangshao_start3,3年级下,3,下,31,shorts,shorts,[ʃɔːts],[ʃɔːrts],n. 短裤,湘少版三年级起点三年级下.xlsx
xiangshao_start3|g3-lower|r032|nice,xiangshao_start3,3年级下,3,下,32,nice,nice,[naɪs],[naɪs],adj. 精密的;美好的;细微的;和蔼的,湘少版三年级起点三年级下.xlsx
xiangshao_start3|g3-lower|r033|trousers,xiangshao_start3,3年级下,3,下,33,trousers,trousers,[ˈtraʊzəz],[ˈtraʊzərz],"n. 裤子,长裤",湘少版三年级起点三年级下.xlsx
xiangshao_start3|g3-lower|r034|dress,xiangshao_start3,3年级下,3,下,34,dress,dress,[dres],[dres],n. 连衣裙;女装 vt. 给...穿衣 vi. 穿衣,湘少版三年级起点三年级下.xlsx
xiangshao_start3|g3-lower|r035|coat,xiangshao_start3,3年级下,3,下,35,coat,coat,[kəʊt],[koʊt],n. 外套 vt. 覆盖...的表面,湘少版三年级起点三年级下.xlsx
xiangshao_start3|g3-lower|r036|shirt,xiangshao_start3,3年级下,3,下,36,shirt,shirt,[ʃɜːt],[ʃɜːrt],"n. 衬衫;汗衫,内衣",湘少版三年级起点三年级下.xlsx
xiangshao_start3|g3-lower|r037|and,xiangshao_start3,3年级下,3,下,37,and,and,[ənd],[ənd; ən; n; ænd],"conj. 和,与;就;而且;但是;然后",湘少版三年级起点三年级下.xlsx
xiangshao_start3|g3-lower|r038|time,xiangshao_start3,3年级下,3,下,38,time,time,[taɪm],[taɪm],n. 时间;时代;次数;节拍;倍数 adj. 定时的;定期的;分期的 vt. 计时;测定...的时间;安排...的速度,湘少版三年级起点三年级下.xlsx
xiangshao_start3|g3-lower|r039|clock,xiangshao_start3,3年级下,3,下,39,clock,clock,[klɒk],[klɑːk],n. 时钟;计时器 vt. 记录;记时 vi. 打卡;记录时间,湘少版三年级起点三年级下.xlsx
xiangshao_start3|g3-lower|r040|please,xiangshao_start3,3年级下,3,下,40,please,please,[pliːz],[pliːz],"int. 请(礼貌用语) vt. 使喜欢;使高兴,使满意 vi. 讨人喜欢;令人高兴",湘少版三年级起点三年级下.xlsx
xiangshao_start3|g3-lower|r041|ok,xiangshao_start3,3年级下,3,下,41,OK,ok,[əʊˈkeɪ],[ˌoʊ'keɪ],adj. 好的;不错的 adv. 行;很好 int. 好;可以 vt. 对...表示同意 n. 同意,湘少版三年级起点三年级下.xlsx
xiangshao_start3|g3-lower|r042|o'clock,xiangshao_start3,3年级下,3,下,42,o'clock,o'clock,,,abbr. ...点钟(等于of the clock),湘少版三年级起点三年级下.xlsx
xiangshao_start3|g3-lower|r043|eleven,xiangshao_start3,3年级下,3,下,43,eleven,eleven,[ɪˈlev(ə)n],[ɪˈlevn],num. 十一;十一个 n. 十一;十一个 adj. 十一的;十一个的,湘少版三年级起点三年级下.xlsx
xiangshao_start3|g3-lower|r044|twelve,xiangshao_start3,3年级下,3,下,44,twelve,twelve,[twelv],[twelv],num. 十二;十二个 n. 十二;十二个 adj. 十二的;十二个的,湘少版三年级起点三年级下.xlsx
xiangshao_start3|g3-lower|r045|day,xiangshao_start3,3年级下,3,下,45,day,day,[deɪ],[deɪ],n. 一天;时期;白昼 adj. 日间的;逐日的 adv. 每天;经常在白天地,湘少版三年级起点三年级下.xlsx
xiangshao_start3|g3-lower|r046|how many,xiangshao_start3,3年级下,3,下,46,how many,how many,,,na. 多少,湘少版三年级起点三年级下.xlsx
xiangshao_start3|g3-lower|r047|count,xiangshao_start3,3年级下,3,下,47,count,count,[kaʊnt],[kaʊnt],n. 计数;计算;伯爵 vt. 计算;认为 vi. 计数;有价值,湘少版三年级起点三年级下.xlsx
xiangshao_start3|g3-lower|r048|thirteen,xiangshao_start3,3年级下,3,下,48,thirteen,thirteen,[ˌθɜːˈtiːn],[ˌθɜːrˈtiːn],n. 十三;十三岁;十三个 num. 十三 adj. 十三的;十三个的,湘少版三年级起点三年级下.xlsx
xiangshao_start3|g3-lower|r049|fourteen,xiangshao_start3,3年级下,3,下,49,fourteen,fourteen,[ˌfɔːˈtiːn],[ˌfɔːrˈtiːn],num. 十四;十四个;第十四 n. 十四的记号;十四岁;十四点钟;十五世纪,湘少版三年级起点三年级下.xlsx
xiangshao_start3|g3-lower|r050|fifteen,xiangshao_start3,3年级下,3,下,50,fifteen,fifteen,[ˌfɪfˈtiːn],[ˌfɪfˈtiːn],n. 十五;十五个;十五人组成的橄榄球队 num. 十五 adj. 十五的,湘少版三年级起点三年级下.xlsx
xiangshao_start3|g3-lower|r051|sixteen,xiangshao_start3,3年级下,3,下,51,sixteen,sixteen,[ˌsɪksˈtiːn],[ˌsɪksˈtiːn],"num. 十六 adj. 十六的,十六个的",湘少版三年级起点三年级下.xlsx
xiangshao_start3|g3-lower|r052|seventeen,xiangshao_start3,3年级下,3,下,52,seventeen,seventeen,[ˌsev(ə)nˈtiːn],[ˌsevnˈtiːn],"n. 十七,十七个 num. 十七 adj. 十七岁的;十七的,十七个的",湘少版三年级起点三年级下.xlsx
xiangshao_start3|g3-lower|r053|eighteen,xiangshao_start3,3年级下,3,下,53,eighteen,eighteen,[ˌeɪˈtiːn],[ˌeɪˈtiːn],"n. 十八,十八个 num. 十八 adj. 十八个的,十八的",湘少版三年级起点三年级下.xlsx
xiangshao_start3|g3-lower|r054|nineteen,xiangshao_start3,3年级下,3,下,54,nineteen,nineteen,[ˌnaɪnˈtiːn],[ˌnaɪnˈtiːn],num. 十九,湘少版三年级起点三年级下.xlsx
xiangshao_start3|g3-lower|r055|twenty,xiangshao_start3,3年级下,3,下,55,twenty,twenty,[ˈtwenti],[ˈtwenti],num. 二十 n. 二十;二十年代 adj. 二十的,湘少版三年级起点三年级下.xlsx
xiangshao_start3|g3-lower|r056|orange,xiangshao_start3,3年级下,3,下,56,orange,orange,[ˈɒrɪndʒ],[ˈɔrɪndʒ],adj. 橙色的;橘色的 n. 橙;橙色;桔子,湘少版三年级起点三年级下.xlsx
xiangshao_start3|g3-lower|r057|banana,xiangshao_start3,3年级下,3,下,57,banana,banana,[bəˈnɑːnə],[bəˈnænə],n. 香蕉;喜剧演员;大鹰钩鼻,湘少版三年级起点三年级下.xlsx
xiangshao_start3|g3-lower|r058|lemon,xiangshao_start3,3年级下,3,下,58,lemon,lemon,[ˈlemən],[ˈlemən],adj. 柠檬色的 n. 柠檬,湘少版三年级起点三年级下.xlsx
xiangshao_start3|g3-lower|r059|market,xiangshao_start3,3年级下,3,下,59,market,market,[ˈmɑːkɪt],[ˈmɑːrkɪt],n. 市场;行情;股票市场;市面;集市;销路;商店 vt. 在市场上出售 vi. 做买卖,湘少版三年级起点三年级下.xlsx
xiangshao_start3|g3-lower|r060|classroom,xiangshao_start3,3年级下,3,下,60,classroom,classroom,[ˈklɑːsruːm],[ˈklæsruːm; ˈklæsrʊm],n. 教室,湘少版三年级起点三年级下.xlsx
xiangshao_start3|g3-lower|r061|apple,xiangshao_start3,3年级下,3,下,61,apple,apple,[ˈæp(ə)l],[ˈæpl],"n. 苹果,苹果树,苹果似的东西;[美俚]炸弹,手榴弹,(棒球的)球;[美俚]人,家伙。",湘少版三年级起点三年级下.xlsx
xiangshao_start3|g3-lower|r062|pear,xiangshao_start3,3年级下,3,下,62,pear,pear,[peə(r)],[per],n. [园艺] 梨树;梨子,湘少版三年级起点三年级下.xlsx
xiangshao_start3|g3-lower|r063|sunny,xiangshao_start3,3年级下,3,下,63,sunny,sunny,[ˈsʌni],[ˈsʌni],"adj. 阳光充足的,和煦的;快活的;性情开朗的",湘少版三年级起点三年级下.xlsx
xiangshao_start3|g3-lower|r064|rainy,xiangshao_start3,3年级下,3,下,64,rainy,rainy,[ˈreɪni],[ˈreɪni],adj. 下雨的;多雨的,湘少版三年级起点三年级下.xlsx
xiangshao_start3|g3-lower|r065|ice cream,xiangshao_start3,3年级下,3,下,65,ice cream,ice cream,[ˈaɪs kriːm],[ˈaɪs kriːm],n. 【食】冰淇淋,湘少版三年级起点三年级下.xlsx
xiangshao_start3|g3-lower|r066|cold,xiangshao_start3,3年级下,3,下,66,cold,cold,[kəʊld],[kəʊld],"n. 寒冷;感冒 adj. 寒冷的;冷淡的,不热情的;失去知觉的 adv. 完全地",湘少版三年级起点三年级下.xlsx
xiangshao_start3|g3-lower|r067|warm,xiangshao_start3,3年级下,3,下,67,warm,warm,[wɔːm],[wɔːrm],n. 取暖;加热 adj. 温暖的;热情的 vt. 使...兴奋;使...温暖;使...感兴趣 vi. 同情;激动;变温暖,湘少版三年级起点三年级下.xlsx
xiangshao_start3|g3-lower|r068|cool,xiangshao_start3,3年级下,3,下,68,cool,cool,[kuːl],[kuːl],n. 凉爽;凉爽的空气 adj. 凉爽的;冷静的;出色的 vt. 使...冷却;使...平静下来 vi. 变凉;平息 adv. 冷静地,湘少版三年级起点三年级下.xlsx
xiangshao_start3|g3-lower|r069|hot,xiangshao_start3,3年级下,3,下,69,hot,hot,[hɒt],[hɑːt],adj. 热的;辣的;热情的;激动的;紧迫的 vt. 增加;给...加温 adv. 热;紧迫地 vi. 变热,湘少版三年级起点三年级下.xlsx
xiangshao_start3|g3-lower|r070|weather,xiangshao_start3,3年级下,3,下,70,weather,weather,[ˈweðə(r)],[ˈweðər],n. 天气;气象;气候;处境 vt. 经受住;使风化;侵蚀;使受风吹雨打 adj. 露天的;迎风的 vi. 风化;受侵蚀;经受风雨,湘少版三年级起点三年级下.xlsx
xiangshao_start3|g3-lower|r071|like,xiangshao_start3,3年级下,3,下,71,like,like,[laɪk],[laɪk],vt. 喜欢;想;愿意 vi. 喜欢;希望 prep. 像;如同 adj. 同样的;相似的 n. 爱好;同样的人或物 adv. 可能 conj. 好像,湘少版三年级起点三年级下.xlsx
xiangshao_start3|g3-lower|r072|windy,xiangshao_start3,3年级下,3,下,72,windy,windy,[ˈwɪndi],[ˈwɪndi],"adj. 多风的,有风的;腹胀的;吹牛的",湘少版三年级起点三年级下.xlsx
xiangshao_start3|g3-lower|r073|cloudy,xiangshao_start3,3年级下,3,下,73,cloudy,cloudy,[ˈklaʊdi],[ˈklaʊdi],adj. 多云的;阴天的;愁容满面的,湘少版三年级起点三年级下.xlsx
xiangshao_start3|g3-lower|r074|snowy,xiangshao_start3,3年级下,3,下,74,snowy,snowy,[ˈsnəʊi],[ˈsnoʊi],"adj. 下雪的,多雪的;被雪覆盖的;洁白无瑕的",湘少版三年级起点三年级下.xlsx
xiangshao_start3|g3-lower|r075|farmer,xiangshao_start3,3年级下,3,下,75,farmer,farmer,[ˈfɑːmə(r)],[ˈfɑːrmər],"n. 农夫,农民",湘少版三年级起点三年级下.xlsx
xiangshao_start3|g3-lower|r076|postman,xiangshao_start3,3年级下,3,下,76,postman,postman,[ˈpəʊstmən],[ˈpoʊstmən],n. 邮递员;邮差,湘少版三年级起点三年级下.xlsx
xiangshao_start3|g3-lower|r077|nurse,xiangshao_start3,3年级下,3,下,77,nurse,nurse,[nɜːs],[nɜːrs],"vt. 看护,护理;照顾;培养;给...喂奶 vi. 照料,护理;喂奶;当保姆 n. 护士;奶妈,保姆",湘少版三年级起点三年级下.xlsx
xiangshao_start3|g3-lower|r078|teacher,xiangshao_start3,3年级下,3,下,78,teacher,teacher,[ˈtiːtʃə(r)],[ˈtiːtʃər],n. 教师;导师,湘少版三年级起点三年级下.xlsx
xiangshao_start3|g3-lower|r079|doctor,xiangshao_start3,3年级下,3,下,79,doctor,doctor,[ˈdɒktə(r)],[ˈdɑːktər],"vt. 修理;篡改,伪造;为...治病;授以博士学位 n. 医生;博士 vi. 就医;行医",湘少版三年级起点三年级下.xlsx
xiangshao_start3|g3-lower|r080|driver,xiangshao_start3,3年级下,3,下,80,driver,driver,[ˈdraɪvə(r)],[ˈdraɪvər],n. 驾驶员;驱动程序;起子;传动器,湘少版三年级起点三年级下.xlsx
xiangshao_start3|g3-lower|r081|fireman,xiangshao_start3,3年级下,3,下,81,fireman,fireman,[ˈfaɪəmən],[ˈfaɪərmən],n. 消防队员;救火队员;锅炉工,湘少版三年级起点三年级下.xlsx
xiangshao_start3|g3-lower|r082|policeman,xiangshao_start3,3年级下,3,下,82,policeman,policeman,[pəˈliːsmən],[pəˈliːsmən],"n. 警察,警员;[分化] 淀帚(橡皮头玻璃搅棒)",湘少版三年级起点三年级下.xlsx
xiangshao_start3|g3-lower|r083|pupil,xiangshao_start3,3年级下,3,下,83,pupil,pupil,[ˈpjuːp(ə)l],[ˈpjuːpl],n. 学生;[解剖] 瞳孔;未成年人,湘少版三年级起点三年级下.xlsx
xiangshao_start3|g3-lower|r084|policewoman,xiangshao_start3,3年级下,3,下,84,policewoman,policewoman,[pəˈliːswʊmən],[pəˈliːswʊmən],n. 女警察;女警官,湘少版三年级起点三年级下.xlsx
xiangshao_start3|g3-lower|r085|go to,xiangshao_start3,3年级下,3,下,85,go to,go to,,,na. 相当于;付出,湘少版三年级起点三年级下.xlsx
xiangshao_start3|g3-lower|r086|by,xiangshao_start3,3年级下,3,下,86,by,by,[baɪ],[baɪ],prep. 通过;被;依据;经由;在附近;在......之前 adv. 通过;经过;附近;[互联网] 白俄罗斯的国家代码顶级域名,湘少版三年级起点三年级下.xlsx
xiangshao_start3|g3-lower|r087|bus,xiangshao_start3,3年级下,3,下,87,bus,bus,[bʌs],[bʌs],n. 公共汽车 乘公共汽车,湘少版三年级起点三年级下.xlsx
xiangshao_start3|g3-lower|r088|them,xiangshao_start3,3年级下,3,下,88,them,them,[ðəm; ðem],[ðəm; ðem],pron. 他们;它们;她们,湘少版三年级起点三年级下.xlsx
xiangshao_start3|g3-lower|r089|ship,xiangshao_start3,3年级下,3,下,89,ship,ship,[ʃɪp],[ʃɪp],"n. 船;舰;太空船 vt. 运送,乘船;以船运送 vi. 上船;乘船旅行;当船员",湘少版三年级起点三年级下.xlsx
xiangshao_start3|g3-lower|r090|plane,xiangshao_start3,3年级下,3,下,90,plane,plane,[pleɪn],[pleɪn],"n. 飞机;平面;程度,水平 adj. 平的;平面的 vt. 刨平;用刨子刨;掠过水面 vi. 刨;乘飞机旅行;翱翔",湘少版三年级起点三年级下.xlsx
xiangshao_start3|g3-lower|r091|school,xiangshao_start3,3年级下,3,下,91,school,school,[skuːl],[skuːl],n. 学校;学院;学派;鱼群 vt. 教育,湘少版三年级起点三年级下.xlsx
xiangshao_start3|g3-lower|r092|bike,xiangshao_start3,3年级下,3,下,92,bike,bike,[baɪk],[baɪk],n. 自行车;脚踏车 vi. 骑自行车(或摩托车),湘少版三年级起点三年级下.xlsx
xiangshao_start3|g3-lower|r093|train,xiangshao_start3,3年级下,3,下,93,train,train,[treɪn],[treɪn],n. 火车;行列;长队;裙裾 v. 培养;训练;瞄准,湘少版三年级起点三年级下.xlsx
xiangshao_start3|g3-lower|r094|car,xiangshao_start3,3年级下,3,下,94,car,car,[kɑː(r)],[kɑːr],n. 汽车;车厢,湘少版三年级起点三年级下.xlsx
xiangshao_start3|g4-upper|r002|meet,xiangshao_start3,4年级上,4,上,2,meet,meet,[miːt],[miːt],vt. 满足;遇见;对付 vi. 相遇;接触 n. 集会 adj. 合适的;适宜的,湘少版三年级起点四年级上.xlsx
xiangshao_start3|g4-upper|r003|circle,xiangshao_start3,4年级上,4,上,3,circle,circle,[ˈsɜːk(ə)l],[ˈsɜːrkl],"n. 循环,周期;圆;圈子;圆形物 vt. 画圆圈;环绕...移动 vi. 盘旋,旋转;环行",湘少版三年级起点四年级上.xlsx
xiangshao_start3|g4-upper|r004|square,xiangshao_start3,4年级上,4,上,4,square,square,[skweə(r)],[skwer],n. 平方;广场;正方形 adj. 平方的;正方形的;直角的;正直的 vt. 使成方形;与...一致 vi. 一致;成方形 adv. 成直角地,湘少版三年级起点四年级上.xlsx
xiangshao_start3|g4-upper|r005|line,xiangshao_start3,4年级上,4,上,5,line,line,[laɪn],[laɪn],"n. 路线,航线;排;绳 vt. 排成一行;划线于;以线条标示;使...起皱纹 vi. 排队;站成一排",湘少版三年级起点四年级上.xlsx
xiangshao_start3|g4-upper|r006|dot,xiangshao_start3,4年级上,4,上,6,dot,dot,[dɒt],[dɑːt],"n. 点,圆点;嫁妆 vt. 加小点于 vi. 打上点",湘少版三年级起点四年级上.xlsx
xiangshao_start3|g4-upper|r007|funny,xiangshao_start3,4年级上,4,上,7,funny,funny,[ˈfʌni],[ˈfʌni],"n. 滑稽人物;笑话,有趣的故事;滑稽连环漫画栏;(英)(比赛用)单人双桨小艇 adj. 有趣的,好笑的,滑稽的;(口)稀奇的,古怪的,奇异的;有病的,不舒服的;狡猾的,欺骗(性)的,可疑的,不光明",湘少版三年级起点四年级上.xlsx
xiangshao_start3|g4-upper|r008|strong,xiangshao_start3,4年级上,4,上,8,strong,strong,[strɒŋ],[strɔːŋ],adj. 坚强的;强壮的;牢固的;擅长的 adv. 强劲地;猛烈地,湘少版三年级起点四年级上.xlsx
xiangshao_start3|g4-upper|r009|small,xiangshao_start3,4年级上,4,上,9,small,small,[smɔːl],[smɔːl],"n. 小件物品;矮小的人 adj. 少的,小的;微弱的;几乎没有的;不重要的;幼小的 adv. 小小地;卑鄙地",湘少版三年级起点四年级上.xlsx
xiangshao_start3|g4-upper|r010|mouse,xiangshao_start3,4年级上,4,上,10,mouse,mouse,[maʊs],[maʊs],n. 鼠标;老鼠;胆小羞怯的人 vt. 探出 vi. 捕鼠;窥探,湘少版三年级起点四年级上.xlsx
xiangshao_start3|g4-upper|r011|these,xiangshao_start3,4年级上,4,上,11,these,these,[ðiːz],[ðiːz],adj. 这些的 pron. 这些,湘少版三年级起点四年级上.xlsx
xiangshao_start3|g4-upper|r012|flower,xiangshao_start3,4年级上,4,上,12,flower,flower,[ˈflaʊə(r)],[ˈflaʊər],"n. 花;精华;开花植物 vt. 使开花;用花装饰 vi. 成熟,发育;开花;繁荣;旺盛",湘少版三年级起点四年级上.xlsx
xiangshao_start3|g4-upper|r013|children,xiangshao_start3,4年级上,4,上,13,children,children,[ˈtʃɪldrən],[ˈtʃɪldrən],n. 孩子们(child的复数),湘少版三年级起点四年级上.xlsx
xiangshao_start3|g4-upper|r014|those,xiangshao_start3,4年级上,4,上,14,those,those,[ðəʊz],[ðoʊz],adj. 那些的 pron. 那些(that的复数),湘少版三年级起点四年级上.xlsx
xiangshao_start3|g4-upper|r015|egg,xiangshao_start3,4年级上,4,上,15,egg,egg,[eɡ],[eɡ],n. 蛋;卵子;家伙;鸡蛋 vt. 煽动;怂恿,湘少版三年级起点四年级上.xlsx
xiangshao_start3|g4-upper|r016|tree,xiangshao_start3,4年级上,4,上,16,tree,tree,[triː],[triː],n. 树;木料;树状物 vt. 把...赶上树 vi. 爬上树;逃上树,湘少版三年级起点四年级上.xlsx
xiangshao_start3|g4-upper|r017|grass,xiangshao_start3,4年级上,4,上,17,grass,grass,[ɡrɑːs],[ɡræs],"n. 草;草地,草坪 vt. 放牧;使......长满草;使......吃草 vi. 长草",湘少版三年级起点四年级上.xlsx
xiangshao_start3|g4-upper|r018|sheep,xiangshao_start3,4年级上,4,上,18,sheep,sheep,[ʃiːp],[ʃiːp],"n. 羊,绵羊;胆小鬼",湘少版三年级起点四年级上.xlsx
xiangshao_start3|g4-upper|r019|noodle,xiangshao_start3,4年级上,4,上,19,noodle,noodle,[ˈnuːd(ə)l],[ˈnuːd(ə)l],n. 面条;笨蛋,湘少版三年级起点四年级上.xlsx
xiangshao_start3|g4-upper|r020|noodles,xiangshao_start3,4年级上,4,上,20,noodles,noodles,[ˈnuːd(ə)lz],[ˈnuːd(ə)lz],"n. 面条,挂面(noodle的复数形式)",湘少版三年级起点四年级上.xlsx
xiangshao_start3|g4-upper|r021|hungry,xiangshao_start3,4年级上,4,上,21,hungry,hungry,[ˈhʌŋɡri],[ˈhʌŋɡri],adj. 饥饿的;渴望的;荒年的;不毛的,湘少版三年级起点四年级上.xlsx
xiangshao_start3|g4-upper|r022|dumpling,xiangshao_start3,4年级上,4,上,22,dumpling,dumpling,[ˈdʌmplɪŋ],[ˈdʌmplɪŋ],"n. 饺子,汤团;面团布丁",湘少版三年级起点四年级上.xlsx
xiangshao_start3|g4-upper|r023|milk,xiangshao_start3,4年级上,4,上,23,milk,milk,[mɪlk],[mɪlk],n. 牛奶;乳状物 vt. 榨取;挤...的奶 vi. 挤奶,湘少版三年级起点四年级上.xlsx
xiangshao_start3|g4-upper|r024|bread,xiangshao_start3,4年级上,4,上,24,bread,bread,[bred],[bred],n. 面包;生计 vt. 在...上洒面包屑,湘少版三年级起点四年级上.xlsx
xiangshao_start3|g4-upper|r025|rice,xiangshao_start3,4年级上,4,上,25,rice,rice,[raɪs],[raɪs],n. 稻;米饭 vt. 把...捣成米糊状,湘少版三年级起点四年级上.xlsx
xiangshao_start3|g4-upper|r026|biscuit,xiangshao_start3,4年级上,4,上,26,biscuit,biscuit,[ˈbɪskɪt],[ˈbɪskɪt],"n. 小点心,饼干",湘少版三年级起点四年级上.xlsx
xiangshao_start3|g4-upper|r027|turn,xiangshao_start3,4年级上,4,上,27,turn,turn,[tɜːn],[tɜːrn],"n. 转弯;变化;(损害或有益于别人的)行为,举动,举止 vi. 转向;转变;转动 vt. 转动,使旋转;转弯;翻过来;兑换",湘少版三年级起点四年级上.xlsx
xiangshao_start3|g4-upper|r028|right,xiangshao_start3,4年级上,4,上,28,right,right,[raɪt],[raɪt],n. 正确;右边;正义 adj. 正确的;直接的;右方的 vt. 纠正 adv. 正确地;恰当地;彻底地 vi. 复正;恢复平稳,湘少版三年级起点四年级上.xlsx
xiangshao_start3|g4-upper|r029|left,xiangshao_start3,4年级上,4,上,29,left,left,[left],[left],adj. 左边的;左派的;剩下的 adv. 在左面 n. 左边;左派;激进分子 v. 离开(leave的过去式),湘少版三年级起点四年级上.xlsx
xiangshao_start3|g4-upper|r030|we,xiangshao_start3,4年级上,4,上,30,we,we,[wi; wiː],[wi],"pron. 我们(主格);笔者,本人(作者或演讲人使用);朕,寡人",湘少版三年级起点四年级上.xlsx
xiangshao_start3|g4-upper|r031|policemen,xiangshao_start3,4年级上,4,上,31,policemen,policemen,[pə'li:smən],[pəˈliːsmən],n. 警察(policeman的复数形式),湘少版三年级起点四年级上.xlsx
xiangshao_start3|g4-upper|r032|policeman,xiangshao_start3,4年级上,4,上,32,policeman,policeman,[pəˈliːsmən],[pəˈliːsmən],"n. 警察,警员;[分化] 淀帚(橡皮头玻璃搅棒)",湘少版三年级起点四年级上.xlsx
xiangshao_start3|g4-upper|r033|up,xiangshao_start3,4年级上,4,上,33,up,up,[ʌp],[ʌp],prep. 在...之上;向...的较高处 n. 上升;繁荣 adj. 涨的;起,湘少版三年级起点四年级上.xlsx
xiangshao_start3|g4-upper|r034|down,xiangshao_start3,4年级上,4,上,34,down,down,[daʊn],[daʊn],"prep. 沿着,往下 n. 软毛,绒毛;[地质] 开阔的高地 adj. 向下的 vt. 打倒,击败 adv. 向下,下去;在下面 vi. 下降;下去",湘少版三年级起点四年级上.xlsx
xiangshao_start3|g4-upper|r035|whose,xiangshao_start3,4年级上,4,上,35,whose,whose,[huːz],[huːz],pron. 谁的(疑问代词),湘少版三年级起点四年级上.xlsx
xiangshao_start3|g4-upper|r036|wallet,xiangshao_start3,4年级上,4,上,36,wallet,wallet,[ˈwɒlɪt],[ˈwɑːlɪt],"n. 钱包,皮夹",湘少版三年级起点四年级上.xlsx
xiangshao_start3|g4-upper|r037|bag,xiangshao_start3,4年级上,4,上,37,bag,bag,[bæɡ],[bæɡ],"n. 袋;猎获物;(俚)一瓶啤酒 vt. 猎获;把...装入袋中;占据,私吞;使膨大 vi. 松垂",湘少版三年级起点四年级上.xlsx
xiangshao_start3|g4-upper|r038|scarf,xiangshao_start3,4年级上,4,上,38,scarf,scarf,[skɑːf],[skɑːrf],"n. 围巾;嵌接,嵌接处;头巾领巾 vt. 披嵌接;用围巾围",湘少版三年级起点四年级上.xlsx
xiangshao_start3|g4-upper|r039|key,xiangshao_start3,4年级上,4,上,39,key,key,[kiː],[kiː],n. (打字机等的)键;关键;钥匙 vt. 键入;锁上;调节...的音调;提供线索 vi. 使用钥匙 adj. 关键的,湘少版三年级起点四年级上.xlsx
xiangshao_start3|g4-upper|r040|hat,xiangshao_start3,4年级上,4,上,40,hat,hat,[hæt],[hæt],n. 帽子 vt. 给......戴上帽子 vi. 供应帽子;制造帽子,湘少版三年级起点四年级上.xlsx
xiangshao_start3|g4-upper|r041|mobile phone,xiangshao_start3,4年级上,4,上,41,mobile phone,mobile phone,,,n. 手机;移动电话,湘少版三年级起点四年级上.xlsx
xiangshao_start3|g4-upper|r042|wear,xiangshao_start3,4年级上,4,上,42,wear,wear,[weə(r)],[wer],n. 衣物;磨损;耐久性 v. 穿着;用旧;耗损;面露,湘少版三年级起点四年级上.xlsx
xiangshao_start3|g4-upper|r043|sweater,xiangshao_start3,4年级上,4,上,43,sweater,sweater,[ˈswetə(r)],[ˈswetər],"n. 毛线衣,运动衫;大量出汗的人,发汗剂",湘少版三年级起点四年级上.xlsx
xiangshao_start3|g4-upper|r044|dancer,xiangshao_start3,4年级上,4,上,44,dancer,dancer,[ˈdɑːnsə(r)],[ˈdænsər],n. 舞蹈家;舞蹈演员;舞女;跳舞者,湘少版三年级起点四年级上.xlsx
xiangshao_start3|g4-upper|r045|shoe,xiangshao_start3,4年级上,4,上,45,shoe,shoe,[ʃuː],[ʃuː],n. 鞋;蹄铁;外胎 vt. 给......穿上鞋;穿......鞋,湘少版三年级起点四年级上.xlsx
xiangshao_start3|g4-upper|r046|shoes,xiangshao_start3,4年级上,4,上,46,shoes,shoes,['ʃu:z],[ʃuːz],n. 鞋子(shoe的复数) v. 穿鞋(shoe的第三人称单数),湘少版三年级起点四年级上.xlsx
xiangshao_start3|g4-upper|r047|her,xiangshao_start3,4年级上,4,上,47,her,her,[hə(r)],[hər; ɜːr; ər; hɜːr],pron. 她(she的宾格);她的(she的所有格);她(指某个国家;一艘船),湘少版三年级起点四年级上.xlsx
xiangshao_start3|g4-upper|r048|brown,xiangshao_start3,4年级上,4,上,48,brown,brown,[braʊn],[braʊn],"n. 褐色,棕色 adj. 棕色的,褐色的;太阳晒黑的 vt. 使变成褐色 vi. 变成褐色",湘少版三年级起点四年级上.xlsx
xiangshao_start3|g4-upper|r049|grey,xiangshao_start3,4年级上,4,上,49,grey,grey,[ɡreɪ],[ɡreɪ],n. 灰色 adj. 灰色的;灰白的 vt. 使变成灰色;使变老 vi. 变成灰色;老化,湘少版三年级起点四年级上.xlsx
xiangshao_start3|g4-upper|r050|sock,xiangshao_start3,4年级上,4,上,50,sock,sock,[sɒk],[sɑːk],vt. 重击;给......穿袜 n. 短袜;一击 adv. 正着地;不偏不倚地 adj. 非常成功的,湘少版三年级起点四年级上.xlsx
xiangshao_start3|g4-upper|r051|socks,xiangshao_start3,4年级上,4,上,51,socks,socks,[sɒks],[sɑːks],n. 袜子(sock的复数),湘少版三年级起点四年级上.xlsx
xiangshao_start3|g4-upper|r052|skirt,xiangshao_start3,4年级上,4,上,52,skirt,skirt,[skɜːt],[skɜːrt],"n. 裙子 vt. 绕过,回避;位于...边缘 vi. 沿边走,绕开;环绕",湘少版三年级起点四年级上.xlsx
xiangshao_start3|g4-upper|r053|one hundred,xiangshao_start3,4年级上,4,上,53,one hundred,one hundred,,,na. 一百,湘少版三年级起点四年级上.xlsx
xiangshao_start3|g4-upper|r054|right,xiangshao_start3,4年级上,4,上,54,right,right,[raɪt],[raɪt],n. 正确;右边;正义 adj. 正确的;直接的;右方的 vt. 纠正 adv. 正确地;恰当地;彻底地 vi. 复正;恢复平稳,湘少版三年级起点四年级上.xlsx
xiangshao_start3|g4-upper|r055|wrong,xiangshao_start3,4年级上,4,上,55,wrong,wrong,[rɒŋ],[rɔːŋ],"n. 坏事;不公正 adj. 错误的;失常的;不适当的 vt. 委屈;无理地对待;诽谤 adv. 错误地;邪恶地,不正当地",湘少版三年级起点四年级上.xlsx
xiangshao_start3|g4-upper|r056|forty-six,xiangshao_start3,4年级上,4,上,56,forty-six,forty-six,,,四十六,湘少版三年级起点四年级上.xlsx
xiangshao_start3|g4-upper|r057|fifty-four,xiangshao_start3,4年级上,4,上,57,fifty-four,fifty-four,,,五十四,湘少版三年级起点四年级上.xlsx
xiangshao_start3|g4-upper|r058|homework,xiangshao_start3,4年级上,4,上,58,homework,homework,[ˈhəʊmwɜːk],[ˈhoʊmwɜːrk],"n. 家庭作业,课外作业",湘少版三年级起点四年级上.xlsx
xiangshao_start3|g4-upper|r059|twenty,xiangshao_start3,4年级上,4,上,59,twenty,twenty,[ˈtwenti],[ˈtwenti],num. 二十 n. 二十;二十年代 adj. 二十的,湘少版三年级起点四年级上.xlsx
xiangshao_start3|g4-upper|r060|thirty,xiangshao_start3,4年级上,4,上,60,thirty,thirty,[ˈθɜːti],[ˈθɜːrti],num. 三十 n. 三十年代 adj. 三十个的,湘少版三年级起点四年级上.xlsx
xiangshao_start3|g4-upper|r061|forty,xiangshao_start3,4年级上,4,上,61,forty,forty,[ˈfɔːti],[ˈfɔːrti],n. 四十 adj. 四十的;四十个的,湘少版三年级起点四年级上.xlsx
xiangshao_start3|g4-upper|r062|fifty,xiangshao_start3,4年级上,4,上,62,fifty,fifty,[ˈfɪfti],[ˈfɪfti],n. 五十;五十个;编号为50的东西 adj. 五十的;五十个的;众多的,湘少版三年级起点四年级上.xlsx
xiangshao_start3|g4-upper|r063|sixty,xiangshao_start3,4年级上,4,上,63,sixty,sixty,[ˈsɪksti],[ˈsɪksti],num. 六十;六十个,湘少版三年级起点四年级上.xlsx
xiangshao_start3|g4-upper|r064|seventy,xiangshao_start3,4年级上,4,上,64,seventy,seventy,[ˈsev(ə)nti],[ˈsev(ə)nti],n. 七十;七十个;七十岁;七十年代 num. 七十 adj. 七十的;七十个的;七十岁的,湘少版三年级起点四年级上.xlsx
xiangshao_start3|g4-upper|r065|eighty,xiangshao_start3,4年级上,4,上,65,eighty,eighty,[ˈeɪti],[ˈeɪti],"num. 八十 n. 八十;八十岁;八十年代 adj. 八十的,八十个的;八十岁的",湘少版三年级起点四年级上.xlsx
xiangshao_start3|g4-upper|r066|ninety,xiangshao_start3,4年级上,4,上,66,ninety,ninety,[ˈnaɪnti],[ˈnaɪnti],n. 九十 adj. 九十的;九十岁的 num. 九十,湘少版三年级起点四年级上.xlsx
xiangshao_start3|g4-upper|r067|welcome,xiangshao_start3,4年级上,4,上,67,welcome,welcome,[ˈwelkəm],[ˈwelkəm],n. 欢迎 vt. 欢迎 adj. 受欢迎的 int. 欢迎,湘少版三年级起点四年级上.xlsx
xiangshao_start3|g4-upper|r068|our,xiangshao_start3,4年级上,4,上,68,our,our,[ɑː(r)],[ɑːr],pron. 我们的,湘少版三年级起点四年级上.xlsx
xiangshao_start3|g4-upper|r069|home,xiangshao_start3,4年级上,4,上,69,home,home,[həʊm],[hoʊm],"n. 家,住宅;产地;家乡;避难所 adj. 国内的,家庭的;有效的 vt. 归巢,回家 adv. 在家,回家;深入地",湘少版三年级起点四年级上.xlsx
xiangshao_start3|g4-upper|r070|come,xiangshao_start3,4年级上,4,上,70,come,come,[kʌm],[kʌm],vi. 来;开始;出现;发生;变成;到达 vt. 做;假装;将满(...岁) int. 嗨!,湘少版三年级起点四年级上.xlsx
xiangshao_start3|g4-upper|r071|living room,xiangshao_start3,4年级上,4,上,71,living room,living room,['lɪvɪŋ ru:m],[ˈlɪvɪŋ ruːm],n. 客厅;起居室,湘少版三年级起点四年级上.xlsx
xiangshao_start3|g4-upper|r072|kitchen,xiangshao_start3,4年级上,4,上,72,kitchen,kitchen,[ˈkɪtʃɪn],[ˈkɪtʃɪn],n. 厨房;炊具;炊事人员,湘少版三年级起点四年级上.xlsx
xiangshao_start3|g4-upper|r073|bathroom,xiangshao_start3,4年级上,4,上,73,bathroom,bathroom,[ˈbɑːθruːm; ˈbɑːθrʊm],[ˈbæθruːm],n. 浴室;厕所;盥洗室,湘少版三年级起点四年级上.xlsx
xiangshao_start3|g4-upper|r074|bedroom,xiangshao_start3,4年级上,4,上,74,bedroom,bedroom,[ˈbedruːm],[ˈbedruːm; ˈbedrʊm],n. 卧室 adj. 两性关系的;城郊住宅区的,湘少版三年级起点四年级上.xlsx
xiangshao_start3|g4-upper|r075|where,xiangshao_start3,4年级上,4,上,75,where,where,[weə(r)],[wer],conj. 在...的地方 n. 地点 adv. 在哪里 pron. 哪里,湘少版三年级起点四年级上.xlsx
xiangshao_start3|g4-upper|r076|under,xiangshao_start3,4年级上,4,上,76,under,under,[ˈʌndə(r)],[ˈʌndər],"prep. 低于,少于;在...之下 adj. 下面的;从属的 adv. 在下面;在下方",湘少版三年级起点四年级上.xlsx
xiangshao_start3|g4-upper|r077|table,xiangshao_start3,4年级上,4,上,77,table,table,[ˈteɪb(ə)l],[ˈteɪbl],n. 桌子;表格;平地层 vt. 制表;搁置;嵌合 adj. 桌子的,湘少版三年级起点四年级上.xlsx
xiangshao_start3|g4-upper|r078|in,xiangshao_start3,4年级上,4,上,78,in,in,[ɪn],[ɪn],prep. 按照(表示方式);从事于;在...之内 n. 执政者;门路;知情者 adj. 在里面的;时髦的 adv. 进入;当选;(服装等)时髦;在屋里,湘少版三年级起点四年级上.xlsx
xiangshao_start3|g4-upper|r079|on,xiangshao_start3,4年级上,4,上,79,on,on,[ɒn],[ɑːn],"adv. 向前地;作用中,行动中;继续着 prep. 向,朝......;关于;在......之上;在......时候 adj. 开着的;发生着的,正在进行中",湘少版三年级起点四年级上.xlsx
xiangshao_start3|g4-upper|r080|window,xiangshao_start3,4年级上,4,上,80,window,window,[ˈwɪndəʊ],[ˈwɪndoʊ],n. 窗;窗口;窗户,湘少版三年级起点四年级上.xlsx
xiangshao_start3|g4-upper|r081|door,xiangshao_start3,4年级上,4,上,81,door,door,[dɔː(r)],[dɔːr],"n. 门;家,户;门口;通道",湘少版三年级起点四年级上.xlsx
xiangshao_start3|g4-upper|r082|desk,xiangshao_start3,4年级上,4,上,82,desk,desk,[desk],[desk],n. 办公桌;服务台;编辑部;(美)讲道台;乐谱架 adj. 书桌的;桌上用的;伏案做的,湘少版三年级起点四年级上.xlsx
xiangshao_start3|g4-upper|r083|chair,xiangshao_start3,4年级上,4,上,83,chair,chair,[tʃeə(r)],[tʃer],n. 椅子;讲座;(会议的)主席位;大学教授的职位 vt. 担任(会议的)主席;使...入座;使就任要职,湘少版三年级起点四年级上.xlsx
xiangshao_start3|g4-upper|r084|wall,xiangshao_start3,4年级上,4,上,84,wall,wall,[wɔːl],[wɔːl],"n. 墙壁,围墙;似墙之物 adj. 墙壁的 vt. 用墙围住,围以墙",湘少版三年级起点四年级上.xlsx
xiangshao_start3|g4-upper|r085|bed,xiangshao_start3,4年级上,4,上,85,bed,bed,[bed],[bed],"n. 床;基础;河底, 海底 vt. 使睡觉;安置,嵌入;栽种 vi. 上床;分层",湘少版三年级起点四年级上.xlsx
xiangshao_start3|g4-upper|r086|room,xiangshao_start3,4年级上,4,上,86,room,room,[ruːm],[ruːm; rʊm],"n. 房间;空间;余地;机会;房间里所有的人 vt. 为...提供住处;租房,合住;投宿,住宿;留...住宿 vi. 居住;住宿",湘少版三年级起点四年级上.xlsx
xiangshao_start3|g4-upper|r087|can,xiangshao_start3,4年级上,4,上,87,can,can,[kən; kæn],[kən; kæn],aux. 能; 能够; 可以; 可能 n. 罐头; (用金属或塑料制作的)容器; (马口铁或其他金属制作的)食品罐头 vt. 将...装入密封罐中保存,湘少版三年级起点四年级上.xlsx
xiangshao_start3|g4-upper|r088|jump,xiangshao_start3,4年级上,4,上,88,jump,jump,[dʒʌmp],[dʒʌmp],n. 跳跃;暴涨;惊跳 vt. 跳跃;使跳跃;跳过;突升 vi. 跳跃;暴涨;猛增,湘少版三年级起点四年级上.xlsx
xiangshao_start3|g4-upper|r089|high,xiangshao_start3,4年级上,4,上,89,high,high,[haɪ],[haɪ],n. 高水平;天空;由麻醉品引起的快感;高压地带 adj. 高的;高级的;崇高的;高音调的 adv. 高;奢侈地,湘少版三年级起点四年级上.xlsx
xiangshao_start3|g4-upper|r090|run,xiangshao_start3,4年级上,4,上,90,run,run,[rʌn],[rʌn],"n. 奔跑;赛跑;趋向;奔跑的路程 vt. 管理,经营;运行;参赛 vi. 经营;奔跑;运转",湘少版三年级起点四年级上.xlsx
xiangshao_start3|g4-upper|r091|fast,xiangshao_start3,4年级上,4,上,91,fast,fast,[fɑːst],[fæst],"n. 斋戒;绝食 adj. 快速的,迅速的;紧的,稳固的 adv. 迅速地;紧紧地;彻底地 vi. 禁食,斋戒",湘少版三年级起点四年级上.xlsx
xiangshao_start3|g4-upper|r092|far,xiangshao_start3,4年级上,4,上,92,far,far,[fɑː(r)],[fɑːr],n. 远方 adj. 远的;久远的 adv. 很;遥远地;久远地;到很远的距离;到很深的程度,湘少版三年级起点四年级上.xlsx
xiangshao_start3|g4-upper|r093|swim,xiangshao_start3,4年级上,4,上,93,swim,swim,[swɪm],[swɪm],n. 游泳;漂浮;眩晕 adj. 游泳时穿戴的 vi. 游泳;漂浮;浸;眩晕 vt. 游过;使浮起,湘少版三年级起点四年级上.xlsx
xiangshao_start3|g4-upper|r094|fly,xiangshao_start3,4年级上,4,上,94,fly,fly,[flaɪ],[flaɪ],n. 飞行;苍蝇;两翼昆虫 adj. 敏捷的 vi. 飞;驾驶飞机;飘扬 vt. 飞行;飞越;使飘扬,湘少版三年级起点四年级上.xlsx
xiangshao_start3|g4-lower|r002|new,xiangshao_start3,4年级下,4,下,2,new,new,[njuː],[nuː],"adj. 新的,新鲜的;更新的;初见的 adv. 新近",湘少版三年级起点四年级下.xlsx
xiangshao_start3|g4-lower|r003|cap,xiangshao_start3,4年级下,4,下,3,cap,cap,[kæp],[kæp],n. 盖;帽子 vt. 覆盖;胜过;给...戴帽;加盖于 vi. 脱帽致意,湘少版三年级起点四年级下.xlsx
xiangshao_start3|g4-lower|r004|behind,xiangshao_start3,4年级下,4,下,4,behind,behind,[bɪˈhaɪnd],[bɪˈhaɪnd],prep. 落后于;支持;晚于 n. 屁股 adv. 在后地;在原处,湘少版三年级起点四年级下.xlsx
xiangshao_start3|g4-lower|r005|beside,xiangshao_start3,4年级下,4,下,5,beside,beside,[bɪˈsaɪd],[bɪˈsaɪd],prep. 在旁边;与...相比;和...无关,湘少版三年级起点四年级下.xlsx
xiangshao_start3|g4-lower|r006|between,xiangshao_start3,4年级下,4,下,6,between,between,[bɪˈtwiːn],[bɪˈtwiːn],prep. 在...之间 adv. 在中间,湘少版三年级起点四年级下.xlsx
xiangshao_start3|g4-lower|r007|watch,xiangshao_start3,4年级下,4,下,7,watch,watch,[wɒtʃ],[wɑːtʃ],"n. 手表;监视;守护;值班人 vt. 观察;注视;看守;警戒 vi. 观看,注视;守侯,看守",湘少版三年级起点四年级下.xlsx
xiangshao_start3|g4-lower|r008|glasses,xiangshao_start3,4年级下,4,下,8,glasses,glasses,[ˈɡlɑːsɪz],[ˈɡlæsɪz],n. [轻] 眼镜;玻璃(glass的复数形式);双筒望远镜 v. 把...装入玻璃容器内;给...装上玻璃(glass的第三人称单数形式),湘少版三年级起点四年级下.xlsx
xiangshao_start3|g4-lower|r009|spring,xiangshao_start3,4年级下,4,下,9,spring,spring,[sprɪŋ],[sprɪŋ],n. 春天;弹簧;泉水;活力;跳跃 adj. 春天的 vt. 使跳起;使爆炸;突然提出;使弹开 vi. 生长;涌出;跃出;裂开,湘少版三年级起点四年级下.xlsx
xiangshao_start3|g4-lower|r010|summer,xiangshao_start3,4年级下,4,下,10,summer,summer,[ˈsʌmə(r)],[ˈsʌmər],n. 夏季;全盛时期 adj. 夏季的 vi. 避暑;过夏天,湘少版三年级起点四年级下.xlsx
xiangshao_start3|g4-lower|r011|autumn,xiangshao_start3,4年级下,4,下,11,autumn,autumn,[ˈɔːtəm],[ˈɔːtəm; ˈɑːtəm],"n. 秋天;成熟期;渐衰期,凋落期 adj. 秋天的,秋季的",湘少版三年级起点四年级下.xlsx
xiangshao_start3|g4-lower|r012|winter,xiangshao_start3,4年级下,4,下,12,winter,winter,[ˈwɪntə(r)],[ˈwɪntər],n. 冬季;年岁;萧条期 adj. 冬天的;越冬的 vi. 过冬,湘少版三年级起点四年级下.xlsx
xiangshao_start3|g4-lower|r013|river,xiangshao_start3,4年级下,4,下,13,river,river,[ˈrɪvə(r)],[ˈrɪvər],"n. 河,江",湘少版三年级起点四年级下.xlsx
xiangshao_start3|g4-lower|r014|lake,xiangshao_start3,4年级下,4,下,14,lake,lake,[leɪk],[leɪk],n. 湖;深红色颜料;胭脂红 vt. (使)血球溶解 vi. (使)血球溶解,湘少版三年级起点四年级下.xlsx
xiangshao_start3|g4-lower|r015|boat,xiangshao_start3,4年级下,4,下,15,boat,boat,[bəʊt],[boʊt],n. 小船;轮船 vi. 划船,湘少版三年级起点四年级下.xlsx
xiangshao_start3|g4-lower|r016|cloud,xiangshao_start3,4年级下,4,下,16,cloud,cloud,[klaʊd],[klaʊd],n. 云;阴云;云状物;一大群;黑斑 vt. 使混乱;以云遮敝;使忧郁;玷污 vi. 阴沉;乌云密布,湘少版三年级起点四年级下.xlsx
xiangshao_start3|g4-lower|r017|sky,xiangshao_start3,4年级下,4,下,17,sky,sky,[skaɪ],[skaɪ],n. 天空;顶点 vt. 把...投向空中;把...挂得过高 vi. 踢或击高空球;把桨叶翘得过高;飞涨,湘少版三年级起点四年级下.xlsx
xiangshao_start3|g4-lower|r018|mountain,xiangshao_start3,4年级下,4,下,18,mountain,mountain,[ˈmaʊntən],[ˈmaʊntn],n. 山;山脉,湘少版三年级起点四年级下.xlsx
xiangshao_start3|g4-lower|r019|sun,xiangshao_start3,4年级下,4,下,19,sun,sun,[sʌn],[sʌn],n. 太阳 vt. 使晒 vi. 晒太阳,湘少版三年级起点四年级下.xlsx
xiangshao_start3|g4-lower|r020|moon,xiangshao_start3,4年级下,4,下,20,moon,moon,[muːn],[muːn],n. 月亮;月球;月光;卫星 vi. 闲荡;出神 vt. 虚度,湘少版三年级起点四年级下.xlsx
xiangshao_start3|g4-lower|r021|star,xiangshao_start3,4年级下,4,下,21,star,star,[stɑː(r)],[stɑːr],"n. 星,恒星;明星;星形物 adj. 明星的,主角的;星形的 vt. 用星号标于;由...主演,由...担任主角 vi. 担任主角",湘少版三年级起点四年级下.xlsx
xiangshao_start3|g4-lower|r022|write,xiangshao_start3,4年级下,4,下,22,write,write,[raɪt],[raɪt],"vi. 写,写字;写作,作曲;写信 vt. 写,书写;写信给;著述",湘少版三年级起点四年级下.xlsx
xiangshao_start3|g4-lower|r023|busy,xiangshao_start3,4年级下,4,下,23,busy,busy,[ˈbɪzi],[ˈbɪzi],adj. 忙碌的;热闹的;正被占用的 vt. 使忙于,湘少版三年级起点四年级下.xlsx
xiangshao_start3|g4-lower|r024|read,xiangshao_start3,4年级下,4,下,24,read,read,[riːd],[riːd],"n. 阅读;读物 adj. 有学问的 vi. 读;读起来 vt. 阅读;读懂,理解",湘少版三年级起点四年级下.xlsx
xiangshao_start3|g4-lower|r025|draw,xiangshao_start3,4年级下,4,下,25,draw,draw,[drɔː],[drɔː],n. 平局;抽签 vi. 拉;拖 vt. 画;拉;吸引,湘少版三年级起点四年级下.xlsx
xiangshao_start3|g4-lower|r026|paint,xiangshao_start3,4年级下,4,下,26,paint,paint,[peɪnt],[peɪnt],"vt. 油漆;绘画;装饰;涂色于;描绘;(用语言,文字等)描写;擦脂粉等 vi. 油漆;描绘;绘画;化妆 n. 油漆;颜料,涂料;绘画作品;胭脂等化妆品;色彩,装饰",湘少版三年级起点四年级下.xlsx
xiangshao_start3|g4-lower|r027|dance,xiangshao_start3,4年级下,4,下,27,dance,dance,[dɑːns],[dæns],n. 舞蹈;舞会;舞曲 adj. 舞蹈的;用于跳舞的 vt. 跳舞;使跳跃 vi. 跳舞;跳跃;飘扬,湘少版三年级起点四年级下.xlsx
xiangshao_start3|g4-lower|r028|sing,xiangshao_start3,4年级下,4,下,28,sing,sing,[sɪŋ],[sɪŋ],n. 演唱;鸣声;呼啸声 vt. 唱;用诗赞颂;唱着使 vi. 唱歌;歌颂;鸣叫;呼号,湘少版三年级起点四年级下.xlsx
xiangshao_start3|g4-lower|r029|cook,xiangshao_start3,4年级下,4,下,29,cook,cook,[kʊk],[kʊk],"n. 厨师,厨子 vt. 烹调,煮 vi. 烹调,做菜",湘少版三年级起点四年级下.xlsx
xiangshao_start3|g4-lower|r030|sleep,xiangshao_start3,4年级下,4,下,30,sleep,sleep,[sliːp],[sliːp],"n. 睡眠 vi. 睡,睡觉",湘少版三年级起点四年级下.xlsx
xiangshao_start3|g4-lower|r031|play,xiangshao_start3,4年级下,4,下,31,play,play,[pleɪ],[pleɪ],n. 游戏;比赛;剧本 vt. 游戏;扮演;演奏;播放;同...比赛 vi. 演奏;玩耍;上演;参加比赛,湘少版三年级起点四年级下.xlsx
xiangshao_start3|g4-lower|r032|eat,xiangshao_start3,4年级下,4,下,32,eat,eat,[iːt],[iːt],"vt. 吃,喝;腐蚀;烦扰 vi. 进食;腐蚀,侵蚀",湘少版三年级起点四年级下.xlsx
xiangshao_start3|g4-lower|r033|drink,xiangshao_start3,4年级下,4,下,33,drink,drink,[drɪŋk],[drɪŋk],"n. 酒,饮料;喝酒 vt. 喝,饮;吸收;举杯庆贺 vi. 喝酒;饮水;干杯",湘少版三年级起点四年级下.xlsx
xiangshao_start3|g4-lower|r034|watch,xiangshao_start3,4年级下,4,下,34,watch,watch,[wɒtʃ],[wɑːtʃ],"n. 手表;监视;守护;值班人 vt. 观察;注视;看守;警戒 vi. 观看,注视;守侯,看守",湘少版三年级起点四年级下.xlsx
xiangshao_start3|g4-lower|r035|skip,xiangshao_start3,4年级下,4,下,35,skip,skip,[skɪp],[skɪp],n. 跳跃;跳读 vt. 跳过;遗漏 vi. 跳跃;跳绳;遗漏;跳读,湘少版三年级起点四年级下.xlsx
xiangshao_start3|g4-lower|r036|basketball,xiangshao_start3,4年级下,4,下,36,basketball,basketball,[ˈbɑːskɪtbɔːl],[ˈbæskɪtbɔːl],n. 篮球;篮球运动,湘少版三年级起点四年级下.xlsx
xiangshao_start3|g4-lower|r037|football,xiangshao_start3,4年级下,4,下,37,football,football,[ˈfʊtbɔːl],[ˈfʊtbɔːl],"n. 足球,橄榄球 vi. 踢足球;打橄榄球",湘少版三年级起点四年级下.xlsx
xiangshao_start3|g4-lower|r038|table tennis,xiangshao_start3,4年级下,4,下,38,table tennis,table tennis,['teɪb(ə)l'tenɪs],[ˈteɪbl tenɪs],n. 乒乓球运动,湘少版三年级起点四年级下.xlsx
xiangshao_start3|g4-lower|r039|today,xiangshao_start3,4年级下,4,下,39,today,today,[təˈdeɪ],[təˈdeɪ],n. 今天;现今 adv. 今天;现今,湘少版三年级起点四年级下.xlsx
xiangshao_start3|g4-lower|r040|saturday,xiangshao_start3,4年级下,4,下,40,Saturday,saturday,[ˈsætədeɪ],[ˈsætərdeɪ],n. 星期六,湘少版三年级起点四年级下.xlsx
xiangshao_start3|g4-lower|r041|tuesday,xiangshao_start3,4年级下,4,下,41,Tuesday,tuesday,[ˈtjuːzdeɪ],[ˈtuːzdeɪ],n. 星期二,湘少版三年级起点四年级下.xlsx
xiangshao_start3|g4-lower|r042|music,xiangshao_start3,4年级下,4,下,42,music,music,[ˈmjuːzɪk],[ˈmjuːzɪk],"n. 音乐,乐曲",湘少版三年级起点四年级下.xlsx
xiangshao_start3|g4-lower|r043|class,xiangshao_start3,4年级下,4,下,43,class,class,[klɑːs],[klæs],"n. 阶级;班级;种类;班;等级 adj. 极好的;很好的,优秀的,出色的 vt. 分类;把...分等级;把...归入某等级,把...看作(或分类、归类);把...编入某一班级 vi. 属于...类(或等级),被列为某类(或某级)",湘少版三年级起点四年级下.xlsx
xiangshao_start3|g4-lower|r044|wednesday,xiangshao_start3,4年级下,4,下,44,Wednesday,wednesday,[ˈwenzdeɪ],[ˈwenzdeɪ],n. 星期三,湘少版三年级起点四年级下.xlsx
xiangshao_start3|g4-lower|r045|friday,xiangshao_start3,4年级下,4,下,45,Friday,friday,[ˈfraɪdeɪ],[ˈfraɪdeɪ],n. 星期五,湘少版三年级起点四年级下.xlsx
xiangshao_start3|g4-lower|r046|tomorrow,xiangshao_start3,4年级下,4,下,46,tomorrow,tomorrow,[təˈmɒrəʊ],[təˈmɑːroʊ],n. 明天;未来 adv. 明天;未来地(等于to-morrow),湘少版三年级起点四年级下.xlsx
xiangshao_start3|g4-lower|r047|sunday,xiangshao_start3,4年级下,4,下,47,Sunday,sunday,[ˈsʌndeɪ],[ˈsʌndeɪ],n. 星期日;礼拜日,湘少版三年级起点四年级下.xlsx
xiangshao_start3|g4-lower|r048|monday,xiangshao_start3,4年级下,4,下,48,Monday,monday,[ˈmʌndeɪ],[ˈmʌndeɪ],n. 星期一,湘少版三年级起点四年级下.xlsx
xiangshao_start3|g4-lower|r049|thursday,xiangshao_start3,4年级下,4,下,49,Thursday,thursday,[ˈθɜːzdeɪ],[ˈθɜːrzdeɪ],n. 星期四,湘少版三年级起点四年级下.xlsx
xiangshao_start3|g4-lower|r050|come from,xiangshao_start3,4年级下,4,下,50,come from,come from,,,v. 来自;出身;归因于,湘少版三年级起点四年级下.xlsx
xiangshao_start3|g4-lower|r051|from,xiangshao_start3,4年级下,4,下,51,from,from,[frəm; frɒm],[frəm; frʌm; frɑːm],"prep. 来自,从;由于;今后",湘少版三年级起点四年级下.xlsx
xiangshao_start3|g4-lower|r052|china,xiangshao_start3,4年级下,4,下,52,China,china,[ˈtʃaɪnə],[ˈtʃaɪnə],"n. 中国 n. china,瓷器 adj. 中国的;中国制造的 adj. china,瓷制的",湘少版三年级起点四年级下.xlsx
xiangshao_start3|g4-lower|r053|the usa,xiangshao_start3,4年级下,4,下,53,the USA,the usa,,,美国;美利坚合众国;现在我们有美国的大哥,湘少版三年级起点四年级下.xlsx
xiangshao_start3|g4-lower|r054|australia,xiangshao_start3,4年级下,4,下,54,Australia,australia,[ɒˈstreɪliə],[ɔːˈstreɪliə],"n. 澳大利亚,澳洲",湘少版三年级起点四年级下.xlsx
xiangshao_start3|g4-lower|r055|canada,xiangshao_start3,4年级下,4,下,55,Canada,canada,[ˈkænədə],[ˈkænədə],n. 加拿大(北美洲国家),湘少版三年级起点四年级下.xlsx
xiangshao_start3|g4-lower|r056|france,xiangshao_start3,4年级下,4,下,56,France,france,[frɑːns],[fræns],n. 法国;法郎士(姓氏),湘少版三年级起点四年级下.xlsx
xiangshao_start3|g4-lower|r057|the uk,xiangshao_start3,4年级下,4,下,57,the UK,the uk,,,(等于the United Kingdom)英国,湘少版三年级起点四年级下.xlsx
xiangshao_start3|g4-lower|r058|country,xiangshao_start3,4年级下,4,下,58,country,country,[ˈkʌntri],[ˈkʌntri],"n. 国家,国土;国民;乡下,农村;乡村;故乡 adj. 祖国的,故乡的;地方的,乡村的;国家的;粗鲁的;乡村音乐的",湘少版三年级起点四年级下.xlsx
xiangshao_start3|g4-lower|r059|how much,xiangshao_start3,4年级下,4,下,59,how much,how much,[haʊ mʌtʃ],[haʊ mʌtʃ],conj. 多少,湘少版三年级起点四年级下.xlsx
xiangshao_start3|g4-lower|r060|help,xiangshao_start3,4年级下,4,下,60,help,help,[help],[help],n. 帮助;补救办法;帮忙者;有益的东西 vt. 帮助;促进;治疗;补救 vi. 帮助;有用;招待,湘少版三年级起点四年级下.xlsx
xiangshao_start3|g4-lower|r061|want,xiangshao_start3,4年级下,4,下,61,want,want,[wɒnt],[wɑːnt],n. 需要;缺乏;贫困;必需品 vt. 需要;希望;应该;缺少 vi. 需要;缺少,湘少版三年级起点四年级下.xlsx
xiangshao_start3|g4-lower|r062|yuan,xiangshao_start3,4年级下,4,下,62,yuan,yuan,[juˈɑːn],[juˈɑːn],n. 元(中国货币单位),湘少版三年级起点四年级下.xlsx
xiangshao_start3|g4-lower|r063|knife,xiangshao_start3,4年级下,4,下,63,knife,knife,[naɪf],[naɪf],n. 刀;匕首 vt. 用刀切;(口)伤害 vi. 劈开;划过,湘少版三年级起点四年级下.xlsx
xiangshao_start3|g4-lower|r064|crayon,xiangshao_start3,4年级下,4,下,64,crayon,crayon,[ˈkreɪən; ˈkreɪɒn],[ˈkreɪən; ˈkreɪɑːn],"n. 蜡笔,有色粉笔 vt. 以蜡笔作画,用颜色粉笔画",湘少版三年级起点四年级下.xlsx
xiangshao_start3|g4-lower|r065|brush,xiangshao_start3,4年级下,4,下,65,brush,brush,[brʌʃ],[brʌʃ],n. 刷子;画笔;毛笔;争吵;与某人有效冲突;灌木丛地带;矮树丛;狐狸尾巴 vi. 刷;擦过;掠过;(经过时)轻触 vt. 刷;画;,湘少版三年级起点四年级下.xlsx
xiangshao_start3|g4-lower|r066|ball,xiangshao_start3,4年级下,4,下,66,ball,ball,[bɔːl],[bɔːl],n. 球;舞会 vt. 捏成球形 vi. 成团块,湘少版三年级起点四年级下.xlsx
xiangshao_start3|g4-lower|r067|toy car,xiangshao_start3,4年级下,4,下,67,toy car,toy car,,,玩具车;玩具汽车;玩具小汽车,湘少版三年级起点四年级下.xlsx
xiangshao_start3|g4-lower|r068|feet,xiangshao_start3,4年级下,4,下,68,feet,feet,[fiːt],[fiːt],n. 脚(foot的复数形式);尺;韵脚,湘少版三年级起点四年级下.xlsx
xiangshao_start3|g4-lower|r069|with,xiangshao_start3,4年级下,4,下,69,with,with,[wɪð],[wɪð; wɪθ],prep. 用;随着;支持;和...在一起,湘少版三年级起点四年级下.xlsx
xiangshao_start3|g4-lower|r070|finger,xiangshao_start3,4年级下,4,下,70,finger,finger,[ˈfɪŋɡə(r)],[ˈfɪŋɡər],"n. 手指;指针,指状物 vt. 伸出;用手指拨弄 vi. 用指触摸;拨弄",湘少版三年级起点四年级下.xlsx
xiangshao_start3|g4-lower|r071|knee,xiangshao_start3,4年级下,4,下,71,knee,knee,[niː],[niː],"n. 膝盖,膝 vt. 用膝盖碰",湘少版三年级起点四年级下.xlsx
xiangshao_start3|g4-lower|r072|ticket,xiangshao_start3,4年级下,4,下,72,ticket,ticket,[ˈtɪkɪt],[ˈtɪkɪt],vt. 加标签于;指派;对...开出交通违规罚单,湘少版三年级起点四年级下.xlsx
xiangshao_start3|g4-lower|r073|hurry,xiangshao_start3,4年级下,4,下,73,hurry,hurry,[ˈhʌri],[ˈhɜːri],"n. 匆忙,急忙 v. 仓促(做某事);催促;(朝某方向)迅速移动;迅速处理",湘少版三年级起点四年级下.xlsx
xiangshao_start3|g4-lower|r074|late,xiangshao_start3,4年级下,4,下,74,late,late,[leɪt],[leɪt],adj. 晚的;迟的;已故的;最近的 adv. 晚;迟;最近;在晚期,湘少版三年级起点四年级下.xlsx
xiangshao_start3|g4-lower|r075|his,xiangshao_start3,4年级下,4,下,75,his,his,[hɪz],[hɪz; ɪz],pron. 他的,湘少版三年级起点四年级下.xlsx
xiangshao_start3|g4-lower|r076|shirt pocket,xiangshao_start3,4年级下,4,下,76,shirt pocket,shirt pocket,,,衬衣口袋,湘少版三年级起点四年级下.xlsx
xiangshao_start3|g4-lower|r077|any,xiangshao_start3,4年级下,4,下,77,any,any,[ˈeni],[ˈeni],adj. 任何的;所有的;丝毫 pron. 任何;任何一个;若干 adv. 稍微;少许,湘少版三年级起点四年级下.xlsx
xiangshao_start3|g4-lower|r078|money,xiangshao_start3,4年级下,4,下,78,money,money,[ˈmʌni],[ˈmʌni],n. 钱;货币;财富,湘少版三年级起点四年级下.xlsx
xiangshao_start3|g4-lower|r079|so,xiangshao_start3,4年级下,4,下,79,so,so,[səʊ],[soʊ],"conj. 所以;因此 adv. 如此,这么;确是如此 pron. 这样",湘少版三年级起点四年级下.xlsx
xiangshao_start3|g4-lower|r080|buy,xiangshao_start3,4年级下,4,下,80,buy,buy,[baɪ],[baɪ],"n. 购买,买卖;所购的物品 vi. 买,采购 vt. 购买;获得;贿赂",湘少版三年级起点四年级下.xlsx
xiangshao_start3|g4-lower|r081|some,xiangshao_start3,4年级下,4,下,81,some,some,[sʌm],[sʌm; səm],adj. 一些;某个;大约;相当多的 pron. 一些;若干;其中的一部分;(数量不确切时用)有些人 adv. 非常;相当;<美>稍微,湘少版三年级起点四年级下.xlsx
xiangshao_start3|g4-lower|r082|tea,xiangshao_start3,4年级下,4,下,82,tea,tea,[tiː],[tiː],n. 茶叶;茶树;茶点 vt. 给...沏茶 vi. 喝茶;进茶点,湘少版三年级起点四年级下.xlsx
xiangshao_start3|g4-lower|r083|coffee,xiangshao_start3,4年级下,4,下,83,coffee,coffee,[ˈkɒfi],[ˈkɔːfi],n. 咖啡;咖啡豆;咖啡色,湘少版三年级起点四年级下.xlsx
xiangshao_start3|g4-lower|r084|juice,xiangshao_start3,4年级下,4,下,84,juice,juice,[dʒuːs],[dʒuːs],"n. (水果)汁,液;果汁",湘少版三年级起点四年级下.xlsx
xiangshao_start3|g4-lower|r085|water,xiangshao_start3,4年级下,4,下,85,water,water,[ˈwɔːtə(r)],[ˈwɔːtər],"n. 水;海水;雨水;海域,大片的水 vt. 使湿;供以水;给...浇水 vi. 加水;流泪;流口水",湘少版三年级起点四年级下.xlsx
xiangshao_start3|g5-upper|r002|tall,xiangshao_start3,5年级上,5,上,2,tall,tall,[tɔːl],[tɔːl],adj. 高的;长的;过分的;夸大的 adv. 夸大地,湘少版三年级起点五年级上.xlsx
xiangshao_start3|g5-upper|r003|long,xiangshao_start3,5年级上,5,上,3,long,long,[lɒŋ],[lɔːŋ],"n. 长时间;[语] 长音节;(服装的)长尺寸;长裤 adj. 长的;过长的;做多头的;长时间的;冗长的,长音 vi. 渴望;热望 adv. 长期地;始终",湘少版三年级起点五年级上.xlsx
xiangshao_start3|g5-upper|r004|round,xiangshao_start3,5年级上,5,上,4,round,round,[raʊnd],[raʊnd],n. 圆;循环;一回合;圆形物 prep. 附近;绕过;大约;在...周围 adj. 圆的;完全的;大概的;肥胖的 vt. 完成;围捕;绕行;弄圆 adv. 在周围;迂回地;朝反方向;挨个 vi. 进展;变圆;环行;发胖,湘少版三年级起点五年级上.xlsx
xiangshao_start3|g5-upper|r005|short,xiangshao_start3,5年级上,5,上,5,short,short,[ʃɔːt],[ʃɔːrt],"n. 短;缺乏;短路;短裤 adj. 短的;不足的;矮的,低的 adv. 不足;突然;唐突地",湘少版三年级起点五年级上.xlsx
xiangshao_start3|g5-upper|r006|young,xiangshao_start3,5年级上,5,上,6,young,young,[jʌŋ],[jʌŋ],"n. 年轻人;(动物的)崽,仔 adj. 年轻的;初期的;没有经验的",湘少版三年级起点五年级上.xlsx
xiangshao_start3|g5-upper|r007|old,xiangshao_start3,5年级上,5,上,7,old,old,[əʊld],[oʊld],"adj. 陈旧的,古老的;年老的 n. 古时",湘少版三年级起点五年级上.xlsx
xiangshao_start3|g5-upper|r008|hamburger,xiangshao_start3,5年级上,5,上,8,hamburger,hamburger,[ˈhæmbɜːɡə(r)],[ˈhæmbɜːrɡər],"n. 汉堡包,火腿汉堡;牛肉饼,肉饼;碎牛肉",湘少版三年级起点五年级上.xlsx
xiangshao_start3|g5-upper|r009|coke,xiangshao_start3,5年级上,5,上,9,Coke,coke,[kəʊk],[koʊk],n. 可口可乐(等于Coca-Cola),湘少版三年级起点五年级上.xlsx
xiangshao_start3|g5-upper|r010|food,xiangshao_start3,5年级上,5,上,10,food,food,[fuːd],[fuːd],n. 食物;养料,湘少版三年级起点五年级上.xlsx
xiangshao_start3|g5-upper|r011|sandwich,xiangshao_start3,5年级上,5,上,11,sandwich,sandwich,[ˈsænwɪtʃ; ˈsænwɪdʒ],[ˈsænwɪtʃ; ˈsænwɪdʒ],n. 三明治;夹心面包 vt. 夹入;挤进;把...做成三明治,湘少版三年级起点五年级上.xlsx
xiangshao_start3|g5-upper|r012|fish,xiangshao_start3,5年级上,5,上,12,fish,fish,[fɪʃ],[fɪʃ],"n. 鱼,鱼类 vt. 钓鱼,捕鱼;搜寻 vi. 捕鱼,钓鱼;用钩捞取",湘少版三年级起点五年级上.xlsx
xiangshao_start3|g5-upper|r013|chicken,xiangshao_start3,5年级上,5,上,13,chicken,chicken,[ˈtʃɪkɪn],[ˈtʃɪkɪn],"n. 鸡肉;小鸡;胆小鬼,懦夫 adj. 鸡肉的;胆怯的;幼小的",湘少版三年级起点五年级上.xlsx
xiangshao_start3|g5-upper|r014|beef,xiangshao_start3,5年级上,5,上,14,beef,beef,[biːf],[biːf],"n. 牛肉;肌肉;食用牛;牢骚 vt. 养;加强 vi. 抱怨,告发;发牢骚",湘少版三年级起点五年级上.xlsx
xiangshao_start3|g5-upper|r015|lunch,xiangshao_start3,5年级上,5,上,15,lunch,lunch,[lʌntʃ],[lʌntʃ],n. 午餐 vt. 吃午餐;供给午餐 vi. 吃午餐;供给午餐,湘少版三年级起点五年级上.xlsx
xiangshao_start3|g5-upper|r016|soup,xiangshao_start3,5年级上,5,上,16,soup,soup,[suːp],[suːp],"n. 汤,羹;马力 vt. 加速;增加马力",湘少版三年级起点五年级上.xlsx
xiangshao_start3|g5-upper|r017|vegetable,xiangshao_start3,5年级上,5,上,17,vegetable,vegetable,[ˈvedʒtəb(ə)l],[ˈvedʒtəbl],n. 蔬菜;植物;植物人 adj. 蔬菜的;植物的,湘少版三年级起点五年级上.xlsx
xiangshao_start3|g5-upper|r018|breakfast,xiangshao_start3,5年级上,5,上,18,breakfast,breakfast,[ˈbrekfəst],[ˈbrekfəst],n. 早餐;早饭 vt. 为...供应早餐 vi. 吃早餐,湘少版三年级起点五年级上.xlsx
xiangshao_start3|g5-upper|r019|dinner,xiangshao_start3,5年级上,5,上,19,dinner,dinner,[ˈdɪnə(r)],[ˈdɪnər],"n. 晚餐,晚宴;宴会;正餐",湘少版三年级起点五年级上.xlsx
xiangshao_start3|g5-upper|r020|tomato,xiangshao_start3,5年级上,5,上,20,tomato,tomato,[təˈmɑːtəʊ],[təˈmeɪtoʊ],"n. 番茄,西红柿",湘少版三年级起点五年级上.xlsx
xiangshao_start3|g5-upper|r021|potato,xiangshao_start3,5年级上,5,上,21,potato,potato,[pəˈteɪtəʊ],[pəˈteɪtoʊ],"n. [作物] 土豆,[作物] 马铃薯",湘少版三年级起点五年级上.xlsx
xiangshao_start3|g5-upper|r022|use,xiangshao_start3,5年级上,5,上,22,use,use,[juːz],[juːz],"n. 使用;用途;发挥 vt. 利用;耗费 vi. 使用,运用",湘少版三年级起点五年级上.xlsx
xiangshao_start3|g5-upper|r023|excuse me,xiangshao_start3,5年级上,5,上,23,excuse me,excuse me,[ɪk'skjʊs mi],[ɪkˈskjuːz mi],un. 请原谅;对不起,湘少版三年级起点五年级上.xlsx
xiangshao_start3|g5-upper|r024|english,xiangshao_start3,5年级上,5,上,24,English,english,[ˈɪŋɡlɪʃ],[ˈɪŋɡlɪʃ],n. 英语;英国人;英文;英格兰人 adj. 英国人的;英国的;英文的 vt. 把...译成英语,湘少版三年级起点五年级上.xlsx
xiangshao_start3|g5-upper|r025|thing,xiangshao_start3,5年级上,5,上,25,thing,thing,[θɪŋ],[θɪŋ],n. 事情;东西;事物;情况,湘少版三年级起点五年级上.xlsx
xiangshao_start3|g5-upper|r026|borrow,xiangshao_start3,5年级上,5,上,26,borrow,borrow,[ˈbɒrəʊ],[ˈbɔːroʊ],vt. 借;借用 vi. 借;借用;从其他语言中引入,湘少版三年级起点五年级上.xlsx
xiangshao_start3|g5-upper|r027|chinese,xiangshao_start3,5年级上,5,上,27,Chinese,chinese,[ˌtʃaɪˈniːz],[ˌtʃaɪˈniːz],"n. 中文,汉语;中国人 adj. 中国的,中国人的;中国话的",湘少版三年级起点五年级上.xlsx
xiangshao_start3|g5-upper|r028|dictionary,xiangshao_start3,5年级上,5,上,28,dictionary,dictionary,[ˈdɪkʃən(ə)ri],[ˈdɪkʃəneri],n. 字典;词典,湘少版三年级起点五年级上.xlsx
xiangshao_start3|g5-upper|r029|eraser,xiangshao_start3,5年级上,5,上,29,eraser,eraser,[ɪˈreɪzə(r)],[ɪˈreɪsər],n. 橡皮;擦除器;[计] 清除器,湘少版三年级起点五年级上.xlsx
xiangshao_start3|g5-upper|r030|marker,xiangshao_start3,5年级上,5,上,30,marker,marker,[ˈmɑːkə(r)],[ˈmɑːrkər],n. 记分员;书签;标识物;作记号的人,湘少版三年级起点五年级上.xlsx
xiangshao_start3|g5-upper|r031|glue,xiangshao_start3,5年级上,5,上,31,glue,glue,[ɡluː],[ɡluː],n. 胶;各种胶合物 vt. 粘合;似胶般固着于,湘少版三年级起点五年级上.xlsx
xiangshao_start3|g5-upper|r032|pet,xiangshao_start3,5年级上,5,上,32,pet,pet,[pet],[pet],n. 宠物;生气;受宠爱的人 adj. 宠爱的 vt. 宠爱 vi. 生气;爱抚,湘少版三年级起点五年级上.xlsx
xiangshao_start3|g5-upper|r033|rabbit,xiangshao_start3,5年级上,5,上,33,rabbit,rabbit,[ˈræbɪt],[ˈræbɪt],"n. 兔子,野兔 vt. 让...见鬼去吧 vi. 猎兔",湘少版三年级起点五年级上.xlsx
xiangshao_start3|g5-upper|r034|basket,xiangshao_start3,5年级上,5,上,34,basket,basket,[ˈbɑːskɪt],[ˈbæskɪt],n. 篮子;(篮球比赛的)得分;一篮之量;篮筐 vt. 装入篮,湘少版三年级起点五年级上.xlsx
xiangshao_start3|g5-upper|r035|lovely,xiangshao_start3,5年级上,5,上,35,lovely,lovely,[ˈlʌvli],[ˈlʌvli],"adj. 可爱的;令人愉快的;爱恋的;秀丽的,优美的 n. 美女;可爱的东西",湘少版三年级起点五年级上.xlsx
xiangshao_start3|g5-upper|r036|hold,xiangshao_start3,5年级上,5,上,36,hold,hold,[həʊld],[hoʊld],"n. 控制;保留 vi. 支持;有效;持续 vt. 持有;拥有;保存;拘留;约束或控制 又作“Hold住”使用,中英混用词汇,表示轻松掌控全局。 [ 过去式 held 过去分词 held或holden 现在分词 holding ]",湘少版三年级起点五年级上.xlsx
xiangshao_start3|g5-upper|r037|sure,xiangshao_start3,5年级上,5,上,37,sure,sure,[ʃʊə(r)],[ʃʊr],adj. 确信的;可靠的;必定的 adv. 当然;的确,湘少版三年级起点五年级上.xlsx
xiangshao_start3|g5-upper|r038|which,xiangshao_start3,5年级上,5,上,38,which,which,[wɪtʃ],[wɪtʃ],adj. 哪一个;哪一些 pron. 哪/那一个;哪/那一些,湘少版三年级起点五年级上.xlsx
xiangshao_start3|g5-upper|r039|raincoat,xiangshao_start3,5年级上,5,上,39,raincoat,raincoat,[ˈreɪnkəʊt],[ˈreɪnkoʊt],n. (美)雨衣,湘少版三年级起点五年级上.xlsx
xiangshao_start3|g5-upper|r040|thick,xiangshao_start3,5年级上,5,上,40,thick,thick,[θɪk],[θɪk],"n. 最拥挤部分;活动最多部分;事物的粗大浓密部分 adj. 厚的;浓的;粗大的 adv. 密集地;浓浓地,厚厚地",湘少版三年级起点五年级上.xlsx
xiangshao_start3|g5-upper|r041|thin,xiangshao_start3,5年级上,5,上,41,thin,thin,[θɪn],[θɪn],n. 细小部分 adj. 薄的;瘦的;稀薄的;微弱的 vt. 使瘦;使淡;使稀疏 vi. 变薄;变瘦;变淡 adv. 稀疏地;微弱地,湘少版三年级起点五年级上.xlsx
xiangshao_start3|g5-upper|r042|jacket,xiangshao_start3,5年级上,5,上,42,jacket,jacket,[ˈdʒækɪt],[ˈdʒækɪt],"n. 羽绒滑雪衫;西装短外套;短上衣,夹克;土豆皮;书籍的护封;文件套,公文夹 vt. 给...穿夹克;给...装护套;给...包上护封;〈口〉打",湘少版三年级起点五年级上.xlsx
xiangshao_start3|g5-upper|r043|umbrella,xiangshao_start3,5年级上,5,上,43,umbrella,umbrella,[ʌmˈbrelə],[ʌmˈbrelə],n. 雨伞;保护伞;庇护;伞形结构,湘少版三年级起点五年级上.xlsx
xiangshao_start3|g5-upper|r044|clothes,xiangshao_start3,5年级上,5,上,44,clothes,clothes,[kləʊðz],[kloʊðz; kloʊz],n. 衣服,湘少版三年级起点五年级上.xlsx
xiangshao_start3|g5-upper|r045|old,xiangshao_start3,5年级上,5,上,45,old,old,[əʊld],[oʊld],"adj. 陈旧的,古老的;年老的 n. 古时",湘少版三年级起点五年级上.xlsx
xiangshao_start3|g5-upper|r046|get up,xiangshao_start3,5年级上,5,上,46,get up,get up,[ɡet ʌp],[ɡet ʌp],na. 起床;起身;站起来;叫...起床,湘少版三年级起点五年级上.xlsx
xiangshao_start3|g5-upper|r047|go to bed,xiangshao_start3,5年级上,5,上,47,go to bed,go to bed,,,na. 睡;同床;【印】付印,湘少版三年级起点五年级上.xlsx
xiangshao_start3|g5-upper|r048|timetable,xiangshao_start3,5年级上,5,上,48,timetable,timetable,[ˈtaɪmteɪb(ə)l],[ˈtaɪmteɪbl],n. 时间表;时刻表;课程表,湘少版三年级起点五年级上.xlsx
xiangshao_start3|g5-upper|r049|computer,xiangshao_start3,5年级上,5,上,49,computer,computer,[kəmˈpjuːtə(r)],[kəmˈpjuːtər],n. 计算机;电脑;电子计算机,湘少版三年级起点五年级上.xlsx
xiangshao_start3|g5-upper|r050|lesson,xiangshao_start3,5年级上,5,上,50,lesson,lesson,[ˈlesn],[ˈlesn],n. 教训;课 vt. 教训;上课,湘少版三年级起点五年级上.xlsx
xiangshao_start3|g5-upper|r051|pe,xiangshao_start3,5年级上,5,上,51,PE,pe,[peɪ],[peɪ],"abbr. 体育课,体能训练(physical education)",湘少版三年级起点五年级上.xlsx
xiangshao_start3|g5-upper|r052|art,xiangshao_start3,5年级上,5,上,52,art,art,[ɑːt],[ɑːrt],n. 艺术;美术;艺术品 v. 是(be的变体) adj. 艺术的;艺术品的,湘少版三年级起点五年级上.xlsx
xiangshao_start3|g5-upper|r053|maths,xiangshao_start3,5年级上,5,上,53,maths,maths,[mæθs],[mæθs],n. 数学(等于mathematics),湘少版三年级起点五年级上.xlsx
xiangshao_start3|g5-upper|r054|parent,xiangshao_start3,5年级上,5,上,54,parent,parent,[ˈpeərənt],[ˈperənt],n. 父亲(或母亲);父母亲;根源,湘少版三年级起点五年级上.xlsx
xiangshao_start3|g5-upper|r055|make,xiangshao_start3,5年级上,5,上,55,make,make,[meɪk],[meɪk],"vt. 使得;进行;布置,准备,整理;制造;认为;获得;形成;安排;引起;构成 vi. 开始;前进;增大;被制造 n. 制造;构造;性情",湘少版三年级起点五年级上.xlsx
xiangshao_start3|g5-upper|r056|iron,xiangshao_start3,5年级上,5,上,56,iron,iron,[ˈaɪən],[ˈaɪərn],n. 熨斗;烙铁;坚强 adj. 铁的;残酷的;刚强的 vt. 熨;用铁铸成 vi. 熨衣;烫平,湘少版三年级起点五年级上.xlsx
xiangshao_start3|g5-upper|r057|clean,xiangshao_start3,5年级上,5,上,57,clean,clean,[kliːn],[kliːn],"n. 打扫 adj. 清洁的,干净的;清白的 vt. 使干净 vi. 打扫,清扫 adv. 完全地",湘少版三年级起点五年级上.xlsx
xiangshao_start3|g5-upper|r058|meal,xiangshao_start3,5年级上,5,上,58,meal,meal,[miːl],[miːl],"n. 一餐,一顿饭;膳食 vi. 进餐",湘少版三年级起点五年级上.xlsx
xiangshao_start3|g5-upper|r059|water,xiangshao_start3,5年级上,5,上,59,water,water,[ˈwɔːtə(r)],[ˈwɔːtər],"n. 水;海水;雨水;海域,大片的水 vt. 使湿;供以水;给...浇水 vi. 加水;流泪;流口水",湘少版三年级起点五年级上.xlsx
xiangshao_start3|g5-upper|r060|plant,xiangshao_start3,5年级上,5,上,60,plant,plant,[plɑːnt],[plænt],"n. 工厂,车间;植物;设备;庄稼 vt. 种植;培养;栽培;安置 vi. 种植",湘少版三年级起点五年级上.xlsx
xiangshao_start3|g5-upper|r061|wash,xiangshao_start3,5年级上,5,上,61,wash,wash,[wɒʃ],[wɑːʃ],n. 洗涤;洗的衣服;化妆水;冲积物 vt. 洗涤;洗刷;冲走;拍打 vi. 洗澡;被冲蚀,湘少版三年级起点五年级上.xlsx
xiangshao_start3|g5-upper|r062|hobby,xiangshao_start3,5年级上,5,上,62,hobby,hobby,[ˈhɒbi],[ˈhɑːbi],n. 嗜好;业余爱好,湘少版三年级起点五年级上.xlsx
xiangshao_start3|g5-upper|r063|take,xiangshao_start3,5年级上,5,上,63,take,take,[teɪk],[teɪk],"vi. 拿;获得 vt. 拿,取;采取;接受(礼物等);买,花费;耗费(时间等) n. 捕获量;看法;利益,盈益;(入场券的)售得金额",湘少版三年级起点五年级上.xlsx
xiangshao_start3|g5-upper|r064|photo,xiangshao_start3,5年级上,5,上,64,photo,photo,[ˈfəʊtəʊ],[ˈfoʊtoʊ],n. 照片,湘少版三年级起点五年级上.xlsx
xiangshao_start3|g5-upper|r065|chess,xiangshao_start3,5年级上,5,上,65,chess,chess,[tʃes],[tʃes],"n. 国际象棋,西洋棋",湘少版三年级起点五年级上.xlsx
xiangshao_start3|g5-upper|r066|collect,xiangshao_start3,5年级上,5,上,66,collect,collect,[kəˈlekt],[kəˈlekt],vt. 收集;募捐 adj. 由收件人付款的 vi. 收集;聚集;募捐 adv. 由收件人付款地,湘少版三年级起点五年级上.xlsx
xiangshao_start3|g5-upper|r067|stamp,xiangshao_start3,5年级上,5,上,67,stamp,stamp,[stæmp],[stæmp],n. 邮票;印记;标志;跺脚 vt. 铭记;标出;盖章于...;贴邮票于...;用脚踩踏 vi. 跺脚;捣碎;毁掉,湘少版三年级起点五年级上.xlsx
xiangshao_start3|g5-upper|r068|storybook,xiangshao_start3,5年级上,5,上,68,storybook,storybook,[ˈstɔːribʊk],[ˈstɔːribʊk],n. 故事书;小说,湘少版三年级起点五年级上.xlsx
xiangshao_start3|g5-upper|r069|violin,xiangshao_start3,5年级上,5,上,69,violin,violin,[ˌvaɪəˈlɪn],[ˌvaɪəˈlɪn],n. 小提琴;小提琴手,湘少版三年级起点五年级上.xlsx
xiangshao_start3|g5-upper|r070|sign,xiangshao_start3,5年级上,5,上,70,sign,sign,[saɪn],[saɪn],n. 迹象;符号;记号;手势;指示牌 vt. 签署;示意 vi. 签署;签名,湘少版三年级起点五年级上.xlsx
xiangshao_start3|g5-upper|r071|mean,xiangshao_start3,5年级上,5,上,71,mean,mean,[miːn],[miːn],adj. 平均的;卑鄙的;低劣的;吝啬的 vt. 意味;想要;意欲 n. 平均值 vi. 用意,湘少版三年级起点五年级上.xlsx
xiangshao_start3|g5-upper|r072|talk,xiangshao_start3,5年级上,5,上,72,talk,talk,[tɔːk],[tɔːk],n. 谈话;演讲;空谈 vi. 谈话;说闲话 vt. 说;谈话;讨论,湘少版三年级起点五年级上.xlsx
xiangshao_start3|g5-upper|r073|fish,xiangshao_start3,5年级上,5,上,73,fish,fish,[fɪʃ],[fɪʃ],"n. 鱼,鱼类 vt. 钓鱼,捕鱼;搜寻 vi. 捕鱼,钓鱼;用钩捞取",湘少版三年级起点五年级上.xlsx
xiangshao_start3|g5-upper|r074|pick,xiangshao_start3,5年级上,5,上,74,pick,pick,[pɪk],[pɪk],n. 选择;鹤嘴锄;挖;掩护 vi. 挑选;采摘;挖 vt. 拾取;精选;采摘;掘,湘少版三年级起点五年级上.xlsx
xiangshao_start3|g5-upper|r075|smoke,xiangshao_start3,5年级上,5,上,75,smoke,smoke,[sməʊk],[smoʊk],"n. 烟;抽烟;无常的事物 vt. 吸烟;抽 vi. 冒烟,吸烟;抽烟;弥漫",湘少版三年级起点五年级上.xlsx
xiangshao_start3|g5-upper|r076|spit,xiangshao_start3,5年级上,5,上,76,spit,spit,[spɪt],[spɪt],"n. 唾液 vi. 吐痰;吐口水;发出劈啪声 vt. 吐,吐出;发出;发射",湘少版三年级起点五年级上.xlsx
xiangshao_start3|g5-upper|r077|sorry,xiangshao_start3,5年级上,5,上,77,sorry,sorry,[ˈsɒri],[ˈsɑːri],"adj. 遗憾的;对不起的,抱歉的 int. 对不起,抱歉(表示委婉的拒绝等)",湘少版三年级起点五年级上.xlsx
xiangshao_start3|g5-upper|r078|noisy,xiangshao_start3,5年级上,5,上,78,noisy,noisy,[ˈnɔɪzi],[ˈnɔɪzi],adj. .嘈杂的;喧闹的;聒噪的,湘少版三年级起点五年级上.xlsx
xiangshao_start3|g5-upper|r079|loudly,xiangshao_start3,5年级上,5,上,79,loudly,loudly,[ˈlaʊdli],[ˈlaʊdli],"adv. 大声地,响亮地",湘少版三年级起点五年级上.xlsx
xiangshao_start3|g5-upper|r080|make,xiangshao_start3,5年级上,5,上,80,make,make,[meɪk],[meɪk],"vt. 使得;进行;布置,准备,整理;制造;认为;获得;形成;安排;引起;构成 vi. 开始;前进;增大;被制造 n. 制造;构造;性情",湘少版三年级起点五年级上.xlsx
xiangshao_start3|g5-upper|r081|noise,xiangshao_start3,5年级上,5,上,81,noise,noise,[nɔɪz],[nɔɪz],n. [环境] 噪音;响声;杂音 vt. 谣传 vi. 发出声音;大声议论,湘少版三年级起点五年级上.xlsx
xiangshao_start3|g5-upper|r082|angry,xiangshao_start3,5年级上,5,上,82,angry,angry,[ˈæŋɡri],[ˈæŋɡri],adj. 生气的;愤怒的;狂暴的;(伤口等)发炎的,湘少版三年级起点五年级上.xlsx
xiangshao_start3|g5-upper|r083|unhappy,xiangshao_start3,5年级上,5,上,83,unhappy,unhappy,[ʌnˈhæpi],[ʌnˈhæpi],adj. 不快乐的;不幸福的;不适当的,湘少版三年级起点五年级上.xlsx
xiangshao_start3|g5-upper|r084|proud,xiangshao_start3,5年级上,5,上,84,proud,proud,[praʊd],[praʊd],adj. 自豪的;得意的;自负的,湘少版三年级起点五年级上.xlsx
xiangshao_start3|g5-upper|r085|excited,xiangshao_start3,5年级上,5,上,85,excited,excited,[ɪkˈsaɪtɪd],[ɪkˈsaɪtɪd],v. 激动;唤起(excite的过去分词) adj. 兴奋的;激动的;活跃的,湘少版三年级起点五年级上.xlsx
xiangshao_start3|g5-upper|r086|sad,xiangshao_start3,5年级上,5,上,86,sad,sad,[sæd],[sæd],"adj. 难过的;悲哀的,令人悲痛的;凄惨的,阴郁的(形容颜色)",湘少版三年级起点五年级上.xlsx
xiangshao_start3|g5-upper|r087|shy,xiangshao_start3,5年级上,5,上,87,shy,shy,[ʃaɪ],[ʃaɪ],"n. 投掷;惊跳 adj. 害羞的;畏缩的,胆怯的 vi. 投;畏缩;惊退;厌恶 vt. 投;乱掷",湘少版三年级起点五年级上.xlsx
xiangshao_start3|g5-upper|r088|the spring festival,xiangshao_start3,5年级上,5,上,88,the Spring Festival,the spring festival,,,un. 春节,湘少版三年级起点五年级上.xlsx
xiangshao_start3|g5-upper|r089|house,xiangshao_start3,5年级上,5,上,89,house,house,[haʊs],[haʊs],n. 住宅;家庭;机构;议会;某种用途的建筑物 vt. 覆盖;给...房子住;把...储藏在房内 vi. 住,湘少版三年级起点五年级上.xlsx
xiangshao_start3|g5-upper|r090|eve,xiangshao_start3,5年级上,5,上,90,eve,eve,[iːv],[iːv],n. 前夕;傍晚;重大事件关头,湘少版三年级起点五年级上.xlsx
xiangshao_start3|g5-upper|r091|delicious,xiangshao_start3,5年级上,5,上,91,delicious,delicious,[dɪˈlɪʃəs],[dɪˈlɪʃəs],adj. 美味的;可口的,湘少版三年级起点五年级上.xlsx
xiangshao_start3|g5-upper|r092|reunion,xiangshao_start3,5年级上,5,上,92,reunion,reunion,[ˌriːˈjuːniən],[ˌriːˈjuːniən],"n. 重聚;(班级或学校的)同学会,同窗会",湘少版三年级起点五年级上.xlsx
xiangshao_start3|g5-upper|r093|enjoy,xiangshao_start3,5年级上,5,上,93,enjoy,enjoy,[ɪnˈdʒɔɪ],[ɪnˈdʒɔɪ],"vt. 欣赏,享受;喜爱;使过得快活",湘少版三年级起点五年级上.xlsx
xiangshao_start3|g5-upper|r094|get,xiangshao_start3,5年级上,5,上,94,get,get,[ɡet],[ɡet],n. 生殖;幼兽 vi. 成为;变得;到达 vt. 使得;获得;受到;变成,湘少版三年级起点五年级上.xlsx
xiangshao_start3|g5-upper|r095|packet,xiangshao_start3,5年级上,5,上,95,packet,packet,[ˈpækɪt],[ˈpækɪt],"n. 数据包,信息包;小包,小捆 vt. 包装,打包",湘少版三年级起点五年级上.xlsx
xiangshao_start3|g5-upper|r096|firecracker,xiangshao_start3,5年级上,5,上,96,firecracker,firecracker,[ˈfaɪəkrækə(r)],[ˈfaɪərkrækər],"n. 鞭炮,爆竹",湘少版三年级起点五年级上.xlsx
xiangshao_start3|g5-upper|r097|lion dance,xiangshao_start3,5年级上,5,上,97,lion dance,lion dance,,,n. 【文】舞狮;表演者装扮成狮子的样子;每逢节日庆典都会舞狮助兴,湘少版三年级起点五年级上.xlsx
xiangshao_start3|g5-upper|r098|great,xiangshao_start3,5年级上,5,上,98,great,great,[ɡreɪt],[ɡreɪt],"n. 大师;大人物;伟人们 adj. 伟大的,重大的;极好的,好的;主要的",湘少版三年级起点五年级上.xlsx
xiangshao_start3|g5-upper|r099|fun,xiangshao_start3,5年级上,5,上,99,fun,fun,[fʌn],[fʌn],n. 乐趣;玩笑;有趣的人或事 adj. 供娱乐用的 vi. 开玩笑,湘少版三年级起点五年级上.xlsx
xiangshao_start3|g5-lower|r002|story,xiangshao_start3,5年级下,5,下,2,story,story,[ˈstɔːri],[ˈstɔːri],n. 故事;小说;新闻报道;来历;假话 vt. 用历史故事画装饰 vi. 说谎,湘少版三年级起点五年级下.xlsx
xiangshao_start3|g5-lower|r003|listen to,xiangshao_start3,5年级下,5,下,3,listen to,listen to,[ˈlɪsn tʊ],[ˈlɪsn tu],v. 听,湘少版三年级起点五年级下.xlsx
xiangshao_start3|g5-lower|r004|interesting,xiangshao_start3,5年级下,5,下,4,interesting,interesting,[ˈɪntrəstɪŋ],[ˈɪntrəstɪŋ; ˈɪntrestɪŋ],"adj. 有趣的;引起兴趣的,令人关注的",湘少版三年级起点五年级下.xlsx
xiangshao_start3|g5-lower|r005|talk about,xiangshao_start3,5年级下,5,下,5,talk about,talk about,,,na. 讲(某事),湘少版三年级起点五年级下.xlsx
xiangshao_start3|g5-lower|r006|put on,xiangshao_start3,5年级下,5,下,6,put on,put on,[pʊt ɒn],[pʊt ɑːn],na. 假话,湘少版三年级起点五年级下.xlsx
xiangshao_start3|g5-lower|r007|play,xiangshao_start3,5年级下,5,下,7,play,play,[pleɪ],[pleɪ],n. 游戏;比赛;剧本 vt. 游戏;扮演;演奏;播放;同...比赛 vi. 演奏;玩耍;上演;参加比赛,湘少版三年级起点五年级下.xlsx
xiangshao_start3|g5-lower|r008|great,xiangshao_start3,5年级下,5,下,8,great,great,[ɡreɪt],[ɡreɪt],"n. 大师;大人物;伟人们 adj. 伟大的,重大的;极好的,好的;主要的",湘少版三年级起点五年级下.xlsx
xiangshao_start3|g5-lower|r009|write about,xiangshao_start3,5年级下,5,下,9,write about,write about,,,"写...的事, 写到..., 把(某事)作为写作的主题",湘少版三年级起点五年级下.xlsx
xiangshao_start3|g5-lower|r010|research,xiangshao_start3,5年级下,5,下,10,research,research,[rɪˈsɜːtʃ; ˈriːsɜːtʃ],[ˈriːsɜːrtʃ; rɪˈsɜːrtʃ; rɪˈsərtʃ; ˈriːsərtʃ],n. 研究;调查 vt. 研究;调查 vi. 研究;调查 [ 过去式 researched 过去分词 researched 现在分词 researching ],湘少版三年级起点五年级下.xlsx
xiangshao_start3|g5-lower|r011|find,xiangshao_start3,5年级下,5,下,11,find,find,[faɪnd],[faɪnd],"n. 发现 vi. 裁决 vt. 查找,找到;发现;认为;感到;获得",湘少版三年级起点五年级下.xlsx
xiangshao_start3|g5-lower|r012|information,xiangshao_start3,5年级下,5,下,12,information,information,[ˌɪnfəˈmeɪʃn],[ˌɪnfərˈmeɪʃn],"n. 信息,资料;知识;情报;通知",湘少版三年级起点五年级下.xlsx
xiangshao_start3|g5-lower|r013|study,xiangshao_start3,5年级下,5,下,13,study,study,[ˈstʌdi],[ˈstʌdi],"n. 学习,研究;课题;书房;学问 vt. 学习;考虑;攻读;细察 vi. 研究;用功",湘少版三年级起点五年级下.xlsx
xiangshao_start3|g5-lower|r014|think,xiangshao_start3,5年级下,5,下,14,think,think,[θɪŋk],[θɪŋk],n. 想;想法 adj. 思想的 vi. 想;认为 vt. 想;认为;想起;想像;打算,湘少版三年级起点五年级下.xlsx
xiangshao_start3|g5-lower|r015|report,xiangshao_start3,5年级下,5,下,15,report,report,[rɪˈpɔːt],[rɪˈpɔːrt],n. 报告;报道;成绩单 vt. 报告;报导;使报到 vi. 报告;报到;写报导,湘少版三年级起点五年级下.xlsx
xiangshao_start3|g5-lower|r016|kite,xiangshao_start3,5年级下,5,下,16,kite,kite,[kaɪt],[kaɪt],n. 风筝 vi. 使用空头支票;像风筝一样飞;轻快地移动 vt. 骗钱;涂改(支票),湘少版三年级起点五年级下.xlsx
xiangshao_start3|g5-lower|r017|show,xiangshao_start3,5年级下,5,下,17,show,show,[ʃəʊ],[ʃoʊ],n. 显示;表演;炫耀 vt. 显示;说明;演出;展出 vi. 显示;说明;指示,湘少版三年级起点五年级下.xlsx
xiangshao_start3|g5-lower|r018|paper,xiangshao_start3,5年级下,5,下,18,paper,paper,[ˈpeɪpə(r)],[ˈpeɪpər],n. 纸;论文;文件;报纸 adj. 纸做的 vt. 用纸糊;用纸包装 vi. 贴糊墙纸;发交通违章传票,湘少版三年级起点五年级下.xlsx
xiangshao_start3|g5-lower|r019|bamboo,xiangshao_start3,5年级下,5,下,19,bamboo,bamboo,[ˌbæmˈbuː],[ˌbæmˈbuː],"n. 竹,竹子 adj. 竹制的;土著居民的 vt. 为...装上篾条",湘少版三年级起点五年级下.xlsx
xiangshao_start3|g5-lower|r020|cut,xiangshao_start3,5年级下,5,下,20,cut,cut,[kʌt],[kʌt],n. 伤口;切口;削减;(服装等的)式样;削球;切入 adj. 割下的;雕过的;缩减的 vt. [机] 切割;削减;缩短;刺痛 vi. [机] 切割;相交;切牌;停拍;不出席,湘少版三年级起点五年级下.xlsx
xiangshao_start3|g5-lower|r021|tie,xiangshao_start3,5年级下,5,下,21,tie,tie,[taɪ],[taɪ],n. 领带;平局;鞋带;领结;不分胜负 vi. 打结;不分胜负;被用带(或绳子等)系住 vt. 系;约束;打结;与...成平局,湘少版三年级起点五年级下.xlsx
xiangshao_start3|g5-lower|r022|here,xiangshao_start3,5年级下,5,下,22,here,here,[hɪə(r)],[hɪr],n. 这里 adv. 在这里;此时 int. 嘿!;喂!,湘少版三年级起点五年级下.xlsx
xiangshao_start3|g5-lower|r023|mrs,xiangshao_start3,5年级下,5,下,23,Mrs,mrs,[ˈmɪsɪz],[ˈmɪsɪz],n. 太太;夫人(用于已婚妇女姓名前的尊称),湘少版三年级起点五年级下.xlsx
xiangshao_start3|g5-lower|r024|take,xiangshao_start3,5年级下,5,下,24,take,take,[teɪk],[teɪk],"vi. 拿;获得 vt. 拿,取;采取;接受(礼物等);买,花费;耗费(时间等) n. 捕获量;看法;利益,盈益;(入场券的)售得金额",湘少版三年级起点五年级下.xlsx
xiangshao_start3|g5-lower|r025|library,xiangshao_start3,5年级下,5,下,25,library,library,[ˈlaɪbrəri; ˈlaɪbri],[ˈlaɪbreri],"n. 图书馆,藏书室;文库",湘少版三年级起点五年级下.xlsx
xiangshao_start3|g5-lower|r026|throw,xiangshao_start3,5年级下,5,下,26,throw,throw,[θrəʊ],[θroʊ],n. 投掷;冒险 vt. 投;抛;掷 vi. 抛;投掷,湘少版三年级起点五年级下.xlsx
xiangshao_start3|g5-lower|r027|waste,xiangshao_start3,5年级下,5,下,27,waste,waste,[weɪst],[weɪst],n. 浪费;废物;荒地;损耗;地面风化物 adj. 废弃的;多余的;荒芜的 vt. 浪费;消耗;使荒芜 vi. 浪费;变消瘦;挥霍钱财,湘少版三年级起点五年级下.xlsx
xiangshao_start3|g5-lower|r028|floor,xiangshao_start3,5年级下,5,下,28,floor,floor,[flɔː(r)],[flɔːr],"n. 地板,地面;楼层;基底;议员席 vt. 铺地板;打倒,击倒;(被困难)难倒",湘少版三年级起点五年级下.xlsx
xiangshao_start3|g5-lower|r029|road,xiangshao_start3,5年级下,5,下,29,road,road,[rəʊd],[roʊd],"n. 公路,马路;道路;手段 adj. (美)巡回的 vt. (狗)沿臭迹追逐(猎物)",湘少版三年级起点五年级下.xlsx
xiangshao_start3|g5-lower|r030|park,xiangshao_start3,5年级下,5,下,30,park,park,[pɑːk],[pɑːrk],n. 公园;[交] 停车场 vt. 停放;放置;寄存 vi. 停放车辆,湘少版三年级起点五年级下.xlsx
xiangshao_start3|g5-lower|r031|march,xiangshao_start3,5年级下,5,下,31,March,march,[mɑːtʃ],[mɑːrtʃ],n. 三月,湘少版三年级起点五年级下.xlsx
xiangshao_start3|g5-lower|r032|may,xiangshao_start3,5年级下,5,下,32,May,may,[meɪ],[meɪ],"aux. 可以,能够;可能,也许;祝,愿;会,能",湘少版三年级起点五年级下.xlsx
xiangshao_start3|g5-lower|r033|international children's day,xiangshao_start3,5年级下,5,下,33,International Children's Day,international children's day,,,"n. 国际儿童节(又称儿童节,它是为了",湘少版三年级起点五年级下.xlsx
xiangshao_start3|g5-lower|r034|june,xiangshao_start3,5年级下,5,下,34,June,june,[dʒuːn],[dʒuːn],"n. 六月;琼(人名,来源于拉丁语,含义是“年轻气盛的六月”)",湘少版三年级起点五年级下.xlsx
xiangshao_start3|g5-lower|r035|month,xiangshao_start3,5年级下,5,下,35,month,month,[mʌnθ],[mʌnθ],"n. 月,一个月的时间",湘少版三年级起点五年级下.xlsx
xiangshao_start3|g5-lower|r036|year,xiangshao_start3,5年级下,5,下,36,year,year,[jɪə(r)],[jɪr],n. 年;年度;历年;年纪;一年的期间;某年级的学生,湘少版三年级起点五年级下.xlsx
xiangshao_start3|g5-lower|r037|january,xiangshao_start3,5年级下,5,下,37,January,january,[ˈdʒænjuəri],[ˈdʒænjueri],n. 一月,湘少版三年级起点五年级下.xlsx
xiangshao_start3|g5-lower|r038|february,xiangshao_start3,5年级下,5,下,38,February,february,[ˈfebruəri],[ˈfebrueri],n. 二月,湘少版三年级起点五年级下.xlsx
xiangshao_start3|g5-lower|r039|april,xiangshao_start3,5年级下,5,下,39,April,april,[ˈeɪprəl],[ˈeɪprəl],n. 四月,湘少版三年级起点五年级下.xlsx
xiangshao_start3|g5-lower|r040|july,xiangshao_start3,5年级下,5,下,40,July,july,[dʒʊˈlaɪ],[dʒʊˈlaɪ],n. 七月,湘少版三年级起点五年级下.xlsx
xiangshao_start3|g5-lower|r041|august,xiangshao_start3,5年级下,5,下,41,August,august,[ˈɔːɡəst],[ˈɔːɡəst],n. 八月(简写为Aug) adj. 威严的;令人敬畏的,湘少版三年级起点五年级下.xlsx
xiangshao_start3|g5-lower|r042|september,xiangshao_start3,5年级下,5,下,42,September,september,[sepˈtembə(r)],[sepˈtembər],n. 九月,湘少版三年级起点五年级下.xlsx
xiangshao_start3|g5-lower|r043|october,xiangshao_start3,5年级下,5,下,43,October,october,[ɒkˈtəʊbə(r)],[ɑːkˈtoʊbər],n. [天] 十月,湘少版三年级起点五年级下.xlsx
xiangshao_start3|g5-lower|r044|november,xiangshao_start3,5年级下,5,下,44,November,november,[nəʊˈvembə(r)],[noʊˈvembər],n. 十一月,湘少版三年级起点五年级下.xlsx
xiangshao_start3|g5-lower|r045|december,xiangshao_start3,5年级下,5,下,45,December,december,[dɪˈsembə(r)],[dɪˈsembər],n. 十二月,湘少版三年级起点五年级下.xlsx
xiangshao_start3|g5-lower|r046|mother's day,xiangshao_start3,5年级下,5,下,46,Mother's Day,mother's day,,,na. (美国和加拿大的)母亲节,湘少版三年级起点五年级下.xlsx
xiangshao_start3|g5-lower|r047|favourite,xiangshao_start3,5年级下,5,下,47,favourite,favourite,[ˈfeɪvərɪt],[ˈfeɪvərɪt],n. 特别喜爱的人(或物) adj. 特别受喜爱的,湘少版三年级起点五年级下.xlsx
xiangshao_start3|g5-lower|r048|chocolate,xiangshao_start3,5年级下,5,下,48,chocolate,chocolate,[ˈtʃɒklət],[ˈtʃɔːklət],"n. 巧克力,巧克力糖;巧克力色 adj. 巧克力色的;巧克力口味的",湘少版三年级起点五年级下.xlsx
xiangshao_start3|g5-lower|r049|rose,xiangshao_start3,5年级下,5,下,49,rose,rose,[rəʊz],[roʊz],"n. 玫瑰;粉红色;蔷薇(花);粉红色的葡萄酒 adj. 玫瑰花的;玫瑰色的;粉红色的;带有玫瑰香味的 vt. 使成玫瑰色,使(面颊)发红;使有玫瑰香味 vi. 起义( rise的过去式);升起;(数量)增加;休会",湘少版三年级起点五年级下.xlsx
xiangshao_start3|g5-lower|r050|celebrate,xiangshao_start3,5年级下,5,下,50,celebrate,celebrate,[ˈselɪbreɪt],[ˈselɪbreɪt],vt. 庆祝;举行;赞美;祝贺;宣告 vi. 庆祝;过节;举行宗教仪式,湘少版三年级起点五年级下.xlsx
xiangshao_start3|g5-lower|r051|restaurant,xiangshao_start3,5年级下,5,下,51,restaurant,restaurant,[ˈrestrɒnt],[ˈrestrɑːnt; ˈrestərɑːnt],n. 餐馆;[经] 饭店,湘少版三年级起点五年级下.xlsx
xiangshao_start3|g5-lower|r052|there,xiangshao_start3,5年级下,5,下,52,there,there,[ðeə(r)],[ðer],n. 那个地方 adv. 在那里;在那边;在那点上 int. 你瞧,湘少版三年级起点五年级下.xlsx
xiangshao_start3|g5-lower|r053|post office,xiangshao_start3,5年级下,5,下,53,post office,post office,[ˈpəust ɔfis],[ˈpost ɔfɪs],n. 邮局;邮政部门;邮政系统;邮差敲门游戏(儿童用假托的信件换取亲吻),湘少版三年级起点五年级下.xlsx
xiangshao_start3|g5-lower|r054|near,xiangshao_start3,5年级下,5,下,54,near,near,[nɪə(r)],[nɪr],adj. 近的;亲近的;近似的 adv. 近;接近 prep. 靠近;近似于,湘少版三年级起点五年级下.xlsx
xiangshao_start3|g5-lower|r055|hometown,xiangshao_start3,5年级下,5,下,55,hometown,hometown,[ˈhəʊmtaʊn],[ˈhoʊmtaʊn],n. 家乡;故乡,湘少版三年级起点五年级下.xlsx
xiangshao_start3|g5-lower|r056|shop,xiangshao_start3,5年级下,5,下,56,shop,shop,[ʃɒp],[ʃɑːp],n. 商店;店铺 vt. 购物 vi. 购物;买东西,湘少版三年级起点五年级下.xlsx
xiangshao_start3|g5-lower|r057|over there,xiangshao_start3,5年级下,5,下,57,over there,over there,['əʊvə(r) ðeə(r)],[ˈəʊvər ðer],na. 在那边;〔美国〕在欧洲;〔大战用语〕在战地,湘少版三年级起点五年级下.xlsx
xiangshao_start3|g5-lower|r058|cinema,xiangshao_start3,5年级下,5,下,58,cinema,cinema,[ˈsɪnəmə],[ˈsɪnəmə],"n. 电影;电影院;电影业,电影制作术",湘少版三年级起点五年级下.xlsx
xiangshao_start3|g5-lower|r059|around,xiangshao_start3,5年级下,5,下,59,around,around,[əˈraʊnd],[əˈraʊnd],prep. 四处;在...周围 adv. 大约;到处;在附近,湘少版三年级起点五年级下.xlsx
xiangshao_start3|g5-lower|r060|street,xiangshao_start3,5年级下,5,下,60,street,street,[striːt],[striːt],n. 街道 adj. 街道的,湘少版三年级起点五年级下.xlsx
xiangshao_start3|g5-lower|r061|shopping centre,xiangshao_start3,5年级下,5,下,61,shopping centre,shopping centre,,,"n. 购物中心(集中一批商店,有时在同一建筑物内)",湘少版三年级起点五年级下.xlsx
xiangshao_start3|g5-lower|r062|hotel,xiangshao_start3,5年级下,5,下,62,hotel,hotel,[həʊˈtel],[hoʊˈtel],"n. 旅馆,饭店;客栈 vt. 使...在饭店下榻 vi. 进行旅馆式办公",湘少版三年级起点五年级下.xlsx
xiangshao_start3|g5-lower|r063|bank,xiangshao_start3,5年级下,5,下,63,bank,bank,[bæŋk],[bæŋk],n. 银行;岸;浅滩;储库 vt. 将...存入银行;倾斜转弯 vi. 堆积;倾斜转弯,湘少版三年级起点五年级下.xlsx
xiangshao_start3|g5-lower|r064|way,xiangshao_start3,5年级下,5,下,64,way,way,[weɪ],[weɪ],n. 方法;道路;方向;行业;习惯 adj. 途中的 adv. 大大地;远远地,湘少版三年级起点五年级下.xlsx
xiangshao_start3|g5-lower|r065|straight,xiangshao_start3,5年级下,5,下,65,straight,straight,[streɪt],[streɪt],"n. 直;直线;直男,直女,异性恋者 adj. 直的;连续的;笔直的;正直的;整齐的;异性恋的 adv. 直接地;不断地;立即;坦率地",湘少版三年级起点五年级下.xlsx
xiangshao_start3|g5-lower|r066|along,xiangshao_start3,5年级下,5,下,66,along,along,[əˈlɒŋ],[əˈlɔːŋ],prep. 沿着;顺着 adv. 一起;向前;来到,湘少版三年级起点五年级下.xlsx
xiangshao_start3|g5-lower|r067|crossing,xiangshao_start3,5年级下,5,下,67,crossing,crossing,[ˈkrɒsɪŋ],[ˈkrɔːsɪŋ],n. 十字路口;杂交;横渡;横道 v. 横越(cross的现在分词),湘少版三年级起点五年级下.xlsx
xiangshao_start3|g5-lower|r068|take,xiangshao_start3,5年级下,5,下,68,take,take,[teɪk],[teɪk],"vi. 拿;获得 vt. 拿,取;采取;接受(礼物等);买,花费;耗费(时间等) n. 捕获量;看法;利益,盈益;(入场券的)售得金额",湘少版三年级起点五年级下.xlsx
xiangshao_start3|g5-lower|r069|get off,xiangshao_start3,5年级下,5,下,69,get off,get off,,,na. 下车;脱下(衣服等);脱(衣);下(马),湘少版三年级起点五年级下.xlsx
xiangshao_start3|g5-lower|r070|stop,xiangshao_start3,5年级下,5,下,70,stop,stop,[stɒp],[stɑːp],n. 停止;车站;障碍;逗留 vi. 停止;中止;逗留;被塞住 vt. 停止;堵塞;断绝,湘少版三年级起点五年级下.xlsx
xiangshao_start3|g5-lower|r071|get on,xiangshao_start3,5年级下,5,下,71,get on,get on,,,na. 上马;安上;过日子;相投 (with together),湘少版三年级起点五年级下.xlsx
xiangshao_start3|g5-lower|r072|hospital,xiangshao_start3,5年级下,5,下,72,hospital,hospital,[ˈhɒspɪt(ə)l],[ˈhɑːspɪtl],n. 医院,湘少版三年级起点五年级下.xlsx
xiangshao_start3|g5-lower|r073|airport,xiangshao_start3,5年级下,5,下,73,airport,airport,[ˈeəpɔːt],[ˈerpɔːrt],n. 机场;航空站,湘少版三年级起点五年级下.xlsx
xiangshao_start3|g5-lower|r074|railway station,xiangshao_start3,5年级下,5,下,74,railway station,railway station,,,n. 火车站,湘少版三年级起点五年级下.xlsx
xiangshao_start3|g5-lower|r075|kind,xiangshao_start3,5年级下,5,下,75,kind,kind,[kaɪnd],[kaɪnd],n. 种类;性质 adj. 和蔼的;宽容的;令人感激的,湘少版三年级起点五年级下.xlsx
xiangshao_start3|g5-lower|r076|village,xiangshao_start3,5年级下,5,下,76,village,village,[ˈvɪlɪdʒ],[ˈvɪlɪdʒ],n. 村庄;村民;(动物的)群落,湘少版三年级起点五年级下.xlsx
xiangshao_start3|g5-lower|r077|teach,xiangshao_start3,5年级下,5,下,77,teach,teach,[tiːtʃ],[tiːtʃ],vt. 教;教授;教导 vi. 教授;讲授;当老师,湘少版三年级起点五年级下.xlsx
xiangshao_start3|g5-lower|r078|interested,xiangshao_start3,5年级下,5,下,78,interested,interested,[ˈɪntrəstɪd],[ˈɪntrəstɪd; ˈɪntrestɪd],v. 使...感兴趣(interest的过去分词) adj. 感兴趣的;有权益的;有成见的,湘少版三年级起点五年级下.xlsx
xiangshao_start3|g5-lower|r079|active,xiangshao_start3,5年级下,5,下,79,active,active,[ˈæktɪv],[ˈæktɪv],n. 主动语态;积极分子 adj. 积极的;活跃的;主动的;有效的;现役的,湘少版三年级起点五年级下.xlsx
xiangshao_start3|g5-lower|r080|friendly,xiangshao_start3,5年级下,5,下,80,friendly,friendly,[ˈfrendli],[ˈfrendli],"adj. 友好的;亲切的;支持的;融洽的,和睦的 adv. 友善地;温和地",湘少版三年级起点五年级下.xlsx
xiangshao_start3|g5-lower|r081|smart,xiangshao_start3,5年级下,5,下,81,smart,smart,[smɑːt],[smɑːrt],adj. 聪明的;巧妙的;敏捷的;厉害的;潇洒的;剧烈的;时髦的,湘少版三年级起点五年级下.xlsx
xiangshao_start3|g5-lower|r082|serious,xiangshao_start3,5年级下,5,下,82,serious,serious,[ˈsɪəriəs],[ˈsɪriəs],"adj. 严肃的,严重的;认真的;庄重的;危急的",湘少版三年级起点五年级下.xlsx
xiangshao_start3|g5-lower|r083|were,xiangshao_start3,5年级下,5,下,83,were,were,[wə(r); wɜː(r)],[wər; wɜːr],"v. 是,在(are的过去式)",湘少版三年级起点五年级下.xlsx
xiangshao_start3|g5-lower|r084|yesterday,xiangshao_start3,5年级下,5,下,84,yesterday,yesterday,[ˈjestədeɪ],[ˈjestərdeɪ; ˈjestərdi],n. 昨天;往昔 adv. 昨天,湘少版三年级起点五年级下.xlsx
xiangshao_start3|g5-lower|r085|was,xiangshao_start3,5年级下,5,下,85,was,was,[wəz; wɒz],[wəz; wʌz],be的第一和第三人称单数过去式,湘少版三年级起点五年级下.xlsx
xiangshao_start3|g5-lower|r086|sick,xiangshao_start3,5年级下,5,下,86,sick,sick,[sɪk],[sɪk],adj. 厌恶的;病态的;不舒服;渴望的;恶心的 ;生病的 n. 病人 vt. 使狗去咬;呕吐;追击,湘少版三年级起点五年级下.xlsx
xiangshao_start3|g5-lower|r087|better,xiangshao_start3,5年级下,5,下,87,better,better,[ˈbetə(r)],[ˈbetər],n. 长辈;较好者;打赌的人(等于bettor) adj. 较好的 vt. 改善;胜过 adv. 更好的;更多的;较大程度地 vi. 变得较好,湘少版三年级起点五年级下.xlsx
xiangshao_start3|g5-lower|r088|last,xiangshao_start3,5年级下,5,下,88,last,last,[lɑːst],[læst],"n. 末尾,最后;上个;鞋楦(做鞋的模型) adj. 最后的;最近的,最新的;仅剩的;最不可能...的 vi. 持续;维持,够用;持久 vt. 度过,拖过;使维持 adv. 最后地;上次,最近;最后一点",湘少版三年级起点五年级下.xlsx
xiangshao_start3|g5-lower|r089|work,xiangshao_start3,5年级下,5,下,89,work,work,[wɜːk],[wɜːrk],n. 工作;[物] 功;产品;操作;职业;行为;事业;工厂;著作;文学、音乐或艺术作品 vt. 使工作;操作;经营;使缓慢前进 vi. 工作;运作;起作用,湘少版三年级起点五年级下.xlsx
xiangshao_start3|g5-lower|r090|first,xiangshao_start3,5年级下,5,下,90,first,first,[fɜːst],[fɜːrst],num. 第一 n. 第一;开始;冠军 adj. 第一的;基本的;最早的 adv. 第一;首先;优先;宁愿,湘少版三年级起点五年级下.xlsx
xiangshao_start3|g5-lower|r091|sport,xiangshao_start3,5年级下,5,下,91,sport,sport,[spɔːt],[spɔːrt],n. 运动;游戏;娱乐;运动会;玩笑 adj. 运动的 vt. 游戏;参加体育运动;夸耀 vi. 游戏,湘少版三年级起点五年级下.xlsx
xiangshao_start3|g5-lower|r092|metre,xiangshao_start3,5年级下,5,下,92,metre,metre,[ˈmiːtə(r)],[ˈmiːtər],n. 米;公尺;韵律,湘少版三年级起点五年级下.xlsx
xiangshao_start3|g5-lower|r093|race,xiangshao_start3,5年级下,5,下,93,race,race,[reɪs],[reɪs],"n. 属,种;种族,人种;家庭,门第 vt. 使参加比赛;和...竞赛;使急走,使全速行进 vi. 比速度,参加竞赛;全速行进",湘少版三年级起点五年级下.xlsx
xiangshao_start3|g5-lower|r094|second,xiangshao_start3,5年级下,5,下,94,second,second,[ˈsekənd],[ˈsekənd; sɪˈkɑːnd],num. 第二 n. 秒;第二名;瞬间;二等品 adj. 第二的;次要的;附加的 vt. 支持 adv. 第二;其次;居第二位,湘少版三年级起点五年级下.xlsx
xiangshao_start3|g5-lower|r095|third,xiangshao_start3,5年级下,5,下,95,third,third,[θɜːd],[θɜːrd],num. 第三;三分之一 adj. 第三的;三分之一的,湘少版三年级起点五年级下.xlsx
xiangshao_start3|g5-lower|r096|fourth,xiangshao_start3,5年级下,5,下,96,fourth,fourth,[fɔːθ],[fɔːrθ],"num. 第四 n. 第四,月的第四日;四分之一 adj. 第四的,第四个的;四分之一的",湘少版三年级起点五年级下.xlsx
xiangshao_start3|g5-lower|r097|fifth,xiangshao_start3,5年级下,5,下,97,fifth,fifth,[fɪfθ],[fɪfθ],num. 第五 n. 第五;五分之一 adj. 第五的;五分之一的,湘少版三年级起点五年级下.xlsx
xiangshao_start3|g5-lower|r098|sixth,xiangshao_start3,5年级下,5,下,98,sixth,sixth,[sɪksθ],[sɪksθ],"n. 月的第六日,(与the连用的)第六个;六分之一 adj. (与 the 连用)第六的,第六个的;六分之一的",湘少版三年级起点五年级下.xlsx
xiangshao_start3|g5-lower|r099|seventh,xiangshao_start3,5年级下,5,下,99,seventh,seventh,[ˈsev(ə)nθ],[ˈsevnθ],n. 第七;七分之一 adj. 第七的;七分之一的 adv. 居第七位地,湘少版三年级起点五年级下.xlsx
xiangshao_start3|g5-lower|r100|eighth,xiangshao_start3,5年级下,5,下,100,eighth,eighth,[eɪtθ],[eɪtθ],num. 第八;八分之一 adj. 第八的;八分之一的,湘少版三年级起点五年级下.xlsx
xiangshao_start3|g5-lower|r101|ninth,xiangshao_start3,5年级下,5,下,101,ninth,ninth,[naɪnθ],[naɪnθ],num. 第九 adj. 第九的;九分之一的 n. 九分之一,湘少版三年级起点五年级下.xlsx
xiangshao_start3|g5-lower|r102|tenth,xiangshao_start3,5年级下,5,下,102,tenth,tenth,[tenθ],[tenθ],num. 第十;十分之一 adj. 十分之一的;第十个的,湘少版三年级起点五年级下.xlsx
xiangshao_start3|g5-lower|r103|forest,xiangshao_start3,5年级下,5,下,103,forest,forest,[ˈfɒrɪst],[ˈfɔːrɪst],"n. 森林 vt. 植树于,使成为森林",湘少版三年级起点五年级下.xlsx
xiangshao_start3|g5-lower|r104|museum,xiangshao_start3,5年级下,5,下,104,museum,museum,[mjuˈziːəm],[mjuˈziːəm],n. 博物馆,湘少版三年级起点五年级下.xlsx
xiangshao_start3|g5-lower|r105|note,xiangshao_start3,5年级下,5,下,105,note,note,[nəʊt],[noʊt],n. 笔记;音符;票据;注解;纸币;便笺;照会;调子 vt. 注意;记录;注解,湘少版三年级起点五年级下.xlsx
xiangshao_start3|g5-lower|r106|ask,xiangshao_start3,5年级下,5,下,106,ask,ask,[ɑːsk],[æsk],"vt. 问,询问;要求;需要;邀请;讨价 vi. 问,询问;要求",湘少版三年级起点五年级下.xlsx
xiangshao_start3|g5-lower|r107|question,xiangshao_start3,5年级下,5,下,107,question,question,[ˈkwestʃən],[ˈkwestʃən],"n. 问题,疑问;询问;疑问句 vt. 询问;怀疑;审问 vi. 询问;怀疑;审问",湘少版三年级起点五年级下.xlsx
xiangshao_start3|g6-upper|r002|during,xiangshao_start3,6年级上,6,上,2,during,during,[ˈdjʊərɪŋ],[ˈdʊrɪŋ],"prep. 在...的时候,在...的期间",湘少版三年级起点六年级上.xlsx
xiangshao_start3|g6-upper|r003|holiday,xiangshao_start3,6年级上,6,上,3,holiday,holiday,[ˈhɒlədeɪ],[ˈhɑːlədeɪ],n. 假日;节日;休息日 vi. 外出度假,湘少版三年级起点六年级上.xlsx
xiangshao_start3|g6-upper|r004|learn,xiangshao_start3,6年级上,6,上,4,learn,learn,[lɜːn],[lɜːrn],vt. 学习;得知;认识到 vi. 学习;获悉,湘少版三年级起点六年级上.xlsx
xiangshao_start3|g6-upper|r005|practise,xiangshao_start3,6年级上,6,上,5,practise,practise,[ˈpræktɪs],[ˈpræktɪs],"vi. 练习,实践;实施,实行;从事 vt. 练习,实践;实施,实行",湘少版三年级起点六年级上.xlsx
xiangshao_start3|g6-upper|r006|speak,xiangshao_start3,6年级上,6,上,6,speak,speak,[spiːk],[spiːk],vi. 说话;演讲;表明;陈述 vt. 讲话;发言;讲演,湘少版三年级起点六年级上.xlsx
xiangshao_start3|g6-upper|r007|always,xiangshao_start3,6年级上,6,上,7,always,always,[ˈɔːlweɪz],[ˈɔːlweɪz],"adv. 永远,一直;总是;常常",湘少版三年级起点六年级上.xlsx
xiangshao_start3|g6-upper|r008|weekday,xiangshao_start3,6年级上,6,上,8,weekday,weekday,[ˈwiːkdeɪ],[ˈwiːkdeɪ],"n. 平日,普通日;工作日",湘少版三年级起点六年级上.xlsx
xiangshao_start3|g6-upper|r009|often,xiangshao_start3,6年级上,6,上,9,often,often,[ˈɒf(ə)n],[ˈɔːf(ə)n],"adv. 常常,时常",湘少版三年级起点六年级上.xlsx
xiangshao_start3|g6-upper|r010|after,xiangshao_start3,6年级上,6,上,10,after,after,[ˈɑːftə(r)],[ˈæftər],"conj. 在......之后 prep. 在......之后 adj. 以后的 adv. 后来,以后",湘少版三年级起点六年级上.xlsx
xiangshao_start3|g6-upper|r011|wave,xiangshao_start3,6年级上,6,上,11,wave,wave,[weɪv],[weɪv],n. 波动;波浪;高潮;挥手示意;卷曲 vt. 卷(烫)发;向...挥手示意;使成波浪形 vi. 波动;起伏;挥手示意;摇动;呈波形,湘少版三年级起点六年级上.xlsx
xiangshao_start3|g6-upper|r012|return,xiangshao_start3,6年级上,6,上,12,return,return,[rɪˈtɜːn],[rɪˈtɜːrn],vi. 返回;报答 adj. 报答的;回程的;返回的 vt. 返回;报答 n. 返回;归还;回球,湘少版三年级起点六年级上.xlsx
xiangshao_start3|g6-upper|r013|sometimes,xiangshao_start3,6年级上,6,上,13,sometimes,sometimes,[ˈsʌmtaɪmz],[ˈsʌmtaɪmz],"adv. 有时,间或",湘少版三年级起点六年级上.xlsx
xiangshao_start3|g6-upper|r014|never,xiangshao_start3,6年级上,6,上,14,never,never,[ˈnevə(r)],[ˈnevər],adv. 从未;决不,湘少版三年级起点六年级上.xlsx
xiangshao_start3|g6-upper|r015|search,xiangshao_start3,6年级上,6,上,15,search,search,[sɜːtʃ],[sɜːrtʃ],"n. 搜寻;探究,查究 vt. 搜索;搜寻;调查;搜查;探求 vi. 搜寻;调查;探求",湘少版三年级起点六年级上.xlsx
xiangshao_start3|g6-upper|r016|find out about,xiangshao_start3,6年级上,6,上,16,find out about,find out about,,,弄清有关......的情况;找到关于某事的一些信息;调查关于,湘少版三年级起点六年级上.xlsx
xiangshao_start3|g6-upper|r017|world,xiangshao_start3,6年级上,6,上,17,world,world,[wɜːld],[wɜːrld],n. 世界;领域;世俗;全人类;物质生活,湘少版三年级起点六年级上.xlsx
xiangshao_start3|g6-upper|r018|email,xiangshao_start3,6年级上,6,上,18,email,email,[ˈiːmeɪl],[ˈiːmeɪl],n. 电子信函 vt. 给...发电子邮件,湘少版三年级起点六年级上.xlsx
xiangshao_start3|g6-upper|r019|send,xiangshao_start3,6年级上,6,上,19,send,send,[send],[send],"n. 上升运动 vi. 派人;寄信 vt. 发送,寄;派遣;使进入;发射",湘少版三年级起点六年级上.xlsx
xiangshao_start3|g6-upper|r020|greeting,xiangshao_start3,6年级上,6,上,20,greeting,greeting,[ˈɡriːtɪŋ],[ˈɡriːtɪŋ],"n. 问候,招呼;祝贺 v. 致敬,欢迎(greet的现在分词)",湘少版三年级起点六年级上.xlsx
xiangshao_start3|g6-upper|r021|the mid-autumn festival,xiangshao_start3,6年级上,6,上,21,the Mid-Autumn Festival,the mid-autumn festival,,,中秋节,湘少版三年级起点六年级上.xlsx
xiangshao_start3|g6-upper|r022|nearby,xiangshao_start3,6年级上,6,上,22,nearby,nearby,[ˌnɪəˈbaɪ],[ˌnɪrˈbaɪ],"adj. 附近的,邻近的 adv. 在附近 prep. 在...附近",湘少版三年级起点六年级上.xlsx
xiangshao_start3|g6-upper|r023|centre,xiangshao_start3,6年级上,6,上,23,centre,centre,[ˈsentə(r)],[ˈsentər],n. 中心 adj. 中央的 vt. 集中;将...放在中央 vi. 以...为中心,湘少版三年级起点六年级上.xlsx
xiangshao_start3|g6-upper|r024|mooncake,xiangshao_start3,6年级上,6,上,24,mooncake,mooncake,['mu:nkeɪk],[ˈmuːnkeɪk],n. 月饼,湘少版三年级起点六年级上.xlsx
xiangshao_start3|g6-upper|r025|type,xiangshao_start3,6年级上,6,上,25,type,type,[taɪp],[taɪp],"n. 类型,品种;模范;样式 vt. 打字;测定(血等)类型 vi. 打字",湘少版三年级起点六年级上.xlsx
xiangshao_start3|g6-upper|r026|lotus,xiangshao_start3,6年级上,6,上,26,lotus,lotus,[ˈləʊtəs],[ˈloʊtəs],n. 莲花(汽车品牌),湘少版三年级起点六年级上.xlsx
xiangshao_start3|g6-upper|r027|seed,xiangshao_start3,6年级上,6,上,27,seed,seed,[siːd],[siːd],n. 种子;根据;精液;萌芽;子孙;原由 vt. 播种;结实;成熟;去...籽 vi. 播种;(植物)结实,湘少版三年级起点六年级上.xlsx
xiangshao_start3|g6-upper|r028|bean,xiangshao_start3,6年级上,6,上,28,bean,bean,[biːn],[biːn],n. 豆;嘴峰;毫无价值的东西 vt. 击...的头部,湘少版三年级起点六年级上.xlsx
xiangshao_start3|g6-upper|r029|taste,xiangshao_start3,6年级上,6,上,29,taste,taste,[teɪst],[teɪst],n. 味道;品味;审美 vt. 尝;体验 vi. 尝起来;有...的味道,湘少版三年级起点六年级上.xlsx
xiangshao_start3|g6-upper|r030|forecast,xiangshao_start3,6年级上,6,上,30,forecast,forecast,[ˈfɔːkɑːst],[ˈfɔːrkæst],"n. 预测,预报;预想 vt. 预报,预测;预示 vi. 进行预报,作预测",湘少版三年级起点六年级上.xlsx
xiangshao_start3|g6-upper|r031|clear,xiangshao_start3,6年级上,6,上,31,clear,clear,[klɪə(r)],[klɪr],n. 清除;空隙 adj. 清楚的;清澈的;晴朗的;无罪的 vt. 通过;清除;使干净;跳过 vi. 放晴;变清澈 adv. 清晰地;完全地,湘少版三年级起点六年级上.xlsx
xiangshao_start3|g6-upper|r032|light,xiangshao_start3,6年级上,6,上,32,light,light,[laɪt],[laɪt],n. 光;光线;灯;打火机;领悟;浅色;天窗 adj. 轻的;浅色的;明亮的;轻松的;容易的;清淡的 vi. 点着;变亮;着火 vt. 照亮;点燃;着火 adv. 轻地;清楚地;轻便地,湘少版三年级起点六年级上.xlsx
xiangshao_start3|g6-upper|r033|rain,xiangshao_start3,6年级上,6,上,33,rain,rain,[reɪn],[reɪn],n. 雨;下雨;雨天;雨季 vt. 大量地给;使大量落下 vi. 下雨;降雨,湘少版三年级起点六年级上.xlsx
xiangshao_start3|g6-upper|r034|heavy,xiangshao_start3,6年级上,6,上,34,heavy,heavy,[ˈhevi],[ˈhevi],"n. 重物;严肃角色 adj. 沉重的;繁重的,巨大的;拥挤的;阴沉的 adv. 大量地;笨重地",湘少版三年级起点六年级上.xlsx
xiangshao_start3|g6-upper|r035|bring,xiangshao_start3,6年级上,6,上,35,bring,bring,[brɪŋ],[brɪŋ],vt. 带来;促使;引起;使某人处于某种情况或境地,湘少版三年级起点六年级上.xlsx
xiangshao_start3|g6-upper|r036|bottle,xiangshao_start3,6年级上,6,上,36,bottle,bottle,[ˈbɒt(ə)l],[ˈbɑːtl],n. 瓶子;一瓶的容量 vt. 控制;把...装入瓶中 vi. (街头艺人演出后)收拢钱币,湘少版三年级起点六年级上.xlsx
xiangshao_start3|g6-upper|r037|picnic,xiangshao_start3,6年级上,6,上,37,picnic,picnic,[ˈpɪknɪk],[ˈpɪknɪk],n. 野餐 vi. 去野餐,湘少版三年级起点六年级上.xlsx
xiangshao_start3|g6-upper|r038|fruit,xiangshao_start3,6年级上,6,上,38,fruit,fruit,[fruːt],[fruːt],n. 水果;产物 vt. 使......结果实 vi. 结果实,湘少版三年级起点六年级上.xlsx
xiangshao_start3|g6-upper|r039|bar,xiangshao_start3,6年级上,6,上,39,bar,bar,[bɑː(r)],[bɑːr],"n. 条,棒;酒吧;障碍;法庭 prep. 除......外 vt. 禁止;阻拦",湘少版三年级起点六年级上.xlsx
xiangshao_start3|g6-upper|r040|peanut,xiangshao_start3,6年级上,6,上,40,peanut,peanut,[ˈpiːnʌt],[ˈpiːnʌt],n. 花生,湘少版三年级起点六年级上.xlsx
xiangshao_start3|g6-upper|r041|candy,xiangshao_start3,6年级上,6,上,41,candy,candy,[ˈkændi],[ˈkændi],"n. 糖果(等于sweets);冰糖(等于sugar candy,rock candy);毒品 adj. 新潮的(服饰);甜言蜜语的 vt. 用糖煮;使结晶为砂糖;美化 vi. 糖煮;成为结晶",湘少版三年级起点六年级上.xlsx
xiangshao_start3|g6-upper|r042|wait,xiangshao_start3,6年级上,6,上,42,wait,wait,[weɪt],[weɪt],n. 等待;等候 vi. 等待;耽搁;伺候用餐 vt. 等候;推迟;延缓,湘少版三年级起点六年级上.xlsx
xiangshao_start3|g6-upper|r043|can,xiangshao_start3,6年级上,6,上,43,can,can,[kən; kæn],[kən; kæn],aux. 能; 能够; 可以; 可能 n. 罐头; (用金属或塑料制作的)容器; (马口铁或其他金属制作的)食品罐头 vt. 将...装入密封罐中保存,湘少版三年级起点六年级上.xlsx
xiangshao_start3|g6-upper|r044|weak,xiangshao_start3,6年级上,6,上,44,weak,weak,[wiːk],[wiːk],adj. [经] 疲软的;虚弱的;无力的;不牢固的,湘少版三年级起点六年级上.xlsx
xiangshao_start3|g6-upper|r045|slow,xiangshao_start3,6年级上,6,上,45,slow,slow,[sləʊ],[sloʊ],adj. 慢的;减速的;迟钝的 vt. 放慢;阻碍 vi. 变慢;变萧条 adv. 慢慢地;迟缓地,湘少版三年级起点六年级上.xlsx
xiangshao_start3|g6-upper|r046|should,xiangshao_start3,6年级上,6,上,46,should,should,[ʃəd; ʃʊd],[ʃəd; ʃʊd],aux. 应该;就;可能;将要,湘少版三年级起点六年级上.xlsx
xiangshao_start3|g6-upper|r047|shouldn't,xiangshao_start3,6年级上,6,上,47,shouldn't,shouldn't,,,"不应该,不应(等于should not)",湘少版三年级起点六年级上.xlsx
xiangshao_start3|g6-upper|r048|should not,xiangshao_start3,6年级上,6,上,48,should not,should not,,,不应该;不应当;不宜,湘少版三年级起点六年级上.xlsx
xiangshao_start3|g6-upper|r049|waste,xiangshao_start3,6年级上,6,上,49,waste,waste,[weɪst],[weɪst],n. 浪费;废物;荒地;损耗;地面风化物 adj. 废弃的;多余的;荒芜的 vt. 浪费;消耗;使荒芜 vi. 浪费;变消瘦;挥霍钱财,湘少版三年级起点六年级上.xlsx
xiangshao_start3|g6-upper|r050|blouse,xiangshao_start3,6年级上,6,上,50,blouse,blouse,[blaʊz],[blaʊs],n. 宽松的上衣;女装衬衫 vt. 使...宽松下垂 vi. 宽松下垂,湘少版三年级起点六年级上.xlsx
xiangshao_start3|g6-upper|r051|enough,xiangshao_start3,6年级上,6,上,51,enough,enough,[ɪˈnʌf],[ɪˈnʌf],"n. 很多;充足 adj. 充足的 adv. 足够地,充足地 int. 够了!",湘少版三年级起点六年级上.xlsx
xiangshao_start3|g6-upper|r052|save,xiangshao_start3,6年级上,6,上,52,save,save,[seɪv],[seɪv],prep. 除...之外 n. 救援 vi. 节省;挽救 vt. 节省;保存;储蓄;解救,湘少版三年级起点六年级上.xlsx
xiangshao_start3|g6-upper|r053|drop,xiangshao_start3,6年级上,6,上,53,drop,drop,[drɒp],[drɑːp],n. 滴;落下;空投;微量;滴剂 vt. 滴;使降低;使终止;随口漏出 vi. 下降;终止,湘少版三年级起点六年级上.xlsx
xiangshao_start3|g6-upper|r054|fresh,xiangshao_start3,6年级上,6,上,54,fresh,fresh,[freʃ],[freʃ],"n. 开始;新生;泛滥 adj. 新鲜的;清新的;淡水的;无经验的 adv. 刚刚,才;最新地",湘少版三年级起点六年级上.xlsx
xiangshao_start3|g6-upper|r055|than,xiangshao_start3,6年级上,6,上,55,than,than,[ðən; ðæn],[ðən; ðæn],conj. 比(用于形容词、副词的比较级之后);除...外(用于other等之后);与其...(用于 rather等之后);一...就(用于 no sooner等之后) prep. 比;超过,湘少版三年级起点六年级上.xlsx
xiangshao_start3|g6-upper|r056|clay,xiangshao_start3,6年级上,6,上,56,clay,clay,[kleɪ],[kleɪ],n. [土壤] 粘土;泥土;肉体;似黏土的东西 vt. 用黏土处理,湘少版三年级起点六年级上.xlsx
xiangshao_start3|g6-upper|r057|feel,xiangshao_start3,6年级上,6,上,57,feel,feel,[fiːl],[fiːl],n. 感觉;触摸 vi. 觉得;摸索 vt. 感觉;认为;触摸;试探,湘少版三年级起点六年级上.xlsx
xiangshao_start3|g6-upper|r058|well,xiangshao_start3,6年级上,6,上,58,well,well,[wel],[wel],n. 井;源泉 adj. 良好的;健康的;适宜的 adv. 很好地;充分地;满意地;适当地 v. 涌出,湘少版三年级起点六年级上.xlsx
xiangshao_start3|g6-upper|r059|cough,xiangshao_start3,6年级上,6,上,59,cough,cough,[kɒf],[kɔːf],"n. 咳嗽,咳嗽声;咳嗽病 vt. 咳出 vi. 咳嗽",湘少版三年级起点六年级上.xlsx
xiangshao_start3|g6-upper|r060|headache,xiangshao_start3,6年级上,6,上,60,headache,headache,[ˈhedeɪk],[ˈhedeɪk],n. 头痛;麻烦;令人头痛之事,湘少版三年级起点六年级上.xlsx
xiangshao_start3|g6-upper|r061|fever,xiangshao_start3,6年级上,6,上,61,fever,fever,[ˈfiːvə(r)],[ˈfiːvər],"n. 发烧,发热;狂热 vt. 使发烧;使狂热;使患热病 vi. 发烧;狂热;患热病",湘少版三年级起点六年级上.xlsx
xiangshao_start3|g6-upper|r062|medicine,xiangshao_start3,6年级上,6,上,62,medicine,medicine,[ˈmedsn; ˈmedɪsn],[ˈmedɪsn],n. 药;医学;内科;巫术 vt. 用药物治疗;给...用药,湘少版三年级起点六年级上.xlsx
xiangshao_start3|g6-upper|r063|rest,xiangshao_start3,6年级上,6,上,63,rest,rest,[rest],[rest],"n. 休息,静止;休息时间;剩余部分;支架 vt. 使休息,使轻松;把...寄托于 vi. 休息;静止;依赖;安置",湘少版三年级起点六年级上.xlsx
xiangshao_start3|g6-upper|r064|just,xiangshao_start3,6年级上,6,上,64,just,just,[dʒʌst],[dʒʌst],"adv. 只是,仅仅;刚才,刚刚;正好,恰好;实在;刚要 adj. 公正的,合理的;正直的,正义的;正确的;公平的;应得的",湘少版三年级起点六年级上.xlsx
xiangshao_start3|g6-upper|r065|theatre,xiangshao_start3,6年级上,6,上,65,theatre,theatre,[ˈθɪətə(r)],[ˈθiːətər],"n. 电影院,戏院;戏剧;阶梯式讲堂",湘少版三年级起点六年级上.xlsx
xiangshao_start3|g6-upper|r066|call,xiangshao_start3,6年级上,6,上,66,call,call,[kɔːl],[kɔːl],n. 电话;呼叫;要求;访问 vi. 呼叫;拜访;叫牌 vt. 呼叫;称呼;召集,湘少版三年级起点六年级上.xlsx
xiangshao_start3|g6-upper|r067|plan,xiangshao_start3,6年级上,6,上,67,plan,plan,[plæn],[plæn],n. 计划;平面图 vt. 计划;设计;打算 vi. 计划;打算,湘少版三年级起点六年级上.xlsx
xiangshao_start3|g6-upper|r068|idea,xiangshao_start3,6年级上,6,上,68,idea,idea,[aɪˈdɪə],[aɪˈdiːə],n. 想法;主意;概念,湘少版三年级起点六年级上.xlsx
xiangshao_start3|g6-upper|r069|play,xiangshao_start3,6年级上,6,上,69,play,play,[pleɪ],[pleɪ],n. 游戏;比赛;剧本 vt. 游戏;扮演;演奏;播放;同...比赛 vi. 演奏;玩耍;上演;参加比赛,湘少版三年级起点六年级上.xlsx
xiangshao_start3|g6-upper|r070|concert,xiangshao_start3,6年级上,6,上,70,concert,concert,[ˈkɒnsət],[ˈkɑːnsərt],n. 音乐会;一致;和谐 adj. 音乐会用的;在音乐会上演出的 vt. 使协调;协同安排 vi. 协调;协力,湘少版三年级起点六年级上.xlsx
xiangshao_start3|g6-upper|r071|hall,xiangshao_start3,6年级上,6,上,71,hall,hall,[hɔːl],[hɔːl],"n. 过道,门厅,走廊;会堂;食堂;学生宿舍;大厅,前厅;娱乐中心,会所",湘少版三年级起点六年级上.xlsx
xiangshao_start3|g6-upper|r072|film,xiangshao_start3,6年级上,6,上,72,film,film,[fɪlm],[fɪlm],n. 电影;薄膜;胶卷;轻烟 vt. 在...上覆以薄膜;把...拍成电影 vi. 摄制电影;生薄膜;变得朦胧,湘少版三年级起点六年级上.xlsx
xiangshao_start3|g6-upper|r073|christmas,xiangshao_start3,6年级上,6,上,73,Christmas,christmas,[ˈkrɪsməs],[ˈkrɪsməs],n. 圣诞节;圣诞节期间,湘少版三年级起点六年级上.xlsx
xiangshao_start3|g6-upper|r074|decorate,xiangshao_start3,6年级上,6,上,74,decorate,decorate,[ˈdekəreɪt],[ˈdekəreɪt],vt. 装饰;布置;授勋给 vi. 装饰;布置,湘少版三年级起点六年级上.xlsx
xiangshao_start3|g6-upper|r075|colourful,xiangshao_start3,6年级上,6,上,75,colourful,colourful,[ˈkʌləf(ə)l],[ˈkʌlərfl],adj. 鲜艳的;生动的;色彩丰富的;富有趣味的,湘少版三年级起点六年级上.xlsx
xiangshao_start3|g6-upper|r076|light,xiangshao_start3,6年级上,6,上,76,light,light,[laɪt],[laɪt],n. 光;光线;灯;打火机;领悟;浅色;天窗 adj. 轻的;浅色的;明亮的;轻松的;容易的;清淡的 vi. 点着;变亮;着火 vt. 照亮;点燃;着火 adv. 轻地;清楚地;轻便地,湘少版三年级起点六年级上.xlsx
xiangshao_start3|g6-upper|r077|present,xiangshao_start3,6年级上,6,上,77,present,present,[ˈprez(ə)nt],[ˈpreznt],n. 现在;礼物;瞄准 adj. 现在的;出席的 vt. 提出;介绍;呈现;赠送 vi. 举枪瞄准,湘少版三年级起点六年级上.xlsx
xiangshao_start3|g6-upper|r078|dress up,xiangshao_start3,6年级上,6,上,78,dress up,dress up,[dres ʌp],[dres ʌp],na. 乔装;装扮;为...打扮;盛装打扮,湘少版三年级起点六年级上.xlsx
xiangshao_start3|g6-upper|r079|santa claus,xiangshao_start3,6年级上,6,上,79,Santa Claus,santa claus,[ˈsæntə klɔːz],[ˈsæntə klɔːz],n. 身着红衣,湘少版三年级起点六年级上.xlsx
xiangshao_start3|g6-upper|r080|receive,xiangshao_start3,6年级上,6,上,80,receive,receive,[rɪˈsiːv],[rɪˈsiːv],vt. 收到;接待;接纳 vi. 接收,湘少版三年级起点六年级上.xlsx
xiangshao_start3|g6-upper|r081|merry,xiangshao_start3,6年级上,6,上,81,merry,merry,[ˈmeri],[ˈmeri],adj. 愉快的;微醉的;嬉戏作乐的 n. 甜樱桃,湘少版三年级起点六年级上.xlsx
xiangshao_start3|g6-upper|r082|greet,xiangshao_start3,6年级上,6,上,82,greet,greet,[ɡriːt],[ɡriːt],"vt. 欢迎,迎接;致敬,致意;映入眼帘",湘少版三年级起点六年级上.xlsx
xiangshao_start3|g6-lower|r002|together,xiangshao_start3,6年级下,6,下,2,together,together,[təˈɡeðə(r)],[təˈɡeðər],"adj. 新潮的;情绪稳定的,做事有效率的 adv. 一起;同时;相互;连续地;总共",湘少版三年级起点六年级下.xlsx
xiangshao_start3|g6-lower|r003|ride,xiangshao_start3,6年级下,6,下,3,ride,ride,[raɪd],[raɪd],n. 骑;乘坐;交通工具;可供骑行的路;(乘坐汽车等的)旅行;乘骑;(乘车或骑车的)短途旅程;供乘骑的游乐设施 vi. 骑马;乘车;依靠;漂浮 vt. 骑;乘;控制;(骑马、自行车等)穿越;搭乘;飘浮,湘少版三年级起点六年级下.xlsx
xiangshao_start3|g6-lower|r004|grandparent,xiangshao_start3,6年级下,6,下,4,grandparent,grandparent,[ˈɡrænpeərənt],[ˈɡrænperənt],n. 祖父母;祖父或祖母;外祖父母;外祖父或外祖母,湘少版三年级起点六年级下.xlsx
xiangshao_start3|g6-lower|r005|meat,xiangshao_start3,6年级下,6,下,5,meat,meat,[miːt],[miːt],"n. 肉,肉类(食用)",湘少版三年级起点六年级下.xlsx
xiangshao_start3|g6-lower|r006|a piece of,xiangshao_start3,6年级下,6,下,6,a piece of,a piece of,,,det. 一块;一只,湘少版三年级起点六年级下.xlsx
xiangshao_start3|g6-lower|r007|happily,xiangshao_start3,6年级下,6,下,7,happily,happily,[ˈhæpɪli],[ˈhæpɪli],adv. 快乐地;幸福地;幸运地;恰当地,湘少版三年级起点六年级下.xlsx
xiangshao_start3|g6-lower|r008|its,xiangshao_start3,6年级下,6,下,8,its,its,[ɪts],[ɪts],pron. 它的,湘少版三年级起点六年级下.xlsx
xiangshao_start3|g6-lower|r009|wood,xiangshao_start3,6年级下,6,下,9,wood,wood,[wʊd],[wʊd],n. 木材;木制品;树林 vt. 植林于;给...添加木柴 vi. 收集木材,湘少版三年级起点六年级下.xlsx
xiangshao_start3|g6-lower|r010|cross,xiangshao_start3,6年级下,6,下,10,cross,cross,[krɒs],[krɔːs],"n. 交叉,十字;十字架,十字形物 adj. 交叉的,相反的;乖戾的;生气的 vt. 杂交;渡过;使相交 vi. 交叉;杂交;横过",湘少版三年级起点六年级下.xlsx
xiangshao_start3|g6-lower|r011|drop,xiangshao_start3,6年级下,6,下,11,drop,drop,[drɒp],[drɑːp],n. 滴;落下;空投;微量;滴剂 vt. 滴;使降低;使终止;随口漏出 vi. 下降;终止,湘少版三年级起点六年级下.xlsx
xiangshao_start3|g6-lower|r012|lose,xiangshao_start3,6年级下,6,下,12,lose,lose,[luːz],[luːz],vt. 浪费;使沉溺于;使迷路;遗失;错过 vi. 失败;受损失,湘少版三年级起点六年级下.xlsx
xiangshao_start3|g6-lower|r013|take care of,xiangshao_start3,6年级下,6,下,13,take care of,take care of,,,na. 照看;处理;清除,湘少版三年级起点六年级下.xlsx
xiangshao_start3|g6-lower|r014|healthy,xiangshao_start3,6年级下,6,下,14,healthy,healthy,[ˈhelθi],[ˈhelθi],"adj. 健康的,健全的;有益于健康的",湘少版三年级起点六年级下.xlsx
xiangshao_start3|g6-lower|r015|keep,xiangshao_start3,6年级下,6,下,15,keep,keep,[kiːp],[kiːp],vt. 保持;经营;遵守;饲养 vi. 保持;继续不断 n. 保持;生计;生活费,湘少版三年级起点六年级下.xlsx
xiangshao_start3|g6-lower|r016|exercise,xiangshao_start3,6年级下,6,下,16,exercise,exercise,[ˈeksəsaɪz],[ˈeksərsaɪz],n. 运动;练习;运用;操练;礼拜;典礼 vt. 锻炼;练习;使用;使忙碌;使惊恐 vi. 运动;练习,湘少版三年级起点六年级下.xlsx
xiangshao_start3|g6-lower|r017|jog,xiangshao_start3,6年级下,6,下,17,jog,jog,[dʒɒɡ],[dʒɑːɡ],"vt. 慢跑;轻推;蹒跚行进;使颠簸 vi. 慢跑;轻推;蹒跚行进;颠簸着移动 n. 慢跑;轻推,轻撞",湘少版三年级起点六年级下.xlsx
xiangshao_start3|g6-lower|r018|tree planting day,xiangshao_start3,6年级下,6,下,18,Tree Planting Day,tree planting day,,,无,湘少版三年级起点六年级下.xlsx
xiangshao_start3|g6-lower|r019|air,xiangshao_start3,6年级下,6,下,19,air,air,[eə(r)],[er],"n. 空气,大气;天空;样子;曲调 vt. 使通风,晾干;夸耀 vi. 通风",湘少版三年级起点六年级下.xlsx
xiangshao_start3|g6-lower|r020|place,xiangshao_start3,6年级下,6,下,20,place,place,[pleɪs],[pleɪs],n. 地方;住所;座位 vt. 放置;任命;寄予 vi. 名列前茅;取得名次,湘少版三年级起点六年级下.xlsx
xiangshao_start3|g6-lower|r021|earth,xiangshao_start3,6年级下,6,下,21,Earth,earth,[ɜːθ],[ɜːrθ],"n. 地球;地表,陆地;土地,土壤;尘事,俗事;兽穴 vt. 把(电线)[电] 接地;盖(土);追赶入洞穴 vi. 躲进地洞",湘少版三年级起点六年级下.xlsx
xiangshao_start3|g6-lower|r022|space,xiangshao_start3,6年级下,6,下,22,space,space,[speɪs],[speɪs],n. 空间;太空;距离 vt. 隔开 vi. 留间隔,湘少版三年级起点六年级下.xlsx
xiangshao_start3|g6-lower|r023|land,xiangshao_start3,6年级下,6,下,23,land,land,[lænd],[lænd],n. 国土;陆地;地面 vt. 使...登陆;使...陷于;将...卸下 vi. 登陆;到达,湘少版三年级起点六年级下.xlsx
xiangshao_start3|g6-lower|r024|move,xiangshao_start3,6年级下,6,下,24,move,move,[muːv],[muːv],"n. 移动;步骤;迁居;策略 vi. 移动;搬家,迁移;离开 vt. 移动;感动",湘少版三年级起点六年级下.xlsx
xiangshao_start3|g6-lower|r025|easy,xiangshao_start3,6年级下,6,下,25,easy,easy,[ˈiːzi],[ˈiːzi],"adj. 容易的;舒适的 vt. 发出停划命令 adv. 不费力地,从容地 vi. 停止划桨",湘少版三年级起点六年级下.xlsx
xiangshao_start3|g6-lower|r026|step on,xiangshao_start3,6年级下,6,下,26,step on,step on,,,走在...上面; 伤害(某人的)感情; 斥责(某人); 跐,湘少版三年级起点六年级下.xlsx
xiangshao_start3|g6-lower|r027|aloud,xiangshao_start3,6年级下,6,下,27,aloud,aloud,[əˈlaʊd],[əˈlaʊd],adv. 大声地;出声地,湘少版三年级起点六年级下.xlsx
xiangshao_start3|g6-lower|r028|piano,xiangshao_start3,6年级下,6,下,28,piano,piano,[piˈænəʊ],[piˈænoʊ],n. 钢琴,湘少版三年级起点六年级下.xlsx
xiangshao_start3|g6-lower|r029|afraid,xiangshao_start3,6年级下,6,下,29,afraid,afraid,[əˈfreɪd],[əˈfreɪd],adj. 害怕的;恐怕;担心的,湘少版三年级起点六年级下.xlsx
xiangshao_start3|g6-lower|r030|close,xiangshao_start3,6年级下,6,下,30,close,close,[kləʊz],[kloʊz; kloʊs],n. 结束 adj. 紧密的;亲密的;亲近的 vt. 关;结束;使靠近 vi. 关;结束;关闭 adv. 紧密地,湘少版三年级起点六年级下.xlsx
xiangshao_start3|g6-lower|r031|tired,xiangshao_start3,6年级下,6,下,31,tired,tired,[ˈtaɪəd],[ˈtaɪərd],"v. 疲倦;对...腻烦(tire的过去分词形式) adj. 疲倦的;厌倦的,厌烦的",湘少版三年级起点六年级下.xlsx
xiangshao_start3|g6-lower|r032|difficult,xiangshao_start3,6年级下,6,下,32,difficult,difficult,[ˈdɪfɪkəlt],[ˈdɪfɪkəlt],adj. 困难的;不随和的;执拗的,湘少版三年级起点六年级下.xlsx
xiangshao_start3|g6-lower|r033|clever,xiangshao_start3,6年级下,6,下,33,clever,clever,[ˈklevə(r)],[ˈklevər],adj. 聪明的;机灵的;熟练的 [ 比较级cleverer 最高级 cleverest ],湘少版三年级起点六年级下.xlsx
xiangshao_start3|g6-lower|r034|worry,xiangshao_start3,6年级下,6,下,34,worry,worry,[ˈwʌri],[ˈwɜːri],n. 担心;烦恼;撕咬 vi. 担心;烦恼;撕咬 vt. 担心;发愁;折磨,湘少版三年级起点六年级下.xlsx
xiangshao_start3|g6-lower|r035|kid,xiangshao_start3,6年级下,6,下,35,kid,kid,[kɪd],[kɪd],n. 小孩;小山羊 vt. 欺骗;取笑;戏弄 vi. 欺骗;取笑;戏弄 adj. 小山羊皮制的;较年幼的,湘少版三年级起点六年级下.xlsx
xiangshao_start3|g6-lower|r036|party,xiangshao_start3,6年级下,6,下,36,party,party,[ˈpɑːti],[ˈpɑːrti],"n. 政党,党派;聚会,派对;当事人 [复数 parties] vi. 参加社交聚会 [ 过去式 partied 过去分词 partied 现在分词 partying ]",湘少版三年级起点六年级下.xlsx
xiangshao_start3|g6-lower|r037|the eiffel tower,xiangshao_start3,6年级下,6,下,37,the Eiffel Tower,the eiffel tower,,,埃菲尔铁塔;巴黎铁塔;法国艾菲尔铁塔,湘少版三年级起点六年级下.xlsx
xiangshao_start3|g6-lower|r038|the golden gate bridge,xiangshao_start3,6年级下,6,下,38,the Golden Gate Bridge,the golden gate bridge,,,金门桥;旧金山金门大桥;全门大桥,湘少版三年级起点六年级下.xlsx
xiangshao_start3|g6-lower|r039|travel,xiangshao_start3,6年级下,6,下,39,travel,travel,[ˈtræv(ə)l],[ˈtrævl],n. 旅行;游历;漫游 vt. 经过;在...旅行 vi. 旅行;行进;步行;交往,湘少版三年级起点六年级下.xlsx
xiangshao_start3|g6-lower|r040|the great wall,xiangshao_start3,6年级下,6,下,40,the Great Wall,the great wall,,,长城;万里长城;中国万里长城,湘少版三年级起点六年级下.xlsx
xiangshao_start3|g6-lower|r041|big ben,xiangshao_start3,6年级下,6,下,41,Big Ben,big ben,,,"n. 英国伦敦议会大厦顶的大钟, 美国得州西南部的国立大本德公园(Big Bend National Park)",湘少版三年级起点六年级下.xlsx
xiangshao_start3|g6-lower|r042|places of interest,xiangshao_start3,6年级下,6,下,42,places of interest,places of interest,,,un. 名胜,湘少版三年级起点六年级下.xlsx
