SourceOccurrenceKey,SourceID,SourceBook,Grade,Semester,SourceRow,Word,MatchKey,British,American,Definition,SourceFile
beishida_start1|g1-upper|r002|a,beishida_start1,1年级上,1,上,2,a,a,[ə],[ə; eɪ],n. 字母A;第一流的;学业成绩达最高标准的评价符号 abbr. [物]安(ampere),北师大版一年级起点一年级上.xlsx
beishida_start1|g1-upper|r003|am,beishida_start1,1年级上,1,上,3,am,am,[əm; æm],[əm; æm],abbr. 调幅 v. 是,北师大版一年级起点一年级上.xlsx
beishida_start1|g1-upper|r004|an,beishida_start1,1年级上,1,上,4,an,an,[ən],[ən; æn],art. 一(在元音音素前),北师大版一年级起点一年级上.xlsx
beishida_start1|g1-upper|r005|ann,beishida_start1,1年级上,1,上,5,Ann,ann,[æn],[æn],n. 安(女子名),北师大版一年级起点一年级上.xlsx
beishida_start1|g1-upper|r006|ant,beishida_start1,1年级上,1,上,6,ant,ant,[ænt],[ænt],n. 蚂蚁,北师大版一年级起点一年级上.xlsx
beishida_start1|g1-upper|r007|apple,beishida_start1,1年级上,1,上,7,apple,apple,[ˈæp(ə)l],[ˈæpl],"n. 苹果,苹果树,苹果似的东西;[美俚]炸弹,手榴弹,(棒球的)球;[美俚]人,家伙。",北师大版一年级起点一年级上.xlsx
beishida_start1|g1-upper|r008|bag,beishida_start1,1年级上,1,上,8,bag,bag,[bæɡ],[bæɡ],"n. 袋;猎获物;(俚)一瓶啤酒 vt. 猎获;把...装入袋中;占据,私吞;使膨大 vi. 松垂",北师大版一年级起点一年级上.xlsx
beishida_start1|g1-upper|r009|ball,beishida_start1,1年级上,1,上,9,ball,ball,[bɔːl],[bɔːl],n. 球;舞会 vt. 捏成球形 vi. 成团块,北师大版一年级起点一年级上.xlsx
beishida_start1|g1-upper|r010|balloon,beishida_start1,1年级上,1,上,10,balloon,balloon,[bəˈluːn],[bəˈluːn],n. 气球 adj. 像气球般鼓起的 vt. 使像气球般鼓起;使激增 vi. 激增;膨胀如气球,北师大版一年级起点一年级上.xlsx
beishida_start1|g1-upper|r011|banana,beishida_start1,1年级上,1,上,11,banana,banana,[bəˈnɑːnə],[bəˈnænə],n. 香蕉;喜剧演员;大鹰钩鼻,北师大版一年级起点一年级上.xlsx
beishida_start1|g1-upper|r012|blue,beishida_start1,1年级上,1,上,12,blue,blue,[bluː],[bluː],"adj. 蓝色的;沮丧的,忧郁的;下流的 n. 蓝色;[复数](美国海、陆、空三军穿的)蓝色制服;蓝颜料;[the blue(s)][用作单数或复数]布鲁斯(歌曲)(一种伤感的美国黑人民歌 vi. 变成蓝色,呈蓝色 vt. 把...染成蓝色;使成蓝色;给...用上蓝剂;用上蓝剂于",北师大版一年级起点一年级上.xlsx
beishida_start1|g1-upper|r013|book,beishida_start1,1年级上,1,上,13,book,book,[bʊk],[bʊk],n. 书籍;卷;帐簿;名册;工作簿 vt. 预订;登记,北师大版一年级起点一年级上.xlsx
beishida_start1|g1-upper|r014|boy,beishida_start1,1年级上,1,上,14,boy,boy,[bɔɪ],[bɔɪ],n. 男孩;男人,北师大版一年级起点一年级上.xlsx
beishida_start1|g1-upper|r015|brown,beishida_start1,1年级上,1,上,15,brown,brown,[braʊn],[braʊn],"n. 褐色,棕色 adj. 棕色的,褐色的;太阳晒黑的 vt. 使变成褐色 vi. 变成褐色",北师大版一年级起点一年级上.xlsx
beishida_start1|g1-upper|r016|cake,beishida_start1,1年级上,1,上,16,cake,cake,[keɪk],[keɪk],n. 蛋糕;块状物;利益总额 vt. 使结块 vi. 结成块状,北师大版一年级起点一年级上.xlsx
beishida_start1|g1-upper|r017|car,beishida_start1,1年级上,1,上,17,car,car,[kɑː(r)],[kɑːr],n. 汽车;车厢,北师大版一年级起点一年级上.xlsx
beishida_start1|g1-upper|r018|cat,beishida_start1,1年级上,1,上,18,cat,cat,[kæt],[kæt],"n. 猫,猫科动物",北师大版一年级起点一年级上.xlsx
beishida_start1|g1-upper|r019|chair,beishida_start1,1年级上,1,上,19,chair,chair,[tʃeə(r)],[tʃer],n. 椅子;讲座;(会议的)主席位;大学教授的职位 vt. 担任(会议的)主席;使...入座;使就任要职,北师大版一年级起点一年级上.xlsx
beishida_start1|g1-upper|r020|color,beishida_start1,1年级上,1,上,20,color,color,[ˈkʌlə(r)],[ˈkʌlər],n. 颜色;肤色;颜料;脸色 vt. 粉饰;给...涂颜色;歪曲 vi. 变色;获得颜色,北师大版一年级起点一年级上.xlsx
beishida_start1|g1-upper|r021|crocodile,beishida_start1,1年级上,1,上,21,crocodile,crocodile,[ˈkrɒkədaɪl],[ˈkrɑːkədaɪl],n. 鳄鱼,北师大版一年级起点一年级上.xlsx
beishida_start1|g1-upper|r022|dog,beishida_start1,1年级上,1,上,22,dog,dog,[dɒɡ],[dɔːɡ],n. 狗;丑女人;卑鄙的人;(俚)朋友 vt. 跟踪;尾随,北师大版一年级起点一年级上.xlsx
beishida_start1|g1-upper|r023|doll,beishida_start1,1年级上,1,上,23,doll,doll,[dɒl],[dɑːl],n. 洋娃娃;玩偶;无头脑的美丽女人 vt. 把...打扮得花枝招展,北师大版一年级起点一年级上.xlsx
beishida_start1|g1-upper|r024|duck,beishida_start1,1年级上,1,上,24,duck,duck,[dʌk],[dʌk],n. 鸭子;鸭肉;(英)宝贝儿;零分 vt. 躲避;猛按...入水 vi. 闪避;没入水中,北师大版一年级起点一年级上.xlsx
beishida_start1|g1-upper|r025|egg,beishida_start1,1年级上,1,上,25,egg,egg,[eɡ],[eɡ],n. 蛋;卵子;家伙;鸡蛋 vt. 煽动;怂恿,北师大版一年级起点一年级上.xlsx
beishida_start1|g1-upper|r026|eight,beishida_start1,1年级上,1,上,26,eight,eight,[eɪt],[eɪt],num. 八;八个;第八 n. 八字形 adj. 八的,北师大版一年级起点一年级上.xlsx
beishida_start1|g1-upper|r027|elephant,beishida_start1,1年级上,1,上,27,elephant,elephant,[ˈelɪfənt],[ˈelɪfənt],n. 象;大号图画纸,北师大版一年级起点一年级上.xlsx
beishida_start1|g1-upper|r028|fish,beishida_start1,1年级上,1,上,28,fish,fish,[fɪʃ],[fɪʃ],"n. 鱼,鱼类 vt. 钓鱼,捕鱼;搜寻 vi. 捕鱼,钓鱼;用钩捞取",北师大版一年级起点一年级上.xlsx
beishida_start1|g1-upper|r029|five,beishida_start1,1年级上,1,上,29,five,five,[faɪv],[faɪv],"num. 五,五个 n. 五,五个;五美元钞票 adj. 五的;五个的",北师大版一年级起点一年级上.xlsx
beishida_start1|g1-upper|r030|four,beishida_start1,1年级上,1,上,30,four,four,[fɔː(r)],[fɔːr],num. 四;四个 adj. 四的;四个的,北师大版一年级起点一年级上.xlsx
beishida_start1|g1-upper|r031|frog,beishida_start1,1年级上,1,上,31,frog,frog,[frɒɡ],[frɑːɡ],n. 青蛙;[铁路] 辙叉;饰扣 vi. 捕蛙,北师大版一年级起点一年级上.xlsx
beishida_start1|g1-upper|r032|gift,beishida_start1,1年级上,1,上,32,gift,gift,[ɡɪft],[ɡɪft],n. 礼物;天赋;赠品 vt. 赋予;向...赠送,北师大版一年级起点一年级上.xlsx
beishida_start1|g1-upper|r033|girl,beishida_start1,1年级上,1,上,33,girl,girl,[ɡɜːl],[ɡɜːrl],"n. 女孩;姑娘,未婚女子;女职员,女演员;(男人的)女朋友 n. (捷)吉尔",北师大版一年级起点一年级上.xlsx
beishida_start1|g1-upper|r034|green,beishida_start1,1年级上,1,上,34,green,green,[ɡriːn],[ɡriːn],n. 绿色;青春 adj. 绿色的;青春的 vt. 使...变绿色 vi. 变绿色,北师大版一年级起点一年级上.xlsx
beishida_start1|g1-upper|r035|hammer,beishida_start1,1年级上,1,上,35,hammer,hammer,[ˈhæmə(r)],[ˈhæmər],n. 铁锤;链球;[解剖] 锤骨;音锤 vi. 锤击;敲打;重复 vt. 锤击;锤打,北师大版一年级起点一年级上.xlsx
beishida_start1|g1-upper|r036|happy birthday!,beishida_start1,1年级上,1,上,36,Happy birthday!,happy birthday!,,,un. 生日快乐,北师大版一年级起点一年级上.xlsx
beishida_start1|g1-upper|r037|hat,beishida_start1,1年级上,1,上,37,hat,hat,[hæt],[hæt],n. 帽子 vt. 给......戴上帽子 vi. 供应帽子;制造帽子,北师大版一年级起点一年级上.xlsx
beishida_start1|g1-upper|r038|hello,beishida_start1,1年级上,1,上,38,hello,hello,[həˈləʊ],[həˈləʊ],"n. 表示问候, 惊奇或唤起注意时的用语 int. 喂;哈罗",北师大版一年级起点一年级上.xlsx
beishida_start1|g1-upper|r039|hi,beishida_start1,1年级上,1,上,39,hi,hi,[haɪ],[haɪ],int. 嗨!(表示问候或用以唤起注意),北师大版一年级起点一年级上.xlsx
beishida_start1|g1-upper|r040|how many,beishida_start1,1年级上,1,上,40,how many,how many,,,na. 多少,北师大版一年级起点一年级上.xlsx
beishida_start1|g1-upper|r041|how old,beishida_start1,1年级上,1,上,41,how old,how old,,,conj. 多少岁,北师大版一年级起点一年级上.xlsx
beishida_start1|g1-upper|r042|ice cream,beishida_start1,1年级上,1,上,42,ice cream,ice cream,[ˈaɪs kriːm],[ˈaɪs kriːm],n. 【食】冰淇淋,北师大版一年级起点一年级上.xlsx
beishida_start1|g1-upper|r043|i'm,beishida_start1,1年级上,1,上,43,I'm,i'm,,,abbr. 我是(缩写),北师大版一年级起点一年级上.xlsx
beishida_start1|g1-upper|r044|insect,beishida_start1,1年级上,1,上,44,insect,insect,[ˈɪnsekt],[ˈɪnsekt],n. 昆虫;卑鄙的人,北师大版一年级起点一年级上.xlsx
beishida_start1|g1-upper|r045|is,beishida_start1,1年级上,1,上,45,is,is,[ɪz],[ɪz],v. 是(be的三单形式) n. 存在,北师大版一年级起点一年级上.xlsx
beishida_start1|g1-upper|r046|it,beishida_start1,1年级上,1,上,46,it,it,[ɪt],[ɪt],abbr. 信息技术information technology abbr. 意大利Italy;意大利的Italian,北师大版一年级起点一年级上.xlsx
beishida_start1|g1-upper|r047|it's,beishida_start1,1年级上,1,上,47,it's,it's,,,abbr. 它的(it has);它是(it is),北师大版一年级起点一年级上.xlsx
beishida_start1|g1-upper|r048|jacket,beishida_start1,1年级上,1,上,48,jacket,jacket,[ˈdʒækɪt],[ˈdʒækɪt],"n. 羽绒滑雪衫;西装短外套;短上衣,夹克;土豆皮;书籍的护封;文件套,公文夹 vt. 给...穿夹克;给...装护套;给...包上护封;〈口〉打",北师大版一年级起点一年级上.xlsx
beishida_start1|g1-upper|r049|jeep,beishida_start1,1年级上,1,上,49,jeep,jeep,[dʒiːp],[dʒiːp],n. 吉普车,北师大版一年级起点一年级上.xlsx
beishida_start1|g1-upper|r050|ken,beishida_start1,1年级上,1,上,50,Ken,ken,,,"n. 视野范围,见地,知识范围",北师大版一年级起点一年级上.xlsx
beishida_start1|g1-upper|r051|key,beishida_start1,1年级上,1,上,51,key,key,[kiː],[kiː],n. (打字机等的)键;关键;钥匙 vt. 键入;锁上;调节...的音调;提供线索 vi. 使用钥匙 adj. 关键的,北师大版一年级起点一年级上.xlsx
beishida_start1|g1-upper|r052|kite,beishida_start1,1年级上,1,上,52,kite,kite,[kaɪt],[kaɪt],n. 风筝 vi. 使用空头支票;像风筝一样飞;轻快地移动 vt. 骗钱;涂改(支票),北师大版一年级起点一年级上.xlsx
beishida_start1|g1-upper|r053|lock,beishida_start1,1年级上,1,上,53,lock,lock,[lɒk],[lɑːk],"vt. 锁,锁上;隐藏 vi. 锁;锁住;卡住 n. 锁;水闸;刹车",北师大版一年级起点一年级上.xlsx
beishida_start1|g1-upper|r054|lollipop,beishida_start1,1年级上,1,上,54,lollipop,lollipop,[ˈlɒlipɒp],[ˈlɑːlipɑːp],n. 棒棒糖,北师大版一年级起点一年级上.xlsx
beishida_start1|g1-upper|r055|mocky,beishida_start1,1年级上,1,上,55,Mocky,mocky,[ˈmɒki],['mɔki],n. & adj.<美俚><贬>犹太佬(的)(亦作mockey),北师大版一年级起点一年级上.xlsx
beishida_start1|g1-upper|r056|monkey,beishida_start1,1年级上,1,上,56,monkey,monkey,[ˈmʌŋki],[ˈmʌŋki],n. 猴子;顽童 vi. 胡闹;捣蛋 vt. 嘲弄,北师大版一年级起点一年级上.xlsx
beishida_start1|g1-upper|r057|nine,beishida_start1,1年级上,1,上,57,nine,nine,[naɪn],[naɪn],"n. 九,九个 num. 九;九个 adj. 九的,九个的",北师大版一年级起点一年级上.xlsx
beishida_start1|g1-upper|r058|number,beishida_start1,1年级上,1,上,58,number,number,[ˈnʌmbə(r)],[ˈnʌmbər],n. 数;(杂志等的)期;号码;数字;算术 vi. 计入;总数达到 vt. 编号;计入;数...的数目;使为数有限,北师大版一年级起点一年级上.xlsx
beishida_start1|g1-upper|r059|one,beishida_start1,1年级上,1,上,59,one,one,[wʌn],[wʌn],pron. 一个人;任何人 adj. 一的;唯一的 n. 一 num. 一;一个,北师大版一年级起点一年级上.xlsx
beishida_start1|g1-upper|r060|pencil,beishida_start1,1年级上,1,上,60,pencil,pencil,[ˈpens(ə)l],[ˈpensl],n. 铅笔;笔状物 vt. 用铅笔写;用眉笔涂 vi. 成铅笔状,北师大版一年级起点一年级上.xlsx
beishida_start1|g1-upper|r061|please,beishida_start1,1年级上,1,上,61,please,please,[pliːz],[pliːz],"int. 请(礼貌用语) vt. 使喜欢;使高兴,使满意 vi. 讨人喜欢;令人高兴",北师大版一年级起点一年级上.xlsx
beishida_start1|g1-upper|r062|red,beishida_start1,1年级上,1,上,62,red,red,[red],[red],"n. 红色,红颜料;赤字 adj. 红色的;红肿的,充血的",北师大版一年级起点一年级上.xlsx
beishida_start1|g1-upper|r063|school,beishida_start1,1年级上,1,上,63,school,school,[skuːl],[skuːl],n. 学校;学院;学派;鱼群 vt. 教育,北师大版一年级起点一年级上.xlsx
beishida_start1|g1-upper|r064|seven,beishida_start1,1年级上,1,上,64,seven,seven,[ˈsev(ə)n],[ˈsev(ə)n],"num. 七个,七 n. 七个,七 adj. 七的;七个的",北师大版一年级起点一年级上.xlsx
beishida_start1|g1-upper|r065|six,beishida_start1,1年级上,1,上,65,six,six,[sɪks],[sɪks],"num. 六,六个 n. 六,六个",北师大版一年级起点一年级上.xlsx
beishida_start1|g1-upper|r066|teacher,beishida_start1,1年级上,1,上,66,teacher,teacher,[ˈtiːtʃə(r)],[ˈtiːtʃər],n. 教师;导师,北师大版一年级起点一年级上.xlsx
beishida_start1|g1-upper|r067|teddy bear,beishida_start1,1年级上,1,上,67,teddy bear,teddy bear,[ˈtedi beə(r)],[ˈtedi ber],n. 泰迪熊(一种柔软的毛绒玩具熊),北师大版一年级起点一年级上.xlsx
beishida_start1|g1-upper|r068|ten,beishida_start1,1年级上,1,上,68,ten,ten,[ten],[ten],"num. 十个,十",北师大版一年级起点一年级上.xlsx
beishida_start1|g1-upper|r069|thank you.,beishida_start1,1年级上,1,上,69,Thank you.,thank you.,,,int. (表示感激)谢谢你;(接受好意)好;(婉言谢绝)不用了 n. 感谢;谢意;酬谢;谢辞,北师大版一年级起点一年级上.xlsx
beishida_start1|g1-upper|r070|three,beishida_start1,1年级上,1,上,70,three,three,[θriː],[θriː],"num. 三 n. 三,三个 adj. 三的,三个的",北师大版一年级起点一年级上.xlsx
beishida_start1|g1-upper|r071|train,beishida_start1,1年级上,1,上,71,train,train,[treɪn],[treɪn],n. 火车;行列;长队;裙裾 v. 培养;训练;瞄准,北师大版一年级起点一年级上.xlsx
beishida_start1|g1-upper|r072|two,beishida_start1,1年级上,1,上,72,two,two,[tuː],[tuː],num. 二 n. 两个 adj. 两个的,北师大版一年级起点一年级上.xlsx
beishida_start1|g1-upper|r073|uncle booky,beishida_start1,1年级上,1,上,73,Uncle Booky,uncle booky,,,无,北师大版一年级起点一年级上.xlsx
beishida_start1|g1-upper|r074|what,beishida_start1,1年级上,1,上,74,what,what,[wɒt],[wʌt],"pron. 什么;多么;多少 adv. 到什么程度,在哪一方面 adj. 什么;多么;何等 int. 什么;多么",北师大版一年级起点一年级上.xlsx
beishida_start1|g1-upper|r075|what's,beishida_start1,1年级上,1,上,75,what's,what's,,,...是什么(等于what is);...有什么(等于what has),北师大版一年级起点一年级上.xlsx
beishida_start1|g1-lower|r002|are,beishida_start1,1年级下,1,下,2,are,are,[ɑ:(r)],[ər; ɑːr; er],v. 是(be的第二人称单复数现在式) n. 公亩,北师大版一年级起点一年级下.xlsx
beishida_start1|g1-lower|r003|bird,beishida_start1,1年级下,1,下,3,bird,bird,[bɜːd],[bɜːrd],n. 鸟;家伙;羽毛球 vt. 向...喝倒彩;起哄 vi. 猎鸟;观察研究野鸟,北师大版一年级起点一年级下.xlsx
beishida_start1|g1-lower|r004|brother,beishida_start1,1年级下,1,下,4,brother,brother,[ˈbrʌðə(r)],[ˈbrʌðər],n. 兄弟;同事;战友 int. 我的老兄!,北师大版一年级起点一年级下.xlsx
beishida_start1|g1-lower|r005|can,beishida_start1,1年级下,1,下,5,can,can,[kən; kæn],[kən; kæn],aux. 能; 能够; 可以; 可能 n. 罐头; (用金属或塑料制作的)容器; (马口铁或其他金属制作的)食品罐头 vt. 将...装入密封罐中保存,北师大版一年级起点一年级下.xlsx
beishida_start1|g1-lower|r006|chicken,beishida_start1,1年级下,1,下,6,chicken,chicken,[ˈtʃɪkɪn],[ˈtʃɪkɪn],"n. 鸡肉;小鸡;胆小鬼,懦夫 adj. 鸡肉的;胆怯的;幼小的",北师大版一年级起点一年级下.xlsx
beishida_start1|g1-lower|r007|circle,beishida_start1,1年级下,1,下,7,circle,circle,[ˈsɜːk(ə)l],[ˈsɜːrkl],"n. 循环,周期;圆;圈子;圆形物 vt. 画圆圈;环绕...移动 vi. 盘旋,旋转;环行",北师大版一年级起点一年级下.xlsx
beishida_start1|g1-lower|r008|dance,beishida_start1,1年级下,1,下,8,dance,dance,[dɑːns],[dæns],n. 舞蹈;舞会;舞曲 adj. 舞蹈的;用于跳舞的 vt. 跳舞;使跳跃 vi. 跳舞;跳跃;飘扬,北师大版一年级起点一年级下.xlsx
beishida_start1|g1-lower|r009|dress,beishida_start1,1年级下,1,下,9,dress,dress,[dres],[dres],n. 连衣裙;女装 vt. 给...穿衣 vi. 穿衣,北师大版一年级起点一年级下.xlsx
beishida_start1|g1-lower|r010|father,beishida_start1,1年级下,1,下,10,father,father,[ˈfɑːðə(r)],[ˈfɑːðər],"n. 父亲,爸爸;神父;祖先;前辈 vt. 发明,创立;当...的父亲",北师大版一年级起点一年级下.xlsx
beishida_start1|g1-lower|r011|french fries,beishida_start1,1年级下,1,下,11,French fries,french fries,[ˈfrentʃ fraɪz],[frentʃ fraɪz],n. 【食】炸薯条,北师大版一年级起点一年级下.xlsx
beishida_start1|g1-lower|r012|friend,beishida_start1,1年级下,1,下,12,friend,friend,[frend],[frend],n. 朋友;助手;赞助者,北师大版一年级起点一年级下.xlsx
beishida_start1|g1-lower|r013|hamburgers,beishida_start1,1年级下,1,下,13,hamburgers,hamburgers,['hæmbɜːɡə(r)z],['hæmbɜːrɡərz],n. 汉堡包( hamburger的名词复数 ),北师大版一年级起点一年级下.xlsx
beishida_start1|g1-lower|r014|heart,beishida_start1,1年级下,1,下,14,heart,heart,[hɑːt],[hɑːrt],n. 心脏;感情;勇气;心形;要点 vt. 鼓励;铭记 vi. 结心,北师大版一年级起点一年级下.xlsx
beishida_start1|g1-lower|r015|juice,beishida_start1,1年级下,1,下,15,juice,juice,[dʒuːs],[dʒuːs],"n. (水果)汁,液;果汁",北师大版一年级起点一年级下.xlsx
beishida_start1|g1-lower|r016|jump,beishida_start1,1年级下,1,下,16,jump,jump,[dʒʌmp],[dʒʌmp],n. 跳跃;暴涨;惊跳 vt. 跳跃;使跳跃;跳过;突升 vi. 跳跃;暴涨;猛增,北师大版一年级起点一年级下.xlsx
beishida_start1|g1-lower|r017|like,beishida_start1,1年级下,1,下,17,like,like,[laɪk],[laɪk],vt. 喜欢;想;愿意 vi. 喜欢;希望 prep. 像;如同 adj. 同样的;相似的 n. 爱好;同样的人或物 adv. 可能 conj. 好像,北师大版一年级起点一年级下.xlsx
beishida_start1|g1-lower|r018|lion,beishida_start1,1年级下,1,下,18,lion,lion,[ˈlaɪən],[ˈlaɪən],n. 狮子;名人;勇猛的人;社交场合的名流,北师大版一年级起点一年级下.xlsx
beishida_start1|g1-lower|r019|milk,beishida_start1,1年级下,1,下,19,milk,milk,[mɪlk],[mɪlk],n. 牛奶;乳状物 vt. 榨取;挤...的奶 vi. 挤奶,北师大版一年级起点一年级下.xlsx
beishida_start1|g1-lower|r020|mother,beishida_start1,1年级下,1,下,20,mother,mother,[ˈmʌðə(r)],[ˈmʌðər],n. 母亲;大娘;女修道院院长 vt. 生下;养育;像母亲般关怀或照管 adj. 母亲的;出生地的,北师大版一年级起点一年级下.xlsx
beishida_start1|g1-lower|r021|mouse,beishida_start1,1年级下,1,下,21,mouse,mouse,[maʊs],[maʊs],n. 鼠标;老鼠;胆小羞怯的人 vt. 探出 vi. 捕鼠;窥探,北师大版一年级起点一年级下.xlsx
beishida_start1|g1-lower|r022|my,beishida_start1,1年级下,1,下,22,my,my,[maɪ],[maɪ],pron. 我的 int. 哎呀(表示惊奇等);喔唷,北师大版一年级起点一年级下.xlsx
beishida_start1|g1-lower|r023|nest,beishida_start1,1年级下,1,下,23,nest,nest,[nest],[nest],"n. 巢,窝;安乐窝;温床 vt. 筑巢;嵌套 vi. 筑巢;找鸟巢",北师大版一年级起点一年级下.xlsx
beishida_start1|g1-lower|r024|net,beishida_start1,1年级下,1,下,24,net,net,[net],[net],n. 网;网络;净利;实价 vi. 编网 vt. 得到;净赚;用网捕 adj. 纯粹的;净余的,北师大版一年级起点一年级下.xlsx
beishida_start1|g1-lower|r025|noodles,beishida_start1,1年级下,1,下,25,noodles,noodles,[ˈnuːd(ə)lz],[ˈnuːd(ə)lz],"n. 面条,挂面(noodle的复数形式)",北师大版一年级起点一年级下.xlsx
beishida_start1|g1-lower|r026|octopus,beishida_start1,1年级下,1,下,26,octopus,octopus,[ˈɒktəpəs],[ˈɑːktəpʊs],n. 章鱼 章鱼肉,北师大版一年级起点一年级下.xlsx
beishida_start1|g1-lower|r027|ostrich,beishida_start1,1年级下,1,下,27,ostrich,ostrich,[ˈɒstrɪtʃ],[ˈɑːstrɪtʃ],n. 鸵鸟;鸵鸟般的人,北师大版一年级起点一年级下.xlsx
beishida_start1|g1-lower|r028|panda,beishida_start1,1年级下,1,下,28,panda,panda,[ˈpændə],[ˈpændə],n. 熊猫;猫熊,北师大版一年级起点一年级下.xlsx
beishida_start1|g1-lower|r029|pants,beishida_start1,1年级下,1,下,29,pants,pants,[pænts],[pænts],n. 裤子,北师大版一年级起点一年级下.xlsx
beishida_start1|g1-lower|r030|peacock,beishida_start1,1年级下,1,下,30,peacock,peacock,[ˈpiːkɒk],[ˈpiːkɑːk],n. 孔雀;雄孔雀;爱虚荣的人 vi. 炫耀;神气活现地走,北师大版一年级起点一年级下.xlsx
beishida_start1|g1-lower|r031|pig,beishida_start1,1年级下,1,下,31,pig,pig,[pɪɡ],[pɪɡ],"n. 猪;猪肉 vi. 生小猪;像猪一样过活 n. 警察(俚语,带有攻击性)",北师大版一年级起点一年级下.xlsx
beishida_start1|g1-lower|r032|pizza,beishida_start1,1年级下,1,下,32,pizza,pizza,[ˈpiːtsə],[ˈpiːtsə],n. 比萨饼(一种涂有乳酪核番茄酱的意大利式有馅烘饼),北师大版一年级起点一年级下.xlsx
beishida_start1|g1-lower|r033|queen,beishida_start1,1年级下,1,下,33,queen,queen,[kwiːn],[kwiːn],"n. 女王,王后;(纸牌中的)皇后;(蜜蜂等的)蜂王 vt. 使...成为女王或王后 vi. 做女王",北师大版一年级起点一年级下.xlsx
beishida_start1|g1-lower|r034|quilt,beishida_start1,1年级下,1,下,34,quilt,quilt,[kwɪlt],[kwɪlt],n. 被子;棉被 vt. 东拼西凑地编;加软衬料后缝制 vi. 缝被子,北师大版一年级起点一年级下.xlsx
beishida_start1|g1-lower|r035|rabbit,beishida_start1,1年级下,1,下,35,rabbit,rabbit,[ˈræbɪt],[ˈræbɪt],"n. 兔子,野兔 vt. 让...见鬼去吧 vi. 猎兔",北师大版一年级起点一年级下.xlsx
beishida_start1|g1-lower|r036|rain,beishida_start1,1年级下,1,下,36,rain,rain,[reɪn],[reɪn],n. 雨;下雨;雨天;雨季 vt. 大量地给;使大量落下 vi. 下雨;降雨,北师大版一年级起点一年级下.xlsx
beishida_start1|g1-lower|r037|rectangle,beishida_start1,1年级下,1,下,37,rectangle,rectangle,[ˈrektæŋɡl],[ˈrektæŋɡl],n. 矩形;长方形,北师大版一年级起点一年级下.xlsx
beishida_start1|g1-lower|r038|rice,beishida_start1,1年级下,1,下,38,rice,rice,[raɪs],[raɪs],n. 稻;米饭 vt. 把...捣成米糊状,北师大版一年级起点一年级下.xlsx
beishida_start1|g1-lower|r039|robot,beishida_start1,1年级下,1,下,39,robot,robot,[ˈrəʊbɒt],[ˈroʊbɑːt],"n. 机器人;遥控设备,自动机械;机械般工作的人",北师大版一年级起点一年级下.xlsx
beishida_start1|g1-lower|r040|run,beishida_start1,1年级下,1,下,40,run,run,[rʌn],[rʌn],"n. 奔跑;赛跑;趋向;奔跑的路程 vt. 管理,经营;运行;参赛 vi. 经营;奔跑;运转",北师大版一年级起点一年级下.xlsx
beishida_start1|g1-lower|r041|salad,beishida_start1,1年级下,1,下,41,salad,salad,[ˈsæləd],[ˈsæləd],n. 色拉;尤指莴苣,北师大版一年级起点一年级下.xlsx
beishida_start1|g1-lower|r042|sandwich,beishida_start1,1年级下,1,下,42,sandwich,sandwich,[ˈsænwɪtʃ; ˈsænwɪdʒ],[ˈsænwɪtʃ; ˈsænwɪdʒ],n. 三明治;夹心面包 vt. 夹入;挤进;把...做成三明治,北师大版一年级起点一年级下.xlsx
beishida_start1|g1-lower|r043|shirt,beishida_start1,1年级下,1,下,43,shirt,shirt,[ʃɜːt],[ʃɜːrt],"n. 衬衫;汗衫,内衣",北师大版一年级起点一年级下.xlsx
beishida_start1|g1-lower|r044|shoes,beishida_start1,1年级下,1,下,44,shoes,shoes,['ʃu:z],[ʃuːz],n. 鞋子(shoe的复数) v. 穿鞋(shoe的第三人称单数),北师大版一年级起点一年级下.xlsx
beishida_start1|g1-lower|r045|sister,beishida_start1,1年级下,1,下,45,sister,sister,[ˈsɪstə(r)],[ˈsɪstər],n. 姐妹;(称志同道合者)姐妹;修女;护士 adj. 姐妹般的;同类型的,北师大版一年级起点一年级下.xlsx
beishida_start1|g1-lower|r046|socks,beishida_start1,1年级下,1,下,46,socks,socks,[sɒks],[sɑːks],n. 袜子(sock的复数),北师大版一年级起点一年级下.xlsx
beishida_start1|g1-lower|r047|square,beishida_start1,1年级下,1,下,47,square,square,[skweə(r)],[skwer],n. 平方;广场;正方形 adj. 平方的;正方形的;直角的;正直的 vt. 使成方形;与...一致 vi. 一致;成方形 adv. 成直角地,北师大版一年级起点一年级下.xlsx
beishida_start1|g1-lower|r048|star,beishida_start1,1年级下,1,下,48,star,star,[stɑː(r)],[stɑːr],"n. 星,恒星;明星;星形物 adj. 明星的,主角的;星形的 vt. 用星号标于;由...主演,由...担任主角 vi. 担任主角",北师大版一年级起点一年级下.xlsx
beishida_start1|g1-lower|r049|sweater,beishida_start1,1年级下,1,下,49,sweater,sweater,[ˈswetə(r)],[ˈswetər],"n. 毛线衣,运动衫;大量出汗的人,发汗剂",北师大版一年级起点一年级下.xlsx
beishida_start1|g1-lower|r050|swim,beishida_start1,1年级下,1,下,50,swim,swim,[swɪm],[swɪm],n. 游泳;漂浮;眩晕 adj. 游泳时穿戴的 vi. 游泳;漂浮;浸;眩晕 vt. 游过;使浮起,北师大版一年级起点一年级下.xlsx
beishida_start1|g1-lower|r051|tomato,beishida_start1,1年级下,1,下,51,tomato,tomato,[təˈmɑːtəʊ],[təˈmeɪtoʊ],"n. 番茄,西红柿",北师大版一年级起点一年级下.xlsx
beishida_start1|g1-lower|r052|tea,beishida_start1,1年级下,1,下,52,tea,tea,[tiː],[tiː],n. 茶叶;茶树;茶点 vt. 给...沏茶 vi. 喝茶;进茶点,北师大版一年级起点一年级下.xlsx
beishida_start1|g1-lower|r053|these,beishida_start1,1年级下,1,下,53,these,these,[ðiːz],[ðiːz],adj. 这些的 pron. 这些,北师大版一年级起点一年级下.xlsx
beishida_start1|g1-lower|r054|this,beishida_start1,1年级下,1,下,54,this,this,[ðɪs],[ðɪs],adj. 这;本;这个;今 pron. 这;这个;这里 adv. 这样地;这么,北师大版一年级起点一年级下.xlsx
beishida_start1|g1-lower|r055|tiger,beishida_start1,1年级下,1,下,55,tiger,tiger,[ˈtaɪɡə(r)],[ˈtaɪɡər],n. 老虎;凶暴的人,北师大版一年级起点一年级下.xlsx
beishida_start1|g1-lower|r056|triangle,beishida_start1,1年级下,1,下,56,triangle,triangle,[ˈtraɪæŋɡl],[ˈtraɪæŋɡl],n. 三角(形);三角关系;三角形之物;三人一组,北师大版一年级起点一年级下.xlsx
beishida_start1|g1-lower|r057|umbrella,beishida_start1,1年级下,1,下,57,umbrella,umbrella,[ʌmˈbrelə],[ʌmˈbrelə],n. 雨伞;保护伞;庇护;伞形结构,北师大版一年级起点一年级下.xlsx
beishida_start1|g1-lower|r058|violin,beishida_start1,1年级下,1,下,58,violin,violin,[ˌvaɪəˈlɪn],[ˌvaɪəˈlɪn],n. 小提琴;小提琴手,北师大版一年级起点一年级下.xlsx
beishida_start1|g1-lower|r059|watch,beishida_start1,1年级下,1,下,59,watch,watch,[wɒtʃ],[wɑːtʃ],"n. 手表;监视;守护;值班人 vt. 观察;注视;看守;警戒 vi. 观看,注视;守侯,看守",北师大版一年级起点一年级下.xlsx
beishida_start1|g1-lower|r060|watermelon,beishida_start1,1年级下,1,下,60,watermelon,watermelon,[ˈwɔːtəmelən],[ˈwɔːtərmelən],n. 西瓜,北师大版一年级起点一年级下.xlsx
beishida_start1|g1-lower|r061|walk,beishida_start1,1年级下,1,下,61,walk,walk,[wɔːk],[wɔːk],"n. 步行,走;散步 vi. 走,步行;散步 vt. 散步;走过",北师大版一年级起点一年级下.xlsx
beishida_start1|g1-lower|r062|x-ray,beishida_start1,1年级下,1,下,62,X-ray,x-ray,[ˈeks reɪ],[ˈeks reɪ],"n. 伦琴射线;X光;X光照片 adj. 伦琴线的 v. 用X线检查[摄影,处理,治疗]",北师大版一年级起点一年级下.xlsx
beishida_start1|g1-lower|r063|yo-yo,beishida_start1,1年级下,1,下,63,yo-yo,yo-yo,[ˈjəʊ jəʊ],[ˈjoʊ joʊ],n. 溜溜球(一种线轴般的玩具);优柔寡断 adj. 上下起落的;摇摆不定的 vi. 摇摆不定;上下起落,北师大版一年级起点一年级下.xlsx
beishida_start1|g1-lower|r064|zebra,beishida_start1,1年级下,1,下,64,zebra,zebra,[ˈzebrə],[ˈziːbrə],n. [脊椎] 斑马 adj. 有斑纹的,北师大版一年级起点一年级下.xlsx
beishida_start1|g1-lower|r065|zoo,beishida_start1,1年级下,1,下,65,zoo,zoo,[zuː],[zuː],n. 动物园; <美俚>(铁路货车的最后一节)守车; <美俚>核粒子园,北师大版一年级起点一年级下.xlsx
beishida_start1|g2-upper|r002|hello,beishida_start1,2年级上,2,上,2,hello,hello,[həˈləʊ],[həˈləʊ],"n. 表示问候, 惊奇或唤起注意时的用语 int. 喂;哈罗",北师大版一年级起点二年级上.xlsx
beishida_start1|g2-upper|r003|what,beishida_start1,2年级上,2,上,3,what,what,[wɒt],[wʌt],"pron. 什么;多么;多少 adv. 到什么程度,在哪一方面 adj. 什么;多么;何等 int. 什么;多么",北师大版一年级起点二年级上.xlsx
beishida_start1|g2-upper|r004|is,beishida_start1,2年级上,2,上,4,is,is,[ɪz],[ɪz],v. 是(be的三单形式) n. 存在,北师大版一年级起点二年级上.xlsx
beishida_start1|g2-upper|r005|your,beishida_start1,2年级上,2,上,5,your,your,[jɔː(r); jə(r)],[jʊr; jər],"pron. 你的,你们的",北师大版一年级起点二年级上.xlsx
beishida_start1|g2-upper|r006|name,beishida_start1,2年级上,2,上,6,name,name,[neɪm],[neɪm],"n. 名称,名字;姓名;名誉 vt. 命名,任命;指定;称呼;提名;叫出 adj. 姓名的;据以取名的",北师大版一年级起点二年级上.xlsx
beishida_start1|g2-upper|r007|my,beishida_start1,2年级上,2,上,7,my,my,[maɪ],[maɪ],pron. 我的 int. 哎呀(表示惊奇等);喔唷,北师大版一年级起点二年级上.xlsx
beishida_start1|g2-upper|r008|good morning,beishida_start1,2年级上,2,上,8,good morning,good morning,,,"int. (上午见面时用语,非正式场合常说 Morning)早上好",北师大版一年级起点二年级上.xlsx
beishida_start1|g2-upper|r009|children,beishida_start1,2年级上,2,上,9,children,children,[ˈtʃɪldrən],[ˈtʃɪldrən],n. 孩子们(child的复数),北师大版一年级起点二年级上.xlsx
beishida_start1|g2-upper|r010|good-bye,beishida_start1,2年级上,2,上,10,good-bye,good-bye,[ˌɡʊd ˈbaɪ],[ɡʊd baɪ],n. 告辞 int. 再见,北师大版一年级起点二年级上.xlsx
beishida_start1|g2-upper|r011|hi,beishida_start1,2年级上,2,上,11,hi,hi,[haɪ],[haɪ],int. 嗨!(表示问候或用以唤起注意),北师大版一年级起点二年级上.xlsx
beishida_start1|g2-upper|r012|i,beishida_start1,2年级上,2,上,12,I,i,[aɪ],[aɪ],n. 碘元素;英语字母I pron. 我,北师大版一年级起点二年级上.xlsx
beishida_start1|g2-upper|r013|am,beishida_start1,2年级上,2,上,13,am,am,[əm; æm],[əm; æm],abbr. 调幅 v. 是,北师大版一年级起点二年级上.xlsx
beishida_start1|g2-upper|r014|friend,beishida_start1,2年级上,2,上,14,friend,friend,[frend],[frend],n. 朋友;助手;赞助者,北师大版一年级起点二年级上.xlsx
beishida_start1|g2-upper|r015|this,beishida_start1,2年级上,2,上,15,this,this,[ðɪs],[ðɪs],adj. 这;本;这个;今 pron. 这;这个;这里 adv. 这样地;这么,北师大版一年级起点二年级上.xlsx
beishida_start1|g2-upper|r016|look,beishida_start1,2年级上,2,上,16,look,look,[lʊk],[lʊk],vt. 看;期待;注意;面向;看上去像 vi. 看;看起来;注意;面向 n. 看;样子;面容,北师大版一年级起点二年级上.xlsx
beishida_start1|g2-upper|r017|that,beishida_start1,2年级上,2,上,17,that,that,[ðæt],[ðæt],conj. 因为;以至于 adj. 那;那个 pron. 那;那个 adv. 那么;那样,北师大版一年级起点二年级上.xlsx
beishida_start1|g2-upper|r018|a,beishida_start1,2年级上,2,上,18,a,a,[ə],[ə; eɪ],n. 字母A;第一流的;学业成绩达最高标准的评价符号 abbr. [物]安(ampere),北师大版一年级起点二年级上.xlsx
beishida_start1|g2-upper|r019|lovely,beishida_start1,2年级上,2,上,19,lovely,lovely,[ˈlʌvli],[ˈlʌvli],"adj. 可爱的;令人愉快的;爱恋的;秀丽的,优美的 n. 美女;可爱的东西",北师大版一年级起点二年级上.xlsx
beishida_start1|g2-upper|r020|deer,beishida_start1,2年级上,2,上,20,deer,deer,[dɪə(r)],[dɪr],n. 鹿,北师大版一年级起点二年级上.xlsx
beishida_start1|g2-upper|r021|no,beishida_start1,2年级上,2,上,21,no,no,[nəʊ],[noʊ],adv. 不 adj. 没有;不是 n. 不;否决票 abbr. 数字(number);元素锘(nobelium),北师大版一年级起点二年级上.xlsx
beishida_start1|g2-upper|r022|it,beishida_start1,2年级上,2,上,22,it,it,[ɪt],[ɪt],abbr. 信息技术information technology abbr. 意大利Italy;意大利的Italian,北师大版一年级起点二年级上.xlsx
beishida_start1|g2-upper|r023|tiger,beishida_start1,2年级上,2,上,23,tiger,tiger,[ˈtaɪɡə(r)],[ˈtaɪɡər],n. 老虎;凶暴的人,北师大版一年级起点二年级上.xlsx
beishida_start1|g2-upper|r024|who,beishida_start1,2年级上,2,上,24,who,who,[huː],[huː],pron. 谁;什么人,北师大版一年级起点二年级上.xlsx
beishida_start1|g2-upper|r025|she,beishida_start1,2年级上,2,上,25,she,she,[ʃi],[ʃi; ʃiː],n. 女人;雌性动物 pron. 她(主格);它(用来指雌性动物或国家、船舶、地球、月亮等),北师大版一年级起点二年级上.xlsx
beishida_start1|g2-upper|r026|from,beishida_start1,2年级上,2,上,26,from,from,[frəm; frɒm],[frəm; frʌm; frɑːm],"prep. 来自,从;由于;今后",北师大版一年级起点二年级上.xlsx
beishida_start1|g2-upper|r027|canada,beishida_start1,2年级上,2,上,27,Canada,canada,[ˈkænədə],[ˈkænədə],n. 加拿大(北美洲国家),北师大版一年级起点二年级上.xlsx
beishida_start1|g2-upper|r028|he,beishida_start1,2年级上,2,上,28,he,he,[hi; iː; i; hiː],[hi; iː; i; hiː],"n. 男孩,男人;它(雄性动物) pron. 他",北师大版一年级起点二年级上.xlsx
beishida_start1|g2-upper|r029|uk,beishida_start1,2年级上,2,上,29,UK,uk,[ˌjuː ˈkeɪ],[ˌjuː ˈkeɪ],n. 英国 abbr. 联合王国(United Kingdom),北师大版一年级起点二年级上.xlsx
beishida_start1|g2-upper|r030|play,beishida_start1,2年级上,2,上,30,play,play,[pleɪ],[pleɪ],n. 游戏;比赛;剧本 vt. 游戏;扮演;演奏;播放;同...比赛 vi. 演奏;玩耍;上演;参加比赛,北师大版一年级起点二年级上.xlsx
beishida_start1|g2-upper|r031|football,beishida_start1,2年级上,2,上,31,football,football,[ˈfʊtbɔːl],[ˈfʊtbɔːl],"n. 足球,橄榄球 vi. 踢足球;打橄榄球",北师大版一年级起点二年级上.xlsx
beishida_start1|g2-upper|r032|china,beishida_start1,2年级上,2,上,32,China,china,[ˈtʃaɪnə],[ˈtʃaɪnə],"n. 中国 n. china,瓷器 adj. 中国的;中国制造的 adj. china,瓷制的",北师大版一年级起点二年级上.xlsx
beishida_start1|g2-upper|r033|usa,beishida_start1,2年级上,2,上,33,USA,usa,,,abbr. 美国;美利坚合众国(the United States of America),北师大版一年级起点二年级上.xlsx
beishida_start1|g2-upper|r034|family,beishida_start1,2年级上,2,上,34,family,family,[ˈfæməli],[ˈfæməli],n. 家庭;亲属;家族;子女;[生]科;语族;[化]族 adj. 家庭的;家族的;适合于全家的,北师大版一年级起点二年级上.xlsx
beishida_start1|g2-upper|r035|photo,beishida_start1,2年级上,2,上,35,photo,photo,[ˈfəʊtəʊ],[ˈfoʊtoʊ],n. 照片,北师大版一年级起点二年级上.xlsx
beishida_start1|g2-upper|r036|mother,beishida_start1,2年级上,2,上,36,mother,mother,[ˈmʌðə(r)],[ˈmʌðər],n. 母亲;大娘;女修道院院长 vt. 生下;养育;像母亲般关怀或照管 adj. 母亲的;出生地的,北师大版一年级起点二年级上.xlsx
beishida_start1|g2-upper|r037|father,beishida_start1,2年级上,2,上,37,father,father,[ˈfɑːðə(r)],[ˈfɑːðər],"n. 父亲,爸爸;神父;祖先;前辈 vt. 发明,创立;当...的父亲",北师大版一年级起点二年级上.xlsx
beishida_start1|g2-upper|r038|sister,beishida_start1,2年级上,2,上,38,sister,sister,[ˈsɪstə(r)],[ˈsɪstər],n. 姐妹;(称志同道合者)姐妹;修女;护士 adj. 姐妹般的;同类型的,北师大版一年级起点二年级上.xlsx
beishida_start1|g2-upper|r039|brother,beishida_start1,2年级上,2,上,39,brother,brother,[ˈbrʌðə(r)],[ˈbrʌðər],n. 兄弟;同事;战友 int. 我的老兄!,北师大版一年级起点二年级上.xlsx
beishida_start1|g2-upper|r040|me,beishida_start1,2年级上,2,上,40,me,me,[mi; miː],[mi; miː],pron. 我(宾格) n. 自我;极端自私的人;自我的一部分,北师大版一年级起点二年级上.xlsx
beishida_start1|g2-upper|r041|grandmother,beishida_start1,2年级上,2,上,41,grandmother,grandmother,[ˈɡrænmʌðə(r)],[ˈɡrænmʌðər],n. 祖母;女祖先 vt. 当...的祖母 vi. 当祖母,北师大版一年级起点二年级上.xlsx
beishida_start1|g2-upper|r042|grandfather,beishida_start1,2年级上,2,上,42,grandfather,grandfather,[ˈɡrænfɑːðə(r)],[ˈɡrænfɑːðər],n. 祖父;始祖 vt. 不受新规定限制,北师大版一年级起点二年级上.xlsx
beishida_start1|g2-upper|r043|aunt,beishida_start1,2年级上,2,上,43,aunt,aunt,[ɑːnt],[ænt],n. 阿姨;姑妈;伯母;舅妈,北师大版一年级起点二年级上.xlsx
beishida_start1|g2-upper|r044|uncle,beishida_start1,2年级上,2,上,44,uncle,uncle,[ˈʌŋk(ə)l],[ˈʌŋkl],n. 叔叔;伯父;伯伯;舅父;姨丈;姑父,北师大版一年级起点二年级上.xlsx
beishida_start1|g2-upper|r045|welcome,beishida_start1,2年级上,2,上,45,welcome,welcome,[ˈwelkəm],[ˈwelkəm],n. 欢迎 vt. 欢迎 adj. 受欢迎的 int. 欢迎,北师大版一年级起点二年级上.xlsx
beishida_start1|g2-upper|r046|mom,beishida_start1,2年级上,2,上,46,mom,mom,[mɒm],[mɑːm],n. 妈妈,北师大版一年级起点二年级上.xlsx
beishida_start1|g2-upper|r047|his,beishida_start1,2年级上,2,上,47,his,his,[hɪz],[hɪz; ɪz],pron. 他的,北师大版一年级起点二年级上.xlsx
beishida_start1|g2-upper|r048|parrot,beishida_start1,2年级上,2,上,48,parrot,parrot,[ˈpærət],[ˈpærət],"n. 鹦鹉;学舌者,应声虫;机械模仿别人的人 vt. 机械地模仿",北师大版一年级起点二年级上.xlsx
beishida_start1|g2-upper|r049|dad,beishida_start1,2年级上,2,上,49,dad,dad,[dæd],[dæd],n. 爸爸;爹爹,北师大版一年级起点二年级上.xlsx
beishida_start1|g2-upper|r050|her,beishida_start1,2年级上,2,上,50,her,her,[hə(r)],[hər; ɜːr; ər; hɜːr],pron. 她(she的宾格);她的(she的所有格);她(指某个国家;一艘船),北师大版一年级起点二年级上.xlsx
beishida_start1|g2-upper|r051|room,beishida_start1,2年级上,2,上,51,room,room,[ruːm],[ruːm; rʊm],"n. 房间;空间;余地;机会;房间里所有的人 vt. 为...提供住处;租房,合住;投宿,住宿;留...住宿 vi. 居住;住宿",北师大版一年级起点二年级上.xlsx
beishida_start1|g2-upper|r052|doll,beishida_start1,2年级上,2,上,52,doll,doll,[dɒl],[dɑːl],n. 洋娃娃;玩偶;无头脑的美丽女人 vt. 把...打扮得花枝招展,北师大版一年级起点二年级上.xlsx
beishida_start1|g2-upper|r053|bike,beishida_start1,2年级上,2,上,53,bike,bike,[baɪk],[baɪk],n. 自行车;脚踏车 vi. 骑自行车(或摩托车),北师大版一年级起点二年级上.xlsx
beishida_start1|g2-upper|r054|bag,beishida_start1,2年级上,2,上,54,bag,bag,[bæɡ],[bæɡ],"n. 袋;猎获物;(俚)一瓶啤酒 vt. 猎获;把...装入袋中;占据,私吞;使膨大 vi. 松垂",北师大版一年级起点二年级上.xlsx
beishida_start1|g2-upper|r055|computer,beishida_start1,2年级上,2,上,55,computer,computer,[kəmˈpjuːtə(r)],[kəmˈpjuːtər],n. 计算机;电脑;电子计算机,北师大版一年级起点二年级上.xlsx
beishida_start1|g2-upper|r056|car,beishida_start1,2年级上,2,上,56,car,car,[kɑː(r)],[kɑːr],n. 汽车;车厢,北师大版一年级起点二年级上.xlsx
beishida_start1|g2-lower|r002|fruit,beishida_start1,2年级下,2,下,2,fruit,fruit,[fruːt],[fruːt],n. 水果;产物 vt. 使......结果实 vi. 结果实,北师大版一年级起点二年级下.xlsx
beishida_start1|g2-lower|r003|it,beishida_start1,2年级下,2,下,3,it,it,[ɪt],[ɪt],abbr. 信息技术information technology abbr. 意大利Italy;意大利的Italian,北师大版一年级起点二年级下.xlsx
beishida_start1|g2-lower|r004|banana,beishida_start1,2年级下,2,下,4,banana,banana,[bəˈnɑːnə],[bəˈnænə],n. 香蕉;喜剧演员;大鹰钩鼻,北师大版一年级起点二年级下.xlsx
beishida_start1|g2-lower|r005|nut,beishida_start1,2年级下,2,下,5,nut,nut,[nʌt],[nʌt],"n. 螺母,螺帽;坚果;难对付的人,难解的问题 vi. 采坚果",北师大版一年级起点二年级下.xlsx
beishida_start1|g2-lower|r006|pear,beishida_start1,2年级下,2,下,6,pear,pear,[peə(r)],[per],n. [园艺] 梨树;梨子,北师大版一年级起点二年级下.xlsx
beishida_start1|g2-lower|r007|strawberry,beishida_start1,2年级下,2,下,7,strawberry,strawberry,[ˈstrɔːbəri],[ˈstrɔːberi],n. 草莓;草莓色,北师大版一年级起点二年级下.xlsx
beishida_start1|g2-lower|r008|yes,beishida_start1,2年级下,2,下,8,yes,yes,[jes],[jes],"n. 是(表示肯定) adv. 是, 是的",北师大版一年级起点二年级下.xlsx
beishida_start1|g2-lower|r009|lemon,beishida_start1,2年级下,2,下,9,lemon,lemon,[ˈlemən],[ˈlemən],adj. 柠檬色的 n. 柠檬,北师大版一年级起点二年级下.xlsx
beishida_start1|g2-lower|r010|an,beishida_start1,2年级下,2,下,10,an,an,[ən],[ən; æn],art. 一(在元音音素前),北师大版一年级起点二年级下.xlsx
beishida_start1|g2-lower|r011|orange,beishida_start1,2年级下,2,下,11,orange,orange,[ˈɒrɪndʒ],[ˈɔrɪndʒ],adj. 橙色的;橘色的 n. 橙;橙色;桔子,北师大版一年级起点二年级下.xlsx
beishida_start1|g2-lower|r012|vegetables,beishida_start1,2年级下,2,下,12,vegetables,vegetables,[ˈvedʒtəb(ə)lz],[ˈvedʒtəb(ə)lz],n. [园艺] 蔬菜(vegetable的复数形式);菜类,北师大版一年级起点二年级下.xlsx
beishida_start1|g2-lower|r013|are,beishida_start1,2年级下,2,下,13,are,are,[ɑ:(r)],[ər; ɑːr; er],v. 是(be的第二人称单复数现在式) n. 公亩,北师大版一年级起点二年级下.xlsx
beishida_start1|g2-lower|r014|these,beishida_start1,2年级下,2,下,14,these,these,[ðiːz],[ðiːz],adj. 这些的 pron. 这些,北师大版一年级起点二年级下.xlsx
beishida_start1|g2-lower|r015|they,beishida_start1,2年级下,2,下,15,they,they,[ðeɪ],[ðeɪ],pron. 他们;它们;她们,北师大版一年级起点二年级下.xlsx
beishida_start1|g2-lower|r016|tomatoes,beishida_start1,2年级下,2,下,16,tomatoes,tomatoes,[təˈmɑːtəʊz],[təˈmeɪtoʊz],n. 蕃茄(tomato的复数形式),北师大版一年级起点二年级下.xlsx
beishida_start1|g2-lower|r017|those,beishida_start1,2年级下,2,下,17,those,those,[ðəʊz],[ðoʊz],adj. 那些的 pron. 那些(that的复数),北师大版一年级起点二年级下.xlsx
beishida_start1|g2-lower|r018|beans,beishida_start1,2年级下,2,下,18,beans,beans,[bi:nz],[biːnz],n. 豆类;豆子;黄豆(bean的复数),北师大版一年级起点二年级下.xlsx
beishida_start1|g2-lower|r019|mushrooms,beishida_start1,2年级下,2,下,19,mushrooms,mushrooms,[ˈmʌʃrʊmz],[ˈmʌʃrʊmz],n. 蘑菇;蕈类(mushroom的复数形式) v. 采蘑菇;蘑菇般地迅速增长(mushroom的第三人称单数形式),北师大版一年级起点二年级下.xlsx
beishida_start1|g2-lower|r020|cabbages,beishida_start1,2年级下,2,下,20,cabbages,cabbages,,,"n. 洋白菜,卷心菜( cabbage的名词复数 )",北师大版一年级起点二年级下.xlsx
beishida_start1|g2-lower|r021|onions,beishida_start1,2年级下,2,下,21,onions,onions,[ˈʌnjənz],[ˈʌnjənz],n. [园艺] 洋葱(onion的复数) v. 因洋葱使掉泪(onion的单三形式),北师大版一年级起点二年级下.xlsx
beishida_start1|g2-lower|r022|potatoes,beishida_start1,2年级下,2,下,22,potatoes,potatoes,[pəˈteɪtəʊz],[pəˈtetoz],n. [作物] 土豆(potato的复数形式);[作物] 马铃薯,北师大版一年级起点二年级下.xlsx
beishida_start1|g2-lower|r023|carrots,beishida_start1,2年级下,2,下,23,carrots,carrots,[ˈkærəts],[ˈkærəts],n. [园艺] 胡萝卜;红萝卜(carrot的复数形式),北师大版一年级起点二年级下.xlsx
beishida_start1|g2-lower|r024|eggplants,beishida_start1,2年级下,2,下,24,eggplants,eggplants,['egplɑːnts],['ɛɡplænts],n. 茄子( eggplant的名词复数 ),北师大版一年级起点二年级下.xlsx
beishida_start1|g2-lower|r025|peppers,beishida_start1,2年级下,2,下,25,peppers,peppers,[ˈpepəz],[ˈpepərz],n. [植] 胡椒;[食品] 胡椒粉(pepper的复数) v. 加胡椒粉于...;连续打击;殴打(pepper的第三人称单数),北师大版一年级起点二年级下.xlsx
beishida_start1|g2-lower|r026|number,beishida_start1,2年级下,2,下,26,number,number,[ˈnʌmbə(r)],[ˈnʌmbər],n. 数;(杂志等的)期;号码;数字;算术 vi. 计入;总数达到 vt. 编号;计入;数...的数目;使为数有限,北师大版一年级起点二年级下.xlsx
beishida_start1|g2-lower|r027|bird,beishida_start1,2年级下,2,下,27,bird,bird,[bɜːd],[bɜːrd],n. 鸟;家伙;羽毛球 vt. 向...喝倒彩;起哄 vi. 猎鸟;观察研究野鸟,北师大版一年级起点二年级下.xlsx
beishida_start1|g2-lower|r028|how many,beishida_start1,2年级下,2,下,28,how many,how many,,,na. 多少,北师大版一年级起点二年级下.xlsx
beishida_start1|g2-lower|r029|there,beishida_start1,2年级下,2,下,29,there,there,[ðeə(r)],[ðer],n. 那个地方 adv. 在那里;在那边;在那点上 int. 你瞧,北师大版一年级起点二年级下.xlsx
beishida_start1|g2-lower|r030|nest,beishida_start1,2年级下,2,下,30,nest,nest,[nest],[nest],"n. 巢,窝;安乐窝;温床 vt. 筑巢;嵌套 vi. 筑巢;找鸟巢",北师大版一年级起点二年级下.xlsx
beishida_start1|g2-lower|r031|too,beishida_start1,2年级下,2,下,31,too,too,[tuː],[tuː],adv. 太;也;很;还;非常;过度,北师大版一年级起点二年级下.xlsx
beishida_start1|g2-lower|r032|egg,beishida_start1,2年级下,2,下,32,egg,egg,[eɡ],[eɡ],n. 蛋;卵子;家伙;鸡蛋 vt. 煽动;怂恿,北师大版一年级起点二年级下.xlsx
beishida_start1|g2-lower|r033|flower,beishida_start1,2年级下,2,下,33,flower,flower,[ˈflaʊə(r)],[ˈflaʊər],"n. 花;精华;开花植物 vt. 使开花;用花装饰 vi. 成熟,发育;开花;繁荣;旺盛",北师大版一年级起点二年级下.xlsx
beishida_start1|g2-lower|r034|eleven,beishida_start1,2年级下,2,下,34,eleven,eleven,[ɪˈlev(ə)n],[ɪˈlevn],num. 十一;十一个 n. 十一;十一个 adj. 十一的;十一个的,北师大版一年级起点二年级下.xlsx
beishida_start1|g2-lower|r035|thirteen,beishida_start1,2年级下,2,下,35,thirteen,thirteen,[ˌθɜːˈtiːn],[ˌθɜːrˈtiːn],n. 十三;十三岁;十三个 num. 十三 adj. 十三的;十三个的,北师大版一年级起点二年级下.xlsx
beishida_start1|g2-lower|r036|twelve,beishida_start1,2年级下,2,下,36,twelve,twelve,[twelv],[twelv],num. 十二;十二个 n. 十二;十二个 adj. 十二的;十二个的,北师大版一年级起点二年级下.xlsx
beishida_start1|g2-lower|r037|small,beishida_start1,2年级下,2,下,37,small,small,[smɔːl],[smɔːl],"n. 小件物品;矮小的人 adj. 少的,小的;微弱的;几乎没有的;不重要的;幼小的 adv. 小小地;卑鄙地",北师大版一年级起点二年级下.xlsx
beishida_start1|g2-lower|r038|crocodile,beishida_start1,2年级下,2,下,38,crocodile,crocodile,[ˈkrɒkədaɪl],[ˈkrɑːkədaɪl],n. 鳄鱼,北师大版一年级起点二年级下.xlsx
beishida_start1|g2-lower|r039|big,beishida_start1,2年级下,2,下,39,big,big,[bɪɡ],[bɪɡ],adj. 大的;重要的;量大的 adv. 大量地;顺利;夸大地,北师大版一年级起点二年级下.xlsx
beishida_start1|g2-lower|r040|fourteen,beishida_start1,2年级下,2,下,40,fourteen,fourteen,[ˌfɔːˈtiːn],[ˌfɔːrˈtiːn],num. 十四;十四个;第十四 n. 十四的记号;十四岁;十四点钟;十五世纪,北师大版一年级起点二年级下.xlsx
beishida_start1|g2-lower|r041|fifteen,beishida_start1,2年级下,2,下,41,fifteen,fifteen,[ˌfɪfˈtiːn],[ˌfɪfˈtiːn],n. 十五;十五个;十五人组成的橄榄球队 num. 十五 adj. 十五的,北师大版一年级起点二年级下.xlsx
beishida_start1|g2-lower|r042|sixteen,beishida_start1,2年级下,2,下,42,sixteen,sixteen,[ˌsɪksˈtiːn],[ˌsɪksˈtiːn],"num. 十六 adj. 十六的,十六个的",北师大版一年级起点二年级下.xlsx
beishida_start1|g2-lower|r043|seventeen,beishida_start1,2年级下,2,下,43,seventeen,seventeen,[ˌsev(ə)nˈtiːn],[ˌsevnˈtiːn],"n. 十七,十七个 num. 十七 adj. 十七岁的;十七的,十七个的",北师大版一年级起点二年级下.xlsx
beishida_start1|g2-lower|r044|eighteen,beishida_start1,2年级下,2,下,44,eighteen,eighteen,[ˌeɪˈtiːn],[ˌeɪˈtiːn],"n. 十八,十八个 num. 十八 adj. 十八个的,十八的",北师大版一年级起点二年级下.xlsx
beishida_start1|g2-lower|r045|nineteen,beishida_start1,2年级下,2,下,45,nineteen,nineteen,[ˌnaɪnˈtiːn],[ˌnaɪnˈtiːn],num. 十九,北师大版一年级起点二年级下.xlsx
beishida_start1|g2-lower|r046|twenty,beishida_start1,2年级下,2,下,46,twenty,twenty,[ˈtwenti],[ˈtwenti],num. 二十 n. 二十;二十年代 adj. 二十的,北师大版一年级起点二年级下.xlsx
beishida_start1|g2-lower|r047|color,beishida_start1,2年级下,2,下,47,color,color,[ˈkʌlə(r)],[ˈkʌlər],n. 颜色;肤色;颜料;脸色 vt. 粉饰;给...涂颜色;歪曲 vi. 变色;获得颜色,北师大版一年级起点二年级下.xlsx
beishida_start1|g2-lower|r048|butterfly,beishida_start1,2年级下,2,下,48,butterfly,butterfly,[ˈbʌtəflaɪ],[ˈbʌtərflaɪ],n. 蝴蝶;蝶泳;举止轻浮的人;追求享乐的人,北师大版一年级起点二年级下.xlsx
beishida_start1|g2-lower|r049|beautiful,beishida_start1,2年级下,2,下,49,beautiful,beautiful,[ˈbjuːtɪf(ə)l],[ˈbjuːtɪf(ə)l],adj. 美丽的 出色地 出色的 迷人的 迷人地,北师大版一年级起点二年级下.xlsx
beishida_start1|g2-lower|r050|red,beishida_start1,2年级下,2,下,50,red,red,[red],[red],"n. 红色,红颜料;赤字 adj. 红色的;红肿的,充血的",北师大版一年级起点二年级下.xlsx
beishida_start1|g2-lower|r051|yellow,beishida_start1,2年级下,2,下,51,yellow,yellow,[ˈjeləʊ],[ˈjeloʊ],n. 黄色;黄种人;黄色颜料 adj. 黄色的;黄皮肤的 vt. 使变黄或发黄 vi. 变黄或发黄,北师大版一年级起点二年级下.xlsx
beishida_start1|g2-lower|r052|blue,beishida_start1,2年级下,2,下,52,blue,blue,[bluː],[bluː],"adj. 蓝色的;沮丧的,忧郁的;下流的 n. 蓝色;[复数](美国海、陆、空三军穿的)蓝色制服;蓝颜料;[the blue(s)][用作单数或复数]布鲁斯(歌曲)(一种伤感的美国黑人民歌 vi. 变成蓝色,呈蓝色 vt. 把...染成蓝色;使成蓝色;给...用上蓝剂;用上蓝剂于",北师大版一年级起点二年级下.xlsx
beishida_start1|g2-lower|r053|green,beishida_start1,2年级下,2,下,53,green,green,[ɡriːn],[ɡriːn],n. 绿色;青春 adj. 绿色的;青春的 vt. 使...变绿色 vi. 变绿色,北师大版一年级起点二年级下.xlsx
beishida_start1|g2-lower|r054|brown,beishida_start1,2年级下,2,下,54,brown,brown,[braʊn],[braʊn],"n. 褐色,棕色 adj. 棕色的,褐色的;太阳晒黑的 vt. 使变成褐色 vi. 变成褐色",北师大版一年级起点二年级下.xlsx
beishida_start1|g2-lower|r055|orange,beishida_start1,2年级下,2,下,55,orange,orange,[ˈɒrɪndʒ],[ˈɔrɪndʒ],adj. 橙色的;橘色的 n. 橙;橙色;桔子,北师大版一年级起点二年级下.xlsx
beishida_start1|g2-lower|r056|look at,beishida_start1,2年级下,2,下,56,look at,look at,,,na. 看;考虑,北师大版一年级起点二年级下.xlsx
beishida_start1|g2-lower|r057|all,beishida_start1,2年级下,2,下,57,all,all,[ɔːl],[ɔːl],n. 全部 adj. 全部的 adv. 全然地;越发 pron. 全部,北师大版一年级起点二年级下.xlsx
beishida_start1|g2-lower|r058|white,beishida_start1,2年级下,2,下,58,white,white,[waɪt],[waɪt],n. 白色;洁白;白种人 adj. 白色的;白种的;纯洁的,北师大版一年级起点二年级下.xlsx
beishida_start1|g2-lower|r059|black,beishida_start1,2年级下,2,下,59,black,black,[blæk],[blæk],n. 黑色;黑人;黑颜料 adj. 黑色的;黑人的;邪恶的 vt. 使变黑;把鞋油等涂在...上;把(眼眶)打成青肿 vi. 变黑,北师大版一年级起点二年级下.xlsx
beishida_start1|g2-lower|r060|pink,beishida_start1,2年级下,2,下,60,pink,pink,[pɪŋk],[pɪŋk],"n. 粉红色;化身,典范;石竹花;头面人物 adj. 粉红的;比较激进的;石竹科的;脸色发红的 vt. 扎,刺,戳;使...变粉红色;使...面红耳赤 vi. 变粉红色",北师大版一年级起点二年级下.xlsx
beishida_start1|g2-lower|r061|purple,beishida_start1,2年级下,2,下,61,purple,purple,[ˈpɜːp(ə)l],[ˈpɜːrpl],n. 紫色;紫袍 adj. 紫色的;帝王的;华而不实的 vt. 使成紫色 vi. 变成紫色,北师大版一年级起点二年级下.xlsx
beishida_start1|g2-lower|r062|can,beishida_start1,2年级下,2,下,62,can,can,[kən; kæn],[kən; kæn],aux. 能; 能够; 可以; 可能 n. 罐头; (用金属或塑料制作的)容器; (马口铁或其他金属制作的)食品罐头 vt. 将...装入密封罐中保存,北师大版一年级起点二年级下.xlsx
beishida_start1|g2-lower|r063|climb,beishida_start1,2年级下,2,下,63,climb,climb,[klaɪm],[klaɪm],n. 爬;攀登 vi. 爬;攀登;上升 vt. 爬;攀登;上升,北师大版一年级起点二年级下.xlsx
beishida_start1|g2-lower|r064|tree,beishida_start1,2年级下,2,下,64,tree,tree,[triː],[triː],n. 树;木料;树状物 vt. 把...赶上树 vi. 爬上树;逃上树,北师大版一年级起点二年级下.xlsx
beishida_start1|g2-lower|r065|see,beishida_start1,2年级下,2,下,65,see,see,[siː],[siː],vi. 看;看见;领会 vt. 看见;理解;领会,北师大版一年级起点二年级下.xlsx
beishida_start1|g2-lower|r066|house,beishida_start1,2年级下,2,下,66,house,house,[haʊs],[haʊs],n. 住宅;家庭;机构;议会;某种用途的建筑物 vt. 覆盖;给...房子住;把...储藏在房内 vi. 住,北师大版一年级起点二年级下.xlsx
beishida_start1|g2-lower|r067|catch,beishida_start1,2年级下,2,下,67,catch,catch,[kætʃ],[kætʃ],n. 捕捉;捕获物;窗钩 vt. 赶上;抓住;感染;了解 vi. 赶上;抓住,北师大版一年级起点二年级下.xlsx
beishida_start1|g2-lower|r068|walk,beishida_start1,2年级下,2,下,68,walk,walk,[wɔːk],[wɔːk],"n. 步行,走;散步 vi. 走,步行;散步 vt. 散步;走过",北师大版一年级起点二年级下.xlsx
beishida_start1|g2-lower|r069|carry,beishida_start1,2年级下,2,下,69,carry,carry,[ˈkæri],[ˈkæri],"n. 运载;[计] 进位;射程 vi. 能达到;被携带;被搬运 vt. 拿,扛;携带;支持;搬运",北师大版一年级起点二年级下.xlsx
beishida_start1|g2-lower|r070|listen,beishida_start1,2年级下,2,下,70,listen,listen,[ˈlɪs(ə)n],[ˈlɪsn],"vi. 听,倾听;听从,听信 n. 听,倾听",北师大版一年级起点二年级下.xlsx
beishida_start1|g2-lower|r071|read,beishida_start1,2年级下,2,下,71,read,read,[riːd],[riːd],"n. 阅读;读物 adj. 有学问的 vi. 读;读起来 vt. 阅读;读懂,理解",北师大版一年级起点二年级下.xlsx
beishida_start1|g2-lower|r072|write,beishida_start1,2年级下,2,下,72,write,write,[raɪt],[raɪt],"vi. 写,写字;写作,作曲;写信 vt. 写,书写;写信给;著述",北师大版一年级起点二年级下.xlsx
beishida_start1|g2-lower|r073|sing,beishida_start1,2年级下,2,下,73,sing,sing,[sɪŋ],[sɪŋ],n. 演唱;鸣声;呼啸声 vt. 唱;用诗赞颂;唱着使 vi. 唱歌;歌颂;鸣叫;呼号,北师大版一年级起点二年级下.xlsx
beishida_start1|g2-lower|r074|dance,beishida_start1,2年级下,2,下,74,dance,dance,[dɑːns],[dæns],n. 舞蹈;舞会;舞曲 adj. 舞蹈的;用于跳舞的 vt. 跳舞;使跳跃 vi. 跳舞;跳跃;飘扬,北师大版一年级起点二年级下.xlsx
beishida_start1|g2-lower|r075|talk,beishida_start1,2年级下,2,下,75,talk,talk,[tɔːk],[tɔːk],n. 谈话;演讲;空谈 vi. 谈话;说闲话 vt. 说;谈话;讨论,北师大版一年级起点二年级下.xlsx
beishida_start1|g2-lower|r076|draw,beishida_start1,2年级下,2,下,76,draw,draw,[drɔː],[drɔː],n. 平局;抽签 vi. 拉;拖 vt. 画;拉;吸引,北师大版一年级起点二年级下.xlsx
beishida_start1|g2-lower|r077|open,beishida_start1,2年级下,2,下,77,open,open,[ˈəʊpən],[ˈoʊpən],adj. 公开的;敞开的;空旷的;坦率的;营业着的 vi. 开始;展现 vt. 公开;打开 n. 公开;空旷;户外,北师大版一年级起点二年级下.xlsx
beishida_start1|g2-lower|r078|door,beishida_start1,2年级下,2,下,78,door,door,[dɔː(r)],[dɔːr],"n. 门;家,户;门口;通道",北师大版一年级起点二年级下.xlsx
beishida_start1|g2-lower|r079|candy bar,beishida_start1,2年级下,2,下,79,candy bar,candy bar,,,na. 方糖块,北师大版一年级起点二年级下.xlsx
beishida_start1|g2-lower|r080|cookie,beishida_start1,2年级下,2,下,80,cookie,cookie,[ˈkʊki],[ˈkʊki],n. 饼干;小甜点,北师大版一年级起点二年级下.xlsx
beishida_start1|g2-lower|r081|monkey,beishida_start1,2年级下,2,下,81,monkey,monkey,[ˈmʌŋki],[ˈmʌŋki],n. 猴子;顽童 vi. 胡闹;捣蛋 vt. 嘲弄,北师大版一年级起点二年级下.xlsx
beishida_start1|g2-lower|r082|animal,beishida_start1,2年级下,2,下,82,animal,animal,[ˈænɪm(ə)l],[ˈænɪm(ə)l],n. 动物 动物的,北师大版一年级起点二年级下.xlsx
beishida_start1|g3-upper|r002|do,beishida_start1,3年级上,3,上,2,do,do,[duː; də; du; dəʊ],[duː; də; du; doʊ],"vi. 行,足够;生长 n. 要求;规定;C大调音阶中的第一音 v. 做;干;学习;研究;进行;完成;解答;整理;算出;引起;行过 aux. 助动词(构成疑问句和否定句);(代替动词);(用于加强语气) n. (口语)事件;(主英国口语)诈骗;(主英国、新西兰口语)宴会;(口语)必须做到的事情",北师大版一年级起点三年级上.xlsx
beishida_start1|g3-upper|r003|left,beishida_start1,3年级上,3,上,3,left,left,[left],[left],adj. 左边的;左派的;剩下的 adv. 在左面 n. 左边;左派;激进分子 v. 离开(leave的过去式),北师大版一年级起点三年级上.xlsx
beishida_start1|g3-upper|r004|right,beishida_start1,3年级上,3,上,4,right,right,[raɪt],[raɪt],n. 正确;右边;正义 adj. 正确的;直接的;右方的 vt. 纠正 adv. 正确地;恰当地;彻底地 vi. 复正;恢复平稳,北师大版一年级起点三年级上.xlsx
beishida_start1|g3-upper|r005|litter,beishida_start1,3年级上,3,上,5,litter,litter,[ˈlɪtə(r)],[ˈlɪtər],"n. 垃圾;轿,担架;一窝(动物的幼崽);凌乱 vt. 乱丢;给...垫褥草;把...弄得乱七八糟 vi. 产仔;乱扔废弃物",北师大版一年级起点三年级上.xlsx
beishida_start1|g3-upper|r006|touch,beishida_start1,3年级上,3,上,6,touch,touch,[tʌtʃ],[tʌtʃ],n. 接触;触觉;格调;少许 vt. 接触;触动;使轻度受害 vi. 触摸;涉及;接近;提到,北师大版一年级起点三年级上.xlsx
beishida_start1|g3-upper|r007|move,beishida_start1,3年级上,3,上,7,move,move,[muːv],[muːv],"n. 移动;步骤;迁居;策略 vi. 移动;搬家,迁移;离开 vt. 移动;感动",北师大版一年级起点三年级上.xlsx
beishida_start1|g3-upper|r008|camera,beishida_start1,3年级上,3,上,8,camera,camera,[ˈkæm(ə)rə],[ˈkæm(ə)rə],n. 照相机;摄影机,北师大版一年级起点三年级上.xlsx
beishida_start1|g3-upper|r009|worry,beishida_start1,3年级上,3,上,9,worry,worry,[ˈwʌri],[ˈwɜːri],n. 担心;烦恼;撕咬 vi. 担心;烦恼;撕咬 vt. 担心;发愁;折磨,北师大版一年级起点三年级上.xlsx
beishida_start1|g3-upper|r010|cry,beishida_start1,3年级上,3,上,10,cry,cry,[kraɪ],[kraɪ],n. 叫喊;叫声;口号;呼叫 vi. 哭;叫;喊 vt. 叫喊;哭出;大声说,北师大版一年级起点三年级上.xlsx
beishida_start1|g3-upper|r011|food,beishida_start1,3年级上,3,上,11,food,food,[fuːd],[fuːd],n. 食物;养料,北师大版一年级起点三年级上.xlsx
beishida_start1|g3-upper|r012|smoking,beishida_start1,3年级上,3,上,12,smoking,smoking,[ˈsməʊkɪŋ],[ˈsmoʊkɪŋ],n. 抽烟;冒气 v. 吸烟;冒烟(smoke的现在分词) adj. 准许吸烟的 adv. 冒着烟,北师大版一年级起点三年级上.xlsx
beishida_start1|g3-upper|r013|parking,beishida_start1,3年级上,3,上,13,parking,parking,[ˈpɑːkɪŋ],[ˈpɑːrkɪŋ],n. 停车 adj. 停车的 v. 停车(park的ing形式),北师大版一年级起点三年级上.xlsx
beishida_start1|g3-upper|r014|how much,beishida_start1,3年级上,3,上,14,how much,how much,[haʊ mʌtʃ],[haʊ mʌtʃ],conj. 多少,北师大版一年级起点三年级上.xlsx
beishida_start1|g3-upper|r015|toy,beishida_start1,3年级上,3,上,15,toy,toy,[tɔɪ],[tɔɪ],n. 玩具;小装饰品;不值钱的东西 adj. 作为玩具的;玩物似的 vi. 玩弄;调情;随随便便地对待,北师大版一年级起点三年级上.xlsx
beishida_start1|g3-upper|r016|please,beishida_start1,3年级上,3,上,16,please,please,[pliːz],[pliːz],"int. 请(礼貌用语) vt. 使喜欢;使高兴,使满意 vi. 讨人喜欢;令人高兴",北师大版一年级起点三年级上.xlsx
beishida_start1|g3-upper|r017|fifty,beishida_start1,3年级上,3,上,17,fifty,fifty,[ˈfɪfti],[ˈfɪfti],n. 五十;五十个;编号为50的东西 adj. 五十的;五十个的;众多的,北师大版一年级起点三年级上.xlsx
beishida_start1|g3-upper|r018|thirty,beishida_start1,3年级上,3,上,18,thirty,thirty,[ˈθɜːti],[ˈθɜːrti],num. 三十 n. 三十年代 adj. 三十个的,北师大版一年级起点三年级上.xlsx
beishida_start1|g3-upper|r019|robot,beishida_start1,3年级上,3,上,19,robot,robot,[ˈrəʊbɒt],[ˈroʊbɑːt],"n. 机器人;遥控设备,自动机械;机械般工作的人",北师大版一年级起点三年级上.xlsx
beishida_start1|g3-upper|r020|sixty,beishida_start1,3年级上,3,上,20,sixty,sixty,[ˈsɪksti],[ˈsɪksti],num. 六十;六十个,北师大版一年级起点三年级上.xlsx
beishida_start1|g3-upper|r021|ninety,beishida_start1,3年级上,3,上,21,ninety,ninety,[ˈnaɪnti],[ˈnaɪnti],n. 九十 adj. 九十的;九十岁的 num. 九十,北师大版一年级起点三年级上.xlsx
beishida_start1|g3-upper|r022|forty,beishida_start1,3年级上,3,上,22,forty,forty,[ˈfɔːti],[ˈfɔːrti],n. 四十 adj. 四十的;四十个的,北师大版一年级起点三年级上.xlsx
beishida_start1|g3-upper|r023|seventy,beishida_start1,3年级上,3,上,23,seventy,seventy,[ˈsev(ə)nti],[ˈsev(ə)nti],n. 七十;七十个;七十岁;七十年代 num. 七十 adj. 七十的;七十个的;七十岁的,北师大版一年级起点三年级上.xlsx
beishida_start1|g3-upper|r024|eighty,beishida_start1,3年级上,3,上,24,eighty,eighty,[ˈeɪti],[ˈeɪti],"num. 八十 n. 八十;八十岁;八十年代 adj. 八十的,八十个的;八十岁的",北师大版一年级起点三年级上.xlsx
beishida_start1|g3-upper|r025|hundred,beishida_start1,3年级上,3,上,25,hundred,hundred,[ˈhʌndrəd],[ˈhʌndrəd],num. 百;百个 n. 一百;许多 adj. 一百的;许多的,北师大版一年级起点三年级上.xlsx
beishida_start1|g3-upper|r026|study,beishida_start1,3年级上,3,上,26,study,study,[ˈstʌdi],[ˈstʌdi],"n. 学习,研究;课题;书房;学问 vt. 学习;考虑;攻读;细察 vi. 研究;用功",北师大版一年级起点三年级上.xlsx
beishida_start1|g3-upper|r027|whose,beishida_start1,3年级上,3,上,27,whose,whose,[huːz],[huːz],pron. 谁的(疑问代词),北师大版一年级起点三年级上.xlsx
beishida_start1|g3-upper|r028|computer,beishida_start1,3年级上,3,上,28,computer,computer,[kəmˈpjuːtə(r)],[kəmˈpjuːtər],n. 计算机;电脑;电子计算机,北师大版一年级起点三年级上.xlsx
beishida_start1|g3-upper|r029|cd,beishida_start1,3年级上,3,上,29,CD,cd,[ˌsiː ˈdiː],[ˌsiː ˈdiː],"abbr. 光盘,激光唱片(Compact Disc);呼叫设备(Calling Device);中央地区(Central District);商务部(Commerce Department)",北师大版一年级起点三年级上.xlsx
beishida_start1|g3-upper|r030|glasses,beishida_start1,3年级上,3,上,30,glasses,glasses,[ˈɡlɑːsɪz],[ˈɡlæsɪz],n. [轻] 眼镜;玻璃(glass的复数形式);双筒望远镜 v. 把...装入玻璃容器内;给...装上玻璃(glass的第三人称单数形式),北师大版一年级起点三年级上.xlsx
beishida_start1|g3-upper|r031|watch,beishida_start1,3年级上,3,上,31,watch,watch,[wɒtʃ],[wɑːtʃ],"n. 手表;监视;守护;值班人 vt. 观察;注视;看守;警戒 vi. 观看,注视;守侯,看守",北师大版一年级起点三年级上.xlsx
beishida_start1|g3-upper|r032|tv,beishida_start1,3年级上,3,上,32,TV,tv,[ˌtiː ˈviː],[ˌtiː ˈviː],abbr. 电视(television),北师大版一年级起点三年级上.xlsx
beishida_start1|g3-upper|r033|children,beishida_start1,3年级上,3,上,33,children,children,[ˈtʃɪldrən],[ˈtʃɪldrən],n. 孩子们(child的复数),北师大版一年级起点三年级上.xlsx
beishida_start1|g3-upper|r034|photo,beishida_start1,3年级上,3,上,34,photo,photo,[ˈfəʊtəʊ],[ˈfoʊtoʊ],n. 照片,北师大版一年级起点三年级上.xlsx
beishida_start1|g3-upper|r035|radio,beishida_start1,3年级上,3,上,35,radio,radio,[ˈreɪdiəʊ],[ˈreɪdioʊ],n. 收音机;无线电广播设备 vt. 用无线电发送 vi. 用无线电进行通信,北师大版一年级起点三年级上.xlsx
beishida_start1|g3-upper|r036|mobile phone,beishida_start1,3年级上,3,上,36,mobile phone,mobile phone,,,n. 手机;移动电话,北师大版一年级起点三年级上.xlsx
beishida_start1|g3-upper|r037|come in,beishida_start1,3年级上,3,上,37,come in,come in,,,na. 进入;当选;上台;(党派)组阁,北师大版一年级起点三年级上.xlsx
beishida_start1|g3-upper|r038|living room,beishida_start1,3年级上,3,上,38,living room,living room,['lɪvɪŋ ru:m],[ˈlɪvɪŋ ruːm],n. 客厅;起居室,北师大版一年级起点三年级上.xlsx
beishida_start1|g3-upper|r039|bedroom,beishida_start1,3年级上,3,上,39,bedroom,bedroom,[ˈbedruːm],[ˈbedruːm; ˈbedrʊm],n. 卧室 adj. 两性关系的;城郊住宅区的,北师大版一年级起点三年级上.xlsx
beishida_start1|g3-upper|r040|sleep,beishida_start1,3年级上,3,上,40,sleep,sleep,[sliːp],[sliːp],"n. 睡眠 vi. 睡,睡觉",北师大版一年级起点三年级上.xlsx
beishida_start1|g3-upper|r041|sleeping,beishida_start1,3年级上,3,上,41,sleeping,sleeping,[ˈsliːpɪŋ],[ˈsliːpɪŋ],n. 睡眠 adj. 睡着的,北师大版一年级起点三年级上.xlsx
beishida_start1|g3-upper|r042|bathroom,beishida_start1,3年级上,3,上,42,bathroom,bathroom,[ˈbɑːθruːm; ˈbɑːθrʊm],[ˈbæθruːm],n. 浴室;厕所;盥洗室,北师大版一年级起点三年级上.xlsx
beishida_start1|g3-upper|r043|wash,beishida_start1,3年级上,3,上,43,wash,wash,[wɒʃ],[wɑːʃ],n. 洗涤;洗的衣服;化妆水;冲积物 vt. 洗涤;洗刷;冲走;拍打 vi. 洗澡;被冲蚀,北师大版一年级起点三年级上.xlsx
beishida_start1|g3-upper|r044|washing,beishida_start1,3年级上,3,上,44,washing,washing,[ˈwɒʃɪŋ],[ˈwɑːʃɪŋ],"n. 洗涤;洗涤剂;要洗的衣物 v. 洗;使受洗礼(wash的ing形式) adj. 洗涤用的,清洗用的",北师大版一年级起点三年级上.xlsx
beishida_start1|g3-upper|r045|come out,beishida_start1,3年级上,3,上,45,come out,come out,,,na. 出来,北师大版一年级起点三年级上.xlsx
beishida_start1|g3-upper|r046|fish,beishida_start1,3年级上,3,上,46,fish,fish,[fɪʃ],[fɪʃ],"n. 鱼,鱼类 vt. 钓鱼,捕鱼;搜寻 vi. 捕鱼,钓鱼;用钩捞取",北师大版一年级起点三年级上.xlsx
beishida_start1|g3-upper|r047|fishing,beishida_start1,3年级上,3,上,47,fishing,fishing,[ˈfɪʃɪŋ],[ˈfɪʃɪŋ],n. 渔业;捕鱼(术);试探;装配 adj. 钓鱼的;钓鱼用的 v. 捕鱼(fish的ing形式),北师大版一年级起点三年级上.xlsx
beishida_start1|g3-upper|r048|kitchen,beishida_start1,3年级上,3,上,48,kitchen,kitchen,[ˈkɪtʃɪn],[ˈkɪtʃɪn],n. 厨房;炊具;炊事人员,北师大版一年级起点三年级上.xlsx
beishida_start1|g3-upper|r049|cook,beishida_start1,3年级上,3,上,49,cook,cook,[kʊk],[kʊk],"n. 厨师,厨子 vt. 烹调,煮 vi. 烹调,做菜",北师大版一年级起点三年级上.xlsx
beishida_start1|g3-upper|r050|cooking,beishida_start1,3年级上,3,上,50,cooking,cooking,[ˈkʊkɪŋ],[ˈkʊkɪŋ],n. 烹饪 adj. 烹调的 v. 烹调;筹划(cook的ing形式),北师大版一年级起点三年级上.xlsx
beishida_start1|g3-upper|r051|dinner,beishida_start1,3年级上,3,上,51,dinner,dinner,[ˈdɪnə(r)],[ˈdɪnər],"n. 晚餐,晚宴;宴会;正餐",北师大版一年级起点三年级上.xlsx
beishida_start1|g3-upper|r052|write,beishida_start1,3年级上,3,上,52,write,write,[raɪt],[raɪt],"vi. 写,写字;写作,作曲;写信 vt. 写,书写;写信给;著述",北师大版一年级起点三年级上.xlsx
beishida_start1|g3-upper|r053|writing,beishida_start1,3年级上,3,上,53,writing,writing,[ˈraɪtɪŋ],[ˈraɪtɪŋ],n. 书写;作品;著作;[法] 笔迹 v. 书写(write的ing形式),北师大版一年级起点三年级上.xlsx
beishida_start1|g3-upper|r054|drink,beishida_start1,3年级上,3,上,54,drink,drink,[drɪŋk],[drɪŋk],"n. 酒,饮料;喝酒 vt. 喝,饮;吸收;举杯庆贺 vi. 喝酒;饮水;干杯",北师大版一年级起点三年级上.xlsx
beishida_start1|g3-upper|r055|drinking,beishida_start1,3年级上,3,上,55,drinking,drinking,[ˈdrɪŋkɪŋ],[ˈdrɪŋkɪŋ],"n. 喝,饮;喝酒 v. 饮(drink的ing形式);喝",北师大版一年级起点三年级上.xlsx
beishida_start1|g3-upper|r056|play,beishida_start1,3年级上,3,上,56,play,play,[pleɪ],[pleɪ],n. 游戏;比赛;剧本 vt. 游戏;扮演;演奏;播放;同...比赛 vi. 演奏;玩耍;上演;参加比赛,北师大版一年级起点三年级上.xlsx
beishida_start1|g3-upper|r057|playing,beishida_start1,3年级上,3,上,57,playing,playing,[ˈpleɪɪŋ],[ˈpleɪɪŋ],n. 比赛;演奏 v. 玩耍(play的ing形式),北师大版一年级起点三年级上.xlsx
beishida_start1|g3-upper|r058|paint,beishida_start1,3年级上,3,上,58,paint,paint,[peɪnt],[peɪnt],"vt. 油漆;绘画;装饰;涂色于;描绘;(用语言,文字等)描写;擦脂粉等 vi. 油漆;描绘;绘画;化妆 n. 油漆;颜料,涂料;绘画作品;胭脂等化妆品;色彩,装饰",北师大版一年级起点三年级上.xlsx
beishida_start1|g3-upper|r059|painting,beishida_start1,3年级上,3,上,59,painting,painting,[ˈpeɪntɪŋ],[ˈpeɪntɪŋ],n. 绘画;油画;着色 v. 绘画(paint的ing形式);涂色于,北师大版一年级起点三年级上.xlsx
beishida_start1|g3-upper|r060|our,beishida_start1,3年级上,3,上,60,our,our,[ɑː(r)],[ɑːr],pron. 我们的,北师大版一年级起点三年级上.xlsx
beishida_start1|g3-upper|r061|math,beishida_start1,3年级上,3,上,61,math,math,[mæθ],[mæθ],n. 数学(等于mathematics),北师大版一年级起点三年级上.xlsx
beishida_start1|g3-upper|r062|english,beishida_start1,3年级上,3,上,62,English,english,[ˈɪŋɡlɪʃ],[ˈɪŋɡlɪʃ],n. 英语;英国人;英文;英格兰人 adj. 英国人的;英国的;英文的 vt. 把...译成英语,北师大版一年级起点三年级上.xlsx
beishida_start1|g3-upper|r063|subject,beishida_start1,3年级上,3,上,63,subject,subject,[ˈsʌbdʒɪkt; ˈsʌbdʒekt],[ˈsʌbdʒɪkt; ˈsʌbdʒekt],n. 主题;科目;[语] 主语;国民 adj. 服从的;易患...的;受制于...的 vt. 使...隶属;使屈从于...,北师大版一年级起点三年级上.xlsx
beishida_start1|g3-upper|r064|classroom,beishida_start1,3年级上,3,上,64,classroom,classroom,[ˈklɑːsruːm],[ˈklæsruːm; ˈklæsrʊm],n. 教室,北师大版一年级起点三年级上.xlsx
beishida_start1|g3-upper|r065|playground,beishida_start1,3年级上,3,上,65,playground,playground,[ˈpleɪɡraʊnd],[ˈpleɪɡraʊnd],"n. 运动场,操场;游乐场",北师大版一年级起点三年级上.xlsx
beishida_start1|g3-upper|r066|their,beishida_start1,3年级上,3,上,66,their,their,[ðeə(r)],[ðer],"pron. 他们的,她们的;它们的",北师大版一年级起点三年级上.xlsx
beishida_start1|g3-upper|r067|library,beishida_start1,3年级上,3,上,67,library,library,[ˈlaɪbrəri; ˈlaɪbri],[ˈlaɪbreri],"n. 图书馆,藏书室;文库",北师大版一年级起点三年级上.xlsx
beishida_start1|g3-upper|r068|music,beishida_start1,3年级上,3,上,68,music,music,[ˈmjuːzɪk],[ˈmjuːzɪk],"n. 音乐,乐曲",北师大版一年级起点三年级上.xlsx
beishida_start1|g3-upper|r069|art,beishida_start1,3年级上,3,上,69,art,art,[ɑːt],[ɑːrt],n. 艺术;美术;艺术品 v. 是(be的变体) adj. 艺术的;艺术品的,北师大版一年级起点三年级上.xlsx
beishida_start1|g3-upper|r070|chinese,beishida_start1,3年级上,3,上,70,Chinese,chinese,[ˌtʃaɪˈniːz],[ˌtʃaɪˈniːz],"n. 中文,汉语;中国人 adj. 中国的,中国人的;中国话的",北师大版一年级起点三年级上.xlsx
beishida_start1|g3-upper|r071|science,beishida_start1,3年级上,3,上,71,science,science,[ˈsaɪəns],[ˈsaɪəns],n. 科学;技术;学科;理科,北师大版一年级起点三年级上.xlsx
beishida_start1|g3-upper|r072|p.e.,beishida_start1,3年级上,3,上,72,P.E.,p.e.,,,n. 体育(课)(全写为 physical education),北师大版一年级起点三年级上.xlsx
beishida_start1|g3-upper|r073|christmas,beishida_start1,3年级上,3,上,73,Christmas,christmas,[ˈkrɪsməs],[ˈkrɪsməs],n. 圣诞节;圣诞节期间,北师大版一年级起点三年级上.xlsx
beishida_start1|g3-upper|r074|parents,beishida_start1,3年级上,3,上,74,parents,parents,['peərənts],['perənts],n. 父母;双亲(parent的复数) v. 教养;引起(parent的三单形式),北师大版一年级起点三年级上.xlsx
beishida_start1|g3-lower|r002|restaurant,beishida_start1,3年级下,3,下,2,restaurant,restaurant,[ˈrestrɒnt],[ˈrestrɑːnt; ˈrestərɑːnt],n. 餐馆;[经] 饭店,北师大版一年级起点三年级下.xlsx
beishida_start1|g3-lower|r003|menu,beishida_start1,3年级下,3,下,3,menu,menu,[ˈmenjuː],[ˈmenjuː],n. 菜单 饭菜,北师大版一年级起点三年级下.xlsx
beishida_start1|g3-lower|r004|like,beishida_start1,3年级下,3,下,4,like,like,[laɪk],[laɪk],vt. 喜欢;想;愿意 vi. 喜欢;希望 prep. 像;如同 adj. 同样的;相似的 n. 爱好;同样的人或物 adv. 可能 conj. 好像,北师大版一年级起点三年级下.xlsx
beishida_start1|g3-lower|r005|chicken,beishida_start1,3年级下,3,下,5,chicken,chicken,[ˈtʃɪkɪn],[ˈtʃɪkɪn],"n. 鸡肉;小鸡;胆小鬼,懦夫 adj. 鸡肉的;胆怯的;幼小的",北师大版一年级起点三年级下.xlsx
beishida_start1|g3-lower|r006|noodles,beishida_start1,3年级下,3,下,6,noodles,noodles,[ˈnuːd(ə)lz],[ˈnuːd(ə)lz],"n. 面条,挂面(noodle的复数形式)",北师大版一年级起点三年级下.xlsx
beishida_start1|g3-lower|r007|bread,beishida_start1,3年级下,3,下,7,bread,bread,[bred],[bred],n. 面包;生计 vt. 在...上洒面包屑,北师大版一年级起点三年级下.xlsx
beishida_start1|g3-lower|r008|fruit,beishida_start1,3年级下,3,下,8,fruit,fruit,[fruːt],[fruːt],n. 水果;产物 vt. 使......结果实 vi. 结果实,北师大版一年级起点三年级下.xlsx
beishida_start1|g3-lower|r009|meat,beishida_start1,3年级下,3,下,9,meat,meat,[miːt],[miːt],"n. 肉,肉类(食用)",北师大版一年级起点三年级下.xlsx
beishida_start1|g3-lower|r010|vegetables,beishida_start1,3年级下,3,下,10,vegetables,vegetables,[ˈvedʒtəb(ə)lz],[ˈvedʒtəb(ə)lz],n. [园艺] 蔬菜(vegetable的复数形式);菜类,北师大版一年级起点三年级下.xlsx
beishida_start1|g3-lower|r011|dumplings,beishida_start1,3年级下,3,下,11,dumplings,dumplings,['dʌmplɪŋz],[ˈdʌmplɪŋz],n. 饺子(dumpling的复数),北师大版一年级起点三年级下.xlsx
beishida_start1|g3-lower|r012|hamburgers,beishida_start1,3年级下,3,下,12,hamburgers,hamburgers,['hæmbɜːɡə(r)z],['hæmbɜːrɡərz],n. 汉堡包( hamburger的名词复数 ),北师大版一年级起点三年级下.xlsx
beishida_start1|g3-lower|r013|big,beishida_start1,3年级下,3,下,13,big,big,[bɪɡ],[bɪɡ],adj. 大的;重要的;量大的 adv. 大量地;顺利;夸大地,北师大版一年级起点三年级下.xlsx
beishida_start1|g3-lower|r014|beautiful,beishida_start1,3年级下,3,下,14,beautiful,beautiful,[ˈbjuːtɪf(ə)l],[ˈbjuːtɪf(ə)l],adj. 美丽的 出色地 出色的 迷人的 迷人地,北师大版一年级起点三年级下.xlsx
beishida_start1|g3-lower|r015|tall,beishida_start1,3年级下,3,下,15,tall,tall,[tɔːl],[tɔːl],adj. 高的;长的;过分的;夸大的 adv. 夸大地,北师大版一年级起点三年级下.xlsx
beishida_start1|g3-lower|r016|small,beishida_start1,3年级下,3,下,16,small,small,[smɔːl],[smɔːl],"n. 小件物品;矮小的人 adj. 少的,小的;微弱的;几乎没有的;不重要的;幼小的 adv. 小小地;卑鄙地",北师大版一年级起点三年级下.xlsx
beishida_start1|g3-lower|r017|peacock,beishida_start1,3年级下,3,下,17,peacock,peacock,[ˈpiːkɒk],[ˈpiːkɑːk],n. 孔雀;雄孔雀;爱虚荣的人 vi. 炫耀;神气活现地走,北师大版一年级起点三年级下.xlsx
beishida_start1|g3-lower|r018|old,beishida_start1,3年级下,3,下,18,old,old,[əʊld],[oʊld],"adj. 陈旧的,古老的;年老的 n. 古时",北师大版一年级起点三年级下.xlsx
beishida_start1|g3-lower|r019|turtle,beishida_start1,3年级下,3,下,19,turtle,turtle,[ˈtɜːt(ə)l],[ˈtɜːrtl],"n. 龟,甲鱼;海龟",北师大版一年级起点三年级下.xlsx
beishida_start1|g3-lower|r020|young,beishida_start1,3年级下,3,下,20,young,young,[jʌŋ],[jʌŋ],"n. 年轻人;(动物的)崽,仔 adj. 年轻的;初期的;没有经验的",北师大版一年级起点三年级下.xlsx
beishida_start1|g3-lower|r021|bad,beishida_start1,3年级下,3,下,21,bad,bad,[bæd],[bæd],"n. 坏事;坏人 adj. 坏的;严重的;劣质的 adv. 很,非常;坏地;邪恶地",北师大版一年级起点三年级下.xlsx
beishida_start1|g3-lower|r022|good,beishida_start1,3年级下,3,下,22,good,good,[ɡʊd],[ɡʊd],n. 好处;善行;慷慨的行为 adj. 好的;优良的;愉快的;虔诚的 adv. 好,北师大版一年级起点三年级下.xlsx
beishida_start1|g3-lower|r023|happy,beishida_start1,3年级下,3,下,23,happy,happy,[ˈhæpi],[ˈhæpi],adj. 幸福的;高兴的;巧妙的,北师大版一年级起点三年级下.xlsx
beishida_start1|g3-lower|r024|short,beishida_start1,3年级下,3,下,24,short,short,[ʃɔːt],[ʃɔːrt],"n. 短;缺乏;短路;短裤 adj. 短的;不足的;矮的,低的 adv. 不足;突然;唐突地",北师大版一年级起点三年级下.xlsx
beishida_start1|g3-lower|r025|fast,beishida_start1,3年级下,3,下,25,fast,fast,[fɑːst],[fæst],"n. 斋戒;绝食 adj. 快速的,迅速的;紧的,稳固的 adv. 迅速地;紧紧地;彻底地 vi. 禁食,斋戒",北师大版一年级起点三年级下.xlsx
beishida_start1|g3-lower|r026|slow,beishida_start1,3年级下,3,下,26,slow,slow,[sləʊ],[sloʊ],adj. 慢的;减速的;迟钝的 vt. 放慢;阻碍 vi. 变慢;变萧条 adv. 慢慢地;迟缓地,北师大版一年级起点三年级下.xlsx
beishida_start1|g3-lower|r027|fat,beishida_start1,3年级下,3,下,27,fat,fat,[fæt],[fæt],"n. 脂肪,肥肉 adj. 肥的,胖的;油腻的;丰满的 vt. 养肥;在...中加入脂肪 vi. 长肥",北师大版一年级起点三年级下.xlsx
beishida_start1|g3-lower|r028|thin,beishida_start1,3年级下,3,下,28,thin,thin,[θɪn],[θɪn],n. 细小部分 adj. 薄的;瘦的;稀薄的;微弱的 vt. 使瘦;使淡;使稀疏 vi. 变薄;变瘦;变淡 adv. 稀疏地;微弱地,北师大版一年级起点三年级下.xlsx
beishida_start1|g3-lower|r029|long,beishida_start1,3年级下,3,下,29,long,long,[lɒŋ],[lɔːŋ],"n. 长时间;[语] 长音节;(服装的)长尺寸;长裤 adj. 长的;过长的;做多头的;长时间的;冗长的,长音 vi. 渴望;热望 adv. 长期地;始终",北师大版一年级起点三年级下.xlsx
beishida_start1|g3-lower|r030|hot,beishida_start1,3年级下,3,下,30,hot,hot,[hɒt],[hɑːt],adj. 热的;辣的;热情的;激动的;紧迫的 vt. 增加;给...加温 adv. 热;紧迫地 vi. 变热,北师大版一年级起点三年级下.xlsx
beishida_start1|g3-lower|r031|soup,beishida_start1,3年级下,3,下,31,soup,soup,[suːp],[suːp],"n. 汤,羹;马力 vt. 加速;增加马力",北师大版一年级起点三年级下.xlsx
beishida_start1|g3-lower|r032|thirsty,beishida_start1,3年级下,3,下,32,thirsty,thirsty,[ˈθɜːsti],[ˈθɜːrsti],"adj. 口渴的,口干的;渴望的,热望的",北师大版一年级起点三年级下.xlsx
beishida_start1|g3-lower|r033|some,beishida_start1,3年级下,3,下,33,some,some,[sʌm],[sʌm; səm],adj. 一些;某个;大约;相当多的 pron. 一些;若干;其中的一部分;(数,北师大版一年级起点三年级下.xlsx
beishida_start1|g3-lower|r034|cola,beishida_start1,3年级下,3,下,34,cola,cola,[ˈkəʊlə],[ˈkoʊlə],n. 可乐;可乐树(其子含咖啡碱),北师大版一年级起点三年级下.xlsx
beishida_start1|g3-lower|r035|hungry,beishida_start1,3年级下,3,下,35,hungry,hungry,[ˈhʌŋɡri],[ˈhʌŋɡri],adj. 饥饿的;渴望的;荒年的;不毛的,北师大版一年级起点三年级下.xlsx
beishida_start1|g3-lower|r036|milk,beishida_start1,3年级下,3,下,36,milk,milk,[mɪlk],[mɪlk],n. 牛奶;乳状物 vt. 榨取;挤...的奶 vi. 挤奶,北师大版一年级起点三年级下.xlsx
beishida_start1|g3-lower|r037|cold,beishida_start1,3年级下,3,下,37,cold,cold,[kəʊld],[kəʊld],"n. 寒冷;感冒 adj. 寒冷的;冷淡的,不热情的;失去知觉的 adv. 完全地",北师大版一年级起点三年级下.xlsx
beishida_start1|g3-lower|r038|fresh,beishida_start1,3年级下,3,下,38,fresh,fresh,[freʃ],[freʃ],"n. 开始;新生;泛滥 adj. 新鲜的;清新的;淡水的;无经验的 adv. 刚刚,才;最新地",北师大版一年级起点三年级下.xlsx
beishida_start1|g3-lower|r039|favorite,beishida_start1,3年级下,3,下,39,favorite,favorite,[ˈfeɪvərɪt],[ˈfeɪvərɪt],n. 幸运儿;喜欢的事物;特别喜欢的人 adj. 最喜爱的;中意的;宠爱的,北师大版一年级起点三年级下.xlsx
beishida_start1|g3-lower|r040|coffee,beishida_start1,3年级下,3,下,40,coffee,coffee,[ˈkɒfi],[ˈkɔːfi],n. 咖啡;咖啡豆;咖啡色,北师大版一年级起点三年级下.xlsx
beishida_start1|g3-lower|r041|water,beishida_start1,3年级下,3,下,41,water,water,[ˈwɔːtə(r)],[ˈwɔːtər],"n. 水;海水;雨水;海域,大片的水 vt. 使湿;供以水;给...浇水 vi. 加水;流泪;流口水",北师大版一年级起点三年级下.xlsx
beishida_start1|g3-lower|r042|iced tea,beishida_start1,3年级下,3,下,42,iced tea,iced tea,,,n. 冰茶,北师大版一年级起点三年级下.xlsx
beishida_start1|g3-lower|r043|store,beishida_start1,3年级下,3,下,43,store,store,[stɔː(r)],[stɔːr],"n. 商店;储备,贮藏;仓库 vt. 贮藏,储存",北师大版一年级起点三年级下.xlsx
beishida_start1|g3-lower|r044|hat,beishida_start1,3年级下,3,下,44,hat,hat,[hæt],[hæt],n. 帽子 vt. 给......戴上帽子 vi. 供应帽子;制造帽子,北师大版一年级起点三年级下.xlsx
beishida_start1|g3-lower|r045|new,beishida_start1,3年级下,3,下,45,new,new,[njuː],[nuː],"adj. 新的,新鲜的;更新的;初见的 adv. 新近",北师大版一年级起点三年级下.xlsx
beishida_start1|g3-lower|r046|clock,beishida_start1,3年级下,3,下,46,clock,clock,[klɒk],[klɑːk],n. 时钟;计时器 vt. 记录;记时 vi. 打卡;记录时间,北师大版一年级起点三年级下.xlsx
beishida_start1|g3-lower|r047|storybook,beishida_start1,3年级下,3,下,47,storybook,storybook,[ˈstɔːribʊk],[ˈstɔːribʊk],n. 故事书;小说,北师大版一年级起点三年级下.xlsx
beishida_start1|g3-lower|r048|sell,beishida_start1,3年级下,3,下,48,sell,sell,[sel],[sel],n. 销售;失望;推销术 vt. 销售;推销;出卖;欺骗 vi. 卖;出售;受欢迎;有销路,北师大版一年级起点三年级下.xlsx
beishida_start1|g3-lower|r049|newspaper,beishida_start1,3年级下,3,下,49,newspaper,newspaper,[ˈnjuːzpeɪpə(r)],[ˈnuːzpeɪpər],n. 报纸 报社 旧报纸,北师大版一年级起点三年级下.xlsx
beishida_start1|g3-lower|r050|magazine,beishida_start1,3年级下,3,下,50,magazine,magazine,[ˌmæɡəˈziːn],[ˈmæɡəziːn],n. 杂志;弹药库;胶卷盒,北师大版一年级起点三年级下.xlsx
beishida_start1|g3-lower|r051|watch,beishida_start1,3年级下,3,下,51,watch,watch,[wɒtʃ],[wɑːtʃ],"n. 手表;监视;守护;值班人 vt. 观察;注视;看守;警戒 vi. 观看,注视;守侯,看守",北师大版一年级起点三年级下.xlsx
beishida_start1|g3-lower|r052|umbrella,beishida_start1,3年级下,3,下,52,umbrella,umbrella,[ʌmˈbrelə],[ʌmˈbrelə],n. 雨伞;保护伞;庇护;伞形结构,北师大版一年级起点三年级下.xlsx
beishida_start1|g3-lower|r053|toys,beishida_start1,3年级下,3,下,53,toys,toys,[tɒɪz],[tɔɪz],n. [轻] 玩具(toy的复数) v. 摆弄;调情(toy的第三人称单数),北师大版一年级起点三年级下.xlsx
beishida_start1|g3-lower|r054|well,beishida_start1,3年级下,3,下,54,well,well,[wel],[wel],n. 井;源泉 adj. 良好的;健康的;适宜的 adv. 很好地;充分地;满意地;适当地 v. 涌出,北师大版一年级起点三年级下.xlsx
beishida_start1|g3-lower|r055|stomach,beishida_start1,3年级下,3,下,55,stomach,stomach,[ˈstʌmək],[ˈstʌmək],n. 胃;腹部;胃口 vt. 忍受;吃下 vi. 忍受,北师大版一年级起点三年级下.xlsx
beishida_start1|g3-lower|r056|hurt,beishida_start1,3年级下,3,下,56,hurt,hurt,[hɜːt],[hɜːrt],n. 痛苦;危害;痛苦的原因 vt. 使受伤;损害;使疼痛;使痛心 adj. 受伤的;痛苦的;受损的 vi. 感到疼痛;有坏处;带来痛苦,北师大版一年级起点三年级下.xlsx
beishida_start1|g3-lower|r057|mouth,beishida_start1,3年级下,3,下,57,mouth,mouth,[maʊθ],[maʊθ],"n. 口,嘴;河口 vt. 做作地说,装腔作势地说;喃喃地说出 vi. 装腔作势说话",北师大版一年级起点三年级下.xlsx
beishida_start1|g3-lower|r058|hair,beishida_start1,3年级下,3,下,58,hair,hair,[heə(r)],[her],n. 头发;毛发;些微 adj. 毛发的;护理毛发的;用毛发制成的 vt. 除去...的毛发 vi. 生长毛发;形成毛状纤维,北师大版一年级起点三年级下.xlsx
beishida_start1|g3-lower|r059|face,beishida_start1,3年级下,3,下,59,face,face,[feɪs],[feɪs],n. 脸;表面;面子;面容;外观;威信 vi. 向;朝 vt. 面对;面向;承认;抹盖,北师大版一年级起点三年级下.xlsx
beishida_start1|g3-lower|r060|head,beishida_start1,3年级下,3,下,60,head,head,[hed],[hed],n. 头;头痛;上端;最前的部分;理解力 adj. 头的;主要的;在顶端的 vt. 前进;用头顶;作为...的首领;站在...的前头;给...加标题 vi. 出发;成头状物;船驶往,北师大版一年级起点三年级下.xlsx
beishida_start1|g3-lower|r061|arm,beishida_start1,3年级下,3,下,61,arm,arm,[ɑːm],[ɑːrm],n. 手臂;武器;袖子;装备;部门 vt. 武装;备战 vi. 武装起来,北师大版一年级起点三年级下.xlsx
beishida_start1|g3-lower|r062|hand,beishida_start1,3年级下,3,下,62,hand,hand,[hænd],[hænd],"n. 手,手艺;帮助;指针;插手 vt. 传递,交给;支持;搀扶",北师大版一年级起点三年级下.xlsx
beishida_start1|g3-lower|r063|leg,beishida_start1,3年级下,3,下,63,leg,leg,[leɡ],[leɡ],n. 腿;支柱,北师大版一年级起点三年级下.xlsx
beishida_start1|g3-lower|r064|foot,beishida_start1,3年级下,3,下,64,foot,foot,[fʊt],[fʊt],n. 脚;英尺;步调;末尾 vt. 支付;给......换底 vi. 步行;跳舞;总计,北师大版一年级起点三年级下.xlsx
beishida_start1|g3-lower|r065|ticket,beishida_start1,3年级下,3,下,65,ticket,ticket,[ˈtɪkɪt],[ˈtɪkɪt],vt. 加标签于;指派;对...开出交通违规罚单,北师大版一年级起点三年级下.xlsx
beishida_start1|g3-lower|r066|train,beishida_start1,3年级下,3,下,66,train,train,[treɪn],[treɪn],n. 火车;行列;长队;裙裾 v. 培养;训练;瞄准,北师大版一年级起点三年级下.xlsx
beishida_start1|g3-lower|r067|window,beishida_start1,3年级下,3,下,67,window,window,[ˈwɪndəʊ],[ˈwɪndoʊ],n. 窗;窗口;窗户,北师大版一年级起点三年级下.xlsx
beishida_start1|g4-upper|r002|juggler,beishida_start1,4年级上,4,上,2,juggler,juggler,[ˈdʒʌɡlə(r)],[ˈdʒʌɡlər],n. 变戏法的人;玩杂耍的人;骗子,北师大版一年级起点四年级上.xlsx
beishida_start1|g4-upper|r003|does,beishida_start1,4年级上,4,上,3,does,does,[dʌz],[dʌz],v. 做;工作;有用(do的第三人称单数形式),北师大版一年级起点四年级上.xlsx
beishida_start1|g4-upper|r004|teacher,beishida_start1,4年级上,4,上,4,teacher,teacher,[ˈtiːtʃə(r)],[ˈtiːtʃər],n. 教师;导师,北师大版一年级起点四年级上.xlsx
beishida_start1|g4-upper|r005|juggle,beishida_start1,4年级上,4,上,5,juggle,juggle,[ˈdʒʌɡl],[ˈdʒʌɡl],vi. 玩杂耍;欺骗;歪曲 vt. 歪曲;欺骗 n. 玩戏法;欺骗,北师大版一年级起点四年级上.xlsx
beishida_start1|g4-upper|r006|doctor,beishida_start1,4年级上,4,上,6,doctor,doctor,[ˈdɒktə(r)],[ˈdɑːktər],"vt. 修理;篡改,伪造;为...治病;授以博士学位 n. 医生;博士 vi. 就医;行医",北师大版一年级起点四年级上.xlsx
beishida_start1|g4-upper|r007|vet,beishida_start1,4年级上,4,上,7,vet,vet,[vet],[vet],n. 兽医 vt. 审查;诊疗 vi. 作兽医;诊疗,北师大版一年级起点四年级上.xlsx
beishida_start1|g4-upper|r008|farmer,beishida_start1,4年级上,4,上,8,farmer,farmer,[ˈfɑːmə(r)],[ˈfɑːrmər],"n. 农夫,农民",北师大版一年级起点四年级上.xlsx
beishida_start1|g4-upper|r009|policeman,beishida_start1,4年级上,4,上,9,policeman,policeman,[pəˈliːsmən],[pəˈliːsmən],"n. 警察,警员;[分化] 淀帚(橡皮头玻璃搅棒)",北师大版一年级起点四年级上.xlsx
beishida_start1|g4-upper|r010|nurse,beishida_start1,4年级上,4,上,10,nurse,nurse,[nɜːs],[nɜːrs],"vt. 看护,护理;照顾;培养;给...喂奶 vi. 照料,护理;喂奶;当保姆 n. 护士;奶妈,保姆",北师大版一年级起点四年级上.xlsx
beishida_start1|g4-upper|r011|bus driver,beishida_start1,4年级上,4,上,11,bus driver,bus driver,,,na. (公共汽车)驾驶员;〈俚〉轰炸机驾驶员,北师大版一年级起点四年级上.xlsx
beishida_start1|g4-upper|r012|singer,beishida_start1,4年级上,4,上,12,singer,singer,[ˈsɪŋə(r)],[ˈsɪŋər],"n. 歌手,歌唱家",北师大版一年级起点四年级上.xlsx
beishida_start1|g4-upper|r013|worker,beishida_start1,4年级上,4,上,13,worker,worker,[ˈwɜːkə(r)],[ˈwɜːrkər],n. 工人;劳动者;职蚁,北师大版一年级起点四年级上.xlsx
beishida_start1|g4-upper|r014|teach,beishida_start1,4年级上,4,上,14,teach,teach,[tiːtʃ],[tiːtʃ],vt. 教;教授;教导 vi. 教授;讲授;当老师,北师大版一年级起点四年级上.xlsx
beishida_start1|g4-upper|r015|see,beishida_start1,4年级上,4,上,15,see,see,[siː],[siː],vi. 看;看见;领会 vt. 看见;理解;领会,北师大版一年级起点四年级上.xlsx
beishida_start1|g4-upper|r016|squirrel,beishida_start1,4年级上,4,上,16,squirrel,squirrel,[ˈskwɪrəl],[ˈskwɜːrəl],n. 松鼠;松鼠毛皮 vt. 贮藏,北师大版一年级起点四年级上.xlsx
beishida_start1|g4-upper|r017|build,beishida_start1,4年级上,4,上,17,build,build,[bɪld],[bɪld],n. 构造;体形;体格 vi. 建筑;建造 vt. 建立;建筑,北师大版一年级起点四年级上.xlsx
beishida_start1|g4-upper|r018|seed,beishida_start1,4年级上,4,上,18,seed,seed,[siːd],[siːd],n. 种子;根据;精液;萌芽;子孙;原由 vt. 播种;结实;成熟;去...籽 vi. 播种;(植物)结实,北师大版一年级起点四年级上.xlsx
beishida_start1|g4-upper|r019|leaf,beishida_start1,4年级上,4,上,19,leaf,leaf,[liːf],[liːf],"n. 叶子;(书籍等的)一张;扇页 vi. 生叶;翻书页 vt. 翻...的页,匆匆翻阅",北师大版一年级起点四年级上.xlsx
beishida_start1|g4-upper|r020|panda,beishida_start1,4年级上,4,上,20,panda,panda,[ˈpændə],[ˈpændə],n. 熊猫;猫熊,北师大版一年级起点四年级上.xlsx
beishida_start1|g4-upper|r021|rabbit,beishida_start1,4年级上,4,上,21,rabbit,rabbit,[ˈræbɪt],[ˈræbɪt],"n. 兔子,野兔 vt. 让...见鬼去吧 vi. 猎兔",北师大版一年级起点四年级上.xlsx
beishida_start1|g4-upper|r022|live,beishida_start1,4年级上,4,上,22,live,live,[lɪv; laɪv],[lɪv; laɪv],adj. 活的;生动的;实况转播的;精力充沛的 vt. 经历;度过 vi. 活;居住;生存,北师大版一年级起点四年级上.xlsx
beishida_start1|g4-upper|r023|hole,beishida_start1,4年级上,4,上,23,hole,hole,[həʊl],[hoʊl],"n. 洞,孔;洞穴,穴;突破口 vt. 凿洞 vi. 凿洞,穿孔;(高尔夫球等)进洞",北师大版一年级起点四年级上.xlsx
beishida_start1|g4-upper|r024|grass,beishida_start1,4年级上,4,上,24,grass,grass,[ɡrɑːs],[ɡræs],"n. 草;草地,草坪 vt. 放牧;使......长满草;使......吃草 vi. 长草",北师大版一年级起点四年级上.xlsx
beishida_start1|g4-upper|r025|tiger,beishida_start1,4年级上,4,上,25,tiger,tiger,[ˈtaɪɡə(r)],[ˈtaɪɡər],n. 老虎;凶暴的人,北师大版一年级起点四年级上.xlsx
beishida_start1|g4-upper|r026|leopard,beishida_start1,4年级上,4,上,26,leopard,leopard,[ˈlepəd],[ˈlepərd],n. 豹;美洲豹,北师大版一年级起点四年级上.xlsx
beishida_start1|g4-upper|r027|sheep,beishida_start1,4年级上,4,上,27,sheep,sheep,[ʃiːp],[ʃiːp],"n. 羊,绵羊;胆小鬼",北师大版一年级起点四年级上.xlsx
beishida_start1|g4-upper|r028|cow,beishida_start1,4年级上,4,上,28,cow,cow,[kaʊ],[kaʊ],"n. 奶牛,母牛;母兽 vt. 威胁,恐吓",北师大版一年级起点四年级上.xlsx
beishida_start1|g4-upper|r029|giraffe,beishida_start1,4年级上,4,上,29,giraffe,giraffe,[dʒəˈrɑːf],[dʒəˈræf],n. 长颈鹿,北师大版一年级起点四年级上.xlsx
beishida_start1|g4-upper|r030|kangaroo,beishida_start1,4年级上,4,上,30,kangaroo,kangaroo,[ˌkæŋɡəˈruː],[ˌkæŋɡəˈruː],n. 袋鼠,北师大版一年级起点四年级上.xlsx
beishida_start1|g4-upper|r031|lion,beishida_start1,4年级上,4,上,31,lion,lion,[ˈlaɪən],[ˈlaɪən],n. 狮子;名人;勇猛的人;社交场合的名流,北师大版一年级起点四年级上.xlsx
beishida_start1|g4-upper|r032|too,beishida_start1,4年级上,4,上,32,too,too,[tuː],[tuː],adv. 太;也;很;还;非常;过度,北师大版一年级起点四年级上.xlsx
beishida_start1|g4-upper|r033|expensive,beishida_start1,4年级上,4,上,33,expensive,expensive,[ɪkˈspensɪv],[ɪkˈspensɪv],adj. 昂贵的;花钱的,北师大版一年级起点四年级上.xlsx
beishida_start1|g4-upper|r034|skirt,beishida_start1,4年级上,4,上,34,skirt,skirt,[skɜːt],[skɜːrt],"n. 裙子 vt. 绕过,回避;位于...边缘 vi. 沿边走,绕开;环绕",北师大版一年级起点四年级上.xlsx
beishida_start1|g4-upper|r035|clothes,beishida_start1,4年级上,4,上,35,clothes,clothes,[kləʊðz],[kloʊðz; kloʊz],n. 衣服,北师大版一年级起点四年级上.xlsx
beishida_start1|g4-upper|r036|cheap,beishida_start1,4年级上,4,上,36,cheap,cheap,[tʃiːp],[tʃiːp],adj. 便宜的;小气的;不值钱的 adv. 便宜地,北师大版一年级起点四年级上.xlsx
beishida_start1|g4-upper|r037|any,beishida_start1,4年级上,4,上,37,any,any,[ˈeni],[ˈeni],adj. 任何的;所有的;丝毫 pron. 任何;任何一个;若干 adv. 稍微;少许,北师大版一年级起点四年级上.xlsx
beishida_start1|g4-upper|r038|shoes,beishida_start1,4年级上,4,上,38,shoes,shoes,['ʃu:z],[ʃuːz],n. 鞋子(shoe的复数) v. 穿鞋(shoe的第三人称单数),北师大版一年级起点四年级上.xlsx
beishida_start1|g4-upper|r039|pair,beishida_start1,4年级上,4,上,39,pair,pair,[peə(r)],[per],"n. 一对,一双,一副 vt. 把...组成一对",北师大版一年级起点四年级上.xlsx
beishida_start1|g4-upper|r040|trousers,beishida_start1,4年级上,4,上,40,trousers,trousers,[ˈtraʊzəz],[ˈtraʊzərz],"n. 裤子,长裤",北师大版一年级起点四年级上.xlsx
beishida_start1|g4-upper|r041|size,beishida_start1,4年级上,4,上,41,size,size,[saɪz],[saɪz],n. 大小;尺寸 adj. 一定尺寸的 vt. 依大小排列 vi. 可比拟,北师大版一年级起点四年级上.xlsx
beishida_start1|g4-upper|r042|cap,beishida_start1,4年级上,4,上,42,cap,cap,[kæp],[kæp],n. 盖;帽子 vt. 覆盖;胜过;给...戴帽;加盖于 vi. 脱帽致意,北师大版一年级起点四年级上.xlsx
beishida_start1|g4-upper|r043|dress,beishida_start1,4年级上,4,上,43,dress,dress,[dres],[dres],n. 连衣裙;女装 vt. 给...穿衣 vi. 穿衣,北师大版一年级起点四年级上.xlsx
beishida_start1|g4-upper|r044|coat,beishida_start1,4年级上,4,上,44,coat,coat,[kəʊt],[koʊt],n. 外套 vt. 覆盖...的表面,北师大版一年级起点四年级上.xlsx
beishida_start1|g4-upper|r045|sweater,beishida_start1,4年级上,4,上,45,sweater,sweater,[ˈswetə(r)],[ˈswetər],"n. 毛线衣,运动衫;大量出汗的人,发汗剂",北师大版一年级起点四年级上.xlsx
beishida_start1|g4-upper|r046|jacket,beishida_start1,4年级上,4,上,46,jacket,jacket,[ˈdʒækɪt],[ˈdʒækɪt],"n. 羽绒滑雪衫;西装短外套;短上衣,夹克;土豆皮;书籍的护封;文件套,公文夹 vt. 给...穿夹克;给...装护套;给...包上护封;〈口〉打",北师大版一年级起点四年级上.xlsx
beishida_start1|g4-upper|r047|jeans,beishida_start1,4年级上,4,上,47,jeans,jeans,[dʒiːnz],[dʒiːnz],n. 牛仔裤;工装裤,北师大版一年级起点四年级上.xlsx
beishida_start1|g4-upper|r048|shorts,beishida_start1,4年级上,4,上,48,shorts,shorts,[ʃɔːts],[ʃɔːrts],n. 短裤,北师大版一年级起点四年级上.xlsx
beishida_start1|g4-upper|r049|sandals,beishida_start1,4年级上,4,上,49,sandals,sandals,[ˈsænd(ə)lz],[ˈsænd(ə)lz],n. [服装] 凉鞋;[服装] 拖鞋(sandal的复数);便鞋 v. 使穿凉鞋(sandal的第三人称单数),北师大版一年级起点四年级上.xlsx
beishida_start1|g4-upper|r050|where,beishida_start1,4年级上,4,上,50,where,where,[weə(r)],[wer],conj. 在...的地方 n. 地点 adv. 在哪里 pron. 哪里,北师大版一年级起点四年级上.xlsx
beishida_start1|g4-upper|r051|here,beishida_start1,4年级上,4,上,51,here,here,[hɪə(r)],[hɪr],n. 这里 adv. 在这里;此时 int. 嘿!;喂!,北师大版一年级起点四年级上.xlsx
beishida_start1|g4-upper|r052|behind,beishida_start1,4年级上,4,上,52,behind,behind,[bɪˈhaɪnd],[bɪˈhaɪnd],prep. 落后于;支持;晚于 n. 屁股 adv. 在后地;在原处,北师大版一年级起点四年级上.xlsx
beishida_start1|g4-upper|r053|sofa,beishida_start1,4年级上,4,上,53,sofa,sofa,[ˈsəʊfə],[ˈsoʊfə],n. 沙发;长椅,北师大版一年级起点四年级上.xlsx
beishida_start1|g4-upper|r054|under,beishida_start1,4年级上,4,上,54,under,under,[ˈʌndə(r)],[ˈʌndər],"prep. 低于,少于;在...之下 adj. 下面的;从属的 adv. 在下面;在下方",北师大版一年级起点四年级上.xlsx
beishida_start1|g4-upper|r055|in,beishida_start1,4年级上,4,上,55,in,in,[ɪn],[ɪn],prep. 按照(表示方式);从事于;在...之内 n. 执政者;门路;知情者 adj. 在里面的;时髦的 adv. 进入;当选;(服装等)时髦;在屋里,北师大版一年级起点四年级上.xlsx
beishida_start1|g4-upper|r056|bed,beishida_start1,4年级上,4,上,56,bed,bed,[bed],[bed],"n. 床;基础;河底, 海底 vt. 使睡觉;安置,嵌入;栽种 vi. 上床;分层",北师大版一年级起点四年级上.xlsx
beishida_start1|g4-upper|r057|wardrobe,beishida_start1,4年级上,4,上,57,wardrobe,wardrobe,[ˈwɔːdrəʊb],[ˈwɔːrdroʊb],n. 衣柜;行头;全部戏装,北师大版一年级起点四年级上.xlsx
beishida_start1|g4-upper|r058|on,beishida_start1,4年级上,4,上,58,on,on,[ɒn],[ɑːn],"adv. 向前地;作用中,行动中;继续着 prep. 向,朝......;关于;在......之上;在......时候 adj. 开着的;发生着的,正在进行中",北师大版一年级起点四年级上.xlsx
beishida_start1|g4-upper|r059|in front of,beishida_start1,4年级上,4,上,59,in front of,in front of,[ɪn frʌnt əv],[ɪn frʌnt ʌv],na. 在...的前面,北师大版一年级起点四年级上.xlsx
beishida_start1|g4-upper|r060|next to,beishida_start1,4年级上,4,上,60,next to,next to,,,prep. 紧邻;在...近旁;仅次于;紧接,北师大版一年级起点四年级上.xlsx
beishida_start1|g4-upper|r061|bookshelf,beishida_start1,4年级上,4,上,61,bookshelf,bookshelf,[ˈbʊkʃelf],[ˈbʊkʃelf],n. 书架,北师大版一年级起点四年级上.xlsx
beishida_start1|g4-upper|r062|town,beishida_start1,4年级上,4,上,62,town,town,[taʊn],[taʊn],"n. 城镇,市镇;市内商业区",北师大版一年级起点四年级上.xlsx
beishida_start1|g4-upper|r063|map,beishida_start1,4年级上,4,上,63,map,map,[mæp],[mæp],vt. 映射;计划;绘制地图;确定基因在染色体中的位置 n. 地图;示意图;染色体图 vi. 基因被安置,北师大版一年级起点四年级上.xlsx
beishida_start1|g4-upper|r064|near,beishida_start1,4年级上,4,上,64,near,near,[nɪə(r)],[nɪr],adj. 近的;亲近的;近似的 adv. 近;接近 prep. 靠近;近似于,北师大版一年级起点四年级上.xlsx
beishida_start1|g4-upper|r065|train station,beishida_start1,4年级上,4,上,65,train station,train station,[trein ˈsteiʃn],[treɪn ˈsteɪʃn],n. 火车站,北师大版一年级起点四年级上.xlsx
beishida_start1|g4-upper|r066|zoo,beishida_start1,4年级上,4,上,66,zoo,zoo,[zuː],[zuː],n. 动物园; <美俚>(铁路货车的最后一节)守车; <美俚>核粒子园,北师大版一年级起点四年级上.xlsx
beishida_start1|g4-upper|r067|park,beishida_start1,4年级上,4,上,67,park,park,[pɑːk],[pɑːrk],n. 公园;[交] 停车场 vt. 停放;放置;寄存 vi. 停放车辆,北师大版一年级起点四年级上.xlsx
beishida_start1|g4-upper|r068|go straight,beishida_start1,4年级上,4,上,68,go straight,go straight,,,na. 笔直走,北师大版一年级起点四年级上.xlsx
beishida_start1|g4-upper|r069|turn,beishida_start1,4年级上,4,上,69,turn,turn,[tɜːn],[tɜːrn],"n. 转弯;变化;(损害或有益于别人的)行为,举动,举止 vi. 转向;转变;转动 vt. 转动,使旋转;转弯;翻过来;兑换",北师大版一年级起点四年级上.xlsx
beishida_start1|g4-upper|r070|left,beishida_start1,4年级上,4,上,70,left,left,[left],[left],adj. 左边的;左派的;剩下的 adv. 在左面 n. 左边;左派;激进分子 v. 离开(leave的过去式),北师大版一年级起点四年级上.xlsx
beishida_start1|g4-upper|r071|right,beishida_start1,4年级上,4,上,71,right,right,[raɪt],[raɪt],n. 正确;右边;正义 adj. 正确的;直接的;右方的 vt. 纠正 adv. 正确地;恰当地;彻底地 vi. 复正;恢复平稳,北师大版一年级起点四年级上.xlsx
beishida_start1|g4-upper|r072|toilet,beishida_start1,4年级上,4,上,72,toilet,toilet,[ˈtɔɪlət],[ˈtɔɪlət],"n. 厕所,盥洗室;梳妆,打扮 vt. 给...梳妆打扮 vi. 梳妆,打扮",北师大版一年级起点四年级上.xlsx
beishida_start1|g4-upper|r073|post office,beishida_start1,4年级上,4,上,73,post office,post office,[ˈpəust ɔfis],[ˈpost ɔfɪs],n. 邮局;邮政部门;邮政系统;邮差敲门游戏(儿童用假托的信件换取亲吻),北师大版一年级起点四年级上.xlsx
beishida_start1|g4-upper|r074|supermarket,beishida_start1,4年级上,4,上,74,supermarket,supermarket,[ˈsuːpəmɑːkɪt],[ˈsuːpərmɑːrkɪt],n. 超级市场;自助售货商店,北师大版一年级起点四年级上.xlsx
beishida_start1|g4-upper|r075|cinema,beishida_start1,4年级上,4,上,75,cinema,cinema,[ˈsɪnəmə],[ˈsɪnəmə],"n. 电影;电影院;电影业,电影制作术",北师大版一年级起点四年级上.xlsx
beishida_start1|g4-upper|r076|lake,beishida_start1,4年级上,4,上,76,lake,lake,[leɪk],[leɪk],n. 湖;深红色颜料;胭脂红 vt. (使)血球溶解 vi. (使)血球溶解,北师大版一年级起点四年级上.xlsx
beishida_start1|g4-upper|r077|street,beishida_start1,4年级上,4,上,77,street,street,[striːt],[striːt],n. 街道 adj. 街道的,北师大版一年级起点四年级上.xlsx
beishida_start1|g4-upper|r078|bus stop,beishida_start1,4年级上,4,上,78,bus stop,bus stop,,,n. 公共汽车停靠站,北师大版一年级起点四年级上.xlsx
beishida_start1|g4-upper|r079|hospital,beishida_start1,4年级上,4,上,79,hospital,hospital,[ˈhɒspɪt(ə)l],[ˈhɑːspɪtl],n. 医院,北师大版一年级起点四年级上.xlsx
beishida_start1|g4-upper|r080|library,beishida_start1,4年级上,4,上,80,library,library,[ˈlaɪbrəri; ˈlaɪbri],[ˈlaɪbreri],"n. 图书馆,藏书室;文库",北师大版一年级起点四年级上.xlsx
beishida_start1|g4-lower|r002|today,beishida_start1,4年级下,4,下,2,today,today,[təˈdeɪ],[təˈdeɪ],n. 今天;现今 adv. 今天;现今,北师大版一年级起点四年级下.xlsx
beishida_start1|g4-lower|r003|monday,beishida_start1,4年级下,4,下,3,Monday,monday,[ˈmʌndeɪ],[ˈmʌndeɪ],n. 星期一,北师大版一年级起点四年级下.xlsx
beishida_start1|g4-lower|r004|day,beishida_start1,4年级下,4,下,4,day,day,[deɪ],[deɪ],n. 一天;时期;白昼 adj. 日间的;逐日的 adv. 每天;经常在白天地,北师大版一年级起点四年级下.xlsx
beishida_start1|g4-lower|r005|tomorrow,beishida_start1,4年级下,4,下,5,tomorrow,tomorrow,[təˈmɒrəʊ],[təˈmɑːroʊ],n. 明天;未来 adv. 明天;未来地(等于to-morrow),北师大版一年级起点四年级下.xlsx
beishida_start1|g4-lower|r006|tuesday,beishida_start1,4年级下,4,下,6,Tuesday,tuesday,[ˈtjuːzdeɪ],[ˈtuːzdeɪ],n. 星期二,北师大版一年级起点四年级下.xlsx
beishida_start1|g4-lower|r007|every,beishida_start1,4年级下,4,下,7,every,every,[ˈevri],[ˈevri],"adj. 每一的,每个的;每隔...的",北师大版一年级起点四年级下.xlsx
beishida_start1|g4-lower|r008|friday,beishida_start1,4年级下,4,下,8,Friday,friday,[ˈfraɪdeɪ],[ˈfraɪdeɪ],n. 星期五,北师大版一年级起点四年级下.xlsx
beishida_start1|g4-lower|r009|saturday,beishida_start1,4年级下,4,下,9,Saturday,saturday,[ˈsætədeɪ],[ˈsætərdeɪ],n. 星期六,北师大版一年级起点四年级下.xlsx
beishida_start1|g4-lower|r010|sunday,beishida_start1,4年级下,4,下,10,Sunday,sunday,[ˈsʌndeɪ],[ˈsʌndeɪ],n. 星期日;礼拜日,北师大版一年级起点四年级下.xlsx
beishida_start1|g4-lower|r011|remember,beishida_start1,4年级下,4,下,11,remember,remember,[rɪˈmembə(r)],[rɪˈmembər],"vi. 记得,记起 vt. 记得;牢记;纪念;代...问好",北师大版一年级起点四年级下.xlsx
beishida_start1|g4-lower|r012|all,beishida_start1,4年级下,4,下,12,all,all,[ɔːl],[ɔːl],n. 全部 adj. 全部的 adv. 全然地;越发 pron. 全部,北师大版一年级起点四年级下.xlsx
beishida_start1|g4-lower|r013|week,beishida_start1,4年级下,4,下,13,week,week,[wiːk],[wiːk],"n. 周,星期",北师大版一年级起点四年级下.xlsx
beishida_start1|g4-lower|r014|diary,beishida_start1,4年级下,4,下,14,diary,diary,[ˈdaɪəri],[ˈdaɪəri],"n. 日志,日记;日记簿",北师大版一年级起点四年级下.xlsx
beishida_start1|g4-lower|r015|wednesday,beishida_start1,4年级下,4,下,15,Wednesday,wednesday,[ˈwenzdeɪ],[ˈwenzdeɪ],n. 星期三,北师大版一年级起点四年级下.xlsx
beishida_start1|g4-lower|r016|thursday,beishida_start1,4年级下,4,下,16,Thursday,thursday,[ˈθɜːzdeɪ],[ˈθɜːrzdeɪ],n. 星期四,北师大版一年级起点四年级下.xlsx
beishida_start1|g4-lower|r017|visit,beishida_start1,4年级下,4,下,17,visit,visit,[ˈvɪzɪt],[ˈvɪzɪt],n. 访问;参观;逗留 vt. 访问;参观;视察 vi. 访问;暂住;闲谈,北师大版一年级起点四年级下.xlsx
beishida_start1|g4-lower|r018|watch,beishida_start1,4年级下,4,下,18,watch,watch,[wɒtʃ],[wɑːtʃ],"n. 手表;监视;守护;值班人 vt. 观察;注视;看守;警戒 vi. 观看,注视;守侯,看守",北师大版一年级起点四年级下.xlsx
beishida_start1|g4-lower|r019|late,beishida_start1,4年级下,4,下,19,late,late,[leɪt],[leɪt],adj. 晚的;迟的;已故的;最近的 adv. 晚;迟;最近;在晚期,北师大版一年级起点四年级下.xlsx
beishida_start1|g4-lower|r020|hurry,beishida_start1,4年级下,4,下,20,hurry,hurry,[ˈhʌri],[ˈhɜːri],"n. 匆忙,急忙 v. 仓促(做某事);催促;(朝某方向)迅速移动;迅速处理",北师大版一年级起点四年级下.xlsx
beishida_start1|g4-lower|r021|... o'clock,beishida_start1,4年级下,4,下,21,... o'clock,... o'clock,,,abbr. ...点钟(等于of the clock),北师大版一年级起点四年级下.xlsx
beishida_start1|g4-lower|r022|time,beishida_start1,4年级下,4,下,22,time,time,[taɪm],[taɪm],n. 时间;时代;次数;节拍;倍数 adj. 定时的;定期的;分期的 vt. 计时;测定...的时间;安排...的速度,北师大版一年级起点四年级下.xlsx
beishida_start1|g4-lower|r023|early,beishida_start1,4年级下,4,下,23,early,early,[ˈɜːli],[ˈɜːrli],adj. 早期的;早熟的 adv. 提早;在初期,北师大版一年级起点四年级下.xlsx
beishida_start1|g4-lower|r024|slow,beishida_start1,4年级下,4,下,24,slow,slow,[sləʊ],[sloʊ],adj. 慢的;减速的;迟钝的 vt. 放慢;阻碍 vi. 变慢;变萧条 adv. 慢慢地;迟缓地,北师大版一年级起点四年级下.xlsx
beishida_start1|g4-lower|r025|have dinner,beishida_start1,4年级下,4,下,25,have dinner,have dinner,,,吃晚饭;吃饭;吃正餐,北师大版一年级起点四年级下.xlsx
beishida_start1|g4-lower|r026|fix,beishida_start1,4年级下,4,下,26,fix,fix,[fɪks],[fɪks],n. 困境;方位;贿赂 vt. 使固定;修理;安装;准备 vi. 固定;注视,北师大版一年级起点四年级下.xlsx
beishida_start1|g4-lower|r027|night,beishida_start1,4年级下,4,下,27,night,night,[naɪt],[naɪt],"n. 夜晚,晚上;黑暗,黑夜 adj. 夜晚的,夜间的",北师大版一年级起点四年级下.xlsx
beishida_start1|g4-lower|r028|breakfast,beishida_start1,4年级下,4,下,28,breakfast,breakfast,[ˈbrekfəst],[ˈbrekfəst],n. 早餐;早饭 vt. 为...供应早餐 vi. 吃早餐,北师大版一年级起点四年级下.xlsx
beishida_start1|g4-lower|r029|always,beishida_start1,4年级下,4,下,29,always,always,[ˈɔːlweɪz],[ˈɔːlweɪz],"adv. 永远,一直;总是;常常",北师大版一年级起点四年级下.xlsx
beishida_start1|g4-lower|r030|often,beishida_start1,4年级下,4,下,30,often,often,[ˈɒf(ə)n],[ˈɔːf(ə)n],"adv. 常常,时常",北师大版一年级起点四年级下.xlsx
beishida_start1|g4-lower|r031|after,beishida_start1,4年级下,4,下,31,after,after,[ˈɑːftə(r)],[ˈæftər],"conj. 在......之后 prep. 在......之后 adj. 以后的 adv. 后来,以后",北师大版一年级起点四年级下.xlsx
beishida_start1|g4-lower|r032|morning,beishida_start1,4年级下,4,下,32,morning,morning,[ˈmɔːnɪŋ],[ˈmɔːrnɪŋ],n. 早晨;黎明;初期,北师大版一年级起点四年级下.xlsx
beishida_start1|g4-lower|r033|afternoon,beishida_start1,4年级下,4,下,33,afternoon,afternoon,[ˌɑːftəˈnuːn],[ˌæftərˈnuːn],"n. 午后,下午",北师大版一年级起点四年级下.xlsx
beishida_start1|g4-lower|r034|never,beishida_start1,4年级下,4,下,34,never,never,[ˈnevə(r)],[ˈnevər],adv. 从未;决不,北师大版一年级起点四年级下.xlsx
beishida_start1|g4-lower|r035|sometimes,beishida_start1,4年级下,4,下,35,sometimes,sometimes,[ˈsʌmtaɪmz],[ˈsʌmtaɪmz],"adv. 有时,间或",北师大版一年级起点四年级下.xlsx
beishida_start1|g4-lower|r036|exercise,beishida_start1,4年级下,4,下,36,exercise,exercise,[ˈeksəsaɪz],[ˈeksərsaɪz],n. 运动;练习;运用;操练;礼拜;典礼 vt. 锻炼;练习;使用;使忙碌;使惊恐 vi. 运动;练习,北师大版一年级起点四年级下.xlsx
beishida_start1|g4-lower|r037|get up,beishida_start1,4年级下,4,下,37,get up,get up,[ɡet ʌp],[ɡet ʌp],na. 起床;起身;站起来;叫...起床,北师大版一年级起点四年级下.xlsx
beishida_start1|g4-lower|r038|have lunch,beishida_start1,4年级下,4,下,38,have lunch,have lunch,[hæv lʌntʃ],[hæv lʌntʃ],吃午饭;吃午餐;吃中饭,北师大版一年级起点四年级下.xlsx
beishida_start1|g4-lower|r039|go to bed,beishida_start1,4年级下,4,下,39,go to bed,go to bed,,,na. 睡;同床;【印】付印,北师大版一年级起点四年级下.xlsx
beishida_start1|g4-lower|r040|do homework,beishida_start1,4年级下,4,下,40,do homework,do homework,,,做作业;做家庭作业;做功课,北师大版一年级起点四年级下.xlsx
beishida_start1|g4-lower|r041|let's,beishida_start1,4年级下,4,下,41,let's,let's,,,让我们(let us的简写),北师大版一年级起点四年级下.xlsx
beishida_start1|g4-lower|r042|go to a movie,beishida_start1,4年级下,4,下,42,go to a movie,go to a movie,,,去看电影;会去看电影;看场电影,北师大版一年级起点四年级下.xlsx
beishida_start1|g4-lower|r043|start,beishida_start1,4年级下,4,下,43,start,start,[stɑːt],[stɑːrt],n. 开始;起点 vt. 开始;启动 vi. 出发,北师大版一年级起点四年级下.xlsx
beishida_start1|g4-lower|r044|enough,beishida_start1,4年级下,4,下,44,enough,enough,[ɪˈnʌf],[ɪˈnʌf],"n. 很多;充足 adj. 充足的 adv. 足够地,充足地 int. 够了!",北师大版一年级起点四年级下.xlsx
beishida_start1|g4-lower|r045|shall,beishida_start1,4年级下,4,下,45,shall,shall,[ʃəl; ʃæl],[ʃəl; ʃæl],aux. 应;会;将;必须,北师大版一年级起点四年级下.xlsx
beishida_start1|g4-lower|r046|amusement park,beishida_start1,4年级下,4,下,46,amusement park,amusement park,,,n. 游乐场;娱乐园,北师大版一年级起点四年级下.xlsx
beishida_start1|g4-lower|r047|museum,beishida_start1,4年级下,4,下,47,museum,museum,[mjuˈziːəm],[mjuˈziːəm],n. 博物馆,北师大版一年级起点四年级下.xlsx
beishida_start1|g4-lower|r048|dinosaur,beishida_start1,4年级下,4,下,48,dinosaur,dinosaur,[ˈdaɪnəsɔː(r)],[ˈdaɪnəsɔːr],n. 恐龙;过时、落伍的人或事物,北师大版一年级起点四年级下.xlsx
beishida_start1|g4-lower|r049|idea,beishida_start1,4年级下,4,下,49,idea,idea,[aɪˈdɪə],[aɪˈdiːə],n. 想法;主意;概念,北师大版一年级起点四年级下.xlsx
beishida_start1|g4-lower|r050|free,beishida_start1,4年级下,4,下,50,free,free,[friː],[friː],"adj. 免费的;自由的,不受约束的;[化学] 游离的 vt. 使自由,解放;释放 adv. 自由地;免费",北师大版一年级起点四年级下.xlsx
beishida_start1|g4-lower|r051|close,beishida_start1,4年级下,4,下,51,close,close,[kləʊz],[kloʊz; kloʊs],n. 结束 adj. 紧密的;亲密的;亲近的 vt. 关;结束;使靠近 vi. 关;结束;关闭 adv. 紧密地,北师大版一年级起点四年级下.xlsx
beishida_start1|g4-lower|r052|by bus,beishida_start1,4年级下,4,下,52,by bus,by bus,,,na. 乘公共汽车,北师大版一年级起点四年级下.xlsx
beishida_start1|g4-lower|r053|go to the library,beishida_start1,4年级下,4,下,53,go to the library,go to the library,,,无,北师大版一年级起点四年级下.xlsx
beishida_start1|g4-lower|r054|play sports,beishida_start1,4年级下,4,下,54,play sports,play sports,,,做运动;进行体育运动;进行体育活动,北师大版一年级起点四年级下.xlsx
beishida_start1|g4-lower|r055|play games,beishida_start1,4年级下,4,下,55,play games,play games,,,做游戏;玩游戏;捣鬼,北师大版一年级起点四年级下.xlsx
beishida_start1|g4-lower|r056|by bike,beishida_start1,4年级下,4,下,56,by bike,by bike,,,骑自行车;骑车;骑单车,北师大版一年级起点四年级下.xlsx
beishida_start1|g4-lower|r057|by car,beishida_start1,4年级下,4,下,57,by car,by car,,,na. 乘电车;乘汽车,北师大版一年级起点四年级下.xlsx
beishida_start1|g4-lower|r058|by taxi,beishida_start1,4年级下,4,下,58,by taxi,by taxi,,,乘出租车;坐出租车;打的,北师大版一年级起点四年级下.xlsx
beishida_start1|g4-lower|r059|weather,beishida_start1,4年级下,4,下,59,weather,weather,[ˈweðə(r)],[ˈweðər],n. 天气;气象;气候;处境 vt. 经受住;使风化;侵蚀;使受风吹雨打 adj. 露天的;迎风的 vi. 风化;受侵蚀;经受风雨,北师大版一年级起点四年级下.xlsx
beishida_start1|g4-lower|r060|sunny,beishida_start1,4年级下,4,下,60,sunny,sunny,[ˈsʌni],[ˈsʌni],"adj. 阳光充足的,和煦的;快活的;性情开朗的",北师大版一年级起点四年级下.xlsx
beishida_start1|g4-lower|r061|farm,beishida_start1,4年级下,4,下,61,farm,farm,[fɑːm],[fɑːrm],"n. 农场;农家;畜牧场 vt. 养殖;耕种;佃出(土地) vi. 种田,务农;经营农场",北师大版一年级起点四年级下.xlsx
beishida_start1|g4-lower|r062|cloud,beishida_start1,4年级下,4,下,62,cloud,cloud,[klaʊd],[klaʊd],n. 云;阴云;云状物;一大群;黑斑 vt. 使混乱;以云遮敝;使忧郁;玷污 vi. 阴沉;乌云密布,北师大版一年级起点四年级下.xlsx
beishida_start1|g4-lower|r063|rain,beishida_start1,4年级下,4,下,63,rain,rain,[reɪn],[reɪn],n. 雨;下雨;雨天;雨季 vt. 大量地给;使大量落下 vi. 下雨;降雨,北师大版一年级起点四年级下.xlsx
beishida_start1|g4-lower|r064|weather report,beishida_start1,4年级下,4,下,64,weather report,weather report,,,na. 气象通报;天气预报,北师大版一年级起点四年级下.xlsx
beishida_start1|g4-lower|r065|cloudy,beishida_start1,4年级下,4,下,65,cloudy,cloudy,[ˈklaʊdi],[ˈklaʊdi],adj. 多云的;阴天的;愁容满面的,北师大版一年级起点四年级下.xlsx
beishida_start1|g4-lower|r066|fun,beishida_start1,4年级下,4,下,66,fun,fun,[fʌn],[fʌn],n. 乐趣;玩笑;有趣的人或事 adj. 供娱乐用的 vi. 开玩笑,北师大版一年级起点四年级下.xlsx
beishida_start1|g4-lower|r067|stay at home,beishida_start1,4年级下,4,下,67,stay at home,stay at home,,,na. 长时间内不在,北师大版一年级起点四年级下.xlsx
beishida_start1|g4-lower|r068|rainy,beishida_start1,4年级下,4,下,68,rainy,rainy,[ˈreɪni],[ˈreɪni],adj. 下雨的;多雨的,北师大版一年级起点四年级下.xlsx
beishida_start1|g4-lower|r069|snowy,beishida_start1,4年级下,4,下,69,snowy,snowy,[ˈsnəʊi],[ˈsnoʊi],"adj. 下雪的,多雪的;被雪覆盖的;洁白无瑕的",北师大版一年级起点四年级下.xlsx
beishida_start1|g4-lower|r070|windy,beishida_start1,4年级下,4,下,70,windy,windy,[ˈwɪndi],[ˈwɪndi],"adj. 多风的,有风的;腹胀的;吹牛的",北师大版一年级起点四年级下.xlsx
beishida_start1|g4-lower|r071|fine,beishida_start1,4年级下,4,下,71,fine,fine,[faɪn],[faɪn],"n. 罚款 adj. 好的;优良的;细小的,精美的;健康的;晴朗的 vt. 罚款;澄清 adv. 很好地;精巧地",北师大版一年级起点四年级下.xlsx
beishida_start1|g4-lower|r072|sky,beishida_start1,4年级下,4,下,72,sky,sky,[skaɪ],[skaɪ],n. 天空;顶点 vt. 把...投向空中;把...挂得过高 vi. 踢或击高空球;把桨叶翘得过高;飞涨,北师大版一年级起点四年级下.xlsx
beishida_start1|g5-upper|r002|have,beishida_start1,5年级上,5,上,2,have,have,[həv],[həv; əv; hæv],aux. 已经 vt. 有;让;拿;从事;允许,北师大版一年级起点五年级上.xlsx
beishida_start1|g5-upper|r003|has,beishida_start1,5年级上,5,上,3,has,has,[həz],[həz; əz; hæz],"v. 有,吃,得到,从事,允许,雇用,享有(have的第三人称单数);(亲属关系中)接受;拿;买到",北师大版一年级起点五年级上.xlsx
beishida_start1|g5-upper|r004|had,beishida_start1,5年级上,5,上,4,had,had,[həd; əd; hæd],[həd; əd; hæd],v. 有;吃;得到(动词have的过去式和过去分词) aux. 已经(用于过去完成时和过去完成进行时),北师大版一年级起点五年级上.xlsx
beishida_start1|g5-upper|r005|dream,beishida_start1,5年级上,5,上,5,dream,dream,[driːm],[driːm],"n. 梦想,愿望;梦 adj. 梦的;理想的;不切实际的 vt. 梦想;做梦;想到 vi. 梦想;做梦,梦见;想到",北师大版一年级起点五年级上.xlsx
beishida_start1|g5-upper|r006|last night,beishida_start1,5年级上,5,上,6,last night,last night,,,na. 昨晚;最后一夜,北师大版一年级起点五年级上.xlsx
beishida_start1|g5-upper|r007|astronaut,beishida_start1,5年级上,5,上,7,astronaut,astronaut,[ˈæstrənɔːt],[ˈæstrənɔːt],"n. 宇航员,航天员;太空旅行者",北师大版一年级起点五年级上.xlsx
beishida_start1|g5-upper|r008|am,beishida_start1,5年级上,5,上,8,am,am,[əm; æm],[əm; æm],abbr. 调幅 v. 是,北师大版一年级起点五年级上.xlsx
beishida_start1|g5-upper|r009|is,beishida_start1,5年级上,5,上,9,is,is,[ɪz],[ɪz],v. 是(be的三单形式) n. 存在,北师大版一年级起点五年级上.xlsx
beishida_start1|g5-upper|r010|was,beishida_start1,5年级上,5,上,10,was,was,[wəz; wɒz],[wəz; wʌz],be的第一和第三人称单数过去式,北师大版一年级起点五年级上.xlsx
beishida_start1|g5-upper|r011|are,beishida_start1,5年级上,5,上,11,are,are,[ɑ:(r)],[ər; ɑːr; er],v. 是(be的第二人称单复数现在式) n. 公亩,北师大版一年级起点五年级上.xlsx
beishida_start1|g5-upper|r012|were,beishida_start1,5年级上,5,上,12,were,were,[wə(r); wɜː(r)],[wər; wɜːr],"v. 是,在(are的过去式)",北师大版一年级起点五年级上.xlsx
beishida_start1|g5-upper|r013|spaceship,beishida_start1,5年级上,5,上,13,spaceship,spaceship,[ˈspeɪsʃɪp],[ˈspeɪsʃɪp],n. [航] 宇宙飞船,北师大版一年级起点五年级上.xlsx
beishida_start1|g5-upper|r014|space,beishida_start1,5年级上,5,上,14,space,space,[speɪs],[speɪs],n. 空间;太空;距离 vt. 隔开 vi. 留间隔,北师大版一年级起点五年级上.xlsx
beishida_start1|g5-upper|r015|star,beishida_start1,5年级上,5,上,15,star,star,[stɑː(r)],[stɑːr],"n. 星,恒星;明星;星形物 adj. 明星的,主角的;星形的 vt. 用星号标于;由...主演,由...担任主角 vi. 担任主角",北师大版一年级起点五年级上.xlsx
beishida_start1|g5-upper|r016|planet,beishida_start1,5年级上,5,上,16,planet,planet,[ˈplænɪt],[ˈplænɪt],n. 行星,北师大版一年级起点五年级上.xlsx
beishida_start1|g5-upper|r017|air,beishida_start1,5年级上,5,上,17,air,air,[eə(r)],[er],"n. 空气,大气;天空;样子;曲调 vt. 使通风,晾干;夸耀 vi. 通风",北师大版一年级起点五年级上.xlsx
beishida_start1|g5-upper|r018|be afraid of,beishida_start1,5年级上,5,上,18,be afraid of,be afraid of,,,na. 怕,北师大版一年级起点五年级上.xlsx
beishida_start1|g5-upper|r019|earth,beishida_start1,5年级上,5,上,19,earth,earth,[ɜːθ],[ɜːrθ],"n. 地球;地表,陆地;土地,土壤;尘事,俗事;兽穴 vt. 把(电线)[电] 接地;盖(土);追赶入洞穴 vi. 躲进地洞",北师大版一年级起点五年级上.xlsx
beishida_start1|g5-upper|r020|moon,beishida_start1,5年级上,5,上,20,moon,moon,[muːn],[muːn],n. 月亮;月球;月光;卫星 vi. 闲荡;出神 vt. 虚度,北师大版一年级起点五年级上.xlsx
beishida_start1|g5-upper|r021|yesterday,beishida_start1,5年级上,5,上,21,yesterday,yesterday,[ˈjestədeɪ],[ˈjestərdeɪ; ˈjestərdi],n. 昨天;往昔 adv. 昨天,北师大版一年级起点五年级上.xlsx
beishida_start1|g5-upper|r022|come,beishida_start1,5年级上,5,上,22,come,come,[kʌm],[kʌm],vi. 来;开始;出现;发生;变成;到达 vt. 做;假装;将满(...岁) int. 嗨!,北师大版一年级起点五年级上.xlsx
beishida_start1|g5-upper|r023|came,beishida_start1,5年级上,5,上,23,came,came,[keɪm],[keɪm],v. come的过去式,北师大版一年级起点五年级上.xlsx
beishida_start1|g5-upper|r024|give,beishida_start1,5年级上,5,上,24,give,give,[ɡɪv],[ɡɪv],n. 弹性;弯曲;伸展性 vi. 捐赠;面向;有弹性;气候转暖 vt. 给;产生;让步;举办;授予,北师大版一年级起点五年级上.xlsx
beishida_start1|g5-upper|r025|gave,beishida_start1,5年级上,5,上,25,gave,gave,[ɡeɪv],[ɡeɪv],v. 给予(give的过去式),北师大版一年级起点五年级上.xlsx
beishida_start1|g5-upper|r026|eat,beishida_start1,5年级上,5,上,26,eat,eat,[iːt],[iːt],"vt. 吃,喝;腐蚀;烦扰 vi. 进食;腐蚀,侵蚀",北师大版一年级起点五年级上.xlsx
beishida_start1|g5-upper|r027|ate,beishida_start1,5年级上,5,上,27,ate,ate,[et; eɪt],[eɪt],v. 吃(eat的过去式),北师大版一年级起点五年级上.xlsx
beishida_start1|g5-upper|r028|happen,beishida_start1,5年级上,5,上,28,happen,happen,[ˈhæpən],[ˈhæpən],vi. 发生;碰巧;偶然遇到,北师大版一年级起点五年级上.xlsx
beishida_start1|g5-upper|r029|make,beishida_start1,5年级上,5,上,29,make,make,[meɪk],[meɪk],"vt. 使得;进行;布置,准备,整理;制造;认为;获得;形成;安排;引起;构成 vi. 开始;前进;增大;被制造 n. 制造;构造;性情",北师大版一年级起点五年级上.xlsx
beishida_start1|g5-upper|r030|made,beishida_start1,5年级上,5,上,30,made,made,[meɪd],[meɪd],"adj. 成功的;创造的 v. 做,使,安排(make的过去式和过去分词)",北师大版一年级起点五年级上.xlsx
beishida_start1|g5-upper|r031|cough,beishida_start1,5年级上,5,上,31,cough,cough,[kɒf],[kɔːf],"n. 咳嗽,咳嗽声;咳嗽病 vt. 咳出 vi. 咳嗽",北师大版一年级起点五年级上.xlsx
beishida_start1|g5-upper|r032|pat,beishida_start1,5年级上,5,上,32,pat,pat,[pæt],[pæt],n. 轻拍;小块;轻拍声 adj. 恰好的;熟练的;合适的 vt. 轻拍 adv. 恰好;熟记地 vi. 轻拍,北师大版一年级起点五年级上.xlsx
beishida_start1|g5-upper|r033|patted,beishida_start1,5年级上,5,上,33,patted,patted,[ˈpætɪd],[ˈpætɪd],轻拍,北师大版一年级起点五年级上.xlsx
beishida_start1|g5-upper|r034|clean,beishida_start1,5年级上,5,上,34,clean,clean,[kliːn],[kliːn],"n. 打扫 adj. 清洁的,干净的;清白的 vt. 使干净 vi. 打扫,清扫 adv. 完全地",北师大版一年级起点五年级上.xlsx
beishida_start1|g5-upper|r035|visit,beishida_start1,5年级上,5,上,35,visit,visit,[ˈvɪzɪt],[ˈvɪzɪt],n. 访问;参观;逗留 vt. 访问;参观;视察 vi. 访问;暂住;闲谈,北师大版一年级起点五年级上.xlsx
beishida_start1|g5-upper|r036|go,beishida_start1,5年级上,5,上,36,go,go,[ɡəʊ],[ɡoʊ],n. 去;进行;尝试 vi. 走;达到;运转;趋于 vt. 忍受;出产;以...打赌 [复数 goes 第三人称单数 goes 过去式 went 过去分词 gone 现在分词 going],北师大版一年级起点五年级上.xlsx
beishida_start1|g5-upper|r037|went,beishida_start1,5年级上,5,上,37,went,went,[went],[went],"v. 去,过去(go的过去式)",北师大版一年级起点五年级上.xlsx
beishida_start1|g5-upper|r038|do,beishida_start1,5年级上,5,上,38,do,do,[duː; də; du; dəʊ],[duː; də; du; doʊ],"vi. 行,足够;生长 n. 要求;规定;C大调音阶中的第一音 v. 做;干;学习;研究;进行;完成;解答;整理;算出;引起;行过 aux. 助动词(构成疑问句和否定句);(代替动词);(用于加强语气) n. (口语)事件;(主英国口语)诈骗;(主英国、新西兰口语)宴会;(口语)必须做到的事情",北师大版一年级起点五年级上.xlsx
beishida_start1|g5-upper|r039|did,beishida_start1,5年级上,5,上,39,did,did,[dɪd],[dɪd],v. 做(do的过去式),北师大版一年级起点五年级上.xlsx
beishida_start1|g5-upper|r040|race,beishida_start1,5年级上,5,上,40,race,race,[reɪs],[reɪs],"n. 属,种;种族,人种;家庭,门第 vt. 使参加比赛;和...竞赛;使急走,使全速行进 vi. 比速度,参加竞赛;全速行进",北师大版一年级起点五年级上.xlsx
beishida_start1|g5-upper|r041|run,beishida_start1,5年级上,5,上,41,run,run,[rʌn],[rʌn],"n. 奔跑;赛跑;趋向;奔跑的路程 vt. 管理,经营;运行;参赛 vi. 经营;奔跑;运转",北师大版一年级起点五年级上.xlsx
beishida_start1|g5-upper|r042|ran,beishida_start1,5年级上,5,上,42,ran,ran,[ræn],[ræn],v. 跑(run的过去式),北师大版一年级起点五年级上.xlsx
beishida_start1|g5-upper|r043|first,beishida_start1,5年级上,5,上,43,first,first,[fɜːst],[fɜːrst],num. 第一 n. 第一;开始;冠军 adj. 第一的;基本的;最早的 adv. 第一;首先;优先;宁愿,北师大版一年级起点五年级上.xlsx
beishida_start1|g5-upper|r044|win,beishida_start1,5年级上,5,上,44,win,win,[wɪn],[wɪn],n. 赢;胜利 vt. 赢得;在...中获胜;劝诱 vi. 赢;获胜;成功,北师大版一年级起点五年级上.xlsx
beishida_start1|g5-upper|r045|won,beishida_start1,5年级上,5,上,45,won,won,[wʌn],[wʌn],vt. 赢得(win的过去式和过去分词),北师大版一年级起点五年级上.xlsx
beishida_start1|g5-upper|r046|second,beishida_start1,5年级上,5,上,46,second,second,[ˈsekənd],[ˈsekənd; sɪˈkɑːnd],num. 第二 n. 秒;第二名;瞬间;二等品 adj. 第二的;次要的;附加的 vt. 支持 adv. 第二;其次;居第二位,北师大版一年级起点五年级上.xlsx
beishida_start1|g5-upper|r047|third,beishida_start1,5年级上,5,上,47,third,third,[θɜːd],[θɜːrd],num. 第三;三分之一 adj. 第三的;三分之一的,北师大版一年级起点五年级上.xlsx
beishida_start1|g5-upper|r048|prize,beishida_start1,5年级上,5,上,48,prize,prize,[praɪz],[praɪz],n. 奖品;奖赏;战利品 adj. 获奖的 vt. 珍视;捕获;估价,北师大版一年级起点五年级上.xlsx
beishida_start1|g5-upper|r049|because,beishida_start1,5年级上,5,上,49,because,because,"[bɪˈkəz, bɪˈkɒz]","[bɪˈkəz, bɪˈkɔːz]",conj. 因为,北师大版一年级起点五年级上.xlsx
beishida_start1|g5-upper|r050|fourth,beishida_start1,5年级上,5,上,50,fourth,fourth,[fɔːθ],[fɔːrθ],"num. 第四 n. 第四,月的第四日;四分之一 adj. 第四的,第四个的;四分之一的",北师大版一年级起点五年级上.xlsx
beishida_start1|g5-upper|r051|fifth,beishida_start1,5年级上,5,上,51,fifth,fifth,[fɪfθ],[fɪfθ],num. 第五 n. 第五;五分之一 adj. 第五的;五分之一的,北师大版一年级起点五年级上.xlsx
beishida_start1|g5-upper|r052|sixth,beishida_start1,5年级上,5,上,52,sixth,sixth,[sɪksθ],[sɪksθ],"n. 月的第六日,(与the连用的)第六个;六分之一 adj. (与 the 连用)第六的,第六个的;六分之一的",北师大版一年级起点五年级上.xlsx
beishida_start1|g5-upper|r053|seventh,beishida_start1,5年级上,5,上,53,seventh,seventh,[ˈsev(ə)nθ],[ˈsevnθ],n. 第七;七分之一 adj. 第七的;七分之一的 adv. 居第七位地,北师大版一年级起点五年级上.xlsx
beishida_start1|g5-upper|r054|eighth,beishida_start1,5年级上,5,上,54,eighth,eighth,[eɪtθ],[eɪtθ],num. 第八;八分之一 adj. 第八的;八分之一的,北师大版一年级起点五年级上.xlsx
beishida_start1|g5-upper|r055|ninth,beishida_start1,5年级上,5,上,55,ninth,ninth,[naɪnθ],[naɪnθ],num. 第九 adj. 第九的;九分之一的 n. 九分之一,北师大版一年级起点五年级上.xlsx
beishida_start1|g5-upper|r056|tenth,beishida_start1,5年级上,5,上,56,tenth,tenth,[tenθ],[tenθ],num. 第十;十分之一 adj. 十分之一的;第十个的,北师大版一年级起点五年级上.xlsx
beishida_start1|g5-upper|r057|get,beishida_start1,5年级上,5,上,57,get,get,[ɡet],[ɡet],n. 生殖;幼兽 vi. 成为;变得;到达 vt. 使得;获得;受到;变成,北师大版一年级起点五年级上.xlsx
beishida_start1|g5-upper|r058|got,beishida_start1,5年级上,5,上,58,got,got,[ɡɒt],[ɡɑːt],"v. 得到,明白(get的过去式和过去分词)",北师大版一年级起点五年级上.xlsx
beishida_start1|g5-upper|r059|birthday,beishida_start1,5年级上,5,上,59,birthday,birthday,[ˈbɜːθdeɪ],[ˈbɜːrθdeɪ],"n. 生日,诞辰;诞生的日子",北师大版一年级起点五年级上.xlsx
beishida_start1|g5-upper|r060|gift,beishida_start1,5年级上,5,上,60,gift,gift,[ɡɪft],[ɡɪft],n. 礼物;天赋;赠品 vt. 赋予;向...赠送,北师大版一年级起点五年级上.xlsx
beishida_start1|g5-upper|r061|spring,beishida_start1,5年级上,5,上,61,spring,spring,[sprɪŋ],[sprɪŋ],n. 春天;弹簧;泉水;活力;跳跃 adj. 春天的 vt. 使跳起;使爆炸;突然提出;使弹开 vi. 生长;涌出;跃出;裂开,北师大版一年级起点五年级上.xlsx
beishida_start1|g5-upper|r062|march,beishida_start1,5年级上,5,上,62,March,march,[mɑːtʃ],[mɑːrtʃ],n. 三月,北师大版一年级起点五年级上.xlsx
beishida_start1|g5-upper|r063|see,beishida_start1,5年级上,5,上,63,see,see,[siː],[siː],vi. 看;看见;领会 vt. 看见;理解;领会,北师大版一年级起点五年级上.xlsx
beishida_start1|g5-upper|r064|saw,beishida_start1,5年级上,5,上,64,saw,saw,[sɔː],[sɔː],"n. 锯子;谚语 v. see的过去式 vi. 锯;用锯;将某物锯成小块 vt. 看见;明白,了解;锯;锯成;锯开",北师大版一年级起点五年级上.xlsx
beishida_start1|g5-upper|r065|say,beishida_start1,5年级上,5,上,65,say,say,[seɪ],[seɪ],vt. 讲;说明;例如;声称;假设;指明 vi. 讲;表示;念;假定;背诵,北师大版一年级起点五年级上.xlsx
beishida_start1|g5-upper|r066|said,beishida_start1,5年级上,5,上,66,said,said,[sed],[sed],"v. 说(say的过去式和过去分词) adj. 上述的,该",北师大版一年级起点五年级上.xlsx
beishida_start1|g5-upper|r067|calendar,beishida_start1,5年级上,5,上,67,calendar,calendar,[ˈkælɪndə(r)],[ˈkælɪndər],n. 日历;[天] 历法;日程表 vt. 将...列入表中;将...排入日程表,北师大版一年级起点五年级上.xlsx
beishida_start1|g5-upper|r068|check,beishida_start1,5年级上,5,上,68,check,check,[tʃek],[tʃek],"n. <美>支票;制止,抑制;检验,核对 vi. 核实,查核;中止;打勾;[象棋]将一军 vt. 检查,核对;制止,抑制;在...上打勾",北师大版一年级起点五年级上.xlsx
beishida_start1|g5-upper|r069|autumn,beishida_start1,5年级上,5,上,69,autumn,autumn,[ˈɔːtəm],[ˈɔːtəm; ˈɑːtəm],"n. 秋天;成熟期;渐衰期,凋落期 adj. 秋天的,秋季的",北师大版一年级起点五年级上.xlsx
beishida_start1|g5-upper|r070|september,beishida_start1,5年级上,5,上,70,September,september,[sepˈtembə(r)],[sepˈtembər],n. 九月,北师大版一年级起点五年级上.xlsx
beishida_start1|g5-upper|r071|october,beishida_start1,5年级上,5,上,71,October,october,[ɒkˈtəʊbə(r)],[ɑːkˈtoʊbər],n. [天] 十月,北师大版一年级起点五年级上.xlsx
beishida_start1|g5-upper|r072|forget,beishida_start1,5年级上,5,上,72,forget,forget,[fəˈɡet],[fərˈɡet],vi. 忘记 vt. 忘记;忽略,北师大版一年级起点五年级上.xlsx
beishida_start1|g5-upper|r073|forgot,beishida_start1,5年级上,5,上,73,forgot,forgot,[fəˈɡɒt],[fərˈɡɑːt],v. 忘记;轻忽;遗漏(forget的过去式),北师大版一年级起点五年级上.xlsx
beishida_start1|g5-upper|r074|call,beishida_start1,5年级上,5,上,74,call,call,[kɔːl],[kɔːl],n. 电话;呼叫;要求;访问 vi. 呼叫;拜访;叫牌 vt. 呼叫;称呼;召集,北师大版一年级起点五年级上.xlsx
beishida_start1|g5-upper|r075|january,beishida_start1,5年级上,5,上,75,January,january,[ˈdʒænjuəri],[ˈdʒænjueri],n. 一月,北师大版一年级起点五年级上.xlsx
beishida_start1|g5-upper|r076|february,beishida_start1,5年级上,5,上,76,February,february,[ˈfebruəri],[ˈfebrueri],n. 二月,北师大版一年级起点五年级上.xlsx
beishida_start1|g5-upper|r077|april,beishida_start1,5年级上,5,上,77,April,april,[ˈeɪprəl],[ˈeɪprəl],n. 四月,北师大版一年级起点五年级上.xlsx
beishida_start1|g5-upper|r078|june,beishida_start1,5年级上,5,上,78,June,june,[dʒuːn],[dʒuːn],"n. 六月;琼(人名,来源于拉丁语,含义是“年轻气盛的六月”)",北师大版一年级起点五年级上.xlsx
beishida_start1|g5-upper|r079|july,beishida_start1,5年级上,5,上,79,July,july,[dʒʊˈlaɪ],[dʒʊˈlaɪ],n. 七月,北师大版一年级起点五年级上.xlsx
beishida_start1|g5-upper|r080|august,beishida_start1,5年级上,5,上,80,August,august,[ˈɔːɡəst],[ˈɔːɡəst],n. 八月(简写为Aug) adj. 威严的;令人敬畏的,北师大版一年级起点五年级上.xlsx
beishida_start1|g5-upper|r081|november,beishida_start1,5年级上,5,上,81,November,november,[nəʊˈvembə(r)],[noʊˈvembər],n. 十一月,北师大版一年级起点五年级上.xlsx
beishida_start1|g5-upper|r082|december,beishida_start1,5年级上,5,上,82,December,december,[dɪˈsembə(r)],[dɪˈsembər],n. 十二月,北师大版一年级起点五年级上.xlsx
beishida_start1|g5-upper|r083|summer,beishida_start1,5年级上,5,上,83,summer,summer,[ˈsʌmə(r)],[ˈsʌmər],n. 夏季;全盛时期 adj. 夏季的 vi. 避暑;过夏天,北师大版一年级起点五年级上.xlsx
beishida_start1|g5-upper|r084|winter,beishida_start1,5年级上,5,上,84,winter,winter,[ˈwɪntə(r)],[ˈwɪntər],n. 冬季;年岁;萧条期 adj. 冬天的;越冬的 vi. 过冬,北师大版一年级起点五年级上.xlsx
beishida_start1|g5-upper|r085|than,beishida_start1,5年级上,5,上,85,than,than,[ðən; ðæn],[ðən; ðæn],conj. 比(用于形容词、副词的比较级之后);除...外(用于other等之后);与其...(用于 rather等之后);一...就(用于 no sooner等之后) prep. 比;超过,北师大版一年级起点五年级上.xlsx
beishida_start1|g5-upper|r086|height,beishida_start1,5年级上,5,上,86,height,height,[haɪt],[haɪt],n. 高地;高度;身高;顶点,北师大版一年级起点五年级上.xlsx
beishida_start1|g5-upper|r087|weight,beishida_start1,5年级上,5,上,87,weight,weight,[weɪt],[weɪt],"n. 重量,重力;负担;砝码;重要性 vt. 加重量于,使变重",北师大版一年级起点五年级上.xlsx
beishida_start1|g5-upper|r088|centimeter,beishida_start1,5年级上,5,上,88,centimeter,centimeter,[ˈsentɪmiːtə(r)],[ˈsentɪmiːtər],n. [计量] 厘米;[计量] 公分,北师大版一年级起点五年级上.xlsx
beishida_start1|g5-upper|r089|weigh,beishida_start1,5年级上,5,上,89,weigh,weigh,[weɪ],[weɪ],n. 权衡;称重量 vt. 权衡;考虑;称...重量 vi. 重量为...;具有重要性;成为...的重荷;起锚,北师大版一年级起点五年级上.xlsx
beishida_start1|g5-upper|r090|kilogram,beishida_start1,5年级上,5,上,90,kilogram,kilogram,[ˈkɪləɡræm],[ˈkɪləɡræm],n. 公斤;千克,北师大版一年级起点五年级上.xlsx
beishida_start1|g5-upper|r091|heavy,beishida_start1,5年级上,5,上,91,heavy,heavy,[ˈhevi],[ˈhevi],"n. 重物;严肃角色 adj. 沉重的;繁重的,巨大的;拥挤的;阴沉的 adv. 大量地;笨重地",北师大版一年级起点五年级上.xlsx
beishida_start1|g5-upper|r092|photo,beishida_start1,5年级上,5,上,92,photo,photo,[ˈfəʊtəʊ],[ˈfoʊtoʊ],n. 照片,北师大版一年级起点五年级上.xlsx
beishida_start1|g5-upper|r093|take,beishida_start1,5年级上,5,上,93,take,take,[teɪk],[teɪk],"vi. 拿;获得 vt. 拿,取;采取;接受(礼物等);买,花费;耗费(时间等) n. 捕获量;看法;利益,盈益;(入场券的)售得金额",北师大版一年级起点五年级上.xlsx
beishida_start1|g5-upper|r094|took,beishida_start1,5年级上,5,上,94,took,took,[tʊk],[tʊk],v. 拿;取;接受(take的过去式),北师大版一年级起点五年级上.xlsx
beishida_start1|g5-lower|r002|backpack,beishida_start1,5年级下,5,下,2,backpack,backpack,[ˈbækpæk],[ˈbækpæk],"n. 双肩背包,背包;远足用的背包 vt. 挑运;把...放入背包 vi. 背负简便行李旅行;挑运",北师大版一年级起点五年级下.xlsx
beishida_start1|g5-lower|r003|either,beishida_start1,5年级下,5,下,3,either,either,[ˈaɪðə(r)],[ˈiːðər],"conj. 也(用于否定句或否定词组后);根本 prep. 任何一个 adj. 两者之中任一的;两者之中每一的 pron. 任一,两方,随便哪一个;两者中的一个或另一个",北师大版一年级起点五年级下.xlsx
beishida_start1|g5-lower|r004|finally,beishida_start1,5年级下,5,下,4,finally,finally,[ˈfaɪnəli],[ˈfaɪnəli],adv. 最后;终于;决定性地,北师大版一年级起点五年级下.xlsx
beishida_start1|g5-lower|r005|find,beishida_start1,5年级下,5,下,5,find,find,[faɪnd],[faɪnd],"n. 发现 vi. 裁决 vt. 查找,找到;发现;认为;感到;获得",北师大版一年级起点五年级下.xlsx
beishida_start1|g5-lower|r006|germany,beishida_start1,5年级下,5,下,6,Germany,germany,[ˈdʒɜːməni],[ˈdʒɜːrməni],n. 德国,北师大版一年级起点五年级下.xlsx
beishida_start1|g5-lower|r007|get,beishida_start1,5年级下,5,下,7,get,get,[ɡet],[ɡet],n. 生殖;幼兽 vi. 成为;变得;到达 vt. 使得;获得;受到;变成,北师大版一年级起点五年级下.xlsx
beishida_start1|g5-lower|r008|give,beishida_start1,5年级下,5,下,8,give,give,[ɡɪv],[ɡɪv],n. 弹性;弯曲;伸展性 vi. 捐赠;面向;有弹性;气候转暖 vt. 给;产生;让步;举办;授予,北师大版一年级起点五年级下.xlsx
beishida_start1|g5-lower|r009|go away,beishida_start1,5年级下,5,下,9,go away,go away,,,na. 离开;带走,北师大版一年级起点五年级下.xlsx
beishida_start1|g5-lower|r010|go home,beishida_start1,5年级下,5,下,10,go home,go home,,,na. 回家;〈口〉死;(忠告等)刻骨铭心;击中,北师大版一年级起点五年级下.xlsx
beishida_start1|g5-lower|r011|hers,beishida_start1,5年级下,5,下,11,hers,hers,[hɜːz],[hɜːrz; ɜːrz],pron. 她的(所有格),北师大版一年级起点五年级下.xlsx
beishida_start1|g5-lower|r012|his,beishida_start1,5年级下,5,下,12,his,his,[hɪz],[hɪz; ɪz],pron. 他的,北师大版一年级起点五年级下.xlsx
beishida_start1|g5-lower|r013|meet,beishida_start1,5年级下,5,下,13,meet,meet,[miːt],[miːt],vt. 满足;遇见;对付 vi. 相遇;接触 n. 集会 adj. 合适的;适宜的,北师大版一年级起点五年级下.xlsx
beishida_start1|g5-lower|r014|mine,beishida_start1,5年级下,5,下,14,mine,mine,[maɪn],[maɪn],"n. 矿,矿藏;矿山,矿井;地雷,水雷 vt. 开采,采掘;在...布雷 vi. 开矿,采矿;埋设地雷 pron. 我的",北师大版一年级起点五年级下.xlsx
beishida_start1|g5-lower|r015|ours,beishida_start1,5年级下,5,下,15,ours,ours,[ˈaʊəz],[ˈaʊərz],pron. 我们的,北师大版一年级起点五年级下.xlsx
beishida_start1|g5-lower|r016|quickly,beishida_start1,5年级下,5,下,16,quickly,quickly,[ˈkwɪkli],[ˈkwɪkli],adv. 迅速地;很快地,北师大版一年级起点五年级下.xlsx
beishida_start1|g5-lower|r017|suitcase,beishida_start1,5年级下,5,下,17,suitcase,suitcase,[ˈsuːtkeɪs],[ˈsuːtkeɪs],n. [轻] 手提箱;衣箱,北师大版一年级起点五年级下.xlsx
beishida_start1|g5-lower|r018|theirs,beishida_start1,5年级下,5,下,18,theirs,theirs,[ðeəz],[ðerz],pron. 他们的;她们的;它们的,北师大版一年级起点五年级下.xlsx
beishida_start1|g5-lower|r019|trip,beishida_start1,5年级下,5,下,19,trip,trip,[trɪp],[trɪp],n. 旅行;绊倒;差错 vt. 绊倒;使犯错 vi. 绊倒;远足;犯错误;轻快地走,北师大版一年级起点五年级下.xlsx
beishida_start1|g5-lower|r020|yours,beishida_start1,5年级下,5,下,20,yours,yours,[jɔːz],[jərz; jɔːrz; jʊrz],"pron. 你(们)的东西;你的责任[义务];你的家属;来信,尊函 adj. 你(们)的(东西);信末署名前用语",北师大版一年级起点五年级下.xlsx
beishida_start1|g5-lower|r021|believe,beishida_start1,5年级下,5,下,21,believe,believe,[bɪˈliːv],[bɪˈliːv],vi. 信任;料想;笃信宗教 vt. 相信;认为;信任,北师大版一年级起点五年级下.xlsx
beishida_start1|g5-lower|r022|children's day,beishida_start1,5年级下,5,下,22,Children's Day,children's day,,,na. 儿童节,北师大版一年级起点五年级下.xlsx
beishida_start1|g5-lower|r023|concert,beishida_start1,5年级下,5,下,23,concert,concert,[ˈkɒnsət],[ˈkɑːnsərt],n. 音乐会;一致;和谐 adj. 音乐会用的;在音乐会上演出的 vt. 使协调;协同安排 vi. 协调;协力,北师大版一年级起点五年级下.xlsx
beishida_start1|g5-lower|r024|drum,beishida_start1,5年级下,5,下,24,drum,drum,[drʌm],[drʌm],n. 鼓;鼓声 vi. 击鼓;大力争取 vt. 击鼓;大力争取,北师大版一年级起点五年级下.xlsx
beishida_start1|g5-lower|r025|flute,beishida_start1,5年级下,5,下,25,flute,flute,[fluːt],[fluːt],n. 长笛;【工程设计】(刀具的)出屑槽 vt. 用长笛吹奏 vi. 吹长笛,北师大版一年级起点五年级下.xlsx
beishida_start1|g5-lower|r026|guitar,beishida_start1,5年级下,5,下,26,guitar,guitar,[ɡɪˈtɑː(r)],[ɡɪˈtɑːr],"n. 吉他,六弦琴 vi. 弹吉他",北师大版一年级起点五年级下.xlsx
beishida_start1|g5-lower|r027|kid,beishida_start1,5年级下,5,下,27,kid,kid,[kɪd],[kɪd],n. 小孩;小山羊 vt. 欺骗;取笑;戏弄 vi. 欺骗;取笑;戏弄 adj. 小山羊皮制的;较年幼的,北师大版一年级起点五年级下.xlsx
beishida_start1|g5-lower|r028|music,beishida_start1,5年级下,5,下,28,music,music,[ˈmjuːzɪk],[ˈmjuːzɪk],"n. 音乐,乐曲",北师大版一年级起点五年级下.xlsx
beishida_start1|g5-lower|r029|piano,beishida_start1,5年级下,5,下,29,piano,piano,[piˈænəʊ],[piˈænoʊ],n. 钢琴,北师大版一年级起点五年级下.xlsx
beishida_start1|g5-lower|r030|play the piano,beishida_start1,5年级下,5,下,30,play the piano,play the piano,,,na. 弹钢琴,北师大版一年级起点五年级下.xlsx
beishida_start1|g5-lower|r031|program,beishida_start1,5年级下,5,下,31,program,program,[ˈprəʊɡræm],[ˈproʊɡræm],n. 程序;计划;大纲 vt. 用程序指令;为...制订计划;为...安排节目 vi. 编程序;安排节目;设计电脑程式,北师大版一年级起点五年级下.xlsx
beishida_start1|g5-lower|r032|really,beishida_start1,5年级下,5,下,32,really,really,[ˈriːəli],[ˈriːəli],"adv. 实际上,事实上;真正地,真实地;真的吗?(表语气)",北师大版一年级起点五年级下.xlsx
beishida_start1|g5-lower|r033|start,beishida_start1,5年级下,5,下,33,start,start,[stɑːt],[stɑːrt],n. 开始;起点 vt. 开始;启动 vi. 出发,北师大版一年级起点五年级下.xlsx
beishida_start1|g5-lower|r034|tonight,beishida_start1,5年级下,5,下,34,tonight,tonight,[təˈnaɪt],[təˈnaɪt],n. 今晚 adv. 在今晚,北师大版一年级起点五年级下.xlsx
beishida_start1|g5-lower|r035|violin,beishida_start1,5年级下,5,下,35,violin,violin,[ˌvaɪəˈlɪn],[ˌvaɪəˈlɪn],n. 小提琴;小提琴手,北师大版一年级起点五年级下.xlsx
beishida_start1|g5-lower|r036|row,beishida_start1,5年级下,5,下,36,row,row,[rəʊ; raʊ],[roʊ; raʊ],"n. 行,排;划船;街道;吵闹 vt. 划船;使......成排 vi. 划船;争吵",北师大版一年级起点五年级下.xlsx
beishida_start1|g5-lower|r037|team,beishida_start1,5年级下,5,下,37,team,team,[tiːm],[tiːm],n. 队;组 vt. 使合作 vi. 合作,北师大版一年级起点五年级下.xlsx
beishida_start1|g5-lower|r038|basketball,beishida_start1,5年级下,5,下,38,basketball,basketball,[ˈbɑːskɪtbɔːl],[ˈbæskɪtbɔːl],n. 篮球;篮球运动,北师大版一年级起点五年级下.xlsx
beishida_start1|g5-lower|r039|badminton,beishida_start1,5年级下,5,下,39,badminton,badminton,[ˈbædmɪntən],[ˈbædmɪntən],n. 羽毛球,北师大版一年级起点五年级下.xlsx
beishida_start1|g5-lower|r040|table tennis,beishida_start1,5年级下,5,下,40,table tennis,table tennis,['teɪb(ə)l'tenɪs],[ˈteɪbl tenɪs],n. 乒乓球运动,北师大版一年级起点五年级下.xlsx
beishida_start1|g5-lower|r041|tennis,beishida_start1,5年级下,5,下,41,tennis,tennis,[ˈtenɪs],[ˈtenɪs],n. 网球(运动),北师大版一年级起点五年级下.xlsx
beishida_start1|g5-lower|r042|volleyball,beishida_start1,5年级下,5,下,42,volleyball,volleyball,[ˈvɒlibɔːl],[ˈvɑːlibɔːl],n. 排球,北师大版一年级起点五年级下.xlsx
beishida_start1|g5-lower|r043|goalkeeper,beishida_start1,5年级下,5,下,43,goalkeeper,goalkeeper,[ˈɡəʊlkiːpə(r)],[ˈɡoʊlkiːpər],n. 守门员,北师大版一年级起点五年级下.xlsx
beishida_start1|g5-lower|r044|goal,beishida_start1,5年级下,5,下,44,goal,goal,[ɡəʊl],[ɡoʊl],"n. 目标;球门,得分数;终点 vi. 攻门,射门得分",北师大版一年级起点五年级下.xlsx
beishida_start1|g5-lower|r045|sports star,beishida_start1,5年级下,5,下,45,sports star,sports star,,,体育明星;运动明星;运动员,北师大版一年级起点五年级下.xlsx
beishida_start1|g5-lower|r046|score,beishida_start1,5年级下,5,下,46,score,score,[skɔː(r)],[skɔːr],"n. 分数;二十;配乐;刻痕 vt. 获得;评价;划线,刻划;把...记下 vi. 得分;记分;刻痕",北师大版一年级起点五年级下.xlsx
beishida_start1|g5-lower|r047|at the same time,beishida_start1,5年级下,5,下,47,at the same time,at the same time,,,na. 同时;另一方面;与此同时,北师大版一年级起点五年级下.xlsx
beishida_start1|g5-lower|r048|at last,beishida_start1,5年级下,5,下,48,at last,at last,,,na. 终于,北师大版一年级起点五年级下.xlsx
beishida_start1|g5-lower|r049|corner kick,beishida_start1,5年级下,5,下,49,corner kick,corner kick,,,n. 【足】角球,北师大版一年级起点五年级下.xlsx
beishida_start1|g5-lower|r050|field,beishida_start1,5年级下,5,下,50,field,field,[fiːld],[fiːld],n. 领域;牧场;旷野;战场;运动场 adj. 扫描场;田赛的;野生的 vt. 把暴晒于场上;使上场 vi. 担任场外队员,北师大版一年级起点五年级下.xlsx
beishida_start1|g5-lower|r051|cheer for,beishida_start1,5年级下,5,下,51,cheer for,cheer for,,,un. 给加油,北师大版一年级起点五年级下.xlsx
beishida_start1|g5-lower|r052|fall,beishida_start1,5年级下,5,下,52,fall,fall,[fɔːl],[fɔːl],n. 下降;秋天;瀑布 adj. 秋天的 vi. 落下;变成;来临;减弱 vt. 砍倒;击倒,北师大版一年级起点五年级下.xlsx
beishida_start1|g5-lower|r053|up and down,beishida_start1,5年级下,5,下,53,up and down,up and down,[ʌp ən daʊn],[ʌp ənd daʊn],na. 忽上忽下;各处;来来去去;升降浮沉,北师大版一年级起点五年级下.xlsx
beishida_start1|g5-lower|r054|boring,beishida_start1,5年级下,5,下,54,boring,boring,[ˈbɔːrɪŋ],[ˈbɔːrɪŋ],n. 钻孔 adj. 无聊的;令人厌烦的 v. 钻孔;使厌烦;挖空(bore的ing形式),北师大版一年级起点五年级下.xlsx
beishida_start1|g5-lower|r055|buy,beishida_start1,5年级下,5,下,55,buy,buy,[baɪ],[baɪ],"n. 购买,买卖;所购的物品 vi. 买,采购 vt. 购买;获得;贿赂",北师大版一年级起点五年级下.xlsx
beishida_start1|g5-lower|r056|colorful,beishida_start1,5年级下,5,下,56,colorful,colorful,[ˈkʌləf(ə)l],[ˈkʌlərfl],adj. 华美的;有趣的;富有色彩的,北师大版一年级起点五年级下.xlsx
beishida_start1|g5-lower|r057|dictionary,beishida_start1,5年级下,5,下,57,dictionary,dictionary,[ˈdɪkʃən(ə)ri],[ˈdɪkʃəneri],n. 字典;词典,北师大版一年级起点五年级下.xlsx
beishida_start1|g5-lower|r058|difficult,beishida_start1,5年级下,5,下,58,difficult,difficult,[ˈdɪfɪkəlt],[ˈdɪfɪkəlt],adj. 困难的;不随和的;执拗的,北师大版一年级起点五年级下.xlsx
beishida_start1|g5-lower|r059|exciting,beishida_start1,5年级下,5,下,59,exciting,exciting,[ɪkˈsaɪtɪŋ],[ɪkˈsaɪtɪŋ],adj. 令人兴奋的;使人激动的 v. 激动;刺激(excite的ing形式);唤起,北师大版一年级起点五年级下.xlsx
beishida_start1|g5-lower|r060|expensive,beishida_start1,5年级下,5,下,60,expensive,expensive,[ɪkˈspensɪv],[ɪkˈspensɪv],adj. 昂贵的;花钱的,北师大版一年级起点五年级下.xlsx
beishida_start1|g5-lower|r061|interesting,beishida_start1,5年级下,5,下,61,interesting,interesting,[ˈɪntrəstɪŋ],[ˈɪntrəstɪŋ; ˈɪntrestɪŋ],"adj. 有趣的;引起兴趣的,令人关注的",北师大版一年级起点五年级下.xlsx
beishida_start1|g5-lower|r062|picture,beishida_start1,5年级下,5,下,62,picture,picture,[ˈpɪktʃə(r)],[ˈpɪktʃər],"n. 照片,图画;影片;景色;化身 vt. 画;想像;描写",北师大版一年级起点五年级下.xlsx
beishida_start1|g5-lower|r063|story,beishida_start1,5年级下,5,下,63,story,story,[ˈstɔːri],[ˈstɔːri],n. 故事;小说;新闻报道;来历;假话 vt. 用历史故事画装饰 vi. 说谎,北师大版一年级起点五年级下.xlsx
beishida_start1|g5-lower|r064|a liter of milk,beishida_start1,5年级下,5,下,64,a liter of milk,a liter of milk,,,无,北师大版一年级起点五年级下.xlsx
beishida_start1|g5-lower|r065|ask,beishida_start1,5年级下,5,下,65,ask,ask,[ɑːsk],[æsk],"vt. 问,询问;要求;需要;邀请;讨价 vi. 问,询问;要求",北师大版一年级起点五年级下.xlsx
beishida_start1|g5-lower|r066|add,beishida_start1,5年级下,5,下,66,add,add,[æd],[æd],"n. 加法,加法运算 vi. 加;增加;加起来;做加法 vt. 增加,添加;补充说;计算...总和",北师大版一年级起点五年级下.xlsx
beishida_start1|g5-lower|r067|bake,beishida_start1,5年级下,5,下,67,bake,bake,[beɪk],[beɪk],"n. 烤;烘烤食品 vi. 烘面包;被烤干;受热 vt. 烤,烘焙",北师大版一年级起点五年级下.xlsx
beishida_start1|g5-lower|r068|break,beishida_start1,5年级下,5,下,68,break,break,[breɪk],[breɪk],vi. 打破;折断;弄坏;削弱 vt. (使)破;打破(纪录);(常指好天气)突变;开始 vi. (嗓音)突变;突破;破晓;(价格)突然下跌 n. 破裂;间断;(持续一段时间的状况的)改变;间歇,北师大版一年级起点五年级下.xlsx
beishida_start1|g5-lower|r069|butter,beishida_start1,5年级下,5,下,69,butter,butter,[ˈbʌtə(r)],[ˈbʌtər],n. 黄油;奶油;奉承话 vt. 涂黄油于;讨好,北师大版一年级起点五年级下.xlsx
beishida_start1|g5-lower|r070|change,beishida_start1,5年级下,5,下,70,change,change,[tʃeɪndʒ],[tʃeɪndʒ],n. 变化;找回的零钱 vt. 改变;交换 vi. 改变;兑换,北师大版一年级起点五年级下.xlsx
beishida_start1|g5-lower|r071|cookbook,beishida_start1,5年级下,5,下,71,cookbook,cookbook,[ˈkʊkbʊk],[ˈkʊkbʊk],n. 食谱,北师大版一年级起点五年级下.xlsx
beishida_start1|g5-lower|r072|flour,beishida_start1,5年级下,5,下,72,flour,flour,[ˈflaʊə(r)],[ˈflaʊər],n. 面粉;粉状物质 vt. 撒粉于;把...磨成粉,北师大版一年级起点五年级下.xlsx
beishida_start1|g5-lower|r073|guess,beishida_start1,5年级下,5,下,73,guess,guess,[ɡes],[ɡes],n. 猜测;推测 vi. 猜;推测;猜中 vt. 猜测;认为;推测;猜中 n. 盖尔斯(美国服装品牌),北师大版一年级起点五年级下.xlsx
beishida_start1|g5-lower|r074|knife,beishida_start1,5年级下,5,下,74,knife,knife,[naɪf],[naɪf],n. 刀;匕首 vt. 用刀切;(口)伤害 vi. 劈开;划过,北师大版一年级起点五年级下.xlsx
beishida_start1|g5-lower|r075|mix,beishida_start1,5年级下,5,下,75,mix,mix,[mɪks],[mɪks],vt. 配制;混淆;使混和;使结交 vi. 参与;相混合;交往 n. 混合;混合物;混乱,北师大版一年级起点五年级下.xlsx
beishida_start1|g5-lower|r076|need,beishida_start1,5年级下,5,下,76,need,need,[niːd],[niːd],"n. 需要,要求;缺乏;必要之物 vt. 需要 vi. 需要",北师大版一年级起点五年级下.xlsx
beishida_start1|g5-lower|r077|plate,beishida_start1,5年级下,5,下,77,plate,plate,[pleɪt],[pleɪt],n. 碟;金属板;金属牌;感光底片 vt. 电镀;给...装甲,北师大版一年级起点五年级下.xlsx
beishida_start1|g5-lower|r078|pour,beishida_start1,5年级下,5,下,78,pour,pour,[pɔː(r)],[pɔːr],"n. 倾泻;流出;骤雨 vt. 灌,注;倒;倾泻;倾吐 vi. 倾泻;涌流;斟茶",北师大版一年级起点五年级下.xlsx
beishida_start1|g5-lower|r079|puzzled,beishida_start1,5年级下,5,下,79,puzzled,puzzled,[ˈpʌz(ə)ld],[ˈpʌzld],adj. 困惑的;茫然的;搞糊涂的,北师大版一年级起点五年级下.xlsx
beishida_start1|g5-lower|r080|recipe,beishida_start1,5年级下,5,下,80,recipe,recipe,[ˈresəpi],[ˈresəpi],n. 食谱;[临床] 处方;秘诀;烹饪法,北师大版一年级起点五年级下.xlsx
beishida_start1|g5-lower|r081|salt,beishida_start1,5年级下,5,下,81,salt,salt,[sɔːlt],[sɔːlt],"n. 盐;风趣,刺激性 adj. 咸水的;含盐的,咸味的;盐腌的;猥亵的 vt. 用盐腌;给...加盐;将盐撒在道路上使冰或雪融化",北师大版一年级起点五年级下.xlsx
beishida_start1|g5-lower|r082|shout,beishida_start1,5年级下,5,下,82,shout,shout,[ʃaʊt],[ʃaʊt],n. 呼喊;呼叫 vi. 呼喊;喊叫;大声说 vt. 呼喊;大声说,北师大版一年级起点五年级下.xlsx
beishida_start1|g5-lower|r083|step,beishida_start1,5年级下,5,下,83,step,step,[step],[step],"n. 步,脚步;步骤;步伐;梯级 vt. 走,迈步 vi. 踏,踩;走",北师大版一年级起点五年级下.xlsx
beishida_start1|g5-lower|r084|sugar,beishida_start1,5年级下,5,下,84,sugar,sugar,[ˈʃʊɡə(r)],[ˈʃʊɡər],n. 糖;食糖;甜言蜜语 vt. 加糖于;粉饰 vi. 形成糖,北师大版一年级起点五年级下.xlsx
beishida_start1|g5-lower|r085|tell,beishida_start1,5年级下,5,下,85,tell,tell,[tel],[tel],"vt. 告诉,说;辨别;吩咐;断定 vi. 讲述;告发,泄密;识别",北师大版一年级起点五年级下.xlsx
beishida_start1|g5-lower|r086|eat out,beishida_start1,5年级下,5,下,86,eat out,eat out,,,v. 出去吃;在外面吃饭,北师大版一年级起点五年级下.xlsx
beishida_start1|g5-lower|r087|hate,beishida_start1,5年级下,5,下,87,hate,hate,[heɪt],[heɪt],n. 憎恨;反感 vt. 憎恨;厌恶;遗憾 vi. 仇恨,北师大版一年级起点五年级下.xlsx
beishida_start1|g5-lower|r088|try out,beishida_start1,5年级下,5,下,88,try out,try out,,,na. (采用前)严密试验;筛矿;量(金属的)纯度,北师大版一年级起点五年级下.xlsx
beishida_start1|g5-lower|r089|walk through,beishida_start1,5年级下,5,下,89,walk through,walk through,[ˈwɔːk θruː],[ˈwɔːk θruː],na. (= to rehearse)排练,北师大版一年级起点五年级下.xlsx
beishida_start1|g6-upper|r002|boring,beishida_start1,6年级上,6,上,2,boring,boring,[ˈbɔːrɪŋ],[ˈbɔːrɪŋ],n. 钻孔 adj. 无聊的;令人厌烦的 v. 钻孔;使厌烦;挖空(bore的ing形式),北师大版一年级起点六年级上.xlsx
beishida_start1|g6-upper|r003|classmate,beishida_start1,6年级上,6,上,3,classmate,classmate,[ˈklɑːsmeɪt],[ˈklæsmeɪt],n. 同班同学,北师大版一年级起点六年级上.xlsx
beishida_start1|g6-upper|r004|club,beishida_start1,6年级上,6,上,4,club,club,[klʌb],[klʌb],"n. 俱乐部,社团;夜总会;棍棒;(扑克牌中的)梅花 adj. 俱乐部的 vt. 用棍棒打;募集 vi. 集资;组成俱乐部",北师大版一年级起点六年级上.xlsx
beishida_start1|g6-upper|r005|drawing,beishida_start1,6年级上,6,上,5,drawing,drawing,[ˈdrɔːɪŋ],[ˈdrɔːɪŋ],n. 图画;牵引;素描术 v. 绘画;吸引(draw的ing形式);拖曳,北师大版一年级起点六年级上.xlsx
beishida_start1|g6-upper|r006|easy,beishida_start1,6年级上,6,上,6,easy,easy,[ˈiːzi],[ˈiːzi],"adj. 容易的;舒适的 vt. 发出停划命令 adv. 不费力地,从容地 vi. 停止划桨",北师大版一年级起点六年级上.xlsx
beishida_start1|g6-upper|r007|especially,beishida_start1,6年级上,6,上,7,especially,especially,[ɪˈspeʃəli],[ɪˈspeʃəli],adv. 特别;尤其;格外,北师大版一年级起点六年级上.xlsx
beishida_start1|g6-upper|r008|experiment,beishida_start1,6年级上,6,上,8,experiment,experiment,[ɪkˈsperɪmənt],[ɪkˈsperɪmənt],"n. 实验,试验;尝试 vi. 尝试;进行实验",北师大版一年级起点六年级上.xlsx
beishida_start1|g6-upper|r009|funny,beishida_start1,6年级上,6,上,9,funny,funny,[ˈfʌni],[ˈfʌni],"n. 滑稽人物;笑话,有趣的故事;滑稽连环漫画栏;(英)(比赛用)单人双桨小艇 adj. 有趣的,好笑的,滑稽的;(口)稀奇的,古怪的,奇异的;有病的,不舒服的;狡猾的,欺骗(性)的,可疑的,不光明",北师大版一年级起点六年级上.xlsx
beishida_start1|g6-upper|r010|geography,beishida_start1,6年级上,6,上,10,geography,geography,[dʒiˈɒɡrəfi],[dʒiˈɑːɡrəfi],n. 地理;地形,北师大版一年级起点六年级上.xlsx
beishida_start1|g6-upper|r011|history,beishida_start1,6年级上,6,上,11,history,history,[ˈhɪst(ə)ri],[ˈhɪstri],"n. 历史,历史学;历史记录;来历",北师大版一年级起点六年级上.xlsx
beishida_start1|g6-upper|r012|introduce,beishida_start1,6年级上,6,上,12,introduce,introduce,[ˌɪntrəˈdjuːs],[ˌɪntrəˈduːs],vt. 介绍;引进;提出;采用,北师大版一年级起点六年级上.xlsx
beishida_start1|g6-upper|r013|kid,beishida_start1,6年级上,6,上,13,kid,kid,[kɪd],[kɪd],n. 小孩;小山羊 vt. 欺骗;取笑;戏弄 vi. 欺骗;取笑;戏弄 adj. 小山羊皮制的;较年幼的,北师大版一年级起点六年级上.xlsx
beishida_start1|g6-upper|r014|live,beishida_start1,6年级上,6,上,14,live,live,[lɪv; laɪv],[lɪv; laɪv],adj. 活的;生动的;实况转播的;精力充沛的 vt. 经历;度过 vi. 活;居住;生存,北师大版一年级起点六年级上.xlsx
beishida_start1|g6-upper|r015|maybe,beishida_start1,6年级上,6,上,15,maybe,maybe,[ˈmeɪbi],[ˈmeɪbi],adv. 也许;可能;大概 n. 可能性;不确定性,北师大版一年级起点六年级上.xlsx
beishida_start1|g6-upper|r016|neighbor,beishida_start1,6年级上,6,上,16,neighbor,neighbor,['neɪbə],[ˈneɪbər],n. 邻居 adj. 邻近的 vi. 友好;毗邻而居 vt. 邻接,北师大版一年级起点六年级上.xlsx
beishida_start1|g6-upper|r017|neighborhood,beishida_start1,6年级上,6,上,17,neighborhood,neighborhood,[ˈneɪbəhʊd],[ˈneɪbərhʊd],n. 附近;街坊;接近;街区,北师大版一年级起点六年级上.xlsx
beishida_start1|g6-upper|r018|painting,beishida_start1,6年级上,6,上,18,painting,painting,[ˈpeɪntɪŋ],[ˈpeɪntɪŋ],n. 绘画;油画;着色 v. 绘画(paint的ing形式);涂色于,北师大版一年级起点六年级上.xlsx
beishida_start1|g6-upper|r019|really,beishida_start1,6年级上,6,上,19,really,really,[ˈriːəli],[ˈriːəli],"adv. 实际上,事实上;真正地,真实地;真的吗?(表语气)",北师大版一年级起点六年级上.xlsx
beishida_start1|g6-upper|r020|subject,beishida_start1,6年级上,6,上,20,subject,subject,[ˈsʌbdʒɪkt; ˈsʌbdʒekt],[ˈsʌbdʒɪkt; ˈsʌbdʒekt],n. 主题;科目;[语] 主语;国民 adj. 服从的;易患...的;受制于...的 vt. 使...隶属;使屈从于...,北师大版一年级起点六年级上.xlsx
beishida_start1|g6-upper|r021|themselves,beishida_start1,6年级上,6,上,21,themselves,themselves,[ðəmˈselvz],[ðəmˈselvz],pron. 他们自己;他们亲自,北师大版一年级起点六年级上.xlsx
beishida_start1|g6-upper|r022|busy,beishida_start1,6年级上,6,上,22,busy,busy,[ˈbɪzi],[ˈbɪzi],adj. 忙碌的;热闹的;正被占用的 vt. 使忙于,北师大版一年级起点六年级上.xlsx
beishida_start1|g6-upper|r023|chore,beishida_start1,6年级上,6,上,23,chore,chore,[tʃɔː(r)],[tʃɔːr],n. 家庭杂务;日常的零星事务;讨厌的或累人的工作,北师大版一年级起点六年级上.xlsx
beishida_start1|g6-upper|r024|dish,beishida_start1,6年级上,6,上,24,dish,dish,[dɪʃ],[dɪʃ],n. 盘;餐具;一盘食物;外貌有吸引力的人 vt. 盛于碟盘中;分发;使某人的希望破灭;说(某人)的闲话 vi. 成碟状;闲谈,北师大版一年级起点六年级上.xlsx
beishida_start1|g6-upper|r025|dust,beishida_start1,6年级上,6,上,25,dust,dust,[dʌst],[dʌst],n. 灰尘;尘埃;尘土 vt. 撒;拂去灰尘 vi. 拂去灰尘;化为粉末,北师大版一年级起点六年级上.xlsx
beishida_start1|g6-upper|r026|feed,beishida_start1,6年级上,6,上,26,feed,feed,[fiːd],[fiːd],n. 饲料;饲养;(动物或婴儿的)一餐 vt. 喂养;供给;放牧;抚养(家庭等);靠...为生 vi. 吃东西;流入,北师大版一年级起点六年级上.xlsx
beishida_start1|g6-upper|r027|feel,beishida_start1,6年级上,6,上,27,feel,feel,[fiːl],[fiːl],n. 感觉;触摸 vi. 觉得;摸索 vt. 感觉;认为;触摸;试探,北师大版一年级起点六年级上.xlsx
beishida_start1|g6-upper|r028|furniture,beishida_start1,6年级上,6,上,28,furniture,furniture,[ˈfɜːnɪtʃə(r)],[ˈfɜːrnɪtʃər],n. 家具;设备;储藏物,北师大版一年级起点六年级上.xlsx
beishida_start1|g6-upper|r029|grass,beishida_start1,6年级上,6,上,29,grass,grass,[ɡrɑːs],[ɡræs],"n. 草;草地,草坪 vt. 放牧;使......长满草;使......吃草 vi. 长草",北师大版一年级起点六年级上.xlsx
beishida_start1|g6-upper|r030|hardly ever,beishida_start1,6年级上,6,上,30,hardly ever,hardly ever,,,na. 难得;很少,北师大版一年级起点六年级上.xlsx
beishida_start1|g6-upper|r031|homework,beishida_start1,6年级上,6,上,31,homework,homework,[ˈhəʊmwɜːk],[ˈhoʊmwɜːrk],"n. 家庭作业,课外作业",北师大版一年级起点六年级上.xlsx
beishida_start1|g6-upper|r032|never,beishida_start1,6年级上,6,上,32,never,never,[ˈnevə(r)],[ˈnevər],adv. 从未;决不,北师大版一年级起点六年级上.xlsx
beishida_start1|g6-upper|r033|once,beishida_start1,6年级上,6,上,33,once,once,[wʌns],[wʌns],"adv. 一次;曾经 conj. 一旦 n. 一次,一回",北师大版一年级起点六年级上.xlsx
beishida_start1|g6-upper|r034|person,beishida_start1,6年级上,6,上,34,person,person,[ˈpɜːs(ə)n],[ˈpɜːrsn],"n. 人;身体;容貌,外表;人称",北师大版一年级起点六年级上.xlsx
beishida_start1|g6-upper|r035|plant,beishida_start1,6年级上,6,上,35,plant,plant,[plɑːnt],[plænt],"n. 工厂,车间;植物;设备;庄稼 vt. 种植;培养;栽培;安置 vi. 种植",北师大版一年级起点六年级上.xlsx
beishida_start1|g6-upper|r036|polish,beishida_start1,6年级上,6,上,36,polish,polish,[ˈpəʊlɪʃ],[ˈpoʊlɪʃ],"n. 磨光,擦亮;上光剂,擦亮剂;优雅,精良 vi. 擦亮,变光滑 vt. 磨光,使发亮 adj. 波兰的",北师大版一年级起点六年级上.xlsx
beishida_start1|g6-upper|r037|street,beishida_start1,6年级上,6,上,37,street,street,[striːt],[striːt],n. 街道 adj. 街道的,北师大版一年级起点六年级上.xlsx
beishida_start1|g6-upper|r038|tell,beishida_start1,6年级上,6,上,38,tell,tell,[tel],[tel],"vt. 告诉,说;辨别;吩咐;断定 vi. 讲述;告发,泄密;识别",北师大版一年级起点六年级上.xlsx
beishida_start1|g6-upper|r039|think,beishida_start1,6年级上,6,上,39,think,think,[θɪŋk],[θɪŋk],n. 想;想法 adj. 思想的 vi. 想;认为 vt. 想;认为;想起;想像;打算,北师大版一年级起点六年级上.xlsx
beishida_start1|g6-upper|r040|trash,beishida_start1,6年级上,6,上,40,trash,trash,[træʃ],[træʃ],n. 垃圾;废物 vt. 丢弃;修剪树枝,北师大版一年级起点六年级上.xlsx
beishida_start1|g6-upper|r041|twice,beishida_start1,6年级上,6,上,41,twice,twice,[twaɪs],[twaɪs],adv. 两次;两倍,北师大版一年级起点六年级上.xlsx
beishida_start1|g6-upper|r042|bowling,beishida_start1,6年级上,6,上,42,bowling,bowling,[ˈbəʊlɪŋ],[ˈboʊlɪŋ],n. 滚木球戏;保龄球戏 v. 打保龄球(bowl的现在分词),北师大版一年级起点六年级上.xlsx
beishida_start1|g6-upper|r043|cool,beishida_start1,6年级上,6,上,43,cool,cool,[kuːl],[kuːl],n. 凉爽;凉爽的空气 adj. 凉爽的;冷静的;出色的 vt. 使...冷却;使...平静下来 vi. 变凉;平息 adv. 冷静地,北师大版一年级起点六年级上.xlsx
beishida_start1|g6-upper|r044|find,beishida_start1,6年级上,6,上,44,find,find,[faɪnd],[faɪnd],"n. 发现 vi. 裁决 vt. 查找,找到;发现;认为;感到;获得",北师大版一年级起点六年级上.xlsx
beishida_start1|g6-upper|r045|gym,beishida_start1,6年级上,6,上,45,gym,gym,[dʒɪm],[dʒɪm],n. 健身房;体育;体育馆,北师大版一年级起点六年级上.xlsx
beishida_start1|g6-upper|r046|ice-skate,beishida_start1,6年级上,6,上,46,ice-skate,ice-skate,[ˈaɪs skeɪt],[ˈaɪs skeɪt],"v. 溜冰,滑冰",北师大版一年级起点六年级上.xlsx
beishida_start1|g6-upper|r047|information,beishida_start1,6年级上,6,上,47,information,information,[ˌɪnfəˈmeɪʃn],[ˌɪnfərˈmeɪʃn],"n. 信息,资料;知识;情报;通知",北师大版一年级起点六年级上.xlsx
beishida_start1|g6-upper|r048|invitation,beishida_start1,6年级上,6,上,48,invitation,invitation,[ˌɪnvɪˈteɪʃn],[ˌɪnvɪˈteɪʃn],n. 邀请;引诱;请帖;邀请函,北师大版一年级起点六年级上.xlsx
beishida_start1|g6-upper|r049|karate,beishida_start1,6年级上,6,上,49,karate,karate,[kəˈrɑːti],[kəˈrɑːti],n. 空手道(日本的一种徒手武术),北师大版一年级起点六年级上.xlsx
beishida_start1|g6-upper|r050|learn,beishida_start1,6年级上,6,上,50,learn,learn,[lɜːn],[lɜːrn],vt. 学习;得知;认识到 vi. 学习;获悉,北师大版一年级起点六年级上.xlsx
beishida_start1|g6-upper|r051|partner,beishida_start1,6年级上,6,上,51,partner,partner,[ˈpɑːtnə(r)],[ˈpɑːrtnər],n. 伙伴;合伙人;配偶 vt. 使合作;与...合伙 vi. 合伙;合股;成为搭档,北师大版一年级起点六年级上.xlsx
beishida_start1|g6-upper|r052|receive,beishida_start1,6年级上,6,上,52,receive,receive,[rɪˈsiːv],[rɪˈsiːv],vt. 收到;接待;接纳 vi. 接收,北师大版一年级起点六年级上.xlsx
beishida_start1|g6-upper|r053|ski,beishida_start1,6年级上,6,上,53,ski,ski,[skiː],[skiː],n. 滑雪橇 vi. 滑雪 adj. 滑雪(用)的,北师大版一年级起点六年级上.xlsx
beishida_start1|g6-upper|r054|sometimes,beishida_start1,6年级上,6,上,54,sometimes,sometimes,[ˈsʌmtaɪmz],[ˈsʌmtaɪmz],"adv. 有时,间或",北师大版一年级起点六年级上.xlsx
beishida_start1|g6-upper|r055|sound,beishida_start1,6年级上,6,上,55,sound,sound,[saʊnd],[saʊnd],"n. 声音,语音;噪音;海峡;吵闹;听力范围;[医] 探条 adj. 健全的,健康的;合理的;可靠的;有效彻底的 vt. 听(诊);测量,测...深;使发声;试探;宣告 vi. 听起来;发出声音;回响;测深 adv. 彻底地,充分地",北师大版一年级起点六年级上.xlsx
beishida_start1|g6-upper|r056|work out,beishida_start1,6年级上,6,上,56,work out,work out,,,v. 作出;拟定;制定;计划一下,北师大版一年级起点六年级上.xlsx
beishida_start1|g6-upper|r057|baseball,beishida_start1,6年级上,6,上,57,baseball,baseball,[ˈbeɪsbɔːl],[ˈbeɪsbɔːl],n. 棒球;棒球运动,北师大版一年级起点六年级上.xlsx
beishida_start1|g6-upper|r058|belt,beishida_start1,6年级上,6,上,58,belt,belt,[belt],[belt],n. 带;腰带;地带 vt. 用带子系住;用皮带抽打 vi. 猛击,北师大版一年级起点六年级上.xlsx
beishida_start1|g6-upper|r059|buy,beishida_start1,6年级上,6,上,59,buy,buy,[baɪ],[baɪ],"n. 购买,买卖;所购的物品 vi. 买,采购 vt. 购买;获得;贿赂",北师大版一年级起点六年级上.xlsx
beishida_start1|g6-upper|r060|cost,beishida_start1,6年级上,6,上,60,cost,cost,[kɒst],[kɔːst],"n. 费用,代价,成本;损失 vt. 花费;使付出;使花许多钱 vi. 花费",北师大版一年级起点六年级上.xlsx
beishida_start1|g6-upper|r061|glove,beishida_start1,6年级上,6,上,61,glove,glove,[ɡlʌv],[ɡlʌv],n. 手套 vt. 给...戴手套,北师大版一年级起点六年级上.xlsx
beishida_start1|g6-upper|r062|idea,beishida_start1,6年级上,6,上,62,idea,idea,[aɪˈdɪə],[aɪˈdiːə],n. 想法;主意;概念,北师大版一年级起点六年级上.xlsx
beishida_start1|g6-upper|r063|in the end,beishida_start1,6年级上,6,上,63,in the end,in the end,,,na. 终于,北师大版一年级起点六年级上.xlsx
beishida_start1|g6-upper|r064|latest,beishida_start1,6年级上,6,上,64,latest,latest,[ˈleɪtɪst],[ˈleɪtɪst],"adv. 最迟地;最后地 n. 最新的事物 adj. 最新的,最近的;最迟的,最后的",北师大版一年级起点六年级上.xlsx
beishida_start1|g6-upper|r065|mall,beishida_start1,6年级上,6,上,65,mall,mall,[mɔːl; mæl],[mɔːl],n. 购物商场;林荫路;铁圈球场,北师大版一年级起点六年级上.xlsx
beishida_start1|g6-upper|r066|pair,beishida_start1,6年级上,6,上,66,pair,pair,[peə(r)],[per],"n. 一对,一双,一副 vt. 把...组成一对",北师大版一年级起点六年级上.xlsx
beishida_start1|g6-upper|r067|people,beishida_start1,6年级上,6,上,67,people,people,[ˈpiːp(ə)l],[ˈpiːpl],n. 人;人类;民族;公民 vt. 居住于;使住满人,北师大版一年级起点六年级上.xlsx
beishida_start1|g6-upper|r068|pop,beishida_start1,6年级上,6,上,68,pop,pop,[pɒp],[pɑːp],abbr. 卖点广告(Point of Purchase),北师大版一年级起点六年级上.xlsx
beishida_start1|g6-upper|r069|popcorn,beishida_start1,6年级上,6,上,69,popcorn,popcorn,[ˈpɒpkɔːn],[ˈpɑːpkɔːrn],"n. 爆米花,爆玉米花",北师大版一年级起点六年级上.xlsx
beishida_start1|g6-upper|r070|prefer,beishida_start1,6年级上,6,上,70,prefer,prefer,[prɪˈfɜː(r)],[prɪˈfɜːr],vt. 更喜欢;宁愿;提出;提升 vi. 喜欢;愿意,北师大版一年级起点六年级上.xlsx
beishida_start1|g6-upper|r071|quick,beishida_start1,6年级上,6,上,71,quick,quick,[kwɪk],[kwɪk],"n. 核心;伤口的嫩肉 adj. 快的;迅速的,敏捷的;灵敏的 adv. 迅速地,快",北师大版一年级起点六年级上.xlsx
beishida_start1|g6-upper|r072|spend,beishida_start1,6年级上,6,上,72,spend,spend,[spend],[spend],"n. 预算 vt. 度过,消磨(时光);花费;浪费;用尽 vi. 花钱;用尽,耗尽",北师大版一年级起点六年级上.xlsx
beishida_start1|g6-upper|r073|style,beishida_start1,6年级上,6,上,73,style,style,[staɪl],[staɪl],n. 风格;时尚;类型;字体 vt. 设计;称呼;使合潮流 vi. 设计式样;用刻刀作装饰画,北师大版一年级起点六年级上.xlsx
beishida_start1|g6-upper|r074|sunglasses,beishida_start1,6年级上,6,上,74,sunglasses,sunglasses,[ˈsʌnɡlɑːsɪz],[ˈsʌnɡlæsɪz],n. 太阳镜;凸透镜(sunglass的复数),北师大版一年级起点六年级上.xlsx
beishida_start1|g6-upper|r075|sweatpants,beishida_start1,6年级上,6,上,75,sweatpants,sweatpants,[ˈswetpænts],[ˈswetpænts],n. (美)宽松长运动裤,北师大版一年级起点六年级上.xlsx
beishida_start1|g6-upper|r076|video game,beishida_start1,6年级上,6,上,76,video game,video game,[ˈvɪdiəʊ ɡeɪm],[ˈvɪdioʊ ɡeɪm],n. 电子游戏,北师大版一年级起点六年级上.xlsx
beishida_start1|g6-upper|r077|accident,beishida_start1,6年级上,6,上,77,accident,accident,[ˈæksɪdənt],[ˈæksɪdənt],n. 事故;意外;[法] 意外事件;机遇,北师大版一年级起点六年级上.xlsx
beishida_start1|g6-upper|r078|advice,beishida_start1,6年级上,6,上,78,advice,advice,[ədˈvaɪs],[ədˈvaɪs],n. 建议;忠告;劝告;通知,北师大版一年级起点六年级上.xlsx
beishida_start1|g6-upper|r079|angry,beishida_start1,6年级上,6,上,79,angry,angry,[ˈæŋɡri],[ˈæŋɡri],adj. 生气的;愤怒的;狂暴的;(伤口等)发炎的,北师大版一年级起点六年级上.xlsx
beishida_start1|g6-upper|r080|bored,beishida_start1,6年级上,6,上,80,bored,bored,[bɔːd],[bɔːrd],v. 使厌烦(bore的过去式);烦扰 adj. 无聊的;无趣的;烦人的,北师大版一年级起点六年级上.xlsx
beishida_start1|g6-upper|r081|check,beishida_start1,6年级上,6,上,81,check,check,[tʃek],[tʃek],"n. <美>支票;制止,抑制;检验,核对 vi. 核实,查核;中止;打勾;[象棋]将一军 vt. 检查,核对;制止,抑制;在...上打勾",北师大版一年级起点六年级上.xlsx
beishida_start1|g6-upper|r082|deep,beishida_start1,6年级上,6,上,82,deep,deep,[diːp],[diːp],n. 深处;深渊 adj. 深的;低沉的;深奥的 adv. 深入地;深深地;迟,北师大版一年级起点六年级上.xlsx
beishida_start1|g6-upper|r083|dentist,beishida_start1,6年级上,6,上,83,dentist,dentist,[ˈdentɪst],[ˈdentɪst],n. 牙科医生 牙医诊所,北师大版一年级起点六年级上.xlsx
beishida_start1|g6-upper|r084|dizzy,beishida_start1,6年级上,6,上,84,dizzy,dizzy,[ˈdɪzi],[ˈdɪzi],adj. 晕眩的;使人头晕的;昏乱的;心不在焉的;愚蠢的 vt. 使头晕眼花;使混乱;使茫然,北师大版一年级起点六年级上.xlsx
beishida_start1|g6-upper|r085|explain,beishida_start1,6年级上,6,上,85,explain,explain,[ɪkˈspleɪn],[ɪkˈspleɪn],v. 说明;解释,北师大版一年级起点六年级上.xlsx
beishida_start1|g6-upper|r086|give,beishida_start1,6年级上,6,上,86,give,give,[ɡɪv],[ɡɪv],n. 弹性;弯曲;伸展性 vi. 捐赠;面向;有弹性;气候转暖 vt. 给;产生;让步;举办;授予,北师大版一年级起点六年级上.xlsx
beishida_start1|g6-upper|r087|glad,beishida_start1,6年级上,6,上,87,glad,glad,[ɡlæd],[ɡlæd],adj. 高兴的;乐意的;令人高兴的;灿烂美丽的 vt. 使高兴,北师大版一年级起点六年级上.xlsx
beishida_start1|g6-upper|r088|manual,beishida_start1,6年级上,6,上,88,manual,manual,[ˈmænjuəl],[ˈmænjuəl],"adj. 手工的;体力的 n. 手册,指南",北师大版一年级起点六年级上.xlsx
beishida_start1|g6-upper|r089|medicine,beishida_start1,6年级上,6,上,89,medicine,medicine,[ˈmedsn; ˈmedɪsn],[ˈmedɪsn],n. 药;医学;内科;巫术 vt. 用药物治疗;给...用药,北师大版一年级起点六年级上.xlsx
beishida_start1|g6-upper|r090|press,beishida_start1,6年级上,6,上,90,press,press,[pres],[pres],n. 压;按;新闻;出版社;[印刷] 印刷机 vt. 压;按;逼迫;紧抱 vi. 压;逼;重压,北师大版一年级起点六年级上.xlsx
beishida_start1|g6-upper|r091|problem,beishida_start1,6年级上,6,上,91,problem,problem,[ˈprɒbləm],[ˈprɑːbləm],n. 难题;引起麻烦的人 adj. 成问题的;难处理的,北师大版一年级起点六年级上.xlsx
beishida_start1|g6-upper|r092|scared,beishida_start1,6年级上,6,上,92,scared,scared,[skeəd],[skerd],v. 使害怕(scare的过去分词) adj. 害怕的,北师大版一年级起点六年级上.xlsx
beishida_start1|g6-upper|r093|screen,beishida_start1,6年级上,6,上,93,screen,screen,[skriːn],[skriːn],"n. 屏,幕;屏风 vt. 筛;拍摄;放映;掩蔽 vi. 拍电影",北师大版一年级起点六年级上.xlsx
beishida_start1|g6-upper|r094|sure,beishida_start1,6年级上,6,上,94,sure,sure,[ʃʊə(r)],[ʃʊr],adj. 确信的;可靠的;必定的 adv. 当然;的确,北师大版一年级起点六年级上.xlsx
beishida_start1|g6-upper|r095|switch,beishida_start1,6年级上,6,上,95,switch,switch,[swɪtʃ],[swɪtʃ],n. 开关;转换;鞭子 vi. 转换;抽打;换防 vt. 转换;用鞭子等抽打,北师大版一年级起点六年级上.xlsx
beishida_start1|g6-upper|r096|tell,beishida_start1,6年级上,6,上,96,tell,tell,[tel],[tel],"vt. 告诉,说;辨别;吩咐;断定 vi. 讲述;告发,泄密;识别",北师大版一年级起点六年级上.xlsx
beishida_start1|g6-upper|r097|tired,beishida_start1,6年级上,6,上,97,tired,tired,[ˈtaɪəd],[ˈtaɪərd],"v. 疲倦;对...腻烦(tire的过去分词形式) adj. 疲倦的;厌倦的,厌烦的",北师大版一年级起点六年级上.xlsx
beishida_start1|g6-upper|r098|toothache,beishida_start1,6年级上,6,上,98,toothache,toothache,[ˈtuːθeɪk],[ˈtuːθeɪk],n. [口腔] 牙痛,北师大版一年级起点六年级上.xlsx
beishida_start1|g6-upper|r099|turn on,beishida_start1,6年级上,6,上,99,turn on,turn on,[tɜ:n ɒn],[tɜːrn ɑːn],na. 转向;对...进行突击,北师大版一年级起点六年级上.xlsx
beishida_start1|g6-upper|r100|understand,beishida_start1,6年级上,6,上,100,understand,understand,[ˌʌndəˈstænd],[ˌʌndərˈstænd],vi. 理解;懂得;熟悉 vt. 理解;懂;获悉;推断;省略,北师大版一年级起点六年级上.xlsx
beishida_start1|g6-upper|r101|weekend,beishida_start1,6年级上,6,上,101,weekend,weekend,[ˌwiːkˈend],[ˈwiːkend],"n. 周末,周末休假;周末聚会 adj. 周末的,周末用的 vi. 度周末",北师大版一年级起点六年级上.xlsx
beishida_start1|g6-upper|r102|work,beishida_start1,6年级上,6,上,102,work,work,[wɜːk],[wɜːrk],n. 工作;[物] 功;产品;操作;职业;行为;事业;工厂;著作;文学、音乐或艺术作品 vt. 使工作;操作;经营;使缓慢前进 vi. 工作;运作;起作用,北师大版一年级起点六年级上.xlsx
beishida_start1|g6-upper|r103|city,beishida_start1,6年级上,6,上,103,city,city,[ˈsɪti],[ˈsɪti],"n. 城市,都市 adj. 城市的;都会的",北师大版一年级起点六年级上.xlsx
beishida_start1|g6-upper|r104|internet,beishida_start1,6年级上,6,上,104,Internet,internet,[ˈɪntənet],[ˈɪntərnet],n. 因特网,北师大版一年级起点六年级上.xlsx
beishida_start1|g6-upper|r105|italy,beishida_start1,6年级上,6,上,105,Italy,italy,[ˈɪtəli],[ˈɪtəli],n. 意大利(欧洲南部国家),北师大版一年级起点六年级上.xlsx
beishida_start1|g6-upper|r106|japan,beishida_start1,6年级上,6,上,106,Japan,japan,[dʒəˈpæn],[dʒəˈpæn],n. 日本(东亚国家名),北师大版一年级起点六年级上.xlsx
beishida_start1|g6-upper|r107|lake,beishida_start1,6年级上,6,上,107,lake,lake,[leɪk],[leɪk],n. 湖;深红色颜料;胭脂红 vt. (使)血球溶解 vi. (使)血球溶解,北师大版一年级起点六年级上.xlsx
beishida_start1|g6-upper|r108|lesson,beishida_start1,6年级上,6,上,108,lesson,lesson,[ˈlesn],[ˈlesn],n. 教训;课 vt. 教训;上课,北师大版一年级起点六年级上.xlsx
beishida_start1|g6-upper|r109|mexico,beishida_start1,6年级上,6,上,109,Mexico,mexico,[ˈmeksɪkəʊ],[ˈmeksɪkoʊ],n. 墨西哥,北师大版一年级起点六年级上.xlsx
beishida_start1|g6-upper|r110|mountain,beishida_start1,6年级上,6,上,110,mountain,mountain,[ˈmaʊntən],[ˈmaʊntn],n. 山;山脉,北师大版一年级起点六年级上.xlsx
beishida_start1|g6-upper|r111|pollution,beishida_start1,6年级上,6,上,111,pollution,pollution,[pəˈluːʃ(ə)n],[pəˈluːʃn],n. 污染 污染物,北师大版一年级起点六年级上.xlsx
beishida_start1|g6-upper|r112|pyramid,beishida_start1,6年级上,6,上,112,pyramid,pyramid,[ˈpɪrəmɪd],[ˈpɪrəmɪd],n. 金字塔;角锥体 vt. 使...渐增;使...上涨;使...成金字塔状 vi. 渐增;上涨;成金字塔状,北师大版一年级起点六年级上.xlsx
beishida_start1|g6-lower|r002|ankle,beishida_start1,6年级下,6,下,2,ankle,ankle,[ˈæŋk(ə)l],[ˈæŋk(ə)l],"n. 踝关节,踝",北师大版一年级起点六年级下.xlsx
beishida_start1|g6-lower|r003|competitor,beishida_start1,6年级下,6,下,3,competitor,competitor,[kəmˈpetɪtə(r)],[kəmˈpetɪtər],"n. 竞争者,对手",北师大版一年级起点六年级下.xlsx
beishida_start1|g6-lower|r004|crash,beishida_start1,6年级下,6,下,4,crash,crash,[kræʃ],[kræʃ],n. 撞碎;坠毁;破产;轰隆声;睡觉 vi. 摔碎;坠落;发出隆隆声;(金融企业等)破产 vt. 打碎;使坠毁、撞坏;擅自闯入,北师大版一年级起点六年级下.xlsx
beishida_start1|g6-lower|r005|cycling shoes,beishida_start1,6年级下,6,下,5,cycling shoes,cycling shoes,,,自行车运动鞋,北师大版一年级起点六年级下.xlsx
beishida_start1|g6-lower|r006|elbow,beishida_start1,6年级下,6,下,6,elbow,elbow,[ˈelbəʊ],[ˈelboʊ],n. 肘部;弯头;扶手 vt. 推挤;用手肘推开,北师大版一年级起点六年级下.xlsx
beishida_start1|g6-lower|r007|entry,beishida_start1,6年级下,6,下,7,entry,entry,[ˈentri],[ˈentri],n. 进入;入口;条目;登记;报关手续;对土地的侵占,北师大版一年级起点六年级下.xlsx
beishida_start1|g6-lower|r008|fill out,beishida_start1,6年级下,6,下,8,fill out,fill out,,,na. 填写(表格等);变胖;长胖;胖起来,北师大版一年级起点六年级下.xlsx
beishida_start1|g6-lower|r009|flat,beishida_start1,6年级下,6,下,9,flat,flat,[flæt],[flæt],"n. 平地;公寓;平面 adj. 平的;单调的;不景气的;干脆的;平坦的;扁平的;浅的 vi. 逐渐变平;[音乐]以降调唱(或奏) vt. 使变平;[音乐]使(音调)下降,尤指降半音 adv. (尤指贴着另一表面)平直地;断然地;水平地;直接地,完全地",北师大版一年级起点六年级下.xlsx
beishida_start1|g6-lower|r010|form,beishida_start1,6年级下,6,下,10,form,form,[fɔːm],[fɔːrm],"n. 形式,形状;形态,外形;方式;表格 vt. 构成,组成;排列,组织;产生,塑造 vi. 形成,构成;排列",北师大版一年级起点六年级下.xlsx
beishida_start1|g6-lower|r011|helmet,beishida_start1,6年级下,6,下,11,helmet,helmet,[ˈhelmɪt],[ˈhelmɪt],"n. 钢盔,头盔",北师大版一年级起点六年级下.xlsx
beishida_start1|g6-lower|r012|invite,beishida_start1,6年级下,6,下,12,invite,invite,[ɪnˈvaɪt],[ɪnˈvaɪt],"n. 邀请 vt. 邀请,招待;招致",北师大版一年级起点六年级下.xlsx
beishida_start1|g6-lower|r013|mail,beishida_start1,6年级下,6,下,13,mail,mail,[meɪl],[meɪl],"n. 邮件;邮政,邮递;盔甲 vt. 邮寄;给...穿盔甲 vi. 邮寄;寄出",北师大版一年级起点六年级下.xlsx
beishida_start1|g6-lower|r014|number,beishida_start1,6年级下,6,下,14,number,number,[ˈnʌmbə(r)],[ˈnʌmbər],n. 数;(杂志等的)期;号码;数字;算术 vi. 计入;总数达到 vt. 编号;计入;数...的数目;使为数有限,北师大版一年级起点六年级下.xlsx
beishida_start1|g6-lower|r015|official,beishida_start1,6年级下,6,下,15,official,official,[əˈfɪʃ(ə)l],[əˈfɪʃl],adj. 官方的;正式的;公务的 n. 官员;公务员;高级职员,北师大版一年级起点六年级下.xlsx
beishida_start1|g6-lower|r016|pad,beishida_start1,6年级下,6,下,16,pad,pad,[pæd],[pæd],n. 衬垫;护具;便笺簿;填补 vi. 步行;放轻脚步走 vt. 填补;走,北师大版一年级起点六年级下.xlsx
beishida_start1|g6-lower|r017|post,beishida_start1,6年级下,6,下,17,post,post,[pəʊst],[poʊst],n. 岗位;邮件;标杆 vt. 张贴;公布;邮递;布置 vi. 快速行进,北师大版一年级起点六年级下.xlsx
beishida_start1|g6-lower|r018|puddle,beishida_start1,6年级下,6,下,18,puddle,puddle,[ˈpʌdl],[ˈpʌdl],"n. 水坑,泥潭;胶土(由粘土与水和成,不透水) vt. 使泥泞,搅浑;把...捣制成胶土;搅炼;用胶土填塞 vi. 搅泥浆;在水坑中嬉戏",北师大版一年级起点六年级下.xlsx
beishida_start1|g6-lower|r019|rider,beishida_start1,6年级下,6,下,19,rider,rider,[ˈraɪdə(r)],[ˈraɪdər],n. 骑手;附文;扶手,北师大版一年级起点六年级下.xlsx
beishida_start1|g6-lower|r020|sign,beishida_start1,6年级下,6,下,20,sign,sign,[saɪn],[saɪn],n. 迹象;符号;记号;手势;指示牌 vt. 签署;示意 vi. 签署;签名,北师大版一年级起点六年级下.xlsx
beishida_start1|g6-lower|r021|skid,beishida_start1,6年级下,6,下,21,skid,skid,[skɪd],[skɪd],"n. 打滑;[车辆] 刹车;滑轨,滑动垫木 vt. 刹住,使减速;滚滑 vi. 打滑",北师大版一年级起点六年级下.xlsx
beishida_start1|g6-lower|r022|slippery,beishida_start1,6年级下,6,下,22,slippery,slippery,[ˈslɪpəri],[ˈslɪpəri],adj. 滑的;狡猾的;不稳定的,北师大版一年级起点六年级下.xlsx
beishida_start1|g6-lower|r023|tire,beishida_start1,6年级下,6,下,23,tire,tire,[ˈtaɪə(r)],[ˈtaɪər],n. 轮胎;头饰 vt. 使...疲倦;使...厌烦 vi. 疲劳;厌倦,北师大版一年级起点六年级下.xlsx
beishida_start1|g6-lower|r024|track,beishida_start1,6年级下,6,下,24,track,track,[træk],[træk],"n. 轨道;足迹,踪迹;小道 vt. 追踪;通过;循路而行;用纤拉 vi. 追踪;走;留下足迹",北师大版一年级起点六年级下.xlsx
beishida_start1|g6-lower|r025|warning,beishida_start1,6年级下,6,下,25,warning,warning,[ˈwɔːnɪŋ],[ˈwɔːrnɪŋ],n. 警告;预兆;预告 v. 警告(warn的ing形式) adj. 警告的;引以为戒的,北师大版一年级起点六年级下.xlsx
beishida_start1|g6-lower|r026|awful,beishida_start1,6年级下,6,下,26,awful,awful,[ˈɔːf(ə)l],[ˈɔːf(ə)l],adj. 可怕的;极坏的;使人敬畏的,北师大版一年级起点六年级下.xlsx
beishida_start1|g6-lower|r027|bone,beishida_start1,6年级下,6,下,27,bone,bone,[bəʊn],[boʊn],n. 骨;骨骼 vt. 剔去...的骨;施骨肥于 vi. 苦学;专心致志,北师大版一年级起点六年级下.xlsx
beishida_start1|g6-lower|r028|brake,beishida_start1,6年级下,6,下,28,brake,brake,[breɪk],[breɪk],"n. 闸,刹车;阻碍 vt. 刹车 vi. 刹车",北师大版一年级起点六年级下.xlsx
beishida_start1|g6-lower|r029|chin,beishida_start1,6年级下,6,下,29,chin,chin,[tʃɪn],[tʃɪn],n. 下巴;聊天;引体向上动作 vt. 用下巴夹住;与...聊天;在单杠上作引体向上动作 vi. 闲谈;作引体向上动作,北师大版一年级起点六年级下.xlsx
beishida_start1|g6-lower|r030|crutch,beishida_start1,6年级下,6,下,30,crutch,crutch,[krʌtʃ],[krʌtʃ],n. 拐杖;支柱;依靠;胯部 vt. 用拐杖支撑;支持,北师大版一年级起点六年级下.xlsx
beishida_start1|g6-lower|r031|emergency,beishida_start1,6年级下,6,下,31,emergency,emergency,[ɪˈmɜːdʒənsi],[ɪˈmɜːrdʒənsi],n. 紧急情况;突发事件;非常时刻 adj. 紧急的;备用的,北师大版一年级起点六年级下.xlsx
beishida_start1|g6-lower|r032|eyesight,beishida_start1,6年级下,6,下,32,eyesight,eyesight,[ˈaɪsaɪt],[ˈaɪsaɪt],n. 视力;目力,北师大版一年级起点六年级下.xlsx
beishida_start1|g6-lower|r033|fall,beishida_start1,6年级下,6,下,33,fall,fall,[fɔːl],[fɔːl],n. 下降;秋天;瀑布 adj. 秋天的 vi. 落下;变成;来临;减弱 vt. 砍倒;击倒,北师大版一年级起点六年级下.xlsx
beishida_start1|g6-lower|r034|hear,beishida_start1,6年级下,6,下,34,hear,hear,[hɪə(r)],[hɪr],"vi. 听;听见 vt. 听到,听;听说;审理",北师大版一年级起点六年级下.xlsx
beishida_start1|g6-lower|r035|injection,beishida_start1,6年级下,6,下,35,injection,injection,[ɪnˈdʒekʃn],[ɪnˈdʒekʃn],n. 注射;注射剂;充血;射入轨道,北师大版一年级起点六年级下.xlsx
beishida_start1|g6-lower|r036|letter,beishida_start1,6年级下,6,下,36,letter,letter,[ˈletə(r)],[ˈletər],"n. 信;字母,文字;证书;文学,学问;字面意义 vt. 写字母于 vi. 写印刷体字母",北师大版一年级起点六年级下.xlsx
beishida_start1|g6-lower|r037|outside,beishida_start1,6年级下,6,下,37,outside,outside,[ˌaʊtˈsaɪd],[ˌaʊtˈsaɪd],"adj. 外面的,外部的;外来的 n. 外部;外观 adv. 在外面,向外面;在室外 prep. 在...范围之外",北师大版一年级起点六年级下.xlsx
beishida_start1|g6-lower|r038|pain,beishida_start1,6年级下,6,下,38,pain,pain,[peɪn],[peɪn],n. 疼痛;努力 vt. 使...痛苦;使...烦恼 vi. 感到疼痛;引起疼痛,北师大版一年级起点六年级下.xlsx
beishida_start1|g6-lower|r039|relax,beishida_start1,6年级下,6,下,39,relax,relax,[rɪˈlæks],[rɪˈlæks],"vi. 放松,休息;松懈,松弛;变从容;休养 vt. 放松;使休息;使松弛;缓和;使松懈",北师大版一年级起点六年级下.xlsx
beishida_start1|g6-lower|r040|smell,beishida_start1,6年级下,6,下,40,smell,smell,[smel],[smel],"n. 气味,嗅觉;臭味 vt. 嗅,闻;察觉到;发出...的气味 vi. 嗅,闻;有...气味",北师大版一年级起点六年级下.xlsx
beishida_start1|g6-lower|r041|taste,beishida_start1,6年级下,6,下,41,taste,taste,[teɪst],[teɪst],n. 味道;品味;审美 vt. 尝;体验 vi. 尝起来;有...的味道,北师大版一年级起点六年级下.xlsx
beishida_start1|g6-lower|r042|wrist,beishida_start1,6年级下,6,下,42,wrist,wrist,[rɪst],[rɪst],n. 手腕;腕关节 vt. 用腕力移动,北师大版一年级起点六年级下.xlsx
beishida_start1|g6-lower|r043|agree,beishida_start1,6年级下,6,下,43,agree,agree,[əˈɡriː],[əˈɡriː],"vi. vi. 同意,意见一致;约定,商定 vt. 同意,赞成;承认;约定,商定",北师大版一年级起点六年级下.xlsx
beishida_start1|g6-lower|r044|bottle,beishida_start1,6年级下,6,下,44,bottle,bottle,[ˈbɒt(ə)l],[ˈbɑːtl],n. 瓶子;一瓶的容量 vt. 控制;把...装入瓶中 vi. (街头艺人演出后)收拢钱币,北师大版一年级起点六年级下.xlsx
beishida_start1|g6-lower|r045|break,beishida_start1,6年级下,6,下,45,break,break,[breɪk],[breɪk],vi. 打破;折断;弄坏;削弱 vt. (使)破;打破(纪录);(常指好天气)突变;开始 vi. (嗓音)突变;突破;破晓;(价格)突然下跌 n. 破裂;间断;(持续一段时间的状况的)改变;间歇,北师大版一年级起点六年级下.xlsx
beishida_start1|g6-lower|r046|city,beishida_start1,6年级下,6,下,46,city,city,[ˈsɪti],[ˈsɪti],"n. 城市,都市 adj. 城市的;都会的",北师大版一年级起点六年级下.xlsx
beishida_start1|g6-lower|r047|country,beishida_start1,6年级下,6,下,47,country,country,[ˈkʌntri],[ˈkʌntri],"n. 国家,国土;国民;乡下,农村;乡村;故乡 adj. 祖国的,故乡的;地方的,乡村的;国家的;粗鲁的;乡村音乐的",北师大版一年级起点六年级下.xlsx
beishida_start1|g6-lower|r048|dark,beishida_start1,6年级下,6,下,48,dark,dark,[dɑːk],[dɑːrk],"n. 黑暗;夜;黄昏;模糊 adj. 黑暗的,深色的;模糊的;无知的;忧郁的",北师大版一年级起点六年级下.xlsx
beishida_start1|g6-lower|r049|different,beishida_start1,6年级下,6,下,49,different,different,[ˈdɪfrənt],[ˈdɪfrənt],"adj. 不同的;个别的,与众不同的",北师大版一年级起点六年级下.xlsx
beishida_start1|g6-lower|r050|field,beishida_start1,6年级下,6,下,50,field,field,[fiːld],[fiːld],n. 领域;牧场;旷野;战场;运动场 adj. 扫描场;田赛的;野生的 vt. 把暴晒于场上;使上场 vi. 担任场外队员,北师大版一年级起点六年级下.xlsx
beishida_start1|g6-lower|r051|future,beishida_start1,6年级下,6,下,51,future,future,[ˈfjuːtʃə(r)],[ˈfjuːtʃər],"n. 未来;前途;期货;将来时 adj. 将来的,未来的",北师大版一年级起点六年级下.xlsx
beishida_start1|g6-lower|r052|hate,beishida_start1,6年级下,6,下,52,hate,hate,[heɪt],[heɪt],n. 憎恨;反感 vt. 憎恨;厌恶;遗憾 vi. 仇恨,北师大版一年级起点六年级下.xlsx
beishida_start1|g6-lower|r053|hope,beishida_start1,6年级下,6,下,53,hope,hope,[həʊp],[hoʊp],n. 希望;期望;信心 vi. 希望;期待;信赖 vt. 希望;期望,北师大版一年级起点六年级下.xlsx
beishida_start1|g6-lower|r054|huge,beishida_start1,6年级下,6,下,54,huge,huge,[hjuːdʒ],[hjuːdʒ],adj. 巨大的;庞大的;无限的,北师大版一年级起点六年级下.xlsx
beishida_start1|g6-lower|r055|leave,beishida_start1,6年级下,6,下,55,leave,leave,[liːv],[liːv],"vt. 离开;留下;遗忘;委托 vi. 离开,出发;留下 n. 许可,同意;休假",北师大版一年级起点六年级下.xlsx
beishida_start1|g6-lower|r056|light,beishida_start1,6年级下,6,下,56,light,light,[laɪt],[laɪt],n. 光;光线;灯;打火机;领悟;浅色;天窗 adj. 轻的;浅色的;明亮的;轻松的;容易的;清淡的 vi. 点着;变亮;着火 vt. 照亮;点燃;着火 adv. 轻地;清楚地;轻便地,北师大版一年级起点六年级下.xlsx
beishida_start1|g6-lower|r057|neither,beishida_start1,6年级下,6,下,57,neither,neither,[ˈnaɪðə(r)],[ˈniːðər; ˈnaɪðər],conj. 也不;既不 adv. 两个都不;既不......也不 adj. 两者都不的 pron. 两者都不,北师大版一年级起点六年级下.xlsx
beishida_start1|g6-lower|r058|modern,beishida_start1,6年级下,6,下,58,modern,modern,[ˈmɒdn],[ˈmɑːdərn],"adj. 现代的,近代的;时髦的 n. 现代人;有思想的人",北师大版一年级起点六年级下.xlsx
beishida_start1|g6-lower|r059|other,beishida_start1,6年级下,6,下,59,other,other,[ˈʌðə(r)],[ˈʌðər],"adj. 其他的,另外的 pron. 另外一个",北师大版一年级起点六年级下.xlsx
beishida_start1|g6-lower|r060|over here,beishida_start1,6年级下,6,下,60,over here,over here,,,na. 在这边,北师大版一年级起点六年级下.xlsx
beishida_start1|g6-lower|r061|over there,beishida_start1,6年级下,6,下,61,over there,over there,['əʊvə(r) ðeə(r)],[ˈəʊvər ðer],na. 在那边;〔美国〕在欧洲;〔大战用语〕在战地,北师大版一年级起点六年级下.xlsx
beishida_start1|g6-lower|r062|part,beishida_start1,6年级下,6,下,62,part,part,[pɑːt],[pɑːrt],n. 部分;角色;零件;一些;片段 adj. 部分的 vt. 分离;分配;分开 adv. 部分地 vi. 断裂;分手,北师大版一年级起点六年级下.xlsx
beishida_start1|g6-lower|r063|pick up,beishida_start1,6年级下,6,下,63,pick up,pick up,,,v. 拾起;探出;重新开始,北师大版一年级起点六年级下.xlsx
beishida_start1|g6-lower|r064|place,beishida_start1,6年级下,6,下,64,place,place,[pleɪs],[pleɪs],n. 地方;住所;座位 vt. 放置;任命;寄予 vi. 名列前茅;取得名次,北师大版一年级起点六年级下.xlsx
beishida_start1|g6-lower|r065|plant,beishida_start1,6年级下,6,下,65,plant,plant,[plɑːnt],[plænt],"n. 工厂,车间;植物;设备;庄稼 vt. 种植;培养;栽培;安置 vi. 种植",北师大版一年级起点六年级下.xlsx
beishida_start1|g6-lower|r066|present,beishida_start1,6年级下,6,下,66,present,present,[ˈprez(ə)nt],[ˈpreznt],n. 现在;礼物;瞄准 adj. 现在的;出席的 vt. 提出;介绍;呈现;赠送 vi. 举枪瞄准,北师大版一年级起点六年级下.xlsx
beishida_start1|g6-lower|r067|tin can,beishida_start1,6年级下,6,下,67,tin can,tin can,[ˌtɪn ˈkæn],[ˌtɪn ˈkæn],na. 锡杯;罐头;洋铁罐;〈美俚〉老式汽车,北师大版一年级起点六年级下.xlsx
beishida_start1|g6-lower|r068|trashcan,beishida_start1,6年级下,6,下,68,trashcan,trashcan,[ˈtræʃkæn],['træʃkæn],n. 垃圾桶,北师大版一年级起点六年级下.xlsx
beishida_start1|g6-lower|r069|understand,beishida_start1,6年级下,6,下,69,understand,understand,[ˌʌndəˈstænd],[ˌʌndərˈstænd],vi. 理解;懂得;熟悉 vt. 理解;懂;获悉;推断;省略,北师大版一年级起点六年级下.xlsx
beishida_start1|g6-lower|r070|woods,beishida_start1,6年级下,6,下,70,woods,woods,[wʊdz],[wʊdz],n. [林] 树林;森林;木头(wood的复数) v. 供以木材;用森林覆盖(wood的第三人称单数),北师大版一年级起点六年级下.xlsx
beishida_start1|g6-lower|r071|work,beishida_start1,6年级下,6,下,71,work,work,[wɜːk],[wɜːrk],n. 工作;[物] 功;产品;操作;职业;行为;事业;工厂;著作;文学、音乐或艺术作品 vt. 使工作;操作;经营;使缓慢前进 vi. 工作;运作;起作用,北师大版一年级起点六年级下.xlsx
