Word,NoteID,CanonicalWord,British,American,MeaningPrimary,ExampleSentence,ExampleTranslation,LearnerLevel,Sources,SourceBooks,Tags
book,KV000001,book,[bʊk],[bʊk],书；书本,This is a book.,这是一本书。,4,rj_start1,rj_start1::1年级上,learner::klose::level::4 learner::klose::released source::rj_start1 source::rj_start1::grade::1 source::rj_start1::grade::1::上
ruler,KV000002,ruler,[ˈruːlə(r)],[ˈruːlər],尺子,This is a ruler.,这是一把尺子。,4,rj_start1,rj_start1::1年级上|rj_start1::4年级上,learner::klose::level::4 learner::klose::released source::rj_start1 source::rj_start1::grade::1 source::rj_start1::grade::1::上 source::rj_start1::grade::4 source::rj_start1::grade::4::上
pencil,KV000003,pencil,[ˈpens(ə)l],[ˈpensl],铅笔,This is a pencil.,这是一支铅笔。,4,rj_start1,rj_start1::1年级上|rj_start1::4年级上,learner::klose::level::4 learner::klose::released source::rj_start1 source::rj_start1::grade::1 source::rj_start1::grade::1::上 source::rj_start1::grade::4 source::rj_start1::grade::4::上
schoolbag,KV000004,schoolbag,[ˈskuːlbæɡ],[ˈskuːlˌbæɡ],书包,This is my schoolbag.,这是我的书包。,4,rj_start1,rj_start1::1年级上|rj_start1::4年级上,learner::klose::level::4 learner::klose::released source::rj_start1 source::rj_start1::grade::1 source::rj_start1::grade::1::上 source::rj_start1::grade::4 source::rj_start1::grade::4::上
teacher,KV000005,teacher,[ˈtiːtʃə(r)],[ˈtiːtʃər],老师,This is my teacher.,这是我的老师。,4,rj_start1,rj_start1::1年级上|rj_start1::4年级上,learner::klose::level::4 learner::klose::released source::rj_start1 source::rj_start1::grade::1 source::rj_start1::grade::1::上 source::rj_start1::grade::4 source::rj_start1::grade::4::上
I,KV000006,I,[aɪ],[aɪ],我,I like apples.,我喜欢苹果。,4,rj_start1,rj_start1::1年级上,learner::klose::level::4 learner::klose::released source::rj_start1 source::rj_start1::grade::1 source::rj_start1::grade::1::上
have,KV000007,have,[həv],[həv; əv; hæv],有,I have a book.,我有一本书。,4,rj_start1,rj_start1::1年级上,learner::klose::level::4 learner::klose::released source::rj_start1 source::rj_start1::grade::1 source::rj_start1::grade::1::上
a,KV000008,a,[ə],[ə; eɪ],一；一个,I have a book.,我有一本书。,4,rj_start1,rj_start1::1年级上,learner::klose::level::4 learner::klose::released source::rj_start1 source::rj_start1::grade::1 source::rj_start1::grade::1::上
an,KV000009,an,[ən],[ən; æn],一；一个,I have an apple.,我有一个苹果。,4,rj_start1,rj_start1::1年级上,learner::klose::level::4 learner::klose::released source::rj_start1 source::rj_start1::grade::1 source::rj_start1::grade::1::上
face,KV000010,face,[feɪs],[feɪs],脸；面部,This is my face.,这是我的脸。,4,rj_start1,rj_start1::1年级上|rj_start1::3年级上,learner::klose::level::4 learner::klose::released source::rj_start1 source::rj_start1::grade::1 source::rj_start1::grade::1::上 source::rj_start1::grade::3 source::rj_start1::grade::3::上
ear,KV000011,ear,[ɪə(r)],[ɪr],耳朵,This is my ear.,这是我的耳朵。,4,rj_start1,rj_start1::1年级上|rj_start1::3年级上,learner::klose::level::4 learner::klose::released source::rj_start1 source::rj_start1::grade::1 source::rj_start1::grade::1::上 source::rj_start1::grade::3 source::rj_start1::grade::3::上
eye,KV000012,eye,[aɪ],[aɪ],眼睛,This is my eye.,这是我的眼睛。,4,rj_start1,rj_start1::1年级上|rj_start1::3年级上,learner::klose::level::4 learner::klose::released source::rj_start1 source::rj_start1::grade::1 source::rj_start1::grade::1::上 source::rj_start1::grade::3 source::rj_start1::grade::3::上
nose,KV000013,nose,[nəʊz],[noʊz],鼻子,This is my nose.,这是我的鼻子。,4,rj_start1,rj_start1::1年级上|rj_start1::3年级上,learner::klose::level::4 learner::klose::released source::rj_start1 source::rj_start1::grade::1 source::rj_start1::grade::1::上 source::rj_start1::grade::3 source::rj_start1::grade::3::上
mouth,KV000014,mouth,[maʊθ],[maʊθ],嘴；口,This is my mouth.,这是我的嘴。,4,rj_start1,rj_start1::1年级上|rj_start1::3年级上,learner::klose::level::4 learner::klose::released source::rj_start1 source::rj_start1::grade::1 source::rj_start1::grade::1::上 source::rj_start1::grade::3 source::rj_start1::grade::3::上
this,KV000015,this,[ðɪs],[ðɪs],这；这个,This is a cat.,这是一只猫。,4,rj_start1,rj_start1::1年级上,learner::klose::level::4 learner::klose::released source::rj_start1 source::rj_start1::grade::1 source::rj_start1::grade::1::上
is,KV000016,is,[ɪz],[ɪz],是,It is a dog.,它是一只狗。,4,rj_start1,rj_start1::1年级上,learner::klose::level::4 learner::klose::released source::rj_start1 source::rj_start1::grade::1 source::rj_start1::grade::1::上
my,KV000017,my,[maɪ],[maɪ],我的,This is my book.,这是我的书。,4,rj_start1,rj_start1::1年级上|rj_start1::3年级上,learner::klose::level::4 learner::klose::released source::rj_start1 source::rj_start1::grade::1 source::rj_start1::grade::1::上 source::rj_start1::grade::3 source::rj_start1::grade::3::上
dog,KV000018,dog,[dɒɡ],[dɔːɡ],狗,I like dogs.,我喜欢狗。,4,rj_start1,rj_start1::1年级上|rj_start1::3年级上,learner::klose::level::4 learner::klose::released source::rj_start1 source::rj_start1::grade::1 source::rj_start1::grade::1::上 source::rj_start1::grade::3 source::rj_start1::grade::3::上
bird,KV000019,bird,[bɜːd],[bɜːrd],鸟,I like birds.,我喜欢鸟。,4,rj_start1,rj_start1::1年级上|rj_start1::3年级上|rj_start1::6年级上,learner::klose::level::4 learner::klose::released source::rj_start1 source::rj_start1::grade::1 source::rj_start1::grade::1::上 source::rj_start1::grade::3 source::rj_start1::grade::3::上 source::rj_start1::grade::6 source::rj_start1::grade::6::上
tiger,KV000020,tiger,[ˈtaɪɡə(r)],[ˈtaɪɡər],老虎,It is a tiger.,它是一只老虎。,4,rj_start1,rj_start1::1年级上|rj_start1::3年级上,learner::klose::level::4 learner::klose::released source::rj_start1 source::rj_start1::grade::1 source::rj_start1::grade::1::上 source::rj_start1::grade::3 source::rj_start1::grade::3::上
monkey,KV000021,monkey,[ˈmʌŋki],[ˈmʌŋki],猴子,It is a monkey.,它是一只猴子。,4,rj_start1,rj_start1::1年级上|rj_start1::3年级上,learner::klose::level::4 learner::klose::released source::rj_start1 source::rj_start1::grade::1 source::rj_start1::grade::1::上 source::rj_start1::grade::3 source::rj_start1::grade::3::上
cat,KV000022,cat,[kæt],[kæt],猫,I like cats.,我喜欢猫。,4,rj_start1,rj_start1::1年级上|rj_start1::3年级上,learner::klose::level::4 learner::klose::released source::rj_start1 source::rj_start1::grade::1 source::rj_start1::grade::1::上 source::rj_start1::grade::3 source::rj_start1::grade::3::上
what,KV000023,what,[wɒt],[wʌt],什么,What is this?,这是什么？,4,rj_start1,rj_start1::1年级上,learner::klose::level::4 learner::klose::released source::rj_start1 source::rj_start1::grade::1 source::rj_start1::grade::1::上
it,KV000024,it,[ɪt],[ɪt],它,It is a cat.,它是一只猫。,4,rj_start1,rj_start1::1年级上,learner::klose::level::4 learner::klose::released source::rj_start1 source::rj_start1::grade::1 source::rj_start1::grade::1::上
one,KV000025,one,[wʌn],[wʌn],一；一个,I have one book.,我有一本书。,4,rj_start1,rj_start1::1年级上,learner::klose::level::4 learner::klose::released source::rj_start1 source::rj_start1::grade::1 source::rj_start1::grade::1::上
two,KV000026,two,[tuː],[tuː],二；两个,I have two books.,我有两本书。,4,rj_start1,rj_start1::1年级上,learner::klose::level::4 learner::klose::released source::rj_start1 source::rj_start1::grade::1 source::rj_start1::grade::1::上
three,KV000027,three,[θriː],[θriː],三；三个,I have three pencils.,我有三支铅笔。,4,rj_start1,rj_start1::1年级上,learner::klose::level::4 learner::klose::released source::rj_start1 source::rj_start1::grade::1 source::rj_start1::grade::1::上
four,KV000028,four,[fɔː(r)],[fɔːr],四；四个,I have four books.,我有四本书。,4,rj_start1,rj_start1::1年级上,learner::klose::level::4 learner::klose::released source::rj_start1 source::rj_start1::grade::1 source::rj_start1::grade::1::上
five,KV000029,five,[faɪv],[faɪv],五；五个,I have five apples.,我有五个苹果。,4,rj_start1,rj_start1::1年级上,learner::klose::level::4 learner::klose::released source::rj_start1 source::rj_start1::grade::1 source::rj_start1::grade::1::上
six,KV000030,six,[sɪks],[sɪks],六；六个,I have six pencils.,我有六支铅笔。,4,rj_start1,rj_start1::1年级上,learner::klose::level::4 learner::klose::released source::rj_start1 source::rj_start1::grade::1 source::rj_start1::grade::1::上
seven,KV000031,seven,[ˈsev(ə)n],[ˈsev(ə)n],七；七个,I have seven books.,我有七本书。,4,rj_start1,rj_start1::1年级上,learner::klose::level::4 learner::klose::released source::rj_start1 source::rj_start1::grade::1 source::rj_start1::grade::1::上
eight,KV000032,eight,[eɪt],[eɪt],八；八个,I have eight apples.,我有八个苹果。,4,rj_start1,rj_start1::1年级上,learner::klose::level::4 learner::klose::released source::rj_start1 source::rj_start1::grade::1 source::rj_start1::grade::1::上
nine,KV000033,nine,[naɪn],[naɪn],九；九个,I have nine pencils.,我有九支铅笔。,4,rj_start1,rj_start1::1年级上,learner::klose::level::4 learner::klose::released source::rj_start1 source::rj_start1::grade::1 source::rj_start1::grade::1::上
ten,KV000034,ten,[ten],[ten],十；十个,I have ten books.,我有十本书。,4,rj_start1,rj_start1::1年级上,learner::klose::level::4 learner::klose::released source::rj_start1 source::rj_start1::grade::1 source::rj_start1::grade::1::上
how,KV000035,how,[haʊ],[haʊ],怎样；多少,How many books?,有多少本书？,4,rj_start1,rj_start1::1年级上,learner::klose::level::4 learner::klose::released source::rj_start1 source::rj_start1::grade::1 source::rj_start1::grade::1::上
many,KV000036,many,[ˈmeni],[ˈmeni],许多；多少（how many）,How many apples?,有多少个苹果？,4,rj_start1,rj_start1::1年级上,learner::klose::level::4 learner::klose::released source::rj_start1 source::rj_start1::grade::1 source::rj_start1::grade::1::上
are,KV000037,are,[ɑ:(r)],[ər; ɑːr; er],是,There are two books.,有两本书。,4,rj_start1,rj_start1::1年级上,learner::klose::level::4 learner::klose::released source::rj_start1 source::rj_start1::grade::1 source::rj_start1::grade::1::上
there,KV000038,there,[ðeə(r)],[ðer],那里；有（there be）,There are three cats.,有三只猫。,4,rj_start1,rj_start1::1年级上,learner::klose::level::4 learner::klose::released source::rj_start1 source::rj_start1::grade::1 source::rj_start1::grade::1::上
black,KV000039,black,[blæk],[blæk],黑色；黑色的,The cat is black.,这只猫是黑色的。,4,rj_start1,rj_start1::1年级上,learner::klose::level::4 learner::klose::released source::rj_start1 source::rj_start1::grade::1 source::rj_start1::grade::1::上
yellow,KV000040,yellow,[ˈjeləʊ],[ˈjeloʊ],黄色；黄色的,The banana is yellow.,香蕉是黄色的。,4,rj_start1,rj_start1::1年级上,learner::klose::level::4 learner::klose::released source::rj_start1 source::rj_start1::grade::1 source::rj_start1::grade::1::上
blue,KV000041,blue,[bluː],[bluː],蓝色；蓝色的,The schoolbag is blue.,书包是蓝色的。,4,rj_start1,rj_start1::1年级上,learner::klose::level::4 learner::klose::released source::rj_start1 source::rj_start1::grade::1 source::rj_start1::grade::1::上
red,KV000042,red,[red],[red],红色；红色的,The apple is red.,苹果是红色的。,4,rj_start1,rj_start1::1年级上|rj_start1::4年级上,learner::klose::level::4 learner::klose::released source::rj_start1 source::rj_start1::grade::1 source::rj_start1::grade::1::上 source::rj_start1::grade::4 source::rj_start1::grade::4::上
green,KV000043,green,[ɡriːn],[ɡriːn],绿色；绿色的,The book is green.,这本书是绿色的。,4,rj_start1,rj_start1::1年级上|rj_start1::4年级上,learner::klose::level::4 learner::klose::released source::rj_start1 source::rj_start1::grade::1 source::rj_start1::grade::1::上 source::rj_start1::grade::4 source::rj_start1::grade::4::上
colour,KV000044,colour,[ˈkʌlə(r)],[ˈkʌlər],颜色,What colour is it?,它是什么颜色？,4,rj_start1,rj_start1::1年级上,learner::klose::level::4 learner::klose::released source::rj_start1 source::rj_start1::grade::1 source::rj_start1::grade::1::上
apple,KV000045,apple,[ˈæp(ə)l],[ˈæpl],苹果,I like apples.,我喜欢苹果。,4,rj_start1,rj_start1::1年级上|rj_start1::4年级上,learner::klose::level::4 learner::klose::released source::rj_start1 source::rj_start1::grade::1 source::rj_start1::grade::1::上 source::rj_start1::grade::4 source::rj_start1::grade::4::上
pear,KV000046,pear,[peə(r)],[per],梨,I like pears.,我喜欢梨。,4,rj_start1,rj_start1::1年级上,learner::klose::level::4 learner::klose::released source::rj_start1 source::rj_start1::grade::1 source::rj_start1::grade::1::上
banana,KV000047,banana,[bəˈnɑːnə],[bəˈnænə],香蕉,I like bananas.,我喜欢香蕉。,4,rj_start1,rj_start1::1年级上,learner::klose::level::4 learner::klose::released source::rj_start1 source::rj_start1::grade::1 source::rj_start1::grade::1::上
orange,KV000048,orange,[ˈɒrɪndʒ],[ˈɔrɪndʒ],橙子；橙色,I like oranges.,我喜欢橙子。,4,rj_start1,rj_start1::1年级上,learner::klose::level::4 learner::klose::released source::rj_start1 source::rj_start1::grade::1 source::rj_start1::grade::1::上
do,KV000049,do,[duː; də; du; dəʊ],[duː; də; du; doʊ],助动词（用于疑问句）,Do you like apples?,你喜欢苹果吗？,4,rj_start1,rj_start1::1年级上,learner::klose::level::4 learner::klose::released source::rj_start1 source::rj_start1::grade::1 source::rj_start1::grade::1::上
you,KV000050,you,[ju],[juː; jə],你；你们,Do you like cats?,你喜欢猫吗？,4,rj_start1,rj_start1::1年级上,learner::klose::level::4 learner::klose::released source::rj_start1 source::rj_start1::grade::1 source::rj_start1::grade::1::上
like,KV000051,like,[laɪk],[laɪk],喜欢,I like bananas.,我喜欢香蕉。,4,rj_start1,rj_start1::1年级上,learner::klose::level::4 learner::klose::released source::rj_start1 source::rj_start1::grade::1 source::rj_start1::grade::1::上
yes,KV000052,yes,[jes],[jes],是的；对,Yes I do.,是的，我喜欢。,4,rj_start1,rj_start1::1年级上,learner::klose::level::4 learner::klose::released source::rj_start1 source::rj_start1::grade::1 source::rj_start1::grade::1::上
no,KV000053,no,[nəʊ],[noʊ],不；不是,No I don't.,不，我不喜欢。,4,rj_start1,rj_start1::1年级上,learner::klose::level::4 learner::klose::released source::rj_start1 source::rj_start1::grade::1 source::rj_start1::grade::1::上
chair,KV000054,chair,[tʃeə(r)],[tʃer],椅子,The book is on the chair.,书在椅子上。,4,rj_start1,rj_start1::1年级下|rj_start1::3年级下,learner::klose::level::4 learner::klose::released source::rj_start1 source::rj_start1::grade::1 source::rj_start1::grade::1::下 source::rj_start1::grade::3 source::rj_start1::grade::3::下
desk,KV000055,desk,[desk],[desk],课桌；书桌,The pencil is on the desk.,铅笔在桌子上。,4,rj_start1,rj_start1::1年级下|rj_start1::3年级下,learner::klose::level::4 learner::klose::released source::rj_start1 source::rj_start1::grade::1 source::rj_start1::grade::1::下 source::rj_start1::grade::3 source::rj_start1::grade::3::下
blackboard,KV000056,blackboard,[ˈblækbɔːd],[ˈblækbɔːrd],黑板,The blackboard is black.,黑板是黑色的。,4,rj_start1,rj_start1::1年级下|rj_start1::3年级下,learner::klose::level::4 learner::klose::released source::rj_start1 source::rj_start1::grade::1 source::rj_start1::grade::1::下 source::rj_start1::grade::3 source::rj_start1::grade::3::下
on,KV000057,on,[ɒn],[ɑːn],在……上面,The book is on the desk.,书在桌子上。,4,rj_start1,rj_start1::1年级下,learner::klose::level::4 learner::klose::released source::rj_start1 source::rj_start1::grade::1 source::rj_start1::grade::1::下
under,KV000058,under,[ˈʌndə(r)],[ˈʌndər],在……下面,The cat is under the desk.,猫在桌子下面。,4,rj_start1,rj_start1::1年级下,learner::klose::level::4 learner::klose::released source::rj_start1 source::rj_start1::grade::1 source::rj_start1::grade::1::下
in,KV000059,in,[ɪn],[ɪn],在……里面,The pencil is in the box.,铅笔在盒子里。,4,rj_start1,rj_start1::1年级下,learner::klose::level::4 learner::klose::released source::rj_start1 source::rj_start1::grade::1 source::rj_start1::grade::1::下
where,KV000060,where,[weə(r)],[wer],哪里,Where is my book?,我的书在哪里？,4,rj_start1,rj_start1::1年级下,learner::klose::level::4 learner::klose::released source::rj_start1 source::rj_start1::grade::1 source::rj_start1::grade::1::下
the,KV000061,the,[ðə],[ðə; ði; ðiː],这；那（定冠词）,The book is on the desk.,这本书在桌子上。,4,rj_start1,rj_start1::1年级下,learner::klose::level::4 learner::klose::released source::rj_start1 source::rj_start1::grade::1 source::rj_start1::grade::1::下
light,KV000062,light,[laɪt],[laɪt],灯,The light is on.,灯亮着。,4,rj_start1,rj_start1::1年级下|rj_start1::3年级下,learner::klose::level::4 learner::klose::released source::rj_start1 source::rj_start1::grade::1 source::rj_start1::grade::1::下 source::rj_start1::grade::3 source::rj_start1::grade::3::下
bed,KV000063,bed,[bed],[bed],床,The cat is on the bed.,猫在床上。,4,rj_start1,rj_start1::1年级下|rj_start1::3年级下,learner::klose::level::4 learner::klose::released source::rj_start1 source::rj_start1::grade::1 source::rj_start1::grade::1::下 source::rj_start1::grade::3 source::rj_start1::grade::3::下
door,KV000064,door,[dɔː(r)],[dɔːr],门,The door is near the bed.,门在床附近。,4,rj_start1,rj_start1::1年级下|rj_start1::3年级下,learner::klose::level::4 learner::klose::released source::rj_start1 source::rj_start1::grade::1 source::rj_start1::grade::1::下 source::rj_start1::grade::3 source::rj_start1::grade::3::下
box,KV000065,box,[bɒks],[bɑːks],盒子；箱子,The pencil is in the box.,铅笔在盒子里。,4,rj_start1,rj_start1::1年级下|rj_start1::3年级下,learner::klose::level::4 learner::klose::released source::rj_start1 source::rj_start1::grade::1 source::rj_start1::grade::1::下 source::rj_start1::grade::3 source::rj_start1::grade::3::下
near,KV000066,near,[nɪə(r)],[nɪr],在……附近,The chair is near the desk.,椅子在桌子附近。,4,rj_start1,rj_start1::1年级下|rj_start1::4年级上,learner::klose::level::4 learner::klose::released source::rj_start1 source::rj_start1::grade::1 source::rj_start1::grade::1::下 source::rj_start1::grade::4 source::rj_start1::grade::4::上
behind,KV000067,behind,[bɪˈhaɪnd],[bɪˈhaɪnd],在……后面,The ball is behind the box.,球在盒子后面。,4,rj_start1,rj_start1::1年级下,learner::klose::level::4 learner::klose::released source::rj_start1 source::rj_start1::grade::1 source::rj_start1::grade::1::下
plane,KV000068,plane,[pleɪn],[pleɪn],飞机,This is a plane.,这是一架飞机。,4,rj_start1,rj_start1::1年级下,learner::klose::level::4 learner::klose::released source::rj_start1 source::rj_start1::grade::1 source::rj_start1::grade::1::下
ball,KV000069,ball,[bɔːl],[bɔːl],球,I have a ball.,我有一个球。,4,rj_start1,rj_start1::1年级下|rj_start1::4年级下,learner::klose::level::4 learner::klose::released source::rj_start1 source::rj_start1::grade::1 source::rj_start1::grade::1::下 source::rj_start1::grade::4 source::rj_start1::grade::4::下
doll,KV000070,doll,[dɒl],[dɑːl],玩具娃娃,I have a doll.,我有一个玩具娃娃。,4,rj_start1,rj_start1::1年级下,learner::klose::level::4 learner::klose::released source::rj_start1 source::rj_start1::grade::1 source::rj_start1::grade::1::下
train,KV000071,train,[treɪn],[treɪn],火车,This is a train.,这是一列火车。,4,rj_start1,rj_start1::1年级下,learner::klose::level::4 learner::klose::released source::rj_start1 source::rj_start1::grade::1 source::rj_start1::grade::1::下
car,KV000072,car,[kɑː(r)],[kɑːr],小汽车；汽车,This is a car.,这是一辆小汽车。,4,rj_start1,rj_start1::1年级下,learner::klose::level::4 learner::klose::released source::rj_start1 source::rj_start1::grade::1 source::rj_start1::grade::1::下
bear,KV000073,bear,[beə(r)],[ber],熊,This is a bear.,这是一只熊。,4,rj_start1,rj_start1::1年级下,learner::klose::level::4 learner::klose::released source::rj_start1 source::rj_start1::grade::1 source::rj_start1::grade::1::下
can,KV000074,can,[kən; kæn],[kən; kæn],能；会；可以,I can do it.,我能做到。,4,rj_start1,rj_start1::1年级下,learner::klose::level::4 learner::klose::released source::rj_start1 source::rj_start1::grade::1 source::rj_start1::grade::1::下
sure,KV000075,sure,[ʃʊə(r)],[ʃʊr],当然；可以,Sure you can.,当然可以。,4,rj_start1,rj_start1::1年级下,learner::klose::level::4 learner::klose::released source::rj_start1 source::rj_start1::grade::1 source::rj_start1::grade::1::下
sorry,KV000076,sorry,[ˈsɒri],[ˈsɑːri],对不起；抱歉,I am sorry.,我很抱歉。,4,rj_start1,rj_start1::1年级下,learner::klose::level::4 learner::klose::released source::rj_start1 source::rj_start1::grade::1 source::rj_start1::grade::1::下
rice,KV000077,rice,[raɪs],[raɪs],米饭,I like rice.,我喜欢米饭。,4,rj_start1,rj_start1::1年级下|rj_start1::3年级上,learner::klose::level::4 learner::klose::released source::rj_start1 source::rj_start1::grade::1 source::rj_start1::grade::1::下 source::rj_start1::grade::3 source::rj_start1::grade::3::上
noodles,KV000078,noodles,[ˈnuːd(ə)lz],[ˈnuːd(ə)lz],面条,I like noodles.,我喜欢面条。,4,rj_start1,rj_start1::1年级下|rj_start1::3年级上,learner::klose::level::4 learner::klose::released source::rj_start1 source::rj_start1::grade::1 source::rj_start1::grade::1::下 source::rj_start1::grade::3 source::rj_start1::grade::3::上
vegetable,KV000079,vegetable,[ˈvedʒtəb(ə)l],[ˈvedʒtəbl],蔬菜,I like vegetables.,我喜欢蔬菜。,4,rj_start1,rj_start1::1年级下,learner::klose::level::4 learner::klose::released source::rj_start1 source::rj_start1::grade::1 source::rj_start1::grade::1::下
fish,KV000080,fish,[fɪʃ],[fɪʃ],鱼；鱼肉,I like fish.,我喜欢鱼。,4,rj_start1,rj_start1::1年级下|rj_start1::3年级上|rj_start1::6年级上,learner::klose::level::4 learner::klose::released source::rj_start1 source::rj_start1::grade::1 source::rj_start1::grade::1::下 source::rj_start1::grade::3 source::rj_start1::grade::3::上 source::rj_start1::grade::6 source::rj_start1::grade::6::上
chicken,KV000081,chicken,[ˈtʃɪkɪn],[ˈtʃɪkɪn],鸡肉,I like chicken.,我喜欢鸡肉。,4,rj_start1,rj_start1::1年级下|rj_start1::3年级上,learner::klose::level::4 learner::klose::released source::rj_start1 source::rj_start1::grade::1 source::rj_start1::grade::1::下 source::rj_start1::grade::3 source::rj_start1::grade::3::上
egg,KV000082,egg,[eɡ],[eɡ],鸡蛋；蛋,I like eggs.,我喜欢鸡蛋。,4,rj_start1,rj_start1::1年级下|rj_start1::3年级上,learner::klose::level::4 learner::klose::released source::rj_start1 source::rj_start1::grade::1 source::rj_start1::grade::1::下 source::rj_start1::grade::3 source::rj_start1::grade::3::上
hungry,KV000083,hungry,[ˈhʌŋɡri],[ˈhʌŋɡri],饿的；饥饿的,I am hungry.,我饿了。,4,rj_start1,rj_start1::1年级下,learner::klose::level::4 learner::klose::released source::rj_start1 source::rj_start1::grade::1 source::rj_start1::grade::1::下
want,KV000084,want,[wɒnt],[wɑːnt],想要,I want some rice.,我想要一些米饭。,4,rj_start1,rj_start1::1年级下,learner::klose::level::4 learner::klose::released source::rj_start1 source::rj_start1::grade::1 source::rj_start1::grade::1::下
and,KV000085,and,[ənd],[ənd; ən; n; ænd],和；并且,I like rice and eggs.,我喜欢米饭和鸡蛋。,4,rj_start1,rj_start1::1年级下,learner::klose::level::4 learner::klose::released source::rj_start1 source::rj_start1::grade::1 source::rj_start1::grade::1::下
juice,KV000086,juice,[dʒuːs],[dʒuːs],果汁,I want some juice.,我想喝一些果汁。,4,rj_start1,rj_start1::1年级下,learner::klose::level::4 learner::klose::released source::rj_start1 source::rj_start1::grade::1 source::rj_start1::grade::1::下
tea,KV000087,tea,[tiː],[tiː],茶,I want some tea.,我想喝一些茶。,4,rj_start1,rj_start1::1年级下,learner::klose::level::4 learner::klose::released source::rj_start1 source::rj_start1::grade::1 source::rj_start1::grade::1::下
milk,KV000088,milk,[mɪlk],[mɪlk],牛奶,I like milk.,我喜欢牛奶。,4,rj_start1,rj_start1::1年级下,learner::klose::level::4 learner::klose::released source::rj_start1 source::rj_start1::grade::1 source::rj_start1::grade::1::下
water,KV000089,water,[ˈwɔːtə(r)],[ˈwɔːtər],水,I want some water.,我想喝一些水。,4,rj_start1,rj_start1::1年级下,learner::klose::level::4 learner::klose::released source::rj_start1 source::rj_start1::grade::1 source::rj_start1::grade::1::下
thirsty,KV000090,thirsty,[ˈθɜːsti],[ˈθɜːrsti],口渴的,I am thirsty.,我渴了。,4,rj_start1,rj_start1::1年级下,learner::klose::level::4 learner::klose::released source::rj_start1 source::rj_start1::grade::1 source::rj_start1::grade::1::下
thanks,KV000091,thanks,[θæŋks],[θæŋks],谢谢,Thanks for the water.,谢谢你的水。,4,rj_start1,rj_start1::1年级下,learner::klose::level::4 learner::klose::released source::rj_start1 source::rj_start1::grade::1 source::rj_start1::grade::1::下
shirt,KV000092,shirt,[ʃɜːt],[ʃɜːrt],衬衫,This is my shirt.,这是我的衬衫。,4,rj_start1,rj_start1::1年级下|rj_start1::3年级上,learner::klose::level::4 learner::klose::released source::rj_start1 source::rj_start1::grade::1 source::rj_start1::grade::1::下 source::rj_start1::grade::3 source::rj_start1::grade::3::上
T-shirt,KV000093,T-shirt,[ˈtiː ʃɜːt],[ˈtiː ʃɜːrt],T恤衫,This is my T-shirt.,这是我的T恤衫。,4,rj_start1,rj_start1::1年级下|rj_start1::3年级上,learner::klose::level::4 learner::klose::released source::rj_start1 source::rj_start1::grade::1 source::rj_start1::grade::1::下 source::rj_start1::grade::3 source::rj_start1::grade::3::上
skirt,KV000094,skirt,[skɜːt],[skɜːrt],短裙；裙子,This is my skirt.,这是我的裙子。,4,rj_start1,rj_start1::1年级下|rj_start1::3年级上,learner::klose::level::4 learner::klose::released source::rj_start1 source::rj_start1::grade::1 source::rj_start1::grade::1::下 source::rj_start1::grade::3 source::rj_start1::grade::3::上
dress,KV000095,dress,[dres],[dres],连衣裙,This is my dress.,这是我的连衣裙。,4,rj_start1,rj_start1::1年级下|rj_start1::3年级上,learner::klose::level::4 learner::klose::released source::rj_start1 source::rj_start1::grade::1 source::rj_start1::grade::1::下 source::rj_start1::grade::3 source::rj_start1::grade::3::上
socks,KV000096,socks,[sɒks],[sɑːks],袜子,These are my socks.,这是我的袜子。,4,rj_start1,rj_start1::1年级下|rj_start1::3年级上,learner::klose::level::4 learner::klose::released source::rj_start1 source::rj_start1::grade::1 source::rj_start1::grade::1::下 source::rj_start1::grade::3 source::rj_start1::grade::3::上
shorts,KV000097,shorts,[ʃɔːts],[ʃɔːrts],短裤,These are my shorts.,这是我的短裤。,4,rj_start1,rj_start1::1年级下|rj_start1::3年级上,learner::klose::level::4 learner::klose::released source::rj_start1 source::rj_start1::grade::1 source::rj_start1::grade::1::下 source::rj_start1::grade::3 source::rj_start1::grade::3::上
your,KV000098,your,[jɔː(r); jə(r)],[jʊr; jər],你的；你们的,Is this your book?,这是你的书吗？,4,rj_start1,rj_start1::1年级下|rj_start1::3年级上,learner::klose::level::4 learner::klose::released source::rj_start1 source::rj_start1::grade::1 source::rj_start1::grade::1::下 source::rj_start1::grade::3 source::rj_start1::grade::3::上
father,KV000099,father,[ˈfɑːðə(r)],[ˈfɑːðər],爸爸；父亲,My father is tall.,我爸爸很高。,4,rj_start1,rj_start1::2年级上|rj_start1::3年级下|rj_start1::4年级上,learner::klose::level::4 learner::klose::released source::rj_start1 source::rj_start1::grade::2 source::rj_start1::grade::2::上 source::rj_start1::grade::3 source::rj_start1::grade::3::下 source::rj_start1::grade::4 source::rj_start1::grade::4::上
mother,KV000100,mother,[ˈmʌðə(r)],[ˈmʌðər],妈妈；母亲,My mother is pretty.,我妈妈很漂亮。,4,rj_start1,rj_start1::2年级上|rj_start1::3年级下,learner::klose::level::4 learner::klose::released source::rj_start1 source::rj_start1::grade::2 source::rj_start1::grade::2::上 source::rj_start1::grade::3 source::rj_start1::grade::3::下
brother,KV000101,brother,[ˈbrʌðə(r)],[ˈbrʌðər],兄弟；哥哥；弟弟,He is my brother.,他是我的兄弟。,4,rj_start1,rj_start1::2年级上|rj_start1::3年级下,learner::klose::level::4 learner::klose::released source::rj_start1 source::rj_start1::grade::2 source::rj_start1::grade::2::上 source::rj_start1::grade::3 source::rj_start1::grade::3::下
sister,KV000102,sister,[ˈsɪstə(r)],[ˈsɪstər],姐妹；姐姐；妹妹,She is my sister.,她是我的姐妹。,4,rj_start1,rj_start1::2年级上|rj_start1::3年级下,learner::klose::level::4 learner::klose::released source::rj_start1 source::rj_start1::grade::2 source::rj_start1::grade::2::上 source::rj_start1::grade::3 source::rj_start1::grade::3::下
grandmother,KV000103,grandmother,[ˈɡrænmʌðə(r)],[ˈɡrænmʌðər],奶奶；外婆,She is my grandmother.,她是我的奶奶或外婆。,4,rj_start1,rj_start1::2年级上|rj_start1::3年级下,learner::klose::level::4 learner::klose::released source::rj_start1 source::rj_start1::grade::2 source::rj_start1::grade::2::上 source::rj_start1::grade::3 source::rj_start1::grade::3::下
grandfather,KV000104,grandfather,[ˈɡrænfɑːðə(r)],[ˈɡrænfɑːðər],爷爷；外公,He is my grandfather.,他是我的爷爷或外公。,4,rj_start1,rj_start1::2年级上|rj_start1::3年级下,learner::klose::level::4 learner::klose::released source::rj_start1 source::rj_start1::grade::2 source::rj_start1::grade::2::上 source::rj_start1::grade::3 source::rj_start1::grade::3::下
who,KV000105,who,[huː],[huː],谁,Who is he?,他是谁？,4,rj_start1,rj_start1::2年级上,learner::klose::level::4 learner::klose::released source::rj_start1 source::rj_start1::grade::2 source::rj_start1::grade::2::上
he,KV000106,he,[hi; iː; i; hiː],[hi; iː; i; hiː],他,He is my father.,他是我的爸爸。,4,rj_start1,rj_start1::2年级上,learner::klose::level::4 learner::klose::released source::rj_start1 source::rj_start1::grade::2 source::rj_start1::grade::2::上
she,KV000107,she,[ʃi],[ʃi; ʃiː],她,She is my mother.,她是我的妈妈。,4,rj_start1,rj_start1::2年级上,learner::klose::level::4 learner::klose::released source::rj_start1 source::rj_start1::grade::2 source::rj_start1::grade::2::上
classmate,KV000108,classmate,[ˈklɑːsmeɪt],[ˈklæsmeɪt],同班同学,He is my classmate.,他是我的同班同学。,4,rj_start1,rj_start1::2年级上,learner::klose::level::4 learner::klose::released source::rj_start1 source::rj_start1::grade::2 source::rj_start1::grade::2::上
friend,KV000109,friend,[frend],[frend],朋友,She is my friend.,她是我的朋友。,4,rj_start1,rj_start1::2年级上|rj_start1::4年级上,learner::klose::level::4 learner::klose::released source::rj_start1 source::rj_start1::grade::2 source::rj_start1::grade::2::上 source::rj_start1::grade::4 source::rj_start1::grade::4::上
woman,KV000110,woman,[ˈwʊmən],[ˈwʊmən],女人；妇女,The woman is my teacher.,那个女人是我的老师。,4,rj_start1,rj_start1::2年级上,learner::klose::level::4 learner::klose::released source::rj_start1 source::rj_start1::grade::2 source::rj_start1::grade::2::上
girl,KV000111,girl,[ɡɜːl],[ɡɜːrl],女孩,The girl is my friend.,那个女孩是我的朋友。,4,rj_start1,rj_start1::2年级上,learner::klose::level::4 learner::klose::released source::rj_start1 source::rj_start1::grade::2 source::rj_start1::grade::2::上
man,KV000112,man,[mæn],[mæn],男人,The man is my father.,那个男人是我的爸爸。,4,rj_start1,rj_start1::2年级上,learner::klose::level::4 learner::klose::released source::rj_start1 source::rj_start1::grade::2 source::rj_start1::grade::2::上
boy,KV000113,boy,[bɔɪ],[bɔɪ],男孩,The boy is my friend.,那个男孩是我的朋友。,4,rj_start1,rj_start1::2年级上,learner::klose::level::4 learner::klose::released source::rj_start1 source::rj_start1::grade::2 source::rj_start1::grade::2::上
look,KV000114,look,[lʊk],[lʊk],看,Look at the girl.,看那个女孩。,4,rj_start1,rj_start1::2年级上,learner::klose::level::4 learner::klose::released source::rj_start1 source::rj_start1::grade::2 source::rj_start1::grade::2::上
his,KV000115,his,[hɪz],[hɪz; ɪz],他的,His name is Tom.,他的名字叫汤姆。,4,rj_start1,rj_start1::2年级上,learner::klose::level::4 learner::klose::released source::rj_start1 source::rj_start1::grade::2 source::rj_start1::grade::2::上
name,KV000116,name,[neɪm],[neɪm],名字,My name is Tom.,我的名字叫汤姆。,4,rj_start1,rj_start1::2年级上|rj_start1::3年级上,learner::klose::level::4 learner::klose::released source::rj_start1 source::rj_start1::grade::2 source::rj_start1::grade::2::上 source::rj_start1::grade::3 source::rj_start1::grade::3::上
her,KV000117,her,[hə(r)],[hər; ɜːr; ər; hɜːr],她的,Her name is Amy.,她的名字叫艾米。,4,rj_start1,rj_start1::2年级上,learner::klose::level::4 learner::klose::released source::rj_start1 source::rj_start1::grade::2 source::rj_start1::grade::2::上
or,KV000118,or,[ɔː(r)],[ɔːr],或者,Is he tall or short?,他是高还是矮？,4,rj_start1,rj_start1::2年级上,learner::klose::level::4 learner::klose::released source::rj_start1 source::rj_start1::grade::2 source::rj_start1::grade::2::上
big,KV000119,big,[bɪɡ],[bɪɡ],大的,The school is big.,这所学校很大。,4,rj_start1,rj_start1::2年级上|rj_start1::3年级上,learner::klose::level::4 learner::klose::released source::rj_start1 source::rj_start1::grade::2 source::rj_start1::grade::2::上 source::rj_start1::grade::3 source::rj_start1::grade::3::上
tall,KV000120,tall,[tɔːl],[tɔːl],高的,My father is tall.,我爸爸很高。,4,rj_start1,rj_start1::2年级上,learner::klose::level::4 learner::klose::released source::rj_start1 source::rj_start1::grade::2 source::rj_start1::grade::2::上
pretty,KV000121,pretty,[ˈprɪti],[ˈprɪti],漂亮的,The girl is pretty.,这个女孩很漂亮。,4,rj_start1,rj_start1::2年级上|rj_start1::4年级下,learner::klose::level::4 learner::klose::released source::rj_start1 source::rj_start1::grade::2 source::rj_start1::grade::2::上 source::rj_start1::grade::4 source::rj_start1::grade::4::下
thin,KV000122,thin,[θɪn],[θɪn],瘦的,The boy is thin.,这个男孩很瘦。,4,rj_start1,rj_start1::2年级上,learner::klose::level::4 learner::klose::released source::rj_start1 source::rj_start1::grade::2 source::rj_start1::grade::2::上
short,KV000123,short,[ʃɔːt],[ʃɔːrt],矮的；短的,The boy is short.,这个男孩个子矮。,4,rj_start1,rj_start1::2年级上|rj_start1::3年级上,learner::klose::level::4 learner::klose::released source::rj_start1 source::rj_start1::grade::2 source::rj_start1::grade::2::上 source::rj_start1::grade::3 source::rj_start1::grade::3::上
handsome,KV000124,handsome,[ˈhænsəm],[ˈhænsəm],英俊的,The man is handsome.,这个男人很英俊。,4,rj_start1,rj_start1::2年级上|rj_start1::3年级下,learner::klose::level::4 learner::klose::released source::rj_start1 source::rj_start1::grade::2 source::rj_start1::grade::2::上 source::rj_start1::grade::3 source::rj_start1::grade::3::下
new,KV000125,new,[njuː],[nuː],新的,This is my new book.,这是我的新书。,4,rj_start1,rj_start1::2年级上|rj_start1::3年级上,learner::klose::level::4 learner::klose::released source::rj_start1 source::rj_start1::grade::2 source::rj_start1::grade::2::上 source::rj_start1::grade::3 source::rj_start1::grade::3::上
does,KV000126,does,[dʌz],[dʌz],助动词（do的第三人称单数）,Does he like cats?,他喜欢猫吗？,4,rj_start1,rj_start1::2年级上,learner::klose::level::4 learner::klose::released source::rj_start1 source::rj_start1::grade::2 source::rj_start1::grade::2::上
bookshop,KV000127,bookshop,[ˈbʊkʃɒp],[ˈbʊkʃɑːp],书店,Let's go to the bookshop.,我们去书店吧。,4,rj_start1,rj_start1::2年级上|rj_start1::4年级下,learner::klose::level::4 learner::klose::released source::rj_start1 source::rj_start1::grade::2 source::rj_start1::grade::2::上 source::rj_start1::grade::4 source::rj_start1::grade::4::下
zoo,KV000128,zoo,[zuː],[zuː],动物园,Let's go to the zoo.,我们去动物园吧。,4,rj_start1,rj_start1::2年级上,learner::klose::level::4 learner::klose::released source::rj_start1 source::rj_start1::grade::2 source::rj_start1::grade::2::上
school,KV000129,school,[skuːl],[skuːl],学校,I go to school.,我去上学。,4,rj_start1,rj_start1::2年级上|rj_start1::4年级下,learner::klose::level::4 learner::klose::released source::rj_start1 source::rj_start1::grade::2 source::rj_start1::grade::2::上 source::rj_start1::grade::4 source::rj_start1::grade::4::下
supermarket,KV000130,supermarket,[ˈsuːpəmɑːkɪt],[ˈsuːpərmɑːrkɪt],超市,Let's go to the supermarket.,我们去超市吧。,4,rj_start1,rj_start1::2年级上|rj_start1::4年级下,learner::klose::level::4 learner::klose::released source::rj_start1 source::rj_start1::grade::2 source::rj_start1::grade::2::上 source::rj_start1::grade::4 source::rj_start1::grade::4::下
park,KV000131,park,[pɑːk],[pɑːrk],公园,Let's go to the park.,我们去公园吧。,4,rj_start1,rj_start1::2年级上|rj_start1::4年级上,learner::klose::level::4 learner::klose::released source::rj_start1 source::rj_start1::grade::2 source::rj_start1::grade::2::上 source::rj_start1::grade::4 source::rj_start1::grade::4::上
hospital,KV000132,hospital,[ˈhɒspɪt(ə)l],[ˈhɑːspɪtl],医院,The hospital is big.,这家医院很大。,4,rj_start1,rj_start1::2年级上|rj_start1::4年级下,learner::klose::level::4 learner::klose::released source::rj_start1 source::rj_start1::grade::2 source::rj_start1::grade::2::上 source::rj_start1::grade::4 source::rj_start1::grade::4::下
go,KV000133,go,[ɡəʊ],[ɡoʊ],去,Let's go to the park.,我们去公园吧。,4,rj_start1,rj_start1::2年级上,learner::klose::level::4 learner::klose::released source::rj_start1 source::rj_start1::grade::2 source::rj_start1::grade::2::上
to,KV000134,to,[tə],[tə; tu; tuː],到；向；去,Let's go to school.,我们去学校吧。,4,rj_start1,rj_start1::2年级上,learner::klose::level::4 learner::klose::released source::rj_start1 source::rj_start1::grade::2 source::rj_start1::grade::2::上
grass,KV000135,grass,[ɡrɑːs],[ɡræs],草,The grass is green.,草是绿色的。,4,rj_start1,rj_start1::2年级上,learner::klose::level::4 learner::klose::released source::rj_start1 source::rj_start1::grade::2 source::rj_start1::grade::2::上
tree,KV000136,tree,[triː],[triː],树,The tree is green.,这棵树是绿色的。,4,rj_start1,rj_start1::2年级上,learner::klose::level::4 learner::klose::released source::rj_start1 source::rj_start1::grade::2 source::rj_start1::grade::2::上
flower,KV000137,flower,[ˈflaʊə(r)],[ˈflaʊər],花,The flower is red.,这朵花是红色的。,4,rj_start1,rj_start1::2年级上,learner::klose::level::4 learner::klose::released source::rj_start1 source::rj_start1::grade::2 source::rj_start1::grade::2::上
boat,KV000138,boat,[bəʊt],[boʊt],小船,The boat is on the lake.,小船在湖上。,4,rj_start1,rj_start1::2年级上,learner::klose::level::4 learner::klose::released source::rj_start1 source::rj_start1::grade::2 source::rj_start1::grade::2::上
lake,KV000139,lake,[leɪk],[leɪk],湖,The boat is on the lake.,小船在湖上。,4,rj_start1,rj_start1::2年级上,learner::klose::level::4 learner::klose::released source::rj_start1 source::rj_start1::grade::2 source::rj_start1::grade::2::上
hill,KV000140,hill,[hɪl],[hɪl],小山,The hill is green.,小山是绿色的。,4,rj_start1,rj_start1::2年级上,learner::klose::level::4 learner::klose::released source::rj_start1 source::rj_start1::grade::2 source::rj_start1::grade::2::上
Christmas,KV000141,Christmas,[ˈkrɪsməs],[ˈkrɪsməs],圣诞节,Merry Christmas!,圣诞快乐！,4,rj_start1,rj_start1::2年级上,learner::klose::level::4 learner::klose::released source::rj_start1 source::rj_start1::grade::2 source::rj_start1::grade::2::上
Father Christmas,KV000142,Father Christmas,,,圣诞老人,Father Christmas has presents.,圣诞老人有礼物。,4,rj_start1,rj_start1::2年级上,learner::klose::level::4 learner::klose::released source::rj_start1 source::rj_start1::grade::2 source::rj_start1::grade::2::上
Christmas tree,KV000143,Christmas tree,[ˈkrɪsməs triː],[ˈkrɪsməs triː],圣诞树,The Christmas tree is green.,圣诞树是绿色的。,4,rj_start1,rj_start1::2年级上,learner::klose::level::4 learner::klose::released source::rj_start1 source::rj_start1::grade::2 source::rj_start1::grade::2::上
card,KV000144,card,[kɑːd],[kɑːrd],卡片；贺卡,This card is for you.,这张卡片送给你。,4,rj_start1,rj_start1::2年级上,learner::klose::level::4 learner::klose::released source::rj_start1 source::rj_start1::grade::2 source::rj_start1::grade::2::上
present,KV000145,present,[ˈprez(ə)nt],[ˈpreznt],礼物,This present is for you.,这个礼物送给你。,4,rj_start1,rj_start1::2年级上,learner::klose::level::4 learner::klose::released source::rj_start1 source::rj_start1::grade::2 source::rj_start1::grade::2::上
New Year,KV000146,New Year,,,新年,Happy New Year!,新年快乐！,4,rj_start1,rj_start1::2年级上,learner::klose::level::4 learner::klose::released source::rj_start1 source::rj_start1::grade::2 source::rj_start1::grade::2::上
merry,KV000147,merry,[ˈmeri],[ˈmeri],快乐的；愉快的,Merry Christmas!,圣诞快乐！,4,rj_start1,rj_start1::2年级上,learner::klose::level::4 learner::klose::released source::rj_start1 source::rj_start1::grade::2 source::rj_start1::grade::2::上
too,KV000148,too,[tuː],[tuː],也,I like it too.,我也喜欢它。,4,rj_start1,rj_start1::2年级上,learner::klose::level::4 learner::klose::released source::rj_start1 source::rj_start1::grade::2 source::rj_start1::grade::2::上
here,KV000149,here,[hɪə(r)],[hɪr],这里,Your present is here.,你的礼物在这里。,4,rj_start1,rj_start1::2年级上,learner::klose::level::4 learner::klose::released source::rj_start1 source::rj_start1::grade::2 source::rj_start1::grade::2::上
for,KV000150,for,[fə(r)],[fər; fɔːr],给；为了,This card is for you.,这张卡片送给你。,4,rj_start1,rj_start1::2年级上|rj_start1::3年级上,learner::klose::level::4 learner::klose::released source::rj_start1 source::rj_start1::grade::2 source::rj_start1::grade::2::上 source::rj_start1::grade::3 source::rj_start1::grade::3::上
thank,KV000151,thank,[θæŋk],[θæŋk],感谢；谢谢,Thank you.,谢谢你。,4,rj_start1,rj_start1::2年级上,learner::klose::level::4 learner::klose::released source::rj_start1 source::rj_start1::grade::2 source::rj_start1::grade::2::上
happy,KV000152,happy,[ˈhæpi],[ˈhæpi],快乐的；高兴的,Happy New Year!,新年快乐！,4,rj_start1,rj_start1::2年级上|rj_start1::6年级上,learner::klose::level::4 learner::klose::released source::rj_start1 source::rj_start1::grade::2 source::rj_start1::grade::2::上 source::rj_start1::grade::6 source::rj_start1::grade::6::上
play football,KV000153,play football,,,踢足球,I play football after school.,我放学后踢足球。,4,rj_start1,rj_start1::2年级下|rj_start1::3年级下|rj_start1::4年级上,learner::klose::level::4 learner::klose::released source::rj_start1 source::rj_start1::grade::2 source::rj_start1::grade::2::下 source::rj_start1::grade::3 source::rj_start1::grade::3::下 source::rj_start1::grade::4 source::rj_start1::grade::4::上
fly a kite,KV000154,fly a kite,,,放风筝,I fly a kite in spring.,我春天放风筝。,4,rj_start1,rj_start1::2年级下|rj_start1::3年级下,learner::klose::level::4 learner::klose::released source::rj_start1 source::rj_start1::grade::2 source::rj_start1::grade::2::下 source::rj_start1::grade::3 source::rj_start1::grade::3::下
ride a bike,KV000155,ride a bike,,,骑自行车,I can ride a bike.,我会骑自行车。,4,rj_start1,rj_start1::2年级下|rj_start1::3年级下,learner::klose::level::4 learner::klose::released source::rj_start1 source::rj_start1::grade::2 source::rj_start1::grade::2::下 source::rj_start1::grade::3 source::rj_start1::grade::3::下
make a model plane,KV000156,make a model plane,,,做飞机模型,I can make a model plane.,我会做飞机模型。,4,rj_start1,rj_start1::2年级下|rj_start1::3年级下,learner::klose::level::4 learner::klose::released source::rj_start1 source::rj_start1::grade::2 source::rj_start1::grade::2::下 source::rj_start1::grade::3 source::rj_start1::grade::3::下
swim,KV000157,swim,[swɪm],[swɪm],游泳,I can swim.,我会游泳。,4,rj_start1,rj_start1::2年级下|rj_start1::3年级下|rj_start1::4年级上,learner::klose::level::4 learner::klose::released source::rj_start1 source::rj_start1::grade::2 source::rj_start1::grade::2::下 source::rj_start1::grade::3 source::rj_start1::grade::3::下 source::rj_start1::grade::4 source::rj_start1::grade::4::上
make a snowman,KV000158,make a snowman,,,堆雪人,Let's make a snowman.,我们来堆雪人吧。,4,rj_start1,rj_start1::2年级下|rj_start1::3年级下,learner::klose::level::4 learner::klose::released source::rj_start1 source::rj_start1::grade::2 source::rj_start1::grade::2::下 source::rj_start1::grade::3 source::rj_start1::grade::3::下
can't,KV000159,can't,,,不能；不会,I can't swim.,我不会游泳。,4,rj_start1,rj_start1::2年级下,learner::klose::level::4 learner::klose::released source::rj_start1 source::rj_start1::grade::2 source::rj_start1::grade::2::下
rainy,KV000160,rainy,[ˈreɪni],[ˈreɪni],下雨的；多雨的,It is rainy today.,今天下雨。,4,rj_start1,rj_start1::2年级下,learner::klose::level::4 learner::klose::released source::rj_start1 source::rj_start1::grade::2 source::rj_start1::grade::2::下
cloudy,KV000161,cloudy,[ˈklaʊdi],[ˈklaʊdi],多云的,It is cloudy today.,今天多云。,4,rj_start1,rj_start1::2年级下,learner::klose::level::4 learner::klose::released source::rj_start1 source::rj_start1::grade::2 source::rj_start1::grade::2::下
snowy,KV000162,snowy,[ˈsnəʊi],[ˈsnoʊi],下雪的；多雪的,It is snowy today.,今天下雪。,4,rj_start1,rj_start1::2年级下,learner::klose::level::4 learner::klose::released source::rj_start1 source::rj_start1::grade::2 source::rj_start1::grade::2::下
windy,KV000163,windy,[ˈwɪndi],[ˈwɪndi],有风的；多风的,It is windy today.,今天有风。,4,rj_start1,rj_start1::2年级下,learner::klose::level::4 learner::klose::released source::rj_start1 source::rj_start1::grade::2 source::rj_start1::grade::2::下
sunny,KV000164,sunny,[ˈsʌni],[ˈsʌni],晴朗的；阳光充足的,It is sunny today.,今天晴朗。,4,rj_start1,rj_start1::2年级下,learner::klose::level::4 learner::klose::released source::rj_start1 source::rj_start1::grade::2 source::rj_start1::grade::2::下
umbrella,KV000165,umbrella,[ʌmˈbrelə],[ʌmˈbrelə],雨伞,I have an umbrella.,我有一把雨伞。,4,rj_start1,rj_start1::2年级下,learner::klose::level::4 learner::klose::released source::rj_start1 source::rj_start1::grade::2 source::rj_start1::grade::2::下
weather,KV000166,weather,[ˈweðə(r)],[ˈweðər],天气,How is the weather?,天气怎么样？,4,rj_start1,rj_start1::2年级下,learner::klose::level::4 learner::klose::released source::rj_start1 source::rj_start1::grade::2 source::rj_start1::grade::2::下
wow,KV000167,wow,[waʊ],[waʊ],哇；呀,Wow it is big!,哇，它真大！,4,rj_start1,rj_start1::2年级下,learner::klose::level::4 learner::klose::released source::rj_start1 source::rj_start1::grade::2 source::rj_start1::grade::2::下
let's,KV000168,let's,,,让我们,Let's go to the park.,我们去公园吧。,4,rj_start1,rj_start1::2年级下,learner::klose::level::4 learner::klose::released source::rj_start1 source::rj_start1::grade::2 source::rj_start1::grade::2::下
spring,KV000169,spring,[sprɪŋ],[sprɪŋ],春天,I like spring.,我喜欢春天。,4,rj_start1,rj_start1::2年级下,learner::klose::level::4 learner::klose::released source::rj_start1 source::rj_start1::grade::2 source::rj_start1::grade::2::下
summer,KV000170,summer,[ˈsʌmə(r)],[ˈsʌmər],夏天,I like summer.,我喜欢夏天。,4,rj_start1,rj_start1::2年级下,learner::klose::level::4 learner::klose::released source::rj_start1 source::rj_start1::grade::2 source::rj_start1::grade::2::下
autumn,KV000171,autumn,[ˈɔːtəm],[ˈɔːtəm; ˈɑːtəm],秋天,I like autumn.,我喜欢秋天。,4,rj_start1,rj_start1::2年级下,learner::klose::level::4 learner::klose::released source::rj_start1 source::rj_start1::grade::2 source::rj_start1::grade::2::下
winter,KV000172,winter,[ˈwɪntə(r)],[ˈwɪntər],冬天,I like winter.,我喜欢冬天。,4,rj_start1,rj_start1::2年级下,learner::klose::level::4 learner::klose::released source::rj_start1 source::rj_start1::grade::2 source::rj_start1::grade::2::下
hot,KV000173,hot,[hɒt],[hɑːt],热的,It is hot in summer.,夏天很热。,4,rj_start1,rj_start1::2年级下,learner::klose::level::4 learner::klose::released source::rj_start1 source::rj_start1::grade::2 source::rj_start1::grade::2::下
warm,KV000174,warm,[wɔːm],[wɔːrm],暖和的,It is warm in spring.,春天很暖和。,4,rj_start1,rj_start1::2年级下,learner::klose::level::4 learner::klose::released source::rj_start1 source::rj_start1::grade::2 source::rj_start1::grade::2::下
cool,KV000175,cool,[kuːl],[kuːl],凉爽的,It is cool in autumn.,秋天很凉爽。,4,rj_start1,rj_start1::2年级下|rj_start1::5年级上,learner::klose::level::4 learner::klose::released source::rj_start1 source::rj_start1::grade::2 source::rj_start1::grade::2::下 source::rj_start1::grade::5 source::rj_start1::grade::5::上
cold,KV000176,cold,[kəʊld],[kəʊld],寒冷的,It is cold in winter.,冬天很冷。,4,rj_start1,rj_start1::2年级下,learner::klose::level::4 learner::klose::released source::rj_start1 source::rj_start1::grade::2 source::rj_start1::grade::2::下
favourite,KV000177,favourite,[ˈfeɪvərɪt],[ˈfeɪvərɪt],最喜欢的,Spring is my favourite season.,春天是我最喜欢的季节。,4,rj_start1,rj_start1::2年级下,learner::klose::level::4 learner::klose::released source::rj_start1 source::rj_start1::grade::2 source::rj_start1::grade::2::下
season,KV000178,season,[ˈsiːzn],[ˈsiːzn],季节,What is your favourite season?,你最喜欢哪个季节？,4,rj_start1,rj_start1::2年级下,learner::klose::level::4 learner::klose::released source::rj_start1 source::rj_start1::grade::2 source::rj_start1::grade::2::下
eleven,KV000179,eleven,[ɪˈlev(ə)n],[ɪˈlevn],十一；十一个,I have eleven books.,我有十一本书。,4,rj_start1,rj_start1::2年级下,learner::klose::level::4 learner::klose::released source::rj_start1 source::rj_start1::grade::2 source::rj_start1::grade::2::下
twelve,KV000180,twelve,[twelv],[twelv],十二；十二个,I have twelve books.,我有十二本书。,4,rj_start1,rj_start1::2年级下,learner::klose::level::4 learner::klose::released source::rj_start1 source::rj_start1::grade::2 source::rj_start1::grade::2::下
twenty,KV000181,twenty,[ˈtwenti],[ˈtwenti],二十,I have twenty pencils.,我有二十支铅笔。,4,rj_start1,rj_start1::2年级下,learner::klose::level::4 learner::klose::released source::rj_start1 source::rj_start1::grade::2 source::rj_start1::grade::2::下
thirty,KV000182,thirty,[ˈθɜːti],[ˈθɜːrti],三十,There are thirty books.,有三十本书。,4,rj_start1,rj_start1::2年级下,learner::klose::level::4 learner::klose::released source::rj_start1 source::rj_start1::grade::2 source::rj_start1::grade::2::下
forty,KV000183,forty,[ˈfɔːti],[ˈfɔːrti],四十,There are forty pencils.,有四十支铅笔。,4,rj_start1,rj_start1::2年级下,learner::klose::level::4 learner::klose::released source::rj_start1 source::rj_start1::grade::2 source::rj_start1::grade::2::下
fifty,KV000184,fifty,[ˈfɪfti],[ˈfɪfti],五十,There are fifty books.,有五十本书。,4,rj_start1,rj_start1::2年级下,learner::klose::level::4 learner::klose::released source::rj_start1 source::rj_start1::grade::2 source::rj_start1::grade::2::下
thirteen,KV000185,thirteen,[ˌθɜːˈtiːn],[ˌθɜːrˈtiːn],十三；十三个,I have thirteen books.,我有十三本书。,4,rj_start1,rj_start1::2年级下,learner::klose::level::4 learner::klose::released source::rj_start1 source::rj_start1::grade::2 source::rj_start1::grade::2::下
fourteen,KV000186,fourteen,[ˌfɔːˈtiːn],[ˌfɔːrˈtiːn],十四；十四个,I have fourteen pencils.,我有十四支铅笔。,4,rj_start1,rj_start1::2年级下,learner::klose::level::4 learner::klose::released source::rj_start1 source::rj_start1::grade::2 source::rj_start1::grade::2::下
fifteen,KV000187,fifteen,[ˌfɪfˈtiːn],[ˌfɪfˈtiːn],十五；十五个,I have fifteen books.,我有十五本书。,4,rj_start1,rj_start1::2年级下,learner::klose::level::4 learner::klose::released source::rj_start1 source::rj_start1::grade::2 source::rj_start1::grade::2::下
time,KV000188,time,[taɪm],[taɪm],时间；时刻,What time is it?,几点了？,4,rj_start1,rj_start1::2年级下,learner::klose::level::4 learner::klose::released source::rj_start1 source::rj_start1::grade::2 source::rj_start1::grade::2::下
playtime,KV000189,playtime,[ˈpleɪtaɪm],[ˈpleɪtaɪm],游戏时间；课间活动时间,It is playtime.,到游戏时间了。,4,rj_start1,rj_start1::2年级下,learner::klose::level::4 learner::klose::released source::rj_start1 source::rj_start1::grade::2 source::rj_start1::grade::2::下
get up,KV000190,get up,[ɡet ʌp],[ɡet ʌp],起床,I get up at seven.,我七点起床。,4,rj_start1,rj_start1::2年级下|rj_start1::4年级上,learner::klose::level::4 learner::klose::released source::rj_start1 source::rj_start1::grade::2 source::rj_start1::grade::2::下 source::rj_start1::grade::4 source::rj_start1::grade::4::上
eat breakfast,KV000191,eat breakfast,[i:t ˈbrekfəst],[iːt ˈbrekfəst],吃早饭,I eat breakfast at seven.,我七点吃早饭。,4,rj_start1,rj_start1::2年级下,learner::klose::level::4 learner::klose::released source::rj_start1 source::rj_start1::grade::2 source::rj_start1::grade::2::下
go to school,KV000192,go to school,,,去上学,I go to school at eight.,我八点去上学。,4,rj_start1,rj_start1::2年级下,learner::klose::level::4 learner::klose::released source::rj_start1 source::rj_start1::grade::2 source::rj_start1::grade::2::下
eat lunch,KV000193,eat lunch,,,吃午饭,I eat lunch at twelve.,我十二点吃午饭。,4,rj_start1,rj_start1::2年级下,learner::klose::level::4 learner::klose::released source::rj_start1 source::rj_start1::grade::2 source::rj_start1::grade::2::下
go home,KV000194,go home,,,回家,I go home at five.,我五点回家。,4,rj_start1,rj_start1::2年级下,learner::klose::level::4 learner::klose::released source::rj_start1 source::rj_start1::grade::2 source::rj_start1::grade::2::下
eat dinner,KV000195,eat dinner,,,吃晚饭,I eat dinner at six.,我六点吃晚饭。,4,rj_start1,rj_start1::2年级下,learner::klose::level::4 learner::klose::released source::rj_start1 source::rj_start1::grade::2 source::rj_start1::grade::2::下
go to bed,KV000196,go to bed,,,上床睡觉,I go to bed at nine.,我九点上床睡觉。,4,rj_start1,rj_start1::2年级下|rj_start1::5年级下,learner::klose::level::4 learner::klose::released source::rj_start1 source::rj_start1::grade::2 source::rj_start1::grade::2::下 source::rj_start1::grade::5 source::rj_start1::grade::5::下
when,KV000197,when,[wen],[wen],什么时候,When do you get up?,你什么时候起床？,4,rj_start1,rj_start1::2年级下,learner::klose::level::4 learner::klose::released source::rj_start1 source::rj_start1::grade::2 source::rj_start1::grade::2::下
every day,KV000198,every day,,,每天,I go to school every day.,我每天去上学。,4,rj_start1,rj_start1::2年级下,learner::klose::level::4 learner::klose::released source::rj_start1 source::rj_start1::grade::2 source::rj_start1::grade::2::下
at,KV000199,at,[ət],[ət; æt],在……时刻,I get up at seven.,我七点起床。,4,rj_start1,rj_start1::2年级下,learner::klose::level::4 learner::klose::released source::rj_start1 source::rj_start1::grade::2 source::rj_start1::grade::2::下
Sunday,KV000200,Sunday,[ˈsʌndeɪ],[ˈsʌndeɪ],星期日,Today is Sunday.,今天是星期日。,4,rj_start1,rj_start1::2年级下,learner::klose::level::4 learner::klose::released source::rj_start1 source::rj_start1::grade::2 source::rj_start1::grade::2::下
Monday,KV000201,Monday,[ˈmʌndeɪ],[ˈmʌndeɪ],星期一,Today is Monday.,今天是星期一。,4,rj_start1,rj_start1::2年级下|rj_start1::4年级上,learner::klose::level::4 learner::klose::released source::rj_start1 source::rj_start1::grade::2 source::rj_start1::grade::2::下 source::rj_start1::grade::4 source::rj_start1::grade::4::上
Tuesday,KV000202,Tuesday,[ˈtjuːzdeɪ],[ˈtuːzdeɪ],星期二,Today is Tuesday.,今天是星期二。,4,rj_start1,rj_start1::2年级下|rj_start1::4年级上,learner::klose::level::4 learner::klose::released source::rj_start1 source::rj_start1::grade::2 source::rj_start1::grade::2::下 source::rj_start1::grade::4 source::rj_start1::grade::4::上
Wednesday,KV000203,Wednesday,[ˈwenzdeɪ],[ˈwenzdeɪ],星期三,Today is Wednesday.,今天是星期三。,4,rj_start1,rj_start1::2年级下|rj_start1::4年级上,learner::klose::level::4 learner::klose::released source::rj_start1 source::rj_start1::grade::2 source::rj_start1::grade::2::下 source::rj_start1::grade::4 source::rj_start1::grade::4::上
Thursday,KV000204,Thursday,[ˈθɜːzdeɪ],[ˈθɜːrzdeɪ],星期四,Today is Thursday.,今天是星期四。,4,rj_start1,rj_start1::2年级下|rj_start1::4年级上,learner::klose::level::4 learner::klose::released source::rj_start1 source::rj_start1::grade::2 source::rj_start1::grade::2::下 source::rj_start1::grade::4 source::rj_start1::grade::4::上
Friday,KV000205,Friday,[ˈfraɪdeɪ],[ˈfraɪdeɪ],星期五,Today is Friday.,今天是星期五。,4,rj_start1,rj_start1::2年级下|rj_start1::4年级上,learner::klose::level::4 learner::klose::released source::rj_start1 source::rj_start1::grade::2 source::rj_start1::grade::2::下 source::rj_start1::grade::4 source::rj_start1::grade::4::上
Saturday,KV000206,Saturday,[ˈsætədeɪ],[ˈsætərdeɪ],星期六,Today is Saturday.,今天是星期六。,4,rj_start1,rj_start1::2年级下|rj_start1::4年级上,learner::klose::level::4 learner::klose::released source::rj_start1 source::rj_start1::grade::2 source::rj_start1::grade::2::下 source::rj_start1::grade::4 source::rj_start1::grade::4::上
today,KV000207,today,[təˈdeɪ],[təˈdeɪ],今天,It is sunny today.,今天是晴天。,4,rj_start1,rj_start1::2年级下,learner::klose::level::4 learner::klose::released source::rj_start1 source::rj_start1::grade::2 source::rj_start1::grade::2::下
year,KV000208,year,[jɪə(r)],[jɪr],年；岁,I am nine years old.,我九岁。,4,rj_start1,rj_start1::3年级上,learner::klose::level::4 learner::klose::released source::rj_start1 source::rj_start1::grade::3 source::rj_start1::grade::3::上
old,KV000209,old,[əʊld],[oʊld],……岁的；年老的,How old are you?,你几岁？,4,rj_start1,rj_start1::3年级上,learner::klose::level::4 learner::klose::released source::rj_start1 source::rj_start1::grade::3 source::rj_start1::grade::3::上
how old,KV000210,how old,,,几岁；多大,How old is your sister?,你妹妹几岁？,4,rj_start1,rj_start1::3年级上,learner::klose::level::4 learner::klose::released source::rj_start1 source::rj_start1::grade::3 source::rj_start1::grade::3::上
class,KV000211,class,[klɑːs],[klæs],班；班级,I am in Class One.,我在一班。,4,rj_start1,rj_start1::3年级上,learner::klose::level::4 learner::klose::released source::rj_start1 source::rj_start1::grade::3 source::rj_start1::grade::3::上
grade,KV000212,grade,[ɡreɪd],[ɡreɪd],年级,I am in Grade Three.,我上三年级。,4,rj_start1,rj_start1::3年级上,learner::klose::level::4 learner::klose::released source::rj_start1 source::rj_start1::grade::3 source::rj_start1::grade::3::上
age,KV000213,age,[eɪdʒ],[eɪdʒ],年龄,What is your age?,你多大年龄？,4,rj_start1,rj_start1::3年级上,learner::klose::level::4 learner::klose::released source::rj_start1 source::rj_start1::grade::3 source::rj_start1::grade::3::上
dear,KV000214,dear,[dɪə(r)],[dɪr],亲爱的,Dear Amy thank you.,亲爱的艾米，谢谢你。,4,rj_start1,rj_start1::3年级上,learner::klose::level::4 learner::klose::released source::rj_start1 source::rj_start1::grade::3 source::rj_start1::grade::3::上
body,KV000215,body,[ˈbɒdi],[ˈbɑːdi],身体,My body is strong.,我的身体很强壮。,4,rj_start1,rj_start1::3年级上,learner::klose::level::4 learner::klose::released source::rj_start1 source::rj_start1::grade::3 source::rj_start1::grade::3::上
head,KV000216,head,[hed],[hed],头；头部,My head hurts.,我的头疼。,4,rj_start1,rj_start1::3年级上,learner::klose::level::4 learner::klose::released source::rj_start1 source::rj_start1::grade::3 source::rj_start1::grade::3::上
hair,KV000217,hair,[heə(r)],[her],头发,Her hair is long.,她的头发很长。,4,rj_start1,rj_start1::3年级上,learner::klose::level::4 learner::klose::released source::rj_start1 source::rj_start1::grade::3 source::rj_start1::grade::3::上
arm,KV000218,arm,[ɑːm],[ɑːrm],手臂,My arm hurts.,我的手臂疼。,4,rj_start1,rj_start1::3年级上,learner::klose::level::4 learner::klose::released source::rj_start1 source::rj_start1::grade::3 source::rj_start1::grade::3::上
hand,KV000219,hand,[hænd],[hænd],手,This is my hand.,这是我的手。,4,rj_start1,rj_start1::3年级上,learner::klose::level::4 learner::klose::released source::rj_start1 source::rj_start1::grade::3 source::rj_start1::grade::3::上
leg,KV000220,leg,[leɡ],[leɡ],腿,My leg hurts.,我的腿疼。,4,rj_start1,rj_start1::3年级上,learner::klose::level::4 learner::klose::released source::rj_start1 source::rj_start1::grade::3 source::rj_start1::grade::3::上
foot,KV000221,foot,[fʊt],[fʊt],脚,My foot hurts.,我的脚疼。,4,rj_start1,rj_start1::3年级上,learner::klose::level::4 learner::klose::released source::rj_start1 source::rj_start1::grade::3 source::rj_start1::grade::3::上
feet,KV000222,feet,[fiːt],[fiːt],脚（foot的复数）,My feet are cold.,我的脚很冷。,4,rj_start1,rj_start1::3年级上,learner::klose::level::4 learner::klose::released source::rj_start1 source::rj_start1::grade::3 source::rj_start1::grade::3::上
the matter,KV000223,the matter,,,问题；怎么了,What's the matter?,怎么了？,4,rj_start1,rj_start1::3年级上,learner::klose::level::4 learner::klose::released source::rj_start1 source::rj_start1::grade::3 source::rj_start1::grade::3::上
hurt,KV000224,hurt,[hɜːt],[hɜːrt],疼；受伤,My leg hurts.,我的腿疼。,4,rj_start1,rj_start1::3年级上|rj_start1::6年级上,learner::klose::level::4 learner::klose::released source::rj_start1 source::rj_start1::grade::3 source::rj_start1::grade::3::上 source::rj_start1::grade::6 source::rj_start1::grade::6::上
help,KV000225,help,[help],[help],帮助；帮忙,Can I help you?,我能帮你吗？,4,rj_start1,rj_start1::3年级上,learner::klose::level::4 learner::klose::released source::rj_start1 source::rj_start1::grade::3 source::rj_start1::grade::3::上
bad,KV000226,bad,[bæd],[bæd],坏的；糟糕的,That is too bad.,那太糟糕了。,4,rj_start1,rj_start1::3年级上,learner::klose::level::4 learner::klose::released source::rj_start1 source::rj_start1::grade::3 source::rj_start1::grade::3::上
bite,KV000227,bite,[baɪt],[baɪt],咬,The dog can bite.,狗会咬人。,4,rj_start1,rj_start1::3年级上,learner::klose::level::4 learner::klose::released source::rj_start1 source::rj_start1::grade::3 source::rj_start1::grade::3::上
tongue,KV000228,tongue,[tʌŋ],[tʌŋ],舌头,My tongue hurts.,我的舌头疼。,4,rj_start1,rj_start1::3年级上,learner::klose::level::4 learner::klose::released source::rj_start1 source::rj_start1::grade::3 source::rj_start1::grade::3::上
kick,KV000229,kick,[kɪk],[kɪk],踢,Don't kick the ball here.,不要在这里踢球。,4,rj_start1,rj_start1::3年级上,learner::klose::level::4 learner::klose::released source::rj_start1 source::rj_start1::grade::3 source::rj_start1::grade::3::上
morning,KV000230,morning,[ˈmɔːnɪŋ],[ˈmɔːrnɪŋ],早晨；上午,It is morning.,现在是早晨。,4,rj_start1,rj_start1::3年级上,learner::klose::level::4 learner::klose::released source::rj_start1 source::rj_start1::grade::3 source::rj_start1::grade::3::上
afternoon,KV000231,afternoon,[ˌɑːftəˈnuːn],[ˌæftərˈnuːn],下午,It is afternoon.,现在是下午。,4,rj_start1,rj_start1::3年级上,learner::klose::level::4 learner::klose::released source::rj_start1 source::rj_start1::grade::3 source::rj_start1::grade::3::上
summary,KV000232,summary,[ˈsʌməri],[ˈsʌməri],总结；概要,This is the summary.,这是总结。,4,rj_start1,rj_start1::3年级上,learner::klose::level::4 learner::klose::released source::rj_start1 source::rj_start1::grade::3 source::rj_start1::grade::3::上
bread,KV000233,bread,[bred],[bred],面包,I want some bread.,我想要一些面包。,4,rj_start1,rj_start1::3年级上,learner::klose::level::4 learner::klose::released source::rj_start1 source::rj_start1::grade::3 source::rj_start1::grade::3::上
cake,KV000234,cake,[keɪk],[keɪk],蛋糕,I like cake.,我喜欢蛋糕。,4,rj_start1,rj_start1::3年级上,learner::klose::level::4 learner::klose::released source::rj_start1 source::rj_start1::grade::3 source::rj_start1::grade::3::上
fruit,KV000235,fruit,[fruːt],[fruːt],水果,I like fruit.,我喜欢水果。,4,rj_start1,rj_start1::3年级上,learner::klose::level::4 learner::klose::released source::rj_start1 source::rj_start1::grade::3 source::rj_start1::grade::3::上
ice-cream,KV000236,ice-cream,[ˈaɪs kriːm],[ˈaɪs kriːm],冰淇淋,I like ice-cream.,我喜欢冰淇淋。,4,rj_start1,rj_start1::3年级上,learner::klose::level::4 learner::klose::released source::rj_start1 source::rj_start1::grade::3 source::rj_start1::grade::3::上
potato,KV000237,potato,[pəˈteɪtəʊ],[pəˈteɪtoʊ],土豆；马铃薯,I want some potatoes.,我想要一些土豆。,4,rj_start1,rj_start1::3年级上,learner::klose::level::4 learner::klose::released source::rj_start1 source::rj_start1::grade::3 source::rj_start1::grade::3::上
tomato,KV000238,tomato,[təˈmɑːtəʊ],[təˈmeɪtoʊ],西红柿；番茄,I like tomatoes.,我喜欢西红柿。,4,rj_start1,rj_start1::3年级上,learner::klose::level::4 learner::klose::released source::rj_start1 source::rj_start1::grade::3 source::rj_start1::grade::3::上
meat,KV000239,meat,[miːt],[miːt],肉；肉类,I want some meat.,我想要一些肉。,4,rj_start1,rj_start1::3年级上,learner::klose::level::4 learner::klose::released source::rj_start1 source::rj_start1::grade::3 source::rj_start1::grade::3::上
shopping list,KV000240,shopping list,,,购物清单,This is my shopping list.,这是我的购物清单。,4,rj_start1,rj_start1::3年级上,learner::klose::level::4 learner::klose::released source::rj_start1 source::rj_start1::grade::3 source::rj_start1::grade::3::上
cola,KV000241,cola,[ˈkəʊlə],[ˈkoʊlə],可乐,I don't like cola.,我不喜欢可乐。,4,rj_start1,rj_start1::3年级上,learner::klose::level::4 learner::klose::released source::rj_start1 source::rj_start1::grade::3 source::rj_start1::grade::3::上
buy,KV000242,buy,[baɪ],[baɪ],买；购买,I want to buy fruit.,我想买水果。,4,rj_start1,rj_start1::3年级上,learner::klose::level::4 learner::klose::released source::rj_start1 source::rj_start1::grade::3 source::rj_start1::grade::3::上
vegetables,KV000243,vegetables,[ˈvedʒtəb(ə)lz],[ˈvedʒtəb(ə)lz],蔬菜,I like vegetables.,我喜欢蔬菜。,4,rj_start1,rj_start1::3年级上,learner::klose::level::4 learner::klose::released source::rj_start1 source::rj_start1::grade::3 source::rj_start1::grade::3::上
duck,KV000244,duck,[dʌk],[dʌk],鸭子,The duck is in the water.,鸭子在水里。,4,rj_start1,rj_start1::3年级上,learner::klose::level::4 learner::klose::released source::rj_start1 source::rj_start1::grade::3 source::rj_start1::grade::3::上
rabbit,KV000245,rabbit,[ˈræbɪt],[ˈræbɪt],兔子,The rabbit has long ears.,兔子有长耳朵。,4,rj_start1,rj_start1::3年级上,learner::klose::level::4 learner::klose::released source::rj_start1 source::rj_start1::grade::3 source::rj_start1::grade::3::上
pet,KV000246,pet,[pet],[pet],宠物,My cat is my pet.,我的猫是我的宠物。,4,rj_start1,rj_start1::3年级上,learner::klose::level::4 learner::klose::released source::rj_start1 source::rj_start1::grade::3 source::rj_start1::grade::3::上
snake,KV000247,snake,[sneɪk],[sneɪk],蛇,The snake is long.,这条蛇很长。,4,rj_start1,rj_start1::3年级上,learner::klose::level::4 learner::klose::released source::rj_start1 source::rj_start1::grade::3 source::rj_start1::grade::3::上
turtle,KV000248,turtle,[ˈtɜːt(ə)l],[ˈtɜːrtl],乌龟,The turtle is small.,这只乌龟很小。,4,rj_start1,rj_start1::3年级上,learner::klose::level::4 learner::klose::released source::rj_start1 source::rj_start1::grade::3 source::rj_start1::grade::3::上
small,KV000249,small,[smɔːl],[smɔːl],小的,The turtle is small.,这只乌龟很小。,4,rj_start1,rj_start1::3年级上,learner::klose::level::4 learner::klose::released source::rj_start1 source::rj_start1::grade::3 source::rj_start1::grade::3::上
long,KV000250,long,[lɒŋ],[lɔːŋ],长的,The snake is long.,这条蛇很长。,4,rj_start1,rj_start1::3年级上,learner::klose::level::4 learner::klose::released source::rj_start1 source::rj_start1::grade::3 source::rj_start1::grade::3::上
look for,KV000251,look for,[ˈlʊk fɔː(r)],[ˈlʊk fɔːr],寻找,I am looking for my cat.,我在找我的猫。,4,rj_start1,rj_start1::3年级上,learner::klose::level::4 learner::klose::released source::rj_start1 source::rj_start1::grade::3 source::rj_start1::grade::3::上
tail,KV000252,tail,[teɪl],[teɪl],尾巴,The dog has a long tail.,狗有一条长尾巴。,4,rj_start1,rj_start1::3年级上,learner::klose::level::4 learner::klose::released source::rj_start1 source::rj_start1::grade::3 source::rj_start1::grade::3::上
dance,KV000253,dance,[dɑːns],[dæns],跳舞,I like to dance.,我喜欢跳舞。,4,rj_start1,rj_start1::3年级上|rj_start1::3年级下,learner::klose::level::4 learner::klose::released source::rj_start1 source::rj_start1::grade::3 source::rj_start1::grade::3::上 source::rj_start1::grade::3::下
cap,KV000254,cap,[kæp],[kæp],帽子；便帽,Wear your cap.,戴上你的帽子。,4,rj_start1,rj_start1::3年级上,learner::klose::level::4 learner::klose::released source::rj_start1 source::rj_start1::grade::3 source::rj_start1::grade::3::上
coat,KV000255,coat,[kəʊt],[koʊt],外套,Wear your coat.,穿上你的外套。,4,rj_start1,rj_start1::3年级上,learner::klose::level::4 learner::klose::released source::rj_start1 source::rj_start1::grade::3 source::rj_start1::grade::3::上
shoes,KV000256,shoes,['ʃu:z],[ʃuːz],鞋,These are my shoes.,这是我的鞋。,4,rj_start1,rj_start1::3年级上,learner::klose::level::4 learner::klose::released source::rj_start1 source::rj_start1::grade::3 source::rj_start1::grade::3::上
sweater,KV000257,sweater,[ˈswetə(r)],[ˈswetər],毛衣,Wear your sweater.,穿上你的毛衣。,4,rj_start1,rj_start1::3年级上,learner::klose::level::4 learner::klose::released source::rj_start1 source::rj_start1::grade::3 source::rj_start1::grade::3::上
jacket,KV000258,jacket,[ˈdʒækɪt],[ˈdʒækɪt],夹克衫,This is my jacket.,这是我的夹克衫。,4,rj_start1,rj_start1::3年级上,learner::klose::level::4 learner::klose::released source::rj_start1 source::rj_start1::grade::3 source::rj_start1::grade::3::上
gloves,KV000259,gloves,[ɡlʌvz],[ɡlʌvz],手套,Wear your gloves.,戴上你的手套。,4,rj_start1,rj_start1::3年级上,learner::klose::level::4 learner::klose::released source::rj_start1 source::rj_start1::grade::3 source::rj_start1::grade::3::上
trousers,KV000260,trousers,[ˈtraʊzəz],[ˈtraʊzərz],裤子；长裤,These are my trousers.,这是我的裤子。,4,rj_start1,rj_start1::3年级上,learner::klose::level::4 learner::klose::released source::rj_start1 source::rj_start1::grade::3 source::rj_start1::grade::3::上
should,KV000261,should,[ʃəd; ʃʊd],[ʃəd; ʃʊd],应该,You should wear a coat.,你应该穿外套。,4,rj_start1,rj_start1::3年级上,learner::klose::level::4 learner::klose::released source::rj_start1 source::rj_start1::grade::3 source::rj_start1::grade::3::上
wear,KV000262,wear,[weə(r)],[wer],穿；戴,I wear a coat in winter.,我冬天穿外套。,4,rj_start1,rj_start1::3年级上,learner::klose::level::4 learner::klose::released source::rj_start1 source::rj_start1::grade::3 source::rj_start1::grade::3::上
week,KV000263,week,[wiːk],[wiːk],星期；周,I go swimming every week.,我每周去游泳。,4,rj_start1,rj_start1::3年级上,learner::klose::level::4 learner::klose::released source::rj_start1 source::rj_start1::grade::3 source::rj_start1::grade::3::上
soon,KV000264,soon,[suːn],[suːn],很快；不久,My birthday is soon.,我的生日快到了。,4,rj_start1,rj_start1::3年级上,learner::klose::level::4 learner::klose::released source::rj_start1 source::rj_start1::grade::3 source::rj_start1::grade::3::上
look forward to,KV000265,look forward to,,,期待；盼望,I look forward to my birthday.,我期待我的生日。,4,rj_start1,rj_start1::3年级上|rj_start1::6年级上,learner::klose::level::4 learner::klose::released source::rj_start1 source::rj_start1::grade::3 source::rj_start1::grade::3::上 source::rj_start1::grade::6 source::rj_start1::grade::6::上
January,KV000266,January,[ˈdʒænjuəri],[ˈdʒænjueri],一月,My birthday is in January.,我的生日在一月。,4,rj_start1,rj_start1::3年级上,learner::klose::level::4 learner::klose::released source::rj_start1 source::rj_start1::grade::3 source::rj_start1::grade::3::上
February,KV000267,February,[ˈfebruəri],[ˈfebrueri],二月,My birthday is in February.,我的生日在二月。,4,rj_start1,rj_start1::3年级上,learner::klose::level::4 learner::klose::released source::rj_start1 source::rj_start1::grade::3 source::rj_start1::grade::3::上
March,KV000268,March,[mɑːtʃ],[mɑːrtʃ],三月,March is in spring.,三月在春季。,4,rj_start1,rj_start1::3年级上,learner::klose::level::4 learner::klose::released source::rj_start1 source::rj_start1::grade::3 source::rj_start1::grade::3::上
April,KV000269,April,[ˈeɪprəl],[ˈeɪprəl],四月,April is in spring.,四月在春季。,4,rj_start1,rj_start1::3年级上,learner::klose::level::4 learner::klose::released source::rj_start1 source::rj_start1::grade::3 source::rj_start1::grade::3::上
May,KV000270,May,[meɪ],[meɪ],五月,My birthday is in May.,我的生日在五月。,4,rj_start1,rj_start1::3年级上,learner::klose::level::4 learner::klose::released source::rj_start1 source::rj_start1::grade::3 source::rj_start1::grade::3::上
June,KV000271,June,[dʒuːn],[dʒuːn],六月,June is in summer.,六月在夏季。,4,rj_start1,rj_start1::3年级上,learner::klose::level::4 learner::klose::released source::rj_start1 source::rj_start1::grade::3 source::rj_start1::grade::3::上
July,KV000272,July,[dʒʊˈlaɪ],[dʒʊˈlaɪ],七月,July is in summer.,七月在夏季。,4,rj_start1,rj_start1::3年级上,learner::klose::level::4 learner::klose::released source::rj_start1 source::rj_start1::grade::3 source::rj_start1::grade::3::上
August,KV000273,August,[ˈɔːɡəst],[ˈɔːɡəst],八月,August is in summer.,八月在夏季。,4,rj_start1,rj_start1::3年级上,learner::klose::level::4 learner::klose::released source::rj_start1 source::rj_start1::grade::3 source::rj_start1::grade::3::上
September,KV000274,September,[sepˈtembə(r)],[sepˈtembər],九月,September is in autumn.,九月在秋季。,4,rj_start1,rj_start1::3年级上,learner::klose::level::4 learner::klose::released source::rj_start1 source::rj_start1::grade::3 source::rj_start1::grade::3::上
October,KV000275,October,[ɒkˈtəʊbə(r)],[ɑːkˈtoʊbər],十月,October is in autumn.,十月在秋季。,4,rj_start1,rj_start1::3年级上,learner::klose::level::4 learner::klose::released source::rj_start1 source::rj_start1::grade::3 source::rj_start1::grade::3::上
November,KV000276,November,[nəʊˈvembə(r)],[noʊˈvembər],十一月,November is in autumn.,十一月在秋季。,4,rj_start1,rj_start1::3年级上,learner::klose::level::4 learner::klose::released source::rj_start1 source::rj_start1::grade::3 source::rj_start1::grade::3::上
December,KV000277,December,[dɪˈsembə(r)],[dɪˈsembər],十二月,Christmas is in December.,圣诞节在十二月。,4,rj_start1,rj_start1::3年级上,learner::klose::level::4 learner::klose::released source::rj_start1 source::rj_start1::grade::3 source::rj_start1::grade::3::上
birthday,KV000278,birthday,[ˈbɜːθdeɪ],[ˈbɜːrθdeɪ],生日,Today is my birthday.,今天是我的生日。,4,rj_start1,rj_start1::3年级上|rj_start1::5年级下,learner::klose::level::4 learner::klose::released source::rj_start1 source::rj_start1::grade::3 source::rj_start1::grade::3::上 source::rj_start1::grade::5 source::rj_start1::grade::5::下
first,KV000279,first,[fɜːst],[fɜːrst],第一；首先,January is the first month.,一月是第一个月。,4,rj_start1,rj_start1::3年级上|rj_start1::3年级下,learner::klose::level::4 learner::klose::released source::rj_start1 source::rj_start1::grade::3 source::rj_start1::grade::3::上 source::rj_start1::grade::3::下
party,KV000280,party,[ˈpɑːti],[ˈpɑːrti],聚会；派对,We have a birthday party.,我们举办生日聚会。,4,rj_start1,rj_start1::3年级上|rj_start1::5年级上,learner::klose::level::4 learner::klose::released source::rj_start1 source::rj_start1::grade::3 source::rj_start1::grade::3::上 source::rj_start1::grade::5 source::rj_start1::grade::5::上
delicious,KV000281,delicious,[dɪˈlɪʃəs],[dɪˈlɪʃəs],美味的；好吃的,The cake is delicious.,蛋糕很好吃。,4,rj_start1,rj_start1::3年级上|rj_start1::5年级下,learner::klose::level::4 learner::klose::released source::rj_start1 source::rj_start1::grade::3 source::rj_start1::grade::3::上 source::rj_start1::grade::5 source::rj_start1::grade::5::下
Chinese,KV000282,Chinese,[ˌtʃaɪˈniːz],[ˌtʃaɪˈniːz],汉语；中文,We have Chinese today.,我们今天有语文课。,4,rj_start1,rj_start1::3年级下,learner::klose::level::4 learner::klose::released source::rj_start1 source::rj_start1::grade::3 source::rj_start1::grade::3::下
English,KV000283,English,[ˈɪŋɡlɪʃ],[ˈɪŋɡlɪʃ],英语,I like English.,我喜欢英语。,4,rj_start1,rj_start1::3年级下,learner::klose::level::4 learner::klose::released source::rj_start1 source::rj_start1::grade::3 source::rj_start1::grade::3::下
science,KV000284,science,[ˈsaɪəns],[ˈsaɪəns],科学；科学课,We have science today.,我们今天有科学课。,4,rj_start1,rj_start1::3年级下,learner::klose::level::4 learner::klose::released source::rj_start1 source::rj_start1::grade::3 source::rj_start1::grade::3::下
PE,KV000285,PE,[peɪ],[peɪ],体育；体育课,We have PE today.,我们今天有体育课。,4,rj_start1,rj_start1::3年级下,learner::klose::level::4 learner::klose::released source::rj_start1 source::rj_start1::grade::3 source::rj_start1::grade::3::下
music,KV000286,music,[ˈmjuːzɪk],[ˈmjuːzɪk],音乐；音乐课,I like music.,我喜欢音乐。,4,rj_start1,rj_start1::3年级下,learner::klose::level::4 learner::klose::released source::rj_start1 source::rj_start1::grade::3 source::rj_start1::grade::3::下
maths,KV000287,maths,[mæθs],[mæθs],数学；数学课,We have maths today.,我们今天有数学课。,4,rj_start1,rj_start1::3年级下,learner::klose::level::4 learner::klose::released source::rj_start1 source::rj_start1::grade::3 source::rj_start1::grade::3::下
art,KV000288,art,[ɑːt],[ɑːrt],美术；美术课,We have art today.,我们今天有美术课。,4,rj_start1,rj_start1::3年级下,learner::klose::level::4 learner::klose::released source::rj_start1 source::rj_start1::grade::3 source::rj_start1::grade::3::下
computer class,KV000289,computer class,,,计算机课,We have computer class today.,我们今天有计算机课。,4,rj_start1,rj_start1::3年级下,learner::klose::level::4 learner::klose::released source::rj_start1 source::rj_start1::grade::3 source::rj_start1::grade::3::下
we,KV000290,we,[wi; wiː],[wi],我们,We are classmates.,我们是同班同学。,4,rj_start1,rj_start1::3年级下,learner::klose::level::4 learner::klose::released source::rj_start1 source::rj_start1::grade::3 source::rj_start1::grade::3::下
that,KV000291,that,[ðæt],[ðæt],那；那个,That is our classroom.,那是我们的教室。,4,rj_start1,rj_start1::3年级下,learner::klose::level::4 learner::klose::released source::rj_start1 source::rj_start1::grade::3 source::rj_start1::grade::3::下
classroom,KV000292,classroom,[ˈklɑːsruːm],[ˈklæsruːm; ˈklæsrʊm],教室,This is our classroom.,这是我们的教室。,4,rj_start1,rj_start1::3年级下,learner::klose::level::4 learner::klose::released source::rj_start1 source::rj_start1::grade::3 source::rj_start1::grade::3::下
library,KV000293,library,[ˈlaɪbrəri; ˈlaɪbri],[ˈlaɪbreri],图书馆,The library is on the second floor.,图书馆在二楼。,4,rj_start1,rj_start1::3年级下,learner::klose::level::4 learner::klose::released source::rj_start1 source::rj_start1::grade::3 source::rj_start1::grade::3::下
toilet,KV000294,toilet,[ˈtɔɪlət],[ˈtɔɪlət],厕所；卫生间,The toilet is near the classroom.,卫生间在教室附近。,4,rj_start1,rj_start1::3年级下,learner::klose::level::4 learner::klose::released source::rj_start1 source::rj_start1::grade::3 source::rj_start1::grade::3::下
playground,KV000295,playground,[ˈpleɪɡraʊnd],[ˈpleɪɡraʊnd],操场,We play on the playground.,我们在操场上玩。,4,rj_start1,rj_start1::3年级下,learner::klose::level::4 learner::klose::released source::rj_start1 source::rj_start1::grade::3 source::rj_start1::grade::3::下
second,KV000296,second,[ˈsekənd],[ˈsekənd; sɪˈkɑːnd],第二,The library is on the second floor.,图书馆在二楼。,4,rj_start1,rj_start1::3年级下,learner::klose::level::4 learner::klose::released source::rj_start1 source::rj_start1::grade::3 source::rj_start1::grade::3::下
third,KV000297,third,[θɜːd],[θɜːrd],第三,Our classroom is on the third floor.,我们的教室在三楼。,4,rj_start1,rj_start1::3年级下,learner::klose::level::4 learner::klose::released source::rj_start1 source::rj_start1::grade::3 source::rj_start1::grade::3::下
floor,KV000298,floor,[flɔː(r)],[flɔːr],楼层；地板,Our classroom is on the third floor.,我们的教室在三楼。,4,rj_start1,rj_start1::3年级下,learner::klose::level::4 learner::klose::released source::rj_start1 source::rj_start1::grade::3 source::rj_start1::grade::3::下
room,KV000299,room,[ruːm],[ruːm; rʊm],房间,This room is big.,这个房间很大。,4,rj_start1,rj_start1::3年级下,learner::klose::level::4 learner::klose::released source::rj_start1 source::rj_start1::grade::3 source::rj_start1::grade::3::下
our,KV000300,our,[ɑː(r)],[ɑːr],我们的,This is our classroom.,这是我们的教室。,4,rj_start1,rj_start1::3年级下,learner::klose::level::4 learner::klose::released source::rj_start1 source::rj_start1::grade::3 source::rj_start1::grade::3::下
they,KV000301,they,[ðeɪ],[ðeɪ],他们；她们；它们,They are my friends.,他们是我的朋友。,4,rj_start1,rj_start1::3年级下,learner::klose::level::4 learner::klose::released source::rj_start1 source::rj_start1::grade::3 source::rj_start1::grade::3::下
after school,KV000302,after school,,,放学后,I play sports after school.,我放学后做运动。,4,rj_start1,rj_start1::3年级下,learner::klose::level::4 learner::klose::released source::rj_start1 source::rj_start1::grade::3 source::rj_start1::grade::3::下
play sports,KV000303,play sports,,,做运动；参加体育活动,We play sports after school.,我们放学后做运动。,4,rj_start1,rj_start1::3年级下,learner::klose::level::4 learner::klose::released source::rj_start1 source::rj_start1::grade::3 source::rj_start1::grade::3::下
draw pictures,KV000304,draw pictures,,,画画,I like to draw pictures.,我喜欢画画。,4,rj_start1,rj_start1::3年级下,learner::klose::level::4 learner::klose::released source::rj_start1 source::rj_start1::grade::3 source::rj_start1::grade::3::下
play chess,KV000305,play chess,[pleɪ tʃes],[pleɪ tʃes],下棋,I play chess with my friend.,我和朋友下棋。,4,rj_start1,rj_start1::3年级下,learner::klose::level::4 learner::klose::released source::rj_start1 source::rj_start1::grade::3 source::rj_start1::grade::3::下
sing songs,KV000306,sing songs,,,唱歌,We sing songs in music class.,我们在音乐课上唱歌。,4,rj_start1,rj_start1::3年级下,learner::klose::level::4 learner::klose::released source::rj_start1 source::rj_start1::grade::3 source::rj_start1::grade::3::下
read books,KV000307,read books,,,读书；看书,I read books in the library.,我在图书馆看书。,4,rj_start1,rj_start1::3年级下,learner::klose::level::4 learner::klose::released source::rj_start1 source::rj_start1::grade::3 source::rj_start1::grade::3::下
really,KV000308,really,[ˈriːəli],[ˈriːəli],真的；确实,I really like English.,我真的很喜欢英语。,4,rj_start1,rj_start1::3年级下,learner::klose::level::4 learner::klose::released source::rj_start1 source::rj_start1::grade::3 source::rj_start1::grade::3::下
tomorrow,KV000309,tomorrow,[təˈmɒrəʊ],[təˈmɑːroʊ],明天,Tomorrow is Monday.,明天是星期一。,4,rj_start1,rj_start1::3年级下,learner::klose::level::4 learner::klose::released source::rj_start1 source::rj_start1::grade::3 source::rj_start1::grade::3::下
wake up,KV000310,wake up,[ˈweɪk ˌʌp],[ˈweɪk ˌʌp],醒来；叫醒,I wake up at seven.,我七点醒来。,4,rj_start1,rj_start1::3年级下,learner::klose::level::4 learner::klose::released source::rj_start1 source::rj_start1::grade::3 source::rj_start1::grade::3::下
be back,KV000311,be back,,,回来,I will be back soon.,我很快回来。,4,rj_start1,rj_start1::3年级下,learner::klose::level::4 learner::klose::released source::rj_start1 source::rj_start1::grade::3 source::rj_start1::grade::3::下
family,KV000312,family,[ˈfæməli],[ˈfæməli],家庭；家人,This is my family.,这是我的家人。,4,rj_start1,rj_start1::3年级下,learner::klose::level::4 learner::klose::released source::rj_start1 source::rj_start1::grade::3 source::rj_start1::grade::3::下
uncle,KV000313,uncle,[ˈʌŋk(ə)l],[ˈʌŋkl],叔叔；舅舅等,My uncle is tall.,我叔叔个子很高。,4,rj_start1,rj_start1::3年级下,learner::klose::level::4 learner::klose::released source::rj_start1 source::rj_start1::grade::3 source::rj_start1::grade::3::下
aunt,KV000314,aunt,[ɑːnt],[ænt],阿姨；姑姑；姨妈等,My aunt is a teacher.,我阿姨是老师。,4,rj_start1,rj_start1::3年级下,learner::klose::level::4 learner::klose::released source::rj_start1 source::rj_start1::grade::3 source::rj_start1::grade::3::下
cousin,KV000315,cousin,[ˈkʌzn],[ˈkʌzn],堂兄弟姐妹；表兄弟姐妹,My cousin is ten.,我的表兄弟姐妹十岁。,4,rj_start1,rj_start1::3年级下,learner::klose::level::4 learner::klose::released source::rj_start1 source::rj_start1::grade::3 source::rj_start1::grade::3::下
beautiful,KV000316,beautiful,[ˈbjuːtɪf(ə)l],[ˈbjuːtɪf(ə)l],美丽的；漂亮的,The flower is beautiful.,这朵花很漂亮。,4,rj_start1,rj_start1::3年级下,learner::klose::level::4 learner::klose::released source::rj_start1 source::rj_start1::grade::3 source::rj_start1::grade::3::下
lost,KV000317,lost,[lɒst],[lɔːst],丢失的；迷路的,My water bottle is lost.,我的水瓶丢了。,4,rj_start1,rj_start1::3年级下,learner::klose::level::4 learner::klose::released source::rj_start1 source::rj_start1::grade::3 source::rj_start1::grade::3::下
water bottle,KV000318,water bottle,,,水瓶；水壶,This is my water bottle.,这是我的水瓶。,4,rj_start1,rj_start1::3年级下,learner::klose::level::4 learner::klose::released source::rj_start1 source::rj_start1::grade::3 source::rj_start1::grade::3::下
know,KV000319,know,[nəʊ],[noʊ],知道；认识,I know her name.,我知道她的名字。,4,rj_start1,rj_start1::3年级下,learner::klose::level::4 learner::klose::released source::rj_start1 source::rj_start1::grade::3 source::rj_start1::grade::3::下
ok,KV000320,ok,[əʊˈkeɪ],[oʊˈkeɪ],好的；可以,OK let's go.,好的，我们走吧。,4,rj_start1,rj_start1::3年级下,learner::klose::level::4 learner::klose::released source::rj_start1 source::rj_start1::grade::3 source::rj_start1::grade::3::下
much,KV000321,much,[mʌtʃ],[mʌtʃ],很；非常,Thank you very much.,非常感谢你。,4,rj_start1,rj_start1::3年级下,learner::klose::level::4 learner::klose::released source::rj_start1 source::rj_start1::grade::3 source::rj_start1::grade::3::下
welcome,KV000322,welcome,[ˈwelkəm],[ˈwelkəm],欢迎；不客气,You are welcome.,不客气。,4,rj_start1,rj_start1::3年级下,learner::klose::level::4 learner::klose::released source::rj_start1 source::rj_start1::grade::3 source::rj_start1::grade::3::下
cooking dinner,KV000323,cooking dinner,,,正在做晚饭,Mum is cooking dinner.,妈妈正在做晚饭。,4,rj_start1,rj_start1::3年级下,learner::klose::level::4 learner::klose::released source::rj_start1 source::rj_start1::grade::3 source::rj_start1::grade::3::下
walking the dog,KV000324,walking the dog,,,正在遛狗,I am walking the dog.,我正在遛狗。,4,rj_start1,rj_start1::3年级下,learner::klose::level::4 learner::klose::released source::rj_start1 source::rj_start1::grade::3 source::rj_start1::grade::3::下
watering the plants,KV000325,watering the plants,,,正在给植物浇水,She is watering the plants.,她正在给植物浇水。,4,rj_start1,rj_start1::3年级下,learner::klose::level::4 learner::klose::released source::rj_start1 source::rj_start1::grade::3 source::rj_start1::grade::3::下
cleaning the room,KV000326,cleaning the room,,,正在打扫房间,He is cleaning the room.,他正在打扫房间。,4,rj_start1,rj_start1::3年级下,learner::klose::level::4 learner::klose::released source::rj_start1 source::rj_start1::grade::3 source::rj_start1::grade::3::下
listening to music,KV000327,listening to music,,,正在听音乐,I am listening to music.,我正在听音乐。,4,rj_start1,rj_start1::3年级下,learner::klose::level::4 learner::klose::released source::rj_start1 source::rj_start1::grade::3 source::rj_start1::grade::3::下
watching TV,KV000328,watching TV,,,正在看电视,They are watching TV.,他们正在看电视。,4,rj_start1,rj_start1::3年级下,learner::klose::level::4 learner::klose::released source::rj_start1 source::rj_start1::grade::3 source::rj_start1::grade::3::下
feeding the fish,KV000329,feeding the fish,,,正在喂鱼,She is feeding the fish.,她正在喂鱼。,4,rj_start1,rj_start1::3年级下,learner::klose::level::4 learner::klose::released source::rj_start1 source::rj_start1::grade::3 source::rj_start1::grade::3::下
play with,KV000330,play with,[pleɪ wɪð],[pleɪ wɪð],和……一起玩,I play with my dog.,我和我的狗一起玩。,4,rj_start1,rj_start1::3年级下,learner::klose::level::4 learner::klose::released source::rj_start1 source::rj_start1::grade::3 source::rj_start1::grade::3::下
in one hour,KV000331,in one hour,,,一小时后,I will be back in one hour.,我一小时后回来。,4,rj_start1,rj_start1::3年级下,learner::klose::level::4 learner::klose::released source::rj_start1 source::rj_start1::grade::3 source::rj_start1::grade::3::下
everyone,KV000332,everyone,[ˈevriwʌn],[ˈevriwʌn],每个人；大家,Everyone is here.,大家都在这里。,4,rj_start1,rj_start1::3年级下,learner::klose::level::4 learner::klose::released source::rj_start1 source::rj_start1::grade::3 source::rj_start1::grade::3::下
children,KV000333,children,[ˈtʃɪldrən],[ˈtʃɪldrən],孩子们,The children are playing.,孩子们正在玩。,4,rj_start1,rj_start1::3年级下,learner::klose::level::4 learner::klose::released source::rj_start1 source::rj_start1::grade::3 source::rj_start1::grade::3::下
run,KV000334,run,[rʌn],[rʌn],跑；奔跑,Don't run in the classroom.,不要在教室里跑。,4,rj_start1,rj_start1::3年级下,learner::klose::level::4 learner::klose::released source::rj_start1 source::rj_start1::grade::3 source::rj_start1::grade::3::下
home,KV000335,home,[həʊm],[hoʊm],家；在家,I am at home.,我在家。,4,rj_start1,rj_start1::3年级下,learner::klose::level::4 learner::klose::released source::rj_start1 source::rj_start1::grade::3 source::rj_start1::grade::3::下
bedroom,KV000336,bedroom,[ˈbedruːm],[ˈbedruːm; ˈbedrʊm],卧室,This is my bedroom.,这是我的卧室。,4,rj_start1,rj_start1::3年级下,learner::klose::level::4 learner::klose::released source::rj_start1 source::rj_start1::grade::3 source::rj_start1::grade::3::下
living room,KV000337,living room,['lɪvɪŋ ru:m],[ˈlɪvɪŋ ruːm],客厅,We watch TV in the living room.,我们在客厅看电视。,4,rj_start1,rj_start1::3年级下,learner::klose::level::4 learner::klose::released source::rj_start1 source::rj_start1::grade::3 source::rj_start1::grade::3::下
bathroom,KV000338,bathroom,[ˈbɑːθruːm; ˈbɑːθrʊm],[ˈbæθruːm],浴室；卫生间,The bathroom is near my bedroom.,浴室在我的卧室附近。,4,rj_start1,rj_start1::3年级下,learner::klose::level::4 learner::klose::released source::rj_start1 source::rj_start1::grade::3 source::rj_start1::grade::3::下
dining room,KV000339,dining room,,,餐厅；饭厅,We eat dinner in the dining room.,我们在餐厅吃晚饭。,4,rj_start1,rj_start1::3年级下,learner::klose::level::4 learner::klose::released source::rj_start1 source::rj_start1::grade::3 source::rj_start1::grade::3::下
study,KV000340,study,[ˈstʌdi],[ˈstʌdi],书房；学习,This is my study.,这是我的书房。,4,rj_start1,rj_start1::3年级下|rj_start1::6年级上,learner::klose::level::4 learner::klose::released source::rj_start1 source::rj_start1::grade::3 source::rj_start1::grade::3::下 source::rj_start1::grade::6 source::rj_start1::grade::6::上
kitchen,KV000341,kitchen,[ˈkɪtʃɪn],[ˈkɪtʃɪn],厨房,Mum is in the kitchen.,妈妈在厨房里。,4,rj_start1,rj_start1::3年级下,learner::klose::level::4 learner::klose::released source::rj_start1 source::rj_start1::grade::3 source::rj_start1::grade::3::下
for rent,KV000342,for rent,,,出租,This room is for rent.,这个房间出租。,4,rj_start1,rj_start1::3年级下,learner::klose::level::4 learner::klose::released source::rj_start1 source::rj_start1::grade::3 source::rj_start1::grade::3::下
sofa,KV000343,sofa,[ˈsəʊfə],[ˈsoʊfə],沙发,The cat is on the sofa.,猫在沙发上。,4,rj_start1,rj_start1::3年级下,learner::klose::level::4 learner::klose::released source::rj_start1 source::rj_start1::grade::3 source::rj_start1::grade::3::下
running,KV000344,running,[ˈrʌnɪŋ],[ˈrʌnɪŋ],跑步,I like running after school.,我喜欢放学后跑步。,4,rj_start1,rj_start1::4年级上,learner::klose::level::4 learner::klose::released source::rj_start1 source::rj_start1::grade::4 source::rj_start1::grade::4::上
basketball,KV000345,basketball,[ˈbɑːskɪtbɔːl],[ˈbæskɪtbɔːl],篮球,I play basketball after school.,我放学后打篮球。,4,rj_start1,rj_start1::4年级上,learner::klose::level::4 learner::klose::released source::rj_start1 source::rj_start1::grade::4 source::rj_start1::grade::4::上
roller skating,KV000346,roller skating,,,轮滑；滑旱冰,I like roller skating.,我喜欢轮滑。,4,rj_start1,rj_start1::4年级上,learner::klose::level::4 learner::klose::released source::rj_start1 source::rj_start1::grade::4 source::rj_start1::grade::4::上
jumping rope,KV000347,jumping rope,,,跳绳,She is good at jumping rope.,她擅长跳绳。,4,rj_start1,rj_start1::4年级上,learner::klose::level::4 learner::klose::released source::rj_start1 source::rj_start1::grade::4 source::rj_start1::grade::4::上
ping-pong,KV000348,ping-pong,[ˈpɪŋ pɒŋ],[ˈpɪŋ pɑːŋ],乒乓球,We play ping-pong after school.,我们放学后打乒乓球。,4,rj_start1,rj_start1::4年级上,learner::klose::level::4 learner::klose::released source::rj_start1 source::rj_start1::grade::4 source::rj_start1::grade::4::上
What about ...?,KV000349,What about ...?,,,……怎么样？,What about basketball?,篮球怎么样？,4,rj_start1,rj_start1::4年级上,learner::klose::level::4 learner::klose::released source::rj_start1 source::rj_start1::grade::4 source::rj_start1::grade::4::上
interesting,KV000350,interesting,[ˈɪntrəstɪŋ],[ˈɪntrəstɪŋ; ˈɪntrestɪŋ],有趣的,This book is interesting.,这本书很有趣。,4,rj_start1,rj_start1::4年级上,learner::klose::level::4 learner::klose::released source::rj_start1 source::rj_start1::grade::4 source::rj_start1::grade::4::上
often,KV000351,often,[ˈɒf(ə)n],[ˈɔːf(ə)n],经常；常常,I often play basketball.,我经常打篮球。,4,rj_start1,rj_start1::4年级上,learner::klose::level::4 learner::klose::released source::rj_start1 source::rj_start1::grade::4 source::rj_start1::grade::4::上
be good at,KV000352,be good at,,,擅长,He is good at swimming.,他擅长游泳。,4,rj_start1,rj_start1::4年级上,learner::klose::level::4 learner::klose::released source::rj_start1 source::rj_start1::grade::4 source::rj_start1::grade::4::上
late,KV000353,late,[leɪt],[leɪt],迟到的；晚的,Don't be late for school.,上学不要迟到。,4,rj_start1,rj_start1::4年级上,learner::klose::level::4 learner::klose::released source::rj_start1 source::rj_start1::grade::4 source::rj_start1::grade::4::上
visit one's grandparents,KV000354,visit one's grandparents,,,看望祖父母或外祖父母,I visit my grandparents on Sunday.,我星期日去看望祖父母。,4,rj_start1,rj_start1::4年级上,learner::klose::level::4 learner::klose::released source::rj_start1 source::rj_start1::grade::4 source::rj_start1::grade::4::上
go to a drawing club,KV000355,go to a drawing club,,,参加绘画俱乐部,I go to a drawing club.,我参加绘画俱乐部。,4,rj_start1,rj_start1::4年级上,learner::klose::level::4 learner::klose::released source::rj_start1 source::rj_start1::grade::4 source::rj_start1::grade::4::上
climb a hill,KV000356,climb a hill,,,爬山；爬小山,We climb a hill on Sunday.,我们星期日爬山。,4,rj_start1,rj_start1::4年级上,learner::klose::level::4 learner::klose::released source::rj_start1 source::rj_start1::grade::4 source::rj_start1::grade::4::上
pick fruit,KV000357,pick fruit,,,摘水果,We pick fruit in autumn.,我们秋天摘水果。,4,rj_start1,rj_start1::4年级上,learner::klose::level::4 learner::klose::released source::rj_start1 source::rj_start1::grade::4 source::rj_start1::grade::4::上
play computer games,KV000358,play computer games,,,玩电脑游戏,I play computer games on Saturday.,我星期六玩电脑游戏。,4,rj_start1,rj_start1::4年级上,learner::klose::level::4 learner::klose::released source::rj_start1 source::rj_start1::grade::4 source::rj_start1::grade::4::上
go fishing,KV000359,go fishing,,,去钓鱼,Dad and I go fishing.,爸爸和我去钓鱼。,4,rj_start1,rj_start1::4年级上,learner::klose::level::4 learner::klose::released source::rj_start1 source::rj_start1::grade::4 source::rj_start1::grade::4::上
go to the cinema,KV000360,go to the cinema,,,去电影院；看电影,We go to the cinema.,我们去电影院看电影。,4,rj_start1,rj_start1::4年级上,learner::klose::level::4 learner::klose::released source::rj_start1 source::rj_start1::grade::4 source::rj_start1::grade::4::上
on the weekend,KV000361,on the weekend,,,在周末,I play sports on the weekend.,我周末做运动。,4,rj_start1,rj_start1::4年级上,learner::klose::level::4 learner::klose::released source::rj_start1 source::rj_start1::grade::4 source::rj_start1::grade::4::上
fun,KV000362,fun,[fʌn],[fʌn],乐趣；有趣,Roller skating is fun.,轮滑很有趣。,4,rj_start1,rj_start1::4年级上,learner::klose::level::4 learner::klose::released source::rj_start1 source::rj_start1::grade::4 source::rj_start1::grade::4::上
always,KV000363,always,[ˈɔːlweɪz],[ˈɔːlweɪz],总是,I always get up at seven.,我总是七点起床。,4,rj_start1,rj_start1::4年级上|rj_start1::5年级下,learner::klose::level::4 learner::klose::released source::rj_start1 source::rj_start1::grade::4 source::rj_start1::grade::4::上 source::rj_start1::grade::5 source::rj_start1::grade::5::下
step,KV000364,step,[step],[step],步；台阶,Watch your step.,小心脚下。,4,rj_start1,rj_start1::4年级上,learner::klose::level::4 learner::klose::released source::rj_start1 source::rj_start1::grade::4 source::rj_start1::grade::4::上
paint,KV000365,paint,[peɪnt],[peɪnt],油漆；给……刷漆,They paint the house.,他们给房子刷漆。,4,rj_start1,rj_start1::4年级上|rj_start1::6年级上,learner::klose::level::4 learner::klose::released source::rj_start1 source::rj_start1::grade::4 source::rj_start1::grade::4::上 source::rj_start1::grade::6 source::rj_start1::grade::6::上
evening,KV000366,evening,[ˈiːvnɪŋ],[ˈiːvnɪŋ],晚上,I read books in the evening.,我晚上读书。,4,rj_start1,rj_start1::4年级上,learner::klose::level::4 learner::klose::released source::rj_start1 source::rj_start1::grade::4 source::rj_start1::grade::4::上
dirty,KV000367,dirty,[ˈdɜːti],[ˈdɜːrti],脏的,My shoes are dirty.,我的鞋脏了。,4,rj_start1,rj_start1::4年级上|rj_start1::5年级下,learner::klose::level::4 learner::klose::released source::rj_start1 source::rj_start1::grade::4 source::rj_start1::grade::4::上 source::rj_start1::grade::5 source::rj_start1::grade::5::下
their,KV000368,their,[ðeə(r)],[ðer],他们的；她们的；它们的,Their house is near the park.,他们的房子在公园附近。,4,rj_start1,rj_start1::4年级上,learner::klose::level::4 learner::klose::released source::rj_start1 source::rj_start1::grade::4 source::rj_start1::grade::4::上
house,KV000369,house,[haʊs],[haʊs],房子；住宅,Their house is beautiful.,他们的房子很漂亮。,4,rj_start1,rj_start1::4年级上,learner::klose::level::4 learner::klose::released source::rj_start1 source::rj_start1::grade::4 source::rj_start1::grade::4::上
poor,KV000370,poor,[pɔː(r)],[pʊr; pɔːr],贫穷的；可怜的,The poor family needs help.,这个贫困家庭需要帮助。,4,rj_start1,rj_start1::4年级上,learner::klose::level::4 learner::klose::released source::rj_start1 source::rj_start1::grade::4 source::rj_start1::grade::4::上
hope,KV000371,hope,[həʊp],[hoʊp],希望,I hope you are happy.,我希望你开心。,4,rj_start1,rj_start1::4年级上,learner::klose::level::4 learner::klose::released source::rj_start1 source::rj_start1::grade::4 source::rj_start1::grade::4::上
so,KV000372,so,[səʊ],[soʊ],所以；因此,It is rainy so I am at home.,下雨了，所以我在家。,4,rj_start1,rj_start1::4年级上,learner::klose::level::4 learner::klose::released source::rj_start1 source::rj_start1::grade::4 source::rj_start1::grade::4::上
day,KV000373,day,[deɪ],[deɪ],天；一天,Today is a sunny day.,今天是晴朗的一天。,4,rj_start1,rj_start1::4年级上,learner::klose::level::4 learner::klose::released source::rj_start1 source::rj_start1::grade::4 source::rj_start1::grade::4::上
usually,KV000374,usually,[ˈjuːʒuəli],[ˈjuːʒuəli; ˈjuːʒəli],通常,I usually go by bus.,我通常乘公交车去。,4,rj_start1,rj_start1::4年级上,learner::klose::level::4 learner::klose::released source::rj_start1 source::rj_start1::grade::4 source::rj_start1::grade::4::上
by bus,KV000375,by bus,,,乘公交车,I go to school by bus.,我乘公交车上学。,4,rj_start1,rj_start1::4年级上,learner::klose::level::4 learner::klose::released source::rj_start1 source::rj_start1::grade::4 source::rj_start1::grade::4::上
by boat,KV000376,by boat,,,乘小船；乘船,We go there by boat.,我们乘小船去那里。,4,rj_start1,rj_start1::4年级上,learner::klose::level::4 learner::klose::released source::rj_start1 source::rj_start1::grade::4 source::rj_start1::grade::4::上
by ship,KV000377,by ship,,,乘轮船；乘船,We go by ship.,我们乘船去。,4,rj_start1,rj_start1::4年级上,learner::klose::level::4 learner::klose::released source::rj_start1 source::rj_start1::grade::4 source::rj_start1::grade::4::上
by car,KV000378,by car,,,乘汽车,We go there by car.,我们乘汽车去那里。,4,rj_start1,rj_start1::4年级上,learner::klose::level::4 learner::klose::released source::rj_start1 source::rj_start1::grade::4 source::rj_start1::grade::4::上
by taxi,KV000379,by taxi,,,乘出租车,We go by taxi.,我们乘出租车去。,4,rj_start1,rj_start1::4年级上,learner::klose::level::4 learner::klose::released source::rj_start1 source::rj_start1::grade::4 source::rj_start1::grade::4::上
by bike,KV000380,by bike,,,骑自行车,I go to school by bike.,我骑自行车上学。,4,rj_start1,rj_start1::4年级上,learner::klose::level::4 learner::klose::released source::rj_start1 source::rj_start1::grade::4 source::rj_start1::grade::4::上
on foot,KV000381,on foot,,,步行,I go to school on foot.,我步行上学。,4,rj_start1,rj_start1::4年级上,learner::klose::level::4 learner::klose::released source::rj_start1 source::rj_start1::grade::4 source::rj_start1::grade::4::上
by school bus,KV000382,by school bus,,,乘校车,She goes to school by school bus.,她乘校车上学。,4,rj_start1,rj_start1::4年级上,learner::klose::level::4 learner::klose::released source::rj_start1 source::rj_start1::grade::4 source::rj_start1::grade::4::上
by subway,KV000383,by subway,,,乘地铁,We go by subway.,我们乘地铁去。,4,rj_start1,rj_start1::4年级上,learner::klose::level::4 learner::klose::released source::rj_start1 source::rj_start1::grade::4 source::rj_start1::grade::4::上
by plane,KV000384,by plane,,,乘飞机,We go by plane.,我们乘飞机去。,4,rj_start1,rj_start1::4年级上,learner::klose::level::4 learner::klose::released source::rj_start1 source::rj_start1::grade::4 source::rj_start1::grade::4::上
by train,KV000385,by train,,,乘火车,We go there by train.,我们乘火车去那里。,4,rj_start1,rj_start1::4年级上,learner::klose::level::4 learner::klose::released source::rj_start1 source::rj_start1::grade::4 source::rj_start1::grade::4::上
garden,KV000386,garden,[ˈɡɑːdn],[ˈɡɑːrdn],花园,There are flowers in the garden.,花园里有花。,4,rj_start1,rj_start1::4年级上|rj_start1::6年级上,learner::klose::level::4 learner::klose::released source::rj_start1 source::rj_start1::grade::4 source::rj_start1::grade::4::上 source::rj_start1::grade::6 source::rj_start1::grade::6::上
meeting place,KV000387,meeting place,[ˈmiːtɪŋ pleɪs],[ˈmiːtɪŋ pleɪs],集合地点,The gate is our meeting place.,大门是我们的集合地点。,4,rj_start1,rj_start1::4年级上,learner::klose::level::4 learner::klose::released source::rj_start1 source::rj_start1::grade::4 source::rj_start1::grade::4::上
gate,KV000388,gate,[ɡeɪt],[ɡeɪt],大门,Wait for me at the gate.,在大门口等我。,4,rj_start1,rj_start1::4年级上,learner::klose::level::4 learner::klose::released source::rj_start1 source::rj_start1::grade::4 source::rj_start1::grade::4::上
transportation,KV000389,transportation,[ˌtrænspɔːˈteɪʃn],[ˌtrænspɔːrˈteɪʃn],交通；交通方式,What transportation do you use?,你使用什么交通方式？,4,rj_start1,rj_start1::4年级上,learner::klose::level::4 learner::klose::released source::rj_start1 source::rj_start1::grade::4 source::rj_start1::grade::4::上
film,KV000390,film,[fɪlm],[fɪlm],电影,This film is interesting.,这部电影很有趣。,4,rj_start1,rj_start1::4年级上,learner::klose::level::4 learner::klose::released source::rj_start1 source::rj_start1::grade::4 source::rj_start1::grade::4::上
earth,KV000391,earth,[ɜːθ],[ɜːrθ],地球,The earth is our home.,地球是我们的家园。,4,rj_start1,rj_start1::4年级上,learner::klose::level::4 learner::klose::released source::rj_start1 source::rj_start1::grade::4 source::rj_start1::grade::4::上
snow,KV000392,snow,[snəʊ],[snoʊ],雪,There is snow in winter.,冬天有雪。,4,rj_start1,rj_start1::4年级上,learner::klose::level::4 learner::klose::released source::rj_start1 source::rj_start1::grade::4 source::rj_start1::grade::4::上
theatre,KV000393,theatre,[ˈθɪətə(r)],[ˈθiːətər],剧院,Let's go to the theatre.,我们去剧院吧。,4,rj_start1,rj_start1::4年级上,learner::klose::level::4 learner::klose::released source::rj_start1 source::rj_start1::grade::4 source::rj_start1::grade::4::上
come,KV000394,come,[kʌm],[kʌm],来,Come to my house.,来我家吧。,4,rj_start1,rj_start1::4年级上,learner::klose::level::4 learner::klose::released source::rj_start1 source::rj_start1::grade::4 source::rj_start1::grade::4::上
enjoy,KV000395,enjoy,[ɪnˈdʒɔɪ],[ɪnˈdʒɔɪ],喜欢；享受,I enjoy this film.,我喜欢这部电影。,4,rj_start1,rj_start1::4年级上,learner::klose::level::4 learner::klose::released source::rj_start1 source::rj_start1::grade::4 source::rj_start1::grade::4::上
pen,KV000396,pen,[pen],[pen],钢笔,This is my pen.,这是我的钢笔。,4,rj_start1,rj_start1::4年级上,learner::klose::level::4 learner::klose::released source::rj_start1 source::rj_start1::grade::4 source::rj_start1::grade::4::上
knife,KV000397,knife,[naɪf],[naɪf],刀,Be careful with the knife.,使用刀时要小心。,4,rj_start1,rj_start1::4年级上,learner::klose::level::4 learner::klose::released source::rj_start1 source::rj_start1::grade::4 source::rj_start1::grade::4::上
eraser,KV000398,eraser,[ɪˈreɪzə(r)],[ɪˈreɪsər],橡皮,I need an eraser.,我需要一块橡皮。,4,rj_start1,rj_start1::4年级上,learner::klose::level::4 learner::klose::released source::rj_start1 source::rj_start1::grade::4 source::rj_start1::grade::4::上
crayon,KV000399,crayon,[ˈkreɪən; ˈkreɪɒn],[ˈkreɪən; ˈkreɪɑːn],蜡笔,I draw with crayons.,我用蜡笔画画。,4,rj_start1,rj_start1::4年级上,learner::klose::level::4 learner::klose::released source::rj_start1 source::rj_start1::grade::4 source::rj_start1::grade::4::上
scissors,KV000400,scissors,[ˈsɪzəz],[ˈsɪzərz],剪刀,Be careful with the scissors.,使用剪刀时要小心。,4,rj_start1,rj_start1::4年级上,learner::klose::level::4 learner::klose::released source::rj_start1 source::rj_start1::grade::4 source::rj_start1::grade::4::上
glue stick,KV000401,glue stick,,,胶棒,I need a glue stick.,我需要一支胶棒。,4,rj_start1,rj_start1::4年级上,learner::klose::level::4 learner::klose::released source::rj_start1 source::rj_start1::grade::4 source::rj_start1::grade::4::上
paper,KV000402,paper,[ˈpeɪpə(r)],[ˈpeɪpər],纸,I draw on the paper.,我在纸上画画。,4,rj_start1,rj_start1::4年级上,learner::klose::level::4 learner::klose::released source::rj_start1 source::rj_start1::grade::4 source::rj_start1::grade::4::上
use,KV000403,use,[juːz],[juːz],使用,Can I use your pen?,我可以用你的钢笔吗？,4,rj_start1,rj_start1::4年级上,learner::klose::level::4 learner::klose::released source::rj_start1 source::rj_start1::grade::4 source::rj_start1::grade::4::上
please,KV000404,please,[pliːz],[pliːz],请,Please give me the paper.,请把纸给我。,4,rj_start1,rj_start1::4年级上|rj_start1::5年级上,learner::klose::level::4 learner::klose::released source::rj_start1 source::rj_start1::grade::4 source::rj_start1::grade::4::上 source::rj_start1::grade::5 source::rj_start1::grade::5::上
find,KV000405,find,[faɪnd],[faɪnd],找到；发现,I can't find my pen.,我找不到我的钢笔。,4,rj_start1,rj_start1::4年级上|rj_start1::6年级上,learner::klose::level::4 learner::klose::released source::rj_start1 source::rj_start1::grade::4 source::rj_start1::grade::4::上 source::rj_start1::grade::6 source::rj_start1::grade::6::上
Information Centre,KV000406,Information Centre,,,信息中心,Let's ask at the Information Centre.,我们去信息中心问问。,4,rj_start1,rj_start1::4年级上,learner::klose::level::4 learner::klose::released source::rj_start1 source::rj_start1::grade::4 source::rj_start1::grade::4::上
Excuse me,KV000407,Excuse me,[ɪk'skjʊs mi],[ɪkˈskjuːz mi],劳驾；对不起,Excuse me where is the gate?,请问大门在哪里？,4,rj_start1,rj_start1::4年级上,learner::klose::level::4 learner::klose::released source::rj_start1 source::rj_start1::grade::4 source::rj_start1::grade::4::上
phone,KV000408,phone,[fəʊn],[foʊn],电话；打电话,I have a phone.,我有一部电话。,4,rj_start1,rj_start1::4年级上,learner::klose::level::4 learner::klose::released source::rj_start1 source::rj_start1::grade::4 source::rj_start1::grade::4::上
dad,KV000409,dad,[dæd],[dæd],爸爸,My dad is a doctor.,我爸爸是医生。,4,rj_start1,rj_start1::4年级上,learner::klose::level::4 learner::klose::released source::rj_start1 source::rj_start1::grade::4 source::rj_start1::grade::4::上
hamburger,KV000410,hamburger,[ˈhæmbɜːɡə(r)],[ˈhæmbɜːrɡər],汉堡包,I want a hamburger.,我想要一个汉堡包。,4,rj_start1,rj_start1::4年级上,learner::klose::level::4 learner::klose::released source::rj_start1 source::rj_start1::grade::4 source::rj_start1::grade::4::上
shop,KV000411,shop,[ʃɒp],[ʃɑːp],商店；购物,This shop sells books.,这家商店卖书。,4,rj_start1,rj_start1::4年级上,learner::klose::level::4 learner::klose::released source::rj_start1 source::rj_start1::grade::4 source::rj_start1::grade::4::上
climb on the window ledge,KV000412,climb on the window ledge,,,爬上窗台,Don't climb on the window ledge.,不要爬窗台。,4,rj_start1,rj_start1::4年级上,learner::klose::level::4 learner::klose::released source::rj_start1 source::rj_start1::grade::4 source::rj_start1::grade::4::上
dangerous,KV000413,dangerous,[ˈdeɪndʒərəs],[ˈdeɪndʒərəs],危险的,Playing with fire is dangerous.,玩火很危险。,4,rj_start1,rj_start1::4年级上,learner::klose::level::4 learner::klose::released source::rj_start1 source::rj_start1::grade::4 source::rj_start1::grade::4::上
play with fire,KV000414,play with fire,,,玩火,Don't play with fire.,不要玩火。,4,rj_start1,rj_start1::4年级上,learner::klose::level::4 learner::klose::released source::rj_start1 source::rj_start1::grade::4 source::rj_start1::grade::4::上
Be careful!,KV000415,Be careful!,,,小心！,Be careful on the stairs!,在楼梯上要小心！,4,rj_start1,rj_start1::4年级上,learner::klose::level::4 learner::klose::released source::rj_start1 source::rj_start1::grade::4 source::rj_start1::grade::4::上
run down the stairs,KV000416,run down the stairs,,,跑下楼梯,Don't run down the stairs.,不要跑下楼梯。,4,rj_start1,rj_start1::4年级上,learner::klose::level::4 learner::klose::released source::rj_start1 source::rj_start1::grade::4 source::rj_start1::grade::4::上
sidewalk,KV000417,sidewalk,[ˈsaɪdwɔːk],[ˈsaɪdwɔːk],人行道,Walk on the sidewalk.,在人行道上走。,4,rj_start1,rj_start1::4年级上,learner::klose::level::4 learner::klose::released source::rj_start1 source::rj_start1::grade::4 source::rj_start1::grade::4::上
wait for,KV000418,wait for,,,等待,Wait for the green light.,等绿灯。,4,rj_start1,rj_start1::4年级上,learner::klose::level::4 learner::klose::released source::rj_start1 source::rj_start1::grade::4 source::rj_start1::grade::4::上
safe,KV000419,safe,[seɪf],[seɪf],安全的,It is safe to wait here.,在这里等是安全的。,4,rj_start1,rj_start1::4年级上,learner::klose::level::4 learner::klose::released source::rj_start1 source::rj_start1::grade::4 source::rj_start1::grade::4::上
stop,KV000420,stop,[stɒp],[stɑːp],停；停止,Stop at the red light.,红灯时停下来。,4,rj_start1,rj_start1::4年级上,learner::klose::level::4 learner::klose::released source::rj_start1 source::rj_start1::grade::4 source::rj_start1::grade::4::上
street,KV000421,street,[striːt],[striːt],街道,Don't run in the street.,不要在街道上跑。,4,rj_start1,rj_start1::4年级上|rj_start1::4年级下,learner::klose::level::4 learner::klose::released source::rj_start1 source::rj_start1::grade::4 source::rj_start1::grade::4::上 source::rj_start1::grade::4::下
safety rule,KV000422,safety rule,,,安全规则,Follow the safety rules.,遵守安全规则。,4,rj_start1,rj_start1::4年级上,learner::klose::level::4 learner::klose::released source::rj_start1 source::rj_start1::grade::4 source::rj_start1::grade::4::上
nurse,KV000423,nurse,[nɜːs],[nɜːrs],护士,The nurse helps sick people.,护士帮助病人。,4,rj_start1,rj_start1::4年级上,learner::klose::level::4 learner::klose::released source::rj_start1 source::rj_start1::grade::4 source::rj_start1::grade::4::上
cook,KV000424,cook,[kʊk],[kʊk],厨师；做饭,My uncle is a cook.,我叔叔是一名厨师。,4,rj_start1,rj_start1::4年级上,learner::klose::level::4 learner::klose::released source::rj_start1 source::rj_start1::grade::4 source::rj_start1::grade::4::上
doctor,KV000425,doctor,[ˈdɒktə(r)],[ˈdɑːktər],医生,The doctor helps sick people.,医生帮助病人。,4,rj_start1,rj_start1::4年级上,learner::klose::level::4 learner::klose::released source::rj_start1 source::rj_start1::grade::4 source::rj_start1::grade::4::上
bus driver,KV000426,bus driver,,,公交车司机,The bus driver drives a bus.,公交车司机开公交车。,4,rj_start1,rj_start1::4年级上,learner::klose::level::4 learner::klose::released source::rj_start1 source::rj_start1::grade::4 source::rj_start1::grade::4::上
police officer,KV000427,police officer,[pəˈliːs ɒfɪsə(r)],[pəˈlis ˈɔfɪsɚ],警察；警官,The police officer helps people.,警察帮助人们。,4,rj_start1,rj_start1::4年级上,learner::klose::level::4 learner::klose::released source::rj_start1 source::rj_start1::grade::4 source::rj_start1::grade::4::上
taxi driver,KV000428,taxi driver,,,出租车司机,My father is a taxi driver.,我爸爸是出租车司机。,4,rj_start1,rj_start1::4年级上,learner::klose::level::4 learner::klose::released source::rj_start1 source::rj_start1::grade::4 source::rj_start1::grade::4::上
farmer,KV000429,farmer,[ˈfɑːmə(r)],[ˈfɑːrmər],农民,The farmer is a worker.,农民是一名劳动者。,4,rj_start1,rj_start1::4年级上,learner::klose::level::4 learner::klose::released source::rj_start1 source::rj_start1::grade::4 source::rj_start1::grade::4::上
worker,KV000430,worker,[ˈwɜːkə(r)],[ˈwɜːrkər],工人,The worker works hard.,工人努力工作。,4,rj_start1,rj_start1::4年级上,learner::klose::level::4 learner::klose::released source::rj_start1 source::rj_start1::grade::4 source::rj_start1::grade::4::上
in the future,KV000431,in the future,,,将来；未来,I want to be a doctor in the future.,我将来想当医生。,4,rj_start1,rj_start1::4年级上,learner::klose::level::4 learner::klose::released source::rj_start1 source::rj_start1::grade::4 source::rj_start1::grade::4::上
great,KV000432,great,[ɡreɪt],[ɡreɪt],很棒的；伟大的,That is a great job.,那是一份很棒的工作。,4,rj_start1,rj_start1::4年级上|rj_start1::5年级上,learner::klose::level::4 learner::klose::released source::rj_start1 source::rj_start1::grade::4 source::rj_start1::grade::4::上 source::rj_start1::grade::5 source::rj_start1::grade::5::上
job,KV000433,job,[dʒɒb],[dʒɑːb],工作；职业,What is your father's job?,你爸爸做什么工作？,4,rj_start1,rj_start1::4年级上,learner::klose::level::4 learner::klose::released source::rj_start1 source::rj_start1::grade::4 source::rj_start1::grade::4::上
sick,KV000434,sick,[sɪk],[sɪk],生病的,The doctor helps sick people.,医生帮助病人。,4,rj_start1,rj_start1::4年级上,learner::klose::level::4 learner::klose::released source::rj_start1 source::rj_start1::grade::4 source::rj_start1::grade::4::上
people,KV000435,people,[ˈpiːp(ə)l],[ˈpiːpl],人们,Many people are here.,许多人在这里。,4,rj_start1,rj_start1::4年级上,learner::klose::level::4 learner::klose::released source::rj_start1 source::rj_start1::grade::4 source::rj_start1::grade::4::上
teach,KV000436,teach,[tiːtʃ],[tiːtʃ],教,Teachers teach children.,老师教孩子们。,4,rj_start1,rj_start1::4年级上|rj_start1::5年级上,learner::klose::level::4 learner::klose::released source::rj_start1 source::rj_start1::grade::4 source::rj_start1::grade::4::上 source::rj_start1::grade::5 source::rj_start1::grade::5::上
just,KV000437,just,[dʒʌst],[dʒʌst],只是；仅仅,I just want to help.,我只是想帮忙。,4,rj_start1,rj_start1::4年级上,learner::klose::level::4 learner::klose::released source::rj_start1 source::rj_start1::grade::4 source::rj_start1::grade::4::上
myself,KV000438,myself,[maɪˈself],[maɪˈself],我自己,I can do it myself.,我可以自己做。,4,rj_start1,rj_start1::4年级上,learner::klose::level::4 learner::klose::released source::rj_start1 source::rj_start1::grade::4 source::rj_start1::grade::4::上
sound,KV000439,sound,[saʊnd],[saʊnd],听起来；声音,That sounds great.,那听起来很棒。,4,rj_start1,rj_start1::4年级上,learner::klose::level::4 learner::klose::released source::rj_start1 source::rj_start1::grade::4 source::rj_start1::grade::4::上
across from,KV000440,across from,,,在……对面,The bank is across from the hotel.,银行在酒店对面。,4,rj_start1,rj_start1::4年级下,learner::klose::level::4 learner::klose::released source::rj_start1 source::rj_start1::grade::4 source::rj_start1::grade::4::下
next to,KV000441,next to,,,紧挨着；在……旁边,The post office is next to the bank.,邮局在银行旁边。,4,rj_start1,rj_start1::4年级下,learner::klose::level::4 learner::klose::released source::rj_start1 source::rj_start1::grade::4 source::rj_start1::grade::4::下
between,KV000442,between,[bɪˈtwiːn],[bɪˈtwiːn],在……之间,The shop is between the bank and hotel.,商店在银行和酒店之间。,4,rj_start1,rj_start1::4年级下,learner::klose::level::4 learner::klose::released source::rj_start1 source::rj_start1::grade::4 source::rj_start1::grade::4::下
restaurant,KV000443,restaurant,[ˈrestrɒnt],[ˈrestrɑːnt; ˈrestərɑːnt],餐馆；饭店,We eat dinner at the restaurant.,我们在餐馆吃晚饭。,4,rj_start1,rj_start1::4年级下,learner::klose::level::4 learner::klose::released source::rj_start1 source::rj_start1::grade::4 source::rj_start1::grade::4::下
post office,KV000444,post office,[ˈpəust ɔfis],[ˈpost ɔfɪs],邮局,I go to the post office.,我去邮局。,4,rj_start1,rj_start1::4年级下,learner::klose::level::4 learner::klose::released source::rj_start1 source::rj_start1::grade::4 source::rj_start1::grade::4::下
bank,KV000445,bank,[bæŋk],[bæŋk],银行,The bank is near the hotel.,银行在酒店附近。,4,rj_start1,rj_start1::4年级下,learner::klose::level::4 learner::klose::released source::rj_start1 source::rj_start1::grade::4 source::rj_start1::grade::4::下
grocery,KV000446,grocery,[ˈɡrəʊsəri],[ˈɡroʊsəri],食品杂货店；杂货店,We buy food at the grocery.,我们在杂货店买食物。,4,rj_start1,rj_start1::4年级下,learner::klose::level::4 learner::klose::released source::rj_start1 source::rj_start1::grade::4 source::rj_start1::grade::4::下
turn left,KV000447,turn left,[tɜ:n left],[tɝ​n lɛft],向左转,Turn left at the crossroads.,在十字路口向左转。,4,rj_start1,rj_start1::4年级下,learner::klose::level::4 learner::klose::released source::rj_start1 source::rj_start1::grade::4 source::rj_start1::grade::4::下
turn right,KV000448,turn right,,,向右转,Turn right at the bank.,在银行那里向右转。,4,rj_start1,rj_start1::4年级下,learner::klose::level::4 learner::klose::released source::rj_start1 source::rj_start1::grade::4 source::rj_start1::grade::4::下
go straight,KV000449,go straight,,,直走,Go straight and turn left.,直走然后左转。,4,rj_start1,rj_start1::4年级下,learner::klose::level::4 learner::klose::released source::rj_start1 source::rj_start1::grade::4 source::rj_start1::grade::4::下
crossroads,KV000450,crossroads,[ˈkrɒsrəʊdz],[ˈkrɔːsroʊdz],十字路口,Turn right at the crossroads.,在十字路口右转。,4,rj_start1,rj_start1::4年级下,learner::klose::level::4 learner::klose::released source::rj_start1 source::rj_start1::grade::4 source::rj_start1::grade::4::下
neighbourhood,KV000451,neighbourhood,[ˈneɪbəhʊd],[ˈneɪbərhʊd],街区；社区,There is a park in my neighbourhood.,我的社区里有一个公园。,4,rj_start1,rj_start1::4年级下,learner::klose::level::4 learner::klose::released source::rj_start1 source::rj_start1::grade::4 source::rj_start1::grade::4::下
send,KV000452,send,[send],[send],发送；寄,I send a card.,我寄一张卡片。,4,rj_start1,rj_start1::4年级下,learner::klose::level::4 learner::klose::released source::rj_start1 source::rj_start1::grade::4 source::rj_start1::grade::4::下
get,KV000453,get,[ɡet],[ɡet],得到；取得,I get a present today.,我今天得到一份礼物。,4,rj_start1,rj_start1::4年级下,learner::klose::level::4 learner::klose::released source::rj_start1 source::rj_start1::grade::4 source::rj_start1::grade::4::下
money,KV000454,money,[ˈmʌni],[ˈmʌni],钱,I have some money.,我有一些钱。,4,rj_start1,rj_start1::4年级下,learner::klose::level::4 learner::klose::released source::rj_start1 source::rj_start1::grade::4 source::rj_start1::grade::4::下
get to,KV000455,get to,,,到达,How can I get to the bank?,我怎样到银行？,4,rj_start1,rj_start1::4年级下,learner::klose::level::4 learner::klose::released source::rj_start1 source::rj_start1::grade::4 source::rj_start1::grade::4::下
before,KV000456,before,[bɪˈfɔː(r)],[bɪˈfɔːr],在……之前,I get up before seven.,我七点前起床。,4,rj_start1,rj_start1::4年级下|rj_start1::5年级下,learner::klose::level::4 learner::klose::released source::rj_start1 source::rj_start1::grade::4 source::rj_start1::grade::4::下 source::rj_start1::grade::5 source::rj_start1::grade::5::下
leave,KV000457,leave,[liːv],[liːv],离开,We leave home at eight.,我们八点离开家。,4,rj_start1,rj_start1::4年级下,learner::klose::level::4 learner::klose::released source::rj_start1 source::rj_start1::grade::4 source::rj_start1::grade::4::下
toy,KV000458,toy,[tɔɪ],[tɔɪ],玩具,This shop sells toys.,这家商店卖玩具。,4,rj_start1,rj_start1::4年级下,learner::klose::level::4 learner::klose::released source::rj_start1 source::rj_start1::grade::4 source::rj_start1::grade::4::下
city,KV000459,city,[ˈsɪti],[ˈsɪti],城市,This city is beautiful.,这座城市很漂亮。,4,rj_start1,rj_start1::4年级下,learner::klose::level::4 learner::klose::released source::rj_start1 source::rj_start1::grade::4 source::rj_start1::grade::4::下
sports centre,KV000460,sports centre,,,体育中心,We play basketball at the sports centre.,我们在体育中心打篮球。,4,rj_start1,rj_start1::4年级下,learner::klose::level::4 learner::klose::released source::rj_start1 source::rj_start1::grade::4 source::rj_start1::grade::4::下
hotel,KV000461,hotel,[həʊˈtel],[hoʊˈtel],酒店；旅馆,We stay at a hotel.,我们住在酒店。,4,rj_start1,rj_start1::4年级下,learner::klose::level::4 learner::klose::released source::rj_start1 source::rj_start1::grade::4 source::rj_start1::grade::4::下
square,KV000462,square,[skweə(r)],[skwer],广场,There are many people in the square.,广场上有很多人。,4,rj_start1,rj_start1::4年级下,learner::klose::level::4 learner::klose::released source::rj_start1 source::rj_start1::grade::4 source::rj_start1::grade::4::下
buy toys,KV000463,buy toys,,,买玩具,We buy toys at the shop.,我们在商店买玩具。,4,rj_start1,rj_start1::4年级下,learner::klose::level::4 learner::klose::released source::rj_start1 source::rj_start1::grade::4 source::rj_start1::grade::4::下
see a film,KV000464,see a film,,,看电影,We see a film at the cinema.,我们在电影院看电影。,4,rj_start1,rj_start1::4年级下,learner::klose::level::4 learner::klose::released source::rj_start1 source::rj_start1::grade::4 source::rj_start1::grade::4::下
go boating,KV000465,go boating,,,去划船,We go boating on the lake.,我们在湖上划船。,4,rj_start1,rj_start1::4年级下,learner::klose::level::4 learner::klose::released source::rj_start1 source::rj_start1::grade::4 source::rj_start1::grade::4::下
busy,KV000466,busy,[ˈbɪzi],[ˈbɪzi],忙的,The street is busy today.,今天街上很繁忙。,4,rj_start1,rj_start1::4年级下,learner::klose::level::4 learner::klose::released source::rj_start1 source::rj_start1::grade::4 source::rj_start1::grade::4::下
station,KV000467,station,[ˈsteɪʃ(ə)n],[ˈsteɪʃn],车站,The station is near the hotel.,车站在酒店附近。,4,rj_start1,rj_start1::4年级下,learner::klose::level::4 learner::klose::released source::rj_start1 source::rj_start1::grade::4 source::rj_start1::grade::4::下
place,KV000468,place,[pleɪs],[pleɪs],地方,This is a beautiful place.,这是一个美丽的地方。,4,rj_start1,rj_start1::4年级下,learner::klose::level::4 learner::klose::released source::rj_start1 source::rj_start1::grade::4 source::rj_start1::grade::4::下
thing,KV000469,thing,[θɪŋ],[θɪŋ],东西；事情,I have many things to do.,我有很多事情要做。,4,rj_start1,rj_start1::4年级下,learner::klose::level::4 learner::klose::released source::rj_start1 source::rj_start1::grade::4 source::rj_start1::grade::4::下
stay,KV000470,stay,[steɪ],[steɪ],停留；待,We stay at home today.,我们今天待在家里。,4,rj_start1,rj_start1::4年级下,learner::klose::level::4 learner::klose::released source::rj_start1 source::rj_start1::grade::4 source::rj_start1::grade::4::下
star,KV000471,star,[stɑː(r)],[stɑːr],星星,We can see many stars.,我们能看到许多星星。,4,rj_start1,rj_start1::4年级下,learner::klose::level::4 learner::klose::released source::rj_start1 source::rj_start1::grade::4 source::rj_start1::grade::4::下
king,KV000472,king,[kɪŋ],[kɪŋ],国王,The king lives in a big house.,国王住在一所大房子里。,4,rj_start1,rj_start1::4年级下,learner::klose::level::4 learner::klose::released source::rj_start1 source::rj_start1::grade::4 source::rj_start1::grade::4::下
central,KV000473,central,[ˈsentrəl],[ˈsentrəl],中心的；中央的,The museum is in the central square.,博物馆在中心广场。,4,rj_start1,rj_start1::4年级下,learner::klose::level::4 learner::klose::released source::rj_start1 source::rj_start1::grade::4 source::rj_start1::grade::4::下
take photos,KV000474,take photos,,,拍照,We take photos at the Great Wall.,我们在长城拍照。,4,rj_start1,rj_start1::4年级下,learner::klose::level::4 learner::klose::released source::rj_start1 source::rj_start1::grade::4 source::rj_start1::grade::4::下
museum,KV000475,museum,[mjuˈziːəm],[mjuˈziːəm],博物馆,We visit the museum today.,我们今天参观博物馆。,4,rj_start1,rj_start1::4年级下,learner::klose::level::4 learner::klose::released source::rj_start1 source::rj_start1::grade::4 source::rj_start1::grade::4::下
dream,KV000476,dream,[driːm],[driːm],梦想,My dream is to travel.,我的梦想是去旅行。,4,rj_start1,rj_start1::4年级下,learner::klose::level::4 learner::klose::released source::rj_start1 source::rj_start1::grade::4 source::rj_start1::grade::4::下
sea,KV000477,sea,[siː],[siː],海,We swim in the sea.,我们在海里游泳。,4,rj_start1,rj_start1::4年级下,learner::klose::level::4 learner::klose::released source::rj_start1 source::rj_start1::grade::4 source::rj_start1::grade::4::下
ski,KV000478,ski,[skiː],[skiː],滑雪,I want to ski in winter.,我想冬天去滑雪。,4,rj_start1,rj_start1::4年级下,learner::klose::level::4 learner::klose::released source::rj_start1 source::rj_start1::grade::4 source::rj_start1::grade::4::下
eat seafood,KV000479,eat seafood,,,吃海鲜,We eat seafood by the sea.,我们在海边吃海鲜。,4,rj_start1,rj_start1::4年级下,learner::klose::level::4 learner::klose::released source::rj_start1 source::rj_start1::grade::4 source::rj_start1::grade::4::下
visit the Mogao Caves,KV000480,visit the Mogao Caves,,,参观莫高窟,We visit the Mogao Caves.,我们参观莫高窟。,4,rj_start1,rj_start1::4年级下,learner::klose::level::4 learner::klose::released source::rj_start1 source::rj_start1::grade::4 source::rj_start1::grade::4::下
West Lake,KV000481,West Lake,,,西湖,West Lake is beautiful.,西湖很美。,4,rj_start1,rj_start1::4年级下,learner::klose::level::4 learner::klose::released source::rj_start1 source::rj_start1::grade::4 source::rj_start1::grade::4::下
row a boat,KV000482,row a boat,,,划船,We row a boat on West Lake.,我们在西湖划船。,4,rj_start1,rj_start1::4年级下,learner::klose::level::4 learner::klose::released source::rj_start1 source::rj_start1::grade::4 source::rj_start1::grade::4::下
the Great Wall,KV000483,the Great Wall,,,长城,We visit the Great Wall.,我们参观长城。,4,rj_start1,rj_start1::4年级下,learner::klose::level::4 learner::klose::released source::rj_start1 source::rj_start1::grade::4 source::rj_start1::grade::4::下
summer vacation,KV000484,summer vacation,,,暑假,We travel in summer vacation.,我们暑假去旅行。,4,rj_start1,rj_start1::4年级下,learner::klose::level::4 learner::klose::released source::rj_start1 source::rj_start1::grade::4 source::rj_start1::grade::4::下
travel,KV000485,travel,[ˈtræv(ə)l],[ˈtrævl],旅行；旅游,I like to travel with my family.,我喜欢和家人旅行。,4,rj_start1,rj_start1::4年级下,learner::klose::level::4 learner::klose::released source::rj_start1 source::rj_start1::grade::4 source::rj_start1::grade::4::下
reading,KV000486,reading,[ˈriːdɪŋ],[ˈriːdɪŋ],阅读；读书,Reading is my hobby.,阅读是我的爱好。,4,rj_start1,rj_start1::4年级下,learner::klose::level::4 learner::klose::released source::rj_start1 source::rj_start1::grade::4 source::rj_start1::grade::4::下
skateboarding,KV000487,skateboarding,[ˈskeɪtbɔːdɪŋ],[ˈskeɪtbɔːrdɪŋ],滑板运动,Skateboarding is my hobby.,滑板运动是我的爱好。,4,rj_start1,rj_start1::4年级下,learner::klose::level::4 learner::klose::released source::rj_start1 source::rj_start1::grade::4 source::rj_start1::grade::4::下
singing,KV000488,singing,[ˈsɪŋɪŋ],[ˈsɪŋɪŋ],唱歌,Singing is my hobby.,唱歌是我的爱好。,4,rj_start1,rj_start1::4年级下,learner::klose::level::4 learner::klose::released source::rj_start1 source::rj_start1::grade::4 source::rj_start1::grade::4::下
dancing,KV000489,dancing,[ˈdɑːnsɪŋ],[ˈdænsɪŋ],跳舞,Dancing is her hobby.,跳舞是她的爱好。,4,rj_start1,rj_start1::4年级下,learner::klose::level::4 learner::klose::released source::rj_start1 source::rj_start1::grade::4 source::rj_start1::grade::4::下
doing jigsaw puzzles,KV000490,doing jigsaw puzzles,,,拼拼图,I like doing jigsaw puzzles.,我喜欢拼拼图。,4,rj_start1,rj_start1::4年级下,learner::klose::level::4 learner::klose::released source::rj_start1 source::rj_start1::grade::4 source::rj_start1::grade::4::下
making models,KV000491,making models,,,做模型,He likes making models.,他喜欢做模型。,4,rj_start1,rj_start1::4年级下,learner::klose::level::4 learner::klose::released source::rj_start1 source::rj_start1::grade::4 source::rj_start1::grade::4::下
collecting erasers,KV000492,collecting erasers,,,收集橡皮,She likes collecting erasers.,她喜欢收集橡皮。,4,rj_start1,rj_start1::4年级下,learner::klose::level::4 learner::klose::released source::rj_start1 source::rj_start1::grade::4 source::rj_start1::grade::4::下
different,KV000493,different,[ˈdɪfrənt],[ˈdɪfrənt],不同的,We have different hobbies.,我们有不同的爱好。,4,rj_start1,rj_start1::4年级下,learner::klose::level::4 learner::klose::released source::rj_start1 source::rj_start1::grade::4 source::rj_start1::grade::4::下
hobby,KV000494,hobby,[ˈhɒbi],[ˈhɑːbi],爱好,Reading is my hobby.,阅读是我的爱好。,4,rj_start1,rj_start1::4年级下,learner::klose::level::4 learner::klose::released source::rj_start1 source::rj_start1::grade::4 source::rj_start1::grade::4::下
stamp,KV000495,stamp,[stæmp],[stæmp],邮票,I like collecting stamps.,我喜欢集邮。,4,rj_start1,rj_start1::4年级下,learner::klose::level::4 learner::klose::released source::rj_start1 source::rj_start1::grade::4 source::rj_start1::grade::4::下
catch,KV000496,catch,[kætʃ],[kætʃ],抓住；捕捉,The cat can catch a fish.,猫能抓到鱼。,4,rj_start1,rj_start1::4年级下,learner::klose::level::4 learner::klose::released source::rj_start1 source::rj_start1::grade::4 source::rj_start1::grade::4::下
go for a picnic,KV000497,go for a picnic,,,去野餐,We go for a picnic on Sunday.,我们星期日去野餐。,4,rj_start1,rj_start1::4年级下,learner::klose::level::4 learner::klose::released source::rj_start1 source::rj_start1::grade::4 source::rj_start1::grade::4::下
play the violin,KV000498,play the violin,,,拉小提琴,She can play the violin.,她会拉小提琴。,4,rj_start1,rj_start1::4年级下,learner::klose::level::4 learner::klose::released source::rj_start1 source::rj_start1::grade::4 source::rj_start1::grade::4::下
go skating,KV000499,go skating,,,去滑冰,We go skating in winter.,我们冬天去滑冰。,4,rj_start1,rj_start1::4年级下,learner::klose::level::4 learner::klose::released source::rj_start1 source::rj_start1::grade::4 source::rj_start1::grade::4::下
go camping,KV000500,go camping,,,去露营,We go camping in summer.,我们夏天去露营。,4,rj_start1,rj_start1::4年级下,learner::klose::level::4 learner::klose::released source::rj_start1 source::rj_start1::grade::4 source::rj_start1::grade::4::下
do the housework,KV000501,do the housework,,,做家务,I help do the housework.,我帮忙做家务。,4,rj_start1,rj_start1::4年级下,learner::klose::level::4 learner::klose::released source::rj_start1 source::rj_start1::grade::4 source::rj_start1::grade::4::下
free,KV000502,free,[friː],[friː],空闲的,Are you free on Sunday?,你星期日有空吗？,4,rj_start1,rj_start1::4年级下,learner::klose::level::4 learner::klose::released source::rj_start1 source::rj_start1::grade::4 source::rj_start1::grade::4::下
never,KV000503,never,[ˈnevə(r)],[ˈnevər],从不；从未,I never play with fire.,我从不玩火。,4,rj_start1,rj_start1::4年级下,learner::klose::level::4 learner::klose::released source::rj_start1 source::rj_start1::grade::4 source::rj_start1::grade::4::下
once a week,KV000504,once a week,,,每周一次,I go swimming once a week.,我每周游泳一次。,4,rj_start1,rj_start1::4年级下,learner::klose::level::4 learner::klose::released source::rj_start1 source::rj_start1::grade::4 source::rj_start1::grade::4::下
twice a week,KV000505,twice a week,,,每周两次,I play basketball twice a week.,我每周打两次篮球。,4,rj_start1,rj_start1::4年级下,learner::klose::level::4 learner::klose::released source::rj_start1 source::rj_start1::grade::4 source::rj_start1::grade::4::下
three times a week,KV000506,three times a week,,,每周三次,I read books three times a week.,我每周读三次书。,4,rj_start1,rj_start1::4年级下,learner::klose::level::4 learner::klose::released source::rj_start1 source::rj_start1::grade::4 source::rj_start1::grade::4::下
Canada,KV000507,Canada,[ˈkænədə],[ˈkænədə],加拿大,Canada is a big country.,加拿大是一个大国。,4,rj_start1,rj_start1::4年级下,learner::klose::level::4 learner::klose::released source::rj_start1 source::rj_start1::grade::4 source::rj_start1::grade::4::下
Australia,KV000508,Australia,[ɒˈstreɪliə],[ɔːˈstreɪliə],澳大利亚,Koalas live in Australia.,考拉生活在澳大利亚。,4,rj_start1,rj_start1::4年级下,learner::klose::level::4 learner::klose::released source::rj_start1 source::rj_start1::grade::4 source::rj_start1::grade::4::下
the UK,KV000509,the UK,,,英国,Big Ben is in the UK.,大本钟在英国。,4,rj_start1,rj_start1::4年级下,learner::klose::level::4 learner::klose::released source::rj_start1 source::rj_start1::grade::4 source::rj_start1::grade::4::下
the USA,KV000510,the USA,,,美国,Disneyland is in the USA.,迪士尼乐园在美国。,4,rj_start1,rj_start1::4年级下,learner::klose::level::4 learner::klose::released source::rj_start1 source::rj_start1::grade::4 source::rj_start1::grade::4::下
China,KV000511,China,[ˈtʃaɪnə],[ˈtʃaɪnə],中国,The Great Wall is in China.,长城在中国。,4,rj_start1,rj_start1::4年级下,learner::klose::level::4 learner::klose::released source::rj_start1 source::rj_start1::grade::4 source::rj_start1::grade::4::下
koala,KV000512,koala,[kəʊˈɑːlə],[koʊˈɑːlə],考拉；树袋熊,The koala is cute.,考拉很可爱。,4,rj_start1,rj_start1::4年级下,learner::klose::level::4 learner::klose::released source::rj_start1 source::rj_start1::grade::4 source::rj_start1::grade::4::下
maple leaves,KV000513,maple leaves,,,枫叶,Maple leaves are beautiful.,枫叶很漂亮。,4,rj_start1,rj_start1::4年级下,learner::klose::level::4 learner::klose::released source::rj_start1 source::rj_start1::grade::4 source::rj_start1::grade::4::下
Big Ben,KV000514,Big Ben,,,大本钟,Big Ben is in the UK.,大本钟在英国。,4,rj_start1,rj_start1::4年级下,learner::klose::level::4 learner::klose::released source::rj_start1 source::rj_start1::grade::4 source::rj_start1::grade::4::下
Disneyland,KV000515,Disneyland,[ˈdɪznilænd],[ˈdɪznilænd],迪士尼乐园,I want to visit Disneyland.,我想参观迪士尼乐园。,4,rj_start1,rj_start1::4年级下,learner::klose::level::4 learner::klose::released source::rj_start1 source::rj_start1::grade::4 source::rj_start1::grade::4::下
campfire,KV000516,campfire,[ˈkæmpfaɪə(r)],[ˈkæmpfaɪər],篝火；营火,We sit by the campfire.,我们坐在篝火旁。,4,rj_start1,rj_start1::4年级下,learner::klose::level::4 learner::klose::released source::rj_start1 source::rj_start1::grade::4 source::rj_start1::grade::4::下
cute,KV000517,cute,[kjuːt],[kjuːt],可爱的,The koala is very cute.,考拉非常可爱。,4,rj_start1,rj_start1::4年级下|rj_start1::5年级上,learner::klose::level::4 learner::klose::released source::rj_start1 source::rj_start1::grade::4 source::rj_start1::grade::4::下 source::rj_start1::grade::5 source::rj_start1::grade::5::上
country,KV000518,country,[ˈkʌntri],[ˈkʌntri],国家,China is my country.,中国是我的国家。,4,rj_start1,rj_start1::4年级下,learner::klose::level::4 learner::klose::released source::rj_start1 source::rj_start1::grade::4 source::rj_start1::grade::4::下
