Word,NoteID,CanonicalWord,British,American,MeaningPrimary,ExampleSentence,ExampleTranslation,LearnerLevel,Sources,SourceBooks,Tags
book,KV000001,book,[bʊk],[bʊk],书；书本,I read a book before bed.,我睡前读一本书。,4,rj_start1,rj_start1::1年级上,learner::klose::level::4 learner::klose::released source::rj_start1 source::rj_start1::grade::1 source::rj_start1::grade::1::上
ruler,KV000002,ruler,[ˈruːlə(r)],[ˈruːlər],尺子,I use a ruler to draw a line.,我用尺子画一条线。,4,rj_start1,rj_start1::1年级上|rj_start1::4年级上,learner::klose::level::4 learner::klose::released source::rj_start1 source::rj_start1::grade::1 source::rj_start1::grade::1::上 source::rj_start1::grade::4 source::rj_start1::grade::4::上
pencil,KV000003,pencil,[ˈpens(ə)l],[ˈpensl],铅笔,I write my name with a pencil.,我用铅笔写自己的名字。,4,rj_start1,rj_start1::1年级上|rj_start1::4年级上,learner::klose::level::4 learner::klose::released source::rj_start1 source::rj_start1::grade::1 source::rj_start1::grade::1::上 source::rj_start1::grade::4 source::rj_start1::grade::4::上
schoolbag,KV000004,schoolbag,[ˈskuːlbæɡ],[ˈskuːlˌbæɡ],书包,My books are in my schoolbag.,我的书在书包里。,4,rj_start1,rj_start1::1年级上|rj_start1::4年级上,learner::klose::level::4 learner::klose::released source::rj_start1 source::rj_start1::grade::1 source::rj_start1::grade::1::上 source::rj_start1::grade::4 source::rj_start1::grade::4::上
teacher,KV000005,teacher,[ˈtiːtʃə(r)],[ˈtiːtʃər],老师,Our teacher reads stories to us.,我们的老师给我们读故事。,4,rj_start1,rj_start1::1年级上|rj_start1::4年级上,learner::klose::level::4 learner::klose::released source::rj_start1 source::rj_start1::grade::1 source::rj_start1::grade::1::上 source::rj_start1::grade::4 source::rj_start1::grade::4::上
I,KV000006,I,[aɪ],[aɪ],我,I usually walk to school with Dad.,我通常和爸爸一起走路上学。,4,rj_start1,rj_start1::1年级上,learner::klose::level::4 learner::klose::released source::rj_start1 source::rj_start1::grade::1 source::rj_start1::grade::1::上
have,KV000007,have,[həv],[həv; əv; hæv],有,We have English class on Monday.,我们星期一有英语课。,4,rj_start1,rj_start1::1年级上,learner::klose::level::4 learner::klose::released source::rj_start1 source::rj_start1::grade::1 source::rj_start1::grade::1::上
a,KV000008,a,[ə],[ə; eɪ],一；一个,I saw a bird in the tree.,我看到树上有一只鸟。,4,rj_start1,rj_start1::1年级上,learner::klose::level::4 learner::klose::released source::rj_start1 source::rj_start1::grade::1 source::rj_start1::grade::1::上
an,KV000009,an,[ən],[ən; æn],一；一个,She has an orange in her bag.,她的包里有一个橙子。,4,rj_start1,rj_start1::1年级上,learner::klose::level::4 learner::klose::released source::rj_start1 source::rj_start1::grade::1 source::rj_start1::grade::1::上
face,KV000010,face,[feɪs],[feɪs],脸；面部,Wash your face before breakfast.,早饭前洗脸。,4,rj_start1,rj_start1::1年级上|rj_start1::3年级上,learner::klose::level::4 learner::klose::released source::rj_start1 source::rj_start1::grade::1 source::rj_start1::grade::1::上 source::rj_start1::grade::3 source::rj_start1::grade::3::上
ear,KV000011,ear,[ɪə(r)],[ɪr],耳朵,My left ear hurts today.,我今天左耳疼。,4,rj_start1,rj_start1::1年级上|rj_start1::3年级上,learner::klose::level::4 learner::klose::released source::rj_start1 source::rj_start1::grade::1 source::rj_start1::grade::1::上 source::rj_start1::grade::3 source::rj_start1::grade::3::上
eye,KV000012,eye,[aɪ],[aɪ],眼睛,Close your eyes for a minute.,闭上眼睛一分钟。,4,rj_start1,rj_start1::1年级上|rj_start1::3年级上,learner::klose::level::4 learner::klose::released source::rj_start1 source::rj_start1::grade::1 source::rj_start1::grade::1::上 source::rj_start1::grade::3 source::rj_start1::grade::3::上
nose,KV000013,nose,[nəʊz],[noʊz],鼻子,My nose feels cold in winter.,冬天我的鼻子感觉很冷。,4,rj_start1,rj_start1::1年级上|rj_start1::3年级上,learner::klose::level::4 learner::klose::released source::rj_start1 source::rj_start1::grade::1 source::rj_start1::grade::1::上 source::rj_start1::grade::3 source::rj_start1::grade::3::上
mouth,KV000014,mouth,[maʊθ],[maʊθ],嘴；口,Please open your mouth and say Ah.,请张开嘴说“啊”。,4,rj_start1,rj_start1::1年级上|rj_start1::3年级上,learner::klose::level::4 learner::klose::released source::rj_start1 source::rj_start1::grade::1 source::rj_start1::grade::1::上 source::rj_start1::grade::3 source::rj_start1::grade::3::上
this,KV000015,this,[ðɪs],[ðɪs],这；这个,This book is more interesting than that one.,这本书比那本更有趣。,4,rj_start1,rj_start1::1年级上,learner::klose::level::4 learner::klose::released source::rj_start1 source::rj_start1::grade::1 source::rj_start1::grade::1::上
is,KV000016,is,[ɪz],[ɪz],是,My classroom is on the second floor.,我的教室在二楼。,4,rj_start1,rj_start1::1年级上,learner::klose::level::4 learner::klose::released source::rj_start1 source::rj_start1::grade::1 source::rj_start1::grade::1::上
my,KV000017,my,[maɪ],[maɪ],我的,My sister and I walk to school together.,我和妹妹一起走路上学。,4,rj_start1,rj_start1::1年级上|rj_start1::3年级上,learner::klose::level::4 learner::klose::released source::rj_start1 source::rj_start1::grade::1 source::rj_start1::grade::1::上 source::rj_start1::grade::3 source::rj_start1::grade::3::上
dog,KV000018,dog,[dɒɡ],[dɔːɡ],狗,The dog is playing with a ball outside.,那只狗正在外面玩球。,4,rj_start1,rj_start1::1年级上|rj_start1::3年级上,learner::klose::level::4 learner::klose::released source::rj_start1 source::rj_start1::grade::1 source::rj_start1::grade::1::上 source::rj_start1::grade::3 source::rj_start1::grade::3::上
bird,KV000019,bird,[bɜːd],[bɜːrd],鸟,A small bird is sitting in the tree.,一只小鸟正停在树上。,4,rj_start1,rj_start1::1年级上|rj_start1::3年级上|rj_start1::6年级上,learner::klose::level::4 learner::klose::released source::rj_start1 source::rj_start1::grade::1 source::rj_start1::grade::1::上 source::rj_start1::grade::3 source::rj_start1::grade::3::上 source::rj_start1::grade::6 source::rj_start1::grade::6::上
tiger,KV000020,tiger,[ˈtaɪɡə(r)],[ˈtaɪɡər],老虎,We saw a tiger at the zoo last Sunday.,上星期日我们在动物园看见了一只老虎。,4,rj_start1,rj_start1::1年级上|rj_start1::3年级上,learner::klose::level::4 learner::klose::released source::rj_start1 source::rj_start1::grade::1 source::rj_start1::grade::1::上 source::rj_start1::grade::3 source::rj_start1::grade::3::上
monkey,KV000021,monkey,[ˈmʌŋki],[ˈmʌŋki],猴子,The monkey climbed up the tree quickly.,那只猴子很快爬上了树。,4,rj_start1,rj_start1::1年级上|rj_start1::3年级上,learner::klose::level::4 learner::klose::released source::rj_start1 source::rj_start1::grade::1 source::rj_start1::grade::1::上 source::rj_start1::grade::3 source::rj_start1::grade::3::上
cat,KV000022,cat,[kæt],[kæt],猫,My cat sleeps under the chair every afternoon.,我的猫每天下午都睡在椅子下面。,4,rj_start1,rj_start1::1年级上|rj_start1::3年级上,learner::klose::level::4 learner::klose::released source::rj_start1 source::rj_start1::grade::1 source::rj_start1::grade::1::上 source::rj_start1::grade::3 source::rj_start1::grade::3::上
what,KV000023,what,[wɒt],[wʌt],什么,What is this?,这是什么？,4,rj_start1,rj_start1::1年级上,learner::klose::level::4 learner::klose::released source::rj_start1 source::rj_start1::grade::1 source::rj_start1::grade::1::上
it,KV000024,it,[ɪt],[ɪt],它,"I found a pencil, and it is yours.",我找到一支铅笔，它是你的。,4,rj_start1,rj_start1::1年级上,learner::klose::level::4 learner::klose::released source::rj_start1 source::rj_start1::grade::1 source::rj_start1::grade::1::上
one,KV000025,one,[wʌn],[wʌn],一；一个,There is one apple left on the plate.,盘子里还剩一个苹果。,4,rj_start1,rj_start1::1年级上,learner::klose::level::4 learner::klose::released source::rj_start1 source::rj_start1::grade::1 source::rj_start1::grade::1::上
two,KV000026,two,[tuː],[tuː],二；两个,We have two English classes today.,我们今天有两节英语课。,4,rj_start1,rj_start1::1年级上,learner::klose::level::4 learner::klose::released source::rj_start1 source::rj_start1::grade::1 source::rj_start1::grade::1::上
three,KV000027,three,[θriː],[θriː],三；三个,Three students are reading in the library.,三个学生正在图书馆读书。,4,rj_start1,rj_start1::1年级上,learner::klose::level::4 learner::klose::released source::rj_start1 source::rj_start1::grade::1 source::rj_start1::grade::1::上
four,KV000028,four,[fɔː(r)],[fɔːr],四；四个,Our classroom has four big windows.,我们的教室有四扇大窗户。,4,rj_start1,rj_start1::1年级上,learner::klose::level::4 learner::klose::released source::rj_start1 source::rj_start1::grade::1 source::rj_start1::grade::1::上
five,KV000029,five,[faɪv],[faɪv],五；五个,The bus leaves at five o'clock.,公交车五点出发。,4,rj_start1,rj_start1::1年级上,learner::klose::level::4 learner::klose::released source::rj_start1 source::rj_start1::grade::1 source::rj_start1::grade::1::上
six,KV000030,six,[sɪks],[sɪks],六；六个,I get up at six on school days.,上学日我六点起床。,4,rj_start1,rj_start1::1年级上,learner::klose::level::4 learner::klose::released source::rj_start1 source::rj_start1::grade::1 source::rj_start1::grade::1::上
seven,KV000031,seven,[ˈsev(ə)n],[ˈsev(ə)n],七；七个,There are seven days in a week.,一周有七天。,4,rj_start1,rj_start1::1年级上,learner::klose::level::4 learner::klose::released source::rj_start1 source::rj_start1::grade::1 source::rj_start1::grade::1::上
eight,KV000032,eight,[eɪt],[eɪt],八；八个,Our first class starts at eight.,我们的第一节课八点开始。,4,rj_start1,rj_start1::1年级上,learner::klose::level::4 learner::klose::released source::rj_start1 source::rj_start1::grade::1 source::rj_start1::grade::1::上
nine,KV000033,nine,[naɪn],[naɪn],九；九个,I go to bed before nine.,我九点前上床睡觉。,4,rj_start1,rj_start1::1年级上,learner::klose::level::4 learner::klose::released source::rj_start1 source::rj_start1::grade::1 source::rj_start1::grade::1::上
ten,KV000034,ten,[ten],[ten],十；十个,Ten students joined the school club.,十名学生参加了学校社团。,4,rj_start1,rj_start1::1年级上,learner::klose::level::4 learner::klose::released source::rj_start1 source::rj_start1::grade::1 source::rj_start1::grade::1::上
how,KV000035,how,[haʊ],[haʊ],怎样；多少,How many books?,有多少本书？,4,rj_start1,rj_start1::1年级上,learner::klose::level::4 learner::klose::released source::rj_start1 source::rj_start1::grade::1 source::rj_start1::grade::1::上
many,KV000036,many,[ˈmeni],[ˈmeni],许多；多少（how many）,How many apples?,有多少个苹果？,4,rj_start1,rj_start1::1年级上,learner::klose::level::4 learner::klose::released source::rj_start1 source::rj_start1::grade::1 source::rj_start1::grade::1::上
are,KV000037,are,[ɑ:(r)],[ər; ɑːr; er],是,There are two books.,有两本书。,4,rj_start1,rj_start1::1年级上,learner::klose::level::4 learner::klose::released source::rj_start1 source::rj_start1::grade::1 source::rj_start1::grade::1::上
there,KV000038,there,[ðeə(r)],[ðer],那里；有（there be）,There are three cats.,有三只猫。,4,rj_start1,rj_start1::1年级上,learner::klose::level::4 learner::klose::released source::rj_start1 source::rj_start1::grade::1 source::rj_start1::grade::1::上
black,KV000039,black,[blæk],[blæk],黑色；黑色的,The cat is black.,这只猫是黑色的。,4,rj_start1,rj_start1::1年级上,learner::klose::level::4 learner::klose::released source::rj_start1 source::rj_start1::grade::1 source::rj_start1::grade::1::上
yellow,KV000040,yellow,[ˈjeləʊ],[ˈjeloʊ],黄色；黄色的,The banana is yellow.,香蕉是黄色的。,4,rj_start1,rj_start1::1年级上,learner::klose::level::4 learner::klose::released source::rj_start1 source::rj_start1::grade::1 source::rj_start1::grade::1::上
blue,KV000041,blue,[bluː],[bluː],蓝色；蓝色的,The schoolbag is blue.,书包是蓝色的。,4,rj_start1,rj_start1::1年级上,learner::klose::level::4 learner::klose::released source::rj_start1 source::rj_start1::grade::1 source::rj_start1::grade::1::上
red,KV000042,red,[red],[red],红色；红色的,The apple is red.,苹果是红色的。,4,rj_start1,rj_start1::1年级上|rj_start1::4年级上,learner::klose::level::4 learner::klose::released source::rj_start1 source::rj_start1::grade::1 source::rj_start1::grade::1::上 source::rj_start1::grade::4 source::rj_start1::grade::4::上
green,KV000043,green,[ɡriːn],[ɡriːn],绿色；绿色的,The book is green.,这本书是绿色的。,4,rj_start1,rj_start1::1年级上|rj_start1::4年级上,learner::klose::level::4 learner::klose::released source::rj_start1 source::rj_start1::grade::1 source::rj_start1::grade::1::上 source::rj_start1::grade::4 source::rj_start1::grade::4::上
colour,KV000044,colour,[ˈkʌlə(r)],[ˈkʌlər],颜色,What colour is it?,它是什么颜色？,4,rj_start1,rj_start1::1年级上,learner::klose::level::4 learner::klose::released source::rj_start1 source::rj_start1::grade::1 source::rj_start1::grade::1::上
apple,KV000045,apple,[ˈæp(ə)l],[ˈæpl],苹果,I usually eat an apple after lunch.,我通常午饭后吃一个苹果。,4,rj_start1,rj_start1::1年级上|rj_start1::4年级上,learner::klose::level::4 learner::klose::released source::rj_start1 source::rj_start1::grade::1 source::rj_start1::grade::1::上 source::rj_start1::grade::4 source::rj_start1::grade::4::上
pear,KV000046,pear,[peə(r)],[per],梨,Dad bought some pears at the market.,爸爸在市场买了一些梨。,4,rj_start1,rj_start1::1年级上,learner::klose::level::4 learner::klose::released source::rj_start1 source::rj_start1::grade::1 source::rj_start1::grade::1::上
banana,KV000047,banana,[bəˈnɑːnə],[bəˈnænə],香蕉,I put a banana in my lunch box.,我在午餐盒里放了一根香蕉。,4,rj_start1,rj_start1::1年级上,learner::klose::level::4 learner::klose::released source::rj_start1 source::rj_start1::grade::1 source::rj_start1::grade::1::上
orange,KV000048,orange,[ˈɒrɪndʒ],[ˈɔrɪndʒ],橙子；橙色,We shared an orange after PE class.,体育课后我们分吃了一个橙子。,4,rj_start1,rj_start1::1年级上,learner::klose::level::4 learner::klose::released source::rj_start1 source::rj_start1::grade::1 source::rj_start1::grade::1::上
do,KV000049,do,[duː; də; du; dəʊ],[duː; də; du; doʊ],助动词（用于疑问句）,Do you like apples?,你喜欢苹果吗？,4,rj_start1,rj_start1::1年级上,learner::klose::level::4 learner::klose::released source::rj_start1 source::rj_start1::grade::1 source::rj_start1::grade::1::上
you,KV000050,you,[ju],[juː; jə],你；你们,Do you like cats?,你喜欢猫吗？,4,rj_start1,rj_start1::1年级上,learner::klose::level::4 learner::klose::released source::rj_start1 source::rj_start1::grade::1 source::rj_start1::grade::1::上
like,KV000051,like,[laɪk],[laɪk],喜欢,I like reading books on rainy days.,我喜欢在下雨天读书。,4,rj_start1,rj_start1::1年级上,learner::klose::level::4 learner::klose::released source::rj_start1 source::rj_start1::grade::1 source::rj_start1::grade::1::上
yes,KV000052,yes,[jes],[jes],是的；对,Yes I do.,是的，我喜欢。,4,rj_start1,rj_start1::1年级上,learner::klose::level::4 learner::klose::released source::rj_start1 source::rj_start1::grade::1 source::rj_start1::grade::1::上
no,KV000053,no,[nəʊ],[noʊ],不；不是,No I don't.,不，我不喜欢。,4,rj_start1,rj_start1::1年级上,learner::klose::level::4 learner::klose::released source::rj_start1 source::rj_start1::grade::1 source::rj_start1::grade::1::上
chair,KV000054,chair,[tʃeə(r)],[tʃer],椅子,The book is on the chair.,书在椅子上。,4,rj_start1,rj_start1::1年级下|rj_start1::3年级下,learner::klose::level::4 learner::klose::released source::rj_start1 source::rj_start1::grade::1 source::rj_start1::grade::1::下 source::rj_start1::grade::3 source::rj_start1::grade::3::下
desk,KV000055,desk,[desk],[desk],课桌；书桌,The pencil is on the desk.,铅笔在桌子上。,4,rj_start1,rj_start1::1年级下|rj_start1::3年级下,learner::klose::level::4 learner::klose::released source::rj_start1 source::rj_start1::grade::1 source::rj_start1::grade::1::下 source::rj_start1::grade::3 source::rj_start1::grade::3::下
blackboard,KV000056,blackboard,[ˈblækbɔːd],[ˈblækbɔːrd],黑板,The blackboard is black.,黑板是黑色的。,4,rj_start1,rj_start1::1年级下|rj_start1::3年级下,learner::klose::level::4 learner::klose::released source::rj_start1 source::rj_start1::grade::1 source::rj_start1::grade::1::下 source::rj_start1::grade::3 source::rj_start1::grade::3::下
on,KV000057,on,[ɒn],[ɑːn],在……上面,The book is on the desk.,书在桌子上。,4,rj_start1,rj_start1::1年级下,learner::klose::level::4 learner::klose::released source::rj_start1 source::rj_start1::grade::1 source::rj_start1::grade::1::下
under,KV000058,under,[ˈʌndə(r)],[ˈʌndər],在……下面,The cat is under the desk.,猫在桌子下面。,4,rj_start1,rj_start1::1年级下,learner::klose::level::4 learner::klose::released source::rj_start1 source::rj_start1::grade::1 source::rj_start1::grade::1::下
in,KV000059,in,[ɪn],[ɪn],在……里面,The pencil is in the box.,铅笔在盒子里。,4,rj_start1,rj_start1::1年级下,learner::klose::level::4 learner::klose::released source::rj_start1 source::rj_start1::grade::1 source::rj_start1::grade::1::下
where,KV000060,where,[weə(r)],[wer],哪里,Where is my book?,我的书在哪里？,4,rj_start1,rj_start1::1年级下,learner::klose::level::4 learner::klose::released source::rj_start1 source::rj_start1::grade::1 source::rj_start1::grade::1::下
the,KV000061,the,[ðə],[ðə; ði; ðiː],这；那（定冠词）,The book is on the desk.,这本书在桌子上。,4,rj_start1,rj_start1::1年级下,learner::klose::level::4 learner::klose::released source::rj_start1 source::rj_start1::grade::1 source::rj_start1::grade::1::下
light,KV000062,light,[laɪt],[laɪt],灯,The light is on.,灯亮着。,4,rj_start1,rj_start1::1年级下|rj_start1::3年级下,learner::klose::level::4 learner::klose::released source::rj_start1 source::rj_start1::grade::1 source::rj_start1::grade::1::下 source::rj_start1::grade::3 source::rj_start1::grade::3::下
bed,KV000063,bed,[bed],[bed],床,The cat is on the bed.,猫在床上。,4,rj_start1,rj_start1::1年级下|rj_start1::3年级下,learner::klose::level::4 learner::klose::released source::rj_start1 source::rj_start1::grade::1 source::rj_start1::grade::1::下 source::rj_start1::grade::3 source::rj_start1::grade::3::下
door,KV000064,door,[dɔː(r)],[dɔːr],门,The door is near the bed.,门在床附近。,4,rj_start1,rj_start1::1年级下|rj_start1::3年级下,learner::klose::level::4 learner::klose::released source::rj_start1 source::rj_start1::grade::1 source::rj_start1::grade::1::下 source::rj_start1::grade::3 source::rj_start1::grade::3::下
box,KV000065,box,[bɒks],[bɑːks],盒子；箱子,The pencil is in the box.,铅笔在盒子里。,4,rj_start1,rj_start1::1年级下|rj_start1::3年级下,learner::klose::level::4 learner::klose::released source::rj_start1 source::rj_start1::grade::1 source::rj_start1::grade::1::下 source::rj_start1::grade::3 source::rj_start1::grade::3::下
near,KV000066,near,[nɪə(r)],[nɪr],在……附近,The chair is near the desk.,椅子在桌子附近。,4,rj_start1,rj_start1::1年级下|rj_start1::4年级上,learner::klose::level::4 learner::klose::released source::rj_start1 source::rj_start1::grade::1 source::rj_start1::grade::1::下 source::rj_start1::grade::4 source::rj_start1::grade::4::上
behind,KV000067,behind,[bɪˈhaɪnd],[bɪˈhaɪnd],在……后面,The ball is behind the box.,球在盒子后面。,4,rj_start1,rj_start1::1年级下,learner::klose::level::4 learner::klose::released source::rj_start1 source::rj_start1::grade::1 source::rj_start1::grade::1::下
plane,KV000068,plane,[pleɪn],[pleɪn],飞机,We went to Beijing by plane last summer.,去年夏天我们坐飞机去了北京。,4,rj_start1,rj_start1::1年级下,learner::klose::level::4 learner::klose::released source::rj_start1 source::rj_start1::grade::1 source::rj_start1::grade::1::下
ball,KV000069,ball,[bɔːl],[bɔːl],球,The children are playing with a ball outside.,孩子们正在外面玩球。,4,rj_start1,rj_start1::1年级下|rj_start1::4年级下,learner::klose::level::4 learner::klose::released source::rj_start1 source::rj_start1::grade::1 source::rj_start1::grade::1::下 source::rj_start1::grade::4 source::rj_start1::grade::4::下
doll,KV000070,doll,[dɒl],[dɑːl],玩具娃娃,My little sister keeps her doll on the bed.,我的妹妹把她的玩偶放在床上。,4,rj_start1,rj_start1::1年级下,learner::klose::level::4 learner::klose::released source::rj_start1 source::rj_start1::grade::1 source::rj_start1::grade::1::下
train,KV000071,train,[treɪn],[treɪn],火车,We took a train to visit my grandparents.,我们坐火车去看望祖父母。,4,rj_start1,rj_start1::1年级下,learner::klose::level::4 learner::klose::released source::rj_start1 source::rj_start1::grade::1 source::rj_start1::grade::1::下
car,KV000072,car,[kɑː(r)],[kɑːr],小汽车；汽车,Dad drives us to the park by car.,爸爸开车带我们去公园。,4,rj_start1,rj_start1::1年级下,learner::klose::level::4 learner::klose::released source::rj_start1 source::rj_start1::grade::1 source::rj_start1::grade::1::下
bear,KV000073,bear,[beə(r)],[ber],熊,We saw a brown bear in the picture book.,我们在图画书里看到一只棕熊。,4,rj_start1,rj_start1::1年级下,learner::klose::level::4 learner::klose::released source::rj_start1 source::rj_start1::grade::1 source::rj_start1::grade::1::下
can,KV000074,can,[kən; kæn],[kən; kæn],能；会；可以,I can finish my homework by myself.,我能自己完成作业。,4,rj_start1,rj_start1::1年级下,learner::klose::level::4 learner::klose::released source::rj_start1 source::rj_start1::grade::1 source::rj_start1::grade::1::下
sure,KV000075,sure,[ʃʊə(r)],[ʃʊr],当然；可以,Sure you can.,当然可以。,4,rj_start1,rj_start1::1年级下,learner::klose::level::4 learner::klose::released source::rj_start1 source::rj_start1::grade::1 source::rj_start1::grade::1::下
sorry,KV000076,sorry,[ˈsɒri],[ˈsɑːri],对不起；抱歉,I am sorry.,我很抱歉。,4,rj_start1,rj_start1::1年级下,learner::klose::level::4 learner::klose::released source::rj_start1 source::rj_start1::grade::1 source::rj_start1::grade::1::下
rice,KV000077,rice,[raɪs],[raɪs],米饭,We usually eat rice with vegetables.,我们通常把米饭和蔬菜一起吃。,4,rj_start1,rj_start1::1年级下|rj_start1::3年级上,learner::klose::level::4 learner::klose::released source::rj_start1 source::rj_start1::grade::1 source::rj_start1::grade::1::下 source::rj_start1::grade::3 source::rj_start1::grade::3::上
noodles,KV000078,noodles,[ˈnuːd(ə)lz],[ˈnuːd(ə)lz],面条,I had noodles for dinner yesterday.,我昨天晚饭吃了面条。,4,rj_start1,rj_start1::1年级下|rj_start1::3年级上,learner::klose::level::4 learner::klose::released source::rj_start1 source::rj_start1::grade::1 source::rj_start1::grade::1::下 source::rj_start1::grade::3 source::rj_start1::grade::3::上
vegetable,KV000079,vegetable,[ˈvedʒtəb(ə)l],[ˈvedʒtəbl],蔬菜,Eating more vegetables is good for us.,多吃蔬菜对我们有好处。,4,rj_start1,rj_start1::1年级下,learner::klose::level::4 learner::klose::released source::rj_start1 source::rj_start1::grade::1 source::rj_start1::grade::1::下
fish,KV000080,fish,[fɪʃ],[fɪʃ],鱼；鱼肉,We had fish and rice for lunch.,我们午饭吃了鱼和米饭。,4,rj_start1,rj_start1::1年级下|rj_start1::3年级上|rj_start1::6年级上,learner::klose::level::4 learner::klose::released source::rj_start1 source::rj_start1::grade::1 source::rj_start1::grade::1::下 source::rj_start1::grade::3 source::rj_start1::grade::3::上 source::rj_start1::grade::6 source::rj_start1::grade::6::上
chicken,KV000081,chicken,[ˈtʃɪkɪn],[ˈtʃɪkɪn],鸡肉,My mother cooked chicken for dinner.,妈妈晚饭做了鸡肉。,4,rj_start1,rj_start1::1年级下|rj_start1::3年级上,learner::klose::level::4 learner::klose::released source::rj_start1 source::rj_start1::grade::1 source::rj_start1::grade::1::下 source::rj_start1::grade::3 source::rj_start1::grade::3::上
egg,KV000082,egg,[eɡ],[eɡ],鸡蛋；蛋,I had an egg and some milk for breakfast.,我早饭吃了一个鸡蛋，还喝了些牛奶。,4,rj_start1,rj_start1::1年级下|rj_start1::3年级上,learner::klose::level::4 learner::klose::released source::rj_start1 source::rj_start1::grade::1 source::rj_start1::grade::1::下 source::rj_start1::grade::3 source::rj_start1::grade::3::上
hungry,KV000083,hungry,[ˈhʌŋɡri],[ˈhʌŋɡri],饿的；饥饿的,I am hungry.,我饿了。,4,rj_start1,rj_start1::1年级下,learner::klose::level::4 learner::klose::released source::rj_start1 source::rj_start1::grade::1 source::rj_start1::grade::1::下
want,KV000084,want,[wɒnt],[wɑːnt],想要,I want some rice.,我想要一些米饭。,4,rj_start1,rj_start1::1年级下,learner::klose::level::4 learner::klose::released source::rj_start1 source::rj_start1::grade::1 source::rj_start1::grade::1::下
and,KV000085,and,[ənd],[ənd; ən; n; ænd],和；并且,I packed a book and a pencil in my bag.,我把一本书和一支铅笔装进包里。,4,rj_start1,rj_start1::1年级下,learner::klose::level::4 learner::klose::released source::rj_start1 source::rj_start1::grade::1 source::rj_start1::grade::1::下
juice,KV000086,juice,[dʒuːs],[dʒuːs],果汁,I want some juice.,我想喝一些果汁。,4,rj_start1,rj_start1::1年级下,learner::klose::level::4 learner::klose::released source::rj_start1 source::rj_start1::grade::1 source::rj_start1::grade::1::下
tea,KV000087,tea,[tiː],[tiː],茶,I want some tea.,我想喝一些茶。,4,rj_start1,rj_start1::1年级下,learner::klose::level::4 learner::klose::released source::rj_start1 source::rj_start1::grade::1 source::rj_start1::grade::1::下
milk,KV000088,milk,[mɪlk],[mɪlk],牛奶,I drink a glass of milk every morning.,我每天早晨喝一杯牛奶。,4,rj_start1,rj_start1::1年级下,learner::klose::level::4 learner::klose::released source::rj_start1 source::rj_start1::grade::1 source::rj_start1::grade::1::下
water,KV000089,water,[ˈwɔːtə(r)],[ˈwɔːtər],水,I want some water.,我想喝一些水。,4,rj_start1,rj_start1::1年级下,learner::klose::level::4 learner::klose::released source::rj_start1 source::rj_start1::grade::1 source::rj_start1::grade::1::下
thirsty,KV000090,thirsty,[ˈθɜːsti],[ˈθɜːrsti],口渴的,I am thirsty.,我渴了。,4,rj_start1,rj_start1::1年级下,learner::klose::level::4 learner::klose::released source::rj_start1 source::rj_start1::grade::1 source::rj_start1::grade::1::下
thanks,KV000091,thanks,[θæŋks],[θæŋks],谢谢,Thanks for the water.,谢谢你的水。,4,rj_start1,rj_start1::1年级下,learner::klose::level::4 learner::klose::released source::rj_start1 source::rj_start1::grade::1 source::rj_start1::grade::1::下
shirt,KV000092,shirt,[ʃɜːt],[ʃɜːrt],衬衫,I wore a blue shirt to school today.,我今天穿了一件蓝色衬衫去学校。,4,rj_start1,rj_start1::1年级下|rj_start1::3年级上,learner::klose::level::4 learner::klose::released source::rj_start1 source::rj_start1::grade::1 source::rj_start1::grade::1::下 source::rj_start1::grade::3 source::rj_start1::grade::3::上
T-shirt,KV000093,T-shirt,[ˈtiː ʃɜːt],[ˈtiː ʃɜːrt],T恤衫,This T-shirt is too small for me now.,这件T恤现在对我来说太小了。,4,rj_start1,rj_start1::1年级下|rj_start1::3年级上,learner::klose::level::4 learner::klose::released source::rj_start1 source::rj_start1::grade::1 source::rj_start1::grade::1::下 source::rj_start1::grade::3 source::rj_start1::grade::3::上
skirt,KV000094,skirt,[skɜːt],[skɜːrt],短裙；裙子,She wore a red skirt to the party.,她穿着一条红裙子去参加聚会。,4,rj_start1,rj_start1::1年级下|rj_start1::3年级上,learner::klose::level::4 learner::klose::released source::rj_start1 source::rj_start1::grade::1 source::rj_start1::grade::1::下 source::rj_start1::grade::3 source::rj_start1::grade::3::上
dress,KV000095,dress,[dres],[dres],连衣裙,My sister chose a yellow dress for the show.,我妹妹为演出选了一条黄色连衣裙。,4,rj_start1,rj_start1::1年级下|rj_start1::3年级上,learner::klose::level::4 learner::klose::released source::rj_start1 source::rj_start1::grade::1 source::rj_start1::grade::1::下 source::rj_start1::grade::3 source::rj_start1::grade::3::上
socks,KV000096,socks,[sɒks],[sɑːks],袜子,These are my socks.,这是我的袜子。,4,rj_start1,rj_start1::1年级下|rj_start1::3年级上,learner::klose::level::4 learner::klose::released source::rj_start1 source::rj_start1::grade::1 source::rj_start1::grade::1::下 source::rj_start1::grade::3 source::rj_start1::grade::3::上
shorts,KV000097,shorts,[ʃɔːts],[ʃɔːrts],短裤,These are my shorts.,这是我的短裤。,4,rj_start1,rj_start1::1年级下|rj_start1::3年级上,learner::klose::level::4 learner::klose::released source::rj_start1 source::rj_start1::grade::1 source::rj_start1::grade::1::下 source::rj_start1::grade::3 source::rj_start1::grade::3::上
your,KV000098,your,[jɔː(r); jə(r)],[jʊr; jər],你的；你们的,Is this your book?,这是你的书吗？,4,rj_start1,rj_start1::1年级下|rj_start1::3年级上,learner::klose::level::4 learner::klose::released source::rj_start1 source::rj_start1::grade::1 source::rj_start1::grade::1::下 source::rj_start1::grade::3 source::rj_start1::grade::3::上
father,KV000099,father,[ˈfɑːðə(r)],[ˈfɑːðər],爸爸；父亲,My father is tall.,我爸爸很高。,4,rj_start1,rj_start1::2年级上|rj_start1::3年级下|rj_start1::4年级上,learner::klose::level::4 learner::klose::released source::rj_start1 source::rj_start1::grade::2 source::rj_start1::grade::2::上 source::rj_start1::grade::3 source::rj_start1::grade::3::下 source::rj_start1::grade::4 source::rj_start1::grade::4::上
mother,KV000100,mother,[ˈmʌðə(r)],[ˈmʌðər],妈妈；母亲,My mother is pretty.,我妈妈很漂亮。,4,rj_start1,rj_start1::2年级上|rj_start1::3年级下,learner::klose::level::4 learner::klose::released source::rj_start1 source::rj_start1::grade::2 source::rj_start1::grade::2::上 source::rj_start1::grade::3 source::rj_start1::grade::3::下
brother,KV000101,brother,[ˈbrʌðə(r)],[ˈbrʌðər],兄弟；哥哥；弟弟,He is my brother.,他是我的兄弟。,4,rj_start1,rj_start1::2年级上|rj_start1::3年级下,learner::klose::level::4 learner::klose::released source::rj_start1 source::rj_start1::grade::2 source::rj_start1::grade::2::上 source::rj_start1::grade::3 source::rj_start1::grade::3::下
sister,KV000102,sister,[ˈsɪstə(r)],[ˈsɪstər],姐妹；姐姐；妹妹,She is my sister.,她是我的姐妹。,4,rj_start1,rj_start1::2年级上|rj_start1::3年级下,learner::klose::level::4 learner::klose::released source::rj_start1 source::rj_start1::grade::2 source::rj_start1::grade::2::上 source::rj_start1::grade::3 source::rj_start1::grade::3::下
grandmother,KV000103,grandmother,[ˈɡrænmʌðə(r)],[ˈɡrænmʌðər],奶奶；外婆,She is my grandmother.,她是我的奶奶或外婆。,4,rj_start1,rj_start1::2年级上|rj_start1::3年级下,learner::klose::level::4 learner::klose::released source::rj_start1 source::rj_start1::grade::2 source::rj_start1::grade::2::上 source::rj_start1::grade::3 source::rj_start1::grade::3::下
grandfather,KV000104,grandfather,[ˈɡrænfɑːðə(r)],[ˈɡrænfɑːðər],爷爷；外公,He is my grandfather.,他是我的爷爷或外公。,4,rj_start1,rj_start1::2年级上|rj_start1::3年级下,learner::klose::level::4 learner::klose::released source::rj_start1 source::rj_start1::grade::2 source::rj_start1::grade::2::上 source::rj_start1::grade::3 source::rj_start1::grade::3::下
who,KV000105,who,[huː],[huː],谁,Who is he?,他是谁？,4,rj_start1,rj_start1::2年级上,learner::klose::level::4 learner::klose::released source::rj_start1 source::rj_start1::grade::2 source::rj_start1::grade::2::上
he,KV000106,he,[hi; iː; i; hiː],[hi; iː; i; hiː],他,He is my father.,他是我的爸爸。,4,rj_start1,rj_start1::2年级上,learner::klose::level::4 learner::klose::released source::rj_start1 source::rj_start1::grade::2 source::rj_start1::grade::2::上
she,KV000107,she,[ʃi],[ʃi; ʃiː],她,She is my mother.,她是我的妈妈。,4,rj_start1,rj_start1::2年级上,learner::klose::level::4 learner::klose::released source::rj_start1 source::rj_start1::grade::2 source::rj_start1::grade::2::上
classmate,KV000108,classmate,[ˈklɑːsmeɪt],[ˈklæsmeɪt],同班同学,He is my classmate.,他是我的同班同学。,4,rj_start1,rj_start1::2年级上,learner::klose::level::4 learner::klose::released source::rj_start1 source::rj_start1::grade::2 source::rj_start1::grade::2::上
friend,KV000109,friend,[frend],[frend],朋友,She is my friend.,她是我的朋友。,4,rj_start1,rj_start1::2年级上|rj_start1::4年级上,learner::klose::level::4 learner::klose::released source::rj_start1 source::rj_start1::grade::2 source::rj_start1::grade::2::上 source::rj_start1::grade::4 source::rj_start1::grade::4::上
woman,KV000110,woman,[ˈwʊmən],[ˈwʊmən],女人；妇女,The woman is my teacher.,那个女人是我的老师。,4,rj_start1,rj_start1::2年级上,learner::klose::level::4 learner::klose::released source::rj_start1 source::rj_start1::grade::2 source::rj_start1::grade::2::上
girl,KV000111,girl,[ɡɜːl],[ɡɜːrl],女孩,The girl is my friend.,那个女孩是我的朋友。,4,rj_start1,rj_start1::2年级上,learner::klose::level::4 learner::klose::released source::rj_start1 source::rj_start1::grade::2 source::rj_start1::grade::2::上
man,KV000112,man,[mæn],[mæn],男人,The man is my father.,那个男人是我的爸爸。,4,rj_start1,rj_start1::2年级上,learner::klose::level::4 learner::klose::released source::rj_start1 source::rj_start1::grade::2 source::rj_start1::grade::2::上
boy,KV000113,boy,[bɔɪ],[bɔɪ],男孩,The boy is my friend.,那个男孩是我的朋友。,4,rj_start1,rj_start1::2年级上,learner::klose::level::4 learner::klose::released source::rj_start1 source::rj_start1::grade::2 source::rj_start1::grade::2::上
look,KV000114,look,[lʊk],[lʊk],看,Look at the girl.,看那个女孩。,4,rj_start1,rj_start1::2年级上,learner::klose::level::4 learner::klose::released source::rj_start1 source::rj_start1::grade::2 source::rj_start1::grade::2::上
his,KV000115,his,[hɪz],[hɪz; ɪz],他的,His name is Tom.,他的名字叫汤姆。,4,rj_start1,rj_start1::2年级上,learner::klose::level::4 learner::klose::released source::rj_start1 source::rj_start1::grade::2 source::rj_start1::grade::2::上
name,KV000116,name,[neɪm],[neɪm],名字,My name is Tom.,我的名字叫汤姆。,4,rj_start1,rj_start1::2年级上|rj_start1::3年级上,learner::klose::level::4 learner::klose::released source::rj_start1 source::rj_start1::grade::2 source::rj_start1::grade::2::上 source::rj_start1::grade::3 source::rj_start1::grade::3::上
her,KV000117,her,[hə(r)],[hər; ɜːr; ər; hɜːr],她的,Her name is Amy.,她的名字叫艾米。,4,rj_start1,rj_start1::2年级上,learner::klose::level::4 learner::klose::released source::rj_start1 source::rj_start1::grade::2 source::rj_start1::grade::2::上
or,KV000118,or,[ɔː(r)],[ɔːr],或者,Is he tall or short?,他是高还是矮？,4,rj_start1,rj_start1::2年级上,learner::klose::level::4 learner::klose::released source::rj_start1 source::rj_start1::grade::2 source::rj_start1::grade::2::上
big,KV000119,big,[bɪɡ],[bɪɡ],大的,The school is big.,这所学校很大。,4,rj_start1,rj_start1::2年级上|rj_start1::3年级上,learner::klose::level::4 learner::klose::released source::rj_start1 source::rj_start1::grade::2 source::rj_start1::grade::2::上 source::rj_start1::grade::3 source::rj_start1::grade::3::上
tall,KV000120,tall,[tɔːl],[tɔːl],高的,My father is tall.,我爸爸很高。,4,rj_start1,rj_start1::2年级上,learner::klose::level::4 learner::klose::released source::rj_start1 source::rj_start1::grade::2 source::rj_start1::grade::2::上
pretty,KV000121,pretty,[ˈprɪti],[ˈprɪti],漂亮的,The girl is pretty.,这个女孩很漂亮。,4,rj_start1,rj_start1::2年级上|rj_start1::4年级下,learner::klose::level::4 learner::klose::released source::rj_start1 source::rj_start1::grade::2 source::rj_start1::grade::2::上 source::rj_start1::grade::4 source::rj_start1::grade::4::下
thin,KV000122,thin,[θɪn],[θɪn],瘦的,The boy is thin.,这个男孩很瘦。,4,rj_start1,rj_start1::2年级上,learner::klose::level::4 learner::klose::released source::rj_start1 source::rj_start1::grade::2 source::rj_start1::grade::2::上
short,KV000123,short,[ʃɔːt],[ʃɔːrt],矮的；短的,The boy is short.,这个男孩个子矮。,4,rj_start1,rj_start1::2年级上|rj_start1::3年级上,learner::klose::level::4 learner::klose::released source::rj_start1 source::rj_start1::grade::2 source::rj_start1::grade::2::上 source::rj_start1::grade::3 source::rj_start1::grade::3::上
handsome,KV000124,handsome,[ˈhænsəm],[ˈhænsəm],英俊的,The man is handsome.,这个男人很英俊。,4,rj_start1,rj_start1::2年级上|rj_start1::3年级下,learner::klose::level::4 learner::klose::released source::rj_start1 source::rj_start1::grade::2 source::rj_start1::grade::2::上 source::rj_start1::grade::3 source::rj_start1::grade::3::下
new,KV000125,new,[njuː],[nuː],新的,I got a new schoolbag for the new term.,新学期我有了一个新书包。,4,rj_start1,rj_start1::2年级上|rj_start1::3年级上,learner::klose::level::4 learner::klose::released source::rj_start1 source::rj_start1::grade::2 source::rj_start1::grade::2::上 source::rj_start1::grade::3 source::rj_start1::grade::3::上
does,KV000126,does,[dʌz],[dʌz],助动词（do的第三人称单数）,Does he like cats?,他喜欢猫吗？,4,rj_start1,rj_start1::2年级上,learner::klose::level::4 learner::klose::released source::rj_start1 source::rj_start1::grade::2 source::rj_start1::grade::2::上
bookshop,KV000127,bookshop,[ˈbʊkʃɒp],[ˈbʊkʃɑːp],书店,Let's go to the bookshop.,我们去书店吧。,4,rj_start1,rj_start1::2年级上|rj_start1::4年级下,learner::klose::level::4 learner::klose::released source::rj_start1 source::rj_start1::grade::2 source::rj_start1::grade::2::上 source::rj_start1::grade::4 source::rj_start1::grade::4::下
zoo,KV000128,zoo,[zuː],[zuː],动物园,Let's go to the zoo.,我们去动物园吧。,4,rj_start1,rj_start1::2年级上,learner::klose::level::4 learner::klose::released source::rj_start1 source::rj_start1::grade::2 source::rj_start1::grade::2::上
school,KV000129,school,[skuːl],[skuːl],学校,I go to school.,我去上学。,4,rj_start1,rj_start1::2年级上|rj_start1::4年级下,learner::klose::level::4 learner::klose::released source::rj_start1 source::rj_start1::grade::2 source::rj_start1::grade::2::上 source::rj_start1::grade::4 source::rj_start1::grade::4::下
supermarket,KV000130,supermarket,[ˈsuːpəmɑːkɪt],[ˈsuːpərmɑːrkɪt],超市,Let's go to the supermarket.,我们去超市吧。,4,rj_start1,rj_start1::2年级上|rj_start1::4年级下,learner::klose::level::4 learner::klose::released source::rj_start1 source::rj_start1::grade::2 source::rj_start1::grade::2::上 source::rj_start1::grade::4 source::rj_start1::grade::4::下
park,KV000131,park,[pɑːk],[pɑːrk],公园,Let's go to the park.,我们去公园吧。,4,rj_start1,rj_start1::2年级上|rj_start1::4年级上,learner::klose::level::4 learner::klose::released source::rj_start1 source::rj_start1::grade::2 source::rj_start1::grade::2::上 source::rj_start1::grade::4 source::rj_start1::grade::4::上
hospital,KV000132,hospital,[ˈhɒspɪt(ə)l],[ˈhɑːspɪtl],医院,The hospital is big.,这家医院很大。,4,rj_start1,rj_start1::2年级上|rj_start1::4年级下,learner::klose::level::4 learner::klose::released source::rj_start1 source::rj_start1::grade::2 source::rj_start1::grade::2::上 source::rj_start1::grade::4 source::rj_start1::grade::4::下
go,KV000133,go,[ɡəʊ],[ɡoʊ],去,Let's go to the park.,我们去公园吧。,4,rj_start1,rj_start1::2年级上,learner::klose::level::4 learner::klose::released source::rj_start1 source::rj_start1::grade::2 source::rj_start1::grade::2::上
to,KV000134,to,[tə],[tə; tu; tuː],到；向；去,Let's go to school.,我们去学校吧。,4,rj_start1,rj_start1::2年级上,learner::klose::level::4 learner::klose::released source::rj_start1 source::rj_start1::grade::2 source::rj_start1::grade::2::上
grass,KV000135,grass,[ɡrɑːs],[ɡræs],草,The grass is green.,草是绿色的。,4,rj_start1,rj_start1::2年级上,learner::klose::level::4 learner::klose::released source::rj_start1 source::rj_start1::grade::2 source::rj_start1::grade::2::上
tree,KV000136,tree,[triː],[triː],树,The tree is green.,这棵树是绿色的。,4,rj_start1,rj_start1::2年级上,learner::klose::level::4 learner::klose::released source::rj_start1 source::rj_start1::grade::2 source::rj_start1::grade::2::上
flower,KV000137,flower,[ˈflaʊə(r)],[ˈflaʊər],花,The flower is red.,这朵花是红色的。,4,rj_start1,rj_start1::2年级上,learner::klose::level::4 learner::klose::released source::rj_start1 source::rj_start1::grade::2 source::rj_start1::grade::2::上
boat,KV000138,boat,[bəʊt],[boʊt],小船,The boat is on the lake.,小船在湖上。,4,rj_start1,rj_start1::2年级上,learner::klose::level::4 learner::klose::released source::rj_start1 source::rj_start1::grade::2 source::rj_start1::grade::2::上
lake,KV000139,lake,[leɪk],[leɪk],湖,The boat is on the lake.,小船在湖上。,4,rj_start1,rj_start1::2年级上,learner::klose::level::4 learner::klose::released source::rj_start1 source::rj_start1::grade::2 source::rj_start1::grade::2::上
hill,KV000140,hill,[hɪl],[hɪl],小山,The hill is green.,小山是绿色的。,4,rj_start1,rj_start1::2年级上,learner::klose::level::4 learner::klose::released source::rj_start1 source::rj_start1::grade::2 source::rj_start1::grade::2::上
Christmas,KV000141,Christmas,[ˈkrɪsməs],[ˈkrɪsməs],圣诞节,Merry Christmas!,圣诞快乐！,4,rj_start1,rj_start1::2年级上,learner::klose::level::4 learner::klose::released source::rj_start1 source::rj_start1::grade::2 source::rj_start1::grade::2::上
Father Christmas,KV000142,Father Christmas,,,圣诞老人,Father Christmas has presents.,圣诞老人有礼物。,4,rj_start1,rj_start1::2年级上,learner::klose::level::4 learner::klose::released source::rj_start1 source::rj_start1::grade::2 source::rj_start1::grade::2::上
Christmas tree,KV000143,Christmas tree,[ˈkrɪsməs triː],[ˈkrɪsməs triː],圣诞树,The Christmas tree is green.,圣诞树是绿色的。,4,rj_start1,rj_start1::2年级上,learner::klose::level::4 learner::klose::released source::rj_start1 source::rj_start1::grade::2 source::rj_start1::grade::2::上
card,KV000144,card,[kɑːd],[kɑːrd],卡片；贺卡,This card is for you.,这张卡片送给你。,4,rj_start1,rj_start1::2年级上,learner::klose::level::4 learner::klose::released source::rj_start1 source::rj_start1::grade::2 source::rj_start1::grade::2::上
present,KV000145,present,[ˈprez(ə)nt],[ˈpreznt],礼物,This present is for you.,这个礼物送给你。,4,rj_start1,rj_start1::2年级上,learner::klose::level::4 learner::klose::released source::rj_start1 source::rj_start1::grade::2 source::rj_start1::grade::2::上
New Year,KV000146,New Year,,,新年,Happy New Year!,新年快乐！,4,rj_start1,rj_start1::2年级上,learner::klose::level::4 learner::klose::released source::rj_start1 source::rj_start1::grade::2 source::rj_start1::grade::2::上
merry,KV000147,merry,[ˈmeri],[ˈmeri],快乐的；愉快的,Merry Christmas!,圣诞快乐！,4,rj_start1,rj_start1::2年级上,learner::klose::level::4 learner::klose::released source::rj_start1 source::rj_start1::grade::2 source::rj_start1::grade::2::上
too,KV000148,too,[tuː],[tuː],也,This box is too heavy for me to carry.,这个箱子太重了，我搬不动。,4,rj_start1,rj_start1::2年级上,learner::klose::level::4 learner::klose::released source::rj_start1 source::rj_start1::grade::2 source::rj_start1::grade::2::上
here,KV000149,here,[hɪə(r)],[hɪr],这里,Your present is here.,你的礼物在这里。,4,rj_start1,rj_start1::2年级上,learner::klose::level::4 learner::klose::released source::rj_start1 source::rj_start1::grade::2 source::rj_start1::grade::2::上
for,KV000150,for,[fə(r)],[fər; fɔːr],给；为了,This card is for you.,这张卡片送给你。,4,rj_start1,rj_start1::2年级上|rj_start1::3年级上,learner::klose::level::4 learner::klose::released source::rj_start1 source::rj_start1::grade::2 source::rj_start1::grade::2::上 source::rj_start1::grade::3 source::rj_start1::grade::3::上
thank,KV000151,thank,[θæŋk],[θæŋk],感谢；谢谢,Thank you.,谢谢你。,4,rj_start1,rj_start1::2年级上,learner::klose::level::4 learner::klose::released source::rj_start1 source::rj_start1::grade::2 source::rj_start1::grade::2::上
happy,KV000152,happy,[ˈhæpi],[ˈhæpi],快乐的；高兴的,Happy New Year!,新年快乐！,4,rj_start1,rj_start1::2年级上|rj_start1::6年级上,learner::klose::level::4 learner::klose::released source::rj_start1 source::rj_start1::grade::2 source::rj_start1::grade::2::上 source::rj_start1::grade::6 source::rj_start1::grade::6::上
play football,KV000153,play football,,,踢足球,I play football after school.,我放学后踢足球。,4,rj_start1,rj_start1::2年级下|rj_start1::3年级下|rj_start1::4年级上,learner::klose::level::4 learner::klose::released source::rj_start1 source::rj_start1::grade::2 source::rj_start1::grade::2::下 source::rj_start1::grade::3 source::rj_start1::grade::3::下 source::rj_start1::grade::4 source::rj_start1::grade::4::上
fly a kite,KV000154,fly a kite,,,放风筝,I fly a kite in spring.,我春天放风筝。,4,rj_start1,rj_start1::2年级下|rj_start1::3年级下,learner::klose::level::4 learner::klose::released source::rj_start1 source::rj_start1::grade::2 source::rj_start1::grade::2::下 source::rj_start1::grade::3 source::rj_start1::grade::3::下
ride a bike,KV000155,ride a bike,,,骑自行车,I often ride a bike in the park after school.,我放学后经常在公园骑自行车。,4,rj_start1,rj_start1::2年级下|rj_start1::3年级下,learner::klose::level::4 learner::klose::released source::rj_start1 source::rj_start1::grade::2 source::rj_start1::grade::2::下 source::rj_start1::grade::3 source::rj_start1::grade::3::下
make a model plane,KV000156,make a model plane,,,做飞机模型,I can make a model plane.,我会做飞机模型。,4,rj_start1,rj_start1::2年级下|rj_start1::3年级下,learner::klose::level::4 learner::klose::released source::rj_start1 source::rj_start1::grade::2 source::rj_start1::grade::2::下 source::rj_start1::grade::3 source::rj_start1::grade::3::下
swim,KV000157,swim,[swɪm],[swɪm],游泳,We swim at the sports centre on Saturdays.,我们星期六在体育中心游泳。,4,rj_start1,rj_start1::2年级下|rj_start1::3年级下|rj_start1::4年级上,learner::klose::level::4 learner::klose::released source::rj_start1 source::rj_start1::grade::2 source::rj_start1::grade::2::下 source::rj_start1::grade::3 source::rj_start1::grade::3::下 source::rj_start1::grade::4 source::rj_start1::grade::4::上
make a snowman,KV000158,make a snowman,,,堆雪人,Let's make a snowman.,我们来堆雪人吧。,4,rj_start1,rj_start1::2年级下|rj_start1::3年级下,learner::klose::level::4 learner::klose::released source::rj_start1 source::rj_start1::grade::2 source::rj_start1::grade::2::下 source::rj_start1::grade::3 source::rj_start1::grade::3::下
can't,KV000159,can't,,,不能；不会,I can't swim.,我不会游泳。,4,rj_start1,rj_start1::2年级下,learner::klose::level::4 learner::klose::released source::rj_start1 source::rj_start1::grade::2 source::rj_start1::grade::2::下
rainy,KV000160,rainy,[ˈreɪni],[ˈreɪni],下雨的；多雨的,We stay inside and read on rainy days.,下雨天我们待在室内读书。,4,rj_start1,rj_start1::2年级下,learner::klose::level::4 learner::klose::released source::rj_start1 source::rj_start1::grade::2 source::rj_start1::grade::2::下
cloudy,KV000161,cloudy,[ˈklaʊdi],[ˈklaʊdi],多云的,"The sky is cloudy, but it is not cold.",天空多云，但并不冷。,4,rj_start1,rj_start1::2年级下,learner::klose::level::4 learner::klose::released source::rj_start1 source::rj_start1::grade::2 source::rj_start1::grade::2::下
snowy,KV000162,snowy,[ˈsnəʊi],[ˈsnoʊi],下雪的；多雪的,We made a snowman on a snowy morning.,一个下雪的早晨我们堆了雪人。,4,rj_start1,rj_start1::2年级下,learner::klose::level::4 learner::klose::released source::rj_start1 source::rj_start1::grade::2 source::rj_start1::grade::2::下
windy,KV000163,windy,[ˈwɪndi],[ˈwɪndi],有风的；多风的,"It is windy, so hold your hat.",风很大，所以扶好你的帽子。,4,rj_start1,rj_start1::2年级下,learner::klose::level::4 learner::klose::released source::rj_start1 source::rj_start1::grade::2 source::rj_start1::grade::2::下
sunny,KV000164,sunny,[ˈsʌni],[ˈsʌni],晴朗的；阳光充足的,We went for a picnic on a sunny day.,一个晴天我们去野餐了。,4,rj_start1,rj_start1::2年级下,learner::klose::level::4 learner::klose::released source::rj_start1 source::rj_start1::grade::2 source::rj_start1::grade::2::下
umbrella,KV000165,umbrella,[ʌmˈbrelə],[ʌmˈbrelə],雨伞,Take an umbrella because it may rain.,带把雨伞吧，因为可能会下雨。,4,rj_start1,rj_start1::2年级下,learner::klose::level::4 learner::klose::released source::rj_start1 source::rj_start1::grade::2 source::rj_start1::grade::2::下
weather,KV000166,weather,[ˈweðə(r)],[ˈweðər],天气,How is the weather?,天气怎么样？,4,rj_start1,rj_start1::2年级下,learner::klose::level::4 learner::klose::released source::rj_start1 source::rj_start1::grade::2 source::rj_start1::grade::2::下
wow,KV000167,wow,[waʊ],[waʊ],哇；呀,Wow it is big!,哇，它真大！,4,rj_start1,rj_start1::2年级下,learner::klose::level::4 learner::klose::released source::rj_start1 source::rj_start1::grade::2 source::rj_start1::grade::2::下
let's,KV000168,let's,,,让我们,Let's go to the park.,我们去公园吧。,4,rj_start1,rj_start1::2年级下,learner::klose::level::4 learner::klose::released source::rj_start1 source::rj_start1::grade::2 source::rj_start1::grade::2::下
spring,KV000169,spring,[sprɪŋ],[sprɪŋ],春天,We often fly kites in spring.,春天我们经常放风筝。,4,rj_start1,rj_start1::2年级下,learner::klose::level::4 learner::klose::released source::rj_start1 source::rj_start1::grade::2 source::rj_start1::grade::2::下
summer,KV000170,summer,[ˈsʌmə(r)],[ˈsʌmər],夏天,I like swimming with my friends in summer.,夏天我喜欢和朋友们一起游泳。,4,rj_start1,rj_start1::2年级下,learner::klose::level::4 learner::klose::released source::rj_start1 source::rj_start1::grade::2 source::rj_start1::grade::2::下
autumn,KV000171,autumn,[ˈɔːtəm],[ˈɔːtəm; ˈɑːtəm],秋天,The leaves turn yellow in autumn.,秋天树叶变黄。,4,rj_start1,rj_start1::2年级下,learner::klose::level::4 learner::klose::released source::rj_start1 source::rj_start1::grade::2 source::rj_start1::grade::2::下
winter,KV000172,winter,[ˈwɪntə(r)],[ˈwɪntər],冬天,We sometimes make snowmen in winter.,冬天我们有时会堆雪人。,4,rj_start1,rj_start1::2年级下,learner::klose::level::4 learner::klose::released source::rj_start1 source::rj_start1::grade::2 source::rj_start1::grade::2::下
hot,KV000173,hot,[hɒt],[hɑːt],热的,It is too hot to play outside at noon.,中午太热，不适合在外面玩。,4,rj_start1,rj_start1::2年级下,learner::klose::level::4 learner::klose::released source::rj_start1 source::rj_start1::grade::2 source::rj_start1::grade::2::下
warm,KV000174,warm,[wɔːm],[wɔːrm],暖和的,The weather gets warm in spring.,春天天气变暖。,4,rj_start1,rj_start1::2年级下,learner::klose::level::4 learner::klose::released source::rj_start1 source::rj_start1::grade::2 source::rj_start1::grade::2::下
cool,KV000175,cool,[kuːl],[kuːl],凉爽的,It is cool enough to walk outside this evening.,今晚天气很凉爽，适合出去走走。,4,rj_start1,rj_start1::2年级下|rj_start1::5年级上,learner::klose::level::4 learner::klose::released source::rj_start1 source::rj_start1::grade::2 source::rj_start1::grade::2::下 source::rj_start1::grade::5 source::rj_start1::grade::5::上
cold,KV000176,cold,[kəʊld],[kəʊld],寒冷的,Put on your coat because it is cold outside.,外面很冷，把外套穿上。,4,rj_start1,rj_start1::2年级下,learner::klose::level::4 learner::klose::released source::rj_start1 source::rj_start1::grade::2 source::rj_start1::grade::2::下
favourite,KV000177,favourite,[ˈfeɪvərɪt],[ˈfeɪvərɪt],最喜欢的,Spring is my favourite season.,春天是我最喜欢的季节。,4,rj_start1,rj_start1::2年级下,learner::klose::level::4 learner::klose::released source::rj_start1 source::rj_start1::grade::2 source::rj_start1::grade::2::下
season,KV000178,season,[ˈsiːzn],[ˈsiːzn],季节,What is your favourite season?,你最喜欢哪个季节？,4,rj_start1,rj_start1::2年级下,learner::klose::level::4 learner::klose::released source::rj_start1 source::rj_start1::grade::2 source::rj_start1::grade::2::下
eleven,KV000179,eleven,[ɪˈlev(ə)n],[ɪˈlevn],十一；十一个,There are eleven players on a football team.,一支足球队有十一名队员。,4,rj_start1,rj_start1::2年级下,learner::klose::level::4 learner::klose::released source::rj_start1 source::rj_start1::grade::2 source::rj_start1::grade::2::下
twelve,KV000180,twelve,[twelv],[twelv],十二；十二个,There are twelve months in a year.,一年有十二个月。,4,rj_start1,rj_start1::2年级下,learner::klose::level::4 learner::klose::released source::rj_start1 source::rj_start1::grade::2 source::rj_start1::grade::2::下
twenty,KV000181,twenty,[ˈtwenti],[ˈtwenti],二十,Our class has twenty students today.,我们班今天有二十名学生。,4,rj_start1,rj_start1::2年级下,learner::klose::level::4 learner::klose::released source::rj_start1 source::rj_start1::grade::2 source::rj_start1::grade::2::下
thirty,KV000182,thirty,[ˈθɜːti],[ˈθɜːrti],三十,There are thirty books.,有三十本书。,4,rj_start1,rj_start1::2年级下,learner::klose::level::4 learner::klose::released source::rj_start1 source::rj_start1::grade::2 source::rj_start1::grade::2::下
forty,KV000183,forty,[ˈfɔːti],[ˈfɔːrti],四十,There are forty pencils.,有四十支铅笔。,4,rj_start1,rj_start1::2年级下,learner::klose::level::4 learner::klose::released source::rj_start1 source::rj_start1::grade::2 source::rj_start1::grade::2::下
fifty,KV000184,fifty,[ˈfɪfti],[ˈfɪfti],五十,There are fifty books.,有五十本书。,4,rj_start1,rj_start1::2年级下,learner::klose::level::4 learner::klose::released source::rj_start1 source::rj_start1::grade::2 source::rj_start1::grade::2::下
thirteen,KV000185,thirteen,[ˌθɜːˈtiːn],[ˌθɜːrˈtiːn],十三；十三个,My cousin is thirteen years old.,我的表哥十三岁。,4,rj_start1,rj_start1::2年级下,learner::klose::level::4 learner::klose::released source::rj_start1 source::rj_start1::grade::2 source::rj_start1::grade::2::下
fourteen,KV000186,fourteen,[ˌfɔːˈtiːn],[ˌfɔːrˈtiːn],十四；十四个,The book has fourteen short stories.,这本书有十四个短故事。,4,rj_start1,rj_start1::2年级下,learner::klose::level::4 learner::klose::released source::rj_start1 source::rj_start1::grade::2 source::rj_start1::grade::2::下
fifteen,KV000187,fifteen,[ˌfɪfˈtiːn],[ˌfɪfˈtiːn],十五；十五个,We waited fifteen minutes for the bus.,我们等公交车等了十五分钟。,4,rj_start1,rj_start1::2年级下,learner::klose::level::4 learner::klose::released source::rj_start1 source::rj_start1::grade::2 source::rj_start1::grade::2::下
time,KV000188,time,[taɪm],[taɪm],时间；时刻,What time is it?,几点了？,4,rj_start1,rj_start1::2年级下,learner::klose::level::4 learner::klose::released source::rj_start1 source::rj_start1::grade::2 source::rj_start1::grade::2::下
playtime,KV000189,playtime,[ˈpleɪtaɪm],[ˈpleɪtaɪm],游戏时间；课间活动时间,We usually talk with friends during playtime.,游戏时间我们通常和朋友聊天。,4,rj_start1,rj_start1::2年级下,learner::klose::level::4 learner::klose::released source::rj_start1 source::rj_start1::grade::2 source::rj_start1::grade::2::下
get up,KV000190,get up,[ɡet ʌp],[ɡet ʌp],起床,I get up at seven.,我七点起床。,4,rj_start1,rj_start1::2年级下|rj_start1::4年级上,learner::klose::level::4 learner::klose::released source::rj_start1 source::rj_start1::grade::2 source::rj_start1::grade::2::下 source::rj_start1::grade::4 source::rj_start1::grade::4::上
eat breakfast,KV000191,eat breakfast,[i:t ˈbrekfəst],[iːt ˈbrekfəst],吃早饭,I eat breakfast at seven.,我七点吃早饭。,4,rj_start1,rj_start1::2年级下,learner::klose::level::4 learner::klose::released source::rj_start1 source::rj_start1::grade::2 source::rj_start1::grade::2::下
go to school,KV000192,go to school,,,去上学,I go to school at eight.,我八点去上学。,4,rj_start1,rj_start1::2年级下,learner::klose::level::4 learner::klose::released source::rj_start1 source::rj_start1::grade::2 source::rj_start1::grade::2::下
eat lunch,KV000193,eat lunch,,,吃午饭,I eat lunch at twelve.,我十二点吃午饭。,4,rj_start1,rj_start1::2年级下,learner::klose::level::4 learner::klose::released source::rj_start1 source::rj_start1::grade::2 source::rj_start1::grade::2::下
go home,KV000194,go home,,,回家,I go home at five.,我五点回家。,4,rj_start1,rj_start1::2年级下,learner::klose::level::4 learner::klose::released source::rj_start1 source::rj_start1::grade::2 source::rj_start1::grade::2::下
eat dinner,KV000195,eat dinner,,,吃晚饭,I eat dinner at six.,我六点吃晚饭。,4,rj_start1,rj_start1::2年级下,learner::klose::level::4 learner::klose::released source::rj_start1 source::rj_start1::grade::2 source::rj_start1::grade::2::下
go to bed,KV000196,go to bed,,,上床睡觉,I go to bed at nine.,我九点上床睡觉。,4,rj_start1,rj_start1::2年级下|rj_start1::5年级下,learner::klose::level::4 learner::klose::released source::rj_start1 source::rj_start1::grade::2 source::rj_start1::grade::2::下 source::rj_start1::grade::5 source::rj_start1::grade::5::下
when,KV000197,when,[wen],[wen],什么时候,When do you get up?,你什么时候起床？,4,rj_start1,rj_start1::2年级下,learner::klose::level::4 learner::klose::released source::rj_start1 source::rj_start1::grade::2 source::rj_start1::grade::2::下
every day,KV000198,every day,,,每天,I go to school every day.,我每天去上学。,4,rj_start1,rj_start1::2年级下,learner::klose::level::4 learner::klose::released source::rj_start1 source::rj_start1::grade::2 source::rj_start1::grade::2::下
at,KV000199,at,[ət],[ət; æt],在……时刻,I get up at seven.,我七点起床。,4,rj_start1,rj_start1::2年级下,learner::klose::level::4 learner::klose::released source::rj_start1 source::rj_start1::grade::2 source::rj_start1::grade::2::下
Sunday,KV000200,Sunday,[ˈsʌndeɪ],[ˈsʌndeɪ],星期日,We visit my grandparents on Sunday.,我们星期日去看望祖父母。,4,rj_start1,rj_start1::2年级下,learner::klose::level::4 learner::klose::released source::rj_start1 source::rj_start1::grade::2 source::rj_start1::grade::2::下
Monday,KV000201,Monday,[ˈmʌndeɪ],[ˈmʌndeɪ],星期一,We have English and music on Monday.,我们星期一有英语课和音乐课。,4,rj_start1,rj_start1::2年级下|rj_start1::4年级上,learner::klose::level::4 learner::klose::released source::rj_start1 source::rj_start1::grade::2 source::rj_start1::grade::2::下 source::rj_start1::grade::4 source::rj_start1::grade::4::上
Tuesday,KV000202,Tuesday,[ˈtjuːzdeɪ],[ˈtuːzdeɪ],星期二,I go to the drawing club on Tuesday.,我星期二去绘画社团。,4,rj_start1,rj_start1::2年级下|rj_start1::4年级上,learner::klose::level::4 learner::klose::released source::rj_start1 source::rj_start1::grade::2 source::rj_start1::grade::2::下 source::rj_start1::grade::4 source::rj_start1::grade::4::上
Wednesday,KV000203,Wednesday,[ˈwenzdeɪ],[ˈwenzdeɪ],星期三,We play basketball after school on Wednesday.,我们星期三放学后打篮球。,4,rj_start1,rj_start1::2年级下|rj_start1::4年级上,learner::klose::level::4 learner::klose::released source::rj_start1 source::rj_start1::grade::2 source::rj_start1::grade::2::下 source::rj_start1::grade::4 source::rj_start1::grade::4::上
Thursday,KV000204,Thursday,[ˈθɜːzdeɪ],[ˈθɜːrzdeɪ],星期四,I read in the library on Thursday afternoon.,我星期四下午在图书馆读书。,4,rj_start1,rj_start1::2年级下|rj_start1::4年级上,learner::klose::level::4 learner::klose::released source::rj_start1 source::rj_start1::grade::2 source::rj_start1::grade::2::下 source::rj_start1::grade::4 source::rj_start1::grade::4::上
Friday,KV000205,Friday,[ˈfraɪdeɪ],[ˈfraɪdeɪ],星期五,We finish school early on Friday.,我们星期五放学比较早。,4,rj_start1,rj_start1::2年级下|rj_start1::4年级上,learner::klose::level::4 learner::klose::released source::rj_start1 source::rj_start1::grade::2 source::rj_start1::grade::2::下 source::rj_start1::grade::4 source::rj_start1::grade::4::上
Saturday,KV000206,Saturday,[ˈsætədeɪ],[ˈsætərdeɪ],星期六,My family goes to the park on Saturday.,我们一家星期六去公园。,4,rj_start1,rj_start1::2年级下|rj_start1::4年级上,learner::klose::level::4 learner::klose::released source::rj_start1 source::rj_start1::grade::2 source::rj_start1::grade::2::下 source::rj_start1::grade::4 source::rj_start1::grade::4::上
today,KV000207,today,[təˈdeɪ],[təˈdeɪ],今天,I have a lot of homework to finish today.,我今天有很多作业要完成。,4,rj_start1,rj_start1::2年级下,learner::klose::level::4 learner::klose::released source::rj_start1 source::rj_start1::grade::2 source::rj_start1::grade::2::下
year,KV000208,year,[jɪə(r)],[jɪr],年；岁,I am nine years old.,我九岁。,4,rj_start1,rj_start1::3年级上,learner::klose::level::4 learner::klose::released source::rj_start1 source::rj_start1::grade::3 source::rj_start1::grade::3::上
old,KV000209,old,[əʊld],[oʊld],……岁的；年老的,How old are you?,你几岁？,4,rj_start1,rj_start1::3年级上,learner::klose::level::4 learner::klose::released source::rj_start1 source::rj_start1::grade::3 source::rj_start1::grade::3::上
how old,KV000210,how old,,,几岁；多大,How old is your sister?,你妹妹几岁？,4,rj_start1,rj_start1::3年级上,learner::klose::level::4 learner::klose::released source::rj_start1 source::rj_start1::grade::3 source::rj_start1::grade::3::上
class,KV000211,class,[klɑːs],[klæs],班；班级,I am in Class One.,我在一班。,4,rj_start1,rj_start1::3年级上,learner::klose::level::4 learner::klose::released source::rj_start1 source::rj_start1::grade::3 source::rj_start1::grade::3::上
grade,KV000212,grade,[ɡreɪd],[ɡreɪd],年级,I am in Grade Three.,我上三年级。,4,rj_start1,rj_start1::3年级上,learner::klose::level::4 learner::klose::released source::rj_start1 source::rj_start1::grade::3 source::rj_start1::grade::3::上
age,KV000213,age,[eɪdʒ],[eɪdʒ],年龄,What is your age?,你多大年龄？,4,rj_start1,rj_start1::3年级上,learner::klose::level::4 learner::klose::released source::rj_start1 source::rj_start1::grade::3 source::rj_start1::grade::3::上
dear,KV000214,dear,[dɪə(r)],[dɪr],亲爱的,Dear Amy thank you.,亲爱的艾米，谢谢你。,4,rj_start1,rj_start1::3年级上,learner::klose::level::4 learner::klose::released source::rj_start1 source::rj_start1::grade::3 source::rj_start1::grade::3::上
body,KV000215,body,[ˈbɒdi],[ˈbɑːdi],身体,My body is strong.,我的身体很强壮。,4,rj_start1,rj_start1::3年级上,learner::klose::level::4 learner::klose::released source::rj_start1 source::rj_start1::grade::3 source::rj_start1::grade::3::上
head,KV000216,head,[hed],[hed],头；头部,My head hurts.,我的头疼。,4,rj_start1,rj_start1::3年级上,learner::klose::level::4 learner::klose::released source::rj_start1 source::rj_start1::grade::3 source::rj_start1::grade::3::上
hair,KV000217,hair,[heə(r)],[her],头发,Her hair is long.,她的头发很长。,4,rj_start1,rj_start1::3年级上,learner::klose::level::4 learner::klose::released source::rj_start1 source::rj_start1::grade::3 source::rj_start1::grade::3::上
arm,KV000218,arm,[ɑːm],[ɑːrm],手臂,My arm hurts.,我的手臂疼。,4,rj_start1,rj_start1::3年级上,learner::klose::level::4 learner::klose::released source::rj_start1 source::rj_start1::grade::3 source::rj_start1::grade::3::上
hand,KV000219,hand,[hænd],[hænd],手,Raise your hand if you know the answer.,如果你知道答案，就举手。,4,rj_start1,rj_start1::3年级上,learner::klose::level::4 learner::klose::released source::rj_start1 source::rj_start1::grade::3 source::rj_start1::grade::3::上
leg,KV000220,leg,[leɡ],[leɡ],腿,My leg hurts.,我的腿疼。,4,rj_start1,rj_start1::3年级上,learner::klose::level::4 learner::klose::released source::rj_start1 source::rj_start1::grade::3 source::rj_start1::grade::3::上
foot,KV000221,foot,[fʊt],[fʊt],脚,My foot hurts.,我的脚疼。,4,rj_start1,rj_start1::3年级上,learner::klose::level::4 learner::klose::released source::rj_start1 source::rj_start1::grade::3 source::rj_start1::grade::3::上
feet,KV000222,feet,[fiːt],[fiːt],脚（foot的复数）,My feet are cold.,我的脚很冷。,4,rj_start1,rj_start1::3年级上,learner::klose::level::4 learner::klose::released source::rj_start1 source::rj_start1::grade::3 source::rj_start1::grade::3::上
the matter,KV000223,the matter,,,问题；怎么了,What's the matter?,怎么了？,4,rj_start1,rj_start1::3年级上,learner::klose::level::4 learner::klose::released source::rj_start1 source::rj_start1::grade::3 source::rj_start1::grade::3::上
hurt,KV000224,hurt,[hɜːt],[hɜːrt],疼；受伤,My leg hurts.,我的腿疼。,4,rj_start1,rj_start1::3年级上|rj_start1::6年级上,learner::klose::level::4 learner::klose::released source::rj_start1 source::rj_start1::grade::3 source::rj_start1::grade::3::上 source::rj_start1::grade::6 source::rj_start1::grade::6::上
help,KV000225,help,[help],[help],帮助；帮忙,Can I help you?,我能帮你吗？,4,rj_start1,rj_start1::3年级上,learner::klose::level::4 learner::klose::released source::rj_start1 source::rj_start1::grade::3 source::rj_start1::grade::3::上
bad,KV000226,bad,[bæd],[bæd],坏的；糟糕的,Too much candy is bad for your teeth.,吃太多糖果对牙齿不好。,4,rj_start1,rj_start1::3年级上,learner::klose::level::4 learner::klose::released source::rj_start1 source::rj_start1::grade::3 source::rj_start1::grade::3::上
bite,KV000227,bite,[baɪt],[baɪt],咬,The dog can bite.,狗会咬人。,4,rj_start1,rj_start1::3年级上,learner::klose::level::4 learner::klose::released source::rj_start1 source::rj_start1::grade::3 source::rj_start1::grade::3::上
tongue,KV000228,tongue,[tʌŋ],[tʌŋ],舌头,My tongue hurts.,我的舌头疼。,4,rj_start1,rj_start1::3年级上,learner::klose::level::4 learner::klose::released source::rj_start1 source::rj_start1::grade::3 source::rj_start1::grade::3::上
kick,KV000229,kick,[kɪk],[kɪk],踢,Don't kick the ball here.,不要在这里踢球。,4,rj_start1,rj_start1::3年级上,learner::klose::level::4 learner::klose::released source::rj_start1 source::rj_start1::grade::3 source::rj_start1::grade::3::上
morning,KV000230,morning,[ˈmɔːnɪŋ],[ˈmɔːrnɪŋ],早晨；上午,I usually read English for ten minutes every morning.,我通常每天早晨读十分钟英语。,4,rj_start1,rj_start1::3年级上,learner::klose::level::4 learner::klose::released source::rj_start1 source::rj_start1::grade::3 source::rj_start1::grade::3::上
afternoon,KV000231,afternoon,[ˌɑːftəˈnuːn],[ˌæftərˈnuːn],下午,We have PE class on Friday afternoon.,我们星期五下午有体育课。,4,rj_start1,rj_start1::3年级上,learner::klose::level::4 learner::klose::released source::rj_start1 source::rj_start1::grade::3 source::rj_start1::grade::3::上
summary,KV000232,summary,[ˈsʌməri],[ˈsʌməri],总结；概要,Please write a short summary after reading the story.,读完故事后请写一个简短的总结。,4,rj_start1,rj_start1::3年级上,learner::klose::level::4 learner::klose::released source::rj_start1 source::rj_start1::grade::3 source::rj_start1::grade::3::上
bread,KV000233,bread,[bred],[bred],面包,I want some bread.,我想要一些面包。,4,rj_start1,rj_start1::3年级上,learner::klose::level::4 learner::klose::released source::rj_start1 source::rj_start1::grade::3 source::rj_start1::grade::3::上
cake,KV000234,cake,[keɪk],[keɪk],蛋糕,We shared a chocolate cake at the birthday party.,我们在生日聚会上分享了一个巧克力蛋糕。,4,rj_start1,rj_start1::3年级上,learner::klose::level::4 learner::klose::released source::rj_start1 source::rj_start1::grade::3 source::rj_start1::grade::3::上
fruit,KV000235,fruit,[fruːt],[fruːt],水果,I eat some fruit after dinner every day.,我每天晚饭后吃一些水果。,4,rj_start1,rj_start1::3年级上,learner::klose::level::4 learner::klose::released source::rj_start1 source::rj_start1::grade::3 source::rj_start1::grade::3::上
ice-cream,KV000236,ice-cream,[ˈaɪs kriːm],[ˈaɪs kriːm],冰淇淋,We bought ice-cream after playing in the park.,我们在公园玩过之后买了冰淇淋。,4,rj_start1,rj_start1::3年级上,learner::klose::level::4 learner::klose::released source::rj_start1 source::rj_start1::grade::3 source::rj_start1::grade::3::上
potato,KV000237,potato,[pəˈteɪtəʊ],[pəˈteɪtoʊ],土豆；马铃薯,I want some potatoes.,我想要一些土豆。,4,rj_start1,rj_start1::3年级上,learner::klose::level::4 learner::klose::released source::rj_start1 source::rj_start1::grade::3 source::rj_start1::grade::3::上
tomato,KV000238,tomato,[təˈmɑːtəʊ],[təˈmeɪtoʊ],西红柿；番茄,Mum added a tomato to my sandwich.,妈妈在我的三明治里加了一个西红柿。,4,rj_start1,rj_start1::3年级上,learner::klose::level::4 learner::klose::released source::rj_start1 source::rj_start1::grade::3 source::rj_start1::grade::3::上
meat,KV000239,meat,[miːt],[miːt],肉；肉类,I want some meat.,我想要一些肉。,4,rj_start1,rj_start1::3年级上,learner::klose::level::4 learner::klose::released source::rj_start1 source::rj_start1::grade::3 source::rj_start1::grade::3::上
shopping list,KV000240,shopping list,,,购物清单,I wrote milk and eggs on the shopping list.,我把牛奶和鸡蛋写在了购物清单上。,4,rj_start1,rj_start1::3年级上,learner::klose::level::4 learner::klose::released source::rj_start1 source::rj_start1::grade::3 source::rj_start1::grade::3::上
cola,KV000241,cola,[ˈkəʊlə],[ˈkoʊlə],可乐,I don't like cola.,我不喜欢可乐。,4,rj_start1,rj_start1::3年级上,learner::klose::level::4 learner::klose::released source::rj_start1 source::rj_start1::grade::3 source::rj_start1::grade::3::上
buy,KV000242,buy,[baɪ],[baɪ],买；购买,I want to buy fruit.,我想买水果。,4,rj_start1,rj_start1::3年级上,learner::klose::level::4 learner::klose::released source::rj_start1 source::rj_start1::grade::3 source::rj_start1::grade::3::上
vegetables,KV000243,vegetables,[ˈvedʒtəb(ə)lz],[ˈvedʒtəb(ə)lz],蔬菜,We need to eat vegetables every day.,我们每天都需要吃蔬菜。,4,rj_start1,rj_start1::3年级上,learner::klose::level::4 learner::klose::released source::rj_start1 source::rj_start1::grade::3 source::rj_start1::grade::3::上
duck,KV000244,duck,[dʌk],[dʌk],鸭子,The duck is in the water.,鸭子在水里。,4,rj_start1,rj_start1::3年级上,learner::klose::level::4 learner::klose::released source::rj_start1 source::rj_start1::grade::3 source::rj_start1::grade::3::上
rabbit,KV000245,rabbit,[ˈræbɪt],[ˈræbɪt],兔子,The rabbit has long ears.,兔子有长耳朵。,4,rj_start1,rj_start1::3年级上,learner::klose::level::4 learner::klose::released source::rj_start1 source::rj_start1::grade::3 source::rj_start1::grade::3::上
pet,KV000246,pet,[pet],[pet],宠物,My cat is my pet.,我的猫是我的宠物。,4,rj_start1,rj_start1::3年级上,learner::klose::level::4 learner::klose::released source::rj_start1 source::rj_start1::grade::3 source::rj_start1::grade::3::上
snake,KV000247,snake,[sneɪk],[sneɪk],蛇,The snake is long.,这条蛇很长。,4,rj_start1,rj_start1::3年级上,learner::klose::level::4 learner::klose::released source::rj_start1 source::rj_start1::grade::3 source::rj_start1::grade::3::上
turtle,KV000248,turtle,[ˈtɜːt(ə)l],[ˈtɜːrtl],乌龟,The turtle is small.,这只乌龟很小。,4,rj_start1,rj_start1::3年级上,learner::klose::level::4 learner::klose::released source::rj_start1 source::rj_start1::grade::3 source::rj_start1::grade::3::上
small,KV000249,small,[smɔːl],[smɔːl],小的,The turtle is small.,这只乌龟很小。,4,rj_start1,rj_start1::3年级上,learner::klose::level::4 learner::klose::released source::rj_start1 source::rj_start1::grade::3 source::rj_start1::grade::3::上
long,KV000250,long,[lɒŋ],[lɔːŋ],长的,The snake is long.,这条蛇很长。,4,rj_start1,rj_start1::3年级上,learner::klose::level::4 learner::klose::released source::rj_start1 source::rj_start1::grade::3 source::rj_start1::grade::3::上
look for,KV000251,look for,[ˈlʊk fɔː(r)],[ˈlʊk fɔːr],寻找,I am looking for my cat.,我在找我的猫。,4,rj_start1,rj_start1::3年级上,learner::klose::level::4 learner::klose::released source::rj_start1 source::rj_start1::grade::3 source::rj_start1::grade::3::上
tail,KV000252,tail,[teɪl],[teɪl],尾巴,The dog has a long tail.,狗有一条长尾巴。,4,rj_start1,rj_start1::3年级上,learner::klose::level::4 learner::klose::released source::rj_start1 source::rj_start1::grade::3 source::rj_start1::grade::3::上
dance,KV000253,dance,[dɑːns],[dæns],跳舞,My sister likes to dance when she hears music.,我妹妹听到音乐时喜欢跳舞。,4,rj_start1,rj_start1::3年级上|rj_start1::3年级下,learner::klose::level::4 learner::klose::released source::rj_start1 source::rj_start1::grade::3 source::rj_start1::grade::3::上 source::rj_start1::grade::3::下
cap,KV000254,cap,[kæp],[kæp],帽子；便帽,Wear your cap.,戴上你的帽子。,4,rj_start1,rj_start1::3年级上,learner::klose::level::4 learner::klose::released source::rj_start1 source::rj_start1::grade::3 source::rj_start1::grade::3::上
coat,KV000255,coat,[kəʊt],[koʊt],外套,Wear your coat.,穿上你的外套。,4,rj_start1,rj_start1::3年级上,learner::klose::level::4 learner::klose::released source::rj_start1 source::rj_start1::grade::3 source::rj_start1::grade::3::上
shoes,KV000256,shoes,['ʃu:z],[ʃuːz],鞋,These are my shoes.,这是我的鞋。,4,rj_start1,rj_start1::3年级上,learner::klose::level::4 learner::klose::released source::rj_start1 source::rj_start1::grade::3 source::rj_start1::grade::3::上
sweater,KV000257,sweater,[ˈswetə(r)],[ˈswetər],毛衣,Wear your sweater.,穿上你的毛衣。,4,rj_start1,rj_start1::3年级上,learner::klose::level::4 learner::klose::released source::rj_start1 source::rj_start1::grade::3 source::rj_start1::grade::3::上
jacket,KV000258,jacket,[ˈdʒækɪt],[ˈdʒækɪt],夹克衫,Take your jacket because it is cold outside.,外面很冷，把你的夹克穿上。,4,rj_start1,rj_start1::3年级上,learner::klose::level::4 learner::klose::released source::rj_start1 source::rj_start1::grade::3 source::rj_start1::grade::3::上
gloves,KV000259,gloves,[ɡlʌvz],[ɡlʌvz],手套,Wear your gloves.,戴上你的手套。,4,rj_start1,rj_start1::3年级上,learner::klose::level::4 learner::klose::released source::rj_start1 source::rj_start1::grade::3 source::rj_start1::grade::3::上
trousers,KV000260,trousers,[ˈtraʊzəz],[ˈtraʊzərz],裤子；长裤,These are my trousers.,这是我的裤子。,4,rj_start1,rj_start1::3年级上,learner::klose::level::4 learner::klose::released source::rj_start1 source::rj_start1::grade::3 source::rj_start1::grade::3::上
should,KV000261,should,[ʃəd; ʃʊd],[ʃəd; ʃʊd],应该,You should wear a coat.,你应该穿外套。,4,rj_start1,rj_start1::3年级上,learner::klose::level::4 learner::klose::released source::rj_start1 source::rj_start1::grade::3 source::rj_start1::grade::3::上
wear,KV000262,wear,[weə(r)],[wer],穿；戴,I wear a coat in winter.,我冬天穿外套。,4,rj_start1,rj_start1::3年级上,learner::klose::level::4 learner::klose::released source::rj_start1 source::rj_start1::grade::3 source::rj_start1::grade::3::上
week,KV000263,week,[wiːk],[wiːk],星期；周,I go swimming every week.,我每周去游泳。,4,rj_start1,rj_start1::3年级上,learner::klose::level::4 learner::klose::released source::rj_start1 source::rj_start1::grade::3 source::rj_start1::grade::3::上
soon,KV000264,soon,[suːn],[suːn],很快；不久,My birthday is soon.,我的生日快到了。,4,rj_start1,rj_start1::3年级上,learner::klose::level::4 learner::klose::released source::rj_start1 source::rj_start1::grade::3 source::rj_start1::grade::3::上
look forward to,KV000265,look forward to,,,期待；盼望,I look forward to my birthday.,我期待我的生日。,4,rj_start1,rj_start1::3年级上|rj_start1::6年级上,learner::klose::level::4 learner::klose::released source::rj_start1 source::rj_start1::grade::3 source::rj_start1::grade::3::上 source::rj_start1::grade::6 source::rj_start1::grade::6::上
January,KV000266,January,[ˈdʒænjuəri],[ˈdʒænjueri],一月,My birthday is in January.,我的生日在一月。,4,rj_start1,rj_start1::3年级上,learner::klose::level::4 learner::klose::released source::rj_start1 source::rj_start1::grade::3 source::rj_start1::grade::3::上
February,KV000267,February,[ˈfebruəri],[ˈfebrueri],二月,My birthday is in February.,我的生日在二月。,4,rj_start1,rj_start1::3年级上,learner::klose::level::4 learner::klose::released source::rj_start1 source::rj_start1::grade::3 source::rj_start1::grade::3::上
March,KV000268,March,[mɑːtʃ],[mɑːrtʃ],三月,March is in spring.,三月在春季。,4,rj_start1,rj_start1::3年级上,learner::klose::level::4 learner::klose::released source::rj_start1 source::rj_start1::grade::3 source::rj_start1::grade::3::上
April,KV000269,April,[ˈeɪprəl],[ˈeɪprəl],四月,April is in spring.,四月在春季。,4,rj_start1,rj_start1::3年级上,learner::klose::level::4 learner::klose::released source::rj_start1 source::rj_start1::grade::3 source::rj_start1::grade::3::上
May,KV000270,May,[meɪ],[meɪ],五月,My birthday is in May.,我的生日在五月。,4,rj_start1,rj_start1::3年级上,learner::klose::level::4 learner::klose::released source::rj_start1 source::rj_start1::grade::3 source::rj_start1::grade::3::上
June,KV000271,June,[dʒuːn],[dʒuːn],六月,June is in summer.,六月在夏季。,4,rj_start1,rj_start1::3年级上,learner::klose::level::4 learner::klose::released source::rj_start1 source::rj_start1::grade::3 source::rj_start1::grade::3::上
July,KV000272,July,[dʒʊˈlaɪ],[dʒʊˈlaɪ],七月,July is in summer.,七月在夏季。,4,rj_start1,rj_start1::3年级上,learner::klose::level::4 learner::klose::released source::rj_start1 source::rj_start1::grade::3 source::rj_start1::grade::3::上
August,KV000273,August,[ˈɔːɡəst],[ˈɔːɡəst],八月,August is in summer.,八月在夏季。,4,rj_start1,rj_start1::3年级上,learner::klose::level::4 learner::klose::released source::rj_start1 source::rj_start1::grade::3 source::rj_start1::grade::3::上
September,KV000274,September,[sepˈtembə(r)],[sepˈtembər],九月,September is in autumn.,九月在秋季。,4,rj_start1,rj_start1::3年级上,learner::klose::level::4 learner::klose::released source::rj_start1 source::rj_start1::grade::3 source::rj_start1::grade::3::上
October,KV000275,October,[ɒkˈtəʊbə(r)],[ɑːkˈtoʊbər],十月,October is in autumn.,十月在秋季。,4,rj_start1,rj_start1::3年级上,learner::klose::level::4 learner::klose::released source::rj_start1 source::rj_start1::grade::3 source::rj_start1::grade::3::上
November,KV000276,November,[nəʊˈvembə(r)],[noʊˈvembər],十一月,November is in autumn.,十一月在秋季。,4,rj_start1,rj_start1::3年级上,learner::klose::level::4 learner::klose::released source::rj_start1 source::rj_start1::grade::3 source::rj_start1::grade::3::上
December,KV000277,December,[dɪˈsembə(r)],[dɪˈsembər],十二月,Christmas is in December.,圣诞节在十二月。,4,rj_start1,rj_start1::3年级上,learner::klose::level::4 learner::klose::released source::rj_start1 source::rj_start1::grade::3 source::rj_start1::grade::3::上
birthday,KV000278,birthday,[ˈbɜːθdeɪ],[ˈbɜːrθdeɪ],生日,"My birthday is in May, so I like spring.",我的生日在五月，所以我喜欢春天。,4,rj_start1,rj_start1::3年级上|rj_start1::5年级下,learner::klose::level::4 learner::klose::released source::rj_start1 source::rj_start1::grade::3 source::rj_start1::grade::3::上 source::rj_start1::grade::5 source::rj_start1::grade::5::下
first,KV000279,first,[fɜːst],[fɜːrst],第一；首先,January is the first month.,一月是第一个月。,4,rj_start1,rj_start1::3年级上|rj_start1::3年级下,learner::klose::level::4 learner::klose::released source::rj_start1 source::rj_start1::grade::3 source::rj_start1::grade::3::上 source::rj_start1::grade::3::下
party,KV000280,party,[ˈpɑːti],[ˈpɑːrti],聚会；派对,We have a birthday party.,我们举办生日聚会。,4,rj_start1,rj_start1::3年级上|rj_start1::5年级上,learner::klose::level::4 learner::klose::released source::rj_start1 source::rj_start1::grade::3 source::rj_start1::grade::3::上 source::rj_start1::grade::5 source::rj_start1::grade::5::上
delicious,KV000281,delicious,[dɪˈlɪʃəs],[dɪˈlɪʃəs],美味的；好吃的,The cake is delicious.,蛋糕很好吃。,4,rj_start1,rj_start1::3年级上|rj_start1::5年级下,learner::klose::level::4 learner::klose::released source::rj_start1 source::rj_start1::grade::3 source::rj_start1::grade::3::上 source::rj_start1::grade::5 source::rj_start1::grade::5::下
Chinese,KV000282,Chinese,[ˌtʃaɪˈniːz],[ˌtʃaɪˈniːz],汉语；中文,We have Chinese today.,我们今天有语文课。,4,rj_start1,rj_start1::3年级下,learner::klose::level::4 learner::klose::released source::rj_start1 source::rj_start1::grade::3 source::rj_start1::grade::3::下
English,KV000283,English,[ˈɪŋɡlɪʃ],[ˈɪŋɡlɪʃ],英语,I practise English with my classmates after school.,我放学后和同学一起练习英语。,4,rj_start1,rj_start1::3年级下,learner::klose::level::4 learner::klose::released source::rj_start1 source::rj_start1::grade::3 source::rj_start1::grade::3::下
science,KV000284,science,[ˈsaɪəns],[ˈsaɪəns],科学；科学课,We have science today.,我们今天有科学课。,4,rj_start1,rj_start1::3年级下,learner::klose::level::4 learner::klose::released source::rj_start1 source::rj_start1::grade::3 source::rj_start1::grade::3::下
PE,KV000285,PE,[peɪ],[peɪ],体育；体育课,We have PE today.,我们今天有体育课。,4,rj_start1,rj_start1::3年级下,learner::klose::level::4 learner::klose::released source::rj_start1 source::rj_start1::grade::3 source::rj_start1::grade::3::下
music,KV000286,music,[ˈmjuːzɪk],[ˈmjuːzɪk],音乐；音乐课,I listen to music while I tidy my room.,我整理房间时会听音乐。,4,rj_start1,rj_start1::3年级下,learner::klose::level::4 learner::klose::released source::rj_start1 source::rj_start1::grade::3 source::rj_start1::grade::3::下
maths,KV000287,maths,[mæθs],[mæθs],数学；数学课,We have maths today.,我们今天有数学课。,4,rj_start1,rj_start1::3年级下,learner::klose::level::4 learner::klose::released source::rj_start1 source::rj_start1::grade::3 source::rj_start1::grade::3::下
art,KV000288,art,[ɑːt],[ɑːrt],美术；美术课,We have art today.,我们今天有美术课。,4,rj_start1,rj_start1::3年级下,learner::klose::level::4 learner::klose::released source::rj_start1 source::rj_start1::grade::3 source::rj_start1::grade::3::下
computer class,KV000289,computer class,,,计算机课,We have computer class today.,我们今天有计算机课。,4,rj_start1,rj_start1::3年级下,learner::klose::level::4 learner::klose::released source::rj_start1 source::rj_start1::grade::3 source::rj_start1::grade::3::下
we,KV000290,we,[wi; wiː],[wi],我们,We are classmates.,我们是同班同学。,4,rj_start1,rj_start1::3年级下,learner::klose::level::4 learner::klose::released source::rj_start1 source::rj_start1::grade::3 source::rj_start1::grade::3::下
that,KV000291,that,[ðæt],[ðæt],那；那个,That building across the street is our library.,街对面的那栋楼是我们的图书馆。,4,rj_start1,rj_start1::3年级下,learner::klose::level::4 learner::klose::released source::rj_start1 source::rj_start1::grade::3 source::rj_start1::grade::3::下
classroom,KV000292,classroom,[ˈklɑːsruːm],[ˈklæsruːm; ˈklæsrʊm],教室,Our classroom has a reading corner near the window.,我们的教室在窗边有一个阅读角。,4,rj_start1,rj_start1::3年级下,learner::klose::level::4 learner::klose::released source::rj_start1 source::rj_start1::grade::3 source::rj_start1::grade::3::下
library,KV000293,library,[ˈlaɪbrəri; ˈlaɪbri],[ˈlaɪbreri],图书馆,The library is on the second floor.,图书馆在二楼。,4,rj_start1,rj_start1::3年级下,learner::klose::level::4 learner::klose::released source::rj_start1 source::rj_start1::grade::3 source::rj_start1::grade::3::下
toilet,KV000294,toilet,[ˈtɔɪlət],[ˈtɔɪlət],厕所；卫生间,The toilet is near the classroom.,卫生间在教室附近。,4,rj_start1,rj_start1::3年级下,learner::klose::level::4 learner::klose::released source::rj_start1 source::rj_start1::grade::3 source::rj_start1::grade::3::下
playground,KV000295,playground,[ˈpleɪɡraʊnd],[ˈpleɪɡraʊnd],操场,We play on the playground.,我们在操场上玩。,4,rj_start1,rj_start1::3年级下,learner::klose::level::4 learner::klose::released source::rj_start1 source::rj_start1::grade::3 source::rj_start1::grade::3::下
second,KV000296,second,[ˈsekənd],[ˈsekənd; sɪˈkɑːnd],第二,The library is on the second floor.,图书馆在二楼。,4,rj_start1,rj_start1::3年级下,learner::klose::level::4 learner::klose::released source::rj_start1 source::rj_start1::grade::3 source::rj_start1::grade::3::下
third,KV000297,third,[θɜːd],[θɜːrd],第三,Our classroom is on the third floor.,我们的教室在三楼。,4,rj_start1,rj_start1::3年级下,learner::klose::level::4 learner::klose::released source::rj_start1 source::rj_start1::grade::3 source::rj_start1::grade::3::下
floor,KV000298,floor,[flɔː(r)],[flɔːr],楼层；地板,Our classroom is on the third floor.,我们的教室在三楼。,4,rj_start1,rj_start1::3年级下,learner::klose::level::4 learner::klose::released source::rj_start1 source::rj_start1::grade::3 source::rj_start1::grade::3::下
room,KV000299,room,[ruːm],[ruːm; rʊm],房间,This room is big.,这个房间很大。,4,rj_start1,rj_start1::3年级下,learner::klose::level::4 learner::klose::released source::rj_start1 source::rj_start1::grade::3 source::rj_start1::grade::3::下
our,KV000300,our,[ɑː(r)],[ɑːr],我们的,Our class is going to the museum this Friday.,我们班这周五要去博物馆。,4,rj_start1,rj_start1::3年级下,learner::klose::level::4 learner::klose::released source::rj_start1 source::rj_start1::grade::3 source::rj_start1::grade::3::下
they,KV000301,they,[ðeɪ],[ðeɪ],他们；她们；它们,They are my friends.,他们是我的朋友。,4,rj_start1,rj_start1::3年级下,learner::klose::level::4 learner::klose::released source::rj_start1 source::rj_start1::grade::3 source::rj_start1::grade::3::下
after school,KV000302,after school,,,放学后,I play sports after school.,我放学后做运动。,4,rj_start1,rj_start1::3年级下,learner::klose::level::4 learner::klose::released source::rj_start1 source::rj_start1::grade::3 source::rj_start1::grade::3::下
play sports,KV000303,play sports,,,做运动；参加体育活动,We play sports after school.,我们放学后做运动。,4,rj_start1,rj_start1::3年级下,learner::klose::level::4 learner::klose::released source::rj_start1 source::rj_start1::grade::3 source::rj_start1::grade::3::下
draw pictures,KV000304,draw pictures,,,画画,I like to draw pictures of animals in my notebook.,我喜欢在笔记本上画动物。,4,rj_start1,rj_start1::3年级下,learner::klose::level::4 learner::klose::released source::rj_start1 source::rj_start1::grade::3 source::rj_start1::grade::3::下
play chess,KV000305,play chess,[pleɪ tʃes],[pleɪ tʃes],下棋,I play chess with my friend.,我和朋友下棋。,4,rj_start1,rj_start1::3年级下,learner::klose::level::4 learner::klose::released source::rj_start1 source::rj_start1::grade::3 source::rj_start1::grade::3::下
sing songs,KV000306,sing songs,,,唱歌,We sing songs in music class.,我们在音乐课上唱歌。,4,rj_start1,rj_start1::3年级下,learner::klose::level::4 learner::klose::released source::rj_start1 source::rj_start1::grade::3 source::rj_start1::grade::3::下
read books,KV000307,read books,,,读书；看书,I read books in the library.,我在图书馆看书。,4,rj_start1,rj_start1::3年级下,learner::klose::level::4 learner::klose::released source::rj_start1 source::rj_start1::grade::3 source::rj_start1::grade::3::下
really,KV000308,really,[ˈriːəli],[ˈriːəli],真的；确实,I really like English.,我真的很喜欢英语。,4,rj_start1,rj_start1::3年级下,learner::klose::level::4 learner::klose::released source::rj_start1 source::rj_start1::grade::3 source::rj_start1::grade::3::下
tomorrow,KV000309,tomorrow,[təˈmɒrəʊ],[təˈmɑːroʊ],明天,Tomorrow is Monday.,明天是星期一。,4,rj_start1,rj_start1::3年级下,learner::klose::level::4 learner::klose::released source::rj_start1 source::rj_start1::grade::3 source::rj_start1::grade::3::下
wake up,KV000310,wake up,[ˈweɪk ˌʌp],[ˈweɪk ˌʌp],醒来；叫醒,I wake up at seven.,我七点醒来。,4,rj_start1,rj_start1::3年级下,learner::klose::level::4 learner::klose::released source::rj_start1 source::rj_start1::grade::3 source::rj_start1::grade::3::下
be back,KV000311,be back,,,回来,I will be back soon.,我很快回来。,4,rj_start1,rj_start1::3年级下,learner::klose::level::4 learner::klose::released source::rj_start1 source::rj_start1::grade::3 source::rj_start1::grade::3::下
family,KV000312,family,[ˈfæməli],[ˈfæməli],家庭；家人,My family often has dinner together at home.,我们一家经常在家一起吃晚饭。,4,rj_start1,rj_start1::3年级下,learner::klose::level::4 learner::klose::released source::rj_start1 source::rj_start1::grade::3 source::rj_start1::grade::3::下
uncle,KV000313,uncle,[ˈʌŋk(ə)l],[ˈʌŋkl],叔叔；舅舅等,My uncle is tall.,我叔叔个子很高。,4,rj_start1,rj_start1::3年级下,learner::klose::level::4 learner::klose::released source::rj_start1 source::rj_start1::grade::3 source::rj_start1::grade::3::下
aunt,KV000314,aunt,[ɑːnt],[ænt],阿姨；姑姑；姨妈等,My aunt is a teacher.,我阿姨是老师。,4,rj_start1,rj_start1::3年级下,learner::klose::level::4 learner::klose::released source::rj_start1 source::rj_start1::grade::3 source::rj_start1::grade::3::下
cousin,KV000315,cousin,[ˈkʌzn],[ˈkʌzn],堂兄弟姐妹；表兄弟姐妹,My cousin is ten.,我的表兄弟姐妹十岁。,4,rj_start1,rj_start1::3年级下,learner::klose::level::4 learner::klose::released source::rj_start1 source::rj_start1::grade::3 source::rj_start1::grade::3::下
beautiful,KV000316,beautiful,[ˈbjuːtɪf(ə)l],[ˈbjuːtɪf(ə)l],美丽的；漂亮的,The flower is beautiful.,这朵花很漂亮。,4,rj_start1,rj_start1::3年级下,learner::klose::level::4 learner::klose::released source::rj_start1 source::rj_start1::grade::3 source::rj_start1::grade::3::下
lost,KV000317,lost,[lɒst],[lɔːst],丢失的；迷路的,My water bottle is lost.,我的水瓶丢了。,4,rj_start1,rj_start1::3年级下,learner::klose::level::4 learner::klose::released source::rj_start1 source::rj_start1::grade::3 source::rj_start1::grade::3::下
water bottle,KV000318,water bottle,,,水瓶；水壶,I always take a water bottle to PE class.,我上体育课总会带一个水瓶。,4,rj_start1,rj_start1::3年级下,learner::klose::level::4 learner::klose::released source::rj_start1 source::rj_start1::grade::3 source::rj_start1::grade::3::下
know,KV000319,know,[nəʊ],[noʊ],知道；认识,I know her name.,我知道她的名字。,4,rj_start1,rj_start1::3年级下,learner::klose::level::4 learner::klose::released source::rj_start1 source::rj_start1::grade::3 source::rj_start1::grade::3::下
ok,KV000320,ok,[əʊˈkeɪ],[oʊˈkeɪ],好的；可以,OK let's go.,好的，我们走吧。,4,rj_start1,rj_start1::3年级下,learner::klose::level::4 learner::klose::released source::rj_start1 source::rj_start1::grade::3 source::rj_start1::grade::3::下
much,KV000321,much,[mʌtʃ],[mʌtʃ],很；非常,Thank you very much.,非常感谢你。,4,rj_start1,rj_start1::3年级下,learner::klose::level::4 learner::klose::released source::rj_start1 source::rj_start1::grade::3 source::rj_start1::grade::3::下
welcome,KV000322,welcome,[ˈwelkəm],[ˈwelkəm],欢迎；不客气,You are welcome.,不客气。,4,rj_start1,rj_start1::3年级下,learner::klose::level::4 learner::klose::released source::rj_start1 source::rj_start1::grade::3 source::rj_start1::grade::3::下
cooking dinner,KV000323,cooking dinner,,,正在做晚饭,Mum is cooking dinner.,妈妈正在做晚饭。,4,rj_start1,rj_start1::3年级下,learner::klose::level::4 learner::klose::released source::rj_start1 source::rj_start1::grade::3 source::rj_start1::grade::3::下
walking the dog,KV000324,walking the dog,,,正在遛狗,I am walking the dog.,我正在遛狗。,4,rj_start1,rj_start1::3年级下,learner::klose::level::4 learner::klose::released source::rj_start1 source::rj_start1::grade::3 source::rj_start1::grade::3::下
watering the plants,KV000325,watering the plants,,,正在给植物浇水,She is watering the plants.,她正在给植物浇水。,4,rj_start1,rj_start1::3年级下,learner::klose::level::4 learner::klose::released source::rj_start1 source::rj_start1::grade::3 source::rj_start1::grade::3::下
cleaning the room,KV000326,cleaning the room,,,正在打扫房间,He is cleaning the room.,他正在打扫房间。,4,rj_start1,rj_start1::3年级下,learner::klose::level::4 learner::klose::released source::rj_start1 source::rj_start1::grade::3 source::rj_start1::grade::3::下
listening to music,KV000327,listening to music,,,正在听音乐,I am listening to music.,我正在听音乐。,4,rj_start1,rj_start1::3年级下,learner::klose::level::4 learner::klose::released source::rj_start1 source::rj_start1::grade::3 source::rj_start1::grade::3::下
watching TV,KV000328,watching TV,,,正在看电视,They are watching TV.,他们正在看电视。,4,rj_start1,rj_start1::3年级下,learner::klose::level::4 learner::klose::released source::rj_start1 source::rj_start1::grade::3 source::rj_start1::grade::3::下
feeding the fish,KV000329,feeding the fish,,,正在喂鱼,She is feeding the fish.,她正在喂鱼。,4,rj_start1,rj_start1::3年级下,learner::klose::level::4 learner::klose::released source::rj_start1 source::rj_start1::grade::3 source::rj_start1::grade::3::下
play with,KV000330,play with,[pleɪ wɪð],[pleɪ wɪð],和……一起玩,I play with my dog.,我和我的狗一起玩。,4,rj_start1,rj_start1::3年级下,learner::klose::level::4 learner::klose::released source::rj_start1 source::rj_start1::grade::3 source::rj_start1::grade::3::下
in one hour,KV000331,in one hour,,,一小时后,I will be back in one hour.,我一小时后回来。,4,rj_start1,rj_start1::3年级下,learner::klose::level::4 learner::klose::released source::rj_start1 source::rj_start1::grade::3 source::rj_start1::grade::3::下
everyone,KV000332,everyone,[ˈevriwʌn],[ˈevriwʌn],每个人；大家,Everyone is here.,大家都在这里。,4,rj_start1,rj_start1::3年级下,learner::klose::level::4 learner::klose::released source::rj_start1 source::rj_start1::grade::3 source::rj_start1::grade::3::下
children,KV000333,children,[ˈtʃɪldrən],[ˈtʃɪldrən],孩子们,The children are playing.,孩子们正在玩。,4,rj_start1,rj_start1::3年级下,learner::klose::level::4 learner::klose::released source::rj_start1 source::rj_start1::grade::3 source::rj_start1::grade::3::下
run,KV000334,run,[rʌn],[rʌn],跑；奔跑,Don't run in the classroom.,不要在教室里跑。,4,rj_start1,rj_start1::3年级下,learner::klose::level::4 learner::klose::released source::rj_start1 source::rj_start1::grade::3 source::rj_start1::grade::3::下
home,KV000335,home,[həʊm],[hoʊm],家；在家,I am at home.,我在家。,4,rj_start1,rj_start1::3年级下,learner::klose::level::4 learner::klose::released source::rj_start1 source::rj_start1::grade::3 source::rj_start1::grade::3::下
bedroom,KV000336,bedroom,[ˈbedruːm],[ˈbedruːm; ˈbedrʊm],卧室,I keep my bedroom tidy by putting things away.,我把东西收好，让卧室保持整洁。,4,rj_start1,rj_start1::3年级下,learner::klose::level::4 learner::klose::released source::rj_start1 source::rj_start1::grade::3 source::rj_start1::grade::3::下
living room,KV000337,living room,['lɪvɪŋ ru:m],[ˈlɪvɪŋ ruːm],客厅,We watch TV in the living room.,我们在客厅看电视。,4,rj_start1,rj_start1::3年级下,learner::klose::level::4 learner::klose::released source::rj_start1 source::rj_start1::grade::3 source::rj_start1::grade::3::下
bathroom,KV000338,bathroom,[ˈbɑːθruːm; ˈbɑːθrʊm],[ˈbæθruːm],浴室；卫生间,The bathroom is near my bedroom.,浴室在我的卧室附近。,4,rj_start1,rj_start1::3年级下,learner::klose::level::4 learner::klose::released source::rj_start1 source::rj_start1::grade::3 source::rj_start1::grade::3::下
dining room,KV000339,dining room,,,餐厅；饭厅,We eat dinner in the dining room.,我们在餐厅吃晚饭。,4,rj_start1,rj_start1::3年级下,learner::klose::level::4 learner::klose::released source::rj_start1 source::rj_start1::grade::3 source::rj_start1::grade::3::下
study,KV000340,study,[ˈstʌdi],[ˈstʌdi],书房；学习,Dad is reading a newspaper in the study.,爸爸正在书房里看报纸。,4,rj_start1,rj_start1::3年级下|rj_start1::6年级上,learner::klose::level::4 learner::klose::released source::rj_start1 source::rj_start1::grade::3 source::rj_start1::grade::3::下 source::rj_start1::grade::6 source::rj_start1::grade::6::上
kitchen,KV000341,kitchen,[ˈkɪtʃɪn],[ˈkɪtʃɪn],厨房,Mum is in the kitchen.,妈妈在厨房里。,4,rj_start1,rj_start1::3年级下,learner::klose::level::4 learner::klose::released source::rj_start1 source::rj_start1::grade::3 source::rj_start1::grade::3::下
for rent,KV000342,for rent,,,出租,This room is for rent.,这个房间出租。,4,rj_start1,rj_start1::3年级下,learner::klose::level::4 learner::klose::released source::rj_start1 source::rj_start1::grade::3 source::rj_start1::grade::3::下
sofa,KV000343,sofa,[ˈsəʊfə],[ˈsoʊfə],沙发,The cat is on the sofa.,猫在沙发上。,4,rj_start1,rj_start1::3年级下,learner::klose::level::4 learner::klose::released source::rj_start1 source::rj_start1::grade::3 source::rj_start1::grade::3::下
running,KV000344,running,[ˈrʌnɪŋ],[ˈrʌnɪŋ],跑步,I like running after school.,我喜欢放学后跑步。,4,rj_start1,rj_start1::4年级上,learner::klose::level::4 learner::klose::released source::rj_start1 source::rj_start1::grade::4 source::rj_start1::grade::4::上
basketball,KV000345,basketball,[ˈbɑːskɪtbɔːl],[ˈbæskɪtbɔːl],篮球,I play basketball after school.,我放学后打篮球。,4,rj_start1,rj_start1::4年级上,learner::klose::level::4 learner::klose::released source::rj_start1 source::rj_start1::grade::4 source::rj_start1::grade::4::上
roller skating,KV000346,roller skating,,,轮滑；滑旱冰,I like roller skating.,我喜欢轮滑。,4,rj_start1,rj_start1::4年级上,learner::klose::level::4 learner::klose::released source::rj_start1 source::rj_start1::grade::4 source::rj_start1::grade::4::上
jumping rope,KV000347,jumping rope,,,跳绳,She is good at jumping rope.,她擅长跳绳。,4,rj_start1,rj_start1::4年级上,learner::klose::level::4 learner::klose::released source::rj_start1 source::rj_start1::grade::4 source::rj_start1::grade::4::上
ping-pong,KV000348,ping-pong,[ˈpɪŋ pɒŋ],[ˈpɪŋ pɑːŋ],乒乓球,We play ping-pong after school.,我们放学后打乒乓球。,4,rj_start1,rj_start1::4年级上,learner::klose::level::4 learner::klose::released source::rj_start1 source::rj_start1::grade::4 source::rj_start1::grade::4::上
What about ...?,KV000349,What about ...?,,,……怎么样？,What about basketball?,篮球怎么样？,4,rj_start1,rj_start1::4年级上,learner::klose::level::4 learner::klose::released source::rj_start1 source::rj_start1::grade::4 source::rj_start1::grade::4::上
interesting,KV000350,interesting,[ˈɪntrəstɪŋ],[ˈɪntrəstɪŋ; ˈɪntrestɪŋ],有趣的,This book is interesting.,这本书很有趣。,4,rj_start1,rj_start1::4年级上,learner::klose::level::4 learner::klose::released source::rj_start1 source::rj_start1::grade::4 source::rj_start1::grade::4::上
often,KV000351,often,[ˈɒf(ə)n],[ˈɔːf(ə)n],经常；常常,I often play basketball.,我经常打篮球。,4,rj_start1,rj_start1::4年级上,learner::klose::level::4 learner::klose::released source::rj_start1 source::rj_start1::grade::4 source::rj_start1::grade::4::上
be good at,KV000352,be good at,,,擅长,He is good at swimming.,他擅长游泳。,4,rj_start1,rj_start1::4年级上,learner::klose::level::4 learner::klose::released source::rj_start1 source::rj_start1::grade::4 source::rj_start1::grade::4::上
late,KV000353,late,[leɪt],[leɪt],迟到的；晚的,Don't be late for school.,上学不要迟到。,4,rj_start1,rj_start1::4年级上,learner::klose::level::4 learner::klose::released source::rj_start1 source::rj_start1::grade::4 source::rj_start1::grade::4::上
visit one's grandparents,KV000354,visit one's grandparents,,,看望祖父母或外祖父母,I visit my grandparents on Sunday.,我星期日去看望祖父母。,4,rj_start1,rj_start1::4年级上,learner::klose::level::4 learner::klose::released source::rj_start1 source::rj_start1::grade::4 source::rj_start1::grade::4::上
go to a drawing club,KV000355,go to a drawing club,,,参加绘画俱乐部,I go to a drawing club.,我参加绘画俱乐部。,4,rj_start1,rj_start1::4年级上,learner::klose::level::4 learner::klose::released source::rj_start1 source::rj_start1::grade::4 source::rj_start1::grade::4::上
climb a hill,KV000356,climb a hill,,,爬山；爬小山,We climb a hill on Sunday.,我们星期日爬山。,4,rj_start1,rj_start1::4年级上,learner::klose::level::4 learner::klose::released source::rj_start1 source::rj_start1::grade::4 source::rj_start1::grade::4::上
pick fruit,KV000357,pick fruit,,,摘水果,We pick fruit in autumn.,我们秋天摘水果。,4,rj_start1,rj_start1::4年级上,learner::klose::level::4 learner::klose::released source::rj_start1 source::rj_start1::grade::4 source::rj_start1::grade::4::上
play computer games,KV000358,play computer games,,,玩电脑游戏,I play computer games on Saturday.,我星期六玩电脑游戏。,4,rj_start1,rj_start1::4年级上,learner::klose::level::4 learner::klose::released source::rj_start1 source::rj_start1::grade::4 source::rj_start1::grade::4::上
go fishing,KV000359,go fishing,,,去钓鱼,Dad and I go fishing.,爸爸和我去钓鱼。,4,rj_start1,rj_start1::4年级上,learner::klose::level::4 learner::klose::released source::rj_start1 source::rj_start1::grade::4 source::rj_start1::grade::4::上
go to the cinema,KV000360,go to the cinema,,,去电影院；看电影,We go to the cinema.,我们去电影院看电影。,4,rj_start1,rj_start1::4年级上,learner::klose::level::4 learner::klose::released source::rj_start1 source::rj_start1::grade::4 source::rj_start1::grade::4::上
on the weekend,KV000361,on the weekend,,,在周末,I play sports on the weekend.,我周末做运动。,4,rj_start1,rj_start1::4年级上,learner::klose::level::4 learner::klose::released source::rj_start1 source::rj_start1::grade::4 source::rj_start1::grade::4::上
fun,KV000362,fun,[fʌn],[fʌn],乐趣；有趣,Roller skating is fun.,轮滑很有趣。,4,rj_start1,rj_start1::4年级上,learner::klose::level::4 learner::klose::released source::rj_start1 source::rj_start1::grade::4 source::rj_start1::grade::4::上
always,KV000363,always,[ˈɔːlweɪz],[ˈɔːlweɪz],总是,I always get up at seven.,我总是七点起床。,4,rj_start1,rj_start1::4年级上|rj_start1::5年级下,learner::klose::level::4 learner::klose::released source::rj_start1 source::rj_start1::grade::4 source::rj_start1::grade::4::上 source::rj_start1::grade::5 source::rj_start1::grade::5::下
step,KV000364,step,[step],[step],步；台阶,Watch your step.,小心脚下。,4,rj_start1,rj_start1::4年级上,learner::klose::level::4 learner::klose::released source::rj_start1 source::rj_start1::grade::4 source::rj_start1::grade::4::上
paint,KV000365,paint,[peɪnt],[peɪnt],油漆；给……刷漆,They paint the house.,他们给房子刷漆。,4,rj_start1,rj_start1::4年级上|rj_start1::6年级上,learner::klose::level::4 learner::klose::released source::rj_start1 source::rj_start1::grade::4 source::rj_start1::grade::4::上 source::rj_start1::grade::6 source::rj_start1::grade::6::上
evening,KV000366,evening,[ˈiːvnɪŋ],[ˈiːvnɪŋ],晚上,I read books in the evening.,我晚上读书。,4,rj_start1,rj_start1::4年级上,learner::klose::level::4 learner::klose::released source::rj_start1 source::rj_start1::grade::4 source::rj_start1::grade::4::上
dirty,KV000367,dirty,[ˈdɜːti],[ˈdɜːrti],脏的,My shoes are dirty.,我的鞋脏了。,4,rj_start1,rj_start1::4年级上|rj_start1::5年级下,learner::klose::level::4 learner::klose::released source::rj_start1 source::rj_start1::grade::4 source::rj_start1::grade::4::上 source::rj_start1::grade::5 source::rj_start1::grade::5::下
their,KV000368,their,[ðeə(r)],[ðer],他们的；她们的；它们的,Their house is near the park.,他们的房子在公园附近。,4,rj_start1,rj_start1::4年级上,learner::klose::level::4 learner::klose::released source::rj_start1 source::rj_start1::grade::4 source::rj_start1::grade::4::上
house,KV000369,house,[haʊs],[haʊs],房子；住宅,Their house is beautiful.,他们的房子很漂亮。,4,rj_start1,rj_start1::4年级上,learner::klose::level::4 learner::klose::released source::rj_start1 source::rj_start1::grade::4 source::rj_start1::grade::4::上
poor,KV000370,poor,[pɔː(r)],[pʊr; pɔːr],贫穷的；可怜的,The poor family needs help.,这个贫困家庭需要帮助。,4,rj_start1,rj_start1::4年级上,learner::klose::level::4 learner::klose::released source::rj_start1 source::rj_start1::grade::4 source::rj_start1::grade::4::上
hope,KV000371,hope,[həʊp],[hoʊp],希望,I hope you are happy.,我希望你开心。,4,rj_start1,rj_start1::4年级上,learner::klose::level::4 learner::klose::released source::rj_start1 source::rj_start1::grade::4 source::rj_start1::grade::4::上
so,KV000372,so,[səʊ],[soʊ],所以；因此,It is rainy so I am at home.,下雨了，所以我在家。,4,rj_start1,rj_start1::4年级上,learner::klose::level::4 learner::klose::released source::rj_start1 source::rj_start1::grade::4 source::rj_start1::grade::4::上
day,KV000373,day,[deɪ],[deɪ],天；一天,Today is a sunny day.,今天是晴朗的一天。,4,rj_start1,rj_start1::4年级上,learner::klose::level::4 learner::klose::released source::rj_start1 source::rj_start1::grade::4 source::rj_start1::grade::4::上
usually,KV000374,usually,[ˈjuːʒuəli],[ˈjuːʒuəli; ˈjuːʒəli],通常,I usually go by bus.,我通常乘公交车去。,4,rj_start1,rj_start1::4年级上,learner::klose::level::4 learner::klose::released source::rj_start1 source::rj_start1::grade::4 source::rj_start1::grade::4::上
by bus,KV000375,by bus,,,乘公交车,I go to school by bus.,我乘公交车上学。,4,rj_start1,rj_start1::4年级上,learner::klose::level::4 learner::klose::released source::rj_start1 source::rj_start1::grade::4 source::rj_start1::grade::4::上
by boat,KV000376,by boat,,,乘小船；乘船,We go there by boat.,我们乘小船去那里。,4,rj_start1,rj_start1::4年级上,learner::klose::level::4 learner::klose::released source::rj_start1 source::rj_start1::grade::4 source::rj_start1::grade::4::上
by ship,KV000377,by ship,,,乘轮船；乘船,We go by ship.,我们乘船去。,4,rj_start1,rj_start1::4年级上,learner::klose::level::4 learner::klose::released source::rj_start1 source::rj_start1::grade::4 source::rj_start1::grade::4::上
by car,KV000378,by car,,,乘汽车,We go there by car.,我们乘汽车去那里。,4,rj_start1,rj_start1::4年级上,learner::klose::level::4 learner::klose::released source::rj_start1 source::rj_start1::grade::4 source::rj_start1::grade::4::上
by taxi,KV000379,by taxi,,,乘出租车,We go by taxi.,我们乘出租车去。,4,rj_start1,rj_start1::4年级上,learner::klose::level::4 learner::klose::released source::rj_start1 source::rj_start1::grade::4 source::rj_start1::grade::4::上
by bike,KV000380,by bike,,,骑自行车,I go to school by bike.,我骑自行车上学。,4,rj_start1,rj_start1::4年级上,learner::klose::level::4 learner::klose::released source::rj_start1 source::rj_start1::grade::4 source::rj_start1::grade::4::上
on foot,KV000381,on foot,,,步行,I go to school on foot.,我步行上学。,4,rj_start1,rj_start1::4年级上,learner::klose::level::4 learner::klose::released source::rj_start1 source::rj_start1::grade::4 source::rj_start1::grade::4::上
by school bus,KV000382,by school bus,,,乘校车,She goes to school by school bus.,她乘校车上学。,4,rj_start1,rj_start1::4年级上,learner::klose::level::4 learner::klose::released source::rj_start1 source::rj_start1::grade::4 source::rj_start1::grade::4::上
by subway,KV000383,by subway,,,乘地铁,We go by subway.,我们乘地铁去。,4,rj_start1,rj_start1::4年级上,learner::klose::level::4 learner::klose::released source::rj_start1 source::rj_start1::grade::4 source::rj_start1::grade::4::上
by plane,KV000384,by plane,,,乘飞机,We go by plane.,我们乘飞机去。,4,rj_start1,rj_start1::4年级上,learner::klose::level::4 learner::klose::released source::rj_start1 source::rj_start1::grade::4 source::rj_start1::grade::4::上
by train,KV000385,by train,,,乘火车,We go there by train.,我们乘火车去那里。,4,rj_start1,rj_start1::4年级上,learner::klose::level::4 learner::klose::released source::rj_start1 source::rj_start1::grade::4 source::rj_start1::grade::4::上
garden,KV000386,garden,[ˈɡɑːdn],[ˈɡɑːrdn],花园,There are flowers in the garden.,花园里有花。,4,rj_start1,rj_start1::4年级上|rj_start1::6年级上,learner::klose::level::4 learner::klose::released source::rj_start1 source::rj_start1::grade::4 source::rj_start1::grade::4::上 source::rj_start1::grade::6 source::rj_start1::grade::6::上
meeting place,KV000387,meeting place,[ˈmiːtɪŋ pleɪs],[ˈmiːtɪŋ pleɪs],集合地点,The gate is our meeting place.,大门是我们的集合地点。,4,rj_start1,rj_start1::4年级上,learner::klose::level::4 learner::klose::released source::rj_start1 source::rj_start1::grade::4 source::rj_start1::grade::4::上
gate,KV000388,gate,[ɡeɪt],[ɡeɪt],大门,Wait for me at the gate.,在大门口等我。,4,rj_start1,rj_start1::4年级上,learner::klose::level::4 learner::klose::released source::rj_start1 source::rj_start1::grade::4 source::rj_start1::grade::4::上
transportation,KV000389,transportation,[ˌtrænspɔːˈteɪʃn],[ˌtrænspɔːrˈteɪʃn],交通；交通方式,What transportation do you use?,你使用什么交通方式？,4,rj_start1,rj_start1::4年级上,learner::klose::level::4 learner::klose::released source::rj_start1 source::rj_start1::grade::4 source::rj_start1::grade::4::上
film,KV000390,film,[fɪlm],[fɪlm],电影,This film is interesting.,这部电影很有趣。,4,rj_start1,rj_start1::4年级上,learner::klose::level::4 learner::klose::released source::rj_start1 source::rj_start1::grade::4 source::rj_start1::grade::4::上
earth,KV000391,earth,[ɜːθ],[ɜːrθ],地球,The earth is our home.,地球是我们的家园。,4,rj_start1,rj_start1::4年级上,learner::klose::level::4 learner::klose::released source::rj_start1 source::rj_start1::grade::4 source::rj_start1::grade::4::上
snow,KV000392,snow,[snəʊ],[snoʊ],雪,There is snow in winter.,冬天有雪。,4,rj_start1,rj_start1::4年级上,learner::klose::level::4 learner::klose::released source::rj_start1 source::rj_start1::grade::4 source::rj_start1::grade::4::上
theatre,KV000393,theatre,[ˈθɪətə(r)],[ˈθiːətər],剧院,Let's go to the theatre.,我们去剧院吧。,4,rj_start1,rj_start1::4年级上,learner::klose::level::4 learner::klose::released source::rj_start1 source::rj_start1::grade::4 source::rj_start1::grade::4::上
come,KV000394,come,[kʌm],[kʌm],来,Come to my house.,来我家吧。,4,rj_start1,rj_start1::4年级上,learner::klose::level::4 learner::klose::released source::rj_start1 source::rj_start1::grade::4 source::rj_start1::grade::4::上
enjoy,KV000395,enjoy,[ɪnˈdʒɔɪ],[ɪnˈdʒɔɪ],喜欢；享受,I enjoy this film.,我喜欢这部电影。,4,rj_start1,rj_start1::4年级上,learner::klose::level::4 learner::klose::released source::rj_start1 source::rj_start1::grade::4 source::rj_start1::grade::4::上
pen,KV000396,pen,[pen],[pen],钢笔,This is my pen.,这是我的钢笔。,4,rj_start1,rj_start1::4年级上,learner::klose::level::4 learner::klose::released source::rj_start1 source::rj_start1::grade::4 source::rj_start1::grade::4::上
knife,KV000397,knife,[naɪf],[naɪf],刀,Be careful with the knife.,使用刀时要小心。,4,rj_start1,rj_start1::4年级上,learner::klose::level::4 learner::klose::released source::rj_start1 source::rj_start1::grade::4 source::rj_start1::grade::4::上
eraser,KV000398,eraser,[ɪˈreɪzə(r)],[ɪˈreɪsər],橡皮,I need an eraser.,我需要一块橡皮。,4,rj_start1,rj_start1::4年级上,learner::klose::level::4 learner::klose::released source::rj_start1 source::rj_start1::grade::4 source::rj_start1::grade::4::上
crayon,KV000399,crayon,[ˈkreɪən; ˈkreɪɒn],[ˈkreɪən; ˈkreɪɑːn],蜡笔,I draw with crayons.,我用蜡笔画画。,4,rj_start1,rj_start1::4年级上,learner::klose::level::4 learner::klose::released source::rj_start1 source::rj_start1::grade::4 source::rj_start1::grade::4::上
scissors,KV000400,scissors,[ˈsɪzəz],[ˈsɪzərz],剪刀,Be careful with the scissors.,使用剪刀时要小心。,4,rj_start1,rj_start1::4年级上,learner::klose::level::4 learner::klose::released source::rj_start1 source::rj_start1::grade::4 source::rj_start1::grade::4::上
glue stick,KV000401,glue stick,,,胶棒,I need a glue stick.,我需要一支胶棒。,4,rj_start1,rj_start1::4年级上,learner::klose::level::4 learner::klose::released source::rj_start1 source::rj_start1::grade::4 source::rj_start1::grade::4::上
paper,KV000402,paper,[ˈpeɪpə(r)],[ˈpeɪpər],纸,I draw on the paper.,我在纸上画画。,4,rj_start1,rj_start1::4年级上,learner::klose::level::4 learner::klose::released source::rj_start1 source::rj_start1::grade::4 source::rj_start1::grade::4::上
use,KV000403,use,[juːz],[juːz],使用,Can I use your pen?,我可以用你的钢笔吗？,4,rj_start1,rj_start1::4年级上,learner::klose::level::4 learner::klose::released source::rj_start1 source::rj_start1::grade::4 source::rj_start1::grade::4::上
please,KV000404,please,[pliːz],[pliːz],请,Please give me the paper.,请把纸给我。,4,rj_start1,rj_start1::4年级上|rj_start1::5年级上,learner::klose::level::4 learner::klose::released source::rj_start1 source::rj_start1::grade::4 source::rj_start1::grade::4::上 source::rj_start1::grade::5 source::rj_start1::grade::5::上
find,KV000405,find,[faɪnd],[faɪnd],找到；发现,I can't find my pen.,我找不到我的钢笔。,4,rj_start1,rj_start1::4年级上|rj_start1::6年级上,learner::klose::level::4 learner::klose::released source::rj_start1 source::rj_start1::grade::4 source::rj_start1::grade::4::上 source::rj_start1::grade::6 source::rj_start1::grade::6::上
Information Centre,KV000406,Information Centre,,,信息中心,Let's ask at the Information Centre.,我们去信息中心问问。,4,rj_start1,rj_start1::4年级上,learner::klose::level::4 learner::klose::released source::rj_start1 source::rj_start1::grade::4 source::rj_start1::grade::4::上
Excuse me,KV000407,Excuse me,[ɪk'skjʊs mi],[ɪkˈskjuːz mi],劳驾；对不起,Excuse me where is the gate?,请问大门在哪里？,4,rj_start1,rj_start1::4年级上,learner::klose::level::4 learner::klose::released source::rj_start1 source::rj_start1::grade::4 source::rj_start1::grade::4::上
phone,KV000408,phone,[fəʊn],[foʊn],电话；打电话,I have a phone.,我有一部电话。,4,rj_start1,rj_start1::4年级上,learner::klose::level::4 learner::klose::released source::rj_start1 source::rj_start1::grade::4 source::rj_start1::grade::4::上
dad,KV000409,dad,[dæd],[dæd],爸爸,My dad is a doctor.,我爸爸是医生。,4,rj_start1,rj_start1::4年级上,learner::klose::level::4 learner::klose::released source::rj_start1 source::rj_start1::grade::4 source::rj_start1::grade::4::上
hamburger,KV000410,hamburger,[ˈhæmbɜːɡə(r)],[ˈhæmbɜːrɡər],汉堡包,I want a hamburger.,我想要一个汉堡包。,4,rj_start1,rj_start1::4年级上,learner::klose::level::4 learner::klose::released source::rj_start1 source::rj_start1::grade::4 source::rj_start1::grade::4::上
shop,KV000411,shop,[ʃɒp],[ʃɑːp],商店；购物,This shop sells books.,这家商店卖书。,4,rj_start1,rj_start1::4年级上,learner::klose::level::4 learner::klose::released source::rj_start1 source::rj_start1::grade::4 source::rj_start1::grade::4::上
climb on the window ledge,KV000412,climb on the window ledge,,,爬上窗台,Don't climb on the window ledge.,不要爬窗台。,4,rj_start1,rj_start1::4年级上,learner::klose::level::4 learner::klose::released source::rj_start1 source::rj_start1::grade::4 source::rj_start1::grade::4::上
dangerous,KV000413,dangerous,[ˈdeɪndʒərəs],[ˈdeɪndʒərəs],危险的,Playing with fire is dangerous.,玩火很危险。,4,rj_start1,rj_start1::4年级上,learner::klose::level::4 learner::klose::released source::rj_start1 source::rj_start1::grade::4 source::rj_start1::grade::4::上
play with fire,KV000414,play with fire,,,玩火,Don't play with fire.,不要玩火。,4,rj_start1,rj_start1::4年级上,learner::klose::level::4 learner::klose::released source::rj_start1 source::rj_start1::grade::4 source::rj_start1::grade::4::上
Be careful!,KV000415,Be careful!,,,小心！,Be careful on the stairs!,在楼梯上要小心！,4,rj_start1,rj_start1::4年级上,learner::klose::level::4 learner::klose::released source::rj_start1 source::rj_start1::grade::4 source::rj_start1::grade::4::上
run down the stairs,KV000416,run down the stairs,,,跑下楼梯,Don't run down the stairs.,不要跑下楼梯。,4,rj_start1,rj_start1::4年级上,learner::klose::level::4 learner::klose::released source::rj_start1 source::rj_start1::grade::4 source::rj_start1::grade::4::上
sidewalk,KV000417,sidewalk,[ˈsaɪdwɔːk],[ˈsaɪdwɔːk],人行道,Walk on the sidewalk.,在人行道上走。,4,rj_start1,rj_start1::4年级上,learner::klose::level::4 learner::klose::released source::rj_start1 source::rj_start1::grade::4 source::rj_start1::grade::4::上
wait for,KV000418,wait for,,,等待,Wait for the green light.,等绿灯。,4,rj_start1,rj_start1::4年级上,learner::klose::level::4 learner::klose::released source::rj_start1 source::rj_start1::grade::4 source::rj_start1::grade::4::上
safe,KV000419,safe,[seɪf],[seɪf],安全的,It is safe to wait here.,在这里等是安全的。,4,rj_start1,rj_start1::4年级上,learner::klose::level::4 learner::klose::released source::rj_start1 source::rj_start1::grade::4 source::rj_start1::grade::4::上
stop,KV000420,stop,[stɒp],[stɑːp],停；停止,Stop at the red light.,红灯时停下来。,4,rj_start1,rj_start1::4年级上,learner::klose::level::4 learner::klose::released source::rj_start1 source::rj_start1::grade::4 source::rj_start1::grade::4::上
street,KV000421,street,[striːt],[striːt],街道,Don't run in the street.,不要在街道上跑。,4,rj_start1,rj_start1::4年级上|rj_start1::4年级下,learner::klose::level::4 learner::klose::released source::rj_start1 source::rj_start1::grade::4 source::rj_start1::grade::4::上 source::rj_start1::grade::4::下
safety rule,KV000422,safety rule,,,安全规则,Follow the safety rules.,遵守安全规则。,4,rj_start1,rj_start1::4年级上,learner::klose::level::4 learner::klose::released source::rj_start1 source::rj_start1::grade::4 source::rj_start1::grade::4::上
nurse,KV000423,nurse,[nɜːs],[nɜːrs],护士,The nurse helps sick people.,护士帮助病人。,4,rj_start1,rj_start1::4年级上,learner::klose::level::4 learner::klose::released source::rj_start1 source::rj_start1::grade::4 source::rj_start1::grade::4::上
cook,KV000424,cook,[kʊk],[kʊk],厨师；做饭,My uncle is a cook.,我叔叔是一名厨师。,4,rj_start1,rj_start1::4年级上,learner::klose::level::4 learner::klose::released source::rj_start1 source::rj_start1::grade::4 source::rj_start1::grade::4::上
doctor,KV000425,doctor,[ˈdɒktə(r)],[ˈdɑːktər],医生,The doctor helps sick people.,医生帮助病人。,4,rj_start1,rj_start1::4年级上,learner::klose::level::4 learner::klose::released source::rj_start1 source::rj_start1::grade::4 source::rj_start1::grade::4::上
bus driver,KV000426,bus driver,,,公交车司机,The bus driver drives a bus.,公交车司机开公交车。,4,rj_start1,rj_start1::4年级上,learner::klose::level::4 learner::klose::released source::rj_start1 source::rj_start1::grade::4 source::rj_start1::grade::4::上
police officer,KV000427,police officer,[pəˈliːs ɒfɪsə(r)],[pəˈlis ˈɔfɪsɚ],警察；警官,The police officer helps people.,警察帮助人们。,4,rj_start1,rj_start1::4年级上,learner::klose::level::4 learner::klose::released source::rj_start1 source::rj_start1::grade::4 source::rj_start1::grade::4::上
taxi driver,KV000428,taxi driver,,,出租车司机,My father is a taxi driver.,我爸爸是出租车司机。,4,rj_start1,rj_start1::4年级上,learner::klose::level::4 learner::klose::released source::rj_start1 source::rj_start1::grade::4 source::rj_start1::grade::4::上
farmer,KV000429,farmer,[ˈfɑːmə(r)],[ˈfɑːrmər],农民,The farmer is a worker.,农民是一名劳动者。,4,rj_start1,rj_start1::4年级上,learner::klose::level::4 learner::klose::released source::rj_start1 source::rj_start1::grade::4 source::rj_start1::grade::4::上
worker,KV000430,worker,[ˈwɜːkə(r)],[ˈwɜːrkər],工人,The worker works hard.,工人努力工作。,4,rj_start1,rj_start1::4年级上,learner::klose::level::4 learner::klose::released source::rj_start1 source::rj_start1::grade::4 source::rj_start1::grade::4::上
in the future,KV000431,in the future,,,将来；未来,I want to be a doctor in the future.,我将来想当医生。,4,rj_start1,rj_start1::4年级上,learner::klose::level::4 learner::klose::released source::rj_start1 source::rj_start1::grade::4 source::rj_start1::grade::4::上
great,KV000432,great,[ɡreɪt],[ɡreɪt],很棒的；伟大的,That is a great job.,那是一份很棒的工作。,4,rj_start1,rj_start1::4年级上|rj_start1::5年级上,learner::klose::level::4 learner::klose::released source::rj_start1 source::rj_start1::grade::4 source::rj_start1::grade::4::上 source::rj_start1::grade::5 source::rj_start1::grade::5::上
job,KV000433,job,[dʒɒb],[dʒɑːb],工作；职业,What is your father's job?,你爸爸做什么工作？,4,rj_start1,rj_start1::4年级上,learner::klose::level::4 learner::klose::released source::rj_start1 source::rj_start1::grade::4 source::rj_start1::grade::4::上
sick,KV000434,sick,[sɪk],[sɪk],生病的,The doctor helps sick people.,医生帮助病人。,4,rj_start1,rj_start1::4年级上,learner::klose::level::4 learner::klose::released source::rj_start1 source::rj_start1::grade::4 source::rj_start1::grade::4::上
people,KV000435,people,[ˈpiːp(ə)l],[ˈpiːpl],人们,Many people are here.,许多人在这里。,4,rj_start1,rj_start1::4年级上,learner::klose::level::4 learner::klose::released source::rj_start1 source::rj_start1::grade::4 source::rj_start1::grade::4::上
teach,KV000436,teach,[tiːtʃ],[tiːtʃ],教,Teachers teach children.,老师教孩子们。,4,rj_start1,rj_start1::4年级上|rj_start1::5年级上,learner::klose::level::4 learner::klose::released source::rj_start1 source::rj_start1::grade::4 source::rj_start1::grade::4::上 source::rj_start1::grade::5 source::rj_start1::grade::5::上
just,KV000437,just,[dʒʌst],[dʒʌst],只是；仅仅,I just want to help.,我只是想帮忙。,4,rj_start1,rj_start1::4年级上,learner::klose::level::4 learner::klose::released source::rj_start1 source::rj_start1::grade::4 source::rj_start1::grade::4::上
myself,KV000438,myself,[maɪˈself],[maɪˈself],我自己,I can do it myself.,我可以自己做。,4,rj_start1,rj_start1::4年级上,learner::klose::level::4 learner::klose::released source::rj_start1 source::rj_start1::grade::4 source::rj_start1::grade::4::上
sound,KV000439,sound,[saʊnd],[saʊnd],听起来；声音,That sounds great.,那听起来很棒。,4,rj_start1,rj_start1::4年级上,learner::klose::level::4 learner::klose::released source::rj_start1 source::rj_start1::grade::4 source::rj_start1::grade::4::上
across from,KV000440,across from,,,在……对面,The bank is across from the hotel.,银行在酒店对面。,4,rj_start1,rj_start1::4年级下,learner::klose::level::4 learner::klose::released source::rj_start1 source::rj_start1::grade::4 source::rj_start1::grade::4::下
next to,KV000441,next to,,,紧挨着；在……旁边,The post office is next to the bank.,邮局在银行旁边。,4,rj_start1,rj_start1::4年级下,learner::klose::level::4 learner::klose::released source::rj_start1 source::rj_start1::grade::4 source::rj_start1::grade::4::下
between,KV000442,between,[bɪˈtwiːn],[bɪˈtwiːn],在……之间,The shop is between the bank and hotel.,商店在银行和酒店之间。,4,rj_start1,rj_start1::4年级下,learner::klose::level::4 learner::klose::released source::rj_start1 source::rj_start1::grade::4 source::rj_start1::grade::4::下
restaurant,KV000443,restaurant,[ˈrestrɒnt],[ˈrestrɑːnt; ˈrestərɑːnt],餐馆；饭店,We eat dinner at the restaurant.,我们在餐馆吃晚饭。,4,rj_start1,rj_start1::4年级下,learner::klose::level::4 learner::klose::released source::rj_start1 source::rj_start1::grade::4 source::rj_start1::grade::4::下
post office,KV000444,post office,[ˈpəust ɔfis],[ˈpost ɔfɪs],邮局,I go to the post office.,我去邮局。,4,rj_start1,rj_start1::4年级下,learner::klose::level::4 learner::klose::released source::rj_start1 source::rj_start1::grade::4 source::rj_start1::grade::4::下
bank,KV000445,bank,[bæŋk],[bæŋk],银行,The bank is near the hotel.,银行在酒店附近。,4,rj_start1,rj_start1::4年级下,learner::klose::level::4 learner::klose::released source::rj_start1 source::rj_start1::grade::4 source::rj_start1::grade::4::下
grocery,KV000446,grocery,[ˈɡrəʊsəri],[ˈɡroʊsəri],食品杂货店；杂货店,We buy food at the grocery.,我们在杂货店买食物。,4,rj_start1,rj_start1::4年级下,learner::klose::level::4 learner::klose::released source::rj_start1 source::rj_start1::grade::4 source::rj_start1::grade::4::下
turn left,KV000447,turn left,[tɜ:n left],[tɝ​n lɛft],向左转,Turn left at the crossroads.,在十字路口向左转。,4,rj_start1,rj_start1::4年级下,learner::klose::level::4 learner::klose::released source::rj_start1 source::rj_start1::grade::4 source::rj_start1::grade::4::下
turn right,KV000448,turn right,,,向右转,Turn right at the bank.,在银行那里向右转。,4,rj_start1,rj_start1::4年级下,learner::klose::level::4 learner::klose::released source::rj_start1 source::rj_start1::grade::4 source::rj_start1::grade::4::下
go straight,KV000449,go straight,,,直走,Go straight and turn left.,直走然后左转。,4,rj_start1,rj_start1::4年级下,learner::klose::level::4 learner::klose::released source::rj_start1 source::rj_start1::grade::4 source::rj_start1::grade::4::下
crossroads,KV000450,crossroads,[ˈkrɒsrəʊdz],[ˈkrɔːsroʊdz],十字路口,Turn right at the crossroads.,在十字路口右转。,4,rj_start1,rj_start1::4年级下,learner::klose::level::4 learner::klose::released source::rj_start1 source::rj_start1::grade::4 source::rj_start1::grade::4::下
neighbourhood,KV000451,neighbourhood,[ˈneɪbəhʊd],[ˈneɪbərhʊd],街区；社区,There is a park in my neighbourhood.,我的社区里有一个公园。,4,rj_start1,rj_start1::4年级下,learner::klose::level::4 learner::klose::released source::rj_start1 source::rj_start1::grade::4 source::rj_start1::grade::4::下
send,KV000452,send,[send],[send],发送；寄,I send a card.,我寄一张卡片。,4,rj_start1,rj_start1::4年级下,learner::klose::level::4 learner::klose::released source::rj_start1 source::rj_start1::grade::4 source::rj_start1::grade::4::下
get,KV000453,get,[ɡet],[ɡet],得到；取得,I get a present today.,我今天得到一份礼物。,4,rj_start1,rj_start1::4年级下,learner::klose::level::4 learner::klose::released source::rj_start1 source::rj_start1::grade::4 source::rj_start1::grade::4::下
money,KV000454,money,[ˈmʌni],[ˈmʌni],钱,I have some money.,我有一些钱。,4,rj_start1,rj_start1::4年级下,learner::klose::level::4 learner::klose::released source::rj_start1 source::rj_start1::grade::4 source::rj_start1::grade::4::下
get to,KV000455,get to,,,到达,How can I get to the bank?,我怎样到银行？,4,rj_start1,rj_start1::4年级下,learner::klose::level::4 learner::klose::released source::rj_start1 source::rj_start1::grade::4 source::rj_start1::grade::4::下
before,KV000456,before,[bɪˈfɔː(r)],[bɪˈfɔːr],在……之前,I get up before seven.,我七点前起床。,4,rj_start1,rj_start1::4年级下|rj_start1::5年级下,learner::klose::level::4 learner::klose::released source::rj_start1 source::rj_start1::grade::4 source::rj_start1::grade::4::下 source::rj_start1::grade::5 source::rj_start1::grade::5::下
leave,KV000457,leave,[liːv],[liːv],离开,We leave home at eight.,我们八点离开家。,4,rj_start1,rj_start1::4年级下,learner::klose::level::4 learner::klose::released source::rj_start1 source::rj_start1::grade::4 source::rj_start1::grade::4::下
toy,KV000458,toy,[tɔɪ],[tɔɪ],玩具,This shop sells toys.,这家商店卖玩具。,4,rj_start1,rj_start1::4年级下,learner::klose::level::4 learner::klose::released source::rj_start1 source::rj_start1::grade::4 source::rj_start1::grade::4::下
city,KV000459,city,[ˈsɪti],[ˈsɪti],城市,This city is beautiful.,这座城市很漂亮。,4,rj_start1,rj_start1::4年级下,learner::klose::level::4 learner::klose::released source::rj_start1 source::rj_start1::grade::4 source::rj_start1::grade::4::下
sports centre,KV000460,sports centre,,,体育中心,We play basketball at the sports centre.,我们在体育中心打篮球。,4,rj_start1,rj_start1::4年级下,learner::klose::level::4 learner::klose::released source::rj_start1 source::rj_start1::grade::4 source::rj_start1::grade::4::下
hotel,KV000461,hotel,[həʊˈtel],[hoʊˈtel],酒店；旅馆,We stay at a hotel.,我们住在酒店。,4,rj_start1,rj_start1::4年级下,learner::klose::level::4 learner::klose::released source::rj_start1 source::rj_start1::grade::4 source::rj_start1::grade::4::下
square,KV000462,square,[skweə(r)],[skwer],广场,There are many people in the square.,广场上有很多人。,4,rj_start1,rj_start1::4年级下,learner::klose::level::4 learner::klose::released source::rj_start1 source::rj_start1::grade::4 source::rj_start1::grade::4::下
buy toys,KV000463,buy toys,,,买玩具,We buy toys at the shop.,我们在商店买玩具。,4,rj_start1,rj_start1::4年级下,learner::klose::level::4 learner::klose::released source::rj_start1 source::rj_start1::grade::4 source::rj_start1::grade::4::下
see a film,KV000464,see a film,,,看电影,We see a film at the cinema.,我们在电影院看电影。,4,rj_start1,rj_start1::4年级下,learner::klose::level::4 learner::klose::released source::rj_start1 source::rj_start1::grade::4 source::rj_start1::grade::4::下
go boating,KV000465,go boating,,,去划船,We go boating on the lake.,我们在湖上划船。,4,rj_start1,rj_start1::4年级下,learner::klose::level::4 learner::klose::released source::rj_start1 source::rj_start1::grade::4 source::rj_start1::grade::4::下
busy,KV000466,busy,[ˈbɪzi],[ˈbɪzi],忙的,The street is busy today.,今天街上很繁忙。,4,rj_start1,rj_start1::4年级下,learner::klose::level::4 learner::klose::released source::rj_start1 source::rj_start1::grade::4 source::rj_start1::grade::4::下
station,KV000467,station,[ˈsteɪʃ(ə)n],[ˈsteɪʃn],车站,The station is near the hotel.,车站在酒店附近。,4,rj_start1,rj_start1::4年级下,learner::klose::level::4 learner::klose::released source::rj_start1 source::rj_start1::grade::4 source::rj_start1::grade::4::下
place,KV000468,place,[pleɪs],[pleɪs],地方,This is a beautiful place.,这是一个美丽的地方。,4,rj_start1,rj_start1::4年级下,learner::klose::level::4 learner::klose::released source::rj_start1 source::rj_start1::grade::4 source::rj_start1::grade::4::下
thing,KV000469,thing,[θɪŋ],[θɪŋ],东西；事情,I have many things to do.,我有很多事情要做。,4,rj_start1,rj_start1::4年级下,learner::klose::level::4 learner::klose::released source::rj_start1 source::rj_start1::grade::4 source::rj_start1::grade::4::下
stay,KV000470,stay,[steɪ],[steɪ],停留；待,We stay at home today.,我们今天待在家里。,4,rj_start1,rj_start1::4年级下,learner::klose::level::4 learner::klose::released source::rj_start1 source::rj_start1::grade::4 source::rj_start1::grade::4::下
star,KV000471,star,[stɑː(r)],[stɑːr],星星,We can see many stars.,我们能看到许多星星。,4,rj_start1,rj_start1::4年级下,learner::klose::level::4 learner::klose::released source::rj_start1 source::rj_start1::grade::4 source::rj_start1::grade::4::下
king,KV000472,king,[kɪŋ],[kɪŋ],国王,The king lives in a big house.,国王住在一所大房子里。,4,rj_start1,rj_start1::4年级下,learner::klose::level::4 learner::klose::released source::rj_start1 source::rj_start1::grade::4 source::rj_start1::grade::4::下
central,KV000473,central,[ˈsentrəl],[ˈsentrəl],中心的；中央的,The museum is in the central square.,博物馆在中心广场。,4,rj_start1,rj_start1::4年级下,learner::klose::level::4 learner::klose::released source::rj_start1 source::rj_start1::grade::4 source::rj_start1::grade::4::下
take photos,KV000474,take photos,,,拍照,We take photos at the Great Wall.,我们在长城拍照。,4,rj_start1,rj_start1::4年级下,learner::klose::level::4 learner::klose::released source::rj_start1 source::rj_start1::grade::4 source::rj_start1::grade::4::下
museum,KV000475,museum,[mjuˈziːəm],[mjuˈziːəm],博物馆,We visit the museum today.,我们今天参观博物馆。,4,rj_start1,rj_start1::4年级下,learner::klose::level::4 learner::klose::released source::rj_start1 source::rj_start1::grade::4 source::rj_start1::grade::4::下
dream,KV000476,dream,[driːm],[driːm],梦想,My dream is to travel.,我的梦想是去旅行。,4,rj_start1,rj_start1::4年级下,learner::klose::level::4 learner::klose::released source::rj_start1 source::rj_start1::grade::4 source::rj_start1::grade::4::下
sea,KV000477,sea,[siː],[siː],海,We swim in the sea.,我们在海里游泳。,4,rj_start1,rj_start1::4年级下,learner::klose::level::4 learner::klose::released source::rj_start1 source::rj_start1::grade::4 source::rj_start1::grade::4::下
ski,KV000478,ski,[skiː],[skiː],滑雪,I want to ski in winter.,我想冬天去滑雪。,4,rj_start1,rj_start1::4年级下,learner::klose::level::4 learner::klose::released source::rj_start1 source::rj_start1::grade::4 source::rj_start1::grade::4::下
eat seafood,KV000479,eat seafood,,,吃海鲜,We eat seafood by the sea.,我们在海边吃海鲜。,4,rj_start1,rj_start1::4年级下,learner::klose::level::4 learner::klose::released source::rj_start1 source::rj_start1::grade::4 source::rj_start1::grade::4::下
visit the Mogao Caves,KV000480,visit the Mogao Caves,,,参观莫高窟,We visit the Mogao Caves.,我们参观莫高窟。,4,rj_start1,rj_start1::4年级下,learner::klose::level::4 learner::klose::released source::rj_start1 source::rj_start1::grade::4 source::rj_start1::grade::4::下
West Lake,KV000481,West Lake,,,西湖,West Lake is beautiful.,西湖很美。,4,rj_start1,rj_start1::4年级下,learner::klose::level::4 learner::klose::released source::rj_start1 source::rj_start1::grade::4 source::rj_start1::grade::4::下
row a boat,KV000482,row a boat,,,划船,We row a boat on West Lake.,我们在西湖划船。,4,rj_start1,rj_start1::4年级下,learner::klose::level::4 learner::klose::released source::rj_start1 source::rj_start1::grade::4 source::rj_start1::grade::4::下
the Great Wall,KV000483,the Great Wall,,,长城,We visit the Great Wall.,我们参观长城。,4,rj_start1,rj_start1::4年级下,learner::klose::level::4 learner::klose::released source::rj_start1 source::rj_start1::grade::4 source::rj_start1::grade::4::下
summer vacation,KV000484,summer vacation,,,暑假,We travel in summer vacation.,我们暑假去旅行。,4,rj_start1,rj_start1::4年级下,learner::klose::level::4 learner::klose::released source::rj_start1 source::rj_start1::grade::4 source::rj_start1::grade::4::下
travel,KV000485,travel,[ˈtræv(ə)l],[ˈtrævl],旅行；旅游,I like to travel with my family.,我喜欢和家人旅行。,4,rj_start1,rj_start1::4年级下,learner::klose::level::4 learner::klose::released source::rj_start1 source::rj_start1::grade::4 source::rj_start1::grade::4::下
reading,KV000486,reading,[ˈriːdɪŋ],[ˈriːdɪŋ],阅读；读书,Reading is my hobby.,阅读是我的爱好。,4,rj_start1,rj_start1::4年级下,learner::klose::level::4 learner::klose::released source::rj_start1 source::rj_start1::grade::4 source::rj_start1::grade::4::下
skateboarding,KV000487,skateboarding,[ˈskeɪtbɔːdɪŋ],[ˈskeɪtbɔːrdɪŋ],滑板运动,Skateboarding is my hobby.,滑板运动是我的爱好。,4,rj_start1,rj_start1::4年级下,learner::klose::level::4 learner::klose::released source::rj_start1 source::rj_start1::grade::4 source::rj_start1::grade::4::下
singing,KV000488,singing,[ˈsɪŋɪŋ],[ˈsɪŋɪŋ],唱歌,Singing is my hobby.,唱歌是我的爱好。,4,rj_start1,rj_start1::4年级下,learner::klose::level::4 learner::klose::released source::rj_start1 source::rj_start1::grade::4 source::rj_start1::grade::4::下
dancing,KV000489,dancing,[ˈdɑːnsɪŋ],[ˈdænsɪŋ],跳舞,Dancing is her hobby.,跳舞是她的爱好。,4,rj_start1,rj_start1::4年级下,learner::klose::level::4 learner::klose::released source::rj_start1 source::rj_start1::grade::4 source::rj_start1::grade::4::下
doing jigsaw puzzles,KV000490,doing jigsaw puzzles,,,拼拼图,I like doing jigsaw puzzles.,我喜欢拼拼图。,4,rj_start1,rj_start1::4年级下,learner::klose::level::4 learner::klose::released source::rj_start1 source::rj_start1::grade::4 source::rj_start1::grade::4::下
making models,KV000491,making models,,,做模型,He likes making models.,他喜欢做模型。,4,rj_start1,rj_start1::4年级下,learner::klose::level::4 learner::klose::released source::rj_start1 source::rj_start1::grade::4 source::rj_start1::grade::4::下
collecting erasers,KV000492,collecting erasers,,,收集橡皮,She likes collecting erasers.,她喜欢收集橡皮。,4,rj_start1,rj_start1::4年级下,learner::klose::level::4 learner::klose::released source::rj_start1 source::rj_start1::grade::4 source::rj_start1::grade::4::下
different,KV000493,different,[ˈdɪfrənt],[ˈdɪfrənt],不同的,We have different hobbies.,我们有不同的爱好。,4,rj_start1,rj_start1::4年级下,learner::klose::level::4 learner::klose::released source::rj_start1 source::rj_start1::grade::4 source::rj_start1::grade::4::下
hobby,KV000494,hobby,[ˈhɒbi],[ˈhɑːbi],爱好,Reading is my hobby.,阅读是我的爱好。,4,rj_start1,rj_start1::4年级下,learner::klose::level::4 learner::klose::released source::rj_start1 source::rj_start1::grade::4 source::rj_start1::grade::4::下
stamp,KV000495,stamp,[stæmp],[stæmp],邮票,I like collecting stamps.,我喜欢集邮。,4,rj_start1,rj_start1::4年级下,learner::klose::level::4 learner::klose::released source::rj_start1 source::rj_start1::grade::4 source::rj_start1::grade::4::下
catch,KV000496,catch,[kætʃ],[kætʃ],抓住；捕捉,The cat can catch a fish.,猫能抓到鱼。,4,rj_start1,rj_start1::4年级下,learner::klose::level::4 learner::klose::released source::rj_start1 source::rj_start1::grade::4 source::rj_start1::grade::4::下
go for a picnic,KV000497,go for a picnic,,,去野餐,We go for a picnic on Sunday.,我们星期日去野餐。,4,rj_start1,rj_start1::4年级下,learner::klose::level::4 learner::klose::released source::rj_start1 source::rj_start1::grade::4 source::rj_start1::grade::4::下
play the violin,KV000498,play the violin,,,拉小提琴,She can play the violin.,她会拉小提琴。,4,rj_start1,rj_start1::4年级下,learner::klose::level::4 learner::klose::released source::rj_start1 source::rj_start1::grade::4 source::rj_start1::grade::4::下
go skating,KV000499,go skating,,,去滑冰,We go skating in winter.,我们冬天去滑冰。,4,rj_start1,rj_start1::4年级下,learner::klose::level::4 learner::klose::released source::rj_start1 source::rj_start1::grade::4 source::rj_start1::grade::4::下
go camping,KV000500,go camping,,,去露营,We go camping in summer.,我们夏天去露营。,4,rj_start1,rj_start1::4年级下,learner::klose::level::4 learner::klose::released source::rj_start1 source::rj_start1::grade::4 source::rj_start1::grade::4::下
do the housework,KV000501,do the housework,,,做家务,I help do the housework.,我帮忙做家务。,4,rj_start1,rj_start1::4年级下,learner::klose::level::4 learner::klose::released source::rj_start1 source::rj_start1::grade::4 source::rj_start1::grade::4::下
free,KV000502,free,[friː],[friː],空闲的,Are you free on Sunday?,你星期日有空吗？,4,rj_start1,rj_start1::4年级下,learner::klose::level::4 learner::klose::released source::rj_start1 source::rj_start1::grade::4 source::rj_start1::grade::4::下
never,KV000503,never,[ˈnevə(r)],[ˈnevər],从不；从未,I never play with fire.,我从不玩火。,4,rj_start1,rj_start1::4年级下,learner::klose::level::4 learner::klose::released source::rj_start1 source::rj_start1::grade::4 source::rj_start1::grade::4::下
once a week,KV000504,once a week,,,每周一次,I go swimming once a week.,我每周游泳一次。,4,rj_start1,rj_start1::4年级下,learner::klose::level::4 learner::klose::released source::rj_start1 source::rj_start1::grade::4 source::rj_start1::grade::4::下
twice a week,KV000505,twice a week,,,每周两次,I play basketball twice a week.,我每周打两次篮球。,4,rj_start1,rj_start1::4年级下,learner::klose::level::4 learner::klose::released source::rj_start1 source::rj_start1::grade::4 source::rj_start1::grade::4::下
three times a week,KV000506,three times a week,,,每周三次,I read books three times a week.,我每周读三次书。,4,rj_start1,rj_start1::4年级下,learner::klose::level::4 learner::klose::released source::rj_start1 source::rj_start1::grade::4 source::rj_start1::grade::4::下
Canada,KV000507,Canada,[ˈkænədə],[ˈkænədə],加拿大,Canada is a big country.,加拿大是一个大国。,4,rj_start1,rj_start1::4年级下,learner::klose::level::4 learner::klose::released source::rj_start1 source::rj_start1::grade::4 source::rj_start1::grade::4::下
Australia,KV000508,Australia,[ɒˈstreɪliə],[ɔːˈstreɪliə],澳大利亚,Koalas live in Australia.,考拉生活在澳大利亚。,4,rj_start1,rj_start1::4年级下,learner::klose::level::4 learner::klose::released source::rj_start1 source::rj_start1::grade::4 source::rj_start1::grade::4::下
the UK,KV000509,the UK,,,英国,Big Ben is in the UK.,大本钟在英国。,4,rj_start1,rj_start1::4年级下,learner::klose::level::4 learner::klose::released source::rj_start1 source::rj_start1::grade::4 source::rj_start1::grade::4::下
the USA,KV000510,the USA,,,美国,Disneyland is in the USA.,迪士尼乐园在美国。,4,rj_start1,rj_start1::4年级下,learner::klose::level::4 learner::klose::released source::rj_start1 source::rj_start1::grade::4 source::rj_start1::grade::4::下
China,KV000511,China,[ˈtʃaɪnə],[ˈtʃaɪnə],中国,The Great Wall is in China.,长城在中国。,4,rj_start1,rj_start1::4年级下,learner::klose::level::4 learner::klose::released source::rj_start1 source::rj_start1::grade::4 source::rj_start1::grade::4::下
koala,KV000512,koala,[kəʊˈɑːlə],[koʊˈɑːlə],考拉；树袋熊,The koala is cute.,考拉很可爱。,4,rj_start1,rj_start1::4年级下,learner::klose::level::4 learner::klose::released source::rj_start1 source::rj_start1::grade::4 source::rj_start1::grade::4::下
maple leaves,KV000513,maple leaves,,,枫叶,Maple leaves are beautiful.,枫叶很漂亮。,4,rj_start1,rj_start1::4年级下,learner::klose::level::4 learner::klose::released source::rj_start1 source::rj_start1::grade::4 source::rj_start1::grade::4::下
Big Ben,KV000514,Big Ben,,,大本钟,Big Ben is in the UK.,大本钟在英国。,4,rj_start1,rj_start1::4年级下,learner::klose::level::4 learner::klose::released source::rj_start1 source::rj_start1::grade::4 source::rj_start1::grade::4::下
Disneyland,KV000515,Disneyland,[ˈdɪznilænd],[ˈdɪznilænd],迪士尼乐园,I want to visit Disneyland.,我想参观迪士尼乐园。,4,rj_start1,rj_start1::4年级下,learner::klose::level::4 learner::klose::released source::rj_start1 source::rj_start1::grade::4 source::rj_start1::grade::4::下
campfire,KV000516,campfire,[ˈkæmpfaɪə(r)],[ˈkæmpfaɪər],篝火；营火,We sit by the campfire.,我们坐在篝火旁。,4,rj_start1,rj_start1::4年级下,learner::klose::level::4 learner::klose::released source::rj_start1 source::rj_start1::grade::4 source::rj_start1::grade::4::下
cute,KV000517,cute,[kjuːt],[kjuːt],可爱的,The koala is very cute.,考拉非常可爱。,4,rj_start1,rj_start1::4年级下|rj_start1::5年级上,learner::klose::level::4 learner::klose::released source::rj_start1 source::rj_start1::grade::4 source::rj_start1::grade::4::下 source::rj_start1::grade::5 source::rj_start1::grade::5::上
country,KV000518,country,[ˈkʌntri],[ˈkʌntri],国家,China is my country.,中国是我的国家。,4,rj_start1,rj_start1::4年级下,learner::klose::level::4 learner::klose::released source::rj_start1 source::rj_start1::grade::4 source::rj_start1::grade::4::下
clever,KV000519,clever,[ˈklevə(r)],[ˈklevər],聪明的,She is clever and helpful.,她聪明又乐于助人。,4,rj_start1,rj_start1::5年级上,learner::klose::level::4 source::rj_start1 source::rj_start1::grade::5 source::rj_start1::grade::5::上
careless,KV000520,careless,[ˈkeələs],[ˈkerləs],粗心的,Don't be careless with your homework.,做作业不要粗心。,4,rj_start1,rj_start1::5年级上,learner::klose::level::4 source::rj_start1 source::rj_start1::grade::5 source::rj_start1::grade::5::上
polite,KV000521,polite,[pəˈlaɪt],[pəˈlaɪt],有礼貌的,The boy is polite to everyone.,这个男孩对每个人都很有礼貌。,4,rj_start1,rj_start1::5年级上,learner::klose::level::4 source::rj_start1 source::rj_start1::grade::5 source::rj_start1::grade::5::上
quiet,KV000522,quiet,[ˈkwaɪət],[ˈkwaɪət],安静的；文静的,She is quiet in class.,她在课堂上很安静。,4,rj_start1,rj_start1::5年级上,learner::klose::level::4 source::rj_start1 source::rj_start1::grade::5 source::rj_start1::grade::5::上
friendly,KV000523,friendly,[ˈfrendli],[ˈfrendli],友好的,Our new teacher is friendly.,我们的新老师很友好。,4,rj_start1,rj_start1::5年级上,learner::klose::level::4 source::rj_start1 source::rj_start1::grade::5 source::rj_start1::grade::5::上
helpful,KV000524,helpful,[ˈhelpfl],[ˈhelpfl],乐于助人的；有帮助的,He is always helpful at home.,他在家总是乐于帮忙。,4,rj_start1,rj_start1::5年级上,learner::klose::level::4 source::rj_start1 source::rj_start1::grade::5 source::rj_start1::grade::5::上
active,KV000525,active,[ˈæktɪv],[ˈæktɪv],活跃的；积极的,She is active in class.,她在课堂上很活跃。,4,rj_start1,rj_start1::5年级上,learner::klose::level::4 source::rj_start1 source::rj_start1::grade::5 source::rj_start1::grade::5::上
popular,KV000526,popular,[ˈpɒpjələ(r)],[ˈpɑːpjələr],受欢迎的,He is popular at school.,他在学校很受欢迎。,4,rj_start1,rj_start1::5年级上,learner::klose::level::4 source::rj_start1 source::rj_start1::grade::5 source::rj_start1::grade::5::上
talk,KV000527,talk,[tɔːk],[tɔːk],交谈；说话,We often talk after school.,我们经常放学后聊天。,4,rj_start1,rj_start1::5年级上,learner::klose::level::4 source::rj_start1 source::rj_start1::grade::5 source::rj_start1::grade::5::上
all,KV000528,all,[ɔːl],[ɔːl],全部；所有,All the children are here.,所有孩子都在这里。,4,rj_start1,rj_start1::5年级上,learner::klose::level::4 source::rj_start1 source::rj_start1::grade::5 source::rj_start1::grade::5::上
but,KV000529,but,[bət],[bət; bʌt],但是,He is young but tall.,他很年轻但是个子高。,4,rj_start1,rj_start1::5年级上,learner::klose::level::4 source::rj_start1 source::rj_start1::grade::5 source::rj_start1::grade::5::上
sometimes,KV000530,sometimes,[ˈsʌmtaɪmz],[ˈsʌmtaɪmz],有时,I sometimes go to the library.,我有时去图书馆。,4,rj_start1,rj_start1::5年级上,learner::klose::level::4 source::rj_start1 source::rj_start1::grade::5 source::rj_start1::grade::5::上
bark,KV000531,bark,[bɑːk],[bɑːrk],狗叫；吠,The dog barks at night.,狗在晚上叫。,4,rj_start1,rj_start1::5年级上,learner::klose::level::4 source::rj_start1 source::rj_start1::grade::5 source::rj_start1::grade::5::上
forget,KV000532,forget,[fəˈɡet],[fərˈɡet],忘记,Don't forget your schoolbag.,别忘了你的书包。,4,rj_start1,rj_start1::5年级上,learner::klose::level::4 source::rj_start1 source::rj_start1::grade::5 source::rj_start1::grade::5::上
with,KV000533,with,[wɪð],[wɪð; wɪθ],和；跟；带有,I play with my friends.,我和朋友一起玩。,4,rj_start1,rj_start1::5年级上,learner::klose::level::4 source::rj_start1 source::rj_start1::grade::5 source::rj_start1::grade::5::上
wear glasses,KV000534,wear glasses,,,戴眼镜,My teacher wears glasses.,我的老师戴眼镜。,4,rj_start1,rj_start1::5年级上,learner::klose::level::4 source::rj_start1 source::rj_start1::grade::5 source::rj_start1::grade::5::上
slim,KV000535,slim,[slɪm],[slɪm],苗条的,My sister is tall and slim.,我姐姐高而苗条。,4,rj_start1,rj_start1::5年级上,learner::klose::level::4 source::rj_start1 source::rj_start1::grade::5 source::rj_start1::grade::5::上
curly,KV000536,curly,[ˈkɜːli],[ˈkɜːrli],卷曲的,She has curly hair.,她有卷发。,4,rj_start1,rj_start1::5年级上,learner::klose::level::4 source::rj_start1 source::rj_start1::grade::5 source::rj_start1::grade::5::上
straight,KV000537,straight,[streɪt],[streɪt],直的,She has long straight hair.,她有长直发。,4,rj_start1,rj_start1::5年级上,learner::klose::level::4 source::rj_start1 source::rj_start1::grade::5 source::rj_start1::grade::5::上
nice,KV000538,nice,[naɪs],[naɪs],友好的；好的,Our new classmate is very nice.,我们的新同学很好。,4,rj_start1,rj_start1::5年级上,learner::klose::level::4 source::rj_start1 source::rj_start1::grade::5 source::rj_start1::grade::5::上
young,KV000539,young,[jʌŋ],[jʌŋ],年轻的,Our English teacher is young.,我们的英语老师很年轻。,4,rj_start1,rj_start1::5年级上,learner::klose::level::4 source::rj_start1 source::rj_start1::grade::5 source::rj_start1::grade::5::上
guess,KV000540,guess,[ɡes],[ɡes],猜；猜测,Can you guess his name?,你能猜出他的名字吗？,4,rj_start1,rj_start1::5年级上,learner::klose::level::4 source::rj_start1 source::rj_start1::grade::5 source::rj_start1::grade::5::上
has,KV000541,has,[həz],[həz; əz; hæz],有（have的第三人称单数）,The panda has black ears.,熊猫有黑色的耳朵。,4,rj_start1,rj_start1::5年级上,learner::klose::level::4 source::rj_start1 source::rj_start1::grade::5 source::rj_start1::grade::5::上
animal,KV000542,animal,[ˈænɪm(ə)l],[ˈænɪm(ə)l],动物,My favourite animal is the panda.,我最喜欢的动物是熊猫。,4,rj_start1,rj_start1::5年级上,learner::klose::level::4 source::rj_start1 source::rj_start1::grade::5 source::rj_start1::grade::5::上
elephant,KV000543,elephant,[ˈelɪfənt],[ˈelɪfənt],大象,The elephant is big.,大象很大。,4,rj_start1,rj_start1::5年级上,learner::klose::level::4 source::rj_start1 source::rj_start1::grade::5 source::rj_start1::grade::5::上
panda,KV000544,panda,[ˈpændə],[ˈpændə],熊猫,The panda is black.,熊猫是黑色的。,4,rj_start1,rj_start1::5年级上,learner::klose::level::4 source::rj_start1 source::rj_start1::grade::5 source::rj_start1::grade::5::上
horse,KV000545,horse,[hɔːs],[hɔːrs],马,The horse can run fast.,马跑得很快。,4,rj_start1,rj_start1::5年级上,learner::klose::level::4 source::rj_start1 source::rj_start1::grade::5 source::rj_start1::grade::5::上
cow,KV000546,cow,[kaʊ],[kaʊ],奶牛；母牛,The cow lives on a farm.,奶牛生活在农场。,4,rj_start1,rj_start1::5年级上,learner::klose::level::4 source::rj_start1 source::rj_start1::grade::5 source::rj_start1::grade::5::上
pig,KV000547,pig,[pɪɡ],[pɪɡ],猪,The pig lives on a farm.,猪生活在农场。,4,rj_start1,rj_start1::5年级上,learner::klose::level::4 source::rj_start1 source::rj_start1::grade::5 source::rj_start1::grade::5::上
sheep,KV000548,sheep,[ʃiːp],[ʃiːp],绵羊；羊,The sheep is on the farm.,绵羊在农场里。,4,rj_start1,rj_start1::5年级上,learner::klose::level::4 source::rj_start1 source::rj_start1::grade::5 source::rj_start1::grade::5::上
bee,KV000549,bee,[biː],[biː],蜜蜂,A bee can fly.,蜜蜂会飞。,4,rj_start1,rj_start1::5年级上,learner::klose::level::4 source::rj_start1 source::rj_start1::grade::5 source::rj_start1::grade::5::上
farm,KV000550,farm,[fɑːm],[fɑːrm],农场,There are many animals on the farm.,农场里有许多动物。,4,rj_start1,rj_start1::5年级上,learner::klose::level::4 source::rj_start1 source::rj_start1::grade::5 source::rj_start1::grade::5::上
fast,KV000551,fast,[fɑːst],[fæst],快的；快速地,The horse can run fast.,马能跑得很快。,4,rj_start1,rj_start1::5年级上,learner::klose::level::4 source::rj_start1 source::rj_start1::grade::5 source::rj_start1::grade::5::上
why,KV000552,why,[waɪ],[waɪ],为什么,Why do you like pandas?,你为什么喜欢熊猫？,4,rj_start1,rj_start1::5年级上,learner::klose::level::4 source::rj_start1 source::rj_start1::grade::5 source::rj_start1::grade::5::上
lovely,KV000553,lovely,[ˈlʌvli],[ˈlʌvli],可爱的；讨人喜欢的,The little panda is lovely.,小熊猫很可爱。,4,rj_start1,rj_start1::5年级上,learner::klose::level::4 source::rj_start1 source::rj_start1::grade::5 source::rj_start1::grade::5::上
butterfly,KV000554,butterfly,[ˈbʌtəflaɪ],[ˈbʌtərflaɪ],蝴蝶,The butterfly is beautiful.,蝴蝶很漂亮。,4,rj_start1,rj_start1::5年级上,learner::klose::level::4 source::rj_start1 source::rj_start1::grade::5 source::rj_start1::grade::5::上
exercise book,KV000555,exercise book,,,练习本,I need a new exercise book.,我需要一本新练习本。,4,rj_start1,rj_start1::5年级上,learner::klose::level::4 source::rj_start1 source::rj_start1::grade::5 source::rj_start1::grade::5::上
pencil sharpener,KV000556,pencil sharpener,,,卷笔刀,I need a pencil sharpener.,我需要一个卷笔刀。,4,rj_start1,rj_start1::5年级上,learner::klose::level::4 source::rj_start1 source::rj_start1::grade::5 source::rj_start1::grade::5::上
a pair of scissors,KV000557,a pair of scissors,,,一把剪刀,I need a pair of scissors.,我需要一把剪刀。,4,rj_start1,rj_start1::5年级上,learner::klose::level::4 source::rj_start1 source::rj_start1::grade::5 source::rj_start1::grade::5::上
pencil box,KV000558,pencil box,,,铅笔盒,My pencils are in the pencil box.,我的铅笔在铅笔盒里。,4,rj_start1,rj_start1::5年级上,learner::klose::level::4 source::rj_start1 source::rj_start1::grade::5 source::rj_start1::grade::5::上
a box of crayons,KV000559,a box of crayons,,,一盒蜡笔,I want a box of crayons.,我想要一盒蜡笔。,4,rj_start1,rj_start1::5年级上,learner::klose::level::4 source::rj_start1 source::rj_start1::grade::5 source::rj_start1::grade::5::上
only,KV000560,only,[ˈəʊnli],[ˈoʊnli],只；仅仅,I only need one pencil.,我只需要一支铅笔。,4,rj_start1,rj_start1::5年级上,learner::klose::level::4 source::rj_start1 source::rj_start1::grade::5 source::rj_start1::grade::5::上
also,KV000561,also,[ˈɔːlsəʊ],[ˈɔːlsoʊ],也；还,I also need an eraser.,我还需要一块橡皮。,4,rj_start1,rj_start1::5年级上,learner::klose::level::4 source::rj_start1 source::rj_start1::grade::5 source::rj_start1::grade::5::上
saleswoman,KV000562,saleswoman,[ˈseɪlzwʊmən],[ˈseɪlzwʊmən],女售货员,The saleswoman is very helpful.,女售货员很热心。,4,rj_start1,rj_start1::5年级上,learner::klose::level::4 source::rj_start1 source::rj_start1::grade::5 source::rj_start1::grade::5::上
love,KV000563,love,[lʌv],[lʌv],喜爱；爱,I love this new pencil box.,我很喜欢这个新铅笔盒。,4,rj_start1,rj_start1::5年级上,learner::klose::level::4 source::rj_start1 source::rj_start1::grade::5 source::rj_start1::grade::5::上
how much,KV000564,how much,[haʊ mʌtʃ],[haʊ mʌtʃ],多少钱,How much is this pencil box?,这个铅笔盒多少钱？,4,rj_start1,rj_start1::5年级上,learner::klose::level::4 source::rj_start1 source::rj_start1::grade::5 source::rj_start1::grade::5::上
a lot,KV000565,a lot,,,很多；非常,Thanks a lot for your help.,非常感谢你的帮助。,4,rj_start1,rj_start1::5年级上,learner::klose::level::4 source::rj_start1 source::rj_start1::grade::5 source::rj_start1::grade::5::上
wonderful,KV000566,wonderful,[ˈwʌndəf(ə)l],[ˈwʌndərf(ə)l],精彩的；极好的,The cartoon is wonderful.,这部动画片很精彩。,4,rj_start1,rj_start1::5年级上,learner::klose::level::4 source::rj_start1 source::rj_start1::grade::5 source::rj_start1::grade::5::上
fantastic,KV000567,fantastic,[fænˈtæstɪk],[fænˈtæstɪk],极好的；非常棒的,The nature show is fantastic.,这个自然节目非常棒。,4,rj_start1,rj_start1::5年级上,learner::klose::level::4 source::rj_start1 source::rj_start1::grade::5 source::rj_start1::grade::5::上
cartoons,KV000568,cartoons,[kɑːˈtuːnz],[kɑrˈtʊn],动画片；卡通片,I like watching cartoons.,我喜欢看动画片。,4,rj_start1,rj_start1::5年级上,learner::klose::level::4 source::rj_start1 source::rj_start1::grade::5 source::rj_start1::grade::5::上
news shows,KV000569,news shows,,,新闻节目,My father watches news shows.,我爸爸看新闻节目。,4,rj_start1,rj_start1::5年级上,learner::klose::level::4 source::rj_start1 source::rj_start1::grade::5 source::rj_start1::grade::5::上
nature shows,KV000570,nature shows,,,自然节目,I like nature shows about animals.,我喜欢关于动物的自然节目。,4,rj_start1,rj_start1::5年级上,learner::klose::level::4 source::rj_start1 source::rj_start1::grade::5 source::rj_start1::grade::5::上
chore,KV000571,chore,[tʃɔː(r)],[tʃɔːr],家务；杂务,I do a chore every day.,我每天做一项家务。,4,rj_start1,rj_start1::5年级上,learner::klose::level::4 source::rj_start1 source::rj_start1::grade::5 source::rj_start1::grade::5::上
clean the room,KV000572,clean the room,,,打扫房间,I clean the room on Saturday.,我星期六打扫房间。,4,rj_start1,rj_start1::5年级上,learner::klose::level::4 source::rj_start1 source::rj_start1::grade::5 source::rj_start1::grade::5::上
make the bed,KV000573,make the bed,,,整理床铺；铺床,I make the bed every morning.,我每天早上整理床铺。,4,rj_start1,rj_start1::5年级上,learner::klose::level::4 source::rj_start1 source::rj_start1::grade::5 source::rj_start1::grade::5::上
take out the rubbish,KV000574,take out the rubbish,,,倒垃圾；把垃圾拿出去,I take out the rubbish after dinner.,我晚饭后倒垃圾。,4,rj_start1,rj_start1::5年级上,learner::klose::level::4 source::rj_start1 source::rj_start1::grade::5 source::rj_start1::grade::5::上
wash clothes,KV000575,wash clothes,,,洗衣服,I help Mum wash clothes.,我帮妈妈洗衣服。,4,rj_start1,rj_start1::5年级上,learner::klose::level::4 source::rj_start1 source::rj_start1::grade::5 source::rj_start1::grade::5::上
tidy the desk,KV000576,tidy the desk,,,整理书桌,I tidy the desk after homework.,我做完作业后整理书桌。,4,rj_start1,rj_start1::5年级上,learner::klose::level::4 source::rj_start1 source::rj_start1::grade::5 source::rj_start1::grade::5::上
sweep the floor,KV000577,sweep the floor,,,扫地,I sweep the floor on Sunday.,我星期日扫地。,4,rj_start1,rj_start1::5年级上,learner::klose::level::4 source::rj_start1 source::rj_start1::grade::5 source::rj_start1::grade::5::上
call,KV000578,call,[kɔːl],[kɔːl],打电话；呼叫,I call my grandmother on Sunday.,我星期日给奶奶打电话。,4,rj_start1,rj_start1::5年级上,learner::klose::level::4 source::rj_start1 source::rj_start1::grade::5 source::rj_start1::grade::5::上
too much,KV000579,too much,,,太多,Don't eat too much candy.,不要吃太多糖果。,4,rj_start1,rj_start1::5年级下,learner::klose::level::4 source::rj_start1 source::rj_start1::grade::5 source::rj_start1::grade::5::下
candy,KV000580,candy,[ˈkændi],[ˈkændi],糖果,Too much candy is bad for teeth.,太多糖果对牙齿不好。,4,rj_start1,rj_start1::5年级下,learner::klose::level::4 source::rj_start1 source::rj_start1::grade::5 source::rj_start1::grade::5::下
early,KV000581,early,[ˈɜːli],[ˈɜːrli],早；早地,I go to bed early.,我很早上床睡觉。,4,rj_start1,rj_start1::5年级下,learner::klose::level::4 source::rj_start1 source::rj_start1::grade::5 source::rj_start1::grade::5::下
exercise,KV000582,exercise,[ˈeksəsaɪz],[ˈeksərsaɪz],锻炼；运动,We need exercise every day.,我们每天都需要锻炼。,4,rj_start1,rj_start1::5年级下,learner::klose::level::4 source::rj_start1 source::rj_start1::grade::5 source::rj_start1::grade::5::下
tired,KV000583,tired,[ˈtaɪəd],[ˈtaɪərd],疲倦的；累的,I am tired after exercise.,运动后我很累。,4,rj_start1,rj_start1::5年级下,learner::klose::level::4 source::rj_start1 source::rj_start1::grade::5 source::rj_start1::grade::5::下
drink,KV000584,drink,[drɪŋk],[drɪŋk],喝；饮料,Drink more water every day.,每天多喝水。,4,rj_start1,rj_start1::5年级下,learner::klose::level::4 source::rj_start1 source::rj_start1::grade::5 source::rj_start1::grade::5::下
stomachache,KV000585,stomachache,[ˈstʌməkeɪk],[ˈstʌməkˌeɪk],胃痛；肚子痛,I have a stomachache.,我肚子痛。,4,rj_start1,rj_start1::5年级下,learner::klose::level::4 source::rj_start1 source::rj_start1::grade::5 source::rj_start1::grade::5::下
headache,KV000586,headache,[ˈhedeɪk],[ˈhedeɪk],头痛,I have a headache.,我头痛。,4,rj_start1,rj_start1::5年级下,learner::klose::level::4 source::rj_start1 source::rj_start1::grade::5 source::rj_start1::grade::5::下
toothache,KV000587,toothache,[ˈtuːθeɪk],[ˈtuːθeɪk],牙痛,I have a toothache.,我牙痛。,4,rj_start1,rj_start1::5年级下,learner::klose::level::4 source::rj_start1 source::rj_start1::grade::5 source::rj_start1::grade::5::下
a lot of,KV000588,a lot of,,,许多；大量,Drink a lot of water.,多喝水。,4,rj_start1,rj_start1::5年级下,learner::klose::level::4 source::rj_start1 source::rj_start1::grade::5 source::rj_start1::grade::5::下
sleepy,KV000589,sleepy,[ˈsliːpi],[ˈsliːpi],困倦的；想睡的,I feel sleepy in class.,我上课时觉得困。,4,rj_start1,rj_start1::5年级下,learner::klose::level::4 source::rj_start1 source::rj_start1::grade::5 source::rj_start1::grade::5::下
subject,KV000590,subject,[ˈsʌbdʒɪkt; ˈsʌbdʒekt],[ˈsʌbdʒɪkt; ˈsʌbdʒekt],学科；科目,English is my favourite subject.,英语是我最喜欢的学科。,4,rj_start1,rj_start1::5年级下,learner::klose::level::4 source::rj_start1 source::rj_start1::grade::5 source::rj_start1::grade::5::下
mark,KV000591,mark,[mɑːk],[mɑːrk],分数；成绩,I got a good mark in English.,我的英语取得了好成绩。,4,rj_start1,rj_start1::5年级下,learner::klose::level::4 source::rj_start1 source::rj_start1::grade::5 source::rj_start1::grade::5::下
advice,KV000592,advice,[ədˈvaɪs],[ədˈvaɪs],建议,Thank you for your advice.,谢谢你的建议。,4,rj_start1,rj_start1::5年级下,learner::klose::level::4 source::rj_start1 source::rj_start1::grade::5 source::rj_start1::grade::5::下
more,KV000593,more,[mɔː(r)],[mɔːr],更多的；更多,You should drink more water.,你应该多喝水。,4,rj_start1,rj_start1::5年级下,learner::klose::level::4 source::rj_start1 source::rj_start1::grade::5 source::rj_start1::grade::5::下
New Year's Day,KV000594,New Year's Day,,,元旦,New Year's Day is on January first.,元旦是一月一日。,4,rj_start1,rj_start1::5年级下,learner::klose::level::4 source::rj_start1 source::rj_start1::grade::5 source::rj_start1::grade::5::下
Tree Planting Day,KV000595,Tree Planting Day,,,植树节,We plant trees on Tree Planting Day.,我们在植树节植树。,4,rj_start1,rj_start1::5年级下,learner::klose::level::4 source::rj_start1 source::rj_start1::grade::5 source::rj_start1::grade::5::下
Mother's Day,KV000596,Mother's Day,,,母亲节,I make a card for Mother's Day.,我为母亲节做一张卡片。,4,rj_start1,rj_start1::5年级下,learner::klose::level::4 source::rj_start1 source::rj_start1::grade::5 source::rj_start1::grade::5::下
Children's Day,KV000597,Children's Day,,,儿童节,Children's Day is on June first.,儿童节是六月一日。,4,rj_start1,rj_start1::5年级下,learner::klose::level::4 source::rj_start1 source::rj_start1::grade::5 source::rj_start1::grade::5::下
Father's Day,KV000598,Father's Day,,,父亲节,I call Dad on Father's Day.,我在父亲节给爸爸打电话。,4,rj_start1,rj_start1::5年级下,learner::klose::level::4 source::rj_start1 source::rj_start1::grade::5 source::rj_start1::grade::5::下
Teachers' Day,KV000599,Teachers' Day,,,教师节,We thank teachers on Teachers' Day.,我们在教师节感谢老师。,4,rj_start1,rj_start1::5年级下,learner::klose::level::4 source::rj_start1 source::rj_start1::grade::5 source::rj_start1::grade::5::下
National Day,KV000600,National Day,,,国庆节,National Day is on October first.,国庆节是十月一日。,4,rj_start1,rj_start1::5年级下,learner::klose::level::4 source::rj_start1 source::rj_start1::grade::5 source::rj_start1::grade::5::下
Christmas Day,KV000601,Christmas Day,,,圣诞节,Christmas Day is in December.,圣诞节在十二月。,4,rj_start1,rj_start1::5年级下,learner::klose::level::4 source::rj_start1 source::rj_start1::grade::5 source::rj_start1::grade::5::下
fifth,KV000602,fifth,[fɪfθ],[fɪfθ],第五,May is the fifth month.,五月是第五个月。,4,rj_start1,rj_start1::5年级下,learner::klose::level::4 source::rj_start1 source::rj_start1::grade::5 source::rj_start1::grade::5::下
5th,KV000603,5th,,,第五（fifth的缩写）,May is the 5th month.,五月是第五个月。,4,rj_start1,rj_start1::5年级下,learner::klose::level::4 source::rj_start1 source::rj_start1::grade::5 source::rj_start1::grade::5::下
tenth,KV000604,tenth,[tenθ],[tenθ],第十,October is the tenth month.,十月是第十个月。,4,rj_start1,rj_start1::5年级下,learner::klose::level::4 source::rj_start1 source::rj_start1::grade::5 source::rj_start1::grade::5::下
10th,KV000605,10th,,,第十（tenth的缩写）,October is the 10th month.,十月是第十个月。,4,rj_start1,rj_start1::5年级下,learner::klose::level::4 source::rj_start1 source::rj_start1::grade::5 source::rj_start1::grade::5::下
twelfth,KV000606,twelfth,[twelfθ],[twelfθ],第十二,December is the twelfth month.,十二月是第十二个月。,4,rj_start1,rj_start1::5年级下,learner::klose::level::4 source::rj_start1 source::rj_start1::grade::5 source::rj_start1::grade::5::下
12th,KV000607,12th,,,第十二（twelfth的缩写）,December is the 12th month.,十二月是第十二个月。,4,rj_start1,rj_start1::5年级下,learner::klose::level::4 source::rj_start1 source::rj_start1::grade::5 source::rj_start1::grade::5::下
twenty-fifth,KV000608,twenty-fifth,,,第二十五,Christmas is on December twenty-fifth.,圣诞节是十二月二十五日。,4,rj_start1,rj_start1::5年级下,learner::klose::level::4 source::rj_start1 source::rj_start1::grade::5 source::rj_start1::grade::5::下
25th,KV000609,25th,,,第二十五（twenty-fifth的缩写）,Christmas is on December 25th.,圣诞节是十二月二十五日。,4,rj_start1,rj_start1::5年级下,learner::klose::level::4 source::rj_start1 source::rj_start1::grade::5 source::rj_start1::grade::5::下
plant,KV000610,plant,[plɑːnt],[plænt],种植；植物,We plant trees in spring.,我们春天植树。,4,rj_start1,rj_start1::5年级下,learner::klose::level::4 source::rj_start1 source::rj_start1::grade::5 source::rj_start1::grade::5::下
make a poster,KV000611,make a poster,,,制作海报,We make a poster for the school.,我们为学校制作海报。,4,rj_start1,rj_start1::5年级下,learner::klose::level::4 source::rj_start1 source::rj_start1::grade::5 source::rj_start1::grade::5::下
celebrate,KV000612,celebrate,[ˈselɪbreɪt],[ˈselɪbreɪt],庆祝,We celebrate Children's Day at school.,我们在学校庆祝儿童节。,4,rj_start1,rj_start1::5年级下,learner::klose::level::4 source::rj_start1 source::rj_start1::grade::5 source::rj_start1::grade::5::下
have a picnic,KV000613,have a picnic,,,去野餐；举行野餐,We have a picnic in the park.,我们在公园野餐。,4,rj_start1,rj_start1::5年级下,learner::klose::level::4 source::rj_start1 source::rj_start1::grade::5 source::rj_start1::grade::5::下
office,KV000614,office,[ˈɒfɪs],[ˈɑːfɪs],办公室,My teacher is in the office.,我的老师在办公室。,4,rj_start1,rj_start1::5年级下,learner::klose::level::4 source::rj_start1 source::rj_start1::grade::5 source::rj_start1::grade::5::下
together,KV000615,together,[təˈɡeðə(r)],[təˈɡeðər],一起,We celebrate the day together.,我们一起庆祝这个节日。,4,rj_start1,rj_start1::5年级下|rj_start1::6年级下,learner::klose::level::4 source::rj_start1 source::rj_start1::grade::5 source::rj_start1::grade::5::下 source::rj_start1::grade::6 source::rj_start1::grade::6::下
special,KV000616,special,[ˈspeʃ(ə)l],[ˈspeʃl],特别的；特殊的,Today is a special day.,今天是特别的一天。,4,rj_start1,rj_start1::5年级下|rj_start1::6年级下,learner::klose::level::4 source::rj_start1 source::rj_start1::grade::5 source::rj_start1::grade::5::下 source::rj_start1::grade::6 source::rj_start1::grade::6::下
send an email,KV000617,send an email,,,发送电子邮件,I send an email to my friend.,我给朋友发电子邮件。,4,rj_start1,rj_start1::5年级下,learner::klose::level::4 source::rj_start1 source::rj_start1::grade::5 source::rj_start1::grade::5::下
write a letter,KV000618,write a letter,,,写信,I write a letter to Grandma.,我给奶奶写信。,4,rj_start1,rj_start1::5年级下,learner::klose::level::4 source::rj_start1 source::rj_start1::grade::5 source::rj_start1::grade::5::下
make a phone call,KV000619,make a phone call,,,打电话,I make a phone call to Dad.,我给爸爸打电话。,4,rj_start1,rj_start1::5年级下,learner::klose::level::4 source::rj_start1 source::rj_start1::grade::5 source::rj_start1::grade::5::下
send a short message,KV000620,send a short message,,,发送短信,I send a short message to Mum.,我给妈妈发短信。,4,rj_start1,rj_start1::5年级下,learner::klose::level::4 source::rj_start1 source::rj_start1::grade::5 source::rj_start1::grade::5::下
mail a present,KV000621,mail a present,,,邮寄礼物,I mail a present to my cousin.,我给表兄弟姐妹邮寄礼物。,4,rj_start1,rj_start1::5年级下,learner::klose::level::4 source::rj_start1 source::rj_start1::grade::5 source::rj_start1::grade::5::下
make a video call,KV000622,make a video call,,,视频通话,We make a video call to Grandma.,我们和奶奶视频通话。,4,rj_start1,rj_start1::5年级下,learner::klose::level::4 source::rj_start1 source::rj_start1::grade::5 source::rj_start1::grade::5::下
say,KV000623,say,[seɪ],[seɪ],说；讲,Please say hello to your family.,请向你的家人问好。,4,rj_start1,rj_start1::5年级下,learner::klose::level::4 source::rj_start1 source::rj_start1::grade::5 source::rj_start1::grade::5::下
make a card,KV000624,make a card,,,制作卡片,I make a card for Mum.,我给妈妈做一张卡片。,4,rj_start1,rj_start1::5年级下,learner::klose::level::4 source::rj_start1 source::rj_start1::grade::5 source::rj_start1::grade::5::下
everywhere,KV000625,everywhere,[ˈevriweə(r)],[ˈevriwer],到处；各处,There are flowers everywhere in spring.,春天到处都是花。,4,rj_start1,rj_start1::5年级下,learner::klose::level::4 source::rj_start1 source::rj_start1::grade::5 source::rj_start1::grade::5::下
flower show,KV000626,flower show,,,花展,We visit the flower show.,我们参观花展。,4,rj_start1,rj_start1::5年级下,learner::klose::level::4 source::rj_start1 source::rj_start1::grade::5 source::rj_start1::grade::5::下
cleaned the window,KV000627,cleaned the window,,,擦了窗户,I cleaned the window yesterday.,我昨天擦了窗户。,4,rj_start1,rj_start1::5年级下,learner::klose::level::4 source::rj_start1 source::rj_start1::grade::5 source::rj_start1::grade::5::下
watched TV,KV000628,watched TV,,,看了电视,I watched TV last night.,我昨晚看了电视。,4,rj_start1,rj_start1::5年级下,learner::klose::level::4 source::rj_start1 source::rj_start1::grade::5 source::rj_start1::grade::5::下
climbed a hill,KV000629,climbed a hill,,,爬了山,We climbed a hill yesterday.,我们昨天爬了山。,4,rj_start1,rj_start1::5年级下,learner::klose::level::4 source::rj_start1 source::rj_start1::grade::5 source::rj_start1::grade::5::下
visited grandparents,KV000630,visited grandparents,,,看望了祖父母或外祖父母,I visited my grandparents on Sunday.,我星期日看望了祖父母。,4,rj_start1,rj_start1::5年级下,learner::klose::level::4 source::rj_start1 source::rj_start1::grade::5 source::rj_start1::grade::5::下
danced,KV000631,danced,,,跳了舞,We danced at the party.,我们在聚会上跳舞。,4,rj_start1,rj_start1::5年级下,learner::klose::level::4 source::rj_start1 source::rj_start1::grade::5 source::rj_start1::grade::5::下
jumped rope,KV000632,jumped rope,,,跳了绳,She jumped rope after school.,她放学后跳了绳。,4,rj_start1,rj_start1::5年级下,learner::klose::level::4 source::rj_start1 source::rj_start1::grade::5 source::rj_start1::grade::5::下
listened to music,KV000633,listened to music,,,听了音乐,I listened to music yesterday.,我昨天听了音乐。,4,rj_start1,rj_start1::5年级下,learner::klose::level::4 source::rj_start1 source::rj_start1::grade::5 source::rj_start1::grade::5::下
rowed a boat,KV000634,rowed a boat,,,划了船,We rowed a boat on the lake.,我们在湖上划了船。,4,rj_start1,rj_start1::5年级下,learner::klose::level::4 source::rj_start1 source::rj_start1::grade::5 source::rj_start1::grade::5::下
played computer games,KV000635,played computer games,,,玩了电脑游戏,I played computer games yesterday.,我昨天玩了电脑游戏。,4,rj_start1,rj_start1::5年级下,learner::klose::level::4 source::rj_start1 source::rj_start1::grade::5 source::rj_start1::grade::5::下
stayed at home,KV000636,stayed at home,,,待在家里,I stayed at home on Sunday.,我星期日待在家里。,4,rj_start1,rj_start1::5年级下,learner::klose::level::4 source::rj_start1 source::rj_start1::grade::5 source::rj_start1::grade::5::下
played the piano,KV000637,played the piano,,,弹了钢琴,She played the piano at the party.,她在聚会上弹了钢琴。,4,rj_start1,rj_start1::5年级下,learner::klose::level::4 source::rj_start1 source::rj_start1::grade::5 source::rj_start1::grade::5::下
played chess,KV000638,played chess,[pleɪ tʃes],[pleɪ tʃes],下了棋,I played chess with Dad.,我和爸爸下了棋。,4,rj_start1,rj_start1::5年级下,learner::klose::level::4 source::rj_start1 source::rj_start1::grade::5 source::rj_start1::grade::5::下
washed clothes,KV000639,washed clothes,,,洗了衣服,I washed clothes yesterday.,我昨天洗了衣服。,4,rj_start1,rj_start1::5年级下,learner::klose::level::4 source::rj_start1 source::rj_start1::grade::5 source::rj_start1::grade::5::下
boring,KV000640,boring,[ˈbɔːrɪŋ],[ˈbɔːrɪŋ],无聊的；乏味的,The film was boring.,这部电影很无聊。,4,rj_start1,rj_start1::5年级下,learner::klose::level::4 source::rj_start1 source::rj_start1::grade::5 source::rj_start1::grade::5::下
badminton,KV000641,badminton,[ˈbædmɪntən],[ˈbædmɪntən],羽毛球,I play badminton after school.,我放学后打羽毛球。,4,rj_start1,rj_start1::5年级下,learner::klose::level::4 source::rj_start1 source::rj_start1::grade::5 source::rj_start1::grade::5::下
won,KV000642,won,[wʌn],[wʌn],赢了；获胜（win的过去式）,Our class won the game.,我们班赢得了比赛。,4,rj_start1,rj_start1::5年级下,learner::klose::level::4 source::rj_start1 source::rj_start1::grade::5 source::rj_start1::grade::5::下
went to the beach,KV000643,went to the beach,,,去了海滩,We went to the beach yesterday.,我们昨天去了海滩。,4,rj_start1,rj_start1::5年级下,learner::klose::level::4 source::rj_start1 source::rj_start1::grade::5 source::rj_start1::grade::5::下
drank cold drinks,KV000644,drank cold drinks,,,喝了冷饮,We drank cold drinks at the beach.,我们在海滩喝了冷饮。,4,rj_start1,rj_start1::5年级下,learner::klose::level::4 source::rj_start1 source::rj_start1::grade::5 source::rj_start1::grade::5::下
swam,KV000645,swam,[swæm],[swæm],游了泳（swim的过去式）,We swam in the sea.,我们在海里游泳了。,4,rj_start1,rj_start1::5年级下,learner::klose::level::4 source::rj_start1 source::rj_start1::grade::5 source::rj_start1::grade::5::下
ate ice-cream,KV000646,ate ice-cream,,,吃了冰淇淋,I ate ice-cream yesterday.,我昨天吃了冰淇淋。,4,rj_start1,rj_start1::5年级下,learner::klose::level::4 source::rj_start1 source::rj_start1::grade::5 source::rj_start1::grade::5::下
the Stone Forest,KV000647,the Stone Forest,,,石林,We visited the Stone Forest.,我们参观了石林。,4,rj_start1,rj_start1::5年级下,learner::klose::level::4 source::rj_start1 source::rj_start1::grade::5 source::rj_start1::grade::5::下
bought some gifts,KV000648,bought some gifts,,,买了一些礼物,We bought some gifts there.,我们在那里买了一些礼物。,4,rj_start1,rj_start1::5年级下,learner::klose::level::4 source::rj_start1 source::rj_start1::grade::5 source::rj_start1::grade::5::下
took photos,KV000649,took photos,,,拍了照片,We took photos at the museum.,我们在博物馆拍了照片。,4,rj_start1,rj_start1::5年级下,learner::klose::level::4 source::rj_start1 source::rj_start1::grade::5 source::rj_start1::grade::5::下
saw flowers,KV000650,saw flowers,,,看到了花,We saw many beautiful flowers.,我们看到了许多漂亮的花。,4,rj_start1,rj_start1::5年级下,learner::klose::level::4 source::rj_start1 source::rj_start1::grade::5 source::rj_start1::grade::5::下
slept,KV000651,slept,[slept],[slept],睡了；睡觉（sleep的过去式）,I slept well last night.,我昨晚睡得很好。,4,rj_start1,rj_start1::5年级下,learner::klose::level::4 source::rj_start1 source::rj_start1::grade::5 source::rj_start1::grade::5::下
felt happy,KV000652,felt happy,,,感到高兴,I felt happy on the trip.,旅行中我感到很高兴。,4,rj_start1,rj_start1::5年级下,learner::klose::level::4 source::rj_start1 source::rj_start1::grade::5 source::rj_start1::grade::5::下
sad,KV000653,sad,[sæd],[sæd],难过的；伤心的,She felt sad yesterday.,她昨天感到难过。,4,rj_start1,rj_start1::5年级下|rj_start1::6年级上,learner::klose::level::4 source::rj_start1 source::rj_start1::grade::5 source::rj_start1::grade::5::下 source::rj_start1::grade::6 source::rj_start1::grade::6::上
left,KV000654,left,[left],[left],离开（leave的过去式）,We left the hotel at eight.,我们八点离开了酒店。,4,rj_start1,rj_start1::5年级下,learner::klose::level::4 source::rj_start1 source::rj_start1::grade::5 source::rj_start1::grade::5::下
French fries,KV000655,French fries,[ˈfrentʃ fraɪz],[frentʃ fraɪz],炸薯条,I ate French fries for lunch.,我午饭吃了炸薯条。,4,rj_start1,rj_start1::5年级下,learner::klose::level::4 source::rj_start1 source::rj_start1::grade::5 source::rj_start1::grade::5::下
were,KV000656,were,[wə(r); wɜː(r)],[wər; wɜːr],是（are的过去式）,They were happy yesterday.,他们昨天很高兴。,4,rj_start1,rj_start1::5年级下,learner::klose::level::4 source::rj_start1 source::rj_start1::grade::5 source::rj_start1::grade::5::下
was born,KV000657,was born,,,出生,I was born in 2017.,我出生于2017年。,4,rj_start1,rj_start1::5年级下,learner::klose::level::4 source::rj_start1 source::rj_start1::grade::5 source::rj_start1::grade::5::下
started to speak,KV000658,started to speak,,,开始说话,I started to speak when I was one.,我一岁时开始说话。,4,rj_start1,rj_start1::5年级下,learner::klose::level::4 source::rj_start1 source::rj_start1::grade::5 source::rj_start1::grade::5::下
learned to walk,KV000659,learned to walk,,,学会走路,I learned to walk when I was one.,我一岁时学会走路。,4,rj_start1,rj_start1::5年级下,learner::klose::level::4 source::rj_start1 source::rj_start1::grade::5 source::rj_start1::grade::5::下
learned to ride a bike,KV000660,learned to ride a bike,,,学会骑自行车,I learned to ride a bike at six.,我六岁时学会骑自行车。,4,rj_start1,rj_start1::5年级下,learner::klose::level::4 source::rj_start1 source::rj_start1::grade::5 source::rj_start1::grade::5::下
went to kindergarten,KV000661,went to kindergarten,,,上幼儿园；去了幼儿园,I went to kindergarten at three.,我三岁时上幼儿园。,4,rj_start1,rj_start1::5年级下,learner::klose::level::4 source::rj_start1 source::rj_start1::grade::5 source::rj_start1::grade::5::下
went to school,KV000662,went to school,,,上学；开始上学,I went to school at six.,我六岁时开始上学。,4,rj_start1,rj_start1::5年级下,learner::klose::level::4 source::rj_start1 source::rj_start1::grade::5 source::rj_start1::grade::5::下
learned to swim,KV000663,learned to swim,,,学会游泳,I learned to swim at seven.,我七岁时学会游泳。,4,rj_start1,rj_start1::5年级下,learner::klose::level::4 source::rj_start1 source::rj_start1::grade::5 source::rj_start1::grade::5::下
fifteenth,KV000664,fifteenth,[ˌfɪfˈtiːnθ],[ˌfɪfˈtiːnθ],第十五,Today is the fifteenth day.,今天是第十五天。,4,rj_start1,rj_start1::5年级下,learner::klose::level::4 source::rj_start1 source::rj_start1::grade::5 source::rj_start1::grade::5::下
15th,KV000665,15th,,,第十五（fifteenth的缩写）,Today is the 15th.,今天是十五号。,4,rj_start1,rj_start1::5年级下,learner::klose::level::4 source::rj_start1 source::rj_start1::grade::5 source::rj_start1::grade::5::下
started to buy things,KV000666,started to buy things,,,开始买东西,I started to buy things by myself.,我开始自己买东西。,4,rj_start1,rj_start1::5年级下,learner::klose::level::4 source::rj_start1 source::rj_start1::grade::5 source::rj_start1::grade::5::下
started to study English,KV000667,started to study English,,,开始学习英语,I started to study English at six.,我六岁开始学英语。,4,rj_start1,rj_start1::5年级下,learner::klose::level::4 source::rj_start1 source::rj_start1::grade::5 source::rj_start1::grade::5::下
started to use a computer,KV000668,started to use a computer,,,开始使用电脑,I started to use a computer at eight.,我八岁开始使用电脑。,4,rj_start1,rj_start1::5年级下,learner::klose::level::4 source::rj_start1 source::rj_start1::grade::5 source::rj_start1::grade::5::下
all over,KV000669,all over,,,到处；遍及,There was water all over the floor.,地板上到处都是水。,4,rj_start1,rj_start1::5年级下,learner::klose::level::4 source::rj_start1 source::rj_start1::grade::5 source::rj_start1::grade::5::下
out of,KV000670,out of,,,从……出来,The cat jumped out of the box.,猫从盒子里跳了出来。,4,rj_start1,rj_start1::5年级下,learner::klose::level::4 source::rj_start1 source::rj_start1::grade::5 source::rj_start1::grade::5::下
into,KV000671,into,[ˈɪntə],[ˈɪntə; ˈɪntu; ˈɪntuː],进入；到……里面,The cat jumped into the water.,猫跳进了水里。,4,rj_start1,rj_start1::5年级下,learner::klose::level::4 source::rj_start1 source::rj_start1::grade::5 source::rj_start1::grade::5::下
chopsticks,KV000672,chopsticks,[ˈtʃɒpstɪks],[ˈtʃɑːpstɪks],筷子,I eat noodles with chopsticks.,我用筷子吃面条。,4,rj_start1,rj_start1::5年级下,learner::klose::level::4 source::rj_start1 source::rj_start1::grade::5 source::rj_start1::grade::5::下
wet,KV000673,wet,[wet],[wet],湿的,My shoes are wet.,我的鞋湿了。,4,rj_start1,rj_start1::5年级下,learner::klose::level::4 source::rj_start1 source::rj_start1::grade::5 source::rj_start1::grade::5::下
morning tea,KV000674,morning tea,,,早茶,We had morning tea at the hotel.,我们在酒店吃了早茶。,4,rj_start1,rj_start1::6年级上,learner::klose::level::4 source::rj_start1 source::rj_start1::grade::6 source::rj_start1::grade::6::上
soup,KV000675,soup,[suːp],[suːp],汤,This soup tastes delicious.,这汤尝起来很好喝。,4,rj_start1,rj_start1::6年级上,learner::klose::level::4 source::rj_start1 source::rj_start1::grade::6 source::rj_start1::grade::6::上
the Potala Palace,KV000676,the Potala Palace,,,布达拉宫,The Potala Palace is in Lhasa.,布达拉宫在拉萨。,4,rj_start1,rj_start1::6年级上,learner::klose::level::4 source::rj_start1 source::rj_start1::grade::6 source::rj_start1::grade::6::上
the Summer Palace,KV000677,the Summer Palace,,,颐和园,The Summer Palace is in Beijing.,颐和园在北京。,4,rj_start1,rj_start1::6年级上,learner::klose::level::4 source::rj_start1 source::rj_start1::grade::6 source::rj_start1::grade::6::上
the Terracotta Army,KV000678,the Terracotta Army,,,兵马俑,The Terracotta Army is in Xi'an.,兵马俑在西安。,4,rj_start1,rj_start1::6年级上,learner::klose::level::4 source::rj_start1 source::rj_start1::grade::6 source::rj_start1::grade::6::上
vacation,KV000679,vacation,[veɪˈkeɪʃn; vəˈkeɪʃn],[veɪˈkeɪʃn; vəˈkeɪʃn],假期,We travelled during the vacation.,我们假期里去旅行了。,4,rj_start1,rj_start1::6年级上,learner::klose::level::4 source::rj_start1 source::rj_start1::grade::6 source::rj_start1::grade::6::上
taste,KV000680,taste,[teɪst],[teɪst],味道；尝起来,The soup tastes good.,这汤味道很好。,4,rj_start1,rj_start1::6年级上,learner::klose::level::4 source::rj_start1 source::rj_start1::grade::6 source::rj_start1::grade::6::上
map,KV000681,map,[mæp],[mæp],地图,Find Beijing on the map.,在地图上找到北京。,4,rj_start1,rj_start1::6年级上,learner::klose::level::4 source::rj_start1 source::rj_start1::grade::6 source::rj_start1::grade::6::上
north,KV000682,north,[nɔːθ],[nɔːrθ],北；北方,Beijing is in the north of China.,北京在中国北方。,4,rj_start1,rj_start1::6年级上,learner::klose::level::4 source::rj_start1 source::rj_start1::grade::6 source::rj_start1::grade::6::上
south,KV000683,south,[saʊθ],[saʊθ],南；南方,Guangzhou is in the south of China.,广州在中国南方。,4,rj_start1,rj_start1::6年级上,learner::klose::level::4 source::rj_start1 source::rj_start1::grade::6 source::rj_start1::grade::6::上
east,KV000684,east,[iːst],[iːst],东；东方,Shanghai is in the east of China.,上海在中国东部。,4,rj_start1,rj_start1::6年级上,learner::klose::level::4 source::rj_start1 source::rj_start1::grade::6 source::rj_start1::grade::6::上
west,KV000685,west,[west],[west],西；西方,Tibet is in the west of China.,西藏在中国西部。,4,rj_start1,rj_start1::6年级上,learner::klose::level::4 source::rj_start1 source::rj_start1::grade::6 source::rj_start1::grade::6::上
famous,KV000686,famous,[ˈfeɪməs],[ˈfeɪməs],著名的,Beijing is famous for the Great Wall.,北京因长城而著名。,4,rj_start1,rj_start1::6年级上,learner::klose::level::4 source::rj_start1 source::rj_start1::grade::6 source::rj_start1::grade::6::上
temple,KV000687,temple,[ˈtemp(ə)l],[ˈtempl],寺庙；庙宇,We visited an old temple.,我们参观了一座古老的寺庙。,4,rj_start1,rj_start1::6年级上,learner::klose::level::4 source::rj_start1 source::rj_start1::grade::6 source::rj_start1::grade::6::上
around,KV000688,around,[əˈraʊnd],[əˈraʊnd],周围；四处,We walked around the lake.,我们绕着湖走了一圈。,4,rj_start1,rj_start1::6年级上,learner::klose::level::4 source::rj_start1 source::rj_start1::grade::6 source::rj_start1::grade::6::上
the Yangtze River,KV000689,the Yangtze River,,,长江,The Yangtze River is very long.,长江很长。,4,rj_start1,rj_start1::6年级上,learner::klose::level::4 source::rj_start1 source::rj_start1::grade::6 source::rj_start1::grade::6::上
foggy,KV000690,foggy,[ˈfɒɡi],[ˈfɑːɡi],有雾的,It was foggy this morning.,今天早上有雾。,4,rj_start1,rj_start1::6年级上,learner::klose::level::4 source::rj_start1 source::rj_start1::grade::6 source::rj_start1::grade::6::上
spicy,KV000691,spicy,[ˈspaɪsi],[ˈspaɪsi],辣的；辛辣的,Sichuan food can be spicy.,四川菜可能很辣。,4,rj_start1,rj_start1::6年级上,learner::klose::level::4 source::rj_start1 source::rj_start1::grade::6 source::rj_start1::grade::6::上
silk,KV000692,silk,[sɪlk],[sɪlk],丝绸,This dress is made of silk.,这条连衣裙是丝绸做的。,4,rj_start1,rj_start1::6年级上,learner::klose::level::4 source::rj_start1 source::rj_start1::grade::6 source::rj_start1::grade::6::上
forest,KV000693,forest,[ˈfɒrɪst],[ˈfɔːrɪst],森林,Many animals live in the forest.,许多动物生活在森林里。,4,rj_start1,rj_start1::6年级上,learner::klose::level::4 source::rj_start1 source::rj_start1::grade::6 source::rj_start1::grade::6::上
stone,KV000694,stone,[stəʊn],[stoʊn],石头；石料,The bridge is made of stone.,这座桥是石头建的。,4,rj_start1,rj_start1::6年级上,learner::klose::level::4 source::rj_start1 source::rj_start1::grade::6 source::rj_start1::grade::6::上
London,KV000695,London,[ˈlʌndən],[ˈlʌndən],伦敦,London is in the UK.,伦敦在英国。,4,rj_start1,rj_start1::6年级上,learner::klose::level::4 source::rj_start1 source::rj_start1::grade::6 source::rj_start1::grade::6::上
Toronto,KV000696,Toronto,[təˈrɒntəʊ],[təˈrɑːntoʊ],多伦多,Toronto is a city in Canada.,多伦多是加拿大的一座城市。,4,rj_start1,rj_start1::6年级上,learner::klose::level::4 source::rj_start1 source::rj_start1::grade::6 source::rj_start1::grade::6::上
Sydney,KV000697,Sydney,[ˈsɪdni],[ˈsɪdni],悉尼,Sydney is a city in Australia.,悉尼是澳大利亚的一座城市。,4,rj_start1,rj_start1::6年级上,learner::klose::level::4 source::rj_start1 source::rj_start1::grade::6 source::rj_start1::grade::6::上
Washington D.C.,KV000698,Washington D.C.,,,华盛顿特区,Washington D.C. is in the USA.,华盛顿特区在美国。,4,rj_start1,rj_start1::6年级上,learner::klose::level::4 source::rj_start1 source::rj_start1::grade::6 source::rj_start1::grade::6::上
the British Museum,KV000699,the British Museum,,,大英博物馆,The British Museum is in London.,大英博物馆在伦敦。,4,rj_start1,rj_start1::6年级上,learner::klose::level::4 source::rj_start1 source::rj_start1::grade::6 source::rj_start1::grade::6::上
the CN Tower,KV000700,the CN Tower,,,加拿大国家电视塔；CN塔,The CN Tower is in Toronto.,加拿大国家电视塔在多伦多。,4,rj_start1,rj_start1::6年级上,learner::klose::level::4 source::rj_start1 source::rj_start1::grade::6 source::rj_start1::grade::6::上
kangaroo,KV000701,kangaroo,[ˌkæŋɡəˈruː],[ˌkæŋɡəˈruː],袋鼠,Kangaroos live in Australia.,袋鼠生活在澳大利亚。,4,rj_start1,rj_start1::6年级上,learner::klose::level::4 source::rj_start1 source::rj_start1::grade::6 source::rj_start1::grade::6::上
the Opera House,KV000702,the Opera House,,,悉尼歌剧院,The Opera House is in Sydney.,悉尼歌剧院在悉尼。,4,rj_start1,rj_start1::6年级上,learner::klose::level::4 source::rj_start1 source::rj_start1::grade::6 source::rj_start1::grade::6::上
the White House,KV000703,the White House,,,白宫,The White House is in Washington D.C.,白宫在华盛顿特区。,4,rj_start1,rj_start1::6年级上,learner::klose::level::4 source::rj_start1 source::rj_start1::grade::6 source::rj_start1::grade::6::上
clock,KV000704,clock,[klɒk],[klɑːk],时钟；钟,There is a clock on the wall.,墙上有一个钟。,4,rj_start1,rj_start1::6年级上,learner::klose::level::4 source::rj_start1 source::rj_start1::grade::6 source::rj_start1::grade::6::上
speak,KV000705,speak,[spiːk],[spiːk],说；讲（某种语言）,Can you speak English?,你会说英语吗？,4,rj_start1,rj_start1::6年级上,learner::klose::level::4 source::rj_start1 source::rj_start1::grade::6 source::rj_start1::grade::6::上
French,KV000706,French,[frentʃ],[frentʃ],法语；法国的,She can speak French.,她会说法语。,4,rj_start1,rj_start1::6年级上,learner::klose::level::4 source::rj_start1 source::rj_start1::grade::6 source::rj_start1::grade::6::上
Tower Bridge,KV000707,Tower Bridge,,,伦敦塔桥,Tower Bridge is in London.,伦敦塔桥在伦敦。,4,rj_start1,rj_start1::6年级上,learner::klose::level::4 source::rj_start1 source::rj_start1::grade::6 source::rj_start1::grade::6::上
the London Eye,KV000708,the London Eye,,,伦敦眼,The London Eye is in London.,伦敦眼在伦敦。,4,rj_start1,rj_start1::6年级上,learner::klose::level::4 source::rj_start1 source::rj_start1::grade::6 source::rj_start1::grade::6::上
hiking,KV000709,hiking,[ˈhaɪkɪŋ],[ˈhaɪkɪŋ],徒步旅行,We went hiking in the hills.,我们去山里徒步了。,4,rj_start1,rj_start1::6年级上,learner::klose::level::4 source::rj_start1 source::rj_start1::grade::6 source::rj_start1::grade::6::上
sunrise,KV000710,sunrise,[ˈsʌnraɪz],[ˈsʌnraɪz],日出,We watched the sunrise on the hill.,我们在山上看日出。,4,rj_start1,rj_start1::6年级上,learner::klose::level::4 source::rj_start1 source::rj_start1::grade::6 source::rj_start1::grade::6::上
president,KV000711,president,[ˈprezɪdənt],[ˈprezɪdənt],总统,The president works in the capital.,总统在首都工作。,4,rj_start1,rj_start1::6年级上,learner::klose::level::4 source::rj_start1 source::rj_start1::grade::6 source::rj_start1::grade::6::上
reptile,KV000712,reptile,[ˈreptaɪl],[ˈreptaɪl; ˈreptl],爬行动物,A snake is a reptile.,蛇是爬行动物。,4,rj_start1,rj_start1::6年级上,learner::klose::level::4 source::rj_start1 source::rj_start1::grade::6 source::rj_start1::grade::6::上
mammal,KV000713,mammal,[ˈmæm(ə)l],[ˈmæml],哺乳动物,A whale is a mammal.,鲸是哺乳动物。,4,rj_start1,rj_start1::6年级上,learner::klose::level::4 source::rj_start1 source::rj_start1::grade::6 source::rj_start1::grade::6::上
insect,KV000714,insect,[ˈɪnsekt],[ˈɪnsekt],昆虫,A bee is an insect.,蜜蜂是昆虫。,4,rj_start1,rj_start1::6年级上,learner::klose::level::4 source::rj_start1 source::rj_start1::grade::6 source::rj_start1::grade::6::上
penguin,KV000715,penguin,[ˈpeŋɡwɪn],[ˈpeŋɡwɪn],企鹅,Penguins can swim well.,企鹅很会游泳。,4,rj_start1,rj_start1::6年级上,learner::klose::level::4 source::rj_start1 source::rj_start1::grade::6 source::rj_start1::grade::6::上
shark,KV000716,shark,[ʃɑːk],[ʃɑːrk],鲨鱼,A shark lives in the sea.,鲨鱼生活在海里。,4,rj_start1,rj_start1::6年级上,learner::klose::level::4 source::rj_start1 source::rj_start1::grade::6 source::rj_start1::grade::6::上
whale,KV000717,whale,[weɪl],[weɪl],鲸,A whale is a large mammal.,鲸是一种大型哺乳动物。,4,rj_start1,rj_start1::6年级上,learner::klose::level::4 source::rj_start1 source::rj_start1::grade::6 source::rj_start1::grade::6::上
kind,KV000718,kind,[kaɪnd],[kaɪnd],种类；类型,What kind of animal is it?,它是哪一种动物？,4,rj_start1,rj_start1::6年级上,learner::klose::level::4 source::rj_start1 source::rj_start1::grade::6 source::rj_start1::grade::6::上
metre,KV000719,metre,[ˈmiːtə(r)],[ˈmiːtər],米,The whale is ten metres long.,这条鲸有十米长。,4,rj_start1,rj_start1::6年级上,learner::klose::level::4 source::rj_start1 source::rj_start1::grade::6 source::rj_start1::grade::6::上
spend,KV000720,spend,[spend],[spend],花费；度过,We spent two days in Beijing.,我们在北京度过了两天。,4,rj_start1,rj_start1::6年级上,learner::klose::level::4 source::rj_start1 source::rj_start1::grade::6 source::rj_start1::grade::6::上
trunk,KV000721,trunk,[trʌŋk],[trʌŋk],象鼻；树干,An elephant has a long trunk.,大象有长鼻子。,4,rj_start1,rj_start1::6年级上,learner::klose::level::4 source::rj_start1 source::rj_start1::grade::6 source::rj_start1::grade::6::上
peanut,KV000722,peanut,[ˈpiːnʌt],[ˈpiːnʌt],花生,Elephants can eat peanuts.,大象可以吃花生。,4,rj_start1,rj_start1::6年级上,learner::klose::level::4 source::rj_start1 source::rj_start1::grade::6 source::rj_start1::grade::6::上
fan,KV000723,fan,[fæn],[fæn],扇子,Its ears are like big fans.,它的耳朵像大扇子。,4,rj_start1,rj_start1::6年级上,learner::klose::level::4 source::rj_start1 source::rj_start1::grade::6 source::rj_start1::grade::6::上
tusk,KV000724,tusk,[tʌsk],[tʌsk],象牙；长牙,An elephant has two tusks.,大象有两根象牙。,4,rj_start1,rj_start1::6年级上,learner::klose::level::4 source::rj_start1 source::rj_start1::grade::6 source::rj_start1::grade::6::上
Africa,KV000725,Africa,[ˈæfrɪkə],[ˈæfrɪkə],非洲,Many elephants live in Africa.,许多大象生活在非洲。,4,rj_start1,rj_start1::6年级上,learner::klose::level::4 source::rj_start1 source::rj_start1::grade::6 source::rj_start1::grade::6::上
Asia,KV000726,Asia,[ˈeɪʒə],[ˈeɪʒə],亚洲,China is in Asia.,中国在亚洲。,4,rj_start1,rj_start1::6年级上,learner::klose::level::4 source::rj_start1 source::rj_start1::grade::6 source::rj_start1::grade::6::上
smart,KV000727,smart,[smɑːt],[smɑːrt],聪明的；机灵的,Elephants are very smart.,大象很聪明。,4,rj_start1,rj_start1::6年级上,learner::klose::level::4 source::rj_start1 source::rj_start1::grade::6 source::rj_start1::grade::6::上
scared,KV000728,scared,[skeəd],[skerd],害怕的,I was scared of the big dog.,我害怕那只大狗。,4,rj_start1,rj_start1::6年级上,learner::klose::level::4 source::rj_start1 source::rj_start1::grade::6 source::rj_start1::grade::6::上
worried,KV000729,worried,[ˈwʌrid],[ˈwɜːrid],担心的,Mum was worried about me.,妈妈很担心我。,4,rj_start1,rj_start1::6年级上,learner::klose::level::4 source::rj_start1 source::rj_start1::grade::6 source::rj_start1::grade::6::上
angry,KV000730,angry,[ˈæŋɡri],[ˈæŋɡri],生气的,Dad was angry with me.,爸爸生我的气。,4,rj_start1,rj_start1::6年级上,learner::klose::level::4 source::rj_start1 source::rj_start1::grade::6 source::rj_start1::grade::6::上
proud,KV000731,proud,[praʊd],[praʊd],自豪的,My parents are proud of me.,我的父母为我自豪。,4,rj_start1,rj_start1::6年级上,learner::klose::level::4 source::rj_start1 source::rj_start1::grade::6 source::rj_start1::grade::6::上
excited,KV000732,excited,[ɪkˈsaɪtɪd],[ɪkˈsaɪtɪd],兴奋的；激动的,I was excited about the trip.,我对这次旅行很兴奋。,4,rj_start1,rj_start1::6年级上,learner::klose::level::4 source::rj_start1 source::rj_start1::grade::6 source::rj_start1::grade::6::上
ill,KV000733,ill,[ɪl],[ɪl],生病的,She was ill yesterday.,她昨天生病了。,4,rj_start1,rj_start1::6年级上,learner::klose::level::4 source::rj_start1 source::rj_start1::grade::6 source::rj_start1::grade::6::上
win,KV000734,win,[wɪn],[wɪn],赢；获胜,I hope our class can win.,我希望我们班能赢。,4,rj_start1,rj_start1::6年级上,learner::klose::level::4 source::rj_start1 source::rj_start1::grade::6 source::rj_start1::grade::6::上
race,KV000735,race,[reɪs],[reɪs],比赛；赛跑,He won the running race.,他赢得了赛跑。,4,rj_start1,rj_start1::6年级上,learner::klose::level::4 source::rj_start1 source::rj_start1::grade::6 source::rj_start1::grade::6::上
cry,KV000736,cry,[kraɪ],[kraɪ],哭；哭泣,The little boy began to cry.,小男孩开始哭。,4,rj_start1,rj_start1::6年级上,learner::klose::level::4 source::rj_start1 source::rj_start1::grade::6 source::rj_start1::grade::6::上
because,KV000737,because,[bɪˈkəz],[bɪˈkəz],因为,I was happy because we won.,因为我们赢了，所以我很高兴。,4,rj_start1,rj_start1::6年级上,learner::klose::level::4 source::rj_start1 source::rj_start1::grade::6 source::rj_start1::grade::6::上
test,KV000738,test,[test],[test],考试；测试,I have an English test tomorrow.,我明天有英语考试。,4,rj_start1,rj_start1::6年级上,learner::klose::level::4 source::rj_start1 source::rj_start1::grade::6 source::rj_start1::grade::6::上
competition,KV000739,competition,[ˌkɒmpəˈtɪʃn],[ˌkɑːmpəˈtɪʃn],比赛；竞赛,She won the writing competition.,她赢得了写作比赛。,4,rj_start1,rj_start1::6年级上,learner::klose::level::4 source::rj_start1 source::rj_start1::grade::6 source::rj_start1::grade::6::上
inventor,KV000740,inventor,[ɪnˈventə(r)],[ɪnˈventər],发明家,The inventor made a new machine.,这位发明家制造了一台新机器。,4,rj_start1,rj_start1::6年级上,learner::klose::level::4 source::rj_start1 source::rj_start1::grade::6 source::rj_start1::grade::6::上
artist,KV000741,artist,[ˈɑːtɪst],[ˈɑːrtɪst],艺术家,The artist paints beautiful pictures.,这位艺术家画漂亮的画。,4,rj_start1,rj_start1::6年级上,learner::klose::level::4 source::rj_start1 source::rj_start1::grade::6 source::rj_start1::grade::6::上
scientist,KV000742,scientist,[ˈsaɪəntɪst],[ˈsaɪəntɪst],科学家,The scientist studies animals.,这位科学家研究动物。,4,rj_start1,rj_start1::6年级上,learner::klose::level::4 source::rj_start1 source::rj_start1::grade::6 source::rj_start1::grade::6::上
poet,KV000743,poet,[ˈpəʊɪt],[ˈpoʊət],诗人,The poet wrote many poems.,这位诗人写了很多诗。,4,rj_start1,rj_start1::6年级上,learner::klose::level::4 source::rj_start1 source::rj_start1::grade::6 source::rj_start1::grade::6::上
writer,KV000744,writer,[ˈraɪtə(r)],[ˈraɪtər],作家,The writer wrote this story.,这位作家写了这个故事。,4,rj_start1,rj_start1::6年级上,learner::klose::level::4 source::rj_start1 source::rj_start1::grade::6 source::rj_start1::grade::6::上
American,KV000745,American,[əˈmerɪkən],[əˈmerɪkən],美国的；美国人,He is an American writer.,他是一位美国作家。,4,rj_start1,rj_start1::6年级上,learner::klose::level::4 source::rj_start1 source::rj_start1::grade::6 source::rj_start1::grade::6::上
Danish,KV000746,Danish,[ˈdeɪnɪʃ],[ˈdeɪnɪʃ],丹麦的；丹麦语,He was a Danish writer.,他是一位丹麦作家。,4,rj_start1,rj_start1::6年级上,learner::klose::level::4 source::rj_start1 source::rj_start1::grade::6 source::rj_start1::grade::6::上
poem,KV000747,poem,[ˈpəʊɪm],[ˈpoʊəm],诗,We read a poem in class.,我们在课堂上读了一首诗。,4,rj_start1,rj_start1::6年级上,learner::klose::level::4 source::rj_start1 source::rj_start1::grade::6 source::rj_start1::grade::6::上
invention,KV000748,invention,[ɪnˈvenʃn],[ɪnˈvenʃn],发明；发明物,This invention changed people's lives.,这项发明改变了人们的生活。,4,rj_start1,rj_start1::6年级上,learner::klose::level::4 source::rj_start1 source::rj_start1::grade::6 source::rj_start1::grade::6::上
invent,KV000749,invent,[ɪnˈvent],[ɪnˈvent],发明,Who invented this machine?,谁发明了这台机器？,4,rj_start1,rj_start1::6年级上,learner::klose::level::4 source::rj_start1 source::rj_start1::grade::6 source::rj_start1::grade::6::上
story,KV000750,story,[ˈstɔːri],[ˈstɔːri],故事,This story is very interesting.,这个故事很有趣。,4,rj_start1,rj_start1::6年级上,learner::klose::level::4 source::rj_start1 source::rj_start1::grade::6 source::rj_start1::grade::6::上
university,KV000751,university,[ˌjuːnɪˈvɜːsəti],[ˌjuːnɪˈvɜːrsəti],大学,She studied at a famous university.,她在一所著名大学学习。,4,rj_start1,rj_start1::6年级上,learner::klose::level::4 source::rj_start1 source::rj_start1::grade::6 source::rj_start1::grade::6::上
deaf,KV000752,deaf,[def],[def],聋的；失聪的,The girl became deaf when she was young.,这个女孩小时候失聪了。,4,rj_start1,rj_start1::6年级上,learner::klose::level::4 source::rj_start1 source::rj_start1::grade::6 source::rj_start1::grade::6::上
blind,KV000753,blind,[blaɪnd],[blaɪnd],盲的；失明的,He is blind but very independent.,他虽然失明但很独立。,4,rj_start1,rj_start1::6年级上,learner::klose::level::4 source::rj_start1 source::rj_start1::grade::6 source::rj_start1::grade::6::上
fall,KV000754,fall,[fɔːl],[fɔːl],落下；跌倒,Leaves fall in autumn.,树叶在秋天落下。,4,rj_start1,rj_start1::6年级上,learner::klose::level::4 source::rj_start1 source::rj_start1::grade::6 source::rj_start1::grade::6::上
dumpling,KV000755,dumpling,[ˈdʌmplɪŋ],[ˈdʌmplɪŋ],饺子,We eat dumplings at Spring Festival.,我们春节吃饺子。,4,rj_start1,rj_start1::6年级上,learner::klose::level::4 source::rj_start1 source::rj_start1::grade::6 source::rj_start1::grade::6::上
ice lantern,KV000756,ice lantern,,,冰灯,We saw beautiful ice lanterns.,我们看到了漂亮的冰灯。,4,rj_start1,rj_start1::6年级上,learner::klose::level::4 source::rj_start1 source::rj_start1::grade::6 source::rj_start1::grade::6::上
bring,KV000757,bring,[brɪŋ],[brɪŋ],带来,Please bring your book tomorrow.,请明天带上你的书。,4,rj_start1,rj_start1::6年级上,learner::klose::level::4 source::rj_start1 source::rj_start1::grade::6 source::rj_start1::grade::6::上
be afraid of,KV000758,be afraid of,,,害怕,I am not afraid of dogs.,我不怕狗。,4,rj_start1,rj_start1::6年级上,learner::klose::level::4 source::rj_start1 source::rj_start1::grade::6 source::rj_start1::grade::6::上
hear,KV000759,hear,[hɪə(r)],[hɪr],听见；听到,I can hear the birds.,我能听见鸟叫。,4,rj_start1,rj_start1::6年级上,learner::klose::level::4 source::rj_start1 source::rj_start1::grade::6 source::rj_start1::grade::6::上
pen pal,KV000760,pen pal,[ˈpen pæl],[ˈpen pæl],笔友,My pen pal lives in Canada.,我的笔友住在加拿大。,4,rj_start1,rj_start1::6年级上,learner::klose::level::4 source::rj_start1 source::rj_start1::grade::6 source::rj_start1::grade::6::上
broken,KV000761,broken,[ˈbrəʊkən],[ˈbroʊkən],坏的；破损的,My pen is broken.,我的钢笔坏了。,4,rj_start1,rj_start1::6年级上,learner::klose::level::4 source::rj_start1 source::rj_start1::grade::6 source::rj_start1::grade::6::上
pity,KV000762,pity,[ˈpɪti],[ˈpɪti],遗憾；可惜,What a pity!,真遗憾！,4,rj_start1,rj_start1::6年级上,learner::klose::level::4 source::rj_start1 source::rj_start1::grade::6 source::rj_start1::grade::6::上
prize,KV000763,prize,[praɪz],[praɪz],奖品；奖项,She won first prize.,她获得了一等奖。,4,rj_start1,rj_start1::6年级上,learner::klose::level::4 source::rj_start1 source::rj_start1::grade::6 source::rj_start1::grade::6::上
live,KV000764,live,[lɪv; laɪv],[lɪv; laɪv],居住；生活,I live in a big city.,我住在一座大城市里。,4,rj_start1,rj_start1::6年级下,learner::klose::level::4 source::rj_start1 source::rj_start1::grade::6 source::rj_start1::grade::6::下
quite,KV000765,quite,[kwaɪt],[kwaɪt],很；相当,The city is quite beautiful.,这座城市相当漂亮。,4,rj_start1,rj_start1::6年级下,learner::klose::level::4 source::rj_start1 source::rj_start1::grade::6 source::rj_start1::grade::6::下
scarf,KV000766,scarf,[skɑːf],[skɑːrf],围巾,I wear a scarf in winter.,我冬天戴围巾。,4,rj_start1,rj_start1::6年级下,learner::klose::level::4 source::rj_start1 source::rj_start1::grade::6 source::rj_start1::grade::6::下
airport,KV000767,airport,[ˈeəpɔːt],[ˈerpɔːrt],机场,We arrived at the airport early.,我们很早到达机场。,4,rj_start1,rj_start1::6年级下,learner::klose::level::4 source::rj_start1 source::rj_start1::grade::6 source::rj_start1::grade::6::下
pupil,KV000768,pupil,[ˈpjuːp(ə)l],[ˈpjuːpl],小学生；学生,He is a primary school pupil.,他是一名小学生。,4,rj_start1,rj_start1::6年级下,learner::klose::level::4 source::rj_start1 source::rj_start1::grade::6 source::rj_start1::grade::6::下
arrive,KV000769,arrive,[əˈraɪv],[əˈraɪv],到达,We arrived in Toronto yesterday.,我们昨天到达多伦多。,4,rj_start1,rj_start1::6年级下,learner::klose::level::4 source::rj_start1 source::rj_start1::grade::6 source::rj_start1::grade::6::下
meet,KV000770,meet,[miːt],[miːt],见面；遇见,I met my pen pal at the airport.,我在机场见到了笔友。,4,rj_start1,rj_start1::6年级下,learner::klose::level::4 source::rj_start1 source::rj_start1::grade::6 source::rj_start1::grade::6::下
wardrobe,KV000771,wardrobe,[ˈwɔːdrəʊb],[ˈwɔːrdroʊb],衣柜,My clothes are in the wardrobe.,我的衣服在衣柜里。,4,rj_start1,rj_start1::6年级下,learner::klose::level::4 source::rj_start1 source::rj_start1::grade::6 source::rj_start1::grade::6::下
show ... around,KV000772,show ... around,,,带……参观,I will show you around our school.,我会带你参观我们的学校。,4,rj_start1,rj_start1::6年级下,learner::klose::level::4 source::rj_start1 source::rj_start1::grade::6 source::rj_start1::grade::6::下
Queen's Park,KV000773,Queen's Park,,,皇后公园,We visited Queen's Park yesterday.,我们昨天参观了皇后公园。,4,rj_start1,rj_start1::6年级下,learner::klose::level::4 source::rj_start1 source::rj_start1::grade::6 source::rj_start1::grade::6::下
art gallery,KV000774,art gallery,,,美术馆,We saw many paintings at the art gallery.,我们在美术馆看到了许多画。,4,rj_start1,rj_start1::6年级下,learner::klose::level::4 source::rj_start1 source::rj_start1::grade::6 source::rj_start1::grade::6::下
public library,KV000775,public library,,,公共图书馆,We read books at the public library.,我们在公共图书馆看书。,4,rj_start1,rj_start1::6年级下,learner::klose::level::4 source::rj_start1 source::rj_start1::grade::6 source::rj_start1::grade::6::下
downtown,KV000776,downtown,[ˌdaʊnˈtaʊn],[ˌdaʊnˈtaʊn],市中心；在市中心,We took the subway downtown.,我们乘地铁去了市中心。,4,rj_start1,rj_start1::6年级下,learner::klose::level::4 source::rj_start1 source::rj_start1::grade::6 source::rj_start1::grade::6::下
Lake Ontario,KV000777,Lake Ontario,,,安大略湖,Toronto is beside Lake Ontario.,多伦多在安大略湖畔。,4,rj_start1,rj_start1::6年级下,learner::klose::level::4 source::rj_start1 source::rj_start1::grade::6 source::rj_start1::grade::6::下
stadium,KV000778,stadium,[ˈsteɪdiəm],[ˈsteɪdiəm],体育场,We watched a game at the stadium.,我们在体育场看了一场比赛。,4,rj_start1,rj_start1::6年级下,learner::klose::level::4 source::rj_start1 source::rj_start1::grade::6 source::rj_start1::grade::6::下
volunteer,KV000779,volunteer,[ˌvɒlənˈtɪə(r)],[ˌvɑːlənˈtɪr],志愿者；志愿服务,I want to be a volunteer.,我想成为一名志愿者。,4,rj_start1,rj_start1::6年级下,learner::klose::level::4 source::rj_start1 source::rj_start1::grade::6 source::rj_start1::grade::6::下
sandwich,KV000780,sandwich,[ˈsænwɪtʃ; ˈsænwɪdʒ],[ˈsænwɪtʃ; ˈsænwɪdʒ],三明治,I had a sandwich for lunch.,我午饭吃了一个三明治。,4,rj_start1,rj_start1::6年级下,learner::klose::level::4 source::rj_start1 source::rj_start1::grade::6 source::rj_start1::grade::6::下
top,KV000781,top,[tɒp],[tɑːp],顶部；顶端,We went to the top of the tower.,我们去了塔顶。,4,rj_start1,rj_start1::6年级下,learner::klose::level::4 source::rj_start1 source::rj_start1::grade::6 source::rj_start1::grade::6::下
habit,KV000782,habit,[ˈhæbɪt],[ˈhæbɪt],习惯,Reading every day is a good habit.,每天阅读是一个好习惯。,4,rj_start1,rj_start1::6年级下,learner::klose::level::4 source::rj_start1 source::rj_start1::grade::6 source::rj_start1::grade::6::下
idea,KV000783,idea,[aɪˈdɪə],[aɪˈdiːə],想法；主意,That is a good idea.,那是个好主意。,4,rj_start1,rj_start1::6年级下,learner::klose::level::4 source::rj_start1 source::rj_start1::grade::6 source::rj_start1::grade::6::下
less,KV000784,less,[les],[les],更少的；较少,We should eat less candy.,我们应该少吃糖果。,4,rj_start1,rj_start1::6年级下,learner::klose::level::4 source::rj_start1 source::rj_start1::grade::6 source::rj_start1::grade::6::下
at least,KV000785,at least,,,至少,I read for at least twenty minutes.,我至少阅读二十分钟。,4,rj_start1,rj_start1::6年级下,learner::klose::level::4 source::rj_start1 source::rj_start1::grade::6 source::rj_start1::grade::6::下
talk about,KV000786,talk about,,,谈论；讨论,We talked about healthy habits.,我们讨论了健康习惯。,4,rj_start1,rj_start1::6年级下,learner::klose::level::4 source::rj_start1 source::rj_start1::grade::6 source::rj_start1::grade::6::下
hockey,KV000787,hockey,[ˈhɒki],[ˈhɑːki],冰球；曲棍球,Hockey is popular in Canada.,冰球在加拿大很受欢迎。,4,rj_start1,rj_start1::6年级下,learner::klose::level::4 source::rj_start1 source::rj_start1::grade::6 source::rj_start1::grade::6::下
beaver,KV000788,beaver,[ˈbiːvə(r)],[ˈbiːvər],海狸,The beaver lives near water.,海狸生活在水边。,4,rj_start1,rj_start1::6年级下,learner::klose::level::4 source::rj_start1 source::rj_start1::grade::6 source::rj_start1::grade::6::下
raccoon,KV000789,raccoon,[rəˈkuːn],[ræˈkuːn],浣熊,A raccoon has a black mask.,浣熊脸上有黑色的斑纹。,4,rj_start1,rj_start1::6年级下,learner::klose::level::4 source::rj_start1 source::rj_start1::grade::6 source::rj_start1::grade::6::下
moose,KV000790,moose,[muːs],[muːs],驼鹿,A moose is a large animal.,驼鹿是一种大型动物。,4,rj_start1,rj_start1::6年级下,learner::klose::level::4 source::rj_start1 source::rj_start1::grade::6 source::rj_start1::grade::6::下
countryside,KV000791,countryside,[ˈkʌntrisaɪd],[ˈkʌntrisaɪd],乡村；农村,My grandparents live in the countryside.,我的祖父母住在乡下。,4,rj_start1,rj_start1::6年级下,learner::klose::level::4 source::rj_start1 source::rj_start1::grade::6 source::rj_start1::grade::6::下
Thanksgiving,KV000792,Thanksgiving,,,感恩节,Families eat together at Thanksgiving.,家人们在感恩节一起吃饭。,4,rj_start1,rj_start1::6年级下,learner::klose::level::4 source::rj_start1 source::rj_start1::grade::6 source::rj_start1::grade::6::下
roast turkey,KV000793,roast turkey,,,烤火鸡,We had roast turkey for dinner.,我们晚饭吃了烤火鸡。,4,rj_start1,rj_start1::6年级下,learner::klose::level::4 source::rj_start1 source::rj_start1::grade::6 source::rj_start1::grade::6::下
squirrel,KV000794,squirrel,[ˈskwɪrəl],[ˈskwɜːrəl],松鼠,A squirrel can climb trees.,松鼠会爬树。,4,rj_start1,rj_start1::6年级下,learner::klose::level::4 source::rj_start1 source::rj_start1::grade::6 source::rj_start1::grade::6::下
swan,KV000795,swan,[swɒn],[swɑːn],天鹅,The swan is swimming on the lake.,天鹅正在湖上游泳。,4,rj_start1,rj_start1::6年级下,learner::klose::level::4 source::rj_start1 source::rj_start1::grade::6 source::rj_start1::grade::6::下
wild goose,KV000796,wild goose,,,大雁；野雁,Wild geese fly south in autumn.,大雁秋天向南飞。,4,rj_start1,rj_start1::6年级下,learner::klose::level::4 source::rj_start1 source::rj_start1::grade::6 source::rj_start1::grade::6::下
frog,KV000797,frog,[frɒɡ],[frɑːɡ],青蛙,A frog can jump and swim.,青蛙会跳也会游泳。,4,rj_start1,rj_start1::6年级下,learner::klose::level::4 source::rj_start1 source::rj_start1::grade::6 source::rj_start1::grade::6::下
English-Chinese dictionary,KV000798,English-Chinese dictionary,,,英汉词典,I use an English-Chinese dictionary.,我使用英汉词典。,4,rj_start1,rj_start1::6年级下,learner::klose::level::4 source::rj_start1 source::rj_start1::grade::6 source::rj_start1::grade::6::下
shopping centre,KV000799,shopping centre,,,购物中心,There are many shops in the shopping centre.,购物中心里有很多商店。,4,rj_start1,rj_start1::6年级下,learner::klose::level::4 source::rj_start1 source::rj_start1::grade::6 source::rj_start1::grade::6::下
shopping mall,KV000800,shopping mall,,,购物中心；商场,We went shopping at the mall.,我们去商场购物了。,4,rj_start1,rj_start1::6年级下,learner::klose::level::4 source::rj_start1 source::rj_start1::grade::6 source::rj_start1::grade::6::下
amazing,KV000801,amazing,[əˈmeɪzɪŋ],[əˈmeɪzɪŋ],令人惊叹的；了不起的,The CN Tower is amazing.,加拿大国家电视塔令人惊叹。,4,rj_start1,rj_start1::6年级下,learner::klose::level::4 source::rj_start1 source::rj_start1::grade::6 source::rj_start1::grade::6::下
hot pot,KV000802,hot pot,,,火锅,We ate hot pot together.,我们一起吃了火锅。,4,rj_start1,rj_start1::6年级下,learner::klose::level::4 source::rj_start1 source::rj_start1::grade::6 source::rj_start1::grade::6::下
