Word,British,American,MeaningPrimary,ExampleSentence,ExampleTranslation,MeaningRaw,MeaningStatus,FirstBook,Grade,Semester,Books,SourceFiles,Tags
book,[bʊk],[bʊk],书；书本,This is a book.,这是一本书。,"n. 书籍；卷；帐簿；名册；工作簿
vt. 预订；登记",curated,1年级上,1,上,1年级上,人教版一年级起点一年级上.xlsx,rj_start1 grade::1 semester::上 appears::1年级上
ruler,[ˈruːlə(r)],[ˈruːlər],尺子,This is a ruler.,这是一把尺子。,n. 尺；统治者；[测] 划线板，划线的人,curated,1年级上,1,上,1年级上|4年级上,人教版一年级起点一年级上.xlsx|人教版一年级起点四年级上.xlsx,rj_start1 grade::1 semester::上 appears::1年级上 appears::4年级上
pencil,[ˈpens(ə)l],[ˈpensl],铅笔,This is a pencil.,这是一支铅笔。,"n. 铅笔；笔状物
vt. 用铅笔写；用眉笔涂
vi. 成铅笔状",curated,1年级上,1,上,1年级上|4年级上,人教版一年级起点一年级上.xlsx|人教版一年级起点四年级上.xlsx,rj_start1 grade::1 semester::上 appears::1年级上 appears::4年级上
schoolbag,[ˈskuːlbæɡ],[ˈskuːlˌbæɡ],书包,This is my schoolbag.,这是我的书包。,n. 书包,curated,1年级上,1,上,1年级上|4年级上,人教版一年级起点一年级上.xlsx|人教版一年级起点四年级上.xlsx,rj_start1 grade::1 semester::上 appears::1年级上 appears::4年级上
teacher,[ˈtiːtʃə(r)],[ˈtiːtʃər],老师,This is my teacher.,这是我的老师。,n. 教师；导师,curated,1年级上,1,上,1年级上|4年级上,人教版一年级起点一年级上.xlsx|人教版一年级起点四年级上.xlsx,rj_start1 grade::1 semester::上 appears::1年级上 appears::4年级上
I,[aɪ],[aɪ],我,I like apples.,我喜欢苹果。,"n. 碘元素；英语字母I
pron. 我",curated,1年级上,1,上,1年级上,人教版一年级起点一年级上.xlsx,rj_start1 grade::1 semester::上 appears::1年级上
have,[həv],[həv; əv; hæv],有,I have a book.,我有一本书。,"aux. 已经
vt. 有；让；拿；从事；允许",curated,1年级上,1,上,1年级上,人教版一年级起点一年级上.xlsx,rj_start1 grade::1 semester::上 appears::1年级上
a,[ə],[ə; eɪ],一；一个,I have a book.,我有一本书。,"n. 字母A；第一流的；学业成绩达最高标准的评价符号
abbr. [物]安（ampere）",curated,1年级上,1,上,1年级上,人教版一年级起点一年级上.xlsx,rj_start1 grade::1 semester::上 appears::1年级上
an,[ən],[ən; æn],一；一个,I have an apple.,我有一个苹果。,art. 一（在元音音素前）,curated,1年级上,1,上,1年级上,人教版一年级起点一年级上.xlsx,rj_start1 grade::1 semester::上 appears::1年级上
face,[feɪs],[feɪs],脸；面部,This is my face.,这是我的脸。,"n. 脸；表面；面子；面容；外观；威信
vi. 向；朝
vt. 面对；面向；承认；抹盖",curated,1年级上,1,上,1年级上|3年级上,人教版一年级起点一年级上.xlsx|人教版一年级起点三年级上.xlsx,rj_start1 grade::1 semester::上 appears::1年级上 appears::3年级上
ear,[ɪə(r)],[ɪr],耳朵,This is my ear.,这是我的耳朵。,"n. 耳朵；穗；听觉；倾听
vi. （美俚）听见；抽穗",curated,1年级上,1,上,1年级上|3年级上,人教版一年级起点一年级上.xlsx|人教版一年级起点三年级上.xlsx,rj_start1 grade::1 semester::上 appears::1年级上 appears::3年级上
eye,[aɪ],[aɪ],眼睛,This is my eye.,这是我的眼睛。,"n. 眼睛；视力；眼光；见解，观点
vt. 注视，看",curated,1年级上,1,上,1年级上|3年级上,人教版一年级起点一年级上.xlsx|人教版一年级起点三年级上.xlsx,rj_start1 grade::1 semester::上 appears::1年级上 appears::3年级上
nose,[nəʊz],[noʊz],鼻子,This is my nose.,这是我的鼻子。,"n. 鼻子；嗅觉；突出的部分；探问
vt. 嗅；用鼻子触
vi. 小心探索着前进；探问",curated,1年级上,1,上,1年级上|3年级上,人教版一年级起点一年级上.xlsx|人教版一年级起点三年级上.xlsx,rj_start1 grade::1 semester::上 appears::1年级上 appears::3年级上
mouth,[maʊθ],[maʊθ],嘴；口,This is my mouth.,这是我的嘴。,"n. 口，嘴；河口
vt. 做作地说，装腔作势地说；喃喃地说出
vi. 装腔作势说话",curated,1年级上,1,上,1年级上|3年级上,人教版一年级起点一年级上.xlsx|人教版一年级起点三年级上.xlsx,rj_start1 grade::1 semester::上 appears::1年级上 appears::3年级上
this,[ðɪs],[ðɪs],这；这个,This is a cat.,这是一只猫。,"adj. 这；本；这个；今
pron. 这；这个；这里
adv. 这样地；这么",curated,1年级上,1,上,1年级上,人教版一年级起点一年级上.xlsx,rj_start1 grade::1 semester::上 appears::1年级上
is,[ɪz],[ɪz],是,It is a dog.,它是一只狗。,"v. 是（be的三单形式）
n. 存在",curated,1年级上,1,上,1年级上,人教版一年级起点一年级上.xlsx,rj_start1 grade::1 semester::上 appears::1年级上
my,[maɪ],[maɪ],我的,This is my book.,这是我的书。,"pron. 我的
int. 哎呀（表示惊奇等）；喔唷",curated,1年级上,1,上,1年级上|3年级上,人教版一年级起点一年级上.xlsx|人教版一年级起点三年级上.xlsx,rj_start1 grade::1 semester::上 appears::1年级上 appears::3年级上
dog,[dɒɡ],[dɔːɡ],狗,I like dogs.,我喜欢狗。,"n. 狗；丑女人；卑鄙的人；(俚)朋友
vt. 跟踪；尾随",curated,1年级上,1,上,1年级上|3年级上,人教版一年级起点一年级上.xlsx|人教版一年级起点三年级上.xlsx,rj_start1 grade::1 semester::上 appears::1年级上 appears::3年级上
bird,[bɜːd],[bɜːrd],鸟,I like birds.,我喜欢鸟。,"n. 鸟；家伙；羽毛球
vt. 向…喝倒彩；起哄
vi. 猎鸟；观察研究野鸟",curated,1年级上,1,上,1年级上|3年级上|6年级上,人教版一年级起点一年级上.xlsx|人教版一年级起点三年级上.xlsx|人教版一年级起点六年级上.xlsx,rj_start1 grade::1 semester::上 appears::1年级上 appears::3年级上 appears::6年级上
tiger,[ˈtaɪɡə(r)],[ˈtaɪɡər],老虎,It is a tiger.,它是一只老虎。,n. 老虎；凶暴的人,curated,1年级上,1,上,1年级上|3年级上,人教版一年级起点一年级上.xlsx|人教版一年级起点三年级上.xlsx,rj_start1 grade::1 semester::上 appears::1年级上 appears::3年级上
monkey,[ˈmʌŋki],[ˈmʌŋki],猴子,It is a monkey.,它是一只猴子。,"n. 猴子；顽童
vi. 胡闹；捣蛋
vt. 嘲弄",curated,1年级上,1,上,1年级上|3年级上,人教版一年级起点一年级上.xlsx|人教版一年级起点三年级上.xlsx,rj_start1 grade::1 semester::上 appears::1年级上 appears::3年级上
cat,[kæt],[kæt],猫,I like cats.,我喜欢猫。,n. 猫，猫科动物,curated,1年级上,1,上,1年级上|3年级上,人教版一年级起点一年级上.xlsx|人教版一年级起点三年级上.xlsx,rj_start1 grade::1 semester::上 appears::1年级上 appears::3年级上
what,[wɒt],[wʌt],什么,What is this?,这是什么？,"pron. 什么；多么；多少
adv. 到什么程度，在哪一方面
adj. 什么；多么；何等
int. 什么；多么",curated,1年级上,1,上,1年级上,人教版一年级起点一年级上.xlsx,rj_start1 grade::1 semester::上 appears::1年级上
it,[ɪt],[ɪt],它,It is a cat.,它是一只猫。,"abbr. 信息技术information technology
abbr. 意大利Italy；意大利的Italian",curated,1年级上,1,上,1年级上,人教版一年级起点一年级上.xlsx,rj_start1 grade::1 semester::上 appears::1年级上
one,[wʌn],[wʌn],一；一个,I have one book.,我有一本书。,"pron. 一个人；任何人
adj. 一的；唯一的
n. 一
num. 一；一个",curated,1年级上,1,上,1年级上,人教版一年级起点一年级上.xlsx,rj_start1 grade::1 semester::上 appears::1年级上
two,[tuː],[tuː],二；两个,I have two books.,我有两本书。,"num. 二
n. 两个
adj. 两个的",curated,1年级上,1,上,1年级上,人教版一年级起点一年级上.xlsx,rj_start1 grade::1 semester::上 appears::1年级上
three,[θriː],[θriː],三；三个,I have three pencils.,我有三支铅笔。,"num. 三
n. 三，三个
adj. 三的，三个的",curated,1年级上,1,上,1年级上,人教版一年级起点一年级上.xlsx,rj_start1 grade::1 semester::上 appears::1年级上
four,[fɔː(r)],[fɔːr],四；四个,I have four books.,我有四本书。,"num. 四；四个
adj. 四的；四个的",curated,1年级上,1,上,1年级上,人教版一年级起点一年级上.xlsx,rj_start1 grade::1 semester::上 appears::1年级上
five,[faɪv],[faɪv],五；五个,I have five apples.,我有五个苹果。,"num. 五，五个
n. 五，五个；五美元钞票
adj. 五的；五个的",curated,1年级上,1,上,1年级上,人教版一年级起点一年级上.xlsx,rj_start1 grade::1 semester::上 appears::1年级上
six,[sɪks],[sɪks],六；六个,I have six pencils.,我有六支铅笔。,"num. 六，六个
n. 六，六个",curated,1年级上,1,上,1年级上,人教版一年级起点一年级上.xlsx,rj_start1 grade::1 semester::上 appears::1年级上
seven,[ˈsev(ə)n],[ˈsev(ə)n],七；七个,I have seven books.,我有七本书。,"num. 七个，七
n. 七个，七
adj. 七的；七个的",curated,1年级上,1,上,1年级上,人教版一年级起点一年级上.xlsx,rj_start1 grade::1 semester::上 appears::1年级上
eight,[eɪt],[eɪt],八；八个,I have eight apples.,我有八个苹果。,"num. 八；八个；第八
n. 八字形
adj. 八的",curated,1年级上,1,上,1年级上,人教版一年级起点一年级上.xlsx,rj_start1 grade::1 semester::上 appears::1年级上
nine,[naɪn],[naɪn],九；九个,I have nine pencils.,我有九支铅笔。,"n. 九，九个
num. 九；九个
adj. 九的，九个的",curated,1年级上,1,上,1年级上,人教版一年级起点一年级上.xlsx,rj_start1 grade::1 semester::上 appears::1年级上
ten,[ten],[ten],十；十个,I have ten books.,我有十本书。,num. 十个，十,curated,1年级上,1,上,1年级上,人教版一年级起点一年级上.xlsx,rj_start1 grade::1 semester::上 appears::1年级上
how,[haʊ],[haʊ],怎样；多少,How many books?,有多少本书？,"adv. 如何；多少；多么
n. 方法；方式
conj. 如何",curated,1年级上,1,上,1年级上,人教版一年级起点一年级上.xlsx,rj_start1 grade::1 semester::上 appears::1年级上
many,[ˈmeni],[ˈmeni],许多；多少（how many）,How many apples?,有多少个苹果？,"pron. 许多；许多人
adj. 许多的",curated,1年级上,1,上,1年级上,人教版一年级起点一年级上.xlsx,rj_start1 grade::1 semester::上 appears::1年级上
are,[ɑ:(r)],[ər; ɑːr; er],是,There are two books.,有两本书。,"v. 是（be的第二人称单复数现在式）
n. 公亩",curated,1年级上,1,上,1年级上,人教版一年级起点一年级上.xlsx,rj_start1 grade::1 semester::上 appears::1年级上
there,[ðeə(r)],[ðer],那里；有（there be）,There are three cats.,有三只猫。,"n. 那个地方
adv. 在那里；在那边；在那点上
int. 你瞧",curated,1年级上,1,上,1年级上,人教版一年级起点一年级上.xlsx,rj_start1 grade::1 semester::上 appears::1年级上
black,[blæk],[blæk],黑色；黑色的,The cat is black.,这只猫是黑色的。,"n. 黑色；黑人；黑颜料
adj. 黑色的；黑人的；邪恶的
vt. 使变黑；把鞋油等涂在…上；把（眼眶）打成青肿
vi. 变黑",curated,1年级上,1,上,1年级上,人教版一年级起点一年级上.xlsx,rj_start1 grade::1 semester::上 appears::1年级上
yellow,[ˈjeləʊ],[ˈjeloʊ],黄色；黄色的,The banana is yellow.,香蕉是黄色的。,"n. 黄色；黄种人；黄色颜料
adj. 黄色的；黄皮肤的
vt. 使变黄或发黄
vi. 变黄或发黄",curated,1年级上,1,上,1年级上,人教版一年级起点一年级上.xlsx,rj_start1 grade::1 semester::上 appears::1年级上
blue,[bluː],[bluː],蓝色；蓝色的,The schoolbag is blue.,书包是蓝色的。,"adj. 蓝色的；沮丧的，忧郁的；下流的
n. 蓝色；[复数]（美国海、陆、空三军穿的）蓝色制服；蓝颜料；[the blue(s)][用作单数或复数]布鲁斯（歌曲）（一种伤感的美国黑人民歌
vi. 变成蓝色，呈蓝色
vt. 把…染成蓝色；使成蓝色；给…用上蓝剂；用上蓝剂于",curated,1年级上,1,上,1年级上,人教版一年级起点一年级上.xlsx,rj_start1 grade::1 semester::上 appears::1年级上
red,[red],[red],红色；红色的,The apple is red.,苹果是红色的。,"n. 红色，红颜料；赤字
adj. 红色的；红肿的，充血的",curated,1年级上,1,上,1年级上|4年级上,人教版一年级起点一年级上.xlsx|人教版一年级起点四年级上.xlsx,rj_start1 grade::1 semester::上 appears::1年级上 appears::4年级上
green,[ɡriːn],[ɡriːn],绿色；绿色的,The book is green.,这本书是绿色的。,"n. 绿色；青春
adj. 绿色的；青春的
vt. 使…变绿色
vi. 变绿色",curated,1年级上,1,上,1年级上|4年级上,人教版一年级起点一年级上.xlsx|人教版一年级起点四年级上.xlsx,rj_start1 grade::1 semester::上 appears::1年级上 appears::4年级上
colour,[ˈkʌlə(r)],[ˈkʌlər],颜色,What colour is it?,它是什么颜色？,"n. 颜色；风格；气色，面色；外貌
vt. 把…涂颜色，粉饰；歪曲；使脸红
vi. 变色",curated,1年级上,1,上,1年级上,人教版一年级起点一年级上.xlsx,rj_start1 grade::1 semester::上 appears::1年级上
apple,[ˈæp(ə)l],[ˈæpl],苹果,I like apples.,我喜欢苹果。,n. 苹果，苹果树，苹果似的东西；[美俚]炸弹，手榴弹，（棒球的）球；[美俚]人，家伙。,curated,1年级上,1,上,1年级上|4年级上,人教版一年级起点一年级上.xlsx|人教版一年级起点四年级上.xlsx,rj_start1 grade::1 semester::上 appears::1年级上 appears::4年级上
pear,[peə(r)],[per],梨,I like pears.,我喜欢梨。,n. [园艺] 梨树；梨子,curated,1年级上,1,上,1年级上,人教版一年级起点一年级上.xlsx,rj_start1 grade::1 semester::上 appears::1年级上
banana,[bəˈnɑːnə],[bəˈnænə],香蕉,I like bananas.,我喜欢香蕉。,n. 香蕉；喜剧演员；大鹰钩鼻,curated,1年级上,1,上,1年级上,人教版一年级起点一年级上.xlsx,rj_start1 grade::1 semester::上 appears::1年级上
orange,[ˈɒrɪndʒ],[ˈɔrɪndʒ],橙子；橙色,I like oranges.,我喜欢橙子。,"adj. 橙色的；橘色的
n. 橙；橙色；桔子",curated,1年级上,1,上,1年级上,人教版一年级起点一年级上.xlsx,rj_start1 grade::1 semester::上 appears::1年级上
do,[duː; də; du; dəʊ],[duː; də; du; doʊ],助动词（用于疑问句）,Do you like apples?,你喜欢苹果吗？,"vi. 行，足够；生长
n. 要求；规定；C大调音阶中的第一音
v. 做；干；学习；研究；进行；完成；解答；整理；算出；引起；行过
aux. 助动词（构成疑问句和否定句）；（代替动词）；（用于加强语气）
n. （口语）事件；（主英国口语）诈骗；（主英国、新西兰口语）宴会；（口语）必须做到的事情",curated,1年级上,1,上,1年级上,人教版一年级起点一年级上.xlsx,rj_start1 grade::1 semester::上 appears::1年级上
you,[ju],[juː; jə],你；你们,Do you like cats?,你喜欢猫吗？,pron. 你；你们,curated,1年级上,1,上,1年级上,人教版一年级起点一年级上.xlsx,rj_start1 grade::1 semester::上 appears::1年级上
like,[laɪk],[laɪk],喜欢,I like bananas.,我喜欢香蕉。,"vt. 喜欢；想；愿意
vi. 喜欢；希望
prep. 像；如同
adj. 同样的；相似的
n. 爱好；同样的人或物
adv. 可能
conj. 好像",curated,1年级上,1,上,1年级上,人教版一年级起点一年级上.xlsx,rj_start1 grade::1 semester::上 appears::1年级上
yes,[jes],[jes],是的；对,Yes I do.,是的，我喜欢。,"n. 是（表示肯定）
adv. 是, 是的",curated,1年级上,1,上,1年级上,人教版一年级起点一年级上.xlsx,rj_start1 grade::1 semester::上 appears::1年级上
no,[nəʊ],[noʊ],不；不是,No I don't.,不，我不喜欢。,"adv. 不
adj. 没有；不是
n. 不；否决票
abbr. 数字（number）；元素锘（nobelium）的符号",curated,1年级上,1,上,1年级上,人教版一年级起点一年级上.xlsx,rj_start1 grade::1 semester::上 appears::1年级上
chair,[tʃeə(r)],[tʃer],椅子,The book is on the chair.,书在椅子上。,"n. 椅子；讲座；（会议的）主席位；大学教授的职位
vt. 担任（会议的）主席；使…入座；使就任要职",curated,1年级下,1,下,1年级下|3年级下,人教版一年级起点一年级下.xlsx|人教版一年级起点三年级下.xlsx,rj_start1 grade::1 semester::下 appears::1年级下 appears::3年级下
desk,[desk],[desk],课桌；书桌,The pencil is on the desk.,铅笔在桌子上。,"n. 办公桌；服务台；编辑部；（美）讲道台；乐谱架
adj. 书桌的；桌上用的；伏案做的",curated,1年级下,1,下,1年级下|3年级下,人教版一年级起点一年级下.xlsx|人教版一年级起点三年级下.xlsx,rj_start1 grade::1 semester::下 appears::1年级下 appears::3年级下
blackboard,[ˈblækbɔːd],[ˈblækbɔːrd],黑板,The blackboard is black.,黑板是黑色的。,n. 黑板,curated,1年级下,1,下,1年级下|3年级下,人教版一年级起点一年级下.xlsx|人教版一年级起点三年级下.xlsx,rj_start1 grade::1 semester::下 appears::1年级下 appears::3年级下
on,[ɒn],[ɑːn],在……上面,The book is on the desk.,书在桌子上。,"adv. 向前地；作用中，行动中；继续着
prep. 向，朝……；关于；在……之上；在……时候
adj. 开着的；发生着的，正在进行中",curated,1年级下,1,下,1年级下,人教版一年级起点一年级下.xlsx,rj_start1 grade::1 semester::下 appears::1年级下
under,[ˈʌndə(r)],[ˈʌndər],在……下面,The cat is under the desk.,猫在桌子下面。,"prep. 低于，少于；在...之下
adj. 下面的；从属的
adv. 在下面；在下方",curated,1年级下,1,下,1年级下,人教版一年级起点一年级下.xlsx,rj_start1 grade::1 semester::下 appears::1年级下
in,[ɪn],[ɪn],在……里面,The pencil is in the box.,铅笔在盒子里。,"prep. 按照（表示方式）；从事于；在…之内
n. 执政者；门路；知情者
adj. 在里面的；时髦的
adv. 进入；当选；（服装等）时髦；在屋里",curated,1年级下,1,下,1年级下,人教版一年级起点一年级下.xlsx,rj_start1 grade::1 semester::下 appears::1年级下
where,[weə(r)],[wer],哪里,Where is my book?,我的书在哪里？,"conj. 在…的地方
n. 地点
adv. 在哪里
pron. 哪里",curated,1年级下,1,下,1年级下,人教版一年级起点一年级下.xlsx,rj_start1 grade::1 semester::下 appears::1年级下
the,[ðə],[ðə; ði; ðiː],这；那（定冠词）,The book is on the desk.,这本书在桌子上。,"art. 这；那
adv. 更加（用于比较级，最高级前）",curated,1年级下,1,下,1年级下,人教版一年级起点一年级下.xlsx,rj_start1 grade::1 semester::下 appears::1年级下
light,[laɪt],[laɪt],灯,The light is on.,灯亮着。,"n. 光；光线；灯；打火机；领悟；浅色；天窗
adj. 轻的；浅色的；明亮的；轻松的；容易的；清淡的
vi. 点着；变亮；着火
vt. 照亮；点燃；着火
adv. 轻地；清楚地；轻便地",curated,1年级下,1,下,1年级下|3年级下,人教版一年级起点一年级下.xlsx|人教版一年级起点三年级下.xlsx,rj_start1 grade::1 semester::下 appears::1年级下 appears::3年级下
bed,[bed],[bed],床,The cat is on the bed.,猫在床上。,"n. 床；基础；河底， 海底
vt. 使睡觉；安置，嵌入；栽种
vi. 上床；分层",curated,1年级下,1,下,1年级下|3年级下,人教版一年级起点一年级下.xlsx|人教版一年级起点三年级下.xlsx,rj_start1 grade::1 semester::下 appears::1年级下 appears::3年级下
door,[dɔː(r)],[dɔːr],门,The door is near the bed.,门在床附近。,n. 门；家，户；门口；通道,curated,1年级下,1,下,1年级下|3年级下,人教版一年级起点一年级下.xlsx|人教版一年级起点三年级下.xlsx,rj_start1 grade::1 semester::下 appears::1年级下 appears::3年级下
box,[bɒks],[bɑːks],盒子；箱子,The pencil is in the box.,铅笔在盒子里。,"n. 箱，盒子；包厢；一拳
vt. 拳击；装…入盒中；打耳光
vi. 拳击",curated,1年级下,1,下,1年级下|3年级下,人教版一年级起点一年级下.xlsx|人教版一年级起点三年级下.xlsx,rj_start1 grade::1 semester::下 appears::1年级下 appears::3年级下
near,[nɪə(r)],[nɪr],在……附近,The chair is near the desk.,椅子在桌子附近。,"adj. 近的；亲近的；近似的
adv. 近；接近
prep. 靠近；近似于",curated,1年级下,1,下,1年级下|4年级上,人教版一年级起点一年级下.xlsx|人教版一年级起点四年级上.xlsx,rj_start1 grade::1 semester::下 appears::1年级下 appears::4年级上
behind,[bɪˈhaɪnd],[bɪˈhaɪnd],在……后面,The ball is behind the box.,球在盒子后面。,"prep. 落后于；支持；晚于
n. 屁股
adv. 在后地；在原处",curated,1年级下,1,下,1年级下,人教版一年级起点一年级下.xlsx,rj_start1 grade::1 semester::下 appears::1年级下
plane,[pleɪn],[pleɪn],飞机,This is a plane.,这是一架飞机。,"n. 飞机；平面；程度，水平
adj. 平的；平面的
vt. 刨平；用刨子刨；掠过水面
vi. 刨；乘飞机旅行；翱翔",curated,1年级下,1,下,1年级下,人教版一年级起点一年级下.xlsx,rj_start1 grade::1 semester::下 appears::1年级下
ball,[bɔːl],[bɔːl],球,I have a ball.,我有一个球。,"n. 球；舞会
vt. 捏成球形
vi. 成团块",curated,1年级下,1,下,1年级下|4年级下,人教版一年级起点一年级下.xlsx|人教版一年级起点四年级下.xlsx,rj_start1 grade::1 semester::下 appears::1年级下 appears::4年级下
doll,[dɒl],[dɑːl],玩具娃娃,I have a doll.,我有一个玩具娃娃。,"n. 洋娃娃；玩偶；无头脑的美丽女人
vt. 把…打扮得花枝招展",curated,1年级下,1,下,1年级下,人教版一年级起点一年级下.xlsx,rj_start1 grade::1 semester::下 appears::1年级下
train,[treɪn],[treɪn],火车,This is a train.,这是一列火车。,"n. 火车；行列；长队；裙裾
v. 培养；训练；瞄准",curated,1年级下,1,下,1年级下,人教版一年级起点一年级下.xlsx,rj_start1 grade::1 semester::下 appears::1年级下
car,[kɑː(r)],[kɑːr],小汽车；汽车,This is a car.,这是一辆小汽车。,n. 汽车；车厢,curated,1年级下,1,下,1年级下,人教版一年级起点一年级下.xlsx,rj_start1 grade::1 semester::下 appears::1年级下
bear,[beə(r)],[ber],熊,This is a bear.,这是一只熊。,"n. 熊
vt. 结果实，开花（正式）
vt. 忍受；承受；具有；支撑",curated,1年级下,1,下,1年级下,人教版一年级起点一年级下.xlsx,rj_start1 grade::1 semester::下 appears::1年级下
can,[kən; kæn],[kən; kæn],能；会；可以,I can do it.,我能做到。,"aux. 能； 能够； 可以； 可能
n. 罐头； （用金属或塑料制作的）容器； （马口铁或其他金属制作的）食品罐头
vt. 将…装入密封罐中保存",curated,1年级下,1,下,1年级下,人教版一年级起点一年级下.xlsx,rj_start1 grade::1 semester::下 appears::1年级下
sure,[ʃʊə(r)],[ʃʊr],当然；可以,Sure you can.,当然可以。,"adj. 确信的；可靠的；必定的
adv. 当然；的确",curated,1年级下,1,下,1年级下,人教版一年级起点一年级下.xlsx,rj_start1 grade::1 semester::下 appears::1年级下
sorry,[ˈsɒri],[ˈsɑːri],对不起；抱歉,I am sorry.,我很抱歉。,"adj. 遗憾的；对不起的，抱歉的
int. 对不起，抱歉（表示委婉的拒绝等）",curated,1年级下,1,下,1年级下,人教版一年级起点一年级下.xlsx,rj_start1 grade::1 semester::下 appears::1年级下
rice,[raɪs],[raɪs],米饭,I like rice.,我喜欢米饭。,"n. 稻；米饭
vt. 把…捣成米糊状",curated,1年级下,1,下,1年级下|3年级上,人教版一年级起点一年级下.xlsx|人教版一年级起点三年级上.xlsx,rj_start1 grade::1 semester::下 appears::1年级下 appears::3年级上
noodles,[ˈnuːd(ə)lz],[ˈnuːd(ə)lz],面条,I like noodles.,我喜欢面条。,n. 面条，挂面（noodle的复数形式),curated,1年级下,1,下,1年级下|3年级上,人教版一年级起点一年级下.xlsx|人教版一年级起点三年级上.xlsx,rj_start1 grade::1 semester::下 appears::1年级下 appears::3年级上
vegetable,[ˈvedʒtəb(ə)l],[ˈvedʒtəbl],蔬菜,I like vegetables.,我喜欢蔬菜。,"n. 蔬菜；植物；植物人
adj. 蔬菜的；植物的",curated,1年级下,1,下,1年级下,人教版一年级起点一年级下.xlsx,rj_start1 grade::1 semester::下 appears::1年级下
fish,[fɪʃ],[fɪʃ],鱼；鱼肉,I like fish.,我喜欢鱼。,"n. 鱼，鱼类
vt. 钓鱼，捕鱼；搜寻
vi. 捕鱼，钓鱼；用钩捞取",curated,1年级下,1,下,1年级下|3年级上|6年级上,人教版一年级起点一年级下.xlsx|人教版一年级起点三年级上.xlsx|人教版一年级起点六年级上.xlsx,rj_start1 grade::1 semester::下 appears::1年级下 appears::3年级上 appears::6年级上
chicken,[ˈtʃɪkɪn],[ˈtʃɪkɪn],鸡肉,I like chicken.,我喜欢鸡肉。,"n. 鸡肉；小鸡；胆小鬼，懦夫
adj. 鸡肉的；胆怯的；幼小的",curated,1年级下,1,下,1年级下|3年级上,人教版一年级起点一年级下.xlsx|人教版一年级起点三年级上.xlsx,rj_start1 grade::1 semester::下 appears::1年级下 appears::3年级上
egg,[eɡ],[eɡ],鸡蛋；蛋,I like eggs.,我喜欢鸡蛋。,"n. 蛋；卵子；家伙；鸡蛋
vt. 煽动；怂恿",curated,1年级下,1,下,1年级下|3年级上,人教版一年级起点一年级下.xlsx|人教版一年级起点三年级上.xlsx,rj_start1 grade::1 semester::下 appears::1年级下 appears::3年级上
hungry,[ˈhʌŋɡri],[ˈhʌŋɡri],饿的；饥饿的,I am hungry.,我饿了。,adj. 饥饿的；渴望的；荒年的；不毛的,curated,1年级下,1,下,1年级下,人教版一年级起点一年级下.xlsx,rj_start1 grade::1 semester::下 appears::1年级下
want,[wɒnt],[wɑːnt],想要,I want some rice.,我想要一些米饭。,"n. 需要；缺乏；贫困；必需品
vt. 需要；希望；应该；缺少
vi. 需要；缺少",curated,1年级下,1,下,1年级下,人教版一年级起点一年级下.xlsx,rj_start1 grade::1 semester::下 appears::1年级下
and,[ənd],[ənd; ən; n; ænd],和；并且,I like rice and eggs.,我喜欢米饭和鸡蛋。,conj. 和，与；就；而且；但是；然后,curated,1年级下,1,下,1年级下,人教版一年级起点一年级下.xlsx,rj_start1 grade::1 semester::下 appears::1年级下
juice,[dʒuːs],[dʒuːs],果汁,I want some juice.,我想喝一些果汁。,n. （水果）汁，液；果汁,curated,1年级下,1,下,1年级下,人教版一年级起点一年级下.xlsx,rj_start1 grade::1 semester::下 appears::1年级下
tea,[tiː],[tiː],茶,I want some tea.,我想喝一些茶。,"n. 茶叶；茶树；茶点
vt. 给…沏茶
vi. 喝茶；进茶点",curated,1年级下,1,下,1年级下,人教版一年级起点一年级下.xlsx,rj_start1 grade::1 semester::下 appears::1年级下
milk,[mɪlk],[mɪlk],牛奶,I like milk.,我喜欢牛奶。,"n. 牛奶；乳状物
vt. 榨取；挤…的奶
vi. 挤奶",curated,1年级下,1,下,1年级下,人教版一年级起点一年级下.xlsx,rj_start1 grade::1 semester::下 appears::1年级下
water,[ˈwɔːtə(r)],[ˈwɔːtər],水,I want some water.,我想喝一些水。,"n. 水；海水；雨水；海域，大片的水
vt. 使湿；供以水；给…浇水
vi. 加水；流泪；流口水",curated,1年级下,1,下,1年级下,人教版一年级起点一年级下.xlsx,rj_start1 grade::1 semester::下 appears::1年级下
thirsty,[ˈθɜːsti],[ˈθɜːrsti],口渴的,I am thirsty.,我渴了。,adj. 口渴的，口干的；渴望的，热望的,curated,1年级下,1,下,1年级下,人教版一年级起点一年级下.xlsx,rj_start1 grade::1 semester::下 appears::1年级下
thanks,[θæŋks],[θæŋks],谢谢,Thanks for the water.,谢谢你的水。,"n. 谢谢（只用复数）
int. 谢谢",curated,1年级下,1,下,1年级下,人教版一年级起点一年级下.xlsx,rj_start1 grade::1 semester::下 appears::1年级下
shirt,[ʃɜːt],[ʃɜːrt],衬衫,This is my shirt.,这是我的衬衫。,n. 衬衫；汗衫，内衣,curated,1年级下,1,下,1年级下|3年级上,人教版一年级起点一年级下.xlsx|人教版一年级起点三年级上.xlsx,rj_start1 grade::1 semester::下 appears::1年级下 appears::3年级上
T-shirt,[ˈtiː ʃɜːt],[ˈtiː ʃɜːrt],T恤衫,This is my T-shirt.,这是我的T恤衫。,n. 短袖圆领汗衫,curated,1年级下,1,下,1年级下|3年级上,人教版一年级起点一年级下.xlsx|人教版一年级起点三年级上.xlsx,rj_start1 grade::1 semester::下 appears::1年级下 appears::3年级上
skirt,[skɜːt],[skɜːrt],短裙；裙子,This is my skirt.,这是我的裙子。,"n. 裙子
vt. 绕过，回避；位于…边缘
vi. 沿边走，绕开；环绕",curated,1年级下,1,下,1年级下|3年级上,人教版一年级起点一年级下.xlsx|人教版一年级起点三年级上.xlsx,rj_start1 grade::1 semester::下 appears::1年级下 appears::3年级上
dress,[dres],[dres],连衣裙,This is my dress.,这是我的连衣裙。,"n. 连衣裙；女装
vt. 给…穿衣
vi. 穿衣",curated,1年级下,1,下,1年级下|3年级上,人教版一年级起点一年级下.xlsx|人教版一年级起点三年级上.xlsx,rj_start1 grade::1 semester::下 appears::1年级下 appears::3年级上
socks,[sɒks],[sɑːks],袜子,These are my socks.,这是我的袜子。,n. 袜子（sock的复数）,curated,1年级下,1,下,1年级下|3年级上,人教版一年级起点一年级下.xlsx|人教版一年级起点三年级上.xlsx,rj_start1 grade::1 semester::下 appears::1年级下 appears::3年级上
shorts,[ʃɔːts],[ʃɔːrts],短裤,These are my shorts.,这是我的短裤。,n. 短裤,curated,1年级下,1,下,1年级下|3年级上,人教版一年级起点一年级下.xlsx|人教版一年级起点三年级上.xlsx,rj_start1 grade::1 semester::下 appears::1年级下 appears::3年级上
your,[jɔː(r); jə(r)],[jʊr; jər],你的；你们的,Is this your book?,这是你的书吗？,pron. 你的，你们的,curated,1年级下,1,下,1年级下|3年级上,人教版一年级起点一年级下.xlsx|人教版一年级起点三年级上.xlsx,rj_start1 grade::1 semester::下 appears::1年级下 appears::3年级上
father,[ˈfɑːðə(r)],[ˈfɑːðər],爸爸；父亲,My father is tall.,我爸爸很高。,"n. 父亲，爸爸；神父；祖先；前辈
vt. 发明，创立；当…的父亲",curated,2年级上,2,上,2年级上|3年级下|4年级上,人教版一年级起点二年级上.xlsx|人教版一年级起点三年级下.xlsx|人教版一年级起点四年级上.xlsx,rj_start1 grade::2 semester::上 appears::2年级上 appears::3年级下 appears::4年级上
mother,[ˈmʌðə(r)],[ˈmʌðər],妈妈；母亲,My mother is pretty.,我妈妈很漂亮。,"n. 母亲；大娘；女修道院院长
vt. 生下；养育；像母亲般关怀或照管
adj. 母亲的；出生地的",curated,2年级上,2,上,2年级上|3年级下,人教版一年级起点二年级上.xlsx|人教版一年级起点三年级下.xlsx,rj_start1 grade::2 semester::上 appears::2年级上 appears::3年级下
brother,[ˈbrʌðə(r)],[ˈbrʌðər],兄弟；哥哥；弟弟,He is my brother.,他是我的兄弟。,"n. 兄弟；同事；战友
int. 我的老兄！",curated,2年级上,2,上,2年级上|3年级下,人教版一年级起点二年级上.xlsx|人教版一年级起点三年级下.xlsx,rj_start1 grade::2 semester::上 appears::2年级上 appears::3年级下
sister,[ˈsɪstə(r)],[ˈsɪstər],姐妹；姐姐；妹妹,She is my sister.,她是我的姐妹。,"n. 姐妹；（称志同道合者）姐妹；修女；护士
adj. 姐妹般的；同类型的",curated,2年级上,2,上,2年级上|3年级下,人教版一年级起点二年级上.xlsx|人教版一年级起点三年级下.xlsx,rj_start1 grade::2 semester::上 appears::2年级上 appears::3年级下
grandmother,[ˈɡrænmʌðə(r)],[ˈɡrænmʌðər],奶奶；外婆,She is my grandmother.,她是我的奶奶或外婆。,"n. 祖母；女祖先
vt. 当…的祖母
vi. 当祖母",curated,2年级上,2,上,2年级上|3年级下,人教版一年级起点二年级上.xlsx|人教版一年级起点三年级下.xlsx,rj_start1 grade::2 semester::上 appears::2年级上 appears::3年级下
grandfather,[ˈɡrænfɑːðə(r)],[ˈɡrænfɑːðər],爷爷；外公,He is my grandfather.,他是我的爷爷或外公。,"n. 祖父；始祖
vt. 不受新规定限制",curated,2年级上,2,上,2年级上|3年级下,人教版一年级起点二年级上.xlsx|人教版一年级起点三年级下.xlsx,rj_start1 grade::2 semester::上 appears::2年级上 appears::3年级下
who,[huː],[huː],谁,Who is he?,他是谁？,pron. 谁；什么人,curated,2年级上,2,上,2年级上,人教版一年级起点二年级上.xlsx,rj_start1 grade::2 semester::上 appears::2年级上
he,[hi; iː; i; hiː],[hi; iː; i; hiː],他,He is my father.,他是我的爸爸。,"n. 男孩，男人；它（雄性动物）
pron. 他",curated,2年级上,2,上,2年级上,人教版一年级起点二年级上.xlsx,rj_start1 grade::2 semester::上 appears::2年级上
she,[ʃi],[ʃi; ʃiː],她,She is my mother.,她是我的妈妈。,"n. 女人；雌性动物
pron. 她（主格）；它（用来指雌性动物或国家、船舶、地球、月亮等）",curated,2年级上,2,上,2年级上,人教版一年级起点二年级上.xlsx,rj_start1 grade::2 semester::上 appears::2年级上
classmate,[ˈklɑːsmeɪt],[ˈklæsmeɪt],同班同学,He is my classmate.,他是我的同班同学。,n. 同班同学,curated,2年级上,2,上,2年级上,人教版一年级起点二年级上.xlsx,rj_start1 grade::2 semester::上 appears::2年级上
friend,[frend],[frend],朋友,She is my friend.,她是我的朋友。,n. 朋友；助手；赞助者,curated,2年级上,2,上,2年级上|4年级上,人教版一年级起点二年级上.xlsx|人教版一年级起点四年级上.xlsx,rj_start1 grade::2 semester::上 appears::2年级上 appears::4年级上
woman,[ˈwʊmən],[ˈwʊmən],女人；妇女,The woman is my teacher.,那个女人是我的老师。,n. 妇女；女性；成年女子,curated,2年级上,2,上,2年级上,人教版一年级起点二年级上.xlsx,rj_start1 grade::2 semester::上 appears::2年级上
girl,[ɡɜːl],[ɡɜːrl],女孩,The girl is my friend.,那个女孩是我的朋友。,"n. 女孩；姑娘，未婚女子；女职员，女演员；（男人的）女朋友
n. （捷）吉尔",curated,2年级上,2,上,2年级上,人教版一年级起点二年级上.xlsx,rj_start1 grade::2 semester::上 appears::2年级上
man,[mæn],[mæn],男人,The man is my father.,那个男人是我的爸爸。,"n. 人；男人；人类；丈夫；雇工
vt. 操纵；给…配置人员；使增强勇气；在…就位",curated,2年级上,2,上,2年级上,人教版一年级起点二年级上.xlsx,rj_start1 grade::2 semester::上 appears::2年级上
boy,[bɔɪ],[bɔɪ],男孩,The boy is my friend.,那个男孩是我的朋友。,n. 男孩；男人,curated,2年级上,2,上,2年级上,人教版一年级起点二年级上.xlsx,rj_start1 grade::2 semester::上 appears::2年级上
look,[lʊk],[lʊk],看,Look at the girl.,看那个女孩。,"vt. 看；期待；注意；面向；看上去像
vi. 看；看起来；注意；面向
n. 看；样子；面容",curated,2年级上,2,上,2年级上,人教版一年级起点二年级上.xlsx,rj_start1 grade::2 semester::上 appears::2年级上
his,[hɪz],[hɪz; ɪz],他的,His name is Tom.,他的名字叫汤姆。,pron. 他的,curated,2年级上,2,上,2年级上,人教版一年级起点二年级上.xlsx,rj_start1 grade::2 semester::上 appears::2年级上
name,[neɪm],[neɪm],名字,My name is Tom.,我的名字叫汤姆。,"n. 名称，名字；姓名；名誉
vt. 命名，任命；指定；称呼；提名；叫出
adj. 姓名的；据以取名的",curated,2年级上,2,上,2年级上|3年级上,人教版一年级起点二年级上.xlsx|人教版一年级起点三年级上.xlsx,rj_start1 grade::2 semester::上 appears::2年级上 appears::3年级上
her,[hə(r)],[hər; ɜːr; ər; hɜːr],她的,Her name is Amy.,她的名字叫艾米。,pron. 她（she的宾格）；她的（she的所有格）；她（指某个国家；一艘船）,curated,2年级上,2,上,2年级上,人教版一年级起点二年级上.xlsx,rj_start1 grade::2 semester::上 appears::2年级上
or,[ɔː(r)],[ɔːr],或者,Is he tall or short?,他是高还是矮？,conj. 或，或者；还是,curated,2年级上,2,上,2年级上,人教版一年级起点二年级上.xlsx,rj_start1 grade::2 semester::上 appears::2年级上
big,[bɪɡ],[bɪɡ],大的,The school is big.,这所学校很大。,"adj. 大的；重要的；量大的
adv. 大量地；顺利；夸大地",curated,2年级上,2,上,2年级上|3年级上,人教版一年级起点二年级上.xlsx|人教版一年级起点三年级上.xlsx,rj_start1 grade::2 semester::上 appears::2年级上 appears::3年级上
tall,[tɔːl],[tɔːl],高的,My father is tall.,我爸爸很高。,"adj. 高的；长的；过分的；夸大的
adv. 夸大地",curated,2年级上,2,上,2年级上,人教版一年级起点二年级上.xlsx,rj_start1 grade::2 semester::上 appears::2年级上
pretty,[ˈprɪti],[ˈprɪti],漂亮的,The girl is pretty.,这个女孩很漂亮。,"n. 有吸引力的事物（尤指饰品）；漂亮的人
adj. 漂亮的；可爱的；优美的
adv. 相当地；颇",curated,2年级上,2,上,2年级上|4年级下,人教版一年级起点二年级上.xlsx|人教版一年级起点四年级下.xlsx,rj_start1 grade::2 semester::上 appears::2年级上 appears::4年级下
thin,[θɪn],[θɪn],瘦的,The boy is thin.,这个男孩很瘦。,"n. 细小部分
adj. 薄的；瘦的；稀薄的；微弱的
vt. 使瘦；使淡；使稀疏
vi. 变薄；变瘦；变淡
adv. 稀疏地；微弱地",curated,2年级上,2,上,2年级上,人教版一年级起点二年级上.xlsx,rj_start1 grade::2 semester::上 appears::2年级上
short,[ʃɔːt],[ʃɔːrt],矮的；短的,The boy is short.,这个男孩个子矮。,"n. 短；缺乏；短路；短裤
adj. 短的；不足的；矮的，低的
adv. 不足；突然；唐突地",curated,2年级上,2,上,2年级上|3年级上,人教版一年级起点二年级上.xlsx|人教版一年级起点三年级上.xlsx,rj_start1 grade::2 semester::上 appears::2年级上 appears::3年级上
handsome,[ˈhænsəm],[ˈhænsəm],英俊的,The man is handsome.,这个男人很英俊。,adj. （男子）英俊的；可观的；大方的，慷慨的；健美而端庄的,curated,2年级上,2,上,2年级上|3年级下,人教版一年级起点二年级上.xlsx|人教版一年级起点三年级下.xlsx,rj_start1 grade::2 semester::上 appears::2年级上 appears::3年级下
new,[njuː],[nuː],新的,This is my new book.,这是我的新书。,"adj. 新的，新鲜的；更新的；初见的
adv. 新近",curated,2年级上,2,上,2年级上|3年级上,人教版一年级起点二年级上.xlsx|人教版一年级起点三年级上.xlsx,rj_start1 grade::2 semester::上 appears::2年级上 appears::3年级上
does,[dʌz],[dʌz],助动词（do的第三人称单数）,Does he like cats?,他喜欢猫吗？,v. 做；工作；有用（do的第三人称单数形式）,curated,2年级上,2,上,2年级上,人教版一年级起点二年级上.xlsx,rj_start1 grade::2 semester::上 appears::2年级上
bookshop,[ˈbʊkʃɒp],[ˈbʊkʃɑːp],书店,Let's go to the bookshop.,我们去书店吧。,n. 书店,curated,2年级上,2,上,2年级上|4年级下,人教版一年级起点二年级上.xlsx|人教版一年级起点四年级下.xlsx,rj_start1 grade::2 semester::上 appears::2年级上 appears::4年级下
zoo,[zuː],[zuː],动物园,Let's go to the zoo.,我们去动物园吧。,n. 动物园; <美俚>（铁路货车的最后一节）守车; <美俚>核粒子园,curated,2年级上,2,上,2年级上,人教版一年级起点二年级上.xlsx,rj_start1 grade::2 semester::上 appears::2年级上
school,[skuːl],[skuːl],学校,I go to school.,我去上学。,"n. 学校；学院；学派；鱼群
vt. 教育",curated,2年级上,2,上,2年级上|4年级下,人教版一年级起点二年级上.xlsx|人教版一年级起点四年级下.xlsx,rj_start1 grade::2 semester::上 appears::2年级上 appears::4年级下
supermarket,[ˈsuːpəmɑːkɪt],[ˈsuːpərmɑːrkɪt],超市,Let's go to the supermarket.,我们去超市吧。,n. 超级市场；自助售货商店,curated,2年级上,2,上,2年级上|4年级下,人教版一年级起点二年级上.xlsx|人教版一年级起点四年级下.xlsx,rj_start1 grade::2 semester::上 appears::2年级上 appears::4年级下
park,[pɑːk],[pɑːrk],公园,Let's go to the park.,我们去公园吧。,"n. 公园；[交] 停车场
vt. 停放；放置；寄存
vi. 停放车辆",curated,2年级上,2,上,2年级上|4年级上,人教版一年级起点二年级上.xlsx|人教版一年级起点四年级上.xlsx,rj_start1 grade::2 semester::上 appears::2年级上 appears::4年级上
hospital,[ˈhɒspɪt(ə)l],[ˈhɑːspɪtl],医院,The hospital is big.,这家医院很大。,n. 医院,curated,2年级上,2,上,2年级上|4年级下,人教版一年级起点二年级上.xlsx|人教版一年级起点四年级下.xlsx,rj_start1 grade::2 semester::上 appears::2年级上 appears::4年级下
go,[ɡəʊ],[ɡoʊ],去,Let's go to the park.,我们去公园吧。,"n. 去；进行；尝试
vi. 走；达到；运转；趋于
vt. 忍受；出产；以…打赌
[复数 goes 第三人称单数 goes 过去式 went 过去分词 gone 现在分词 going]",curated,2年级上,2,上,2年级上,人教版一年级起点二年级上.xlsx,rj_start1 grade::2 semester::上 appears::2年级上
to,[tə],[tə; tu; tuː],到；向；去,Let's go to school.,我们去学校吧。,"prep. 到；向；（表示时间、方向）朝…方向
adv. 向前；（门等）关上",curated,2年级上,2,上,2年级上,人教版一年级起点二年级上.xlsx,rj_start1 grade::2 semester::上 appears::2年级上
grass,[ɡrɑːs],[ɡræs],草,The grass is green.,草是绿色的。,"n. 草；草地，草坪
vt. 放牧；使……长满草；使……吃草
vi. 长草",curated,2年级上,2,上,2年级上,人教版一年级起点二年级上.xlsx,rj_start1 grade::2 semester::上 appears::2年级上
tree,[triː],[triː],树,The tree is green.,这棵树是绿色的。,"n. 树；木料；树状物
vt. 把...赶上树
vi. 爬上树；逃上树",curated,2年级上,2,上,2年级上,人教版一年级起点二年级上.xlsx,rj_start1 grade::2 semester::上 appears::2年级上
flower,[ˈflaʊə(r)],[ˈflaʊər],花,The flower is red.,这朵花是红色的。,"n. 花；精华；开花植物
vt. 使开花；用花装饰
vi. 成熟，发育；开花；繁荣；旺盛",curated,2年级上,2,上,2年级上,人教版一年级起点二年级上.xlsx,rj_start1 grade::2 semester::上 appears::2年级上
boat,[bəʊt],[boʊt],小船,The boat is on the lake.,小船在湖上。,"n. 小船；轮船
vi. 划船",curated,2年级上,2,上,2年级上,人教版一年级起点二年级上.xlsx,rj_start1 grade::2 semester::上 appears::2年级上
lake,[leɪk],[leɪk],湖,The boat is on the lake.,小船在湖上。,"n. 湖；深红色颜料；胭脂红
vt. （使）血球溶解
vi. （使）血球溶解",curated,2年级上,2,上,2年级上,人教版一年级起点二年级上.xlsx,rj_start1 grade::2 semester::上 appears::2年级上
hill,[hɪl],[hɪl],小山,The hill is green.,小山是绿色的。,n. 小山；丘陵；斜坡；山冈,curated,2年级上,2,上,2年级上,人教版一年级起点二年级上.xlsx,rj_start1 grade::2 semester::上 appears::2年级上
Christmas,[ˈkrɪsməs],[ˈkrɪsməs],圣诞节,Merry Christmas!,圣诞快乐！,n. 圣诞节；圣诞节期间,curated,2年级上,2,上,2年级上,人教版一年级起点二年级上.xlsx,rj_start1 grade::2 semester::上 appears::2年级上
Father Christmas,,,圣诞老人,Father Christmas has presents.,圣诞老人有礼物。,na. 圣诞老人,curated,2年级上,2,上,2年级上,人教版一年级起点二年级上.xlsx,rj_start1 grade::2 semester::上 appears::2年级上
Christmas tree,[ˈkrɪsməs triː],[ˈkrɪsməs triː],圣诞树,The Christmas tree is green.,圣诞树是绿色的。,n. 【节】圣诞树,curated,2年级上,2,上,2年级上,人教版一年级起点二年级上.xlsx,rj_start1 grade::2 semester::上 appears::2年级上
card,[kɑːd],[kɑːrd],卡片；贺卡,This card is for you.,这张卡片送给你。,"n. 卡片；纸牌；明信片
vt. 记于卡片上",curated,2年级上,2,上,2年级上,人教版一年级起点二年级上.xlsx,rj_start1 grade::2 semester::上 appears::2年级上
present,[ˈprez(ə)nt],[ˈpreznt],礼物,This present is for you.,这个礼物送给你。,"n. 现在；礼物；瞄准
adj. 现在的；出席的
vt. 提出；介绍；呈现；赠送
vi. 举枪瞄准",curated,2年级上,2,上,2年级上,人教版一年级起点二年级上.xlsx,rj_start1 grade::2 semester::上 appears::2年级上
New Year,,,新年,Happy New Year!,新年快乐！,n. 新年,curated,2年级上,2,上,2年级上,人教版一年级起点二年级上.xlsx,rj_start1 grade::2 semester::上 appears::2年级上
merry,[ˈmeri],[ˈmeri],快乐的；愉快的,Merry Christmas!,圣诞快乐！,"adj. 愉快的；微醉的；嬉戏作乐的
n. 甜樱桃",curated,2年级上,2,上,2年级上,人教版一年级起点二年级上.xlsx,rj_start1 grade::2 semester::上 appears::2年级上
too,[tuː],[tuː],也,I like it too.,我也喜欢它。,adv. 太；也；很；还；非常；过度,curated,2年级上,2,上,2年级上,人教版一年级起点二年级上.xlsx,rj_start1 grade::2 semester::上 appears::2年级上
here,[hɪə(r)],[hɪr],这里,Your present is here.,你的礼物在这里。,"n. 这里
adv. 在这里；此时
int. 嘿！；喂！",curated,2年级上,2,上,2年级上,人教版一年级起点二年级上.xlsx,rj_start1 grade::2 semester::上 appears::2年级上
for,[fə(r)],[fər; fɔːr],给；为了,This card is for you.,这张卡片送给你。,"prep. 为，为了；因为；给；对于；至于；适合于
conj. 因为",curated,2年级上,2,上,2年级上|3年级上,人教版一年级起点二年级上.xlsx|人教版一年级起点三年级上.xlsx,rj_start1 grade::2 semester::上 appears::2年级上 appears::3年级上
thank,[θæŋk],[θæŋk],感谢；谢谢,Thank you.,谢谢你。,"n. 感谢
vt. 感谢
int. 谢谢",curated,2年级上,2,上,2年级上,人教版一年级起点二年级上.xlsx,rj_start1 grade::2 semester::上 appears::2年级上
happy,[ˈhæpi],[ˈhæpi],快乐的；高兴的,Happy New Year!,新年快乐！,adj. 幸福的；高兴的；巧妙的,curated,2年级上,2,上,2年级上|6年级上,人教版一年级起点二年级上.xlsx|人教版一年级起点六年级上.xlsx,rj_start1 grade::2 semester::上 appears::2年级上 appears::6年级上
play football,,,踢足球,I play football after school.,我放学后踢足球。,na. 踢足球；对难办的事采取踢皮球的态度,curated,2年级下,2,下,2年级下|3年级下|4年级上,人教版一年级起点二年级下.xlsx|人教版一年级起点三年级下.xlsx|人教版一年级起点四年级上.xlsx,rj_start1 grade::2 semester::下 appears::2年级下 appears::3年级下 appears::4年级上
fly a kite,,,放风筝,I fly a kite in spring.,我春天放风筝。,na. 放风筝；试探舆论；开空头支票；〈美〉(从狱中)非法寄出信件,curated,2年级下,2,下,2年级下|3年级下,人教版一年级起点二年级下.xlsx|人教版一年级起点三年级下.xlsx,rj_start1 grade::2 semester::下 appears::2年级下 appears::3年级下
ride a bike,,,骑自行车,I can ride a bike.,我会骑自行车。,骑自行车；骑车；骑单车,curated,2年级下,2,下,2年级下|3年级下,人教版一年级起点二年级下.xlsx|人教版一年级起点三年级下.xlsx,rj_start1 grade::2 semester::下 appears::2年级下 appears::3年级下
make a model plane,,,做飞机模型,I can make a model plane.,我会做飞机模型。,无,curated,2年级下,2,下,2年级下|3年级下,人教版一年级起点二年级下.xlsx|人教版一年级起点三年级下.xlsx,rj_start1 grade::2 semester::下 appears::2年级下 appears::3年级下
swim,[swɪm],[swɪm],游泳,I can swim.,我会游泳。,"n. 游泳；漂浮；眩晕
adj. 游泳时穿戴的
vi. 游泳；漂浮；浸；眩晕
vt. 游过；使浮起",curated,2年级下,2,下,2年级下|3年级下|4年级上,人教版一年级起点二年级下.xlsx|人教版一年级起点三年级下.xlsx|人教版一年级起点四年级上.xlsx,rj_start1 grade::2 semester::下 appears::2年级下 appears::3年级下 appears::4年级上
make a snowman,,,堆雪人,Let's make a snowman.,我们来堆雪人吧。,堆雪人；做雪人；堆一个雪人,curated,2年级下,2,下,2年级下|3年级下,人教版一年级起点二年级下.xlsx|人教版一年级起点三年级下.xlsx,rj_start1 grade::2 semester::下 appears::2年级下 appears::3年级下
can't,,,不能；不会,I can't swim.,我不会游泳。,abbr. 不能（can not）,curated,2年级下,2,下,2年级下,人教版一年级起点二年级下.xlsx,rj_start1 grade::2 semester::下 appears::2年级下
rainy,[ˈreɪni],[ˈreɪni],下雨的；多雨的,It is rainy today.,今天下雨。,adj. 下雨的；多雨的,curated,2年级下,2,下,2年级下,人教版一年级起点二年级下.xlsx,rj_start1 grade::2 semester::下 appears::2年级下
cloudy,[ˈklaʊdi],[ˈklaʊdi],多云的,It is cloudy today.,今天多云。,adj. 多云的；阴天的；愁容满面的,curated,2年级下,2,下,2年级下,人教版一年级起点二年级下.xlsx,rj_start1 grade::2 semester::下 appears::2年级下
snowy,[ˈsnəʊi],[ˈsnoʊi],下雪的；多雪的,It is snowy today.,今天下雪。,adj. 下雪的，多雪的；被雪覆盖的；洁白无瑕的,curated,2年级下,2,下,2年级下,人教版一年级起点二年级下.xlsx,rj_start1 grade::2 semester::下 appears::2年级下
windy,[ˈwɪndi],[ˈwɪndi],有风的；多风的,It is windy today.,今天有风。,adj. 多风的，有风的；腹胀的；吹牛的,curated,2年级下,2,下,2年级下,人教版一年级起点二年级下.xlsx,rj_start1 grade::2 semester::下 appears::2年级下
sunny,[ˈsʌni],[ˈsʌni],晴朗的；阳光充足的,It is sunny today.,今天晴朗。,adj. 阳光充足的，和煦的；快活的；性情开朗的,curated,2年级下,2,下,2年级下,人教版一年级起点二年级下.xlsx,rj_start1 grade::2 semester::下 appears::2年级下
umbrella,[ʌmˈbrelə],[ʌmˈbrelə],雨伞,I have an umbrella.,我有一把雨伞。,n. 雨伞；保护伞；庇护；伞形结构,curated,2年级下,2,下,2年级下,人教版一年级起点二年级下.xlsx,rj_start1 grade::2 semester::下 appears::2年级下
weather,[ˈweðə(r)],[ˈweðər],天气,How is the weather?,天气怎么样？,"n. 天气；气象；气候；处境
vt. 经受住；使风化；侵蚀；使受风吹雨打
adj. 露天的；迎风的
vi. 风化；受侵蚀；经受风雨",curated,2年级下,2,下,2年级下,人教版一年级起点二年级下.xlsx,rj_start1 grade::2 semester::下 appears::2年级下
wow,[waʊ],[waʊ],哇；呀,Wow it is big!,哇，它真大！,"n. 极大的成功；一鸣惊人之举；魔兽世界(World of Warcraft)；失真
int. （表示极大的惊奇或钦佩）哇，呀",curated,2年级下,2,下,2年级下,人教版一年级起点二年级下.xlsx,rj_start1 grade::2 semester::下 appears::2年级下
let's,,,让我们,Let's go to the park.,我们去公园吧。,让我们（let us的简写）,curated,2年级下,2,下,2年级下,人教版一年级起点二年级下.xlsx,rj_start1 grade::2 semester::下 appears::2年级下
spring,[sprɪŋ],[sprɪŋ],春天,I like spring.,我喜欢春天。,"n. 春天；弹簧；泉水；活力；跳跃
adj. 春天的
vt. 使跳起；使爆炸；突然提出；使弹开
vi. 生长；涌出；跃出；裂开",curated,2年级下,2,下,2年级下,人教版一年级起点二年级下.xlsx,rj_start1 grade::2 semester::下 appears::2年级下
summer,[ˈsʌmə(r)],[ˈsʌmər],夏天,I like summer.,我喜欢夏天。,"n. 夏季；全盛时期
adj. 夏季的
vi. 避暑；过夏天",curated,2年级下,2,下,2年级下,人教版一年级起点二年级下.xlsx,rj_start1 grade::2 semester::下 appears::2年级下
autumn,[ˈɔːtəm],[ˈɔːtəm; ˈɑːtəm],秋天,I like autumn.,我喜欢秋天。,"n. 秋天；成熟期；渐衰期，凋落期
adj. 秋天的，秋季的",curated,2年级下,2,下,2年级下,人教版一年级起点二年级下.xlsx,rj_start1 grade::2 semester::下 appears::2年级下
winter,[ˈwɪntə(r)],[ˈwɪntər],冬天,I like winter.,我喜欢冬天。,"n. 冬季；年岁；萧条期
adj. 冬天的；越冬的
vi. 过冬",curated,2年级下,2,下,2年级下,人教版一年级起点二年级下.xlsx,rj_start1 grade::2 semester::下 appears::2年级下
hot,[hɒt],[hɑːt],热的,It is hot in summer.,夏天很热。,"adj. 热的；辣的；热情的；激动的；紧迫的
vt. 增加；给…加温
adv. 热；紧迫地
vi. 变热",curated,2年级下,2,下,2年级下,人教版一年级起点二年级下.xlsx,rj_start1 grade::2 semester::下 appears::2年级下
warm,[wɔːm],[wɔːrm],暖和的,It is warm in spring.,春天很暖和。,"n. 取暖；加热
adj. 温暖的；热情的
vt. 使…兴奋；使…温暖；使…感兴趣
vi. 同情；激动；变温暖",curated,2年级下,2,下,2年级下,人教版一年级起点二年级下.xlsx,rj_start1 grade::2 semester::下 appears::2年级下
cool,[kuːl],[kuːl],凉爽的,It is cool in autumn.,秋天很凉爽。,"n. 凉爽；凉爽的空气
adj. 凉爽的；冷静的；出色的
vt. 使…冷却；使…平静下来
vi. 变凉；平息
adv. 冷静地",curated,2年级下,2,下,2年级下|5年级上,人教版一年级起点二年级下.xlsx|人教版一年级起点五年级上.xlsx,rj_start1 grade::2 semester::下 appears::2年级下 appears::5年级上
cold,[kəʊld],[kəʊld],寒冷的,It is cold in winter.,冬天很冷。,"n. 寒冷；感冒
adj. 寒冷的；冷淡的，不热情的；失去知觉的
adv. 完全地",curated,2年级下,2,下,2年级下,人教版一年级起点二年级下.xlsx,rj_start1 grade::2 semester::下 appears::2年级下
favourite,[ˈfeɪvərɪt],[ˈfeɪvərɪt],最喜欢的,Spring is my favourite season.,春天是我最喜欢的季节。,"n. 特别喜爱的人（或物）
adj. 特别受喜爱的",curated,2年级下,2,下,2年级下,人教版一年级起点二年级下.xlsx,rj_start1 grade::2 semester::下 appears::2年级下
season,[ˈsiːzn],[ˈsiːzn],季节,What is your favourite season?,你最喜欢哪个季节？,"n. 时期；季节；赛季
vt. 给…调味；使适应
vi. 变得成熟；变干燥",curated,2年级下,2,下,2年级下,人教版一年级起点二年级下.xlsx,rj_start1 grade::2 semester::下 appears::2年级下
eleven,[ɪˈlev(ə)n],[ɪˈlevn],十一；十一个,I have eleven books.,我有十一本书。,"num. 十一；十一个
n. 十一；十一个
adj. 十一的；十一个的",curated,2年级下,2,下,2年级下,人教版一年级起点二年级下.xlsx,rj_start1 grade::2 semester::下 appears::2年级下
twelve,[twelv],[twelv],十二；十二个,I have twelve books.,我有十二本书。,"num. 十二；十二个
n. 十二；十二个
adj. 十二的；十二个的",curated,2年级下,2,下,2年级下,人教版一年级起点二年级下.xlsx,rj_start1 grade::2 semester::下 appears::2年级下
twenty,[ˈtwenti],[ˈtwenti],二十,I have twenty pencils.,我有二十支铅笔。,"num. 二十
n. 二十；二十年代
adj. 二十的",curated,2年级下,2,下,2年级下,人教版一年级起点二年级下.xlsx,rj_start1 grade::2 semester::下 appears::2年级下
thirty,[ˈθɜːti],[ˈθɜːrti],三十,There are thirty books.,有三十本书。,"num. 三十
n. 三十年代
adj. 三十个的",curated,2年级下,2,下,2年级下,人教版一年级起点二年级下.xlsx,rj_start1 grade::2 semester::下 appears::2年级下
forty,[ˈfɔːti],[ˈfɔːrti],四十,There are forty pencils.,有四十支铅笔。,"n. 四十
adj. 四十的；四十个的",curated,2年级下,2,下,2年级下,人教版一年级起点二年级下.xlsx,rj_start1 grade::2 semester::下 appears::2年级下
fifty,[ˈfɪfti],[ˈfɪfti],五十,There are fifty books.,有五十本书。,"n. 五十；五十个；编号为50的东西
adj. 五十的；五十个的；众多的",curated,2年级下,2,下,2年级下,人教版一年级起点二年级下.xlsx,rj_start1 grade::2 semester::下 appears::2年级下
thirteen,[ˌθɜːˈtiːn],[ˌθɜːrˈtiːn],十三；十三个,I have thirteen books.,我有十三本书。,"n. 十三；十三岁；十三个
num. 十三
adj. 十三的；十三个的",curated,2年级下,2,下,2年级下,人教版一年级起点二年级下.xlsx,rj_start1 grade::2 semester::下 appears::2年级下
fourteen,[ˌfɔːˈtiːn],[ˌfɔːrˈtiːn],十四；十四个,I have fourteen pencils.,我有十四支铅笔。,"num. 十四；十四个；第十四
n. 十四的记号；十四岁；十四点钟；十五世纪",curated,2年级下,2,下,2年级下,人教版一年级起点二年级下.xlsx,rj_start1 grade::2 semester::下 appears::2年级下
fifteen,[ˌfɪfˈtiːn],[ˌfɪfˈtiːn],十五；十五个,I have fifteen books.,我有十五本书。,"n. 十五；十五个；十五人组成的橄榄球队
num. 十五
adj. 十五的",curated,2年级下,2,下,2年级下,人教版一年级起点二年级下.xlsx,rj_start1 grade::2 semester::下 appears::2年级下
time,[taɪm],[taɪm],时间；时刻,What time is it?,几点了？,"n. 时间；时代；次数；节拍；倍数
adj. 定时的；定期的；分期的
vt. 计时；测定…的时间；安排…的速度",curated,2年级下,2,下,2年级下,人教版一年级起点二年级下.xlsx,rj_start1 grade::2 semester::下 appears::2年级下
playtime,[ˈpleɪtaɪm],[ˈpleɪtaɪm],游戏时间；课间活动时间,It is playtime.,到游戏时间了。,n. 游戏或娱乐的时间；开幕时刻,curated,2年级下,2,下,2年级下,人教版一年级起点二年级下.xlsx,rj_start1 grade::2 semester::下 appears::2年级下
get up,[ɡet ʌp],[ɡet ʌp],起床,I get up at seven.,我七点起床。,na. 起床；起身；站起来；叫…起床,curated,2年级下,2,下,2年级下|4年级上,人教版一年级起点二年级下.xlsx|人教版一年级起点四年级上.xlsx,rj_start1 grade::2 semester::下 appears::2年级下 appears::4年级上
eat breakfast,[i:t ˈbrekfəst],[iːt ˈbrekfəst],吃早饭,I eat breakfast at seven.,我七点吃早饭。,吃早饭；吃早餐；食早餐,curated,2年级下,2,下,2年级下,人教版一年级起点二年级下.xlsx,rj_start1 grade::2 semester::下 appears::2年级下
go to school,,,去上学,I go to school at eight.,我八点去上学。,na. 到校上课；上学去；开始求学,curated,2年级下,2,下,2年级下,人教版一年级起点二年级下.xlsx,rj_start1 grade::2 semester::下 appears::2年级下
eat lunch,,,吃午饭,I eat lunch at twelve.,我十二点吃午饭。,吃午饭；吃午餐；吃中午饭,curated,2年级下,2,下,2年级下,人教版一年级起点二年级下.xlsx,rj_start1 grade::2 semester::下 appears::2年级下
go home,,,回家,I go home at five.,我五点回家。,na. 回家；〈口〉死；(忠告等)刻骨铭心；击中,curated,2年级下,2,下,2年级下,人教版一年级起点二年级下.xlsx,rj_start1 grade::2 semester::下 appears::2年级下
eat dinner,,,吃晚饭,I eat dinner at six.,我六点吃晚饭。,吃晚饭；吃晚餐；吃饭,curated,2年级下,2,下,2年级下,人教版一年级起点二年级下.xlsx,rj_start1 grade::2 semester::下 appears::2年级下
go to bed,,,上床睡觉,I go to bed at nine.,我九点上床睡觉。,na. 睡；同床；【印】付印,curated,2年级下,2,下,2年级下|5年级下,人教版一年级起点二年级下.xlsx|人教版一年级起点五年级下.xlsx,rj_start1 grade::2 semester::下 appears::2年级下 appears::5年级下
when,[wen],[wen],什么时候,When do you get up?,你什么时候起床？,"conj. 考虑到；既然；当…时；在…时；如果
n. 时间，时候；日期；场合
adv. 什么时候，何时；（用于时间的表达方式之后）在那时；其时；当时
pron. 那时；什么时侯",curated,2年级下,2,下,2年级下,人教版一年级起点二年级下.xlsx,rj_start1 grade::2 semester::下 appears::2年级下
every day,,,每天,I go to school every day.,我每天去上学。,na. 每日,curated,2年级下,2,下,2年级下,人教版一年级起点二年级下.xlsx,rj_start1 grade::2 semester::下 appears::2年级下
at,[ət],[ət; æt],在……时刻,I get up at seven.,我七点起床。,"prep. 在（表示存在或出现的地点、场所、位置、空间）；以（某种价格、速度等）；向；达；因为；朝；忙于
n. 阿特（老挝货币基本单位att）；[化]砹（极不稳定放射性元素）
abbr. 密封的（airtight）；气温（air temperature）",curated,2年级下,2,下,2年级下,人教版一年级起点二年级下.xlsx,rj_start1 grade::2 semester::下 appears::2年级下
Sunday,[ˈsʌndeɪ],[ˈsʌndeɪ],星期日,Today is Sunday.,今天是星期日。,n. 星期日；礼拜日,curated,2年级下,2,下,2年级下,人教版一年级起点二年级下.xlsx,rj_start1 grade::2 semester::下 appears::2年级下
Monday,[ˈmʌndeɪ],[ˈmʌndeɪ],星期一,Today is Monday.,今天是星期一。,n. 星期一,curated,2年级下,2,下,2年级下|4年级上,人教版一年级起点二年级下.xlsx|人教版一年级起点四年级上.xlsx,rj_start1 grade::2 semester::下 appears::2年级下 appears::4年级上
Tuesday,[ˈtjuːzdeɪ],[ˈtuːzdeɪ],星期二,Today is Tuesday.,今天是星期二。,n. 星期二,curated,2年级下,2,下,2年级下|4年级上,人教版一年级起点二年级下.xlsx|人教版一年级起点四年级上.xlsx,rj_start1 grade::2 semester::下 appears::2年级下 appears::4年级上
Wednesday,[ˈwenzdeɪ],[ˈwenzdeɪ],星期三,Today is Wednesday.,今天是星期三。,n. 星期三,curated,2年级下,2,下,2年级下|4年级上,人教版一年级起点二年级下.xlsx|人教版一年级起点四年级上.xlsx,rj_start1 grade::2 semester::下 appears::2年级下 appears::4年级上
Thursday,[ˈθɜːzdeɪ],[ˈθɜːrzdeɪ],星期四,Today is Thursday.,今天是星期四。,n. 星期四,curated,2年级下,2,下,2年级下|4年级上,人教版一年级起点二年级下.xlsx|人教版一年级起点四年级上.xlsx,rj_start1 grade::2 semester::下 appears::2年级下 appears::4年级上
Friday,[ˈfraɪdeɪ],[ˈfraɪdeɪ],星期五,Today is Friday.,今天是星期五。,n. 星期五,curated,2年级下,2,下,2年级下|4年级上,人教版一年级起点二年级下.xlsx|人教版一年级起点四年级上.xlsx,rj_start1 grade::2 semester::下 appears::2年级下 appears::4年级上
Saturday,[ˈsætədeɪ],[ˈsætərdeɪ],星期六,Today is Saturday.,今天是星期六。,n. 星期六,curated,2年级下,2,下,2年级下|4年级上,人教版一年级起点二年级下.xlsx|人教版一年级起点四年级上.xlsx,rj_start1 grade::2 semester::下 appears::2年级下 appears::4年级上
today,[təˈdeɪ],[təˈdeɪ],今天,It is sunny today.,今天是晴天。,"n. 今天；现今
adv. 今天；现今",curated,2年级下,2,下,2年级下,人教版一年级起点二年级下.xlsx,rj_start1 grade::2 semester::下 appears::2年级下
year,[jɪə(r)],[jɪr],年；岁,I am nine years old.,我九岁。,n. 年；年度；历年；年纪；一年的期间；某年级的学生,curated,3年级上,3,上,3年级上,人教版一年级起点三年级上.xlsx,rj_start1 grade::3 semester::上 appears::3年级上
old,[əʊld],[oʊld],……岁的；年老的,How old are you?,你几岁？,"adj. 陈旧的，古老的；年老的
n. 古时",curated,3年级上,3,上,3年级上,人教版一年级起点三年级上.xlsx,rj_start1 grade::3 semester::上 appears::3年级上
how old,,,几岁；多大,How old is your sister?,你妹妹几岁？,conj. 多少岁,curated,3年级上,3,上,3年级上,人教版一年级起点三年级上.xlsx,rj_start1 grade::3 semester::上 appears::3年级上
class,[klɑːs],[klæs],班；班级,I am in Class One.,我在一班。,"n. 阶级；班级；种类；班；等级
adj. 极好的；很好的，优秀的，出色的
vt. 分类；把…分等级；把…归入某等级，把…看作（或分类、归类）；把…编入某一班级
vi. 属于…类（或等级），被列为某类（或某级）",curated,3年级上,3,上,3年级上,人教版一年级起点三年级上.xlsx,rj_start1 grade::3 semester::上 appears::3年级上
grade,[ɡreɪd],[ɡreɪd],年级,I am in Grade Three.,我上三年级。,"n. 年级；等级；成绩；级别；阶段
vt. 评分；把…分等级
vi. 分等级；逐渐变化",curated,3年级上,3,上,3年级上,人教版一年级起点三年级上.xlsx,rj_start1 grade::3 semester::上 appears::3年级上
age,[eɪdʒ],[eɪdʒ],年龄,What is your age?,你多大年龄？,"n. 年龄；时代；寿命，使用年限；阶段
vt. 使成熟；使变老，使上年纪
vi. 成熟；变老",curated,3年级上,3,上,3年级上,人教版一年级起点三年级上.xlsx,rj_start1 grade::3 semester::上 appears::3年级上
dear,[dɪə(r)],[dɪr],亲爱的,Dear Amy thank you.,亲爱的艾米，谢谢你。,"n. 亲爱的人
adj. 亲爱的；尊敬的；昂贵的
adv. 高价地；疼爱地
int. 哎呀",curated,3年级上,3,上,3年级上,人教版一年级起点三年级上.xlsx,rj_start1 grade::3 semester::上 appears::3年级上
body,[ˈbɒdi],[ˈbɑːdi],身体,My body is strong.,我的身体很强壮。,"n. 身体；主体；大量；团体；主要部分
vt. 赋以形体",curated,3年级上,3,上,3年级上,人教版一年级起点三年级上.xlsx,rj_start1 grade::3 semester::上 appears::3年级上
head,[hed],[hed],头；头部,My head hurts.,我的头疼。,"n. 头；头痛；上端；最前的部分；理解力
adj. 头的；主要的；在顶端的
vt. 前进；用头顶；作为…的首领；站在…的前头；给…加标题
vi. 出发；成头状物；船驶往",curated,3年级上,3,上,3年级上,人教版一年级起点三年级上.xlsx,rj_start1 grade::3 semester::上 appears::3年级上
hair,[heə(r)],[her],头发,Her hair is long.,她的头发很长。,"n. 头发；毛发；些微
adj. 毛发的；护理毛发的；用毛发制成的
vt. 除去…的毛发
vi. 生长毛发；形成毛状纤维",curated,3年级上,3,上,3年级上,人教版一年级起点三年级上.xlsx,rj_start1 grade::3 semester::上 appears::3年级上
arm,[ɑːm],[ɑːrm],手臂,My arm hurts.,我的手臂疼。,"n. 手臂；武器；袖子；装备；部门
vt. 武装；备战
vi. 武装起来",curated,3年级上,3,上,3年级上,人教版一年级起点三年级上.xlsx,rj_start1 grade::3 semester::上 appears::3年级上
hand,[hænd],[hænd],手,This is my hand.,这是我的手。,"n. 手，手艺；帮助；指针；插手
vt. 传递，交给；支持；搀扶",curated,3年级上,3,上,3年级上,人教版一年级起点三年级上.xlsx,rj_start1 grade::3 semester::上 appears::3年级上
leg,[leɡ],[leɡ],腿,My leg hurts.,我的腿疼。,n. 腿；支柱,curated,3年级上,3,上,3年级上,人教版一年级起点三年级上.xlsx,rj_start1 grade::3 semester::上 appears::3年级上
foot,[fʊt],[fʊt],脚,My foot hurts.,我的脚疼。,"n. 脚；英尺；步调；末尾
vt. 支付；给……换底
vi. 步行；跳舞；总计",curated,3年级上,3,上,3年级上,人教版一年级起点三年级上.xlsx,rj_start1 grade::3 semester::上 appears::3年级上
feet,[fiːt],[fiːt],脚（foot的复数）,My feet are cold.,我的脚很冷。,n. 脚（foot的复数形式）；尺；韵脚,curated,3年级上,3,上,3年级上,人教版一年级起点三年级上.xlsx,rj_start1 grade::3 semester::上 appears::3年级上
the matter,,,问题；怎么了,What's the matter?,怎么了？,有问题，有毛病,curated,3年级上,3,上,3年级上,人教版一年级起点三年级上.xlsx,rj_start1 grade::3 semester::上 appears::3年级上
hurt,[hɜːt],[hɜːrt],疼；受伤,My leg hurts.,我的腿疼。,"n. 痛苦；危害；痛苦的原因
vt. 使受伤；损害；使疼痛；使痛心
adj. 受伤的；痛苦的；受损的
vi. 感到疼痛；有坏处；带来痛苦",curated,3年级上,3,上,3年级上|6年级上,人教版一年级起点三年级上.xlsx|人教版一年级起点六年级上.xlsx,rj_start1 grade::3 semester::上 appears::3年级上 appears::6年级上
help,[help],[help],帮助；帮忙,Can I help you?,我能帮你吗？,"n. 帮助；补救办法；帮忙者；有益的东西
vt. 帮助；促进；治疗；补救
vi. 帮助；有用；招待",curated,3年级上,3,上,3年级上,人教版一年级起点三年级上.xlsx,rj_start1 grade::3 semester::上 appears::3年级上
bad,[bæd],[bæd],坏的；糟糕的,That is too bad.,那太糟糕了。,"n. 坏事；坏人
adj. 坏的；严重的；劣质的
adv. 很，非常；坏地；邪恶地",curated,3年级上,3,上,3年级上,人教版一年级起点三年级上.xlsx,rj_start1 grade::3 semester::上 appears::3年级上
bite,[baɪt],[baɪt],咬,The dog can bite.,狗会咬人。,"n. 咬；一口；咬伤；刺痛
abbr. 机内测试设备（Built-In Test Equipment）
vt. 咬；刺痛
vi. 咬；刺痛",curated,3年级上,3,上,3年级上,人教版一年级起点三年级上.xlsx,rj_start1 grade::3 semester::上 appears::3年级上
tongue,[tʌŋ],[tʌŋ],舌头,My tongue hurts.,我的舌头疼。,"n. 舌头；语言
vt. 舔；斥责；用舌吹
vi. 说话；吹管乐器",curated,3年级上,3,上,3年级上,人教版一年级起点三年级上.xlsx,rj_start1 grade::3 semester::上 appears::3年级上
kick,[kɪk],[kɪk],踢,Don't kick the ball here.,不要在这里踢球。,"vt. 踢；反冲，朝后座
n. 踢；反冲，后座力
vi. 踢；反冲",curated,3年级上,3,上,3年级上,人教版一年级起点三年级上.xlsx,rj_start1 grade::3 semester::上 appears::3年级上
morning,[ˈmɔːnɪŋ],[ˈmɔːrnɪŋ],早晨；上午,It is morning.,现在是早晨。,n. 早晨；黎明；初期,curated,3年级上,3,上,3年级上,人教版一年级起点三年级上.xlsx,rj_start1 grade::3 semester::上 appears::3年级上
afternoon,[ˌɑːftəˈnuːn],[ˌæftərˈnuːn],下午,It is afternoon.,现在是下午。,n. 午后，下午,curated,3年级上,3,上,3年级上,人教版一年级起点三年级上.xlsx,rj_start1 grade::3 semester::上 appears::3年级上
summary,[ˈsʌməri],[ˈsʌməri],总结；概要,This is the summary.,这是总结。,"n. 概要，摘要，总结
adj. 简易的；扼要的",curated,3年级上,3,上,3年级上,人教版一年级起点三年级上.xlsx,rj_start1 grade::3 semester::上 appears::3年级上
bread,[bred],[bred],面包,I want some bread.,我想要一些面包。,"n. 面包；生计
vt. 在…上洒面包屑",curated,3年级上,3,上,3年级上,人教版一年级起点三年级上.xlsx,rj_start1 grade::3 semester::上 appears::3年级上
cake,[keɪk],[keɪk],蛋糕,I like cake.,我喜欢蛋糕。,"n. 蛋糕；块状物；利益总额
vt. 使结块
vi. 结成块状",curated,3年级上,3,上,3年级上,人教版一年级起点三年级上.xlsx,rj_start1 grade::3 semester::上 appears::3年级上
fruit,[fruːt],[fruːt],水果,I like fruit.,我喜欢水果。,"n. 水果；产物
vt. 使……结果实
vi. 结果实",curated,3年级上,3,上,3年级上,人教版一年级起点三年级上.xlsx,rj_start1 grade::3 semester::上 appears::3年级上
ice-cream,[ˈaɪs kriːm],[ˈaɪs kriːm],冰淇淋,I like ice-cream.,我喜欢冰淇淋。,"a. 冰淇淋的, 乳白色的",curated,3年级上,3,上,3年级上,人教版一年级起点三年级上.xlsx,rj_start1 grade::3 semester::上 appears::3年级上
potato,[pəˈteɪtəʊ],[pəˈteɪtoʊ],土豆；马铃薯,I want some potatoes.,我想要一些土豆。,n. [作物] 土豆，[作物] 马铃薯,curated,3年级上,3,上,3年级上,人教版一年级起点三年级上.xlsx,rj_start1 grade::3 semester::上 appears::3年级上
tomato,[təˈmɑːtəʊ],[təˈmeɪtoʊ],西红柿；番茄,I like tomatoes.,我喜欢西红柿。,n. 番茄，西红柿,curated,3年级上,3,上,3年级上,人教版一年级起点三年级上.xlsx,rj_start1 grade::3 semester::上 appears::3年级上
meat,[miːt],[miːt],肉；肉类,I want some meat.,我想要一些肉。,n. 肉，肉类（食用）,curated,3年级上,3,上,3年级上,人教版一年级起点三年级上.xlsx,rj_start1 grade::3 semester::上 appears::3年级上
shopping list,,,购物清单,This is my shopping list.,这是我的购物清单。,n. 购物单；采购单,curated,3年级上,3,上,3年级上,人教版一年级起点三年级上.xlsx,rj_start1 grade::3 semester::上 appears::3年级上
cola,[ˈkəʊlə],[ˈkoʊlə],可乐,I don't like cola.,我不喜欢可乐。,n. 可乐；可乐树（其子含咖啡碱）,curated,3年级上,3,上,3年级上,人教版一年级起点三年级上.xlsx,rj_start1 grade::3 semester::上 appears::3年级上
buy,[baɪ],[baɪ],买；购买,I want to buy fruit.,我想买水果。,"n. 购买，买卖；所购的物品
vi. 买，采购
vt. 购买；获得；贿赂",curated,3年级上,3,上,3年级上,人教版一年级起点三年级上.xlsx,rj_start1 grade::3 semester::上 appears::3年级上
vegetables,[ˈvedʒtəb(ə)lz],[ˈvedʒtəb(ə)lz],蔬菜,I like vegetables.,我喜欢蔬菜。,n. [园艺] 蔬菜（vegetable的复数形式）；菜类,curated,3年级上,3,上,3年级上,人教版一年级起点三年级上.xlsx,rj_start1 grade::3 semester::上 appears::3年级上
duck,[dʌk],[dʌk],鸭子,The duck is in the water.,鸭子在水里。,"n. 鸭子；鸭肉；（英）宝贝儿；零分
vt. 躲避；猛按…入水
vi. 闪避；没入水中",curated,3年级上,3,上,3年级上,人教版一年级起点三年级上.xlsx,rj_start1 grade::3 semester::上 appears::3年级上
rabbit,[ˈræbɪt],[ˈræbɪt],兔子,The rabbit has long ears.,兔子有长耳朵。,"n. 兔子，野兔
vt. 让…见鬼去吧
vi. 猎兔",curated,3年级上,3,上,3年级上,人教版一年级起点三年级上.xlsx,rj_start1 grade::3 semester::上 appears::3年级上
pet,[pet],[pet],宠物,My cat is my pet.,我的猫是我的宠物。,"n. 宠物；生气；受宠爱的人
adj. 宠爱的
vt. 宠爱
vi. 生气；爱抚",curated,3年级上,3,上,3年级上,人教版一年级起点三年级上.xlsx,rj_start1 grade::3 semester::上 appears::3年级上
snake,[sneɪk],[sneɪk],蛇,The snake is long.,这条蛇很长。,"n. 蛇；阴险的人
vt. 拉（木材等）；迂回前进
vi. 迂回前进",curated,3年级上,3,上,3年级上,人教版一年级起点三年级上.xlsx,rj_start1 grade::3 semester::上 appears::3年级上
turtle,[ˈtɜːt(ə)l],[ˈtɜːrtl],乌龟,The turtle is small.,这只乌龟很小。,n. 龟，甲鱼；海龟,curated,3年级上,3,上,3年级上,人教版一年级起点三年级上.xlsx,rj_start1 grade::3 semester::上 appears::3年级上
small,[smɔːl],[smɔːl],小的,The turtle is small.,这只乌龟很小。,"n. 小件物品；矮小的人
adj. 少的，小的；微弱的；几乎没有的；不重要的；幼小的
adv. 小小地；卑鄙地",curated,3年级上,3,上,3年级上,人教版一年级起点三年级上.xlsx,rj_start1 grade::3 semester::上 appears::3年级上
long,[lɒŋ],[lɔːŋ],长的,The snake is long.,这条蛇很长。,"n. 长时间；[语] 长音节；（服装的）长尺寸；长裤
adj. 长的；过长的；做多头的；长时间的；冗长的，长音
vi. 渴望；热望
adv. 长期地；始终",curated,3年级上,3,上,3年级上,人教版一年级起点三年级上.xlsx,rj_start1 grade::3 semester::上 appears::3年级上
look for,[ˈlʊk fɔː(r)],[ˈlʊk fɔːr],寻找,I am looking for my cat.,我在找我的猫。,v. 寻找；探索；渴望；盼望,curated,3年级上,3,上,3年级上,人教版一年级起点三年级上.xlsx,rj_start1 grade::3 semester::上 appears::3年级上
tail,[teɪl],[teɪl],尾巴,The dog has a long tail.,狗有一条长尾巴。,"n. 尾巴；踪迹；辫子；燕尾服
adj. 从后面而来的；尾部的
vt. 尾随；装上尾巴
vi. 跟踪；变少或缩小",curated,3年级上,3,上,3年级上,人教版一年级起点三年级上.xlsx,rj_start1 grade::3 semester::上 appears::3年级上
dance,[dɑːns],[dæns],跳舞,I like to dance.,我喜欢跳舞。,"n. 舞蹈；舞会；舞曲
adj. 舞蹈的；用于跳舞的
vt. 跳舞；使跳跃
vi. 跳舞；跳跃；飘扬",curated,3年级上,3,上,3年级上|3年级下,人教版一年级起点三年级上.xlsx|人教版一年级起点三年级下.xlsx,rj_start1 grade::3 semester::上 appears::3年级上 appears::3年级下
cap,[kæp],[kæp],帽子；便帽,Wear your cap.,戴上你的帽子。,"n. 盖；帽子
vt. 覆盖；胜过；给…戴帽；加盖于
vi. 脱帽致意",curated,3年级上,3,上,3年级上,人教版一年级起点三年级上.xlsx,rj_start1 grade::3 semester::上 appears::3年级上
coat,[kəʊt],[koʊt],外套,Wear your coat.,穿上你的外套。,"n. 外套
vt. 覆盖…的表面",curated,3年级上,3,上,3年级上,人教版一年级起点三年级上.xlsx,rj_start1 grade::3 semester::上 appears::3年级上
shoes,['ʃu:z],[ʃuːz],鞋,These are my shoes.,这是我的鞋。,"n. 鞋子（shoe的复数）
v. 穿鞋（shoe的第三人称单数）",curated,3年级上,3,上,3年级上,人教版一年级起点三年级上.xlsx,rj_start1 grade::3 semester::上 appears::3年级上
sweater,[ˈswetə(r)],[ˈswetər],毛衣,Wear your sweater.,穿上你的毛衣。,n. 毛线衣，运动衫；大量出汗的人，发汗剂,curated,3年级上,3,上,3年级上,人教版一年级起点三年级上.xlsx,rj_start1 grade::3 semester::上 appears::3年级上
jacket,[ˈdʒækɪt],[ˈdʒækɪt],夹克衫,This is my jacket.,这是我的夹克衫。,"n. 羽绒滑雪衫；西装短外套；短上衣，夹克；土豆皮；书籍的护封；文件套，公文夹
vt. 给…穿夹克；给…装护套；给…包上护封；〈口〉打",curated,3年级上,3,上,3年级上,人教版一年级起点三年级上.xlsx,rj_start1 grade::3 semester::上 appears::3年级上
gloves,[ɡlʌvz],[ɡlʌvz],手套,Wear your gloves.,戴上你的手套。,"n. [服装] 手套（glove的复数）
v. 给…戴手套（glove的三单形式）",curated,3年级上,3,上,3年级上,人教版一年级起点三年级上.xlsx,rj_start1 grade::3 semester::上 appears::3年级上
trousers,[ˈtraʊzəz],[ˈtraʊzərz],裤子；长裤,These are my trousers.,这是我的裤子。,n. 裤子，长裤,curated,3年级上,3,上,3年级上,人教版一年级起点三年级上.xlsx,rj_start1 grade::3 semester::上 appears::3年级上
should,[ʃəd; ʃʊd],[ʃəd; ʃʊd],应该,You should wear a coat.,你应该穿外套。,aux. 应该；就；可能；将要,curated,3年级上,3,上,3年级上,人教版一年级起点三年级上.xlsx,rj_start1 grade::3 semester::上 appears::3年级上
wear,[weə(r)],[wer],穿；戴,I wear a coat in winter.,我冬天穿外套。,"n. 衣物；磨损；耐久性
v. 穿着；用旧；耗损；面露",curated,3年级上,3,上,3年级上,人教版一年级起点三年级上.xlsx,rj_start1 grade::3 semester::上 appears::3年级上
week,[wiːk],[wiːk],星期；周,I go swimming every week.,我每周去游泳。,n. 周，星期,curated,3年级上,3,上,3年级上,人教版一年级起点三年级上.xlsx,rj_start1 grade::3 semester::上 appears::3年级上
soon,[suːn],[suːn],很快；不久,My birthday is soon.,我的生日快到了。,adv. 快；不久，一会儿；立刻；宁愿,curated,3年级上,3,上,3年级上,人教版一年级起点三年级上.xlsx,rj_start1 grade::3 semester::上 appears::3年级上
look forward to,,,期待；盼望,I look forward to my birthday.,我期待我的生日。,na. 盼望,curated,3年级上,3,上,3年级上|6年级上,人教版一年级起点三年级上.xlsx|人教版一年级起点六年级上.xlsx,rj_start1 grade::3 semester::上 appears::3年级上 appears::6年级上
January,[ˈdʒænjuəri],[ˈdʒænjueri],一月,My birthday is in January.,我的生日在一月。,n. 一月,curated,3年级上,3,上,3年级上,人教版一年级起点三年级上.xlsx,rj_start1 grade::3 semester::上 appears::3年级上
February,[ˈfebruəri],[ˈfebrueri],二月,My birthday is in February.,我的生日在二月。,n. 二月,curated,3年级上,3,上,3年级上,人教版一年级起点三年级上.xlsx,rj_start1 grade::3 semester::上 appears::3年级上
March,[mɑːtʃ],[mɑːrtʃ],三月,March is in spring.,三月在春季。,n. 三月,curated,3年级上,3,上,3年级上,人教版一年级起点三年级上.xlsx,rj_start1 grade::3 semester::上 appears::3年级上
April,[ˈeɪprəl],[ˈeɪprəl],四月,April is in spring.,四月在春季。,n. 四月,curated,3年级上,3,上,3年级上,人教版一年级起点三年级上.xlsx,rj_start1 grade::3 semester::上 appears::3年级上
May,[meɪ],[meɪ],五月,My birthday is in May.,我的生日在五月。,aux. 可以，能够；可能，也许；祝，愿；会，能,curated,3年级上,3,上,3年级上,人教版一年级起点三年级上.xlsx,rj_start1 grade::3 semester::上 appears::3年级上
June,[dʒuːn],[dʒuːn],六月,June is in summer.,六月在夏季。,n. 六月；琼（人名，来源于拉丁语，含义是“年轻气盛的六月”）,curated,3年级上,3,上,3年级上,人教版一年级起点三年级上.xlsx,rj_start1 grade::3 semester::上 appears::3年级上
July,[dʒʊˈlaɪ],[dʒʊˈlaɪ],七月,July is in summer.,七月在夏季。,n. 七月,curated,3年级上,3,上,3年级上,人教版一年级起点三年级上.xlsx,rj_start1 grade::3 semester::上 appears::3年级上
August,[ˈɔːɡəst],[ˈɔːɡəst],八月,August is in summer.,八月在夏季。,"n. 八月（简写为Aug）
adj. 威严的；令人敬畏的",curated,3年级上,3,上,3年级上,人教版一年级起点三年级上.xlsx,rj_start1 grade::3 semester::上 appears::3年级上
September,[sepˈtembə(r)],[sepˈtembər],九月,September is in autumn.,九月在秋季。,n. 九月,curated,3年级上,3,上,3年级上,人教版一年级起点三年级上.xlsx,rj_start1 grade::3 semester::上 appears::3年级上
October,[ɒkˈtəʊbə(r)],[ɑːkˈtoʊbər],十月,October is in autumn.,十月在秋季。,n. [天] 十月,curated,3年级上,3,上,3年级上,人教版一年级起点三年级上.xlsx,rj_start1 grade::3 semester::上 appears::3年级上
November,[nəʊˈvembə(r)],[noʊˈvembər],十一月,November is in autumn.,十一月在秋季。,n. 十一月,curated,3年级上,3,上,3年级上,人教版一年级起点三年级上.xlsx,rj_start1 grade::3 semester::上 appears::3年级上
December,[dɪˈsembə(r)],[dɪˈsembər],十二月,Christmas is in December.,圣诞节在十二月。,n. 十二月,curated,3年级上,3,上,3年级上,人教版一年级起点三年级上.xlsx,rj_start1 grade::3 semester::上 appears::3年级上
birthday,[ˈbɜːθdeɪ],[ˈbɜːrθdeɪ],生日,Today is my birthday.,今天是我的生日。,n. 生日，诞辰；诞生的日子,curated,3年级上,3,上,3年级上|5年级下,人教版一年级起点三年级上.xlsx|人教版一年级起点五年级下.xlsx,rj_start1 grade::3 semester::上 appears::3年级上 appears::5年级下
first,[fɜːst],[fɜːrst],第一；首先,January is the first month.,一月是第一个月。,"num. 第一
n. 第一；开始；冠军
adj. 第一的；基本的；最早的
adv. 第一；首先；优先；宁愿",curated,3年级上,3,上,3年级上|3年级下,人教版一年级起点三年级上.xlsx|人教版一年级起点三年级下.xlsx,rj_start1 grade::3 semester::上 appears::3年级上 appears::3年级下
party,[ˈpɑːti],[ˈpɑːrti],聚会；派对,We have a birthday party.,我们举办生日聚会。,"n. 政党，党派；聚会，派对；当事人 [复数 parties]
vi. 参加社交聚会 [ 过去式 partied 过去分词 partied 现在分词 partying ]",curated,3年级上,3,上,3年级上|5年级上,人教版一年级起点三年级上.xlsx|人教版一年级起点五年级上.xlsx,rj_start1 grade::3 semester::上 appears::3年级上 appears::5年级上
delicious,[dɪˈlɪʃəs],[dɪˈlɪʃəs],美味的；好吃的,The cake is delicious.,蛋糕很好吃。,adj. 美味的；可口的,curated,3年级上,3,上,3年级上|5年级下,人教版一年级起点三年级上.xlsx|人教版一年级起点五年级下.xlsx,rj_start1 grade::3 semester::上 appears::3年级上 appears::5年级下
Chinese,[ˌtʃaɪˈniːz],[ˌtʃaɪˈniːz],汉语；中文,We have Chinese today.,我们今天有语文课。,"n. 中文，汉语；中国人
adj. 中国的，中国人的；中国话的",curated,3年级下,3,下,3年级下,人教版一年级起点三年级下.xlsx,rj_start1 grade::3 semester::下 appears::3年级下
English,[ˈɪŋɡlɪʃ],[ˈɪŋɡlɪʃ],英语,I like English.,我喜欢英语。,"n. 英语；英国人；英文；英格兰人
adj. 英国人的；英国的；英文的
vt. 把…译成英语",curated,3年级下,3,下,3年级下,人教版一年级起点三年级下.xlsx,rj_start1 grade::3 semester::下 appears::3年级下
science,[ˈsaɪəns],[ˈsaɪəns],科学；科学课,We have science today.,我们今天有科学课。,n. 科学；技术；学科；理科,curated,3年级下,3,下,3年级下,人教版一年级起点三年级下.xlsx,rj_start1 grade::3 semester::下 appears::3年级下
PE,[peɪ],[peɪ],体育；体育课,We have PE today.,我们今天有体育课。,abbr. 体育课，体能训练（physical education）,curated,3年级下,3,下,3年级下,人教版一年级起点三年级下.xlsx,rj_start1 grade::3 semester::下 appears::3年级下
music,[ˈmjuːzɪk],[ˈmjuːzɪk],音乐；音乐课,I like music.,我喜欢音乐。,n. 音乐，乐曲,curated,3年级下,3,下,3年级下,人教版一年级起点三年级下.xlsx,rj_start1 grade::3 semester::下 appears::3年级下
maths,[mæθs],[mæθs],数学；数学课,We have maths today.,我们今天有数学课。,n. 数学（等于mathematics）,curated,3年级下,3,下,3年级下,人教版一年级起点三年级下.xlsx,rj_start1 grade::3 semester::下 appears::3年级下
art,[ɑːt],[ɑːrt],美术；美术课,We have art today.,我们今天有美术课。,"n. 艺术；美术；艺术品
v. 是（be的变体）
adj. 艺术的；艺术品的",curated,3年级下,3,下,3年级下,人教版一年级起点三年级下.xlsx,rj_start1 grade::3 semester::下 appears::3年级下
computer class,,,计算机课,We have computer class today.,我们今天有计算机课。,计算机课；电脑班；电脑课,curated,3年级下,3,下,3年级下,人教版一年级起点三年级下.xlsx,rj_start1 grade::3 semester::下 appears::3年级下
we,[wi; wiː],[wi],我们,We are classmates.,我们是同班同学。,pron. 我们（主格）；笔者，本人（作者或演讲人使用）；朕，寡人,curated,3年级下,3,下,3年级下,人教版一年级起点三年级下.xlsx,rj_start1 grade::3 semester::下 appears::3年级下
that,[ðæt],[ðæt],那；那个,That is our classroom.,那是我们的教室。,"conj. 因为；以至于
adj. 那；那个
pron. 那；那个
adv. 那么；那样",curated,3年级下,3,下,3年级下,人教版一年级起点三年级下.xlsx,rj_start1 grade::3 semester::下 appears::3年级下
classroom,[ˈklɑːsruːm],[ˈklæsruːm; ˈklæsrʊm],教室,This is our classroom.,这是我们的教室。,n. 教室,curated,3年级下,3,下,3年级下,人教版一年级起点三年级下.xlsx,rj_start1 grade::3 semester::下 appears::3年级下
library,[ˈlaɪbrəri; ˈlaɪbri],[ˈlaɪbreri],图书馆,The library is on the second floor.,图书馆在二楼。,n. 图书馆，藏书室；文库,curated,3年级下,3,下,3年级下,人教版一年级起点三年级下.xlsx,rj_start1 grade::3 semester::下 appears::3年级下
toilet,[ˈtɔɪlət],[ˈtɔɪlət],厕所；卫生间,The toilet is near the classroom.,卫生间在教室附近。,"n. 厕所，盥洗室；梳妆，打扮
vt. 给…梳妆打扮
vi. 梳妆，打扮",curated,3年级下,3,下,3年级下,人教版一年级起点三年级下.xlsx,rj_start1 grade::3 semester::下 appears::3年级下
playground,[ˈpleɪɡraʊnd],[ˈpleɪɡraʊnd],操场,We play on the playground.,我们在操场上玩。,n. 运动场，操场；游乐场,curated,3年级下,3,下,3年级下,人教版一年级起点三年级下.xlsx,rj_start1 grade::3 semester::下 appears::3年级下
second,[ˈsekənd],[ˈsekənd; sɪˈkɑːnd],第二,The library is on the second floor.,图书馆在二楼。,"num. 第二
n. 秒；第二名；瞬间；二等品
adj. 第二的；次要的；附加的
vt. 支持
adv. 第二；其次；居第二位",curated,3年级下,3,下,3年级下,人教版一年级起点三年级下.xlsx,rj_start1 grade::3 semester::下 appears::3年级下
third,[θɜːd],[θɜːrd],第三,Our classroom is on the third floor.,我们的教室在三楼。,"num. 第三；三分之一
adj. 第三的；三分之一的",curated,3年级下,3,下,3年级下,人教版一年级起点三年级下.xlsx,rj_start1 grade::3 semester::下 appears::3年级下
floor,[flɔː(r)],[flɔːr],楼层；地板,Our classroom is on the third floor.,我们的教室在三楼。,"n. 地板，地面；楼层；基底；议员席
vt. 铺地板；打倒，击倒；（被困难）难倒",curated,3年级下,3,下,3年级下,人教版一年级起点三年级下.xlsx,rj_start1 grade::3 semester::下 appears::3年级下
room,[ruːm],[ruːm; rʊm],房间,This room is big.,这个房间很大。,"n. 房间；空间；余地；机会；房间里所有的人
vt. 为…提供住处；租房，合住；投宿，住宿；留…住宿
vi. 居住；住宿",curated,3年级下,3,下,3年级下,人教版一年级起点三年级下.xlsx,rj_start1 grade::3 semester::下 appears::3年级下
our,[ɑː(r)],[ɑːr],我们的,This is our classroom.,这是我们的教室。,pron. 我们的,curated,3年级下,3,下,3年级下,人教版一年级起点三年级下.xlsx,rj_start1 grade::3 semester::下 appears::3年级下
they,[ðeɪ],[ðeɪ],他们；她们；它们,They are my friends.,他们是我的朋友。,pron. 他们；它们；她们,curated,3年级下,3,下,3年级下,人教版一年级起点三年级下.xlsx,rj_start1 grade::3 semester::下 appears::3年级下
after school,,,放学后,I play sports after school.,我放学后做运动。,na. 放学后,curated,3年级下,3,下,3年级下,人教版一年级起点三年级下.xlsx,rj_start1 grade::3 semester::下 appears::3年级下
play sports,,,做运动；参加体育活动,We play sports after school.,我们放学后做运动。,做运动；进行体育运动；进行体育活动,curated,3年级下,3,下,3年级下,人教版一年级起点三年级下.xlsx,rj_start1 grade::3 semester::下 appears::3年级下
draw pictures,,,画画,I like to draw pictures.,我喜欢画画。,画画；画图画；画儿,curated,3年级下,3,下,3年级下,人教版一年级起点三年级下.xlsx,rj_start1 grade::3 semester::下 appears::3年级下
play chess,[pleɪ tʃes],[pleɪ tʃes],下棋,I play chess with my friend.,我和朋友下棋。,na. 下象棋,curated,3年级下,3,下,3年级下,人教版一年级起点三年级下.xlsx,rj_start1 grade::3 semester::下 appears::3年级下
sing songs,,,唱歌,We sing songs in music class.,我们在音乐课上唱歌。,n. 歌咏,curated,3年级下,3,下,3年级下,人教版一年级起点三年级下.xlsx,rj_start1 grade::3 semester::下 appears::3年级下
read books,,,读书；看书,I read books in the library.,我在图书馆看书。,读书；看书；阅读,curated,3年级下,3,下,3年级下,人教版一年级起点三年级下.xlsx,rj_start1 grade::3 semester::下 appears::3年级下
really,[ˈriːəli],[ˈriːəli],真的；确实,I really like English.,我真的很喜欢英语。,adv. 实际上，事实上；真正地，真实地；真的吗？（表语气）,curated,3年级下,3,下,3年级下,人教版一年级起点三年级下.xlsx,rj_start1 grade::3 semester::下 appears::3年级下
tomorrow,[təˈmɒrəʊ],[təˈmɑːroʊ],明天,Tomorrow is Monday.,明天是星期一。,"n. 明天；未来
adv. 明天；未来地（等于to-morrow）",curated,3年级下,3,下,3年级下,人教版一年级起点三年级下.xlsx,rj_start1 grade::3 semester::下 appears::3年级下
wake up,[ˈweɪk ˌʌp],[ˈweɪk ˌʌp],醒来；叫醒,I wake up at seven.,我七点醒来。,na. 同“wake”；叫醒；醒来；振作起来,curated,3年级下,3,下,3年级下,人教版一年级起点三年级下.xlsx,rj_start1 grade::3 semester::下 appears::3年级下
be back,,,回来,I will be back soon.,我很快回来。,na. 回家；回来,curated,3年级下,3,下,3年级下,人教版一年级起点三年级下.xlsx,rj_start1 grade::3 semester::下 appears::3年级下
family,[ˈfæməli],[ˈfæməli],家庭；家人,This is my family.,这是我的家人。,"n. 家庭；亲属；家族；子女；[生]科；语族；[化]族
adj. 家庭的；家族的；适合于全家的",curated,3年级下,3,下,3年级下,人教版一年级起点三年级下.xlsx,rj_start1 grade::3 semester::下 appears::3年级下
uncle,[ˈʌŋk(ə)l],[ˈʌŋkl],叔叔；舅舅等,My uncle is tall.,我叔叔个子很高。,n. 叔叔；伯父；伯伯；舅父；姨丈；姑父,curated,3年级下,3,下,3年级下,人教版一年级起点三年级下.xlsx,rj_start1 grade::3 semester::下 appears::3年级下
aunt,[ɑːnt],[ænt],阿姨；姑姑；姨妈等,My aunt is a teacher.,我阿姨是老师。,n. 阿姨；姑妈；伯母；舅妈,curated,3年级下,3,下,3年级下,人教版一年级起点三年级下.xlsx,rj_start1 grade::3 semester::下 appears::3年级下
cousin,[ˈkʌzn],[ˈkʌzn],堂兄弟姐妹；表兄弟姐妹,My cousin is ten.,我的表兄弟姐妹十岁。,n. 堂兄弟姊妹；表兄弟姊妹,curated,3年级下,3,下,3年级下,人教版一年级起点三年级下.xlsx,rj_start1 grade::3 semester::下 appears::3年级下
beautiful,[ˈbjuːtɪf(ə)l],[ˈbjuːtɪf(ə)l],美丽的；漂亮的,The flower is beautiful.,这朵花很漂亮。,"adj. 美丽的
出色地
出色的
迷人的
迷人地",curated,3年级下,3,下,3年级下,人教版一年级起点三年级下.xlsx,rj_start1 grade::3 semester::下 appears::3年级下
lost,[lɒst],[lɔːst],丢失的；迷路的,My water bottle is lost.,我的水瓶丢了。,"adj. 失去的；丧失的；迷惑的
v. 遗失（lose的过去分词）；失败",curated,3年级下,3,下,3年级下,人教版一年级起点三年级下.xlsx,rj_start1 grade::3 semester::下 appears::3年级下
water bottle,,,水瓶；水壶,This is my water bottle.,这是我的水瓶。,un. 水壶；采水瓶；采水器；采水样器,curated,3年级下,3,下,3年级下,人教版一年级起点三年级下.xlsx,rj_start1 grade::3 semester::下 appears::3年级下
know,[nəʊ],[noʊ],知道；认识,I know her name.,我知道她的名字。,"vt. 知道；认识；懂得
vi. 了解；熟悉；确信",curated,3年级下,3,下,3年级下,人教版一年级起点三年级下.xlsx,rj_start1 grade::3 semester::下 appears::3年级下
ok,[əʊˈkeɪ],[oʊˈkeɪ],好的；可以,OK let's go.,好的，我们走吧。,"adj. 好的；不错的
adv. 行；很好
int. 好；可以
vt. 对…表示同意
n. 同意",curated,3年级下,3,下,3年级下,人教版一年级起点三年级下.xlsx,rj_start1 grade::3 semester::下 appears::3年级下
much,[mʌtʃ],[mʌtʃ],很；非常,Thank you very much.,非常感谢你。,"adv. 非常，很
adj. 大量的
n. 许多，大量
pron. 许多，大量",curated,3年级下,3,下,3年级下,人教版一年级起点三年级下.xlsx,rj_start1 grade::3 semester::下 appears::3年级下
welcome,[ˈwelkəm],[ˈwelkəm],欢迎；不客气,You are welcome.,不客气。,"n. 欢迎
vt. 欢迎
adj. 受欢迎的
int. 欢迎",curated,3年级下,3,下,3年级下,人教版一年级起点三年级下.xlsx,rj_start1 grade::3 semester::下 appears::3年级下
cooking dinner,,,正在做晚饭,Mum is cooking dinner.,妈妈正在做晚饭。,做饭；做晚餐；正在做饭,curated,3年级下,3,下,3年级下,人教版一年级起点三年级下.xlsx,rj_start1 grade::3 semester::下 appears::3年级下
walking the dog,,,正在遛狗,I am walking the dog.,我正在遛狗。,无,curated,3年级下,3,下,3年级下,人教版一年级起点三年级下.xlsx,rj_start1 grade::3 semester::下 appears::3年级下
watering the plants,,,正在给植物浇水,She is watering the plants.,她正在给植物浇水。,无,curated,3年级下,3,下,3年级下,人教版一年级起点三年级下.xlsx,rj_start1 grade::3 semester::下 appears::3年级下
cleaning the room,,,正在打扫房间,He is cleaning the room.,他正在打扫房间。,无,curated,3年级下,3,下,3年级下,人教版一年级起点三年级下.xlsx,rj_start1 grade::3 semester::下 appears::3年级下
listening to music,,,正在听音乐,I am listening to music.,我正在听音乐。,无,curated,3年级下,3,下,3年级下,人教版一年级起点三年级下.xlsx,rj_start1 grade::3 semester::下 appears::3年级下
watching TV,,,正在看电视,They are watching TV.,他们正在看电视。,看电视；正在看电视；他在看电视,curated,3年级下,3,下,3年级下,人教版一年级起点三年级下.xlsx,rj_start1 grade::3 semester::下 appears::3年级下
feeding the fish,,,正在喂鱼,She is feeding the fish.,她正在喂鱼。,"喂鱼
晕船",curated,3年级下,3,下,3年级下,人教版一年级起点三年级下.xlsx,rj_start1 grade::3 semester::下 appears::3年级下
play with,[pleɪ wɪð],[pleɪ wɪð],和……一起玩,I play with my dog.,我和我的狗一起玩。,na. 玩弄(火等)；以…自娱,curated,3年级下,3,下,3年级下,人教版一年级起点三年级下.xlsx,rj_start1 grade::3 semester::下 appears::3年级下
in one hour,,,一小时后,I will be back in one hour.,我一小时后回来。,无,curated,3年级下,3,下,3年级下,人教版一年级起点三年级下.xlsx,rj_start1 grade::3 semester::下 appears::3年级下
everyone,[ˈevriwʌn],[ˈevriwʌn],每个人；大家,Everyone is here.,大家都在这里。,"n. 每个人
pron. 每个人；人人",curated,3年级下,3,下,3年级下,人教版一年级起点三年级下.xlsx,rj_start1 grade::3 semester::下 appears::3年级下
children,[ˈtʃɪldrən],[ˈtʃɪldrən],孩子们,The children are playing.,孩子们正在玩。,n. 孩子们（child的复数）,curated,3年级下,3,下,3年级下,人教版一年级起点三年级下.xlsx,rj_start1 grade::3 semester::下 appears::3年级下
run,[rʌn],[rʌn],跑；奔跑,Don't run in the classroom.,不要在教室里跑。,"n. 奔跑；赛跑；趋向；奔跑的路程
vt. 管理，经营；运行；参赛
vi. 经营；奔跑；运转",curated,3年级下,3,下,3年级下,人教版一年级起点三年级下.xlsx,rj_start1 grade::3 semester::下 appears::3年级下
home,[həʊm],[hoʊm],家；在家,I am at home.,我在家。,"n. 家，住宅；产地；家乡；避难所
adj. 国内的，家庭的；有效的
vt. 归巢，回家
adv. 在家，回家；深入地",curated,3年级下,3,下,3年级下,人教版一年级起点三年级下.xlsx,rj_start1 grade::3 semester::下 appears::3年级下
bedroom,[ˈbedruːm],[ˈbedruːm; ˈbedrʊm],卧室,This is my bedroom.,这是我的卧室。,"n. 卧室
adj. 两性关系的；城郊住宅区的",curated,3年级下,3,下,3年级下,人教版一年级起点三年级下.xlsx,rj_start1 grade::3 semester::下 appears::3年级下
living room,['lɪvɪŋ ru:m],[ˈlɪvɪŋ ruːm],客厅,We watch TV in the living room.,我们在客厅看电视。,n. 客厅；起居室,curated,3年级下,3,下,3年级下,人教版一年级起点三年级下.xlsx,rj_start1 grade::3 semester::下 appears::3年级下
bathroom,[ˈbɑːθruːm; ˈbɑːθrʊm],[ˈbæθruːm],浴室；卫生间,The bathroom is near my bedroom.,浴室在我的卧室附近。,n. 浴室；厕所；盥洗室,curated,3年级下,3,下,3年级下,人教版一年级起点三年级下.xlsx,rj_start1 grade::3 semester::下 appears::3年级下
dining room,,,餐厅；饭厅,We eat dinner in the dining room.,我们在餐厅吃晚饭。,n. 饭厅；餐厅,curated,3年级下,3,下,3年级下,人教版一年级起点三年级下.xlsx,rj_start1 grade::3 semester::下 appears::3年级下
study,[ˈstʌdi],[ˈstʌdi],书房；学习,This is my study.,这是我的书房。,"n. 学习，研究；课题；书房；学问
vt. 学习；考虑；攻读；细察
vi. 研究；用功",curated,3年级下,3,下,3年级下|6年级上,人教版一年级起点三年级下.xlsx|人教版一年级起点六年级上.xlsx,rj_start1 grade::3 semester::下 appears::3年级下 appears::6年级上
kitchen,[ˈkɪtʃɪn],[ˈkɪtʃɪn],厨房,Mum is in the kitchen.,妈妈在厨房里。,n. 厨房；炊具；炊事人员,curated,3年级下,3,下,3年级下,人教版一年级起点三年级下.xlsx,rj_start1 grade::3 semester::下 appears::3年级下
for rent,,,出租,This room is for rent.,这个房间出租。,na. 出租的；招租,curated,3年级下,3,下,3年级下,人教版一年级起点三年级下.xlsx,rj_start1 grade::3 semester::下 appears::3年级下
sofa,[ˈsəʊfə],[ˈsoʊfə],沙发,The cat is on the sofa.,猫在沙发上。,n. 沙发；长椅,curated,3年级下,3,下,3年级下,人教版一年级起点三年级下.xlsx,rj_start1 grade::3 semester::下 appears::3年级下
running,[ˈrʌnɪŋ],[ˈrʌnɪŋ],跑步,I like running after school.,我喜欢放学后跑步。,"n. 运转；赛跑；流出
v. 跑；运转（run的ing形式）；行驶
adj. 连续的；流动的；跑着的；运转着的",curated,4年级上,4,上,4年级上,人教版一年级起点四年级上.xlsx,rj_start1 grade::4 semester::上 appears::4年级上
basketball,[ˈbɑːskɪtbɔːl],[ˈbæskɪtbɔːl],篮球,I play basketball after school.,我放学后打篮球。,n. 篮球；篮球运动,curated,4年级上,4,上,4年级上,人教版一年级起点四年级上.xlsx,rj_start1 grade::4 semester::上 appears::4年级上
roller skating,,,轮滑；滑旱冰,I like roller skating.,我喜欢轮滑。,un. 滑旱冰,curated,4年级上,4,上,4年级上,人教版一年级起点四年级上.xlsx,rj_start1 grade::4 semester::上 appears::4年级上
jumping rope,,,跳绳,She is good at jumping rope.,她擅长跳绳。,跳绳；正在跳绳；跳跳绳,curated,4年级上,4,上,4年级上,人教版一年级起点四年级上.xlsx,rj_start1 grade::4 semester::上 appears::4年级上
ping-pong,[ˈpɪŋ pɒŋ],[ˈpɪŋ pɑːŋ],乒乓球,We play ping-pong after school.,我们放学后打乒乓球。,n. 乒乓球；桌球,curated,4年级上,4,上,4年级上,人教版一年级起点四年级上.xlsx,rj_start1 grade::4 semester::上 appears::4年级上
What about ...?,,,……怎么样？,What about basketball?,篮球怎么样？,un. 不；…怎样,curated,4年级上,4,上,4年级上,人教版一年级起点四年级上.xlsx,rj_start1 grade::4 semester::上 appears::4年级上
interesting,[ˈɪntrəstɪŋ],[ˈɪntrəstɪŋ; ˈɪntrestɪŋ],有趣的,This book is interesting.,这本书很有趣。,adj. 有趣的；引起兴趣的，令人关注的,curated,4年级上,4,上,4年级上,人教版一年级起点四年级上.xlsx,rj_start1 grade::4 semester::上 appears::4年级上
often,[ˈɒf(ə)n],[ˈɔːf(ə)n],经常；常常,I often play basketball.,我经常打篮球。,adv. 常常，时常,curated,4年级上,4,上,4年级上,人教版一年级起点四年级上.xlsx,rj_start1 grade::4 semester::上 appears::4年级上
be good at,,,擅长,He is good at swimming.,他擅长游泳。,v. 善于,curated,4年级上,4,上,4年级上,人教版一年级起点四年级上.xlsx,rj_start1 grade::4 semester::上 appears::4年级上
late,[leɪt],[leɪt],迟到的；晚的,Don't be late for school.,上学不要迟到。,"adj. 晚的；迟的；已故的；最近的
adv. 晚；迟；最近；在晚期",curated,4年级上,4,上,4年级上,人教版一年级起点四年级上.xlsx,rj_start1 grade::4 semester::上 appears::4年级上
visit one's grandparents,,,看望祖父母或外祖父母,I visit my grandparents on Sunday.,我星期日去看望祖父母。,无,curated,4年级上,4,上,4年级上,人教版一年级起点四年级上.xlsx,rj_start1 grade::4 semester::上 appears::4年级上
go to a drawing club,,,参加绘画俱乐部,I go to a drawing club.,我参加绘画俱乐部。,无,curated,4年级上,4,上,4年级上,人教版一年级起点四年级上.xlsx,rj_start1 grade::4 semester::上 appears::4年级上
climb a hill,,,爬山；爬小山,We climb a hill on Sunday.,我们星期日爬山。,无,curated,4年级上,4,上,4年级上,人教版一年级起点四年级上.xlsx,rj_start1 grade::4 semester::上 appears::4年级上
pick fruit,,,摘水果,We pick fruit in autumn.,我们秋天摘水果。,无,curated,4年级上,4,上,4年级上,人教版一年级起点四年级上.xlsx,rj_start1 grade::4 semester::上 appears::4年级上
play computer games,,,玩电脑游戏,I play computer games on Saturday.,我星期六玩电脑游戏。,玩电脑游戏；打电脑游戏；玩电子游戏,curated,4年级上,4,上,4年级上,人教版一年级起点四年级上.xlsx,rj_start1 grade::4 semester::上 appears::4年级上
go fishing,,,去钓鱼,Dad and I go fishing.,爸爸和我去钓鱼。,去钓鱼；垂钓；我以前常去钓鱼,curated,4年级上,4,上,4年级上,人教版一年级起点四年级上.xlsx,rj_start1 grade::4 semester::上 appears::4年级上
go to the cinema,,,去电影院；看电影,We go to the cinema.,我们去电影院看电影。,去看电影；去电影院；上电影院,curated,4年级上,4,上,4年级上,人教版一年级起点四年级上.xlsx,rj_start1 grade::4 semester::上 appears::4年级上
on the weekend,,,在周末,I play sports on the weekend.,我周末做运动。,在周末；在这个周末；美式英语,curated,4年级上,4,上,4年级上,人教版一年级起点四年级上.xlsx,rj_start1 grade::4 semester::上 appears::4年级上
fun,[fʌn],[fʌn],乐趣；有趣,Roller skating is fun.,轮滑很有趣。,"n. 乐趣；玩笑；有趣的人或事
adj. 供娱乐用的
vi. 开玩笑",curated,4年级上,4,上,4年级上,人教版一年级起点四年级上.xlsx,rj_start1 grade::4 semester::上 appears::4年级上
always,[ˈɔːlweɪz],[ˈɔːlweɪz],总是,I always get up at seven.,我总是七点起床。,adv. 永远，一直；总是；常常,curated,4年级上,4,上,4年级上|5年级下,人教版一年级起点四年级上.xlsx|人教版一年级起点五年级下.xlsx,rj_start1 grade::4 semester::上 appears::4年级上 appears::5年级下
step,[step],[step],步；台阶,Watch your step.,小心脚下。,"n. 步，脚步；步骤；步伐；梯级
vt. 走，迈步
vi. 踏，踩；走",curated,4年级上,4,上,4年级上,人教版一年级起点四年级上.xlsx,rj_start1 grade::4 semester::上 appears::4年级上
paint,[peɪnt],[peɪnt],油漆；给……刷漆,They paint the house.,他们给房子刷漆。,"vt. 油漆；绘画；装饰；涂色于；描绘；（用语言，文字等）描写；擦脂粉等
vi. 油漆；描绘；绘画；化妆
n. 油漆；颜料，涂料；绘画作品；胭脂等化妆品；色彩，装饰",curated,4年级上,4,上,4年级上|6年级上,人教版一年级起点四年级上.xlsx|人教版一年级起点六年级上.xlsx,rj_start1 grade::4 semester::上 appears::4年级上 appears::6年级上
evening,[ˈiːvnɪŋ],[ˈiːvnɪŋ],晚上,I read books in the evening.,我晚上读书。,"n. 晚上；傍晚；（联欢性的）晚会；后期
adj. 在晚上的；为晚上的；晚上用的
int. 晚上好（等于good evening）",curated,4年级上,4,上,4年级上,人教版一年级起点四年级上.xlsx,rj_start1 grade::4 semester::上 appears::4年级上
dirty,[ˈdɜːti],[ˈdɜːrti],脏的,My shoes are dirty.,我的鞋脏了。,"adj. 下流的，卑鄙的；肮脏的；恶劣的；暗淡的
vt. 弄脏
vi. 变脏",curated,4年级上,4,上,4年级上|5年级下,人教版一年级起点四年级上.xlsx|人教版一年级起点五年级下.xlsx,rj_start1 grade::4 semester::上 appears::4年级上 appears::5年级下
their,[ðeə(r)],[ðer],他们的；她们的；它们的,Their house is near the park.,他们的房子在公园附近。,pron. 他们的，她们的；它们的,curated,4年级上,4,上,4年级上,人教版一年级起点四年级上.xlsx,rj_start1 grade::4 semester::上 appears::4年级上
house,[haʊs],[haʊs],房子；住宅,Their house is beautiful.,他们的房子很漂亮。,"n. 住宅；家庭；机构；议会；某种用途的建筑物
vt. 覆盖；给…房子住；把…储藏在房内
vi. 住",curated,4年级上,4,上,4年级上,人教版一年级起点四年级上.xlsx,rj_start1 grade::4 semester::上 appears::4年级上
poor,[pɔː(r)],[pʊr; pɔːr],贫穷的；可怜的,The poor family needs help.,这个贫困家庭需要帮助。,adj. 贫穷的；可怜的；贫乏的；卑鄙的,curated,4年级上,4,上,4年级上,人教版一年级起点四年级上.xlsx,rj_start1 grade::4 semester::上 appears::4年级上
hope,[həʊp],[hoʊp],希望,I hope you are happy.,我希望你开心。,"n. 希望；期望；信心
vi. 希望；期待；信赖
vt. 希望；期望",curated,4年级上,4,上,4年级上,人教版一年级起点四年级上.xlsx,rj_start1 grade::4 semester::上 appears::4年级上
so,[səʊ],[soʊ],所以；因此,It is rainy so I am at home.,下雨了，所以我在家。,"conj. 所以；因此
adv. 如此，这么；确是如此
pron. 这样",curated,4年级上,4,上,4年级上,人教版一年级起点四年级上.xlsx,rj_start1 grade::4 semester::上 appears::4年级上
day,[deɪ],[deɪ],天；一天,Today is a sunny day.,今天是晴朗的一天。,"n. 一天；时期；白昼
adj. 日间的；逐日的
adv. 每天；经常在白天地",curated,4年级上,4,上,4年级上,人教版一年级起点四年级上.xlsx,rj_start1 grade::4 semester::上 appears::4年级上
usually,[ˈjuːʒuəli],[ˈjuːʒuəli; ˈjuːʒəli],通常,I usually go by bus.,我通常乘公交车去。,adv. 通常，经常,curated,4年级上,4,上,4年级上,人教版一年级起点四年级上.xlsx,rj_start1 grade::4 semester::上 appears::4年级上
by bus,,,乘公交车,I go to school by bus.,我乘公交车上学。,na. 乘公共汽车,curated,4年级上,4,上,4年级上,人教版一年级起点四年级上.xlsx,rj_start1 grade::4 semester::上 appears::4年级上
by boat,,,乘小船；乘船,We go there by boat.,我们乘小船去那里。,na. 乘船,curated,4年级上,4,上,4年级上,人教版一年级起点四年级上.xlsx,rj_start1 grade::4 semester::上 appears::4年级上
by ship,,,乘轮船；乘船,We go by ship.,我们乘船去。,乘船；乘轮船；坐轮船,curated,4年级上,4,上,4年级上,人教版一年级起点四年级上.xlsx,rj_start1 grade::4 semester::上 appears::4年级上
by car,,,乘汽车,We go there by car.,我们乘汽车去那里。,na. 乘电车；乘汽车,curated,4年级上,4,上,4年级上,人教版一年级起点四年级上.xlsx,rj_start1 grade::4 semester::上 appears::4年级上
by taxi,,,乘出租车,We go by taxi.,我们乘出租车去。,乘出租车；坐出租车；打的,curated,4年级上,4,上,4年级上,人教版一年级起点四年级上.xlsx,rj_start1 grade::4 semester::上 appears::4年级上
by bike,,,骑自行车,I go to school by bike.,我骑自行车上学。,骑自行车；骑车；骑单车,curated,4年级上,4,上,4年级上,人教版一年级起点四年级上.xlsx,rj_start1 grade::4 semester::上 appears::4年级上
on foot,,,步行,I go to school on foot.,我步行上学。,na. 步行；在进行中；徒步,curated,4年级上,4,上,4年级上,人教版一年级起点四年级上.xlsx,rj_start1 grade::4 semester::上 appears::4年级上
by school bus,,,乘校车,She goes to school by school bus.,她乘校车上学。,无,curated,4年级上,4,上,4年级上,人教版一年级起点四年级上.xlsx,rj_start1 grade::4 semester::上 appears::4年级上
by subway,,,乘地铁,We go by subway.,我们乘地铁去。,乘地铁；坐地铁；乘坐地铁,curated,4年级上,4,上,4年级上,人教版一年级起点四年级上.xlsx,rj_start1 grade::4 semester::上 appears::4年级上
by plane,,,乘飞机,We go by plane.,我们乘飞机去。,adv. 乘飞机,curated,4年级上,4,上,4年级上,人教版一年级起点四年级上.xlsx,rj_start1 grade::4 semester::上 appears::4年级上
by train,,,乘火车,We go there by train.,我们乘火车去那里。,na. 坐火车,curated,4年级上,4,上,4年级上,人教版一年级起点四年级上.xlsx,rj_start1 grade::4 semester::上 appears::4年级上
garden,[ˈɡɑːdn],[ˈɡɑːrdn],花园,There are flowers in the garden.,花园里有花。,"n. 花园；菜园
vt. 栽培花木
vi. 从事园艺；在园中种植",curated,4年级上,4,上,4年级上|6年级上,人教版一年级起点四年级上.xlsx|人教版一年级起点六年级上.xlsx,rj_start1 grade::4 semester::上 appears::4年级上 appears::6年级上
meeting place,[ˈmiːtɪŋ pleɪs],[ˈmiːtɪŋ pleɪs],集合地点,The gate is our meeting place.,大门是我们的集合地点。,n. 会场；聚集的地方,curated,4年级上,4,上,4年级上,人教版一年级起点四年级上.xlsx,rj_start1 grade::4 semester::上 appears::4年级上
gate,[ɡeɪt],[ɡeɪt],大门,Wait for me at the gate.,在大门口等我。,"n. 大门；出入口；门道
vt. 给…装大门",curated,4年级上,4,上,4年级上,人教版一年级起点四年级上.xlsx,rj_start1 grade::4 semester::上 appears::4年级上
transportation,[ˌtrænspɔːˈteɪʃn],[ˌtrænspɔːrˈteɪʃn],交通；交通方式,What transportation do you use?,你使用什么交通方式？,n. 运输；运输系统；运输工具；流放,curated,4年级上,4,上,4年级上,人教版一年级起点四年级上.xlsx,rj_start1 grade::4 semester::上 appears::4年级上
film,[fɪlm],[fɪlm],电影,This film is interesting.,这部电影很有趣。,"n. 电影；薄膜；胶卷；轻烟
vt. 在…上覆以薄膜；把…拍成电影
vi. 摄制电影；生薄膜；变得朦胧",curated,4年级上,4,上,4年级上,人教版一年级起点四年级上.xlsx,rj_start1 grade::4 semester::上 appears::4年级上
earth,[ɜːθ],[ɜːrθ],地球,The earth is our home.,地球是我们的家园。,"n. 地球；地表，陆地；土地，土壤；尘事，俗事；兽穴
vt. 把（电线）[电] 接地；盖（土）；追赶入洞穴
vi. 躲进地洞",curated,4年级上,4,上,4年级上,人教版一年级起点四年级上.xlsx,rj_start1 grade::4 semester::上 appears::4年级上
snow,[snəʊ],[snoʊ],雪,There is snow in winter.,冬天有雪。,"n. 雪，积雪；下雪
vt. 使纷纷落下；使变白
vi. 降雪",curated,4年级上,4,上,4年级上,人教版一年级起点四年级上.xlsx,rj_start1 grade::4 semester::上 appears::4年级上
theatre,[ˈθɪətə(r)],[ˈθiːətər],剧院,Let's go to the theatre.,我们去剧院吧。,n. 电影院，戏院；戏剧；阶梯式讲堂,curated,4年级上,4,上,4年级上,人教版一年级起点四年级上.xlsx,rj_start1 grade::4 semester::上 appears::4年级上
come,[kʌm],[kʌm],来,Come to my house.,来我家吧。,"vi. 来；开始；出现；发生；变成；到达
vt. 做；假装；将满（…岁）
int. 嗨！",curated,4年级上,4,上,4年级上,人教版一年级起点四年级上.xlsx,rj_start1 grade::4 semester::上 appears::4年级上
enjoy,[ɪnˈdʒɔɪ],[ɪnˈdʒɔɪ],喜欢；享受,I enjoy this film.,我喜欢这部电影。,vt. 欣赏，享受；喜爱；使过得快活,curated,4年级上,4,上,4年级上,人教版一年级起点四年级上.xlsx,rj_start1 grade::4 semester::上 appears::4年级上
pen,[pen],[pen],钢笔,This is my pen.,这是我的钢笔。,"n. 钢笔；作家；围栏
vt. 写；关入栏中",curated,4年级上,4,上,4年级上,人教版一年级起点四年级上.xlsx,rj_start1 grade::4 semester::上 appears::4年级上
knife,[naɪf],[naɪf],刀,Be careful with the knife.,使用刀时要小心。,"n. 刀；匕首
vt. 用刀切；（口）伤害
vi. 劈开；划过",curated,4年级上,4,上,4年级上,人教版一年级起点四年级上.xlsx,rj_start1 grade::4 semester::上 appears::4年级上
eraser,[ɪˈreɪzə(r)],[ɪˈreɪsər],橡皮,I need an eraser.,我需要一块橡皮。,n. 橡皮；擦除器；[计] 清除器,curated,4年级上,4,上,4年级上,人教版一年级起点四年级上.xlsx,rj_start1 grade::4 semester::上 appears::4年级上
crayon,[ˈkreɪən; ˈkreɪɒn],[ˈkreɪən; ˈkreɪɑːn],蜡笔,I draw with crayons.,我用蜡笔画画。,"n. 蜡笔，有色粉笔
vt. 以蜡笔作画，用颜色粉笔画",curated,4年级上,4,上,4年级上,人教版一年级起点四年级上.xlsx,rj_start1 grade::4 semester::上 appears::4年级上
scissors,[ˈsɪzəz],[ˈsɪzərz],剪刀,Be careful with the scissors.,使用剪刀时要小心。,"n. 剪刀；剪式跳法
v. 剪开；删除（scissor的第三人称单数）",curated,4年级上,4,上,4年级上,人教版一年级起点四年级上.xlsx,rj_start1 grade::4 semester::上 appears::4年级上
glue stick,,,胶棒,I need a glue stick.,我需要一支胶棒。,n. 胶棒,curated,4年级上,4,上,4年级上,人教版一年级起点四年级上.xlsx,rj_start1 grade::4 semester::上 appears::4年级上
paper,[ˈpeɪpə(r)],[ˈpeɪpər],纸,I draw on the paper.,我在纸上画画。,"n. 纸；论文；文件；报纸
adj. 纸做的
vt. 用纸糊；用纸包装
vi. 贴糊墙纸；发交通违章传票",curated,4年级上,4,上,4年级上,人教版一年级起点四年级上.xlsx,rj_start1 grade::4 semester::上 appears::4年级上
use,[juːz],[juːz],使用,Can I use your pen?,我可以用你的钢笔吗？,"n. 使用；用途；发挥
vt. 利用；耗费
vi. 使用，运用",curated,4年级上,4,上,4年级上,人教版一年级起点四年级上.xlsx,rj_start1 grade::4 semester::上 appears::4年级上
please,[pliːz],[pliːz],请,Please give me the paper.,请把纸给我。,"int. 请（礼貌用语）
vt. 使喜欢；使高兴，使满意
vi. 讨人喜欢；令人高兴",curated,4年级上,4,上,4年级上|5年级上,人教版一年级起点四年级上.xlsx|人教版一年级起点五年级上.xlsx,rj_start1 grade::4 semester::上 appears::4年级上 appears::5年级上
find,[faɪnd],[faɪnd],找到；发现,I can't find my pen.,我找不到我的钢笔。,"n. 发现
vi. 裁决
vt. 查找，找到；发现；认为；感到；获得",curated,4年级上,4,上,4年级上|6年级上,人教版一年级起点四年级上.xlsx|人教版一年级起点六年级上.xlsx,rj_start1 grade::4 semester::上 appears::4年级上 appears::6年级上
Information Centre,,,信息中心,Let's ask at the Information Centre.,我们去信息中心问问。,信息中心；资讯中心；情报中心,curated,4年级上,4,上,4年级上,人教版一年级起点四年级上.xlsx,rj_start1 grade::4 semester::上 appears::4年级上
Excuse me,[ɪk'skjʊs mi],[ɪkˈskjuːz mi],劳驾；对不起,Excuse me where is the gate?,请问大门在哪里？,un. 请原谅；对不起,curated,4年级上,4,上,4年级上,人教版一年级起点四年级上.xlsx,rj_start1 grade::4 semester::上 appears::4年级上
phone,[fəʊn],[foʊn],电话；打电话,I have a phone.,我有一部电话。,"n. 电话；耳机，听筒
vt. 打电话
vi. 打电话",curated,4年级上,4,上,4年级上,人教版一年级起点四年级上.xlsx,rj_start1 grade::4 semester::上 appears::4年级上
dad,[dæd],[dæd],爸爸,My dad is a doctor.,我爸爸是医生。,n. 爸爸；爹爹,curated,4年级上,4,上,4年级上,人教版一年级起点四年级上.xlsx,rj_start1 grade::4 semester::上 appears::4年级上
hamburger,[ˈhæmbɜːɡə(r)],[ˈhæmbɜːrɡər],汉堡包,I want a hamburger.,我想要一个汉堡包。,n. 汉堡包，火腿汉堡；牛肉饼，肉饼；碎牛肉,curated,4年级上,4,上,4年级上,人教版一年级起点四年级上.xlsx,rj_start1 grade::4 semester::上 appears::4年级上
shop,[ʃɒp],[ʃɑːp],商店；购物,This shop sells books.,这家商店卖书。,"n. 商店；店铺
vt. 购物
vi. 购物；买东西",curated,4年级上,4,上,4年级上,人教版一年级起点四年级上.xlsx,rj_start1 grade::4 semester::上 appears::4年级上
climb on the window ledge,,,爬上窗台,Don't climb on the window ledge.,不要爬窗台。,无,curated,4年级上,4,上,4年级上,人教版一年级起点四年级上.xlsx,rj_start1 grade::4 semester::上 appears::4年级上
dangerous,[ˈdeɪndʒərəs],[ˈdeɪndʒərəs],危险的,Playing with fire is dangerous.,玩火很危险。,"adj. 危险的
危险地",curated,4年级上,4,上,4年级上,人教版一年级起点四年级上.xlsx,rj_start1 grade::4 semester::上 appears::4年级上
play with fire,,,玩火,Don't play with fire.,不要玩火。,na. 轻举妄动,curated,4年级上,4,上,4年级上,人教版一年级起点四年级上.xlsx,rj_start1 grade::4 semester::上 appears::4年级上
Be careful!,,,小心！,Be careful on the stairs!,在楼梯上要小心！,小心；当心；注意,curated,4年级上,4,上,4年级上,人教版一年级起点四年级上.xlsx,rj_start1 grade::4 semester::上 appears::4年级上
run down the stairs,,,跑下楼梯,Don't run down the stairs.,不要跑下楼梯。,无,curated,4年级上,4,上,4年级上,人教版一年级起点四年级上.xlsx,rj_start1 grade::4 semester::上 appears::4年级上
sidewalk,[ˈsaɪdwɔːk],[ˈsaɪdwɔːk],人行道,Walk on the sidewalk.,在人行道上走。,n. 人行道,curated,4年级上,4,上,4年级上,人教版一年级起点四年级上.xlsx,rj_start1 grade::4 semester::上 appears::4年级上
wait for,,,等待,Wait for the green light.,等绿灯。,na. 等；等待,curated,4年级上,4,上,4年级上,人教版一年级起点四年级上.xlsx,rj_start1 grade::4 semester::上 appears::4年级上
safe,[seɪf],[seɪf],安全的,It is safe to wait here.,在这里等是安全的。,"n. 保险箱；冷藏室；纱橱
adj. 安全的；可靠的；平安的",curated,4年级上,4,上,4年级上,人教版一年级起点四年级上.xlsx,rj_start1 grade::4 semester::上 appears::4年级上
stop,[stɒp],[stɑːp],停；停止,Stop at the red light.,红灯时停下来。,"n. 停止；车站；障碍；逗留
vi. 停止；中止；逗留；被塞住
vt. 停止；堵塞；断绝",curated,4年级上,4,上,4年级上,人教版一年级起点四年级上.xlsx,rj_start1 grade::4 semester::上 appears::4年级上
street,[striːt],[striːt],街道,Don't run in the street.,不要在街道上跑。,"n. 街道
adj. 街道的",curated,4年级上,4,上,4年级上|4年级下,人教版一年级起点四年级上.xlsx|人教版一年级起点四年级下.xlsx,rj_start1 grade::4 semester::上 appears::4年级上 appears::4年级下
safety rule,,,安全规则,Follow the safety rules.,遵守安全规则。,安全规程,curated,4年级上,4,上,4年级上,人教版一年级起点四年级上.xlsx,rj_start1 grade::4 semester::上 appears::4年级上
nurse,[nɜːs],[nɜːrs],护士,The nurse helps sick people.,护士帮助病人。,"vt. 看护，护理；照顾；培养；给…喂奶
vi. 照料，护理；喂奶；当保姆
n. 护士；奶妈，保姆",curated,4年级上,4,上,4年级上,人教版一年级起点四年级上.xlsx,rj_start1 grade::4 semester::上 appears::4年级上
cook,[kʊk],[kʊk],厨师；做饭,My uncle is a cook.,我叔叔是一名厨师。,"n. 厨师，厨子
vt. 烹调，煮
vi. 烹调，做菜",curated,4年级上,4,上,4年级上,人教版一年级起点四年级上.xlsx,rj_start1 grade::4 semester::上 appears::4年级上
doctor,[ˈdɒktə(r)],[ˈdɑːktər],医生,The doctor helps sick people.,医生帮助病人。,"vt. 修理；篡改，伪造；为…治病；授以博士学位
n. 医生；博士
vi. 就医；行医",curated,4年级上,4,上,4年级上,人教版一年级起点四年级上.xlsx,rj_start1 grade::4 semester::上 appears::4年级上
bus driver,,,公交车司机,The bus driver drives a bus.,公交车司机开公交车。,na. (公共汽车)驾驶员；〈俚〉轰炸机驾驶员,curated,4年级上,4,上,4年级上,人教版一年级起点四年级上.xlsx,rj_start1 grade::4 semester::上 appears::4年级上
police officer,[pəˈliːs ɒfɪsə(r)],[pəˈlis ˈɔfɪsɚ],警察；警官,The police officer helps people.,警察帮助人们。,n. 警官；警察；警务人员,curated,4年级上,4,上,4年级上,人教版一年级起点四年级上.xlsx,rj_start1 grade::4 semester::上 appears::4年级上
taxi driver,,,出租车司机,My father is a taxi driver.,我爸爸是出租车司机。,n. 计程车司机,curated,4年级上,4,上,4年级上,人教版一年级起点四年级上.xlsx,rj_start1 grade::4 semester::上 appears::4年级上
farmer,[ˈfɑːmə(r)],[ˈfɑːrmər],农民,The farmer is a worker.,农民是一名劳动者。,n. 农夫，农民,curated,4年级上,4,上,4年级上,人教版一年级起点四年级上.xlsx,rj_start1 grade::4 semester::上 appears::4年级上
worker,[ˈwɜːkə(r)],[ˈwɜːrkər],工人,The worker works hard.,工人努力工作。,n. 工人；劳动者；职蚁,curated,4年级上,4,上,4年级上,人教版一年级起点四年级上.xlsx,rj_start1 grade::4 semester::上 appears::4年级上
in the future,,,将来；未来,I want to be a doctor in the future.,我将来想当医生。,adv. 今后,curated,4年级上,4,上,4年级上,人教版一年级起点四年级上.xlsx,rj_start1 grade::4 semester::上 appears::4年级上
great,[ɡreɪt],[ɡreɪt],很棒的；伟大的,That is a great job.,那是一份很棒的工作。,"n. 大师；大人物；伟人们
adj. 伟大的，重大的；极好的，好的；主要的",curated,4年级上,4,上,4年级上|5年级上,人教版一年级起点四年级上.xlsx|人教版一年级起点五年级上.xlsx,rj_start1 grade::4 semester::上 appears::4年级上 appears::5年级上
job,[dʒɒb],[dʒɑːb],工作；职业,What is your father's job?,你爸爸做什么工作？,"n. 工作；职业
vt. 承包；代客买卖
vi. 做零工",curated,4年级上,4,上,4年级上,人教版一年级起点四年级上.xlsx,rj_start1 grade::4 semester::上 appears::4年级上
sick,[sɪk],[sɪk],生病的,The doctor helps sick people.,医生帮助病人。,"adj. 厌恶的；病态的；不舒服；渴望的；恶心的 ；生病的
n. 病人
vt. 使狗去咬；呕吐；追击",curated,4年级上,4,上,4年级上,人教版一年级起点四年级上.xlsx,rj_start1 grade::4 semester::上 appears::4年级上
people,[ˈpiːp(ə)l],[ˈpiːpl],人们,Many people are here.,许多人在这里。,"n. 人；人类；民族；公民
vt. 居住于；使住满人",curated,4年级上,4,上,4年级上,人教版一年级起点四年级上.xlsx,rj_start1 grade::4 semester::上 appears::4年级上
teach,[tiːtʃ],[tiːtʃ],教,Teachers teach children.,老师教孩子们。,"vt. 教；教授；教导
vi. 教授；讲授；当老师",curated,4年级上,4,上,4年级上|5年级上,人教版一年级起点四年级上.xlsx|人教版一年级起点五年级上.xlsx,rj_start1 grade::4 semester::上 appears::4年级上 appears::5年级上
just,[dʒʌst],[dʒʌst],只是；仅仅,I just want to help.,我只是想帮忙。,"adv. 只是，仅仅；刚才，刚刚；正好，恰好；实在；刚要
adj. 公正的，合理的；正直的，正义的；正确的；公平的；应得的",curated,4年级上,4,上,4年级上,人教版一年级起点四年级上.xlsx,rj_start1 grade::4 semester::上 appears::4年级上
myself,[maɪˈself],[maɪˈself],我自己,I can do it myself.,我可以自己做。,pron. 我自己；我亲自；我的正常的健康状况和正常情绪,curated,4年级上,4,上,4年级上,人教版一年级起点四年级上.xlsx,rj_start1 grade::4 semester::上 appears::4年级上
sound,[saʊnd],[saʊnd],听起来；声音,That sounds great.,那听起来很棒。,"n. 声音，语音；噪音；海峡；吵闹；听力范围；[医] 探条
adj. 健全的，健康的；合理的；可靠的；有效彻底的
vt. 听（诊）；测量，测…深；使发声；试探；宣告
vi. 听起来；发出声音；回响；测深
adv. 彻底地，充分地",curated,4年级上,4,上,4年级上,人教版一年级起点四年级上.xlsx,rj_start1 grade::4 semester::上 appears::4年级上
across from,,,在……对面,The bank is across from the hotel.,银行在酒店对面。,na. 在…的正对面,curated,4年级下,4,下,4年级下,人教版一年级起点四年级下.xlsx,rj_start1 grade::4 semester::下 appears::4年级下
next to,,,紧挨着；在……旁边,The post office is next to the bank.,邮局在银行旁边。,prep. 紧邻；在…近旁；仅次于；紧接,curated,4年级下,4,下,4年级下,人教版一年级起点四年级下.xlsx,rj_start1 grade::4 semester::下 appears::4年级下
between,[bɪˈtwiːn],[bɪˈtwiːn],在……之间,The shop is between the bank and hotel.,商店在银行和酒店之间。,"prep. 在…之间
adv. 在中间",curated,4年级下,4,下,4年级下,人教版一年级起点四年级下.xlsx,rj_start1 grade::4 semester::下 appears::4年级下
restaurant,[ˈrestrɒnt],[ˈrestrɑːnt; ˈrestərɑːnt],餐馆；饭店,We eat dinner at the restaurant.,我们在餐馆吃晚饭。,n. 餐馆；[经] 饭店,curated,4年级下,4,下,4年级下,人教版一年级起点四年级下.xlsx,rj_start1 grade::4 semester::下 appears::4年级下
post office,[ˈpəust ɔfis],[ˈpost ɔfɪs],邮局,I go to the post office.,我去邮局。,n. 邮局；邮政部门；邮政系统；邮差敲门游戏（儿童用假托的信件换取亲吻）,curated,4年级下,4,下,4年级下,人教版一年级起点四年级下.xlsx,rj_start1 grade::4 semester::下 appears::4年级下
bank,[bæŋk],[bæŋk],银行,The bank is near the hotel.,银行在酒店附近。,"n. 银行；岸；浅滩；储库
vt. 将…存入银行；倾斜转弯
vi. 堆积；倾斜转弯",curated,4年级下,4,下,4年级下,人教版一年级起点四年级下.xlsx,rj_start1 grade::4 semester::下 appears::4年级下
grocery,[ˈɡrəʊsəri],[ˈɡroʊsəri],食品杂货店；杂货店,We buy food at the grocery.,我们在杂货店买食物。,"n. 食品杂货店
食品杂货",curated,4年级下,4,下,4年级下,人教版一年级起点四年级下.xlsx,rj_start1 grade::4 semester::下 appears::4年级下
turn left,[tɜ:n left],[tɝ​n lɛft],向左转,Turn left at the crossroads.,在十字路口向左转。,un. 向左转,curated,4年级下,4,下,4年级下,人教版一年级起点四年级下.xlsx,rj_start1 grade::4 semester::下 appears::4年级下
turn right,,,向右转,Turn right at the bank.,在银行那里向右转。,na. 转往右面,curated,4年级下,4,下,4年级下,人教版一年级起点四年级下.xlsx,rj_start1 grade::4 semester::下 appears::4年级下
go straight,,,直走,Go straight and turn left.,直走然后左转。,na. 笔直走,curated,4年级下,4,下,4年级下,人教版一年级起点四年级下.xlsx,rj_start1 grade::4 semester::下 appears::4年级下
crossroads,[ˈkrɒsrəʊdz],[ˈkrɔːsroʊdz],十字路口,Turn right at the crossroads.,在十字路口右转。,n. 十字路口；交叉路口；聚会的中心地点（crossroad的复数形式）,curated,4年级下,4,下,4年级下,人教版一年级起点四年级下.xlsx,rj_start1 grade::4 semester::下 appears::4年级下
neighbourhood,[ˈneɪbəhʊd],[ˈneɪbərhʊd],街区；社区,There is a park in my neighbourhood.,我的社区里有一个公园。,n. 邻近；周围；邻居关系；附近一带,curated,4年级下,4,下,4年级下,人教版一年级起点四年级下.xlsx,rj_start1 grade::4 semester::下 appears::4年级下
send,[send],[send],发送；寄,I send a card.,我寄一张卡片。,"n. 上升运动
vi. 派人；寄信
vt. 发送，寄；派遣；使进入；发射",curated,4年级下,4,下,4年级下,人教版一年级起点四年级下.xlsx,rj_start1 grade::4 semester::下 appears::4年级下
get,[ɡet],[ɡet],得到；取得,I get a present today.,我今天得到一份礼物。,"n. 生殖；幼兽
vi. 成为；变得；到达
vt. 使得；获得；受到；变成",curated,4年级下,4,下,4年级下,人教版一年级起点四年级下.xlsx,rj_start1 grade::4 semester::下 appears::4年级下
money,[ˈmʌni],[ˈmʌni],钱,I have some money.,我有一些钱。,n. 钱；货币；财富,curated,4年级下,4,下,4年级下,人教版一年级起点四年级下.xlsx,rj_start1 grade::4 semester::下 appears::4年级下
get to,,,到达,How can I get to the bank?,我怎样到银行？,na. 接触到；开始；〈美口〉收买,curated,4年级下,4,下,4年级下,人教版一年级起点四年级下.xlsx,rj_start1 grade::4 semester::下 appears::4年级下
before,[bɪˈfɔː(r)],[bɪˈfɔːr],在……之前,I get up before seven.,我七点前起床。,"prep. 在…之前，先于
conj. 在…以前；在…之前
adv. 以前；在前",curated,4年级下,4,下,4年级下|5年级下,人教版一年级起点四年级下.xlsx|人教版一年级起点五年级下.xlsx,rj_start1 grade::4 semester::下 appears::4年级下 appears::5年级下
leave,[liːv],[liːv],离开,We leave home at eight.,我们八点离开家。,"vt. 离开；留下；遗忘；委托
vi. 离开，出发；留下
n. 许可，同意；休假",curated,4年级下,4,下,4年级下,人教版一年级起点四年级下.xlsx,rj_start1 grade::4 semester::下 appears::4年级下
toy,[tɔɪ],[tɔɪ],玩具,This shop sells toys.,这家商店卖玩具。,"n. 玩具；小装饰品；不值钱的东西
adj. 作为玩具的；玩物似的
vi. 玩弄；调情；随随便便地对待",curated,4年级下,4,下,4年级下,人教版一年级起点四年级下.xlsx,rj_start1 grade::4 semester::下 appears::4年级下
city,[ˈsɪti],[ˈsɪti],城市,This city is beautiful.,这座城市很漂亮。,"n. 城市，都市
adj. 城市的；都会的",curated,4年级下,4,下,4年级下,人教版一年级起点四年级下.xlsx,rj_start1 grade::4 semester::下 appears::4年级下
sports centre,,,体育中心,We play basketball at the sports centre.,我们在体育中心打篮球。,"体育运动中心, 运动场",curated,4年级下,4,下,4年级下,人教版一年级起点四年级下.xlsx,rj_start1 grade::4 semester::下 appears::4年级下
hotel,[həʊˈtel],[hoʊˈtel],酒店；旅馆,We stay at a hotel.,我们住在酒店。,"n. 旅馆，饭店；客栈
vt. 使…在饭店下榻
vi. 进行旅馆式办公",curated,4年级下,4,下,4年级下,人教版一年级起点四年级下.xlsx,rj_start1 grade::4 semester::下 appears::4年级下
square,[skweə(r)],[skwer],广场,There are many people in the square.,广场上有很多人。,"n. 平方；广场；正方形
adj. 平方的；正方形的；直角的；正直的
vt. 使成方形；与…一致
vi. 一致；成方形
adv. 成直角地",curated,4年级下,4,下,4年级下,人教版一年级起点四年级下.xlsx,rj_start1 grade::4 semester::下 appears::4年级下
buy toys,,,买玩具,We buy toys at the shop.,我们在商店买玩具。,无,curated,4年级下,4,下,4年级下,人教版一年级起点四年级下.xlsx,rj_start1 grade::4 semester::下 appears::4年级下
see a film,,,看电影,We see a film at the cinema.,我们在电影院看电影。,看电影；去看电影；去电影院看电影,curated,4年级下,4,下,4年级下,人教版一年级起点四年级下.xlsx,rj_start1 grade::4 semester::下 appears::4年级下
go boating,,,去划船,We go boating on the lake.,我们在湖上划船。,na. 乘船〔尤指划船〕游玩,curated,4年级下,4,下,4年级下,人教版一年级起点四年级下.xlsx,rj_start1 grade::4 semester::下 appears::4年级下
busy,[ˈbɪzi],[ˈbɪzi],忙的,The street is busy today.,今天街上很繁忙。,"adj. 忙碌的；热闹的；正被占用的
vt. 使忙于",curated,4年级下,4,下,4年级下,人教版一年级起点四年级下.xlsx,rj_start1 grade::4 semester::下 appears::4年级下
station,[ˈsteɪʃ(ə)n],[ˈsteɪʃn],车站,The station is near the hotel.,车站在酒店附近。,"n. 车站；驻地；地位；身份
vt. 配置；安置；驻扎",curated,4年级下,4,下,4年级下,人教版一年级起点四年级下.xlsx,rj_start1 grade::4 semester::下 appears::4年级下
place,[pleɪs],[pleɪs],地方,This is a beautiful place.,这是一个美丽的地方。,"n. 地方；住所；座位
vt. 放置；任命；寄予
vi. 名列前茅；取得名次",curated,4年级下,4,下,4年级下,人教版一年级起点四年级下.xlsx,rj_start1 grade::4 semester::下 appears::4年级下
thing,[θɪŋ],[θɪŋ],东西；事情,I have many things to do.,我有很多事情要做。,n. 事情；东西；事物；情况,curated,4年级下,4,下,4年级下,人教版一年级起点四年级下.xlsx,rj_start1 grade::4 semester::下 appears::4年级下
stay,[steɪ],[steɪ],停留；待,We stay at home today.,我们今天待在家里。,"n. 逗留；停止；支柱
vi. 停留；坚持；暂住；停下
vt. 坚持；暂住；抑制",curated,4年级下,4,下,4年级下,人教版一年级起点四年级下.xlsx,rj_start1 grade::4 semester::下 appears::4年级下
star,[stɑː(r)],[stɑːr],星星,We can see many stars.,我们能看到许多星星。,"n. 星，恒星；明星；星形物
adj. 明星的，主角的；星形的
vt. 用星号标于；由…主演，由…担任主角
vi. 担任主角",curated,4年级下,4,下,4年级下,人教版一年级起点四年级下.xlsx,rj_start1 grade::4 semester::下 appears::4年级下
king,[kɪŋ],[kɪŋ],国王,The king lives in a big house.,国王住在一所大房子里。,"n. 国王；最有势力者；王棋
vi. 统治；做国王
vt. 立…为王
adj. 主要的，最重要的，最大的",curated,4年级下,4,下,4年级下,人教版一年级起点四年级下.xlsx,rj_start1 grade::4 semester::下 appears::4年级下
central,[ˈsentrəl],[ˈsentrəl],中心的；中央的,The museum is in the central square.,博物馆在中心广场。,"n. 电话总机
adj. 中心的；主要的；中枢的",curated,4年级下,4,下,4年级下,人教版一年级起点四年级下.xlsx,rj_start1 grade::4 semester::下 appears::4年级下
take photos,,,拍照,We take photos at the Great Wall.,我们在长城拍照。,照相；拍照；拍照片,curated,4年级下,4,下,4年级下,人教版一年级起点四年级下.xlsx,rj_start1 grade::4 semester::下 appears::4年级下
museum,[mjuˈziːəm],[mjuˈziːəm],博物馆,We visit the museum today.,我们今天参观博物馆。,n. 博物馆,curated,4年级下,4,下,4年级下,人教版一年级起点四年级下.xlsx,rj_start1 grade::4 semester::下 appears::4年级下
dream,[driːm],[driːm],梦想,My dream is to travel.,我的梦想是去旅行。,"n. 梦想，愿望；梦
adj. 梦的；理想的；不切实际的
vt. 梦想；做梦；想到
vi. 梦想；做梦，梦见；想到",curated,4年级下,4,下,4年级下,人教版一年级起点四年级下.xlsx,rj_start1 grade::4 semester::下 appears::4年级下
sea,[siː],[siː],海,We swim in the sea.,我们在海里游泳。,n. 海；海洋；许多；大量,curated,4年级下,4,下,4年级下,人教版一年级起点四年级下.xlsx,rj_start1 grade::4 semester::下 appears::4年级下
ski,[skiː],[skiː],滑雪,I want to ski in winter.,我想冬天去滑雪。,"n. 滑雪橇
vi. 滑雪
adj. 滑雪（用）的",curated,4年级下,4,下,4年级下,人教版一年级起点四年级下.xlsx,rj_start1 grade::4 semester::下 appears::4年级下
eat seafood,,,吃海鲜,We eat seafood by the sea.,我们在海边吃海鲜。,无,curated,4年级下,4,下,4年级下,人教版一年级起点四年级下.xlsx,rj_start1 grade::4 semester::下 appears::4年级下
visit the Mogao Caves,,,参观莫高窟,We visit the Mogao Caves.,我们参观莫高窟。,无,curated,4年级下,4,下,4年级下,人教版一年级起点四年级下.xlsx,rj_start1 grade::4 semester::下 appears::4年级下
West Lake,,,西湖,West Lake is beautiful.,西湖很美。,西湖；杭州西湖；浙江杭州,curated,4年级下,4,下,4年级下,人教版一年级起点四年级下.xlsx,rj_start1 grade::4 semester::下 appears::4年级下
row a boat,,,划船,We row a boat on West Lake.,我们在西湖划船。,划船；摇船；划船最好用,curated,4年级下,4,下,4年级下,人教版一年级起点四年级下.xlsx,rj_start1 grade::4 semester::下 appears::4年级下
the Great Wall,,,长城,We visit the Great Wall.,我们参观长城。,长城；万里长城；中国万里长城,curated,4年级下,4,下,4年级下,人教版一年级起点四年级下.xlsx,rj_start1 grade::4 semester::下 appears::4年级下
summer vacation,,,暑假,We travel in summer vacation.,我们暑假去旅行。,n. 暑假,curated,4年级下,4,下,4年级下,人教版一年级起点四年级下.xlsx,rj_start1 grade::4 semester::下 appears::4年级下
travel,[ˈtræv(ə)l],[ˈtrævl],旅行；旅游,I like to travel with my family.,我喜欢和家人旅行。,"n. 旅行；游历；漫游
vt. 经过；在…旅行
vi. 旅行；行进；步行；交往",curated,4年级下,4,下,4年级下,人教版一年级起点四年级下.xlsx,rj_start1 grade::4 semester::下 appears::4年级下
reading,[ˈriːdɪŋ],[ˈriːdɪŋ],阅读；读书,Reading is my hobby.,阅读是我的爱好。,"n. 阅读，朗读；读物；读数
v. 阅读（read的ing形式）
adj. 阅读的",curated,4年级下,4,下,4年级下,人教版一年级起点四年级下.xlsx,rj_start1 grade::4 semester::下 appears::4年级下
skateboarding,[ˈskeɪtbɔːdɪŋ],[ˈskeɪtbɔːrdɪŋ],滑板运动,Skateboarding is my hobby.,滑板运动是我的爱好。,n. 滑板运动,curated,4年级下,4,下,4年级下,人教版一年级起点四年级下.xlsx,rj_start1 grade::4 semester::下 appears::4年级下
singing,[ˈsɪŋɪŋ],[ˈsɪŋɪŋ],唱歌,Singing is my hobby.,唱歌是我的爱好。,"n. 歌唱；歌声；耳鸣；振鸣
v. 唱歌（sing的ing形式）
adj. 唱歌的；音乐般的",curated,4年级下,4,下,4年级下,人教版一年级起点四年级下.xlsx,rj_start1 grade::4 semester::下 appears::4年级下
dancing,[ˈdɑːnsɪŋ],[ˈdænsɪŋ],跳舞,Dancing is her hobby.,跳舞是她的爱好。,"n. 跳舞；舞蹈
v. 跳舞；摇晃（dance的ing形式）",curated,4年级下,4,下,4年级下,人教版一年级起点四年级下.xlsx,rj_start1 grade::4 semester::下 appears::4年级下
doing jigsaw puzzles,,,拼拼图,I like doing jigsaw puzzles.,我喜欢拼拼图。,无,curated,4年级下,4,下,4年级下,人教版一年级起点四年级下.xlsx,rj_start1 grade::4 semester::下 appears::4年级下
making models,,,做模型,He likes making models.,他喜欢做模型。,无,curated,4年级下,4,下,4年级下,人教版一年级起点四年级下.xlsx,rj_start1 grade::4 semester::下 appears::4年级下
collecting erasers,,,收集橡皮,She likes collecting erasers.,她喜欢收集橡皮。,无,curated,4年级下,4,下,4年级下,人教版一年级起点四年级下.xlsx,rj_start1 grade::4 semester::下 appears::4年级下
different,[ˈdɪfrənt],[ˈdɪfrənt],不同的,We have different hobbies.,我们有不同的爱好。,adj. 不同的；个别的，与众不同的,curated,4年级下,4,下,4年级下,人教版一年级起点四年级下.xlsx,rj_start1 grade::4 semester::下 appears::4年级下
hobby,[ˈhɒbi],[ˈhɑːbi],爱好,Reading is my hobby.,阅读是我的爱好。,n. 嗜好；业余爱好,curated,4年级下,4,下,4年级下,人教版一年级起点四年级下.xlsx,rj_start1 grade::4 semester::下 appears::4年级下
stamp,[stæmp],[stæmp],邮票,I like collecting stamps.,我喜欢集邮。,"n. 邮票；印记；标志；跺脚
vt. 铭记；标出；盖章于…；贴邮票于…；用脚踩踏
vi. 跺脚；捣碎；毁掉",curated,4年级下,4,下,4年级下,人教版一年级起点四年级下.xlsx,rj_start1 grade::4 semester::下 appears::4年级下
catch,[kætʃ],[kætʃ],抓住；捕捉,The cat can catch a fish.,猫能抓到鱼。,"n. 捕捉；捕获物；窗钩
vt. 赶上；抓住；感染；了解
vi. 赶上；抓住",curated,4年级下,4,下,4年级下,人教版一年级起点四年级下.xlsx,rj_start1 grade::4 semester::下 appears::4年级下
go for a picnic,,,去野餐,We go for a picnic on Sunday.,我们星期日去野餐。,去野餐；去野炊；出去野炊,curated,4年级下,4,下,4年级下,人教版一年级起点四年级下.xlsx,rj_start1 grade::4 semester::下 appears::4年级下
play the violin,,,拉小提琴,She can play the violin.,她会拉小提琴。,拉小提琴；弹小提琴；演奏小提琴,curated,4年级下,4,下,4年级下,人教版一年级起点四年级下.xlsx,rj_start1 grade::4 semester::下 appears::4年级下
go skating,,,去滑冰,We go skating in winter.,我们冬天去滑冰。,去滑冰；去溜冰；滑雪,curated,4年级下,4,下,4年级下,人教版一年级起点四年级下.xlsx,rj_start1 grade::4 semester::下 appears::4年级下
go camping,,,去露营,We go camping in summer.,我们夏天去露营。,去野营；去露营；宿营,curated,4年级下,4,下,4年级下,人教版一年级起点四年级下.xlsx,rj_start1 grade::4 semester::下 appears::4年级下
do the housework,,,做家务,I help do the housework.,我帮忙做家务。,做家务；做家务活；料理家务,curated,4年级下,4,下,4年级下,人教版一年级起点四年级下.xlsx,rj_start1 grade::4 semester::下 appears::4年级下
free,[friː],[friː],空闲的,Are you free on Sunday?,你星期日有空吗？,"adj. 免费的；自由的，不受约束的；[化学] 游离的
vt. 使自由，解放；释放
adv. 自由地；免费",curated,4年级下,4,下,4年级下,人教版一年级起点四年级下.xlsx,rj_start1 grade::4 semester::下 appears::4年级下
never,[ˈnevə(r)],[ˈnevər],从不；从未,I never play with fire.,我从不玩火。,adv. 从未；决不,curated,4年级下,4,下,4年级下,人教版一年级起点四年级下.xlsx,rj_start1 grade::4 semester::下 appears::4年级下
once a week,,,每周一次,I go swimming once a week.,我每周游泳一次。,一周一次；每周一次；一星期一次,curated,4年级下,4,下,4年级下,人教版一年级起点四年级下.xlsx,rj_start1 grade::4 semester::下 appears::4年级下
twice a week,,,每周两次,I play basketball twice a week.,我每周打两次篮球。,一周两次；每周两次；一星期两次,curated,4年级下,4,下,4年级下,人教版一年级起点四年级下.xlsx,rj_start1 grade::4 semester::下 appears::4年级下
three times a week,,,每周三次,I read books three times a week.,我每周读三次书。,一周三次；每周三次；一星期三次,curated,4年级下,4,下,4年级下,人教版一年级起点四年级下.xlsx,rj_start1 grade::4 semester::下 appears::4年级下
Canada,[ˈkænədə],[ˈkænədə],加拿大,Canada is a big country.,加拿大是一个大国。,n. 加拿大（北美洲国家）,curated,4年级下,4,下,4年级下,人教版一年级起点四年级下.xlsx,rj_start1 grade::4 semester::下 appears::4年级下
Australia,[ɒˈstreɪliə],[ɔːˈstreɪliə],澳大利亚,Koalas live in Australia.,考拉生活在澳大利亚。,n. 澳大利亚，澳洲,curated,4年级下,4,下,4年级下,人教版一年级起点四年级下.xlsx,rj_start1 grade::4 semester::下 appears::4年级下
the UK,,,英国,Big Ben is in the UK.,大本钟在英国。,（等于the United Kingdom）英国,curated,4年级下,4,下,4年级下,人教版一年级起点四年级下.xlsx,rj_start1 grade::4 semester::下 appears::4年级下
the USA,,,美国,Disneyland is in the USA.,迪士尼乐园在美国。,美国；美利坚合众国；现在我们有美国的大哥,curated,4年级下,4,下,4年级下,人教版一年级起点四年级下.xlsx,rj_start1 grade::4 semester::下 appears::4年级下
China,[ˈtʃaɪnə],[ˈtʃaɪnə],中国,The Great Wall is in China.,长城在中国。,"n. 中国
n. china，瓷器
adj. 中国的；中国制造的
adj. china，瓷制的",curated,4年级下,4,下,4年级下,人教版一年级起点四年级下.xlsx,rj_start1 grade::4 semester::下 appears::4年级下
koala,[kəʊˈɑːlə],[koʊˈɑːlə],考拉；树袋熊,The koala is cute.,考拉很可爱。,n. 树袋熊，无尾熊（产于澳大利亚，又名考拉）,curated,4年级下,4,下,4年级下,人教版一年级起点四年级下.xlsx,rj_start1 grade::4 semester::下 appears::4年级下
maple leaves,,,枫叶,Maple leaves are beautiful.,枫叶很漂亮。,枫叶；枫树叶子；枫树留下,curated,4年级下,4,下,4年级下,人教版一年级起点四年级下.xlsx,rj_start1 grade::4 semester::下 appears::4年级下
Big Ben,,,大本钟,Big Ben is in the UK.,大本钟在英国。,"n. 英国伦敦议会大厦顶的大钟, 美国得州西南部的国立大本德公园(Big Bend National Park)",curated,4年级下,4,下,4年级下,人教版一年级起点四年级下.xlsx,rj_start1 grade::4 semester::下 appears::4年级下
Disneyland,[ˈdɪznilænd],[ˈdɪznilænd],迪士尼乐园,I want to visit Disneyland.,我想参观迪士尼乐园。,n. 迪斯尼乐园；幻想世界,curated,4年级下,4,下,4年级下,人教版一年级起点四年级下.xlsx,rj_start1 grade::4 semester::下 appears::4年级下
campfire,[ˈkæmpfaɪə(r)],[ˈkæmpfaɪər],篝火；营火,We sit by the campfire.,我们坐在篝火旁。,n. 营火；营火会,curated,4年级下,4,下,4年级下,人教版一年级起点四年级下.xlsx,rj_start1 grade::4 semester::下 appears::4年级下
cute,[kjuːt],[kjuːt],可爱的,The koala is very cute.,考拉非常可爱。,adj. 可爱的；漂亮的；聪明的，伶俐的,curated,4年级下,4,下,4年级下|5年级上,人教版一年级起点四年级下.xlsx|人教版一年级起点五年级上.xlsx,rj_start1 grade::4 semester::下 appears::4年级下 appears::5年级上
country,[ˈkʌntri],[ˈkʌntri],国家,China is my country.,中国是我的国家。,"n. 国家，国土；国民；乡下，农村；乡村；故乡
adj. 祖国的，故乡的；地方的，乡村的；国家的；粗鲁的；乡村音乐的",curated,4年级下,4,下,4年级下,人教版一年级起点四年级下.xlsx,rj_start1 grade::4 semester::下 appears::4年级下
clever,[ˈklevə(r)],[ˈklevər],聪明的,She is clever and helpful.,她聪明又乐于助人。,"adj. 聪明的；机灵的；熟练的
[ 比较级cleverer 最高级 cleverest ]",curated,5年级上,5,上,5年级上,人教版一年级起点五年级上.xlsx,rj_start1 grade::5 semester::上 appears::5年级上
careless,[ˈkeələs],[ˈkerləs],粗心的,Don't be careless with your homework.,做作业不要粗心。,adj. 粗心的；无忧无虑的；淡漠的,curated,5年级上,5,上,5年级上,人教版一年级起点五年级上.xlsx,rj_start1 grade::5 semester::上 appears::5年级上
polite,[pəˈlaɪt],[pəˈlaɪt],有礼貌的,The boy is polite to everyone.,这个男孩对每个人都很有礼貌。,adj. 有礼貌的，客气的；文雅的；上流的；优雅的,curated,5年级上,5,上,5年级上,人教版一年级起点五年级上.xlsx,rj_start1 grade::5 semester::上 appears::5年级上
quiet,[ˈkwaɪət],[ˈkwaɪət],安静的；文静的,She is quiet in class.,她在课堂上很安静。,"n. 安静；和平
adj. 安静的；安定的；不动的；温顺的
vt. 使平息；安慰
vi. 平静下来",curated,5年级上,5,上,5年级上,人教版一年级起点五年级上.xlsx,rj_start1 grade::5 semester::上 appears::5年级上
friendly,[ˈfrendli],[ˈfrendli],友好的,Our new teacher is friendly.,我们的新老师很友好。,"adj. 友好的；亲切的；支持的；融洽的，和睦的
adv. 友善地；温和地",curated,5年级上,5,上,5年级上,人教版一年级起点五年级上.xlsx,rj_start1 grade::5 semester::上 appears::5年级上
helpful,[ˈhelpfl],[ˈhelpfl],乐于助人的；有帮助的,He is always helpful at home.,他在家总是乐于帮忙。,adj. 有帮助的；有益的,curated,5年级上,5,上,5年级上,人教版一年级起点五年级上.xlsx,rj_start1 grade::5 semester::上 appears::5年级上
active,[ˈæktɪv],[ˈæktɪv],活跃的；积极的,She is active in class.,她在课堂上很活跃。,"n. 主动语态；积极分子
adj. 积极的；活跃的；主动的；有效的；现役的",curated,5年级上,5,上,5年级上,人教版一年级起点五年级上.xlsx,rj_start1 grade::5 semester::上 appears::5年级上
popular,[ˈpɒpjələ(r)],[ˈpɑːpjələr],受欢迎的,He is popular at school.,他在学校很受欢迎。,adj. 流行的，通俗的；受欢迎的；大众的；普及的,curated,5年级上,5,上,5年级上,人教版一年级起点五年级上.xlsx,rj_start1 grade::5 semester::上 appears::5年级上
talk,[tɔːk],[tɔːk],交谈；说话,We often talk after school.,我们经常放学后聊天。,"n. 谈话；演讲；空谈
vi. 谈话；说闲话
vt. 说；谈话；讨论",curated,5年级上,5,上,5年级上,人教版一年级起点五年级上.xlsx,rj_start1 grade::5 semester::上 appears::5年级上
all,[ɔːl],[ɔːl],全部；所有,All the children are here.,所有孩子都在这里。,"n. 全部
adj. 全部的
adv. 全然地；越发
pron. 全部",curated,5年级上,5,上,5年级上,人教版一年级起点五年级上.xlsx,rj_start1 grade::5 semester::上 appears::5年级上
but,[bət],[bət; bʌt],但是,He is young but tall.,他很年轻但是个子高。,"conj. 但是；而是；然而
adv. 仅仅，只
prep. 除…以外",curated,5年级上,5,上,5年级上,人教版一年级起点五年级上.xlsx,rj_start1 grade::5 semester::上 appears::5年级上
sometimes,[ˈsʌmtaɪmz],[ˈsʌmtaɪmz],有时,I sometimes go to the library.,我有时去图书馆。,adv. 有时，间或,curated,5年级上,5,上,5年级上,人教版一年级起点五年级上.xlsx,rj_start1 grade::5 semester::上 appears::5年级上
bark,[bɑːk],[bɑːrk],狗叫；吠,The dog barks at night.,狗在晚上叫。,"n. 树皮；深青棕色；毛皮；皮肤；狗叫
vt. 狗叫；尖叫；剥皮",curated,5年级上,5,上,5年级上,人教版一年级起点五年级上.xlsx,rj_start1 grade::5 semester::上 appears::5年级上
forget,[fəˈɡet],[fərˈɡet],忘记,Don't forget your schoolbag.,别忘了你的书包。,"vi. 忘记
vt. 忘记；忽略",curated,5年级上,5,上,5年级上,人教版一年级起点五年级上.xlsx,rj_start1 grade::5 semester::上 appears::5年级上
with,[wɪð],[wɪð; wɪθ],和；跟；带有,I play with my friends.,我和朋友一起玩。,prep. 用；随着；支持；和…在一起,curated,5年级上,5,上,5年级上,人教版一年级起点五年级上.xlsx,rj_start1 grade::5 semester::上 appears::5年级上
wear glasses,,,戴眼镜,My teacher wears glasses.,我的老师戴眼镜。,戴眼镜；戴着眼镜；带着眼镜,curated,5年级上,5,上,5年级上,人教版一年级起点五年级上.xlsx,rj_start1 grade::5 semester::上 appears::5年级上
slim,[slɪm],[slɪm],苗条的,My sister is tall and slim.,我姐姐高而苗条。,"adj. 苗条的；修长的；微小的；差的
vt. 使…体重减轻；使…苗条
vi. 减轻体重；变细",curated,5年级上,5,上,5年级上,人教版一年级起点五年级上.xlsx,rj_start1 grade::5 semester::上 appears::5年级上
curly,[ˈkɜːli],[ˈkɜːrli],卷曲的,She has curly hair.,她有卷发。,adj. 卷曲的；卷毛的；（木材）有皱状纹理的；蜷缩的,curated,5年级上,5,上,5年级上,人教版一年级起点五年级上.xlsx,rj_start1 grade::5 semester::上 appears::5年级上
straight,[streɪt],[streɪt],直的,She has long straight hair.,她有长直发。,"n. 直；直线；直男，直女，异性恋者
adj. 直的；连续的；笔直的；正直的；整齐的；异性恋的
adv. 直接地；不断地；立即；坦率地",curated,5年级上,5,上,5年级上,人教版一年级起点五年级上.xlsx,rj_start1 grade::5 semester::上 appears::5年级上
nice,[naɪs],[naɪs],友好的；好的,Our new classmate is very nice.,我们的新同学很好。,adj. 精密的；美好的；细微的；和蔼的,curated,5年级上,5,上,5年级上,人教版一年级起点五年级上.xlsx,rj_start1 grade::5 semester::上 appears::5年级上
young,[jʌŋ],[jʌŋ],年轻的,Our English teacher is young.,我们的英语老师很年轻。,"n. 年轻人；（动物的）崽，仔
adj. 年轻的；初期的；没有经验的",curated,5年级上,5,上,5年级上,人教版一年级起点五年级上.xlsx,rj_start1 grade::5 semester::上 appears::5年级上
guess,[ɡes],[ɡes],猜；猜测,Can you guess his name?,你能猜出他的名字吗？,"n. 猜测；推测
vi. 猜；推测；猜中
vt. 猜测；认为；推测；猜中
n. 盖尔斯（美国服装品牌）",curated,5年级上,5,上,5年级上,人教版一年级起点五年级上.xlsx,rj_start1 grade::5 semester::上 appears::5年级上
has,[həz],[həz; əz; hæz],有（have的第三人称单数）,The panda has black ears.,熊猫有黑色的耳朵。,v. 有，吃，得到，从事，允许，雇用，享有（have的第三人称单数）；（亲属关系中）接受；拿；买到,curated,5年级上,5,上,5年级上,人教版一年级起点五年级上.xlsx,rj_start1 grade::5 semester::上 appears::5年级上
animal,[ˈænɪm(ə)l],[ˈænɪm(ə)l],动物,My favourite animal is the panda.,我最喜欢的动物是熊猫。,"n. 动物
动物的",curated,5年级上,5,上,5年级上,人教版一年级起点五年级上.xlsx,rj_start1 grade::5 semester::上 appears::5年级上
elephant,[ˈelɪfənt],[ˈelɪfənt],大象,The elephant is big.,大象很大。,n. 象；大号图画纸,curated,5年级上,5,上,5年级上,人教版一年级起点五年级上.xlsx,rj_start1 grade::5 semester::上 appears::5年级上
panda,[ˈpændə],[ˈpændə],熊猫,The panda is black.,熊猫是黑色的。,n. 熊猫；猫熊,curated,5年级上,5,上,5年级上,人教版一年级起点五年级上.xlsx,rj_start1 grade::5 semester::上 appears::5年级上
horse,[hɔːs],[hɔːrs],马,The horse can run fast.,马跑得很快。,"n. 马；骑兵；脚架；海洛因
vt. 使骑马；系马于；捉弄
vi. 骑马；作弄人",curated,5年级上,5,上,5年级上,人教版一年级起点五年级上.xlsx,rj_start1 grade::5 semester::上 appears::5年级上
cow,[kaʊ],[kaʊ],奶牛；母牛,The cow lives on a farm.,奶牛生活在农场。,"n. 奶牛，母牛；母兽
vt. 威胁，恐吓",curated,5年级上,5,上,5年级上,人教版一年级起点五年级上.xlsx,rj_start1 grade::5 semester::上 appears::5年级上
pig,[pɪɡ],[pɪɡ],猪,The pig lives on a farm.,猪生活在农场。,"n. 猪；猪肉
vi. 生小猪；像猪一样过活
n. 警察（俚语，带有攻击性）",curated,5年级上,5,上,5年级上,人教版一年级起点五年级上.xlsx,rj_start1 grade::5 semester::上 appears::5年级上
sheep,[ʃiːp],[ʃiːp],绵羊；羊,The sheep is on the farm.,绵羊在农场里。,n. 羊，绵羊；胆小鬼,curated,5年级上,5,上,5年级上,人教版一年级起点五年级上.xlsx,rj_start1 grade::5 semester::上 appears::5年级上
bee,[biː],[biː],蜜蜂,A bee can fly.,蜜蜂会飞。,n. 蜜蜂，蜂；勤劳的人,curated,5年级上,5,上,5年级上,人教版一年级起点五年级上.xlsx,rj_start1 grade::5 semester::上 appears::5年级上
farm,[fɑːm],[fɑːrm],农场,There are many animals on the farm.,农场里有许多动物。,"n. 农场；农家；畜牧场
vt. 养殖；耕种；佃出（土地）
vi. 种田，务农；经营农场",curated,5年级上,5,上,5年级上,人教版一年级起点五年级上.xlsx,rj_start1 grade::5 semester::上 appears::5年级上
fast,[fɑːst],[fæst],快的；快速地,The horse can run fast.,马能跑得很快。,"n. 斋戒；绝食
adj. 快速的，迅速的；紧的，稳固的
adv. 迅速地；紧紧地；彻底地
vi. 禁食，斋戒",curated,5年级上,5,上,5年级上,人教版一年级起点五年级上.xlsx,rj_start1 grade::5 semester::上 appears::5年级上
why,[waɪ],[waɪ],为什么,Why do you like pandas?,你为什么喜欢熊猫？,"int. 哎呀！什么？
adv. 为什么",curated,5年级上,5,上,5年级上,人教版一年级起点五年级上.xlsx,rj_start1 grade::5 semester::上 appears::5年级上
lovely,[ˈlʌvli],[ˈlʌvli],可爱的；讨人喜欢的,The little panda is lovely.,小熊猫很可爱。,"adj. 可爱的；令人愉快的；爱恋的；秀丽的，优美的
n. 美女；可爱的东西",curated,5年级上,5,上,5年级上,人教版一年级起点五年级上.xlsx,rj_start1 grade::5 semester::上 appears::5年级上
butterfly,[ˈbʌtəflaɪ],[ˈbʌtərflaɪ],蝴蝶,The butterfly is beautiful.,蝴蝶很漂亮。,n. 蝴蝶；蝶泳；举止轻浮的人；追求享乐的人,curated,5年级上,5,上,5年级上,人教版一年级起点五年级上.xlsx,rj_start1 grade::5 semester::上 appears::5年级上
exercise book,,,练习本,I need a new exercise book.,我需要一本新练习本。,n. 练习本；练习册；作业本,curated,5年级上,5,上,5年级上,人教版一年级起点五年级上.xlsx,rj_start1 grade::5 semester::上 appears::5年级上
pencil sharpener,,,卷笔刀,I need a pencil sharpener.,我需要一个卷笔刀。,n. 卷笔刀,curated,5年级上,5,上,5年级上,人教版一年级起点五年级上.xlsx,rj_start1 grade::5 semester::上 appears::5年级上
a pair of scissors,,,一把剪刀,I need a pair of scissors.,我需要一把剪刀。,一把剪刀；一副剪刀；一双剪刀,curated,5年级上,5,上,5年级上,人教版一年级起点五年级上.xlsx,rj_start1 grade::5 semester::上 appears::5年级上
pencil box,,,铅笔盒,My pencils are in the pencil box.,我的铅笔在铅笔盒里。,铅笔盒；文具盒；你的铅笔盒,curated,5年级上,5,上,5年级上,人教版一年级起点五年级上.xlsx,rj_start1 grade::5 semester::上 appears::5年级上
a box of crayons,,,一盒蜡笔,I want a box of crayons.,我想要一盒蜡笔。,无,curated,5年级上,5,上,5年级上,人教版一年级起点五年级上.xlsx,rj_start1 grade::5 semester::上 appears::5年级上
only,[ˈəʊnli],[ˈoʊnli],只；仅仅,I only need one pencil.,我只需要一支铅笔。,"adv. 只，仅仅；不料
adj. 唯一的，仅有的；最合适的
conj. 但是；不过；可是",curated,5年级上,5,上,5年级上,人教版一年级起点五年级上.xlsx,rj_start1 grade::5 semester::上 appears::5年级上
also,[ˈɔːlsəʊ],[ˈɔːlsoʊ],也；还,I also need an eraser.,我还需要一块橡皮。,"conj. 并且；另外
adv. 也；而且；同样",curated,5年级上,5,上,5年级上,人教版一年级起点五年级上.xlsx,rj_start1 grade::5 semester::上 appears::5年级上
saleswoman,[ˈseɪlzwʊmən],[ˈseɪlzwʊmən],女售货员,The saleswoman is very helpful.,女售货员很热心。,n. [贸易] 女售货员；[贸易] 女店员,curated,5年级上,5,上,5年级上,人教版一年级起点五年级上.xlsx,rj_start1 grade::5 semester::上 appears::5年级上
love,[lʌv],[lʌv],喜爱；爱,I love this new pencil box.,我很喜欢这个新铅笔盒。,"n. 恋爱；亲爱的；酷爱；喜爱的事物；爱情，爱意；疼爱；热爱；爱人，所爱之物
v. 爱，热爱；爱戴；赞美，称赞；喜爱；喜好；喜欢；爱慕",curated,5年级上,5,上,5年级上,人教版一年级起点五年级上.xlsx,rj_start1 grade::5 semester::上 appears::5年级上
how much,[haʊ mʌtʃ],[haʊ mʌtʃ],多少钱,How much is this pencil box?,这个铅笔盒多少钱？,conj. 多少,curated,5年级上,5,上,5年级上,人教版一年级起点五年级上.xlsx,rj_start1 grade::5 semester::上 appears::5年级上
a lot,,,很多；非常,Thanks a lot for your help.,非常感谢你的帮助。,"n. 许多
adv. 常",curated,5年级上,5,上,5年级上,人教版一年级起点五年级上.xlsx,rj_start1 grade::5 semester::上 appears::5年级上
wonderful,[ˈwʌndəf(ə)l],[ˈwʌndərf(ə)l],精彩的；极好的,The cartoon is wonderful.,这部动画片很精彩。,adj. 极好的，精彩的，绝妙的；奇妙的；美妙；胜；神妙,curated,5年级上,5,上,5年级上,人教版一年级起点五年级上.xlsx,rj_start1 grade::5 semester::上 appears::5年级上
fantastic,[fænˈtæstɪk],[fænˈtæstɪk],极好的；非常棒的,The nature show is fantastic.,这个自然节目非常棒。,"n. 古怪的人
adj. 奇异的；空想的；异想天开的；古怪的；极好的，极出色的；不可思议的；不切实际的",curated,5年级上,5,上,5年级上,人教版一年级起点五年级上.xlsx,rj_start1 grade::5 semester::上 appears::5年级上
cartoons,[kɑːˈtuːnz],[kɑrˈtʊn],动画片；卡通片,I like watching cartoons.,我喜欢看动画片。,"n. 卡通动画；动漫图书（cartoon的复数）
v. 画漫画（cartoon的三单形式）",curated,5年级上,5,上,5年级上,人教版一年级起点五年级上.xlsx,rj_start1 grade::5 semester::上 appears::5年级上
news shows,,,新闻节目,My father watches news shows.,我爸爸看新闻节目。,新闻节目,curated,5年级上,5,上,5年级上,人教版一年级起点五年级上.xlsx,rj_start1 grade::5 semester::上 appears::5年级上
nature shows,,,自然节目,I like nature shows about animals.,我喜欢关于动物的自然节目。,无,curated,5年级上,5,上,5年级上,人教版一年级起点五年级上.xlsx,rj_start1 grade::5 semester::上 appears::5年级上
chore,[tʃɔː(r)],[tʃɔːr],家务；杂务,I do a chore every day.,我每天做一项家务。,n. 家庭杂务；日常的零星事务；讨厌的或累人的工作,curated,5年级上,5,上,5年级上,人教版一年级起点五年级上.xlsx,rj_start1 grade::5 semester::上 appears::5年级上
clean the room,,,打扫房间,I clean the room on Saturday.,我星期六打扫房间。,打扫房间；清扫房间；清洁房间,curated,5年级上,5,上,5年级上,人教版一年级起点五年级上.xlsx,rj_start1 grade::5 semester::上 appears::5年级上
make the bed,,,整理床铺；铺床,I make the bed every morning.,我每天早上整理床铺。,铺床；整理床铺；整理被物,curated,5年级上,5,上,5年级上,人教版一年级起点五年级上.xlsx,rj_start1 grade::5 semester::上 appears::5年级上
take out the rubbish,,,倒垃圾；把垃圾拿出去,I take out the rubbish after dinner.,我晚饭后倒垃圾。,无,curated,5年级上,5,上,5年级上,人教版一年级起点五年级上.xlsx,rj_start1 grade::5 semester::上 appears::5年级上
wash clothes,,,洗衣服,I help Mum wash clothes.,我帮妈妈洗衣服。,洗衣服；爱洗衣服的小羊；清洗衣物,curated,5年级上,5,上,5年级上,人教版一年级起点五年级上.xlsx,rj_start1 grade::5 semester::上 appears::5年级上
tidy the desk,,,整理书桌,I tidy the desk after homework.,我做完作业后整理书桌。,无,curated,5年级上,5,上,5年级上,人教版一年级起点五年级上.xlsx,rj_start1 grade::5 semester::上 appears::5年级上
sweep the floor,,,扫地,I sweep the floor on Sunday.,我星期日扫地。,扫地；清扫地板；打扫地板,curated,5年级上,5,上,5年级上,人教版一年级起点五年级上.xlsx,rj_start1 grade::5 semester::上 appears::5年级上
call,[kɔːl],[kɔːl],打电话；呼叫,I call my grandmother on Sunday.,我星期日给奶奶打电话。,"n. 电话；呼叫；要求；访问
vi. 呼叫；拜访；叫牌
vt. 呼叫；称呼；召集",curated,5年级上,5,上,5年级上,人教版一年级起点五年级上.xlsx,rj_start1 grade::5 semester::上 appears::5年级上
too much,,,太多,Don't eat too much candy.,不要吃太多糖果。,na. 太过份,curated,5年级下,5,下,5年级下,人教版一年级起点五年级下.xlsx,rj_start1 grade::5 semester::下 appears::5年级下
candy,[ˈkændi],[ˈkændi],糖果,Too much candy is bad for teeth.,太多糖果对牙齿不好。,"n. 糖果（等于sweets）；冰糖（等于sugar candy，rock candy）；毒品
adj. 新潮的（服饰）；甜言蜜语的
vt. 用糖煮；使结晶为砂糖；美化
vi. 糖煮；成为结晶",curated,5年级下,5,下,5年级下,人教版一年级起点五年级下.xlsx,rj_start1 grade::5 semester::下 appears::5年级下
early,[ˈɜːli],[ˈɜːrli],早；早地,I go to bed early.,我很早上床睡觉。,"adj. 早期的；早熟的
adv. 提早；在初期",curated,5年级下,5,下,5年级下,人教版一年级起点五年级下.xlsx,rj_start1 grade::5 semester::下 appears::5年级下
exercise,[ˈeksəsaɪz],[ˈeksərsaɪz],锻炼；运动,We need exercise every day.,我们每天都需要锻炼。,"n. 运动；练习；运用；操练；礼拜；典礼
vt. 锻炼；练习；使用；使忙碌；使惊恐
vi. 运动；练习",curated,5年级下,5,下,5年级下,人教版一年级起点五年级下.xlsx,rj_start1 grade::5 semester::下 appears::5年级下
tired,[ˈtaɪəd],[ˈtaɪərd],疲倦的；累的,I am tired after exercise.,运动后我很累。,"v. 疲倦；对…腻烦（tire的过去分词形式）
adj. 疲倦的；厌倦的，厌烦的",curated,5年级下,5,下,5年级下,人教版一年级起点五年级下.xlsx,rj_start1 grade::5 semester::下 appears::5年级下
drink,[drɪŋk],[drɪŋk],喝；饮料,Drink more water every day.,每天多喝水。,"n. 酒，饮料；喝酒
vt. 喝，饮；吸收；举杯庆贺
vi. 喝酒；饮水；干杯",curated,5年级下,5,下,5年级下,人教版一年级起点五年级下.xlsx,rj_start1 grade::5 semester::下 appears::5年级下
stomachache,[ˈstʌməkeɪk],[ˈstʌməkˌeɪk],胃痛；肚子痛,I have a stomachache.,我肚子痛。,n. 腹痛，肚子痛；胃痛,curated,5年级下,5,下,5年级下,人教版一年级起点五年级下.xlsx,rj_start1 grade::5 semester::下 appears::5年级下
headache,[ˈhedeɪk],[ˈhedeɪk],头痛,I have a headache.,我头痛。,n. 头痛；麻烦；令人头痛之事,curated,5年级下,5,下,5年级下,人教版一年级起点五年级下.xlsx,rj_start1 grade::5 semester::下 appears::5年级下
toothache,[ˈtuːθeɪk],[ˈtuːθeɪk],牙痛,I have a toothache.,我牙痛。,n. [口腔] 牙痛,curated,5年级下,5,下,5年级下,人教版一年级起点五年级下.xlsx,rj_start1 grade::5 semester::下 appears::5年级下
a lot of,,,许多；大量,Drink a lot of water.,多喝水。,det. 许多,curated,5年级下,5,下,5年级下,人教版一年级起点五年级下.xlsx,rj_start1 grade::5 semester::下 appears::5年级下
sleepy,[ˈsliːpi],[ˈsliːpi],困倦的；想睡的,I feel sleepy in class.,我上课时觉得困。,adj. 欲睡的；困乏的；不活跃的,curated,5年级下,5,下,5年级下,人教版一年级起点五年级下.xlsx,rj_start1 grade::5 semester::下 appears::5年级下
subject,[ˈsʌbdʒɪkt; ˈsʌbdʒekt],[ˈsʌbdʒɪkt; ˈsʌbdʒekt],学科；科目,English is my favourite subject.,英语是我最喜欢的学科。,"n. 主题；科目；[语] 主语；国民
adj. 服从的；易患…的；受制于…的
vt. 使…隶属；使屈从于…",curated,5年级下,5,下,5年级下,人教版一年级起点五年级下.xlsx,rj_start1 grade::5 semester::下 appears::5年级下
mark,[mɑːk],[mɑːrk],分数；成绩,I got a good mark in English.,我的英语取得了好成绩。,"n. 标志；马克；符号；痕迹；分数
vi. 作记号
vt. .标志；做标记于；打分数
n. . 标志；做标记于；打分数",curated,5年级下,5,下,5年级下,人教版一年级起点五年级下.xlsx,rj_start1 grade::5 semester::下 appears::5年级下
advice,[ədˈvaɪs],[ədˈvaɪs],建议,Thank you for your advice.,谢谢你的建议。,n. 建议；忠告；劝告；通知,curated,5年级下,5,下,5年级下,人教版一年级起点五年级下.xlsx,rj_start1 grade::5 semester::下 appears::5年级下
more,[mɔː(r)],[mɔːr],更多的；更多,You should drink more water.,你应该多喝水。,"adv. 更多；此外；更大程度地
adj. 更多的；附加的
pron. 更多的数量
n. 更多",curated,5年级下,5,下,5年级下,人教版一年级起点五年级下.xlsx,rj_start1 grade::5 semester::下 appears::5年级下
New Year's Day,,,元旦,New Year's Day is on January first.,元旦是一月一日。,na. 元旦,curated,5年级下,5,下,5年级下,人教版一年级起点五年级下.xlsx,rj_start1 grade::5 semester::下 appears::5年级下
Tree Planting Day,,,植树节,We plant trees on Tree Planting Day.,我们在植树节植树。,无,curated,5年级下,5,下,5年级下,人教版一年级起点五年级下.xlsx,rj_start1 grade::5 semester::下 appears::5年级下
Mother's Day,,,母亲节,I make a card for Mother's Day.,我为母亲节做一张卡片。,na. (美国和加拿大的)母亲节,curated,5年级下,5,下,5年级下,人教版一年级起点五年级下.xlsx,rj_start1 grade::5 semester::下 appears::5年级下
Children's Day,,,儿童节,Children's Day is on June first.,儿童节是六月一日。,na. 儿童节,curated,5年级下,5,下,5年级下,人教版一年级起点五年级下.xlsx,rj_start1 grade::5 semester::下 appears::5年级下
Father's Day,,,父亲节,I call Dad on Father's Day.,我在父亲节给爸爸打电话。,na. 〈美〉父亲节(每年六月的第三个星期日),curated,5年级下,5,下,5年级下,人教版一年级起点五年级下.xlsx,rj_start1 grade::5 semester::下 appears::5年级下
Teachers' Day,,,教师节,We thank teachers on Teachers' Day.,我们在教师节感谢老师。,n. 教师节,curated,5年级下,5,下,5年级下,人教版一年级起点五年级下.xlsx,rj_start1 grade::5 semester::下 appears::5年级下
National Day,,,国庆节,National Day is on October first.,国庆节是十月一日。,na. 国庆日,curated,5年级下,5,下,5年级下,人教版一年级起点五年级下.xlsx,rj_start1 grade::5 semester::下 appears::5年级下
Christmas Day,,,圣诞节,Christmas Day is in December.,圣诞节在十二月。,"n. 【宗,基督】圣诞节；圣诞节时期",curated,5年级下,5,下,5年级下,人教版一年级起点五年级下.xlsx,rj_start1 grade::5 semester::下 appears::5年级下
fifth,[fɪfθ],[fɪfθ],第五,May is the fifth month.,五月是第五个月。,"num. 第五
n. 第五；五分之一
adj. 第五的；五分之一的",curated,5年级下,5,下,5年级下,人教版一年级起点五年级下.xlsx,rj_start1 grade::5 semester::下 appears::5年级下
5th,,,第五（fifth的缩写）,May is the 5th month.,五月是第五个月。,n. 第五（fifth）,curated,5年级下,5,下,5年级下,人教版一年级起点五年级下.xlsx,rj_start1 grade::5 semester::下 appears::5年级下
tenth,[tenθ],[tenθ],第十,October is the tenth month.,十月是第十个月。,"num. 第十；十分之一
adj. 十分之一的；第十个的",curated,5年级下,5,下,5年级下,人教版一年级起点五年级下.xlsx,rj_start1 grade::5 semester::下 appears::5年级下
10th,,,第十（tenth的缩写）,October is the 10th month.,十月是第十个月。,无,curated,5年级下,5,下,5年级下,人教版一年级起点五年级下.xlsx,rj_start1 grade::5 semester::下 appears::5年级下
twelfth,[twelfθ],[twelfθ],第十二,December is the twelfth month.,十二月是第十二个月。,"n. 第十二；月的第十二日
adj. 第十二的，第十二个",curated,5年级下,5,下,5年级下,人教版一年级起点五年级下.xlsx,rj_start1 grade::5 semester::下 appears::5年级下
12th,,,第十二（twelfth的缩写）,December is the 12th month.,十二月是第十二个月。,无,curated,5年级下,5,下,5年级下,人教版一年级起点五年级下.xlsx,rj_start1 grade::5 semester::下 appears::5年级下
twenty-fifth,,,第二十五,Christmas is on December twenty-fifth.,圣诞节是十二月二十五日。,第二十五,curated,5年级下,5,下,5年级下,人教版一年级起点五年级下.xlsx,rj_start1 grade::5 semester::下 appears::5年级下
25th,,,第二十五（twenty-fifth的缩写）,Christmas is on December 25th.,圣诞节是十二月二十五日。,无,curated,5年级下,5,下,5年级下,人教版一年级起点五年级下.xlsx,rj_start1 grade::5 semester::下 appears::5年级下
plant,[plɑːnt],[plænt],种植；植物,We plant trees in spring.,我们春天植树。,"n. 工厂，车间；植物；设备；庄稼
vt. 种植；培养；栽培；安置
vi. 种植",curated,5年级下,5,下,5年级下,人教版一年级起点五年级下.xlsx,rj_start1 grade::5 semester::下 appears::5年级下
make a poster,,,制作海报,We make a poster for the school.,我们为学校制作海报。,制作海报；做海报；作一个海报,curated,5年级下,5,下,5年级下,人教版一年级起点五年级下.xlsx,rj_start1 grade::5 semester::下 appears::5年级下
celebrate,[ˈselɪbreɪt],[ˈselɪbreɪt],庆祝,We celebrate Children's Day at school.,我们在学校庆祝儿童节。,"vt. 庆祝；举行；赞美；祝贺；宣告
vi. 庆祝；过节；举行宗教仪式",curated,5年级下,5,下,5年级下,人教版一年级起点五年级下.xlsx,rj_start1 grade::5 semester::下 appears::5年级下
have a picnic,,,去野餐；举行野餐,We have a picnic in the park.,我们在公园野餐。,举行野餐；去野餐；吃野餐,curated,5年级下,5,下,5年级下,人教版一年级起点五年级下.xlsx,rj_start1 grade::5 semester::下 appears::5年级下
office,[ˈɒfɪs],[ˈɑːfɪs],办公室,My teacher is in the office.,我的老师在办公室。,n. 办公室；政府机关；官职；营业处,curated,5年级下,5,下,5年级下,人教版一年级起点五年级下.xlsx,rj_start1 grade::5 semester::下 appears::5年级下
together,[təˈɡeðə(r)],[təˈɡeðər],一起,We celebrate the day together.,我们一起庆祝这个节日。,"adj. 新潮的；情绪稳定的，做事有效率的
adv. 一起；同时；相互；连续地；总共",curated,5年级下,5,下,5年级下|6年级下,人教版一年级起点五年级下.xlsx|人教版一年级起点六年级下.xlsx,rj_start1 grade::5 semester::下 appears::5年级下 appears::6年级下
special,[ˈspeʃ(ə)l],[ˈspeʃl],特别的；特殊的,Today is a special day.,今天是特别的一天。,"n. 特使，特派人员；特刊；特色菜；专车；特价商品
adj. 特别的；专门的，专用的",curated,5年级下,5,下,5年级下|6年级下,人教版一年级起点五年级下.xlsx|人教版一年级起点六年级下.xlsx,rj_start1 grade::5 semester::下 appears::5年级下 appears::6年级下
send an email,,,发送电子邮件,I send an email to my friend.,我给朋友发电子邮件。,无,curated,5年级下,5,下,5年级下,人教版一年级起点五年级下.xlsx,rj_start1 grade::5 semester::下 appears::5年级下
write a letter,,,写信,I write a letter to Grandma.,我给奶奶写信。,na. 写信,curated,5年级下,5,下,5年级下,人教版一年级起点五年级下.xlsx,rj_start1 grade::5 semester::下 appears::5年级下
make a phone call,,,打电话,I make a phone call to Dad.,我给爸爸打电话。,打电话；打个电话；打电话号码,curated,5年级下,5,下,5年级下,人教版一年级起点五年级下.xlsx,rj_start1 grade::5 semester::下 appears::5年级下
send a short message,,,发送短信,I send a short message to Mum.,我给妈妈发短信。,无,curated,5年级下,5,下,5年级下,人教版一年级起点五年级下.xlsx,rj_start1 grade::5 semester::下 appears::5年级下
mail a present,,,邮寄礼物,I mail a present to my cousin.,我给表兄弟姐妹邮寄礼物。,无,curated,5年级下,5,下,5年级下,人教版一年级起点五年级下.xlsx,rj_start1 grade::5 semester::下 appears::5年级下
make a video call,,,视频通话,We make a video call to Grandma.,我们和奶奶视频通话。,无,curated,5年级下,5,下,5年级下,人教版一年级起点五年级下.xlsx,rj_start1 grade::5 semester::下 appears::5年级下
say,[seɪ],[seɪ],说；讲,Please say hello to your family.,请向你的家人问好。,"vt. 讲；说明；例如；声称；假设；指明
vi. 讲；表示；念；假定；背诵",curated,5年级下,5,下,5年级下,人教版一年级起点五年级下.xlsx,rj_start1 grade::5 semester::下 appears::5年级下
make a card,,,制作卡片,I make a card for Mum.,我给妈妈做一张卡片。,na. (牌戏)打成一墩,curated,5年级下,5,下,5年级下,人教版一年级起点五年级下.xlsx,rj_start1 grade::5 semester::下 appears::5年级下
everywhere,[ˈevriweə(r)],[ˈevriwer],到处；各处,There are flowers everywhere in spring.,春天到处都是花。,"n. 每个地方
adv. 到处",curated,5年级下,5,下,5年级下,人教版一年级起点五年级下.xlsx,rj_start1 grade::5 semester::下 appears::5年级下
flower show,,,花展,We visit the flower show.,我们参观花展。,na. 花卉展览,curated,5年级下,5,下,5年级下,人教版一年级起点五年级下.xlsx,rj_start1 grade::5 semester::下 appears::5年级下
cleaned the window,,,擦了窗户,I cleaned the window yesterday.,我昨天擦了窗户。,无,curated,5年级下,5,下,5年级下,人教版一年级起点五年级下.xlsx,rj_start1 grade::5 semester::下 appears::5年级下
watched TV,,,看了电视,I watched TV last night.,我昨晚看了电视。,无,curated,5年级下,5,下,5年级下,人教版一年级起点五年级下.xlsx,rj_start1 grade::5 semester::下 appears::5年级下
climbed a hill,,,爬了山,We climbed a hill yesterday.,我们昨天爬了山。,无,curated,5年级下,5,下,5年级下,人教版一年级起点五年级下.xlsx,rj_start1 grade::5 semester::下 appears::5年级下
visited grandparents,,,看望了祖父母或外祖父母,I visited my grandparents on Sunday.,我星期日看望了祖父母。,无,curated,5年级下,5,下,5年级下,人教版一年级起点五年级下.xlsx,rj_start1 grade::5 semester::下 appears::5年级下
danced,,,跳了舞,We danced at the party.,我们在聚会上跳舞。,v. 跳舞( dance的过去式和过去分词 ); 手舞足蹈; 摇晃; 跳跃,curated,5年级下,5,下,5年级下,人教版一年级起点五年级下.xlsx,rj_start1 grade::5 semester::下 appears::5年级下
jumped rope,,,跳了绳,She jumped rope after school.,她放学后跳了绳。,跳绳游戏；跨越横线,curated,5年级下,5,下,5年级下,人教版一年级起点五年级下.xlsx,rj_start1 grade::5 semester::下 appears::5年级下
listened to music,,,听了音乐,I listened to music yesterday.,我昨天听了音乐。,无,curated,5年级下,5,下,5年级下,人教版一年级起点五年级下.xlsx,rj_start1 grade::5 semester::下 appears::5年级下
rowed a boat,,,划了船,We rowed a boat on the lake.,我们在湖上划了船。,无,curated,5年级下,5,下,5年级下,人教版一年级起点五年级下.xlsx,rj_start1 grade::5 semester::下 appears::5年级下
played computer games,,,玩了电脑游戏,I played computer games yesterday.,我昨天玩了电脑游戏。,无,curated,5年级下,5,下,5年级下,人教版一年级起点五年级下.xlsx,rj_start1 grade::5 semester::下 appears::5年级下
stayed at home,,,待在家里,I stayed at home on Sunday.,我星期日待在家里。,无,curated,5年级下,5,下,5年级下,人教版一年级起点五年级下.xlsx,rj_start1 grade::5 semester::下 appears::5年级下
played the piano,,,弹了钢琴,She played the piano at the party.,她在聚会上弹了钢琴。,无,curated,5年级下,5,下,5年级下,人教版一年级起点五年级下.xlsx,rj_start1 grade::5 semester::下 appears::5年级下
played chess,[pleɪ tʃes],[pleɪ tʃes],下了棋,I played chess with Dad.,我和爸爸下了棋。,无,curated,5年级下,5,下,5年级下,人教版一年级起点五年级下.xlsx,rj_start1 grade::5 semester::下 appears::5年级下
washed clothes,,,洗了衣服,I washed clothes yesterday.,我昨天洗了衣服。,无,curated,5年级下,5,下,5年级下,人教版一年级起点五年级下.xlsx,rj_start1 grade::5 semester::下 appears::5年级下
boring,[ˈbɔːrɪŋ],[ˈbɔːrɪŋ],无聊的；乏味的,The film was boring.,这部电影很无聊。,"n. 钻孔
adj. 无聊的；令人厌烦的
v. 钻孔；使厌烦；挖空（bore的ing形式）",curated,5年级下,5,下,5年级下,人教版一年级起点五年级下.xlsx,rj_start1 grade::5 semester::下 appears::5年级下
badminton,[ˈbædmɪntən],[ˈbædmɪntən],羽毛球,I play badminton after school.,我放学后打羽毛球。,n. 羽毛球,curated,5年级下,5,下,5年级下,人教版一年级起点五年级下.xlsx,rj_start1 grade::5 semester::下 appears::5年级下
won,[wʌn],[wʌn],赢了；获胜（win的过去式）,Our class won the game.,我们班赢得了比赛。,vt. 赢得（win的过去式和过去分词）,curated,5年级下,5,下,5年级下,人教版一年级起点五年级下.xlsx,rj_start1 grade::5 semester::下 appears::5年级下
went to the beach,,,去了海滩,We went to the beach yesterday.,我们昨天去了海滩。,无,curated,5年级下,5,下,5年级下,人教版一年级起点五年级下.xlsx,rj_start1 grade::5 semester::下 appears::5年级下
drank cold drinks,,,喝了冷饮,We drank cold drinks at the beach.,我们在海滩喝了冷饮。,无,curated,5年级下,5,下,5年级下,人教版一年级起点五年级下.xlsx,rj_start1 grade::5 semester::下 appears::5年级下
swam,[swæm],[swæm],游了泳（swim的过去式）,We swam in the sea.,我们在海里游泳了。,v. 游泳（swim的过去式）,curated,5年级下,5,下,5年级下,人教版一年级起点五年级下.xlsx,rj_start1 grade::5 semester::下 appears::5年级下
ate ice-cream,,,吃了冰淇淋,I ate ice-cream yesterday.,我昨天吃了冰淇淋。,无,curated,5年级下,5,下,5年级下,人教版一年级起点五年级下.xlsx,rj_start1 grade::5 semester::下 appears::5年级下
the Stone Forest,,,石林,We visited the Stone Forest.,我们参观了石林。,无,curated,5年级下,5,下,5年级下,人教版一年级起点五年级下.xlsx,rj_start1 grade::5 semester::下 appears::5年级下
bought some gifts,,,买了一些礼物,We bought some gifts there.,我们在那里买了一些礼物。,无,curated,5年级下,5,下,5年级下,人教版一年级起点五年级下.xlsx,rj_start1 grade::5 semester::下 appears::5年级下
took photos,,,拍了照片,We took photos at the museum.,我们在博物馆拍了照片。,无,curated,5年级下,5,下,5年级下,人教版一年级起点五年级下.xlsx,rj_start1 grade::5 semester::下 appears::5年级下
saw flowers,,,看到了花,We saw many beautiful flowers.,我们看到了许多漂亮的花。,无,curated,5年级下,5,下,5年级下,人教版一年级起点五年级下.xlsx,rj_start1 grade::5 semester::下 appears::5年级下
slept,[slept],[slept],睡了；睡觉（sleep的过去式）,I slept well last night.,我昨晚睡得很好。,v. 睡觉（sleep的过去式和过去分词）,curated,5年级下,5,下,5年级下,人教版一年级起点五年级下.xlsx,rj_start1 grade::5 semester::下 appears::5年级下
felt happy,,,感到高兴,I felt happy on the trip.,旅行中我感到很高兴。,无,curated,5年级下,5,下,5年级下,人教版一年级起点五年级下.xlsx,rj_start1 grade::5 semester::下 appears::5年级下
sad,[sæd],[sæd],难过的；伤心的,She felt sad yesterday.,她昨天感到难过。,adj. 难过的；悲哀的，令人悲痛的；凄惨的，阴郁的（形容颜色）,curated,5年级下,5,下,5年级下|6年级上,人教版一年级起点五年级下.xlsx|人教版一年级起点六年级上.xlsx,rj_start1 grade::5 semester::下 appears::5年级下 appears::6年级上
left,[left],[left],离开（leave的过去式）,We left the hotel at eight.,我们八点离开了酒店。,"adj. 左边的；左派的；剩下的
adv. 在左面
n. 左边；左派；激进分子
v. 离开（leave的过去式）",curated,5年级下,5,下,5年级下,人教版一年级起点五年级下.xlsx,rj_start1 grade::5 semester::下 appears::5年级下
French fries,[ˈfrentʃ fraɪz],[frentʃ fraɪz],炸薯条,I ate French fries for lunch.,我午饭吃了炸薯条。,n. 【食】炸薯条,curated,5年级下,5,下,5年级下,人教版一年级起点五年级下.xlsx,rj_start1 grade::5 semester::下 appears::5年级下
were,[wə(r); wɜː(r)],[wər; wɜːr],是（are的过去式）,They were happy yesterday.,他们昨天很高兴。,v. 是，在（are的过去式）,curated,5年级下,5,下,5年级下,人教版一年级起点五年级下.xlsx,rj_start1 grade::5 semester::下 appears::5年级下
was born,,,出生,I was born in 2017.,我出生于2017年。,出生；出生於；出生于,curated,5年级下,5,下,5年级下,人教版一年级起点五年级下.xlsx,rj_start1 grade::5 semester::下 appears::5年级下
started to speak,,,开始说话,I started to speak when I was one.,我一岁时开始说话。,无,curated,5年级下,5,下,5年级下,人教版一年级起点五年级下.xlsx,rj_start1 grade::5 semester::下 appears::5年级下
learned to walk,,,学会走路,I learned to walk when I was one.,我一岁时学会走路。,无,curated,5年级下,5,下,5年级下,人教版一年级起点五年级下.xlsx,rj_start1 grade::5 semester::下 appears::5年级下
learned to ride a bike,,,学会骑自行车,I learned to ride a bike at six.,我六岁时学会骑自行车。,无,curated,5年级下,5,下,5年级下,人教版一年级起点五年级下.xlsx,rj_start1 grade::5 semester::下 appears::5年级下
went to kindergarten,,,上幼儿园；去了幼儿园,I went to kindergarten at three.,我三岁时上幼儿园。,无,curated,5年级下,5,下,5年级下,人教版一年级起点五年级下.xlsx,rj_start1 grade::5 semester::下 appears::5年级下
went to school,,,上学；开始上学,I went to school at six.,我六岁时开始上学。,"vbl.到校上课,开始求学",curated,5年级下,5,下,5年级下,人教版一年级起点五年级下.xlsx,rj_start1 grade::5 semester::下 appears::5年级下
learned to swim,,,学会游泳,I learned to swim at seven.,我七岁时学会游泳。,无,curated,5年级下,5,下,5年级下,人教版一年级起点五年级下.xlsx,rj_start1 grade::5 semester::下 appears::5年级下
fifteenth,[ˌfɪfˈtiːnθ],[ˌfɪfˈtiːnθ],第十五,Today is the fifteenth day.,今天是第十五天。,"adj. 第十五的；十五分之一的
num. 第十五",curated,5年级下,5,下,5年级下,人教版一年级起点五年级下.xlsx,rj_start1 grade::5 semester::下 appears::5年级下
15th,,,第十五（fifteenth的缩写）,Today is the 15th.,今天是十五号。,无,curated,5年级下,5,下,5年级下,人教版一年级起点五年级下.xlsx,rj_start1 grade::5 semester::下 appears::5年级下
started to buy things,,,开始买东西,I started to buy things by myself.,我开始自己买东西。,无,curated,5年级下,5,下,5年级下,人教版一年级起点五年级下.xlsx,rj_start1 grade::5 semester::下 appears::5年级下
started to study English,,,开始学习英语,I started to study English at six.,我六岁开始学英语。,无,curated,5年级下,5,下,5年级下,人教版一年级起点五年级下.xlsx,rj_start1 grade::5 semester::下 appears::5年级下
started to use a computer,,,开始使用电脑,I started to use a computer at eight.,我八岁开始使用电脑。,无,curated,5年级下,5,下,5年级下,人教版一年级起点五年级下.xlsx,rj_start1 grade::5 semester::下 appears::5年级下
all over,,,到处；遍及,There was water all over the floor.,地板上到处都是水。,"adj. 满
n. 全花织物",curated,5年级下,5,下,5年级下,人教版一年级起点五年级下.xlsx,rj_start1 grade::5 semester::下 appears::5年级下
out of,,,从……出来,The cat jumped out of the box.,猫从盒子里跳了出来。,prep. 来自；离开,curated,5年级下,5,下,5年级下,人教版一年级起点五年级下.xlsx,rj_start1 grade::5 semester::下 appears::5年级下
into,[ˈɪntə],[ˈɪntə; ˈɪntu; ˈɪntuː],进入；到……里面,The cat jumped into the water.,猫跳进了水里。,prep. 到…里；深入…之中；成为…状况；进入到…之内,curated,5年级下,5,下,5年级下,人教版一年级起点五年级下.xlsx,rj_start1 grade::5 semester::下 appears::5年级下
chopsticks,[ˈtʃɒpstɪks],[ˈtʃɑːpstɪks],筷子,I eat noodles with chopsticks.,我用筷子吃面条。,n. 筷子,curated,5年级下,5,下,5年级下,人教版一年级起点五年级下.xlsx,rj_start1 grade::5 semester::下 appears::5年级下
wet,[wet],[wet],湿的,My shoes are wet.,我的鞋湿了。,"n. 雨天；湿气
adj. [气象][物] 潮湿的；有雨的
vt. 弄湿
vi. 变湿",curated,5年级下,5,下,5年级下,人教版一年级起点五年级下.xlsx,rj_start1 grade::5 semester::下 appears::5年级下
morning tea,,,早茶,We had morning tea at the hotel.,我们在酒店吃了早茶。,n. 早茶,curated,6年级上,6,上,6年级上,人教版一年级起点六年级上.xlsx,rj_start1 grade::6 semester::上 appears::6年级上
soup,[suːp],[suːp],汤,This soup tastes delicious.,这汤尝起来很好喝。,"n. 汤，羹；马力
vt. 加速；增加马力",curated,6年级上,6,上,6年级上,人教版一年级起点六年级上.xlsx,rj_start1 grade::6 semester::上 appears::6年级上
the Potala Palace,,,布达拉宫,The Potala Palace is in Lhasa.,布达拉宫在拉萨。,布达拉宫；中国西藏布达拉宫,curated,6年级上,6,上,6年级上,人教版一年级起点六年级上.xlsx,rj_start1 grade::6 semester::上 appears::6年级上
the Summer Palace,,,颐和园,The Summer Palace is in Beijing.,颐和园在北京。,颐和园；颐和圆；之颐和园,curated,6年级上,6,上,6年级上,人教版一年级起点六年级上.xlsx,rj_start1 grade::6 semester::上 appears::6年级上
the Terracotta Army,,,兵马俑,The Terracotta Army is in Xi'an.,兵马俑在西安。,无,curated,6年级上,6,上,6年级上,人教版一年级起点六年级上.xlsx,rj_start1 grade::6 semester::上 appears::6年级上
vacation,[veɪˈkeɪʃn; vəˈkeɪʃn],[veɪˈkeɪʃn; vəˈkeɪʃn],假期,We travelled during the vacation.,我们假期里去旅行了。,"n. 假期；（房屋）搬出
vi. 休假，度假",curated,6年级上,6,上,6年级上,人教版一年级起点六年级上.xlsx,rj_start1 grade::6 semester::上 appears::6年级上
taste,[teɪst],[teɪst],味道；尝起来,The soup tastes good.,这汤味道很好。,"n. 味道；品味；审美
vt. 尝；体验
vi. 尝起来；有…的味道",curated,6年级上,6,上,6年级上,人教版一年级起点六年级上.xlsx,rj_start1 grade::6 semester::上 appears::6年级上
map,[mæp],[mæp],地图,Find Beijing on the map.,在地图上找到北京。,"vt. 映射；计划；绘制地图；确定基因在染色体中的位置
n. 地图；示意图；染色体图
vi. 基因被安置",curated,6年级上,6,上,6年级上,人教版一年级起点六年级上.xlsx,rj_start1 grade::6 semester::上 appears::6年级上
north,[nɔːθ],[nɔːrθ],北；北方,Beijing is in the north of China.,北京在中国北方。,"n. 北，北方
adj. 北方的；朝北的
adv. 在北方，向北方",curated,6年级上,6,上,6年级上,人教版一年级起点六年级上.xlsx,rj_start1 grade::6 semester::上 appears::6年级上
south,[saʊθ],[saʊθ],南；南方,Guangzhou is in the south of China.,广州在中国南方。,"n. 南方，南边；南部
adj. 南的，南方的
adv. 在南方，向南方",curated,6年级上,6,上,6年级上,人教版一年级起点六年级上.xlsx,rj_start1 grade::6 semester::上 appears::6年级上
east,[iːst],[iːst],东；东方,Shanghai is in the east of China.,上海在中国东部。,"n. 东方；东风；东方国家
adj. 东方的；向东的；从东方来的
adv. 向东方，在东方",curated,6年级上,6,上,6年级上,人教版一年级起点六年级上.xlsx,rj_start1 grade::6 semester::上 appears::6年级上
west,[west],[west],西；西方,Tibet is in the west of China.,西藏在中国西部。,"n. 西；西方；西部
adj. 西方的；朝西的
adv. 在西方；向西方；自西方",curated,6年级上,6,上,6年级上,人教版一年级起点六年级上.xlsx,rj_start1 grade::6 semester::上 appears::6年级上
famous,[ˈfeɪməs],[ˈfeɪməs],著名的,Beijing is famous for the Great Wall.,北京因长城而著名。,adj. 著名的；极好的，非常令人满意的,curated,6年级上,6,上,6年级上,人教版一年级起点六年级上.xlsx,rj_start1 grade::6 semester::上 appears::6年级上
temple,[ˈtemp(ə)l],[ˈtempl],寺庙；庙宇,We visited an old temple.,我们参观了一座古老的寺庙。,n. 庙宇；寺院；神殿；太阳穴,curated,6年级上,6,上,6年级上,人教版一年级起点六年级上.xlsx,rj_start1 grade::6 semester::上 appears::6年级上
around,[əˈraʊnd],[əˈraʊnd],周围；四处,We walked around the lake.,我们绕着湖走了一圈。,"prep. 四处；在…周围
adv. 大约；到处；在附近",curated,6年级上,6,上,6年级上,人教版一年级起点六年级上.xlsx,rj_start1 grade::6 semester::上 appears::6年级上
the Yangtze River,,,长江,The Yangtze River is very long.,长江很长。,na. 长江,curated,6年级上,6,上,6年级上,人教版一年级起点六年级上.xlsx,rj_start1 grade::6 semester::上 appears::6年级上
foggy,[ˈfɒɡi],[ˈfɑːɡi],有雾的,It was foggy this morning.,今天早上有雾。,adj. 有雾的；模糊的，朦胧的,curated,6年级上,6,上,6年级上,人教版一年级起点六年级上.xlsx,rj_start1 grade::6 semester::上 appears::6年级上
spicy,[ˈspaɪsi],[ˈspaɪsi],辣的；辛辣的,Sichuan food can be spicy.,四川菜可能很辣。,adj. 辛辣的；香的，多香料的；下流的,curated,6年级上,6,上,6年级上,人教版一年级起点六年级上.xlsx,rj_start1 grade::6 semester::上 appears::6年级上
silk,[sɪlk],[sɪlk],丝绸,This dress is made of silk.,这条连衣裙是丝绸做的。,"n. 丝绸；蚕丝；丝织物
adj. 丝的；丝绸的；丝制的
vi. （玉米）处于长须的阶段中",curated,6年级上,6,上,6年级上,人教版一年级起点六年级上.xlsx,rj_start1 grade::6 semester::上 appears::6年级上
forest,[ˈfɒrɪst],[ˈfɔːrɪst],森林,Many animals live in the forest.,许多动物生活在森林里。,"n. 森林
vt. 植树于，使成为森林",curated,6年级上,6,上,6年级上,人教版一年级起点六年级上.xlsx,rj_start1 grade::6 semester::上 appears::6年级上
stone,[stəʊn],[stoʊn],石头；石料,The bridge is made of stone.,这座桥是石头建的。,"n. 石头；结石；[宝] 宝石
adj. 石的，石制的
vt. 向扔石块；用石头铺",curated,6年级上,6,上,6年级上,人教版一年级起点六年级上.xlsx,rj_start1 grade::6 semester::上 appears::6年级上
London,[ˈlʌndən],[ˈlʌndən],伦敦,London is in the UK.,伦敦在英国。,n. 伦敦,curated,6年级上,6,上,6年级上,人教版一年级起点六年级上.xlsx,rj_start1 grade::6 semester::上 appears::6年级上
Toronto,[təˈrɒntəʊ],[təˈrɑːntoʊ],多伦多,Toronto is a city in Canada.,多伦多是加拿大的一座城市。,n. 多伦多（加拿大城市）,curated,6年级上,6,上,6年级上,人教版一年级起点六年级上.xlsx,rj_start1 grade::6 semester::上 appears::6年级上
Sydney,[ˈsɪdni],[ˈsɪdni],悉尼,Sydney is a city in Australia.,悉尼是澳大利亚的一座城市。,n. 悉尼（澳大利亚港市）,curated,6年级上,6,上,6年级上,人教版一年级起点六年级上.xlsx,rj_start1 grade::6 semester::上 appears::6年级上
Washington D.C.,,,华盛顿特区,Washington D.C. is in the USA.,华盛顿特区在美国。,华盛顿；华盛顿哥伦比亚特区；华盛顿特区,curated,6年级上,6,上,6年级上,人教版一年级起点六年级上.xlsx,rj_start1 grade::6 semester::上 appears::6年级上
the British Museum,,,大英博物馆,The British Museum is in London.,大英博物馆在伦敦。,大英博物馆；伦敦大英博物馆；不列颠博物馆,curated,6年级上,6,上,6年级上,人教版一年级起点六年级上.xlsx,rj_start1 grade::6 semester::上 appears::6年级上
the CN Tower,,,加拿大国家电视塔；CN塔,The CN Tower is in Toronto.,加拿大国家电视塔在多伦多。,无,curated,6年级上,6,上,6年级上,人教版一年级起点六年级上.xlsx,rj_start1 grade::6 semester::上 appears::6年级上
kangaroo,[ˌkæŋɡəˈruː],[ˌkæŋɡəˈruː],袋鼠,Kangaroos live in Australia.,袋鼠生活在澳大利亚。,n. 袋鼠,curated,6年级上,6,上,6年级上,人教版一年级起点六年级上.xlsx,rj_start1 grade::6 semester::上 appears::6年级上
the Opera House,,,悉尼歌剧院,The Opera House is in Sydney.,悉尼歌剧院在悉尼。,悉尼歌剧院；剧院及电影院；大剧院,curated,6年级上,6,上,6年级上,人教版一年级起点六年级上.xlsx,rj_start1 grade::6 semester::上 appears::6年级上
the White House,,,白宫,The White House is in Washington D.C.,白宫在华盛顿特区。,na. 白宫,curated,6年级上,6,上,6年级上,人教版一年级起点六年级上.xlsx,rj_start1 grade::6 semester::上 appears::6年级上
clock,[klɒk],[klɑːk],时钟；钟,There is a clock on the wall.,墙上有一个钟。,"n. 时钟；计时器
vt. 记录；记时
vi. 打卡；记录时间",curated,6年级上,6,上,6年级上,人教版一年级起点六年级上.xlsx,rj_start1 grade::6 semester::上 appears::6年级上
speak,[spiːk],[spiːk],说；讲（某种语言）,Can you speak English?,你会说英语吗？,"vi. 说话；演讲；表明；陈述
vt. 讲话；发言；讲演",curated,6年级上,6,上,6年级上,人教版一年级起点六年级上.xlsx,rj_start1 grade::6 semester::上 appears::6年级上
French,[frentʃ],[frentʃ],法语；法国的,She can speak French.,她会说法语。,"n. 法国人；法语
adj. 法国的；法语的；法国人的",curated,6年级上,6,上,6年级上,人教版一年级起点六年级上.xlsx,rj_start1 grade::6 semester::上 appears::6年级上
Tower Bridge,,,伦敦塔桥,Tower Bridge is in London.,伦敦塔桥在伦敦。,n. 【旅】塔桥；【旅】伦敦塔桥,curated,6年级上,6,上,6年级上,人教版一年级起点六年级上.xlsx,rj_start1 grade::6 semester::上 appears::6年级上
the London Eye,,,伦敦眼,The London Eye is in London.,伦敦眼在伦敦。,伦敦眼；英航伦敦眼；英国伦敦眼,curated,6年级上,6,上,6年级上,人教版一年级起点六年级上.xlsx,rj_start1 grade::6 semester::上 appears::6年级上
hiking,[ˈhaɪkɪŋ],[ˈhaɪkɪŋ],徒步旅行,We went hiking in the hills.,我们去山里徒步了。,n. 徒步旅行,curated,6年级上,6,上,6年级上,人教版一年级起点六年级上.xlsx,rj_start1 grade::6 semester::上 appears::6年级上
sunrise,[ˈsʌnraɪz],[ˈsʌnraɪz],日出,We watched the sunrise on the hill.,我们在山上看日出。,n. 日出；黎明,curated,6年级上,6,上,6年级上,人教版一年级起点六年级上.xlsx,rj_start1 grade::6 semester::上 appears::6年级上
president,[ˈprezɪdənt],[ˈprezɪdənt],总统,The president works in the capital.,总统在首都工作。,n. 总统；董事长；校长；主席,curated,6年级上,6,上,6年级上,人教版一年级起点六年级上.xlsx,rj_start1 grade::6 semester::上 appears::6年级上
reptile,[ˈreptaɪl],[ˈreptaɪl; ˈreptl],爬行动物,A snake is a reptile.,蛇是爬行动物。,"n. 爬行动物；卑鄙的人
adj. 爬虫类的；卑鄙的",curated,6年级上,6,上,6年级上,人教版一年级起点六年级上.xlsx,rj_start1 grade::6 semester::上 appears::6年级上
mammal,[ˈmæm(ə)l],[ˈmæml],哺乳动物,A whale is a mammal.,鲸是哺乳动物。,n. [脊椎] 哺乳动物,curated,6年级上,6,上,6年级上,人教版一年级起点六年级上.xlsx,rj_start1 grade::6 semester::上 appears::6年级上
insect,[ˈɪnsekt],[ˈɪnsekt],昆虫,A bee is an insect.,蜜蜂是昆虫。,n. 昆虫；卑鄙的人,curated,6年级上,6,上,6年级上,人教版一年级起点六年级上.xlsx,rj_start1 grade::6 semester::上 appears::6年级上
penguin,[ˈpeŋɡwɪn],[ˈpeŋɡwɪn],企鹅,Penguins can swim well.,企鹅很会游泳。,n. 企鹅；空军地勤人员,curated,6年级上,6,上,6年级上,人教版一年级起点六年级上.xlsx,rj_start1 grade::6 semester::上 appears::6年级上
shark,[ʃɑːk],[ʃɑːrk],鲨鱼,A shark lives in the sea.,鲨鱼生活在海里。,"n. 鲨鱼；骗子
vt. 敲诈
vi. 诈骗",curated,6年级上,6,上,6年级上,人教版一年级起点六年级上.xlsx,rj_start1 grade::6 semester::上 appears::6年级上
whale,[weɪl],[weɪl],鲸,A whale is a large mammal.,鲸是一种大型哺乳动物。,"n. 鲸；巨大的东西
vt. 猛揍；使惨败
vi. 捕鲸",curated,6年级上,6,上,6年级上,人教版一年级起点六年级上.xlsx,rj_start1 grade::6 semester::上 appears::6年级上
kind,[kaɪnd],[kaɪnd],种类；类型,What kind of animal is it?,它是哪一种动物？,"n. 种类；性质
adj. 和蔼的；宽容的；令人感激的",curated,6年级上,6,上,6年级上,人教版一年级起点六年级上.xlsx,rj_start1 grade::6 semester::上 appears::6年级上
metre,[ˈmiːtə(r)],[ˈmiːtər],米,The whale is ten metres long.,这条鲸有十米长。,n. 米；公尺；韵律,curated,6年级上,6,上,6年级上,人教版一年级起点六年级上.xlsx,rj_start1 grade::6 semester::上 appears::6年级上
spend,[spend],[spend],花费；度过,We spent two days in Beijing.,我们在北京度过了两天。,"n. 预算
vt. 度过，消磨（时光）；花费；浪费；用尽
vi. 花钱；用尽，耗尽",curated,6年级上,6,上,6年级上,人教版一年级起点六年级上.xlsx,rj_start1 grade::6 semester::上 appears::6年级上
trunk,[trʌŋk],[trʌŋk],象鼻；树干,An elephant has a long trunk.,大象有长鼻子。,"n. 树干；躯干；象鼻；汽车车尾的行李箱
adj. 干线的；躯干的；箱子的
vt. 把…放入旅行箱内",curated,6年级上,6,上,6年级上,人教版一年级起点六年级上.xlsx,rj_start1 grade::6 semester::上 appears::6年级上
peanut,[ˈpiːnʌt],[ˈpiːnʌt],花生,Elephants can eat peanuts.,大象可以吃花生。,n. 花生,curated,6年级上,6,上,6年级上,人教版一年级起点六年级上.xlsx,rj_start1 grade::6 semester::上 appears::6年级上
fan,[fæn],[fæn],扇子,Its ears are like big fans.,它的耳朵像大扇子。,"n. 迷；风扇；爱好者
vt. 煽动；刺激；吹拂
vi. 成扇形散开；飘动",curated,6年级上,6,上,6年级上,人教版一年级起点六年级上.xlsx,rj_start1 grade::6 semester::上 appears::6年级上
tusk,[tʌsk],[tʌsk],象牙；长牙,An elephant has two tusks.,大象有两根象牙。,"n. 长牙；尖头，尖形物
vt. 以牙刺戳；以长牙掘",curated,6年级上,6,上,6年级上,人教版一年级起点六年级上.xlsx,rj_start1 grade::6 semester::上 appears::6年级上
Africa,[ˈæfrɪkə],[ˈæfrɪkə],非洲,Many elephants live in Africa.,许多大象生活在非洲。,n. 非洲,curated,6年级上,6,上,6年级上,人教版一年级起点六年级上.xlsx,rj_start1 grade::6 semester::上 appears::6年级上
Asia,[ˈeɪʒə],[ˈeɪʒə],亚洲,China is in Asia.,中国在亚洲。,n. 亚洲,curated,6年级上,6,上,6年级上,人教版一年级起点六年级上.xlsx,rj_start1 grade::6 semester::上 appears::6年级上
smart,[smɑːt],[smɑːrt],聪明的；机灵的,Elephants are very smart.,大象很聪明。,adj. 聪明的；巧妙的；敏捷的；厉害的；潇洒的；剧烈的；时髦的,curated,6年级上,6,上,6年级上,人教版一年级起点六年级上.xlsx,rj_start1 grade::6 semester::上 appears::6年级上
scared,[skeəd],[skerd],害怕的,I was scared of the big dog.,我害怕那只大狗。,"v. 使害怕（scare的过去分词）
adj. 害怕的",curated,6年级上,6,上,6年级上,人教版一年级起点六年级上.xlsx,rj_start1 grade::6 semester::上 appears::6年级上
worried,[ˈwʌrid],[ˈwɜːrid],担心的,Mum was worried about me.,妈妈很担心我。,adj. 担心的,curated,6年级上,6,上,6年级上,人教版一年级起点六年级上.xlsx,rj_start1 grade::6 semester::上 appears::6年级上
angry,[ˈæŋɡri],[ˈæŋɡri],生气的,Dad was angry with me.,爸爸生我的气。,adj. 生气的；愤怒的；狂暴的；（伤口等）发炎的,curated,6年级上,6,上,6年级上,人教版一年级起点六年级上.xlsx,rj_start1 grade::6 semester::上 appears::6年级上
proud,[praʊd],[praʊd],自豪的,My parents are proud of me.,我的父母为我自豪。,adj. 自豪的；得意的；自负的,curated,6年级上,6,上,6年级上,人教版一年级起点六年级上.xlsx,rj_start1 grade::6 semester::上 appears::6年级上
excited,[ɪkˈsaɪtɪd],[ɪkˈsaɪtɪd],兴奋的；激动的,I was excited about the trip.,我对这次旅行很兴奋。,"v. 激动；唤起（excite的过去分词）
adj. 兴奋的；激动的；活跃的",curated,6年级上,6,上,6年级上,人教版一年级起点六年级上.xlsx,rj_start1 grade::6 semester::上 appears::6年级上
ill,[ɪl],[ɪl],生病的,She was ill yesterday.,她昨天生病了。,"n. 疾病；不幸
adj. 生病的；坏的；邪恶的；不吉利的
adv. 不利地；恶劣地；几乎不",curated,6年级上,6,上,6年级上,人教版一年级起点六年级上.xlsx,rj_start1 grade::6 semester::上 appears::6年级上
win,[wɪn],[wɪn],赢；获胜,I hope our class can win.,我希望我们班能赢。,"n. 赢；胜利
vt. 赢得；在…中获胜；劝诱
vi. 赢；获胜；成功",curated,6年级上,6,上,6年级上,人教版一年级起点六年级上.xlsx,rj_start1 grade::6 semester::上 appears::6年级上
race,[reɪs],[reɪs],比赛；赛跑,He won the running race.,他赢得了赛跑。,"n. 属，种；种族，人种；家庭，门第
vt. 使参加比赛；和…竞赛；使急走，使全速行进
vi. 比速度，参加竞赛；全速行进",curated,6年级上,6,上,6年级上,人教版一年级起点六年级上.xlsx,rj_start1 grade::6 semester::上 appears::6年级上
cry,[kraɪ],[kraɪ],哭；哭泣,The little boy began to cry.,小男孩开始哭。,"n. 叫喊；叫声；口号；呼叫
vi. 哭；叫；喊
vt. 叫喊；哭出；大声说",curated,6年级上,6,上,6年级上,人教版一年级起点六年级上.xlsx,rj_start1 grade::6 semester::上 appears::6年级上
because,[bɪˈkəz],[bɪˈkəz],因为,I was happy because we won.,因为我们赢了，所以我很高兴。,conj. 因为,curated,6年级上,6,上,6年级上,人教版一年级起点六年级上.xlsx,rj_start1 grade::6 semester::上 appears::6年级上
test,[test],[test],考试；测试,I have an English test tomorrow.,我明天有英语考试。,"n. 试验；检验
vt. 试验；测试
vi. 试验；测试",curated,6年级上,6,上,6年级上,人教版一年级起点六年级上.xlsx,rj_start1 grade::6 semester::上 appears::6年级上
competition,[ˌkɒmpəˈtɪʃn],[ˌkɑːmpəˈtɪʃn],比赛；竞赛,She won the writing competition.,她赢得了写作比赛。,n. 竞争；比赛，竞赛,curated,6年级上,6,上,6年级上,人教版一年级起点六年级上.xlsx,rj_start1 grade::6 semester::上 appears::6年级上
inventor,[ɪnˈventə(r)],[ɪnˈventər],发明家,The inventor made a new machine.,这位发明家制造了一台新机器。,n. 发明家；[专利] 发明人；创造者,curated,6年级上,6,上,6年级上,人教版一年级起点六年级上.xlsx,rj_start1 grade::6 semester::上 appears::6年级上
artist,[ˈɑːtɪst],[ˈɑːrtɪst],艺术家,The artist paints beautiful pictures.,这位艺术家画漂亮的画。,n. 艺术家；美术家（尤指画家）；大师,curated,6年级上,6,上,6年级上,人教版一年级起点六年级上.xlsx,rj_start1 grade::6 semester::上 appears::6年级上
scientist,[ˈsaɪəntɪst],[ˈsaɪəntɪst],科学家,The scientist studies animals.,这位科学家研究动物。,n. 科学家,curated,6年级上,6,上,6年级上,人教版一年级起点六年级上.xlsx,rj_start1 grade::6 semester::上 appears::6年级上
poet,[ˈpəʊɪt],[ˈpoʊət],诗人,The poet wrote many poems.,这位诗人写了很多诗。,n. 诗人,curated,6年级上,6,上,6年级上,人教版一年级起点六年级上.xlsx,rj_start1 grade::6 semester::上 appears::6年级上
writer,[ˈraɪtə(r)],[ˈraɪtər],作家,The writer wrote this story.,这位作家写了这个故事。,n. 作家；作者,curated,6年级上,6,上,6年级上,人教版一年级起点六年级上.xlsx,rj_start1 grade::6 semester::上 appears::6年级上
American,[əˈmerɪkən],[əˈmerɪkən],美国的；美国人,He is an American writer.,他是一位美国作家。,"n. 美国人，美洲人；美国英语
adj. 美国的，美洲的；地道美国式的",curated,6年级上,6,上,6年级上,人教版一年级起点六年级上.xlsx,rj_start1 grade::6 semester::上 appears::6年级上
Danish,[ˈdeɪnɪʃ],[ˈdeɪnɪʃ],丹麦的；丹麦语,He was a Danish writer.,他是一位丹麦作家。,"n. 丹麦语
adj. 丹麦的；丹麦人的；丹麦语（文）的",curated,6年级上,6,上,6年级上,人教版一年级起点六年级上.xlsx,rj_start1 grade::6 semester::上 appears::6年级上
poem,[ˈpəʊɪm],[ˈpoʊəm],诗,We read a poem in class.,我们在课堂上读了一首诗。,n. 诗,curated,6年级上,6,上,6年级上,人教版一年级起点六年级上.xlsx,rj_start1 grade::6 semester::上 appears::6年级上
invention,[ɪnˈvenʃn],[ɪnˈvenʃn],发明；发明物,This invention changed people's lives.,这项发明改变了人们的生活。,n. 发明；发明物；虚构；发明才能,curated,6年级上,6,上,6年级上,人教版一年级起点六年级上.xlsx,rj_start1 grade::6 semester::上 appears::6年级上
invent,[ɪnˈvent],[ɪnˈvent],发明,Who invented this machine?,谁发明了这台机器？,vt. 发明；创造；虚构,curated,6年级上,6,上,6年级上,人教版一年级起点六年级上.xlsx,rj_start1 grade::6 semester::上 appears::6年级上
story,[ˈstɔːri],[ˈstɔːri],故事,This story is very interesting.,这个故事很有趣。,"n. 故事；小说；新闻报道；来历；假话
vt. 用历史故事画装饰
vi. 说谎",curated,6年级上,6,上,6年级上,人教版一年级起点六年级上.xlsx,rj_start1 grade::6 semester::上 appears::6年级上
university,[ˌjuːnɪˈvɜːsəti],[ˌjuːnɪˈvɜːrsəti],大学,She studied at a famous university.,她在一所著名大学学习。,n. 大学；综合性大学；大学校舍,curated,6年级上,6,上,6年级上,人教版一年级起点六年级上.xlsx,rj_start1 grade::6 semester::上 appears::6年级上
deaf,[def],[def],聋的；失聪的,The girl became deaf when she was young.,这个女孩小时候失聪了。,adj. 聋的,curated,6年级上,6,上,6年级上,人教版一年级起点六年级上.xlsx,rj_start1 grade::6 semester::上 appears::6年级上
blind,[blaɪnd],[blaɪnd],盲的；失明的,He is blind but very independent.,他虽然失明但很独立。,"n. 掩饰，借口；百叶窗
adj. 盲目的；瞎的
vt. 使失明；使失去理智
adv. 盲目地；看不见地",curated,6年级上,6,上,6年级上,人教版一年级起点六年级上.xlsx,rj_start1 grade::6 semester::上 appears::6年级上
fall,[fɔːl],[fɔːl],落下；跌倒,Leaves fall in autumn.,树叶在秋天落下。,"n. 下降；秋天；瀑布
adj. 秋天的
vi. 落下；变成；来临；减弱
vt. 砍倒；击倒",curated,6年级上,6,上,6年级上,人教版一年级起点六年级上.xlsx,rj_start1 grade::6 semester::上 appears::6年级上
dumpling,[ˈdʌmplɪŋ],[ˈdʌmplɪŋ],饺子,We eat dumplings at Spring Festival.,我们春节吃饺子。,n. 饺子，汤团；面团布丁,curated,6年级上,6,上,6年级上,人教版一年级起点六年级上.xlsx,rj_start1 grade::6 semester::上 appears::6年级上
ice lantern,,,冰灯,We saw beautiful ice lanterns.,我们看到了漂亮的冰灯。,无,curated,6年级上,6,上,6年级上,人教版一年级起点六年级上.xlsx,rj_start1 grade::6 semester::上 appears::6年级上
bring,[brɪŋ],[brɪŋ],带来,Please bring your book tomorrow.,请明天带上你的书。,vt. 带来；促使；引起；使某人处于某种情况或境地,curated,6年级上,6,上,6年级上,人教版一年级起点六年级上.xlsx,rj_start1 grade::6 semester::上 appears::6年级上
be afraid of,,,害怕,I am not afraid of dogs.,我不怕狗。,na. 怕,curated,6年级上,6,上,6年级上,人教版一年级起点六年级上.xlsx,rj_start1 grade::6 semester::上 appears::6年级上
hear,[hɪə(r)],[hɪr],听见；听到,I can hear the birds.,我能听见鸟叫。,"vi. 听；听见
vt. 听到，听；听说；审理",curated,6年级上,6,上,6年级上,人教版一年级起点六年级上.xlsx,rj_start1 grade::6 semester::上 appears::6年级上
pen pal,[ˈpen pæl],[ˈpen pæl],笔友,My pen pal lives in Canada.,我的笔友住在加拿大。,"abbr. (=pen-friend)
n. 笔友",curated,6年级上,6,上,6年级上,人教版一年级起点六年级上.xlsx,rj_start1 grade::6 semester::上 appears::6年级上
broken,[ˈbrəʊkən],[ˈbroʊkən],坏的；破损的,My pen is broken.,我的钢笔坏了。,"v. 折断；打碎；损坏（break的过去分词）
adj. 破碎的；坏掉的",curated,6年级上,6,上,6年级上,人教版一年级起点六年级上.xlsx,rj_start1 grade::6 semester::上 appears::6年级上
pity,[ˈpɪti],[ˈpɪti],遗憾；可惜,What a pity!,真遗憾！,"n. 怜悯，同情；遗憾
vt. 对……表示怜悯；对……感到同情",curated,6年级上,6,上,6年级上,人教版一年级起点六年级上.xlsx,rj_start1 grade::6 semester::上 appears::6年级上
prize,[praɪz],[praɪz],奖品；奖项,She won first prize.,她获得了一等奖。,"n. 奖品；奖赏；战利品
adj. 获奖的
vt. 珍视；捕获；估价",curated,6年级上,6,上,6年级上,人教版一年级起点六年级上.xlsx,rj_start1 grade::6 semester::上 appears::6年级上
live,[lɪv; laɪv],[lɪv; laɪv],居住；生活,I live in a big city.,我住在一座大城市里。,"adj. 活的；生动的；实况转播的；精力充沛的
vt. 经历；度过
vi. 活；居住；生存",curated,6年级下,6,下,6年级下,人教版一年级起点六年级下.xlsx,rj_start1 grade::6 semester::下 appears::6年级下
quite,[kwaɪt],[kwaɪt],很；相当,The city is quite beautiful.,这座城市相当漂亮。,adv. 很；相当；完全,curated,6年级下,6,下,6年级下,人教版一年级起点六年级下.xlsx,rj_start1 grade::6 semester::下 appears::6年级下
scarf,[skɑːf],[skɑːrf],围巾,I wear a scarf in winter.,我冬天戴围巾。,"n. 围巾；嵌接，嵌接处；头巾领巾
vt. 披嵌接；用围巾围",curated,6年级下,6,下,6年级下,人教版一年级起点六年级下.xlsx,rj_start1 grade::6 semester::下 appears::6年级下
airport,[ˈeəpɔːt],[ˈerpɔːrt],机场,We arrived at the airport early.,我们很早到达机场。,n. 机场；航空站,curated,6年级下,6,下,6年级下,人教版一年级起点六年级下.xlsx,rj_start1 grade::6 semester::下 appears::6年级下
pupil,[ˈpjuːp(ə)l],[ˈpjuːpl],小学生；学生,He is a primary school pupil.,他是一名小学生。,n. 学生；[解剖] 瞳孔；未成年人,curated,6年级下,6,下,6年级下,人教版一年级起点六年级下.xlsx,rj_start1 grade::6 semester::下 appears::6年级下
arrive,[əˈraɪv],[əˈraɪv],到达,We arrived in Toronto yesterday.,我们昨天到达多伦多。,vi. 到达；成功；达成；出生,curated,6年级下,6,下,6年级下,人教版一年级起点六年级下.xlsx,rj_start1 grade::6 semester::下 appears::6年级下
meet,[miːt],[miːt],见面；遇见,I met my pen pal at the airport.,我在机场见到了笔友。,"vt. 满足；遇见；对付
vi. 相遇；接触
n. 集会
adj. 合适的；适宜的",curated,6年级下,6,下,6年级下,人教版一年级起点六年级下.xlsx,rj_start1 grade::6 semester::下 appears::6年级下
wardrobe,[ˈwɔːdrəʊb],[ˈwɔːrdroʊb],衣柜,My clothes are in the wardrobe.,我的衣服在衣柜里。,n. 衣柜；行头；全部戏装,curated,6年级下,6,下,6年级下,人教版一年级起点六年级下.xlsx,rj_start1 grade::6 semester::下 appears::6年级下
show ... around,,,带……参观,I will show you around our school.,我会带你参观我们的学校。,v. 带…参观,curated,6年级下,6,下,6年级下,人教版一年级起点六年级下.xlsx,rj_start1 grade::6 semester::下 appears::6年级下
Queen's Park,,,皇后公园,We visited Queen's Park yesterday.,我们昨天参观了皇后公园。,皇后公园；女王公园；女王公园酒店,curated,6年级下,6,下,6年级下,人教版一年级起点六年级下.xlsx,rj_start1 grade::6 semester::下 appears::6年级下
art gallery,,,美术馆,We saw many paintings at the art gallery.,我们在美术馆看到了许多画。,n. 美术馆；艺术展览馆,curated,6年级下,6,下,6年级下,人教版一年级起点六年级下.xlsx,rj_start1 grade::6 semester::下 appears::6年级下
public library,,,公共图书馆,We read books at the public library.,我们在公共图书馆看书。,na. 公立[公共]图书馆,curated,6年级下,6,下,6年级下,人教版一年级起点六年级下.xlsx,rj_start1 grade::6 semester::下 appears::6年级下
downtown,[ˌdaʊnˈtaʊn],[ˌdaʊnˈtaʊn],市中心；在市中心,We took the subway downtown.,我们乘地铁去了市中心。,"n. 市中心区；三分线以外
adj. 市中心的
adv. 往闹市区；在市区",curated,6年级下,6,下,6年级下,人教版一年级起点六年级下.xlsx,rj_start1 grade::6 semester::下 appears::6年级下
Lake Ontario,,,安大略湖,Toronto is beside Lake Ontario.,多伦多在安大略湖畔。,n. 安大略湖,curated,6年级下,6,下,6年级下,人教版一年级起点六年级下.xlsx,rj_start1 grade::6 semester::下 appears::6年级下
stadium,[ˈsteɪdiəm],[ˈsteɪdiəm],体育场,We watched a game at the stadium.,我们在体育场看了一场比赛。,n. 体育场；露天大型运动场,curated,6年级下,6,下,6年级下,人教版一年级起点六年级下.xlsx,rj_start1 grade::6 semester::下 appears::6年级下
volunteer,[ˌvɒlənˈtɪə(r)],[ˌvɑːlənˈtɪr],志愿者；志愿服务,I want to be a volunteer.,我想成为一名志愿者。,"n. 志愿者；志愿兵
adj. 志愿的
vt. 自愿
vi. 自愿",curated,6年级下,6,下,6年级下,人教版一年级起点六年级下.xlsx,rj_start1 grade::6 semester::下 appears::6年级下
sandwich,[ˈsænwɪtʃ; ˈsænwɪdʒ],[ˈsænwɪtʃ; ˈsænwɪdʒ],三明治,I had a sandwich for lunch.,我午饭吃了一个三明治。,"n. 三明治；夹心面包
vt. 夹入；挤进；把...做成三明治",curated,6年级下,6,下,6年级下,人教版一年级起点六年级下.xlsx,rj_start1 grade::6 semester::下 appears::6年级下
top,[tɒp],[tɑːp],顶部；顶端,We went to the top of the tower.,我们去了塔顶。,"n. 顶部，顶端；上部；首席；陀螺
adj. 最高的，顶上的；头等的
vt. 超越，超过；给…加盖；达到…的顶端
vi. 高出，超越；结束；达到顶点",curated,6年级下,6,下,6年级下,人教版一年级起点六年级下.xlsx,rj_start1 grade::6 semester::下 appears::6年级下
habit,[ˈhæbɪt],[ˈhæbɪt],习惯,Reading every day is a good habit.,每天阅读是一个好习惯。,"n. 习惯，习性；嗜好
vt. 使穿衣",curated,6年级下,6,下,6年级下,人教版一年级起点六年级下.xlsx,rj_start1 grade::6 semester::下 appears::6年级下
idea,[aɪˈdɪə],[aɪˈdiːə],想法；主意,That is a good idea.,那是个好主意。,n. 想法；主意；概念,curated,6年级下,6,下,6年级下,人教版一年级起点六年级下.xlsx,rj_start1 grade::6 semester::下 appears::6年级下
less,[les],[les],更少的；较少,We should eat less candy.,我们应该少吃糖果。,"adv. 较少地；较小地；更小地
adj. 较少的；较小的
prep. 减去
n. 较少；较小",curated,6年级下,6,下,6年级下,人教版一年级起点六年级下.xlsx,rj_start1 grade::6 semester::下 appears::6年级下
at least,,,至少,I read for at least twenty minutes.,我至少阅读二十分钟。,na. 至少,curated,6年级下,6,下,6年级下,人教版一年级起点六年级下.xlsx,rj_start1 grade::6 semester::下 appears::6年级下
talk about,,,谈论；讨论,We talked about healthy habits.,我们讨论了健康习惯。,na. 讲(某事),curated,6年级下,6,下,6年级下,人教版一年级起点六年级下.xlsx,rj_start1 grade::6 semester::下 appears::6年级下
hockey,[ˈhɒki],[ˈhɑːki],冰球；曲棍球,Hockey is popular in Canada.,冰球在加拿大很受欢迎。,n. 曲棍球；冰球,curated,6年级下,6,下,6年级下,人教版一年级起点六年级下.xlsx,rj_start1 grade::6 semester::下 appears::6年级下
beaver,[ˈbiːvə(r)],[ˈbiːvər],海狸,The beaver lives near water.,海狸生活在水边。,n. 海狸；海狸皮毛,curated,6年级下,6,下,6年级下,人教版一年级起点六年级下.xlsx,rj_start1 grade::6 semester::下 appears::6年级下
raccoon,[rəˈkuːn],[ræˈkuːn],浣熊,A raccoon has a black mask.,浣熊脸上有黑色的斑纹。,n. 浣熊；浣熊毛皮,curated,6年级下,6,下,6年级下,人教版一年级起点六年级下.xlsx,rj_start1 grade::6 semester::下 appears::6年级下
moose,[muːs],[muːs],驼鹿,A moose is a large animal.,驼鹿是一种大型动物。,"n. [脊椎] 驼鹿；麋
[ 复数 moose ]",curated,6年级下,6,下,6年级下,人教版一年级起点六年级下.xlsx,rj_start1 grade::6 semester::下 appears::6年级下
countryside,[ˈkʌntrisaɪd],[ˈkʌntrisaɪd],乡村；农村,My grandparents live in the countryside.,我的祖父母住在乡下。,n. 农村，乡下；乡下的全体居民,curated,6年级下,6,下,6年级下,人教版一年级起点六年级下.xlsx,rj_start1 grade::6 semester::下 appears::6年级下
Thanksgiving,,,感恩节,Families eat together at Thanksgiving.,家人们在感恩节一起吃饭。,n. 感恩,curated,6年级下,6,下,6年级下,人教版一年级起点六年级下.xlsx,rj_start1 grade::6 semester::下 appears::6年级下
roast turkey,,,烤火鸡,We had roast turkey for dinner.,我们晚饭吃了烤火鸡。,n. 【食】烤火鸡,curated,6年级下,6,下,6年级下,人教版一年级起点六年级下.xlsx,rj_start1 grade::6 semester::下 appears::6年级下
squirrel,[ˈskwɪrəl],[ˈskwɜːrəl],松鼠,A squirrel can climb trees.,松鼠会爬树。,"n. 松鼠；松鼠毛皮
vt. 贮藏",curated,6年级下,6,下,6年级下,人教版一年级起点六年级下.xlsx,rj_start1 grade::6 semester::下 appears::6年级下
swan,[swɒn],[swɑːn],天鹅,The swan is swimming on the lake.,天鹅正在湖上游泳。,"n. 天鹅；天鹅星座
vi. 游荡，闲荡",curated,6年级下,6,下,6年级下,人教版一年级起点六年级下.xlsx,rj_start1 grade::6 semester::下 appears::6年级下
wild goose,,,大雁；野雁,Wild geese fly south in autumn.,大雁秋天向南飞。,na. 【鸟】雁,curated,6年级下,6,下,6年级下,人教版一年级起点六年级下.xlsx,rj_start1 grade::6 semester::下 appears::6年级下
frog,[frɒɡ],[frɑːɡ],青蛙,A frog can jump and swim.,青蛙会跳也会游泳。,"n. 青蛙；[铁路] 辙叉；饰扣
vi. 捕蛙",curated,6年级下,6,下,6年级下,人教版一年级起点六年级下.xlsx,rj_start1 grade::6 semester::下 appears::6年级下
English-Chinese dictionary,,,英汉词典,I use an English-Chinese dictionary.,我使用英汉词典。,英汉字典；辞典；氏英字典,curated,6年级下,6,下,6年级下,人教版一年级起点六年级下.xlsx,rj_start1 grade::6 semester::下 appears::6年级下
shopping centre,,,购物中心,There are many shops in the shopping centre.,购物中心里有很多商店。,n. 购物中心（集中一批商店，有时在同一建筑物内）,curated,6年级下,6,下,6年级下,人教版一年级起点六年级下.xlsx,rj_start1 grade::6 semester::下 appears::6年级下
shopping mall,,,购物中心；商场,We went shopping at the mall.,我们去商场购物了。,un. 商业区林荫路,curated,6年级下,6,下,6年级下,人教版一年级起点六年级下.xlsx,rj_start1 grade::6 semester::下 appears::6年级下
amazing,[əˈmeɪzɪŋ],[əˈmeɪzɪŋ],令人惊叹的；了不起的,The CN Tower is amazing.,加拿大国家电视塔令人惊叹。,"adj. 令人惊异的
v. 使吃惊（amaze的ing形式）",curated,6年级下,6,下,6年级下,人教版一年级起点六年级下.xlsx,rj_start1 grade::6 semester::下 appears::6年级下
hot pot,,,火锅,We ate hot pot together.,我们一起吃了火锅。,na. 〈英〉马铃薯炖牛[羊]肉,curated,6年级下,6,下,6年级下,人教版一年级起点六年级下.xlsx,rj_start1 grade::6 semester::下 appears::6年级下
