SourceOccurrenceKey,SourceID,SourceBook,Grade,Semester,SourceRow,Word,MatchKey,British,American,Definition,SourceFile
waiyan_start1|g1-upper|r002|hello,waiyan_start1,1年级上,1,上,2,hello,hello,[həˈləʊ],[həˈləʊ],"n. 表示问候, 惊奇或唤起注意时的用语 int. 喂;哈罗",外研版一年级起点一年级上.xlsx
waiyan_start1|g1-upper|r003|hi,waiyan_start1,1年级上,1,上,3,hi,hi,[haɪ],[haɪ],int. 嗨!(表示问候或用以唤起注意),外研版一年级起点一年级上.xlsx
waiyan_start1|g1-upper|r004|aah,waiyan_start1,1年级上,1,上,4,aah,aah,[ɑː],['e 'e 'etʃ],先进攻击直升机(Advanced Attack Helicopter);不典型增生改变;美国催眠治疗师学会(American Institute of Hypnotherapy),外研版一年级起点一年级上.xlsx
waiyan_start1|g1-upper|r005|ooh,waiyan_start1,1年级上,1,上,5,ooh,ooh,[uː],[uː],int. (表示惊异、热心、高兴或不悦的叫声)哦!,外研版一年级起点一年级上.xlsx
waiyan_start1|g1-upper|r006|i,waiyan_start1,1年级上,1,上,6,I,i,[aɪ],[aɪ],n. 碘元素;英语字母I pron. 我,外研版一年级起点一年级上.xlsx
waiyan_start1|g1-upper|r007|am,waiyan_start1,1年级上,1,上,7,am,am,[əm; æm],[əm; æm],abbr. 调幅 v. 是,外研版一年级起点一年级上.xlsx
waiyan_start1|g1-upper|r008|i'm,waiyan_start1,1年级上,1,上,8,I'm,i'm,,,abbr. 我是(缩写),外研版一年级起点一年级上.xlsx
waiyan_start1|g1-upper|r009|i am,waiyan_start1,1年级上,1,上,9,I am,i am,,,我是;这就是我;唯我是问,外研版一年级起点一年级上.xlsx
waiyan_start1|g1-upper|r010|goodbye,waiyan_start1,1年级上,1,上,10,goodbye,goodbye,[ˌɡʊdˈbaɪ],[ˌɡʊdˈbaɪ],int. 再见 放弃 告别,外研版一年级起点一年级上.xlsx
waiyan_start1|g1-upper|r011|bye,waiyan_start1,1年级上,1,上,11,bye,bye,[baɪ],[baɪ],n. 轮空;次要的东西 int. 再见 adj. 次要的,外研版一年级起点一年级上.xlsx
waiyan_start1|g1-upper|r012|how are you?,waiyan_start1,1年级上,1,上,12,How are you?,how are you?,[haʊ ɑr ju],[haʊ ɑr ju],你身体好吗?,外研版一年级起点一年级上.xlsx
waiyan_start1|g1-upper|r013|woof,waiyan_start1,1年级上,1,上,13,woof,woof,[wʊf],[wʊf],n. 纬线;织物;低吠声 vi. 发出低吠声;发低音,外研版一年级起点一年级上.xlsx
waiyan_start1|g1-upper|r014|no,waiyan_start1,1年级上,1,上,14,no,no,[nəʊ],[noʊ],adv. 不 adj. 没有;不是 n. 不;否决票 abbr. 数字(number);元素锘(nobelium)的符号,外研版一年级起点一年级上.xlsx
waiyan_start1|g1-upper|r015|yes,waiyan_start1,1年级上,1,上,15,yes,yes,[jes],[jes],"n. 是(表示肯定) adv. 是, 是的",外研版一年级起点一年级上.xlsx
waiyan_start1|g1-upper|r016|sorry,waiyan_start1,1年级上,1,上,16,sorry,sorry,[ˈsɒri],[ˈsɑːri],"adj. 遗憾的;对不起的,抱歉的 int. 对不起,抱歉(表示委婉的拒绝等)",外研版一年级起点一年级上.xlsx
waiyan_start1|g1-upper|r017|fine,waiyan_start1,1年级上,1,上,17,fine,fine,[faɪn],[faɪn],"n. 罚款 adj. 好的;优良的;细小的,精美的;健康的;晴朗的 vt. 罚款;澄清 adv. 很好地;精巧地",外研版一年级起点一年级上.xlsx
waiyan_start1|g1-upper|r018|thank,waiyan_start1,1年级上,1,上,18,thank,thank,[θæŋk],[θæŋk],n. 感谢 vt. 感谢 int. 谢谢,外研版一年级起点一年级上.xlsx
waiyan_start1|g1-upper|r019|you,waiyan_start1,1年级上,1,上,19,you,you,[ju],[juː; jə],pron. 你;你们,外研版一年级起点一年级上.xlsx
waiyan_start1|g1-upper|r020|what,waiyan_start1,1年级上,1,上,20,what,what,[wɒt],[wʌt],"pron. 什么;多么;多少 adv. 到什么程度,在哪一方面 adj. 什么;多么;何等 int. 什么;多么",外研版一年级起点一年级上.xlsx
waiyan_start1|g1-upper|r021|is,waiyan_start1,1年级上,1,上,21,is,is,[ɪz],[ɪz],v. 是(be的三单形式) n. 存在,外研版一年级起点一年级上.xlsx
waiyan_start1|g1-upper|r022|what's,waiyan_start1,1年级上,1,上,22,what's,what's,,,...是什么(等于what is);...有什么(等于what has),外研版一年级起点一年级上.xlsx
waiyan_start1|g1-upper|r023|what is,waiyan_start1,1年级上,1,上,23,what is,what is,,,[计] whatis命令,外研版一年级起点一年级上.xlsx
waiyan_start1|g1-upper|r024|your,waiyan_start1,1年级上,1,上,24,your,your,[jɔː(r); jə(r)],[jʊr; jər],"pron. 你的,你们的",外研版一年级起点一年级上.xlsx
waiyan_start1|g1-upper|r025|name,waiyan_start1,1年级上,1,上,25,name,name,[neɪm],[neɪm],"n. 名称,名字;姓名;名誉 vt. 命名,任命;指定;称呼;提名;叫出 adj. 姓名的;据以取名的",外研版一年级起点一年级上.xlsx
waiyan_start1|g1-upper|r026|please,waiyan_start1,1年级上,1,上,26,please,please,[pliːz],[pliːz],"int. 请(礼貌用语) vt. 使喜欢;使高兴,使满意 vi. 讨人喜欢;令人高兴",外研版一年级起点一年级上.xlsx
waiyan_start1|g1-upper|r027|ha ha,waiyan_start1,1年级上,1,上,27,ha ha,ha ha,,,n. (造在花园界沟里不遮挡视线的)隐篱;哈哈的笑声;哈哈的笑声;〔美俚〕(对某人的)嘲笑 int. 哈哈;哈哈!〔表示嘲笑等〕,外研版一年级起点一年级上.xlsx
waiyan_start1|g1-upper|r028|good,waiyan_start1,1年级上,1,上,28,good,good,[ɡʊd],[ɡʊd],n. 好处;善行;慷慨的行为 adj. 好的;优良的;愉快的;虔诚的 adv. 好,外研版一年级起点一年级上.xlsx
waiyan_start1|g1-upper|r029|morning,waiyan_start1,1年级上,1,上,29,morning,morning,[ˈmɔːnɪŋ],[ˈmɔːrnɪŋ],n. 早晨;黎明;初期,外研版一年级起点一年级上.xlsx
waiyan_start1|g1-upper|r030|ms,waiyan_start1,1年级上,1,上,30,Ms,ms,[mɪz],[mɪz],"abbr. 存贮系统(Memory System);主存储器(Main Storage);主程序装置(Master Sequecer);中速,平均速度(Medium Speed);主(总)开关(Master Switch)",外研版一年级起点一年级上.xlsx
waiyan_start1|g1-upper|r031|my,waiyan_start1,1年级上,1,上,31,my,my,[maɪ],[maɪ],pron. 我的 int. 哎呀(表示惊奇等);喔唷,外研版一年级起点一年级上.xlsx
waiyan_start1|g1-upper|r032|bird,waiyan_start1,1年级上,1,上,32,bird,bird,[bɜːd],[bɜːrd],n. 鸟;家伙;羽毛球 vt. 向...喝倒彩;起哄 vi. 猎鸟;观察研究野鸟,外研版一年级起点一年级上.xlsx
waiyan_start1|g1-upper|r033|tweet,waiyan_start1,1年级上,1,上,33,tweet,tweet,[twiːt],[twiːt],n. 小鸟叫声;自录音再现装置发出的高音;推特 vi. 吱吱地叫;啾鸣,外研版一年级起点一年级上.xlsx
waiyan_start1|g1-upper|r034|a,waiyan_start1,1年级上,1,上,34,a,a,[ə],[ə; eɪ],n. 字母A;第一流的;学业成绩达最高标准的评价符号 abbr. [物]安(ampere),外研版一年级起点一年级上.xlsx
waiyan_start1|g1-upper|r035|an,waiyan_start1,1年级上,1,上,35,an,an,[ən],[ən; æn],art. 一(在元音音素前),外研版一年级起点一年级上.xlsx
waiyan_start1|g1-upper|r036|boy,waiyan_start1,1年级上,1,上,36,boy,boy,[bɔɪ],[bɔɪ],n. 男孩;男人,外研版一年级起点一年级上.xlsx
waiyan_start1|g1-upper|r037|girl,waiyan_start1,1年级上,1,上,37,girl,girl,[ɡɜːl],[ɡɜːrl],"n. 女孩;姑娘,未婚女子;女职员,女演员;(男人的)女朋友 n. (捷)吉尔",外研版一年级起点一年级上.xlsx
waiyan_start1|g1-upper|r038|whoops,waiyan_start1,1年级上,1,上,38,whoops,whoops,[wʊps],[wʊps],int. 哎呀!,外研版一年级起点一年级上.xlsx
waiyan_start1|g1-upper|r039|afternoon,waiyan_start1,1年级上,1,上,39,afternoon,afternoon,[ˌɑːftəˈnuːn],[ˌæftərˈnuːn],"n. 午后,下午",外研版一年级起点一年级上.xlsx
waiyan_start1|g1-upper|r040|panda,waiyan_start1,1年级上,1,上,40,panda,panda,[ˈpændə],[ˈpændə],n. 熊猫;猫熊,外研版一年级起点一年级上.xlsx
waiyan_start1|g1-upper|r041|sit,waiyan_start1,1年级上,1,上,41,sit,sit,[sɪt],[sɪt],vi. 坐;位于 vt. 使就座,外研版一年级起点一年级上.xlsx
waiyan_start1|g1-upper|r042|down,waiyan_start1,1年级上,1,上,42,down,down,[daʊn],[daʊn],"prep. 沿着,往下 n. 软毛,绒毛;[地质] 开阔的高地 adj. 向下的 vt. 打倒,击败 adv. 向下,下去;在下面 vi. 下降;下去",外研版一年级起点一年级上.xlsx
waiyan_start1|g1-upper|r043|stand,waiyan_start1,1年级上,1,上,43,stand,stand,[stænd],[stænd],n. 站立;立场;看台;停止 vi. 站立;位于;停滞 vt. 使站立;忍受;抵抗,外研版一年级起点一年级上.xlsx
waiyan_start1|g1-upper|r044|up,waiyan_start1,1年级上,1,上,44,up,up,[ʌp],[ʌp],prep. 在...之上;向...的较高处 n. 上升;繁荣 adj. 涨的;起床的;向上的 adv. 起来;上涨;向上,外研版一年级起点一年级上.xlsx
waiyan_start1|g1-upper|r045|open,waiyan_start1,1年级上,1,上,45,open,open,[ˈəʊpən],[ˈoʊpən],adj. 公开的;敞开的;空旷的;坦率的;营业着的 vi. 开始;展现 vt. 公开;打开 n. 公开;空旷;户外,外研版一年级起点一年级上.xlsx
waiyan_start1|g1-upper|r046|the,waiyan_start1,1年级上,1,上,46,the,the,[ðə],[ðə; ði; ðiː],"art. 这;那 adv. 更加(用于比较级,最高级前)",外研版一年级起点一年级上.xlsx
waiyan_start1|g1-upper|r047|window,waiyan_start1,1年级上,1,上,47,window,window,[ˈwɪndəʊ],[ˈwɪndoʊ],n. 窗;窗口;窗户,外研版一年级起点一年级上.xlsx
waiyan_start1|g1-upper|r048|door,waiyan_start1,1年级上,1,上,48,door,door,[dɔː(r)],[dɔːr],"n. 门;家,户;门口;通道",外研版一年级起点一年级上.xlsx
waiyan_start1|g1-upper|r049|see you!,waiyan_start1,1年级上,1,上,49,See you!,see you!,,,[口语]再见!,外研版一年级起点一年级上.xlsx
waiyan_start1|g1-upper|r050|point,waiyan_start1,1年级上,1,上,50,point,point,[pɔɪnt],[pɔɪnt],n. 要点;得分;标点;[机] 尖端 vt. 指向;弄尖;加标点于 vi. 表明;指向,外研版一年级起点一年级上.xlsx
waiyan_start1|g1-upper|r051|to,waiyan_start1,1年级上,1,上,51,to,to,[tə],[tə; tu; tuː],prep. 到;向;(表示时间、方向)朝...方向 adv. 向前;(门等)关上,外研版一年级起点一年级上.xlsx
waiyan_start1|g1-upper|r052|aargh,waiyan_start1,1年级上,1,上,52,aargh,aargh,[ɑː(r)],[ɑːr],啊,外研版一年级起点一年级上.xlsx
waiyan_start1|g1-upper|r053|desk,waiyan_start1,1年级上,1,上,53,desk,desk,[desk],[desk],n. 办公桌;服务台;编辑部;(美)讲道台;乐谱架 adj. 书桌的;桌上用的;伏案做的,外研版一年级起点一年级上.xlsx
waiyan_start1|g1-upper|r054|chair,waiyan_start1,1年级上,1,上,54,chair,chair,[tʃeə(r)],[tʃer],n. 椅子;讲座;(会议的)主席位;大学教授的职位 vt. 担任(会议的)主席;使...入座;使就任要职,外研版一年级起点一年级上.xlsx
waiyan_start1|g1-upper|r055|it,waiyan_start1,1年级上,1,上,55,it,it,[ɪt],[ɪt],abbr. 信息技术information technology abbr. 意大利Italy;意大利的Italian,外研版一年级起点一年级上.xlsx
waiyan_start1|g1-upper|r056|it's,waiyan_start1,1年级上,1,上,56,it's,it's,,,abbr. 它的(it has);它是(it is),外研版一年级起点一年级上.xlsx
waiyan_start1|g1-upper|r057|it is,waiyan_start1,1年级上,1,上,57,it is,it is,,,它是;是的;这是,外研版一年级起点一年级上.xlsx
waiyan_start1|g1-upper|r058|red,waiyan_start1,1年级上,1,上,58,red,red,[red],[red],"n. 红色,红颜料;赤字 adj. 红色的;红肿的,充血的",外研版一年级起点一年级上.xlsx
waiyan_start1|g1-upper|r059|aha,waiyan_start1,1年级上,1,上,59,aha,aha,[ɑːˈhɑː],[ɑːˈhɑː],int. 啊哈(表示喜悦、轻蔑、惊讶等),外研版一年级起点一年级上.xlsx
waiyan_start1|g1-upper|r060|blue,waiyan_start1,1年级上,1,上,60,blue,blue,[bluː],[bluː],"adj. 蓝色的;沮丧的,忧郁的;下流的 n. 蓝色;[复数](美国海、陆、空三军穿的)蓝色制服;蓝颜料;[the blue(s)][用作单数或复数]布鲁斯(歌曲)(一种伤感的美国黑人民歌 vi. 变成蓝色,呈蓝色 vt. 把...染成蓝色;使成蓝色;给...用上蓝剂;用上蓝剂于",外研版一年级起点一年级上.xlsx
waiyan_start1|g1-upper|r061|wow,waiyan_start1,1年级上,1,上,61,wow,wow,[waʊ],[waʊ],"n. 极大的成功;一鸣惊人之举;魔兽世界(World of Warcraft);失真 int. (表示极大的惊奇或钦佩)哇,呀",外研版一年级起点一年级上.xlsx
waiyan_start1|g1-upper|r062|yellow,waiyan_start1,1年级上,1,上,62,yellow,yellow,[ˈjeləʊ],[ˈjeloʊ],n. 黄色;黄种人;黄色颜料 adj. 黄色的;黄皮肤的 vt. 使变黄或发黄 vi. 变黄或发黄,外研版一年级起点一年级上.xlsx
waiyan_start1|g1-upper|r063|oh,waiyan_start1,1年级上,1,上,63,oh,oh,[əʊ],[oʊ],int. 哦;哎呀(表示惊讶或恐惧等),外研版一年级起点一年级上.xlsx
waiyan_start1|g1-upper|r064|colour,waiyan_start1,1年级上,1,上,64,colour,colour,[ˈkʌlə(r)],[ˈkʌlər],"n. 颜色;风格;气色,面色;外貌 vt. 把...涂颜色,粉饰;歪曲;使脸红 vi. 变色",外研版一年级起点一年级上.xlsx
waiyan_start1|g1-upper|r065|green,waiyan_start1,1年级上,1,上,65,green,green,[ɡriːn],[ɡriːn],n. 绿色;青春 adj. 绿色的;青春的 vt. 使...变绿色 vi. 变绿色,外研版一年级起点一年级上.xlsx
waiyan_start1|g1-upper|r066|now,waiyan_start1,1年级上,1,上,66,now,now,[naʊ],[naʊ],adv. 现在;如今;立刻 adj. 现在的 n. 现在;目前 conj. 由于;既然,外研版一年级起点一年级上.xlsx
waiyan_start1|g1-upper|r067|black,waiyan_start1,1年级上,1,上,67,black,black,[blæk],[blæk],n. 黑色;黑人;黑颜料 adj. 黑色的;黑人的;邪恶的 vt. 使变黑;把鞋油等涂在...上;把(眼眶)打成青肿 vi. 变黑,外研版一年级起点一年级上.xlsx
waiyan_start1|g1-upper|r068|white,waiyan_start1,1年级上,1,上,68,white,white,[waɪt],[waɪt],n. 白色;洁白;白种人 adj. 白色的;白种的;纯洁的,外研版一年级起点一年级上.xlsx
waiyan_start1|g1-upper|r069|dog,waiyan_start1,1年级上,1,上,69,dog,dog,[dɒɡ],[dɔːɡ],n. 狗;丑女人;卑鄙的人;(俚)朋友 vt. 跟踪;尾随,外研版一年级起点一年级上.xlsx
waiyan_start1|g1-upper|r070|cat,waiyan_start1,1年级上,1,上,70,cat,cat,[kæt],[kæt],"n. 猫,猫科动物",外研版一年级起点一年级上.xlsx
waiyan_start1|g1-upper|r071|and,waiyan_start1,1年级上,1,上,71,and,and,[ənd],[ənd; ən; n; ænd],"conj. 和,与;就;而且;但是;然后",外研版一年级起点一年级上.xlsx
waiyan_start1|g1-upper|r072|hey,waiyan_start1,1年级上,1,上,72,hey,hey,[heɪ],[heɪ],n. 干草(等于hay) int. 喂!(引起注意等);你好!(表示问候),外研版一年级起点一年级上.xlsx
waiyan_start1|g1-upper|r073|look,waiyan_start1,1年级上,1,上,73,look,look,[lʊk],[lʊk],vt. 看;期待;注意;面向;看上去像 vi. 看;看起来;注意;面向 n. 看;样子;面容,外研版一年级起点一年级上.xlsx
waiyan_start1|g1-upper|r074|orange,waiyan_start1,1年级上,1,上,74,orange,orange,[ˈɒrɪndʒ],[ˈɔrɪndʒ],adj. 橙色的;橘色的 n. 橙;橙色;桔子,外研版一年级起点一年级上.xlsx
waiyan_start1|g1-upper|r075|this,waiyan_start1,1年级上,1,上,75,this,this,[ðɪs],[ðɪs],adj. 这;本;这个;今 pron. 这;这个;这里 adv. 这样地;这么,外研版一年级起点一年级上.xlsx
waiyan_start1|g1-upper|r076|our,waiyan_start1,1年级上,1,上,76,our,our,[ɑː(r)],[ɑːr],pron. 我们的,外研版一年级起点一年级上.xlsx
waiyan_start1|g1-upper|r077|teacher,waiyan_start1,1年级上,1,上,77,teacher,teacher,[ˈtiːtʃə(r)],[ˈtiːtʃər],n. 教师;导师,外研版一年级起点一年级上.xlsx
waiyan_start1|g1-upper|r078|school,waiyan_start1,1年级上,1,上,78,school,school,[skuːl],[skuːl],n. 学校;学院;学派;鱼群 vt. 教育,外研版一年级起点一年级上.xlsx
waiyan_start1|g1-upper|r079|classroom,waiyan_start1,1年级上,1,上,79,classroom,classroom,[ˈklɑːsruːm],[ˈklæsruːm; ˈklæsrʊm],n. 教室,外研版一年级起点一年级上.xlsx
waiyan_start1|g1-upper|r080|nice to meet you.,waiyan_start1,1年级上,1,上,80,Nice to meet you.,nice to meet you.,,,很高兴见到你;很高兴认识你;见到你很高兴,外研版一年级起点一年级上.xlsx
waiyan_start1|g1-upper|r081|child,waiyan_start1,1年级上,1,上,81,child,child,[tʃaɪld],[tʃaɪld],"n. 儿童,小孩,孩子;产物;子孙;幼稚的人;弟子",外研版一年级起点一年级上.xlsx
waiyan_start1|g1-upper|r082|that,waiyan_start1,1年级上,1,上,82,that,that,[ðæt],[ðæt],conj. 因为;以至于 adj. 那;那个 pron. 那;那个 adv. 那么;那样,外研版一年级起点一年级上.xlsx
waiyan_start1|g1-upper|r083|bag,waiyan_start1,1年级上,1,上,83,bag,bag,[bæɡ],[bæɡ],"n. 袋;猎获物;(俚)一瓶啤酒 vt. 猎获;把...装入袋中;占据,私吞;使膨大 vi. 松垂",外研版一年级起点一年级上.xlsx
waiyan_start1|g1-upper|r084|schoolbag,waiyan_start1,1年级上,1,上,84,schoolbag,schoolbag,[ˈskuːlbæɡ],[ˈskuːlˌbæɡ],n. 书包,外研版一年级起点一年级上.xlsx
waiyan_start1|g1-upper|r085|book,waiyan_start1,1年级上,1,上,85,book,book,[bʊk],[bʊk],n. 书籍;卷;帐簿;名册;工作簿 vt. 预订;登记,外研版一年级起点一年级上.xlsx
waiyan_start1|g1-upper|r086|pen,waiyan_start1,1年级上,1,上,86,pen,pen,[pen],[pen],n. 钢笔;作家;围栏 vt. 写;关入栏中,外研版一年级起点一年级上.xlsx
waiyan_start1|g1-upper|r087|pencil,waiyan_start1,1年级上,1,上,87,pencil,pencil,[ˈpens(ə)l],[ˈpensl],n. 铅笔;笔状物 vt. 用铅笔写;用眉笔涂 vi. 成铅笔状,外研版一年级起点一年级上.xlsx
waiyan_start1|g1-upper|r088|ruler,waiyan_start1,1年级上,1,上,88,ruler,ruler,[ˈruːlə(r)],[ˈruːlər],"n. 尺;统治者;[测] 划线板,划线的人",外研版一年级起点一年级上.xlsx
waiyan_start1|g1-upper|r089|eraser,waiyan_start1,1年级上,1,上,89,eraser,eraser,[ɪˈreɪzə(r)],[ɪˈreɪsər],n. 橡皮;擦除器;[计] 清除器,外研版一年级起点一年级上.xlsx
waiyan_start1|g1-upper|r090|pencil case,waiyan_start1,1年级上,1,上,90,pencil case,pencil case,[ˈpensl keɪs],[ˈpensl keɪs],n. 铅笔盒;铅笔袋,外研版一年级起点一年级上.xlsx
waiyan_start1|g1-upper|r091|crayon,waiyan_start1,1年级上,1,上,91,crayon,crayon,[ˈkreɪən; ˈkreɪɒn],[ˈkreɪən; ˈkreɪɑːn],"n. 蜡笔,有色粉笔 vt. 以蜡笔作画,用颜色粉笔画",外研版一年级起点一年级上.xlsx
waiyan_start1|g1-upper|r092|new,waiyan_start1,1年级上,1,上,92,new,new,[njuː],[nuː],"adj. 新的,新鲜的;更新的;初见的 adv. 新近",外研版一年级起点一年级上.xlsx
waiyan_start1|g1-upper|r093|kite,waiyan_start1,1年级上,1,上,93,kite,kite,[kaɪt],[kaɪt],n. 风筝 vi. 使用空头支票;像风筝一样飞;轻快地移动 vt. 骗钱;涂改(支票),外研版一年级起点一年级上.xlsx
waiyan_start1|g1-upper|r094|or,waiyan_start1,1年级上,1,上,94,or,or,[ɔː(r)],[ɔːr],"conj. 或,或者;还是",外研版一年级起点一年级上.xlsx
waiyan_start1|g1-upper|r095|not,waiyan_start1,1年级上,1,上,95,not,not,[nɒt],[nɑːt],"adv. 表示否定,不 n. “非”(计算机中逻辑运算的一种)",外研版一年级起点一年级上.xlsx
waiyan_start1|g1-upper|r096|isn't,waiyan_start1,1年级上,1,上,96,isn't,isn't,,,不是(等于is not),外研版一年级起点一年级上.xlsx
waiyan_start1|g1-upper|r097|is not,waiyan_start1,1年级上,1,上,97,is not,is not,,,,外研版一年级起点一年级上.xlsx
waiyan_start1|g1-upper|r098|monkey,waiyan_start1,1年级上,1,上,98,monkey,monkey,[ˈmʌŋki],[ˈmʌŋki],n. 猴子;顽童 vi. 胡闹;捣蛋 vt. 嘲弄,外研版一年级起点一年级上.xlsx
waiyan_start1|g1-upper|r099|monster,waiyan_start1,1年级上,1,上,99,monster,monster,[ˈmɒnstə(r)],[ˈmɑːnstər],"n. 怪物;巨人,巨兽;残忍的人 adj. 巨大的,庞大的",外研版一年级起点一年级上.xlsx
waiyan_start1|g1-upper|r100|help,waiyan_start1,1年级上,1,上,100,help,help,[help],[help],n. 帮助;补救办法;帮忙者;有益的东西 vt. 帮助;促进;治疗;补救 vi. 帮助;有用;招待,外研版一年级起点一年级上.xlsx
waiyan_start1|g1-upper|r101|house,waiyan_start1,1年级上,1,上,101,house,house,[haʊs],[haʊs],n. 住宅;家庭;机构;议会;某种用途的建筑物 vt. 覆盖;给...房子住;把...储藏在房内 vi. 住,外研版一年级起点一年级上.xlsx
waiyan_start1|g1-upper|r102|box,waiyan_start1,1年级上,1,上,102,box,box,[bɒks],[bɑːks],"n. 箱,盒子;包厢;一拳 vt. 拳击;装...入盒中;打耳光 vi. 拳击",外研版一年级起点一年级上.xlsx
waiyan_start1|g1-upper|r103|how many,waiyan_start1,1年级上,1,上,103,how many,how many,,,na. 多少,外研版一年级起点一年级上.xlsx
waiyan_start1|g1-upper|r104|one,waiyan_start1,1年级上,1,上,104,one,one,[wʌn],[wʌn],pron. 一个人;任何人 adj. 一的;唯一的 n. 一 num. 一;一个,外研版一年级起点一年级上.xlsx
waiyan_start1|g1-upper|r105|two,waiyan_start1,1年级上,1,上,105,two,two,[tuː],[tuː],num. 二 n. 两个 adj. 两个的,外研版一年级起点一年级上.xlsx
waiyan_start1|g1-upper|r106|three,waiyan_start1,1年级上,1,上,106,three,three,[θriː],[θriː],"num. 三 n. 三,三个 adj. 三的,三个的",外研版一年级起点一年级上.xlsx
waiyan_start1|g1-upper|r107|four,waiyan_start1,1年级上,1,上,107,four,four,[fɔː(r)],[fɔːr],num. 四;四个 adj. 四的;四个的,外研版一年级起点一年级上.xlsx
waiyan_start1|g1-upper|r108|count,waiyan_start1,1年级上,1,上,108,count,count,[kaʊnt],[kaʊnt],n. 计数;计算;伯爵 vt. 计算;认为 vi. 计数;有价值,外研版一年级起点一年级上.xlsx
waiyan_start1|g1-upper|r109|say,waiyan_start1,1年级上,1,上,109,say,say,[seɪ],[seɪ],vt. 讲;说明;例如;声称;假设;指明 vi. 讲;表示;念;假定;背诵,外研版一年级起点一年级上.xlsx
waiyan_start1|g1-upper|r110|five,waiyan_start1,1年级上,1,上,110,five,five,[faɪv],[faɪv],"num. 五,五个 n. 五,五个;五美元钞票 adj. 五的;五个的",外研版一年级起点一年级上.xlsx
waiyan_start1|g1-upper|r111|six,waiyan_start1,1年级上,1,上,111,six,six,[sɪks],[sɪks],"num. 六,六个 n. 六,六个",外研版一年级起点一年级上.xlsx
waiyan_start1|g1-upper|r112|seven,waiyan_start1,1年级上,1,上,112,seven,seven,[ˈsev(ə)n],[ˈsev(ə)n],"num. 七个,七 n. 七个,七 adj. 七的;七个的",外研版一年级起点一年级上.xlsx
waiyan_start1|g1-upper|r113|eight,waiyan_start1,1年级上,1,上,113,eight,eight,[eɪt],[eɪt],num. 八;八个;第八 n. 八字形 adj. 八的,外研版一年级起点一年级上.xlsx
waiyan_start1|g1-upper|r114|nine,waiyan_start1,1年级上,1,上,114,nine,nine,[naɪn],[naɪn],"n. 九,九个 num. 九;九个 adj. 九的,九个的",外研版一年级起点一年级上.xlsx
waiyan_start1|g1-upper|r115|ten,waiyan_start1,1年级上,1,上,115,ten,ten,[ten],[ten],"num. 十个,十",外研版一年级起点一年级上.xlsx
waiyan_start1|g1-upper|r116|pink,waiyan_start1,1年级上,1,上,116,pink,pink,[pɪŋk],[pɪŋk],"n. 粉红色;化身,典范;石竹花;头面人物 adj. 粉红的;比较激进的;石竹科的;脸色发红的 vt. 扎,刺,戳;使...变粉红色;使...面红耳赤 vi. 变粉红色",外研版一年级起点一年级上.xlsx
waiyan_start1|g1-upper|r117|ball,waiyan_start1,1年级上,1,上,117,ball,ball,[bɔːl],[bɔːl],n. 球;舞会 vt. 捏成球形 vi. 成团块,外研版一年级起点一年级上.xlsx
waiyan_start1|g1-upper|r118|so,waiyan_start1,1年级上,1,上,118,so,so,[səʊ],[soʊ],"conj. 所以;因此 adv. 如此,这么;确是如此 pron. 这样",外研版一年级起点一年级上.xlsx
waiyan_start1|g1-upper|r119|many,waiyan_start1,1年级上,1,上,119,many,many,[ˈmeni],[ˈmeni],pron. 许多;许多人 adj. 许多的,外研版一年级起点一年级上.xlsx
waiyan_start1|g1-upper|r120|brown,waiyan_start1,1年级上,1,上,120,brown,brown,[braʊn],[braʊn],"n. 褐色,棕色 adj. 棕色的,褐色的;太阳晒黑的 vt. 使变成褐色 vi. 变成褐色",外研版一年级起点一年级上.xlsx
waiyan_start1|g1-upper|r121|how old,waiyan_start1,1年级上,1,上,121,how old,how old,,,conj. 多少岁,外研版一年级起点一年级上.xlsx
waiyan_start1|g1-upper|r122|are,waiyan_start1,1年级上,1,上,122,are,are,[ɑ:(r)],[ər; ɑːr; er],v. 是(be的第二人称单复数现在式) n. 公亩,外研版一年级起点一年级上.xlsx
waiyan_start1|g1-upper|r123|too,waiyan_start1,1年级上,1,上,123,too,too,[tuː],[tuː],adv. 太;也;很;还;非常;过度,外研版一年级起点一年级上.xlsx
waiyan_start1|g1-upper|r124|happy,waiyan_start1,1年级上,1,上,124,happy,happy,[ˈhæpi],[ˈhæpi],adj. 幸福的;高兴的;巧妙的,外研版一年级起点一年级上.xlsx
waiyan_start1|g1-upper|r125|birthday,waiyan_start1,1年级上,1,上,125,birthday,birthday,[ˈbɜːθdeɪ],[ˈbɜːrθdeɪ],"n. 生日,诞辰;诞生的日子",外研版一年级起点一年级上.xlsx
waiyan_start1|g1-upper|r126|but,waiyan_start1,1年级上,1,上,126,but,but,[bət],[bət; bʌt],"conj. 但是;而是;然而 adv. 仅仅,只 prep. 除...以外",外研版一年级起点一年级上.xlsx
waiyan_start1|g1-upper|r127|for,waiyan_start1,1年级上,1,上,127,for,for,[fə(r)],[fər; fɔːr],"prep. 为,为了;因为;给;对于;至于;适合于 conj. 因为",外研版一年级起点一年级上.xlsx
waiyan_start1|g1-upper|r128|you're welcome!,waiyan_start1,1年级上,1,上,128,You're welcome!,you're welcome!,,,不客气;别客气;不用谢,外研版一年级起点一年级上.xlsx
waiyan_start1|g1-upper|r129|father,waiyan_start1,1年级上,1,上,129,father,father,[ˈfɑːðə(r)],[ˈfɑːðər],"n. 父亲,爸爸;神父;祖先;前辈 vt. 发明,创立;当...的父亲",外研版一年级起点一年级上.xlsx
waiyan_start1|g1-upper|r130|daddy,waiyan_start1,1年级上,1,上,130,daddy,daddy,[ˈdædi],[ˈdædi],n. 爸爸,外研版一年级起点一年级上.xlsx
waiyan_start1|g1-upper|r131|mother,waiyan_start1,1年级上,1,上,131,mother,mother,[ˈmʌðə(r)],[ˈmʌðər],n. 母亲;大娘;女修道院院长 vt. 生下;养育;像母亲般关怀或照管 adj. 母亲的;出生地的,外研版一年级起点一年级上.xlsx
waiyan_start1|g1-upper|r132|grandpa,waiyan_start1,1年级上,1,上,132,grandpa,grandpa,[ˈɡrænpɑː],[ˈɡrænpɑː],n. 爷爷;外公,外研版一年级起点一年级上.xlsx
waiyan_start1|g1-upper|r133|grandma,waiyan_start1,1年级上,1,上,133,grandma,grandma,[ˈɡrænmɑː],[ˈɡrænmɑː],n. 奶奶;外婆,外研版一年级起点一年级上.xlsx
waiyan_start1|g1-upper|r134|friend,waiyan_start1,1年级上,1,上,134,friend,friend,[frend],[frend],n. 朋友;助手;赞助者,外研版一年级起点一年级上.xlsx
waiyan_start1|g1-upper|r135|his,waiyan_start1,1年级上,1,上,135,his,his,[hɪz],[hɪz; ɪz],pron. 他的,外研版一年级起点一年级上.xlsx
waiyan_start1|g1-upper|r136|car,waiyan_start1,1年级上,1,上,136,car,car,[kɑː(r)],[kɑːr],n. 汽车;车厢,外研版一年级起点一年级上.xlsx
waiyan_start1|g1-upper|r137|sister,waiyan_start1,1年级上,1,上,137,sister,sister,[ˈsɪstə(r)],[ˈsɪstər],n. 姐妹;(称志同道合者)姐妹;修女;护士 adj. 姐妹般的;同类型的,外研版一年级起点一年级上.xlsx
waiyan_start1|g1-upper|r138|brother,waiyan_start1,1年级上,1,上,138,brother,brother,[ˈbrʌðə(r)],[ˈbrʌðər],n. 兄弟;同事;战友 int. 我的老兄!,外研版一年级起点一年级上.xlsx
waiyan_start1|g1-upper|r139|her,waiyan_start1,1年级上,1,上,139,her,her,[hə(r)],[hər; ɜːr; ər; hɜːr],pron. 她(she的宾格);她的(she的所有格);她(指某个国家;一艘船),外研版一年级起点一年级上.xlsx
waiyan_start1|g1-lower|r002|he,waiyan_start1,1年级下,1,下,2,he,he,[hi; iː; i; hiː],[hi; iː; i; hiː],"n. 男孩,男人;它(雄性动物) pron. 他",外研版一年级起点一年级下.xlsx
waiyan_start1|g1-lower|r003|he's,waiyan_start1,1年级下,1,下,3,he's,he's,,,abbr. 他是(he is);他有(he has),外研版一年级起点一年级下.xlsx
waiyan_start1|g1-lower|r004|he is,waiyan_start1,1年级下,1,下,4,he is,he is,,,他是;他比我大两岁;通常为形容词,外研版一年级起点一年级下.xlsx
waiyan_start1|g1-lower|r005|doctor,waiyan_start1,1年级下,1,下,5,doctor,doctor,[ˈdɒktə(r)],[ˈdɑːktər],"vt. 修理;篡改,伪造;为...治病;授以博士学位 n. 医生;博士 vi. 就医;行医",外研版一年级起点一年级下.xlsx
waiyan_start1|g1-lower|r006|she,waiyan_start1,1年级下,1,下,6,she,she,[ʃi],[ʃi; ʃiː],n. 女人;雌性动物 pron. 她(主格);它(用来指雌性动物或国家、船舶、地球、月亮等),外研版一年级起点一年级下.xlsx
waiyan_start1|g1-lower|r007|she's,waiyan_start1,1年级下,1,下,7,she's,she's,,,abbr. 她是(she is);她有(she has),外研版一年级起点一年级下.xlsx
waiyan_start1|g1-lower|r008|she is,waiyan_start1,1年级下,1,下,8,she is,she is,,,无,外研版一年级起点一年级下.xlsx
waiyan_start1|g1-lower|r009|me,waiyan_start1,1年级下,1,下,9,me,me,[mi; miː],[mi; miː],pron. 我(宾格) n. 自我;极端自私的人;自我的一部分,外研版一年级起点一年级下.xlsx
waiyan_start1|g1-lower|r010|nurse,waiyan_start1,1年级下,1,下,10,nurse,nurse,[nɜːs],[nɜːrs],"vt. 看护,护理;照顾;培养;给...喂奶 vi. 照料,护理;喂奶;当保姆 n. 护士;奶妈,保姆",外研版一年级起点一年级下.xlsx
waiyan_start1|g1-lower|r011|driver,waiyan_start1,1年级下,1,下,11,driver,driver,[ˈdraɪvə(r)],[ˈdraɪvər],n. 驾驶员;驱动程序;起子;传动器,外研版一年级起点一年级下.xlsx
waiyan_start1|g1-lower|r012|policeman,waiyan_start1,1年级下,1,下,12,policeman,policeman,[pəˈliːsmən],[pəˈliːsmən],"n. 警察,警员;[分化] 淀帚(橡皮头玻璃搅棒)",外研版一年级起点一年级下.xlsx
waiyan_start1|g1-lower|r013|pupil,waiyan_start1,1年级下,1,下,13,pupil,pupil,[ˈpjuːp(ə)l],[ˈpjuːpl],n. 学生;[解剖] 瞳孔;未成年人,外研版一年级起点一年级下.xlsx
waiyan_start1|g1-lower|r014|where,waiyan_start1,1年级下,1,下,14,where,where,[weə(r)],[wer],conj. 在...的地方 n. 地点 adv. 在哪里 pron. 哪里,外研版一年级起点一年级下.xlsx
waiyan_start1|g1-lower|r015|where's,waiyan_start1,1年级下,1,下,15,where's,where's,,,在哪里;威力现在在哪里;是哪里,外研版一年级起点一年级下.xlsx
waiyan_start1|g1-lower|r016|where is,waiyan_start1,1年级下,1,下,16,where is,where is,,,查找文件;查找命令;寻找特定档案,外研版一年级起点一年级下.xlsx
waiyan_start1|g1-lower|r017|in,waiyan_start1,1年级下,1,下,17,in,in,[ɪn],[ɪn],prep. 按照(表示方式);从事于;在...之内 n. 执政者;门路;知情者 adj. 在里面的;时髦的 adv. 进入;当选;(服装等)时髦;在屋里,外研版一年级起点一年级下.xlsx
waiyan_start1|g1-lower|r018|on,waiyan_start1,1年级下,1,下,18,on,on,[ɒn],[ɑːn],"adv. 向前地;作用中,行动中;继续着 prep. 向,朝......;关于;在......之上;在......时候 adj. 开着的;发生着的,正在进行中",外研版一年级起点一年级下.xlsx
waiyan_start1|g1-lower|r019|hat,waiyan_start1,1年级下,1,下,19,hat,hat,[hæt],[hæt],n. 帽子 vt. 给......戴上帽子 vi. 供应帽子;制造帽子,外研版一年级起点一年级下.xlsx
waiyan_start1|g1-lower|r020|under,waiyan_start1,1年级下,1,下,20,under,under,[ˈʌndə(r)],[ˈʌndər],"prep. 低于,少于;在...之下 adj. 下面的;从属的 adv. 在下面;在下方",外研版一年级起点一年级下.xlsx
waiyan_start1|g1-lower|r021|toy,waiyan_start1,1年级下,1,下,21,toy,toy,[tɔɪ],[tɔɪ],n. 玩具;小装饰品;不值钱的东西 adj. 作为玩具的;玩物似的 vi. 玩弄;调情;随随便便地对待,外研版一年级起点一年级下.xlsx
waiyan_start1|g1-lower|r022|bed,waiyan_start1,1年级下,1,下,22,bed,bed,[bed],[bed],"n. 床;基础;河底, 海底 vt. 使睡觉;安置,嵌入;栽种 vi. 上床;分层",外研版一年级起点一年级下.xlsx
waiyan_start1|g1-lower|r023|look at,waiyan_start1,1年级下,1,下,23,look at,look at,,,na. 看;考虑,外研版一年级起点一年级下.xlsx
waiyan_start1|g1-lower|r024|bear,waiyan_start1,1年级下,1,下,24,bear,bear,[beə(r)],[ber],"n. 熊 vt. 结果实,开花(正式) vt. 忍受;承受;具有;支撑",外研版一年级起点一年级下.xlsx
waiyan_start1|g1-lower|r025|eleven,waiyan_start1,1年级下,1,下,25,eleven,eleven,[ɪˈlev(ə)n],[ɪˈlevn],num. 十一;十一个 n. 十一;十一个 adj. 十一的;十一个的,外研版一年级起点一年级下.xlsx
waiyan_start1|g1-lower|r026|twelve,waiyan_start1,1年级下,1,下,26,twelve,twelve,[twelv],[twelv],num. 十二;十二个 n. 十二;十二个 adj. 十二的;十二个的,外研版一年级起点一年级下.xlsx
waiyan_start1|g1-lower|r027|don't,waiyan_start1,1年级下,1,下,27,don't,don't,,,n. 禁忌(等于do not) aux. 表示否定(等于do not),外研版一年级起点一年级下.xlsx
waiyan_start1|g1-lower|r028|do not,waiyan_start1,1年级下,1,下,28,do not,do not,,,无,外研版一年级起点一年级下.xlsx
waiyan_start1|g1-lower|r029|know,waiyan_start1,1年级下,1,下,29,know,know,[nəʊ],[noʊ],vt. 知道;认识;懂得 vi. 了解;熟悉;确信,外研版一年级起点一年级下.xlsx
waiyan_start1|g1-lower|r030|other,waiyan_start1,1年级下,1,下,30,other,other,[ˈʌðə(r)],[ˈʌðər],"adj. 其他的,另外的 pron. 另外一个",外研版一年级起点一年级下.xlsx
waiyan_start1|g1-lower|r031|fish,waiyan_start1,1年级下,1,下,31,fish,fish,[fɪʃ],[fɪʃ],"n. 鱼,鱼类 vt. 钓鱼,捕鱼;搜寻 vi. 捕鱼,钓鱼;用钩捞取",外研版一年级起点一年级下.xlsx
waiyan_start1|g1-lower|r032|tree,waiyan_start1,1年级下,1,下,32,tree,tree,[triː],[triː],n. 树;木料;树状物 vt. 把...赶上树 vi. 爬上树;逃上树,外研版一年级起点一年级下.xlsx
waiyan_start1|g1-lower|r033|let's,waiyan_start1,1年级下,1,下,33,let's,let's,,,让我们(let us的简写),外研版一年级起点一年级下.xlsx
waiyan_start1|g1-lower|r034|head,waiyan_start1,1年级下,1,下,34,head,head,[hed],[hed],n. 头;头痛;上端;最前的部分;理解力 adj. 头的;主要的;在顶端的 vt. 前进;用头顶;作为...的首领;站在...的前头;给...加标题 vi. 出发;成头状物;船驶往,外研版一年级起点一年级下.xlsx
waiyan_start1|g1-lower|r035|touch,waiyan_start1,1年级下,1,下,35,touch,touch,[tʌtʃ],[tʌtʃ],n. 接触;触觉;格调;少许 vt. 接触;触动;使轻度受害 vi. 触摸;涉及;接近;提到,外研版一年级起点一年级下.xlsx
waiyan_start1|g1-lower|r036|nose,waiyan_start1,1年级下,1,下,36,nose,nose,[nəʊz],[noʊz],n. 鼻子;嗅觉;突出的部分;探问 vt. 嗅;用鼻子触 vi. 小心探索着前进;探问,外研版一年级起点一年级下.xlsx
waiyan_start1|g1-lower|r037|face,waiyan_start1,1年级下,1,下,37,face,face,[feɪs],[feɪs],n. 脸;表面;面子;面容;外观;威信 vi. 向;朝 vt. 面对;面向;承认;抹盖,外研版一年级起点一年级下.xlsx
waiyan_start1|g1-lower|r038|ear,waiyan_start1,1年级下,1,下,38,ear,ear,[ɪə(r)],[ɪr],n. 耳朵;穗;听觉;倾听 vi. (美俚)听见;抽穗,外研版一年级起点一年级下.xlsx
waiyan_start1|g1-lower|r039|mouth,waiyan_start1,1年级下,1,下,39,mouth,mouth,[maʊθ],[maʊθ],"n. 口,嘴;河口 vt. 做作地说,装腔作势地说;喃喃地说出 vi. 装腔作势说话",外研版一年级起点一年级下.xlsx
waiyan_start1|g1-lower|r040|eye,waiyan_start1,1年级下,1,下,40,eye,eye,[aɪ],[aɪ],"n. 眼睛;视力;眼光;见解,观点 vt. 注视,看",外研版一年级起点一年级下.xlsx
waiyan_start1|g1-lower|r041|body,waiyan_start1,1年级下,1,下,41,body,body,[ˈbɒdi],[ˈbɑːdi],n. 身体;主体;大量;团体;主要部分 vt. 赋以形体,外研版一年级起点一年级下.xlsx
waiyan_start1|g1-lower|r042|these,waiyan_start1,1年级下,1,下,42,these,these,[ðiːz],[ðiːz],adj. 这些的 pron. 这些,外研版一年级起点一年级下.xlsx
waiyan_start1|g1-lower|r043|leg,waiyan_start1,1年级下,1,下,43,leg,leg,[leɡ],[leɡ],n. 腿;支柱,外研版一年级起点一年级下.xlsx
waiyan_start1|g1-lower|r044|hand,waiyan_start1,1年级下,1,下,44,hand,hand,[hænd],[hænd],"n. 手,手艺;帮助;指针;插手 vt. 传递,交给;支持;搀扶",外研版一年级起点一年级下.xlsx
waiyan_start1|g1-lower|r045|feet,waiyan_start1,1年级下,1,下,45,feet,feet,[fiːt],[fiːt],n. 脚(foot的复数形式);尺;韵脚,外研版一年级起点一年级下.xlsx
waiyan_start1|g1-lower|r046|baby,waiyan_start1,1年级下,1,下,46,baby,baby,[ˈbeɪbi],[ˈbeɪbi],"n. 婴儿,婴孩;孩子气的人 adj. 婴儿的;幼小的 vt. 纵容,娇纵;把......当婴儿般对待",外研版一年级起点一年级下.xlsx
waiyan_start1|g1-lower|r047|they,waiyan_start1,1年级下,1,下,47,they,they,[ðeɪ],[ðeɪ],pron. 他们;它们;她们,外研版一年级起点一年级下.xlsx
waiyan_start1|g1-lower|r048|they're,waiyan_start1,1年级下,1,下,48,they're,they're,,,,外研版一年级起点一年级下.xlsx
waiyan_start1|g1-lower|r049|they are,waiyan_start1,1年级下,1,下,49,they are,they are,,,无,外研版一年级起点一年级下.xlsx
waiyan_start1|g1-lower|r050|cow,waiyan_start1,1年级下,1,下,50,cow,cow,[kaʊ],[kaʊ],"n. 奶牛,母牛;母兽 vt. 威胁,恐吓",外研版一年级起点一年级下.xlsx
waiyan_start1|g1-lower|r051|pig,waiyan_start1,1年级下,1,下,51,pig,pig,[pɪɡ],[pɪɡ],"n. 猪;猪肉 vi. 生小猪;像猪一样过活 n. 警察(俚语,带有攻击性)",外研版一年级起点一年级下.xlsx
waiyan_start1|g1-lower|r052|farm,waiyan_start1,1年级下,1,下,52,farm,farm,[fɑːm],[fɑːrm],"n. 农场;农家;畜牧场 vt. 养殖;耕种;佃出(土地) vi. 种田,务农;经营农场",外研版一年级起点一年级下.xlsx
waiyan_start1|g1-lower|r053|duck,waiyan_start1,1年级下,1,下,53,duck,duck,[dʌk],[dʌk],n. 鸭子;鸭肉;(英)宝贝儿;零分 vt. 躲避;猛按...入水 vi. 闪避;没入水中,外研版一年级起点一年级下.xlsx
waiyan_start1|g1-lower|r054|chicken,waiyan_start1,1年级下,1,下,54,chicken,chicken,[ˈtʃɪkɪn],[ˈtʃɪkɪn],"n. 鸡肉;小鸡;胆小鬼,懦夫 adj. 鸡肉的;胆怯的;幼小的",外研版一年级起点一年级下.xlsx
waiyan_start1|g1-lower|r055|egg,waiyan_start1,1年级下,1,下,55,egg,egg,[eɡ],[eɡ],n. 蛋;卵子;家伙;鸡蛋 vt. 煽动;怂恿,外研版一年级起点一年级下.xlsx
waiyan_start1|g1-lower|r056|thin,waiyan_start1,1年级下,1,下,56,thin,thin,[θɪn],[θɪn],n. 细小部分 adj. 薄的;瘦的;稀薄的;微弱的 vt. 使瘦;使淡;使稀疏 vi. 变薄;变瘦;变淡 adv. 稀疏地;微弱地,外研版一年级起点一年级下.xlsx
waiyan_start1|g1-lower|r057|very,waiyan_start1,1年级下,1,下,57,very,very,[ˈveri],[ˈveri],"adv. 非常,很;完全 adj. 恰好是,正是;甚至;十足的;特有的",外研版一年级起点一年级下.xlsx
waiyan_start1|g1-lower|r058|fat,waiyan_start1,1年级下,1,下,58,fat,fat,[fæt],[fæt],"n. 脂肪,肥肉 adj. 肥的,胖的;油腻的;丰满的 vt. 养肥;在...中加入脂肪 vi. 长肥",外研版一年级起点一年级下.xlsx
waiyan_start1|g1-lower|r059|big,waiyan_start1,1年级下,1,下,59,big,big,[bɪɡ],[bɪɡ],adj. 大的;重要的;量大的 adv. 大量地;顺利;夸大地,外研版一年级起点一年级下.xlsx
waiyan_start1|g1-lower|r060|little,waiyan_start1,1年级下,1,下,60,little,little,[ˈlɪt(ə)l],[ˈlɪtl],adj. 小的;很少的;短暂的;小巧可爱的 adv. 完全不 n. 少许;没有多少;短时间,外研版一年级起点一年级下.xlsx
waiyan_start1|g1-lower|r061|snake,waiyan_start1,1年级下,1,下,61,snake,snake,[sneɪk],[sneɪk],n. 蛇;阴险的人 vt. 拉(木材等);迂回前进 vi. 迂回前进,外研版一年级起点一年级下.xlsx
waiyan_start1|g1-lower|r062|short,waiyan_start1,1年级下,1,下,62,short,short,[ʃɔːt],[ʃɔːrt],"n. 短;缺乏;短路;短裤 adj. 短的;不足的;矮的,低的 adv. 不足;突然;唐突地",外研版一年级起点一年级下.xlsx
waiyan_start1|g1-lower|r063|small,waiyan_start1,1年级下,1,下,63,small,small,[smɔːl],[smɔːl],"n. 小件物品;矮小的人 adj. 少的,小的;微弱的;几乎没有的;不重要的;幼小的 adv. 小小地;卑鄙地",外研版一年级起点一年级下.xlsx
waiyan_start1|g1-lower|r064|elephant,waiyan_start1,1年级下,1,下,64,elephant,elephant,[ˈelɪfənt],[ˈelɪfənt],n. 象;大号图画纸,外研版一年级起点一年级下.xlsx
waiyan_start1|g1-lower|r065|go,waiyan_start1,1年级下,1,下,65,go,go,[ɡəʊ],[ɡoʊ],n. 去;进行;尝试 vi. 走;达到;运转;趋于 vt. 忍受;出产;以...打赌 [复数 goes 第三人称单数 goes 过去式 went 过去分词 gone 现在分词 going],外研版一年级起点一年级下.xlsx
waiyan_start1|g1-lower|r066|zoo,waiyan_start1,1年级下,1,下,66,zoo,zoo,[zuː],[zuː],n. 动物园; <美俚>(铁路货车的最后一节)守车; <美俚>核粒子园,外研版一年级起点一年级下.xlsx
waiyan_start1|g1-lower|r067|long,waiyan_start1,1年级下,1,下,67,long,long,[lɒŋ],[lɔːŋ],"n. 长时间;[语] 长音节;(服装的)长尺寸;长裤 adj. 长的;过长的;做多头的;长时间的;冗长的,长音 vi. 渴望;热望 adv. 长期地;始终",外研版一年级起点一年级下.xlsx
waiyan_start1|g1-lower|r068|giraffe,waiyan_start1,1年级下,1,下,68,giraffe,giraffe,[dʒəˈrɑːf],[dʒəˈræf],n. 长颈鹿,外研版一年级起点一年级下.xlsx
waiyan_start1|g1-lower|r069|tall,waiyan_start1,1年级下,1,下,69,tall,tall,[tɔːl],[tɔːl],adj. 高的;长的;过分的;夸大的 adv. 夸大地,外研版一年级起点一年级下.xlsx
waiyan_start1|g1-lower|r070|tiger,waiyan_start1,1年级下,1,下,70,tiger,tiger,[ˈtaɪɡə(r)],[ˈtaɪɡər],n. 老虎;凶暴的人,外研版一年级起点一年级下.xlsx
waiyan_start1|g1-lower|r071|cute,waiyan_start1,1年级下,1,下,71,cute,cute,[kjuːt],[kjuːt],"adj. 可爱的;漂亮的;聪明的,伶俐的",外研版一年级起点一年级下.xlsx
waiyan_start1|g1-lower|r072|strong,waiyan_start1,1年级下,1,下,72,strong,strong,[strɒŋ],[strɔːŋ],adj. 坚强的;强壮的;牢固的;擅长的 adv. 强劲地;猛烈地,外研版一年级起点一年级下.xlsx
waiyan_start1|g1-lower|r073|horse,waiyan_start1,1年级下,1,下,73,horse,horse,[hɔːs],[hɔːrs],n. 马;骑兵;脚架;海洛因 vt. 使骑马;系马于;捉弄 vi. 骑马;作弄人,外研版一年级起点一年级下.xlsx
waiyan_start1|g1-lower|r074|aren't,waiyan_start1,1年级下,1,下,74,aren't,aren't,,,abbr. 不是(are not),外研版一年级起点一年级下.xlsx
waiyan_start1|g1-lower|r075|are not,waiyan_start1,1年级下,1,下,75,are not,are not,,,无,外研版一年级起点一年级下.xlsx
waiyan_start1|g1-lower|r076|there is,waiyan_start1,1年级下,1,下,76,there is,there is,[ðɛə iz],[ðɛr ɪz],"na. [was, are 等 ] 有",外研版一年级起点一年级下.xlsx
waiyan_start1|g1-lower|r077|animal,waiyan_start1,1年级下,1,下,77,animal,animal,[ˈænɪm(ə)l],[ˈænɪm(ə)l],n. 动物 动物的,外研版一年级起点一年级下.xlsx
waiyan_start1|g1-lower|r078|can,waiyan_start1,1年级下,1,下,78,can,can,[kən; kæn],[kən; kæn],aux. 能; 能够; 可以; 可能 n. 罐头; (用金属或塑料制作的)容器; (马口铁或其他金属制作的)食品罐头 vt. 将...装入密封罐中保存,外研版一年级起点一年级下.xlsx
waiyan_start1|g1-lower|r079|see,waiyan_start1,1年级下,1,下,79,see,see,[siː],[siː],vi. 看;看见;领会 vt. 看见;理解;领会,外研版一年级起点一年级下.xlsx
waiyan_start1|g1-lower|r080|there are,waiyan_start1,1年级下,1,下,80,there are,there are,,,"有...,存在着...",外研版一年级起点一年级下.xlsx
waiyan_start1|g1-lower|r081|help,waiyan_start1,1年级下,1,下,81,help,help,[help],[help],n. 帮助;补救办法;帮忙者;有益的东西 vt. 帮助;促进;治疗;补救 vi. 帮助;有用;招待,外研版一年级起点一年级下.xlsx
waiyan_start1|g1-lower|r082|over there,waiyan_start1,1年级下,1,下,82,over there,over there,['əʊvə(r) ðeə(r)],[ˈəʊvər ðer],na. 在那边;〔美国〕在欧洲;〔大战用语〕在战地,外研版一年级起点一年级下.xlsx
waiyan_start1|g1-lower|r083|table,waiyan_start1,1年级下,1,下,83,table,table,[ˈteɪb(ə)l],[ˈteɪbl],n. 桌子;表格;平地层 vt. 制表;搁置;嵌合 adj. 桌子的,外研版一年级起点一年级下.xlsx
waiyan_start1|g1-lower|r084|we,waiyan_start1,1年级下,1,下,84,we,we,[wi; wiː],[wi],"pron. 我们(主格);笔者,本人(作者或演讲人使用);朕,寡人",外研版一年级起点一年级下.xlsx
waiyan_start1|g1-lower|r085|miaow,waiyan_start1,1年级下,1,下,85,miaow,miaow,[miˈaʊ],[miˈaʊ],vi. 猫叫 n. 猫叫声,外研版一年级起点一年级下.xlsx
waiyan_start1|g1-lower|r086|some,waiyan_start1,1年级下,1,下,86,some,some,[sʌm],[sʌm; səm],adj. 一些;某个;大约;相当多的 pron. 一些;若干;其中的一部分;(数量不确切时用)有些人 adv. 非常;相当;<美>稍微,外研版一年级起点一年级下.xlsx
waiyan_start1|g1-lower|r087|at,waiyan_start1,1年级下,1,下,87,at,at,[ət],[ət; æt],prep. 在(表示存在或出现的地点、场所、位置、空间);以(某种价格、速度等);向;达;因为;朝;忙于 n. 阿特(老挝货币基本单位att);[化]砹(极不稳定放射性元素) abbr. 密封的(airtight);气温(air temperature),外研版一年级起点一年级下.xlsx
waiyan_start1|g1-lower|r088|a pair of,waiyan_start1,1年级下,1,下,88,a pair of,a pair of,,,det. 一双,外研版一年级起点一年级下.xlsx
waiyan_start1|g1-lower|r089|shorts,waiyan_start1,1年级下,1,下,89,shorts,shorts,[ʃɔːts],[ʃɔːrts],n. 短裤,外研版一年级起点一年级下.xlsx
waiyan_start1|g1-lower|r090|shirt,waiyan_start1,1年级下,1,下,90,shirt,shirt,[ʃɜːt],[ʃɜːrt],"n. 衬衫;汗衫,内衣",外研版一年级起点一年级下.xlsx
waiyan_start1|g1-lower|r091|shoe,waiyan_start1,1年级下,1,下,91,shoe,shoe,[ʃuː],[ʃuː],n. 鞋;蹄铁;外胎 vt. 给......穿上鞋;穿......鞋,外研版一年级起点一年级下.xlsx
waiyan_start1|g1-lower|r092|swim,waiyan_start1,1年级下,1,下,92,swim,swim,[swɪm],[swɪm],n. 游泳;漂浮;眩晕 adj. 游泳时穿戴的 vi. 游泳;漂浮;浸;眩晕 vt. 游过;使浮起,外研版一年级起点一年级下.xlsx
waiyan_start1|g1-lower|r093|ok,waiyan_start1,1年级下,1,下,93,OK,ok,[əʊˈkeɪ],[ˌoʊ'keɪ],adj. 好的;不错的 adv. 行;很好 int. 好;可以 vt. 对...表示同意 n. 同意,外研版一年级起点一年级下.xlsx
waiyan_start1|g1-lower|r094|sock,waiyan_start1,1年级下,1,下,94,sock,sock,[sɒk],[sɑːk],vt. 重击;给......穿袜 n. 短袜;一击 adv. 正着地;不偏不倚地 adj. 非常成功的,外研版一年级起点一年级下.xlsx
waiyan_start1|g1-lower|r095|put on,waiyan_start1,1年级下,1,下,95,put on,put on,[pʊt ɒn],[pʊt ɑːn],na. 假话,外研版一年级起点一年级下.xlsx
waiyan_start1|g1-lower|r096|clothes,waiyan_start1,1年级下,1,下,96,clothes,clothes,[kləʊðz],[kloʊðz; kloʊz],n. 衣服,外研版一年级起点一年级下.xlsx
waiyan_start1|g1-lower|r097|here,waiyan_start1,1年级下,1,下,97,here,here,[hɪə(r)],[hɪr],n. 这里 adv. 在这里;此时 int. 嘿!;喂!,外研版一年级起点一年级下.xlsx
waiyan_start1|g1-lower|r098|football,waiyan_start1,1年级下,1,下,98,football,football,[ˈfʊtbɔːl],[ˈfʊtbɔːl],"n. 足球,橄榄球 vi. 踢足球;打橄榄球",外研版一年级起点一年级下.xlsx
waiyan_start1|g1-lower|r099|basketball,waiyan_start1,1年级下,1,下,99,basketball,basketball,[ˈbɑːskɪtbɔːl],[ˈbæskɪtbɔːl],n. 篮球;篮球运动,外研版一年级起点一年级下.xlsx
waiyan_start1|g1-lower|r100|ping-pong,waiyan_start1,1年级下,1,下,100,ping-pong,ping-pong,[ˈpɪŋ pɒŋ],[ˈpɪŋ pɑːŋ],n. 乒乓球;桌球,外研版一年级起点一年级下.xlsx
waiyan_start1|g1-lower|r101|like,waiyan_start1,1年级下,1,下,101,like,like,[laɪk],[laɪk],vt. 喜欢;想;愿意 vi. 喜欢;希望 prep. 像;如同 adj. 同样的;相似的 n. 爱好;同样的人或物 adv. 可能 conj. 好像,外研版一年级起点一年级下.xlsx
waiyan_start1|g1-lower|r102|lion,waiyan_start1,1年级下,1,下,102,lion,lion,[ˈlaɪən],[ˈlaɪən],n. 狮子;名人;勇猛的人;社交场合的名流,外研版一年级起点一年级下.xlsx
waiyan_start1|g1-lower|r103|them,waiyan_start1,1年级下,1,下,103,them,them,[ðəm; ðem],[ðəm; ðem],pron. 他们;它们;她们,外研版一年级起点一年级下.xlsx
waiyan_start1|g1-lower|r104|all,waiyan_start1,1年级下,1,下,104,all,all,[ɔːl],[ɔːl],n. 全部 adj. 全部的 adv. 全然地;越发 pron. 全部,外研版一年级起点一年级下.xlsx
waiyan_start1|g1-lower|r105|play,waiyan_start1,1年级下,1,下,105,play,play,[pleɪ],[pleɪ],n. 游戏;比赛;剧本 vt. 游戏;扮演;演奏;播放;同...比赛 vi. 演奏;玩耍;上演;参加比赛,外研版一年级起点一年级下.xlsx
waiyan_start1|g1-lower|r106|with,waiyan_start1,1年级下,1,下,106,with,with,[wɪð],[wɪð; wɪθ],prep. 用;随着;支持;和...在一起,外研版一年级起点一年级下.xlsx
waiyan_start1|g1-lower|r107|together,waiyan_start1,1年级下,1,下,107,together,together,[təˈɡeðə(r)],[təˈɡeðər],"adj. 新潮的;情绪稳定的,做事有效率的 adv. 一起;同时;相互;连续地;总共",外研版一年级起点一年级下.xlsx
waiyan_start1|g1-lower|r108|favourite,waiyan_start1,1年级下,1,下,108,favourite,favourite,[ˈfeɪvərɪt],[ˈfeɪvərɪt],n. 特别喜爱的人(或物) adj. 特别受喜爱的,外研版一年级起点一年级下.xlsx
waiyan_start1|g1-lower|r109|sport,waiyan_start1,1年级下,1,下,109,sport,sport,[spɔːt],[spɔːrt],n. 运动;游戏;娱乐;运动会;玩笑 adj. 运动的 vt. 游戏;参加体育运动;夸耀 vi. 游戏,外研版一年级起点一年级下.xlsx
waiyan_start1|g1-lower|r110|guess,waiyan_start1,1年级下,1,下,110,guess,guess,[ɡes],[ɡes],n. 猜测;推测 vi. 猜;推测;猜中 vt. 猜测;认为;推测;猜中 n. 盖尔斯(美国服装品牌),外研版一年级起点一年级下.xlsx
waiyan_start1|g1-lower|r111|meatball,waiyan_start1,1年级下,1,下,111,meatball,meatball,[ˈmiːtbɔːl],[ˈmiːtbɔːl],n. 肉丸子;笨蛋;乏味的人;“肉丸旗”(指日本国旗),外研版一年级起点一年级下.xlsx
waiyan_start1|g1-lower|r112|what about ...?,waiyan_start1,1年级下,1,下,112,What about ...?,what about ...?,,,un. 不;...怎样,外研版一年级起点一年级下.xlsx
waiyan_start1|g1-lower|r113|swimming,waiyan_start1,1年级下,1,下,113,swimming,swimming,[ˈswɪmɪŋ],[ˈswɪmɪŋ],n. 游泳;目眩 adj. 游泳的;游泳用的;善于游泳的;晕眩的 v. 游泳;漂浮;旋转(swim的ing形式),外研版一年级起点一年级下.xlsx
waiyan_start1|g1-lower|r114|idea,waiyan_start1,1年级下,1,下,114,idea,idea,[aɪˈdɪə],[aɪˈdiːə],n. 想法;主意;概念,外研版一年级起点一年级下.xlsx
waiyan_start1|g1-lower|r115|hot,waiyan_start1,1年级下,1,下,115,hot,hot,[hɒt],[hɑːt],adj. 热的;辣的;热情的;激动的;紧迫的 vt. 增加;给...加温 adv. 热;紧迫地 vi. 变热,外研版一年级起点一年级下.xlsx
waiyan_start1|g1-lower|r116|go swimming,waiyan_start1,1年级下,1,下,116,go swimming,go swimming,,,na. 去游泳,外研版一年级起点一年级下.xlsx
waiyan_start1|g1-lower|r117|sing,waiyan_start1,1年级下,1,下,117,sing,sing,[sɪŋ],[sɪŋ],n. 演唱;鸣声;呼啸声 vt. 唱;用诗赞颂;唱着使 vi. 唱歌;歌颂;鸣叫;呼号,外研版一年级起点一年级下.xlsx
waiyan_start1|g1-lower|r118|dance,waiyan_start1,1年级下,1,下,118,dance,dance,[dɑːns],[dæns],n. 舞蹈;舞会;舞曲 adj. 舞蹈的;用于跳舞的 vt. 跳舞;使跳跃 vi. 跳舞;跳跃;飘扬,外研版一年级起点一年级下.xlsx
waiyan_start1|g1-lower|r119|tired,waiyan_start1,1年级下,1,下,119,tired,tired,[ˈtaɪəd],[ˈtaɪərd],"v. 疲倦;对...腻烦(tire的过去分词形式) adj. 疲倦的;厌倦的,厌烦的",外研版一年级起点一年级下.xlsx
waiyan_start1|g2-upper|r002|song,waiyan_start1,2年级上,2,上,2,song,song,[sɒŋ],[sɔŋ],n. 歌曲;歌唱;诗歌;鸣声,外研版一年级起点二年级上.xlsx
waiyan_start1|g2-upper|r003|come on,waiyan_start1,2年级上,2,上,3,come on,come on,,,"na. (演员)出台;进行(很好);(暴风雨等)起;(病,苦痛等)加深",外研版一年级起点二年级上.xlsx
waiyan_start1|g2-upper|r004|team,waiyan_start1,2年级上,2,上,4,team,team,[tiːm],[tiːm],n. 队;组 vt. 使合作 vi. 合作,外研版一年级起点二年级上.xlsx
waiyan_start1|g2-upper|r005|meat,waiyan_start1,2年级上,2,上,5,meat,meat,[miːt],[miːt],"n. 肉,肉类(食用)",外研版一年级起点二年级上.xlsx
waiyan_start1|g2-upper|r006|noodles,waiyan_start1,2年级上,2,上,6,noodles,noodles,[ˈnuːd(ə)lz],[ˈnuːd(ə)lz],"n. 面条,挂面(noodle的复数形式)",外研版一年级起点二年级上.xlsx
waiyan_start1|g2-upper|r007|rice,waiyan_start1,2年级上,2,上,7,rice,rice,[raɪs],[raɪs],n. 稻;米饭 vt. 把...捣成米糊状,外研版一年级起点二年级上.xlsx
waiyan_start1|g2-upper|r008|sweets,waiyan_start1,2年级上,2,上,8,sweets,sweets,[swi:ts],[swiːts],n. 糖果;甜食(sweet的复数),外研版一年级起点二年级上.xlsx
waiyan_start1|g2-upper|r009|children,waiyan_start1,2年级上,2,上,9,children,children,[ˈtʃɪldrən],[ˈtʃɪldrən],n. 孩子们(child的复数),外研版一年级起点二年级上.xlsx
waiyan_start1|g2-upper|r010|ginger,waiyan_start1,2年级上,2,上,10,ginger,ginger,[ˈdʒɪndʒə(r)],[ˈdʒɪndʒər],n. 姜;姜黄色;精力;有姜味 vt. 用姜给...调味;使某人有活力 adj. 姜黄色的,外研版一年级起点二年级上.xlsx
waiyan_start1|g2-upper|r011|nice,waiyan_start1,2年级上,2,上,11,nice,nice,[naɪs],[naɪs],adj. 精密的;美好的;细微的;和蔼的,外研版一年级起点二年级上.xlsx
waiyan_start1|g2-upper|r012|mm,waiyan_start1,2年级上,2,上,12,mm,mm,[əm əm],[m; ʌm],abbr. 毫米(millimeter) n. 缅甸的域名,外研版一年级起点二年级上.xlsx
waiyan_start1|g2-upper|r013|onion,waiyan_start1,2年级上,2,上,13,onion,onion,[ˈʌnjən],[ˈʌnjən],n. 洋葱;洋葱头,外研版一年级起点二年级上.xlsx
waiyan_start1|g2-upper|r014|ice cream,waiyan_start1,2年级上,2,上,14,ice cream,ice cream,[ˈaɪs kriːm],[ˈaɪs kriːm],n. 【食】冰淇淋,外研版一年级起点二年级上.xlsx
waiyan_start1|g2-upper|r015|banana,waiyan_start1,2年级上,2,上,15,banana,banana,[bəˈnɑːnə],[bəˈnænə],n. 香蕉;喜剧演员;大鹰钩鼻,外研版一年级起点二年级上.xlsx
waiyan_start1|g2-upper|r016|apple,waiyan_start1,2年级上,2,上,16,apple,apple,[ˈæp(ə)l],[ˈæpl],"n. 苹果,苹果树,苹果似的东西;[美俚]炸弹,手榴弹,(棒球的)球;[美俚]人,家伙。",外研版一年级起点二年级上.xlsx
waiyan_start1|g2-upper|r017|milk,waiyan_start1,2年级上,2,上,17,milk,milk,[mɪlk],[mɪlk],n. 牛奶;乳状物 vt. 榨取;挤...的奶 vi. 挤奶,外研版一年级起点二年级上.xlsx
waiyan_start1|g2-upper|r018|orange,waiyan_start1,2年级上,2,上,18,orange,orange,[ˈɒrɪndʒ],[ˈɔrɪndʒ],adj. 橙色的;橘色的 n. 橙;橙色;桔子,外研版一年级起点二年级上.xlsx
waiyan_start1|g2-upper|r019|fruit,waiyan_start1,2年级上,2,上,19,fruit,fruit,[fruːt],[fruːt],n. 水果;产物 vt. 使......结果实 vi. 结果实,外研版一年级起点二年级上.xlsx
waiyan_start1|g2-upper|r020|milkshake,waiyan_start1,2年级上,2,上,20,milkshake,milkshake,[ˈmɪlkʃeɪk],[ˈmɪlkʃeɪk],n. 奶昔,外研版一年级起点二年级上.xlsx
waiyan_start1|g2-upper|r021|here you are.,waiyan_start1,2年级上,2,上,21,Here you are.,here you are.,,,"[口语];我们(或你,你们)到了!;这就是我们(或你,你们)所要的东西。",外研版一年级起点二年级上.xlsx
waiyan_start1|g2-upper|r022|everything,waiyan_start1,2年级上,2,上,22,everything,everything,[ˈevriθɪŋ],[ˈevriθɪŋ],pron. 每件事物;最重要的东西;(有关的)一切;万事,外研版一年级起点二年级上.xlsx
waiyan_start1|g2-upper|r023|tomato,waiyan_start1,2年级上,2,上,23,tomato,tomato,[təˈmɑːtəʊ],[təˈmeɪtoʊ],"n. 番茄,西红柿",外研版一年级起点二年级上.xlsx
waiyan_start1|g2-upper|r024|really,waiyan_start1,2年级上,2,上,24,really,really,[ˈriːəli],[ˈriːəli],"adv. 实际上,事实上;真正地,真实地;真的吗?(表语气)",外研版一年级起点二年级上.xlsx
waiyan_start1|g2-upper|r025|their,waiyan_start1,2年级上,2,上,25,their,their,[ðeə(r)],[ðer],"pron. 他们的,她们的;它们的",外研版一年级起点二年级上.xlsx
waiyan_start1|g2-upper|r026|favourite,waiyan_start1,2年级上,2,上,26,favourite,favourite,[ˈfeɪvərɪt],[ˈfeɪvərɪt],n. 特别喜爱的人(或物) adj. 特别受喜爱的,外研版一年级起点二年级上.xlsx
waiyan_start1|g2-upper|r027|t-shirt,waiyan_start1,2年级上,2,上,27,T-shirt,t-shirt,[ˈtiː ʃɜːt],[ˈtiː ʃɜːrt],n. 短袖圆领汗衫,外研版一年级起点二年级上.xlsx
waiyan_start1|g2-upper|r028|here's,waiyan_start1,2年级上,2,上,28,here's,here's,,,=here is,外研版一年级起点二年级上.xlsx
waiyan_start1|g2-upper|r029|here is,waiyan_start1,2年级上,2,上,29,here is,here is,,,这是;是简单的倒装句;在这里,外研版一年级起点二年级上.xlsx
waiyan_start1|g2-upper|r030|hm,waiyan_start1,2年级上,2,上,30,hm,hm,[ˌeɪtʃ ˈem],[m; hm],abbr. 百米(hectometer),外研版一年级起点二年级上.xlsx
waiyan_start1|g2-upper|r031|dress,waiyan_start1,2年级上,2,上,31,dress,dress,[dres],[dres],n. 连衣裙;女装 vt. 给...穿衣 vi. 穿衣,外研版一年级起点二年级上.xlsx
waiyan_start1|g2-upper|r032|too,waiyan_start1,2年级上,2,上,32,too,too,[tuː],[tuː],adv. 太;也;很;还;非常;过度,外研版一年级起点二年级上.xlsx
waiyan_start1|g2-upper|r033|one,waiyan_start1,2年级上,2,上,33,one,one,[wʌn],[wʌn],pron. 一个人;任何人 adj. 一的;唯一的 n. 一 num. 一;一个,外研版一年级起点二年级上.xlsx
waiyan_start1|g2-upper|r034|doesn't,waiyan_start1,2年级上,2,上,34,doesn't,doesn't,,,aux. 表示否定(等于does not),外研版一年级起点二年级上.xlsx
waiyan_start1|g2-upper|r035|does not,waiyan_start1,2年级上,2,上,35,does not,does not,,,不;不是;否定就用,外研版一年级起点二年级上.xlsx
waiyan_start1|g2-upper|r036|trousers,waiyan_start1,2年级上,2,上,36,trousers,trousers,[ˈtraʊzəz],[ˈtraʊzərz],"n. 裤子,长裤",外研版一年级起点二年级上.xlsx
waiyan_start1|g2-upper|r037|party,waiyan_start1,2年级上,2,上,37,party,party,[ˈpɑːti],[ˈpɑːrti],"n. 政党,党派;聚会,派对;当事人 [复数 parties] vi. 参加社交聚会 [ 过去式 partied 过去分词 partied 现在分词 partying ]",外研版一年级起点二年级上.xlsx
waiyan_start1|g2-upper|r038|get up,waiyan_start1,2年级上,2,上,38,get up,get up,[ɡet ʌp],[ɡet ʌp],na. 起床;起身;站起来;叫...起床,外研版一年级起点二年级上.xlsx
waiyan_start1|g2-upper|r039|poster,waiyan_start1,2年级上,2,上,39,poster,poster,[ˈpəʊstə(r)],[ˈpoʊstər],"n. 海报,广告;招贴",外研版一年级起点二年级上.xlsx
waiyan_start1|g2-upper|r040|go to school,waiyan_start1,2年级上,2,上,40,go to school,go to school,,,na. 到校上课;上学去;开始求学,外研版一年级起点二年级上.xlsx
waiyan_start1|g2-upper|r041|have,waiyan_start1,2年级上,2,上,41,have,have,[həv],[həv; əv; hæv],aux. 已经 vt. 有;让;拿;从事;允许,外研版一年级起点二年级上.xlsx
waiyan_start1|g2-upper|r042|lunch,waiyan_start1,2年级上,2,上,42,lunch,lunch,[lʌntʃ],[lʌntʃ],n. 午餐 vt. 吃午餐;供给午餐 vi. 吃午餐;供给午餐,外研版一年级起点二年级上.xlsx
waiyan_start1|g2-upper|r043|have lunch,waiyan_start1,2年级上,2,上,43,have lunch,have lunch,[hæv lʌntʃ],[hæv lʌntʃ],吃午饭;吃午餐;吃中饭,外研版一年级起点二年级上.xlsx
waiyan_start1|g2-upper|r044|home,waiyan_start1,2年级上,2,上,44,home,home,[həʊm],[hoʊm],"n. 家,住宅;产地;家乡;避难所 adj. 国内的,家庭的;有效的 vt. 归巢,回家 adv. 在家,回家;深入地",外研版一年级起点二年级上.xlsx
waiyan_start1|g2-upper|r045|go home,waiyan_start1,2年级上,2,上,45,go home,go home,,,na. 回家;〈口〉死;(忠告等)刻骨铭心;击中,外研版一年级起点二年级上.xlsx
waiyan_start1|g2-upper|r046|watch,waiyan_start1,2年级上,2,上,46,watch,watch,[wɒtʃ],[wɑːtʃ],"n. 手表;监视;守护;值班人 vt. 观察;注视;看守;警戒 vi. 观看,注视;守侯,看守",外研版一年级起点二年级上.xlsx
waiyan_start1|g2-upper|r047|tv,waiyan_start1,2年级上,2,上,47,TV,tv,[ˌtiː ˈviː],[ˌtiː ˈviː],abbr. 电视(television),外研版一年级起点二年级上.xlsx
waiyan_start1|g2-upper|r048|watch tv,waiyan_start1,2年级上,2,上,48,watch TV,watch tv,,,v. 看电视,外研版一年级起点二年级上.xlsx
waiyan_start1|g2-upper|r049|on,waiyan_start1,2年级上,2,上,49,on,on,[ɒn],[ɑːn],"adv. 向前地;作用中,行动中;继续着 prep. 向,朝......;关于;在......之上;在......时候 adj. 开着的;发生着的,正在进行中",外研版一年级起点二年级上.xlsx
waiyan_start1|g2-upper|r050|sunday,waiyan_start1,2年级上,2,上,50,Sunday,sunday,[ˈsʌndeɪ],[ˈsʌndeɪ],n. 星期日;礼拜日,外研版一年级起点二年级上.xlsx
waiyan_start1|g2-upper|r051|park,waiyan_start1,2年级上,2,上,51,park,park,[pɑːk],[pɑːrk],n. 公园;[交] 停车场 vt. 停放;放置;寄存 vi. 停放车辆,外研版一年级起点二年级上.xlsx
waiyan_start1|g2-upper|r052|great,waiyan_start1,2年级上,2,上,52,great,great,[ɡreɪt],[ɡreɪt],"n. 大师;大人物;伟人们 adj. 伟大的,重大的;极好的,好的;主要的",外研版一年级起点二年级上.xlsx
waiyan_start1|g2-upper|r053|goal,waiyan_start1,2年级上,2,上,53,goal,goal,[ɡəʊl],[ɡoʊl],"n. 目标;球门,得分数;终点 vi. 攻门,射门得分",外研版一年级起点二年级上.xlsx
waiyan_start1|g2-upper|r054|hooray,waiyan_start1,2年级上,2,上,54,hooray,hooray,[huˈreɪ],[huˈreɪ],n. 万岁 vt. 呼万岁 int. 万岁 vi. 呼万岁,外研版一年级起点二年级上.xlsx
waiyan_start1|g2-upper|r055|live,waiyan_start1,2年级上,2,上,55,live,live,[lɪv; laɪv],[lɪv; laɪv],adj. 活的;生动的;实况转播的;精力充沛的 vt. 经历;度过 vi. 活;居住;生存,外研版一年级起点二年级上.xlsx
waiyan_start1|g2-upper|r056|moon,waiyan_start1,2年级上,2,上,56,moon,moon,[muːn],[muːn],n. 月亮;月球;月光;卫星 vi. 闲荡;出神 vt. 虚度,外研版一年级起点二年级上.xlsx
waiyan_start1|g2-upper|r057|sky,waiyan_start1,2年级上,2,上,57,sky,sky,[skaɪ],[skaɪ],n. 天空;顶点 vt. 把...投向空中;把...挂得过高 vi. 踢或击高空球;把桨叶翘得过高;飞涨,外研版一年级起点二年级上.xlsx
waiyan_start1|g2-upper|r058|city,waiyan_start1,2年级上,2,上,58,city,city,[ˈsɪti],[ˈsɪti],"n. 城市,都市 adj. 城市的;都会的",外研版一年级起点二年级上.xlsx
waiyan_start1|g2-upper|r059|how,waiyan_start1,2年级上,2,上,59,how,how,[haʊ],[haʊ],adv. 如何;多少;多么 n. 方法;方式 conj. 如何,外研版一年级起点二年级上.xlsx
waiyan_start1|g2-upper|r060|train,waiyan_start1,2年级上,2,上,60,train,train,[treɪn],[treɪn],n. 火车;行列;长队;裙裾 v. 培养;训练;瞄准,外研版一年级起点二年级上.xlsx
waiyan_start1|g2-upper|r061|chug,waiyan_start1,2年级上,2,上,61,chug,chug,[tʃʌɡ],[tʃʌɡ],n. (美)轧轧声 vi. 发出轧轧声;发出嘎嚓声;发出轧轧声前进,外研版一年级起点二年级上.xlsx
waiyan_start1|g2-upper|r062|bus,waiyan_start1,2年级上,2,上,62,bus,bus,[bʌs],[bʌs],n. 公共汽车 乘公共汽车,外研版一年级起点二年级上.xlsx
waiyan_start1|g2-upper|r063|beep,waiyan_start1,2年级上,2,上,63,beep,beep,[biːp],[biːp],n. 哔哔的声音;警笛声 vt. 嘟嘟响 vi. 嘟嘟响,外研版一年级起点二年级上.xlsx
waiyan_start1|g2-upper|r064|by,waiyan_start1,2年级上,2,上,64,by,by,[baɪ],[baɪ],prep. 通过;被;依据;经由;在附近;在......之前 adv. 通过;经过;附近;[互联网] 白俄罗斯的国家代码顶级域名,外研版一年级起点二年级上.xlsx
waiyan_start1|g2-upper|r065|walk,waiyan_start1,2年级上,2,上,65,walk,walk,[wɔːk],[wɔːk],"n. 步行,走;散步 vi. 走,步行;散步 vt. 散步;走过",外研版一年级起点二年级上.xlsx
waiyan_start1|g2-upper|r066|how about ...?,waiyan_start1,2年级上,2,上,66,How about ...?,how about ...?,,,怎么样;如何;怎麽样,外研版一年级起点二年级上.xlsx
waiyan_start1|g2-upper|r067|goes,waiyan_start1,2年级上,2,上,67,goes,goes,[ɡəʊz],[ɡoʊz],vi. 前进;行走(go的第三人称单数形式,外研版一年级起点二年级上.xlsx
waiyan_start1|g2-upper|r068|work,waiyan_start1,2年级上,2,上,68,work,work,[wɜːk],[wɜːrk],n. 工作;[物] 功;产品;操作;职业;行为;事业;工厂;著作;文学、音乐或艺术作品 vt. 使工作;操作;经营;使缓慢前进 vi. 工作;运作;起作用,外研版一年级起点二年级上.xlsx
waiyan_start1|g2-upper|r069|go to work,waiyan_start1,2年级上,2,上,69,go to work,go to work,,,v. 着手工作,外研版一年级起点二年级上.xlsx
waiyan_start1|g2-upper|r070|bike,waiyan_start1,2年级上,2,上,70,bike,bike,[baɪk],[baɪk],n. 自行车;脚踏车 vi. 骑自行车(或摩托车),外研版一年级起点二年级上.xlsx
waiyan_start1|g2-upper|r071|with,waiyan_start1,2年级上,2,上,71,with,with,[wɪð],[wɪð; wɪθ],prep. 用;随着;支持;和...在一起,外研版一年级起点二年级上.xlsx
waiyan_start1|g2-upper|r072|run,waiyan_start1,2年级上,2,上,72,run,run,[rʌn],[rʌn],"n. 奔跑;赛跑;趋向;奔跑的路程 vt. 管理,经营;运行;参赛 vi. 经营;奔跑;运转",外研版一年级起点二年级上.xlsx
waiyan_start1|g2-upper|r073|holiday,waiyan_start1,2年级上,2,上,73,holiday,holiday,[ˈhɒlədeɪ],[ˈhɑːlədeɪ],n. 假日;节日;休息日 vi. 外出度假,外研版一年级起点二年级上.xlsx
waiyan_start1|g2-upper|r074|on holiday,waiyan_start1,2年级上,2,上,74,on holiday,on holiday,,,na. 在休假中,外研版一年级起点二年级上.xlsx
waiyan_start1|g2-upper|r075|then,waiyan_start1,2年级上,2,上,75,then,then,[ðen],[ðen],"conj. 然后,当时 n. 那时 adv. 然后;那么;于是;当时;此外",外研版一年级起点二年级上.xlsx
waiyan_start1|g2-upper|r076|ship,waiyan_start1,2年级上,2,上,76,ship,ship,[ʃɪp],[ʃɪp],"n. 船;舰;太空船 vt. 运送,乘船;以船运送 vi. 上船;乘船旅行;当船员",外研版一年级起点二年级上.xlsx
waiyan_start1|g2-upper|r077|plane,waiyan_start1,2年级上,2,上,77,plane,plane,[pleɪn],[pleɪn],"n. 飞机;平面;程度,水平 adj. 平的;平面的 vt. 刨平;用刨子刨;掠过水面 vi. 刨;乘飞机旅行;翱翔",外研版一年级起点二年级上.xlsx
waiyan_start1|g2-upper|r078|love,waiyan_start1,2年级上,2,上,78,love,love,[lʌv],[lʌv],"n. 恋爱;亲爱的;酷爱;喜爱的事物;爱情,爱意;疼爱;热爱;爱人,所爱之物 v. 爱,热爱;爱戴;赞美,称赞;喜爱;喜好;喜欢;爱慕",外研版一年级起点二年级上.xlsx
waiyan_start1|g2-upper|r079|watches,waiyan_start1,2年级上,2,上,79,watches,watches,,,n. 手表(watch的复数) v. 观看;值夜班(watch的单三形式),外研版一年级起点二年级上.xlsx
waiyan_start1|g2-upper|r080|weekend,waiyan_start1,2年级上,2,上,80,weekend,weekend,[ˌwiːkˈend],[ˈwiːkend],"n. 周末,周末休假;周末聚会 adj. 周末的,周末用的 vi. 度周末",外研版一年级起点二年级上.xlsx
waiyan_start1|g2-upper|r081|read,waiyan_start1,2年级上,2,上,81,read,read,[riːd],[riːd],"n. 阅读;读物 adj. 有学问的 vi. 读;读起来 vt. 阅读;读懂,理解",外研版一年级起点二年级上.xlsx
waiyan_start1|g2-upper|r082|come,waiyan_start1,2年级上,2,上,82,come,come,[kʌm],[kʌm],vi. 来;开始;出现;发生;变成;到达 vt. 做;假装;将满(...岁) int. 嗨!,外研版一年级起点二年级上.xlsx
waiyan_start1|g2-upper|r083|play,waiyan_start1,2年级上,2,上,83,play,play,[pleɪ],[pleɪ],n. 游戏;比赛;剧本 vt. 游戏;扮演;演奏;播放;同...比赛 vi. 演奏;玩耍;上演;参加比赛,外研版一年级起点二年级上.xlsx
waiyan_start1|g2-upper|r084|piano,waiyan_start1,2年级上,2,上,84,piano,piano,[piˈænəʊ],[piˈænoʊ],n. 钢琴,外研版一年级起点二年级上.xlsx
waiyan_start1|g2-upper|r085|music,waiyan_start1,2年级上,2,上,85,music,music,[ˈmjuːzɪk],[ˈmjuːzɪk],"n. 音乐,乐曲",外研版一年级起点二年级上.xlsx
waiyan_start1|g2-upper|r086|listen,waiyan_start1,2年级上,2,上,86,listen,listen,[ˈlɪs(ə)n],[ˈlɪsn],"vi. 听,倾听;听从,听信 n. 听,倾听",外研版一年级起点二年级上.xlsx
waiyan_start1|g2-upper|r087|listen to ...,waiyan_start1,2年级上,2,上,87,listen to ...,listen to ...,,,v. 听,外研版一年级起点二年级上.xlsx
waiyan_start1|g2-upper|r088|cd,waiyan_start1,2年级上,2,上,88,CD,cd,[ˌsiː ˈdiː],[ˌsiː ˈdiː],"abbr. 光盘,激光唱片(Compact Disc);呼叫设备(Calling Device);中央地区(Central District);商务部(Commerce Department)",外研版一年级起点二年级上.xlsx
waiyan_start1|g2-upper|r089|drum,waiyan_start1,2年级上,2,上,89,drum,drum,[drʌm],[drʌm],n. 鼓;鼓声 vi. 击鼓;大力争取 vt. 击鼓;大力争取,外研版一年级起点二年级上.xlsx
waiyan_start1|g2-upper|r090|winter,waiyan_start1,2年级上,2,上,90,winter,winter,[ˈwɪntə(r)],[ˈwɪntər],n. 冬季;年岁;萧条期 adj. 冬天的;越冬的 vi. 过冬,外研版一年级起点二年级上.xlsx
waiyan_start1|g2-upper|r091|fly,waiyan_start1,2年级上,2,上,91,fly,fly,[flaɪ],[flaɪ],n. 飞行;苍蝇;两翼昆虫 adj. 敏捷的 vi. 飞;驾驶飞机;飘扬 vt. 飞行;飞越;使飘扬,外研版一年级起点二年级上.xlsx
waiyan_start1|g2-upper|r092|in,waiyan_start1,2年级上,2,上,92,in,in,[ɪn],[ɪn],prep. 按照(表示方式);从事于;在...之内 n. 执政者;门路;知情者 adj. 在里面的;时髦的 adv. 进入;当选;(服装等)时髦;在屋里,外研版一年级起点二年级上.xlsx
waiyan_start1|g2-upper|r093|spring,waiyan_start1,2年级上,2,上,93,spring,spring,[sprɪŋ],[sprɪŋ],n. 春天;弹簧;泉水;活力;跳跃 adj. 春天的 vt. 使跳起;使爆炸;突然提出;使弹开 vi. 生长;涌出;跃出;裂开,外研版一年级起点二年级上.xlsx
waiyan_start1|g2-upper|r094|summer,waiyan_start1,2年级上,2,上,94,summer,summer,[ˈsʌmə(r)],[ˈsʌmər],n. 夏季;全盛时期 adj. 夏季的 vi. 避暑;过夏天,外研版一年级起点二年级上.xlsx
waiyan_start1|g2-upper|r095|autumn,waiyan_start1,2年级上,2,上,95,autumn,autumn,[ˈɔːtəm],[ˈɔːtəm; ˈɑːtəm],"n. 秋天;成熟期;渐衰期,凋落期 adj. 秋天的,秋季的",外研版一年级起点二年级上.xlsx
waiyan_start1|g2-upper|r096|skating,waiyan_start1,2年级上,2,上,96,skating,skating,[ˈskeɪtɪŋ],[ˈskeɪtɪŋ],"n. 溜冰,滑冰 v. 滑冰(skate的ing形式)",外研版一年级起点二年级上.xlsx
waiyan_start1|g2-upper|r097|go skating,waiyan_start1,2年级上,2,上,97,go skating,go skating,,,去滑冰;去溜冰;滑雪,外研版一年级起点二年级上.xlsx
waiyan_start1|g2-upper|r098|warm,waiyan_start1,2年级上,2,上,98,warm,warm,[wɔːm],[wɔːrm],n. 取暖;加热 adj. 温暖的;热情的 vt. 使...兴奋;使...温暖;使...感兴趣 vi. 同情;激动;变温暖,外研版一年级起点二年级上.xlsx
waiyan_start1|g2-upper|r099|wear,waiyan_start1,2年级上,2,上,99,wear,wear,[weə(r)],[wer],n. 衣物;磨损;耐久性 v. 穿着;用旧;耗损;面露,外研版一年级起点二年级上.xlsx
waiyan_start1|g2-upper|r100|jacket,waiyan_start1,2年级上,2,上,100,jacket,jacket,[ˈdʒækɪt],[ˈdʒækɪt],"n. 羽绒滑雪衫;西装短外套;短上衣,夹克;土豆皮;书籍的护封;文件套,公文夹 vt. 给...穿夹克;给...装护套;给...包上护封;〈口〉打",外研版一年级起点二年级上.xlsx
waiyan_start1|g2-upper|r101|sunglasses,waiyan_start1,2年级上,2,上,101,sunglasses,sunglasses,[ˈsʌnɡlɑːsɪz],[ˈsʌnɡlæsɪz],n. 太阳镜;凸透镜(sunglass的复数),外研版一年级起点二年级上.xlsx
waiyan_start1|g2-upper|r102|cool,waiyan_start1,2年级上,2,上,102,cool,cool,[kuːl],[kuːl],n. 凉爽;凉爽的空气 adj. 凉爽的;冷静的;出色的 vt. 使...冷却;使...平静下来 vi. 变凉;平息 adv. 冷静地,外研版一年级起点二年级上.xlsx
waiyan_start1|g2-upper|r103|sweater,waiyan_start1,2年级上,2,上,103,sweater,sweater,[ˈswetə(r)],[ˈswetər],"n. 毛线衣,运动衫;大量出汗的人,发汗剂",外研版一年级起点二年级上.xlsx
waiyan_start1|g2-upper|r104|glove,waiyan_start1,2年级上,2,上,104,glove,glove,[ɡlʌv],[ɡlʌv],n. 手套 vt. 给...戴手套,外研版一年级起点二年级上.xlsx
waiyan_start1|g2-upper|r105|cold,waiyan_start1,2年级上,2,上,105,cold,cold,[kəʊld],[kəʊld],"n. 寒冷;感冒 adj. 寒冷的;冷淡的,不热情的;失去知觉的 adv. 完全地",外研版一年级起点二年级上.xlsx
waiyan_start1|g2-upper|r106|coat,waiyan_start1,2年级上,2,上,106,coat,coat,[kəʊt],[koʊt],n. 外套 vt. 覆盖...的表面,外研版一年级起点二年级上.xlsx
waiyan_start1|g2-upper|r107|year,waiyan_start1,2年级上,2,上,107,year,year,[jɪə(r)],[jɪr],n. 年;年度;历年;年纪;一年的期间;某年级的学生,外研版一年级起点二年级上.xlsx
waiyan_start1|g2-upper|r108|happy new year!,waiyan_start1,2年级上,2,上,108,Happy New Year!,happy new year!,,,新年快乐!恭贺新喜!,外研版一年级起点二年级上.xlsx
waiyan_start1|g2-upper|r109|come in,waiyan_start1,2年级上,2,上,109,come in,come in,,,na. 进入;当选;上台;(党派)组阁,外研版一年级起点二年级上.xlsx
waiyan_start1|g2-upper|r110|present,waiyan_start1,2年级上,2,上,110,present,present,[ˈprez(ə)nt],[ˈpreznt],n. 现在;礼物;瞄准 adj. 现在的;出席的 vt. 提出;介绍;呈现;赠送 vi. 举枪瞄准,外研版一年级起点二年级上.xlsx
waiyan_start1|g2-upper|r111|dumpling,waiyan_start1,2年级上,2,上,111,dumpling,dumpling,[ˈdʌmplɪŋ],[ˈdʌmplɪŋ],"n. 饺子,汤团;面团布丁",外研版一年级起点二年级上.xlsx
waiyan_start1|g2-upper|r112|eat,waiyan_start1,2年级上,2,上,112,eat,eat,[iːt],[iːt],"vt. 吃,喝;腐蚀;烦扰 vi. 进食;腐蚀,侵蚀",外研版一年级起点二年级上.xlsx
waiyan_start1|g2-upper|r113|chinese,waiyan_start1,2年级上,2,上,113,Chinese,chinese,[ˌtʃaɪˈniːz],[ˌtʃaɪˈniːz],"n. 中文,汉语;中国人 adj. 中国的,中国人的;中国话的",外研版一年级起点二年级上.xlsx
waiyan_start1|g2-upper|r114|hair,waiyan_start1,2年级上,2,上,114,hair,hair,[heə(r)],[her],n. 头发;毛发;些微 adj. 毛发的;护理毛发的;用毛发制成的 vt. 除去...的毛发 vi. 生长毛发;形成毛状纤维,外研版一年级起点二年级上.xlsx
waiyan_start1|g2-upper|r115|firecracker,waiyan_start1,2年级上,2,上,115,firecracker,firecracker,[ˈfaɪəkrækə(r)],[ˈfaɪərkrækər],"n. 鞭炮,爆竹",外研版一年级起点二年级上.xlsx
waiyan_start1|g2-upper|r116|have,waiyan_start1,2年级上,2,上,116,have,have,[həv],[həv; əv; hæv],aux. 已经 vt. 有;让;拿;从事;允许,外研版一年级起点二年级上.xlsx
waiyan_start1|g2-upper|r117|christmas,waiyan_start1,2年级上,2,上,117,Christmas,christmas,[ˈkrɪsməs],[ˈkrɪsməs],n. 圣诞节;圣诞节期间,外研版一年级起点二年级上.xlsx
waiyan_start1|g2-upper|r118|wish,waiyan_start1,2年级上,2,上,118,wish,wish,[wɪʃ],[wɪʃ],n. 希望;祝福;心愿 vt. 祝愿;渴望;向...致问候语 vi. 愿望;需要,外研版一年级起点二年级上.xlsx
waiyan_start1|g2-upper|r119|dinner,waiyan_start1,2年级上,2,上,119,dinner,dinner,[ˈdɪnə(r)],[ˈdɪnər],"n. 晚餐,晚宴;宴会;正餐",外研版一年级起点二年级上.xlsx
waiyan_start1|g2-lower|r002|weather,waiyan_start1,2年级下,2,下,2,weather,weather,[ˈweðə(r)],[ˈweðər],n. 天气;气象;气候;处境 vt. 经受住;使风化;侵蚀;使受风吹雨打 adj. 露天的;迎风的 vi. 风化;受侵蚀;经受风雨,外研版一年级起点二年级下.xlsx
waiyan_start1|g2-lower|r003|like,waiyan_start1,2年级下,2,下,3,like,like,[laɪk],[laɪk],vt. 喜欢;想;愿意 vi. 喜欢;希望 prep. 像;如同 adj. 同样的;相似的 n. 爱好;同样的人或物 adv. 可能 conj. 好像,外研版一年级起点二年级下.xlsx
waiyan_start1|g2-lower|r004|sunny,waiyan_start1,2年级下,2,下,4,sunny,sunny,[ˈsʌni],[ˈsʌni],"adj. 阳光充足的,和煦的;快活的;性情开朗的",外研版一年级起点二年级下.xlsx
waiyan_start1|g2-lower|r005|windy,waiyan_start1,2年级下,2,下,5,windy,windy,[ˈwɪndi],[ˈwɪndi],"adj. 多风的,有风的;腹胀的;吹牛的",外研版一年级起点二年级下.xlsx
waiyan_start1|g2-lower|r006|take,waiyan_start1,2年级下,2,下,6,take,take,[teɪk],[teɪk],"vi. 拿;获得 vt. 拿,取;采取;接受(礼物等);买,花费;耗费(时间等) n. 捕获量;看法;利益,盈益;(入场券的)售得金额",外研版一年级起点二年级下.xlsx
waiyan_start1|g2-lower|r007|cap,waiyan_start1,2年级下,2,下,7,cap,cap,[kæp],[kæp],n. 盖;帽子 vt. 覆盖;胜过;给...戴帽;加盖于 vi. 脱帽致意,外研版一年级起点二年级下.xlsx
waiyan_start1|g2-lower|r008|sofa,waiyan_start1,2年级下,2,下,8,sofa,sofa,[ˈsəʊfə],[ˈsoʊfə],n. 沙发;长椅,外研版一年级起点二年级下.xlsx
waiyan_start1|g2-lower|r009|street,waiyan_start1,2年级下,2,下,9,street,street,[striːt],[striːt],n. 街道 adj. 街道的,外研版一年级起点二年级下.xlsx
waiyan_start1|g2-lower|r010|rain,waiyan_start1,2年级下,2,下,10,rain,rain,[reɪn],[reɪn],n. 雨;下雨;雨天;雨季 vt. 大量地给;使大量落下 vi. 下雨;降雨,外研版一年级起点二年级下.xlsx
waiyan_start1|g2-lower|r011|snow,waiyan_start1,2年级下,2,下,11,snow,snow,[snəʊ],[snoʊ],"n. 雪,积雪;下雪 vt. 使纷纷落下;使变白 vi. 降雪",外研版一年级起点二年级下.xlsx
waiyan_start1|g2-lower|r012|ski,waiyan_start1,2年级下,2,下,12,ski,ski,[skiː],[skiː],n. 滑雪橇 vi. 滑雪 adj. 滑雪(用)的,外研版一年级起点二年级下.xlsx
waiyan_start1|g2-lower|r013|radio,waiyan_start1,2年级下,2,下,13,radio,radio,[ˈreɪdiəʊ],[ˈreɪdioʊ],n. 收音机;无线电广播设备 vt. 用无线电发送 vi. 用无线电进行通信,外研版一年级起点二年级下.xlsx
waiyan_start1|g2-lower|r014|photo,waiyan_start1,2年级下,2,下,14,photo,photo,[ˈfəʊtəʊ],[ˈfoʊtoʊ],n. 照片,外研版一年级起点二年级下.xlsx
waiyan_start1|g2-lower|r015|newspaper,waiyan_start1,2年级下,2,下,15,newspaper,newspaper,[ˈnjuːzpeɪpə(r)],[ˈnuːzpeɪpər],n. 报纸 报社 旧报纸,外研版一年级起点二年级下.xlsx
waiyan_start1|g2-lower|r016|little,waiyan_start1,2年级下,2,下,16,little,little,[ˈlɪt(ə)l],[ˈlɪtl],adj. 小的;很少的;短暂的;小巧可爱的 adv. 完全不 n. 少许;没有多少;短时间,外研版一年级起点二年级下.xlsx
waiyan_start1|g2-lower|r017|camera,waiyan_start1,2年级下,2,下,17,camera,camera,[ˈkæm(ə)rə],[ˈkæm(ə)rə],n. 照相机;摄影机,外研版一年级起点二年级下.xlsx
waiyan_start1|g2-lower|r018|smile,waiyan_start1,2年级下,2,下,18,smile,smile,[smaɪl],[smaɪl],n. 微笑;笑容;喜色 vt. 微笑着表示 vi. 微笑,外研版一年级起点二年级下.xlsx
waiyan_start1|g2-lower|r019|draw,waiyan_start1,2年级下,2,下,19,draw,draw,[drɔː],[drɔː],n. 平局;抽签 vi. 拉;拖 vt. 画;拉;吸引,外研版一年级起点二年级下.xlsx
waiyan_start1|g2-lower|r020|picture,waiyan_start1,2年级下,2,下,20,picture,picture,[ˈpɪktʃə(r)],[ˈpɪktʃər],"n. 照片,图画;影片;景色;化身 vt. 画;想像;描写",外研版一年级起点二年级下.xlsx
waiyan_start1|g2-lower|r021|write,waiyan_start1,2年级下,2,下,21,write,write,[raɪt],[raɪt],"vi. 写,写字;写作,作曲;写信 vt. 写,书写;写信给;著述",外研版一年级起点二年级下.xlsx
waiyan_start1|g2-lower|r022|letter,waiyan_start1,2年级下,2,下,22,letter,letter,[ˈletə(r)],[ˈletər],"n. 信;字母,文字;证书;文学,学问;字面意义 vt. 写字母于 vi. 写印刷体字母",外研版一年级起点二年级下.xlsx
waiyan_start1|g2-lower|r023|colour,waiyan_start1,2年级下,2,下,23,colour,colour,[ˈkʌlə(r)],[ˈkʌlər],"n. 颜色;风格;气色,面色;外貌 vt. 把...涂颜色,粉饰;歪曲;使脸红 vi. 变色",外研版一年级起点二年级下.xlsx
waiyan_start1|g2-lower|r024|tidy,waiyan_start1,2年级下,2,下,24,tidy,tidy,[ˈtaɪdi],[ˈtaɪdi],n. 椅子的背罩 adj. 整齐的;相当大的 vi. 整理;收拾 vt. 整理;收拾;弄整齐,外研版一年级起点二年级下.xlsx
waiyan_start1|g2-lower|r025|room,waiyan_start1,2年级下,2,下,25,room,room,[ruːm],[ruːm; rʊm],"n. 房间;空间;余地;机会;房间里所有的人 vt. 为...提供住处;租房,合住;投宿,住宿;留...住宿 vi. 居住;住宿",外研版一年级起点二年级下.xlsx
waiyan_start1|g2-lower|r026|do,waiyan_start1,2年级下,2,下,26,do,do,[duː; də; du; dəʊ],[duː; də; du; doʊ],"vi. 行,足够;生长 n. 要求;规定;C大调音阶中的第一音 v. 做;干;学习;研究;进行;完成;解答;整理;算出;引起;行过 aux. 助动词(构成疑问句和否定句);(代替动词);(用于加强语气) n. (口语)事件;(主英国口语)诈骗;(主英国、新西兰口语)宴会;(口语)必须做到的事情",外研版一年级起点二年级下.xlsx
waiyan_start1|g2-lower|r027|homework,waiyan_start1,2年级下,2,下,27,homework,homework,[ˈhəʊmwɜːk],[ˈhoʊmwɜːrk],"n. 家庭作业,课外作业",外研版一年级起点二年级下.xlsx
waiyan_start1|g2-lower|r028|sleep,waiyan_start1,2年级下,2,下,28,sleep,sleep,[sliːp],[sliːp],"n. 睡眠 vi. 睡,睡觉",外研版一年级起点二年级下.xlsx
waiyan_start1|g2-lower|r029|secret,waiyan_start1,2年级下,2,下,29,secret,secret,[ˈsiːkrət],[ˈsiːkrət],n. 秘密;秘诀;机密 adj. 秘密的;机密的,外研版一年级起点二年级下.xlsx
waiyan_start1|g2-lower|r030|card,waiyan_start1,2年级下,2,下,30,card,card,[kɑːd],[kɑːrd],n. 卡片;纸牌;明信片 vt. 记于卡片上,外研版一年级起点二年级下.xlsx
waiyan_start1|g2-lower|r031|flower,waiyan_start1,2年级下,2,下,31,flower,flower,[ˈflaʊə(r)],[ˈflaʊər],"n. 花;精华;开花植物 vt. 使开花;用花装饰 vi. 成熟,发育;开花;繁荣;旺盛",外研版一年级起点二年级下.xlsx
waiyan_start1|g2-lower|r032|science,waiyan_start1,2年级下,2,下,32,science,science,[ˈsaɪəns],[ˈsaɪəns],n. 科学;技术;学科;理科,外研版一年级起点二年级下.xlsx
waiyan_start1|g2-lower|r033|today,waiyan_start1,2年级下,2,下,33,today,today,[təˈdeɪ],[təˈdeɪ],n. 今天;现今 adv. 今天;现今,外研版一年级起点二年级下.xlsx
waiyan_start1|g2-lower|r034|call,waiyan_start1,2年级下,2,下,34,call,call,[kɔːl],[kɔːl],n. 电话;呼叫;要求;访问 vi. 呼叫;拜访;叫牌 vt. 呼叫;称呼;召集,外研版一年级起点二年级下.xlsx
waiyan_start1|g2-lower|r035|noise,waiyan_start1,2年级下,2,下,35,noise,noise,[nɔɪz],[nɔɪz],n. [环境] 噪音;响声;杂音 vt. 谣传 vi. 发出声音;大声议论,外研版一年级起点二年级下.xlsx
waiyan_start1|g2-lower|r036|drink,waiyan_start1,2年级下,2,下,36,drink,drink,[drɪŋk],[drɪŋk],"n. 酒,饮料;喝酒 vt. 喝,饮;吸收;举杯庆贺 vi. 喝酒;饮水;干杯",外研版一年级起点二年级下.xlsx
waiyan_start1|g2-lower|r037|talk,waiyan_start1,2年级下,2,下,37,talk,talk,[tɔːk],[tɔːk],n. 谈话;演讲;空谈 vi. 谈话;说闲话 vt. 说;谈话;讨论,外研版一年级起点二年级下.xlsx
waiyan_start1|g2-lower|r038|stone,waiyan_start1,2年级下,2,下,38,stone,stone,[stəʊn],[stoʊn],"n. 石头;结石;[宝] 宝石 adj. 石的,石制的 vt. 向扔石块;用石头铺",外研版一年级起点二年级下.xlsx
waiyan_start1|g2-lower|r039|five-stones,waiyan_start1,2年级下,2,下,39,five-stones,five-stones,,,n. (抛掷五颗小石子的)五子游戏,外研版一年级起点二年级下.xlsx
waiyan_start1|g2-lower|r040|behind,waiyan_start1,2年级下,2,下,40,behind,behind,[bɪˈhaɪnd],[bɪˈhaɪnd],prep. 落后于;支持;晚于 n. 屁股 adv. 在后地;在原处,外研版一年级起点二年级下.xlsx
waiyan_start1|g2-lower|r041|hide,waiyan_start1,2年级下,2,下,41,hide,hide,[haɪd],[haɪd],n. 躲藏;兽皮;躲藏处 vt. 隐藏;隐瞒;鞭打 vi. 隐藏,外研版一年级起点二年级下.xlsx
waiyan_start1|g2-lower|r042|seek,waiyan_start1,2年级下,2,下,42,seek,seek,[siːk],[siːk],vt. 寻求;寻找;探索;搜索 vi. 寻找;探索;搜索,外研版一年级起点二年级下.xlsx
waiyan_start1|g2-lower|r043|hide-and-seek,waiyan_start1,2年级下,2,下,43,hide-and-seek,hide-and-seek,[ˌhaɪd ən ˈsiːk],[ˌhaɪd ən ˈsiːk],n. 捉迷藏,外研版一年级起点二年级下.xlsx
waiyan_start1|g2-lower|r044|skip,waiyan_start1,2年级下,2,下,44,skip,skip,[skɪp],[skɪp],n. 跳跃;跳读 vt. 跳过;遗漏 vi. 跳跃;跳绳;遗漏;跳读,外研版一年级起点二年级下.xlsx
waiyan_start1|g2-lower|r045|hurry up,waiyan_start1,2年级下,2,下,45,hurry up,hurry up,['hʌrɪ ʌp],['hɜːrɪ ʌp],na. 催促;赶快,外研版一年级起点二年级下.xlsx
waiyan_start1|g2-lower|r046|late,waiyan_start1,2年级下,2,下,46,late,late,[leɪt],[leɪt],adj. 晚的;迟的;已故的;最近的 adv. 晚;迟;最近;在晚期,外研版一年级起点二年级下.xlsx
waiyan_start1|g2-lower|r047|sad,waiyan_start1,2年级下,2,下,47,sad,sad,[sæd],[sæd],"adj. 难过的;悲哀的,令人悲痛的;凄惨的,阴郁的(形容颜色)",外研版一年级起点二年级下.xlsx
waiyan_start1|g2-lower|r048|no,waiyan_start1,2年级下,2,下,48,no,no,[nəʊ],[noʊ],adv. 不 adj. 没有;不是 n. 不;否决票 abbr. 数字(number);元素锘(nobelium)的符号,外研版一年级起点二年级下.xlsx
waiyan_start1|g2-lower|r049|those,waiyan_start1,2年级下,2,下,49,those,those,[ðəʊz],[ðoʊz],adj. 那些的 pron. 那些(that的复数),外研版一年级起点二年级下.xlsx
waiyan_start1|g2-lower|r050|clap,waiyan_start1,2年级下,2,下,50,clap,clap,[klæp],[klæp],"n. 鼓掌;拍手声 vt. 拍手,鼓掌;轻轻拍打某人 vi. 鼓掌,拍手;啪地关上",外研版一年级起点二年级下.xlsx
waiyan_start1|g2-lower|r051|game,waiyan_start1,2年级下,2,下,51,game,game,[ɡeɪm],[ɡeɪm],n. 游戏;比赛 adj. 勇敢的 vi. 赌博,外研版一年级起点二年级下.xlsx
waiyan_start1|g2-lower|r052|clapping game,waiyan_start1,2年级下,2,下,52,clapping game,clapping game,,,拍手游戏,外研版一年级起点二年级下.xlsx
waiyan_start1|g2-lower|r053|well,waiyan_start1,2年级下,2,下,53,well,well,[wel],[wel],n. 井;源泉 adj. 良好的;健康的;适宜的 adv. 很好地;充分地;满意地;适当地 v. 涌出,外研版一年级起点二年级下.xlsx
waiyan_start1|g2-lower|r054|kid,waiyan_start1,2年级下,2,下,54,kid,kid,[kɪd],[kɪd],n. 小孩;小山羊 vt. 欺骗;取笑;戏弄 vi. 欺骗;取笑;戏弄 adj. 小山羊皮制的;较年幼的,外研版一年级起点二年级下.xlsx
waiyan_start1|g2-lower|r055|catch,waiyan_start1,2年级下,2,下,55,catch,catch,[kætʃ],[kætʃ],n. 捕捉;捕获物;窗钩 vt. 赶上;抓住;感染;了解 vi. 赶上;抓住,外研版一年级起点二年级下.xlsx
waiyan_start1|g2-lower|r056|of course,waiyan_start1,2年级下,2,下,56,of course,of course,,,na. 当然,外研版一年级起点二年级下.xlsx
waiyan_start1|g2-lower|r057|usually,waiyan_start1,2年级下,2,下,57,usually,usually,[ˈjuːʒuəli],[ˈjuːʒuəli; ˈjuːʒəli],"adv. 通常,经常",外研版一年级起点二年级下.xlsx
waiyan_start1|g2-lower|r058|us,waiyan_start1,2年级下,2,下,58,us,us,[əs; ʌs],[əs; ʌs],pron. 我们,外研版一年级起点二年级下.xlsx
waiyan_start1|g2-lower|r059|ride,waiyan_start1,2年级下,2,下,59,ride,ride,[raɪd],[raɪd],n. 骑;乘坐;交通工具;可供骑行的路;(乘坐汽车等的)旅行;乘骑;(乘车或骑车的)短途旅程;供乘骑的游乐设施 vi. 骑马;乘车;依靠;漂浮 vt. 骑;乘;控制;(骑马、自行车等)穿越;搭乘;飘浮,外研版一年级起点二年级下.xlsx
waiyan_start1|g2-lower|r060|thing,waiyan_start1,2年级下,2,下,60,thing,thing,[θɪŋ],[θɪŋ],n. 事情;东西;事物;情况,外研版一年级起点二年级下.xlsx
waiyan_start1|g2-lower|r061|ill,waiyan_start1,2年级下,2,下,61,ill,ill,[ɪl],[ɪl],n. 疾病;不幸 adj. 生病的;坏的;邪恶的;不吉利的 adv. 不利地;恶劣地;几乎不,外研版一年级起点二年级下.xlsx
waiyan_start1|g2-lower|r062|cook,waiyan_start1,2年级下,2,下,62,cook,cook,[kʊk],[kʊk],"n. 厨师,厨子 vt. 烹调,煮 vi. 烹调,做菜",外研版一年级起点二年级下.xlsx
waiyan_start1|g2-lower|r063|her,waiyan_start1,2年级下,2,下,63,her,her,[hə(r)],[hər; ɜːr; ər; hɜːr],pron. 她(she的宾格);她的(she的所有格);她(指某个国家;一艘船),外研版一年级起点二年级下.xlsx
waiyan_start1|g2-lower|r064|go shopping,waiyan_start1,2年级下,2,下,64,go shopping,go shopping,,,na. 去买东西,外研版一年级起点二年级下.xlsx
waiyan_start1|g2-lower|r065|kitchen,waiyan_start1,2年级下,2,下,65,kitchen,kitchen,[ˈkɪtʃɪn],[ˈkɪtʃɪn],n. 厨房;炊具;炊事人员,外研版一年级起点二年级下.xlsx
waiyan_start1|g2-lower|r066|children's day,waiyan_start1,2年级下,2,下,66,Children's Day,children's day,,,na. 儿童节,外研版一年级起点二年级下.xlsx
waiyan_start1|g2-lower|r067|tv,waiyan_start1,2年级下,2,下,67,TV,tv,[ˌtiː ˈviː],[ˌtiː ˈviː],abbr. 电视(television),外研版一年级起点二年级下.xlsx
waiyan_start1|g2-lower|r068|play,waiyan_start1,2年级下,2,下,68,play,play,[pleɪ],[pleɪ],n. 游戏;比赛;剧本 vt. 游戏;扮演;演奏;播放;同...比赛 vi. 演奏;玩耍;上演;参加比赛,外研版一年级起点二年级下.xlsx
waiyan_start1|g2-lower|r069|say,waiyan_start1,2年级下,2,下,69,say,say,[seɪ],[seɪ],vt. 讲;说明;例如;声称;假设;指明 vi. 讲;表示;念;假定;背诵,外研版一年级起点二年级下.xlsx
waiyan_start1|g2-lower|r070|poem,waiyan_start1,2年级下,2,下,70,poem,poem,[ˈpəʊɪm],[ˈpoʊəm],n. 诗,外研版一年级起点二年级下.xlsx
waiyan_start1|g2-lower|r071|dragon,waiyan_start1,2年级下,2,下,71,dragon,dragon,[ˈdræɡən],[ˈdræɡən],"n. 龙;凶暴的人,凶恶的人;严厉而有警觉性的女人",外研版一年级起点二年级下.xlsx
waiyan_start1|g2-lower|r072|dragon dance,waiyan_start1,2年级下,2,下,72,dragon dance,dragon dance,[ˈdræɡən dɑːns],[ˈdræɡən dæns],n. 【文】舞龙;举杆游走;每逢节日庆典都会舞龙助兴,外研版一年级起点二年级下.xlsx
waiyan_start1|g2-lower|r073|picnic,waiyan_start1,2年级下,2,下,73,picnic,picnic,[ˈpɪknɪk],[ˈpɪknɪk],n. 野餐 vi. 去野餐,外研版一年级起点二年级下.xlsx
waiyan_start1|g2-lower|r074|family,waiyan_start1,2年级下,2,下,74,family,family,[ˈfæməli],[ˈfæməli],n. 家庭;亲属;家族;子女;[生]科;语族;[化]族 adj. 家庭的;家族的;适合于全家的,外研版一年级起点二年级下.xlsx
waiyan_start1|g2-lower|r075|beach,waiyan_start1,2年级下,2,下,75,beach,beach,[biːtʃ],[biːtʃ],n. 海滩;湖滨 vt. 将...拖上岸 vi. 搁浅;定居,外研版一年级起点二年级下.xlsx
waiyan_start1|g2-lower|r076|hill,waiyan_start1,2年级下,2,下,76,hill,hill,[hɪl],[hɪl],n. 小山;丘陵;斜坡;山冈,外研版一年级起点二年级下.xlsx
waiyan_start1|g2-lower|r077|past,waiyan_start1,2年级下,2,下,77,past,past,[pɑːst],[pæst],n. 过去;往事 prep. 越过;晚于 adj. 过去的;结束的 adv. 过;经过,外研版一年级起点二年级下.xlsx
waiyan_start1|g2-lower|r078|station,waiyan_start1,2年级下,2,下,78,station,station,[ˈsteɪʃ(ə)n],[ˈsteɪʃn],n. 车站;驻地;地位;身份 vt. 配置;安置;驻扎,外研版一年级起点二年级下.xlsx
waiyan_start1|g2-lower|r079|hospital,waiyan_start1,2年级下,2,下,79,hospital,hospital,[ˈhɒspɪt(ə)l],[ˈhɑːspɪtl],n. 医院,外研版一年级起点二年级下.xlsx
waiyan_start1|g2-lower|r080|stop,waiyan_start1,2年级下,2,下,80,stop,stop,[stɒp],[stɑːp],n. 停止;车站;障碍;逗留 vi. 停止;中止;逗留;被塞住 vt. 停止;堵塞;断绝,外研版一年级起点二年级下.xlsx
waiyan_start1|g2-lower|r081|turn,waiyan_start1,2年级下,2,下,81,turn,turn,[tɜːn],[tɜːrn],"n. 转弯;变化;(损害或有益于别人的)行为,举动,举止 vi. 转向;转变;转动 vt. 转动,使旋转;转弯;翻过来;兑换",外研版一年级起点二年级下.xlsx
waiyan_start1|g2-lower|r082|around,waiyan_start1,2年级下,2,下,82,around,around,[əˈraʊnd],[əˈraʊnd],prep. 四处;在...周围 adv. 大约;到处;在附近,外研版一年级起点二年级下.xlsx
waiyan_start1|g2-lower|r083|turn around,waiyan_start1,2年级下,2,下,83,turn around,turn around,,,na. 转身;〈美〉使向好的方向转变,外研版一年级起点二年级下.xlsx
waiyan_start1|g2-lower|r084|ground,waiyan_start1,2年级下,2,下,84,ground,ground,[ɡraʊnd],[ɡraʊnd],n. 地面;土地;范围;战场;根据 v. 研磨(grind的过去分词);压迫 adj. 土地的;地面上的;磨碎的;磨过的 vt. 使接触地面;打基础;使搁浅 vi. 着陆;搁浅,外研版一年级起点二年级下.xlsx
waiyan_start1|g2-lower|r085|again,waiyan_start1,2年级下,2,下,85,again,again,[əˈɡen],[əˈɡen; əˈɡeɪn],"adv. 又,此外;再一次;再说;增加 n. (英、保)阿盖恩",外研版一年级起点二年级下.xlsx
waiyan_start1|g2-lower|r086|jump,waiyan_start1,2年级下,2,下,86,jump,jump,[dʒʌmp],[dʒʌmp],n. 跳跃;暴涨;惊跳 vt. 跳跃;使跳跃;跳过;突升 vi. 跳跃;暴涨;猛增,外研版一年级起点二年级下.xlsx
waiyan_start1|g2-lower|r087|back,waiyan_start1,2年级下,2,下,87,back,back,[bæk],[bæk],n. 后面;背部;靠背;足球等的后卫;书报等的末尾 adj. 后面的;过去的;拖欠的 vt. 支持;后退;背书;下赌注 adv. 以前;向后地;来回地;上溯;回来;回原处 vi. 后退;背靠;倒退,外研版一年级起点二年级下.xlsx
waiyan_start1|g2-lower|r088|come back,waiyan_start1,2年级下,2,下,88,come back,come back,[kʌm bæk],[kʌm bæk],na. 回来;想起来;〔口语〕复原;归,外研版一年级起点二年级下.xlsx
waiyan_start1|g2-lower|r089|left,waiyan_start1,2年级下,2,下,89,left,left,[left],[left],adj. 左边的;左派的;剩下的 adv. 在左面 n. 左边;左派;激进分子 v. 离开(leave的过去式),外研版一年级起点二年级下.xlsx
waiyan_start1|g2-lower|r090|turn left,waiyan_start1,2年级下,2,下,90,turn left,turn left,[tɜ:n left],[tɝ​n lɛft],un. 向左转,外研版一年级起点二年级下.xlsx
waiyan_start1|g2-lower|r091|right,waiyan_start1,2年级下,2,下,91,right,right,[raɪt],[raɪt],n. 正确;右边;正义 adj. 正确的;直接的;右方的 vt. 纠正 adv. 正确地;恰当地;彻底地 vi. 复正;恢复平稳,外研版一年级起点二年级下.xlsx
waiyan_start1|g2-lower|r092|turn right,waiyan_start1,2年级下,2,下,92,turn right,turn right,,,na. 转往右面,外研版一年级起点二年级下.xlsx
waiyan_start1|g2-lower|r093|road,waiyan_start1,2年级下,2,下,93,road,road,[rəʊd],[roʊd],"n. 公路,马路;道路;手段 adj. (美)巡回的 vt. (狗)沿臭迹追逐(猎物)",外研版一年级起点二年级下.xlsx
waiyan_start1|g2-lower|r094|excuse me,waiyan_start1,2年级下,2,下,94,excuse me,excuse me,[ɪk'skjʊs mi],[ɪkˈskjuːz mi],un. 请原谅;对不起,外研版一年级起点二年级下.xlsx
waiyan_start1|g2-lower|r095|straight,waiyan_start1,2年级下,2,下,95,straight,straight,[streɪt],[streɪt],"n. 直;直线;直男,直女,异性恋者 adj. 直的;连续的;笔直的;正直的;整齐的;异性恋的 adv. 直接地;不断地;立即;坦率地",外研版一年级起点二年级下.xlsx
waiyan_start1|g2-lower|r096|go straight on,waiyan_start1,2年级下,2,下,96,go straight on,go straight on,,,v. 一直走,外研版一年级起点二年级下.xlsx
waiyan_start1|g2-lower|r097|lost,waiyan_start1,2年级下,2,下,97,lost,lost,[lɒst],[lɔːst],adj. 失去的;丧失的;迷惑的 v. 遗失(lose的过去分词);失败,外研版一年级起点二年级下.xlsx
waiyan_start1|g2-lower|r098|out,waiyan_start1,2年级下,2,下,98,out,out,[aʊt],[aʊt],adv. 出现;在外;出局;出声地;不流行地 adj. 外面的;出局的;下台的 n. 出局 prep. 向;离去 vi. 出来;暴露 vt. 使熄灭;驱逐,外研版一年级起点二年级下.xlsx
waiyan_start1|g2-lower|r099|factory,waiyan_start1,2年级下,2,下,99,factory,factory,[ˈfæktri; ˈfæktəri],[ˈfæktri; ˈfæktəri],n. 工厂;制造厂;代理店,外研版一年级起点二年级下.xlsx
waiyan_start1|g2-lower|r100|next to,waiyan_start1,2年级下,2,下,100,next to,next to,,,prep. 紧邻;在...近旁;仅次于;紧接,外研版一年级起点二年级下.xlsx
waiyan_start1|g2-lower|r101|cousin,waiyan_start1,2年级下,2,下,101,cousin,cousin,[ˈkʌzn],[ˈkʌzn],n. 堂兄弟姊妹;表兄弟姊妹,外研版一年级起点二年级下.xlsx
waiyan_start1|g2-lower|r102|supermarket,waiyan_start1,2年级下,2,下,102,supermarket,supermarket,[ˈsuːpəmɑːkɪt],[ˈsuːpərmɑːrkɪt],n. 超级市场;自助售货商店,外研版一年级起点二年级下.xlsx
waiyan_start1|g2-lower|r103|wrong,waiyan_start1,2年级下,2,下,103,wrong,wrong,[rɒŋ],[rɔːŋ],"n. 坏事;不公正 adj. 错误的;失常的;不适当的 vt. 委屈;无理地对待;诽谤 adv. 错误地;邪恶地,不正当地",外研版一年级起点二年级下.xlsx
waiyan_start1|g2-lower|r104|way,waiyan_start1,2年级下,2,下,104,way,way,[weɪ],[weɪ],n. 方法;道路;方向;行业;习惯 adj. 途中的 adv. 大大地;远远地,外研版一年级起点二年级下.xlsx
waiyan_start1|g2-lower|r105|turn back,waiyan_start1,2年级下,2,下,105,turn back,turn back,,,na. 同“turn down ”,外研版一年级起点二年级下.xlsx
waiyan_start1|g2-lower|r106|front,waiyan_start1,2年级下,2,下,106,front,front,[frʌnt],[frʌnt],n. 前面;正面;前线 adj. 前面的;正面的 vt. 面对;朝向;对付 vi. 朝向 adv. 在前面;向前,外研版一年级起点二年级下.xlsx
waiyan_start1|g2-lower|r107|in front of,waiyan_start1,2年级下,2,下,107,in front of,in front of,[ɪn frʌnt əv],[ɪn frʌnt ʌv],na. 在...的前面,外研版一年级起点二年级下.xlsx
waiyan_start1|g2-lower|r108|well,waiyan_start1,2年级下,2,下,108,well,well,[wel],[wel],n. 井;源泉 adj. 良好的;健康的;适宜的 adv. 很好地;充分地;满意地;适当地 v. 涌出,外研版一年级起点二年级下.xlsx
waiyan_start1|g2-lower|r109|taxi,waiyan_start1,2年级下,2,下,109,taxi,taxi,[ˈtæksi],[ˈtæksi],n. 出租汽车 vt. 使滑行;用出租车送 vi. 乘出租车;滑行,外研版一年级起点二年级下.xlsx
waiyan_start1|g2-lower|r110|mrs,waiyan_start1,2年级下,2,下,110,Mrs,mrs,[ˈmɪsɪz],[ˈmɪsɪz],n. 太太;夫人(用于已婚妇女姓名前的尊称),外研版一年级起点二年级下.xlsx
waiyan_start1|g2-lower|r111|cinema,waiyan_start1,2年级下,2,下,111,cinema,cinema,[ˈsɪnəmə],[ˈsɪnəmə],"n. 电影;电影院;电影业,电影制作术",外研版一年级起点二年级下.xlsx
waiyan_start1|g3-upper|r002|use,waiyan_start1,3年级上,3,上,2,use,use,[juːz],[juːz],"n. 使用;用途;发挥 vt. 利用;耗费 vi. 使用,运用",外研版一年级起点三年级上.xlsx
waiyan_start1|g3-upper|r003|chopsticks,waiyan_start1,3年级上,3,上,3,chopsticks,chopsticks,[ˈtʃɒpstɪks],[ˈtʃɑːpstɪks],n. 筷子,外研版一年级起点三年级上.xlsx
waiyan_start1|g3-upper|r004|want,waiyan_start1,3年级上,3,上,4,want,want,[wɒnt],[wɑːnt],n. 需要;缺乏;贫困;必需品 vt. 需要;希望;应该;缺少 vi. 需要;缺少,外研版一年级起点三年级上.xlsx
waiyan_start1|g3-upper|r005|hungry,waiyan_start1,3年级上,3,上,5,hungry,hungry,[ˈhʌŋɡri],[ˈhʌŋɡri],adj. 饥饿的;渴望的;荒年的;不毛的,外研版一年级起点三年级上.xlsx
waiyan_start1|g3-upper|r006|mess,waiyan_start1,3年级上,3,上,6,mess,mess,[mes],[mes],"n. 混乱;食堂,伙食团;困境;脏乱的东西 vt. 弄乱,弄脏;毁坏;使就餐 vi. 把事情弄糟;制造脏乱;玩弄",外研版一年级起点三年级上.xlsx
waiyan_start1|g3-upper|r007|hard,waiyan_start1,3年级上,3,上,7,hard,hard,[hɑːd],[hɑːrd],adj. 努力的;硬的;困难的;辛苦的;确实的;严厉的;猛烈的;冷酷无情的 adv. 努力地;困难地;辛苦地;接近地;猛烈地;牢固地,外研版一年级起点三年级上.xlsx
waiyan_start1|g3-upper|r008|knife,waiyan_start1,3年级上,3,上,8,knife,knife,[naɪf],[naɪf],n. 刀;匕首 vt. 用刀切;(口)伤害 vi. 劈开;划过,外研版一年级起点三年级上.xlsx
waiyan_start1|g3-upper|r009|fork,waiyan_start1,3年级上,3,上,9,fork,fork,[fɔːk],[fɔːrk],n. 叉;餐叉;耙 vt. 叉起;使成叉状 vi. 分叉;分歧,外研版一年级起点三年级上.xlsx
waiyan_start1|g3-upper|r010|a knife and fork,waiyan_start1,3年级上,3,上,10,a knife and fork,a knife and fork,,,na. 一副刀叉;(吃西餐用的)一副刀叉,外研版一年级起点三年级上.xlsx
waiyan_start1|g3-upper|r011|easy,waiyan_start1,3年级上,3,上,11,easy,easy,[ˈiːzi],[ˈiːzi],"adj. 容易的;舒适的 vt. 发出停划命令 adv. 不费力地,从容地 vi. 停止划桨",外研版一年级起点三年级上.xlsx
waiyan_start1|g3-upper|r012|hamburger,waiyan_start1,3年级上,3,上,12,hamburger,hamburger,[ˈhæmbɜːɡə(r)],[ˈhæmbɜːrɡər],"n. 汉堡包,火腿汉堡;牛肉饼,肉饼;碎牛肉",外研版一年级起点三年级上.xlsx
waiyan_start1|g3-upper|r013|chips,waiyan_start1,3年级上,3,上,13,chips,chips,[tʃɪps],[tʃɪps],n. [食品] 炸土豆条;小木片;(作赌注用的)圆形筹码;缺口(chip的复数形式),外研版一年级起点三年级上.xlsx
waiyan_start1|g3-upper|r014|grass,waiyan_start1,3年级上,3,上,14,grass,grass,[ɡrɑːs],[ɡræs],"n. 草;草地,草坪 vt. 放牧;使......长满草;使......吃草 vi. 长草",外研版一年级起点三年级上.xlsx
waiyan_start1|g3-upper|r015|food,waiyan_start1,3年级上,3,上,15,food,food,[fuːd],[fuːd],n. 食物;养料,外研版一年级起点三年级上.xlsx
waiyan_start1|g3-upper|r016|fast food,waiyan_start1,3年级上,3,上,16,fast food,fast food,,,n. 快餐;速食,外研版一年级起点三年级上.xlsx
waiyan_start1|g3-upper|r017|make,waiyan_start1,3年级上,3,上,17,make,make,[meɪk],[meɪk],"vt. 使得;进行;布置,准备,整理;制造;认为;获得;形成;安排;引起;构成 vi. 开始;前进;增大;被制造 n. 制造;构造;性情",外研版一年级起点三年级上.xlsx
waiyan_start1|g3-upper|r018|cake,waiyan_start1,3年级上,3,上,18,cake,cake,[keɪk],[keɪk],n. 蛋糕;块状物;利益总额 vt. 使结块 vi. 结成块状,外研版一年级起点三年级上.xlsx
waiyan_start1|g3-upper|r019|mum,waiyan_start1,3年级上,3,上,19,mum,mum,[mʌm],[mʌm],adj. 沉默的 n. 妈妈(口语);沉默;菊花 vi. 演哑剧 int. 别说话,外研版一年级起点三年级上.xlsx
waiyan_start1|g3-upper|r020|dad,waiyan_start1,3年级上,3,上,20,dad,dad,[dæd],[dæd],n. 爸爸;爹爹,外研版一年级起点三年级上.xlsx
waiyan_start1|g3-upper|r021|quiet,waiyan_start1,3年级上,3,上,21,quiet,quiet,[ˈkwaɪət],[ˈkwaɪət],n. 安静;和平 adj. 安静的;安定的;不动的;温顺的 vt. 使平息;安慰 vi. 平静下来,外研版一年级起点三年级上.xlsx
waiyan_start1|g3-upper|r022|water,waiyan_start1,3年级上,3,上,22,water,water,[ˈwɔːtə(r)],[ˈwɔːtər],"n. 水;海水;雨水;海域,大片的水 vt. 使湿;供以水;给...浇水 vi. 加水;流泪;流口水",外研版一年级起点三年级上.xlsx
waiyan_start1|g3-upper|r023|lovely,waiyan_start1,3年级上,3,上,23,lovely,lovely,[ˈlʌvli],[ˈlʌvli],"adj. 可爱的;令人愉快的;爱恋的;秀丽的,优美的 n. 美女;可爱的东西",外研版一年级起点三年级上.xlsx
waiyan_start1|g3-upper|r024|naughty,waiyan_start1,3年级上,3,上,24,naughty,naughty,[ˈnɔːti],[ˈnɔːti],"adj. 顽皮的,淘气的;不听话的;没规矩的;不适当的;下流的",外研版一年级起点三年级上.xlsx
waiyan_start1|g3-upper|r025|paper,waiyan_start1,3年级上,3,上,25,paper,paper,[ˈpeɪpə(r)],[ˈpeɪpər],n. 纸;论文;文件;报纸 adj. 纸做的 vt. 用纸糊;用纸包装 vi. 贴糊墙纸;发交通违章传票,外研版一年级起点三年级上.xlsx
waiyan_start1|g3-upper|r026|boat,waiyan_start1,3年级上,3,上,26,boat,boat,[bəʊt],[boʊt],n. 小船;轮船 vi. 划船,外研版一年级起点三年级上.xlsx
waiyan_start1|g3-upper|r027|dragon boat,waiyan_start1,3年级上,3,上,27,dragon boat,dragon boat,,,n. 龙舟;龙船,外研版一年级起点三年级上.xlsx
waiyan_start1|g3-upper|r028|people,waiyan_start1,3年级上,3,上,28,people,people,[ˈpiːp(ə)l],[ˈpiːpl],n. 人;人类;民族;公民 vt. 居住于;使住满人,外研版一年级起点三年级上.xlsx
waiyan_start1|g3-upper|r029|row,waiyan_start1,3年级上,3,上,29,row,row,[rəʊ; raʊ],[roʊ; raʊ],"n. 行,排;划船;街道;吵闹 vt. 划船;使......成排 vi. 划船;争吵",外研版一年级起点三年级上.xlsx
waiyan_start1|g3-upper|r030|lake,waiyan_start1,3年级上,3,上,30,lake,lake,[leɪk],[leɪk],n. 湖;深红色颜料;胭脂红 vt. (使)血球溶解 vi. (使)血球溶解,外研版一年级起点三年级上.xlsx
waiyan_start1|g3-upper|r031|feed,waiyan_start1,3年级上,3,上,31,feed,feed,[fiːd],[fiːd],n. 饲料;饲养;(动物或婴儿的)一餐 vt. 喂养;供给;放牧;抚养(家庭等);靠...为生 vi. 吃东西;流入,外研版一年级起点三年级上.xlsx
waiyan_start1|g3-upper|r032|bread,waiyan_start1,3年级上,3,上,32,bread,bread,[bred],[bred],n. 面包;生计 vt. 在...上洒面包屑,外研版一年级起点三年级上.xlsx
waiyan_start1|g3-upper|r033|get out,waiyan_start1,3年级上,3,上,33,get out,get out,[ˈɡet aʊt],[ɡet aʊt],na. 摆脱;走出;〔命令语气〕出去!,外研版一年级起点三年级上.xlsx
waiyan_start1|g3-upper|r034|far,waiyan_start1,3年级上,3,上,34,far,far,[fɑː(r)],[fɑːr],n. 远方 adj. 远的;久远的 adv. 很;遥远地;久远地;到很远的距离;到很深的程度,外研版一年级起点三年级上.xlsx
waiyan_start1|g3-upper|r035|fast,waiyan_start1,3年级上,3,上,35,fast,fast,[fɑːst],[fæst],"n. 斋戒;绝食 adj. 快速的,迅速的;紧的,稳固的 adv. 迅速地;紧紧地;彻底地 vi. 禁食,斋戒",外研版一年级起点三年级上.xlsx
waiyan_start1|g3-upper|r036|winner,waiyan_start1,3年级上,3,上,36,winner,winner,[ˈwɪnə(r)],[ˈwɪnər],n. 胜利者,外研版一年级起点三年级上.xlsx
waiyan_start1|g3-upper|r037|can't,waiyan_start1,3年级上,3,上,37,can't,can't,,,abbr. 不能(can not),外研版一年级起点三年级上.xlsx
waiyan_start1|g3-upper|r038|cannot,waiyan_start1,3年级上,3,上,38,cannot,cannot,[ˈkænɒt],[ˈkænɑːt],v. 不能;无法,外研版一年级起点三年级上.xlsx
waiyan_start1|g3-upper|r039|slow,waiyan_start1,3年级上,3,上,39,slow,slow,[sləʊ],[sloʊ],adj. 慢的;减速的;迟钝的 vt. 放慢;阻碍 vi. 变慢;变萧条 adv. 慢慢地;迟缓地,外研版一年级起点三年级上.xlsx
waiyan_start1|g3-upper|r040|fly,waiyan_start1,3年级上,3,上,40,fly,fly,[flaɪ],[flaɪ],n. 飞行;苍蝇;两翼昆虫 adj. 敏捷的 vi. 飞;驾驶飞机;飘扬 vt. 飞行;飞越;使飘扬,外研版一年级起点三年级上.xlsx
waiyan_start1|g3-upper|r041|koala,waiyan_start1,3年级上,3,上,41,koala,koala,[kəʊˈɑːlə],[koʊˈɑːlə],"n. 树袋熊,无尾熊(产于澳大利亚,又名考拉)",外研版一年级起点三年级上.xlsx
waiyan_start1|g3-upper|r042|climb,waiyan_start1,3年级上,3,上,42,climb,climb,[klaɪm],[klaɪm],n. 爬;攀登 vi. 爬;攀登;上升 vt. 爬;攀登;上升,外研版一年级起点三年级上.xlsx
waiyan_start1|g3-upper|r043|cry,waiyan_start1,3年级上,3,上,43,cry,cry,[kraɪ],[kraɪ],n. 叫喊;叫声;口号;呼叫 vi. 哭;叫;喊 vt. 叫喊;哭出;大声说,外研版一年级起点三年级上.xlsx
waiyan_start1|g3-upper|r044|drink,waiyan_start1,3年级上,3,上,44,drink,drink,[drɪŋk],[drɪŋk],"n. 酒,饮料;喝酒 vt. 喝,饮;吸收;举杯庆贺 vi. 喝酒;饮水;干杯",外研版一年级起点三年级上.xlsx
waiyan_start1|g3-upper|r045|shop,waiyan_start1,3年级上,3,上,45,shop,shop,[ʃɒp],[ʃɑːp],n. 商店;店铺 vt. 购物 vi. 购物;买东西,外研版一年级起点三年级上.xlsx
waiyan_start1|g3-upper|r046|go out,waiyan_start1,3年级上,3,上,46,go out,go out,,,na. 出去;灭;辞职;下台,外研版一年级起点三年级上.xlsx
waiyan_start1|g3-upper|r047|thanks,waiyan_start1,3年级上,3,上,47,thanks,thanks,[θæŋks],[θæŋks],n. 谢谢(只用复数) int. 谢谢,外研版一年级起点三年级上.xlsx
waiyan_start1|g3-upper|r048|library,waiyan_start1,3年级上,3,上,48,library,library,[ˈlaɪbrəri; ˈlaɪbri],[ˈlaɪbreri],"n. 图书馆,藏书室;文库",外研版一年级起点三年级上.xlsx
waiyan_start1|g3-upper|r049|worry,waiyan_start1,3年级上,3,上,49,worry,worry,[ˈwʌri],[ˈwɜːri],n. 担心;烦恼;撕咬 vi. 担心;烦恼;撕咬 vt. 担心;发愁;折磨,外研版一年级起点三年级上.xlsx
waiyan_start1|g3-upper|r050|have got,waiyan_start1,3年级上,3,上,50,have got,have got,,,有;拥有;的第三人称单数形式,外研版一年级起点三年级上.xlsx
waiyan_start1|g3-upper|r051|careful,waiyan_start1,3年级上,3,上,51,careful,careful,[ˈkeəf(ə)l],[ˈkerfl],"adj. 仔细的,小心的",外研版一年级起点三年级上.xlsx
waiyan_start1|g3-upper|r052|wash,waiyan_start1,3年级上,3,上,52,wash,wash,[wɒʃ],[wɑːʃ],n. 洗涤;洗的衣服;化妆水;冲积物 vt. 洗涤;洗刷;冲走;拍打 vi. 洗澡;被冲蚀,外研版一年级起点三年级上.xlsx
waiyan_start1|g3-upper|r053|has got,waiyan_start1,3年级上,3,上,53,has got,has got,,,有;拥有;过去完成时,外研版一年级起点三年级上.xlsx
waiyan_start1|g3-upper|r054|pear,waiyan_start1,3年级上,3,上,54,pear,pear,[peə(r)],[per],n. [园艺] 梨树;梨子,外研版一年级起点三年级上.xlsx
waiyan_start1|g3-upper|r055|peach,waiyan_start1,3年级上,3,上,55,peach,peach,[piːtʃ],[piːtʃ],n. 桃子;桃树;桃红色;受人喜欢的人(或物) adj. 桃色的;用桃子制成的 vt. 告发 vi. 告密,外研版一年级起点三年级上.xlsx
waiyan_start1|g3-upper|r056|headache,waiyan_start1,3年级上,3,上,56,headache,headache,[ˈhedeɪk],[ˈhedeɪk],n. 头痛;麻烦;令人头痛之事,外研版一年级起点三年级上.xlsx
waiyan_start1|g3-upper|r057|stomach ache,waiyan_start1,3年级上,3,上,57,stomach ache,stomach ache,[ˈstʌmək eɪk],[ˈstʌmək eɪk],n. 胃痛;腹痛,外研版一年级起点三年级上.xlsx
waiyan_start1|g3-upper|r058|test,waiyan_start1,3年级上,3,上,58,test,test,[test],[test],n. 试验;检验 vt. 试验;测试 vi. 试验;测试,外研版一年级起点三年级上.xlsx
waiyan_start1|g3-upper|r059|friday,waiyan_start1,3年级上,3,上,59,Friday,friday,[ˈfraɪdeɪ],[ˈfraɪdeɪ],n. 星期五,外研版一年级起点三年级上.xlsx
waiyan_start1|g3-upper|r060|clever,waiyan_start1,3年级上,3,上,60,clever,clever,[ˈklevə(r)],[ˈklevər],adj. 聪明的;机灵的;熟练的 [ 比较级cleverer 最高级 cleverest ],外研版一年级起点三年级上.xlsx
waiyan_start1|g3-upper|r061|cold,waiyan_start1,3年级上,3,上,61,cold,cold,[kəʊld],[kəʊld],"n. 寒冷;感冒 adj. 寒冷的;冷淡的,不热情的;失去知觉的 adv. 完全地",外研版一年级起点三年级上.xlsx
waiyan_start1|g3-upper|r062|class,waiyan_start1,3年级上,3,上,62,class,class,[klɑːs],[klæs],"n. 阶级;班级;种类;班;等级 adj. 极好的;很好的,优秀的,出色的 vt. 分类;把...分等级;把...归入某等级,把...看作(或分类、归类);把...编入某一班级 vi. 属于...类(或等级),被列为某类(或某级)",外研版一年级起点三年级上.xlsx
waiyan_start1|g3-upper|r063|begin,waiyan_start1,3年级上,3,上,63,begin,begin,[bɪˈɡɪn],[bɪˈɡɪn],vi. 开始;首先 vt. 开始,外研版一年级起点三年级上.xlsx
waiyan_start1|g3-upper|r064|cough,waiyan_start1,3年级上,3,上,64,cough,cough,[kɒf],[kɔːf],"n. 咳嗽,咳嗽声;咳嗽病 vt. 咳出 vi. 咳嗽",外研版一年级起点三年级上.xlsx
waiyan_start1|g3-upper|r065|bring,waiyan_start1,3年级上,3,上,65,bring,bring,[brɪŋ],[brɪŋ],vt. 带来;促使;引起;使某人处于某种情况或境地,外研版一年级起点三年级上.xlsx
waiyan_start1|g3-upper|r066|umbrella,waiyan_start1,3年级上,3,上,66,umbrella,umbrella,[ʌmˈbrelə],[ʌmˈbrelə],n. 雨伞;保护伞;庇护;伞形结构,外研版一年级起点三年级上.xlsx
waiyan_start1|g3-upper|r067|get,waiyan_start1,3年级上,3,上,67,get,get,[ɡet],[ɡet],n. 生殖;幼兽 vi. 成为;变得;到达 vt. 使得;获得;受到;变成,外研版一年级起点三年级上.xlsx
waiyan_start1|g3-upper|r068|which,waiyan_start1,3年级上,3,上,68,which,which,[wɪtʃ],[wɪtʃ],adj. 哪一个;哪一些 pron. 哪/那一个;哪/那一些,外研版一年级起点三年级上.xlsx
waiyan_start1|g3-upper|r069|broken,waiyan_start1,3年级上,3,上,69,broken,broken,[ˈbrəʊkən],[ˈbroʊkən],v. 折断;打碎;损坏(break的过去分词) adj. 破碎的;坏掉的,外研版一年级起点三年级上.xlsx
waiyan_start1|g3-upper|r070|long jump,waiyan_start1,3年级上,3,上,70,long jump,long jump,,,n. 跳远,外研版一年级起点三年级上.xlsx
waiyan_start1|g3-upper|r071|make friends,waiyan_start1,3年级上,3,上,71,make friends,make friends,,,交朋友;交友;结交朋友,外研版一年级起点三年级上.xlsx
waiyan_start1|g3-upper|r072|sports day,waiyan_start1,3年级上,3,上,72,sports day,sports day,,,n. (学校的)运动会,外研版一年级起点三年级上.xlsx
waiyan_start1|g3-upper|r073|high,waiyan_start1,3年级上,3,上,73,high,high,[haɪ],[haɪ],n. 高水平;天空;由麻醉品引起的快感;高压地带 adj. 高的;高级的;崇高的;高音调的 adv. 高;奢侈地,外研版一年级起点三年级上.xlsx
waiyan_start1|g3-upper|r074|high jump,waiyan_start1,3年级上,3,上,74,high jump,high jump,,,n. 跳高,外研版一年级起点三年级上.xlsx
waiyan_start1|g3-upper|r075|race,waiyan_start1,3年级上,3,上,75,race,race,[reɪs],[reɪs],"n. 属,种;种族,人种;家庭,门第 vt. 使参加比赛;和...竞赛;使急走,使全速行进 vi. 比速度,参加竞赛;全速行进",外研版一年级起点三年级上.xlsx
waiyan_start1|g3-upper|r076|run a race,waiyan_start1,3年级上,3,上,76,run a race,run a race,,,na. 赛跑,外研版一年级起点三年级上.xlsx
waiyan_start1|g3-upper|r077|star,waiyan_start1,3年级上,3,上,77,star,star,[stɑː(r)],[stɑːr],"n. 星,恒星;明星;星形物 adj. 明星的,主角的;星形的 vt. 用星号标于;由...主演,由...担任主角 vi. 担任主角",外研版一年级起点三年级上.xlsx
waiyan_start1|g3-upper|r078|uncle,waiyan_start1,3年级上,3,上,78,uncle,uncle,[ˈʌŋk(ə)l],[ˈʌŋkl],n. 叔叔;伯父;伯伯;舅父;姨丈;姑父,外研版一年级起点三年级上.xlsx
waiyan_start1|g3-upper|r079|airport,waiyan_start1,3年级上,3,上,79,airport,airport,[ˈeəpɔːt],[ˈerpɔːrt],n. 机场;航空站,外研版一年级起点三年级上.xlsx
waiyan_start1|g3-upper|r080|sea,waiyan_start1,3年级上,3,上,80,sea,sea,[siː],[siː],n. 海;海洋;许多;大量,外研版一年级起点三年级上.xlsx
waiyan_start1|g3-upper|r081|visit,waiyan_start1,3年级上,3,上,81,visit,visit,[ˈvɪzɪt],[ˈvɪzɪt],n. 访问;参观;逗留 vt. 访问;参观;视察 vi. 访问;暂住;闲谈,外研版一年级起点三年级上.xlsx
waiyan_start1|g3-upper|r082|saturday,waiyan_start1,3年级上,3,上,82,Saturday,saturday,[ˈsætədeɪ],[ˈsætərdeɪ],n. 星期六,外研版一年级起点三年级上.xlsx
waiyan_start1|g3-upper|r083|film,waiyan_start1,3年级上,3,上,83,film,film,[fɪlm],[fɪlm],n. 电影;薄膜;胶卷;轻烟 vt. 在...上覆以薄膜;把...拍成电影 vi. 摄制电影;生薄膜;变得朦胧,外研版一年级起点三年级上.xlsx
waiyan_start1|g3-lower|r002|nice,waiyan_start1,3年级下,3,下,2,nice,nice,[naɪs],[naɪs],adj. 精密的;美好的;细微的;和蔼的,外研版一年级起点三年级下.xlsx
waiyan_start1|g3-lower|r003|always,waiyan_start1,3年级下,3,下,3,always,always,[ˈɔːlweɪz],[ˈɔːlweɪz],"adv. 永远,一直;总是;常常",外研版一年级起点三年级下.xlsx
waiyan_start1|g3-lower|r004|a bit,waiyan_start1,3年级下,3,下,4,a bit,a bit,,,na. 有点儿〔作副词用〕,外研版一年级起点三年级下.xlsx
waiyan_start1|g3-lower|r005|shy,waiyan_start1,3年级下,3,下,5,shy,shy,[ʃaɪ],[ʃaɪ],"n. 投掷;惊跳 adj. 害羞的;畏缩的,胆怯的 vi. 投;畏缩;惊退;厌恶 vt. 投;乱掷",外研版一年级起点三年级下.xlsx
waiyan_start1|g3-lower|r006|e-card,waiyan_start1,3年级下,3,下,6,e-card,e-card,[ˈiː kɑːd],[ˈiː kɑːrd],n. 电子贺卡;电子名片,外研版一年级起点三年级下.xlsx
waiyan_start1|g3-lower|r007|quiet,waiyan_start1,3年级下,3,下,7,quiet,quiet,[ˈkwaɪət],[ˈkwaɪət],n. 安静;和平 adj. 安静的;安定的;不动的;温顺的 vt. 使平息;安慰 vi. 平静下来,外研版一年级起点三年级下.xlsx
waiyan_start1|g3-lower|r008|another,waiyan_start1,3年级下,3,下,8,another,another,[əˈnʌðə(r)],[əˈnʌðər],"prep. 另一个;另一个人 adj. 又一,另一;另外的;不同的 pron. 另一个;又一个",外研版一年级起点三年级下.xlsx
waiyan_start1|g3-lower|r009|him,waiyan_start1,3年级下,3,下,9,him,him,[hɪm; ɪm],[hɪm; ɪm],pron. 他(宾格),外研版一年级起点三年级下.xlsx
waiyan_start1|g3-lower|r010|parrot,waiyan_start1,3年级下,3,下,10,parrot,parrot,[ˈpærət],[ˈpærət],"n. 鹦鹉;学舌者,应声虫;机械模仿别人的人 vt. 机械地模仿",外研版一年级起点三年级下.xlsx
waiyan_start1|g3-lower|r011|twenty,waiyan_start1,3年级下,3,下,11,twenty,twenty,[ˈtwenti],[ˈtwenti],num. 二十 n. 二十;二十年代 adj. 二十的,外研版一年级起点三年级下.xlsx
waiyan_start1|g3-lower|r012|helpful,waiyan_start1,3年级下,3,下,12,helpful,helpful,[ˈhelpfl],[ˈhelpfl],adj. 有帮助的;有益的,外研版一年级起点三年级下.xlsx
waiyan_start1|g3-lower|r013|maths,waiyan_start1,3年级下,3,下,13,maths,maths,[mæθs],[mæθs],n. 数学(等于mathematics),外研版一年级起点三年级下.xlsx
waiyan_start1|g3-lower|r014|plus,waiyan_start1,3年级下,3,下,14,plus,plus,[plʌs],[plʌs],"prep. 加,加上 n. 正号,加号;好处;附加额 adj. 正的;附加的",外研版一年级起点三年级下.xlsx
waiyan_start1|g3-lower|r015|more,waiyan_start1,3年级下,3,下,15,more,more,[mɔː(r)],[mɔːr],adv. 更多;此外;更大程度地 adj. 更多的;附加的 pron. 更多的数量 n. 更多,外研版一年级起点三年级下.xlsx
waiyan_start1|g3-lower|r016|about,waiyan_start1,3年级下,3,下,16,about,about,[əˈbaʊt],[əˈbaʊt],prep. 关于;大约 n. 大致;粗枝大叶;不拘小节的人 adj. 在附近的;四处走动的;在起作用的 adv. 大约;周围;到处,外研版一年级起点三年级下.xlsx
waiyan_start1|g3-lower|r017|river,waiyan_start1,3年级下,3,下,17,river,river,[ˈrɪvə(r)],[ˈrɪvər],"n. 河,江",外研版一年级起点三年级下.xlsx
waiyan_start1|g3-lower|r018|wide,waiyan_start1,3年级下,3,下,18,wide,wide,[waɪd],[waɪd],"n. 大千世界 adj. 广泛的;宽的,广阔的;张大的;远离目标的 adv. 广泛地;广阔地;充分地",外研版一年级起点三年级下.xlsx
waiyan_start1|g3-lower|r019|old,waiyan_start1,3年级下,3,下,19,old,old,[əʊld],[oʊld],"adj. 陈旧的,古老的;年老的 n. 古时",外研版一年级起点三年级下.xlsx
waiyan_start1|g3-lower|r020|clock,waiyan_start1,3年级下,3,下,20,clock,clock,[klɒk],[klɑːk],n. 时钟;计时器 vt. 记录;记时 vi. 打卡;记录时间,外研版一年级起点三年级下.xlsx
waiyan_start1|g3-lower|r021|wheel,waiyan_start1,3年级下,3,下,21,wheel,wheel,[wiːl],[wiːl],n. 车轮;方向盘;转动 vt. 转动;使变换方向;给...装轮子 vi. 旋转;突然转变方向;盘旋飞行,外研版一年级起点三年级下.xlsx
waiyan_start1|g3-lower|r022|round,waiyan_start1,3年级下,3,下,22,round,round,[raʊnd],[raʊnd],n. 圆;循环;一回合;圆形物 prep. 附近;绕过;大约;在...周围 adj. 圆的;完全的;大概的;肥胖的 vt. 完成;围捕;绕行;弄圆 adv. 在周围;迂回地;朝反方向;挨个 vi. 进展;变圆;环行;发胖,外研版一年级起点三年级下.xlsx
waiyan_start1|g3-lower|r023|will,waiyan_start1,3年级下,3,下,23,will,will,[wɪl],[wɪl],n. 意志;决心;情感;遗嘱;意图;心愿 vt. 决心要;遗赠;用意志力使 vi. 愿意;下决心 aux. 将;愿意;必须,外研版一年级起点三年级下.xlsx
waiyan_start1|g3-lower|r024|you'll,waiyan_start1,3年级下,3,下,24,you'll,you'll,,,你将(you will),外研版一年级起点三年级下.xlsx
waiyan_start1|g3-lower|r025|tower,waiyan_start1,3年级下,3,下,25,tower,tower,[ˈtaʊə(r)],[ˈtaʊər],n. 塔;高楼;堡垒 vi. 高耸;超越,外研版一年级起点三年级下.xlsx
waiyan_start1|g3-lower|r026|bridge,waiyan_start1,3年级下,3,下,26,bridge,bridge,[brɪdʒ],[brɪdʒ],n. 桥;桥牌;桥接器;船桥 vt. 架桥;渡过,外研版一年级起点三年级下.xlsx
waiyan_start1|g3-lower|r027|won't,waiyan_start1,3年级下,3,下,27,won't,won't,,,[澳大利亚、新西兰口语]厌恶;不能容忍;= will not,外研版一年级起点三年级下.xlsx
waiyan_start1|g3-lower|r028|will not,waiyan_start1,3年级下,3,下,28,will not,will not,,,无,外研版一年级起点三年级下.xlsx
waiyan_start1|g3-lower|r029|countryside,waiyan_start1,3年级下,3,下,29,countryside,countryside,[ˈkʌntrisaɪd],[ˈkʌntrisaɪd],"n. 农村,乡下;乡下的全体居民",外研版一年级起点三年级下.xlsx
waiyan_start1|g3-lower|r030|farmer,waiyan_start1,3年级下,3,下,30,farmer,farmer,[ˈfɑːmə(r)],[ˈfɑːrmər],"n. 农夫,农民",外研版一年级起点三年级下.xlsx
waiyan_start1|g3-lower|r031|there,waiyan_start1,3年级下,3,下,31,there,there,[ðeə(r)],[ðer],n. 那个地方 adv. 在那里;在那边;在那点上 int. 你瞧,外研版一年级起点三年级下.xlsx
waiyan_start1|g3-lower|r032|lots of,waiyan_start1,3年级下,3,下,32,lots of,lots of,,,adj. 许多;很多,外研版一年级起点三年级下.xlsx
waiyan_start1|g3-lower|r033|breakfast,waiyan_start1,3年级下,3,下,33,breakfast,breakfast,[ˈbrekfəst],[ˈbrekfəst],n. 早餐;早饭 vt. 为...供应早餐 vi. 吃早餐,外研版一年级起点三年级下.xlsx
waiyan_start1|g3-lower|r034|have breakfast,waiyan_start1,3年级下,3,下,34,have breakfast,have breakfast,[hæv 'brekfəst],[hæv ˈbrekfəst],吃早饭;吃早餐;吃早点,外研版一年级起点三年级下.xlsx
waiyan_start1|g3-lower|r035|tea,waiyan_start1,3年级下,3,下,35,tea,tea,[tiː],[tiː],n. 茶叶;茶树;茶点 vt. 给...沏茶 vi. 喝茶;进茶点,外研版一年级起点三年级下.xlsx
waiyan_start1|g3-lower|r036|tea party,waiyan_start1,3年级下,3,下,36,tea party,tea party,,,n. 茶话会;(下午) 茶会;在美国各地抗议高额税收,外研版一年级起点三年级下.xlsx
waiyan_start1|g3-lower|r037|pick,waiyan_start1,3年级下,3,下,37,pick,pick,[pɪk],[pɪk],n. 选择;鹤嘴锄;挖;掩护 vi. 挑选;采摘;挖 vt. 拾取;精选;采摘;掘,外研版一年级起点三年级下.xlsx
waiyan_start1|g3-lower|r038|fourteen,waiyan_start1,3年级下,3,下,38,fourteen,fourteen,[ˌfɔːˈtiːn],[ˌfɔːrˈtiːn],num. 十四;十四个;第十四 n. 十四的记号;十四岁;十四点钟;十五世纪,外研版一年级起点三年级下.xlsx
waiyan_start1|g3-lower|r039|sixteen,waiyan_start1,3年级下,3,下,39,sixteen,sixteen,[ˌsɪksˈtiːn],[ˌsɪksˈtiːn],"num. 十六 adj. 十六的,十六个的",外研版一年级起点三年级下.xlsx
waiyan_start1|g3-lower|r040|eighteen,waiyan_start1,3年级下,3,下,40,eighteen,eighteen,[ˌeɪˈtiːn],[ˌeɪˈtiːn],"n. 十八,十八个 num. 十八 adj. 十八个的,十八的",外研版一年级起点三年级下.xlsx
waiyan_start1|g3-lower|r041|thirteen,waiyan_start1,3年级下,3,下,41,thirteen,thirteen,[ˌθɜːˈtiːn],[ˌθɜːrˈtiːn],n. 十三;十三岁;十三个 num. 十三 adj. 十三的;十三个的,外研版一年级起点三年级下.xlsx
waiyan_start1|g3-lower|r042|fifteen,waiyan_start1,3年级下,3,下,42,fifteen,fifteen,[ˌfɪfˈtiːn],[ˌfɪfˈtiːn],n. 十五;十五个;十五人组成的橄榄球队 num. 十五 adj. 十五的,外研版一年级起点三年级下.xlsx
waiyan_start1|g3-lower|r043|seventeen,waiyan_start1,3年级下,3,下,43,seventeen,seventeen,[ˌsev(ə)nˈtiːn],[ˌsevnˈtiːn],"n. 十七,十七个 num. 十七 adj. 十七岁的;十七的,十七个的",外研版一年级起点三年级下.xlsx
waiyan_start1|g3-lower|r044|nineteen,waiyan_start1,3年级下,3,下,44,nineteen,nineteen,[ˌnaɪnˈtiːn],[ˌnaɪnˈtiːn],num. 十九,外研版一年级起点三年级下.xlsx
waiyan_start1|g3-lower|r045|afraid,waiyan_start1,3年级下,3,下,45,afraid,afraid,[əˈfreɪd],[əˈfreɪd],adj. 害怕的;恐怕;担心的,外研版一年级起点三年级下.xlsx
waiyan_start1|g3-lower|r046|feel,waiyan_start1,3年级下,3,下,46,feel,feel,[fiːl],[fiːl],n. 感觉;触摸 vi. 觉得;摸索 vt. 感觉;认为;触摸;试探,外研版一年级起点三年级下.xlsx
waiyan_start1|g3-lower|r047|all right,waiyan_start1,3年级下,3,下,47,all right,all right,[ˌɔːl ˈraɪt],[ɔːl raɪt],adj. 可接受(的);满意(的);安全健康(的);平安无恙(的) int. 是不是;(表示同意)好;没什么;(引起注意)哎,外研版一年级起点三年级下.xlsx
waiyan_start1|g3-lower|r048|tomorrow,waiyan_start1,3年级下,3,下,48,tomorrow,tomorrow,[təˈmɒrəʊ],[təˈmɑːroʊ],n. 明天;未来 adv. 明天;未来地(等于to-morrow),外研版一年级起点三年级下.xlsx
waiyan_start1|g3-lower|r049|monday,waiyan_start1,3年级下,3,下,49,Monday,monday,[ˈmʌndeɪ],[ˈmʌndeɪ],n. 星期一,外研版一年级起点三年级下.xlsx
waiyan_start1|g3-lower|r050|why,waiyan_start1,3年级下,3,下,50,why,why,[waɪ],[waɪ],int. 哎呀!什么? adv. 为什么,外研版一年级起点三年级下.xlsx
waiyan_start1|g3-lower|r051|why not?,waiyan_start1,3年级下,3,下,51,Why not?,why not?,,,na. 为什么不好[不行],外研版一年级起点三年级下.xlsx
waiyan_start1|g3-lower|r052|tuesday,waiyan_start1,3年级下,3,下,52,Tuesday,tuesday,[ˈtjuːzdeɪ],[ˈtuːzdeɪ],n. 星期二,外研版一年级起点三年级下.xlsx
waiyan_start1|g3-lower|r053|wednesday,waiyan_start1,3年级下,3,下,53,Wednesday,wednesday,[ˈwenzdeɪ],[ˈwenzdeɪ],n. 星期三,外研版一年级起点三年级下.xlsx
waiyan_start1|g3-lower|r054|thursday,waiyan_start1,3年级下,3,下,54,Thursday,thursday,[ˈθɜːzdeɪ],[ˈθɜːrzdeɪ],n. 星期四,外研版一年级起点三年级下.xlsx
waiyan_start1|g3-lower|r055|next,waiyan_start1,3年级下,3,下,55,next,next,[nekst],[nekst],adv. 然后;下次;其次 adj. 下一个的;其次的;贴近的 n. 下一个 prep. 靠近;居于...之后,外研版一年级起点三年级下.xlsx
waiyan_start1|g3-lower|r056|week,waiyan_start1,3年级下,3,下,56,week,week,[wiːk],[wiːk],"n. 周,星期",外研版一年级起点三年级下.xlsx
waiyan_start1|g3-lower|r057|stamp,waiyan_start1,3年级下,3,下,57,stamp,stamp,[stæmp],[stæmp],n. 邮票;印记;标志;跺脚 vt. 铭记;标出;盖章于...;贴邮票于...;用脚踩踏 vi. 跺脚;捣碎;毁掉,外研版一年级起点三年级下.xlsx
waiyan_start1|g3-lower|r058|computer,waiyan_start1,3年级下,3,下,58,computer,computer,[kəmˈpjuːtə(r)],[kəmˈpjuːtər],n. 计算机;电脑;电子计算机,外研版一年级起点三年级下.xlsx
waiyan_start1|g3-lower|r059|shall,waiyan_start1,3年级下,3,下,59,shall,shall,[ʃəl; ʃæl],[ʃəl; ʃæl],aux. 应;会;将;必须,外研版一年级起点三年级下.xlsx
waiyan_start1|g3-lower|r060|arm,waiyan_start1,3年级下,3,下,60,arm,arm,[ɑːm],[ɑːrm],n. 手臂;武器;袖子;装备;部门 vt. 武装;备战 vi. 武装起来,外研版一年级起点三年级下.xlsx
waiyan_start1|g3-lower|r061|class,waiyan_start1,3年级下,3,下,61,class,class,[klɑːs],[klæs],"n. 阶级;班级;种类;班;等级 adj. 极好的;很好的,优秀的,出色的 vt. 分类;把...分等级;把...归入某等级,把...看作(或分类、归类);把...编入某一班级 vi. 属于...类(或等级),被列为某类(或某级)",外研版一年级起点三年级下.xlsx
waiyan_start1|g3-lower|r062|any,waiyan_start1,3年级下,3,下,62,any,any,[ˈeni],[ˈeni],adj. 任何的;所有的;丝毫 pron. 任何;任何一个;若干 adv. 稍微;少许,外研版一年级起点三年级下.xlsx
waiyan_start1|g3-lower|r063|ask,waiyan_start1,3年级下,3,下,63,ask,ask,[ɑːsk],[æsk],"vt. 问,询问;要求;需要;邀请;讨价 vi. 问,询问;要求",外研版一年级起点三年级下.xlsx
waiyan_start1|g3-lower|r064|question,waiyan_start1,3年级下,3,下,64,question,question,[ˈkwestʃən],[ˈkwestʃən],"n. 问题,疑问;询问;疑问句 vt. 询问;怀疑;审问 vi. 询问;怀疑;审问",外研版一年级起点三年级下.xlsx
waiyan_start1|g3-lower|r065|forty,waiyan_start1,3年级下,3,下,65,forty,forty,[ˈfɔːti],[ˈfɔːrti],n. 四十 adj. 四十的;四十个的,外研版一年级起点三年级下.xlsx
waiyan_start1|g3-lower|r066|so,waiyan_start1,3年级下,3,下,66,so,so,[səʊ],[soʊ],"conj. 所以;因此 adv. 如此,这么;确是如此 pron. 这样",外研版一年级起点三年级下.xlsx
waiyan_start1|g3-lower|r067|about,waiyan_start1,3年级下,3,下,67,about,about,[əˈbaʊt],[əˈbaʊt],prep. 关于;大约 n. 大致;粗枝大叶;不拘小节的人 adj. 在附近的;四处走动的;在起作用的 adv. 大约;周围;到处,外研版一年级起点三年级下.xlsx
waiyan_start1|g3-lower|r068|thirty,waiyan_start1,3年级下,3,下,68,thirty,thirty,[ˈθɜːti],[ˈθɜːrti],num. 三十 n. 三十年代 adj. 三十个的,外研版一年级起点三年级下.xlsx
waiyan_start1|g3-lower|r069|hard,waiyan_start1,3年级下,3,下,69,hard,hard,[hɑːd],[hɑːrd],adj. 努力的;硬的;困难的;辛苦的;确实的;严厉的;猛烈的;冷酷无情的 adv. 努力地;困难地;辛苦地;接近地;猛烈地;牢固地,外研版一年级起点三年级下.xlsx
waiyan_start1|g3-lower|r070|lazy,waiyan_start1,3年级下,3,下,70,lazy,lazy,[ˈleɪzi],[ˈleɪzi],adj. 懒惰的;懒洋洋的;怠惰的;慢吞吞的,外研版一年级起点三年级下.xlsx
waiyan_start1|g3-lower|r071|parent,waiyan_start1,3年级下,3,下,71,parent,parent,[ˈpeərənt],[ˈperənt],n. 父亲(或母亲);父母亲;根源,外研版一年级起点三年级下.xlsx
waiyan_start1|g3-lower|r072|parents' day,waiyan_start1,3年级下,3,下,72,Parents' Day,parents' day,,,无,外研版一年级起点三年级下.xlsx
waiyan_start1|g3-lower|r073|speak,waiyan_start1,3年级下,3,下,73,speak,speak,[spiːk],[spiːk],vi. 说话;演讲;表明;陈述 vt. 讲话;发言;讲演,外研版一年级起点三年级下.xlsx
waiyan_start1|g3-lower|r074|with,waiyan_start1,3年级下,3,下,74,with,with,[wɪð],[wɪð; wɪθ],prep. 用;随着;支持;和...在一起,外研版一年级起点三年级下.xlsx
waiyan_start1|g3-lower|r075|quite,waiyan_start1,3年级下,3,下,75,quite,quite,[kwaɪt],[kwaɪt],adv. 很;相当;完全,外研版一年级起点三年级下.xlsx
waiyan_start1|g3-lower|r076|good at,waiyan_start1,3年级下,3,下,76,good at,good at,,,un. 擅长;一清二楚;拿手的;精明的,外研版一年级起点三年级下.xlsx
waiyan_start1|g3-lower|r077|english,waiyan_start1,3年级下,3,下,77,English,english,[ˈɪŋɡlɪʃ],[ˈɪŋɡlɪʃ],n. 英语;英国人;英文;英格兰人 adj. 英国人的;英国的;英文的 vt. 把...译成英语,外研版一年级起点三年级下.xlsx
waiyan_start1|g3-lower|r078|pe,waiyan_start1,3年级下,3,下,78,PE,pe,[peɪ],[peɪ],"abbr. 体育课,体能训练(physical education)",外研版一年级起点三年级下.xlsx
waiyan_start1|g3-lower|r079|physical education,waiyan_start1,3年级下,3,下,79,physical education,physical education,[ˌfɪzɪk(ə)l edʒuˈkeɪʃ(ə)n],[ˌfɪzɪkl edʒuˈkeɪʃn],n. 〔体〕体育教学,外研版一年级起点三年级下.xlsx
waiyan_start1|g3-lower|r080|chinese,waiyan_start1,3年级下,3,下,80,Chinese,chinese,[ˌtʃaɪˈniːz],[ˌtʃaɪˈniːz],"n. 中文,汉语;中国人 adj. 中国的,中国人的;中国话的",外研版一年级起点三年级下.xlsx
waiyan_start1|g3-lower|r081|art,waiyan_start1,3年级下,3,下,81,art,art,[ɑːt],[ɑːrt],n. 艺术;美术;艺术品 v. 是(be的变体) adj. 艺术的;艺术品的,外研版一年级起点三年级下.xlsx
waiyan_start1|g3-lower|r082|report,waiyan_start1,3年级下,3,下,82,report,report,[rɪˈpɔːt],[rɪˈpɔːrt],n. 报告;报道;成绩单 vt. 报告;报导;使报到 vi. 报告;报到;写报导,外研版一年级起点三年级下.xlsx
waiyan_start1|g3-lower|r083|try,waiyan_start1,3年级下,3,下,83,try,try,[traɪ],[traɪ],"n. 尝试;努力;试验 vt. 试图,努力;试验;审判;考验 vi. 尝试;努力;试验",外研版一年级起点三年级下.xlsx
waiyan_start1|g3-lower|r084|were,waiyan_start1,3年级下,3,下,84,were,were,[wə(r); wɜː(r)],[wər; wɜːr],"v. 是,在(are的过去式)",外研版一年级起点三年级下.xlsx
waiyan_start1|g3-lower|r085|young,waiyan_start1,3年级下,3,下,85,young,young,[jʌŋ],[jʌŋ],"n. 年轻人;(动物的)崽,仔 adj. 年轻的;初期的;没有经验的",外研版一年级起点三年级下.xlsx
waiyan_start1|g3-lower|r086|beautiful,waiyan_start1,3年级下,3,下,86,beautiful,beautiful,[ˈbjuːtɪf(ə)l],[ˈbjuːtɪf(ə)l],adj. 美丽的 出色地 出色的 迷人的 迷人地,外研版一年级起点三年级下.xlsx
waiyan_start1|g3-lower|r087|was,waiyan_start1,3年级下,3,下,87,was,was,[wəz; wɒz],[wəz; wʌz],be的第一和第三人称单数过去式,外研版一年级起点三年级下.xlsx
waiyan_start1|g3-lower|r088|also,waiyan_start1,3年级下,3,下,88,also,also,[ˈɔːlsəʊ],[ˈɔːlsoʊ],conj. 并且;另外 adv. 也;而且;同样,外研版一年级起点三年级下.xlsx
waiyan_start1|g3-lower|r089|then,waiyan_start1,3年级下,3,下,89,then,then,[ðen],[ðen],"conj. 然后,当时 n. 那时 adv. 然后;那么;于是;当时;此外",外研版一年级起点三年级下.xlsx
waiyan_start1|g3-lower|r090|who,waiyan_start1,3年级下,3,下,90,who,who,[huː],[huː],pron. 谁;什么人,外研版一年级起点三年级下.xlsx
waiyan_start1|g3-lower|r091|grandparent,waiyan_start1,3年级下,3,下,91,grandparent,grandparent,[ˈɡrænpeərənt],[ˈɡrænperənt],n. 祖父母;祖父或祖母;外祖父母;外祖父或外祖母,外研版一年级起点三年级下.xlsx
waiyan_start1|g3-lower|r092|old,waiyan_start1,3年级下,3,下,92,old,old,[əʊld],[oʊld],"adj. 陈旧的,古老的;年老的 n. 古时",外研版一年级起点三年级下.xlsx
waiyan_start1|g3-lower|r093|yesterday,waiyan_start1,3年级下,3,下,93,yesterday,yesterday,[ˈjestədeɪ],[ˈjestərdeɪ; ˈjestərdi],n. 昨天;往昔 adv. 昨天,外研版一年级起点三年级下.xlsx
waiyan_start1|g3-lower|r094|weren't,waiyan_start1,3年级下,3,下,94,weren't,weren't,,,"没有(were not 的简写,were是be的第二人称单数过去式) 不是(were not 的简写,were是be的第二人称单数过去式)",外研版一年级起点三年级下.xlsx
waiyan_start1|g3-lower|r095|were not,waiyan_start1,3年级下,3,下,95,were not,were not,,,无,外研版一年级起点三年级下.xlsx
waiyan_start1|g3-lower|r096|wasn't,waiyan_start1,3年级下,3,下,96,wasn't,wasn't,,,prep. 不是(等于was not),外研版一年级起点三年级下.xlsx
waiyan_start1|g3-lower|r097|was not,waiyan_start1,3年级下,3,下,97,was not,was not,,,不是;不在世;还不是,外研版一年级起点三年级下.xlsx
waiyan_start1|g3-lower|r098|fun,waiyan_start1,3年级下,3,下,98,fun,fun,[fʌn],[fʌn],n. 乐趣;玩笑;有趣的人或事 adj. 供娱乐用的 vi. 开玩笑,外研版一年级起点三年级下.xlsx
waiyan_start1|g3-lower|r099|second,waiyan_start1,3年级下,3,下,99,second,second,[ˈsekənd],[ˈsekənd; sɪˈkɑːnd],num. 第二 n. 秒;第二名;瞬间;二等品 adj. 第二的;次要的;附加的 vt. 支持 adv. 第二;其次;居第二位,外研版一年级起点三年级下.xlsx
waiyan_start1|g3-lower|r100|floor,waiyan_start1,3年级下,3,下,100,floor,floor,[flɔː(r)],[flɔːr],"n. 地板,地面;楼层;基底;议员席 vt. 铺地板;打倒,击倒;(被困难)难倒",外研版一年级起点三年级下.xlsx
waiyan_start1|g3-lower|r101|worried,waiyan_start1,3年级下,3,下,101,worried,worried,[ˈwʌrid],[ˈwɜːrid],adj. 担心的,外研版一年级起点三年级下.xlsx
waiyan_start1|g3-lower|r102|find,waiyan_start1,3年级下,3,下,102,find,find,[faɪnd],[faɪnd],"n. 发现 vi. 裁决 vt. 查找,找到;发现;认为;感到;获得",外研版一年级起点三年级下.xlsx
waiyan_start1|g3-lower|r103|first,waiyan_start1,3年级下,3,下,103,first,first,[fɜːst],[fɜːrst],num. 第一 n. 第一;开始;冠军 adj. 第一的;基本的;最早的 adv. 第一;首先;优先;宁愿,外研版一年级起点三年级下.xlsx
waiyan_start1|g3-lower|r104|remember,waiyan_start1,3年级下,3,下,104,remember,remember,[rɪˈmembə(r)],[rɪˈmembər],"vi. 记得,记起 vt. 记得;牢记;纪念;代...问好",外研版一年级起点三年级下.xlsx
waiyan_start1|g3-lower|r105|mother's day,waiyan_start1,3年级下,3,下,105,Mother's Day,mother's day,,,na. (美国和加拿大的)母亲节,外研版一年级起点三年级下.xlsx
waiyan_start1|g3-lower|r106|vegetable,waiyan_start1,3年级下,3,下,106,vegetable,vegetable,[ˈvedʒtəb(ə)l],[ˈvedʒtəbl],n. 蔬菜;植物;植物人 adj. 蔬菜的;植物的,外研版一年级起点三年级下.xlsx
waiyan_start1|g3-lower|r107|last,waiyan_start1,3年级下,3,下,107,last,last,[lɑːst],[læst],"n. 末尾,最后;上个;鞋楦(做鞋的模型) adj. 最后的;最近的,最新的;仅剩的;最不可能...的 vi. 持续;维持,够用;持久 vt. 度过,拖过;使维持 adv. 最后地;上次,最近;最后一点",外研版一年级起点三年级下.xlsx
waiyan_start1|g4-upper|r002|dear,waiyan_start1,4年级上,4,上,2,dear,dear,[dɪə(r)],[dɪr],n. 亲爱的人 adj. 亲爱的;尊敬的;昂贵的 adv. 高价地;疼爱地 int. 哎呀,外研版一年级起点四年级上.xlsx
waiyan_start1|g4-upper|r003|well,waiyan_start1,4年级上,4,上,3,well,well,[wel],[wel],n. 井;源泉 adj. 良好的;健康的;适宜的 adv. 很好地;充分地;满意地;适当地 v. 涌出,外研版一年级起点四年级上.xlsx
waiyan_start1|g4-upper|r004|of,waiyan_start1,4年级上,4,上,4,of,of,[əv; ɒv],[əv; ʌv],prep. 关于;属于;...的;由...组成的,外研版一年级起点四年级上.xlsx
waiyan_start1|g4-upper|r005|soon,waiyan_start1,4年级上,4,上,5,soon,soon,[suːn],[suːn],"adv. 快;不久,一会儿;立刻;宁愿",外研版一年级起点四年级上.xlsx
waiyan_start1|g4-upper|r006|tell,waiyan_start1,4年级上,4,上,6,tell,tell,[tel],[tel],"vt. 告诉,说;辨别;吩咐;断定 vi. 讲述;告发,泄密;识别",外研版一年级起点四年级上.xlsx
waiyan_start1|g4-upper|r007|love,waiyan_start1,4年级上,4,上,7,love,love,[lʌv],[lʌv],"n. 恋爱;亲爱的;酷爱;喜爱的事物;爱情,爱意;疼爱;热爱;爱人,所爱之物 v. 爱,热爱;爱戴;赞美,称赞;喜爱;喜好;喜欢;爱慕",外研版一年级起点四年级上.xlsx
waiyan_start1|g4-upper|r008|skirt,waiyan_start1,4年级上,4,上,8,skirt,skirt,[skɜːt],[skɜːrt],"n. 裙子 vt. 绕过,回避;位于...边缘 vi. 沿边走,绕开;环绕",外研版一年级起点四年级上.xlsx
waiyan_start1|g4-upper|r009|clean,waiyan_start1,4年级上,4,上,9,clean,clean,[kliːn],[kliːn],"n. 打扫 adj. 清洁的,干净的;清白的 vt. 使干净 vi. 打扫,清扫 adv. 完全地",外研版一年级起点四年级上.xlsx
waiyan_start1|g4-upper|r010|finish,waiyan_start1,4年级上,4,上,10,finish,finish,[ˈfɪnɪʃ],[ˈfɪnɪʃ],"n. 结束;完美;回味(葡萄酒) vt. 完成;结束;用完 vi. 结束,终止;终结",外研版一年级起点四年级上.xlsx
waiyan_start1|g4-upper|r011|dirty,waiyan_start1,4年级上,4,上,11,dirty,dirty,[ˈdɜːti],[ˈdɜːrti],"adj. 下流的,卑鄙的;肮脏的;恶劣的;暗淡的 vt. 弄脏 vi. 变脏",外研版一年级起点四年级上.xlsx
waiyan_start1|g4-upper|r012|paint,waiyan_start1,4年级上,4,上,12,paint,paint,[peɪnt],[peɪnt],"vt. 油漆;绘画;装饰;涂色于;描绘;(用语言,文字等)描写;擦脂粉等 vi. 油漆;描绘;绘画;化妆 n. 油漆;颜料,涂料;绘画作品;胭脂等化妆品;色彩,装饰",外研版一年级起点四年级上.xlsx
waiyan_start1|g4-upper|r013|mr,waiyan_start1,4年级上,4,上,13,Mr,mr,[ˈmɪstə(r)],[ˈmɪstər],abbr. 先生(Mister),外研版一年级起点四年级上.xlsx
waiyan_start1|g4-upper|r014|phone,waiyan_start1,4年级上,4,上,14,phone,phone,[fəʊn],[foʊn],"n. 电话;耳机,听筒 vt. 打电话 vi. 打电话",外研版一年级起点四年级上.xlsx
waiyan_start1|g4-upper|r015|didn't,waiyan_start1,4年级上,4,上,15,didn't,didn't,,,aux. did not的缩写,外研版一年级起点四年级上.xlsx
waiyan_start1|g4-upper|r016|did not,waiyan_start1,4年级上,4,上,16,did not,did not,,,无,外研版一年级起点四年级上.xlsx
waiyan_start1|g4-upper|r017|national day,waiyan_start1,4年级上,4,上,17,National Day,national day,,,na. 国庆日,外研版一年级起点四年级上.xlsx
waiyan_start1|g4-upper|r018|stay,waiyan_start1,4年级上,4,上,18,stay,stay,[steɪ],[steɪ],n. 逗留;停止;支柱 vi. 停留;坚持;暂住;停下 vt. 坚持;暂住;抑制,外研版一年级起点四年级上.xlsx
waiyan_start1|g4-upper|r019|what,waiyan_start1,4年级上,4,上,19,what,what,[wɒt],[wʌt],"pron. 什么;多么;多少 adv. 到什么程度,在哪一方面 adj. 什么;多么;何等 int. 什么;多么",外研版一年级起点四年级上.xlsx
waiyan_start1|g4-upper|r020|boring,waiyan_start1,4年级上,4,上,20,boring,boring,[ˈbɔːrɪŋ],[ˈbɔːrɪŋ],n. 钻孔 adj. 无聊的;令人厌烦的 v. 钻孔;使厌烦;挖空(bore的ing形式),外研版一年级起点四年级上.xlsx
waiyan_start1|g4-upper|r021|day,waiyan_start1,4年级上,4,上,21,day,day,[deɪ],[deɪ],n. 一天;时期;白昼 adj. 日间的;逐日的 adv. 每天;经常在白天地,外研版一年级起点四年级上.xlsx
waiyan_start1|g4-upper|r022|invent,waiyan_start1,4年级上,4,上,22,invent,invent,[ɪnˈvent],[ɪnˈvent],vt. 发明;创造;虚构,外研版一年级起点四年级上.xlsx
waiyan_start1|g4-upper|r023|paper,waiyan_start1,4年级上,4,上,23,paper,paper,[ˈpeɪpə(r)],[ˈpeɪpər],n. 纸;论文;文件;报纸 adj. 纸做的 vt. 用纸糊;用纸包装 vi. 贴糊墙纸;发交通违章传票,外研版一年级起点四年级上.xlsx
waiyan_start1|g4-upper|r024|important,waiyan_start1,4年级上,4,上,24,important,important,[ɪmˈpɔːtnt],[ɪmˈpɔːrtnt],"adj. 重要的,重大的;有地位的;有权力的",外研版一年级起点四年级上.xlsx
waiyan_start1|g4-upper|r025|printing,waiyan_start1,4年级上,4,上,25,printing,printing,[ˈprɪntɪŋ],[ˈprɪntɪŋ],n. 印刷;印刷术,外研版一年级起点四年级上.xlsx
waiyan_start1|g4-upper|r026|print,waiyan_start1,4年级上,4,上,26,print,print,[prɪnt],[prɪnt],n. 印刷业;印花布;印刷字体;印章;印记 vt. 印刷;打印;刊载;用印刷体写;在...印花样 vi. 印刷;出版;用印刷体写,外研版一年级起点四年级上.xlsx
waiyan_start1|g4-upper|r027|right,waiyan_start1,4年级上,4,上,27,right,right,[raɪt],[raɪt],n. 正确;右边;正义 adj. 正确的;直接的;右方的 vt. 纠正 adv. 正确地;恰当地;彻底地 vi. 复正;恢复平稳,外研版一年级起点四年级上.xlsx
waiyan_start1|g4-upper|r028|between,waiyan_start1,4年级上,4,上,28,between,between,[bɪˈtwiːn],[bɪˈtwiːn],prep. 在...之间 adv. 在中间,外研版一年级起点四年级上.xlsx
waiyan_start1|g4-upper|r029|bicycle,waiyan_start1,4年级上,4,上,29,bicycle,bicycle,[ˈbaɪsɪk(ə)l],[ˈbaɪsɪkl],n. 自行车 vt. 骑自行车运送 vi. 骑脚踏车,外研版一年级起点四年级上.xlsx
waiyan_start1|g4-upper|r030|mouse,waiyan_start1,4年级上,4,上,30,mouse,mouse,[maʊs],[maʊs],n. 鼠标;老鼠;胆小羞怯的人 vt. 探出 vi. 捕鼠;窥探,外研版一年级起点四年级上.xlsx
waiyan_start1|g4-upper|r031|beside,waiyan_start1,4年级上,4,上,31,beside,beside,[bɪˈsaɪd],[bɪˈsaɪd],prep. 在旁边;与...相比;和...无关,外研版一年级起点四年级上.xlsx
waiyan_start1|g4-upper|r032|man,waiyan_start1,4年级上,4,上,32,man,man,[mæn],[mæn],n. 人;男人;人类;丈夫;雇工 vt. 操纵;给...配置人员;使增强勇气;在...就位,外研版一年级起点四年级上.xlsx
waiyan_start1|g4-upper|r033|went,waiyan_start1,4年级上,4,上,33,went,went,[went],[went],"v. 去,过去(go的过去式)",外研版一年级起点四年级上.xlsx
waiyan_start1|g4-upper|r034|saw,waiyan_start1,4年级上,4,上,34,saw,saw,[sɔː],[sɔː],"n. 锯子;谚语 v. see的过去式 vi. 锯;用锯;将某物锯成小块 vt. 看见;明白,了解;锯;锯成;锯开",外研版一年级起点四年级上.xlsx
waiyan_start1|g4-upper|r035|trip,waiyan_start1,4年级上,4,上,35,trip,trip,[trɪp],[trɪp],n. 旅行;绊倒;差错 vt. 绊倒;使犯错 vi. 绊倒;远足;犯错误;轻快地走,外研版一年级起点四年级上.xlsx
waiyan_start1|g4-upper|r036|took,waiyan_start1,4年级上,4,上,36,took,took,[tʊk],[tʊk],v. 拿;取;接受(take的过去式),外研版一年级起点四年级上.xlsx
waiyan_start1|g4-upper|r037|fifty,waiyan_start1,4年级上,4,上,37,fifty,fifty,[ˈfɪfti],[ˈfɪfti],n. 五十;五十个;编号为50的东西 adj. 五十的;五十个的;众多的,外研版一年级起点四年级上.xlsx
waiyan_start1|g4-upper|r038|minute,waiyan_start1,4年级上,4,上,38,minute,minute,[ˈmɪnɪt],[ˈmɪnɪt],"n. 分,分钟;片刻,一会儿;备忘录,笔记;会议记录 vt. 将...记录下来 adj. 微小的,详细的 [maɪˈnjuːt; US -ˈnuːt; maɪˋnut]",外研版一年级起点四年级上.xlsx
waiyan_start1|g4-upper|r039|top,waiyan_start1,4年级上,4,上,39,top,top,[tɒp],[tɑːp],"n. 顶部,顶端;上部;首席;陀螺 adj. 最高的,顶上的;头等的 vt. 超越,超过;给...加盖;达到...的顶端 vi. 高出,超越;结束;达到顶点",外研版一年级起点四年级上.xlsx
waiyan_start1|g4-upper|r040|mountain,waiyan_start1,4年级上,4,上,40,mountain,mountain,[ˈmaʊntən],[ˈmaʊntn],n. 山;山脉,外研版一年级起点四年级上.xlsx
waiyan_start1|g4-upper|r041|ate,waiyan_start1,4年级上,4,上,41,ate,ate,[et; eɪt],[eɪt],v. 吃(eat的过去式),外研版一年级起点四年级上.xlsx
waiyan_start1|g4-upper|r042|candies,waiyan_start1,4年级上,4,上,42,candies,candies,[ˈkændɪz],[ˈkændiz],"n. 糖果,果饵(candy的复数)",外研版一年级起点四年级上.xlsx
waiyan_start1|g4-upper|r043|plant,waiyan_start1,4年级上,4,上,43,plant,plant,[plɑːnt],[plænt],"n. 工厂,车间;植物;设备;庄稼 vt. 种植;培养;栽培;安置 vi. 种植",外研版一年级起点四年级上.xlsx
waiyan_start1|g4-upper|r044|had,waiyan_start1,4年级上,4,上,44,had,had,[həd; əd; hæd],[həd; əd; hæd],v. 有;吃;得到(动词have的过去式和过去分词) aux. 已经(用于过去完成时和过去完成进行时),外研版一年级起点四年级上.xlsx
waiyan_start1|g4-upper|r045|have,waiyan_start1,4年级上,4,上,45,have,have,[həv],[həv; əv; hæv],aux. 已经 vt. 有;让;拿;从事;允许,外研版一年级起点四年级上.xlsx
waiyan_start1|g4-upper|r046|have a good time,waiyan_start1,4年级上,4,上,46,have a good time,have a good time,,,na. 过得愉快;很愉快,外研版一年级起点四年级上.xlsx
waiyan_start1|g4-upper|r047|bought,waiyan_start1,4年级上,4,上,47,bought,bought,[bɔːt],[bɔːt],v. 买(buy的过去式和过去分词),外研版一年级起点四年级上.xlsx
waiyan_start1|g4-upper|r048|wore,waiyan_start1,4年级上,4,上,48,wore,wore,[wɔː(r)],[wɔːr],v. 穿(衣服等);戴(首饰等);装着(wear的过去式),外研版一年级起点四年级上.xlsx
waiyan_start1|g4-upper|r049|go on a trip,waiyan_start1,4年级上,4,上,49,go on a trip,go on a trip,,,去旅行;进行旅行;去旅游,外研版一年级起点四年级上.xlsx
waiyan_start1|g4-upper|r050|ice,waiyan_start1,4年级上,4,上,50,ice,ice,[aɪs],[aɪs],n. 冰;冰淇淋;矜持;(俚)钻石 adj. 冰的 vt. 冰镇;结冰 vi. 结冰,外研版一年级起点四年级上.xlsx
waiyan_start1|g4-upper|r051|at first,waiyan_start1,4年级上,4,上,51,at first,at first,,,na. 首先,外研版一年级起点四年级上.xlsx
waiyan_start1|g4-upper|r052|fell,waiyan_start1,4年级上,4,上,52,fell,fell,[fel],[fel],n. [林] 一季所伐的木材;折缝;兽皮 v. 掉下;摔倒;下垂;变坏(fall的过去式) adj. 凶猛的;毁灭性的 vt. 砍伐;打倒;击倒,外研版一年级起点四年级上.xlsx
waiyan_start1|g4-upper|r053|fall over,waiyan_start1,4年级上,4,上,53,fall over,fall over,,,na. 倒了;落在地上;(计算机)程序停止运行;跌倒,外研版一年级起点四年级上.xlsx
waiyan_start1|g4-upper|r054|hurt,waiyan_start1,4年级上,4,上,54,hurt,hurt,[hɜːt],[hɜːrt],n. 痛苦;危害;痛苦的原因 vt. 使受伤;损害;使疼痛;使痛心 adj. 受伤的;痛苦的;受损的 vi. 感到疼痛;有坏处;带来痛苦,外研版一年级起点四年级上.xlsx
waiyan_start1|g4-upper|r055|a lot,waiyan_start1,4年级上,4,上,55,a lot,a lot,,,n. 许多 adv. 常,外研版一年级起点四年级上.xlsx
waiyan_start1|g4-upper|r056|able,waiyan_start1,4年级上,4,上,56,able,able,[ˈeɪb(ə)l],[ˈeɪbl],adj. 能;[经管] 有能力的;能干的,外研版一年级起点四年级上.xlsx
waiyan_start1|g4-upper|r057|be able to,waiyan_start1,4年级上,4,上,57,be able to,be able to,,,v. 能够,外研版一年级起点四年级上.xlsx
waiyan_start1|g4-upper|r058|skate,waiyan_start1,4年级上,4,上,58,skate,skate,[skeɪt],[skeɪt],n. 溜冰;冰鞋 vi. 滑冰;滑过,外研版一年级起点四年级上.xlsx
waiyan_start1|g4-upper|r059|become,waiyan_start1,4年级上,4,上,59,become,become,[bɪˈkʌm],[bɪˈkʌm],vt. 适合;相称 vi. 成为;变得;变成,外研版一年级起点四年级上.xlsx
waiyan_start1|g4-upper|r060|gold,waiyan_start1,4年级上,4,上,60,gold,gold,[ɡəʊld],[ɡoʊld],"n. 金,黄金;金色;金币 adj. 金的,金制的;金色的",外研版一年级起点四年级上.xlsx
waiyan_start1|g4-upper|r061|ago,waiyan_start1,4年级上,4,上,61,ago,ago,[əˈɡəʊ],[əˈɡoʊ],"adj. 以前的;过去的 adv. 以前,以往",外研版一年级起点四年级上.xlsx
waiyan_start1|g4-upper|r062|long ago,waiyan_start1,4年级上,4,上,62,long ago,long ago,,,na. 从前;老早,外研版一年级起点四年级上.xlsx
waiyan_start1|g4-upper|r063|magic,waiyan_start1,4年级上,4,上,63,magic,magic,[ˈmædʒɪk],[ˈmædʒɪk],n. 巫术;魔法;戏法 adj. 不可思议的;有魔力的;魔术的,外研版一年级起点四年级上.xlsx
waiyan_start1|g4-upper|r064|paintbrush,waiyan_start1,4年级上,4,上,64,paintbrush,paintbrush,[ˈpeɪntbrʌʃ],[ˈpeɪntbrʌʃ],n. 画笔;漆刷,外研版一年级起点四年级上.xlsx
waiyan_start1|g4-upper|r065|woman,waiyan_start1,4年级上,4,上,65,woman,woman,[ˈwʊmən],[ˈwʊmən],n. 妇女;女性;成年女子,外研版一年级起点四年级上.xlsx
waiyan_start1|g4-upper|r066|became,waiyan_start1,4年级上,4,上,66,became,became,[bɪˈkeɪm],[bɪˈkeɪm],v. 变得(become的过去式),外研版一年级起点四年级上.xlsx
waiyan_start1|g4-upper|r067|real,waiyan_start1,4年级上,4,上,67,real,real,[ˈriːəl; rɪəl],[ˈriːəl],n. 现实;实数 adj. 实际的;真实的;实在的 adv. 真正地;确实地,外研版一年级起点四年级上.xlsx
waiyan_start1|g4-upper|r068|bad,waiyan_start1,4年级上,4,上,68,bad,bad,[bæd],[bæd],"n. 坏事;坏人 adj. 坏的;严重的;劣质的 adv. 很,非常;坏地;邪恶地",外研版一年级起点四年级上.xlsx
waiyan_start1|g4-upper|r069|took,waiyan_start1,4年级上,4,上,69,took,took,[tʊk],[tʊk],v. 拿;取;接受(take的过去式),外研版一年级起点四年级上.xlsx
waiyan_start1|g4-upper|r070|away,waiyan_start1,4年级上,4,上,70,away,away,[əˈweɪ],[əˈweɪ],"adv. 离去,离开;在远处",外研版一年级起点四年级上.xlsx
waiyan_start1|g4-upper|r071|leaves,waiyan_start1,4年级上,4,上,71,leaves,leaves,[liːvz],[liːvz],n. 树叶;花瓣(leaf的复数) v. 离开(leave的第三人称单数),外研版一年级起点四年级上.xlsx
waiyan_start1|g4-upper|r072|only,waiyan_start1,4年级上,4,上,72,only,only,[ˈəʊnli],[ˈoʊnli],"adv. 只,仅仅;不料 adj. 唯一的,仅有的;最合适的 conj. 但是;不过;可是",外研版一年级起点四年级上.xlsx
waiyan_start1|g4-upper|r073|painting,waiyan_start1,4年级上,4,上,73,painting,painting,[ˈpeɪntɪŋ],[ˈpeɪntɪŋ],n. 绘画;油画;着色 v. 绘画(paint的ing形式);涂色于,外研版一年级起点四年级上.xlsx
waiyan_start1|g4-upper|r074|angry,waiyan_start1,4年级上,4,上,74,angry,angry,[ˈæŋɡri],[ˈæŋɡri],adj. 生气的;愤怒的;狂暴的;(伤口等)发炎的,外研版一年级起点四年级上.xlsx
waiyan_start1|g4-upper|r075|said,waiyan_start1,4年级上,4,上,75,said,said,[sed],[sed],"v. 说(say的过去式和过去分词) adj. 上述的,该",外研版一年级起点四年级上.xlsx
waiyan_start1|g4-upper|r076|doll,waiyan_start1,4年级上,4,上,76,doll,doll,[dɒl],[dɑːl],n. 洋娃娃;玩偶;无头脑的美丽女人 vt. 把...打扮得花枝招展,外研版一年级起点四年级上.xlsx
waiyan_start1|g4-upper|r077|matter,waiyan_start1,4年级上,4,上,77,matter,matter,[ˈmætə(r)],[ˈmætər],n. 物质;事件 vi. 有关系;要紧,外研版一年级起点四年级上.xlsx
waiyan_start1|g4-upper|r078|lost,waiyan_start1,4年级上,4,上,78,lost,lost,[lɒst],[lɔːst],adj. 失去的;丧失的;迷惑的 v. 遗失(lose的过去分词);失败,外研版一年级起点四年级上.xlsx
waiyan_start1|g4-upper|r079|found,waiyan_start1,4年级上,4,上,79,found,found,[faʊnd],[faʊnd],"v. 找到(find的过去分词) vt. 创立,建立;创办",外研版一年级起点四年级上.xlsx
waiyan_start1|g4-upper|r080|key,waiyan_start1,4年级上,4,上,80,key,key,[kiː],[kiː],n. (打字机等的)键;关键;钥匙 vt. 键入;锁上;调节...的音调;提供线索 vi. 使用钥匙 adj. 关键的,外研版一年级起点四年级上.xlsx
waiyan_start1|g4-upper|r081|look for,waiyan_start1,4年级上,4,上,81,look for,look for,[ˈlʊk fɔː(r)],[ˈlʊk fɔːr],v. 寻找;探索;渴望;盼望,外研版一年级起点四年级上.xlsx
waiyan_start1|g4-upper|r082|when,waiyan_start1,4年级上,4,上,82,when,when,[wen],[wen],"conj. 考虑到;既然;当...时;在...时;如果 n. 时间,时候;日期;场合 adv. 什么时候,何时;(用于时间的表达方式之后)在那时;其时;当时 pron. 那时;什么时侯",外研版一年级起点四年级上.xlsx
waiyan_start1|g4-upper|r083|came,waiyan_start1,4年级上,4,上,83,came,came,[keɪm],[keɪm],v. come的过去式,外研版一年级起点四年级上.xlsx
waiyan_start1|g4-upper|r084|competition,waiyan_start1,4年级上,4,上,84,competition,competition,[ˌkɒmpəˈtɪʃn],[ˌkɑːmpəˈtɪʃn],"n. 竞争;比赛,竞赛",外研版一年级起点四年级上.xlsx
waiyan_start1|g4-upper|r085|won,waiyan_start1,4年级上,4,上,85,won,won,[wʌn],[wʌn],vt. 赢得(win的过去式和过去分词),外研版一年级起点四年级上.xlsx
waiyan_start1|g4-upper|r086|gold,waiyan_start1,4年级上,4,上,86,gold,gold,[ɡəʊld],[ɡoʊld],"n. 金,黄金;金色;金币 adj. 金的,金制的;金色的",外研版一年级起点四年级上.xlsx
waiyan_start1|g4-upper|r087|cup,waiyan_start1,4年级上,4,上,87,cup,cup,[kʌp],[kʌp],n. 杯子;奖杯;酒杯 vt. 使成杯状;为...拔火罐,外研版一年级起点四年级上.xlsx
waiyan_start1|g4-upper|r088|flute,waiyan_start1,4年级上,4,上,88,flute,flute,[fluːt],[fluːt],n. 长笛;【工程设计】(刀具的)出屑槽 vt. 用长笛吹奏 vi. 吹长笛,外研版一年级起点四年级上.xlsx
waiyan_start1|g4-upper|r089|practise,waiyan_start1,4年级上,4,上,89,practise,practise,[ˈpræktɪs],[ˈpræktɪs],"vi. 练习,实践;实施,实行;从事 vt. 练习,实践;实施,实行",外研版一年级起点四年级上.xlsx
waiyan_start1|g4-upper|r090|took,waiyan_start1,4年级上,4,上,90,took,took,[tʊk],[tʊk],v. 拿;取;接受(take的过去式),外研版一年级起点四年级上.xlsx
waiyan_start1|g4-upper|r091|look,waiyan_start1,4年级上,4,上,91,look,look,[lʊk],[lʊk],vt. 看;期待;注意;面向;看上去像 vi. 看;看起来;注意;面向 n. 看;样子;面容,外研版一年级起点四年级上.xlsx
waiyan_start1|g4-upper|r092|a lot,waiyan_start1,4年级上,4,上,92,a lot,a lot,,,n. 许多 adv. 常,外研版一年级起点四年级上.xlsx
waiyan_start1|g4-upper|r093|happen,waiyan_start1,4年级上,4,上,93,happen,happen,[ˈhæpən],[ˈhæpən],vi. 发生;碰巧;偶然遇到,外研版一年级起点四年级上.xlsx
waiyan_start1|g4-upper|r094|fall off,waiyan_start1,4年级上,4,上,94,fall off,fall off,,,na. 下降;(从马上)掉下来;扫兴颓丧;离开,外研版一年级起点四年级上.xlsx
waiyan_start1|g4-upper|r095|bike ride,waiyan_start1,4年级上,4,上,95,bike ride,bike ride,,,无,外研版一年级起点四年级上.xlsx
waiyan_start1|g4-upper|r096|thirsty,waiyan_start1,4年级上,4,上,96,thirsty,thirsty,[ˈθɜːsti],[ˈθɜːrsti],"adj. 口渴的,口干的;渴望的,热望的",外研版一年级起点四年级上.xlsx
waiyan_start1|g4-upper|r097|water,waiyan_start1,4年级上,4,上,97,water,water,[ˈwɔːtə(r)],[ˈwɔːtər],"n. 水;海水;雨水;海域,大片的水 vt. 使湿;供以水;给...浇水 vi. 加水;流泪;流口水",外研版一年级起点四年级上.xlsx
waiyan_start1|g4-upper|r098|watermelon,waiyan_start1,4年级上,4,上,98,watermelon,watermelon,[ˈwɔːtəmelən],[ˈwɔːtərmelən],n. 西瓜,外研版一年级起点四年级上.xlsx
waiyan_start1|g4-upper|r099|carried,waiyan_start1,4年级上,4,上,99,carried,carried,[ˈkærid],[ˈkærid],v. 保持(carry的过去式和过去分词);搬运 adj. 被运的;入神的;忘我的,外研版一年级起点四年级上.xlsx
waiyan_start1|g4-upper|r100|bump,waiyan_start1,4年级上,4,上,100,bump,bump,[bʌmp],[bʌmp],"n. 肿块,隆起物;撞击 vi. 碰撞,撞击;颠簸而行 vt. 碰,撞;颠簸 adv. 突然地,猛烈地",外研版一年级起点四年级上.xlsx
waiyan_start1|g4-upper|r101|hurt,waiyan_start1,4年级上,4,上,101,hurt,hurt,[hɜːt],[hɜːrt],n. 痛苦;危害;痛苦的原因 vt. 使受伤;损害;使疼痛;使痛心 adj. 受伤的;痛苦的;受损的 vi. 感到疼痛;有坏处;带来痛苦,外研版一年级起点四年级上.xlsx
waiyan_start1|g4-upper|r102|knee,waiyan_start1,4年级上,4,上,102,knee,knee,[niː],[niː],"n. 膝盖,膝 vt. 用膝盖碰",外研版一年级起点四年级上.xlsx
waiyan_start1|g4-upper|r103|cut,waiyan_start1,4年级上,4,上,103,cut,cut,[kʌt],[kʌt],n. 伤口;切口;削减;(服装等的)式样;削球;切入 adj. 割下的;雕过的;缩减的 vt. [机] 切割;削减;缩短;刺痛 vi. [机] 切割;相交;切牌;停拍;不出席,外研版一年级起点四年级上.xlsx
waiyan_start1|g4-upper|r104|finger,waiyan_start1,4年级上,4,上,104,finger,finger,[ˈfɪŋɡə(r)],[ˈfɪŋɡər],"n. 手指;指针,指状物 vt. 伸出;用手指拨弄 vi. 用指触摸;拨弄",外研版一年级起点四年级上.xlsx
waiyan_start1|g4-upper|r105|early,waiyan_start1,4年级上,4,上,105,early,early,[ˈɜːli],[ˈɜːrli],adj. 早期的;早熟的 adv. 提早;在初期,外研版一年级起点四年级上.xlsx
waiyan_start1|g4-upper|r106|every,waiyan_start1,4年级上,4,上,106,every,every,[ˈevri],[ˈevri],"adj. 每一的,每个的;每隔...的",外研版一年级起点四年级上.xlsx
waiyan_start1|g4-upper|r107|during,waiyan_start1,4年级上,4,上,107,during,during,[ˈdjʊərɪŋ],[ˈdʊrɪŋ],"prep. 在...的时候,在...的期间",外研版一年级起点四年级上.xlsx
waiyan_start1|g4-upper|r108|computer game,waiyan_start1,4年级上,4,上,108,computer game,computer game,[kəmˈpjuːtə ɡeɪm],[kəm'pju:tə geim],n. 电脑游戏,外研版一年级起点四年级上.xlsx
waiyan_start1|g4-upper|r109|take,waiyan_start1,4年级上,4,上,109,take,take,[teɪk],[teɪk],"vi. 拿;获得 vt. 拿,取;采取;接受(礼物等);买,花费;耗费(时间等) n. 捕获量;看法;利益,盈益;(入场券的)售得金额",外研版一年级起点四年级上.xlsx
waiyan_start1|g4-upper|r110|medicine,waiyan_start1,4年级上,4,上,110,medicine,medicine,[ˈmedsn; ˈmedɪsn],[ˈmedɪsn],n. 药;医学;内科;巫术 vt. 用药物治疗;给...用药,外研版一年级起点四年级上.xlsx
waiyan_start1|g4-upper|r111|a lot of,waiyan_start1,4年级上,4,上,111,a lot of,a lot of,,,det. 许多,外研版一年级起点四年级上.xlsx
waiyan_start1|g4-upper|r112|exercise,waiyan_start1,4年级上,4,上,112,exercise,exercise,[ˈeksəsaɪz],[ˈeksərsaɪz],n. 运动;练习;运用;操练;礼拜;典礼 vt. 锻炼;练习;使用;使忙碌;使惊恐 vi. 运动;练习,外研版一年级起点四年级上.xlsx
waiyan_start1|g4-upper|r113|healthy,waiyan_start1,4年级上,4,上,113,healthy,healthy,[ˈhelθi],[ˈhelθi],"adj. 健康的,健全的;有益于健康的",外研版一年级起点四年级上.xlsx
waiyan_start1|g4-upper|r114|juice,waiyan_start1,4年级上,4,上,114,juice,juice,[dʒuːs],[dʒuːs],"n. (水果)汁,液;果汁",外研版一年级起点四年级上.xlsx
waiyan_start1|g4-upper|r115|before,waiyan_start1,4年级上,4,上,115,before,before,[bɪˈfɔː(r)],[bɪˈfɔːr],"prep. 在...之前,先于 conj. 在...以前;在...之前 adv. 以前;在前",外研版一年级起点四年级上.xlsx
waiyan_start1|g4-upper|r116|after,waiyan_start1,4年级上,4,上,116,after,after,[ˈɑːftə(r)],[ˈæftər],"conj. 在......之后 prep. 在......之后 adj. 以后的 adv. 后来,以后",外研版一年级起点四年级上.xlsx
waiyan_start1|g4-upper|r117|toilet,waiyan_start1,4年级上,4,上,117,toilet,toilet,[ˈtɔɪlət],[ˈtɔɪlət],"n. 厕所,盥洗室;梳妆,打扮 vt. 给...梳妆打扮 vi. 梳妆,打扮",外研版一年级起点四年级上.xlsx
waiyan_start1|g4-lower|r002|machine,waiyan_start1,4年级下,4,下,2,machine,machine,[məˈʃiːn],[məˈʃiːn],"n. 机械,机器;机构;机械般工作的人 vt. 用机器制造",外研版一年级起点四年级下.xlsx
waiyan_start1|g4-lower|r003|welcome,waiyan_start1,4年级下,4,下,3,welcome,welcome,[ˈwelkəm],[ˈwelkəm],n. 欢迎 vt. 欢迎 adj. 受欢迎的 int. 欢迎,外研版一年级起点四年级下.xlsx
waiyan_start1|g4-lower|r004|crisp,waiyan_start1,4年级下,4,下,4,crisp,crisp,[krɪsp],[krɪsp],adj. 脆的;新鲜的;易碎的 vt. 使卷曲;使发脆 vi. 卷曲;发脆 n. 松脆物;油炸马铃薯片,外研版一年级起点四年级下.xlsx
waiyan_start1|g4-lower|r005|sir,waiyan_start1,4年级下,4,下,5,sir,sir,[sɜː(r)],[sɜːr; sər],n. 先生;(用于姓名前)爵士;阁下;(中小学生对男教师的称呼)先生;老师,外研版一年级起点四年级下.xlsx
waiyan_start1|g4-lower|r006|potato,waiyan_start1,4年级下,4,下,6,potato,potato,[pəˈteɪtəʊ],[pəˈteɪtoʊ],"n. [作物] 土豆,[作物] 马铃薯",外研版一年级起点四年级下.xlsx
waiyan_start1|g4-lower|r007|dangerous,waiyan_start1,4年级下,4,下,7,dangerous,dangerous,[ˈdeɪndʒərəs],[ˈdeɪndʒərəs],adj. 危险的 危险地,外研版一年级起点四年级下.xlsx
waiyan_start1|g4-lower|r008|put,waiyan_start1,4年级下,4,下,8,put,put,[pʊt],[pʊt],n. 掷;笨蛋;投击;怪人 adj. 固定不动的 vi. 出发;击;航行;发芽 vt. 放;表达;移动;安置;赋予,外研版一年级起点四年级下.xlsx
waiyan_start1|g4-lower|r009|wait,waiyan_start1,4年级下,4,下,9,wait,wait,[weɪt],[weɪt],n. 等待;等候 vi. 等待;耽搁;伺候用餐 vt. 等候;推迟;延缓,外研版一年级起点四年级下.xlsx
waiyan_start1|g4-lower|r010|each,waiyan_start1,4年级下,4,下,10,each,each,[iːtʃ],[iːtʃ],adj. 每;各自的 pron. 每个;各自 adv. 每个;各自,外研版一年级起点四年级下.xlsx
waiyan_start1|g4-lower|r011|cheap,waiyan_start1,4年级下,4,下,11,cheap,cheap,[tʃiːp],[tʃiːp],adj. 便宜的;小气的;不值钱的 adv. 便宜地,外研版一年级起点四年级下.xlsx
waiyan_start1|g4-lower|r012|expensive,waiyan_start1,4年级下,4,下,12,expensive,expensive,[ɪkˈspensɪv],[ɪkˈspensɪv],adj. 昂贵的;花钱的,外研版一年级起点四年级下.xlsx
waiyan_start1|g4-lower|r013|send,waiyan_start1,4年级下,4,下,13,send,send,[send],[send],"n. 上升运动 vi. 派人;寄信 vt. 发送,寄;派遣;使进入;发射",外研版一年级起点四年级下.xlsx
waiyan_start1|g4-lower|r014|email,waiyan_start1,4年级下,4,下,14,email,email,[ˈiːmeɪl],[ˈiːmeɪl],n. 电子信函 vt. 给...发电子邮件,外研版一年级起点四年级下.xlsx
waiyan_start1|g4-lower|r015|cost,waiyan_start1,4年级下,4,下,15,cost,cost,[kɒst],[kɔːst],"n. 费用,代价,成本;损失 vt. 花费;使付出;使花许多钱 vi. 花费",外研版一年级起点四年级下.xlsx
waiyan_start1|g4-lower|r016|hundred,waiyan_start1,4年级下,4,下,16,hundred,hundred,[ˈhʌndrəd],[ˈhʌndrəd],num. 百;百个 n. 一百;许多 adj. 一百的;许多的,外研版一年级起点四年级下.xlsx
waiyan_start1|g4-lower|r017|shout,waiyan_start1,4年级下,4,下,17,shout,shout,[ʃaʊt],[ʃaʊt],n. 呼喊;呼叫 vi. 呼喊;喊叫;大声说 vt. 呼喊;大声说,外研版一年级起点四年级下.xlsx
waiyan_start1|g4-lower|r018|wolf,waiyan_start1,4年级下,4,下,18,wolf,wolf,[wʊlf],[wʊlf],n. 狼;色狼;残忍贪婪之人 vt. 大吃;狼吞虎咽地吃,外研版一年级起点四年级下.xlsx
waiyan_start1|g4-lower|r019|sheep,waiyan_start1,4年级下,4,下,19,sheep,sheep,[ʃiːp],[ʃiːp],"n. 羊,绵羊;胆小鬼",外研版一年级起点四年级下.xlsx
waiyan_start1|g4-lower|r020|ran,waiyan_start1,4年级下,4,下,20,ran,ran,[ræn],[ræn],v. 跑(run的过去式),外研版一年级起点四年级下.xlsx
waiyan_start1|g4-lower|r021|once upon a time,waiyan_start1,4年级下,4,下,21,once upon a time,once upon a time,,,na. 从前;很久很久以前;古时候,外研版一年级起点四年级下.xlsx
waiyan_start1|g4-lower|r022|look after,waiyan_start1,4年级下,4,下,22,look after,look after,[lʊk ˈɑːftə(r)],[lʊk ˈæftər],na. 照看;照顾;看管;对...负责,外研版一年级起点四年级下.xlsx
waiyan_start1|g4-lower|r023|bored,waiyan_start1,4年级下,4,下,23,bored,bored,[bɔːd],[bɔːrd],v. 使厌烦(bore的过去式);烦扰 adj. 无聊的;无趣的;烦人的,外研版一年级起点四年级下.xlsx
waiyan_start1|g4-lower|r024|village,waiyan_start1,4年级下,4,下,24,village,village,[ˈvɪlɪdʒ],[ˈvɪlɪdʒ],n. 村庄;村民;(动物的)群落,外研版一年级起点四年级下.xlsx
waiyan_start1|g4-lower|r025|everyone,waiyan_start1,4年级下,4,下,25,everyone,everyone,[ˈevriwʌn],[ˈevriwʌn],n. 每个人 pron. 每个人;人人,外研版一年级起点四年级下.xlsx
waiyan_start1|g4-lower|r026|laugh,waiyan_start1,4年级下,4,下,26,laugh,laugh,[lɑːf],[læf],n. 笑;引人发笑的事或人 vi. 笑 vt. 以笑表示;使...笑得,外研版一年级起点四年级下.xlsx
waiyan_start1|g4-lower|r027|lie,waiyan_start1,4年级下,4,下,27,lie,lie,[laɪ],[laɪ],vi. 躺;说谎;位于;展现 vt. 谎骗 n. 谎言;位置,外研版一年级起点四年级下.xlsx
waiyan_start1|g4-lower|r028|learnt,waiyan_start1,4年级下,4,下,28,learnt,learnt,[lɜːnt],[lɜːrnt],v. 学习(learn的过去式和过去分词),外研版一年级起点四年级下.xlsx
waiyan_start1|g4-lower|r029|lesson,waiyan_start1,4年级下,4,下,29,lesson,lesson,[ˈlesn],[ˈlesn],n. 教训;课 vt. 教训;上课,外研版一年级起点四年级下.xlsx
waiyan_start1|g4-lower|r030|wouldn't,waiyan_start1,4年级下,4,下,30,wouldn't,wouldn't,,,(等于would not),外研版一年级起点四年级下.xlsx
waiyan_start1|g4-lower|r031|into,waiyan_start1,4年级下,4,下,31,into,into,[ˈɪntə],[ˈɪntə; ˈɪntu; ˈɪntuː],prep. 到...里;深入...之中;成为...状况;进入到...之内,外研版一年级起点四年级下.xlsx
waiyan_start1|g4-lower|r032|month,waiyan_start1,4年级下,4,下,32,month,month,[mʌnθ],[mʌnθ],"n. 月,一个月的时间",外研版一年级起点四年级下.xlsx
waiyan_start1|g4-lower|r033|cheese,waiyan_start1,4年级下,4,下,33,cheese,cheese,[tʃiːz],[tʃiːz],n. [食品] 奶酪;干酪;要人 adj. 叛变的;胆小的 vt. 停止,外研版一年级起点四年级下.xlsx
waiyan_start1|g4-lower|r034|scared,waiyan_start1,4年级下,4,下,34,scared,scared,[skeəd],[skerd],v. 使害怕(scare的过去分词) adj. 害怕的,外研版一年级起点四年级下.xlsx
waiyan_start1|g4-lower|r035|run away,waiyan_start1,4年级下,4,下,35,run away,run away,,,na. 私奔;逃;弄不好,外研版一年级起点四年级下.xlsx
waiyan_start1|g4-lower|r036|concert,waiyan_start1,4年级下,4,下,36,concert,concert,[ˈkɒnsət],[ˈkɑːnsərt],n. 音乐会;一致;和谐 adj. 音乐会用的;在音乐会上演出的 vt. 使协调;协同安排 vi. 协调;协力,外研版一年级起点四年级下.xlsx
waiyan_start1|g4-lower|r037|violin,waiyan_start1,4年级下,4,下,37,violin,violin,[ˌvaɪəˈlɪn],[ˌvaɪəˈlɪn],n. 小提琴;小提琴手,外研版一年级起点四年级下.xlsx
waiyan_start1|g4-lower|r038|guitar,waiyan_start1,4年级下,4,下,38,guitar,guitar,[ɡɪˈtɑː(r)],[ɡɪˈtɑːr],"n. 吉他,六弦琴 vi. 弹吉他",外研版一年级起点四年级下.xlsx
waiyan_start1|g4-lower|r039|nervous,waiyan_start1,4年级下,4,下,39,nervous,nervous,[ˈnɜːvəs],[ˈnɜːrvəs],adj. 神经的;紧张不安的;强健有力的,外研版一年级起点四年级下.xlsx
waiyan_start1|g4-lower|r040|end,waiyan_start1,4年级下,4,下,40,end,end,[end],[end],"n. 结束;目标;尽头;末端;死亡 vi. 结束,终止;终结 vt. 结束,终止;终结",外研版一年级起点四年级下.xlsx
waiyan_start1|g4-lower|r041|proud,waiyan_start1,4年级下,4,下,41,proud,proud,[praʊd],[praʊd],adj. 自豪的;得意的;自负的,外研版一年级起点四年级下.xlsx
waiyan_start1|g4-lower|r042|surprise,waiyan_start1,4年级下,4,下,42,surprise,surprise,[səˈpraɪz],[sərˈpraɪz],"n. 惊奇,诧异;突然袭击 adj. 令人惊讶的 vt. 使惊奇;奇袭",外研版一年级起点四年级下.xlsx
waiyan_start1|g4-lower|r043|hear,waiyan_start1,4年级下,4,下,43,hear,hear,[hɪə(r)],[hɪr],"vi. 听;听见 vt. 听到,听;听说;审理",外研版一年级起点四年级下.xlsx
waiyan_start1|g4-lower|r044|special,waiyan_start1,4年级下,4,下,44,special,special,[ˈspeʃ(ə)l],[ˈspeʃl],"n. 特使,特派人员;特刊;特色菜;专车;特价商品 adj. 特别的;专门的,专用的",外研版一年级起点四年级下.xlsx
waiyan_start1|g4-lower|r045|father's day,waiyan_start1,4年级下,4,下,45,Father's Day,father's day,,,na. 〈美〉父亲节(每年六月的第三个星期日),外研版一年级起点四年级下.xlsx
waiyan_start1|g4-lower|r046|message,waiyan_start1,4年级下,4,下,46,message,message,[ˈmesɪdʒ],[ˈmesɪdʒ],"n. 消息;差使;启示;预言;广告词 vi. 报信,报告;[通信] 报文 vt. 通知",外研版一年级起点四年级下.xlsx
waiyan_start1|g4-lower|r047|great,waiyan_start1,4年级下,4,下,47,great,great,[ɡreɪt],[ɡreɪt],"n. 大师;大人物;伟人们 adj. 伟大的,重大的;极好的,好的;主要的",外研版一年级起点四年级下.xlsx
waiyan_start1|g4-lower|r048|report,waiyan_start1,4年级下,4,下,48,report,report,[rɪˈpɔːt],[rɪˈpɔːrt],n. 报告;报道;成绩单 vt. 报告;报导;使报到 vi. 报告;报到;写报导,外研版一年级起点四年级下.xlsx
waiyan_start1|g4-lower|r049|stick,waiyan_start1,4年级下,4,下,49,stick,stick,[stɪk],[stɪk],"n. 棍;手杖;呆头呆脑的人 vi. 坚持;伸出;粘住 vt. 刺,戳;伸出;粘贴",外研版一年级起点四年级下.xlsx
waiyan_start1|g4-lower|r050|fantastic,waiyan_start1,4年级下,4,下,50,fantastic,fantastic,[fænˈtæstɪk],[fænˈtæstɪk],"n. 古怪的人 adj. 奇异的;空想的;异想天开的;古怪的;极好的,极出色的;不可思议的;不切实际的",外研版一年级起点四年级下.xlsx
waiyan_start1|g4-lower|r051|fun,waiyan_start1,4年级下,4,下,51,fun,fun,[fʌn],[fʌn],n. 乐趣;玩笑;有趣的人或事 adj. 供娱乐用的 vi. 开玩笑,外研版一年级起点四年级下.xlsx
waiyan_start1|g4-lower|r052|meet,waiyan_start1,4年级下,4,下,52,meet,meet,[miːt],[miːt],vt. 满足;遇见;对付 vi. 相遇;接触 n. 集会 adj. 合适的;适宜的,外研版一年级起点四年级下.xlsx
waiyan_start1|g4-lower|r053|east,waiyan_start1,4年级下,4,下,53,east,east,[iːst],[iːst],"n. 东方;东风;东方国家 adj. 东方的;向东的;从东方来的 adv. 向东方,在东方",外研版一年级起点四年级下.xlsx
waiyan_start1|g4-lower|r054|west,waiyan_start1,4年级下,4,下,54,west,west,[west],[west],n. 西;西方;西部 adj. 西方的;朝西的 adv. 在西方;向西方;自西方,外研版一年级起点四年级下.xlsx
waiyan_start1|g4-lower|r055|o'clock,waiyan_start1,4年级下,4,下,55,o'clock,o'clock,,,abbr. ...点钟(等于of the clock),外研版一年级起点四年级下.xlsx
waiyan_start1|g4-lower|r056|time,waiyan_start1,4年级下,4,下,56,time,time,[taɪm],[taɪm],n. 时间;时代;次数;节拍;倍数 adj. 定时的;定期的;分期的 vt. 计时;测定...的时间;安排...的速度,外研版一年级起点四年级下.xlsx
waiyan_start1|g4-lower|r057|cartoon,waiyan_start1,4年级下,4,下,57,cartoon,cartoon,[kɑːˈtuːn],[kɑːrˈtuːn],"n. 卡通片,[电影] 动画片;连环漫画 vt. 为...画漫画 vi. 画漫画",外研版一年级起点四年级下.xlsx
waiyan_start1|g4-lower|r058|much,waiyan_start1,4年级下,4,下,58,much,much,[mʌtʃ],[mʌtʃ],"adv. 非常,很 adj. 大量的 n. 许多,大量 pron. 许多,大量",外研版一年级起点四年级下.xlsx
waiyan_start1|g4-lower|r059|am,waiyan_start1,4年级下,4,下,59,am,am,[əm; æm],[əm; æm],abbr. 调幅 v. 是,外研版一年级起点四年级下.xlsx
waiyan_start1|g4-lower|r060|pm,waiyan_start1,4年级下,4,下,60,pm,pm,[ˌpiː ˈem],[ˌpiː ˈem],"abbr. (拉)下午(Post Meridiem,等于afternoon);调相(Phase Modulation) abbr. 产品经理(Product Manager)",外研版一年级起点四年级下.xlsx
waiyan_start1|g4-lower|r061|best,waiyan_start1,4年级下,4,下,61,best,best,[best],[best],"n. 最好的人,最好的事物;最佳状态 adj. 最好的 vt. 打败,胜过 adv. 最好地",外研版一年级起点四年级下.xlsx
waiyan_start1|g4-lower|r062|north,waiyan_start1,4年级下,4,下,62,north,north,[nɔːθ],[nɔːrθ],"n. 北,北方 adj. 北方的;朝北的 adv. 在北方,向北方",外研版一年级起点四年级下.xlsx
waiyan_start1|g4-lower|r063|south,waiyan_start1,4年级下,4,下,63,south,south,[saʊθ],[saʊθ],"n. 南方,南边;南部 adj. 南的,南方的 adv. 在南方,向南方",外研版一年级起点四年级下.xlsx
waiyan_start1|g4-lower|r064|rest,waiyan_start1,4年级下,4,下,64,rest,rest,[rest],[rest],"n. 休息,静止;休息时间;剩余部分;支架 vt. 使休息,使轻松;把...寄托于 vi. 休息;静止;依赖;安置",外研版一年级起点四年级下.xlsx
waiyan_start1|g4-lower|r065|have a rest,waiyan_start1,4年级下,4,下,65,have a rest,have a rest,[hæv ə rest],[hæv ərest],v. 休息一下,外研版一年级起点四年级下.xlsx
waiyan_start1|g4-lower|r066|country,waiyan_start1,4年级下,4,下,66,country,country,[ˈkʌntri],[ˈkʌntri],"n. 国家,国土;国民;乡下,农村;乡村;故乡 adj. 祖国的,故乡的;地方的,乡村的;国家的;粗鲁的;乡村音乐的",外研版一年级起点四年级下.xlsx
waiyan_start1|g4-lower|r067|speak,waiyan_start1,4年级下,4,下,67,speak,speak,[spiːk],[spiːk],vi. 说话;演讲;表明;陈述 vt. 讲话;发言;讲演,外研版一年级起点四年级下.xlsx
waiyan_start1|g4-lower|r068|capital,waiyan_start1,4年级下,4,下,68,capital,capital,[ˈkæpɪt(ə)l],[ˈkæpɪt(ə)l],"n. 首都,省会;资金;大写字母;资本家 adj. 首都的;重要的;大写的",外研版一年级起点四年级下.xlsx
waiyan_start1|g4-lower|r069|maybe,waiyan_start1,4年级下,4,下,69,maybe,maybe,[ˈmeɪbi],[ˈmeɪbi],adv. 也许;可能;大概 n. 可能性;不确定性,外研版一年级起点四年级下.xlsx
waiyan_start1|g4-lower|r070|map,waiyan_start1,4年级下,4,下,70,map,map,[mæp],[mæp],vt. 映射;计划;绘制地图;确定基因在染色体中的位置 n. 地图;示意图;染色体图 vi. 基因被安置,外研版一年级起点四年级下.xlsx
waiyan_start1|g4-lower|r071|because,waiyan_start1,4年级下,4,下,71,because,because,"[bɪˈkəz, bɪˈkɒz]","[bɪˈkəz, bɪˈkɔːz]",conj. 因为,外研版一年级起点四年级下.xlsx
waiyan_start1|g4-lower|r072|language,waiyan_start1,4年级下,4,下,72,language,language,[ˈlæŋɡwɪdʒ],[ˈlæŋɡwɪdʒ],n. 语言;语言文字;表达能力,外研版一年级起点四年级下.xlsx
waiyan_start1|g4-lower|r073|australian,waiyan_start1,4年级下,4,下,73,Australian,australian,[ɒˈstreɪliən],[ɔːˈstreɪliən],"adj. 澳大利亚的,澳大利亚人的 n. 澳大利亚人",外研版一年级起点四年级下.xlsx
waiyan_start1|g4-lower|r074|kangaroo,waiyan_start1,4年级下,4,下,74,kangaroo,kangaroo,[ˌkæŋɡəˈruː],[ˌkæŋɡəˈruː],n. 袋鼠,外研版一年级起点四年级下.xlsx
waiyan_start1|g4-lower|r075|back,waiyan_start1,4年级下,4,下,75,back,back,[bæk],[bæk],n. 后面;背部;靠背;足球等的后卫;书报等的末尾 adj. 后面的;过去的;拖欠的 vt. 支持;后退;背书;下赌注 adv. 以前;向后地;来回地;上溯;回来;回原处 vi. 后退;背靠;倒退,外研版一年级起点四年级下.xlsx
waiyan_start1|g4-lower|r076|postcard,waiyan_start1,4年级下,4,下,76,postcard,postcard,[ˈpəʊstkɑːd],[ˈpoʊstkɑːrd],n. 明信片,外研版一年级起点四年级下.xlsx
waiyan_start1|g4-lower|r077|plan,waiyan_start1,4年级下,4,下,77,plan,plan,[plæn],[plæn],n. 计划;平面图 vt. 计划;设计;打算 vi. 计划;打算,外研版一年级起点四年级下.xlsx
waiyan_start1|g4-lower|r078|museum,waiyan_start1,4年级下,4,下,78,museum,museum,[mjuˈziːəm],[mjuˈziːəm],n. 博物馆,外研版一年级起点四年级下.xlsx
waiyan_start1|g4-lower|r079|restaurant,waiyan_start1,4年级下,4,下,79,restaurant,restaurant,[ˈrestrɒnt],[ˈrestrɑːnt; ˈrestərɑːnt],n. 餐馆;[经] 饭店,外研版一年级起点四年级下.xlsx
waiyan_start1|g5-upper|r002|for,waiyan_start1,5年级上,5,上,2,for,for,[fə(r)],[fər; fɔːr],"prep. 为,为了;因为;给;对于;至于;适合于 conj. 因为",外研版一年级起点五年级上.xlsx
waiyan_start1|g5-upper|r003|different,waiyan_start1,5年级上,5,上,3,different,different,[ˈdɪfrənt],[ˈdɪfrənt],"adj. 不同的;个别的,与众不同的",外研版一年级起点五年级上.xlsx
waiyan_start1|g5-upper|r004|bench,waiyan_start1,5年级上,5,上,4,bench,bench,[bentʃ],[bentʃ],n. 长凳;工作台;替补队员 vt. 给...以席位;为...设置条凳,外研版一年级起点五年级上.xlsx
waiyan_start1|g5-upper|r005|then,waiyan_start1,5年级上,5,上,5,then,then,[ðen],[ðen],"conj. 然后,当时 n. 那时 adv. 然后;那么;于是;当时;此外",外研版一年级起点五年级上.xlsx
waiyan_start1|g5-upper|r006|playground,waiyan_start1,5年级上,5,上,6,playground,playground,[ˈpleɪɡraʊnd],[ˈpleɪɡraʊnd],"n. 运动场,操场;游乐场",外研版一年级起点五年级上.xlsx
waiyan_start1|g5-upper|r007|heavy,waiyan_start1,5年级上,5,上,7,heavy,heavy,[ˈhevi],[ˈhevi],"n. 重物;严肃角色 adj. 沉重的;繁重的,巨大的;拥挤的;阴沉的 adv. 大量地;笨重地",外研版一年级起点五年级上.xlsx
waiyan_start1|g5-upper|r008|let,waiyan_start1,5年级上,5,上,8,let,let,[let],[let],"vt. 允许,让;出租;假设;妨碍 vi. 出租;被承包 n. 障碍;出租屋",外研版一年级起点五年级上.xlsx
waiyan_start1|g5-upper|r009|sell,waiyan_start1,5年级上,5,上,9,sell,sell,[sel],[sel],n. 销售;失望;推销术 vt. 销售;推销;出卖;欺骗 vi. 卖;出售;受欢迎;有销路,外研版一年级起点五年级上.xlsx
waiyan_start1|g5-upper|r010|sometimes,waiyan_start1,5年级上,5,上,10,sometimes,sometimes,[ˈsʌmtaɪmz],[ˈsʌmtaɪmz],"adv. 有时,间或",外研版一年级起点五年级上.xlsx
waiyan_start1|g5-upper|r011|halloween,waiyan_start1,5年级上,5,上,11,Halloween,halloween,[ˌhæləʊˈiːn],[ˌhæloʊˈiːn],n. 万圣节前夕(指十月三十一日夜晚),外研版一年级起点五年级上.xlsx
waiyan_start1|g5-upper|r012|trick or treat,waiyan_start1,5年级上,5,上,12,trick or treat,trick or treat,,,int. 不给糖就捣蛋 n. 不给糖就捣蛋,外研版一年级起点五年级上.xlsx
waiyan_start1|g5-upper|r013|give,waiyan_start1,5年级上,5,上,13,give,give,[ɡɪv],[ɡɪv],n. 弹性;弯曲;伸展性 vi. 捐赠;面向;有弹性;气候转暖 vt. 给;产生;让步;举办;授予,外研版一年级起点五年级上.xlsx
waiyan_start1|g5-upper|r014|festival,waiyan_start1,5年级上,5,上,14,festival,festival,[ˈfestɪv(ə)l],[ˈfestɪvl],"n. 节日;庆祝,纪念活动;欢乐 adj. 节日的,喜庆的;快乐的",外研版一年级起点五年级上.xlsx
waiyan_start1|g5-upper|r015|scary,waiyan_start1,5年级上,5,上,15,scary,scary,[ˈskeəri],[ˈskeri],adj. (事物)可怕的;恐怖的;吓人的;(人)提心吊胆的;引起惊慌的;胆小的,外研版一年级起点五年级上.xlsx
waiyan_start1|g5-upper|r016|mask,waiyan_start1,5年级上,5,上,16,mask,mask,[mɑːsk],[mæsk],n. 面具;口罩;掩饰 vi. 掩饰;戴面具;化装 vt. 掩饰;戴面具;使模糊,外研版一年级起点五年级上.xlsx
waiyan_start1|g5-upper|r017|neighbour,waiyan_start1,5年级上,5,上,17,neighbour,neighbour,[ˈneɪbə(r)],[ˈneɪbər],"n. n. 邻居;同胞;仁慈的人 vt. 邻接 vi. 住在邻近;毗邻;友善,和睦 adj. 邻居的;邻近的",外研版一年级起点五年级上.xlsx
waiyan_start1|g5-upper|r018|night,waiyan_start1,5年级上,5,上,18,night,night,[naɪt],[naɪt],"n. 夜晚,晚上;黑暗,黑夜 adj. 夜晚的,夜间的",外研版一年级起点五年级上.xlsx
waiyan_start1|g5-upper|r019|easter,waiyan_start1,5年级上,5,上,19,Easter,easter,[ˈiːstə(r)],[ˈiːstər],n. 复活节,外研版一年级起点五年级上.xlsx
waiyan_start1|g5-upper|r020|chick,waiyan_start1,5年级上,5,上,20,chick,chick,[tʃɪk],[tʃɪk],n. 小鸡;小鸟;少妇 adj. 胆小的;懦弱的,外研版一年级起点五年级上.xlsx
waiyan_start1|g5-upper|r021|chocolate,waiyan_start1,5年级上,5,上,21,chocolate,chocolate,[ˈtʃɒklət],[ˈtʃɔːklət],"n. 巧克力,巧克力糖;巧克力色 adj. 巧克力色的;巧克力口味的",外研版一年级起点五年级上.xlsx
waiyan_start1|g5-upper|r022|stories,waiyan_start1,5年级上,5,上,22,stories,stories,[ˈstɔːriz],[ˈstɔːriz],n. 故事(story的复数),外研版一年级起点五年级上.xlsx
waiyan_start1|g5-upper|r023|invitation,waiyan_start1,5年级上,5,上,23,invitation,invitation,[ˌɪnvɪˈteɪʃn],[ˌɪnvɪˈteɪʃn],n. 邀请;引诱;请帖;邀请函,外研版一年级起点五年级上.xlsx
waiyan_start1|g5-upper|r024|tidy up,waiyan_start1,5年级上,5,上,24,tidy up,tidy up,,,v. 整理干净,外研版一年级起点五年级上.xlsx
waiyan_start1|g5-upper|r025|november,waiyan_start1,5年级上,5,上,25,November,november,[nəʊˈvembə(r)],[noʊˈvembər],n. 十一月,外研版一年级起点五年级上.xlsx
waiyan_start1|g5-upper|r026|from,waiyan_start1,5年级上,5,上,26,from,from,[frəm; frɒm],[frəm; frʌm; frɑːm],"prep. 来自,从;由于;今后",外研版一年级起点五年级上.xlsx
waiyan_start1|g5-upper|r027|to,waiyan_start1,5年级上,5,上,27,to,to,[tə],[tə; tu; tuː],prep. 到;向;(表示时间、方向)朝...方向 adv. 向前;(门等)关上,外研版一年级起点五年级上.xlsx
waiyan_start1|g5-upper|r028|reply,waiyan_start1,5年级上,5,上,28,reply,reply,[rɪˈplaɪ],[rɪˈplaɪ],n. 回答;[法] 答辩 vt. 回答;答复 vi. 回答;[法] 答辩;回击,外研版一年级起点五年级上.xlsx
waiyan_start1|g5-upper|r029|mine,waiyan_start1,5年级上,5,上,29,mine,mine,[maɪn],[maɪn],"n. 矿,矿藏;矿山,矿井;地雷,水雷 vt. 开采,采掘;在...布雷 vi. 开矿,采矿;埋设地雷 pron. 我的",外研版一年级起点五年级上.xlsx
waiyan_start1|g5-upper|r030|whose,waiyan_start1,5年级上,5,上,30,whose,whose,[huːz],[huːz],pron. 谁的(疑问代词),外研版一年级起点五年级上.xlsx
waiyan_start1|g5-upper|r031|yours,waiyan_start1,5年级上,5,上,31,yours,yours,[jɔːz],[jərz; jɔːrz; jʊrz],"pron. 你(们)的东西;你的责任[义务];你的家属;来信,尊函 adj. 你(们)的(东西);信末署名前用语",外研版一年级起点五年级上.xlsx
waiyan_start1|g5-upper|r032|hers,waiyan_start1,5年级上,5,上,32,hers,hers,[hɜːz],[hɜːrz; ɜːrz],pron. 她的(所有格),外研版一年级起点五年级上.xlsx
waiyan_start1|g5-upper|r033|both,waiyan_start1,5年级上,5,上,33,both,both,[bəʊθ],[boʊθ],conj. 既...且... adj. 两个的;两者的 pron. 双方都;两者都 adv. 并;又;两者皆,外研版一年级起点五年级上.xlsx
waiyan_start1|g5-upper|r034|wet,waiyan_start1,5年级上,5,上,34,wet,wet,[wet],[wet],n. 雨天;湿气 adj. [气象][物] 潮湿的;有雨的 vt. 弄湿 vi. 变湿,外研版一年级起点五年级上.xlsx
waiyan_start1|g5-upper|r035|that's ok.,waiyan_start1,5年级上,5,上,35,That's OK.,that's ok.,,,不用了;可以;没有关系,外研版一年级起点五年级上.xlsx
waiyan_start1|g5-upper|r036|take away,waiyan_start1,5年级上,5,上,36,take away,take away,,,adj. 买回去的,外研版一年级起点五年级上.xlsx
waiyan_start1|g5-upper|r037|worker,waiyan_start1,5年级上,5,上,37,worker,worker,[ˈwɜːkə(r)],[ˈwɜːrkər],n. 工人;劳动者;职蚁,外研版一年级起点五年级上.xlsx
waiyan_start1|g5-upper|r038|still,waiyan_start1,5年级上,5,上,38,still,still,[stɪl],[stɪl],"conj. 仍然;但是;尽管如此 n. 寂静;剧照;蒸馏室 adj. 静止的,不动的;寂静的,平静的;不起泡的 adv. 仍然;更;静止地 vt. 蒸馏;使...静止;使...平静下来 vi. 静止;平静;蒸馏",外研版一年级起点五年级上.xlsx
waiyan_start1|g5-upper|r039|well,waiyan_start1,5年级上,5,上,39,well,well,[wel],[wel],n. 井;源泉 adj. 良好的;健康的;适宜的 adv. 很好地;充分地;满意地;适当地 v. 涌出,外研版一年级起点五年级上.xlsx
waiyan_start1|g5-upper|r040|high,waiyan_start1,5年级上,5,上,40,high,high,[haɪ],[haɪ],n. 高水平;天空;由麻醉品引起的快感;高压地带 adj. 高的;高级的;崇高的;高音调的 adv. 高;奢侈地,外研版一年级起点五年级上.xlsx
waiyan_start1|g5-upper|r041|true,waiyan_start1,5年级上,5,上,41,true,true,[truː],[truː],n. 真实;准确 adj. 真实的;正确的 vt. 装准 adv. 真实地;准确地,外研版一年级起点五年级上.xlsx
waiyan_start1|g5-upper|r042|got,waiyan_start1,5年级上,5,上,42,got,got,[ɡɒt],[ɡɑːt],"v. 得到,明白(get的过去式和过去分词)",外研版一年级起点五年级上.xlsx
waiyan_start1|g5-upper|r043|eighty,waiyan_start1,5年级上,5,上,43,eighty,eighty,[ˈeɪti],[ˈeɪti],"num. 八十 n. 八十;八十岁;八十年代 adj. 八十的,八十个的;八十岁的",外研版一年级起点五年级上.xlsx
waiyan_start1|g5-upper|r044|point,waiyan_start1,5年级上,5,上,44,point,point,[pɔɪnt],[pɔɪnt],n. 要点;得分;标点;[机] 尖端 vt. 指向;弄尖;加标点于 vi. 表明;指向,外研版一年级起点五年级上.xlsx
waiyan_start1|g5-upper|r045|fan,waiyan_start1,5年级上,5,上,45,fan,fan,[fæn],[fæn],n. 迷;风扇;爱好者 vt. 煽动;刺激;吹拂 vi. 成扇形散开;飘动,外研版一年级起点五年级上.xlsx
waiyan_start1|g5-upper|r046|seventy,waiyan_start1,5年级上,5,上,46,seventy,seventy,[ˈsev(ə)nti],[ˈsev(ə)nti],n. 七十;七十个;七十岁;七十年代 num. 七十 adj. 七十的;七十个的;七十岁的,外研版一年级起点五年级上.xlsx
waiyan_start1|g5-upper|r047|sixty,waiyan_start1,5年级上,5,上,47,sixty,sixty,[ˈsɪksti],[ˈsɪksti],num. 六十;六十个,外研版一年级起点五年级上.xlsx
waiyan_start1|g5-upper|r048|useful,waiyan_start1,5年级上,5,上,48,useful,useful,[ˈjuːsf(ə)l],[ˈjuːsfl],"adj. 有用的,有益的;有帮助的",外研版一年级起点五年级上.xlsx
waiyan_start1|g5-upper|r049|show,waiyan_start1,5年级上,5,上,49,show,show,[ʃəʊ],[ʃoʊ],n. 显示;表演;炫耀 vt. 显示;说明;演出;展出 vi. 显示;说明;指示,外研版一年级起点五年级上.xlsx
waiyan_start1|g5-upper|r050|presenter,waiyan_start1,5年级上,5,上,50,presenter,presenter,[prɪˈzentə(r)],[prɪˈzentər],n. 提出者;推荐者;赠送者;任命者;主持人,外研版一年级起点五年级上.xlsx
waiyan_start1|g5-upper|r051|blind,waiyan_start1,5年级上,5,上,51,blind,blind,[blaɪnd],[blaɪnd],"n. 掩饰,借口;百叶窗 adj. 盲目的;瞎的 vt. 使失明;使失去理智 adv. 盲目地;看不见地",外研版一年级起点五年级上.xlsx
waiyan_start1|g5-upper|r052|could,waiyan_start1,5年级上,5,上,52,could,could,[kəd],[kəd; kʊd],aux. 能够 v. 能(can的过去式),外研版一年级起点五年级上.xlsx
waiyan_start1|g5-upper|r053|speak,waiyan_start1,5年级上,5,上,53,speak,speak,[spiːk],[spiːk],vi. 说话;演讲;表明;陈述 vt. 讲话;发言;讲演,外研版一年级起点五年级上.xlsx
waiyan_start1|g5-upper|r054|fire,waiyan_start1,5年级上,5,上,54,fire,fire,[ˈfaɪə(r)],[ˈfaɪər],n. 火;火灾;炮火;炉火;热情;激情;磨难 vt. 点燃;解雇;开除;使发光;烧制;激动;放枪 vi. 着火;射击;开枪;激动;烧火,外研版一年级起点五年级上.xlsx
waiyan_start1|g5-upper|r055|inside,waiyan_start1,5年级上,5,上,55,inside,inside,[ˌɪnˈsaɪd],[ˌɪnˈsaɪd],prep. 少于;在...之内 n. 里面;内部;内情;内脏 adj. 里面的;内部的;秘密的 adv. 在里面,外研版一年级起点五年级上.xlsx
waiyan_start1|g5-upper|r056|firefighter,waiyan_start1,5年级上,5,上,56,firefighter,firefighter,[ˈfaɪəfaɪtə(r)],[ˈfaɪərfaɪtər],n. 消防队员,外研版一年级起点五年级上.xlsx
waiyan_start1|g5-upper|r057|couldn't,waiyan_start1,5年级上,5,上,57,couldn't,couldn't,,,v. 不能(等于could not),外研版一年级起点五年级上.xlsx
waiyan_start1|g5-upper|r058|could not,waiyan_start1,5年级上,5,上,58,could not,could not,,,auxv. 能;行;难道会;(可)能 modalv. 会;得;难道会;(表示知道如何做)懂得 n. (盛食品或饮料的)金属罐;一罐(的量);塑料容器;喷雾罐 v. 把(食品)装罐保存;解雇;让...卷铺盖走人;炒...的鱿鱼,外研版一年级起点五年级上.xlsx
waiyan_start1|g5-upper|r059|often,waiyan_start1,5年级上,5,上,59,often,often,[ˈɒf(ə)n],[ˈɔːf(ə)n],"adv. 常常,时常",外研版一年级起点五年级上.xlsx
waiyan_start1|g5-upper|r060|around,waiyan_start1,5年级上,5,上,60,around,around,[əˈraʊnd],[əˈraʊnd],prep. 四处;在...周围 adv. 大约;到处;在附近,外研版一年级起点五年级上.xlsx
waiyan_start1|g5-upper|r061|start,waiyan_start1,5年级上,5,上,61,start,start,[stɑːt],[stɑːrt],n. 开始;起点 vt. 开始;启动 vi. 出发,外研版一年级起点五年级上.xlsx
waiyan_start1|g5-upper|r062|line,waiyan_start1,5年级上,5,上,62,line,line,[laɪn],[laɪn],"n. 路线,航线;排;绳 vt. 排成一行;划线于;以线条标示;使...起皱纹 vi. 排队;站成一排",外研版一年级起点五年级上.xlsx
waiyan_start1|g5-upper|r063|half,waiyan_start1,5年级上,5,上,63,half,half,[hɑːf],[hæf],n. 一半;半场;半学年 adj. 一半的;不完全的;半途的 adv. 一半地;部分地,外研版一年级起点五年级上.xlsx
waiyan_start1|g5-upper|r064|past,waiyan_start1,5年级上,5,上,64,past,past,[pɑːst],[pæst],n. 过去;往事 prep. 越过;晚于 adj. 过去的;结束的 adv. 过;经过,外研版一年级起点五年级上.xlsx
waiyan_start1|g5-upper|r065|miss,waiyan_start1,5年级上,5,上,65,miss,miss,[mɪs],[mɪs],"n. 女士,小姐,年轻未婚女子 vt. 错过,想念,缺(勤)",外研版一年级起点五年级上.xlsx
waiyan_start1|g5-upper|r066|study,waiyan_start1,5年级上,5,上,66,study,study,[ˈstʌdi],[ˈstʌdi],"n. 学习,研究;课题;书房;学问 vt. 学习;考虑;攻读;细察 vi. 研究;用功",外研版一年级起点五年级上.xlsx
waiyan_start1|g5-upper|r067|open,waiyan_start1,5年级上,5,上,67,open,open,[ˈəʊpən],[ˈoʊpən],adj. 公开的;敞开的;空旷的;坦率的;营业着的 vi. 开始;展现 vt. 公开;打开 n. 公开;空旷;户外,外研版一年级起点五年级上.xlsx
waiyan_start1|g5-upper|r068|wall,waiyan_start1,5年级上,5,上,68,wall,wall,[wɔːl],[wɔːl],"n. 墙壁,围墙;似墙之物 adj. 墙壁的 vt. 用墙围住,围以墙",外研版一年级起点五年级上.xlsx
waiyan_start1|g5-upper|r069|have fun,waiyan_start1,5年级上,5,上,69,have fun,have fun,[hæv fʌn],[hæv fʌn],na. 作乐,外研版一年级起点五年级上.xlsx
waiyan_start1|g5-upper|r070|break,waiyan_start1,5年级上,5,上,70,break,break,[breɪk],[breɪk],vi. 打破;折断;弄坏;削弱 vt. (使)破;打破(纪录);(常指好天气)突变;开始 vi. (嗓音)突变;突破;破晓;(价格)突然下跌 n. 破裂;间断;(持续一段时间的状况的)改变;间歇,外研版一年级起点五年级上.xlsx
waiyan_start1|g5-upper|r071|nothing,waiyan_start1,5年级上,5,上,71,nothing,nothing,[ˈnʌθɪŋ],[ˈnʌθɪŋ],neg. 没什么;毫不 n. 无;零;不关紧要之事 adv. 毫不;决不 pron. 无事;无物 int. 什么也没有,外研版一年级起点五年级上.xlsx
waiyan_start1|g5-upper|r072|think,waiyan_start1,5年级上,5,上,72,think,think,[θɪŋk],[θɪŋk],n. 想;想法 adj. 思想的 vi. 想;认为 vt. 想;认为;想起;想像;打算,外研版一年级起点五年级上.xlsx
waiyan_start1|g5-upper|r073|drank,waiyan_start1,5年级上,5,上,73,drank,drank,[dræŋk],[dræŋk],v. 喝;喝酒(drink的过去式),外研版一年级起点五年级上.xlsx
waiyan_start1|g5-upper|r074|should,waiyan_start1,5年级上,5,上,74,should,should,[ʃəd; ʃʊd],[ʃəd; ʃʊd],aux. 应该;就;可能;将要,外研版一年级起点五年级上.xlsx
waiyan_start1|g5-upper|r075|go to bed,waiyan_start1,5年级上,5,上,75,go to bed,go to bed,,,na. 睡;同床;【印】付印,外研版一年级起点五年级上.xlsx
waiyan_start1|g5-upper|r076|shouldn't,waiyan_start1,5年级上,5,上,76,shouldn't,shouldn't,,,"不应该,不应(等于should not)",外研版一年级起点五年级上.xlsx
waiyan_start1|g5-upper|r077|should not,waiyan_start1,5年级上,5,上,77,should not,should not,,,不应该;不应当;不宜,外研版一年级起点五年级上.xlsx
waiyan_start1|g5-upper|r078|take down,waiyan_start1,5年级上,5,上,78,take down,take down,['teikdaun],[teɪk daʊn],na. 扯下;卷起;记下;卸下,外研版一年级起点五年级上.xlsx
waiyan_start1|g5-upper|r079|clean,waiyan_start1,5年级上,5,上,79,clean,clean,[kliːn],[kliːn],"n. 打扫 adj. 清洁的,干净的;清白的 vt. 使干净 vi. 打扫,清扫 adv. 完全地",外研版一年级起点五年级上.xlsx
waiyan_start1|g5-upper|r080|rule,waiyan_start1,5年级上,5,上,80,rule,rule,[ruːl],[ruːl],n. 统治;规则 vt. 统治;规定;管理;裁决;支配 vi. 统治;管辖;裁定,外研版一年级起点五年级上.xlsx
waiyan_start1|g5-upper|r081|kind,waiyan_start1,5年级上,5,上,81,kind,kind,[kaɪnd],[kaɪnd],n. 种类;性质 adj. 和蔼的;宽容的;令人感激的,外研版一年级起点五年级上.xlsx
waiyan_start1|g5-lower|r002|drive,waiyan_start1,5年级下,5,下,2,drive,drive,[draɪv],[draɪv],"n. 驱动器;驾车;[心理] 内驱力,推进力;快车道 vi. 开车;猛击;飞跑 vt. 推动,发动(机器等);驾驶(马车,汽车等);驱赶",外研版一年级起点五年级下.xlsx
waiyan_start1|g5-lower|r003|drove,waiyan_start1,5年级下,5,下,3,drove,drove,[drəʊv],[droʊv],n. 畜群;牛群、羊群等;移动的人群或大批的东西 v. 驾驶(drive的过去式);赶(牲畜);(牲畜贩子)买卖(牲畜),外研版一年级起点五年级下.xlsx
waiyan_start1|g5-lower|r004|player,waiyan_start1,5年级下,5,下,4,player,player,[ˈpleɪə(r)],[ˈpleɪər],"n. 运动员,比赛者;游戏者,做游戏的人;演奏者,表演者;演员;播放器",外研版一年级起点五年级下.xlsx
waiyan_start1|g5-lower|r005|office,waiyan_start1,5年级下,5,下,5,office,office,[ˈɒfɪs],[ˈɑːfɪs],n. 办公室;政府机关;官职;营业处,外研版一年级起点五年级下.xlsx
waiyan_start1|g5-lower|r006|fish,waiyan_start1,5年级下,5,下,6,fish,fish,[fɪʃ],[fɪʃ],"n. 鱼,鱼类 vt. 钓鱼,捕鱼;搜寻 vi. 捕鱼,钓鱼;用钩捞取",外研版一年级起点五年级下.xlsx
waiyan_start1|g5-lower|r007|sausage,waiyan_start1,5年级下,5,下,7,sausage,sausage,[ˈsɒsɪdʒ],[ˈsɔːsɪdʒ],n. 香肠;腊肠;装香肠的碎肉,外研版一年级起点五年级下.xlsx
waiyan_start1|g5-lower|r008|sandwich,waiyan_start1,5年级下,5,下,8,sandwich,sandwich,[ˈsænwɪtʃ; ˈsænwɪdʒ],[ˈsænwɪtʃ; ˈsænwɪdʒ],n. 三明治;夹心面包 vt. 夹入;挤进;把...做成三明治,外研版一年级起点五年级下.xlsx
waiyan_start1|g5-lower|r009|fish and chips,waiyan_start1,5年级下,5,下,9,fish and chips,fish and chips,[ˌfɪʃ ən ˈtʃɪps],[ˌfɪʃ ən ˈtʃɪps],n. 炸鱼加土豆条;炸鱼薯条,外研版一年级起点五年级下.xlsx
waiyan_start1|g5-lower|r010|traditional,waiyan_start1,5年级下,5,下,10,traditional,traditional,[trəˈdɪʃən(ə)l],[trəˈdɪʃənl],adj. 传统的;惯例的,外研版一年级起点五年级下.xlsx
waiyan_start1|g5-lower|r011|dish,waiyan_start1,5年级下,5,下,11,dish,dish,[dɪʃ],[dɪʃ],n. 盘;餐具;一盘食物;外貌有吸引力的人 vt. 盛于碟盘中;分发;使某人的希望破灭;说(某人)的闲话 vi. 成碟状;闲谈,外研版一年级起点五年级下.xlsx
waiyan_start1|g5-lower|r012|delicious,waiyan_start1,5年级下,5,下,12,delicious,delicious,[dɪˈlɪʃəs],[dɪˈlɪʃəs],adj. 美味的;可口的,外研版一年级起点五年级下.xlsx
waiyan_start1|g5-lower|r013|chicken,waiyan_start1,5年级下,5,下,13,chicken,chicken,[ˈtʃɪkɪn],[ˈtʃɪkɪn],"n. 鸡肉;小鸡;胆小鬼,懦夫 adj. 鸡肉的;胆怯的;幼小的",外研版一年级起点五年级下.xlsx
waiyan_start1|g5-lower|r014|dvd,waiyan_start1,5年级下,5,下,14,DVD,dvd,[ˌdiː viː ˈdiː],[ˌdiː viː ˈdiː],abbr. 数字化视频光盘(Digital Video Disk),外研版一年级起点五年级下.xlsx
waiyan_start1|g5-lower|r015|librarian,waiyan_start1,5年级下,5,下,15,librarian,librarian,[laɪˈbreəriən],[laɪˈbreriən],n. 图书馆员;图书管理员,外研版一年级起点五年级下.xlsx
waiyan_start1|g5-lower|r016|show,waiyan_start1,5年级下,5,下,16,show,show,[ʃəʊ],[ʃoʊ],n. 显示;表演;炫耀 vt. 显示;说明;演出;展出 vi. 显示;说明;指示,外研版一年级起点五年级下.xlsx
waiyan_start1|g5-lower|r017|borrow,waiyan_start1,5年级下,5,下,17,borrow,borrow,[ˈbɒrəʊ],[ˈbɔːroʊ],vt. 借;借用 vi. 借;借用;从其他语言中引入,外研版一年级起点五年级下.xlsx
waiyan_start1|g5-lower|r018|sent,waiyan_start1,5年级下,5,下,18,sent,sent,[sent],[sent],"v. 送,寄出(send的过去分词)",外研版一年级起点五年级下.xlsx
waiyan_start1|g5-lower|r019|american,waiyan_start1,5年级下,5,下,19,American,american,[əˈmerɪkən],[əˈmerɪkən],"n. 美国人,美洲人;美国英语 adj. 美国的,美洲的;地道美国式的",外研版一年级起点五年级下.xlsx
waiyan_start1|g5-lower|r020|read,waiyan_start1,5年级下,5,下,20,read,read,[riːd],[riːd],"n. 阅读;读物 adj. 有学问的 vi. 读;读起来 vt. 阅读;读懂,理解",外研版一年级起点五年级下.xlsx
waiyan_start1|g5-lower|r021|interesting,waiyan_start1,5年级下,5,下,21,interesting,interesting,[ˈɪntrəstɪŋ],[ˈɪntrəstɪŋ; ˈɪntrestɪŋ],"adj. 有趣的;引起兴趣的,令人关注的",外研版一年级起点五年级下.xlsx
waiyan_start1|g5-lower|r022|season,waiyan_start1,5年级下,5,下,22,season,season,[ˈsiːzn],[ˈsiːzn],n. 时期;季节;赛季 vt. 给...调味;使适应 vi. 变得成熟;变干燥,外研版一年级起点五年级下.xlsx
waiyan_start1|g5-lower|r023|snow,waiyan_start1,5年级下,5,下,23,snow,snow,[snəʊ],[snoʊ],"n. 雪,积雪;下雪 vt. 使纷纷落下;使变白 vi. 降雪",外研版一年级起点五年级下.xlsx
waiyan_start1|g5-lower|r024|how much ...?,waiyan_start1,5年级下,5,下,24,How much ...?,how much ...?,,,conj. 多少,外研版一年级起点五年级下.xlsx
waiyan_start1|g5-lower|r025|light,waiyan_start1,5年级下,5,下,25,light,light,[laɪt],[laɪt],n. 光;光线;灯;打火机;领悟;浅色;天窗 adj. 轻的;浅色的;明亮的;轻松的;容易的;清淡的 vi. 点着;变亮;着火 vt. 照亮;点燃;着火 adv. 轻地;清楚地;轻便地,外研版一年级起点五年级下.xlsx
waiyan_start1|g5-lower|r026|sales assistant,waiyan_start1,5年级下,5,下,26,sales assistant,sales assistant,,,销售助理;业务助理;售货员,外研版一年级起点五年级下.xlsx
waiyan_start1|g5-lower|r027|carry,waiyan_start1,5年级下,5,下,27,carry,carry,[ˈkæri],[ˈkæri],"n. 运载;[计] 进位;射程 vi. 能达到;被携带;被搬运 vt. 拿,扛;携带;支持;搬运",外研版一年级起点五年级下.xlsx
waiyan_start1|g5-lower|r028|pound,waiyan_start1,5年级下,5,下,28,pound,pound,[paʊnd],[paʊnd],"n. 英镑;重击,重击声;兽栏;拘留所 vt. 捣烂;敲打;监禁,拘留 vi. 连续重击,猛击",外研版一年级起点五年级下.xlsx
waiyan_start1|g5-lower|r029|back,waiyan_start1,5年级下,5,下,29,back,back,[bæk],[bæk],n. 后面;背部;靠背;足球等的后卫;书报等的末尾 adj. 后面的;过去的;拖欠的 vt. 支持;后退;背书;下赌注 adv. 以前;向后地;来回地;上溯;回来;回原处 vi. 后退;背,外研版一年级起点五年级下.xlsx
waiyan_start1|g5-lower|r030|over,waiyan_start1,5年级下,5,下,30,over,over,[ˈəʊvə(r)],[ˈoʊvər],adv. 结束;越过;从头到尾 prep. 越过;在...之上;遍于...之上 adj. 结束的;上面的 vt. 越过,外研版一年级起点五年级下.xlsx
waiyan_start1|g5-lower|r031|shoulder,waiyan_start1,5年级下,5,下,31,shoulder,shoulder,[ˈʃəʊldə(r)],[ˈʃoʊldər],"n. 肩,肩膀;肩部 vi. 用肩推挤,用肩顶 vt. 肩负,承担",外研版一年级起点五年级下.xlsx
waiyan_start1|g5-lower|r032|build,waiyan_start1,5年级下,5,下,32,build,build,[bɪld],[bɪld],n. 构造;体形;体格 vi. 建筑;建造 vt. 建立;建筑,外研版一年级起点五年级下.xlsx
waiyan_start1|g5-lower|r033|place,waiyan_start1,5年级下,5,下,33,place,place,[pleɪs],[pleɪs],n. 地方;住所;座位 vt. 放置;任命;寄予 vi. 名列前茅;取得名次,外研版一年级起点五年级下.xlsx
waiyan_start1|g5-lower|r034|thousand,waiyan_start1,5年级下,5,下,34,thousand,thousand,[ˈθaʊznd],[ˈθaʊz(ə)nd],n. 一千;一千个;许许多多 adj. 成千的;无数的,外研版一年级起点五年级下.xlsx
waiyan_start1|g5-lower|r035|circle,waiyan_start1,5年级下,5,下,35,circle,circle,[ˈsɜːk(ə)l],[ˈsɜːrkl],"n. 循环,周期;圆;圈子;圆形物 vt. 画圆圈;环绕...移动 vi. 盘旋,旋转;环行",外研版一年级起点五年级下.xlsx
waiyan_start1|g5-lower|r036|answer,waiyan_start1,5年级下,5,下,36,answer,answer,[ˈɑːnsə(r)],[ˈænsər],n. 回答;答案;答辩 vt. 回答;符合 vi. 回答;符合,外研版一年级起点五年级下.xlsx
waiyan_start1|g5-lower|r037|hope,waiyan_start1,5年级下,5,下,37,hope,hope,[həʊp],[hoʊp],n. 希望;期望;信心 vi. 希望;期待;信赖 vt. 希望;期望,外研版一年级起点五年级下.xlsx
waiyan_start1|g5-lower|r038|so,waiyan_start1,5年级下,5,下,38,so,so,[səʊ],[soʊ],"conj. 所以;因此 adv. 如此,这么;确是如此 pron. 这样",外研版一年级起点五年级下.xlsx
waiyan_start1|g5-lower|r039|get,waiyan_start1,5年级下,5,下,39,get,get,[ɡet],[ɡet],n. 生殖;幼兽 vi. 成为;变得;到达 vt. 使得;获得;受到;变成,外研版一年级起点五年级下.xlsx
waiyan_start1|g5-lower|r040|hour,waiyan_start1,5年级下,5,下,40,hour,hour,[ˈaʊə(r)],[ˈaʊər],n. 小时;钟头;课时;...点钟,外研版一年级起点五年级下.xlsx
waiyan_start1|g5-lower|r041|amazing,waiyan_start1,5年级下,5,下,41,amazing,amazing,[əˈmeɪzɪŋ],[əˈmeɪzɪŋ],adj. 令人惊异的 v. 使吃惊(amaze的ing形式),外研版一年级起点五年级下.xlsx
waiyan_start1|g5-lower|r042|take,waiyan_start1,5年级下,5,下,42,take,take,[teɪk],[teɪk],"vi. 拿;获得 vt. 拿,取;采取;接受(礼物等);买,花费;耗费(时间等) n. 捕获量;看法;利益,盈益;(入场券的)售得金额",外研版一年级起点五年级下.xlsx
waiyan_start1|g5-lower|r043|short,waiyan_start1,5年级下,5,下,43,short,short,[ʃɔːt],[ʃɔːrt],"n. 短;缺乏;短路;短裤 adj. 短的;不足的;矮的,低的 adv. 不足;突然;唐突地",外研版一年级起点五年级下.xlsx
waiyan_start1|g5-lower|r044|helicopter,waiyan_start1,5年级下,5,下,44,helicopter,helicopter,[ˈhelɪkɒptə(r)],[ˈhelɪkɑːptər],n. [航] 直升飞机 vt. 由直升机运送 vi. [航] 乘直升飞机,外研版一年级起点五年级下.xlsx
waiyan_start1|g5-lower|r045|evening,waiyan_start1,5年级下,5,下,45,evening,evening,[ˈiːvnɪŋ],[ˈiːvnɪŋ],n. 晚上;傍晚;(联欢性的)晚会;后期 adj. 在晚上的;为晚上的;晚上用的 int. 晚上好(等于good evening),外研版一年级起点五年级下.xlsx
waiyan_start1|g5-lower|r046|actor,waiyan_start1,5年级下,5,下,46,actor,actor,[ˈæktə(r)],[ˈæktər],n. 男演员;行动者;作用物,外研版一年级起点五年级下.xlsx
waiyan_start1|g5-lower|r047|busy,waiyan_start1,5年级下,5,下,47,busy,busy,[ˈbɪzi],[ˈbɪzi],adj. 忙碌的;热闹的;正被占用的 vt. 使忙于,外研版一年级起点五年级下.xlsx
waiyan_start1|g5-lower|r048|quarter,waiyan_start1,5年级下,5,下,48,quarter,quarter,[ˈkwɔːtə(r)],[ˈkwɔːrtər],num. 四分之一 n. 四分之一;地区;季度;一刻钟;两角五分;节 vt. 将...四等分;供某人住宿 vi. 住宿;驻扎,外研版一年级起点五年级下.xlsx
waiyan_start1|g5-lower|r049|chinese,waiyan_start1,5年级下,5,下,49,Chinese,chinese,[ˌtʃaɪˈniːz],[ˌtʃaɪˈniːz],"n. 中文,汉语;中国人 adj. 中国的,中国人的;中国话的",外研版一年级起点五年级下.xlsx
waiyan_start1|g5-lower|r050|drew,waiyan_start1,5年级下,5,下,50,drew,drew,[druː],[druː],draw的过去式,外研版一年级起点五年级下.xlsx
waiyan_start1|g5-lower|r051|piece,waiyan_start1,5年级下,5,下,51,piece,piece,[piːs],[piːs],n. 块;件;篇;硬币 vt. 修补;接合;凑合,外研版一年级起点五年级下.xlsx
waiyan_start1|g5-lower|r052|painted,waiyan_start1,5年级下,5,下,52,painted,painted,[ˈpeɪntɪd],[ˈpeɪntɪd],adj. 描画的;着色的;刷上油漆的 v. 油漆(paint的过去式和过去分词),外研版一年级起点五年级下.xlsx
waiyan_start1|g5-lower|r053|scissors,waiyan_start1,5年级下,5,下,53,scissors,scissors,[ˈsɪzəz],[ˈsɪzərz],n. 剪刀;剪式跳法 v. 剪开;删除(scissor的第三人称单数),外研版一年级起点五年级下.xlsx
waiyan_start1|g5-lower|r054|stick,waiyan_start1,5年级下,5,下,54,stick,stick,[stɪk],[stɪk],"n. 棍;手杖;呆头呆脑的人 vi. 坚持;伸出;粘住 vt. 刺,戳;伸出;粘贴",外研版一年级起点五年级下.xlsx
waiyan_start1|g5-lower|r055|tied,waiyan_start1,5年级下,5,下,55,tied,tied,[taɪd],[taɪd],v. 系(tie的过去式和过去分词) adj. 系住的,外研版一年级起点五年级下.xlsx
waiyan_start1|g5-lower|r056|string,waiyan_start1,5年级下,5,下,56,string,string,[strɪŋ],[strɪŋ],"n. 线,弦,细绳;一串,一行",外研版一年级起点五年级下.xlsx
waiyan_start1|g5-lower|r057|theatre,waiyan_start1,5年级下,5,下,57,theatre,theatre,[ˈθɪətə(r)],[ˈθiːətər],"n. 电影院,戏院;戏剧;阶梯式讲堂",外研版一年级起点五年级下.xlsx
waiyan_start1|g5-lower|r058|men,waiyan_start1,5年级下,5,下,58,men,men,[men],[men],"n. 男人,人类(man的复数)",外研版一年级起点五年级下.xlsx
waiyan_start1|g5-lower|r059|women,waiyan_start1,5年级下,5,下,59,women,women,[ˈwɪmɪn],[ˈwɪmɪn],n. 女人(woman的复数),外研版一年级起点五年级下.xlsx
waiyan_start1|g5-lower|r060|told,waiyan_start1,5年级下,5,下,60,told,told,[təʊld],[toʊld],v. 告诉(tell的过去式);讲述,外研版一年级起点五年级下.xlsx
waiyan_start1|g5-lower|r061|joke,waiyan_start1,5年级下,5,下,61,joke,joke,[dʒəʊk],[dʒoʊk],"n. 玩笑,笑话;笑柄 vt. 开...的玩笑 vi. 开玩笑",外研版一年级起点五年级下.xlsx
waiyan_start1|g5-lower|r062|funny,waiyan_start1,5年级下,5,下,62,funny,funny,[ˈfʌni],[ˈfʌni],"n. 滑稽人物;笑话,有趣的故事;滑稽连环漫画栏;(英)(比赛用)单人双桨小艇 adj. 有趣的,好笑的,滑稽的;(口)稀奇的,古怪的,奇异的;有病的,不舒服的;狡猾的,欺骗(性)的,可疑的,不光明",外研版一年级起点五年级下.xlsx
waiyan_start1|g5-lower|r063|show,waiyan_start1,5年级下,5,下,63,show,show,[ʃəʊ],[ʃoʊ],n. 显示;表演;炫耀 vt. 显示;说明;演出;展出 vi. 显示;说明;指示,外研版一年级起点五年级下.xlsx
waiyan_start1|g5-lower|r064|put,waiyan_start1,5年级下,5,下,64,put,put,[pʊt],[pʊt],n. 掷;笨蛋;投击;怪人 adj. 固定不动的 vi. 出发;击;航行;发芽 vt. 放;表达;移动;安置;赋予,外研版一年级起点五年级下.xlsx
waiyan_start1|g5-lower|r065|history,waiyan_start1,5年级下,5,下,65,history,history,[ˈhɪst(ə)ri],[ˈhɪstri],"n. 历史,历史学;历史记录;来历",外研版一年级起点五年级下.xlsx
waiyan_start1|g5-lower|r066|subject,waiyan_start1,5年级下,5,下,66,subject,subject,[ˈsʌbdʒɪkt; ˈsʌbdʒekt],[ˈsʌbdʒɪkt; ˈsʌbdʒekt],n. 主题;科目;[语] 主语;国民 adj. 服从的;易患...的;受制于...的 vt. 使...隶属;使屈从于...,外研版一年级起点五年级下.xlsx
waiyan_start1|g5-lower|r067|ticket,waiyan_start1,5年级下,5,下,67,ticket,ticket,[ˈtɪkɪt],[ˈtɪkɪt],vt. 加标签于;指派;对...开出交通违规罚单,外研版一年级起点五年级下.xlsx
waiyan_start1|g5-lower|r068|passport,waiyan_start1,5年级下,5,下,68,passport,passport,[ˈpɑːspɔːt],[ˈpæspɔːrt],"n. 护照,通行证;手段",外研版一年级起点五年级下.xlsx
waiyan_start1|g5-lower|r069|leave,waiyan_start1,5年级下,5,下,69,leave,leave,[liːv],[liːv],"vt. 离开;留下;遗忘;委托 vi. 离开,出发;留下 n. 许可,同意;休假",外研版一年级起点五年级下.xlsx
waiyan_start1|g5-lower|r070|july,waiyan_start1,5年级下,5,下,70,July,july,[dʒʊˈlaɪ],[dʒʊˈlaɪ],n. 七月,外研版一年级起点五年级下.xlsx
waiyan_start1|g5-lower|r071|august,waiyan_start1,5年级下,5,下,71,August,august,[ˈɔːɡəst],[ˈɔːɡəst],n. 八月(简写为Aug) adj. 威严的;令人敬畏的,外研版一年级起点五年级下.xlsx
waiyan_start1|g5-lower|r072|met,waiyan_start1,5年级下,5,下,72,met,met,[met],[met],v. 遇见(meet的过去式和过去分词),外研版一年级起点五年级下.xlsx
waiyan_start1|g5-lower|r073|classmate,waiyan_start1,5年级下,5,下,73,classmate,classmate,[ˈklɑːsmeɪt],[ˈklæsmeɪt],n. 同班同学,外研版一年级起点五年级下.xlsx
waiyan_start1|g6-upper|r002|how long,waiyan_start1,6年级上,6,上,2,how long,how long,,,conj. 多长时间,外研版一年级起点六年级上.xlsx
waiyan_start1|g6-upper|r003|near,waiyan_start1,6年级上,6,上,3,near,near,[nɪə(r)],[nɪr],adj. 近的;亲近的;近似的 adv. 近;接近 prep. 靠近;近似于,外研版一年级起点六年级上.xlsx
waiyan_start1|g6-upper|r004|along,waiyan_start1,6年级上,6,上,4,along,along,[əˈlɒŋ],[əˈlɔːŋ],prep. 沿着;顺着 adv. 一起;向前;来到,外研版一年级起点六年级上.xlsx
waiyan_start1|g6-upper|r005|more than,waiyan_start1,6年级上,6,上,5,more than,more than,[mɔː ðæn],[mɔr ðæn],na. ...以上;比...更,外研版一年级起点六年级上.xlsx
waiyan_start1|g6-upper|r006|kilometre,waiyan_start1,6年级上,6,上,6,kilometre,kilometre,[kɪˈlɒmɪtə(r)],[kɪˈlɑːmɪtər],n. [计量] 公里;[计量] 千米,外研版一年级起点六年级上.xlsx
waiyan_start1|g6-upper|r007|metre,waiyan_start1,6年级上,6,上,7,metre,metre,[ˈmiːtə(r)],[ˈmiːtər],n. 米;公尺;韵律,外研版一年级起点六年级上.xlsx
waiyan_start1|g6-upper|r008|office building,waiyan_start1,6年级上,6,上,8,office building,office building,,,n. 办公楼,外研版一年级起点六年级上.xlsx
waiyan_start1|g6-upper|r009|chinatown,waiyan_start1,6年级上,6,上,9,Chinatown,chinatown,[ˈtʃaɪnətaʊn],[ˈtʃaɪnətaʊn],"n. 唐人街,中国城",外研版一年级起点六年级上.xlsx
waiyan_start1|g6-upper|r010|town,waiyan_start1,6年级上,6,上,10,town,town,[taʊn],[taʊn],"n. 城镇,市镇;市内商业区",外研版一年级起点六年级上.xlsx
waiyan_start1|g6-upper|r011|subject,waiyan_start1,6年级上,6,上,11,subject,subject,[ˈsʌbdʒɪkt; ˈsʌbdʒekt],[ˈsʌbdʒɪkt; ˈsʌbdʒekt],n. 主题;科目;[语] 主语;国民 adj. 服从的;易患...的;受制于...的 vt. 使...隶属;使屈从于...,外研版一年级起点六年级上.xlsx
waiyan_start1|g6-upper|r012|everywhere,waiyan_start1,6年级上,6,上,12,everywhere,everywhere,[ˈevriweə(r)],[ˈevriwer],n. 每个地方 adv. 到处,外研版一年级起点六年级上.xlsx
waiyan_start1|g6-upper|r013|spoke,waiyan_start1,6年级上,6,上,13,spoke,spoke,[spəʊk],[spoʊk],n. (车轮的)辐条;轮辐;破坏某人的计划;阻挠某人的行动;刹车;扶梯棍 v. 说话(speak的过去式);为...装轮辐;说;演说;从某种观点来说,外研版一年级起点六年级上.xlsx
waiyan_start1|g6-upper|r014|lion dance,waiyan_start1,6年级上,6,上,14,lion dance,lion dance,,,n. 【文】舞狮;表演者装扮成狮子的样子;每逢节日庆典都会舞狮助兴,外研版一年级起点六年级上.xlsx
waiyan_start1|g6-upper|r015|tomb,waiyan_start1,6年级上,6,上,15,tomb,tomb,[tuːm],[tuːm],n. 坟墓;死亡 vt. 埋葬,外研版一年级起点六年级上.xlsx
waiyan_start1|g6-upper|r016|wrote,waiyan_start1,6年级上,6,上,16,wrote,wrote,[rəʊt],[roʊt],v. 写(write的过去式),外研版一年级起点六年级上.xlsx
waiyan_start1|g6-upper|r017|when,waiyan_start1,6年级上,6,上,17,when,when,[wen],[wen],"conj. 考虑到;既然;当...时;在...时;如果 n. 时间,时候;日期;场合 adv. 什么时候,何时;(用于时间的表达方式之后)在那时;其时;当时 pron. 那时;什么时侯",外研版一年级起点六年级上.xlsx
waiyan_start1|g6-upper|r018|stamp,waiyan_start1,6年级上,6,上,18,stamp,stamp,[stæmp],[stæmp],n. 邮票;印记;标志;跺脚 vt. 铭记;标出;盖章于...;贴邮票于...;用脚踩踏 vi. 跺脚;捣碎;毁掉,外研版一年级起点六年级上.xlsx
waiyan_start1|g6-upper|r019|book,waiyan_start1,6年级上,6,上,19,book,book,[bʊk],[bʊk],n. 书籍;卷;帐簿;名册;工作簿 vt. 预订;登记,外研版一年级起点六年级上.xlsx
waiyan_start1|g6-upper|r020|collect,waiyan_start1,6年级上,6,上,20,collect,collect,[kəˈlekt],[kəˈlekt],vt. 收集;募捐 adj. 由收件人付款的 vi. 收集;聚集;募捐 adv. 由收件人付款地,外研版一年级起点六年级上.xlsx
waiyan_start1|g6-upper|r021|hobby,waiyan_start1,6年级上,6,上,21,hobby,hobby,[ˈhɒbi],[ˈhɑːbi],n. 嗜好;业余爱好,外研版一年级起点六年级上.xlsx
waiyan_start1|g6-upper|r022|sun,waiyan_start1,6年级上,6,上,22,sun,sun,[sʌn],[sʌn],n. 太阳 vt. 使晒 vi. 晒太阳,外研版一年级起点六年级上.xlsx
waiyan_start1|g6-upper|r023|island,waiyan_start1,6年级上,6,上,23,island,island,[ˈaɪlənd],[ˈaɪlənd],n. 岛;岛屿;安全岛;岛状物 adj. 岛的 vt. 孤立;使成岛状,外研版一年级起点六年级上.xlsx
waiyan_start1|g6-upper|r024|coconut,waiyan_start1,6年级上,6,上,24,coconut,coconut,[ˈkəʊkənʌt],[ˈkoʊkənʌt],n. 椰子;椰子肉,外研版一年级起点六年级上.xlsx
waiyan_start1|g6-upper|r025|thanksgiving,waiyan_start1,6年级上,6,上,25,Thanksgiving,thanksgiving,,,n. 感恩,外研版一年级起点六年级上.xlsx
waiyan_start1|g6-upper|r026|nearly,waiyan_start1,6年级上,6,上,26,nearly,nearly,[ˈnɪəli],[ˈnɪrli],"adv. 差不多,几乎;密切地",外研版一年级起点六年级上.xlsx
waiyan_start1|g6-upper|r027|the spring festival,waiyan_start1,6年级上,6,上,27,the Spring Festival,the spring festival,,,un. 春节,外研版一年级起点六年级上.xlsx
waiyan_start1|g6-upper|r028|sure,waiyan_start1,6年级上,6,上,28,sure,sure,[ʃʊə(r)],[ʃʊr],adj. 确信的;可靠的;必定的 adv. 当然;的确,外研版一年级起点六年级上.xlsx
waiyan_start1|g6-upper|r029|december,waiyan_start1,6年级上,6,上,29,December,december,[dɪˈsembə(r)],[dɪˈsembər],n. 十二月,外研版一年级起点六年级上.xlsx
waiyan_start1|g6-upper|r030|light,waiyan_start1,6年级上,6,上,30,light,light,[laɪt],[laɪt],n. 光;光线;灯;打火机;领悟;浅色;天窗 adj. 轻的;浅色的;明亮的;轻松的;容易的;清淡的 vi. 点着;变亮;着火 vt. 照亮;点燃;着火 adv. 轻地;清楚地;轻便地,外研版一年级起点六年级上.xlsx
waiyan_start1|g6-upper|r031|pleased,waiyan_start1,6年级上,6,上,31,pleased,pleased,[pliːzd],[pliːzd],adj. 高兴的;喜欢的;乐意做某事 v. 满意;愿意(please的过去分词形式),外研版一年级起点六年级上.xlsx
waiyan_start1|g6-upper|r032|pretty,waiyan_start1,6年级上,6,上,32,pretty,pretty,[ˈprɪti],[ˈprɪti],n. 有吸引力的事物(尤指饰品);漂亮的人 adj. 漂亮的;可爱的;优美的 adv. 相当地;颇,外研版一年级起点六年级上.xlsx
waiyan_start1|g6-upper|r033|french,waiyan_start1,6年级上,6,上,33,French,french,[frentʃ],[frentʃ],n. 法国人;法语 adj. 法国的;法语的;法国人的,外研版一年级起点六年级上.xlsx
waiyan_start1|g6-upper|r034|phone,waiyan_start1,6年级上,6,上,34,phone,phone,[fəʊn],[foʊn],"n. 电话;耳机,听筒 vt. 打电话 vi. 打电话",外研版一年级起点六年级上.xlsx
waiyan_start1|g6-upper|r035|world,waiyan_start1,6年级上,6,上,35,world,world,[wɜːld],[wɜːrld],n. 世界;领域;世俗;全人类;物质生活,外研版一年级起点六年级上.xlsx
waiyan_start1|g6-upper|r036|difficult,waiyan_start1,6年级上,6,上,36,difficult,difficult,[ˈdɪfɪkəlt],[ˈdɪfɪkəlt],adj. 困难的;不随和的;执拗的,外研版一年级起点六年级上.xlsx
waiyan_start1|g6-upper|r037|answer,waiyan_start1,6年级上,6,上,37,answer,answer,[ˈɑːnsə(r)],[ˈænsər],n. 回答;答案;答辩 vt. 回答;符合 vi. 回答;符合,外研版一年级起点六年级上.xlsx
waiyan_start1|g6-upper|r038|miss,waiyan_start1,6年级上,6,上,38,Miss,miss,,,"n. 女士,小姐,年轻未婚女子 vt. 错过,想念,缺(勤)",外研版一年级起点六年级上.xlsx
waiyan_start1|g6-upper|r039|bamboo,waiyan_start1,6年级上,6,上,39,bamboo,bamboo,[ˌbæmˈbuː],[ˌbæmˈbuː],"n. 竹,竹子 adj. 竹制的;土著居民的 vt. 为...装上篾条",外研版一年级起点六年级上.xlsx
waiyan_start1|g6-upper|r040|gave,waiyan_start1,6年级上,6,上,40,gave,gave,[ɡeɪv],[ɡeɪv],v. 给予(give的过去式),外研版一年级起点六年级上.xlsx
waiyan_start1|g6-upper|r041|its,waiyan_start1,6年级上,6,上,41,its,its,[ɪts],[ɪts],pron. 它的,外研版一年级起点六年级上.xlsx
waiyan_start1|g6-upper|r042|almost,waiyan_start1,6年级上,6,上,42,almost,almost,[ˈɔːlməʊst],[ˈɔːlmoʊst],"adv. 差不多,几乎",外研版一年级起点六年级上.xlsx
waiyan_start1|g6-upper|r043|deaf,waiyan_start1,6年级上,6,上,43,deaf,deaf,[def],[def],adj. 聋的,外研版一年级起点六年级上.xlsx
waiyan_start1|g6-upper|r044|frightened,waiyan_start1,6年级上,6,上,44,frightened,frightened,[ˈfraɪtnd],[ˈfraɪtnd],v. 害怕;使吃惊;吓走(frighten的过去分词) adj. 害怕的;受惊的;受恐吓的,外研版一年级起点六年级上.xlsx
waiyan_start1|g6-upper|r045|sh,waiyan_start1,6年级上,6,上,45,sh,sh,[ʃ],[ʃ],int. 嘘;安静,外研版一年级起点六年级上.xlsx
waiyan_start1|g6-upper|r046|roar,waiyan_start1,6年级上,6,上,46,roar,roar,[rɔː(r)],[rɔːr],n. 咆哮;吼;轰鸣 vi. 咆哮;吼叫;喧闹 vt. 咆哮;呼喊;使......轰鸣,外研版一年级起点六年级上.xlsx
waiyan_start1|g6-upper|r047|fox,waiyan_start1,6年级上,6,上,47,fox,fox,[fɒks],[fɑːks],n. 狐狸;狡猾的人 vt. 欺骗;使变酸 vi. 假装;耍狡猾手段,外研版一年级起点六年级上.xlsx
waiyan_start1|g6-upper|r048|at night,waiyan_start1,6年级上,6,上,48,at night,at night,,,na. 在黄昏时候;晚上,外研版一年级起点六年级上.xlsx
waiyan_start1|g6-upper|r049|coin,waiyan_start1,6年级上,6,上,49,coin,coin,[kɔɪn],[kɔɪn],"n. 硬币,钱币 vt. 铸造(货币);杜撰,创造",外研版一年级起点六年级上.xlsx
waiyan_start1|g6-upper|r050|ever,waiyan_start1,6年级上,6,上,50,ever,ever,[ˈevə(r)],[ˈevər],adv. 永远;曾经;究竟,外研版一年级起点六年级上.xlsx
waiyan_start1|g6-upper|r051|tidy,waiyan_start1,6年级上,6,上,51,tidy,tidy,[ˈtaɪdi],[ˈtaɪdi],n. 椅子的背罩 adj. 整齐的;相当大的 vi. 整理;收拾 vt. 整理;收拾;弄整齐,外研版一年级起点六年级上.xlsx
waiyan_start1|g6-upper|r052|messy,waiyan_start1,6年级上,6,上,52,messy,messy,[ˈmesi],[ˈmesi],"adj. 凌乱的,散乱的;肮脏的,污秽的;麻烦的",外研版一年级起点六年级上.xlsx
waiyan_start1|g6-upper|r053|never,waiyan_start1,6年级上,6,上,53,never,never,[ˈnevə(r)],[ˈnevər],adv. 从未;决不,外研版一年级起点六年级上.xlsx
waiyan_start1|g6-upper|r054|blackboard,waiyan_start1,6年级上,6,上,54,blackboard,blackboard,[ˈblækbɔːd],[ˈblækbɔːrd],n. 黑板,外研版一年级起点六年级上.xlsx
waiyan_start1|g6-upper|r055|peace,waiyan_start1,6年级上,6,上,55,peace,peace,[piːs],[piːs],n. 和平;平静;和睦;秩序,外研版一年级起点六年级上.xlsx
waiyan_start1|g6-upper|r056|make peace,waiyan_start1,6年级上,6,上,56,make peace,make peace,,,abbr. (=peacemaker),外研版一年级起点六年级上.xlsx
waiyan_start1|g6-upper|r057|member state,waiyan_start1,6年级上,6,上,57,member state,member state,,,n. 会员国,外研版一年级起点六年级上.xlsx
waiyan_start1|g6-upper|r058|famous,waiyan_start1,6年级上,6,上,58,famous,famous,[ˈfeɪməs],[ˈfeɪməs],"adj. 著名的;极好的,非常令人满意的",外研版一年级起点六年级上.xlsx
waiyan_start1|g6-upper|r059|aunt,waiyan_start1,6年级上,6,上,59,aunt,aunt,[ɑːnt],[ænt],n. 阿姨;姑妈;伯母;舅妈,外研版一年级起点六年级上.xlsx
waiyan_start1|g6-upper|r060|forgot,waiyan_start1,6年级上,6,上,60,forgot,forgot,[fəˈɡɒt],[fərˈɡɑːt],v. 忘记;轻忽;遗漏(forget的过去式),外研版一年级起点六年级上.xlsx
waiyan_start1|g6-upper|r061|way,waiyan_start1,6年级上,6,上,61,way,way,[weɪ],[weɪ],n. 方法;道路;方向;行业;习惯 adj. 途中的 adv. 大大地;远远地,外研版一年级起点六年级上.xlsx
waiyan_start1|g6-upper|r062|cross,waiyan_start1,6年级上,6,上,62,cross,cross,[krɒs],[krɔːs],"n. 交叉,十字;十字架,十字形物 adj. 交叉的,相反的;乖戾的;生气的 vt. 杂交;渡过;使相交 vi. 交叉;杂交;横过",外研版一年级起点六年级上.xlsx
waiyan_start1|g6-lower|r002|hot dog,waiyan_start1,6年级下,6,下,2,hot dog,hot dog,,,n. 热狗(香肠面包);(滑雪、滑雪板运动或冲浪的)灵巧动作表演者 adj. 〈美俚〉极好的,外研版一年级起点六年级下.xlsx
waiyan_start1|g6-lower|r003|cashier,waiyan_start1,6年级下,6,下,3,cashier,cashier,[kæˈʃɪə(r)],[kæˈʃɪr],n. 出纳员;司库;收银员 vt. 解雇;抛弃,外研版一年级起点六年级下.xlsx
waiyan_start1|g6-lower|r004|cola,waiyan_start1,6年级下,6,下,4,cola,cola,[ˈkəʊlə],[ˈkoʊlə],n. 可乐;可乐树(其子含咖啡碱),外研版一年级起点六年级下.xlsx
waiyan_start1|g6-lower|r005|soup,waiyan_start1,6年级下,6,下,5,soup,soup,[suːp],[suːp],"n. 汤,羹;马力 vt. 加速;增加马力",外研版一年级起点六年级下.xlsx
waiyan_start1|g6-lower|r006|dollar,waiyan_start1,6年级下,6,下,6,dollar,dollar,[ˈdɒlə(r)],[ˈdɑːlər],n. 美元,外研版一年级起点六年级下.xlsx
waiyan_start1|g6-lower|r007|cent,waiyan_start1,6年级下,6,下,7,cent,cent,[sent],[sent],n. 分;一分的硬币;森特(等于半音程的百分之一),外研版一年级起点六年级下.xlsx
waiyan_start1|g6-lower|r008|enjoy,waiyan_start1,6年级下,6,下,8,enjoy,enjoy,[ɪnˈdʒɔɪ],[ɪnˈdʒɔɪ],"vt. 欣赏,享受;喜爱;使过得快活",外研版一年级起点六年级下.xlsx
waiyan_start1|g6-lower|r009|meal,waiyan_start1,6年级下,6,下,9,meal,meal,[miːl],[miːl],"n. 一餐,一顿饭;膳食 vi. 进餐",外研版一年级起点六年级下.xlsx
waiyan_start1|g6-lower|r010|later,waiyan_start1,6年级下,6,下,10,later,later,[ˈleɪtə(r)],[ˈleɪtər],adv. 后来;稍后;随后 adj. 更迟的;更后的,外研版一年级起点六年级下.xlsx
waiyan_start1|g6-lower|r011|to go,waiyan_start1,6年级下,6,下,11,to go,to go,,,去;走;外带,外研版一年级起点六年级下.xlsx
waiyan_start1|g6-lower|r012|dark,waiyan_start1,6年级下,6,下,12,dark,dark,[dɑːk],[dɑːrk],"n. 黑暗;夜;黄昏;模糊 adj. 黑暗的,深色的;模糊的;无知的;忧郁的",外研版一年级起点六年级下.xlsx
waiyan_start1|g6-lower|r013|cloud,waiyan_start1,6年级下,6,下,13,cloud,cloud,[klaʊd],[klaʊd],n. 云;阴云;云状物;一大群;黑斑 vt. 使混乱;以云遮敝;使忧郁;玷污 vi. 阴沉;乌云密布,外研版一年级起点六年级下.xlsx
waiyan_start1|g6-lower|r014|oh dear!,waiyan_start1,6年级下,6,下,14,Oh dear!,oh dear!,,,哎呀;天呐;天啊,外研版一年级起点六年级下.xlsx
waiyan_start1|g6-lower|r015|dry,waiyan_start1,6年级下,6,下,15,dry,dry,[draɪ],[draɪ],n. 干涸 adj. 干的;口渴的;枯燥无味的;禁酒的 vt. 把...弄干 vi. 变干,外研版一年级起点六年级下.xlsx
waiyan_start1|g6-lower|r016|stay,waiyan_start1,6年级下,6,下,16,stay,stay,[steɪ],[steɪ],n. 逗留;停止;支柱 vi. 停留;坚持;暂住;停下 vt. 坚持;暂住;抑制,外研版一年级起点六年级下.xlsx
waiyan_start1|g6-lower|r017|cloudy,waiyan_start1,6年级下,6,下,17,cloudy,cloudy,[ˈklaʊdi],[ˈklaʊdi],adj. 多云的;阴天的;愁容满面的,外研版一年级起点六年级下.xlsx
waiyan_start1|g6-lower|r018|close,waiyan_start1,6年级下,6,下,18,close,close,[kləʊz],[kloʊz; kloʊs],n. 结束 adj. 紧密的;亲密的;亲近的 vt. 关;结束;使靠近 vi. 关;结束;关闭 adv. 紧密地,外研版一年级起点六年级下.xlsx
waiyan_start1|g6-lower|r019|quickly,waiyan_start1,6年级下,6,下,19,quickly,quickly,[ˈkwɪkli],[ˈkwɪkli],adv. 迅速地;很快地,外研版一年级起点六年级下.xlsx
waiyan_start1|g6-lower|r020|left,waiyan_start1,6年级下,6,下,20,left,left,[left],[left],adj. 左边的;左派的;剩下的 adv. 在左面 n. 左边;左派;激进分子 v. 离开(leave的过去式),外研版一年级起点六年级下.xlsx
waiyan_start1|g6-lower|r021|shine,waiyan_start1,6年级下,6,下,21,shine,shine,[ʃaɪn],[ʃaɪn],"vt. 照射,擦亮;把...的光投向;(口)通过擦拭使...变得有光泽或光 vi. 发出光;反射光,闪耀;出类拔萃,表现突出;露出;照耀;显露;出众 n. 光亮,光泽;好天气;擦亮;晴天;擦皮鞋;鬼把戏或诡计",外研版一年级起点六年级下.xlsx
waiyan_start1|g6-lower|r022|cry,waiyan_start1,6年级下,6,下,22,cry,cry,[kraɪ],[kraɪ],n. 叫喊;叫声;口号;呼叫 vi. 哭;叫;喊 vt. 叫喊;哭出;大声说,外研版一年级起点六年级下.xlsx
waiyan_start1|g6-lower|r023|thing,waiyan_start1,6年级下,6,下,23,thing,thing,[θɪŋ],[θɪŋ],n. 事情;东西;事物;情况,外研版一年级起点六年级下.xlsx
waiyan_start1|g6-lower|r024|need,waiyan_start1,6年级下,6,下,24,need,need,[niːd],[niːd],"n. 需要,要求;缺乏;必要之物 vt. 需要 vi. 需要",外研版一年级起点六年级下.xlsx
waiyan_start1|g6-lower|r025|grab,waiyan_start1,6年级下,6,下,25,grab,grab,[ɡræb],[ɡræb],n. 攫取;霸占;夺取之物 vt. 攫取;霸占;将...深深吸引 vi. 攫取;夺取,外研版一年级起点六年级下.xlsx
waiyan_start1|g6-lower|r026|balloon,waiyan_start1,6年级下,6,下,26,balloon,balloon,[bəˈluːn],[bəˈluːn],n. 气球 adj. 像气球般鼓起的 vt. 使像气球般鼓起;使激增 vi. 激增;膨胀如气球,外研版一年级起点六年级下.xlsx
waiyan_start1|g6-lower|r027|fly away,waiyan_start1,6年级下,6,下,27,fly away,fly away,,,远走高飞;飞走;飞行,外研版一年级起点六年级下.xlsx
waiyan_start1|g6-lower|r028|stairs,waiyan_start1,6年级下,6,下,28,stairs,stairs,[steəz],[sterz],n. 楼梯;梯级(stair的复数),外研版一年级起点六年级下.xlsx
waiyan_start1|g6-lower|r029|telephone,waiyan_start1,6年级下,6,下,29,telephone,telephone,[ˈtelɪfəʊn],[ˈtelɪfoʊn],n. (美)电话;电话机;电话耳机 vt. 打电话给... vi. 打电话,外研版一年级起点六年级下.xlsx
waiyan_start1|g6-lower|r030|ring,waiyan_start1,6年级下,6,下,30,ring,ring,[rɪŋ],[rɪŋ],"n. 戒指;铃声,钟声;拳击场;环形物 vi. 按铃;敲钟;回响;成环形 vt. 按铃;包围;敲钟;套住",外研版一年级起点六年级下.xlsx
waiyan_start1|g6-lower|r031|bell,waiyan_start1,6年级下,6,下,31,bell,bell,[bel],[bel],"n. 铃,钟;钟声,铃声;钟状物 vt. 装钟于,系铃于 vi. 鸣钟;成钟状鼓起",外研版一年级起点六年级下.xlsx
waiyan_start1|g6-lower|r032|bark,waiyan_start1,6年级下,6,下,32,bark,bark,[bɑːk],[bɑːrk],n. 树皮;深青棕色;毛皮;皮肤;狗叫 vt. 狗叫;尖叫;剥皮,外研版一年级起点六年级下.xlsx
waiyan_start1|g6-lower|r033|arrive,waiyan_start1,6年级下,6,下,33,arrive,arrive,[əˈraɪv],[əˈraɪv],vi. 到达;成功;达成;出生,外研版一年级起点六年级下.xlsx
waiyan_start1|g6-lower|r034|hardly,waiyan_start1,6年级下,6,下,34,hardly,hardly,[ˈhɑːdli],[ˈhɑːrdli],"adv. 几乎不,简直不;刚刚",外研版一年级起点六年级下.xlsx
waiyan_start1|g6-lower|r035|raincoat,waiyan_start1,6年级下,6,下,35,raincoat,raincoat,[ˈreɪnkəʊt],[ˈreɪnkoʊt],n. (美)雨衣,外研版一年级起点六年级下.xlsx
waiyan_start1|g6-lower|r036|tunnel,waiyan_start1,6年级下,6,下,36,tunnel,tunnel,[ˈtʌn(ə)l],[ˈtʌnl],n. 隧道;坑道;洞穴通道 vt. 挖;在...打开通道;在...挖掘隧道 vi. 挖掘隧道;打开通道,外研版一年级起点六年级下.xlsx
waiyan_start1|g6-lower|r037|home,waiyan_start1,6年级下,6,下,37,home,home,[həʊm],[hoʊm],"n. 家,住宅;产地;家乡;避难所 adj. 国内的,家庭的;有效的 vt. 归巢,回家 adv. 在家,回家;深入地",外研版一年级起点六年级下.xlsx
waiyan_start1|g6-lower|r038|earth,waiyan_start1,6年级下,6,下,38,earth,earth,[ɜːθ],[ɜːrθ],"n. 地球;地表,陆地;土地,土壤;尘事,俗事;兽穴 vt. 把(电线)[电] 接地;盖(土);追赶入洞穴 vi. 躲进地洞",外研版一年级起点六年级下.xlsx
waiyan_start1|g6-lower|r039|space,waiyan_start1,6年级下,6,下,39,space,space,[speɪs],[speɪs],n. 空间;太空;距离 vt. 隔开 vi. 留间隔,外研版一年级起点六年级下.xlsx
waiyan_start1|g6-lower|r040|travel,waiyan_start1,6年级下,6,下,40,travel,travel,[ˈtræv(ə)l],[ˈtrævl],n. 旅行;游历;漫游 vt. 经过;在...旅行 vi. 旅行;行进;步行;交往,外研版一年级起点六年级下.xlsx
waiyan_start1|g6-lower|r041|interested,waiyan_start1,6年级下,6,下,41,interested,interested,[ˈɪntrəstɪd],[ˈɪntrəstɪd; ˈɪntrestɪd],v. 使...感兴趣(interest的过去分词) adj. 感兴趣的;有权益的;有成见的,外研版一年级起点六年级下.xlsx
waiyan_start1|g6-lower|r042|be interested in,waiyan_start1,6年级下,6,下,42,be interested in,be interested in,,,v. 对...感兴趣,外研版一年级起点六年级下.xlsx
waiyan_start1|g6-lower|r043|spaceship,waiyan_start1,6年级下,6,下,43,spaceship,spaceship,[ˈspeɪsʃɪp],[ˈspeɪsʃɪp],n. [航] 宇宙飞船,外研版一年级起点六年级下.xlsx
waiyan_start1|g6-lower|r044|surprised,waiyan_start1,6年级下,6,下,44,surprised,surprised,[səˈpraɪzd],[sərˈpraɪzd],"v. 使惊奇(surprise的过去分词形式) adj. 感到惊讶的,出人意料的",外研版一年级起点六年级下.xlsx
waiyan_start1|g6-lower|r045|made,waiyan_start1,6年级下,6,下,45,made,made,[meɪd],[meɪd],"adj. 成功的;创造的 v. 做,使,安排(make的过去式和过去分词)",外研版一年级起点六年级下.xlsx
waiyan_start1|g6-lower|r046|model,waiyan_start1,6年级下,6,下,46,model,model,[ˈmɒd(ə)l],[ˈmɑːdl],n. 模型;典型;模范;模特儿;样式 vt. 模拟;塑造;模仿 vi. 做模型;做模特儿 adj. 模范的;作模型用的,外研版一年级起点六年级下.xlsx
waiyan_start1|g6-lower|r047|taikonaut,waiyan_start1,6年级下,6,下,47,taikonaut,taikonaut,[ˈtaɪkənɔːt],[ˈtaɪkəˌnɔːt],n. 中国太空人,外研版一年级起点六年级下.xlsx
waiyan_start1|g6-lower|r048|national,waiyan_start1,6年级下,6,下,48,national,national,[ˈnæʃ(ə)nəl],[ˈnæʃnəl],adj. 国家的;国民的;民族的;国立的 n. 国民,外研版一年级起点六年级下.xlsx
waiyan_start1|g6-lower|r049|flag,waiyan_start1,6年级下,6,下,49,flag,flag,[flæɡ],[flæɡ],n. 标志;旗子 vt. 标记;插旗 vi. 标记;衰退;枯萎,外研版一年级起点六年级下.xlsx
waiyan_start1|g6-lower|r050|seed,waiyan_start1,6年级下,6,下,50,seed,seed,[siːd],[siːd],n. 种子;根据;精液;萌芽;子孙;原由 vt. 播种;结实;成熟;去...籽 vi. 播种;(植物)结实,外研版一年级起点六年级下.xlsx
waiyan_start1|g6-lower|r051|flew,waiyan_start1,6年级下,6,下,51,flew,flew,[fluː],[fluː],"v. 飞,飞翔(fly的过去式)",外研版一年级起点六年级下.xlsx
waiyan_start1|g6-lower|r052|spent,waiyan_start1,6年级下,6,下,52,spent,spent,[spent],[spent],v. 花费(spend的过去分词);浪费;耗费 adj. 耗尽了的;精疲力尽的,外研版一年级起点六年级下.xlsx
waiyan_start1|g6-lower|r053|video,waiyan_start1,6年级下,6,下,53,video,video,[ˈvɪdiəʊ],[ˈvɪdioʊ],"n. [电子] 视频;录像,录像机;电视 adj. 视频的;录像的;电视的 v. 录制",外研版一年级起点六年级下.xlsx
waiyan_start1|g6-lower|r054|someday,waiyan_start1,6年级下,6,下,54,someday,someday,[ˈsʌmdeɪ],[ˈsʌmdeɪ],"adv. 有一天,有朝一日",外研版一年级起点六年级下.xlsx
waiyan_start1|g6-lower|r055|born,waiyan_start1,6年级下,6,下,55,born,born,[bɔːn],[bɔːrn],v. 出世(bear的过去分词) adj. 天生的,外研版一年级起点六年级下.xlsx
waiyan_start1|g6-lower|r056|illness,waiyan_start1,6年级下,6,下,56,illness,illness,[ˈɪlnəs],[ˈɪlnəs],n. 病;疾病,外研版一年级起点六年级下.xlsx
waiyan_start1|g6-lower|r057|round,waiyan_start1,6年级下,6,下,57,round,round,[raʊnd],[raʊnd],n. 圆;循环;一回合;圆形物 prep. 附近;绕过;大约;在...周围 adj. 圆的;完全的;大概的;肥胖的 vt. 完成;围捕;绕行;弄圆 adv. 在周围;迂回地;朝反方向;挨个,外研版一年级起点六年级下.xlsx
waiyan_start1|g6-lower|r058|all over the world,waiyan_start1,6年级下,6,下,58,all over the world,all over the world,,,adv. 遍及全世界,外研版一年级起点六年级下.xlsx
waiyan_start1|g6-lower|r059|cup,waiyan_start1,6年级下,6,下,59,cup,cup,[kʌp],[kʌp],n. 杯子;奖杯;酒杯 vt. 使成杯状;为...拔火罐,外研版一年级起点六年级下.xlsx
waiyan_start1|g6-lower|r060|classmate,waiyan_start1,6年级下,6,下,60,classmate,classmate,[ˈklɑːsmeɪt],[ˈklæsmeɪt],n. 同班同学,外研版一年级起点六年级下.xlsx
waiyan_start1|g6-lower|r061|baseball,waiyan_start1,6年级下,6,下,61,baseball,baseball,[ˈbeɪsbɔːl],[ˈbeɪsbɔːl],n. 棒球;棒球运动,外研版一年级起点六年级下.xlsx
waiyan_start1|g6-lower|r062|brought,waiyan_start1,6年级下,6,下,62,brought,brought,[brɔːt],[brɔːt],v. 带来(bring的过去分词),外研版一年级起点六年级下.xlsx
waiyan_start1|g6-lower|r063|more,waiyan_start1,6年级下,6,下,63,more,more,[mɔː(r)],[mɔːr],adv. 更多;此外;更大程度地 adj. 更多的;附加的 pron. 更多的数量 n. 更多,外研版一年级起点六年级下.xlsx
waiyan_start1|g6-lower|r064|mistake,waiyan_start1,6年级下,6,下,64,mistake,mistake,[mɪˈsteɪk],[mɪˈsteɪk],n. 错误;误会;过失 vt. 弄错;误解 vi. 弄错;误解,外研版一年级起点六年级下.xlsx
waiyan_start1|g6-lower|r065|make mistakes,waiyan_start1,6年级下,6,下,65,make mistakes,make mistakes,,,犯错;犯错误;出错,外研版一年级起点六年级下.xlsx
waiyan_start1|g6-lower|r066|word,waiyan_start1,6年级下,6,下,66,word,word,[wɜːd],[wɜːrd],n. [语] 单词;话语;消息;诺言;命令 vt. 用言辞表达,外研版一年级起点六年级下.xlsx
waiyan_start1|g6-lower|r067|wish,waiyan_start1,6年级下,6,下,67,wish,wish,[wɪʃ],[wɪʃ],n. 希望;祝福;心愿 vt. 祝愿;渴望;向...致问候语 vi. 愿望;需要,外研版一年级起点六年级下.xlsx
waiyan_start1|g6-lower|r068|best wishes,waiyan_start1,6年级下,6,下,68,best wishes,best wishes,,,最美好的祝愿;最好的祝福;最良好的祝愿,外研版一年级起点六年级下.xlsx
waiyan_start1|g6-lower|r069|luck,waiyan_start1,6年级下,6,下,69,luck,luck,[lʌk],[lʌk],"n. 运气;幸运;带来好运的东西 vi. 靠运气,走运;凑巧碰上",外研版一年级起点六年级下.xlsx
waiyan_start1|g6-lower|r070|primary,waiyan_start1,6年级下,6,下,70,primary,primary,[ˈpraɪməri],[ˈpraɪmeri],n. 原色;最主要者 adj. 主要的;初级的;基本的,外研版一年级起点六年级下.xlsx
waiyan_start1|g6-lower|r071|primary school,waiyan_start1,6年级下,6,下,71,primary school,primary school,,,n. 小学,外研版一年级起点六年级下.xlsx
waiyan_start1|g6-lower|r072|keep,waiyan_start1,6年级下,6,下,72,keep,keep,[kiːp],[kiːp],vt. 保持;经营;遵守;饲养 vi. 保持;继续不断 n. 保持;生计;生活费,外研版一年级起点六年级下.xlsx
waiyan_start1|g6-lower|r073|forever,waiyan_start1,6年级下,6,下,73,forever,forever,[fərˈevə(r)],[fərˈevər],adv. 永远;不断地;常常,外研版一年级起点六年级下.xlsx
waiyan_start1|g6-lower|r074|joy,waiyan_start1,6年级下,6,下,74,joy,joy,[dʒɔɪ],[dʒɔɪ],"n. 欢乐,快乐;乐趣;高兴 vi. 欣喜,欢喜 vt. 高兴,使快乐",外研版一年级起点六年级下.xlsx
waiyan_start1|g6-lower|r075|future,waiyan_start1,6年级下,6,下,75,future,future,[ˈfjuːtʃə(r)],[ˈfjuːtʃər],"n. 未来;前途;期货;将来时 adj. 将来的,未来",外研版一年级起点六年级下.xlsx
waiyan_start1|g6-lower|r076|taught,waiyan_start1,6年级下,6,下,76,taught,taught,[tɔːt],[tɔːt],v. 教授(teach的过去分词),外研版一年级起点六年级下.xlsx
waiyan_start1|g6-lower|r077|wonderful,waiyan_start1,6年级下,6,下,77,wonderful,wonderful,[ˈwʌndəf(ə)l],[ˈwʌndərf(ə)l],"adj. 极好的,精彩的,绝妙的;奇妙的;美妙;胜;神妙",外研版一年级起点六年级下.xlsx
waiyan_start1|g6-lower|r078|happiness,waiyan_start1,6年级下,6,下,78,happiness,happiness,[ˈhæpinəs],[ˈhæpinəs],n. 幸福,外研版一年级起点六年级下.xlsx
waiyan_start1|g6-lower|r079|middle,waiyan_start1,6年级下,6,下,79,middle,middle,[ˈmɪd(ə)l],[ˈmɪd(ə)l],"adj. 中间的,中部的;中级的,中等的 n. 中间,中央;腰部",外研版一年级起点六年级下.xlsx
waiyan_start1|g6-lower|r080|middle school,waiyan_start1,6年级下,6,下,80,middle school,middle school,[ˈmɪdl skuːl],[ˈmɪdl skuːl],n. 初中;(英国为 9 到 13 岁儿童所设的)中间学校,外研版一年级起点六年级下.xlsx
waiyan_start1|g6-lower|r081|speech,waiyan_start1,6年级下,6,下,81,speech,speech,[spiːtʃ],[spiːtʃ],n. 演讲;讲话;[语] 语音;演说,外研版一年级起点六年级下.xlsx
waiyan_start1|g6-lower|r082|september,waiyan_start1,6年级下,6,下,82,September,september,[sepˈtembə(r)],[sepˈtembər],n. 九月,外研版一年级起点六年级下.xlsx
waiyan_start1|g6-lower|r083|excited,waiyan_start1,6年级下,6,下,83,excited,excited,[ɪkˈsaɪtɪd],[ɪkˈsaɪtɪd],v. 激动;唤起(excite的过去分词) adj. 兴奋的;激动的;活跃的,外研版一年级起点六年级下.xlsx
waiyan_start1|g6-lower|r084|geography,waiyan_start1,6年级下,6,下,84,geography,geography,[dʒiˈɒɡrəfi],[dʒiˈɑːɡrəfi],n. 地理;地形,外研版一年级起点六年级下.xlsx
waiyan_start1|g6-lower|r085|same,waiyan_start1,6年级下,6,下,85,same,same,[seɪm],[seɪm],adj. 相同的;同一的;上述的(通常与the连用);无变化的 adv. 同样地(通常与the连用) pron. 同样的事物或人(通常与the连用),外研版一年级起点六年级下.xlsx
waiyan_start1|g6-lower|r086|at the same time,waiyan_start1,6年级下,6,下,86,at the same time,at the same time,,,na. 同时;另一方面;与此同时,外研版一年级起点六年级下.xlsx
waiyan_start1|g6-lower|r087|little,waiyan_start1,6年级下,6,下,87,little,little,[ˈlɪt(ə)l],[ˈlɪtl],adj. 小的;很少的;短暂的;小巧可爱的 adv. 完全不 n. 少许;没有多少;短时间,外研版一年级起点六年级下.xlsx
waiyan_start1|g6-lower|r088|keep on,waiyan_start1,6年级下,6,下,88,keep on,keep on,,,na. 继续;穿[戴]着不脱,外研版一年级起点六年级下.xlsx
waiyan_start1|g6-lower|r089|sometime,waiyan_start1,6年级下,6,下,89,sometime,sometime,[ˈsʌmtaɪm],[ˈsʌmtaɪm],adj. 以前的;某一时间的 adv. 改天;来日;在某一时候,外研版一年级起点六年级下.xlsx
waiyan_start1|g6-lower|r090|each other,waiyan_start1,6年级下,6,下,90,each other,each other,,,pron. 彼此,外研版一年级起点六年级下.xlsx
waiyan_start1|g6-lower|r091|chemistry,waiyan_start1,6年级下,6,下,91,chemistry,chemistry,[ˈkemɪstri],[ˈkemɪstri],n. 化学;化学过程,外研版一年级起点六年级下.xlsx
waiyan_start1|g6-lower|r092|physics,waiyan_start1,6年级下,6,下,92,physics,physics,[ˈfɪzɪks],[ˈfɪzɪks],n. 物理学;物理现象,外研版一年级起点六年级下.xlsx
