NoteID,SourceID,SourceEdition,SourceBook,Grade,Semester,Unit,SourceWord,SourceFile,SourceRow,Page
KV000001,rj_start1,,1年级上,1,上,,book,人教版一年级起点一年级上.xlsx,2,
KV000002,rj_start1,,1年级上,1,上,,ruler,人教版一年级起点一年级上.xlsx,3,
KV000002,rj_start1,,4年级上,4,上,,ruler,人教版一年级起点四年级上.xlsx,77,
KV000003,rj_start1,,1年级上,1,上,,pencil,人教版一年级起点一年级上.xlsx,4,
KV000003,rj_start1,,4年级上,4,上,,pencil,人教版一年级起点四年级上.xlsx,78,
KV000004,renjiao_start3,2024-revision,6年级上,6,上,4,schoolbag,klose-actual-grade5-6-vocabulary.csv,350,40
KV000004,rj_start1,,1年级上,1,上,,schoolbag,人教版一年级起点一年级上.xlsx,5,
KV000004,rj_start1,,4年级上,4,上,,schoolbag,人教版一年级起点四年级上.xlsx,79,
KV000005,rj_start1,,1年级上,1,上,,teacher,人教版一年级起点一年级上.xlsx,6,
KV000005,rj_start1,,4年级上,4,上,,teacher,人教版一年级起点四年级上.xlsx,117,
KV000006,rj_start1,,1年级上,1,上,,I,人教版一年级起点一年级上.xlsx,7,
KV000007,rj_start1,,1年级上,1,上,,have,人教版一年级起点一年级上.xlsx,8,
KV000008,rj_start1,,1年级上,1,上,,a,人教版一年级起点一年级上.xlsx,9,
KV000009,rj_start1,,1年级上,1,上,,an,人教版一年级起点一年级上.xlsx,10,
KV000010,rj_start1,,1年级上,1,上,,face,人教版一年级起点一年级上.xlsx,11,
KV000010,rj_start1,,3年级上,3,上,,face,人教版一年级起点三年级上.xlsx,31,
KV000011,rj_start1,,1年级上,1,上,,ear,人教版一年级起点一年级上.xlsx,12,
KV000011,rj_start1,,3年级上,3,上,,ear,人教版一年级起点三年级上.xlsx,35,
KV000012,rj_start1,,1年级上,1,上,,eye,人教版一年级起点一年级上.xlsx,13,
KV000012,rj_start1,,3年级上,3,上,,eye,人教版一年级起点三年级上.xlsx,32,
KV000013,rj_start1,,1年级上,1,上,,nose,人教版一年级起点一年级上.xlsx,14,
KV000013,rj_start1,,3年级上,3,上,,nose,人教版一年级起点三年级上.xlsx,33,
KV000014,rj_start1,,1年级上,1,上,,mouth,人教版一年级起点一年级上.xlsx,15,
KV000014,rj_start1,,3年级上,3,上,,mouth,人教版一年级起点三年级上.xlsx,34,
KV000015,rj_start1,,1年级上,1,上,,this,人教版一年级起点一年级上.xlsx,16,
KV000016,rj_start1,,1年级上,1,上,,is,人教版一年级起点一年级上.xlsx,17,
KV000017,rj_start1,,1年级上,1,上,,my,人教版一年级起点一年级上.xlsx,18,
KV000017,rj_start1,,3年级上,3,上,,my,人教版一年级起点三年级上.xlsx,2,
KV000018,rj_start1,,1年级上,1,上,,dog,人教版一年级起点一年级上.xlsx,19,
KV000018,rj_start1,,3年级上,3,上,,dog,人教版一年级起点三年级上.xlsx,65,
KV000019,rj_start1,,1年级上,1,上,,bird,人教版一年级起点一年级上.xlsx,20,
KV000019,rj_start1,,3年级上,3,上,,bird,人教版一年级起点三年级上.xlsx,66,
KV000019,rj_start1,,6年级上,6,上,,bird,人教版一年级起点六年级上.xlsx,42,
KV000020,rj_start1,,1年级上,1,上,,tiger,人教版一年级起点一年级上.xlsx,21,
KV000020,rj_start1,,3年级上,3,上,,tiger,人教版一年级起点三年级上.xlsx,69,
KV000021,rj_start1,,1年级上,1,上,,monkey,人教版一年级起点一年级上.xlsx,22,
KV000021,rj_start1,,3年级上,3,上,,monkey,人教版一年级起点三年级上.xlsx,68,
KV000022,rj_start1,,1年级上,1,上,,cat,人教版一年级起点一年级上.xlsx,23,
KV000022,rj_start1,,3年级上,3,上,,cat,人教版一年级起点三年级上.xlsx,64,
KV000023,rj_start1,,1年级上,1,上,,what,人教版一年级起点一年级上.xlsx,24,
KV000024,rj_start1,,1年级上,1,上,,it,人教版一年级起点一年级上.xlsx,25,
KV000025,rj_start1,,1年级上,1,上,,one,人教版一年级起点一年级上.xlsx,26,
KV000026,rj_start1,,1年级上,1,上,,two,人教版一年级起点一年级上.xlsx,27,
KV000027,rj_start1,,1年级上,1,上,,three,人教版一年级起点一年级上.xlsx,28,
KV000028,rj_start1,,1年级上,1,上,,four,人教版一年级起点一年级上.xlsx,29,
KV000029,rj_start1,,1年级上,1,上,,five,人教版一年级起点一年级上.xlsx,30,
KV000030,rj_start1,,1年级上,1,上,,six,人教版一年级起点一年级上.xlsx,31,
KV000031,rj_start1,,1年级上,1,上,,seven,人教版一年级起点一年级上.xlsx,32,
KV000032,rj_start1,,1年级上,1,上,,eight,人教版一年级起点一年级上.xlsx,33,
KV000033,rj_start1,,1年级上,1,上,,nine,人教版一年级起点一年级上.xlsx,34,
KV000034,rj_start1,,1年级上,1,上,,ten,人教版一年级起点一年级上.xlsx,35,
KV000035,rj_start1,,1年级上,1,上,,how,人教版一年级起点一年级上.xlsx,36,
KV000036,rj_start1,,1年级上,1,上,,many,人教版一年级起点一年级上.xlsx,37,
KV000037,rj_start1,,1年级上,1,上,,are,人教版一年级起点一年级上.xlsx,38,
KV000038,rj_start1,,1年级上,1,上,,there,人教版一年级起点一年级上.xlsx,39,
KV000038,rj_start1,klose-current,4年级上,4,上,3,there,rj_start1-grade4-klose-actual.csv,36,28
KV000039,rj_start1,,1年级上,1,上,,black,人教版一年级起点一年级上.xlsx,40,
KV000040,rj_start1,,1年级上,1,上,,yellow,人教版一年级起点一年级上.xlsx,41,
KV000041,rj_start1,,1年级上,1,上,,blue,人教版一年级起点一年级上.xlsx,42,
KV000042,rj_start1,,1年级上,1,上,,red,人教版一年级起点一年级上.xlsx,43,
KV000042,rj_start1,,4年级上,4,上,,red,人教版一年级起点四年级上.xlsx,93,
KV000043,rj_start1,,1年级上,1,上,,green,人教版一年级起点一年级上.xlsx,44,
KV000043,rj_start1,,4年级上,4,上,,green,人教版一年级起点四年级上.xlsx,92,
KV000044,rj_start1,,1年级上,1,上,,colour,人教版一年级起点一年级上.xlsx,45,
KV000045,rj_start1,,1年级上,1,上,,apple,人教版一年级起点一年级上.xlsx,46,
KV000045,rj_start1,,4年级上,4,上,,apple,人教版一年级起点四年级上.xlsx,61,
KV000046,rj_start1,,1年级上,1,上,,pear,人教版一年级起点一年级上.xlsx,47,
KV000047,rj_start1,,1年级上,1,上,,banana,人教版一年级起点一年级上.xlsx,48,
KV000048,rj_start1,,1年级上,1,上,,orange,人教版一年级起点一年级上.xlsx,49,
KV000049,rj_start1,,1年级上,1,上,,do,人教版一年级起点一年级上.xlsx,50,
KV000050,rj_start1,,1年级上,1,上,,you,人教版一年级起点一年级上.xlsx,51,
KV000051,rj_start1,,1年级上,1,上,,like,人教版一年级起点一年级上.xlsx,52,
KV000052,rj_start1,,1年级上,1,上,,yes,人教版一年级起点一年级上.xlsx,53,
KV000053,rj_start1,,1年级上,1,上,,no,人教版一年级起点一年级上.xlsx,54,
KV000054,rj_start1,,1年级下,1,下,,chair,人教版一年级起点一年级下.xlsx,2,
KV000054,rj_start1,,3年级下,3,下,,chair,人教版一年级起点三年级下.xlsx,23,
KV000054,rj_start1,klose-current,4年级下,4,下,1,chair,rj_start1-grade4-klose-actual.csv,123,7
KV000055,rj_start1,,1年级下,1,下,,desk,人教版一年级起点一年级下.xlsx,3,
KV000055,rj_start1,,3年级下,3,下,,desk,人教版一年级起点三年级下.xlsx,24,
KV000055,rj_start1,klose-current,4年级下,4,下,1,desk,rj_start1-grade4-klose-actual.csv,122,7
KV000056,rj_start1,,1年级下,1,下,,blackboard,人教版一年级起点一年级下.xlsx,4,
KV000056,rj_start1,,3年级下,3,下,,blackboard,人教版一年级起点三年级下.xlsx,25,
KV000056,rj_start1,klose-current,4年级下,4,下,1,blackboard,rj_start1-grade4-klose-actual.csv,121,7
KV000057,rj_start1,,1年级下,1,下,,on,人教版一年级起点一年级下.xlsx,5,
KV000058,rj_start1,,1年级下,1,下,,under,人教版一年级起点一年级下.xlsx,6,
KV000059,rj_start1,,1年级下,1,下,,in,人教版一年级起点一年级下.xlsx,7,
KV000060,rj_start1,,1年级下,1,下,,where,人教版一年级起点一年级下.xlsx,8,
KV000061,rj_start1,,1年级下,1,下,,the,人教版一年级起点一年级下.xlsx,9,
KV000062,rj_start1,,1年级下,1,下,,light,人教版一年级起点一年级下.xlsx,10,
KV000062,rj_start1,,3年级下,3,下,,light,人教版一年级起点三年级下.xlsx,82,
KV000062,rj_start1,klose-current,4年级下,4,下,1,light,rj_start1-grade4-klose-actual.csv,120,5
KV000063,rj_start1,,1年级下,1,下,,bed,人教版一年级起点一年级下.xlsx,11,
KV000063,rj_start1,,3年级下,3,下,,bed,人教版一年级起点三年级下.xlsx,83,
KV000064,rj_start1,,1年级下,1,下,,door,人教版一年级起点一年级下.xlsx,12,
KV000064,rj_start1,,3年级下,3,下,,door,人教版一年级起点三年级下.xlsx,84,
KV000064,rj_start1,klose-current,4年级下,4,下,1,door,rj_start1-grade4-klose-actual.csv,126,8
KV000065,rj_start1,,1年级下,1,下,,box,人教版一年级起点一年级下.xlsx,13,
KV000065,rj_start1,,3年级下,3,下,,box,人教版一年级起点三年级下.xlsx,85,
KV000066,rj_start1,,1年级下,1,下,,near,人教版一年级起点一年级下.xlsx,14,
KV000066,rj_start1,,4年级上,4,上,,near,人教版一年级起点四年级上.xlsx,36,
KV000067,rj_start1,,1年级下,1,下,,behind,人教版一年级起点一年级下.xlsx,15,
KV000068,rj_start1,,1年级下,1,下,,plane,人教版一年级起点一年级下.xlsx,16,
KV000069,rj_start1,,1年级下,1,下,,ball,人教版一年级起点一年级下.xlsx,17,
KV000069,rj_start1,,4年级下,4,下,,ball,人教版一年级起点四年级下.xlsx,25,
KV000070,rj_start1,,1年级下,1,下,,doll,人教版一年级起点一年级下.xlsx,18,
KV000071,rj_start1,,1年级下,1,下,,train,人教版一年级起点一年级下.xlsx,19,
KV000072,rj_start1,,1年级下,1,下,,car,人教版一年级起点一年级下.xlsx,20,
KV000073,rj_start1,,1年级下,1,下,,bear,人教版一年级起点一年级下.xlsx,21,
KV000074,rj_start1,,1年级下,1,下,,can,人教版一年级起点一年级下.xlsx,22,
KV000075,renjiao_start3,pre-2024-revision,5年级下,5,下,6,sure,klose-actual-grade5-6-vocabulary.csv,274,63
KV000075,rj_start1,,1年级下,1,下,,sure,人教版一年级起点一年级下.xlsx,23,
KV000076,rj_start1,,1年级下,1,下,,sorry,人教版一年级起点一年级下.xlsx,24,
KV000076,rj_start1,klose-current,4年级下,4,下,1,sorry,rj_start1-grade4-klose-actual.csv,112,4
KV000077,rj_start1,,1年级下,1,下,,rice,人教版一年级起点一年级下.xlsx,25,
KV000077,rj_start1,,3年级上,3,上,,rice,人教版一年级起点三年级上.xlsx,47,
KV000078,rj_start1,,1年级下,1,下,,noodles,人教版一年级起点一年级下.xlsx,26,
KV000078,rj_start1,,3年级上,3,上,,noodles,人教版一年级起点三年级上.xlsx,48,
KV000079,rj_start1,,1年级下,1,下,,vegetable,人教版一年级起点一年级下.xlsx,27,
KV000080,rj_start1,,1年级下,1,下,,fish,人教版一年级起点一年级下.xlsx,28,
KV000080,rj_start1,,3年级上,3,上,,fish,人教版一年级起点三年级上.xlsx,50,
KV000080,rj_start1,,3年级上,3,上,,fish,人教版一年级起点三年级上.xlsx,67,
KV000080,rj_start1,,6年级上,6,上,,fish,人教版一年级起点六年级上.xlsx,43,
KV000081,rj_start1,,1年级下,1,下,,chicken,人教版一年级起点一年级下.xlsx,29,
KV000081,rj_start1,,3年级上,3,上,,chicken,人教版一年级起点三年级上.xlsx,51,
KV000081,rj_start1,,3年级上,3,上,,chicken,人教版一年级起点三年级上.xlsx,54,
KV000081,rj_start1,klose-current,4年级下,4,下,5,chicken,rj_start1-grade4-klose-actual.csv,196,52
KV000082,rj_start1,,1年级下,1,下,,egg,人教版一年级起点一年级下.xlsx,30,
KV000082,rj_start1,,3年级上,3,上,,egg,人教版一年级起点三年级上.xlsx,52,
KV000083,renjiao_start3,2024-revision,5年级上,5,上,5,hungry,klose-actual-grade5-6-vocabulary.csv,78,52
KV000083,rj_start1,,1年级下,1,下,,hungry,人教版一年级起点一年级下.xlsx,31,
KV000084,rj_start1,,1年级下,1,下,,want,人教版一年级起点一年级下.xlsx,32,
KV000084,rj_start1,klose-current,4年级下,4,下,3,want,rj_start1-grade4-klose-actual.csv,167,33
KV000085,rj_start1,,1年级下,1,下,,and,人教版一年级起点一年级下.xlsx,33,
KV000086,rj_start1,,1年级下,1,下,,juice,人教版一年级起点一年级下.xlsx,34,
KV000087,renjiao_start3,2024-revision,5年级上,5,上,5,tea,klose-actual-grade5-6-vocabulary.csv,83,53
KV000087,rj_start1,,1年级下,1,下,,tea,人教版一年级起点一年级下.xlsx,35,
KV000088,rj_start1,,1年级下,1,下,,milk,人教版一年级起点一年级下.xlsx,36,
KV000089,rj_start1,,1年级下,1,下,,water,人教版一年级起点一年级下.xlsx,37,
KV000090,rj_start1,,1年级下,1,下,,thirsty,人教版一年级起点一年级下.xlsx,38,
KV000091,rj_start1,,1年级下,1,下,,thanks,人教版一年级起点一年级下.xlsx,39,
KV000092,rj_start1,,1年级下,1,下,,shirt,人教版一年级起点一年级下.xlsx,40,
KV000092,rj_start1,,3年级上,3,上,,shirt,人教版一年级起点三年级上.xlsx,89,
KV000092,rj_start1,klose-current,4年级上,4,上,6,shirt,rj_start1-grade4-klose-actual.csv,96,64
KV000093,rj_start1,,1年级下,1,下,,T-shirt,人教版一年级起点一年级下.xlsx,41,
KV000093,rj_start1,,3年级上,3,上,,T-shirt,人教版一年级起点三年级上.xlsx,84,
KV000093,rj_start1,klose-current,4年级上,4,上,6,T-shirt,rj_start1-grade4-klose-actual.csv,107,69
KV000094,rj_start1,,1年级下,1,下,,skirt,人教版一年级起点一年级下.xlsx,42,
KV000094,rj_start1,,3年级上,3,上,,skirt,人教版一年级起点三年级上.xlsx,87,
KV000094,rj_start1,klose-current,4年级下,4,下,4,skirt,rj_start1-grade4-klose-actual.csv,177,41
KV000095,rj_start1,,1年级下,1,下,,dress,人教版一年级起点一年级下.xlsx,43,
KV000095,rj_start1,,3年级上,3,上,,dress,人教版一年级起点三年级上.xlsx,88,
KV000095,rj_start1,klose-current,4年级上,4,上,6,dress,rj_start1-grade4-klose-actual.csv,98,65
KV000096,rj_start1,,1年级下,1,下,,socks,人教版一年级起点一年级下.xlsx,44,
KV000096,rj_start1,,3年级上,3,上,,socks,人教版一年级起点三年级上.xlsx,86,
KV000096,rj_start1,klose-current,4年级上,4,上,6,sock,rj_start1-grade4-klose-actual.csv,93,64
KV000097,rj_start1,,1年级下,1,下,,shorts,人教版一年级起点一年级下.xlsx,45,
KV000097,rj_start1,,3年级上,3,上,,shorts,人教版一年级起点三年级上.xlsx,85,
KV000097,rj_start1,klose-current,4年级下,4,下,4,shorts,rj_start1-grade4-klose-actual.csv,175,40
KV000098,rj_start1,,1年级下,1,下,,your,人教版一年级起点一年级下.xlsx,46,
KV000098,rj_start1,,3年级上,3,上,,your,人教版一年级起点三年级上.xlsx,3,
KV000099,rj_start1,,2年级上,2,上,,father,人教版一年级起点二年级上.xlsx,2,
KV000099,rj_start1,,3年级下,3,下,,father,人教版一年级起点三年级下.xlsx,57,
KV000099,rj_start1,,4年级上,4,上,,father,人教版一年级起点四年级上.xlsx,14,
KV000100,rj_start1,,2年级上,2,上,,mother,人教版一年级起点二年级上.xlsx,3,
KV000100,rj_start1,,3年级下,3,下,,mother,人教版一年级起点三年级下.xlsx,58,
KV000101,rj_start1,,2年级上,2,上,,brother,人教版一年级起点二年级上.xlsx,4,
KV000101,rj_start1,,3年级下,3,下,,brother,人教版一年级起点三年级下.xlsx,59,
KV000102,rj_start1,,2年级上,2,上,,sister,人教版一年级起点二年级上.xlsx,5,
KV000102,rj_start1,,3年级下,3,下,,sister,人教版一年级起点三年级下.xlsx,60,
KV000103,rj_start1,,2年级上,2,上,,grandmother,人教版一年级起点二年级上.xlsx,6,
KV000103,rj_start1,,3年级下,3,下,,grandmother,人教版一年级起点三年级下.xlsx,56,
KV000104,rj_start1,,2年级上,2,上,,grandfather,人教版一年级起点二年级上.xlsx,7,
KV000104,rj_start1,,3年级下,3,下,,grandfather,人教版一年级起点三年级下.xlsx,55,
KV000105,rj_start1,,2年级上,2,上,,who,人教版一年级起点二年级上.xlsx,8,
KV000106,rj_start1,,2年级上,2,上,,he,人教版一年级起点二年级上.xlsx,9,
KV000107,rj_start1,,2年级上,2,上,,she,人教版一年级起点二年级上.xlsx,10,
KV000108,rj_start1,,2年级上,2,上,,classmate,人教版一年级起点二年级上.xlsx,11,
KV000109,rj_start1,,2年级上,2,上,,friend,人教版一年级起点二年级上.xlsx,12,
KV000109,rj_start1,,4年级上,4,上,,friend,人教版一年级起点四年级上.xlsx,13,
KV000110,rj_start1,,2年级上,2,上,,woman,人教版一年级起点二年级上.xlsx,13,
KV000111,rj_start1,,2年级上,2,上,,girl,人教版一年级起点二年级上.xlsx,14,
KV000112,rj_start1,,2年级上,2,上,,man,人教版一年级起点二年级上.xlsx,15,
KV000113,rj_start1,,2年级上,2,上,,boy,人教版一年级起点二年级上.xlsx,16,
KV000114,rj_start1,,2年级上,2,上,,look,人教版一年级起点二年级上.xlsx,17,
KV000115,renjiao_start3,pre-2024-revision,5年级下,5,下,5,his,klose-actual-grade5-6-vocabulary.csv,239,49
KV000115,rj_start1,,2年级上,2,上,,his,人教版一年级起点二年级上.xlsx,18,
KV000115,rj_start1,klose-current,4年级上,4,上,2,his,rj_start1-grade4-klose-actual.csv,21,16
KV000116,rj_start1,,2年级上,2,上,,name,人教版一年级起点二年级上.xlsx,19,
KV000116,rj_start1,,3年级上,3,上,,name,人教版一年级起点三年级上.xlsx,4,
KV000117,rj_start1,,2年级上,2,上,,her,人教版一年级起点二年级上.xlsx,20,
KV000118,rj_start1,,2年级上,2,上,,or,人教版一年级起点二年级上.xlsx,21,
KV000119,rj_start1,,2年级上,2,上,,big,人教版一年级起点二年级上.xlsx,22,
KV000119,rj_start1,,3年级上,3,上,,big,人教版一年级起点三年级上.xlsx,70,
KV000120,rj_start1,,2年级上,2,上,,tall,人教版一年级起点二年级上.xlsx,23,
KV000121,rj_start1,,2年级上,2,上,,pretty,人教版一年级起点二年级上.xlsx,24,
KV000121,rj_start1,,4年级下,4,下,,pretty,人教版一年级起点四年级下.xlsx,88,
KV000122,rj_start1,,2年级上,2,上,,thin,人教版一年级起点二年级上.xlsx,25,
KV000123,rj_start1,,2年级上,2,上,,short,人教版一年级起点二年级上.xlsx,26,
KV000123,rj_start1,,3年级上,3,上,,short,人教版一年级起点三年级上.xlsx,71,
KV000124,rj_start1,,2年级上,2,上,,handsome,人教版一年级起点二年级上.xlsx,27,
KV000124,rj_start1,,3年级下,3,下,,handsome,人教版一年级起点三年级下.xlsx,47,
KV000125,rj_start1,,2年级上,2,上,,new,人教版一年级起点二年级上.xlsx,28,
KV000125,rj_start1,,3年级上,3,上,,new,人教版一年级起点三年级上.xlsx,5,
KV000126,rj_start1,,2年级上,2,上,,does,人教版一年级起点二年级上.xlsx,29,
KV000127,rj_start1,,2年级上,2,上,,bookshop,人教版一年级起点二年级上.xlsx,30,
KV000127,rj_start1,,4年级下,4,下,,bookshop,人教版一年级起点四年级下.xlsx,22,
KV000128,rj_start1,,2年级上,2,上,,zoo,人教版一年级起点二年级上.xlsx,31,
KV000129,rj_start1,,2年级上,2,上,,school,人教版一年级起点二年级上.xlsx,32,
KV000129,rj_start1,,4年级下,4,下,,school,人教版一年级起点四年级下.xlsx,23,
KV000130,rj_start1,,2年级上,2,上,,supermarket,人教版一年级起点二年级上.xlsx,33,
KV000130,rj_start1,,4年级下,4,下,,supermarket,人教版一年级起点四年级下.xlsx,24,
KV000130,rj_start1,klose-current,4年级下,4,下,6,supermarket,rj_start1-grade4-klose-actual.csv,219,69
KV000131,rj_start1,,2年级上,2,上,,park,人教版一年级起点二年级上.xlsx,34,
KV000131,rj_start1,,4年级上,4,上,,park,人教版一年级起点四年级上.xlsx,60,
KV000131,rj_start1,klose-current,4年级上,4,上,3,park,rj_start1-grade4-klose-actual.csv,38,28
KV000132,rj_start1,,2年级上,2,上,,hospital,人教版一年级起点二年级上.xlsx,35,
KV000132,rj_start1,,4年级下,4,下,,hospital,人教版一年级起点四年级下.xlsx,21,
KV000132,rj_start1,klose-current,4年级上,4,上,3,hospital,rj_start1-grade4-klose-actual.csv,40,29
KV000133,renjiao_start3,2024-revision,6年级上,6,上,1,go,klose-actual-grade5-6-vocabulary.csv,282,6
KV000133,rj_start1,,2年级上,2,上,,go,人教版一年级起点二年级上.xlsx,36,
KV000134,rj_start1,,2年级上,2,上,,to,人教版一年级起点二年级上.xlsx,37,
KV000135,renjiao_start3,pre-2024-revision,6年级下,6,下,4,grass,klose-actual-grade5-6-vocabulary.csv,490,35
KV000135,rj_start1,,2年级上,2,上,,grass,人教版一年级起点二年级上.xlsx,38,
KV000136,rj_start1,,2年级上,2,上,,tree,人教版一年级起点二年级上.xlsx,39,
KV000137,rj_start1,,2年级上,2,上,,flower,人教版一年级起点二年级上.xlsx,40,
KV000138,rj_start1,,2年级上,2,上,,boat,人教版一年级起点二年级上.xlsx,41,
KV000139,renjiao_start3,2024-revision,5年级上,5,上,5,lake,klose-actual-grade5-6-vocabulary.csv,93,57
KV000139,rj_start1,,2年级上,2,上,,lake,人教版一年级起点二年级上.xlsx,42,
KV000140,rj_start1,,2年级上,2,上,,hill,人教版一年级起点二年级上.xlsx,43,
KV000141,renjiao_start3,pre-2024-revision,5年级下,5,下,3,Christmas,klose-actual-grade5-6-vocabulary.csv,209,28
KV000141,rj_start1,,2年级上,2,上,,Christmas,人教版一年级起点二年级上.xlsx,44,
KV000142,rj_start1,,2年级上,2,上,,Father Christmas,人教版一年级起点二年级上.xlsx,45,
KV000143,rj_start1,,2年级上,2,上,,Christmas tree,人教版一年级起点二年级上.xlsx,46,
KV000144,rj_start1,,2年级上,2,上,,card,人教版一年级起点二年级上.xlsx,47,
KV000145,rj_start1,,2年级上,2,上,,present,人教版一年级起点二年级上.xlsx,48,
KV000146,rj_start1,,2年级上,2,上,,New Year,人教版一年级起点二年级上.xlsx,49,
KV000147,rj_start1,,2年级上,2,上,,merry,人教版一年级起点二年级上.xlsx,50,
KV000148,rj_start1,,2年级上,2,上,,too,人教版一年级起点二年级上.xlsx,51,
KV000149,rj_start1,,2年级上,2,上,,here,人教版一年级起点二年级上.xlsx,52,
KV000150,rj_start1,,2年级上,2,上,,for,人教版一年级起点二年级上.xlsx,53,
KV000150,rj_start1,,3年级上,3,上,,for,人教版一年级起点三年级上.xlsx,43,
KV000151,rj_start1,,2年级上,2,上,,thank,人教版一年级起点二年级上.xlsx,54,
KV000152,rj_start1,,2年级上,2,上,,happy,人教版一年级起点二年级上.xlsx,55,
KV000152,rj_start1,,6年级上,6,上,,happy,人教版一年级起点六年级上.xlsx,65,
KV000153,rj_start1,,2年级下,2,下,,play football,人教版一年级起点二年级下.xlsx,2,
KV000153,rj_start1,,3年级下,3,下,,play football,人教版一年级起点三年级下.xlsx,37,
KV000153,rj_start1,,4年级上,4,上,,play football,人教版一年级起点四年级上.xlsx,94,
KV000154,rj_start1,,2年级下,2,下,,fly a kite,人教版一年级起点二年级下.xlsx,3,
KV000154,rj_start1,,3年级下,3,下,,fly a kite,人教版一年级起点三年级下.xlsx,38,
KV000155,rj_start1,,2年级下,2,下,,ride a bike,人教版一年级起点二年级下.xlsx,4,
KV000155,rj_start1,,3年级下,3,下,,ride a bike,人教版一年级起点三年级下.xlsx,39,
KV000156,rj_start1,,2年级下,2,下,,make a model plane,人教版一年级起点二年级下.xlsx,5,
KV000156,rj_start1,,3年级下,3,下,,make a model plane,人教版一年级起点三年级下.xlsx,41,
KV000157,rj_start1,,2年级下,2,下,,swim,人教版一年级起点二年级下.xlsx,6,
KV000157,rj_start1,,3年级下,3,下,,swim,人教版一年级起点三年级下.xlsx,40,
KV000157,rj_start1,,4年级上,4,上,,swim,人教版一年级起点四年级上.xlsx,12,
KV000157,rj_start1,klose-current,4年级上,4,上,5,swim,rj_start1-grade4-klose-actual.csv,89,57
KV000158,renjiao_start3,pre-2024-revision,5年级下,5,下,2,make a snowman,klose-actual-grade5-6-vocabulary.csv,167,18
KV000158,rj_start1,,2年级下,2,下,,make a snowman,人教版一年级起点二年级下.xlsx,7,
KV000158,rj_start1,,3年级下,3,下,,make a snowman,人教版一年级起点三年级下.xlsx,42,
KV000159,rj_start1,,2年级下,2,下,,can't,人教版一年级起点二年级下.xlsx,8,
KV000160,rj_start1,,2年级下,2,下,,rainy,人教版一年级起点二年级下.xlsx,9,
KV000160,rj_start1,klose-current,4年级上,4,上,5,rainy,rj_start1-grade4-klose-actual.csv,75,53
KV000161,rj_start1,,2年级下,2,下,,cloudy,人教版一年级起点二年级下.xlsx,10,
KV000161,rj_start1,klose-current,4年级上,4,上,5,cloudy,rj_start1-grade4-klose-actual.csv,74,53
KV000162,rj_start1,,2年级下,2,下,,snowy,人教版一年级起点二年级下.xlsx,11,
KV000162,rj_start1,klose-current,4年级上,4,上,5,snowy,rj_start1-grade4-klose-actual.csv,76,53
KV000163,rj_start1,,2年级下,2,下,,windy,人教版一年级起点二年级下.xlsx,12,
KV000163,rj_start1,klose-current,4年级上,4,上,5,windy,rj_start1-grade4-klose-actual.csv,73,53
KV000164,rj_start1,,2年级下,2,下,,sunny,人教版一年级起点二年级下.xlsx,13,
KV000164,rj_start1,klose-current,4年级上,4,上,5,sunny,rj_start1-grade4-klose-actual.csv,69,52
KV000165,renjiao_start3,2024-revision,5年级上,5,上,6,umbrella,klose-actual-grade5-6-vocabulary.csv,110,67
KV000165,rj_start1,,2年级下,2,下,,umbrella,人教版一年级起点二年级下.xlsx,14,
KV000166,rj_start1,,2年级下,2,下,,weather,人教版一年级起点二年级下.xlsx,15,
KV000166,rj_start1,klose-current,4年级上,4,上,5,weather,rj_start1-grade4-klose-actual.csv,68,52
KV000167,rj_start1,,2年级下,2,下,,wow,人教版一年级起点二年级下.xlsx,16,
KV000168,rj_start1,,2年级下,2,下,,let's,人教版一年级起点二年级下.xlsx,17,
KV000169,renjiao_start3,pre-2024-revision,5年级下,5,下,2,spring,klose-actual-grade5-6-vocabulary.csv,157,15
KV000169,rj_start1,,2年级下,2,下,,spring,人教版一年级起点二年级下.xlsx,18,
KV000169,rj_start1,klose-current,4年级上,4,上,6,spring,rj_start1-grade4-klose-actual.csv,104,68
KV000170,renjiao_start3,pre-2024-revision,5年级下,5,下,2,summer,klose-actual-grade5-6-vocabulary.csv,158,15
KV000170,rj_start1,,2年级下,2,下,,summer,人教版一年级起点二年级下.xlsx,19,
KV000170,rj_start1,klose-current,4年级上,4,上,6,summer,rj_start1-grade4-klose-actual.csv,105,68
KV000171,renjiao_start3,pre-2024-revision,5年级下,5,下,2,autumn,klose-actual-grade5-6-vocabulary.csv,159,15
KV000171,rj_start1,,2年级下,2,下,,autumn,人教版一年级起点二年级下.xlsx,20,
KV000171,rj_start1,klose-current,4年级上,4,上,6,autumn,rj_start1-grade4-klose-actual.csv,106,68
KV000172,renjiao_start3,pre-2024-revision,5年级下,5,下,2,winter,klose-actual-grade5-6-vocabulary.csv,160,15
KV000172,rj_start1,,2年级下,2,下,,winter,人教版一年级起点二年级下.xlsx,21,
KV000172,rj_start1,klose-current,4年级上,4,上,6,winter,rj_start1-grade4-klose-actual.csv,101,67
KV000173,rj_start1,,2年级下,2,下,,hot,人教版一年级起点二年级下.xlsx,22,
KV000173,rj_start1,klose-current,4年级上,4,上,5,hot,rj_start1-grade4-klose-actual.csv,70,52
KV000174,rj_start1,,2年级下,2,下,,warm,人教版一年级起点二年级下.xlsx,23,
KV000174,rj_start1,klose-current,4年级上,4,上,5,warm,rj_start1-grade4-klose-actual.csv,78,53
KV000175,rj_start1,,2年级下,2,下,,cool,人教版一年级起点二年级下.xlsx,24,
KV000175,rj_start1,,5年级上,5,上,,cool,人教版一年级起点五年级上.xlsx,55,
KV000175,rj_start1,klose-current,4年级上,4,上,5,cool,rj_start1-grade4-klose-actual.csv,77,53
KV000176,rj_start1,,2年级下,2,下,,cold,人教版一年级起点二年级下.xlsx,25,
KV000176,rj_start1,klose-current,4年级上,4,上,5,cold,rj_start1-grade4-klose-actual.csv,72,52
KV000177,rj_start1,,2年级下,2,下,,favourite,人教版一年级起点二年级下.xlsx,26,
KV000177,rj_start1,klose-current,4年级上,4,上,3,favourite,rj_start1-grade4-klose-actual.csv,48,33
KV000178,renjiao_start3,pre-2024-revision,5年级下,5,下,2,season,klose-actual-grade5-6-vocabulary.csv,161,15
KV000178,rj_start1,,2年级下,2,下,,season,人教版一年级起点二年级下.xlsx,27,
KV000178,rj_start1,klose-current,4年级上,4,上,6,season,rj_start1-grade4-klose-actual.csv,100,67
KV000179,rj_start1,,2年级下,2,下,,eleven,人教版一年级起点二年级下.xlsx,28,
KV000180,rj_start1,,2年级下,2,下,,twelve,人教版一年级起点二年级下.xlsx,29,
KV000181,rj_start1,,2年级下,2,下,,twenty,人教版一年级起点二年级下.xlsx,30,
KV000182,rj_start1,,2年级下,2,下,,thirty,人教版一年级起点二年级下.xlsx,31,
KV000183,rj_start1,,2年级下,2,下,,forty,人教版一年级起点二年级下.xlsx,32,
KV000184,rj_start1,,2年级下,2,下,,fifty,人教版一年级起点二年级下.xlsx,33,
KV000185,rj_start1,,2年级下,2,下,,thirteen,人教版一年级起点二年级下.xlsx,34,
KV000186,rj_start1,,2年级下,2,下,,fourteen,人教版一年级起点二年级下.xlsx,35,
KV000187,rj_start1,,2年级下,2,下,,fifteen,人教版一年级起点二年级下.xlsx,36,
KV000188,rj_start1,,2年级下,2,下,,time,人教版一年级起点二年级下.xlsx,37,
KV000189,rj_start1,,2年级下,2,下,,playtime,人教版一年级起点二年级下.xlsx,38,
KV000190,rj_start1,,2年级下,2,下,,get up,人教版一年级起点二年级下.xlsx,39,
KV000190,rj_start1,,4年级上,4,上,,get up,人教版一年级起点四年级上.xlsx,15,
KV000190,rj_start1,klose-current,4年级下,4,下,3,get up,rj_start1-grade4-klose-actual.csv,163,31
KV000191,renjiao_start3,pre-2024-revision,5年级下,5,下,1,eat breakfast,klose-actual-grade5-6-vocabulary.csv,121,5
KV000191,rj_start1,,2年级下,2,下,,eat breakfast,人教版一年级起点二年级下.xlsx,40,
KV000192,rj_start1,,2年级下,2,下,,go to school,人教版一年级起点二年级下.xlsx,41,
KV000192,rj_start1,klose-current,4年级下,4,下,3,go to school,rj_start1-grade4-klose-actual.csv,164,31
KV000193,rj_start1,,2年级下,2,下,,eat lunch,人教版一年级起点二年级下.xlsx,42,
KV000194,rj_start1,,2年级下,2,下,,go home,人教版一年级起点二年级下.xlsx,43,
KV000194,rj_start1,klose-current,4年级下,4,下,3,go home,rj_start1-grade4-klose-actual.csv,165,32
KV000195,renjiao_start3,pre-2024-revision,5年级下,5,下,1,eat dinner,klose-actual-grade5-6-vocabulary.csv,126,5
KV000195,rj_start1,,2年级下,2,下,,eat dinner,人教版一年级起点二年级下.xlsx,44,
KV000196,rj_start1,,2年级下,2,下,,go to bed,人教版一年级起点二年级下.xlsx,45,
KV000196,rj_start1,,5年级下,5,下,,go to bed,人教版一年级起点五年级下.xlsx,4,
KV000196,rj_start1,klose-current,4年级下,4,下,3,go to bed,rj_start1-grade4-klose-actual.csv,166,32
KV000197,renjiao_start3,pre-2024-revision,5年级下,5,下,1,when,klose-actual-grade5-6-vocabulary.csv,133,4
KV000197,rj_start1,,2年级下,2,下,,when,人教版一年级起点二年级下.xlsx,46,
KV000197,rj_start1,klose-current,4年级下,4,下,1,when,rj_start1-grade4-klose-actual.csv,129,9
KV000198,rj_start1,,2年级下,2,下,,every day,人教版一年级起点二年级下.xlsx,47,
KV000199,rj_start1,,2年级下,2,下,,at,人教版一年级起点二年级下.xlsx,48,
KV000200,renjiao_start3,2024-revision,5年级上,5,上,3,Sunday,klose-actual-grade5-6-vocabulary.csv,49,31
KV000200,rj_start1,,2年级下,2,下,,Sunday,人教版一年级起点二年级下.xlsx,49,
KV000201,renjiao_start3,2024-revision,5年级上,5,上,3,Monday,klose-actual-grade5-6-vocabulary.csv,42,29
KV000201,rj_start1,,2年级下,2,下,,Monday,人教版一年级起点二年级下.xlsx,50,
KV000201,rj_start1,,4年级上,4,上,,Monday,人教版一年级起点四年级上.xlsx,112,
KV000202,renjiao_start3,2024-revision,5年级上,5,上,3,Tuesday,klose-actual-grade5-6-vocabulary.csv,39,28
KV000202,rj_start1,,2年级下,2,下,,Tuesday,人教版一年级起点二年级下.xlsx,51,
KV000202,rj_start1,,4年级上,4,上,,Tuesday,人教版一年级起点四年级上.xlsx,113,
KV000203,renjiao_start3,2024-revision,5年级上,5,上,3,Wednesday,klose-actual-grade5-6-vocabulary.csv,37,28
KV000203,rj_start1,,2年级下,2,下,,Wednesday,人教版一年级起点二年级下.xlsx,52,
KV000203,rj_start1,,4年级上,4,上,,Wednesday,人教版一年级起点四年级上.xlsx,114,
KV000204,renjiao_start3,2024-revision,5年级上,5,上,3,Thursday,klose-actual-grade5-6-vocabulary.csv,43,29
KV000204,rj_start1,,2年级下,2,下,,Thursday,人教版一年级起点二年级下.xlsx,53,
KV000204,rj_start1,,4年级上,4,上,,Thursday,人教版一年级起点四年级上.xlsx,115,
KV000205,renjiao_start3,2024-revision,5年级上,5,上,3,Friday,klose-actual-grade5-6-vocabulary.csv,40,28
KV000205,rj_start1,,2年级下,2,下,,Friday,人教版一年级起点二年级下.xlsx,54,
KV000205,rj_start1,,4年级上,4,上,,Friday,人教版一年级起点四年级上.xlsx,116,
KV000206,renjiao_start3,2024-revision,5年级上,5,上,3,Saturday,klose-actual-grade5-6-vocabulary.csv,48,31
KV000206,rj_start1,,2年级下,2,下,,Saturday,人教版一年级起点二年级下.xlsx,55,
KV000206,rj_start1,,4年级上,4,上,,Saturday,人教版一年级起点四年级上.xlsx,35,
KV000207,rj_start1,,2年级下,2,下,,today,人教版一年级起点二年级下.xlsx,56,
KV000208,renjiao_start3,pre-2024-revision,5年级下,5,下,3,year,klose-actual-grade5-6-vocabulary.csv,199,25
KV000208,rj_start1,,3年级上,3,上,,year,人教版一年级起点三年级上.xlsx,6,
KV000209,rj_start1,,3年级上,3,上,,old,人教版一年级起点三年级上.xlsx,7,
KV000209,rj_start1,klose-current,4年级上,4,上,4,old,rj_start1-grade4-klose-actual.csv,63,43
KV000210,rj_start1,,3年级上,3,上,,how old,人教版一年级起点三年级上.xlsx,8,
KV000211,rj_start1,,3年级上,3,上,,class,人教版一年级起点三年级上.xlsx,9,
KV000211,rj_start1,klose-current,4年级下,4,下,1,class,rj_start1-grade4-klose-actual.csv,115,4
KV000212,rj_start1,,3年级上,3,上,,grade,人教版一年级起点三年级上.xlsx,10,
KV000213,rj_start1,,3年级上,3,上,,age,人教版一年级起点三年级上.xlsx,11,
KV000214,rj_start1,,3年级上,3,上,,dear,人教版一年级起点三年级上.xlsx,12,
KV000214,rj_start1,klose-current,4年级下,4,下,4,dear,rj_start1-grade4-klose-actual.csv,178,43
KV000215,rj_start1,,3年级上,3,上,,body,人教版一年级起点三年级上.xlsx,13,
KV000216,renjiao_start3,2024-revision,6年级上,6,上,3,head,klose-actual-grade5-6-vocabulary.csv,330,28
KV000216,rj_start1,,3年级上,3,上,,head,人教版一年级起点三年级上.xlsx,14,
KV000217,rj_start1,,3年级上,3,上,,hair,人教版一年级起点三年级上.xlsx,15,
KV000217,rj_start1,klose-current,4年级上,4,上,2,hair,rj_start1-grade4-klose-actual.csv,23,16
KV000218,rj_start1,,3年级上,3,上,,arm,人教版一年级起点三年级上.xlsx,16,
KV000219,rj_start1,,3年级上,3,上,,hand,人教版一年级起点三年级上.xlsx,17,
KV000220,rj_start1,,3年级上,3,上,,leg,人教版一年级起点三年级上.xlsx,18,
KV000221,rj_start1,,3年级上,3,上,,foot,人教版一年级起点三年级上.xlsx,19,
KV000222,rj_start1,,3年级上,3,上,,feet,人教版一年级起点三年级上.xlsx,20,
KV000223,rj_start1,,3年级上,3,上,,the matter,人教版一年级起点三年级上.xlsx,21,
KV000224,rj_start1,,3年级上,3,上,,hurt,人教版一年级起点三年级上.xlsx,22,
KV000224,rj_start1,,6年级上,6,上,,hurt,人教版一年级起点六年级上.xlsx,74,
KV000225,rj_start1,,3年级上,3,上,,help,人教版一年级起点三年级上.xlsx,23,
KV000226,rj_start1,,3年级上,3,上,,bad,人教版一年级起点三年级上.xlsx,24,
KV000226,rj_start1,klose-current,4年级上,4,上,5,bad,rj_start1-grade4-klose-actual.csv,71,52
KV000227,rj_start1,,3年级上,3,上,,bite,人教版一年级起点三年级上.xlsx,25,
KV000228,rj_start1,,3年级上,3,上,,tongue,人教版一年级起点三年级上.xlsx,26,
KV000229,rj_start1,,3年级上,3,上,,kick,人教版一年级起点三年级上.xlsx,27,
KV000230,rj_start1,,3年级上,3,上,,morning,人教版一年级起点三年级上.xlsx,28,
KV000231,rj_start1,,3年级上,3,上,,afternoon,人教版一年级起点三年级上.xlsx,29,
KV000231,rj_start1,klose-current,4年级上,4,上,3,afternoon,rj_start1-grade4-klose-actual.csv,35,28
KV000232,rj_start1,,3年级上,3,上,,summary,人教版一年级起点三年级上.xlsx,30,
KV000233,rj_start1,,3年级上,3,上,,bread,人教版一年级起点三年级上.xlsx,36,
KV000234,rj_start1,,3年级上,3,上,,cake,人教版一年级起点三年级上.xlsx,37,
KV000235,rj_start1,,3年级上,3,上,,fruit,人教版一年级起点三年级上.xlsx,38,
KV000236,renjiao_start3,2024-revision,5年级上,5,上,5,ice cream,klose-actual-grade5-6-vocabulary.csv,80,52
KV000236,rj_start1,,3年级上,3,上,,ice-cream,人教版一年级起点三年级上.xlsx,39,
KV000237,rj_start1,,3年级上,3,上,,potato,人教版一年级起点三年级上.xlsx,40,
KV000237,rj_start1,klose-current,4年级下,4,下,5,potato,rj_start1-grade4-klose-actual.csv,201,56
KV000238,rj_start1,,3年级上,3,上,,tomato,人教版一年级起点三年级上.xlsx,41,
KV000238,rj_start1,klose-current,4年级下,4,下,5,tomato,rj_start1-grade4-klose-actual.csv,197,55
KV000239,rj_start1,,3年级上,3,上,,meat,人教版一年级起点三年级上.xlsx,42,
KV000240,rj_start1,,3年级上,3,上,,shopping list,人教版一年级起点三年级上.xlsx,44,
KV000241,rj_start1,,3年级上,3,上,,cola,人教版一年级起点三年级上.xlsx,45,
KV000242,rj_start1,,3年级上,3,上,,buy,人教版一年级起点三年级上.xlsx,46,
KV000242,rj_start1,klose-current,4年级上,4,上,3,buy,rj_start1-grade4-klose-actual.csv,52,33
KV000243,rj_start1,,3年级上,3,上,,vegetables,人教版一年级起点三年级上.xlsx,49,
KV000244,rj_start1,,3年级上,3,上,,duck,人教版一年级起点三年级上.xlsx,53,
KV000245,rj_start1,,3年级上,3,上,,rabbit,人教版一年级起点三年级上.xlsx,55,
KV000246,rj_start1,,3年级上,3,上,,pet,人教版一年级起点三年级上.xlsx,56,
KV000247,rj_start1,,3年级上,3,上,,snake,人教版一年级起点三年级上.xlsx,57,
KV000248,rj_start1,,3年级上,3,上,,turtle,人教版一年级起点三年级上.xlsx,58,
KV000249,rj_start1,,3年级上,3,上,,small,人教版一年级起点三年级上.xlsx,59,
KV000250,rj_start1,,3年级上,3,上,,long,人教版一年级起点三年级上.xlsx,60,
KV000251,rj_start1,,3年级上,3,上,,look for,人教版一年级起点三年级上.xlsx,61,
KV000252,rj_start1,,3年级上,3,上,,tail,人教版一年级起点三年级上.xlsx,62,
KV000253,rj_start1,,3年级上,3,上,,dance,人教版一年级起点三年级上.xlsx,63,
KV000253,rj_start1,,3年级下,3,下,,dance,人教版一年级起点三年级下.xlsx,30,
KV000254,rj_start1,,3年级上,3,上,,cap,人教版一年级起点三年级上.xlsx,72,
KV000255,rj_start1,,3年级上,3,上,,coat,人教版一年级起点三年级上.xlsx,73,
KV000255,rj_start1,klose-current,4年级上,4,上,6,coat,rj_start1-grade4-klose-actual.csv,97,64
KV000256,rj_start1,,3年级上,3,上,,shoes,人教版一年级起点三年级上.xlsx,74,
KV000256,rj_start1,klose-current,4年级下,4,下,4,shoe,rj_start1-grade4-klose-actual.csv,182,44
KV000257,rj_start1,,3年级上,3,上,,sweater,人教版一年级起点三年级上.xlsx,75,
KV000257,rj_start1,klose-current,4年级上,4,上,6,sweater,rj_start1-grade4-klose-actual.csv,92,64
KV000258,rj_start1,,3年级上,3,上,,jacket,人教版一年级起点三年级上.xlsx,76,
KV000258,rj_start1,klose-current,4年级下,4,下,4,jacket,rj_start1-grade4-klose-actual.csv,176,41
KV000259,rj_start1,,3年级上,3,上,,gloves,人教版一年级起点三年级上.xlsx,77,
KV000259,rj_start1,klose-current,4年级上,4,上,6,glove,rj_start1-grade4-klose-actual.csv,110,69
KV000260,rj_start1,,3年级上,3,上,,trousers,人教版一年级起点三年级上.xlsx,78,
KV000260,rj_start1,klose-current,4年级下,4,下,4,trousers,rj_start1-grade4-klose-actual.csv,171,40
KV000261,renjiao_start3,2024-revision,5年级上,5,上,4,should,klose-actual-grade5-6-vocabulary.csv,58,40
KV000261,rj_start1,,3年级上,3,上,,should,人教版一年级起点三年级上.xlsx,79,
KV000262,renjiao_start3,2024-revision,6年级上,6,上,2,wear,klose-actual-grade5-6-vocabulary.csv,317,19
KV000262,rj_start1,,3年级上,3,上,,wear,人教版一年级起点三年级上.xlsx,80,
KV000262,rj_start1,klose-current,4年级上,4,上,6,wear,rj_start1-grade4-klose-actual.csv,95,64
KV000263,rj_start1,,3年级上,3,上,,week,人教版一年级起点三年级上.xlsx,81,
KV000263,rj_start1,klose-current,4年级下,4,下,6,week,rj_start1-grade4-klose-actual.csv,221,69
KV000264,renjiao_start3,2024-revision,6年级上,6,上,3,soon,klose-actual-grade5-6-vocabulary.csv,332,28
KV000264,rj_start1,,3年级上,3,上,,soon,人教版一年级起点三年级上.xlsx,82,
KV000265,rj_start1,,3年级上,3,上,,look forward to,人教版一年级起点三年级上.xlsx,83,
KV000265,rj_start1,,6年级上,6,上,,look forward to,人教版一年级起点六年级上.xlsx,103,
KV000266,renjiao_start3,pre-2024-revision,5年级下,5,下,3,January,klose-actual-grade5-6-vocabulary.csv,181,25
KV000266,rj_start1,,3年级上,3,上,,January,人教版一年级起点三年级上.xlsx,90,
KV000267,renjiao_start3,pre-2024-revision,5年级下,5,下,3,February,klose-actual-grade5-6-vocabulary.csv,182,25
KV000267,rj_start1,,3年级上,3,上,,February,人教版一年级起点三年级上.xlsx,91,
KV000268,renjiao_start3,pre-2024-revision,5年级下,5,下,3,March,klose-actual-grade5-6-vocabulary.csv,183,25
KV000268,rj_start1,,3年级上,3,上,,March,人教版一年级起点三年级上.xlsx,92,
KV000269,renjiao_start3,pre-2024-revision,5年级下,5,下,3,April,klose-actual-grade5-6-vocabulary.csv,184,25
KV000269,rj_start1,,3年级上,3,上,,April,人教版一年级起点三年级上.xlsx,93,
KV000270,renjiao_start3,pre-2024-revision,5年级下,5,下,3,May,klose-actual-grade5-6-vocabulary.csv,185,25
KV000270,rj_start1,,3年级上,3,上,,May,人教版一年级起点三年级上.xlsx,94,
KV000271,renjiao_start3,pre-2024-revision,5年级下,5,下,3,June,klose-actual-grade5-6-vocabulary.csv,186,25
KV000271,rj_start1,,3年级上,3,上,,June,人教版一年级起点三年级上.xlsx,95,
KV000272,renjiao_start3,pre-2024-revision,5年级下,5,下,3,July,klose-actual-grade5-6-vocabulary.csv,187,28
KV000272,rj_start1,,3年级上,3,上,,July,人教版一年级起点三年级上.xlsx,96,
KV000273,renjiao_start3,pre-2024-revision,5年级下,5,下,3,August,klose-actual-grade5-6-vocabulary.csv,188,28
KV000273,rj_start1,,3年级上,3,上,,August,人教版一年级起点三年级上.xlsx,97,
KV000274,renjiao_start3,pre-2024-revision,5年级下,5,下,3,September,klose-actual-grade5-6-vocabulary.csv,189,28
KV000274,rj_start1,,3年级上,3,上,,September,人教版一年级起点三年级上.xlsx,98,
KV000275,renjiao_start3,pre-2024-revision,5年级下,5,下,3,October,klose-actual-grade5-6-vocabulary.csv,190,28
KV000275,rj_start1,,3年级上,3,上,,October,人教版一年级起点三年级上.xlsx,99,
KV000276,renjiao_start3,pre-2024-revision,5年级下,5,下,3,November,klose-actual-grade5-6-vocabulary.csv,191,28
KV000276,rj_start1,,3年级上,3,上,,November,人教版一年级起点三年级上.xlsx,100,
KV000277,renjiao_start3,pre-2024-revision,5年级下,5,下,3,December,klose-actual-grade5-6-vocabulary.csv,192,28
KV000277,rj_start1,,3年级上,3,上,,December,人教版一年级起点三年级上.xlsx,101,
KV000278,rj_start1,,3年级上,3,上,,birthday,人教版一年级起点三年级上.xlsx,102,
KV000278,rj_start1,,5年级下,5,下,,birthday,人教版一年级起点五年级下.xlsx,29,
KV000279,renjiao_start3,pre-2024-revision,5年级下,5,下,4,first (1st),klose-actual-grade5-6-vocabulary.csv,216,39
KV000279,rj_start1,,3年级上,3,上,,first,人教版一年级起点三年级上.xlsx,103,
KV000279,rj_start1,,3年级下,3,下,,first,人教版一年级起点三年级下.xlsx,16,
KV000279,rj_start1,klose-current,4年级下,4,下,2,first,rj_start1-grade4-klose-actual.csv,138,16
KV000280,rj_start1,,3年级上,3,上,,party,人教版一年级起点三年级上.xlsx,104,
KV000280,rj_start1,,5年级上,5,上,,party,人教版一年级起点五年级上.xlsx,12,
KV000281,rj_start1,,3年级上,3,上,,delicious,人教版一年级起点三年级上.xlsx,105,
KV000281,rj_start1,,5年级下,5,下,,delicious,人教版一年级起点五年级下.xlsx,80,
KV000281,rj_start1,klose-current,4年级下,4,下,6,delicious,rj_start1-grade4-klose-actual.csv,214,67
KV000282,rj_start1,,3年级下,3,下,,Chinese,人教版一年级起点三年级下.xlsx,2,
KV000282,rj_start1,klose-current,4年级上,4,上,2,Chinese,rj_start1-grade4-klose-actual.csv,29,20
KV000283,rj_start1,,3年级下,3,下,,English,人教版一年级起点三年级下.xlsx,3,
KV000284,renjiao_start3,2024-revision,5年级上,5,上,1,science,klose-actual-grade5-6-vocabulary.csv,9,7
KV000284,rj_start1,,3年级下,3,下,,science,人教版一年级起点三年级下.xlsx,4,
KV000285,rj_start1,,3年级下,3,下,,PE,人教版一年级起点三年级下.xlsx,5,
KV000285,rj_start1,klose-current,4年级上,4,上,1,PE,rj_start1-grade4-klose-actual.csv,2,4
KV000286,rj_start1,,3年级下,3,下,,music,人教版一年级起点三年级下.xlsx,6,
KV000286,rj_start1,klose-current,4年级下,4,下,1,music,rj_start1-grade4-klose-actual.csv,125,8
KV000287,rj_start1,,3年级下,3,下,,maths,人教版一年级起点三年级下.xlsx,7,
KV000287,rj_start1,klose-current,4年级下,4,下,3,maths,rj_start1-grade4-klose-actual.csv,162,29
KV000288,rj_start1,,3年级下,3,下,,art,人教版一年级起点三年级下.xlsx,8,
KV000288,rj_start1,klose-current,4年级下,4,下,3,art,rj_start1-grade4-klose-actual.csv,160,29
KV000289,rj_start1,,3年级下,3,下,,computer class,人教版一年级起点三年级下.xlsx,9,
KV000290,rj_start1,,3年级下,3,下,,we,人教版一年级起点三年级下.xlsx,10,
KV000291,rj_start1,,3年级下,3,下,,that,人教版一年级起点三年级下.xlsx,11,
KV000292,rj_start1,,3年级下,3,下,,classroom,人教版一年级起点三年级下.xlsx,12,
KV000292,rj_start1,klose-current,4年级下,4,下,1,classroom,rj_start1-grade4-klose-actual.csv,118,5
KV000293,rj_start1,,3年级下,3,下,,library,人教版一年级起点三年级下.xlsx,13,
KV000293,rj_start1,klose-current,4年级上,4,上,3,library,rj_start1-grade4-klose-actual.csv,44,31
KV000294,rj_start1,,3年级下,3,下,,toilet,人教版一年级起点三年级下.xlsx,14,
KV000294,rj_start1,klose-current,4年级上,4,上,3,toilet,rj_start1-grade4-klose-actual.csv,42,29
KV000295,rj_start1,,3年级下,3,下,,playground,人教版一年级起点三年级下.xlsx,15,
KV000295,rj_start1,klose-current,4年级上,4,上,3,playground,rj_start1-grade4-klose-actual.csv,37,28
KV000296,renjiao_start3,pre-2024-revision,5年级下,5,下,4,second (2nd),klose-actual-grade5-6-vocabulary.csv,217,39
KV000296,rj_start1,,3年级下,3,下,,second,人教版一年级起点三年级下.xlsx,17,
KV000297,renjiao_start3,pre-2024-revision,5年级下,5,下,4,third (3rd),klose-actual-grade5-6-vocabulary.csv,218,39
KV000297,rj_start1,,3年级下,3,下,,third,人教版一年级起点三年级下.xlsx,18,
KV000298,rj_start1,,3年级下,3,下,,floor,人教版一年级起点三年级下.xlsx,19,
KV000298,rj_start1,klose-current,4年级上,4,上,1,floor,rj_start1-grade4-klose-actual.csv,17,8
KV000299,rj_start1,,3年级下,3,下,,room,人教版一年级起点三年级下.xlsx,20,
KV000299,rj_start1,klose-current,4年级上,4,上,1,room,rj_start1-grade4-klose-actual.csv,14,7
KV000300,rj_start1,,3年级下,3,下,,our,人教版一年级起点三年级下.xlsx,21,
KV000301,rj_start1,,3年级下,3,下,,they,人教版一年级起点三年级下.xlsx,22,
KV000302,rj_start1,,3年级下,3,下,,after school,人教版一年级起点三年级下.xlsx,26,
KV000303,renjiao_start3,pre-2024-revision,5年级下,5,下,1,play sports,klose-actual-grade5-6-vocabulary.csv,123,5
KV000303,rj_start1,,3年级下,3,下,,play sports,人教版一年级起点三年级下.xlsx,27,
KV000304,rj_start1,,3年级下,3,下,,draw pictures,人教版一年级起点三年级下.xlsx,28,
KV000305,rj_start1,,3年级下,3,下,,play chess,人教版一年级起点三年级下.xlsx,29,
KV000306,rj_start1,,3年级下,3,下,,sing songs,人教版一年级起点三年级下.xlsx,31,
KV000307,rj_start1,,3年级下,3,下,,read books,人教版一年级起点三年级下.xlsx,32,
KV000308,rj_start1,,3年级下,3,下,,really,人教版一年级起点三年级下.xlsx,33,
KV000309,rj_start1,,3年级下,3,下,,tomorrow,人教版一年级起点三年级下.xlsx,34,
KV000309,rj_start1,klose-current,4年级上,4,上,5,tomorrow,rj_start1-grade4-klose-actual.csv,79,53
KV000310,rj_start1,,3年级下,3,下,,wake up,人教版一年级起点三年级下.xlsx,35,
KV000311,rj_start1,,3年级下,3,下,,be back,人教版一年级起点三年级下.xlsx,36,
KV000312,rj_start1,,3年级下,3,下,,family,人教版一年级起点三年级下.xlsx,43,
KV000313,rj_start1,,3年级下,3,下,,uncle,人教版一年级起点三年级下.xlsx,44,
KV000314,rj_start1,,3年级下,3,下,,aunt,人教版一年级起点三年级下.xlsx,45,
KV000315,rj_start1,,3年级下,3,下,,cousin,人教版一年级起点三年级下.xlsx,46,
KV000316,rj_start1,,3年级下,3,下,,beautiful,人教版一年级起点三年级下.xlsx,48,
KV000316,rj_start1,klose-current,4年级下,4,下,4,beautiful,rj_start1-grade4-klose-actual.csv,183,44
KV000317,rj_start1,,3年级下,3,下,,lost,人教版一年级起点三年级下.xlsx,49,
KV000318,rj_start1,,3年级下,3,下,,water bottle,人教版一年级起点三年级下.xlsx,50,
KV000319,renjiao_start3,2024-revision,5年级上,5,上,6,know,klose-actual-grade5-6-vocabulary.csv,117,69
KV000319,rj_start1,,3年级下,3,下,,know,人教版一年级起点三年级下.xlsx,51,
KV000320,rj_start1,,3年级下,3,下,,ok,人教版一年级起点三年级下.xlsx,52,
KV000321,rj_start1,,3年级下,3,下,,much,人教版一年级起点三年级下.xlsx,53,
KV000322,rj_start1,,3年级下,3,下,,welcome,人教版一年级起点三年级下.xlsx,54,
KV000323,rj_start1,,3年级下,3,下,,cooking dinner,人教版一年级起点三年级下.xlsx,61,
KV000324,rj_start1,,3年级下,3,下,,walking the dog,人教版一年级起点三年级下.xlsx,62,
KV000325,rj_start1,,3年级下,3,下,,watering the plants,人教版一年级起点三年级下.xlsx,63,
KV000326,rj_start1,,3年级下,3,下,,cleaning the room,人教版一年级起点三年级下.xlsx,64,
KV000327,renjiao_start3,pre-2024-revision,5年级下,5,下,6,listening to music,klose-actual-grade5-6-vocabulary.csv,257,59
KV000327,rj_start1,,3年级下,3,下,,listening to music,人教版一年级起点三年级下.xlsx,65,
KV000328,rj_start1,,3年级下,3,下,,watching TV,人教版一年级起点三年级下.xlsx,66,
KV000329,rj_start1,,3年级下,3,下,,feeding the fish,人教版一年级起点三年级下.xlsx,67,
KV000330,rj_start1,,3年级下,3,下,,play with,人教版一年级起点三年级下.xlsx,68,
KV000331,rj_start1,,3年级下,3,下,,in one hour,人教版一年级起点三年级下.xlsx,69,
KV000332,rj_start1,,3年级下,3,下,,everyone,人教版一年级起点三年级下.xlsx,70,
KV000332,rj_start1,klose-current,4年级上,4,上,4,everyone,rj_start1-grade4-klose-actual.csv,65,43
KV000333,rj_start1,,3年级下,3,下,,children,人教版一年级起点三年级下.xlsx,71,
KV000333,rj_start1,klose-current,4年级上,4,上,1,child,rj_start1-grade4-klose-actual.csv,20,9
KV000334,renjiao_start3,2024-revision,6年级上,6,上,2,run,klose-actual-grade5-6-vocabulary.csv,310,18
KV000334,rj_start1,,3年级下,3,下,,run,人教版一年级起点三年级下.xlsx,72,
KV000334,rj_start1,klose-current,4年级下,4,下,2,run,rj_start1-grade4-klose-actual.csv,140,16
KV000335,rj_start1,,3年级下,3,下,,home,人教版一年级起点三年级下.xlsx,73,
KV000336,rj_start1,,3年级下,3,下,,bedroom,人教版一年级起点三年级下.xlsx,74,
KV000336,rj_start1,klose-current,4年级下,4,下,2,bedroom,rj_start1-grade4-klose-actual.csv,148,19
KV000337,rj_start1,,3年级下,3,下,,living room,人教版一年级起点三年级下.xlsx,75,
KV000337,rj_start1,klose-current,4年级下,4,下,2,living room,rj_start1-grade4-klose-actual.csv,141,16
KV000338,rj_start1,,3年级下,3,下,,bathroom,人教版一年级起点三年级下.xlsx,76,
KV000338,rj_start1,klose-current,4年级下,4,下,2,bathroom,rj_start1-grade4-klose-actual.csv,151,20
KV000339,rj_start1,,3年级下,3,下,,dining room,人教版一年级起点三年级下.xlsx,77,
KV000340,rj_start1,,3年级下,3,下,,study,人教版一年级起点三年级下.xlsx,78,
KV000340,rj_start1,,6年级上,6,上,,study,人教版一年级起点六年级上.xlsx,87,
KV000340,rj_start1,klose-current,4年级下,4,下,2,study,rj_start1-grade4-klose-actual.csv,150,20
KV000341,rj_start1,,3年级下,3,下,,kitchen,人教版一年级起点三年级下.xlsx,79,
KV000341,rj_start1,klose-current,4年级下,4,下,2,kitchen,rj_start1-grade4-klose-actual.csv,149,19
KV000342,rj_start1,,3年级下,3,下,,for rent,人教版一年级起点三年级下.xlsx,80,
KV000343,rj_start1,,3年级下,3,下,,sofa,人教版一年级起点三年级下.xlsx,81,
KV000344,rj_start1,,4年级上,4,上,,running,人教版一年级起点四年级上.xlsx,2,
KV000345,rj_start1,,4年级上,4,上,,basketball,人教版一年级起点四年级上.xlsx,3,
KV000345,rj_start1,klose-current,4年级上,4,上,2,basketball,rj_start1-grade4-klose-actual.csv,33,21
KV000346,rj_start1,,4年级上,4,上,,roller skating,人教版一年级起点四年级上.xlsx,4,
KV000347,rj_start1,,4年级上,4,上,,jumping rope,人教版一年级起点四年级上.xlsx,5,
KV000348,renjiao_start3,2024-revision,5年级上,5,上,3,ping-pong,klose-actual-grade5-6-vocabulary.csv,53,33
KV000348,rj_start1,,4年级上,4,上,,ping-pong,人教版一年级起点四年级上.xlsx,6,
KV000349,rj_start1,,4年级上,4,上,,What about ...?,人教版一年级起点四年级上.xlsx,7,
KV000350,renjiao_start3,2024-revision,5年级上,5,上,5,interesting,klose-actual-grade5-6-vocabulary.csv,87,55
KV000350,rj_start1,,4年级上,4,上,,interesting,人教版一年级起点四年级上.xlsx,8,
KV000351,rj_start1,,4年级上,4,上,,often,人教版一年级起点四年级上.xlsx,9,
KV000352,rj_start1,,4年级上,4,上,,be good at,人教版一年级起点四年级上.xlsx,10,
KV000353,renjiao_start3,pre-2024-revision,5年级下,5,下,1,late,klose-actual-grade5-6-vocabulary.csv,138,4
KV000353,rj_start1,,4年级上,4,上,,late,人教版一年级起点四年级上.xlsx,11,
KV000353,rj_start1,klose-current,4年级下,4,下,1,late,rj_start1-grade4-klose-actual.csv,114,4
KV000354,rj_start1,,4年级上,4,上,,visit one's grandparents,人教版一年级起点四年级上.xlsx,16,
KV000355,rj_start1,,4年级上,4,上,,go to a drawing club,人教版一年级起点四年级上.xlsx,17,
KV000356,rj_start1,,4年级上,4,上,,climb a hill,人教版一年级起点四年级上.xlsx,18,
KV000357,rj_start1,,4年级上,4,上,,pick fruit,人教版一年级起点四年级上.xlsx,19,
KV000358,rj_start1,,4年级上,4,上,,play computer games,人教版一年级起点四年级上.xlsx,20,
KV000359,rj_start1,,4年级上,4,上,,go fishing,人教版一年级起点四年级上.xlsx,21,
KV000360,rj_start1,,4年级上,4,上,,go to the cinema,人教版一年级起点四年级上.xlsx,22,
KV000361,rj_start1,,4年级上,4,上,,on the weekend,人教版一年级起点四年级上.xlsx,23,
KV000362,rj_start1,,4年级上,4,上,,fun,人教版一年级起点四年级上.xlsx,24,
KV000362,rj_start1,klose-current,4年级上,4,上,5,fun,rj_start1-grade4-klose-actual.csv,87,57
KV000363,renjiao_start3,pre-2024-revision,5年级下,5,下,1,always,klose-actual-grade5-6-vocabulary.csv,153,9
KV000363,rj_start1,,4年级上,4,上,,always,人教版一年级起点四年级上.xlsx,25,
KV000363,rj_start1,,5年级下,5,下,,always,人教版一年级起点五年级下.xlsx,11,
KV000363,rj_start1,klose-current,4年级上,4,上,2,always,rj_start1-grade4-klose-actual.csv,34,21
KV000364,rj_start1,,4年级上,4,上,,step,人教版一年级起点四年级上.xlsx,26,
KV000365,rj_start1,,4年级上,4,上,,paint,人教版一年级起点四年级上.xlsx,27,
KV000365,rj_start1,,6年级上,6,上,,paint,人教版一年级起点六年级上.xlsx,84,
KV000366,renjiao_start3,2024-revision,5年级上,5,上,3,evening,klose-actual-grade5-6-vocabulary.csv,51,32
KV000366,rj_start1,,4年级上,4,上,,evening,人教版一年级起点四年级上.xlsx,28,
KV000367,renjiao_start3,2024-revision,6年级上,6,上,6,dirty,klose-actual-grade5-6-vocabulary.csv,419,68
KV000367,rj_start1,,4年级上,4,上,,dirty,人教版一年级起点四年级上.xlsx,29,
KV000367,rj_start1,,5年级下,5,下,,dirty,人教版一年级起点五年级下.xlsx,10,
KV000368,rj_start1,,4年级上,4,上,,their,人教版一年级起点四年级上.xlsx,30,
KV000368,rj_start1,klose-current,4年级上,4,上,5,their,rj_start1-grade4-klose-actual.csv,88,57
KV000369,renjiao_start3,2024-revision,5年级上,5,上,4,house,klose-actual-grade5-6-vocabulary.csv,65,43
KV000369,rj_start1,,4年级上,4,上,,house,人教版一年级起点四年级上.xlsx,31,
KV000370,rj_start1,,4年级上,4,上,,poor,人教版一年级起点四年级上.xlsx,32,
KV000371,rj_start1,,4年级上,4,上,,hope,人教版一年级起点四年级上.xlsx,33,
KV000372,rj_start1,,4年级上,4,上,,so,人教版一年级起点四年级上.xlsx,34,
KV000373,rj_start1,,4年级上,4,上,,day,人教版一年级起点四年级上.xlsx,37,
KV000374,renjiao_start3,2024-revision,5年级上,5,上,3,usually,klose-actual-grade5-6-vocabulary.csv,45,31
KV000374,renjiao_start3,pre-2024-revision,5年级下,5,下,1,usually,klose-actual-grade5-6-vocabulary.csv,136,4
KV000374,rj_start1,,4年级上,4,上,,usually,人教版一年级起点四年级上.xlsx,38,
KV000375,rj_start1,,4年级上,4,上,,by bus,人教版一年级起点四年级上.xlsx,39,
KV000376,rj_start1,,4年级上,4,上,,by boat,人教版一年级起点四年级上.xlsx,40,
KV000377,rj_start1,,4年级上,4,上,,by ship,人教版一年级起点四年级上.xlsx,41,
KV000378,rj_start1,,4年级上,4,上,,by car,人教版一年级起点四年级上.xlsx,42,
KV000379,rj_start1,,4年级上,4,上,,by taxi,人教版一年级起点四年级上.xlsx,43,
KV000380,rj_start1,,4年级上,4,上,,by bike,人教版一年级起点四年级上.xlsx,44,
KV000381,rj_start1,,4年级上,4,上,,on foot,人教版一年级起点四年级上.xlsx,45,
KV000382,rj_start1,,4年级上,4,上,,by school bus,人教版一年级起点四年级上.xlsx,46,
KV000383,rj_start1,,4年级上,4,上,,by subway,人教版一年级起点四年级上.xlsx,47,
KV000384,rj_start1,,4年级上,4,上,,by plane,人教版一年级起点四年级上.xlsx,48,
KV000385,rj_start1,,4年级上,4,上,,by train,人教版一年级起点四年级上.xlsx,49,
KV000386,rj_start1,,4年级上,4,上,,garden,人教版一年级起点四年级上.xlsx,50,
KV000386,rj_start1,,6年级上,6,上,,garden,人教版一年级起点六年级上.xlsx,4,
KV000387,rj_start1,,4年级上,4,上,,meeting place,人教版一年级起点四年级上.xlsx,51,
KV000388,rj_start1,,4年级上,4,上,,gate,人教版一年级起点四年级上.xlsx,52,
KV000389,rj_start1,,4年级上,4,上,,transportation,人教版一年级起点四年级上.xlsx,53,
KV000390,rj_start1,,4年级上,4,上,,film,人教版一年级起点四年级上.xlsx,54,
KV000390,rj_start1,klose-current,4年级上,4,上,5,film,rj_start1-grade4-klose-actual.csv,82,55
KV000391,renjiao_start3,2024-revision,6年级上,6,上,5,earth,klose-actual-grade5-6-vocabulary.csv,366,52
KV000391,rj_start1,,4年级上,4,上,,earth,人教版一年级起点四年级上.xlsx,55,
KV000392,renjiao_start3,pre-2024-revision,5年级下,5,下,2,snow,klose-actual-grade5-6-vocabulary.csv,171,14
KV000392,rj_start1,,4年级上,4,上,,snow,人教版一年级起点四年级上.xlsx,56,
KV000392,rj_start1,klose-current,4年级上,4,上,6,snow,rj_start1-grade4-klose-actual.csv,102,67
KV000393,rj_start1,,4年级上,4,上,,theatre,人教版一年级起点四年级上.xlsx,57,
KV000394,rj_start1,,4年级上,4,上,,come,人教版一年级起点四年级上.xlsx,58,
KV000395,renjiao_start3,pre-2024-revision,6年级下,6,下,2,enjoy,klose-actual-grade5-6-vocabulary.csv,464,18
KV000395,rj_start1,,4年级上,4,上,,enjoy,人教版一年级起点四年级上.xlsx,59,
KV000396,rj_start1,,4年级上,4,上,,pen,人教版一年级起点四年级上.xlsx,62,
KV000397,rj_start1,,4年级上,4,上,,knife,人教版一年级起点四年级上.xlsx,63,
KV000397,rj_start1,klose-current,4年级下,4,下,6,knife,rj_start1-grade4-klose-actual.csv,209,67
KV000398,rj_start1,,4年级上,4,上,,eraser,人教版一年级起点四年级上.xlsx,64,
KV000399,rj_start1,,4年级上,4,上,,crayon,人教版一年级起点四年级上.xlsx,65,
KV000400,rj_start1,,4年级上,4,上,,scissors,人教版一年级起点四年级上.xlsx,66,
KV000401,rj_start1,,4年级上,4,上,,glue stick,人教版一年级起点四年级上.xlsx,67,
KV000402,rj_start1,,4年级上,4,上,,paper,人教版一年级起点四年级上.xlsx,68,
KV000403,rj_start1,,4年级上,4,上,,use,人教版一年级起点四年级上.xlsx,69,
KV000404,rj_start1,,4年级上,4,上,,please,人教版一年级起点四年级上.xlsx,70,
KV000404,rj_start1,,5年级上,5,上,,please,人教版一年级起点五年级上.xlsx,46,
KV000405,rj_start1,,4年级上,4,上,,find,人教版一年级起点四年级上.xlsx,71,
KV000405,rj_start1,,6年级上,6,上,,find,人教版一年级起点六年级上.xlsx,69,
KV000406,rj_start1,,4年级上,4,上,,Information Centre,人教版一年级起点四年级上.xlsx,72,
KV000407,rj_start1,,4年级上,4,上,,Excuse me,人教版一年级起点四年级上.xlsx,73,
KV000408,renjiao_start3,2024-revision,5年级上,5,上,4,phone,klose-actual-grade5-6-vocabulary.csv,67,43
KV000408,rj_start1,,4年级上,4,上,,phone,人教版一年级起点四年级上.xlsx,74,
KV000409,rj_start1,,4年级上,4,上,,dad,人教版一年级起点四年级上.xlsx,75,
KV000410,renjiao_start3,2024-revision,5年级上,5,上,5,hamburger,klose-actual-grade5-6-vocabulary.csv,84,53
KV000410,rj_start1,,4年级上,4,上,,hamburger,人教版一年级起点四年级上.xlsx,76,
KV000411,renjiao_start3,pre-2024-revision,5年级下,5,下,1,shop,klose-actual-grade5-6-vocabulary.csv,142,7
KV000411,rj_start1,,4年级上,4,上,,shop,人教版一年级起点四年级上.xlsx,80,
KV000411,rj_start1,klose-current,4年级上,4,上,3,shop,rj_start1-grade4-klose-actual.csv,41,29
KV000412,rj_start1,,4年级上,4,上,,climb on the window ledge,人教版一年级起点四年级上.xlsx,81,
KV000413,renjiao_start3,2024-revision,5年级上,5,上,6,dangerous,klose-actual-grade5-6-vocabulary.csv,106,67
KV000413,rj_start1,,4年级上,4,上,,dangerous,人教版一年级起点四年级上.xlsx,82,
KV000414,rj_start1,,4年级上,4,上,,play with fire,人教版一年级起点四年级上.xlsx,83,
KV000415,rj_start1,,4年级上,4,上,,Be careful!,人教版一年级起点四年级上.xlsx,84,
KV000416,rj_start1,,4年级上,4,上,,run down the stairs,人教版一年级起点四年级上.xlsx,85,
KV000417,rj_start1,,4年级上,4,上,,sidewalk,人教版一年级起点四年级上.xlsx,86,
KV000418,rj_start1,,4年级上,4,上,,wait for,人教版一年级起点四年级上.xlsx,87,
KV000419,rj_start1,,4年级上,4,上,,safe,人教版一年级起点四年级上.xlsx,88,
KV000419,rj_start1,klose-current,4年级下,4,下,2,safe,rj_start1-grade4-klose-actual.csv,142,16
KV000420,rj_start1,,4年级上,4,上,,stop,人教版一年级起点四年级上.xlsx,89,
KV000421,rj_start1,,4年级上,4,上,,street,人教版一年级起点四年级上.xlsx,90,
KV000421,rj_start1,,4年级下,4,下,,street,人教版一年级起点四年级下.xlsx,27,
KV000422,rj_start1,,4年级上,4,上,,safety rule,人教版一年级起点四年级上.xlsx,91,
KV000423,rj_start1,,4年级上,4,上,,nurse,人教版一年级起点四年级上.xlsx,95,
KV000423,rj_start1,klose-current,4年级上,4,上,1,nurse,rj_start1-grade4-klose-actual.csv,6,5
KV000424,rj_start1,,4年级上,4,上,,cook,人教版一年级起点四年级上.xlsx,96,
KV000424,rj_start1,klose-current,4年级上,4,上,4,cook,rj_start1-grade4-klose-actual.csv,57,41
KV000425,rj_start1,,4年级上,4,上,,doctor,人教版一年级起点四年级上.xlsx,97,
KV000425,rj_start1,klose-current,4年级上,4,上,1,doctor,rj_start1-grade4-klose-actual.csv,4,4
KV000426,rj_start1,,4年级上,4,上,,bus driver,人教版一年级起点四年级上.xlsx,98,
KV000427,rj_start1,,4年级上,4,上,,police officer,人教版一年级起点四年级上.xlsx,99,
KV000427,rj_start1,klose-current,4年级上,4,上,4,police officer,rj_start1-grade4-klose-actual.csv,59,41
KV000428,rj_start1,,4年级上,4,上,,taxi driver,人教版一年级起点四年级上.xlsx,100,
KV000429,rj_start1,,4年级上,4,上,,farmer,人教版一年级起点四年级上.xlsx,101,
KV000429,rj_start1,klose-current,4年级上,4,上,1,farmer,rj_start1-grade4-klose-actual.csv,5,5
KV000430,rj_start1,,4年级上,4,上,,worker,人教版一年级起点四年级上.xlsx,102,
KV000431,rj_start1,,4年级上,4,上,,in the future,人教版一年级起点四年级上.xlsx,103,
KV000432,rj_start1,,4年级上,4,上,,great,人教版一年级起点四年级上.xlsx,104,
KV000432,rj_start1,,5年级上,5,上,,great,人教版一年级起点五年级上.xlsx,50,
KV000433,rj_start1,,4年级上,4,上,,job,人教版一年级起点四年级上.xlsx,105,
KV000433,rj_start1,klose-current,4年级上,4,上,1,job,rj_start1-grade4-klose-actual.csv,3,4
KV000434,rj_start1,,4年级上,4,上,,sick,人教版一年级起点四年级上.xlsx,106,
KV000435,rj_start1,,4年级上,4,上,,people,人教版一年级起点四年级上.xlsx,107,
KV000435,rj_start1,klose-current,4年级上,4,上,1,people,rj_start1-grade4-klose-actual.csv,19,9
KV000436,renjiao_start3,pre-2024-revision,5年级下,5,下,6,teach,klose-actual-grade5-6-vocabulary.csv,273,63
KV000436,rj_start1,,4年级上,4,上,,teach,人教版一年级起点四年级上.xlsx,108,
KV000436,rj_start1,,5年级上,5,上,,teach,人教版一年级起点五年级上.xlsx,25,
KV000437,rj_start1,,4年级上,4,上,,just,人教版一年级起点四年级上.xlsx,109,
KV000437,rj_start1,klose-current,4年级下,4,下,3,just,rj_start1-grade4-klose-actual.csv,169,33
KV000438,rj_start1,,4年级上,4,上,,myself,人教版一年级起点四年级上.xlsx,110,
KV000439,renjiao_start3,pre-2024-revision,5年级下,5,下,1,sound,klose-actual-grade5-6-vocabulary.csv,145,7
KV000439,rj_start1,,4年级上,4,上,,sound,人教版一年级起点四年级上.xlsx,111,
KV000440,rj_start1,,4年级下,4,下,,across from,人教版一年级起点四年级下.xlsx,2,
KV000441,rj_start1,,4年级下,4,下,,next to,人教版一年级起点四年级下.xlsx,3,
KV000442,rj_start1,,4年级下,4,下,,between,人教版一年级起点四年级下.xlsx,4,
KV000443,renjiao_start3,2024-revision,6年级上,6,上,1,restaurant,klose-actual-grade5-6-vocabulary.csv,294,8
KV000443,rj_start1,,4年级下,4,下,,restaurant,人教版一年级起点四年级下.xlsx,5,
KV000444,rj_start1,,4年级下,4,下,,post office,人教版一年级起点四年级下.xlsx,6,
KV000445,rj_start1,,4年级下,4,下,,bank,人教版一年级起点四年级下.xlsx,7,
KV000446,rj_start1,,4年级下,4,下,,grocery,人教版一年级起点四年级下.xlsx,8,
KV000447,rj_start1,,4年级下,4,下,,turn left,人教版一年级起点四年级下.xlsx,9,
KV000448,rj_start1,,4年级下,4,下,,turn right,人教版一年级起点四年级下.xlsx,10,
KV000449,rj_start1,,4年级下,4,下,,go straight,人教版一年级起点四年级下.xlsx,11,
KV000450,rj_start1,,4年级下,4,下,,crossroads,人教版一年级起点四年级下.xlsx,12,
KV000451,rj_start1,,4年级下,4,下,,neighbourhood,人教版一年级起点四年级下.xlsx,13,
KV000452,renjiao_start3,2024-revision,6年级上,6,上,1,send,klose-actual-grade5-6-vocabulary.csv,281,4
KV000452,rj_start1,,4年级下,4,下,,send,人教版一年级起点四年级下.xlsx,14,
KV000453,rj_start1,,4年级下,4,下,,get,人教版一年级起点四年级下.xlsx,15,
KV000454,renjiao_start3,2024-revision,6年级上,6,上,4,money,klose-actual-grade5-6-vocabulary.csv,348,40
KV000454,rj_start1,,4年级下,4,下,,money,人教版一年级起点四年级下.xlsx,16,
KV000455,rj_start1,,4年级下,4,下,,get to,人教版一年级起点四年级下.xlsx,17,
KV000456,renjiao_start3,2024-revision,5年级上,5,上,6,before,klose-actual-grade5-6-vocabulary.csv,118,69
KV000456,renjiao_start3,pre-2024-revision,6年级下,6,下,2,before,klose-actual-grade5-6-vocabulary.csv,453,17
KV000456,rj_start1,,4年级下,4,下,,before,人教版一年级起点四年级下.xlsx,18,
KV000456,rj_start1,,5年级下,5,下,,before,人教版一年级起点五年级下.xlsx,9,
KV000457,rj_start1,,4年级下,4,下,,leave,人教版一年级起点四年级下.xlsx,19,
KV000458,rj_start1,,4年级下,4,下,,toy,人教版一年级起点四年级下.xlsx,20,
KV000459,rj_start1,,4年级下,4,下,,city,人教版一年级起点四年级下.xlsx,26,
KV000460,rj_start1,,4年级下,4,下,,sports centre,人教版一年级起点四年级下.xlsx,28,
KV000461,renjiao_start3,2024-revision,5年级上,5,上,6,hotel,klose-actual-grade5-6-vocabulary.csv,108,67
KV000461,renjiao_start3,pre-2024-revision,6年级下,6,下,2,hotel,klose-actual-grade5-6-vocabulary.csv,459,18
KV000461,rj_start1,,4年级下,4,下,,hotel,人教版一年级起点四年级下.xlsx,29,
KV000462,rj_start1,,4年级下,4,下,,square,人教版一年级起点四年级下.xlsx,30,
KV000463,rj_start1,,4年级下,4,下,,buy toys,人教版一年级起点四年级下.xlsx,31,
KV000464,rj_start1,,4年级下,4,下,,see a film,人教版一年级起点四年级下.xlsx,32,
KV000465,rj_start1,,4年级下,4,下,,go boating,人教版一年级起点四年级下.xlsx,33,
KV000466,renjiao_start3,pre-2024-revision,5年级下,5,下,1,busy,klose-actual-grade5-6-vocabulary.csv,147,7
KV000466,rj_start1,,4年级下,4,下,,busy,人教版一年级起点四年级下.xlsx,34,
KV000466,rj_start1,klose-current,4年级上,4,上,1,busy,rj_start1-grade4-klose-actual.csv,9,7
KV000467,rj_start1,,4年级下,4,下,,station,人教版一年级起点四年级下.xlsx,35,
KV000468,rj_start1,,4年级下,4,下,,place,人教版一年级起点四年级下.xlsx,36,
KV000468,rj_start1,klose-current,4年级上,4,上,3,place,rj_start1-grade4-klose-actual.csv,49,33
KV000469,renjiao_start3,pre-2024-revision,5年级下,5,下,3,thing,klose-actual-grade5-6-vocabulary.csv,195,24
KV000469,rj_start1,,4年级下,4,下,,thing,人教版一年级起点四年级下.xlsx,37,
KV000470,renjiao_start3,pre-2024-revision,6年级下,6,下,2,stay,klose-actual-grade5-6-vocabulary.csv,465,18
KV000470,rj_start1,,4年级下,4,下,,stay,人教版一年级起点四年级下.xlsx,38,
KV000471,renjiao_start3,2024-revision,6年级上,6,上,5,star,klose-actual-grade5-6-vocabulary.csv,371,52
KV000471,renjiao_start3,pre-2024-revision,6年级下,6,下,4,star,klose-actual-grade5-6-vocabulary.csv,497,34
KV000471,rj_start1,,4年级下,4,下,,star,人教版一年级起点四年级下.xlsx,39,
KV000472,rj_start1,,4年级下,4,下,,king,人教版一年级起点四年级下.xlsx,40,
KV000473,rj_start1,,4年级下,4,下,,central,人教版一年级起点四年级下.xlsx,41,
KV000474,rj_start1,,4年级下,4,下,,take photos,人教版一年级起点四年级下.xlsx,42,
KV000474,rj_start1,,4年级下,4,下,,take photos,人教版一年级起点四年级下.xlsx,52,
KV000475,rj_start1,,4年级下,4,下,,museum,人教版一年级起点四年级下.xlsx,43,
KV000476,rj_start1,,4年级下,4,下,,dream,人教版一年级起点四年级下.xlsx,44,
KV000477,rj_start1,,4年级下,4,下,,sea,人教版一年级起点四年级下.xlsx,45,
KV000478,rj_start1,,4年级下,4,下,,ski,人教版一年级起点四年级下.xlsx,46,
KV000479,rj_start1,,4年级下,4,下,,eat seafood,人教版一年级起点四年级下.xlsx,47,
KV000480,rj_start1,,4年级下,4,下,,visit the Mogao Caves,人教版一年级起点四年级下.xlsx,48,
KV000481,rj_start1,,4年级下,4,下,,West Lake,人教版一年级起点四年级下.xlsx,49,
KV000482,rj_start1,,4年级下,4,下,,row a boat,人教版一年级起点四年级下.xlsx,50,
KV000483,renjiao_start3,pre-2024-revision,5年级下,5,下,3,the Great Wall,klose-actual-grade5-6-vocabulary.csv,204,27
KV000483,rj_start1,,4年级下,4,下,,the Great Wall,人教版一年级起点四年级下.xlsx,51,
KV000484,rj_start1,,4年级下,4,下,,summer vacation,人教版一年级起点四年级下.xlsx,53,
KV000485,rj_start1,,4年级下,4,下,,travel,人教版一年级起点四年级下.xlsx,54,
KV000486,rj_start1,,4年级下,4,下,,reading,人教版一年级起点四年级下.xlsx,55,
KV000487,rj_start1,,4年级下,4,下,,skateboarding,人教版一年级起点四年级下.xlsx,56,
KV000488,rj_start1,,4年级下,4,下,,singing,人教版一年级起点四年级下.xlsx,57,
KV000489,renjiao_start3,pre-2024-revision,5年级下,5,下,1,dancing,klose-actual-grade5-6-vocabulary.csv,131,8
KV000489,rj_start1,,4年级下,4,下,,dancing,人教版一年级起点四年级下.xlsx,58,
KV000490,rj_start1,,4年级下,4,下,,doing jigsaw puzzles,人教版一年级起点四年级下.xlsx,59,
KV000491,rj_start1,,4年级下,4,下,,making models,人教版一年级起点四年级下.xlsx,60,
KV000492,rj_start1,,4年级下,4,下,,collecting erasers,人教版一年级起点四年级下.xlsx,61,
KV000493,renjiao_start3,2024-revision,5年级上,5,上,5,different,klose-actual-grade5-6-vocabulary.csv,96,57
KV000493,renjiao_start3,pre-2024-revision,6年级下,6,下,4,different,klose-actual-grade5-6-vocabulary.csv,501,36
KV000493,rj_start1,,4年级下,4,下,,different,人教版一年级起点四年级下.xlsx,62,
KV000494,rj_start1,,4年级下,4,下,,hobby,人教版一年级起点四年级下.xlsx,63,
KV000495,rj_start1,,4年级下,4,下,,stamp,人教版一年级起点四年级下.xlsx,64,
KV000496,rj_start1,,4年级下,4,下,,catch,人教版一年级起点四年级下.xlsx,65,
KV000497,rj_start1,,4年级下,4,下,,go for a picnic,人教版一年级起点四年级下.xlsx,66,
KV000498,rj_start1,,4年级下,4,下,,play the violin,人教版一年级起点四年级下.xlsx,67,
KV000499,rj_start1,,4年级下,4,下,,go skating,人教版一年级起点四年级下.xlsx,68,
KV000500,rj_start1,,4年级下,4,下,,go camping,人教版一年级起点四年级下.xlsx,69,
KV000501,rj_start1,,4年级下,4,下,,do the housework,人教版一年级起点四年级下.xlsx,70,
KV000502,renjiao_start3,2024-revision,5年级上,5,上,4,free,klose-actual-grade5-6-vocabulary.csv,77,45
KV000502,rj_start1,,4年级下,4,下,,free,人教版一年级起点四年级下.xlsx,71,
KV000503,rj_start1,,4年级下,4,下,,never,人教版一年级起点四年级下.xlsx,72,
KV000504,rj_start1,,4年级下,4,下,,once a week,人教版一年级起点四年级下.xlsx,73,
KV000505,rj_start1,,4年级下,4,下,,twice a week,人教版一年级起点四年级下.xlsx,74,
KV000506,rj_start1,,4年级下,4,下,,three times a week,人教版一年级起点四年级下.xlsx,75,
KV000507,rj_start1,,4年级下,4,下,,Canada,人教版一年级起点四年级下.xlsx,76,
KV000508,renjiao_start3,2024-revision,5年级上,5,上,1,Australia,klose-actual-grade5-6-vocabulary.csv,19,4
KV000508,rj_start1,,4年级下,4,下,,Australia,人教版一年级起点四年级下.xlsx,77,
KV000509,rj_start1,,4年级下,4,下,,the UK,人教版一年级起点四年级下.xlsx,78,
KV000510,rj_start1,,4年级下,4,下,,the USA,人教版一年级起点四年级下.xlsx,79,
KV000511,rj_start1,,4年级下,4,下,,China,人教版一年级起点四年级下.xlsx,80,
KV000512,rj_start1,,4年级下,4,下,,koala,人教版一年级起点四年级下.xlsx,81,
KV000513,rj_start1,,4年级下,4,下,,maple leaves,人教版一年级起点四年级下.xlsx,82,
KV000514,rj_start1,,4年级下,4,下,,Big Ben,人教版一年级起点四年级下.xlsx,83,
KV000515,rj_start1,,4年级下,4,下,,Disneyland,人教版一年级起点四年级下.xlsx,84,
KV000516,rj_start1,,4年级下,4,下,,campfire,人教版一年级起点四年级下.xlsx,85,
KV000517,rj_start1,,4年级下,4,下,,cute,人教版一年级起点四年级下.xlsx,86,
KV000517,rj_start1,,5年级上,5,上,,cute,人教版一年级起点五年级上.xlsx,6,
KV000518,rj_start1,,4年级下,4,下,,country,人教版一年级起点四年级下.xlsx,87,
KV000519,renjiao_start3,2024-revision,5年级上,5,上,1,clever,klose-actual-grade5-6-vocabulary.csv,6,5
KV000519,rj_start1,,5年级上,5,上,,clever,人教版一年级起点五年级上.xlsx,2,
KV000520,rj_start1,,5年级上,5,上,,careless,人教版一年级起点五年级上.xlsx,3,
KV000521,rj_start1,,5年级上,5,上,,polite,人教版一年级起点五年级上.xlsx,4,
KV000522,rj_start1,,5年级上,5,上,,quiet,人教版一年级起点五年级上.xlsx,5,
KV000522,rj_start1,klose-current,4年级上,4,上,2,quiet,rj_start1-grade4-klose-actual.csv,26,17
KV000523,rj_start1,,5年级上,5,上,,friendly,人教版一年级起点五年级上.xlsx,7,
KV000524,rj_start1,,5年级上,5,上,,helpful,人教版一年级起点五年级上.xlsx,8,
KV000524,rj_start1,klose-current,4年级下,4,下,2,helpful,rj_start1-grade4-klose-actual.csv,145,17
KV000525,renjiao_start3,pre-2024-revision,6年级下,6,下,4,active,klose-actual-grade5-6-vocabulary.csv,502,36
KV000525,rj_start1,,5年级上,5,上,,active,人教版一年级起点五年级上.xlsx,9,
KV000526,rj_start1,,5年级上,5,上,,popular,人教版一年级起点五年级上.xlsx,10,
KV000527,rj_start1,,5年级上,5,上,,talk,人教版一年级起点五年级上.xlsx,11,
KV000528,renjiao_start3,pre-2024-revision,5年级下,5,下,2,all,klose-actual-grade5-6-vocabulary.csv,175,19
KV000528,rj_start1,,5年级上,5,上,,all,人教版一年级起点五年级上.xlsx,13,
KV000529,rj_start1,,5年级上,5,上,,but,人教版一年级起点五年级上.xlsx,14,
KV000530,renjiao_start3,2024-revision,5年级上,5,上,3,sometimes,klose-actual-grade5-6-vocabulary.csv,47,31
KV000530,rj_start1,,5年级上,5,上,,sometimes,人教版一年级起点五年级上.xlsx,15,
KV000531,rj_start1,,5年级上,5,上,,bark,人教版一年级起点五年级上.xlsx,16,
KV000532,rj_start1,,5年级上,5,上,,forget,人教版一年级起点五年级上.xlsx,17,
KV000533,rj_start1,,5年级上,5,上,,with,人教版一年级起点五年级上.xlsx,18,
KV000534,rj_start1,,5年级上,5,上,,wear glasses,人教版一年级起点五年级上.xlsx,19,
KV000535,rj_start1,,5年级上,5,上,,slim,人教版一年级起点五年级上.xlsx,20,
KV000536,rj_start1,,5年级上,5,上,,curly,人教版一年级起点五年级上.xlsx,21,
KV000537,rj_start1,,5年级上,5,上,,straight,人教版一年级起点五年级上.xlsx,22,
KV000538,rj_start1,,5年级上,5,上,,nice,人教版一年级起点五年级上.xlsx,23,
KV000539,renjiao_start3,2024-revision,5年级上,5,上,1,young,klose-actual-grade5-6-vocabulary.csv,7,5
KV000539,rj_start1,,5年级上,5,上,,young,人教版一年级起点五年级上.xlsx,24,
KV000540,rj_start1,,5年级上,5,上,,guess,人教版一年级起点五年级上.xlsx,26,
KV000541,rj_start1,,5年级上,5,上,,has,人教版一年级起点五年级上.xlsx,27,
KV000542,rj_start1,,5年级上,5,上,,animal,人教版一年级起点五年级上.xlsx,28,
KV000543,rj_start1,,5年级上,5,上,,elephant,人教版一年级起点五年级上.xlsx,29,
KV000544,rj_start1,,5年级上,5,上,,panda,人教版一年级起点五年级上.xlsx,30,
KV000545,rj_start1,,5年级上,5,上,,horse,人教版一年级起点五年级上.xlsx,31,
KV000545,rj_start1,klose-current,4年级下,4,下,5,horse,rj_start1-grade4-klose-actual.csv,193,52
KV000546,rj_start1,,5年级上,5,上,,cow,人教版一年级起点五年级上.xlsx,32,
KV000546,rj_start1,klose-current,4年级下,4,下,5,cow,rj_start1-grade4-klose-actual.csv,192,52
KV000547,rj_start1,,5年级上,5,上,,pig,人教版一年级起点五年级上.xlsx,33,
KV000547,rj_start1,klose-current,4年级下,4,下,5,pig,rj_start1-grade4-klose-actual.csv,195,52
KV000548,rj_start1,,5年级上,5,上,,sheep,人教版一年级起点五年级上.xlsx,34,
KV000548,rj_start1,klose-current,4年级下,4,下,5,sheep,rj_start1-grade4-klose-actual.csv,194,52
KV000549,rj_start1,,5年级上,5,上,,bee,人教版一年级起点五年级上.xlsx,35,
KV000549,rj_start1,klose-current,4年级下,4,下,5,bee,rj_start1-grade4-klose-actual.csv,198,55
KV000550,rj_start1,,5年级上,5,上,,farm,人教版一年级起点五年级上.xlsx,36,
KV000551,rj_start1,,5年级上,5,上,,fast,人教版一年级起点五年级上.xlsx,37,
KV000552,renjiao_start3,pre-2024-revision,5年级下,5,下,1,why,klose-actual-grade5-6-vocabulary.csv,141,7
KV000552,rj_start1,,5年级上,5,上,,why,人教版一年级起点五年级上.xlsx,38,
KV000552,rj_start1,klose-current,4年级上,4,上,4,why,rj_start1-grade4-klose-actual.csv,54,40
KV000553,renjiao_start3,2024-revision,5年级上,5,上,1,lovely,klose-actual-grade5-6-vocabulary.csv,5,5
KV000553,renjiao_start3,pre-2024-revision,5年级下,5,下,2,lovely,klose-actual-grade5-6-vocabulary.csv,177,19
KV000553,rj_start1,,5年级上,5,上,,lovely,人教版一年级起点五年级上.xlsx,39,
KV000554,rj_start1,,5年级上,5,上,,butterfly,人教版一年级起点五年级上.xlsx,40,
KV000555,rj_start1,,5年级上,5,上,,exercise book,人教版一年级起点五年级上.xlsx,41,
KV000556,rj_start1,,5年级上,5,上,,pencil sharpener,人教版一年级起点五年级上.xlsx,42,
KV000557,rj_start1,,5年级上,5,上,,a pair of scissors,人教版一年级起点五年级上.xlsx,43,
KV000558,rj_start1,,5年级上,5,上,,pencil box,人教版一年级起点五年级上.xlsx,44,
KV000559,rj_start1,,5年级上,5,上,,a box of crayons,人教版一年级起点五年级上.xlsx,45,
KV000560,rj_start1,,5年级上,5,上,,only,人教版一年级起点五年级上.xlsx,47,
KV000561,renjiao_start3,pre-2024-revision,5年级下,5,下,1,also,klose-actual-grade5-6-vocabulary.csv,146,7
KV000561,rj_start1,,5年级上,5,上,,also,人教版一年级起点五年级上.xlsx,48,
KV000561,rj_start1,klose-current,4年级上,4,上,2,also,rj_start1-grade4-klose-actual.csv,24,16
KV000562,rj_start1,,5年级上,5,上,,saleswoman,人教版一年级起点五年级上.xlsx,49,
KV000563,rj_start1,,5年级上,5,上,,love,人教版一年级起点五年级上.xlsx,51,
KV000564,rj_start1,,5年级上,5,上,,how much,人教版一年级起点五年级上.xlsx,52,
KV000565,rj_start1,,5年级上,5,上,,a lot,人教版一年级起点五年级上.xlsx,53,
KV000566,renjiao_start3,2024-revision,5年级上,5,上,1,wonderful,klose-actual-grade5-6-vocabulary.csv,18,9
KV000566,rj_start1,,5年级上,5,上,,wonderful,人教版一年级起点五年级上.xlsx,54,
KV000567,rj_start1,,5年级上,5,上,,fantastic,人教版一年级起点五年级上.xlsx,56,
KV000568,rj_start1,,5年级上,5,上,,cartoons,人教版一年级起点五年级上.xlsx,57,
KV000569,rj_start1,,5年级上,5,上,,news shows,人教版一年级起点五年级上.xlsx,58,
KV000570,rj_start1,,5年级上,5,上,,nature shows,人教版一年级起点五年级上.xlsx,59,
KV000571,rj_start1,,5年级上,5,上,,chore,人教版一年级起点五年级上.xlsx,60,
KV000571,rj_start1,klose-current,4年级上,4,上,1,chore,rj_start1-grade4-klose-actual.csv,11,7
KV000572,rj_start1,,5年级上,5,上,,clean the room,人教版一年级起点五年级上.xlsx,61,
KV000573,rj_start1,,5年级上,5,上,,make the bed,人教版一年级起点五年级上.xlsx,62,
KV000573,rj_start1,klose-current,4年级上,4,上,4,make the bed,rj_start1-grade4-klose-actual.csv,62,43
KV000574,rj_start1,,5年级上,5,上,,take out the rubbish,人教版一年级起点五年级上.xlsx,63,
KV000575,rj_start1,,5年级上,5,上,,wash clothes,人教版一年级起点五年级上.xlsx,64,
KV000576,rj_start1,,5年级上,5,上,,tidy the desk,人教版一年级起点五年级上.xlsx,65,
KV000577,rj_start1,,5年级上,5,上,,sweep the floor,人教版一年级起点五年级上.xlsx,66,
KV000578,renjiao_start3,2024-revision,6年级上,6,上,3,call,klose-actual-grade5-6-vocabulary.csv,340,32
KV000578,rj_start1,,5年级上,5,上,,call,人教版一年级起点五年级上.xlsx,67,
KV000579,rj_start1,,5年级下,5,下,,too much,人教版一年级起点五年级下.xlsx,2,
KV000580,rj_start1,,5年级下,5,下,,candy,人教版一年级起点五年级下.xlsx,3,
KV000581,rj_start1,,5年级下,5,下,,early,人教版一年级起点五年级下.xlsx,5,
KV000582,renjiao_start3,2024-revision,5年级上,5,上,4,exercise,klose-actual-grade5-6-vocabulary.csv,61,40
KV000582,renjiao_start3,pre-2024-revision,5年级下,5,下,1,exercise,klose-actual-grade5-6-vocabulary.csv,124,5
KV000582,rj_start1,,5年级下,5,下,,exercise,人教版一年级起点五年级下.xlsx,6,
KV000583,rj_start1,,5年级下,5,下,,tired,人教版一年级起点五年级下.xlsx,7,
KV000583,rj_start1,klose-current,4年级上,4,上,1,tired,rj_start1-grade4-klose-actual.csv,10,7
KV000584,renjiao_start3,2024-revision,6年级上,6,上,4,drink,klose-actual-grade5-6-vocabulary.csv,352,41
KV000584,rj_start1,,5年级下,5,下,,drink,人教版一年级起点五年级下.xlsx,8,
KV000585,rj_start1,,5年级下,5,下,,stomachache,人教版一年级起点五年级下.xlsx,12,
KV000586,rj_start1,,5年级下,5,下,,headache,人教版一年级起点五年级下.xlsx,13,
KV000587,rj_start1,,5年级下,5,下,,toothache,人教版一年级起点五年级下.xlsx,14,
KV000588,rj_start1,,5年级下,5,下,,a lot of,人教版一年级起点五年级下.xlsx,15,
KV000588,rj_start1,klose-current,4年级上,4,上,4,a lot of,rj_start1-grade4-klose-actual.csv,60,41
KV000589,rj_start1,,5年级下,5,下,,sleepy,人教版一年级起点五年级下.xlsx,16,
KV000590,renjiao_start3,2024-revision,5年级上,5,上,3,subject,klose-actual-grade5-6-vocabulary.csv,38,28
KV000590,rj_start1,,5年级下,5,下,,subject,人教版一年级起点五年级下.xlsx,17,
KV000591,rj_start1,,5年级下,5,下,,mark,人教版一年级起点五年级下.xlsx,18,
KV000592,rj_start1,,5年级下,5,下,,advice,人教版一年级起点五年级下.xlsx,19,
KV000593,rj_start1,,5年级下,5,下,,more,人教版一年级起点五年级下.xlsx,20,
KV000594,rj_start1,,5年级下,5,下,,New Year's Day,人教版一年级起点五年级下.xlsx,21,
KV000595,rj_start1,,5年级下,5,下,,Tree Planting Day,人教版一年级起点五年级下.xlsx,22,
KV000596,rj_start1,,5年级下,5,下,,Mother's Day,人教版一年级起点五年级下.xlsx,23,
KV000597,rj_start1,,5年级下,5,下,,Children's Day,人教版一年级起点五年级下.xlsx,24,
KV000598,rj_start1,,5年级下,5,下,,Father's Day,人教版一年级起点五年级下.xlsx,25,
KV000599,rj_start1,,5年级下,5,下,,Teachers' Day,人教版一年级起点五年级下.xlsx,26,
KV000600,renjiao_start3,pre-2024-revision,5年级下,5,下,3,National Day,klose-actual-grade5-6-vocabulary.csv,206,28
KV000600,rj_start1,,5年级下,5,下,,National Day,人教版一年级起点五年级下.xlsx,27,
KV000601,rj_start1,,5年级下,5,下,,Christmas Day,人教版一年级起点五年级下.xlsx,28,
KV000602,renjiao_start3,pre-2024-revision,5年级下,5,下,4,fifth (5th),klose-actual-grade5-6-vocabulary.csv,220,39
KV000602,rj_start1,,5年级下,5,下,,fifth,人教版一年级起点五年级下.xlsx,30,
KV000603,rj_start1,,5年级下,5,下,,5th,人教版一年级起点五年级下.xlsx,31,
KV000604,rj_start1,,5年级下,5,下,,tenth,人教版一年级起点五年级下.xlsx,32,
KV000605,rj_start1,,5年级下,5,下,,10th,人教版一年级起点五年级下.xlsx,33,
KV000606,renjiao_start3,pre-2024-revision,5年级下,5,下,4,twelfth (12th),klose-actual-grade5-6-vocabulary.csv,221,42
KV000606,rj_start1,,5年级下,5,下,,twelfth,人教版一年级起点五年级下.xlsx,34,
KV000607,rj_start1,,5年级下,5,下,,12th,人教版一年级起点五年级下.xlsx,35,
KV000608,rj_start1,,5年级下,5,下,,twenty-fifth,人教版一年级起点五年级下.xlsx,36,
KV000609,rj_start1,,5年级下,5,下,,25th,人教版一年级起点五年级下.xlsx,37,
KV000610,renjiao_start3,pre-2024-revision,5年级下,5,下,3,plant,klose-actual-grade5-6-vocabulary.csv,200,25
KV000610,rj_start1,,5年级下,5,下,,plant,人教版一年级起点五年级下.xlsx,38,
KV000611,rj_start1,,5年级下,5,下,,make a poster,人教版一年级起点五年级下.xlsx,39,
KV000612,rj_start1,,5年级下,5,下,,celebrate,人教版一年级起点五年级下.xlsx,40,
KV000613,rj_start1,,5年级下,5,下,,have a picnic,人教版一年级起点五年级下.xlsx,41,
KV000614,rj_start1,,5年级下,5,下,,office,人教版一年级起点五年级下.xlsx,42,
KV000615,rj_start1,,5年级下,5,下,,together,人教版一年级起点五年级下.xlsx,43,
KV000615,rj_start1,,6年级下,6,下,,together,人教版一年级起点六年级下.xlsx,26,
KV000615,rj_start1,klose-current,4年级上,4,上,1,together,rj_start1-grade4-klose-actual.csv,18,8
KV000616,renjiao_start3,pre-2024-revision,5年级下,5,下,4,special,klose-actual-grade5-6-vocabulary.csv,227,38
KV000616,rj_start1,,5年级下,5,下,,special,人教版一年级起点五年级下.xlsx,44,
KV000616,rj_start1,,6年级下,6,下,,special,人教版一年级起点六年级下.xlsx,27,
KV000617,rj_start1,,5年级下,5,下,,send an email,人教版一年级起点五年级下.xlsx,45,
KV000618,rj_start1,,5年级下,5,下,,write a letter,人教版一年级起点五年级下.xlsx,46,
KV000619,rj_start1,,5年级下,5,下,,make a phone call,人教版一年级起点五年级下.xlsx,47,
KV000620,rj_start1,,5年级下,5,下,,send a short message,人教版一年级起点五年级下.xlsx,48,
KV000621,rj_start1,,5年级下,5,下,,mail a present,人教版一年级起点五年级下.xlsx,49,
KV000622,rj_start1,,5年级下,5,下,,make a video call,人教版一年级起点五年级下.xlsx,50,
KV000623,renjiao_start3,pre-2024-revision,5年级下,5,下,6,say,klose-actual-grade5-6-vocabulary.csv,270,63
KV000623,rj_start1,,5年级下,5,下,,say,人教版一年级起点五年级下.xlsx,51,
KV000624,rj_start1,,5年级下,5,下,,make a card,人教版一年级起点五年级下.xlsx,52,
KV000625,rj_start1,,5年级下,5,下,,everywhere,人教版一年级起点五年级下.xlsx,53,
KV000626,rj_start1,,5年级下,5,下,,flower show,人教版一年级起点五年级下.xlsx,54,
KV000627,rj_start1,,5年级下,5,下,,cleaned the window,人教版一年级起点五年级下.xlsx,55,
KV000628,rj_start1,,5年级下,5,下,,watched TV,人教版一年级起点五年级下.xlsx,56,
KV000629,rj_start1,,5年级下,5,下,,climbed a hill,人教版一年级起点五年级下.xlsx,57,
KV000630,rj_start1,,5年级下,5,下,,visited grandparents,人教版一年级起点五年级下.xlsx,58,
KV000631,rj_start1,,5年级下,5,下,,danced,人教版一年级起点五年级下.xlsx,59,
KV000632,rj_start1,,5年级下,5,下,,jumped rope,人教版一年级起点五年级下.xlsx,60,
KV000633,rj_start1,,5年级下,5,下,,listened to music,人教版一年级起点五年级下.xlsx,61,
KV000634,rj_start1,,5年级下,5,下,,rowed a boat,人教版一年级起点五年级下.xlsx,62,
KV000635,rj_start1,,5年级下,5,下,,played computer games,人教版一年级起点五年级下.xlsx,63,
KV000636,rj_start1,,5年级下,5,下,,stayed at home,人教版一年级起点五年级下.xlsx,64,
KV000637,rj_start1,,5年级下,5,下,,played the piano,人教版一年级起点五年级下.xlsx,65,
KV000638,rj_start1,,5年级下,5,下,,played chess,人教版一年级起点五年级下.xlsx,66,
KV000639,rj_start1,,5年级下,5,下,,washed clothes,人教版一年级起点五年级下.xlsx,67,
KV000640,rj_start1,,5年级下,5,下,,boring,人教版一年级起点五年级下.xlsx,68,
KV000641,renjiao_start3,pre-2024-revision,6年级下,6,下,4,badminton,klose-actual-grade5-6-vocabulary.csv,496,37
KV000641,rj_start1,,5年级下,5,下,,badminton,人教版一年级起点五年级下.xlsx,69,
KV000642,rj_start1,,5年级下,5,下,,won,人教版一年级起点五年级下.xlsx,70,
KV000643,rj_start1,,5年级下,5,下,,went to the beach,人教版一年级起点五年级下.xlsx,71,
KV000644,rj_start1,,5年级下,5,下,,drank cold drinks,人教版一年级起点五年级下.xlsx,72,
KV000645,rj_start1,,5年级下,5,下,,swam,人教版一年级起点五年级下.xlsx,73,
KV000646,rj_start1,,5年级下,5,下,,ate ice-cream,人教版一年级起点五年级下.xlsx,74,
KV000647,rj_start1,,5年级下,5,下,,the Stone Forest,人教版一年级起点五年级下.xlsx,75,
KV000648,rj_start1,,5年级下,5,下,,bought some gifts,人教版一年级起点五年级下.xlsx,76,
KV000649,rj_start1,,5年级下,5,下,,took photos,人教版一年级起点五年级下.xlsx,77,
KV000650,rj_start1,,5年级下,5,下,,saw flowers,人教版一年级起点五年级下.xlsx,78,
KV000651,rj_start1,,5年级下,5,下,,slept,人教版一年级起点五年级下.xlsx,79,
KV000652,rj_start1,,5年级下,5,下,,felt happy,人教版一年级起点五年级下.xlsx,81,
KV000653,renjiao_start3,2024-revision,5年级上,5,上,2,sad,klose-actual-grade5-6-vocabulary.csv,20,16
KV000653,rj_start1,,5年级下,5,下,,sad,人教版一年级起点五年级下.xlsx,82,
KV000653,rj_start1,,6年级上,6,上,,sad,人教版一年级起点六年级上.xlsx,63,
KV000654,rj_start1,,5年级下,5,下,,left,人教版一年级起点五年级下.xlsx,83,
KV000655,rj_start1,,5年级下,5,下,,French fries,人教版一年级起点五年级下.xlsx,84,
KV000656,rj_start1,,5年级下,5,下,,were,人教版一年级起点五年级下.xlsx,85,
KV000657,rj_start1,,5年级下,5,下,,was born,人教版一年级起点五年级下.xlsx,86,
KV000658,rj_start1,,5年级下,5,下,,started to speak,人教版一年级起点五年级下.xlsx,87,
KV000659,rj_start1,,5年级下,5,下,,learned to walk,人教版一年级起点五年级下.xlsx,88,
KV000660,rj_start1,,5年级下,5,下,,learned to ride a bike,人教版一年级起点五年级下.xlsx,89,
KV000661,rj_start1,,5年级下,5,下,,went to kindergarten,人教版一年级起点五年级下.xlsx,90,
KV000662,rj_start1,,5年级下,5,下,,went to school,人教版一年级起点五年级下.xlsx,91,
KV000663,rj_start1,,5年级下,5,下,,learned to swim,人教版一年级起点五年级下.xlsx,92,
KV000664,rj_start1,,5年级下,5,下,,fifteenth,人教版一年级起点五年级下.xlsx,93,
KV000665,rj_start1,,5年级下,5,下,,15th,人教版一年级起点五年级下.xlsx,94,
KV000666,rj_start1,,5年级下,5,下,,started to buy things,人教版一年级起点五年级下.xlsx,95,
KV000667,rj_start1,,5年级下,5,下,,started to study English,人教版一年级起点五年级下.xlsx,96,
KV000668,rj_start1,,5年级下,5,下,,started to use a computer,人教版一年级起点五年级下.xlsx,97,
KV000669,rj_start1,,5年级下,5,下,,all over,人教版一年级起点五年级下.xlsx,98,
KV000670,rj_start1,,5年级下,5,下,,out of,人教版一年级起点五年级下.xlsx,99,
KV000671,renjiao_start3,2024-revision,6年级上,6,上,5,into,klose-actual-grade5-6-vocabulary.csv,382,55
KV000671,rj_start1,,5年级下,5,下,,into,人教版一年级起点五年级下.xlsx,100,
KV000672,rj_start1,,5年级下,5,下,,chopsticks,人教版一年级起点五年级下.xlsx,101,
KV000672,rj_start1,klose-current,4年级下,4,下,6,chopstick,rj_start1-grade4-klose-actual.csv,211,67
KV000673,rj_start1,,5年级下,5,下,,wet,人教版一年级起点五年级下.xlsx,102,
KV000673,rj_start1,klose-current,4年级下,4,下,2,wet,rj_start1-grade4-klose-actual.csv,139,16
KV000674,rj_start1,,6年级上,6,上,,morning tea,人教版一年级起点六年级上.xlsx,2,
KV000675,rj_start1,,6年级上,6,上,,soup,人教版一年级起点六年级上.xlsx,3,
KV000676,rj_start1,,6年级上,6,上,,the Potala Palace,人教版一年级起点六年级上.xlsx,5,
KV000677,rj_start1,,6年级上,6,上,,the Summer Palace,人教版一年级起点六年级上.xlsx,6,
KV000678,rj_start1,,6年级上,6,上,,the Terracotta Army,人教版一年级起点六年级上.xlsx,7,
KV000679,renjiao_start3,pre-2024-revision,5年级下,5,下,2,vacation,klose-actual-grade5-6-vocabulary.csv,174,17
KV000679,rj_start1,,6年级上,6,上,,vacation,人教版一年级起点六年级上.xlsx,8,
KV000680,rj_start1,,6年级上,6,上,,taste,人教版一年级起点六年级上.xlsx,9,
KV000681,rj_start1,,6年级上,6,上,,map,人教版一年级起点六年级上.xlsx,10,
KV000682,rj_start1,,6年级上,6,上,,north,人教版一年级起点六年级上.xlsx,11,
KV000683,rj_start1,,6年级上,6,上,,south,人教版一年级起点六年级上.xlsx,12,
KV000684,rj_start1,,6年级上,6,上,,east,人教版一年级起点六年级上.xlsx,13,
KV000685,rj_start1,,6年级上,6,上,,west,人教版一年级起点六年级上.xlsx,14,
KV000686,renjiao_start3,2024-revision,5年级上,5,上,6,famous,klose-actual-grade5-6-vocabulary.csv,102,64
KV000686,rj_start1,,6年级上,6,上,,famous,人教版一年级起点六年级上.xlsx,15,
KV000687,rj_start1,,6年级上,6,上,,temple,人教版一年级起点六年级上.xlsx,16,
KV000688,rj_start1,,6年级上,6,上,,around,人教版一年级起点六年级上.xlsx,17,
KV000689,rj_start1,,6年级上,6,上,,the Yangtze River,人教版一年级起点六年级上.xlsx,18,
KV000690,rj_start1,,6年级上,6,上,,foggy,人教版一年级起点六年级上.xlsx,19,
KV000691,rj_start1,,6年级上,6,上,,spicy,人教版一年级起点六年级上.xlsx,20,
KV000692,rj_start1,,6年级上,6,上,,silk,人教版一年级起点六年级上.xlsx,21,
KV000693,renjiao_start3,2024-revision,5年级上,5,上,6,forest,klose-actual-grade5-6-vocabulary.csv,101,64
KV000693,rj_start1,,6年级上,6,上,,forest,人教版一年级起点六年级上.xlsx,22,
KV000694,rj_start1,,6年级上,6,上,,stone,人教版一年级起点六年级上.xlsx,23,
KV000695,rj_start1,,6年级上,6,上,,London,人教版一年级起点六年级上.xlsx,24,
KV000696,rj_start1,,6年级上,6,上,,Toronto,人教版一年级起点六年级上.xlsx,25,
KV000697,rj_start1,,6年级上,6,上,,Sydney,人教版一年级起点六年级上.xlsx,26,
KV000697,rj_start1,klose-current,4年级上,4,上,5,Sydney,rj_start1-grade4-klose-actual.csv,90,52
KV000698,rj_start1,,6年级上,6,上,,Washington D.C.,人教版一年级起点六年级上.xlsx,27,
KV000699,rj_start1,,6年级上,6,上,,the British Museum,人教版一年级起点六年级上.xlsx,28,
KV000700,rj_start1,,6年级上,6,上,,the CN Tower,人教版一年级起点六年级上.xlsx,29,
KV000701,rj_start1,,6年级上,6,上,,kangaroo,人教版一年级起点六年级上.xlsx,30,
KV000702,rj_start1,,6年级上,6,上,,the Opera House,人教版一年级起点六年级上.xlsx,31,
KV000703,rj_start1,,6年级上,6,上,,the White House,人教版一年级起点六年级上.xlsx,32,
KV000704,rj_start1,,6年级上,6,上,,clock,人教版一年级起点六年级上.xlsx,33,
KV000704,rj_start1,klose-current,4年级下,4,下,3,clock,rj_start1-grade4-klose-actual.csv,168,33
KV000705,rj_start1,,6年级上,6,上,,speak,人教版一年级起点六年级上.xlsx,34,
KV000706,rj_start1,,6年级上,6,上,,French,人教版一年级起点六年级上.xlsx,35,
KV000706,rj_start1,,6年级上,6,上,,French,人教版一年级起点六年级上.xlsx,81,
KV000707,rj_start1,,6年级上,6,上,,Tower Bridge,人教版一年级起点六年级上.xlsx,36,
KV000708,rj_start1,,6年级上,6,上,,the London Eye,人教版一年级起点六年级上.xlsx,37,
KV000709,rj_start1,,6年级上,6,上,,hiking,人教版一年级起点六年级上.xlsx,38,
KV000710,renjiao_start3,2024-revision,6年级上,6,上,5,sunrise,klose-actual-grade5-6-vocabulary.csv,380,54
KV000710,rj_start1,,6年级上,6,上,,sunrise,人教版一年级起点六年级上.xlsx,39,
KV000711,rj_start1,,6年级上,6,上,,president,人教版一年级起点六年级上.xlsx,40,
KV000712,rj_start1,,6年级上,6,上,,reptile,人教版一年级起点六年级上.xlsx,41,
KV000713,rj_start1,,6年级上,6,上,,mammal,人教版一年级起点六年级上.xlsx,44,
KV000714,rj_start1,,6年级上,6,上,,insect,人教版一年级起点六年级上.xlsx,45,
KV000715,rj_start1,,6年级上,6,上,,penguin,人教版一年级起点六年级上.xlsx,46,
KV000716,rj_start1,,6年级上,6,上,,shark,人教版一年级起点六年级上.xlsx,47,
KV000717,rj_start1,,6年级上,6,上,,whale,人教版一年级起点六年级上.xlsx,48,
KV000718,rj_start1,,6年级上,6,上,,kind,人教版一年级起点六年级上.xlsx,49,
KV000719,renjiao_start3,pre-2024-revision,6年级下,6,下,1,metre,klose-actual-grade5-6-vocabulary.csv,433,4
KV000719,rj_start1,,6年级上,6,上,,metre,人教版一年级起点六年级上.xlsx,50,
KV000720,rj_start1,,6年级上,6,上,,spend,人教版一年级起点六年级上.xlsx,51,
KV000721,rj_start1,,6年级上,6,上,,trunk,人教版一年级起点六年级上.xlsx,52,
KV000722,rj_start1,,6年级上,6,上,,peanut,人教版一年级起点六年级上.xlsx,53,
KV000723,rj_start1,,6年级上,6,上,,fan,人教版一年级起点六年级上.xlsx,54,
KV000723,rj_start1,,6年级上,6,上,,fan,人教版一年级起点六年级上.xlsx,94,
KV000724,rj_start1,,6年级上,6,上,,tusk,人教版一年级起点六年级上.xlsx,55,
KV000725,rj_start1,,6年级上,6,上,,Africa,人教版一年级起点六年级上.xlsx,56,
KV000726,rj_start1,,6年级上,6,上,,Asia,人教版一年级起点六年级上.xlsx,57,
KV000727,rj_start1,,6年级上,6,上,,smart,人教版一年级起点六年级上.xlsx,58,
KV000728,rj_start1,,6年级上,6,上,,scared,人教版一年级起点六年级上.xlsx,59,
KV000729,renjiao_start3,2024-revision,5年级上,5,上,2,worried,klose-actual-grade5-6-vocabulary.csv,26,16
KV000729,rj_start1,,6年级上,6,上,,worried,人教版一年级起点六年级上.xlsx,60,
KV000730,renjiao_start3,2024-revision,5年级上,5,上,2,angry,klose-actual-grade5-6-vocabulary.csv,30,17
KV000730,rj_start1,,6年级上,6,上,,angry,人教版一年级起点六年级上.xlsx,61,
KV000731,rj_start1,,6年级上,6,上,,proud,人教版一年级起点六年级上.xlsx,62,
KV000732,renjiao_start3,2024-revision,5年级上,5,上,2,excited,klose-actual-grade5-6-vocabulary.csv,28,17
KV000732,renjiao_start3,pre-2024-revision,5年级下,5,下,5,excited,klose-actual-grade5-6-vocabulary.csv,251,53
KV000732,rj_start1,,6年级上,6,上,,excited,人教版一年级起点六年级上.xlsx,64,
KV000733,renjiao_start3,2024-revision,6年级上,6,上,3,ill,klose-actual-grade5-6-vocabulary.csv,329,28
KV000733,rj_start1,,6年级上,6,上,,ill,人教版一年级起点六年级上.xlsx,66,
KV000734,renjiao_start3,2024-revision,6年级上,6,上,2,win,klose-actual-grade5-6-vocabulary.csv,324,20
KV000734,renjiao_start3,pre-2024-revision,5年级下,5,下,1,win,klose-actual-grade5-6-vocabulary.csv,156,9
KV000734,rj_start1,,6年级上,6,上,,win,人教版一年级起点六年级上.xlsx,67,
KV000735,renjiao_start3,2024-revision,6年级上,6,上,2,race,klose-actual-grade5-6-vocabulary.csv,309,18
KV000735,renjiao_start3,pre-2024-revision,6年级下,6,下,4,race,klose-actual-grade5-6-vocabulary.csv,503,38
KV000735,rj_start1,,6年级上,6,上,,race,人教版一年级起点六年级上.xlsx,68,
KV000736,renjiao_start3,2024-revision,6年级上,6,上,3,cry,klose-actual-grade5-6-vocabulary.csv,338,32
KV000736,rj_start1,,6年级上,6,上,,cry,人教版一年级起点六年级上.xlsx,70,
KV000737,renjiao_start3,2024-revision,5年级上,5,上,3,because,klose-actual-grade5-6-vocabulary.csv,41,28
KV000737,renjiao_start3,pre-2024-revision,5年级下,5,下,2,because,klose-actual-grade5-6-vocabulary.csv,173,17
KV000737,rj_start1,,6年级上,6,上,,because,人教版一年级起点六年级上.xlsx,71,
KV000738,rj_start1,,6年级上,6,上,,test,人教版一年级起点六年级上.xlsx,72,
KV000739,rj_start1,,6年级上,6,上,,competition,人教版一年级起点六年级上.xlsx,73,
KV000740,rj_start1,,6年级上,6,上,,inventor,人教版一年级起点六年级上.xlsx,75,
KV000741,rj_start1,,6年级上,6,上,,artist,人教版一年级起点六年级上.xlsx,76,
KV000742,rj_start1,,6年级上,6,上,,scientist,人教版一年级起点六年级上.xlsx,77,
KV000743,rj_start1,,6年级上,6,上,,poet,人教版一年级起点六年级上.xlsx,78,
KV000744,renjiao_start3,2024-revision,6年级上,6,上,2,writer,klose-actual-grade5-6-vocabulary.csv,313,19
KV000744,rj_start1,,6年级上,6,上,,writer,人教版一年级起点六年级上.xlsx,79,
KV000745,renjiao_start3,pre-2024-revision,5年级下,5,下,3,American,klose-actual-grade5-6-vocabulary.csv,207,28
KV000745,rj_start1,,6年级上,6,上,,American,人教版一年级起点六年级上.xlsx,80,
KV000746,rj_start1,,6年级上,6,上,,Danish,人教版一年级起点六年级上.xlsx,82,
KV000747,rj_start1,,6年级上,6,上,,poem,人教版一年级起点六年级上.xlsx,83,
KV000748,rj_start1,,6年级上,6,上,,invention,人教版一年级起点六年级上.xlsx,85,
KV000749,rj_start1,,6年级上,6,上,,invent,人教版一年级起点六年级上.xlsx,86,
KV000750,rj_start1,,6年级上,6,上,,story,人教版一年级起点六年级上.xlsx,88,
KV000750,rj_start1,klose-current,4年级上,4,上,3,story,rj_start1-grade4-klose-actual.csv,51,33
KV000751,rj_start1,,6年级上,6,上,,university,人教版一年级起点六年级上.xlsx,89,
KV000752,rj_start1,,6年级上,6,上,,deaf,人教版一年级起点六年级上.xlsx,90,
KV000753,rj_start1,,6年级上,6,上,,blind,人教版一年级起点六年级上.xlsx,91,
KV000754,rj_start1,,6年级上,6,上,,fall,人教版一年级起点六年级上.xlsx,92,
KV000754,rj_start1,klose-current,4年级上,4,上,6,fall,rj_start1-grade4-klose-actual.csv,108,69
KV000755,renjiao_start3,2024-revision,5年级上,5,上,5,dumpling,klose-actual-grade5-6-vocabulary.csv,82,53
KV000755,rj_start1,,6年级上,6,上,,dumpling,人教版一年级起点六年级上.xlsx,93,
KV000756,rj_start1,,6年级上,6,上,,ice lantern,人教版一年级起点六年级上.xlsx,95,
KV000757,renjiao_start3,2024-revision,5年级上,5,上,6,bring,klose-actual-grade5-6-vocabulary.csv,120,69
KV000757,rj_start1,,6年级上,6,上,,bring,人教版一年级起点六年级上.xlsx,96,
KV000758,rj_start1,,6年级上,6,上,,be afraid of,人教版一年级起点六年级上.xlsx,97,
KV000759,rj_start1,,6年级上,6,上,,hear,人教版一年级起点六年级上.xlsx,98,
KV000760,rj_start1,,6年级上,6,上,,pen pal,人教版一年级起点六年级上.xlsx,99,
KV000761,renjiao_start3,pre-2024-revision,6年级下,6,下,2,broken,klose-actual-grade5-6-vocabulary.csv,461,18
KV000761,rj_start1,,6年级上,6,上,,broken,人教版一年级起点六年级上.xlsx,100,
KV000762,rj_start1,,6年级上,6,上,,pity,人教版一年级起点六年级上.xlsx,101,
KV000763,rj_start1,,6年级上,6,上,,prize,人教版一年级起点六年级上.xlsx,102,
KV000764,renjiao_start3,pre-2024-revision,5年级下,5,下,1,live,klose-actual-grade5-6-vocabulary.csv,151,9
KV000764,rj_start1,,6年级下,6,下,,live,人教版一年级起点六年级下.xlsx,2,
KV000765,rj_start1,,6年级下,6,下,,quite,人教版一年级起点六年级下.xlsx,3,
KV000766,rj_start1,,6年级下,6,下,,scarf,人教版一年级起点六年级下.xlsx,4,
KV000767,renjiao_start3,2024-revision,6年级上,6,上,1,airport,klose-actual-grade5-6-vocabulary.csv,295,8
KV000767,rj_start1,,6年级下,6,下,,airport,人教版一年级起点六年级下.xlsx,5,
KV000768,rj_start1,,6年级下,6,下,,pupil,人教版一年级起点六年级下.xlsx,6,
KV000769,rj_start1,,6年级下,6,下,,arrive,人教版一年级起点六年级下.xlsx,7,
KV000770,renjiao_start3,pre-2024-revision,5年级下,5,下,3,meet,klose-actual-grade5-6-vocabulary.csv,196,24
KV000770,rj_start1,,6年级下,6,下,,meet,人教版一年级起点六年级下.xlsx,8,
KV000771,rj_start1,,6年级下,6,下,,wardrobe,人教版一年级起点六年级下.xlsx,9,
KV000772,rj_start1,,6年级下,6,下,,show ... around,人教版一年级起点六年级下.xlsx,10,
KV000773,rj_start1,,6年级下,6,下,,Queen's Park,人教版一年级起点六年级下.xlsx,11,
KV000774,rj_start1,,6年级下,6,下,,art gallery,人教版一年级起点六年级下.xlsx,12,
KV000775,rj_start1,,6年级下,6,下,,public library,人教版一年级起点六年级下.xlsx,13,
KV000776,rj_start1,,6年级下,6,下,,downtown,人教版一年级起点六年级下.xlsx,14,
KV000777,rj_start1,,6年级下,6,下,,Lake Ontario,人教版一年级起点六年级下.xlsx,15,
KV000778,rj_start1,,6年级下,6,下,,stadium,人教版一年级起点六年级下.xlsx,16,
KV000779,rj_start1,,6年级下,6,下,,volunteer,人教版一年级起点六年级下.xlsx,17,
KV000780,rj_start1,,6年级下,6,下,,sandwich,人教版一年级起点六年级下.xlsx,18,
KV000781,rj_start1,,6年级下,6,下,,top,人教版一年级起点六年级下.xlsx,19,
KV000782,renjiao_start3,2024-revision,5年级上,5,上,4,habit,klose-actual-grade5-6-vocabulary.csv,64,41
KV000782,rj_start1,,6年级下,6,下,,habit,人教版一年级起点六年级下.xlsx,20,
KV000783,rj_start1,,6年级下,6,下,,idea,人教版一年级起点六年级下.xlsx,21,
KV000783,rj_start1,klose-current,4年级上,4,上,5,idea,rj_start1-grade4-klose-actual.csv,83,55
KV000784,renjiao_start3,2024-revision,5年级上,5,上,4,less,klose-actual-grade5-6-vocabulary.csv,72,44
KV000784,rj_start1,,6年级下,6,下,,less,人教版一年级起点六年级下.xlsx,22,
KV000785,rj_start1,,6年级下,6,下,,at least,人教版一年级起点六年级下.xlsx,23,
KV000786,rj_start1,,6年级下,6,下,,talk about,人教版一年级起点六年级下.xlsx,24,
KV000787,rj_start1,,6年级下,6,下,,hockey,人教版一年级起点六年级下.xlsx,25,
KV000788,rj_start1,,6年级下,6,下,,beaver,人教版一年级起点六年级下.xlsx,28,
KV000789,rj_start1,,6年级下,6,下,,raccoon,人教版一年级起点六年级下.xlsx,29,
KV000790,rj_start1,,6年级下,6,下,,moose,人教版一年级起点六年级下.xlsx,30,
KV000791,renjiao_start3,pre-2024-revision,6年级下,6,下,1,countryside,klose-actual-grade5-6-vocabulary.csv,437,8
KV000791,rj_start1,,6年级下,6,下,,countryside,人教版一年级起点六年级下.xlsx,31,
KV000792,renjiao_start3,pre-2024-revision,5年级下,5,下,3,Thanksgiving,klose-actual-grade5-6-vocabulary.csv,208,28
KV000792,rj_start1,,6年级下,6,下,,Thanksgiving,人教版一年级起点六年级下.xlsx,32,
KV000793,rj_start1,,6年级下,6,下,,roast turkey,人教版一年级起点六年级下.xlsx,33,
KV000794,rj_start1,,6年级下,6,下,,squirrel,人教版一年级起点六年级下.xlsx,34,
KV000795,rj_start1,,6年级下,6,下,,swan,人教版一年级起点六年级下.xlsx,35,
KV000796,rj_start1,,6年级下,6,下,,wild goose,人教版一年级起点六年级下.xlsx,36,
KV000797,rj_start1,,6年级下,6,下,,frog,人教版一年级起点六年级下.xlsx,37,
KV000798,rj_start1,,6年级下,6,下,,English-Chinese dictionary,人教版一年级起点六年级下.xlsx,38,
KV000799,rj_start1,,6年级下,6,下,,shopping centre,人教版一年级起点六年级下.xlsx,39,
KV000800,rj_start1,,6年级下,6,下,,shopping mall,人教版一年级起点六年级下.xlsx,40,
KV000801,rj_start1,,6年级下,6,下,,amazing,人教版一年级起点六年级下.xlsx,41,
KV000802,rj_start1,,6年级下,6,下,,hot pot,人教版一年级起点六年级下.xlsx,42,
KV000803,rj_start1,klose-current,4年级上,4,上,1,office worker,rj_start1-grade4-klose-actual.csv,7,5
KV000804,rj_start1,klose-current,4年级上,4,上,1,factory worker,rj_start1-grade4-klose-actual.csv,8,5
KV000805,rj_start1,klose-current,4年级上,4,上,1,cook,rj_start1-grade4-klose-actual.csv,12,7
KV000806,rj_start1,klose-current,4年级上,4,上,1,clean,rj_start1-grade4-klose-actual.csv,13,7
KV000807,rj_start1,klose-current,4年级上,4,上,1,look after,rj_start1-grade4-klose-actual.csv,15,8
KV000808,rj_start1,klose-current,4年级上,4,上,1,sweep,rj_start1-grade4-klose-actual.csv,16,8
KV000809,rj_start1,klose-current,4年级上,4,上,2,strong,rj_start1-grade4-klose-actual.csv,22,16
KV000810,rj_start1,klose-current,4年级上,4,上,2,kind,rj_start1-grade4-klose-actual.csv,25,16
KV000811,rj_start1,klose-current,4年级上,4,上,2,best,rj_start1-grade4-klose-actual.csv,27,19
KV000812,rj_start1,klose-current,4年级上,4,上,2,read,rj_start1-grade4-klose-actual.csv,28,20
KV000813,rj_start1,klose-current,4年级上,4,上,2,play,rj_start1-grade4-klose-actual.csv,30,20
KV000814,renjiao_start3,pre-2024-revision,5年级下,5,下,3,game,klose-actual-grade5-6-vocabulary.csv,210,29
KV000814,rj_start1,klose-current,4年级上,4,上,2,game,rj_start1-grade4-klose-actual.csv,31,20
KV000815,rj_start1,klose-current,4年级上,4,上,2,football,rj_start1-grade4-klose-actual.csv,32,20
KV000816,rj_start1,klose-current,4年级上,4,上,3,over,rj_start1-grade4-klose-actual.csv,39,28
KV000817,rj_start1,klose-current,4年级上,4,上,3,bus stop,rj_start1-grade4-klose-actual.csv,43,29
KV000818,rj_start1,klose-current,4年级上,4,上,3,sport,rj_start1-grade4-klose-actual.csv,45,31
KV000819,renjiao_start3,pre-2024-revision,5年级下,5,下,4,walk,klose-actual-grade5-6-vocabulary.csv,236,43
KV000819,rj_start1,klose-current,4年级上,4,上,3,walk,rj_start1-grade4-klose-actual.csv,46,32
KV000820,rj_start1,klose-current,4年级上,4,上,3,community,rj_start1-grade4-klose-actual.csv,47,32
KV000821,rj_start1,klose-current,4年级上,4,上,3,photo,rj_start1-grade4-klose-actual.csv,50,33
KV000822,rj_start1,klose-current,4年级上,4,上,4,firefighter,rj_start1-grade4-klose-actual.csv,53,40
KV000823,rj_start1,klose-current,4年级上,4,上,4,driver,rj_start1-grade4-klose-actual.csv,55,40
KV000824,rj_start1,klose-current,4年级上,4,上,4,cleaner,rj_start1-grade4-klose-actual.csv,56,41
KV000825,rj_start1,klose-current,4年级上,4,上,4,delivery worker,rj_start1-grade4-klose-actual.csv,58,41
KV000826,rj_start1,klose-current,4年级上,4,上,4,now,rj_start1-grade4-klose-actual.csv,61,43
KV000827,rj_start1,klose-current,4年级上,4,上,4,tell,rj_start1-grade4-klose-actual.csv,64,43
KV000828,rj_start1,klose-current,4年级上,4,上,4,Ms,rj_start1-grade4-klose-actual.csv,66,45
KV000829,rj_start1,klose-current,4年级上,4,上,5,rain,rj_start1-grade4-klose-actual.csv,80,55
KV000830,rj_start1,klose-current,4年级上,4,上,5,closed,rj_start1-grade4-klose-actual.csv,81,55
KV000831,rj_start1,klose-current,4年级上,4,上,5,fly,rj_start1-grade4-klose-actual.csv,84,56
KV000832,rj_start1,klose-current,4年级上,4,上,5,kite,rj_start1-grade4-klose-actual.csv,85,56
KV000833,renjiao_start3,pre-2024-revision,5年级下,5,下,2,snowman,klose-actual-grade5-6-vocabulary.csv,166,18
KV000833,rj_start1,klose-current,4年级上,4,上,5,snowman,rj_start1-grade4-klose-actual.csv,86,56
KV000834,rj_start1,klose-current,4年级上,4,上,6,whose,rj_start1-grade4-klose-actual.csv,91,64
KV000835,renjiao_start3,pre-2024-revision,5年级下,5,下,5,mine,klose-actual-grade5-6-vocabulary.csv,237,49
KV000835,rj_start1,klose-current,4年级上,4,上,6,mine,rj_start1-grade4-klose-actual.csv,94,64
KV000836,renjiao_start3,pre-2024-revision,5年级下,5,下,2,which,klose-actual-grade5-6-vocabulary.csv,169,14
KV000836,rj_start1,klose-current,4年级上,4,上,6,which,rj_start1-grade4-klose-actual.csv,99,67
KV000837,rj_start1,klose-current,4年级上,4,上,6,get together,rj_start1-grade4-klose-actual.csv,103,67
KV000838,renjiao_start3,pre-2024-revision,5年级下,5,下,2,leaf,klose-actual-grade5-6-vocabulary.csv,178,19
KV000838,rj_start1,klose-current,4年级上,4,上,6,leaf,rj_start1-grade4-klose-actual.csv,109,69
KV000839,rj_start1,klose-current,4年级上,4,上,6,then,rj_start1-grade4-klose-actual.csv,111,69
KV000840,rj_start1,klose-current,4年级下,4,下,1,hurry up,rj_start1-grade4-klose-actual.csv,113,4
KV000841,rj_start1,klose-current,4年级下,4,下,1,ready,rj_start1-grade4-klose-actual.csv,116,4
KV000842,rj_start1,klose-current,4年级下,4,下,1,rule,rj_start1-grade4-klose-actual.csv,117,5
KV000843,rj_start1,klose-current,4年级下,4,下,1,turn off,rj_start1-grade4-klose-actual.csv,119,5
KV000844,rj_start1,klose-current,4年级下,4,下,1,tidy,rj_start1-grade4-klose-actual.csv,124,7
KV000845,rj_start1,klose-current,4年级下,4,下,1,window,rj_start1-grade4-klose-actual.csv,127,8
KV000846,rj_start1,klose-current,4年级下,4,下,1,understand,rj_start1-grade4-klose-actual.csv,130,9
KV000847,rj_start1,klose-current,4年级下,4,下,1,wall,rj_start1-grade4-klose-actual.csv,131,9
KV000848,rj_start1,klose-current,4年级下,4,下,1,newspaper,rj_start1-grade4-klose-actual.csv,132,9
KV000849,rj_start1,klose-current,4年级下,4,下,1,hand out,rj_start1-grade4-klose-actual.csv,133,9
KV000850,rj_start1,klose-current,4年级下,4,下,1,workbook,rj_start1-grade4-klose-actual.csv,134,9
KV000851,rj_start1,klose-current,4年级下,4,下,2,watch,rj_start1-grade4-klose-actual.csv,135,16
KV000852,rj_start1,klose-current,4年级下,4,下,2,TV,rj_start1-grade4-klose-actual.csv,136,16
KV000853,rj_start1,klose-current,4年级下,4,下,2,homework,rj_start1-grade4-klose-actual.csv,137,16
KV000854,rj_start1,klose-current,4年级下,4,下,2,word,rj_start1-grade4-klose-actual.csv,143,17
KV000855,rj_start1,klose-current,4年级下,4,下,2,wash,rj_start1-grade4-klose-actual.csv,144,17
KV000856,renjiao_start3,pre-2024-revision,6年级下,6,下,2,loud,klose-actual-grade5-6-vocabulary.csv,463,18
KV000856,rj_start1,klose-current,4年级下,4,下,2,loud,rj_start1-grade4-klose-actual.csv,146,19
KV000857,rj_start1,klose-current,4年级下,4,下,2,sleep,rj_start1-grade4-klose-actual.csv,147,19
KV000858,rj_start1,klose-current,4年级下,4,下,2,think,rj_start1-grade4-klose-actual.csv,152,21
KV000859,renjiao_start3,pre-2024-revision,5年级下,5,下,1,work,klose-actual-grade5-6-vocabulary.csv,143,7
KV000859,rj_start1,klose-current,4年级下,4,下,2,work,rj_start1-grade4-klose-actual.csv,153,21
KV000860,rj_start1,klose-current,4年级下,4,下,2,hard,rj_start1-grade4-klose-actual.csv,154,21
KV000861,rj_start1,klose-current,4年级下,4,下,2,follow,rj_start1-grade4-klose-actual.csv,155,21
KV000862,rj_start1,klose-current,4年级下,4,下,2,feel,rj_start1-grade4-klose-actual.csv,156,21
KV000863,rj_start1,klose-current,4年级下,4,下,3,over,rj_start1-grade4-klose-actual.csv,157,28
KV000864,rj_start1,klose-current,4年级下,4,下,3,kid,rj_start1-grade4-klose-actual.csv,158,28
KV000865,rj_start1,klose-current,4年级下,4,下,3,dinner,rj_start1-grade4-klose-actual.csv,159,29
KV000866,rj_start1,klose-current,4年级下,4,下,3,lunch,rj_start1-grade4-klose-actual.csv,161,29
KV000867,rj_start1,klose-current,4年级下,4,下,3,minute,rj_start1-grade4-klose-actual.csv,170,33
KV000868,rj_start1,klose-current,4年级下,4,下,4,pair,rj_start1-grade4-klose-actual.csv,172,40
KV000869,rj_start1,klose-current,4年级下,4,下,4,clothes,rj_start1-grade4-klose-actual.csv,173,40
KV000870,rj_start1,klose-current,4年级下,4,下,4,those,rj_start1-grade4-klose-actual.csv,174,40
KV000871,rj_start1,klose-current,4年级下,4,下,4,expensive,rj_start1-grade4-klose-actual.csv,179,43
KV000872,rj_start1,klose-current,4年级下,4,下,4,take,rj_start1-grade4-klose-actual.csv,180,43
KV000873,rj_start1,klose-current,4年级下,4,下,4,cheap,rj_start1-grade4-klose-actual.csv,181,44
KV000874,rj_start1,klose-current,4年级下,4,下,4,hat,rj_start1-grade4-klose-actual.csv,184,44
KV000875,rj_start1,klose-current,4年级下,4,下,4,sunglasses,rj_start1-grade4-klose-actual.csv,185,44
KV000876,rj_start1,klose-current,4年级下,4,下,4,free,rj_start1-grade4-klose-actual.csv,186,45
KV000877,rj_start1,klose-current,4年级下,4,下,4,large,rj_start1-grade4-klose-actual.csv,187,45
KV000878,rj_start1,klose-current,4年级下,4,下,4,size,rj_start1-grade4-klose-actual.csv,188,45
KV000879,rj_start1,klose-current,4年级下,4,下,4,list,rj_start1-grade4-klose-actual.csv,189,45
KV000880,rj_start1,klose-current,4年级下,4,下,4,try on,rj_start1-grade4-klose-actual.csv,190,45
KV000881,rj_start1,klose-current,4年级下,4,下,4,any,rj_start1-grade4-klose-actual.csv,191,45
KV000882,rj_start1,klose-current,4年级下,4,下,5,mouse,rj_start1-grade4-klose-actual.csv,199,56
KV000883,rj_start1,klose-current,4年级下,4,下,5,carrot,rj_start1-grade4-klose-actual.csv,200,56
KV000884,rj_start1,klose-current,4年级下,4,下,5,green bean,rj_start1-grade4-klose-actual.csv,202,57
KV000885,rj_start1,klose-current,4年级下,4,下,5,can,rj_start1-grade4-klose-actual.csv,203,57
KV000886,rj_start1,klose-current,4年级下,4,下,5,a box of,rj_start1-grade4-klose-actual.csv,204,57
KV000887,rj_start1,klose-current,4年级下,4,下,6,feed,rj_start1-grade4-klose-actual.csv,205,64
KV000888,rj_start1,klose-current,4年级下,4,下,6,pass,rj_start1-grade4-klose-actual.csv,206,64
KV000889,renjiao_start3,pre-2024-revision,5年级下,5,下,2,pick,klose-actual-grade5-6-vocabulary.csv,164,18
KV000889,rj_start1,klose-current,4年级下,4,下,6,pick,rj_start1-grade4-klose-actual.csv,207,65
KV000890,rj_start1,klose-current,4年级下,4,下,6,milk,rj_start1-grade4-klose-actual.csv,208,65
KV000891,rj_start1,klose-current,4年级下,4,下,6,fork,rj_start1-grade4-klose-actual.csv,210,67
KV000892,rj_start1,klose-current,4年级下,4,下,6,waste,rj_start1-grade4-klose-actual.csv,212,67
KV000893,rj_start1,klose-current,4年级下,4,下,6,food,rj_start1-grade4-klose-actual.csv,213,67
KV000894,rj_start1,klose-current,4年级下,4,下,6,clear the table,rj_start1-grade4-klose-actual.csv,215,67
KV000895,rj_start1,klose-current,4年级下,4,下,6,set the table,rj_start1-grade4-klose-actual.csv,216,68
KV000896,rj_start1,klose-current,4年级下,4,下,6,bowl,rj_start1-grade4-klose-actual.csv,217,68
KV000897,rj_start1,klose-current,4年级下,4,下,6,spoon,rj_start1-grade4-klose-actual.csv,218,68
KV000898,rj_start1,klose-current,4年级下,4,下,6,herself,rj_start1-grade4-klose-actual.csv,220,69
KV000899,rj_start1,klose-current,4年级下,4,下,6,salad,rj_start1-grade4-klose-actual.csv,222,69
KV000900,rj_start1,klose-current,4年级下,4,下,1,fan,rj_start1-grade4-klose-actual.csv,128,8
KV000901,rj_start1,klose-current,4年级上,4,上,5,speak,rj_start1-grade4-klose-actual.csv,67,52
KV000902,renjiao_start3,2024-revision,5年级上,5,上,1,team,klose-actual-grade5-6-vocabulary.csv,2,4
KV000903,renjiao_start3,2024-revision,5年级上,5,上,1,player,klose-actual-grade5-6-vocabulary.csv,3,4
KV000904,renjiao_start3,2024-revision,5年级上,5,上,1,him,klose-actual-grade5-6-vocabulary.csv,4,4
KV000905,renjiao_start3,2024-revision,5年级上,5,上,1,hard-working,klose-actual-grade5-6-vocabulary.csv,8,5
KV000906,renjiao_start3,2024-revision,5年级上,5,上,1,robot,klose-actual-grade5-6-vocabulary.csv,10,7
KV000907,renjiao_start3,2024-revision,5年级上,5,上,1,jump,klose-actual-grade5-6-vocabulary.csv,11,8
KV000908,renjiao_start3,2024-revision,5年级上,5,上,1,rope,klose-actual-grade5-6-vocabulary.csv,12,8
KV000909,renjiao_start3,2024-revision,5年级上,5,上,1,piano,klose-actual-grade5-6-vocabulary.csv,13,8
KV000910,renjiao_start3,2024-revision,5年级上,5,上,1,chess,klose-actual-grade5-6-vocabulary.csv,14,8
KV000911,renjiao_start3,2024-revision,5年级上,5,上,1,front,klose-actual-grade5-6-vocabulary.csv,15,9
KV000912,renjiao_start3,2024-revision,5年级上,5,上,1,easy,klose-actual-grade5-6-vocabulary.csv,16,9
KV000912,renjiao_start3,pre-2024-revision,6年级下,6,下,4,easy,klose-actual-grade5-6-vocabulary.csv,498,34
KV000913,renjiao_start3,2024-revision,5年级上,5,上,1,star,klose-actual-grade5-6-vocabulary.csv,17,9
KV000914,renjiao_start3,2024-revision,5年级上,5,上,2,matter,klose-actual-grade5-6-vocabulary.csv,21,16
KV000915,renjiao_start3,2024-revision,5年级上,5,上,2,project,klose-actual-grade5-6-vocabulary.csv,22,16
KV000916,renjiao_start3,2024-revision,5年级上,5,上,2,centre,klose-actual-grade5-6-vocabulary.csv,23,16
KV000917,renjiao_start3,2024-revision,5年级上,5,上,2,agree,klose-actual-grade5-6-vocabulary.csv,24,16
KV000918,renjiao_start3,2024-revision,5年级上,5,上,2,finish,klose-actual-grade5-6-vocabulary.csv,25,16
KV000919,renjiao_start3,2024-revision,5年级上,5,上,2,both,klose-actual-grade5-6-vocabulary.csv,27,16
KV000919,renjiao_start3,pre-2024-revision,6年级下,6,下,1,both,klose-actual-grade5-6-vocabulary.csv,435,4
KV000920,renjiao_start3,2024-revision,5年级上,5,上,2,wrong,klose-actual-grade5-6-vocabulary.csv,29,17
KV000921,renjiao_start3,2024-revision,5年级上,5,上,2,afraid,klose-actual-grade5-6-vocabulary.csv,31,19
KV000922,renjiao_start3,2024-revision,5年级上,5,上,2,parent,klose-actual-grade5-6-vocabulary.csv,32,20
KV000923,renjiao_start3,2024-revision,5年级上,5,上,2,ask,klose-actual-grade5-6-vocabulary.csv,33,20
KV000924,renjiao_start3,2024-revision,5年级上,5,上,2,laugh,klose-actual-grade5-6-vocabulary.csv,34,21
KV000925,renjiao_start3,2024-revision,5年级上,5,上,2,move,klose-actual-grade5-6-vocabulary.csv,35,21
KV000926,renjiao_start3,2024-revision,5年级上,5,上,3,start,klose-actual-grade5-6-vocabulary.csv,44,29
KV000926,renjiao_start3,pre-2024-revision,5年级下,5,下,1,start,klose-actual-grade5-6-vocabulary.csv,135,4
KV000927,renjiao_start3,2024-revision,5年级上,5,上,3,weekend,klose-actual-grade5-6-vocabulary.csv,46,31
KV000928,renjiao_start3,2024-revision,5年级上,5,上,3,lesson,klose-actual-grade5-6-vocabulary.csv,50,31
KV000929,renjiao_start3,2024-revision,5年级上,5,上,3,answer,klose-actual-grade5-6-vocabulary.csv,52,33
KV000930,renjiao_start3,2024-revision,5年级上,5,上,3,night,klose-actual-grade5-6-vocabulary.csv,54,33
KV000931,renjiao_start3,2024-revision,5年级上,5,上,3,visit,klose-actual-grade5-6-vocabulary.csv,55,33
KV000932,renjiao_start3,2024-revision,5年级上,5,上,3,grandparent,klose-actual-grade5-6-vocabulary.csv,56,33
KV000933,renjiao_start3,2024-revision,5年级上,5,上,4,flu,klose-actual-grade5-6-vocabulary.csv,59,40
KV000934,renjiao_start3,2024-revision,5年级上,5,上,4,else,klose-actual-grade5-6-vocabulary.csv,60,40
KV000934,renjiao_start3,pre-2024-revision,5年级下,5,下,6,else,klose-actual-grade5-6-vocabulary.csv,268,61
KV000935,renjiao_start3,2024-revision,5年级上,5,上,4,enough,klose-actual-grade5-6-vocabulary.csv,62,40
KV000936,renjiao_start3,2024-revision,5年级上,5,上,4,if,klose-actual-grade5-6-vocabulary.csv,63,40
KV000937,renjiao_start3,2024-revision,5年级上,5,上,4,show,klose-actual-grade5-6-vocabulary.csv,66,43
KV000938,renjiao_start3,2024-revision,5年级上,5,上,4,then,klose-actual-grade5-6-vocabulary.csv,68,43
KV000939,renjiao_start3,2024-revision,5年级上,5,上,4,rest,klose-actual-grade5-6-vocabulary.csv,69,43
KV000940,renjiao_start3,2024-revision,5年级上,5,上,4,take care of,klose-actual-grade5-6-vocabulary.csv,70,44
KV000941,renjiao_start3,2024-revision,5年级上,5,上,4,check,klose-actual-grade5-6-vocabulary.csv,71,44
KV000942,renjiao_start3,2024-revision,5年级上,5,上,4,brush,klose-actual-grade5-6-vocabulary.csv,73,44
KV000943,renjiao_start3,2024-revision,5年级上,5,上,4,tooth,klose-actual-grade5-6-vocabulary.csv,74,44
KV000944,renjiao_start3,2024-revision,5年级上,5,上,4,twice,klose-actual-grade5-6-vocabulary.csv,75,44
KV000945,renjiao_start3,2024-revision,5年级上,5,上,4,hour,klose-actual-grade5-6-vocabulary.csv,76,45
KV000946,renjiao_start3,2024-revision,5年级上,5,上,5,beef,klose-actual-grade5-6-vocabulary.csv,79,52
KV000947,renjiao_start3,2024-revision,5年级上,5,上,5,little,klose-actual-grade5-6-vocabulary.csv,81,52
KV000948,renjiao_start3,2024-revision,5年级上,5,上,5,Mrs,klose-actual-grade5-6-vocabulary.csv,85,55
KV000949,renjiao_start3,2024-revision,5年级上,5,上,5,coconut,klose-actual-grade5-6-vocabulary.csv,86,55
KV000950,renjiao_start3,2024-revision,5年级上,5,上,5,seed,klose-actual-grade5-6-vocabulary.csv,88,56
KV000951,renjiao_start3,2024-revision,5年级上,5,上,5,pull,klose-actual-grade5-6-vocabulary.csv,89,56
KV000952,renjiao_start3,2024-revision,5年级上,5,上,5,stem,klose-actual-grade5-6-vocabulary.csv,90,56
KV000953,renjiao_start3,2024-revision,5年级上,5,上,5,root,klose-actual-grade5-6-vocabulary.csv,91,56
KV000954,renjiao_start3,2024-revision,5年级上,5,上,5,lotus,klose-actual-grade5-6-vocabulary.csv,92,57
KV000955,renjiao_start3,2024-revision,5年级上,5,上,5,world,klose-actual-grade5-6-vocabulary.csv,94,57
KV000956,renjiao_start3,2024-revision,5年级上,5,上,5,round,klose-actual-grade5-6-vocabulary.csv,95,57
KV000957,renjiao_start3,2024-revision,5年级上,5,上,5,way,klose-actual-grade5-6-vocabulary.csv,97,57
KV000958,renjiao_start3,2024-revision,5年级上,5,上,6,river,klose-actual-grade5-6-vocabulary.csv,98,64
KV000959,renjiao_start3,2024-revision,5年级上,5,上,6,nature,klose-actual-grade5-6-vocabulary.csv,99,64
KV000960,renjiao_start3,2024-revision,5年级上,5,上,6,waterfall,klose-actual-grade5-6-vocabulary.csv,100,64
KV000961,renjiao_start3,2024-revision,5年级上,5,上,6,mountain,klose-actual-grade5-6-vocabulary.csv,103,64
KV000962,renjiao_start3,2024-revision,5年级上,5,上,6,wind,klose-actual-grade5-6-vocabulary.csv,104,67
KV000963,renjiao_start3,2024-revision,5年级上,5,上,6,trip,klose-actual-grade5-6-vocabulary.csv,105,67
KV000963,renjiao_start3,pre-2024-revision,5年级下,5,下,3,trip,klose-actual-grade5-6-vocabulary.csv,198,24
KV000964,renjiao_start3,2024-revision,5年级上,5,上,6,heavy,klose-actual-grade5-6-vocabulary.csv,107,67
KV000965,renjiao_start3,2024-revision,5年级上,5,上,6,close,klose-actual-grade5-6-vocabulary.csv,109,67
KV000966,renjiao_start3,2024-revision,5年级上,5,上,6,raincoat,klose-actual-grade5-6-vocabulary.csv,111,67
KV000967,renjiao_start3,2024-revision,5年级上,5,上,6,worry,klose-actual-grade5-6-vocabulary.csv,112,67
KV000968,renjiao_start3,2024-revision,5年级上,5,上,6,fine,klose-actual-grade5-6-vocabulary.csv,113,67
KV000969,renjiao_start3,2024-revision,5年级上,5,上,6,fog,klose-actual-grade5-6-vocabulary.csv,114,68
KV000970,renjiao_start3,2024-revision,5年级上,5,上,6,flood,klose-actual-grade5-6-vocabulary.csv,115,68
KV000971,renjiao_start3,2024-revision,5年级上,5,上,6,fire,klose-actual-grade5-6-vocabulary.csv,116,68
KV000972,renjiao_start3,2024-revision,5年级上,5,上,6,go hiking,klose-actual-grade5-6-vocabulary.csv,119,69
KV000973,renjiao_start3,pre-2024-revision,5年级下,5,下,1,do morning exercises,klose-actual-grade5-6-vocabulary.csv,125,5
KV000973,renjiao_start3,pre-2024-revision,5年级下,5,下,6,doing morning exercises,klose-actual-grade5-6-vocabulary.csv,253,59
KV000974,renjiao_start3,pre-2024-revision,5年级下,5,下,1,clean my room,klose-actual-grade5-6-vocabulary.csv,127,8
KV000975,renjiao_start3,pre-2024-revision,5年级下,5,下,1,go for a walk,klose-actual-grade5-6-vocabulary.csv,128,8
KV000976,renjiao_start3,pre-2024-revision,5年级下,5,下,1,go shopping,klose-actual-grade5-6-vocabulary.csv,129,8
KV000977,renjiao_start3,pre-2024-revision,5年级下,5,下,1,take,klose-actual-grade5-6-vocabulary.csv,130,8
KV000978,renjiao_start3,pre-2024-revision,5年级下,5,下,1,take a dancing class,klose-actual-grade5-6-vocabulary.csv,132,8
KV000979,renjiao_start3,pre-2024-revision,5年级下,5,下,1,after,klose-actual-grade5-6-vocabulary.csv,134,4
KV000980,renjiao_start3,pre-2024-revision,5年级下,5,下,1,Spain,klose-actual-grade5-6-vocabulary.csv,137,4
KV000981,renjiao_start3,pre-2024-revision,5年级下,5,下,1,a.m.,klose-actual-grade5-6-vocabulary.csv,139,5
KV000982,renjiao_start3,pre-2024-revision,5年级下,5,下,1,p.m.,klose-actual-grade5-6-vocabulary.csv,140,5
KV000983,renjiao_start3,pre-2024-revision,5年级下,5,下,1,last,klose-actual-grade5-6-vocabulary.csv,144,7
KV000983,renjiao_start3,pre-2024-revision,6年级下,6,下,2,last,klose-actual-grade5-6-vocabulary.csv,451,17
KV000984,renjiao_start3,pre-2024-revision,5年级下,5,下,1,need,klose-actual-grade5-6-vocabulary.csv,148,7
KV000985,renjiao_start3,pre-2024-revision,5年级下,5,下,1,play,klose-actual-grade5-6-vocabulary.csv,149,9
KV000986,renjiao_start3,pre-2024-revision,5年级下,5,下,1,letter,klose-actual-grade5-6-vocabulary.csv,150,9
KV000987,renjiao_start3,pre-2024-revision,5年级下,5,下,1,island,klose-actual-grade5-6-vocabulary.csv,152,9
KV000988,renjiao_start3,pre-2024-revision,5年级下,5,下,1,cave,klose-actual-grade5-6-vocabulary.csv,154,9
KV000989,renjiao_start3,pre-2024-revision,5年级下,5,下,1,go swimming,klose-actual-grade5-6-vocabulary.csv,155,9
KV000989,renjiao_start3,pre-2024-revision,5年级下,5,下,2,go swimming,klose-actual-grade5-6-vocabulary.csv,168,18
KV000990,renjiao_start3,pre-2024-revision,5年级下,5,下,2,picnic,klose-actual-grade5-6-vocabulary.csv,162,18
KV000991,renjiao_start3,pre-2024-revision,5年级下,5,下,2,go on a picnic,klose-actual-grade5-6-vocabulary.csv,163,18
KV000992,renjiao_start3,pre-2024-revision,5年级下,5,下,2,pick apples,klose-actual-grade5-6-vocabulary.csv,165,18
KV000993,renjiao_start3,pre-2024-revision,5年级下,5,下,2,best,klose-actual-grade5-6-vocabulary.csv,170,14
KV000994,renjiao_start3,pre-2024-revision,5年级下,5,下,2,pink,klose-actual-grade5-6-vocabulary.csv,176,19
KV000995,renjiao_start3,pre-2024-revision,5年级下,5,下,2,paint,klose-actual-grade5-6-vocabulary.csv,180,19
KV000996,renjiao_start3,pre-2024-revision,5年级下,5,下,3,few,klose-actual-grade5-6-vocabulary.csv,193,24
KV000997,renjiao_start3,pre-2024-revision,5年级下,5,下,3,a few,klose-actual-grade5-6-vocabulary.csv,194,24
KV000998,renjiao_start3,pre-2024-revision,5年级下,5,下,3,sports meet,klose-actual-grade5-6-vocabulary.csv,197,24
KV000999,renjiao_start3,pre-2024-revision,5年级下,5,下,3,contest,klose-actual-grade5-6-vocabulary.csv,201,25
KV001000,renjiao_start3,pre-2024-revision,5年级下,5,下,3,labour,klose-actual-grade5-6-vocabulary.csv,202,25
KV001001,renjiao_start3,pre-2024-revision,5年级下,5,下,3,Labour Day,klose-actual-grade5-6-vocabulary.csv,203,25
KV001002,renjiao_start3,pre-2024-revision,5年级下,5,下,3,national,klose-actual-grade5-6-vocabulary.csv,205,28
KV001003,renjiao_start3,pre-2024-revision,5年级下,5,下,3,riddle,klose-actual-grade5-6-vocabulary.csv,211,29
KV001004,renjiao_start3,pre-2024-revision,5年级下,5,下,3,act,klose-actual-grade5-6-vocabulary.csv,212,29
KV001005,renjiao_start3,pre-2024-revision,5年级下,5,下,3,act out,klose-actual-grade5-6-vocabulary.csv,213,29
KV001006,renjiao_start3,pre-2024-revision,5年级下,5,下,3,RSVP,klose-actual-grade5-6-vocabulary.csv,214,29
KV001007,renjiao_start3,pre-2024-revision,5年级下,5,下,3,by,klose-actual-grade5-6-vocabulary.csv,215,29
KV001008,renjiao_start3,pre-2024-revision,5年级下,5,下,4,fourth (4th),klose-actual-grade5-6-vocabulary.csv,219,39
KV001009,renjiao_start3,pre-2024-revision,5年级下,5,下,4,twentieth (20th),klose-actual-grade5-6-vocabulary.csv,222,42
KV001010,renjiao_start3,pre-2024-revision,5年级下,5,下,4,twenty-first (21st),klose-actual-grade5-6-vocabulary.csv,223,42
KV001011,renjiao_start3,pre-2024-revision,5年级下,5,下,4,twenty-third (23rd),klose-actual-grade5-6-vocabulary.csv,224,42
KV001012,renjiao_start3,pre-2024-revision,5年级下,5,下,4,thirtieth (30th),klose-actual-grade5-6-vocabulary.csv,225,42
KV001013,renjiao_start3,pre-2024-revision,5年级下,5,下,4,other,klose-actual-grade5-6-vocabulary.csv,226,38
KV001014,renjiao_start3,pre-2024-revision,5年级下,5,下,4,show,klose-actual-grade5-6-vocabulary.csv,228,38
KV001014,renjiao_start3,pre-2024-revision,6年级下,6,下,2,show,klose-actual-grade5-6-vocabulary.csv,455,14
KV001015,renjiao_start3,pre-2024-revision,5年级下,5,下,4,festival,klose-actual-grade5-6-vocabulary.csv,229,38
KV001016,renjiao_start3,pre-2024-revision,5年级下,5,下,4,kitten,klose-actual-grade5-6-vocabulary.csv,230,43
KV001017,renjiao_start3,pre-2024-revision,5年级下,5,下,4,diary,klose-actual-grade5-6-vocabulary.csv,231,43
KV001018,renjiao_start3,pre-2024-revision,5年级下,5,下,4,still,klose-actual-grade5-6-vocabulary.csv,232,43
KV001019,renjiao_start3,pre-2024-revision,5年级下,5,下,4,noise,klose-actual-grade5-6-vocabulary.csv,233,43
KV001020,renjiao_start3,pre-2024-revision,5年级下,5,下,4,fur,klose-actual-grade5-6-vocabulary.csv,234,43
KV001021,renjiao_start3,pre-2024-revision,5年级下,5,下,4,open,klose-actual-grade5-6-vocabulary.csv,235,43
KV001022,renjiao_start3,pre-2024-revision,5年级下,5,下,5,yours,klose-actual-grade5-6-vocabulary.csv,238,49
KV001023,renjiao_start3,pre-2024-revision,5年级下,5,下,5,hers,klose-actual-grade5-6-vocabulary.csv,240,49
KV001024,renjiao_start3,pre-2024-revision,5年级下,5,下,5,theirs,klose-actual-grade5-6-vocabulary.csv,241,49
KV001025,renjiao_start3,pre-2024-revision,5年级下,5,下,5,ours,klose-actual-grade5-6-vocabulary.csv,242,49
KV001026,renjiao_start3,pre-2024-revision,5年级下,5,下,5,each,klose-actual-grade5-6-vocabulary.csv,249,52
KV001027,renjiao_start3,pre-2024-revision,5年级下,5,下,5,each other,klose-actual-grade5-6-vocabulary.csv,250,52
KV001028,renjiao_start3,pre-2024-revision,5年级下,5,下,5,like,klose-actual-grade5-6-vocabulary.csv,252,53
KV001029,renjiao_start3,pre-2024-revision,5年级下,5,下,6,eating lunch,klose-actual-grade5-6-vocabulary.csv,255,59
KV001030,renjiao_start3,pre-2024-revision,5年级下,5,下,6,reading a book,klose-actual-grade5-6-vocabulary.csv,256,59
KV001031,renjiao_start3,pre-2024-revision,5年级下,5,下,6,keep,klose-actual-grade5-6-vocabulary.csv,258,62
KV001032,renjiao_start3,pre-2024-revision,5年级下,5,下,6,keep to the right,klose-actual-grade5-6-vocabulary.csv,259,62
KV001033,renjiao_start3,pre-2024-revision,5年级下,5,下,6,keep your desk clean,klose-actual-grade5-6-vocabulary.csv,260,62
KV001034,renjiao_start3,pre-2024-revision,5年级下,5,下,6,talk quietly,klose-actual-grade5-6-vocabulary.csv,261,62
KV001035,renjiao_start3,pre-2024-revision,5年级下,5,下,6,turn,klose-actual-grade5-6-vocabulary.csv,262,62
KV001036,renjiao_start3,pre-2024-revision,5年级下,5,下,6,take turns,klose-actual-grade5-6-vocabulary.csv,263,62
KV001037,renjiao_start3,2024-revision,6年级上,6,上,1,bamboo,klose-actual-grade5-6-vocabulary.csv,292,8
KV001037,renjiao_start3,pre-2024-revision,5年级下,5,下,6,bamboo,klose-actual-grade5-6-vocabulary.csv,264,58
KV001038,renjiao_start3,pre-2024-revision,5年级下,5,下,6,its,klose-actual-grade5-6-vocabulary.csv,265,58
KV001039,renjiao_start3,pre-2024-revision,5年级下,5,下,6,show,klose-actual-grade5-6-vocabulary.csv,266,61
KV001040,renjiao_start3,pre-2024-revision,5年级下,5,下,6,anything,klose-actual-grade5-6-vocabulary.csv,267,61
KV001041,renjiao_start3,pre-2024-revision,5年级下,5,下,6,exhibition,klose-actual-grade5-6-vocabulary.csv,269,63
KV001042,renjiao_start3,pre-2024-revision,5年级下,5,下,6,have a look,klose-actual-grade5-6-vocabulary.csv,271,63
KV001043,renjiao_start3,pre-2024-revision,5年级下,5,下,6,sushi,klose-actual-grade5-6-vocabulary.csv,272,63
KV001044,renjiao_start3,pre-2024-revision,5年级下,5,下,6,Canadian,klose-actual-grade5-6-vocabulary.csv,275,63
KV001045,renjiao_start3,pre-2024-revision,5年级下,5,下,6,Spanish,klose-actual-grade5-6-vocabulary.csv,276,63
KV001046,renjiao_start3,2024-revision,6年级上,6,上,1,climb,klose-actual-grade5-6-vocabulary.csv,278,4
KV001047,renjiao_start3,2024-revision,6年级上,6,上,1,kilometre,klose-actual-grade5-6-vocabulary.csv,279,4
KV001048,renjiao_start3,2024-revision,6年级上,6,上,1,gingerbread house,klose-actual-grade5-6-vocabulary.csv,280,4
KV001049,renjiao_start3,2024-revision,6年级上,6,上,1,thousand,klose-actual-grade5-6-vocabulary.csv,283,6
KV001050,renjiao_start3,2024-revision,6年级上,6,上,1,clay,klose-actual-grade5-6-vocabulary.csv,284,6
KV001051,renjiao_start3,2024-revision,6年级上,6,上,1,see,klose-actual-grade5-6-vocabulary.csv,285,6
KV001052,renjiao_start3,2024-revision,6年级上,6,上,1,village,klose-actual-grade5-6-vocabulary.csv,286,7
KV001053,renjiao_start3,2024-revision,6年级上,6,上,1,eat,klose-actual-grade5-6-vocabulary.csv,287,7
KV001054,renjiao_start3,2024-revision,6年级上,6,上,1,dry,klose-actual-grade5-6-vocabulary.csv,288,7
KV001055,renjiao_start3,2024-revision,6年级上,6,上,1,take,klose-actual-grade5-6-vocabulary.csv,289,7
KV001056,renjiao_start3,2024-revision,6年级上,6,上,1,view,klose-actual-grade5-6-vocabulary.csv,290,7
KV001057,renjiao_start3,2024-revision,6年级上,6,上,1,inspiring,klose-actual-grade5-6-vocabulary.csv,291,8
KV001058,renjiao_start3,2024-revision,6年级上,6,上,1,pumpkin,klose-actual-grade5-6-vocabulary.csv,293,8
KV001059,renjiao_start3,2024-revision,6年级上,6,上,1,New Zealand,klose-actual-grade5-6-vocabulary.csv,296,4
KV001060,renjiao_start3,2024-revision,6年级上,6,上,1,Hong Kong-Zhuhai-Macao Bridge,klose-actual-grade5-6-vocabulary.csv,297,5
KV001061,renjiao_start3,2024-revision,6年级上,6,上,1,Paris,klose-actual-grade5-6-vocabulary.csv,298,5
KV001062,renjiao_start3,2024-revision,6年级上,6,上,1,Eiffel Tower,klose-actual-grade5-6-vocabulary.csv,299,5
KV001063,renjiao_start3,2024-revision,6年级上,6,上,1,Terracotta Warriors,klose-actual-grade5-6-vocabulary.csv,300,6
KV001064,renjiao_start3,2024-revision,6年级上,6,上,1,Jinggangshan Revolution Museum,klose-actual-grade5-6-vocabulary.csv,301,8
KV001065,renjiao_start3,2024-revision,6年级上,6,上,1,the Red Army,klose-actual-grade5-6-vocabulary.csv,302,8
KV001066,renjiao_start3,2024-revision,6年级上,6,上,2,paste,klose-actual-grade5-6-vocabulary.csv,303,16
KV001067,renjiao_start3,2024-revision,6年级上,6,上,2,dress,klose-actual-grade5-6-vocabulary.csv,304,17
KV001068,renjiao_start3,2024-revision,6年级上,6,上,2,gala,klose-actual-grade5-6-vocabulary.csv,305,17
KV001069,renjiao_start3,2024-revision,6年级上,6,上,2,count down,klose-actual-grade5-6-vocabulary.csv,306,17
KV001070,renjiao_start3,2024-revision,6年级上,6,上,2,marathon,klose-actual-grade5-6-vocabulary.csv,307,18
KV001071,renjiao_start3,2024-revision,6年级上,6,上,2,as,klose-actual-grade5-6-vocabulary.csv,308,18
KV001072,renjiao_start3,2024-revision,6年级上,6,上,2,cheer,klose-actual-grade5-6-vocabulary.csv,311,18
KV001073,renjiao_start3,2024-revision,6年级上,6,上,2,book fair,klose-actual-grade5-6-vocabulary.csv,312,18
KV001074,renjiao_start3,2024-revision,6年级上,6,上,2,make,klose-actual-grade5-6-vocabulary.csv,315,19
KV001075,renjiao_start3,2024-revision,6年级上,6,上,2,sing,klose-actual-grade5-6-vocabulary.csv,316,19
KV001076,renjiao_start3,2024-revision,6年级上,6,上,2,yesterday,klose-actual-grade5-6-vocabulary.csv,318,19
KV001076,renjiao_start3,pre-2024-revision,6年级下,6,下,2,yesterday,klose-actual-grade5-6-vocabulary.csv,452,17
KV001077,renjiao_start3,2024-revision,6年级上,6,上,2,notice,klose-actual-grade5-6-vocabulary.csv,319,20
KV001078,renjiao_start3,2024-revision,6年级上,6,上,2,wake,klose-actual-grade5-6-vocabulary.csv,320,20
KV001079,renjiao_start3,2024-revision,6年级上,6,上,2,later,klose-actual-grade5-6-vocabulary.csv,321,20
KV001080,renjiao_start3,2024-revision,6年级上,6,上,2,judge,klose-actual-grade5-6-vocabulary.csv,322,20
KV001081,renjiao_start3,2024-revision,6年级上,6,上,2,begin,klose-actual-grade5-6-vocabulary.csv,323,20
KV001082,renjiao_start3,2024-revision,6年级上,6,上,2,winner,klose-actual-grade5-6-vocabulary.csv,325,20
KV001083,renjiao_start3,2024-revision,6年级上,6,上,2,ever,klose-actual-grade5-6-vocabulary.csv,326,20
KV001084,renjiao_start3,2024-revision,6年级上,6,上,2,exciting,klose-actual-grade5-6-vocabulary.csv,327,20
KV001085,renjiao_start3,2024-revision,6年级上,6,上,3,cold,klose-actual-grade5-6-vocabulary.csv,328,28
KV001086,renjiao_start3,2024-revision,6年级上,6,上,3,runny nose,klose-actual-grade5-6-vocabulary.csv,331,28
KV001087,renjiao_start3,2024-revision,6年级上,6,上,3,fever,klose-actual-grade5-6-vocabulary.csv,333,29
KV001088,renjiao_start3,2024-revision,6年级上,6,上,3,cough,klose-actual-grade5-6-vocabulary.csv,334,29
KV001089,renjiao_start3,2024-revision,6年级上,6,上,3,discuss,klose-actual-grade5-6-vocabulary.csv,335,30
KV001090,renjiao_start3,2024-revision,6年级上,6,上,3,diet,klose-actual-grade5-6-vocabulary.csv,336,31
KV001091,renjiao_start3,2024-revision,6年级上,6,上,3,stay up,klose-actual-grade5-6-vocabulary.csv,337,31
KV001092,renjiao_start3,2024-revision,6年级上,6,上,3,another,klose-actual-grade5-6-vocabulary.csv,339,32
KV001093,renjiao_start3,2024-revision,6年级上,6,上,3,email,klose-actual-grade5-6-vocabulary.csv,341,32
KV001094,renjiao_start3,2024-revision,6年级上,6,上,3,unhappy,klose-actual-grade5-6-vocabulary.csv,342,32
KV001095,renjiao_start3,2024-revision,6年级上,6,上,3,may,klose-actual-grade5-6-vocabulary.csv,344,32
KV001096,renjiao_start3,2024-revision,6年级上,6,上,3,add,klose-actual-grade5-6-vocabulary.csv,345,32
KV001097,renjiao_start3,2024-revision,6年级上,6,上,3,video,klose-actual-grade5-6-vocabulary.csv,346,32
KV001098,renjiao_start3,2024-revision,6年级上,6,上,4,pocket money,klose-actual-grade5-6-vocabulary.csv,349,40
KV001099,renjiao_start3,2024-revision,6年级上,6,上,4,goods,klose-actual-grade5-6-vocabulary.csv,351,41
KV001100,renjiao_start3,2024-revision,6年级上,6,上,4,service,klose-actual-grade5-6-vocabulary.csv,353,41
KV001101,renjiao_start3,2024-revision,6年级上,6,上,4,haircut,klose-actual-grade5-6-vocabulary.csv,354,41
KV001102,renjiao_start3,2024-revision,6年级上,6,上,4,microscope,klose-actual-grade5-6-vocabulary.csv,355,42
KV001103,renjiao_start3,2024-revision,6年级上,6,上,4,lucky,klose-actual-grade5-6-vocabulary.csv,356,42
KV001104,renjiao_start3,2024-revision,6年级上,6,上,4,half,klose-actual-grade5-6-vocabulary.csv,357,42
KV001105,renjiao_start3,2024-revision,6年级上,6,上,4,save up,klose-actual-grade5-6-vocabulary.csv,358,43
KV001106,renjiao_start3,2024-revision,6年级上,6,上,4,sale,klose-actual-grade5-6-vocabulary.csv,359,43
KV001107,renjiao_start3,2024-revision,6年级上,6,上,4,ticket,klose-actual-grade5-6-vocabulary.csv,360,43
KV001108,renjiao_start3,2024-revision,6年级上,6,上,4,manage,klose-actual-grade5-6-vocabulary.csv,361,44
KV001109,renjiao_start3,2024-revision,6年级上,6,上,4,sell,klose-actual-grade5-6-vocabulary.csv,362,44
KV001110,renjiao_start3,2024-revision,6年级上,6,上,4,jar,klose-actual-grade5-6-vocabulary.csv,363,44
KV001111,renjiao_start3,2024-revision,6年级上,6,上,5,planet,klose-actual-grade5-6-vocabulary.csv,365,52
KV001112,renjiao_start3,2024-revision,6年级上,6,上,5,sky,klose-actual-grade5-6-vocabulary.csv,367,52
KV001113,renjiao_start3,2024-revision,6年级上,6,上,5,daytime,klose-actual-grade5-6-vocabulary.csv,368,52
KV001114,renjiao_start3,2024-revision,6年级上,6,上,5,cloud,klose-actual-grade5-6-vocabulary.csv,369,52
KV001115,renjiao_start3,2024-revision,6年级上,6,上,5,moon,klose-actual-grade5-6-vocabulary.csv,370,52
KV001116,renjiao_start3,2024-revision,6年级上,6,上,5,space,klose-actual-grade5-6-vocabulary.csv,372,52
KV001117,renjiao_start3,2024-revision,6年级上,6,上,5,outer space,klose-actual-grade5-6-vocabulary.csv,373,52
KV001118,renjiao_start3,2024-revision,6年级上,6,上,5,space station,klose-actual-grade5-6-vocabulary.csv,374,52
KV001119,renjiao_start3,2024-revision,6年级上,6,上,5,ocean,klose-actual-grade5-6-vocabulary.csv,375,52
KV001120,renjiao_start3,2024-revision,6年级上,6,上,5,marble,klose-actual-grade5-6-vocabulary.csv,376,52
KV001121,renjiao_start3,2024-revision,6年级上,6,上,5,satellite,klose-actual-grade5-6-vocabulary.csv,377,53
KV001122,renjiao_start3,2024-revision,6年级上,6,上,5,soil,klose-actual-grade5-6-vocabulary.csv,378,54
KV001123,renjiao_start3,2024-revision,6年级上,6,上,5,alien,klose-actual-grade5-6-vocabulary.csv,379,54
KV001124,renjiao_start3,2024-revision,6年级上,6,上,5,rover,klose-actual-grade5-6-vocabulary.csv,381,54
KV001125,renjiao_start3,2024-revision,6年级上,6,上,5,telescope,klose-actual-grade5-6-vocabulary.csv,383,55
KV001126,renjiao_start3,2024-revision,6年级上,6,上,5,astronaut,klose-actual-grade5-6-vocabulary.csv,384,55
KV001127,renjiao_start3,2024-revision,6年级上,6,上,5,spaceship,klose-actual-grade5-6-vocabulary.csv,385,55
KV001128,renjiao_start3,2024-revision,6年级上,6,上,5,month,klose-actual-grade5-6-vocabulary.csv,386,55
KV001129,renjiao_start3,2024-revision,6年级上,6,上,5,taikonaut,klose-actual-grade5-6-vocabulary.csv,387,56
KV001130,renjiao_start3,2024-revision,6年级上,6,上,5,cloth,klose-actual-grade5-6-vocabulary.csv,388,56
KV001131,renjiao_start3,2024-revision,6年级上,6,上,5,toothpaste,klose-actual-grade5-6-vocabulary.csv,389,56
KV001132,renjiao_start3,2024-revision,6年级上,6,上,5,question,klose-actual-grade5-6-vocabulary.csv,390,56
KV001133,renjiao_start3,2024-revision,6年级上,6,上,5,sunset,klose-actual-grade5-6-vocabulary.csv,391,56
KV001134,renjiao_start3,2024-revision,6年级上,6,上,5,time,klose-actual-grade5-6-vocabulary.csv,392,56
KV001135,renjiao_start3,2024-revision,6年级上,6,上,5,Mars,klose-actual-grade5-6-vocabulary.csv,393,54
KV001136,renjiao_start3,2024-revision,6年级上,6,上,6,power,klose-actual-grade5-6-vocabulary.csv,394,64
KV001137,renjiao_start3,2024-revision,6年级上,6,上,6,electricity,klose-actual-grade5-6-vocabulary.csv,395,64
KV001138,renjiao_start3,2024-revision,6年级上,6,上,6,solar,klose-actual-grade5-6-vocabulary.csv,396,65
KV001139,renjiao_start3,2024-revision,6年级上,6,上,6,type,klose-actual-grade5-6-vocabulary.csv,397,65
KV001140,renjiao_start3,2024-revision,6年级上,6,上,6,energy,klose-actual-grade5-6-vocabulary.csv,398,65
KV001141,renjiao_start3,2024-revision,6年级上,6,上,6,light,klose-actual-grade5-6-vocabulary.csv,399,65
KV001142,renjiao_start3,2024-revision,6年级上,6,上,6,cool,klose-actual-grade5-6-vocabulary.csv,401,65
KV001143,renjiao_start3,2024-revision,6年级上,6,上,6,run,klose-actual-grade5-6-vocabulary.csv,402,65
KV001144,renjiao_start3,2024-revision,6年级上,6,上,6,resource,klose-actual-grade5-6-vocabulary.csv,403,66
KV001145,renjiao_start3,2024-revision,6年级上,6,上,6,run out,klose-actual-grade5-6-vocabulary.csv,404,66
KV001146,renjiao_start3,2024-revision,6年级上,6,上,6,change,klose-actual-grade5-6-vocabulary.csv,405,66
KV001147,renjiao_start3,2024-revision,6年级上,6,上,6,quick,klose-actual-grade5-6-vocabulary.csv,406,66
KV001148,renjiao_start3,2024-revision,6年级上,6,上,6,shower,klose-actual-grade5-6-vocabulary.csv,407,66
KV001149,renjiao_start3,2024-revision,6年级上,6,上,6,unplug,klose-actual-grade5-6-vocabulary.csv,408,66
KV001150,renjiao_start3,2024-revision,6年级上,6,上,6,difference,klose-actual-grade5-6-vocabulary.csv,409,66
KV001151,renjiao_start3,2024-revision,6年级上,6,上,6,reduce,klose-actual-grade5-6-vocabulary.csv,410,67
KV001152,renjiao_start3,2024-revision,6年级上,6,上,6,air conditioner,klose-actual-grade5-6-vocabulary.csv,411,67
KV001153,renjiao_start3,2024-revision,6年级上,6,上,6,drive,klose-actual-grade5-6-vocabulary.csv,412,67
KV001154,renjiao_start3,2024-revision,6年级上,6,上,6,reuse,klose-actual-grade5-6-vocabulary.csv,413,67
KV001155,renjiao_start3,2024-revision,6年级上,6,上,6,own,klose-actual-grade5-6-vocabulary.csv,414,67
KV001156,renjiao_start3,2024-revision,6年级上,6,上,6,market,klose-actual-grade5-6-vocabulary.csv,415,67
KV001157,renjiao_start3,2024-revision,6年级上,6,上,6,bottle,klose-actual-grade5-6-vocabulary.csv,416,67
KV001158,renjiao_start3,2024-revision,6年级上,6,上,6,top,klose-actual-grade5-6-vocabulary.csv,417,68
KV001159,renjiao_start3,2024-revision,6年级上,6,上,6,useful,klose-actual-grade5-6-vocabulary.csv,418,68
KV001160,renjiao_start3,2024-revision,6年级上,6,上,6,side,klose-actual-grade5-6-vocabulary.csv,420,68
KV001161,renjiao_start3,pre-2024-revision,6年级下,6,下,1,dinosaur,klose-actual-grade5-6-vocabulary.csv,431,4
KV001162,renjiao_start3,pre-2024-revision,6年级下,6,下,1,hall,klose-actual-grade5-6-vocabulary.csv,432,4
KV001163,renjiao_start3,pre-2024-revision,6年级下,6,下,1,than,klose-actual-grade5-6-vocabulary.csv,434,4
KV001164,renjiao_start3,pre-2024-revision,6年级下,6,下,1,kilogram,klose-actual-grade5-6-vocabulary.csv,436,6
KV001165,renjiao_start3,pre-2024-revision,6年级下,6,下,1,shadow,klose-actual-grade5-6-vocabulary.csv,439,8
KV001166,renjiao_start3,pre-2024-revision,6年级下,6,下,1,become,klose-actual-grade5-6-vocabulary.csv,441,8
KV001167,renjiao_start3,pre-2024-revision,6年级下,6,下,2,had a cold,klose-actual-grade5-6-vocabulary.csv,447,17
KV001168,renjiao_start3,pre-2024-revision,6年级下,6,下,2,magazine,klose-actual-grade5-6-vocabulary.csv,456,16
KV001169,renjiao_start3,pre-2024-revision,6年级下,6,下,2,lamp,klose-actual-grade5-6-vocabulary.csv,462,18
KV001170,renjiao_start3,pre-2024-revision,6年级下,6,下,3,camp,klose-actual-grade5-6-vocabulary.csv,467,25
KV001171,renjiao_start3,pre-2024-revision,6年级下,6,下,3,went camping,klose-actual-grade5-6-vocabulary.csv,468,25
KV001172,renjiao_start3,pre-2024-revision,6年级下,6,下,3,fish,klose-actual-grade5-6-vocabulary.csv,469,25
KV001173,renjiao_start3,pre-2024-revision,6年级下,6,下,3,went fishing,klose-actual-grade5-6-vocabulary.csv,470,25
KV001174,renjiao_start3,pre-2024-revision,6年级下,6,下,3,took pictures,klose-actual-grade5-6-vocabulary.csv,475,27
KV001175,renjiao_start3,pre-2024-revision,6年级下,6,下,3,gift,klose-actual-grade5-6-vocabulary.csv,477,27
KV001176,renjiao_start3,pre-2024-revision,6年级下,6,下,3,off,klose-actual-grade5-6-vocabulary.csv,479,24
KV001177,renjiao_start3,pre-2024-revision,6年级下,6,下,3,mule,klose-actual-grade5-6-vocabulary.csv,480,24
KV001178,renjiao_start3,pre-2024-revision,6年级下,6,下,3,Turpan,klose-actual-grade5-6-vocabulary.csv,481,24
KV001179,renjiao_start3,pre-2024-revision,6年级下,6,下,3,till,klose-actual-grade5-6-vocabulary.csv,483,24
KV001180,renjiao_start3,pre-2024-revision,6年级下,6,下,3,beach,klose-actual-grade5-6-vocabulary.csv,484,26
KV001181,renjiao_start3,pre-2024-revision,6年级下,6,下,3,basket,klose-actual-grade5-6-vocabulary.csv,485,28
KV001182,renjiao_start3,pre-2024-revision,6年级下,6,下,3,part,klose-actual-grade5-6-vocabulary.csv,486,28
KV001183,renjiao_start3,pre-2024-revision,6年级下,6,下,4,dining hall,klose-actual-grade5-6-vocabulary.csv,489,35
KV001184,renjiao_start3,pre-2024-revision,6年级下,6,下,4,gym,klose-actual-grade5-6-vocabulary.csv,491,35
KV001185,renjiao_start3,pre-2024-revision,6年级下,6,下,4,ago,klose-actual-grade5-6-vocabulary.csv,492,35
KV001186,renjiao_start3,pre-2024-revision,6年级下,6,下,4,cycling,klose-actual-grade5-6-vocabulary.csv,493,37
KV001187,renjiao_start3,pre-2024-revision,6年级下,6,下,4,go cycling,klose-actual-grade5-6-vocabulary.csv,494,37
KV001188,renjiao_start3,pre-2024-revision,6年级下,6,下,4,ice-skate,klose-actual-grade5-6-vocabulary.csv,495,37
KV001189,renjiao_start3,pre-2024-revision,6年级下,6,下,4,look up,klose-actual-grade5-6-vocabulary.csv,499,34
KV001190,renjiao_start3,pre-2024-revision,6年级下,6,下,4,Internet,klose-actual-grade5-6-vocabulary.csv,500,34
KV001191,renjiao_start3,pre-2024-revision,6年级下,6,下,4,nothing,klose-actual-grade5-6-vocabulary.csv,504,38
KV001192,renjiao_start3,pre-2024-revision,6年级下,6,下,4,cheetah,klose-actual-grade5-6-vocabulary.csv,507,38
KV001193,renjiao_start3,pre-2024-revision,6年级下,6,下,4,trip,klose-actual-grade5-6-vocabulary.csv,508,38
KV001194,renjiao_start3,pre-2024-revision,6年级下,6,下,4,dream,klose-actual-grade5-6-vocabulary.csv,510,38
