SourceOccurrenceKey,SourceID,SourceBook,Grade,Semester,SourceRow,Word,MatchKey,British,American,Definition,SourceFile
beijing_start1|g1-upper|r002|star,beijing_start1,1年级上,1,上,2,star,star,[stɑː(r)],[stɑːr],"n. 星,恒星;明星;星形物 adj. 明星的,主角的;星形的 vt. 用星号标于;由...主演,由...担任主角 vi. 担任主角",北京版一年级起点一年级上.xlsx
beijing_start1|g1-upper|r003|moon,beijing_start1,1年级上,1,上,3,moon,moon,[muːn],[muːn],n. 月亮;月球;月光;卫星 vi. 闲荡;出神 vt. 虚度,北京版一年级起点一年级上.xlsx
beijing_start1|g1-upper|r004|night,beijing_start1,1年级上,1,上,4,night,night,[naɪt],[naɪt],"n. 夜晚,晚上;黑暗,黑夜 adj. 夜晚的,夜间的",北京版一年级起点一年级上.xlsx
beijing_start1|g1-upper|r005|lake,beijing_start1,1年级上,1,上,5,lake,lake,[leɪk],[leɪk],n. 湖;深红色颜料;胭脂红 vt. (使)血球溶解 vi. (使)血球溶解,北京版一年级起点一年级上.xlsx
beijing_start1|g1-upper|r006|house,beijing_start1,1年级上,1,上,6,house,house,[haʊs],[haʊs],n. 住宅;家庭;机构;议会;某种用途的建筑物 vt. 覆盖;给...房子住;把...储藏在房内 vi. 住,北京版一年级起点一年级上.xlsx
beijing_start1|g1-upper|r007|boat,beijing_start1,1年级上,1,上,7,boat,boat,[bəʊt],[boʊt],n. 小船;轮船 vi. 划船,北京版一年级起点一年级上.xlsx
beijing_start1|g1-upper|r008|key,beijing_start1,1年级上,1,上,8,key,key,[kiː],[kiː],n. (打字机等的)键;关键;钥匙 vt. 键入;锁上;调节...的音调;提供线索 vi. 使用钥匙 adj. 关键的,北京版一年级起点一年级上.xlsx
beijing_start1|g1-upper|r009|car,beijing_start1,1年级上,1,上,9,car,car,[kɑː(r)],[kɑːr],n. 汽车;车厢,北京版一年级起点一年级上.xlsx
beijing_start1|g1-upper|r010|gate,beijing_start1,1年级上,1,上,10,gate,gate,[ɡeɪt],[ɡeɪt],n. 大门;出入口;门道 vt. 给...装大门,北京版一年级起点一年级上.xlsx
beijing_start1|g1-upper|r011|kite,beijing_start1,1年级上,1,上,11,kite,kite,[kaɪt],[kaɪt],n. 风筝 vi. 使用空头支票;像风筝一样飞;轻快地移动 vt. 骗钱;涂改(支票),北京版一年级起点一年级上.xlsx
beijing_start1|g1-upper|r012|girl,beijing_start1,1年级上,1,上,12,girl,girl,[ɡɜːl],[ɡɜːrl],"n. 女孩;姑娘,未婚女子;女职员,女演员;(男人的)女朋友 n. (捷)吉尔",北京版一年级起点一年级上.xlsx
beijing_start1|g1-upper|r013|bike,beijing_start1,1年级上,1,上,13,bike,bike,[baɪk],[baɪk],n. 自行车;脚踏车 vi. 骑自行车(或摩托车),北京版一年级起点一年级上.xlsx
beijing_start1|g1-upper|r014|uniform,beijing_start1,1年级上,1,上,14,uniform,uniform,[ˈjuːnɪfɔːm],[ˈjuːnɪfɔːrm],n. 制服 adj. 统一的;一致的;相同的;均衡的;始终如一的 vt. 使穿制服;使成一样,北京版一年级起点一年级上.xlsx
beijing_start1|g1-upper|r015|bag,beijing_start1,1年级上,1,上,15,bag,bag,[bæɡ],[bæɡ],"n. 袋;猎获物;(俚)一瓶啤酒 vt. 猎获;把...装入袋中;占据,私吞;使膨大 vi. 松垂",北京版一年级起点一年级上.xlsx
beijing_start1|g1-upper|r016|cake,beijing_start1,1年级上,1,上,16,cake,cake,[keɪk],[keɪk],n. 蛋糕;块状物;利益总额 vt. 使结块 vi. 结成块状,北京版一年级起点一年级上.xlsx
beijing_start1|g1-upper|r017|dish,beijing_start1,1年级上,1,上,17,dish,dish,[dɪʃ],[dɪʃ],n. 盘;餐具;一盘食物;外貌有吸引力的人 vt. 盛于碟盘中;分发;使某人的希望破灭;说(某人)的闲话 vi. 成碟状;闲谈,北京版一年级起点一年级上.xlsx
beijing_start1|g1-upper|r018|cup,beijing_start1,1年级上,1,上,18,cup,cup,[kʌp],[kʌp],n. 杯子;奖杯;酒杯 vt. 使成杯状;为...拔火罐,北京版一年级起点一年级上.xlsx
beijing_start1|g1-upper|r019|nut,beijing_start1,1年级上,1,上,19,nut,nut,[nʌt],[nʌt],"n. 螺母,螺帽;坚果;难对付的人,难解的问题 vi. 采坚果",北京版一年级起点一年级上.xlsx
beijing_start1|g1-upper|r020|spoon,beijing_start1,1年级上,1,上,20,spoon,spoon,[spuːn],[spuːn],"n. 匙,勺子;一杓的量 vt. 用匙舀;使成匙状 vi. 轻轻向上击",北京版一年级起点一年级上.xlsx
beijing_start1|g1-upper|r021|eye,beijing_start1,1年级上,1,上,21,eye,eye,[aɪ],[aɪ],"n. 眼睛;视力;眼光;见解,观点 vt. 注视,看",北京版一年级起点一年级上.xlsx
beijing_start1|g1-upper|r022|ear,beijing_start1,1年级上,1,上,22,ear,ear,[ɪə(r)],[ɪr],n. 耳朵;穗;听觉;倾听 vi. (美俚)听见;抽穗,北京版一年级起点一年级上.xlsx
beijing_start1|g1-upper|r023|knee,beijing_start1,1年级上,1,上,23,knee,knee,[niː],[niː],"n. 膝盖,膝 vt. 用膝盖碰",北京版一年级起点一年级上.xlsx
beijing_start1|g1-upper|r024|foot,beijing_start1,1年级上,1,上,24,foot,foot,[fʊt],[fʊt],n. 脚;英尺;步调;末尾 vt. 支付;给......换底 vi. 步行;跳舞;总计,北京版一年级起点一年级上.xlsx
beijing_start1|g1-upper|r025|bed,beijing_start1,1年级上,1,上,25,bed,bed,[bed],[bed],"n. 床;基础;河底, 海底 vt. 使睡觉;安置,嵌入;栽种 vi. 上床;分层",北京版一年级起点一年级上.xlsx
beijing_start1|g1-upper|r026|box,beijing_start1,1年级上,1,上,26,box,box,[bɒks],[bɑːks],"n. 箱,盒子;包厢;一拳 vt. 拳击;装...入盒中;打耳光 vi. 拳击",北京版一年级起点一年级上.xlsx
beijing_start1|g1-upper|r027|pen,beijing_start1,1年级上,1,上,27,pen,pen,[pen],[pen],n. 钢笔;作家;围栏 vt. 写;关入栏中,北京版一年级起点一年级上.xlsx
beijing_start1|g1-upper|r028|book,beijing_start1,1年级上,1,上,28,book,book,[bʊk],[bʊk],n. 书籍;卷;帐簿;名册;工作簿 vt. 预订;登记,北京版一年级起点一年级上.xlsx
beijing_start1|g1-upper|r029|coat,beijing_start1,1年级上,1,上,29,coat,coat,[kəʊt],[koʊt],n. 外套 vt. 覆盖...的表面,北京版一年级起点一年级上.xlsx
beijing_start1|g1-upper|r030|ufo,beijing_start1,1年级上,1,上,30,UFO,ufo,[ˌjuː ef ˈəʊ; ˈjuːfəʊ],[ˌjuː ef ˈoʊˌˈjuːfoʊ],abbr. 不明飞行物(Unidentified Flying Object),北京版一年级起点一年级上.xlsx
beijing_start1|g1-upper|r031|hut,beijing_start1,1年级上,1,上,31,hut,hut,[hʌt],[hʌt],n. 小屋;临时营房 vt. 使住在小屋中;驻扎 vi. 住在小屋中;驻扎,北京版一年级起点一年级上.xlsx
beijing_start1|g1-upper|r032|skirt,beijing_start1,1年级上,1,上,32,skirt,skirt,[skɜːt],[skɜːrt],"n. 裙子 vt. 绕过,回避;位于...边缘 vi. 沿边走,绕开;环绕",北京版一年级起点一年级上.xlsx
beijing_start1|g1-upper|r033|wood,beijing_start1,1年级上,1,上,33,wood,wood,[wʊd],[wʊd],n. 木材;木制品;树林 vt. 植林于;给...添加木柴 vi. 收集木材,北京版一年级起点一年级上.xlsx
beijing_start1|g1-upper|r034|bird,beijing_start1,1年级上,1,上,34,bird,bird,[bɜːd],[bɜːrd],n. 鸟;家伙;羽毛球 vt. 向...喝倒彩;起哄 vi. 猎鸟;观察研究野鸟,北京版一年级起点一年级上.xlsx
beijing_start1|g1-upper|r035|bee,beijing_start1,1年级上,1,上,35,bee,bee,[biː],[biː],"n. 蜜蜂,蜂;勤劳的人",北京版一年级起点一年级上.xlsx
beijing_start1|g1-upper|r036|deer,beijing_start1,1年级上,1,上,36,deer,deer,[dɪə(r)],[dɪr],n. 鹿,北京版一年级起点一年级上.xlsx
beijing_start1|g1-upper|r037|cat,beijing_start1,1年级上,1,上,37,cat,cat,[kæt],[kæt],"n. 猫,猫科动物",北京版一年级起点一年级上.xlsx
beijing_start1|g1-upper|r038|dog,beijing_start1,1年级上,1,上,38,dog,dog,[dɒɡ],[dɔːɡ],n. 狗;丑女人;卑鄙的人;(俚)朋友 vt. 跟踪;尾随,北京版一年级起点一年级上.xlsx
beijing_start1|g1-upper|r039|fish,beijing_start1,1年级上,1,上,39,fish,fish,[fɪʃ],[fɪʃ],"n. 鱼,鱼类 vt. 钓鱼,捕鱼;搜寻 vi. 捕鱼,钓鱼;用钩捞取",北京版一年级起点一年级上.xlsx
beijing_start1|g1-upper|r040|mouse,beijing_start1,1年级上,1,上,40,mouse,mouse,[maʊs],[maʊs],n. 鼠标;老鼠;胆小羞怯的人 vt. 探出 vi. 捕鼠;窥探,北京版一年级起点一年级上.xlsx
beijing_start1|g1-lower|r002|cap,beijing_start1,1年级下,1,下,2,cap,cap,[kæp],[kæp],n. 盖;帽子 vt. 覆盖;胜过;给...戴帽;加盖于 vi. 脱帽致意,北京版一年级起点一年级下.xlsx
beijing_start1|g1-lower|r003|head,beijing_start1,1年级下,1,下,3,head,head,[hed],[hed],n. 头;头痛;上端;最前的部分;理解力 adj. 头的;主要的;在顶端的 vt. 前进;用头顶;作为...的首领;站在...的前头;给...加标题 vi. 出发;成头状物;船驶往,北京版一年级起点一年级下.xlsx
beijing_start1|g1-lower|r004|hair,beijing_start1,1年级下,1,下,4,hair,hair,[heə(r)],[her],n. 头发;毛发;些微 adj. 毛发的;护理毛发的;用毛发制成的 vt. 除去...的毛发 vi. 生长毛发;形成毛状纤维,北京版一年级起点一年级下.xlsx
beijing_start1|g1-lower|r005|uniform,beijing_start1,1年级下,1,下,5,uniform,uniform,[ˈjuːnɪfɔːm],[ˈjuːnɪfɔːrm],n. 制服 adj. 统一的;一致的;相同的;均衡的;始终如一的 vt. 使穿制服;使成一样,北京版一年级起点一年级下.xlsx
beijing_start1|g1-lower|r006|nose,beijing_start1,1年级下,1,下,6,nose,nose,[nəʊz],[noʊz],n. 鼻子;嗅觉;突出的部分;探问 vt. 嗅;用鼻子触 vi. 小心探索着前进;探问,北京版一年级起点一年级下.xlsx
beijing_start1|g1-lower|r007|vest,beijing_start1,1年级下,1,下,7,vest,vest,[vest],[vest],n. 背心;汗衫 vt. 授予;使穿衣 vi. 归属;穿衣服,北京版一年级起点一年级下.xlsx
beijing_start1|g1-lower|r008|window,beijing_start1,1年级下,1,下,8,window,window,[ˈwɪndəʊ],[ˈwɪndoʊ],n. 窗;窗口;窗户,北京版一年级起点一年级下.xlsx
beijing_start1|g1-lower|r009|yard,beijing_start1,1年级下,1,下,9,yard,yard,[jɑːd],[jɑːrd],"n. 院子;码(英制中丈量长度单位,1码=3英尺);庭院;帆桁 vt. 把...关进或围在畜栏里",北京版一年级起点一年级下.xlsx
beijing_start1|g1-lower|r010|wall,beijing_start1,1年级下,1,下,10,wall,wall,[wɔːl],[wɔːl],"n. 墙壁,围墙;似墙之物 adj. 墙壁的 vt. 用墙围住,围以墙",北京版一年级起点一年级下.xlsx
beijing_start1|g1-lower|r011|ball,beijing_start1,1年级下,1,下,11,ball,ball,[bɔːl],[bɔːl],n. 球;舞会 vt. 捏成球形 vi. 成团块,北京版一年级起点一年级下.xlsx
beijing_start1|g1-lower|r012|van,beijing_start1,1年级下,1,下,12,van,van,[væn],[væn],n. 先锋;厢式货车;增值网 vt. 用车搬运,北京版一年级起点一年级下.xlsx
beijing_start1|g1-lower|r013|oil,beijing_start1,1年级下,1,下,13,oil,oil,[ɔɪl],[ɔɪl],n. 油;石油;油画颜料 vt. 加油;涂油;使融化 vi. 融化;加燃油,北京版一年级起点一年级下.xlsx
beijing_start1|g1-lower|r014|net,beijing_start1,1年级下,1,下,14,net,net,[net],[net],n. 网;网络;净利;实价 vi. 编网 vt. 得到;净赚;用网捕 adj. 纯粹的;净余的,北京版一年级起点一年级下.xlsx
beijing_start1|g1-lower|r015|banana,beijing_start1,1年级下,1,下,15,banana,banana,[bəˈnɑːnə],[bəˈnænə],n. 香蕉;喜剧演员;大鹰钩鼻,北京版一年级起点一年级下.xlsx
beijing_start1|g1-lower|r016|ice cream,beijing_start1,1年级下,1,下,16,ice cream,ice cream,[ˈaɪs kriːm],[ˈaɪs kriːm],n. 【食】冰淇淋,北京版一年级起点一年级下.xlsx
beijing_start1|g1-lower|r017|ice,beijing_start1,1年级下,1,下,17,ice,ice,[aɪs],[aɪs],n. 冰;冰淇淋;矜持;(俚)钻石 adj. 冰的 vt. 冰镇;结冰 vi. 结冰,北京版一年级起点一年级下.xlsx
beijing_start1|g1-lower|r018|orange,beijing_start1,1年级下,1,下,18,orange,orange,[ˈɒrɪndʒ],[ˈɔrɪndʒ],adj. 橙色的;橘色的 n. 橙;橙色;桔子,北京版一年级起点一年级下.xlsx
beijing_start1|g1-lower|r019|jam,beijing_start1,1年级下,1,下,19,jam,jam,[dʒæm],[dʒæm],"n. 果酱;拥挤;困境;扣篮 vt. 使堵塞;挤进,使塞满;混杂;压碎 vi. 堵塞;轧住",北京版一年级起点一年级下.xlsx
beijing_start1|g1-lower|r020|apple,beijing_start1,1年级下,1,下,20,apple,apple,[ˈæp(ə)l],[ˈæpl],"n. 苹果,苹果树,苹果似的东西;[美俚]炸弹,手榴弹,(棒球的)球;[美俚]人,家伙。",北京版一年级起点一年级下.xlsx
beijing_start1|g1-lower|r021|juice,beijing_start1,1年级下,1,下,21,juice,juice,[dʒuːs],[dʒuːs],"n. (水果)汁,液;果汁",北京版一年级起点一年级下.xlsx
beijing_start1|g1-lower|r022|peach,beijing_start1,1年级下,1,下,22,peach,peach,[piːtʃ],[piːtʃ],n. 桃子;桃树;桃红色;受人喜欢的人(或物) adj. 桃色的;用桃子制成的 vt. 告发 vi. 告密,北京版一年级起点一年级下.xlsx
beijing_start1|g1-lower|r023|grapes,beijing_start1,1年级下,1,下,23,grapes,grapes,[ɡreɪps],[ɡreɪps],n. [园艺] 葡萄(grape的复数),北京版一年级起点一年级下.xlsx
beijing_start1|g1-lower|r024|yogurt,beijing_start1,1年级下,1,下,24,yogurt,yogurt,[ˈjɒɡət],[ˈjoʊɡərt],"n. 酸奶酪,[食品] 酸乳(等于yoghurt)",北京版一年级起点一年级下.xlsx
beijing_start1|g1-lower|r025|zoo,beijing_start1,1年级下,1,下,25,zoo,zoo,[zuː],[zuː],n. 动物园; <美俚>(铁路货车的最后一节)守车; <美俚>核粒子园,北京版一年级起点一年级下.xlsx
beijing_start1|g1-lower|r026|tiger,beijing_start1,1年级下,1,下,26,tiger,tiger,[ˈtaɪɡə(r)],[ˈtaɪɡər],n. 老虎;凶暴的人,北京版一年级起点一年级下.xlsx
beijing_start1|g1-lower|r027|panda,beijing_start1,1年级下,1,下,27,panda,panda,[ˈpændə],[ˈpændə],n. 熊猫;猫熊,北京版一年级起点一年级下.xlsx
beijing_start1|g1-lower|r028|snake,beijing_start1,1年级下,1,下,28,snake,snake,[sneɪk],[sneɪk],n. 蛇;阴险的人 vt. 拉(木材等);迂回前进 vi. 迂回前进,北京版一年级起点一年级下.xlsx
beijing_start1|g1-lower|r029|elephant,beijing_start1,1年级下,1,下,29,elephant,elephant,[ˈelɪfənt],[ˈelɪfənt],n. 象;大号图画纸,北京版一年级起点一年级下.xlsx
beijing_start1|g1-lower|r030|fox,beijing_start1,1年级下,1,下,30,fox,fox,[fɒks],[fɑːks],n. 狐狸;狡猾的人 vt. 欺骗;使变酸 vi. 假装;耍狡猾手段,北京版一年级起点一年级下.xlsx
beijing_start1|g1-lower|r031|lion,beijing_start1,1年级下,1,下,31,lion,lion,[ˈlaɪən],[ˈlaɪən],n. 狮子;名人;勇猛的人;社交场合的名流,北京版一年级起点一年级下.xlsx
beijing_start1|g1-lower|r032|monkey,beijing_start1,1年级下,1,下,32,monkey,monkey,[ˈmʌŋki],[ˈmʌŋki],n. 猴子;顽童 vi. 胡闹;捣蛋 vt. 嘲弄,北京版一年级起点一年级下.xlsx
beijing_start1|g1-lower|r033|zebra,beijing_start1,1年级下,1,下,33,zebra,zebra,[ˈzebrə],[ˈziːbrə],n. [脊椎] 斑马 adj. 有斑纹的,北京版一年级起点一年级下.xlsx
beijing_start1|g1-lower|r034|sun,beijing_start1,1年级下,1,下,34,sun,sun,[sʌn],[sʌn],n. 太阳 vt. 使晒 vi. 晒太阳,北京版一年级起点一年级下.xlsx
beijing_start1|g1-lower|r035|leaf,beijing_start1,1年级下,1,下,35,leaf,leaf,[liːf],[liːf],"n. 叶子;(书籍等的)一张;扇页 vi. 生叶;翻书页 vt. 翻...的页,匆匆翻阅",北京版一年级起点一年级下.xlsx
beijing_start1|g1-lower|r036|king,beijing_start1,1年级下,1,下,36,king,king,[kɪŋ],[kɪŋ],"n. 国王;最有势力者;王棋 vi. 统治;做国王 vt. 立...为王 adj. 主要的,最重要的,最大的",北京版一年级起点一年级下.xlsx
beijing_start1|g1-lower|r037|park,beijing_start1,1年级下,1,下,37,park,park,[pɑːk],[pɑːrk],n. 公园;[交] 停车场 vt. 停放;放置;寄存 vi. 停放车辆,北京版一年级起点一年级下.xlsx
beijing_start1|g1-lower|r038|gift,beijing_start1,1年级下,1,下,38,gift,gift,[ɡɪft],[ɡɪft],n. 礼物;天赋;赠品 vt. 赋予;向...赠送,北京版一年级起点一年级下.xlsx
beijing_start1|g1-lower|r039|queen,beijing_start1,1年级下,1,下,39,queen,queen,[kwiːn],[kwiːn],"n. 女王,王后;(纸牌中的)皇后;(蜜蜂等的)蜂王 vt. 使...成为女王或王后 vi. 做女王",北京版一年级起点一年级下.xlsx
beijing_start1|g1-lower|r040|river,beijing_start1,1年级下,1,下,40,river,river,[ˈrɪvə(r)],[ˈrɪvər],"n. 河,江",北京版一年级起点一年级下.xlsx
beijing_start1|g1-lower|r041|ox,beijing_start1,1年级下,1,下,41,ox,ox,[ɒks],[ɑːks],n. 牛;公牛,北京版一年级起点一年级下.xlsx
beijing_start1|g1-lower|r042|duck,beijing_start1,1年级下,1,下,42,duck,duck,[dʌk],[dʌk],n. 鸭子;鸭肉;(英)宝贝儿;零分 vt. 躲避;猛按...入水 vi. 闪避;没入水中,北京版一年级起点一年级下.xlsx
beijing_start1|g1-lower|r043|egg,beijing_start1,1年级下,1,下,43,egg,egg,[eɡ],[eɡ],n. 蛋;卵子;家伙;鸡蛋 vt. 煽动;怂恿,北京版一年级起点一年级下.xlsx
beijing_start1|g1-lower|r044|cow,beijing_start1,1年级下,1,下,44,cow,cow,[kaʊ],[kaʊ],"n. 奶牛,母牛;母兽 vt. 威胁,恐吓",北京版一年级起点一年级下.xlsx
beijing_start1|g1-lower|r045|rabbit,beijing_start1,1年级下,1,下,45,rabbit,rabbit,[ˈræbɪt],[ˈræbɪt],"n. 兔子,野兔 vt. 让...见鬼去吧 vi. 猎兔",北京版一年级起点一年级下.xlsx
beijing_start1|g1-lower|r046|kitten,beijing_start1,1年级下,1,下,46,kitten,kitten,[ˈkɪt(ə)n],[ˈkɪt(ə)n],n. 小猫;小动物 vi. 产小猫,北京版一年级起点一年级下.xlsx
beijing_start1|g1-lower|r047|map,beijing_start1,1年级下,1,下,47,map,map,[mæp],[mæp],vt. 映射;计划;绘制地图;确定基因在染色体中的位置 n. 地图;示意图;染色体图 vi. 基因被安置,北京版一年级起点一年级下.xlsx
beijing_start1|g1-lower|r048|flag,beijing_start1,1年级下,1,下,48,flag,flag,[flæɡ],[flæɡ],n. 标志;旗子 vt. 标记;插旗 vi. 标记;衰退;枯萎,北京版一年级起点一年级下.xlsx
beijing_start1|g1-lower|r049|desk,beijing_start1,1年级下,1,下,49,desk,desk,[desk],[desk],n. 办公桌;服务台;编辑部;(美)讲道台;乐谱架 adj. 书桌的;桌上用的;伏案做的,北京版一年级起点一年级下.xlsx
beijing_start1|g2-upper|r002|what,beijing_start1,2年级上,2,上,2,what,what,[wɒt],[wʌt],"pron. 什么;多么;多少 adv. 到什么程度,在哪一方面 adj. 什么;多么;何等 int. 什么;多么",北京版一年级起点二年级上.xlsx
beijing_start1|g2-upper|r003|day,beijing_start1,2年级上,2,上,3,day,day,[deɪ],[deɪ],n. 一天;时期;白昼 adj. 日间的;逐日的 adv. 每天;经常在白天地,北京版一年级起点二年级上.xlsx
beijing_start1|g2-upper|r004|it,beijing_start1,2年级上,2,上,4,it,it,[ɪt],[ɪt],abbr. 信息技术information technology abbr. 意大利Italy;意大利的Italian,北京版一年级起点二年级上.xlsx
beijing_start1|g2-upper|r005|tuesday,beijing_start1,2年级上,2,上,5,Tuesday,tuesday,[ˈtjuːzdeɪ],[ˈtuːzdeɪ],n. 星期二,北京版一年级起点二年级上.xlsx
beijing_start1|g2-upper|r006|i,beijing_start1,2年级上,2,上,6,I,i,[aɪ],[aɪ],n. 碘元素;英语字母I pron. 我,北京版一年级起点二年级上.xlsx
beijing_start1|g2-upper|r007|wednesday,beijing_start1,2年级上,2,上,7,Wednesday,wednesday,[ˈwenzdeɪ],[ˈwenzdeɪ],n. 星期三,北京版一年级起点二年级上.xlsx
beijing_start1|g2-upper|r008|go,beijing_start1,2年级上,2,上,8,go,go,[ɡəʊ],[ɡoʊ],n. 去;进行;尝试 vi. 走;达到;运转;趋于 vt. 忍受;出产;以...打赌 [复数 goes 第三人称单数 goes 过去式 went 过去分词 gone 现在分词 going],北京版一年级起点二年级上.xlsx
beijing_start1|g2-upper|r009|on,beijing_start1,2年级上,2,上,9,on,on,[ɒn],[ɑːn],"adv. 向前地;作用中,行动中;继续着 prep. 向,朝......;关于;在......之上;在......时候 adj. 开着的;发生着的,正在进行中",北京版一年级起点二年级上.xlsx
beijing_start1|g2-upper|r010|are,beijing_start1,2年级上,2,上,10,are,are,[ɑ:(r)],[ər; ɑːr; er],v. 是(be的第二人称单复数现在式) n. 公亩,北京版一年级起点二年级上.xlsx
beijing_start1|g2-upper|r011|in,beijing_start1,2年级上,2,上,11,in,in,[ɪn],[ɪn],prep. 按照(表示方式);从事于;在...之内 n. 执政者;门路;知情者 adj. 在里面的;时髦的 adv. 进入;当选;(服装等)时髦;在屋里,北京版一年级起点二年级上.xlsx
beijing_start1|g2-upper|r012|a,beijing_start1,2年级上,2,上,12,a,a,[ə],[ə; eɪ],n. 字母A;第一流的;学业成绩达最高标准的评价符号 abbr. [物]安(ampere),北京版一年级起点二年级上.xlsx
beijing_start1|g2-upper|r013|week,beijing_start1,2年级上,2,上,13,week,week,[wiːk],[wiːk],"n. 周,星期",北京版一年级起点二年级上.xlsx
beijing_start1|g2-upper|r014|do,beijing_start1,2年级上,2,上,14,do,do,[duː; də; du; dəʊ],[duː; də; du; doʊ],"vi. 行,足够;生长 n. 要求;规定;C大调音阶中的第一音 v. 做;干;学习;研究;进行;完成;解答;整理;算出;引起;行过 aux. 助动词(构成疑问句和否定句);(代替动词);(用于加强语气) n. (口语)事件;(主英国口语)诈骗;(主英国、新西兰口语)宴会;(口语)必须做到的事情",北京版一年级起点二年级上.xlsx
beijing_start1|g2-upper|r015|you,beijing_start1,2年级上,2,上,15,you,you,[ju],[juː; jə],pron. 你;你们,北京版一年级起点二年级上.xlsx
beijing_start1|g2-upper|r016|park,beijing_start1,2年级上,2,上,16,park,park,[pɑːk],[pɑːrk],n. 公园;[交] 停车场 vt. 停放;放置;寄存 vi. 停放车辆,北京版一年级起点二年级上.xlsx
beijing_start1|g2-upper|r017|class,beijing_start1,2年级上,2,上,17,class,class,[klɑːs],[klæs],"n. 阶级;班级;种类;班;等级 adj. 极好的;很好的,优秀的,出色的 vt. 分类;把...分等级;把...归入某等级,把...看作(或分类、归类);把...编入某一班级 vi. 属于...类(或等级),被列为某类(或某级)",北京版一年级起点二年级上.xlsx
beijing_start1|g2-upper|r018|we,beijing_start1,2年级上,2,上,18,we,we,[wi; wiː],[wi],"pron. 我们(主格);笔者,本人(作者或演讲人使用);朕,寡人",北京版一年级起点二年级上.xlsx
beijing_start1|g2-upper|r019|to,beijing_start1,2年级上,2,上,19,to,to,[tə],[tə; tu; tuː],prep. 到;向;(表示时间、方向)朝...方向 adv. 向前;(门等)关上,北京版一年级起点二年级上.xlsx
beijing_start1|g2-upper|r020|the,beijing_start1,2年级上,2,上,20,the,the,[ðə],[ðə; ði; ðiː],"art. 这;那 adv. 更加(用于比较级,最高级前)",北京版一年级起点二年级上.xlsx
beijing_start1|g2-upper|r021|sunday,beijing_start1,2年级上,2,上,21,Sunday,sunday,[ˈsʌndeɪ],[ˈsʌndeɪ],n. 星期日;礼拜日,北京版一年级起点二年级上.xlsx
beijing_start1|g2-upper|r022|zoo,beijing_start1,2年级上,2,上,22,zoo,zoo,[zuː],[zuː],n. 动物园; <美俚>(铁路货车的最后一节)守车; <美俚>核粒子园,北京版一年级起点二年级上.xlsx
beijing_start1|g2-upper|r023|saturday,beijing_start1,2年级上,2,上,23,Saturday,saturday,[ˈsætədeɪ],[ˈsætərdeɪ],n. 星期六,北京版一年级起点二年级上.xlsx
beijing_start1|g2-upper|r024|film,beijing_start1,2年级上,2,上,24,film,film,[fɪlm],[fɪlm],n. 电影;薄膜;胶卷;轻烟 vt. 在...上覆以薄膜;把...拍成电影 vi. 摄制电影;生薄膜;变得朦胧,北京版一年级起点二年级上.xlsx
beijing_start1|g2-upper|r025|grandma,beijing_start1,2年级上,2,上,25,grandma,grandma,[ˈɡrænmɑː],[ˈɡrænmɑː],n. 奶奶;外婆,北京版一年级起点二年级上.xlsx
beijing_start1|g2-upper|r026|grandmother,beijing_start1,2年级上,2,上,26,grandmother,grandmother,[ˈɡrænmʌðə(r)],[ˈɡrænmʌðər],n. 祖母;女祖先 vt. 当...的祖母 vi. 当祖母,北京版一年级起点二年级上.xlsx
beijing_start1|g2-upper|r027|grandpa,beijing_start1,2年级上,2,上,27,grandpa,grandpa,[ˈɡrænpɑː],[ˈɡrænpɑː],n. 爷爷;外公,北京版一年级起点二年级上.xlsx
beijing_start1|g2-upper|r028|grandfather,beijing_start1,2年级上,2,上,28,grandfather,grandfather,[ˈɡrænfɑːðə(r)],[ˈɡrænfɑːðər],n. 祖父;始祖 vt. 不受新规定限制,北京版一年级起点二年级上.xlsx
beijing_start1|g2-upper|r029|or,beijing_start1,2年级上,2,上,29,or,or,[ɔː(r)],[ɔːr],"conj. 或,或者;还是",北京版一年级起点二年级上.xlsx
beijing_start1|g2-upper|r030|is,beijing_start1,2年级上,2,上,30,is,is,[ɪz],[ɪz],v. 是(be的三单形式) n. 存在,北京版一年级起点二年级上.xlsx
beijing_start1|g2-upper|r031|eleven,beijing_start1,2年级上,2,上,31,eleven,eleven,[ɪˈlev(ə)n],[ɪˈlevn],num. 十一;十一个 n. 十一;十一个 adj. 十一的;十一个的,北京版一年级起点二年级上.xlsx
beijing_start1|g2-upper|r032|his,beijing_start1,2年级上,2,上,32,his,his,[hɪz],[hɪz; ɪz],pron. 他的,北京版一年级起点二年级上.xlsx
beijing_start1|g2-upper|r033|her,beijing_start1,2年级上,2,上,33,her,her,[hə(r)],[hər; ɜːr; ər; hɜːr],pron. 她(she的宾格);她的(she的所有格);她(指某个国家;一艘船),北京版一年级起点二年级上.xlsx
beijing_start1|g2-upper|r034|how many,beijing_start1,2年级上,2,上,34,how many,how many,,,na. 多少,北京版一年级起点二年级上.xlsx
beijing_start1|g2-upper|r035|pig,beijing_start1,2年级上,2,上,35,pig,pig,[pɪɡ],[pɪɡ],"n. 猪;猪肉 vi. 生小猪;像猪一样过活 n. 警察(俚语,带有攻击性)",北京版一年级起点二年级上.xlsx
beijing_start1|g2-upper|r036|your,beijing_start1,2年级上,2,上,36,your,your,[jɔː(r); jə(r)],[jʊr; jər],"pron. 你的,你们的",北京版一年级起点二年级上.xlsx
beijing_start1|g2-upper|r037|sixteen,beijing_start1,2年级上,2,上,37,sixteen,sixteen,[ˌsɪksˈtiːn],[ˌsɪksˈtiːn],"num. 十六 adj. 十六的,十六个的",北京版一年级起点二年级上.xlsx
beijing_start1|g2-upper|r038|my,beijing_start1,2年级上,2,上,38,my,my,[maɪ],[maɪ],pron. 我的 int. 哎呀(表示惊奇等);喔唷,北京版一年级起点二年级上.xlsx
beijing_start1|g2-upper|r039|cow,beijing_start1,2年级上,2,上,39,cow,cow,[kaʊ],[kaʊ],"n. 奶牛,母牛;母兽 vt. 威胁,恐吓",北京版一年级起点二年级上.xlsx
beijing_start1|g2-upper|r040|nineteen,beijing_start1,2年级上,2,上,40,nineteen,nineteen,[ˌnaɪnˈtiːn],[ˌnaɪnˈtiːn],num. 十九,北京版一年级起点二年级上.xlsx
beijing_start1|g2-upper|r041|our,beijing_start1,2年级上,2,上,41,our,our,[ɑː(r)],[ɑːr],pron. 我们的,北京版一年级起点二年级上.xlsx
beijing_start1|g2-upper|r042|two,beijing_start1,2年级上,2,上,42,two,two,[tuː],[tuː],num. 二 n. 两个 adj. 两个的,北京版一年级起点二年级上.xlsx
beijing_start1|g2-upper|r043|three,beijing_start1,2年级上,2,上,43,three,three,[θriː],[θriː],"num. 三 n. 三,三个 adj. 三的,三个的",北京版一年级起点二年级上.xlsx
beijing_start1|g2-upper|r044|after,beijing_start1,2年级上,2,上,44,after,after,[ˈɑːftə(r)],[ˈæftər],"conj. 在......之后 prep. 在......之后 adj. 以后的 adv. 后来,以后",北京版一年级起点二年级上.xlsx
beijing_start1|g2-upper|r045|elephant,beijing_start1,2年级上,2,上,45,elephant,elephant,[ˈelɪfənt],[ˈelɪfənt],n. 象;大号图画纸,北京版一年级起点二年级上.xlsx
beijing_start1|g2-upper|r046|yes,beijing_start1,2年级上,2,上,46,yes,yes,[jes],[jes],"n. 是(表示肯定) adv. 是, 是的",北京版一年级起点二年级上.xlsx
beijing_start1|g2-upper|r047|four,beijing_start1,2年级上,2,上,47,four,four,[fɔː(r)],[fɔːr],num. 四;四个 adj. 四的;四个的,北京版一年级起点二年级上.xlsx
beijing_start1|g2-upper|r048|baby,beijing_start1,2年级上,2,上,48,baby,baby,[ˈbeɪbi],[ˈbeɪbi],"n. 婴儿,婴孩;孩子气的人 adj. 婴儿的;幼小的 vt. 纵容,娇纵;把......当婴儿般对待",北京版一年级起点二年级上.xlsx
beijing_start1|g2-upper|r049|cat,beijing_start1,2年级上,2,上,49,cat,cat,[kæt],[kæt],"n. 猫,猫科动物",北京版一年级起点二年级上.xlsx
beijing_start1|g2-upper|r050|thin,beijing_start1,2年级上,2,上,50,thin,thin,[θɪn],[θɪn],n. 细小部分 adj. 薄的;瘦的;稀薄的;微弱的 vt. 使瘦;使淡;使稀疏 vi. 变薄;变瘦;变淡 adv. 稀疏地;微弱地,北京版一年级起点二年级上.xlsx
beijing_start1|g2-upper|r051|dog,beijing_start1,2年级上,2,上,51,dog,dog,[dɒɡ],[dɔːɡ],n. 狗;丑女人;卑鄙的人;(俚)朋友 vt. 跟踪;尾随,北京版一年级起点二年级上.xlsx
beijing_start1|g2-upper|r052|toy,beijing_start1,2年级上,2,上,52,toy,toy,[tɔɪ],[tɔɪ],n. 玩具;小装饰品;不值钱的东西 adj. 作为玩具的;玩物似的 vi. 玩弄;调情;随随便便地对待,北京版一年级起点二年级上.xlsx
beijing_start1|g2-upper|r053|monkey,beijing_start1,2年级上,2,上,53,monkey,monkey,[ˈmʌŋki],[ˈmʌŋki],n. 猴子;顽童 vi. 胡闹;捣蛋 vt. 嘲弄,北京版一年级起点二年级上.xlsx
beijing_start1|g2-upper|r054|these,beijing_start1,2年级上,2,上,54,these,these,[ðiːz],[ðiːz],adj. 这些的 pron. 这些,北京版一年级起点二年级上.xlsx
beijing_start1|g2-upper|r055|them,beijing_start1,2年级上,2,上,55,them,them,[ðəm; ðem],[ðəm; ðem],pron. 他们;它们;她们,北京版一年级起点二年级上.xlsx
beijing_start1|g2-upper|r056|no,beijing_start1,2年级上,2,上,56,no,no,[nəʊ],[noʊ],adv. 不 adj. 没有;不是 n. 不;否决票 abbr. 数字(number);元素锘(nobelium)的符号,北京版一年级起点二年级上.xlsx
beijing_start1|g2-upper|r057|ear,beijing_start1,2年级上,2,上,57,ear,ear,[ɪə(r)],[ɪr],n. 耳朵;穗;听觉;倾听 vi. (美俚)听见;抽穗,北京版一年级起点二年级上.xlsx
beijing_start1|g2-upper|r058|red,beijing_start1,2年级上,2,上,58,red,red,[red],[red],"n. 红色,红颜料;赤字 adj. 红色的;红肿的,充血的",北京版一年级起点二年级上.xlsx
beijing_start1|g2-upper|r059|eye,beijing_start1,2年级上,2,上,59,eye,eye,[aɪ],[aɪ],"n. 眼睛;视力;眼光;见解,观点 vt. 注视,看",北京版一年级起点二年级上.xlsx
beijing_start1|g2-upper|r060|hair,beijing_start1,2年级上,2,上,60,hair,hair,[heə(r)],[her],n. 头发;毛发;些微 adj. 毛发的;护理毛发的;用毛发制成的 vt. 除去...的毛发 vi. 生长毛发;形成毛状纤维,北京版一年级起点二年级上.xlsx
beijing_start1|g2-upper|r061|long,beijing_start1,2年级上,2,上,61,long,long,[lɒŋ],[lɔːŋ],"n. 长时间;[语] 长音节;(服装的)长尺寸;长裤 adj. 长的;过长的;做多头的;长时间的;冗长的,长音 vi. 渴望;热望 adv. 长期地;始终",北京版一年级起点二年级上.xlsx
beijing_start1|g2-upper|r062|and,beijing_start1,2年级上,2,上,62,and,and,[ənd],[ənd; ən; n; ænd],"conj. 和,与;就;而且;但是;然后",北京版一年级起点二年级上.xlsx
beijing_start1|g2-upper|r063|short,beijing_start1,2年级上,2,上,63,short,short,[ʃɔːt],[ʃɔːrt],"n. 短;缺乏;短路;短裤 adj. 短的;不足的;矮的,低的 adv. 不足;突然;唐突地",北京版一年级起点二年级上.xlsx
beijing_start1|g2-upper|r064|me,beijing_start1,2年级上,2,上,64,me,me,[mi; miː],[mi; miː],pron. 我(宾格) n. 自我;极端自私的人;自我的一部分,北京版一年级起点二年级上.xlsx
beijing_start1|g2-upper|r065|arm,beijing_start1,2年级上,2,上,65,arm,arm,[ɑːm],[ɑːrm],n. 手臂;武器;袖子;装备;部门 vt. 武装;备战 vi. 武装起来,北京版一年级起点二年级上.xlsx
beijing_start1|g2-upper|r066|leg,beijing_start1,2年级上,2,上,66,leg,leg,[leɡ],[leɡ],n. 腿;支柱,北京版一年级起点二年级上.xlsx
beijing_start1|g2-upper|r067|body,beijing_start1,2年级上,2,上,67,body,body,[ˈbɒdi],[ˈbɑːdi],n. 身体;主体;大量;团体;主要部分 vt. 赋以形体,北京版一年级起点二年级上.xlsx
beijing_start1|g2-upper|r068|small,beijing_start1,2年级上,2,上,68,small,small,[smɔːl],[smɔːl],"n. 小件物品;矮小的人 adj. 少的,小的;微弱的;几乎没有的;不重要的;幼小的 adv. 小小地;卑鄙地",北京版一年级起点二年级上.xlsx
beijing_start1|g2-upper|r069|hand,beijing_start1,2年级上,2,上,69,hand,hand,[hænd],[hænd],"n. 手,手艺;帮助;指针;插手 vt. 传递,交给;支持;搀扶",北京版一年级起点二年级上.xlsx
beijing_start1|g2-upper|r070|thank,beijing_start1,2年级上,2,上,70,thank,thank,[θæŋk],[θæŋk],n. 感谢 vt. 感谢 int. 谢谢,北京版一年级起点二年级上.xlsx
beijing_start1|g2-upper|r071|old,beijing_start1,2年级上,2,上,71,old,old,[əʊld],[oʊld],"adj. 陈旧的,古老的;年老的 n. 古时",北京版一年级起点二年级上.xlsx
beijing_start1|g2-upper|r072|eight,beijing_start1,2年级上,2,上,72,eight,eight,[eɪt],[eɪt],num. 八;八个;第八 n. 八字形 adj. 八的,北京版一年级起点二年级上.xlsx
beijing_start1|g2-upper|r073|cake,beijing_start1,2年级上,2,上,73,cake,cake,[keɪk],[keɪk],n. 蛋糕;块状物;利益总额 vt. 使结块 vi. 结成块状,北京版一年级起点二年级上.xlsx
beijing_start1|g2-upper|r074|look,beijing_start1,2年级上,2,上,74,look,look,[lʊk],[lʊk],vt. 看;期待;注意;面向;看上去像 vi. 看;看起来;注意;面向 n. 看;样子;面容,北京版一年级起点二年级上.xlsx
beijing_start1|g2-upper|r075|at,beijing_start1,2年级上,2,上,75,at,at,[ət],[ət; æt],prep. 在(表示存在或出现的地点、场所、位置、空间);以(某种价格、速度等);向;达;因为;朝;忙于 n. 阿特(老挝货币基本单位att);[化]砹(极不稳定放射性元素) abbr. 密封的(airtight);气温(air temperature),北京版一年级起点二年级上.xlsx
beijing_start1|g2-upper|r076|tree,beijing_start1,2年级上,2,上,76,tree,tree,[triː],[triː],n. 树;木料;树状物 vt. 把...赶上树 vi. 爬上树;逃上树,北京版一年级起点二年级上.xlsx
beijing_start1|g2-upper|r077|big,beijing_start1,2年级上,2,上,77,big,big,[bɪɡ],[bɪɡ],adj. 大的;重要的;量大的 adv. 大量地;顺利;夸大地,北京版一年级起点二年级上.xlsx
beijing_start1|g2-upper|r078|new,beijing_start1,2年级上,2,上,78,new,new,[njuː],[nuː],"adj. 新的,新鲜的;更新的;初见的 adv. 新近",北京版一年级起点二年级上.xlsx
beijing_start1|g2-upper|r079|year,beijing_start1,2年级上,2,上,79,year,year,[jɪə(r)],[jɪr],n. 年;年度;历年;年纪;一年的期间;某年级的学生,北京版一年级起点二年级上.xlsx
beijing_start1|g2-lower|r002|time,beijing_start1,2年级下,2,下,2,time,time,[taɪm],[taɪm],n. 时间;时代;次数;节拍;倍数 adj. 定时的;定期的;分期的 vt. 计时;测定...的时间;安排...的速度,北京版一年级起点二年级下.xlsx
beijing_start1|g2-lower|r003|o'clock,beijing_start1,2年级下,2,下,3,o'clock,o'clock,,,abbr. ...点钟(等于of the clock),北京版一年级起点二年级下.xlsx
beijing_start1|g2-lower|r004|nice,beijing_start1,2年级下,2,下,4,nice,nice,[naɪs],[naɪs],adj. 精密的;美好的;细微的;和蔼的,北京版一年级起点二年级下.xlsx
beijing_start1|g2-lower|r005|when,beijing_start1,2年级下,2,下,5,when,when,[wen],[wen],"conj. 考虑到;既然;当...时;在...时;如果 n. 时间,时候;日期;场合 adv. 什么时候,何时;(用于时间的表达方式之后)在那时;其时;当时 pron. 那时;什么时侯",北京版一年级起点二年级下.xlsx
beijing_start1|g2-lower|r006|thirty,beijing_start1,2年级下,2,下,6,thirty,thirty,[ˈθɜːti],[ˈθɜːrti],num. 三十 n. 三十年代 adj. 三十个的,北京版一年级起点二年级下.xlsx
beijing_start1|g2-lower|r007|home,beijing_start1,2年级下,2,下,7,home,home,[həʊm],[hoʊm],"n. 家,住宅;产地;家乡;避难所 adj. 国内的,家庭的;有效的 vt. 归巢,回家 adv. 在家,回家;深入地",北京版一年级起点二年级下.xlsx
beijing_start1|g2-lower|r008|five,beijing_start1,2年级下,2,下,8,five,five,[faɪv],[faɪv],"num. 五,五个 n. 五,五个;五美元钞票 adj. 五的;五个的",北京版一年级起点二年级下.xlsx
beijing_start1|g2-lower|r009|fifty,beijing_start1,2年级下,2,下,9,fifty,fifty,[ˈfɪfti],[ˈfɪfti],n. 五十;五十个;编号为50的东西 adj. 五十的;五十个的;众多的,北京版一年级起点二年级下.xlsx
beijing_start1|g2-lower|r010|nine,beijing_start1,2年级下,2,下,10,nine,nine,[naɪn],[naɪn],"n. 九,九个 num. 九;九个 adj. 九的,九个的",北京版一年级起点二年级下.xlsx
beijing_start1|g2-lower|r011|twenty,beijing_start1,2年级下,2,下,11,twenty,twenty,[ˈtwenti],[ˈtwenti],num. 二十 n. 二十;二十年代 adj. 二十的,北京版一年级起点二年级下.xlsx
beijing_start1|g2-lower|r012|sleep,beijing_start1,2年级下,2,下,12,sleep,sleep,[sliːp],[sliːp],"n. 睡眠 vi. 睡,睡觉",北京版一年级起点二年级下.xlsx
beijing_start1|g2-lower|r013|good,beijing_start1,2年级下,2,下,13,good,good,[ɡʊd],[ɡʊd],n. 好处;善行;慷慨的行为 adj. 好的;优良的;愉快的;虔诚的 adv. 好,北京版一年级起点二年级下.xlsx
beijing_start1|g2-lower|r014|one,beijing_start1,2年级下,2,下,14,one,one,[wʌn],[wʌn],pron. 一个人;任何人 adj. 一的;唯一的 n. 一 num. 一;一个,北京版一年级起点二年级下.xlsx
beijing_start1|g2-lower|r015|dad,beijing_start1,2年级下,2,下,15,dad,dad,[dæd],[dæd],n. 爸爸;爹爹,北京版一年级起点二年级下.xlsx
beijing_start1|g2-lower|r016|for,beijing_start1,2年级下,2,下,16,for,for,[fə(r)],[fər; fɔːr],"prep. 为,为了;因为;给;对于;至于;适合于 conj. 因为",北京版一年级起点二年级下.xlsx
beijing_start1|g2-lower|r017|bread,beijing_start1,2年级下,2,下,17,bread,bread,[bred],[bred],n. 面包;生计 vt. 在...上洒面包屑,北京版一年级起点二年级下.xlsx
beijing_start1|g2-lower|r018|milk,beijing_start1,2年级下,2,下,18,milk,milk,[mɪlk],[mɪlk],n. 牛奶;乳状物 vt. 榨取;挤...的奶 vi. 挤奶,北京版一年级起点二年级下.xlsx
beijing_start1|g2-lower|r019|egg,beijing_start1,2年级下,2,下,19,egg,egg,[eɡ],[eɡ],n. 蛋;卵子;家伙;鸡蛋 vt. 煽动;怂恿,北京版一年级起点二年级下.xlsx
beijing_start1|g2-lower|r020|an,beijing_start1,2年级下,2,下,20,an,an,[ən],[ən; æn],art. 一(在元音音素前),北京版一年级起点二年级下.xlsx
beijing_start1|g2-lower|r021|fish,beijing_start1,2年级下,2,下,21,fish,fish,[fɪʃ],[fɪʃ],"n. 鱼,鱼类 vt. 钓鱼,捕鱼;搜寻 vi. 捕鱼,钓鱼;用钩捞取",北京版一年级起点二年级下.xlsx
beijing_start1|g2-lower|r022|rice,beijing_start1,2年级下,2,下,22,rice,rice,[raɪs],[raɪs],n. 稻;米饭 vt. 把...捣成米糊状,北京版一年级起点二年级下.xlsx
beijing_start1|g2-lower|r023|noodle,beijing_start1,2年级下,2,下,23,noodle,noodle,[ˈnuːd(ə)l],[ˈnuːd(ə)l],n. 面条;笨蛋,北京版一年级起点二年级下.xlsx
beijing_start1|g2-lower|r024|down,beijing_start1,2年级下,2,下,24,down,down,[daʊn],[daʊn],"prep. 沿着,往下 n. 软毛,绒毛;[地质] 开阔的高地 adj. 向下的 vt. 打倒,击败 adv. 向下,下去;在下面 vi. 下降;下去",北京版一年级起点二年级下.xlsx
beijing_start1|g2-lower|r025|ice cream,beijing_start1,2年级下,2,下,25,ice cream,ice cream,[ˈaɪs kriːm],[ˈaɪs kriːm],n. 【食】冰淇淋,北京版一年级起点二年级下.xlsx
beijing_start1|g2-lower|r026|back,beijing_start1,2年级下,2,下,26,back,back,[bæk],[bæk],n. 后面;背部;靠背;足球等的后卫;书报等的末尾 adj. 后面的;过去的;拖欠的 vt. 支持;后退;背书;下赌注 adv. 以前;向后地;来回地;上溯;回来;回原处 vi. 后退;背靠;倒退,北京版一年级起点二年级下.xlsx
beijing_start1|g2-lower|r027|hungry,beijing_start1,2年级下,2,下,27,hungry,hungry,[ˈhʌŋɡri],[ˈhʌŋɡri],adj. 饥饿的;渴望的;荒年的;不毛的,北京版一年级起点二年级下.xlsx
beijing_start1|g2-lower|r028|hello,beijing_start1,2年级下,2,下,28,hello,hello,[həˈləʊ],[həˈləʊ],"n. 表示问候, 惊奇或唤起注意时的用语 int. 喂;哈罗",北京版一年级起点二年级下.xlsx
beijing_start1|g2-lower|r029|dear,beijing_start1,2年级下,2,下,29,dear,dear,[dɪə(r)],[dɪr],n. 亲爱的人 adj. 亲爱的;尊敬的;昂贵的 adv. 高价地;疼爱地 int. 哎呀,北京版一年级起点二年级下.xlsx
beijing_start1|g2-lower|r030|orange,beijing_start1,2年级下,2,下,30,orange,orange,[ˈɒrɪndʒ],[ˈɔrɪndʒ],adj. 橙色的;橘色的 n. 橙;橙色;桔子,北京版一年级起点二年级下.xlsx
beijing_start1|g2-lower|r031|vegetable,beijing_start1,2年级下,2,下,31,vegetable,vegetable,[ˈvedʒtəb(ə)l],[ˈvedʒtəbl],n. 蔬菜;植物;植物人 adj. 蔬菜的;植物的,北京版一年级起点二年级下.xlsx
beijing_start1|g2-lower|r032|evening,beijing_start1,2年级下,2,下,32,evening,evening,[ˈiːvnɪŋ],[ˈiːvnɪŋ],n. 晚上;傍晚;(联欢性的)晚会;后期 adj. 在晚上的;为晚上的;晚上用的 int. 晚上好(等于good evening),北京版一年级起点二年级下.xlsx
beijing_start1|g2-lower|r033|room,beijing_start1,2年级下,2,下,33,room,room,[ruːm],[ruːm; rʊm],"n. 房间;空间;余地;机会;房间里所有的人 vt. 为...提供住处;租房,合住;投宿,住宿;留",北京版一年级起点二年级下.xlsx
beijing_start1|g2-lower|r034|love,beijing_start1,2年级下,2,下,34,love,love,[lʌv],[lʌv],"n. 恋爱;亲爱的;酷爱;喜爱的事物;爱情,爱意;疼爱;热爱;爱人,所爱之物 v. 爱,热爱;爱戴;赞美,称赞;喜爱;喜好;喜欢;爱慕",北京版一年级起点二年级下.xlsx
beijing_start1|g2-lower|r035|bed,beijing_start1,2年级下,2,下,35,bed,bed,[bed],[bed],"n. 床;基础;河底, 海底 vt. 使睡觉;安置,嵌入;栽种 vi. 上床;分层",北京版一年级起点二年级下.xlsx
beijing_start1|g2-lower|r036|big,beijing_start1,2年级下,2,下,36,big,big,[bɪɡ],[bɪɡ],adj. 大的;重要的;量大的 adv. 大量地;顺利;夸大地,北京版一年级起点二年级下.xlsx
beijing_start1|g2-lower|r037|chair,beijing_start1,2年级下,2,下,37,chair,chair,[tʃeə(r)],[tʃer],n. 椅子;讲座;(会议的)主席位;大学教授的职位 vt. 担任(会议的)主席;使...入座;使就任要职,北京版一年级起点二年级下.xlsx
beijing_start1|g2-lower|r038|sit,beijing_start1,2年级下,2,下,38,sit,sit,[sɪt],[sɪt],vi. 坐;位于 vt. 使就座,北京版一年级起点二年级下.xlsx
beijing_start1|g2-lower|r039|kitchen,beijing_start1,2年级下,2,下,39,kitchen,kitchen,[ˈkɪtʃɪn],[ˈkɪtʃɪn],n. 厨房;炊具;炊事人员,北京版一年级起点二年级下.xlsx
beijing_start1|g2-lower|r040|fridge,beijing_start1,2年级下,2,下,40,fridge,fridge,[frɪdʒ],[frɪdʒ],n. 电冰箱,北京版一年级起点二年级下.xlsx
beijing_start1|g2-lower|r041|table,beijing_start1,2年级下,2,下,41,table,table,[ˈteɪb(ə)l],[ˈteɪbl],n. 桌子;表格;平地层 vt. 制表;搁置;嵌合 adj. 桌子的,北京版一年级起点二年级下.xlsx
beijing_start1|g2-lower|r042|bathroom,beijing_start1,2年级下,2,下,42,bathroom,bathroom,[ˈbɑːθruːm; ˈbɑːθrʊm],[ˈbæθruːm],n. 浴室;厕所;盥洗室,北京版一年级起点二年级下.xlsx
beijing_start1|g2-lower|r043|want,beijing_start1,2年级下,2,下,43,want,want,[wɒnt],[wɑːnt],n. 需要;缺乏;贫困;必需品 vt. 需要;希望;应该;缺少 vi. 需要;缺少,北京版一年级起点二年级下.xlsx
beijing_start1|g2-lower|r044|call,beijing_start1,2年级下,2,下,44,call,call,[kɔːl],[kɔːl],n. 电话;呼叫;要求;访问 vi. 呼叫;拜访;叫牌 vt. 呼叫;称呼;召集,北京版一年级起点二年级下.xlsx
beijing_start1|g2-lower|r045|mum,beijing_start1,2年级下,2,下,45,mum,mum,[mʌm],[mʌm],adj. 沉默的 n. 妈妈(口语);沉默;菊花 vi. 演哑剧 int. 别说话,北京版一年级起点二年级下.xlsx
beijing_start1|g2-lower|r046|phone,beijing_start1,2年级下,2,下,46,phone,phone,[fəʊn],[foʊn],"n. 电话;耳机,听筒 vt. 打电话 vi. 打电话",北京版一年级起点二年级下.xlsx
beijing_start1|g2-lower|r047|where,beijing_start1,2年级下,2,下,47,where,where,[weə(r)],[wer],conj. 在...的地方 n. 地点 adv. 在哪里 pron. 哪里,北京版一年级起点二年级下.xlsx
beijing_start1|g2-lower|r048|shirt,beijing_start1,2年级下,2,下,48,shirt,shirt,[ʃɜːt],[ʃɜːrt],"n. 衬衫;汗衫,内衣",北京版一年级起点二年级下.xlsx
beijing_start1|g2-lower|r049|find,beijing_start1,2年级下,2,下,49,find,find,[faɪnd],[faɪnd],"n. 发现 vi. 裁决 vt. 查找,找到;发现;认为;感到;获得",北京版一年级起点二年级下.xlsx
beijing_start1|g2-lower|r050|coat,beijing_start1,2年级下,2,下,50,coat,coat,[kəʊt],[koʊt],n. 外套 vt. 覆盖...的表面,北京版一年级起点二年级下.xlsx
beijing_start1|g2-lower|r051|sofa,beijing_start1,2年级下,2,下,51,sofa,sofa,[ˈsəʊfə],[ˈsoʊfə],n. 沙发;长椅,北京版一年级起点二年级下.xlsx
beijing_start1|g2-lower|r052|this,beijing_start1,2年级下,2,下,52,this,this,[ðɪs],[ðɪs],adj. 这;本;这个;今 pron. 这;这个;这里 adv. 这样地;这么,北京版一年级起点二年级下.xlsx
beijing_start1|g2-lower|r053|jacket,beijing_start1,2年级下,2,下,53,jacket,jacket,[ˈdʒækɪt],[ˈdʒækɪt],"n. 羽绒滑雪衫;西装短外套;短上衣,夹克;土豆皮;书籍的护封;文件套,公文夹 vt. 给...穿夹克;给...装护套;给...包上护封;〈口〉打",北京版一年级起点二年级下.xlsx
beijing_start1|g2-lower|r054|that,beijing_start1,2年级下,2,下,54,that,that,[ðæt],[ðæt],conj. 因为;以至于 adj. 那;那个 pron. 那;那个 adv. 那么;那样,北京版一年级起点二年级下.xlsx
beijing_start1|g2-lower|r055|schoolbag,beijing_start1,2年级下,2,下,55,schoolbag,schoolbag,[ˈskuːlbæɡ],[ˈskuːlˌbæɡ],n. 书包,北京版一年级起点二年级下.xlsx
beijing_start1|g2-lower|r056|shorts,beijing_start1,2年级下,2,下,56,shorts,shorts,[ʃɔːts],[ʃɔːrts],n. 短裤,北京版一年级起点二年级下.xlsx
beijing_start1|g2-lower|r057|not,beijing_start1,2年级下,2,下,57,not,not,[nɒt],[nɑːt],"adv. 表示否定,不 n. “非”(计算机中逻辑运算的一种)",北京版一年级起点二年级下.xlsx
beijing_start1|g2-lower|r058|bag,beijing_start1,2年级下,2,下,58,bag,bag,[bæɡ],[bæɡ],"n. 袋;猎获物;(俚)一瓶啤酒 vt. 猎获;把...装入袋中;占据,私吞;使膨大 vi. 松垂",北京版一年级起点二年级下.xlsx
beijing_start1|g2-lower|r059|trousers,beijing_start1,2年级下,2,下,59,trousers,trousers,[ˈtraʊzəz],[ˈtraʊzərz],"n. 裤子,长裤",北京版一年级起点二年级下.xlsx
beijing_start1|g2-lower|r060|how,beijing_start1,2年级下,2,下,60,how,how,[haʊ],[haʊ],adv. 如何;多少;多么 n. 方法;方式 conj. 如何,北京版一年级起点二年级下.xlsx
beijing_start1|g2-lower|r061|bus,beijing_start1,2年级下,2,下,61,bus,bus,[bʌs],[bʌs],n. 公共汽车 乘公共汽车,北京版一年级起点二年级下.xlsx
beijing_start1|g2-lower|r062|by,beijing_start1,2年级下,2,下,62,by,by,[baɪ],[baɪ],prep. 通过;被;依据;经由;在附近;在......之前 adv. 通过;经过;附近;[互联网] 白俄罗斯的国家代码顶级域名,北京版一年级起点二年级下.xlsx
beijing_start1|g2-lower|r063|car,beijing_start1,2年级下,2,下,63,car,car,[kɑː(r)],[kɑːr],n. 汽车;车厢,北京版一年级起点二年级下.xlsx
beijing_start1|g2-lower|r064|work,beijing_start1,2年级下,2,下,64,work,work,[wɜːk],[wɜːrk],n. 工作;[物] 功;产品;操作;职业;行为;事业;工厂;著作;文学、音乐或艺术作品 vt. 使工作;操作;经营;使缓慢前进 vi. 工作;运作;起作用,北京版一年级起点二年级下.xlsx
beijing_start1|g2-lower|r065|she,beijing_start1,2年级下,2,下,65,she,she,[ʃi],[ʃi; ʃiː],n. 女人;雌性动物 pron. 她(主格);它(用来指雌性动物或国家、船舶、地球、月亮等),北京版一年级起点二年级下.xlsx
beijing_start1|g2-lower|r066|bike,beijing_start1,2年级下,2,下,66,bike,bike,[baɪk],[baɪk],n. 自行车;脚踏车 vi. 骑自行车(或摩托车),北京版一年级起点二年级下.xlsx
beijing_start1|g2-lower|r067|he,beijing_start1,2年级下,2,下,67,he,he,[hi; iː; i; hiː],[hi; iː; i; hiː],"n. 男孩,男人;它(雄性动物) pron. 他",北京版一年级起点二年级下.xlsx
beijing_start1|g2-lower|r068|come,beijing_start1,2年级下,2,下,68,come,come,[kʌm],[kʌm],vi. 来;开始;出现;发生;变成;到达 vt. 做;假装;将满(...岁) int. 嗨!,北京版一年级起点二年级下.xlsx
beijing_start1|g2-lower|r069|taxi,beijing_start1,2年级下,2,下,69,taxi,taxi,[ˈtæksi],[ˈtæksi],n. 出租汽车 vt. 使滑行;用出租车送 vi. 乘出租车;滑行,北京版一年级起点二年级下.xlsx
beijing_start1|g2-lower|r070|they,beijing_start1,2年级下,2,下,70,they,they,[ðeɪ],[ðeɪ],pron. 他们;它们;她们,北京版一年级起点二年级下.xlsx
beijing_start1|g2-lower|r071|sky,beijing_start1,2年级下,2,下,71,sky,sky,[skaɪ],[skaɪ],n. 天空;顶点 vt. 把...投向空中;把...挂得过高 vi. 踢或击高空球;把桨叶翘得过高;飞涨,北京版一年级起点二年级下.xlsx
beijing_start1|g2-lower|r072|blue,beijing_start1,2年级下,2,下,72,blue,blue,[bluː],[bluː],"adj. 蓝色的;沮丧的,忧郁的;下流的 n. 蓝色;[复数](美国海、陆、空三军穿的)蓝色制服;蓝颜料;[the blue(s)][用作单数或复数]布鲁斯(歌曲)(一种伤感的美国黑人民歌 vi. 变成蓝色,呈蓝色 vt. 把...染成蓝色;使成蓝色;给...用上蓝剂;用上蓝剂于",北京版一年级起点二年级下.xlsx
beijing_start1|g2-lower|r073|green,beijing_start1,2年级下,2,下,73,green,green,[ɡriːn],[ɡriːn],n. 绿色;青春 adj. 绿色的;青春的 vt. 使...变绿色 vi. 变绿色,北京版一年级起点二年级下.xlsx
beijing_start1|g2-lower|r074|white,beijing_start1,2年级下,2,下,74,white,white,[waɪt],[waɪt],n. 白色;洁白;白种人 adj. 白色的;白种的;纯洁的,北京版一年级起点二年级下.xlsx
beijing_start1|g2-lower|r075|snow,beijing_start1,2年级下,2,下,75,snow,snow,[snəʊ],[snoʊ],"n. 雪,积雪;下雪 vt. 使纷纷落下;使变白 vi. 降雪",北京版一年级起点二年级下.xlsx
beijing_start1|g2-lower|r076|cool,beijing_start1,2年级下,2,下,76,cool,cool,[kuːl],[kuːl],n. 凉爽;凉爽的空气 adj. 凉爽的;冷静的;出色的 vt. 使...冷却;使...平静下来 vi. 变凉;平息 adv. 冷静地,北京版一年级起点二年级下.xlsx
beijing_start1|g2-lower|r077|cold,beijing_start1,2年级下,2,下,77,cold,cold,[kəʊld],[kəʊld],"n. 寒冷;感冒 adj. 寒冷的;冷淡的,不热情的;失去知觉的 adv. 完全地",北京版一年级起点二年级下.xlsx
beijing_start1|g2-lower|r078|make,beijing_start1,2年级下,2,下,78,make,make,[meɪk],[meɪk],"vt. 使得;进行;布置,准备,整理;制造;认为;获得;形成;安排;引起;构成 vi. 开始;前进;增大;被制造 n. 制造;构造;性情",北京版一年级起点二年级下.xlsx
beijing_start1|g2-lower|r079|which,beijing_start1,2年级下,2,下,79,which,which,[wɪtʃ],[wɪtʃ],adj. 哪一个;哪一些 pron. 哪/那一个;哪/那一些,北京版一年级起点二年级下.xlsx
beijing_start1|g2-lower|r080|spring,beijing_start1,2年级下,2,下,80,spring,spring,[sprɪŋ],[sprɪŋ],n. 春天;弹簧;泉水;活力;跳跃 adj. 春天的 vt. 使跳起;使爆炸;突然提出;使弹开 vi. 生长;涌出;跃出;裂开,北京版一年级起点二年级下.xlsx
beijing_start1|g3-upper|r002|boy,beijing_start1,3年级上,3,上,2,boy,boy,[bɔɪ],[bɔɪ],n. 男孩;男人,北京版一年级起点三年级上.xlsx
beijing_start1|g3-upper|r003|girl,beijing_start1,3年级上,3,上,3,girl,girl,[ɡɜːl],[ɡɜːrl],"n. 女孩;姑娘,未婚女子;女职员,女演员;(男人的)女朋友 n. (捷)吉尔",北京版一年级起点三年级上.xlsx
beijing_start1|g3-upper|r004|miss,beijing_start1,3年级上,3,上,4,Miss,miss,,,"n. 女士,小姐,年轻未婚女子 vt. 错过,想念,缺(勤)",北京版一年级起点三年级上.xlsx
beijing_start1|g3-upper|r005|first,beijing_start1,3年级上,3,上,5,first,first,[fɜːst],[fɜːrst],num. 第一 n. 第一;开始;冠军 adj. 第一的;基本的;最早的 adv. 第一;首先;优先;宁愿,北京版一年级起点三年级上.xlsx
beijing_start1|g3-upper|r006|september,beijing_start1,3年级上,3,上,6,September,september,[sepˈtembə(r)],[sepˈtembər],n. 九月,北京版一年级起点三年级上.xlsx
beijing_start1|g3-upper|r007|second,beijing_start1,3年级上,3,上,7,second,second,[ˈsekənd],[ˈsekənd; sɪˈkɑːnd],num. 第二 n. 秒;第二名;瞬间;二等品 adj. 第二的;次要的;附加的 vt. 支持 adv. 第二;其次;居第二位,北京版一年级起点三年级上.xlsx
beijing_start1|g3-upper|r008|third,beijing_start1,3年级上,3,上,8,third,third,[θɜːd],[θɜːrd],num. 第三;三分之一 adj. 第三的;三分之一的,北京版一年级起点三年级上.xlsx
beijing_start1|g3-upper|r009|fourth,beijing_start1,3年级上,3,上,9,fourth,fourth,[fɔːθ],[fɔːrθ],"num. 第四 n. 第四,月的第四日;四分之一 adj. 第四的,第四个的;四分之一的",北京版一年级起点三年级上.xlsx
beijing_start1|g3-upper|r010|pupil,beijing_start1,3年级上,3,上,10,pupil,pupil,[ˈpjuːp(ə)l],[ˈpjuːpl],n. 学生;[解剖] 瞳孔;未成年人,北京版一年级起点三年级上.xlsx
beijing_start1|g3-upper|r011|hi,beijing_start1,3年级上,3,上,11,hi,hi,[haɪ],[haɪ],int. 嗨!(表示问候或用以唤起注意),北京版一年级起点三年级上.xlsx
beijing_start1|g3-upper|r012|name,beijing_start1,3年级上,3,上,12,name,name,[neɪm],[neɪm],"n. 名称,名字;姓名;名誉 vt. 命名,任命;指定;称呼;提名;叫出 adj. 姓名的;据以取名的",北京版一年级起点三年级上.xlsx
beijing_start1|g3-upper|r013|meet,beijing_start1,3年级上,3,上,13,meet,meet,[miːt],[miːt],vt. 满足;遇见;对付 vi. 相遇;接触 n. 集会 adj. 合适的;适宜的,北京版一年级起点三年级上.xlsx
beijing_start1|g3-upper|r014|fifth,beijing_start1,3年级上,3,上,14,fifth,fifth,[fɪfθ],[fɪfθ],num. 第五 n. 第五;五分之一 adj. 第五的;五分之一的,北京版一年级起点三年级上.xlsx
beijing_start1|g3-upper|r015|sixth,beijing_start1,3年级上,3,上,15,sixth,sixth,[sɪksθ],[sɪksθ],"n. 月的第六日,(与the连用的)第六个;六分之一 adj. (与 the 连用)第六的,第六个的;六分之一的",北京版一年级起点三年级上.xlsx
beijing_start1|g3-upper|r016|seventh,beijing_start1,3年级上,3,上,16,seventh,seventh,[ˈsev(ə)nθ],[ˈsevnθ],n. 第七;七分之一 adj. 第七的;七分之一的 adv. 居第七位地,北京版一年级起点三年级上.xlsx
beijing_start1|g3-upper|r017|teacher,beijing_start1,3年级上,3,上,17,teacher,teacher,[ˈtiːtʃə(r)],[ˈtiːtʃər],n. 教师;导师,北京版一年级起点三年级上.xlsx
beijing_start1|g3-upper|r018|card,beijing_start1,3年级上,3,上,18,card,card,[kɑːd],[kɑːrd],n. 卡片;纸牌;明信片 vt. 记于卡片上,北京版一年级起点三年级上.xlsx
beijing_start1|g3-upper|r019|tenth,beijing_start1,3年级上,3,上,19,tenth,tenth,[tenθ],[tenθ],num. 第十;十分之一 adj. 十分之一的;第十个的,北京版一年级起点三年级上.xlsx
beijing_start1|g3-upper|r020|eighth,beijing_start1,3年级上,3,上,20,eighth,eighth,[eɪtθ],[eɪtθ],num. 第八;八分之一 adj. 第八的;八分之一的,北京版一年级起点三年级上.xlsx
beijing_start1|g3-upper|r021|ninth,beijing_start1,3年级上,3,上,21,ninth,ninth,[naɪnθ],[naɪnθ],num. 第九 adj. 第九的;九分之一的 n. 九分之一,北京版一年级起点三年级上.xlsx
beijing_start1|g3-upper|r022|month,beijing_start1,3年级上,3,上,22,month,month,[mʌnθ],[mʌnθ],"n. 月,一个月的时间",北京版一年级起点三年级上.xlsx
beijing_start1|g3-upper|r023|october,beijing_start1,3年级上,3,上,23,October,october,[ɒkˈtəʊbə(r)],[ɑːkˈtoʊbər],n. [天] 十月,北京版一年级起点三年级上.xlsx
beijing_start1|g3-upper|r024|eleventh,beijing_start1,3年级上,3,上,24,eleventh,eleventh,[ɪˈlev(ə)nθ],[ɪˈlevnθ],num. 第十一;十一分之一 n. 第十一;十一分之一 adj. 第十一的;十一分之一的,北京版一年级起点三年级上.xlsx
beijing_start1|g3-upper|r025|november,beijing_start1,3年级上,3,上,25,November,november,[nəʊˈvembə(r)],[noʊˈvembər],n. 十一月,北京版一年级起点三年级上.xlsx
beijing_start1|g3-upper|r026|right,beijing_start1,3年级上,3,上,26,right,right,[raɪt],[raɪt],n. 正确;右边;正义 adj. 正确的;直接的;右方的 vt. 纠正 adv. 正确地;恰当地;彻底地 vi. 复正;恢复平稳,北京版一年级起点三年级上.xlsx
beijing_start1|g3-upper|r027|twelfth,beijing_start1,3年级上,3,上,27,twelfth,twelfth,[twelfθ],[twelfθ],"n. 第十二;月的第十二日 adj. 第十二的,第十二个的;十二分之一的",北京版一年级起点三年级上.xlsx
beijing_start1|g3-upper|r028|december,beijing_start1,3年级上,3,上,28,December,december,[dɪˈsembə(r)],[dɪˈsembər],n. 十二月,北京版一年级起点三年级上.xlsx
beijing_start1|g3-upper|r029|date,beijing_start1,3年级上,3,上,29,date,date,[deɪt],[deɪt],n. 日期;约会;年代;枣椰子 vt. 确定...年代;和...约会 vi. 过时;注明日期;始于(某一历史时期),北京版一年级起点三年级上.xlsx
beijing_start1|g3-upper|r030|today,beijing_start1,3年级上,3,上,30,today,today,[təˈdeɪ],[təˈdeɪ],n. 今天;现今 adv. 今天;现今,北京版一年级起点三年级上.xlsx
beijing_start1|g3-upper|r031|thirteenth,beijing_start1,3年级上,3,上,31,thirteenth,thirteenth,[ˌθɜːˈtiːnθ],[ˌθɜːrˈtiːnθ],n. 第十三;十三分之一 adj. 第十三的;十三分之一的,北京版一年级起点三年级上.xlsx
beijing_start1|g3-upper|r032|football,beijing_start1,3年级上,3,上,32,football,football,[ˈfʊtbɔːl],[ˈfʊtbɔːl],"n. 足球,橄榄球 vi. 踢足球;打橄榄球",北京版一年级起点三年级上.xlsx
beijing_start1|g3-upper|r033|seventeenth,beijing_start1,3年级上,3,上,33,seventeenth,seventeenth,[ˌsev(ə)nˈtiːnθ],[ˌsevnˈtiːnθ],"n. 第十七日;十七分之一 num. 第十七 adj. 第十七的,第十七个的;十七分之一的",北京版一年级起点三年级上.xlsx
beijing_start1|g3-upper|r034|eighteenth,beijing_start1,3年级上,3,上,34,eighteenth,eighteenth,[ˌeɪˈtiːnθ],[ˌeɪˈtiːnθ],"num. 第十八;十八分之一 adj. 第十八的,第十八个的;十八分之一的",北京版一年级起点三年级上.xlsx
beijing_start1|g3-upper|r035|nineteenth,beijing_start1,3年级上,3,上,35,nineteenth,nineteenth,[ˌnaɪnˈtiːnθ],[ˌnaɪnˈtiːnθ],num. 第十九;十九分之一,北京版一年级起点三年级上.xlsx
beijing_start1|g3-upper|r036|sport,beijing_start1,3年级上,3,上,36,sport,sport,[spɔːt],[spɔːrt],n. 运动;游戏;娱乐;运动会;玩笑 adj. 运动的 vt. 游戏;参加体育运动;夸耀 vi. 游戏,北京版一年级起点三年级上.xlsx
beijing_start1|g3-upper|r037|run,beijing_start1,3年级上,3,上,37,run,run,[rʌn],[rʌn],"n. 奔跑;赛跑;趋向;奔跑的路程 vt. 管理,经营;运行;参赛 vi. 经营;奔跑;运转",北京版一年级起点三年级上.xlsx
beijing_start1|g3-upper|r038|race,beijing_start1,3年级上,3,上,38,race,race,[reɪs],[reɪs],"n. 属,种;种族,人种;家庭,门第 vt. 使参加比赛;和...竞赛;使急走,使全速行进 vi. 比速度,参加竞赛;全速行进",北京版一年级起点三年级上.xlsx
beijing_start1|g3-upper|r039|high,beijing_start1,3年级上,3,上,39,high,high,[haɪ],[haɪ],n. 高水平;天空;由麻醉品引起的快感;高压地带 adj. 高的;高级的;崇高的;高音调的 adv. 高;奢侈地,北京版一年级起点三年级上.xlsx
beijing_start1|g3-upper|r040|jump,beijing_start1,3年级上,3,上,40,jump,jump,[dʒʌmp],[dʒʌmp],n. 跳跃;暴涨;惊跳 vt. 跳跃;使跳跃;跳过;突升 vi. 跳跃;暴涨;猛增,北京版一年级起点三年级上.xlsx
beijing_start1|g3-upper|r041|january,beijing_start1,3年级上,3,上,41,January,january,[ˈdʒænjuəri],[ˈdʒænjueri],n. 一月,北京版一年级起点三年级上.xlsx
beijing_start1|g3-upper|r042|march,beijing_start1,3年级上,3,上,42,March,march,[mɑːtʃ],[mɑːrtʃ],n. 三月,北京版一年级起点三年级上.xlsx
beijing_start1|g3-upper|r043|february,beijing_start1,3年级上,3,上,43,February,february,[ˈfebruəri],[ˈfebrueri],n. 二月,北京版一年级起点三年级上.xlsx
beijing_start1|g3-upper|r044|every,beijing_start1,3年级上,3,上,44,every,every,[ˈevri],[ˈevri],"adj. 每一的,每个的;每隔...的",北京版一年级起点三年级上.xlsx
beijing_start1|g3-upper|r045|april,beijing_start1,3年级上,3,上,45,April,april,[ˈeɪprəl],[ˈeɪprəl],n. 四月,北京版一年级起点三年级上.xlsx
beijing_start1|g3-upper|r046|august,beijing_start1,3年级上,3,上,46,August,august,[ˈɔːɡəst],[ˈɔːɡəst],n. 八月(简写为Aug) adj. 威严的;令人敬畏的,北京版一年级起点三年级上.xlsx
beijing_start1|g3-upper|r047|born,beijing_start1,3年级上,3,上,47,born,born,[bɔːn],[bɔːrn],v. 出世(bear的过去分词) adj. 天生的,北京版一年级起点三年级上.xlsx
beijing_start1|g3-upper|r048|may,beijing_start1,3年级上,3,上,48,May,may,[meɪ],[meɪ],"aux. 可以,能够;可能,也许;祝,愿;会,能",北京版一年级起点三年级上.xlsx
beijing_start1|g3-upper|r049|june,beijing_start1,3年级上,3,上,49,June,june,[dʒuːn],[dʒuːn],"n. 六月;琼(人名,来源于拉丁语,含义是“年轻气盛的六月”)",北京版一年级起点三年级上.xlsx
beijing_start1|g3-upper|r050|fifteenth,beijing_start1,3年级上,3,上,50,fifteenth,fifteenth,[ˌfɪfˈtiːnθ],[ˌfɪfˈtiːnθ],adj. 第十五的;十五分之一的 num. 第十五,北京版一年级起点三年级上.xlsx
beijing_start1|g3-upper|r051|fourteenth,beijing_start1,3年级上,3,上,51,fourteenth,fourteenth,[ˌfɔːˈtiːnθ],[ˌfɔːrˈtiːnθ],num. 第十四 n. 第十四;月的第十四日;十四分之一 adj. 第十四的;第十四个的,北京版一年级起点三年级上.xlsx
beijing_start1|g3-upper|r052|how old ...?,beijing_start1,3年级上,3,上,52,How old ...?,how old ...?,,,conj. 多少岁,北京版一年级起点三年级上.xlsx
beijing_start1|g3-upper|r053|july,beijing_start1,3年级上,3,上,53,July,july,[dʒʊˈlaɪ],[dʒʊˈlaɪ],n. 七月,北京版一年级起点三年级上.xlsx
beijing_start1|g3-upper|r054|weather,beijing_start1,3年级上,3,上,54,weather,weather,[ˈweðə(r)],[ˈweðər],n. 天气;气象;气候;处境 vt. 经受住;使风化;侵蚀;使受风吹雨打 adj. 露天的;迎风的 vi. 风化;受侵蚀;经受风雨,北京版一年级起点三年级上.xlsx
beijing_start1|g3-upper|r055|like,beijing_start1,3年级上,3,上,55,like,like,[laɪk],[laɪk],vt. 喜欢;想;愿意 vi. 喜欢;希望 prep. 像;如同 adj. 同样的;相似的 n. 爱好;同样的人或物 adv. 可能 conj. 好像,北京版一年级起点三年级上.xlsx
beijing_start1|g3-upper|r056|sunny,beijing_start1,3年级上,3,上,56,sunny,sunny,[ˈsʌni],[ˈsʌni],"adj. 阳光充足的,和煦的;快活的;性情开朗的",北京版一年级起点三年级上.xlsx
beijing_start1|g3-upper|r057|warm,beijing_start1,3年级上,3,上,57,warm,warm,[wɔːm],[wɔːrm],n. 取暖;加热 adj. 温暖的;热情的 vt. 使...兴奋;使...温暖;使...感兴趣 vi. 同情;激动;变温暖,北京版一年级起点三年级上.xlsx
beijing_start1|g3-upper|r058|hot,beijing_start1,3年级上,3,上,58,hot,hot,[hɒt],[hɑːt],adj. 热的;辣的;热情的;激动的;紧迫的 vt. 增加;给...加温 adv. 热;紧迫地 vi. 变热,北京版一年级起点三年级上.xlsx
beijing_start1|g3-upper|r059|cool,beijing_start1,3年级上,3,上,59,cool,cool,[kuːl],[kuːl],n. 凉爽;凉爽的空气 adj. 凉爽的;冷静的;出色的 vt. 使...冷却;使...平静下来 vi. 变凉;平息 adv. 冷静地,北京版一年级起点三年级上.xlsx
beijing_start1|g3-upper|r060|rainy,beijing_start1,3年级上,3,上,60,rainy,rainy,[ˈreɪni],[ˈreɪni],adj. 下雨的;多雨的,北京版一年级起点三年级上.xlsx
beijing_start1|g3-upper|r061|can,beijing_start1,3年级上,3,上,61,can,can,[kən; kæn],[kən; kæn],aux. 能; 能够; 可以; 可能 n. 罐头; (用金属或塑料制作的)容器; (马口铁或其他金属制作的)食品罐头 vt. 将...装入密封罐中保存,北京版一年级起点三年级上.xlsx
beijing_start1|g3-upper|r062|windy,beijing_start1,3年级上,3,上,62,windy,windy,[ˈwɪndi],[ˈwɪndi],"adj. 多风的,有风的;腹胀的;吹牛的",北京版一年级起点三年级上.xlsx
beijing_start1|g3-upper|r063|cloudy,beijing_start1,3年级上,3,上,63,cloudy,cloudy,[ˈklaʊdi],[ˈklaʊdi],adj. 多云的;阴天的;愁容满面的,北京版一年级起点三年级上.xlsx
beijing_start1|g3-upper|r064|over,beijing_start1,3年级上,3,上,64,over,over,[ˈəʊvə(r)],[ˈoʊvər],adv. 结束;越过;从头到尾 prep. 越过;在...之上;遍于...之上 adj. 结束的;上面的 vt. 越过,北京版一年级起点三年级上.xlsx
beijing_start1|g3-upper|r065|snowy,beijing_start1,3年级上,3,上,65,snowy,snowy,[ˈsnəʊi],[ˈsnoʊi],"adj. 下雪的,多雪的;被雪覆盖的;洁白无瑕的",北京版一年级起点三年级上.xlsx
beijing_start1|g3-upper|r066|rain,beijing_start1,3年级上,3,上,66,rain,rain,[reɪn],[reɪn],n. 雨;下雨;雨天;雨季 vt. 大量地给;使大量落下 vi. 下雨;降雨,北京版一年级起点三年级上.xlsx
beijing_start1|g3-upper|r067|borrow,beijing_start1,3年级上,3,上,67,borrow,borrow,[ˈbɒrəʊ],[ˈbɔːroʊ],vt. 借;借用 vi. 借;借用;从其他语言中引入,北京版一年级起点三年级上.xlsx
beijing_start1|g3-upper|r068|marker,beijing_start1,3年级上,3,上,68,marker,marker,[ˈmɑːkə(r)],[ˈmɑːrkər],n. 记分员;书签;标识物;作记号的人,北京版一年级起点三年级上.xlsx
beijing_start1|g3-upper|r069|pencil,beijing_start1,3年级上,3,上,69,pencil,pencil,[ˈpens(ə)l],[ˈpensl],n. 铅笔;笔状物 vt. 用铅笔写;用眉笔涂 vi. 成铅笔状,北京版一年级起点三年级上.xlsx
beijing_start1|g3-upper|r070|eraser,beijing_start1,3年级上,3,上,70,eraser,eraser,[ɪˈreɪzə(r)],[ɪˈreɪsər],n. 橡皮;擦除器;[计] 清除器,北京版一年级起点三年级上.xlsx
beijing_start1|g3-upper|r071|sixty,beijing_start1,3年级上,3,上,71,sixty,sixty,[ˈsɪksti],[ˈsɪksti],num. 六十;六十个,北京版一年级起点三年级上.xlsx
beijing_start1|g3-upper|r072|ruler,beijing_start1,3年级上,3,上,72,ruler,ruler,[ˈruːlə(r)],[ˈruːlər],"n. 尺;统治者;[测] 划线板,划线的人",北京版一年级起点三年级上.xlsx
beijing_start1|g3-upper|r073|forty,beijing_start1,3年级上,3,上,73,forty,forty,[ˈfɔːti],[ˈfɔːrti],n. 四十 adj. 四十的;四十个的,北京版一年级起点三年级上.xlsx
beijing_start1|g3-upper|r074|blackboard,beijing_start1,3年级上,3,上,74,blackboard,blackboard,[ˈblækbɔːd],[ˈblækbɔːrd],n. 黑板,北京版一年级起点三年级上.xlsx
beijing_start1|g3-upper|r075|seventy,beijing_start1,3年级上,3,上,75,seventy,seventy,[ˈsev(ə)nti],[ˈsev(ə)nti],n. 七十;七十个;七十岁;七十年代 num. 七十 adj. 七十的;七十个的;七十岁的,北京版一年级起点三年级上.xlsx
beijing_start1|g3-upper|r076|eighty,beijing_start1,3年级上,3,上,76,eighty,eighty,[ˈeɪti],[ˈeɪti],"num. 八十 n. 八十;八十岁;八十年代 adj. 八十的,八十个的;八十岁的",北京版一年级起点三年级上.xlsx
beijing_start1|g3-upper|r077|ninety,beijing_start1,3年级上,3,上,77,ninety,ninety,[ˈnaɪnti],[ˈnaɪnti],n. 九十 adj. 九十的;九十岁的 num. 九十,北京版一年级起点三年级上.xlsx
beijing_start1|g3-upper|r078|hundred,beijing_start1,3年级上,3,上,78,hundred,hundred,[ˈhʌndrəd],[ˈhʌndrəd],num. 百;百个 n. 一百;许多 adj. 一百的;许多的,北京版一年级起点三年级上.xlsx
beijing_start1|g3-upper|r079|holiday,beijing_start1,3年级上,3,上,79,holiday,holiday,[ˈhɒlədeɪ],[ˈhɑːlədeɪ],n. 假日;节日;休息日 vi. 外出度假,北京版一年级起点三年级上.xlsx
beijing_start1|g3-upper|r080|christmas,beijing_start1,3年级上,3,上,80,Christmas,christmas,[ˈkrɪsməs],[ˈkrɪsməs],n. 圣诞节;圣诞节期间,北京版一年级起点三年级上.xlsx
beijing_start1|g3-upper|r081|know,beijing_start1,3年级上,3,上,81,know,know,[nəʊ],[noʊ],vt. 知道;认识;懂得 vi. 了解;熟悉;确信,北京版一年级起点三年级上.xlsx
beijing_start1|g3-upper|r082|chinese,beijing_start1,3年级上,3,上,82,Chinese,chinese,[ˌtʃaɪˈniːz],[ˌtʃaɪˈniːz],"n. 中文,汉语;中国人 adj. 中国的,中国人的;中国话的",北京版一年级起点三年级上.xlsx
beijing_start1|g3-upper|r083|ball,beijing_start1,3年级上,3,上,83,ball,ball,[bɔːl],[bɔːl],n. 球;舞会 vt. 捏成球形 vi. 成团块,北京版一年级起点三年级上.xlsx
beijing_start1|g3-upper|r084|gold,beijing_start1,3年级上,3,上,84,gold,gold,[ɡəʊld],[ɡoʊld],"n. 金,黄金;金色;金币 adj. 金的,金制的;金色的",北京版一年级起点三年级上.xlsx
beijing_start1|g3-upper|r085|gift,beijing_start1,3年级上,3,上,85,gift,gift,[ɡɪft],[ɡɪft],n. 礼物;天赋;赠品 vt. 赋予;向...赠送,北京版一年级起点三年级上.xlsx
beijing_start1|g3-upper|r086|pink,beijing_start1,3年级上,3,上,86,pink,pink,[pɪŋk],[pɪŋk],"n. 粉红色;化身,典范;石竹花;头面人物 adj. 粉红的;比较激进的;石竹科的;脸色发红的 vt. 扎,刺,戳;使...变粉红色;使...面红耳赤 vi. 变粉红色",北京版一年级起点三年级上.xlsx
beijing_start1|g3-upper|r087|star,beijing_start1,3年级上,3,上,87,star,star,[stɑː(r)],[stɑːr],"n. 星,恒星;明星;星形物 adj. 明星的,主角的;星形的 vt. 用星号标于;由...主演,由...担任主角 vi. 担任主角",北京版一年级起点三年级上.xlsx
beijing_start1|g3-upper|r088|bell,beijing_start1,3年级上,3,上,88,bell,bell,[bel],[bel],"n. 铃,钟;钟声,铃声;钟状物 vt. 装钟于,系铃于 vi. 鸣钟;成钟状鼓起",北京版一年级起点三年级上.xlsx
beijing_start1|g3-upper|r089|together,beijing_start1,3年级上,3,上,89,together,together,[təˈɡeðə(r)],[təˈɡeðər],"adj. 新潮的;情绪稳定的,做事有效率的 adv. 一起;同时;相互;连续地;总共",北京版一年级起点三年级上.xlsx
beijing_start1|g3-upper|r090|bright,beijing_start1,3年级上,3,上,90,bright,bright,[braɪt],[braɪt],"n. 车头灯光 adj. 明亮的,鲜明的;聪明的;愉快的 adv. 明亮地;光明地;欢快地",北京版一年级起点三年级上.xlsx
beijing_start1|g3-upper|r091|house,beijing_start1,3年级上,3,上,91,house,house,[haʊs],[haʊs],n. 住宅;家庭;机构;议会;某种用途的建筑物 vt. 覆盖;给...房子住;把...储藏在房内 vi. 住,北京版一年级起点三年级上.xlsx
beijing_start1|g3-upper|r092|same,beijing_start1,3年级上,3,上,92,same,same,[seɪm],[seɪm],adj. 相同的;同一的;上述的(通常与the连用);无变化的 adv. 同样地(通常与the连用) pron. 同样的事物或人(通常与the连用),北京版一年级起点三年级上.xlsx
beijing_start1|g3-lower|r002|tomorrow,beijing_start1,3年级下,3,下,2,tomorrow,tomorrow,[təˈmɒrəʊ],[təˈmɑːroʊ],n. 明天;未来 adv. 明天;未来地(等于to-morrow),北京版一年级起点三年级下.xlsx
beijing_start1|g3-lower|r003|woman,beijing_start1,3年级下,3,下,3,woman,woman,[ˈwʊmən],[ˈwʊmən],n. 妇女;女性;成年女子,北京版一年级起点三年级下.xlsx
beijing_start1|g3-lower|r004|women,beijing_start1,3年级下,3,下,4,women,women,[ˈwɪmɪn],[ˈwɪmɪn],n. 女人(woman的复数),北京版一年级起点三年级下.xlsx
beijing_start1|g3-lower|r005|too,beijing_start1,3年级下,3,下,5,too,too,[tuː],[tuː],adv. 太;也;很;还;非常;过度,北京版一年级起点三年级下.xlsx
beijing_start1|g3-lower|r006|plant,beijing_start1,3年级下,3,下,6,plant,plant,[plɑːnt],[plænt],"n. 工厂,车间;植物;设备;庄稼 vt. 种植;培养;栽培;安置 vi. 种植",北京版一年级起点三年级下.xlsx
beijing_start1|g3-lower|r007|fun,beijing_start1,3年级下,3,下,7,fun,fun,[fʌn],[fʌn],n. 乐趣;玩笑;有趣的人或事 adj. 供娱乐用的 vi. 开玩笑,北京版一年级起点三年级下.xlsx
beijing_start1|g3-lower|r008|people,beijing_start1,3年级下,3,下,8,people,people,[ˈpiːp(ə)l],[ˈpiːpl],n. 人;人类;民族;公民 vt. 居住于;使住满人,北京版一年级起点三年级下.xlsx
beijing_start1|g3-lower|r009|favourite,beijing_start1,3年级下,3,下,9,favourite,favourite,[ˈfeɪvərɪt],[ˈfeɪvərɪt],n. 特别喜爱的人(或物) adj. 特别受喜爱的,北京版一年级起点三年级下.xlsx
beijing_start1|g3-lower|r010|turn,beijing_start1,3年级下,3,下,10,turn,turn,[tɜːn],[tɜːrn],"n. 转弯;变化;(损害或有益于别人的)行为,举动,举止 vi. 转向;转变;转动 vt. 转动,使旋转;转弯;翻过来;兑换",北京版一年级起点三年级下.xlsx
beijing_start1|g3-lower|r011|bird,beijing_start1,3年级下,3,下,11,bird,bird,[bɜːd],[bɜːrd],n. 鸟;家伙;羽毛球 vt. 向...喝倒彩;起哄 vi. 猎鸟;观察研究野鸟,北京版一年级起点三年级下.xlsx
beijing_start1|g3-lower|r012|hear,beijing_start1,3年级下,3,下,12,hear,hear,[hɪə(r)],[hɪr],"vi. 听;听见 vt. 听到,听;听说;审理",北京版一年级起点三年级下.xlsx
beijing_start1|g3-lower|r013|out,beijing_start1,3年级下,3,下,13,out,out,[aʊt],[aʊt],adv. 出现;在外;出局;出声地;不流行地 adj. 外面的;出局的;下台的 n. 出局 prep. 向;离去 vi. 出来;暴露 vt. 使熄灭;驱逐,北京版一年级起点三年级下.xlsx
beijing_start1|g3-lower|r014|flag,beijing_start1,3年级下,3,下,14,flag,flag,[flæɡ],[flæɡ],n. 标志;旗子 vt. 标记;插旗 vi. 标记;衰退;枯萎,北京版一年级起点三年级下.xlsx
beijing_start1|g3-lower|r015|yellow,beijing_start1,3年级下,3,下,15,yellow,yellow,[ˈjeləʊ],[ˈjeloʊ],n. 黄色;黄种人;黄色颜料 adj. 黄色的;黄皮肤的 vt. 使变黄或发黄 vi. 变黄或发黄,北京版一年级起点三年级下.xlsx
beijing_start1|g3-lower|r016|watch,beijing_start1,3年级下,3,下,16,watch,watch,[wɒtʃ],[wɑːtʃ],"n. 手表;监视;守护;值班人 vt. 观察;注视;看守;警戒 vi. 观看,注视;守侯,看守",北京版一年级起点三年级下.xlsx
beijing_start1|g3-lower|r017|from,beijing_start1,3年级下,3,下,17,from,from,[frəm; frɒm],[frəm; frʌm; frɑːm],"prep. 来自,从;由于;今后",北京版一年级起点三年级下.xlsx
beijing_start1|g3-lower|r018|square,beijing_start1,3年级下,3,下,18,square,square,[skweə(r)],[skwer],n. 平方;广场;正方形 adj. 平方的;正方形的;直角的;正直的 vt. 使成方形;与...一致 vi. 一致;成方形 adv. 成直角地,北京版一年级起点三年级下.xlsx
beijing_start1|g3-lower|r019|black,beijing_start1,3年级下,3,下,19,black,black,[blæk],[blæk],n. 黑色;黑人;黑颜料 adj. 黑色的;黑人的;邪恶的 vt. 使变黑;把鞋油等涂在...上;把(眼眶)打成青肿 vi. 变黑,北京版一年级起点三年级下.xlsx
beijing_start1|g3-lower|r020|shape,beijing_start1,3年级下,3,下,20,shape,shape,[ʃeɪp],[ʃeɪp],"n. 形状;模型;身材;具体化 vt. 形成;塑造,使成形;使符合 vi. 形成;成形;成长",北京版一年级起点三年级下.xlsx
beijing_start1|g3-lower|r021|round,beijing_start1,3年级下,3,下,21,round,round,[raʊnd],[raʊnd],n. 圆;循环;一回合;圆形物 prep. 附近;绕过;大约;在...周围 adj. 圆的;完全的;大概的;肥胖的 vt. 完成;围捕;绕行;弄圆 adv. 在周围;迂回地;朝反方向;挨个 vi. 进展;变圆;环行;发胖,北京版一年级起点三年级下.xlsx
beijing_start1|g3-lower|r022|circle,beijing_start1,3年级下,3,下,22,circle,circle,[ˈsɜːk(ə)l],[ˈsɜːrkl],"n. 循环,周期;圆;圈子;圆形物 vt. 画圆圈;环绕...移动 vi. 盘旋,旋转;环行",北京版一年级起点三年级下.xlsx
beijing_start1|g3-lower|r023|now,beijing_start1,3年级下,3,下,23,now,now,[naʊ],[naʊ],adv. 现在;如今;立刻 adj. 现在的 n. 现在;目前 conj. 由于;既然,北京版一年级起点三年级下.xlsx
beijing_start1|g3-lower|r024|try,beijing_start1,3年级下,3,下,24,try,try,[traɪ],[traɪ],"n. 尝试;努力;试验 vt. 试图,努力;试验;审判;考验 vi. 尝试;努力;试验",北京版一年级起点三年级下.xlsx
beijing_start1|g3-lower|r025|ship,beijing_start1,3年级下,3,下,25,ship,ship,[ʃɪp],[ʃɪp],"n. 船;舰;太空船 vt. 运送,乘船;以船运送 vi. 上船;乘船旅行;当船员",北京版一年级起点三年级下.xlsx
beijing_start1|g3-lower|r026|wonderful,beijing_start1,3年级下,3,下,26,wonderful,wonderful,[ˈwʌndəf(ə)l],[ˈwʌndərf(ə)l],"adj. 极好的,精彩的,绝妙的;奇妙的;美妙;胜;神妙",北京版一年级起点三年级下.xlsx
beijing_start1|g3-lower|r027|any,beijing_start1,3年级下,3,下,27,any,any,[ˈeni],[ˈeni],adj. 任何的;所有的;丝毫 pron. 任何;任何一个;若干 adv. 稍微;少许,北京版一年级起点三年级下.xlsx
beijing_start1|g3-lower|r028|banana,beijing_start1,3年级下,3,下,28,banana,banana,[bəˈnɑːnə],[bəˈnænə],n. 香蕉;喜剧演员;大鹰钩鼻,北京版一年级起点三年级下.xlsx
beijing_start1|g3-lower|r029|before,beijing_start1,3年级下,3,下,29,before,before,[bɪˈfɔː(r)],[bɪˈfɔːr],"prep. 在...之前,先于 conj. 在...以前;在...之前 adv. 以前;在前",北京版一年级起点三年级下.xlsx
beijing_start1|g3-lower|r030|sweet,beijing_start1,3年级下,3,下,30,sweet,sweet,[swiːt],[swiːt],n. 糖果;乐趣;芳香;宝贝 adj. 甜的;悦耳的;芳香的;亲切的 (俚)酷毙了,北京版一年级起点三年级下.xlsx
beijing_start1|g3-lower|r031|potato,beijing_start1,3年级下,3,下,31,potato,potato,[pəˈteɪtəʊ],[pəˈteɪtoʊ],"n. [作物] 土豆,[作物] 马铃薯",北京版一年级起点三年级下.xlsx
beijing_start1|g3-lower|r032|sweet potato,beijing_start1,3年级下,3,下,32,sweet potato,sweet potato,,,n. 【植】甘薯,北京版一年级起点三年级下.xlsx
beijing_start1|g3-lower|r033|food,beijing_start1,3年级下,3,下,33,food,food,[fuːd],[fuːd],n. 食物;养料,北京版一年级起点三年级下.xlsx
beijing_start1|g3-lower|r034|best,beijing_start1,3年级下,3,下,34,best,best,[best],[best],"n. 最好的人,最好的事物;最佳状态 adj. 最好的 vt. 打败,胜过 adv. 最好地",北京版一年级起点三年级下.xlsx
beijing_start1|g3-lower|r035|great,beijing_start1,3年级下,3,下,35,great,great,[ɡreɪt],[ɡreɪt],"n. 大师;大人物;伟人们 adj. 伟大的,重大的;极好的,好的;主要的",北京版一年级起点三年级下.xlsx
beijing_start1|g3-lower|r036|apple,beijing_start1,3年级下,3,下,36,apple,apple,[ˈæp(ə)l],[ˈæpl],"n. 苹果,苹果树,苹果似的东西;[美俚]炸弹,手榴弹,(棒球的)球;[美俚]人,家伙。",北京版一年级起点三年级下.xlsx
beijing_start1|g3-lower|r037|drink,beijing_start1,3年级下,3,下,37,drink,drink,[drɪŋk],[drɪŋk],"n. 酒,饮料;喝酒 vt. 喝,饮;吸收;举杯庆贺 vi. 喝酒;饮水;干杯",北京版一年级起点三年级下.xlsx
beijing_start1|g3-lower|r038|may,beijing_start1,3年级下,3,下,38,may,may,[meɪ],[meɪ],"aux. 可以,能够;可能,也许;祝,愿;会,能",北京版一年级起点三年级下.xlsx
beijing_start1|g3-lower|r039|tea,beijing_start1,3年级下,3,下,39,tea,tea,[tiː],[tiː],n. 茶叶;茶树;茶点 vt. 给...沏茶 vi. 喝茶;进茶点,北京版一年级起点三年级下.xlsx
beijing_start1|g3-lower|r040|sure,beijing_start1,3年级下,3,下,40,sure,sure,[ʃʊə(r)],[ʃʊr],adj. 确信的;可靠的;必定的 adv. 当然;的确,北京版一年级起点三年级下.xlsx
beijing_start1|g3-lower|r041|child,beijing_start1,3年级下,3,下,41,child,child,[tʃaɪld],[tʃaɪld],"n. 儿童,小孩,孩子;产物;子孙;幼稚的人;弟子",北京版一年级起点三年级下.xlsx
beijing_start1|g3-lower|r042|children,beijing_start1,3年级下,3,下,42,children,children,[ˈtʃɪldrən],[ˈtʃɪldrən],n. 孩子们(child的复数),北京版一年级起点三年级下.xlsx
beijing_start1|g3-lower|r043|fly,beijing_start1,3年级下,3,下,43,fly,fly,[flaɪ],[flaɪ],n. 飞行;苍蝇;两翼昆虫 adj. 敏捷的 vi. 飞;驾驶飞机;飘扬 vt. 飞行;飞越;使飘扬,北京版一年级起点三年级下.xlsx
beijing_start1|g3-lower|r044|kite,beijing_start1,3年级下,3,下,44,kite,kite,[kaɪt],[kaɪt],n. 风筝 vi. 使用空头支票;像风筝一样飞;轻快地移动 vt. 骗钱;涂改(支票),北京版一年级起点三年级下.xlsx
beijing_start1|g3-lower|r045|song,beijing_start1,3年级下,3,下,45,song,song,[sɒŋ],[sɔŋ],n. 歌曲;歌唱;诗歌;鸣声,北京版一年级起点三年级下.xlsx
beijing_start1|g3-lower|r046|voice,beijing_start1,3年级下,3,下,46,voice,voice,[vɔɪs],[vɔɪs],n. 声音;嗓音;发言权;愿望 vt. 表达;吐露,北京版一年级起点三年级下.xlsx
beijing_start1|g3-lower|r047|dance,beijing_start1,3年级下,3,下,47,dance,dance,[dɑːns],[dæns],n. 舞蹈;舞会;舞曲 adj. 舞蹈的;用于跳舞的 vt. 跳舞;使跳跃 vi. 跳舞;跳跃;飘扬,北京版一年级起点三年级下.xlsx
beijing_start1|g3-lower|r048|pencil case,beijing_start1,3年级下,3,下,48,pencil case,pencil case,[ˈpensl keɪs],[ˈpensl keɪs],n. 铅笔盒;铅笔袋,北京版一年级起点三年级下.xlsx
beijing_start1|g3-lower|r049|water,beijing_start1,3年级下,3,下,49,water,water,[ˈwɔːtə(r)],[ˈwɔːtər],"n. 水;海水;雨水;海域,大片的水 vt. 使湿;供以水;给...浇水 vi. 加水;流泪;流口水",北京版一年级起点三年级下.xlsx
beijing_start1|g3-lower|r050|bottle,beijing_start1,3年级下,3,下,50,bottle,bottle,[ˈbɒt(ə)l],[ˈbɑːtl],n. 瓶子;一瓶的容量 vt. 控制;把...装入瓶中 vi. (街头艺人演出后)收拢钱币,北京版一年级起点三年级下.xlsx
beijing_start1|g3-lower|r051|look,beijing_start1,3年级下,3,下,51,look,look,[lʊk],[lʊk],vt. 看;期待;注意;面向;看上去像 vi. 看;看起来;注意;面向 n. 看;样子;面容,北京版一年级起点三年级下.xlsx
beijing_start1|g3-lower|r052|mother,beijing_start1,3年级下,3,下,52,mother,mother,[ˈmʌðə(r)],[ˈmʌðər],n. 母亲;大娘;女修道院院长 vt. 生下;养育;像母亲般关怀或照管 adj. 母亲的;出生地的,北京版一年级起点三年级下.xlsx
beijing_start1|g3-lower|r053|box,beijing_start1,3年级下,3,下,53,box,box,[bɒks],[bɑːks],"n. 箱,盒子;包厢;一拳 vt. 拳击;装...入盒中;打耳光 vi. 拳击",北京版一年级起点三年级下.xlsx
beijing_start1|g3-lower|r054|drive,beijing_start1,3年级下,3,下,54,drive,drive,[draɪv],[draɪv],"n. 驱动器;驾车;[心理] 内驱力,推进力;快车道 vi. 开车;猛击;飞跑 vt. 推动,发动(机器等);驾驶(马车,汽车等);驱赶",北京版一年级起点三年级下.xlsx
beijing_start1|g3-lower|r055|parent,beijing_start1,3年级下,3,下,55,parent,parent,[ˈpeərənt],[ˈperənt],n. 父亲(或母亲);父母亲;根源,北京版一年级起点三年级下.xlsx
beijing_start1|g3-lower|r056|father,beijing_start1,3年级下,3,下,56,father,father,[ˈfɑːðə(r)],[ˈfɑːðər],"n. 父亲,爸爸;神父;祖先;前辈 vt. 发明,创立;当...的父亲",北京版一年级起点三年级下.xlsx
beijing_start1|g3-lower|r057|write,beijing_start1,3年级下,3,下,57,write,write,[raɪt],[raɪt],"vi. 写,写字;写作,作曲;写信 vt. 写,书写;写信给;著述",北京版一年级起点三年级下.xlsx
beijing_start1|g3-lower|r058|open,beijing_start1,3年级下,3,下,58,open,open,[ˈəʊpən],[ˈoʊpən],adj. 公开的;敞开的;空旷的;坦率的;营业着的 vi. 开始;展现 vt. 公开;打开 n. 公开;空旷;户外,北京版一年级起点三年级下.xlsx
beijing_start1|g3-lower|r059|much,beijing_start1,3年级下,3,下,59,much,much,[mʌtʃ],[mʌtʃ],"adv. 非常,很 adj. 大量的 n. 许多,大量 pron. 许多,大量",北京版一年级起点三年级下.xlsx
beijing_start1|g3-lower|r060|hard,beijing_start1,3年级下,3,下,60,hard,hard,[hɑːd],[hɑːrd],adj. 努力的;硬的;困难的;辛苦的;确实的;严厉的;猛烈的;冷酷无情的 adv. 努力地;困难地;辛苦地;接近地;猛烈地;牢固地,北京版一年级起点三年级下.xlsx
beijing_start1|g3-lower|r061|afraid,beijing_start1,3年级下,3,下,61,afraid,afraid,[əˈfreɪd],[əˈfreɪd],adj. 害怕的;恐怕;担心的,北京版一年级起点三年级下.xlsx
beijing_start1|g3-lower|r062|be,beijing_start1,3年级下,3,下,62,be,be,[bi],[bi; biː],"vt. 是; 有,存在; 做,成为; 发生",北京版一年级起点三年级下.xlsx
beijing_start1|g3-lower|r063|aunt,beijing_start1,3年级下,3,下,63,aunt,aunt,[ɑːnt],[ænt],n. 阿姨;姑妈;伯母;舅妈,北京版一年级起点三年级下.xlsx
beijing_start1|g3-lower|r064|uncle,beijing_start1,3年级下,3,下,64,uncle,uncle,[ˈʌŋk(ə)l],[ˈʌŋkl],n. 叔叔;伯父;伯伯;舅父;姨丈;姑父,北京版一年级起点三年级下.xlsx
beijing_start1|g3-lower|r065|hospital,beijing_start1,3年级下,3,下,65,hospital,hospital,[ˈhɒspɪt(ə)l],[ˈhɑːspɪtl],n. 医院,北京版一年级起点三年级下.xlsx
beijing_start1|g3-lower|r066|nurse,beijing_start1,3年级下,3,下,66,nurse,nurse,[nɜːs],[nɜːrs],"vt. 看护,护理;照顾;培养;给...喂奶 vi. 照料,护理;喂奶;当保姆 n. 护士;奶妈,保姆",北京版一年级起点三年级下.xlsx
beijing_start1|g3-lower|r067|doctor,beijing_start1,3年级下,3,下,67,doctor,doctor,[ˈdɒktə(r)],[ˈdɑːktər],"vt. 修理;篡改,伪造;为...治病;授以博士学位 n. 医生;博士 vi. 就医;行医",北京版一年级起点三年级下.xlsx
beijing_start1|g3-lower|r068|tooth,beijing_start1,3年级下,3,下,68,tooth,tooth,[tuːθ],[tuːθ],n. 牙齿 vt. 给......装齿 vi. 啮合,北京版一年级起点三年级下.xlsx
beijing_start1|g3-lower|r069|teeth,beijing_start1,3年级下,3,下,69,teeth,teeth,[tiːθ],[tiːθ],n. 牙齿,北京版一年级起点三年级下.xlsx
beijing_start1|g3-lower|r070|lesson,beijing_start1,3年级下,3,下,70,lesson,lesson,[ˈlesn],[ˈlesn],n. 教训;课 vt. 教训;上课,北京版一年级起点三年级下.xlsx
beijing_start1|g3-lower|r071|story,beijing_start1,3年级下,3,下,71,story,story,[ˈstɔːri],[ˈstɔːri],n. 故事;小说;新闻报道;来历;假话 vt. 用历史故事画装饰 vi. 说谎,北京版一年级起点三年级下.xlsx
beijing_start1|g4-upper|r002|again,beijing_start1,4年级上,4,上,2,again,again,[əˈɡen],[əˈɡen; əˈɡeɪn],"adv. 又,此外;再一次;再说;增加 n. (英、保)阿盖恩",北京版一年级起点四年级上.xlsx
beijing_start1|g4-upper|r003|glad,beijing_start1,4年级上,4,上,3,glad,glad,[ɡlæd],[ɡlæd],adj. 高兴的;乐意的;令人高兴的;灿烂美丽的 vt. 使高兴,北京版一年级起点四年级上.xlsx
beijing_start1|g4-upper|r004|why,beijing_start1,4年级上,4,上,4,why,why,[waɪ],[waɪ],int. 哎呀!什么? adv. 为什么,北京版一年级起点四年级上.xlsx
beijing_start1|g4-upper|r005|book,beijing_start1,4年级上,4,上,5,book,book,[bʊk],[bʊk],n. 书籍;卷;帐簿;名册;工作簿 vt. 预订;登记,北京版一年级起点四年级上.xlsx
beijing_start1|g4-upper|r006|sad,beijing_start1,4年级上,4,上,6,sad,sad,[sæd],[sæd],"adj. 难过的;悲哀的,令人悲痛的;凄惨的,阴郁的(形容颜色)",北京版一年级起点四年级上.xlsx
beijing_start1|g4-upper|r007|surprised,beijing_start1,4年级上,4,上,7,surprised,surprised,[səˈpraɪzd],[sərˈpraɪzd],"v. 使惊奇(surprise的过去分词形式) adj. 感到惊讶的,出人意料的",北京版一年级起点四年级上.xlsx
beijing_start1|g4-upper|r008|look for,beijing_start1,4年级上,4,上,8,look for,look for,[ˈlʊk fɔː(r)],[ˈlʊk fɔːr],v. 寻找;探索;渴望;盼望,北京版一年级起点四年级上.xlsx
beijing_start1|g4-upper|r009|get well,beijing_start1,4年级上,4,上,9,get well,get well,[ɡet wel],[ɡet wel],na. 复原,北京版一年级起点四年级上.xlsx
beijing_start1|g4-upper|r010|upset,beijing_start1,4年级上,4,上,10,upset,upset,[ˌʌpˈset],[ˌʌpˈset],n. 混乱;翻倒;颠覆 adj. 心烦的;混乱的;弄翻的 vt. 使心烦;颠覆;扰乱 vi. 翻倒,北京版一年级起点四年级上.xlsx
beijing_start1|g4-upper|r011|speak,beijing_start1,4年级上,4,上,11,speak,speak,[spiːk],[spiːk],vi. 说话;演讲;表明;陈述 vt. 讲话;发言;讲演,北京版一年级起点四年级上.xlsx
beijing_start1|g4-upper|r012|robot,beijing_start1,4年级上,4,上,12,robot,robot,[ˈrəʊbɒt],[ˈroʊbɑːt],"n. 机器人;遥控设备,自动机械;机械般工作的人",北京版一年级起点四年级上.xlsx
beijing_start1|g4-upper|r013|housework,beijing_start1,4年级上,4,上,13,housework,housework,[ˈhaʊswɜːk],[ˈhaʊswɜːrk],n. 家务事,北京版一年级起点四年级上.xlsx
beijing_start1|g4-upper|r014|ms,beijing_start1,4年级上,4,上,14,Ms,ms,[mɪz],[mɪz],"abbr. 存贮系统(Memory System);主存储器(Main Storage);主程序装置(Master Sequecer);中速,平均速度(Medium Speed);主(总)开关(Master Switch)",北京版一年级起点四年级上.xlsx
beijing_start1|g4-upper|r015|mrs,beijing_start1,4年级上,4,上,15,Mrs,mrs,[ˈmɪsɪz],[ˈmɪsɪz],n. 太太;夫人(用于已婚妇女姓名前的尊称),北京版一年级起点四年级上.xlsx
beijing_start1|g4-upper|r016|there,beijing_start1,4年级上,4,上,16,there,there,[ðeə(r)],[ðer],n. 那个地方 adv. 在那里;在那边;在那点上 int. 你瞧,北京版一年级起点四年级上.xlsx
beijing_start1|g4-upper|r017|really,beijing_start1,4年级上,4,上,17,really,really,[ˈriːəli],[ˈriːəli],"adv. 实际上,事实上;真正地,真实地;真的吗?(表语气)",北京版一年级起点四年级上.xlsx
beijing_start1|g4-upper|r018|bring,beijing_start1,4年级上,4,上,18,bring,bring,[brɪŋ],[brɪŋ],vt. 带来;促使;引起;使某人处于某种情况或境地,北京版一年级起点四年级上.xlsx
beijing_start1|g4-upper|r019|school,beijing_start1,4年级上,4,上,19,school,school,[skuːl],[skuːl],n. 学校;学院;学派;鱼群 vt. 教育,北京版一年级起点四年级上.xlsx
beijing_start1|g4-upper|r020|bad,beijing_start1,4年级上,4,上,20,bad,bad,[bæd],[bæd],"n. 坏事;坏人 adj. 坏的;严重的;劣质的 adv. 很,非常;坏地;邪恶地",北京版一年级起点四年级上.xlsx
beijing_start1|g4-upper|r021|cold,beijing_start1,4年级上,4,上,21,cold,cold,[kəʊld],[kəʊld],"n. 寒冷;感冒 adj. 寒冷的;冷淡的,不热情的;失去知觉的 adv. 完全地",北京版一年级起点四年级上.xlsx
beijing_start1|g4-upper|r022|drink,beijing_start1,4年级上,4,上,22,drink,drink,[drɪŋk],[drɪŋk],"n. 酒,饮料;喝酒 vt. 喝,饮;吸收;举杯庆贺 vi. 喝酒;饮水;干杯",北京版一年级起点四年级上.xlsx
beijing_start1|g4-upper|r023|word,beijing_start1,4年级上,4,上,23,word,word,[wɜːd],[wɜːrd],n. [语] 单词;话语;消息;诺言;命令 vt. 用言辞表达,北京版一年级起点四年级上.xlsx
beijing_start1|g4-upper|r024|computer,beijing_start1,4年级上,4,上,24,computer,computer,[kəmˈpjuːtə(r)],[kəmˈpjuːtər],n. 计算机;电脑;电子计算机,北京版一年级起点四年级上.xlsx
beijing_start1|g4-upper|r025|easy,beijing_start1,4年级上,4,上,25,easy,easy,[ˈiːzi],[ˈiːzi],"adj. 容易的;舒适的 vt. 发出停划命令 adv. 不费力地,从容地 vi. 停止划桨",北京版一年级起点四年级上.xlsx
beijing_start1|g4-upper|r026|light,beijing_start1,4年级上,4,上,26,light,light,[laɪt],[laɪt],n. 光;光线;灯;打火机;领悟;浅色;天窗 adj. 轻的;浅色的;明亮的;轻松的;容易的;清淡的 vi. 点着;变亮;着火 vt. 照亮;点燃;着火 adv. 轻地;清楚地;轻便地,北京版一年级起点四年级上.xlsx
beijing_start1|g4-upper|r027|door,beijing_start1,4年级上,4,上,27,door,door,[dɔː(r)],[dɔːr],"n. 门;家,户;门口;通道",北京版一年级起点四年级上.xlsx
beijing_start1|g4-upper|r028|kind,beijing_start1,4年级上,4,上,28,kind,kind,[kaɪnd],[kaɪnd],n. 种类;性质 adj. 和蔼的;宽容的;令人感激的,北京版一年级起点四年级上.xlsx
beijing_start1|g4-upper|r029|window,beijing_start1,4年级上,4,上,29,window,window,[ˈwɪndəʊ],[ˈwɪndoʊ],n. 窗;窗口;窗户,北京版一年级起点四年级上.xlsx
beijing_start1|g4-upper|r030|glass,beijing_start1,4年级上,4,上,30,glass,glass,[ɡlɑːs],[ɡlæs],n. 玻璃;玻璃制品;镜子 vt. 反映;给某物加玻璃 vi. 成玻璃状,北京版一年级起点四年级上.xlsx
beijing_start1|g4-upper|r031|take,beijing_start1,4年级上,4,上,31,take,take,[teɪk],[teɪk],"vi. 拿;获得 vt. 拿,取;采取;接受(礼物等);买,花费;耗费(时间等) n. 捕获量;看法;利益,盈益;(入场券的)售得金额",北京版一年级起点四年级上.xlsx
beijing_start1|g4-upper|r032|fine,beijing_start1,4年级上,4,上,32,fine,fine,[faɪn],[faɪn],"n. 罚款 adj. 好的;优良的;细小的,精美的;健康的;晴朗的 vt. 罚款;澄清 adv. 很好地;精巧地",北京版一年级起点四年级上.xlsx
beijing_start1|g4-upper|r033|get,beijing_start1,4年级上,4,上,33,get,get,[ɡet],[ɡet],n. 生殖;幼兽 vi. 成为;变得;到达 vt. 使得,北京版一年级起点四年级上.xlsx
beijing_start1|g4-upper|r034|pen,beijing_start1,4年级上,4,上,34,pen,pen,[pen],[pen],n. 钢笔;作家;围栏 vt. 写;关入栏中,北京版一年级起点四年级上.xlsx
beijing_start1|g4-upper|r035|kind,beijing_start1,4年级上,4,上,35,kind,kind,[kaɪnd],[kaɪnd],n. 种类;性质 adj. 和蔼的;宽容的;令人感激的,北京版一年级起点四年级上.xlsx
beijing_start1|g4-upper|r036|brown,beijing_start1,4年级上,4,上,36,brown,brown,[braʊn],[braʊn],"n. 褐色,棕色 adj. 棕色的,褐色的;太阳晒黑的 vt. 使变成褐色 vi. 变成褐色",北京版一年级起点四年级上.xlsx
beijing_start1|g4-upper|r037|think,beijing_start1,4年级上,4,上,37,think,think,[θɪŋk],[θɪŋk],n. 想;想法 adj. 思想的 vi. 想;认为 vt. 想;认为;想起;想像;打算,北京版一年级起点四年级上.xlsx
beijing_start1|g4-upper|r038|pair,beijing_start1,4年级上,4,上,38,pair,pair,[peə(r)],[per],"n. 一对,一双,一副 vt. 把...组成一对",北京版一年级起点四年级上.xlsx
beijing_start1|g4-upper|r039|shoe,beijing_start1,4年级上,4,上,39,shoe,shoe,[ʃuː],[ʃuː],n. 鞋;蹄铁;外胎 vt. 给......穿上鞋;穿......鞋,北京版一年级起点四年级上.xlsx
beijing_start1|g4-upper|r040|how much,beijing_start1,4年级上,4,上,40,how much,how much,[haʊ mʌtʃ],[haʊ mʌtʃ],conj. 多少,北京版一年级起点四年级上.xlsx
beijing_start1|g4-upper|r041|buy,beijing_start1,4年级上,4,上,41,buy,buy,[baɪ],[baɪ],"n. 购买,买卖;所购的物品 vi. 买,采购 vt. 购买;获得;贿赂",北京版一年级起点四年级上.xlsx
beijing_start1|g4-upper|r042|shop,beijing_start1,4年级上,4,上,42,shop,shop,[ʃɒp],[ʃɑːp],n. 商店;店铺 vt. 购物 vi. 购物;买东西,北京版一年级起点四年级上.xlsx
beijing_start1|g4-upper|r043|sell,beijing_start1,4年级上,4,上,43,sell,sell,[sel],[sel],n. 销售;失望;推销术 vt. 销售;推销;出卖;欺骗 vi. 卖;出售;受欢迎;有销路,北京版一年级起点四年级上.xlsx
beijing_start1|g4-upper|r044|eat,beijing_start1,4年级上,4,上,44,eat,eat,[iːt],[iːt],"vt. 吃,喝;腐蚀;烦扰 vi. 进食;腐蚀,侵蚀",北京版一年级起点四年级上.xlsx
beijing_start1|g4-upper|r045|healthy,beijing_start1,4年级上,4,上,45,healthy,healthy,[ˈhelθi],[ˈhelθi],"adj. 健康的,健全的;有益于健康的",北京版一年级起点四年级上.xlsx
beijing_start1|g4-upper|r046|sour,beijing_start1,4年级上,4,上,46,sour,sour,[ˈsaʊə(r)],[ˈsaʊər],n. 酸味;苦事 adj. 酸的;发酵的;刺耳的;酸臭的;讨厌的 vt. 使变酸;使失望 vi. 发酵;变酸;厌烦,北京版一年级起点四年级上.xlsx
beijing_start1|g4-upper|r047|cook,beijing_start1,4年级上,4,上,47,cook,cook,[kʊk],[kʊk],"n. 厨师,厨子 vt. 烹调,煮 vi. 烹调,做菜",北京版一年级起点四年级上.xlsx
beijing_start1|g4-upper|r048|duck,beijing_start1,4年级上,4,上,48,duck,duck,[dʌk],[dʌk],n. 鸭子;鸭肉;(英)宝贝儿;零分 vt. 躲避;猛按...入水 vi. 闪避;没入水中,北京版一年级起点四年级上.xlsx
beijing_start1|g4-upper|r049|soup,beijing_start1,4年级上,4,上,49,soup,soup,[suːp],[suːp],"n. 汤,羹;马力 vt. 加速;增加马力",北京版一年级起点四年级上.xlsx
beijing_start1|g4-upper|r050|sorry,beijing_start1,4年级上,4,上,50,sorry,sorry,[ˈsɒri],[ˈsɑːri],"adj. 遗憾的;对不起的,抱歉的 int. 对不起,抱歉(表示委婉的拒绝等)",北京版一年级起点四年级上.xlsx
beijing_start1|g4-upper|r051|pie,beijing_start1,4年级上,4,上,51,pie,pie,[paɪ],[paɪ],n. 馅饼;饼图;爱说话的人 vt. 使杂乱,北京版一年级起点四年级上.xlsx
beijing_start1|g4-upper|r052|chicken,beijing_start1,4年级上,4,上,52,chicken,chicken,[ˈtʃɪkɪn],[ˈtʃɪkɪn],"n. 鸡肉;小鸡;胆小鬼,懦夫 adj. 鸡肉的;胆怯的;幼小的",北京版一年级起点四年级上.xlsx
beijing_start1|g4-upper|r053|hamburger,beijing_start1,4年级上,4,上,53,hamburger,hamburger,[ˈhæmbɜːɡə(r)],[ˈhæmbɜːrɡər],"n. 汉堡包,火腿汉堡;牛肉饼,肉饼;碎牛肉",北京版一年级起点四年级上.xlsx
beijing_start1|g4-upper|r054|change,beijing_start1,4年级上,4,上,54,change,change,[tʃeɪndʒ],[tʃeɪndʒ],n. 变化;找回的零钱 vt. 改变;交换 vi. 改变;兑换,北京版一年级起点四年级上.xlsx
beijing_start1|g4-upper|r055|money,beijing_start1,4年级上,4,上,55,money,money,[ˈmʌni],[ˈmʌni],n. 钱;货币;财富,北京版一年级起点四年级上.xlsx
beijing_start1|g4-upper|r056|become,beijing_start1,4年级上,4,上,56,become,become,[bɪˈkʌm],[bɪˈkʌm],vt. 适合;相称 vi. 成为;变得;变成,北京版一年级起点四年级上.xlsx
beijing_start1|g4-upper|r057|clever,beijing_start1,4年级上,4,上,57,clever,clever,[ˈklevə(r)],[ˈklevər],adj. 聪明的;机灵的;熟练的 [ 比较级cleverer 最高级 cleverest ],北京版一年级起点四年级上.xlsx
beijing_start1|g4-upper|r058|ice,beijing_start1,4年级上,4,上,58,ice,ice,[aɪs],[aɪs],n. 冰;冰淇淋;矜持;(俚)钻石 adj. 冰的 vt. 冰镇;结冰 vi. 结冰,北京版一年级起点四年级上.xlsx
beijing_start1|g4-upper|r059|walk,beijing_start1,4年级上,4,上,59,walk,walk,[wɔːk],[wɔːk],"n. 步行,走;散步 vi. 走,步行;散步 vt. 散步;走过",北京版一年级起点四年级上.xlsx
beijing_start1|g4-upper|r060|interesting,beijing_start1,4年级上,4,上,60,interesting,interesting,[ˈɪntrəstɪŋ],[ˈɪntrəstɪŋ; ˈɪntrestɪŋ],"adj. 有趣的;引起兴趣的,令人关注的",北京版一年级起点四年级上.xlsx
beijing_start1|g4-upper|r061|close,beijing_start1,4年级上,4,上,61,close,close,[kləʊz],[kloʊz; kloʊs],n. 结束 adj. 紧密的;亲密的;亲近的 vt. 关;结束;使靠近 vi. 关;结束;关闭 adv. 紧密地,北京版一年级起点四年级上.xlsx
beijing_start1|g4-upper|r062|farmer,beijing_start1,4年级上,4,上,62,farmer,farmer,[ˈfɑːmə(r)],[ˈfɑːrmər],"n. 农夫,农民",北京版一年级起点四年级上.xlsx
beijing_start1|g4-upper|r063|lake,beijing_start1,4年级上,4,上,63,lake,lake,[leɪk],[leɪk],n. 湖;深红色颜料;胭脂红 vt. (使)血球溶解 vi. (使)血球溶解,北京版一年级起点四年级上.xlsx
beijing_start1|g4-upper|r064|say,beijing_start1,4年级上,4,上,64,say,say,[seɪ],[seɪ],vt. 讲;说明;例如;声称;假设;指明 vi. 讲;表示;念;假定;背诵,北京版一年级起点四年级上.xlsx
beijing_start1|g4-upper|r065|air,beijing_start1,4年级上,4,上,65,air,air,[eə(r)],[er],"n. 空气,大气;天空;样子;曲调 vt. 使通风,晾干;夸耀 vi. 通风",北京版一年级起点四年级上.xlsx
beijing_start1|g4-upper|r066|live,beijing_start1,4年级上,4,上,66,live,live,[lɪv; laɪv],[lɪv; laɪv],adj. 活的;生动的;实况转播的;精力充沛的 vt. 经历;度过 vi. 活;居住;生存,北京版一年级起点四年级上.xlsx
beijing_start1|g4-lower|r002|music,beijing_start1,4年级下,4,下,2,music,music,[ˈmjuːzɪk],[ˈmjuːzɪk],"n. 音乐,乐曲",北京版一年级起点四年级下.xlsx
beijing_start1|g4-lower|r003|pop,beijing_start1,4年级下,4,下,3,pop,pop,[pɒp],[pɑːp],abbr. 卖点广告(Point of Purchase),北京版一年级起点四年级下.xlsx
beijing_start1|g4-lower|r004|keep,beijing_start1,4年级下,4,下,4,keep,keep,[kiːp],[kiːp],vt. 保持;经营;遵守;饲养 vi. 保持;继续不断 n. 保持;生计;生活费,北京版一年级起点四年级下.xlsx
beijing_start1|g4-lower|r005|quiet,beijing_start1,4年级下,4,下,5,quiet,quiet,[ˈkwaɪət],[ˈkwaɪət],n. 安静;和平 adj. 安静的;安定的;不动的;温顺的 vt. 使平息;安慰 vi. 平静下来,北京版一年级起点四年级下.xlsx
beijing_start1|g4-lower|r006|noisy,beijing_start1,4年级下,4,下,6,noisy,noisy,[ˈnɔɪzi],[ˈnɔɪzi],adj. .嘈杂的;喧闹的;聒噪的,北京版一年级起点四年级下.xlsx
beijing_start1|g4-lower|r007|sometimes,beijing_start1,4年级下,4,下,7,sometimes,sometimes,[ˈsʌmtaɪmz],[ˈsʌmtaɪmz],"adv. 有时,间或",北京版一年级起点四年级下.xlsx
beijing_start1|g4-lower|r008|model,beijing_start1,4年级下,4,下,8,model,model,[ˈmɒd(ə)l],[ˈmɑːdl],n. 模型;典型;模范;模特儿;样式 vt. 模拟;塑造;模仿 vi. 做模型;做模特儿 adj. 模范的;作模型用的,北京版一年级起点四年级下.xlsx
beijing_start1|g4-lower|r009|plane,beijing_start1,4年级下,4,下,9,plane,plane,[pleɪn],[pleɪn],"n. 飞机;平面;程度,水平 adj. 平的;平面的 vt. 刨平;用刨子刨;掠过水面 vi. 刨;乘飞机旅行;翱翔",北京版一年级起点四年级下.xlsx
beijing_start1|g4-lower|r010|wrong,beijing_start1,4年级下,4,下,10,wrong,wrong,[rɒŋ],[rɔːŋ],"n. 坏事;不公正 adj. 错误的;失常的;不适当的 vt. 委屈;无理地对待;诽谤 adv. 错误地;邪恶地,不正当地",北京版一年级起点四年级下.xlsx
beijing_start1|g4-lower|r011|headache,beijing_start1,4年级下,4,下,11,headache,headache,[ˈhedeɪk],[ˈhedeɪk],n. 头痛;麻烦;令人头痛之事,北京版一年级起点四年级下.xlsx
beijing_start1|g4-lower|r012|fever,beijing_start1,4年级下,4,下,12,fever,fever,[ˈfiːvə(r)],[ˈfiːvər],"n. 发烧,发热;狂热 vt. 使发烧;使狂热;使患热病 vi. 发烧;狂热;患热病",北京版一年级起点四年级下.xlsx
beijing_start1|g4-lower|r013|has,beijing_start1,4年级下,4,下,13,has,has,[həz],[həz; əz; hæz],"v. 有,吃,得到,从事,允许,雇用,享有(have的第三人称单数);(亲属关系中)接受;拿;买到",北京版一年级起点四年级下.xlsx
beijing_start1|g4-lower|r014|mouth,beijing_start1,4年级下,4,下,14,mouth,mouth,[maʊθ],[maʊθ],"n. 口,嘴;河口 vt. 做作地说,装腔作势地说;喃喃地说出 vi. 装腔作势说话",北京版一年级起点四年级下.xlsx
beijing_start1|g4-lower|r015|flu,beijing_start1,4年级下,4,下,15,flu,flu,[fluː],[fluː],n. 流感,北京版一年级起点四年级下.xlsx
beijing_start1|g4-lower|r016|pill,beijing_start1,4年级下,4,下,16,pill,pill,[pɪl],[pɪl],"n. 药丸;弹丸,子弹;口服避孕药 vt. 把...制成丸剂;使服用药丸;抢劫,掠夺(古语) vi. 做成药丸;服药丸",北京版一年级起点四年级下.xlsx
beijing_start1|g4-lower|r017|soon,beijing_start1,4年级下,4,下,17,soon,soon,[suːn],[suːn],"adv. 快;不久,一会儿;立刻;",北京版一年级起点四年级下.xlsx
beijing_start1|g4-lower|r018|man,beijing_start1,4年级下,4,下,18,man,man,[mæn],[mæn],n. 人;男人;人类;丈夫;雇工 vt. 操纵;给...配置人员;使增强勇气;在...就位,北京版一年级起点四年级下.xlsx
beijing_start1|g4-lower|r019|men,beijing_start1,4年级下,4,下,19,men,men,[men],[men],"n. 男人,人类(man的复数)",北京版一年级起点四年级下.xlsx
beijing_start1|g4-lower|r020|right,beijing_start1,4年级下,4,下,20,right,right,[raɪt],[raɪt],n. 正确;右边;正义 adj. 正确的;直接的;右方的 vt. 纠正 adv. 正确地;恰当地;彻底地 vi. 复正;恢复平稳,北京版一年级起点四年级下.xlsx
beijing_start1|g4-lower|r021|hurt,beijing_start1,4年级下,4,下,21,hurt,hurt,[hɜːt],[hɜːrt],n. 痛苦;危害;痛苦的原因 vt. 使受伤;损害;使疼痛;使痛心 adj. 受伤的;痛苦的;受损的 vi. 感到疼痛;有坏处;带来痛苦,北京版一年级起点四年级下.xlsx
beijing_start1|g4-lower|r022|near,beijing_start1,4年级下,4,下,22,near,near,[nɪə(r)],[nɪr],adj. 近的;亲近的;近似的 adv. 近;接近 prep. 靠近;近似于,北京版一年级起点四年级下.xlsx
beijing_start1|g4-lower|r023|excuse,beijing_start1,4年级下,4,下,23,excuse,excuse,[ɪkˈskjuːs],[ɪkˈskjuːs],n. 借口;理由 vt. 原谅;为...申辩;给...免去 vi. 作为借口;请求宽恕;表示宽恕,北京版一年级起点四年级下.xlsx
beijing_start1|g4-lower|r024|library,beijing_start1,4年级下,4,下,24,library,library,[ˈlaɪbrəri; ˈlaɪbri],[ˈlaɪbreri],"n. 图书馆,藏书室;文库",北京版一年级起点四年级下.xlsx
beijing_start1|g4-lower|r025|floor,beijing_start1,4年级下,4,下,25,floor,floor,[flɔː(r)],[flɔːr],"n. 地板,地面;楼层;基底;议员席 vt. 铺地板;打倒,击倒;(被困难)难倒",北京版一年级起点四年级下.xlsx
beijing_start1|g4-lower|r026|building,beijing_start1,4年级下,4,下,26,building,building,[ˈbɪldɪŋ],[ˈbɪldɪŋ],n. 建筑;建筑物 v. 建筑;建立;增加(build的ing形式),北京版一年级起点四年级下.xlsx
beijing_start1|g4-lower|r027|nearby,beijing_start1,4年级下,4,下,27,nearby,nearby,[ˌnɪəˈbaɪ],[ˌnɪrˈbaɪ],"adj. 附近的,邻近的 adv. 在附近 prep. 在...附近",北京版一年级起点四年级下.xlsx
beijing_start1|g4-lower|r028|grey,beijing_start1,4年级下,4,下,28,grey,grey,[ɡreɪ],[ɡreɪ],n. 灰色 adj. 灰色的;灰白的 vt. 使变成灰色;使变老 vi. 变成灰色;老化,北京版一年级起点四年级下.xlsx
beijing_start1|g4-lower|r029|beside,beijing_start1,4年级下,4,下,29,beside,beside,[bɪˈsaɪd],[bɪˈsaɪd],prep. 在旁边;与...相比;和...无关,北京版一年级起点四年级下.xlsx
beijing_start1|g4-lower|r030|station,beijing_start1,4年级下,4,下,30,station,station,[ˈsteɪʃ(ə)n],[ˈsteɪʃn],n. 车站;驻地;地位;身份 vt. 配置;安置;驻扎,北京版一年级起点四年级下.xlsx
beijing_start1|g4-lower|r031|far,beijing_start1,4年级下,4,下,31,far,far,[fɑː(r)],[fɑːr],n. 远方 adj. 远的;久远的 adv. 很;遥远地;久远地;到很远的距离;到很深的程度,北京版一年级起点四年级下.xlsx
beijing_start1|g4-lower|r032|way,beijing_start1,4年级下,4,下,32,way,way,[weɪ],[weɪ],n. 方法;道路;方向;行业;习惯 adj. 途中的 adv. 大大地;远远地,北京版一年级起点四年级下.xlsx
beijing_start1|g4-lower|r033|then,beijing_start1,4年级下,4,下,33,then,then,[ðen],[ðen],"conj. 然后,当时 n. 那时 adv. 然后;那么;于是;当时;此外",北京版一年级起点四年级下.xlsx
beijing_start1|g4-lower|r034|left,beijing_start1,4年级下,4,下,34,left,left,[left],[left],adj. 左边的;左派的;剩下的 adv. 在左面 n. 左边;左派;激进分子 v. 离开(leave的过去式),北京版一年级起点四年级下.xlsx
beijing_start1|g4-lower|r035|miss,beijing_start1,4年级下,4,下,35,miss,miss,[mɪs],[mɪs],"n. 女士,小姐,年轻未婚女子 vt. 错过,想念,缺(勤)",北京版一年级起点四年级下.xlsx
beijing_start1|g4-lower|r036|china,beijing_start1,4年级下,4,下,36,China,china,[ˈtʃaɪnə],[ˈtʃaɪnə],"n. 中国 n. china,瓷器 adj. 中国的;中国制造的 adj. china,瓷制的",北京版一年级起点四年级下.xlsx
beijing_start1|g4-lower|r037|labour,beijing_start1,4年级下,4,下,37,labour,labour,[ˈleɪbə(r)],[ˈleɪbər],n. (英国)工党,北京版一年级起点四年级下.xlsx
beijing_start1|g4-lower|r038|wall,beijing_start1,4年级下,4,下,38,wall,wall,[wɔːl],[wɔːl],"n. 墙壁,围墙;似墙之物 adj. 墙壁的 vt. 用墙围住,围以墙",北京版一年级起点四年级下.xlsx
beijing_start1|g4-lower|r039|cinema,beijing_start1,4年级下,4,下,39,cinema,cinema,[ˈsɪnəmə],[ˈsɪnəmə],"n. 电影;电影院;电影业,电影制作术",北京版一年级起点四年级下.xlsx
beijing_start1|g4-lower|r040|museum,beijing_start1,4年级下,4,下,40,museum,museum,[mjuˈziːəm],[mjuˈziːəm],n. 博物馆,北京版一年级起点四年级下.xlsx
beijing_start1|g4-lower|r041|country,beijing_start1,4年级下,4,下,41,country,country,[ˈkʌntri],[ˈkʌntri],"n. 国家,国土;国民;乡下,农村;乡村;故乡 adj. 祖国的,故乡的;地方的,乡村的;国家的;粗鲁的;乡村音乐的",北京版一年级起点四年级下.xlsx
beijing_start1|g4-lower|r042|about,beijing_start1,4年级下,4,下,42,about,about,[əˈbaʊt],[əˈbaʊt],prep. 关于;大约 n. 大致;粗枝大叶;不拘小节的人 adj. 在附近的;四处走动的;在起作用的 adv. 大约;周围;到处,北京版一年级起点四年级下.xlsx
beijing_start1|g4-lower|r043|boat,beijing_start1,4年级下,4,下,43,boat,boat,[bəʊt],[boʊt],n. 小船;轮船 vi. 划船,北京版一年级起点四年级下.xlsx
beijing_start1|g4-lower|r044|sound,beijing_start1,4年级下,4,下,44,sound,sound,[saʊnd],[saʊnd],"n. 声音,语音;噪音;海峡;吵闹;听力范围;[医] 探条 adj. 健全的,健康的;合理的;可靠的;有效彻底的 vt. 听(诊);测量,测...深;使发声;试探;宣告 vi. 听起来;发出声音;回响;测深 adv. 彻底地,充分地",北京版一年级起点四年级下.xlsx
beijing_start1|g4-lower|r045|safe,beijing_start1,4年级下,4,下,45,safe,safe,[seɪf],[seɪf],n. 保险箱;冷藏室;纱橱 adj. 安全的;可靠的;平安的,北京版一年级起点四年级下.xlsx
beijing_start1|g4-lower|r046|dangerous,beijing_start1,4年级下,4,下,46,dangerous,dangerous,[ˈdeɪndʒərəs],[ˈdeɪndʒərəs],adj. 危险的 危险地,北京版一年级起点四年级下.xlsx
beijing_start1|g4-lower|r047|front,beijing_start1,4年级下,4,下,47,front,front,[frʌnt],[frʌnt],n. 前面;正面;前线 adj. 前面的;正面的 vt. 面对;朝向;对付 vi. 朝向 adv. 在前面;向前,北京版一年级起点四年级下.xlsx
beijing_start1|g4-lower|r048|thick,beijing_start1,4年级下,4,下,48,thick,thick,[θɪk],[θɪk],"n. 最拥挤部分;活动最多部分;事物的粗大浓密部分 adj. 厚的;浓的;粗大的 adv. 密集地;浓浓地,厚厚地",北京版一年级起点四年级下.xlsx
beijing_start1|g4-lower|r049|enough,beijing_start1,4年级下,4,下,49,enough,enough,[ɪˈnʌf],[ɪˈnʌf],"n. 很多;充足 adj. 充足的 adv. 足够地,充足地 int. 够了!",北京版一年级起点四年级下.xlsx
beijing_start1|g4-lower|r050|safety,beijing_start1,4年级下,4,下,50,safety,safety,[ˈseɪfti],[ˈseɪfti],n. 安全;保险;安全设备;保险装置;安打,北京版一年级起点四年级下.xlsx
beijing_start1|g4-lower|r051|crowd,beijing_start1,4年级下,4,下,51,crowd,crowd,[kraʊd],[kraʊd],"n. 群众,一伙;一堆,许多,大众 v. 拥挤,挤满,挤进 vt. 挤满,将...塞进;催促,催逼 vi. 挤,拥挤,聚集",北京版一年级起点四年级下.xlsx
beijing_start1|g4-lower|r052|push,beijing_start1,4年级下,4,下,52,push,push,[pʊʃ],[pʊʃ],"n. 推,决心;大规模攻势;矢志的追求 vi. 推进;增加;努力争取 vt. 推动,增加;对...施加压力,逼迫;按;说服",北京版一年级起点四年级下.xlsx
beijing_start1|g4-lower|r053|slowly,beijing_start1,4年级下,4,下,53,slowly,slowly,[ˈsləʊli],[ˈsloʊli],"adv. 缓慢地,慢慢地",北京版一年级起点四年级下.xlsx
beijing_start1|g4-lower|r054|break,beijing_start1,4年级下,4,下,54,break,break,[breɪk],[breɪk],vi. 打破;折断;弄坏;削弱 vt. (使)破;打破(纪录);(常指好天气)突变;开始 vi. (嗓音)突变;突破;破晓;(价格)突然下跌 n. 破裂;间断;(持续一段时间的状况的)改变;间歇,北京版一年级起点四年级下.xlsx
beijing_start1|g4-lower|r055|broke,beijing_start1,4年级下,4,下,55,broke,broke,[brəʊk],[broʊk],"v. 打破,断掉(break的过去式) adj. 一文不名的,破产的",北京版一年级起点四年级下.xlsx
beijing_start1|g4-lower|r056|drop,beijing_start1,4年级下,4,下,56,drop,drop,[drɒp],[drɑːp],n. 滴;落下;空投;微量;滴剂 vt. 滴;使降低;使终止;随口漏出 vi. 下降;终止,北京版一年级起点四年级下.xlsx
beijing_start1|g4-lower|r057|dropped,beijing_start1,4年级下,4,下,57,dropped,dropped,[drɒpt],[drɑːpt],"v. 下降,减少;掉下,滴下(drop的过去式和过去分词形式) adj. 抛踢球得分的",北京版一年级起点四年级下.xlsx
beijing_start1|g4-lower|r058|fix,beijing_start1,4年级下,4,下,58,fix,fix,[fɪks],[fɪks],n. 困境;方位;贿赂 vt. 使固定;修理;安装;准备 vi. 固定;注视,北京版一年级起点四年级下.xlsx
beijing_start1|g4-lower|r059|never,beijing_start1,4年级下,4,下,59,never,never,[ˈnevə(r)],[ˈnevər],adv. 从未;决不,北京版一年级起点四年级下.xlsx
beijing_start1|g4-lower|r060|lose,beijing_start1,4年级下,4,下,60,lose,lose,[luːz],[luːz],vt. 浪费;使沉溺于;使迷路;遗失;错过 vi. 失败;受损失,北京版一年级起点四年级下.xlsx
beijing_start1|g4-lower|r061|lost,beijing_start1,4年级下,4,下,61,lost,lost,[lɒst],[lɔːst],adj. 失去的;丧失的;迷惑的 v. 遗失(lose的过去分词);失败,北京版一年级起点四年级下.xlsx
beijing_start1|g4-lower|r062|key,beijing_start1,4年级下,4,下,62,key,key,[kiː],[kiː],n. (打字机等的)键;关键;钥匙 vt. 键入;锁上;调节...的音调;提供线索 vi. 使用钥匙 adj. 关键的,北京版一年级起点四年级下.xlsx
beijing_start1|g4-lower|r063|playground,beijing_start1,4年级下,4,下,63,playground,playground,[ˈpleɪɡraʊnd],[ˈpleɪɡraʊnd],"n. 运动场,操场;游乐场",北京版一年级起点四年级下.xlsx
beijing_start1|g4-lower|r064|next,beijing_start1,4年级下,4,下,64,next,next,[nekst],[nekst],adv. 然后;下次;其次 adj. 下一个的;其次的;贴近的 n. 下一个 prep. 靠近;居于...之后,北京版一年级起点四年级下.xlsx
beijing_start1|g4-lower|r065|happen,beijing_start1,4年级下,4,下,65,happen,happen,[ˈhæpən],[ˈhæpən],vi. 发生;碰巧;偶然遇到,北京版一年级起点四年级下.xlsx
beijing_start1|g4-lower|r066|happened,beijing_start1,4年级下,4,下,66,happened,happened,['hæpənd],[ˈhæpənd],"v. 发生(happen的过去式,过去分词)",北京版一年级起点四年级下.xlsx
beijing_start1|g4-lower|r067|vase,beijing_start1,4年级下,4,下,67,vase,vase,[vɑːz],[veɪs; veɪz],n. 瓶;花瓶,北京版一年级起点四年级下.xlsx
beijing_start1|g5-upper|r002|supermarket,beijing_start1,5年级上,5,上,2,supermarket,supermarket,[ˈsuːpəmɑːkɪt],[ˈsuːpərmɑːrkɪt],n. 超级市场;自助售货商店,北京版一年级起点五年级上.xlsx
beijing_start1|g5-upper|r003|meat,beijing_start1,5年级上,5,上,3,meat,meat,[miːt],[miːt],"n. 肉,肉类(食用)",北京版一年级起点五年级上.xlsx
beijing_start1|g5-upper|r004|juice,beijing_start1,5年级上,5,上,4,juice,juice,[dʒuːs],[dʒuːs],"n. (水果)汁,液;果汁",北京版一年级起点五年级上.xlsx
beijing_start1|g5-upper|r005|pay,beijing_start1,5年级上,5,上,5,pay,pay,[peɪ],[peɪ],"n. 工资,薪水;付款;报答 vt. 支付,付;偿还,补偿;给予 vi. 付款;偿还 adj. 收费的;需付费的",北京版一年级起点五年级上.xlsx
beijing_start1|g5-upper|r006|english,beijing_start1,5年级上,5,上,6,English,english,[ˈɪŋɡlɪʃ],[ˈɪŋɡlɪʃ],n. 英语;英国人;英文;英格兰人 adj. 英国人的;英国的;英文的 vt. 把...译成英语,北京版一年级起点五年级上.xlsx
beijing_start1|g5-upper|r007|difficult,beijing_start1,5年级上,5,上,7,difficult,difficult,[ˈdɪfɪkəlt],[ˈdɪfɪkəlt],adj. 困难的;不随和的;执拗的,北京版一年级起点五年级上.xlsx
beijing_start1|g5-upper|r008|maths,beijing_start1,5年级上,5,上,8,maths,maths,[mæθs],[mæθs],n. 数学(等于mathematics),北京版一年级起点五年级上.xlsx
beijing_start1|g5-upper|r009|subject,beijing_start1,5年级上,5,上,9,subject,subject,[ˈsʌbdʒɪkt; ˈsʌbdʒekt],[ˈsʌbdʒɪkt; ˈsʌbdʒekt],n. 主题;科目;[语] 主语;国民 adj. 服从的;易患...的;受制于...的 vt. 使...隶属;使屈从于...,北京版一年级起点五年级上.xlsx
beijing_start1|g5-upper|r010|draw,beijing_start1,5年级上,5,上,10,draw,draw,[drɔː],[drɔː],n. 平局;抽签 vi. 拉;拖 vt. 画;拉;吸引,北京版一年级起点五年级上.xlsx
beijing_start1|g5-upper|r011|art,beijing_start1,5年级上,5,上,11,art,art,[ɑːt],[ɑːrt],n. 艺术;美术;艺术品 v. 是(be的变体) adj. 艺术的;艺术品的,北京版一年级起点五年级上.xlsx
beijing_start1|g5-upper|r012|science,beijing_start1,5年级上,5,上,12,science,science,[ˈsaɪəns],[ˈsaɪəns],n. 科学;技术;学科;理科,北京版一年级起点五年级上.xlsx
beijing_start1|g5-upper|r013|sheep,beijing_start1,5年级上,5,上,13,sheep,sheep,[ʃiːp],[ʃiːp],"n. 羊,绵羊;胆小鬼",北京版一年级起点五年级上.xlsx
beijing_start1|g5-upper|r014|bear,beijing_start1,5年级上,5,上,14,bear,bear,[beə(r)],[ber],"n. 熊 vt. 结果实,开花(正式) vt. 忍受;承受;具有;支撑",北京版一年级起点五年级上.xlsx
beijing_start1|g5-upper|r015|minute,beijing_start1,5年级上,5,上,15,minute,minute,[ˈmɪnɪt],[ˈmɪnɪt],"n. 分,分钟;片刻,一会儿;备忘录,笔记;会议记录 vt. 将...记录下来 adj. 微小的,详细的 [maɪˈnjuːt; US -ˈnuːt; maɪˋnut]",北京版一年级起点五年级上.xlsx
beijing_start1|g5-upper|r016|put,beijing_start1,5年级上,5,上,16,put,put,[pʊt],[pʊt],n. 掷;笨蛋;投击;怪人 adj. 固定不动的 vi. 出发;击;航行;发芽 vt. 放;表达;移动;安置;赋予,北京版一年级起点五年级上.xlsx
beijing_start1|g5-upper|r017|must,beijing_start1,5年级上,5,上,17,must,must,[məst],[məst; mʌst],"aux. 必须,一定;可以,应当;很可能 n. 绝对必要的事物;未发酵葡萄汁",北京版一年级起点五年级上.xlsx
beijing_start1|g5-upper|r018|brother,beijing_start1,5年级上,5,上,18,brother,brother,[ˈbrʌðə(r)],[ˈbrʌðər],n. 兄弟;同事;战友 int. 我的老兄!,北京版一年级起点五年级上.xlsx
beijing_start1|g5-upper|r019|pass,beijing_start1,5年级上,5,上,19,pass,pass,[pɑːs],[pæs],n. 及格;经过;护照;途径;传球 vt. 通过;经过;传递 vi. 经过;传递;变化;终止,北京版一年级起点五年级上.xlsx
beijing_start1|g5-upper|r020|finish,beijing_start1,5年级上,5,上,20,finish,finish,[ˈfɪnɪʃ],[ˈfɪnɪʃ],"n. 结束;完美;回味(葡萄酒) vt. 完成;结束;用完 vi. 结束,终止;终结",北京版一年级起点五年级上.xlsx
beijing_start1|g5-upper|r021|homework,beijing_start1,5年级上,5,上,21,homework,homework,[ˈhəʊmwɜːk],[ˈhoʊmwɜːrk],"n. 家庭作业,课外作业",北京版一年级起点五年级上.xlsx
beijing_start1|g5-upper|r022|half,beijing_start1,5年级上,5,上,22,half,half,[hɑːf],[hæf],n. 一半;半场;半学年 adj. 一半的;不完全的;半途的 adv. 一半地;部分地,北京版一年级起点五年级上.xlsx
beijing_start1|g5-upper|r023|late,beijing_start1,5年级上,5,上,23,late,late,[leɪt],[leɪt],adj. 晚的;迟的;已故的;最近的 adv. 晚;迟;最近;在晚期,北京版一年级起点五年级上.xlsx
beijing_start1|g5-upper|r024|dirty,beijing_start1,5年级上,5,上,24,dirty,dirty,[ˈdɜːti],[ˈdɜːrti],"adj. 下流的,卑鄙的;肮脏的;恶劣的;暗淡的 vt. 弄脏 vi. 变脏",北京版一年级起点五年级上.xlsx
beijing_start1|g5-upper|r025|ask,beijing_start1,5年级上,5,上,25,ask,ask,[ɑːsk],[æsk],"vt. 问,询问;要求;需要;邀请;讨价 vi. 问,询问;要求",北京版一年级起点五年级上.xlsx
beijing_start1|g5-upper|r026|join,beijing_start1,5年级上,5,上,26,join,join,[dʒɔɪn],[dʒɔɪn],vt. 参加;结合;连接 vi. 加入;参加;结合 n. 结合;连接;接合点,北京版一年级起点五年级上.xlsx
beijing_start1|g5-upper|r027|wash,beijing_start1,5年级上,5,上,27,wash,wash,[wɒʃ],[wɑːʃ],n. 洗涤;洗的衣服;化妆水;冲积物 vt. 洗涤;洗刷;冲走;拍打 vi. 洗澡;被冲蚀,北京版一年级起点五年级上.xlsx
beijing_start1|g5-upper|r028|autumn,beijing_start1,5年级上,5,上,28,autumn,autumn,[ˈɔːtəm],[ˈɔːtəm; ˈɑːtəm],"n. 秋天;成熟期;渐衰期,凋落期 adj. 秋天的,秋季的",北京版一年级起点五年级上.xlsx
beijing_start1|g5-upper|r029|family,beijing_start1,5年级上,5,上,29,family,family,[ˈfæməli],[ˈfæməli],n. 家庭;亲属;家族;子女;[生]科;语族;[化]族 adj. 家庭的;家族的;适合于全家的,北京版一年级起点五年级上.xlsx
beijing_start1|g5-upper|r030|fruit,beijing_start1,5年级上,5,上,30,fruit,fruit,[fruːt],[fruːt],n. 水果;产物 vt. 使......结果实 vi. 结果实,北京版一年级起点五年级上.xlsx
beijing_start1|g5-upper|r031|climb,beijing_start1,5年级上,5,上,31,climb,climb,[klaɪm],[klaɪm],n. 爬;攀登 vi. 爬;攀登;上升 vt. 爬;攀登;上升,北京版一年级起点五年级上.xlsx
beijing_start1|g5-upper|r032|usually,beijing_start1,5年级上,5,上,32,usually,usually,[ˈjuːʒuəli],[ˈjuːʒuəli; ˈjuːʒəli],"adv. 通常,经常",北京版一年级起点五年级上.xlsx
beijing_start1|g5-upper|r033|him,beijing_start1,5年级上,5,上,33,him,him,[hɪm; ɪm],[hɪm; ɪm],pron. 他(宾格),北京版一年级起点五年级上.xlsx
beijing_start1|g5-upper|r034|dress,beijing_start1,5年级上,5,上,34,dress,dress,[dres],[dres],n. 连衣裙;女装 vt. 给...穿衣 vi. 穿衣,北京版一年级起点五年级上.xlsx
beijing_start1|g5-upper|r035|night,beijing_start1,5年级上,5,上,35,night,night,[naɪt],[naɪt],"n. 夜晚,晚上;黑暗,黑夜 adj. 夜晚的,夜间的",北京版一年级起点五年级上.xlsx
beijing_start1|g5-upper|r036|as,beijing_start1,5年级上,5,上,36,as,as,[əz],[əz; æz],conj. 因为;随着;虽然;依照;当...时 prep. 如同;当作;以...的身份 adv. 同样地;和...一样的,北京版一年级起点五年级上.xlsx
beijing_start1|g5-upper|r037|tongue,beijing_start1,5年级上,5,上,37,tongue,tongue,[tʌŋ],[tʌŋ],n. 舌头;语言 vt. 舔;斥责;用舌吹 vi. 说话;吹管乐器,北京版一年级起点五年级上.xlsx
beijing_start1|g5-upper|r038|the u.s.a.,beijing_start1,5年级上,5,上,38,the U.S.A.,the u.s.a.,,,美国;悠游美国,北京版一年级起点五年级上.xlsx
beijing_start1|g5-upper|r039|the united states of america,beijing_start1,5年级上,5,上,39,the United States of America,the united states of america,,,na. 美利坚合众国,北京版一年级起点五年级上.xlsx
beijing_start1|g5-upper|r040|east,beijing_start1,5年级上,5,上,40,east,east,[iːst],[iːst],"n. 东方;东风;东方国家 adj. 东方的;向东的;从东方来的 adv. 向东方,在东方",北京版一年级起点五年级上.xlsx
beijing_start1|g5-upper|r041|morning,beijing_start1,5年级上,5,上,41,morning,morning,[ˈmɔːnɪŋ],[ˈmɔːrnɪŋ],n. 早晨;黎明;初期,北京版一年级起点五年级上.xlsx
beijing_start1|g5-upper|r042|the u.k.,beijing_start1,5年级上,5,上,42,the U.K.,the u.k.,,,n. 英国,北京版一年级起点五年级上.xlsx
beijing_start1|g5-upper|r043|clock,beijing_start1,5年级上,5,上,43,clock,clock,[klɒk],[klɑːk],n. 时钟;计时器 vt. 记录;记时 vi. 打卡;记录时间,北京版一年级起点五年级上.xlsx
beijing_start1|g5-upper|r044|river,beijing_start1,5年级上,5,上,44,river,river,[ˈrɪvə(r)],[ˈrɪvər],"n. 河,江",北京版一年级起点五年级上.xlsx
beijing_start1|g5-upper|r045|city,beijing_start1,5年级上,5,上,45,city,city,[ˈsɪti],[ˈsɪti],"n. 城市,都市 adj. 城市的;都会的",北京版一年级起点五年级上.xlsx
beijing_start1|g5-upper|r046|afternoon,beijing_start1,5年级上,5,上,46,afternoon,afternoon,[ˌɑːftəˈnuːn],[ˌæftərˈnuːn],"n. 午后,下午",北京版一年级起点五年级上.xlsx
beijing_start1|g5-upper|r047|map,beijing_start1,5年级上,5,上,47,map,map,[mæp],[mæp],vt. 映射;计划;绘制地图;确定基因在染色体中的位置 n. 地图;示意图;染色体图 vi. 基因被安置,北京版一年级起点五年级上.xlsx
beijing_start1|g5-upper|r048|canada,beijing_start1,5年级上,5,上,48,Canada,canada,[ˈkænədə],[ˈkænədə],n. 加拿大(北美洲国家),北京版一年级起点五年级上.xlsx
beijing_start1|g5-upper|r049|leaf,beijing_start1,5年级上,5,上,49,leaf,leaf,[liːf],[liːf],"n. 叶子;(书籍等的)一张;扇页 vi. 生叶;翻书页 vt. 翻...的页,匆匆翻阅",北京版一年级起点五年级上.xlsx
beijing_start1|g5-upper|r050|tennis,beijing_start1,5年级上,5,上,50,tennis,tennis,[ˈtenɪs],[ˈtenɪs],n. 网球(运动),北京版一年级起点五年级上.xlsx
beijing_start1|g5-upper|r051|golf,beijing_start1,5年级上,5,上,51,golf,golf,[ɡɒlf],[ɡɑːlf],n. 高尔夫球;高尔夫球运动 vi. 打高尔夫球,北京版一年级起点五年级上.xlsx
beijing_start1|g5-upper|r052|british,beijing_start1,5年级上,5,上,52,British,british,[ˈbrɪtɪʃ],[ˈbrɪtɪʃ],n. 英国人 adj. 英国的;英国人的;大不列颠的,北京版一年级起点五年级上.xlsx
beijing_start1|g5-upper|r053|basketball,beijing_start1,5年级上,5,上,53,basketball,basketball,[ˈbɑːskɪtbɔːl],[ˈbæskɪtbɔːl],n. 篮球;篮球运动,北京版一年级起点五年级上.xlsx
beijing_start1|g5-upper|r054|with,beijing_start1,5年级上,5,上,54,with,with,[wɪð],[wɪð; wɪθ],prep. 用;随着;支持;和...在一起,北京版一年级起点五年级上.xlsx
beijing_start1|g5-upper|r055|friend,beijing_start1,5年级上,5,上,55,friend,friend,[frend],[frend],n. 朋友;助手;赞助者,北京版一年级起点五年级上.xlsx
beijing_start1|g5-upper|r056|baseball,beijing_start1,5年级上,5,上,56,baseball,baseball,[ˈbeɪsbɔːl],[ˈbeɪsbɔːl],n. 棒球;棒球运动,北京版一年级起点五年级上.xlsx
beijing_start1|g5-upper|r057|team,beijing_start1,5年级上,5,上,57,team,team,[tiːm],[tiːm],n. 队;组 vt. 使合作 vi. 合作,北京版一年级起点五年级上.xlsx
beijing_start1|g5-upper|r058|ski,beijing_start1,5年级上,5,上,58,ski,ski,[skiː],[skiː],n. 滑雪橇 vi. 滑雪 adj. 滑雪(用)的,北京版一年级起点五年级上.xlsx
beijing_start1|g5-upper|r059|winter,beijing_start1,5年级上,5,上,59,winter,winter,[ˈwɪntə(r)],[ˈwɪntər],n. 冬季;年岁;萧条期 adj. 冬天的;越冬的 vi. 过冬,北京版一年级起点五年级上.xlsx
beijing_start1|g5-upper|r060|fast,beijing_start1,5年级上,5,上,60,fast,fast,[fɑːst],[fæst],"n. 斋戒;绝食 adj. 快速的,迅速的;紧的,稳固的 adv. 迅速地;紧紧地;彻底地 vi. 禁食,斋戒",北京版一年级起点五年级上.xlsx
beijing_start1|g5-upper|r061|panda,beijing_start1,5年级上,5,上,61,panda,panda,[ˈpændə],[ˈpændə],n. 熊猫;猫熊,北京版一年级起点五年级上.xlsx
beijing_start1|g5-upper|r062|forget,beijing_start1,5年级上,5,上,62,forget,forget,[fəˈɡet],[fərˈɡet],vi. 忘记 vt. 忘记;忽略,北京版一年级起点五年级上.xlsx
beijing_start1|g5-upper|r063|cousin,beijing_start1,5年级上,5,上,63,cousin,cousin,[ˈkʌzn],[ˈkʌzn],n. 堂兄弟姊妹;表兄弟姊妹,北京版一年级起点五年级上.xlsx
beijing_start1|g5-upper|r064|brave,beijing_start1,5年级上,5,上,64,brave,brave,[breɪv],[breɪv],n. 勇士 adj. 勇敢的;华丽的 vt. 勇敢地面对,北京版一年级起点五年级上.xlsx
beijing_start1|g5-upper|r065|tall,beijing_start1,5年级上,5,上,65,tall,tall,[tɔːl],[tɔːl],adj. 高的;长的;过分的;夸大的 adv. 夸大地,北京版一年级起点五年级上.xlsx
beijing_start1|g5-upper|r066|driver,beijing_start1,5年级上,5,上,66,driver,driver,[ˈdraɪvə(r)],[ˈdraɪvər],n. 驾驶员;驱动程序;起子;传动器,北京版一年级起点五年级上.xlsx
beijing_start1|g5-upper|r067|early,beijing_start1,5年级上,5,上,67,early,early,[ˈɜːli],[ˈɜːrli],adj. 早期的;早熟的 adv. 提早;在初期,北京版一年级起点五年级上.xlsx
beijing_start1|g5-upper|r068|breakfast,beijing_start1,5年级上,5,上,68,breakfast,breakfast,[ˈbrekfəst],[ˈbrekfəst],n. 早餐;早饭 vt. 为...供应早餐 vi. 吃早餐,北京版一年级起点五年级上.xlsx
beijing_start1|g5-upper|r069|busy,beijing_start1,5年级上,5,上,69,busy,busy,[ˈbɪzi],[ˈbɪzi],adj. 忙碌的;热闹的;正被占用的 vt. 使忙于,北京版一年级起点五年级上.xlsx
beijing_start1|g5-upper|r070|dinner,beijing_start1,5年级上,5,上,70,dinner,dinner,[ˈdɪnə(r)],[ˈdɪnər],"n. 晚餐,晚宴;宴会;正餐",北京版一年级起点五年级上.xlsx
beijing_start1|g5-lower|r002|practice,beijing_start1,5年级下,5,下,2,practice,practice,[ˈpræktɪs],[ˈpræktɪs],n. 实践;练习;惯例 vt. 练习;实习;实行 vi. 练习;实习;实行,北京版一年级起点五年级下.xlsx
beijing_start1|g5-lower|r003|read,beijing_start1,5年级下,5,下,3,read,read,[riːd],[riːd],"n. 阅读;读物 adj. 有学问的 vi. 读;读起来 vt. 阅读;读懂,理解",北京版一年级起点五年级下.xlsx
beijing_start1|g5-lower|r004|textbook,beijing_start1,5年级下,5,下,4,textbook,textbook,[ˈtekstbʊk],[ˈtekstbʊk],"n. 教科书,课本",北京版一年级起点五年级下.xlsx
beijing_start1|g5-lower|r005|tv,beijing_start1,5年级下,5,下,5,TV,tv,[ˌtiː ˈviː],[ˌtiː ˈviː],abbr. 电视(television),北京版一年级起点五年级下.xlsx
beijing_start1|g5-lower|r006|talk,beijing_start1,5年级下,5,下,6,talk,talk,[tɔːk],[tɔːk],n. 谈话;演讲;空谈 vi. 谈话;说闲话 vt. 说;谈话;讨论,北京版一年级起点五年级下.xlsx
beijing_start1|g5-lower|r007|chess,beijing_start1,5年级下,5,下,7,chess,chess,[tʃes],[tʃes],"n. 国际象棋,西洋棋",北京版一年级起点五年级下.xlsx
beijing_start1|g5-lower|r008|photo,beijing_start1,5年级下,5,下,8,photo,photo,[ˈfəʊtəʊ],[ˈfoʊtoʊ],n. 照片,北京版一年级起点五年级下.xlsx
beijing_start1|g5-lower|r009|picture,beijing_start1,5年级下,5,下,9,picture,picture,[ˈpɪktʃə(r)],[ˈpɪktʃər],"n. 照片,图画;影片;景色;化身 vt. 画;想像;描写",北京版一年级起点五年级下.xlsx
beijing_start1|g5-lower|r010|have,beijing_start1,5年级下,5,下,10,have,have,[həv],[həv; əv; hæv],aux. 已经 vt. 有;让;拿;从事;允许,北京版一年级起点五年级下.xlsx
beijing_start1|g5-lower|r011|will,beijing_start1,5年级下,5,下,11,will,will,[wɪl],[wɪl],n. 意志;决心;情感;遗嘱;意图;心愿 vt. 决心要;遗赠;用意志力使 vi. 愿意;下决心 aux. 将;愿意;必须,北京版一年级起点五年级下.xlsx
beijing_start1|g5-lower|r012|would,beijing_start1,5年级下,5,下,12,would,would,[wʊd],[wʊd],"aux. 将,将要;愿意 v. will的过去式",北京版一年级起点五年级下.xlsx
beijing_start1|g5-lower|r013|different,beijing_start1,5年级下,5,下,13,different,different,[ˈdɪfrənt],[ˈdɪfrənt],"adj. 不同的;个别的,与众不同的",北京版一年级起点五年级下.xlsx
beijing_start1|g5-lower|r014|job,beijing_start1,5年级下,5,下,14,job,job,[dʒɒb],[dʒɑːb],n. 工作;职业 vt. 承包;代客买卖 vi. 做零工,北京版一年级起点五年级下.xlsx
beijing_start1|g5-lower|r015|follow,beijing_start1,5年级下,5,下,15,follow,follow,[ˈfɒləʊ],[ˈfɑːloʊ],"n. 跟随;追随 vi. 跟随;接着 vt. 跟随;遵循;追求;密切注意,注视;注意;倾听",北京版一年级起点五年级下.xlsx
beijing_start1|g5-lower|r016|listen,beijing_start1,5年级下,5,下,16,listen,listen,[ˈlɪs(ə)n],[ˈlɪsn],"vi. 听,倾听;听从,听信 n. 听,倾听",北京版一年级起点五年级下.xlsx
beijing_start1|g5-lower|r017|plant,beijing_start1,5年级下,5,下,17,plant,plant,[plɑːnt],[plænt],"n. 工厂,车间;植物;设备;庄稼 vt. 种植;培养;栽培;安置 vi. 种植",北京版一年级起点五年级下.xlsx
beijing_start1|g5-lower|r018|up,beijing_start1,5年级下,5,下,18,up,up,[ʌp],[ʌp],prep. 在...之上;向...的较高处 n. 上升;繁荣 adj. 涨的;起床的;向上的 adv. 起来;上涨;向上,北京版一年级起点五年级下.xlsx
beijing_start1|g5-lower|r019|carry,beijing_start1,5年级下,5,下,19,carry,carry,[ˈkæri],[ˈkæri],"n. 运载;[计] 进位;射程 vi. 能达到;被携带;被搬运 vt. 拿,扛;携带;支持;搬运",北京版一年级起点五年级下.xlsx
beijing_start1|g5-lower|r020|nothing,beijing_start1,5年级下,5,下,20,nothing,nothing,[ˈnʌθɪŋ],[ˈnʌθɪŋ],neg. 没什么;毫不 n. 无;零;不关紧要之事 adv. 毫不;决不 pron. 无事;无物 int. 什么也没有,北京版一年级起点五年级下.xlsx
beijing_start1|g5-lower|r021|earth,beijing_start1,5年级下,5,下,21,earth,earth,[ɜːθ],[ɜːrθ],"n. 地球;地表,陆地;土地,土壤;尘事,俗事;兽穴 vt. 把(电线)[电] 接地;盖(土);追赶入洞穴 vi. 躲进地洞",北京版一年级起点五年级下.xlsx
beijing_start1|g5-lower|r022|without,beijing_start1,5年级下,5,下,22,without,without,[wɪˈðaʊt],[wɪˈðaʊt],prep. 没有;超过;在...外面 n. 外部;外面 adv. 户外;在外面;没有或不显示某事物,北京版一年级起点五年级下.xlsx
beijing_start1|g5-lower|r023|sun,beijing_start1,5年级下,5,下,23,sun,sun,[sʌn],[sʌn],n. 太阳 vt. 使晒 vi. 晒太阳,北京版一年级起点五年级下.xlsx
beijing_start1|g5-lower|r024|their,beijing_start1,5年级下,5,下,24,their,their,[ðeə(r)],[ðer],"pron. 他们的,她们的;它们的",北京版一年级起点五年级下.xlsx
beijing_start1|g5-lower|r025|forest,beijing_start1,5年级下,5,下,25,forest,forest,[ˈfɒrɪst],[ˈfɔːrɪst],"n. 森林 vt. 植树于,使成为森林",北京版一年级起点五年级下.xlsx
beijing_start1|g5-lower|r026|make use of,beijing_start1,5年级下,5,下,26,make use of,make use of,[[meɪk juːz əv]],[meɪk juːz əv],na. 使用,北京版一年级起点五年级下.xlsx
beijing_start1|g5-lower|r027|wood,beijing_start1,5年级下,5,下,27,wood,wood,[wʊd],[wʊd],n. 木材;木制品;树林 vt. 植林于;给...添加木柴 vi. 收集木材,北京版一年级起点五年级下.xlsx
beijing_start1|g5-lower|r028|example,beijing_start1,5年级下,5,下,28,example,example,[ɪɡˈzɑːmp(ə)l],[ɪɡˈzæmpl],n. 例子;榜样 vt. 作为...的例子;为...做出榜样 vi. 举例,北京版一年级起点五年级下.xlsx
beijing_start1|g5-lower|r029|tomato,beijing_start1,5年级下,5,下,29,tomato,tomato,[təˈmɑːtəʊ],[təˈmeɪtoʊ],"n. 番茄,西红柿",北京版一年级起点五年级下.xlsx
beijing_start1|g5-lower|r030|carrot,beijing_start1,5年级下,5,下,30,carrot,carrot,[ˈkærət],[ˈkærət],n. 胡萝卜 诱饵,北京版一年级起点五年级下.xlsx
beijing_start1|g5-lower|r031|corn,beijing_start1,5年级下,5,下,31,corn,corn,[kɔːn],[kɔːrn],n. (美)玉米;(英)谷物;[皮肤] 鸡眼 vt. 腌;使成颗粒,北京版一年级起点五年级下.xlsx
beijing_start1|g5-lower|r032|nut,beijing_start1,5年级下,5,下,32,nut,nut,[nʌt],[nʌt],"n. 螺母,螺帽;坚果;难对付的人,难解的问题 vi. 采坚果",北京版一年级起点五年级下.xlsx
beijing_start1|g5-lower|r033|else,beijing_start1,5年级下,5,下,33,else,else,[els],[els],adj. 别的;其他的 adv. 其他;否则;另外,北京版一年级起点五年级下.xlsx
beijing_start1|g5-lower|r034|both,beijing_start1,5年级下,5,下,34,both,both,[bəʊθ],[boʊθ],conj. 既...且... adj. 两个的;两者的 pron. 双方都;两者都 adv. 并;又;两者皆,北京版一年级起点五年级下.xlsx
beijing_start1|g5-lower|r035|travel,beijing_start1,5年级下,5,下,35,travel,travel,[ˈtræv(ə)l],[ˈtrævl],n. 旅行;游历;漫游 vt. 经过;在...旅行 vi. 旅行;行进;步行;交往,北京版一年级起点五年级下.xlsx
beijing_start1|g5-lower|r036|son,beijing_start1,5年级下,5,下,36,son,son,[sʌn],[sʌn],n. 儿子;孩子(对年轻人的称呼);男性后裔,北京版一年级起点五年级下.xlsx
beijing_start1|g5-lower|r037|sister,beijing_start1,5年级下,5,下,37,sister,sister,[ˈsɪstə(r)],[ˈsɪstər],n. 姐妹;(称志同道合者)姐妹;修女;护士 adj. 姐妹般的;同类型的,北京版一年级起点五年级下.xlsx
beijing_start1|g5-lower|r038|eighteen,beijing_start1,5年级下,5,下,38,eighteen,eighteen,[ˌeɪˈtiːn],[ˌeɪˈtiːn],"n. 十八,十八个 num. 十八 adj. 十八个的,十八的",北京版一年级起点五年级下.xlsx
beijing_start1|g5-lower|r039|lovely,beijing_start1,5年级下,5,下,39,lovely,lovely,[ˈlʌvli],[ˈlʌvli],"adj. 可爱的;令人愉快的;爱恋的;秀丽的,优美的 n. 美女;可爱的东西",北京版一年级起点五年级下.xlsx
beijing_start1|g5-lower|r040|kid,beijing_start1,5年级下,5,下,40,kid,kid,[kɪd],[kɪd],n. 小孩;小山羊 vt. 欺骗;取笑;戏弄 vi. 欺骗;取笑;戏弄 adj. 小山羊皮制的;较年幼的,北京版一年级起点五年级下.xlsx
beijing_start1|g5-lower|r041|seven,beijing_start1,5年级下,5,下,41,seven,seven,[ˈsev(ə)n],[ˈsev(ə)n],"num. 七个,七 n. 七个,七 adj. 七的;七个的",北京版一年级起点五年级下.xlsx
beijing_start1|g5-lower|r042|niece,beijing_start1,5年级下,5,下,42,niece,niece,[niːs],[niːs],"n. 外甥女,侄女",北京版一年级起点五年级下.xlsx
beijing_start1|g5-lower|r043|nephew,beijing_start1,5年级下,5,下,43,nephew,nephew,[ˈnefjuː],[ˈnefjuː; ˈnevjuː],n. 侄子;外甥,北京版一年级起点五年级下.xlsx
beijing_start1|g5-lower|r044|daughter,beijing_start1,5年级下,5,下,44,daughter,daughter,[ˈdɔːtə(r)],[ˈdɔːtər],n. 女儿;[遗][农学] 子代 adj. 女儿的;子代的,北京版一年级起点五年级下.xlsx
beijing_start1|g5-lower|r045|lucky,beijing_start1,5年级下,5,下,45,lucky,lucky,[ˈlʌki],[ˈlʌki],adj. 幸运的;侥幸的,北京版一年级起点五年级下.xlsx
beijing_start1|g5-lower|r046|often,beijing_start1,5年级下,5,下,46,often,often,[ˈɒf(ə)n],[ˈɔːf(ə)n],"adv. 常常,时常",北京版一年级起点五年级下.xlsx
beijing_start1|g5-lower|r047|same,beijing_start1,5年级下,5,下,47,same,same,[seɪm],[seɪm],adj. 相同的;同一的;上述的(通常与the连用);无变化的 adv. 同样地(通常与the连用) pron. 同样的事物或人(通常与the连用),北京版一年级起点五年级下.xlsx
beijing_start1|g5-lower|r048|pilot,beijing_start1,5年级下,5,下,48,pilot,pilot,[ˈpaɪlət],[ˈpaɪlət],n. 飞行员;领航员 adj. 试点的 v. 驾驶;领航;试用,北京版一年级起点五年级下.xlsx
beijing_start1|g5-lower|r049|should,beijing_start1,5年级下,5,下,49,should,should,[ʃəd; ʃʊd],[ʃəd; ʃʊd],aux. 应该;就;可能;将要,北京版一年级起点五年级下.xlsx
beijing_start1|g5-lower|r050|study,beijing_start1,5年级下,5,下,50,study,study,[ˈstʌdi],[ˈstʌdi],"n. 学习,研究;课题;书房;学问 vt. 学习;考虑;攻读;细察 vi. 研究;用功",北京版一年级起点五年级下.xlsx
beijing_start1|g5-lower|r051|cap,beijing_start1,5年级下,5,下,51,cap,cap,[kæp],[kæp],n. 盖;帽子 vt. 覆盖;胜过;给...戴帽;加盖于 vi. 脱帽致意,北京版一年级起点五年级下.xlsx
beijing_start1|g5-lower|r052|birthday,beijing_start1,5年级下,5,下,52,birthday,birthday,[ˈbɜːθdeɪ],[ˈbɜːrθdeɪ],"n. 生日,诞辰;诞生的日子",北京版一年级起点五年级下.xlsx
beijing_start1|g5-lower|r053|teach,beijing_start1,5年级下,5,下,53,teach,teach,[tiːtʃ],[tiːtʃ],vt. 教;教授;教导 vi. 教授;讲授;当老师,北京版一年级起点五年级下.xlsx
beijing_start1|g5-lower|r054|engineer,beijing_start1,5年级下,5,下,54,engineer,engineer,[ˌendʒɪˈnɪə(r)],[ˌendʒɪˈnɪr],n. 工程师;工兵;火车司机 vt. 设计;策划;精明地处理 vi. 设计;建造,北京版一年级起点五年级下.xlsx
beijing_start1|g5-lower|r055|exercise,beijing_start1,5年级下,5,下,55,exercise,exercise,[ˈeksəsaɪz],[ˈeksərsaɪz],n. 运动;练习;运用;操练;礼拜;典礼 vt. 锻炼;练习;使用;使忙碌;使惊恐 vi. 运动;练习,北京版一年级起点五年级下.xlsx
beijing_start1|g5-lower|r056|build,beijing_start1,5年级下,5,下,56,build,build,[bɪld],[bɪld],n. 构造;体形;体格 vi. 建筑;建造 vt. 建立;建筑,北京版一年级起点五年级下.xlsx
beijing_start1|g5-lower|r057|excited,beijing_start1,5年级下,5,下,57,excited,excited,[ɪkˈsaɪtɪd],[ɪkˈsaɪtɪd],v. 激动;唤起(excite的过去分词) adj. 兴奋的;激动的;活跃的,北京版一年级起点五年级下.xlsx
beijing_start1|g5-lower|r058|hour,beijing_start1,5年级下,5,下,58,hour,hour,[ˈaʊə(r)],[ˈaʊər],n. 小时;钟头;课时;...点钟,北京版一年级起点五年级下.xlsx
beijing_start1|g5-lower|r059|email,beijing_start1,5年级下,5,下,59,email,email,[ˈiːmeɪl],[ˈiːmeɪl],n. 电子信函 vt. 给...发电子邮件,北京版一年级起点五年级下.xlsx
beijing_start1|g5-lower|r060|enjoy,beijing_start1,5年级下,5,下,60,enjoy,enjoy,[ɪnˈdʒɔɪ],[ɪnˈdʒɔɪ],"vt. 欣赏,享受;喜爱;使过得快活",北京版一年级起点五年级下.xlsx
beijing_start1|g5-lower|r061|exciting,beijing_start1,5年级下,5,下,61,exciting,exciting,[ɪkˈsaɪtɪŋ],[ɪkˈsaɪtɪŋ],adj. 令人兴奋的;使人激动的 v. 激动;刺激(excite的ing形式);唤起,北京版一年级起点五年级下.xlsx
beijing_start1|g5-lower|r062|famous,beijing_start1,5年级下,5,下,62,famous,famous,[ˈfeɪməs],[ˈfeɪməs],"adj. 著名的;极好的,非常令人满意的",北京版一年级起点五年级下.xlsx
beijing_start1|g5-lower|r063|its,beijing_start1,5年级下,5,下,63,its,its,[ɪts],[ɪts],pron. 它的,北京版一年级起点五年级下.xlsx
beijing_start1|g5-lower|r064|beach,beijing_start1,5年级下,5,下,64,beach,beach,[biːtʃ],[biːtʃ],n. 海滩;湖滨 vt. 将...拖上岸 vi. 搁浅;定居,北京版一年级起点五年级下.xlsx
beijing_start1|g5-lower|r065|sea,beijing_start1,5年级下,5,下,65,sea,sea,[siː],[siː],n. 海;海洋;许多;大量,北京版一年级起点五年级下.xlsx
beijing_start1|g5-lower|r066|camera,beijing_start1,5年级下,5,下,66,camera,camera,[ˈkæm(ə)rə],[ˈkæm(ə)rə],n. 照相机;摄影机,北京版一年级起点五年级下.xlsx
beijing_start1|g6-upper|r002|play,beijing_start1,6年级上,6,上,2,play,play,[pleɪ],[pleɪ],n. 游戏;比赛;剧本 vt. 游戏;扮演;演奏;播放;同...比赛 vi. 演奏;玩耍;上演;参加比赛,北京版一年级起点六年级上.xlsx
beijing_start1|g6-upper|r003|farm,beijing_start1,6年级上,6,上,3,farm,farm,[fɑːm],[fɑːrm],"n. 农场;农家;畜牧场 vt. 养殖;耕种;佃出(土地) vi. 种田,务农;经营农场",北京版一年级起点六年级上.xlsx
beijing_start1|g6-upper|r004|swim,beijing_start1,6年级上,6,上,4,swim,swim,[swɪm],[swɪm],n. 游泳;漂浮;眩晕 adj. 游泳时穿戴的 vi. 游泳;漂浮;浸;眩晕 vt. 游过;使浮起,北京版一年级起点六年级上.xlsx
beijing_start1|g6-upper|r005|strong,beijing_start1,6年级上,6,上,5,strong,strong,[strɒŋ],[strɔːŋ],adj. 坚强的;强壮的;牢固的;擅长的 adv. 强劲地;猛烈地,北京版一年级起点六年级上.xlsx
beijing_start1|g6-upper|r006|some,beijing_start1,6年级上,6,上,6,some,some,[sʌm],[sʌm; səm],adj. 一些;某个;大约;相当多的 pron. 一些;若干;其中的一部分;(数量不确切时用)有些人 adv. 非常;相当;<美>稍微,北京版一年级起点六年级上.xlsx
beijing_start1|g6-upper|r007|thursday,beijing_start1,6年级上,6,上,7,Thursday,thursday,[ˈθɜːzdeɪ],[ˈθɜːrzdeɪ],n. 星期四,北京版一年级起点六年级上.xlsx
beijing_start1|g6-upper|r008|mountain,beijing_start1,6年级上,6,上,8,mountain,mountain,[ˈmaʊntən],[ˈmaʊntn],n. 山;山脉,北京版一年级起点六年级上.xlsx
beijing_start1|g6-upper|r009|let,beijing_start1,6年级上,6,上,9,let,let,[let],[let],"vt. 允许,让;出租;假设;妨碍 vi. 出租;被承包 n. 障碍;出租屋",北京版一年级起点六年级上.xlsx
beijing_start1|g6-upper|r010|glasses,beijing_start1,6年级上,6,上,10,glasses,glasses,[ˈɡlɑːsɪz],[ˈɡlæsɪz],n. [轻] 眼镜;玻璃(glass的复数形式);双筒望远镜 v. 把...装入玻璃容器内;给...装上玻璃(glass的第三人称单数形式),北京版一年级起点六年级上.xlsx
beijing_start1|g6-upper|r011|please,beijing_start1,6年级上,6,上,11,please,please,[pliːz],[pliːz],"int. 请(礼貌用语) vt. 使喜欢;使高兴,使满意 vi. 讨人喜欢;令人高兴",北京版一年级起点六年级上.xlsx
beijing_start1|g6-upper|r012|problem,beijing_start1,6年级上,6,上,12,problem,problem,[ˈprɒbləm],[ˈprɑːbləm],n. 难题;引起麻烦的人 adj. 成问题的;难处理的,北京版一年级起点六年级上.xlsx
beijing_start1|g6-upper|r013|young,beijing_start1,6年级上,6,上,13,young,young,[jʌŋ],[jʌŋ],"n. 年轻人;(动物的)崽,仔 adj. 年轻的;初期的;没有经验的",北京版一年级起点六年级上.xlsx
beijing_start1|g6-upper|r014|neck,beijing_start1,6年级上,6,上,14,neck,neck,[nek],[nek],n. 脖子;衣领;海峡 vi. 搂著脖子亲吻;变狭窄 vt. 使变细;与...搂著脖子亲吻,北京版一年级起点六年级上.xlsx
beijing_start1|g6-upper|r015|but,beijing_start1,6年级上,6,上,15,but,but,[bət],[bət; bʌt],"conj. 但是;而是;然而 adv. 仅仅,只 prep. 除...以外",北京版一年级起点六年级上.xlsx
beijing_start1|g6-upper|r016|football,beijing_start1,6年级上,6,上,16,football,football,[ˈfʊtbɔːl],[ˈfʊtbɔːl],"n. 足球,橄榄球 vi. 踢足球;打橄榄球",北京版一年级起点六年级上.xlsx
beijing_start1|g6-upper|r017|match,beijing_start1,6年级上,6,上,17,match,match,[mætʃ],[mætʃ],"vt. 使比赛;使相配;敌得过,比得上;相配;与...竞争 vi. 比赛;匹配;相配,相称;相比 n. 比赛,竞赛;匹配;对手;火柴",北京版一年级起点六年级上.xlsx
beijing_start1|g6-upper|r018|myself,beijing_start1,6年级上,6,上,18,myself,myself,[maɪˈself],[maɪˈself],pron. 我自己;我亲自;我的正常的健康状况和正常情绪,北京版一年级起点六年级上.xlsx
beijing_start1|g6-upper|r019|cry,beijing_start1,6年级上,6,上,19,cry,cry,[kraɪ],[kraɪ],n. 叫喊;叫声;口号;呼叫 vi. 哭;叫;喊 vt. 叫喊;哭出;大声说,北京版一年级起点六年级上.xlsx
beijing_start1|g6-upper|r020|lunch,beijing_start1,6年级上,6,上,20,lunch,lunch,[lʌntʃ],[lʌntʃ],n. 午餐 vt. 吃午餐;供给午餐 vi. 吃午餐;供给午餐,北京版一年级起点六年级上.xlsx
beijing_start1|g6-upper|r021|chocolate,beijing_start1,6年级上,6,上,21,chocolate,chocolate,[ˈtʃɒklət],[ˈtʃɔːklət],"n. 巧克力,巧克力糖;巧克力色 adj. 巧克力色的;巧克力口味的",北京版一年级起点六年级上.xlsx
beijing_start1|g6-upper|r022|supper,beijing_start1,6年级上,6,上,22,supper,supper,[ˈsʌpə(r)],[ˈsʌpər],"n. 晚餐,晚饭;夜宵",北京版一年级起点六年级上.xlsx
beijing_start1|g6-upper|r023|see,beijing_start1,6年级上,6,上,23,see,see,[siː],[siː],vi. 看;看见;领会 vt. 看见;理解;领会,北京版一年级起点六年级上.xlsx
beijing_start1|g6-upper|r024|monday,beijing_start1,6年级上,6,上,24,Monday,monday,[ˈmʌndeɪ],[ˈmʌndeɪ],n. 星期一,北京版一年级起点六年级上.xlsx
beijing_start1|g6-upper|r025|hotel,beijing_start1,6年级上,6,上,25,hotel,hotel,[həʊˈtel],[hoʊˈtel],"n. 旅馆,饭店;客栈 vt. 使...在饭店下榻 vi. 进行旅馆式办公",北京版一年级起点六年级上.xlsx
beijing_start1|g6-upper|r026|angry,beijing_start1,6年级上,6,上,26,angry,angry,[ˈæŋɡri],[ˈæŋɡri],adj. 生气的;愤怒的;狂暴的;(伤口等)发炎的,北京版一年级起点六年级上.xlsx
beijing_start1|g6-upper|r027|hill,beijing_start1,6年级上,6,上,27,hill,hill,[hɪl],[hɪl],n. 小山;丘陵;斜坡;山冈,北京版一年级起点六年级上.xlsx
beijing_start1|g6-upper|r028|west,beijing_start1,6年级上,6,上,28,west,west,[west],[west],n. 西;西方;西部 adj. 西方的;朝西的 adv. 在西方;向西方;自西方,北京版一年级起点六年级上.xlsx
beijing_start1|g6-upper|r029|around,beijing_start1,6年级上,6,上,29,around,around,[əˈraʊnd],[əˈraʊnd],prep. 四处;在...周围 adv. 大约;到处;在附近,北京版一年级起点六年级上.xlsx
beijing_start1|g6-upper|r030|many,beijing_start1,6年级上,6,上,30,many,many,[ˈmeni],[ˈmeni],pron. 许多;许多人 adj. 许多的,北京版一年级起点六年级上.xlsx
beijing_start1|g6-upper|r031|ride,beijing_start1,6年级上,6,上,31,ride,ride,[raɪd],[raɪd],n. 骑;乘坐;交通工具;可供骑行的路;(乘坐汽车等的)旅行;乘骑;(乘车或骑车的)短途旅程;供乘骑的游乐设施 vi. 骑马;乘车;依靠;漂浮 vt. 骑;乘;控制;(骑马、自行车等)穿越;搭乘;飘浮,北京版一年级起点六年级上.xlsx
beijing_start1|g6-upper|r032|horse,beijing_start1,6年级上,6,上,32,horse,horse,[hɔːs],[hɔːrs],n. 马;骑兵;脚架;海洛因 vt. 使骑马;系马于;捉弄 vi. 骑马;作弄人,北京版一年级起点六年级上.xlsx
beijing_start1|g6-upper|r033|smart,beijing_start1,6年级上,6,上,33,smart,smart,[smɑːt],[smɑːrt],adj. 聪明的;巧妙的;敏捷的;厉害的;潇洒的;剧烈的;时髦的,北京版一年级起点六年级上.xlsx
beijing_start1|g6-upper|r034|pe,beijing_start1,6年级上,6,上,34,PE,pe,[peɪ],[peɪ],"abbr. 体育课,体能训练(physical education)",北京版一年级起点六年级上.xlsx
beijing_start1|g6-upper|r035|history,beijing_start1,6年级上,6,上,35,history,history,[ˈhɪst(ə)ri],[ˈhɪstri],"n. 历史,历史学;历史记录;来历",北京版一年级起点六年级上.xlsx
beijing_start1|g6-upper|r036|those,beijing_start1,6年级上,6,上,36,those,those,[ðəʊz],[ðoʊz],adj. 那些的 pron. 那些(that的复数),北京版一年级起点六年级上.xlsx
beijing_start1|g6-upper|r037|modern,beijing_start1,6年级上,6,上,37,modern,modern,[ˈmɒdn],[ˈmɑːdərn],"adj. 现代的,近代的;时髦的 n. 现代人;有思想的人",北京版一年级起点六年级上.xlsx
beijing_start1|g6-upper|r038|stop,beijing_start1,6年级上,6,上,38,stop,stop,[stɒp],[stɑːp],n. 停止;车站;障碍;逗留 vi. 停止;中止;逗留;被塞住 vt. 停止;堵塞;断绝,北京版一年级起点六年级上.xlsx
beijing_start1|g6-upper|r039|ago,beijing_start1,6年级上,6,上,39,ago,ago,[əˈɡəʊ],[əˈɡoʊ],"adj. 以前的;过去的 adv. 以前,以往",北京版一年级起点六年级上.xlsx
beijing_start1|g6-upper|r040|hold,beijing_start1,6年级上,6,上,40,hold,hold,[həʊld],[hoʊld],"n. 控制;保留 vi. 支持;有效;持续 vt. 持有;拥有;保存;拘留;约束或控制 又作“Hold住”使用,中英混用词汇,表示轻松掌控全局。 [ 过去式 held 过去分词 held或holden 现在分词 holding ]",北京版一年级起点六年级上.xlsx
beijing_start1|g6-upper|r041|take part in,beijing_start1,6年级上,6,上,41,take part in,take part in,,,na. 参加;贡献,北京版一年级起点六年级上.xlsx
beijing_start1|g6-upper|r042|number,beijing_start1,6年级上,6,上,42,number,number,[ˈnʌmbə(r)],[ˈnʌmbər],n. 数;(杂志等的)期;号码;数字;算术 vi. 计入;总数达到 vt. 编号;计入;数...的数目;使为数有限,北京版一年级起点六年级上.xlsx
beijing_start1|g6-upper|r043|visitor,beijing_start1,6年级上,6,上,43,visitor,visitor,[ˈvɪzɪtə(r)],[ˈvɪzɪtər],"n. 访问者,参观者;视察者;候鸟",北京版一年级起点六年级上.xlsx
beijing_start1|g6-upper|r044|world,beijing_start1,6年级上,6,上,44,world,world,[wɜːld],[wɜːrld],n. 世界;领域;世俗;全人类;物质生活,北京版一年级起点六年级上.xlsx
beijing_start1|g6-upper|r045|tie,beijing_start1,6年级上,6,上,45,tie,tie,[taɪ],[taɪ],n. 领带;平局;鞋带;领结;不分胜负 vi. 打结;不分胜负;被用带(或绳子等)系住 vt. 系;约束;打结;与...成平局,北京版一年级起点六年级上.xlsx
beijing_start1|g6-upper|r046|mr,beijing_start1,6年级上,6,上,46,Mr,mr,[ˈmɪstə(r)],[ˈmɪstər],abbr. 先生(Mister),北京版一年级起点六年级上.xlsx
beijing_start1|g6-upper|r047|goodbye,beijing_start1,6年级上,6,上,47,goodbye,goodbye,[ˌɡʊdˈbaɪ],[ˌɡʊdˈbaɪ],int. 再见 放弃 告别,北京版一年级起点六年级上.xlsx
beijing_start1|g6-upper|r048|singer,beijing_start1,6年级上,6,上,48,singer,singer,[ˈsɪŋə(r)],[ˈsɪŋər],"n. 歌手,歌唱家",北京版一年级起点六年级上.xlsx
beijing_start1|g6-upper|r049|stage,beijing_start1,6年级上,6,上,49,stage,stage,[steɪdʒ],[steɪdʒ],n. 阶段;舞台;戏剧;驿站 vt. 举行;上演;筹划 vi. 举行;适于上演;乘驿车旅行,北京版一年级起点六年级上.xlsx
beijing_start1|g6-upper|r050|dress,beijing_start1,6年级上,6,上,50,dress,dress,[dres],[dres],n. 连衣裙;女装 vt. 给...穿衣 vi. 穿衣,北京版一年级起点六年级上.xlsx
beijing_start1|g6-upper|r051|sing,beijing_start1,6年级上,6,上,51,sing,sing,[sɪŋ],[sɪŋ],n. 演唱;鸣声;呼啸声 vt. 唱;用诗赞颂;唱着使 vi. 唱歌;歌颂;鸣叫;呼号,北京版一年级起点六年级上.xlsx
beijing_start1|g6-upper|r052|like,beijing_start1,6年级上,6,上,52,like,like,[laɪk],[laɪk],vt. 喜欢;想;愿意 vi. 喜欢;希望 prep. 像;如同 adj. 同样的;相似的 n. 爱好;同样的人或物 adv. 可能 conj. 好像,北京版一年级起点六年级上.xlsx
beijing_start1|g6-upper|r053|colour,beijing_start1,6年级上,6,上,53,colour,colour,[ˈkʌlə(r)],[ˈkʌlər],"n. 颜色;风格;气色,面色;外貌 vt. 把...涂颜色,粉饰;歪曲;使脸红 vi. 变色",北京版一年级起点六年级上.xlsx
beijing_start1|g6-upper|r054|clothes,beijing_start1,6年级上,6,上,54,clothes,clothes,[kləʊðz],[kloʊðz; kloʊz],n. 衣服,北京版一年级起点六年级上.xlsx
beijing_start1|g6-upper|r055|hobby,beijing_start1,6年级上,6,上,55,hobby,hobby,[ˈhɒbi],[ˈhɑːbi],n. 嗜好;业余爱好,北京版一年级起点六年级上.xlsx
beijing_start1|g6-upper|r056|tiger,beijing_start1,6年级上,6,上,56,tiger,tiger,[ˈtaɪɡə(r)],[ˈtaɪɡər],n. 老虎;凶暴的人,北京版一年级起点六年级上.xlsx
beijing_start1|g6-upper|r057|twelve,beijing_start1,6年级上,6,上,57,twelve,twelve,[twelv],[twelv],num. 十二;十二个 n. 十二;十二个 adj. 十二的;十二个的,北京版一年级起点六年级上.xlsx
beijing_start1|g6-upper|r058|animal,beijing_start1,6年级上,6,上,58,animal,animal,[ˈænɪm(ə)l],[ˈænɪm(ə)l],n. 动物 动物的,北京版一年级起点六年级上.xlsx
beijing_start1|g6-upper|r059|rat,beijing_start1,6年级上,6,上,59,rat,rat,[ræt],[ræt],"n. 鼠;卑鄙小人,叛徒 vi. 捕鼠;背叛,告密",北京版一年级起点六年级上.xlsx
beijing_start1|g6-upper|r060|rabbit,beijing_start1,6年级上,6,上,60,rabbit,rabbit,[ˈræbɪt],[ˈræbɪt],"n. 兔子,野兔 vt. 让...见鬼去吧 vi. 猎兔",北京版一年级起点六年级上.xlsx
beijing_start1|g6-upper|r061|decide,beijing_start1,6年级上,6,上,61,decide,decide,[dɪˈsaɪd],[dɪˈsaɪd],"vi. 决定,下决心 vt. 决定;解决;判决",北京版一年级起点六年级上.xlsx
beijing_start1|g6-upper|r062|order,beijing_start1,6年级上,6,上,62,order,order,[ˈɔːdə(r)],[ˈɔːrdər],n. 命令;顺序;规则;[贸易] 定单 vt. 命令;整理;定购 vi. 命令;定货,北京版一年级起点六年级上.xlsx
beijing_start1|g6-upper|r063|choose,beijing_start1,6年级上,6,上,63,choose,choose,[tʃuːz],[tʃuːz],"vt. 选择,决定 vi. 选择,挑选",北京版一年级起点六年级上.xlsx
beijing_start1|g6-upper|r064|start,beijing_start1,6年级上,6,上,64,start,start,[stɑːt],[stɑːrt],n. 开始;起点 vt. 开始;启动 vi. 出发,北京版一年级起点六年级上.xlsx
beijing_start1|g6-upper|r065|stamp,beijing_start1,6年级上,6,上,65,stamp,stamp,[stæmp],[stæmp],n. 邮票;印记;标志;跺脚 vt. 铭记;标出;盖章于...;贴邮票于...;用脚踩踏 vi. 跺脚;捣碎;毁掉,北京版一年级起点六年级上.xlsx
beijing_start1|g6-upper|r066|collect,beijing_start1,6年级上,6,上,66,collect,collect,[kəˈlekt],[kəˈlekt],vt. 收集;募捐 adj. 由收件人付款的 vi. 收集;聚集;募捐 adv. 由收件人付款地,北京版一年级起点六年级上.xlsx
beijing_start1|g6-upper|r067|show,beijing_start1,6年级上,6,上,67,show,show,[ʃəʊ],[ʃoʊ],n. 显示;表演;炫耀 vt. 显示;说明;演出;展出 vi. 显示;说明;指示,北京版一年级起点六年级上.xlsx
beijing_start1|g6-upper|r068|ox,beijing_start1,6年级上,6,上,68,ox,ox,[ɒks],[ɑːks],n. 牛;公牛,北京版一年级起点六年级上.xlsx
beijing_start1|g6-upper|r069|worker,beijing_start1,6年级上,6,上,69,worker,worker,[ˈwɜːkə(r)],[ˈwɜːrkər],n. 工人;劳动者;职蚁,北京版一年级起点六年级上.xlsx
beijing_start1|g6-lower|r002|a few,beijing_start1,6年级下,6,下,2,a few,a few,,,na. 几个;〔反语〕很多;〈俚〉一点点,北京版一年级起点六年级下.xlsx
beijing_start1|g6-lower|r003|ground,beijing_start1,6年级下,6,下,3,ground,ground,[ɡraʊnd],[ɡraʊnd],n. 地面;土地;范围;战场;根据 v. 研磨(grind的过去分词);压迫 adj. 土地的;地面上的;磨碎的;磨过的 vt. 使接触地面;打基础;使搁浅 vi. 着陆;搁浅,北京版一年级起点六年级下.xlsx
beijing_start1|g6-lower|r004|use,beijing_start1,6年级下,6,下,4,use,use,[juːz],[juːz],"n. 使用;用途;发挥 vt. 利用;耗费 vi. 使用,运用",北京版一年级起点六年级下.xlsx
beijing_start1|g6-lower|r005|cup,beijing_start1,6年级下,6,下,5,cup,cup,[kʌp],[kʌp],n. 杯子;奖杯;酒杯 vt. 使成杯状;为...拔火罐,北京版一年级起点六年级下.xlsx
beijing_start1|g6-lower|r006|worried,beijing_start1,6年级下,6,下,6,worried,worried,[ˈwʌrid],[ˈwɜːrid],adj. 担心的,北京版一年级起点六年级下.xlsx
beijing_start1|g6-lower|r007|worry,beijing_start1,6年级下,6,下,7,worry,worry,[ˈwʌri],[ˈwɜːri],n. 担心;烦恼;撕咬 vi. 担心;烦恼;撕咬 vt. 担心;发愁;折磨,北京版一年级起点六年级下.xlsx
beijing_start1|g6-lower|r008|purple,beijing_start1,6年级下,6,下,8,purple,purple,[ˈpɜːp(ə)l],[ˈpɜːrpl],n. 紫色;紫袍 adj. 紫色的;帝王的;华而不实的 vt. 使成紫色 vi. 变成紫色,北京版一年级起点六年级下.xlsx
beijing_start1|g6-lower|r009|desk,beijing_start1,6年级下,6,下,9,desk,desk,[desk],[desk],n. 办公桌;服务台;编辑部;(美)讲道台;乐谱架 adj. 书桌的;桌上用的;伏案做的,北京版一年级起点六年级下.xlsx
beijing_start1|g6-lower|r010|whose,beijing_start1,6年级下,6,下,10,whose,whose,[huːz],[huːz],pron. 谁的(疑问代词),北京版一年级起点六年级下.xlsx
beijing_start1|g6-lower|r011|wide,beijing_start1,6年级下,6,下,11,wide,wide,[waɪd],[waɪd],"n. 大千世界 adj. 广泛的;宽的,广阔的;张大的;远离目标的 adv. 广泛地;广阔地;充分地",北京版一年级起点六年级下.xlsx
beijing_start1|g6-lower|r012|little,beijing_start1,6年级下,6,下,12,little,little,[ˈlɪt(ə)l],[ˈlɪtl],adj. 小的;很少的;短暂的;小巧可爱的 adv. 完全不 n. 少许;没有多少;短时间,北京版一年级起点六年级下.xlsx
beijing_start1|g6-lower|r013|police,beijing_start1,6年级下,6,下,13,police,police,[pəˈliːs],[pəˈliːs],"n. 警察,警方;治安 adj. 警察的;有关警察的 vt. 监督;管辖;维持治安;为...配备警察",北京版一年级起点六年级下.xlsx
beijing_start1|g6-lower|r014|beautiful,beijing_start1,6年级下,6,下,14,beautiful,beautiful,[ˈbjuːtɪf(ə)l],[ˈbjuːtɪf(ə)l],adj. 美丽的 出色地 出色的 迷人的 迷人地,北京版一年级起点六年级下.xlsx
beijing_start1|g6-lower|r015|head,beijing_start1,6年级下,6,下,15,head,head,[hed],[hed],n. 头;头痛;上端;最前的部分;理解力 adj. 头的;主要的;在顶端的 vt. 前进;用头顶;作为...的首领;站在...的前头;给...加标题 vi. 出发;成头状物;船驶往,北京版一年级起点六年级下.xlsx
beijing_start1|g6-lower|r016|only,beijing_start1,6年级下,6,下,16,only,only,[ˈəʊnli],[ˈoʊnli],"adv. 只,仅仅;不料 adj. 唯一的,仅有的;最合适的 conj. 但是;不过;可是",北京版一年级起点六年级下.xlsx
beijing_start1|g6-lower|r017|street,beijing_start1,6年级下,6,下,17,street,street,[striːt],[striːt],n. 街道 adj. 街道的,北京版一年级起点六年级下.xlsx
beijing_start1|g6-lower|r018|garden,beijing_start1,6年级下,6,下,18,garden,garden,[ˈɡɑːdn],[ˈɡɑːrdn],n. 花园;菜园 vt. 栽培花木 vi. 从事园艺;在园中种植,北京版一年级起点六年级下.xlsx
beijing_start1|g6-lower|r019|vacation,beijing_start1,6年级下,6,下,19,vacation,vacation,[veɪˈkeɪʃn; vəˈkeɪʃn],[veɪˈkeɪʃn; vəˈkeɪʃn],"n. 假期;(房屋)搬出 vi. 休假,度假",北京版一年级起点六年级下.xlsx
beijing_start1|g6-lower|r020|shoulder,beijing_start1,6年级下,6,下,20,shoulder,shoulder,[ˈʃəʊldə(r)],[ˈʃoʊldər],"n. 肩,肩膀;肩部 vi. 用肩推挤,用肩顶 vt. 肩负,承担",北京版一年级起点六年级下.xlsx
beijing_start1|g6-lower|r021|flower,beijing_start1,6年级下,6,下,21,flower,flower,[ˈflaʊə(r)],[ˈflaʊər],"n. 花;精华;开花植物 vt. 使开花;用花装饰 vi. 成熟,发育;开花;繁荣;旺盛",北京版一年级起点六年级下.xlsx
beijing_start1|g6-lower|r022|grass,beijing_start1,6年级下,6,下,22,grass,grass,[ɡrɑːs],[ɡræs],"n. 草;草地,草坪 vt. 放牧;使......长满草;使......吃草 vi. 长草",北京版一年级起点六年级下.xlsx
beijing_start1|g6-lower|r023|feed,beijing_start1,6年级下,6,下,23,feed,feed,[fiːd],[fiːd],n. 饲料;饲养;(动物或婴儿的)一餐 vt. 喂养;供给;放牧;抚养(家庭等);靠...为生 vi. 吃东西;流入,北京版一年级起点六年级下.xlsx
beijing_start1|g6-lower|r024|skirt,beijing_start1,6年级下,6,下,24,skirt,skirt,[skɜːt],[skɜːrt],"n. 裙子 vt. 绕过,回避;位于...边缘 vi. 沿边走,绕开;环绕",北京版一年级起点六年级下.xlsx
beijing_start1|g6-lower|r025|sock,beijing_start1,6年级下,6,下,25,sock,sock,[sɒk],[sɑːk],vt. 重击;给......穿袜 n. 短袜;一击 adv. 正着地;不偏不倚地 adj. 非常成功的,北京版一年级起点六年级下.xlsx
beijing_start1|g6-lower|r026|crayon,beijing_start1,6年级下,6,下,26,crayon,crayon,[ˈkreɪən; ˈkreɪɒn],[ˈkreɪən; ˈkreɪɑːn],"n. 蜡笔,有色粉笔 vt. 以蜡笔作画,用颜色粉笔画",北京版一年级起点六年级下.xlsx
beijing_start1|g6-lower|r027|idea,beijing_start1,6年级下,6,下,27,idea,idea,[aɪˈdɪə],[aɪˈdiːə],n. 想法;主意;概念,北京版一年级起点六年级下.xlsx
beijing_start1|g6-lower|r028|nervous,beijing_start1,6年级下,6,下,28,nervous,nervous,[ˈnɜːvəs],[ˈnɜːrvəs],adj. 神经的;紧张不安的;强健有力的,北京版一年级起点六年级下.xlsx
beijing_start1|g6-lower|r029|face,beijing_start1,6年级下,6,下,29,face,face,[feɪs],[feɪs],n. 脸;表面;面子;面容;外观;威信 vi. 向;朝 vt. 面对;面向;承认;抹盖,北京版一年级起点六年级下.xlsx
beijing_start1|g6-lower|r030|smile,beijing_start1,6年级下,6,下,30,smile,smile,[smaɪl],[smaɪl],n. 微笑;笑容;喜色 vt. 微笑着表示 vi. 微笑,北京版一年级起点六年级下.xlsx
beijing_start1|g6-lower|r031|student,beijing_start1,6年级下,6,下,31,student,student,[ˈstjuːdnt],[ˈstuːdnt],n. 学生;学者,北京版一年级起点六年级下.xlsx
beijing_start1|g6-lower|r032|protect,beijing_start1,6年级下,6,下,32,protect,protect,[prəˈtekt],[prəˈtekt],"vt. 保护,防卫;警戒",北京版一年级起点六年级下.xlsx
beijing_start1|g6-lower|r033|stop,beijing_start1,6年级下,6,下,33,stop,stop,[stɒp],[stɑːp],n. 停止;车站;障碍;逗留 vi. 停止;中止;逗留;被塞住 vt. 停止;堵塞;断绝,北京版一年级起点六年级下.xlsx
beijing_start1|g6-lower|r034|litter,beijing_start1,6年级下,6,下,34,litter,litter,[ˈlɪtə(r)],[ˈlɪtər],"n. 垃圾;轿,担架;一窝(动物的幼崽);凌乱 vt. 乱丢;给...垫褥草;把...弄得乱七八糟 vi. 产仔;乱扔废弃物",北京版一年级起点六年级下.xlsx
beijing_start1|g6-lower|r035|answer,beijing_start1,6年级下,6,下,35,answer,answer,[ˈɑːnsə(r)],[ˈænsər],n. 回答;答案;答辩 vt. 回答;符合 vi. 回答;符合,北京版一年级起点六年级下.xlsx
beijing_start1|g6-lower|r036|clean,beijing_start1,6年级下,6,下,36,clean,clean,[kliːn],[kliːn],"n. 打扫 adj. 清洁的,干净的;清白的 vt. 使干净 vi. 打扫,清扫 adv. 完全地",北京版一年级起点六年级下.xlsx
beijing_start1|g6-lower|r037|print,beijing_start1,6年级下,6,下,37,print,print,[prɪnt],[prɪnt],n. 印刷业;印花布;印刷字体;印章;印记 vt. 印刷;打印;刊载;用印刷体写;在...印花样 vi. 印刷;出版;用印刷体写,北京版一年级起点六年级下.xlsx
beijing_start1|g6-lower|r038|ok,beijing_start1,6年级下,6,下,38,OK,ok,[əʊˈkeɪ],[ˌoʊ'keɪ],adj. 好的;不错的 adv. 行;很好 int. 好;可以 vt. 对...表示同意 n. 同意,北京版一年级起点六年级下.xlsx
beijing_start1|g6-lower|r039|paper,beijing_start1,6年级下,6,下,39,paper,paper,[ˈpeɪpə(r)],[ˈpeɪpər],n. 纸;论文;文件;报纸 adj. 纸做的 vt. 用纸糊;用纸包装 vi. 贴糊墙纸;发交通违章传票,北京版一年级起点六年级下.xlsx
beijing_start1|g6-lower|r040|save,beijing_start1,6年级下,6,下,40,save,save,[seɪv],[seɪv],prep. 除...之外 n. 救援 vi. 节省;挽救 vt. 节省;保存;储蓄;解救,北京版一年级起点六年级下.xlsx
beijing_start1|g6-lower|r041|also,beijing_start1,6年级下,6,下,41,also,also,[ˈɔːlsəʊ],[ˈɔːlsoʊ],conj. 并且;另外 adv. 也;而且;同样,北京版一年级起点六年级下.xlsx
beijing_start1|g6-lower|r042|tired,beijing_start1,6年级下,6,下,42,tired,tired,[ˈtaɪəd],[ˈtaɪərd],"v. 疲倦;对...腻烦(tire的过去分词形式) adj. 疲倦的;厌倦的,厌烦的",北京版一年级起点六年级下.xlsx
beijing_start1|g6-lower|r043|thirsty,beijing_start1,6年级下,6,下,43,thirsty,thirsty,[ˈθɜːsti],[ˈθɜːrsti],"adj. 口渴的,口干的;渴望的,热望的",北京版一年级起点六年级下.xlsx
beijing_start1|g6-lower|r044|toilet,beijing_start1,6年级下,6,下,44,toilet,toilet,[ˈtɔɪlət],[ˈtɔɪlət],"n. 厕所,盥洗室;梳妆,打扮 vt. 给...梳妆打扮 vi. 梳妆,打扮",北京版一年级起点六年级下.xlsx
beijing_start1|g6-lower|r045|under,beijing_start1,6年级下,6,下,45,under,under,[ˈʌndə(r)],[ˈʌndər],"prep. 低于,少于;在...之下 adj. 下面的;从属的 adv. 在下面;在下方",北京版一年级起点六年级下.xlsx
beijing_start1|g6-lower|r046|friendly,beijing_start1,6年级下,6,下,46,friendly,friendly,[ˈfrendli],[ˈfrendli],"adj. 友好的;亲切的;支持的;融洽的,和睦的 adv. 友善地;温和地",北京版一年级起点六年级下.xlsx
beijing_start1|g6-lower|r047|stay,beijing_start1,6年级下,6,下,47,stay,stay,[steɪ],[steɪ],n. 逗留;停止;支柱 vi. 停留;坚持;暂住;停下 vt. 坚持;暂住;抑制,北京版一年级起点六年级下.xlsx
beijing_start1|g6-lower|r048|most,beijing_start1,6年级下,6,下,48,most,most,[məʊst],[moʊst],"adv. 最;非常,极其;最多;几乎 adj. 大部分的,多数的;最多的 n. 大部分,大多数",北京版一年级起点六年级下.xlsx
beijing_start1|g6-lower|r049|summer,beijing_start1,6年级下,6,下,49,summer,summer,[ˈsʌmə(r)],[ˈsʌmər],n. 夏季;全盛时期 adj. 夏季的 vi. 避暑;过夏天,北京版一年级起点六年级下.xlsx
beijing_start1|g6-lower|r050|weekend,beijing_start1,6年级下,6,下,50,weekend,weekend,[ˌwiːkˈend],[ˈwiːkend],"n. 周末,周末休假;周末聚会 adj. 周末的,周末用的 vi. 度周末",北京版一年级起点六年级下.xlsx
beijing_start1|g6-lower|r051|clear,beijing_start1,6年级下,6,下,51,clear,clear,[klɪə(r)],[klɪr],n. 清除;空隙 adj. 清楚的;清澈的;晴朗的;无罪的 vt. 通过;清除;使干净;跳过 vi. 放晴;变清澈 adv. 清晰地;完全地,北京版一年级起点六年级下.xlsx
beijing_start1|g6-lower|r052|season,beijing_start1,6年级下,6,下,52,season,season,[ˈsiːzn],[ˈsiːzn],n. 时期;季节;赛季 vt. 给...调味;使适应 vi. 变得成熟;变干燥,北京版一年级起点六年级下.xlsx
beijing_start1|g6-lower|r053|friday,beijing_start1,6年级下,6,下,53,Friday,friday,[ˈfraɪdeɪ],[ˈfraɪdeɪ],n. 星期五,北京版一年级起点六年级下.xlsx
beijing_start1|g6-lower|r054|slow,beijing_start1,6年级下,6,下,54,slow,slow,[sləʊ],[sloʊ],adj. 慢的;减速的;迟钝的 vt. 放慢;阻碍 vi. 变慢;变萧条 adv. 慢慢地;迟缓地,北京版一年级起点六年级下.xlsx
beijing_start1|g6-lower|r055|yesterday,beijing_start1,6年级下,6,下,55,yesterday,yesterday,[ˈjestədeɪ],[ˈjestərdeɪ; ˈjestərdi],n. 昨天;往昔 adv. 昨天,北京版一年级起点六年级下.xlsx
beijing_start1|g6-lower|r056|nose,beijing_start1,6年级下,6,下,56,nose,nose,[nəʊz],[noʊz],n. 鼻子;嗅觉;突出的部分;探问 vt. 嗅;用鼻子触 vi. 小心探索着前进;探问,北京版一年级起点六年级下.xlsx
beijing_start1|g6-lower|r057|careful,beijing_start1,6年级下,6,下,57,careful,careful,[ˈkeəf(ə)l],[ˈkerfl],"adj. 仔细的,小心的",北京版一年级起点六年级下.xlsx
beijing_start1|g6-lower|r058|all,beijing_start1,6年级下,6,下,58,all,all,[ɔːl],[ɔːl],n. 全部 adj. 全部的 adv. 全然地;越发 pron. 全部,北京版一年级起点六年级下.xlsx
beijing_start1|g6-lower|r059|ill,beijing_start1,6年级下,6,下,59,ill,ill,[ɪl],[ɪl],n. 疾病;不幸 adj. 生病的;坏的;邪恶的;不吉利的 adv. 不利地;恶劣地;几乎不,北京版一年级起点六年级下.xlsx
beijing_start1|g6-lower|r060|begin,beijing_start1,6年级下,6,下,60,begin,begin,[bɪˈɡɪn],[bɪˈɡɪn],vi. 开始;首先 vt. 开始,北京版一年级起点六年级下.xlsx
beijing_start1|g6-lower|r061|fan,beijing_start1,6年级下,6,下,61,fan,fan,[fæn],[fæn],n. 迷;风扇;爱好者 vt. 煽动;刺激;吹拂 vi. 成扇形散开;飘动,北京版一年级起点六年级下.xlsx
beijing_start1|g6-lower|r062|large,beijing_start1,6年级下,6,下,62,large,large,[lɑːdʒ],[lɑːrdʒ],adj. 大的;多数的;广博的 adv. 大大地;夸大地 n. 大,北京版一年级起点六年级下.xlsx
beijing_start1|g6-lower|r063|invite,beijing_start1,6年级下,6,下,63,invite,invite,[ɪnˈvaɪt],[ɪnˈvaɪt],"n. 邀请 vt. 邀请,招待;招致",北京版一年级起点六年级下.xlsx
beijing_start1|g6-lower|r064|heavy,beijing_start1,6年级下,6,下,64,heavy,heavy,[ˈhevi],[ˈhevi],"n. 重物;严肃角色 adj. 沉重的;繁重的,巨大的;拥挤的;阴沉的 adv. 大量地;笨重地",北京版一年级起点六年级下.xlsx
beijing_start1|g6-lower|r065|gym,beijing_start1,6年级下,6,下,65,gym,gym,[dʒɪm],[dʒɪm],n. 健身房;体育;体育馆,北京版一年级起点六年级下.xlsx
beijing_start1|g6-lower|r066|classroom,beijing_start1,6年级下,6,下,66,classroom,classroom,[ˈklɑːsruːm],[ˈklæsruːm; ˈklæsrʊm],n. 教室,北京版一年级起点六年级下.xlsx
beijing_start1|g6-lower|r067|club,beijing_start1,6年级下,6,下,67,club,club,[klʌb],[klʌb],"n. 俱乐部,社团;夜总会;棍棒;(扑克牌中的)梅花 adj. 俱乐部的 vt. 用棍棒打;募集 vi. 集资;组成俱乐部",北京版一年级起点六年级下.xlsx
beijing_start1|g6-lower|r068|behind,beijing_start1,6年级下,6,下,68,behind,behind,[bɪˈhaɪnd],[bɪˈhaɪnd],prep. 落后于;支持;晚于 n. 屁股 adv. 在后地;在原处,北京版一年级起点六年级下.xlsx
beijing_start1|g6-lower|r069|stand,beijing_start1,6年级下,6,下,69,stand,stand,[stænd],[stænd],n. 站立;立场;看台;停止 vi. 站立;位于;停滞 vt. 使站立;忍受;抵抗,北京版一年级起点六年级下.xlsx
beijing_start1|g6-lower|r070|welcome,beijing_start1,6年级下,6,下,70,welcome,welcome,[ˈwelkəm],[ˈwelkəm],n. 欢迎 vt. 欢迎 adj. 受欢迎的 int. 欢迎,北京版一年级起点六年级下.xlsx
beijing_start1|g6-lower|r071|between,beijing_start1,6年级下,6,下,71,between,between,[bɪˈtwiːn],[bɪˈtwiːn],prep. 在...之间 adv. 在中间,北京版一年级起点六年级下.xlsx
renjiao_start1|g1-upper|r002|book,renjiao_start1,1年级上,1,上,2,book,book,[bʊk],[bʊk],n. 书籍;卷;帐簿;名册;工作簿 vt. 预订;登记,人教版一年级起点一年级上.xlsx
renjiao_start1|g1-upper|r003|ruler,renjiao_start1,1年级上,1,上,3,ruler,ruler,[ˈruːlə(r)],[ˈruːlər],"n. 尺;统治者;[测] 划线板,划线的人",人教版一年级起点一年级上.xlsx
renjiao_start1|g1-upper|r004|pencil,renjiao_start1,1年级上,1,上,4,pencil,pencil,[ˈpens(ə)l],[ˈpensl],n. 铅笔;笔状物 vt. 用铅笔写;用眉笔涂 vi. 成铅笔状,人教版一年级起点一年级上.xlsx
renjiao_start1|g1-upper|r005|schoolbag,renjiao_start1,1年级上,1,上,5,schoolbag,schoolbag,[ˈskuːlbæɡ],[ˈskuːlˌbæɡ],n. 书包,人教版一年级起点一年级上.xlsx
renjiao_start1|g1-upper|r006|teacher,renjiao_start1,1年级上,1,上,6,teacher,teacher,[ˈtiːtʃə(r)],[ˈtiːtʃər],n. 教师;导师,人教版一年级起点一年级上.xlsx
renjiao_start1|g1-upper|r007|i,renjiao_start1,1年级上,1,上,7,I,i,[aɪ],[aɪ],n. 碘元素;英语字母I pron. 我,人教版一年级起点一年级上.xlsx
renjiao_start1|g1-upper|r008|have,renjiao_start1,1年级上,1,上,8,have,have,[həv],[həv; əv; hæv],aux. 已经 vt. 有;让;拿;从事;允许,人教版一年级起点一年级上.xlsx
renjiao_start1|g1-upper|r009|a,renjiao_start1,1年级上,1,上,9,a,a,[ə],[ə; eɪ],n. 字母A;第一流的;学业成绩达最高标准的评价符号 abbr. [物]安(ampere),人教版一年级起点一年级上.xlsx
renjiao_start1|g1-upper|r010|an,renjiao_start1,1年级上,1,上,10,an,an,[ən],[ən; æn],art. 一(在元音音素前),人教版一年级起点一年级上.xlsx
renjiao_start1|g1-upper|r011|face,renjiao_start1,1年级上,1,上,11,face,face,[feɪs],[feɪs],n. 脸;表面;面子;面容;外观;威信 vi. 向;朝 vt. 面对;面向;承认;抹盖,人教版一年级起点一年级上.xlsx
renjiao_start1|g1-upper|r012|ear,renjiao_start1,1年级上,1,上,12,ear,ear,[ɪə(r)],[ɪr],n. 耳朵;穗;听觉;倾听 vi. (美俚)听见;抽穗,人教版一年级起点一年级上.xlsx
renjiao_start1|g1-upper|r013|eye,renjiao_start1,1年级上,1,上,13,eye,eye,[aɪ],[aɪ],"n. 眼睛;视力;眼光;见解,观点 vt. 注视,看",人教版一年级起点一年级上.xlsx
renjiao_start1|g1-upper|r014|nose,renjiao_start1,1年级上,1,上,14,nose,nose,[nəʊz],[noʊz],n. 鼻子;嗅觉;突出的部分;探问 vt. 嗅;用鼻子触 vi. 小心探索着前进;探问,人教版一年级起点一年级上.xlsx
renjiao_start1|g1-upper|r015|mouth,renjiao_start1,1年级上,1,上,15,mouth,mouth,[maʊθ],[maʊθ],"n. 口,嘴;河口 vt. 做作地说,装腔作势地说;喃喃地说出 vi. 装腔作势说话",人教版一年级起点一年级上.xlsx
renjiao_start1|g1-upper|r016|this,renjiao_start1,1年级上,1,上,16,this,this,[ðɪs],[ðɪs],adj. 这;本;这个;今 pron. 这;这个;这里 adv. 这样地;这么,人教版一年级起点一年级上.xlsx
renjiao_start1|g1-upper|r017|is,renjiao_start1,1年级上,1,上,17,is,is,[ɪz],[ɪz],v. 是(be的三单形式) n. 存在,人教版一年级起点一年级上.xlsx
renjiao_start1|g1-upper|r018|my,renjiao_start1,1年级上,1,上,18,my,my,[maɪ],[maɪ],pron. 我的 int. 哎呀(表示惊奇等);喔唷,人教版一年级起点一年级上.xlsx
renjiao_start1|g1-upper|r019|dog,renjiao_start1,1年级上,1,上,19,dog,dog,[dɒɡ],[dɔːɡ],n. 狗;丑女人;卑鄙的人;(俚)朋友 vt. 跟踪;尾随,人教版一年级起点一年级上.xlsx
renjiao_start1|g1-upper|r020|bird,renjiao_start1,1年级上,1,上,20,bird,bird,[bɜːd],[bɜːrd],n. 鸟;家伙;羽毛球 vt. 向...喝倒彩;起哄 vi. 猎鸟;观察研究野鸟,人教版一年级起点一年级上.xlsx
renjiao_start1|g1-upper|r021|tiger,renjiao_start1,1年级上,1,上,21,tiger,tiger,[ˈtaɪɡə(r)],[ˈtaɪɡər],n. 老虎;凶暴的人,人教版一年级起点一年级上.xlsx
renjiao_start1|g1-upper|r022|monkey,renjiao_start1,1年级上,1,上,22,monkey,monkey,[ˈmʌŋki],[ˈmʌŋki],n. 猴子;顽童 vi. 胡闹;捣蛋 vt. 嘲弄,人教版一年级起点一年级上.xlsx
renjiao_start1|g1-upper|r023|cat,renjiao_start1,1年级上,1,上,23,cat,cat,[kæt],[kæt],"n. 猫,猫科动物",人教版一年级起点一年级上.xlsx
renjiao_start1|g1-upper|r024|what,renjiao_start1,1年级上,1,上,24,what,what,[wɒt],[wʌt],"pron. 什么;多么;多少 adv. 到什么程度,在哪一方面 adj. 什么;多么;何等 int. 什么;多么",人教版一年级起点一年级上.xlsx
renjiao_start1|g1-upper|r025|it,renjiao_start1,1年级上,1,上,25,it,it,[ɪt],[ɪt],abbr. 信息技术information technology abbr. 意大利Italy;意大利的Italian,人教版一年级起点一年级上.xlsx
renjiao_start1|g1-upper|r026|one,renjiao_start1,1年级上,1,上,26,one,one,[wʌn],[wʌn],pron. 一个人;任何人 adj. 一的;唯一的 n. 一 num. 一;一个,人教版一年级起点一年级上.xlsx
renjiao_start1|g1-upper|r027|two,renjiao_start1,1年级上,1,上,27,two,two,[tuː],[tuː],num. 二 n. 两个 adj. 两个的,人教版一年级起点一年级上.xlsx
renjiao_start1|g1-upper|r028|three,renjiao_start1,1年级上,1,上,28,three,three,[θriː],[θriː],"num. 三 n. 三,三个 adj. 三的,三个的",人教版一年级起点一年级上.xlsx
renjiao_start1|g1-upper|r029|four,renjiao_start1,1年级上,1,上,29,four,four,[fɔː(r)],[fɔːr],num. 四;四个 adj. 四的;四个的,人教版一年级起点一年级上.xlsx
renjiao_start1|g1-upper|r030|five,renjiao_start1,1年级上,1,上,30,five,five,[faɪv],[faɪv],"num. 五,五个 n. 五,五个;五美元钞票 adj. 五的;五个的",人教版一年级起点一年级上.xlsx
renjiao_start1|g1-upper|r031|six,renjiao_start1,1年级上,1,上,31,six,six,[sɪks],[sɪks],"num. 六,六个 n. 六,六个",人教版一年级起点一年级上.xlsx
renjiao_start1|g1-upper|r032|seven,renjiao_start1,1年级上,1,上,32,seven,seven,[ˈsev(ə)n],[ˈsev(ə)n],"num. 七个,七 n. 七个,七 adj. 七的;七个的",人教版一年级起点一年级上.xlsx
renjiao_start1|g1-upper|r033|eight,renjiao_start1,1年级上,1,上,33,eight,eight,[eɪt],[eɪt],num. 八;八个;第八 n. 八字形 adj. 八的,人教版一年级起点一年级上.xlsx
renjiao_start1|g1-upper|r034|nine,renjiao_start1,1年级上,1,上,34,nine,nine,[naɪn],[naɪn],"n. 九,九个 num. 九;九个 adj. 九的,九个的",人教版一年级起点一年级上.xlsx
renjiao_start1|g1-upper|r035|ten,renjiao_start1,1年级上,1,上,35,ten,ten,[ten],[ten],"num. 十个,十",人教版一年级起点一年级上.xlsx
renjiao_start1|g1-upper|r036|how,renjiao_start1,1年级上,1,上,36,how,how,[haʊ],[haʊ],adv. 如何;多少;多么 n. 方法;方式 conj. 如何,人教版一年级起点一年级上.xlsx
renjiao_start1|g1-upper|r037|many,renjiao_start1,1年级上,1,上,37,many,many,[ˈmeni],[ˈmeni],pron. 许多;许多人 adj. 许多的,人教版一年级起点一年级上.xlsx
renjiao_start1|g1-upper|r038|are,renjiao_start1,1年级上,1,上,38,are,are,[ɑ:(r)],[ər; ɑːr; er],v. 是(be的第二人称单复数现在式) n. 公亩,人教版一年级起点一年级上.xlsx
renjiao_start1|g1-upper|r039|there,renjiao_start1,1年级上,1,上,39,there,there,[ðeə(r)],[ðer],n. 那个地方 adv. 在那里;在那边;在那点上 int. 你瞧,人教版一年级起点一年级上.xlsx
renjiao_start1|g1-upper|r040|black,renjiao_start1,1年级上,1,上,40,black,black,[blæk],[blæk],n. 黑色;黑人;黑颜料 adj. 黑色的;黑人的;邪恶的 vt. 使变黑;把鞋油等涂在...上;把(眼眶)打成青肿 vi. 变黑,人教版一年级起点一年级上.xlsx
renjiao_start1|g1-upper|r041|yellow,renjiao_start1,1年级上,1,上,41,yellow,yellow,[ˈjeləʊ],[ˈjeloʊ],n. 黄色;黄种人;黄色颜料 adj. 黄色的;黄皮肤的 vt. 使变黄或发黄 vi. 变黄或发黄,人教版一年级起点一年级上.xlsx
renjiao_start1|g1-upper|r042|blue,renjiao_start1,1年级上,1,上,42,blue,blue,[bluː],[bluː],"adj. 蓝色的;沮丧的,忧郁的;下流的 n. 蓝色;[复数](美国海、陆、空三军穿的)蓝色制服;蓝颜料;[the blue(s)][用作单数或复数]布鲁斯(歌曲)(一种伤感的美国黑人民歌 vi. 变成蓝色,呈蓝色 vt. 把...染成蓝色;使成蓝色;给...用上蓝剂;用上蓝剂于",人教版一年级起点一年级上.xlsx
renjiao_start1|g1-upper|r043|red,renjiao_start1,1年级上,1,上,43,red,red,[red],[red],"n. 红色,红颜料;赤字 adj. 红色的;红肿的,充血的",人教版一年级起点一年级上.xlsx
renjiao_start1|g1-upper|r044|green,renjiao_start1,1年级上,1,上,44,green,green,[ɡriːn],[ɡriːn],n. 绿色;青春 adj. 绿色的;青春的 vt. 使...变绿色 vi. 变绿色,人教版一年级起点一年级上.xlsx
renjiao_start1|g1-upper|r045|colour,renjiao_start1,1年级上,1,上,45,colour,colour,[ˈkʌlə(r)],[ˈkʌlər],"n. 颜色;风格;气色,面色;外貌 vt. 把...涂颜色,粉饰;歪曲;使脸红 vi. 变色",人教版一年级起点一年级上.xlsx
renjiao_start1|g1-upper|r046|apple,renjiao_start1,1年级上,1,上,46,apple,apple,[ˈæp(ə)l],[ˈæpl],"n. 苹果,苹果树,苹果似的东西;[美俚]炸弹,手榴弹,(棒球的)球;[美俚]人,家伙。",人教版一年级起点一年级上.xlsx
renjiao_start1|g1-upper|r047|pear,renjiao_start1,1年级上,1,上,47,pear,pear,[peə(r)],[per],n. [园艺] 梨树;梨子,人教版一年级起点一年级上.xlsx
renjiao_start1|g1-upper|r048|banana,renjiao_start1,1年级上,1,上,48,banana,banana,[bəˈnɑːnə],[bəˈnænə],n. 香蕉;喜剧演员;大鹰钩鼻,人教版一年级起点一年级上.xlsx
renjiao_start1|g1-upper|r049|orange,renjiao_start1,1年级上,1,上,49,orange,orange,[ˈɒrɪndʒ],[ˈɔrɪndʒ],adj. 橙色的;橘色的 n. 橙;橙色;桔子,人教版一年级起点一年级上.xlsx
renjiao_start1|g1-upper|r050|do,renjiao_start1,1年级上,1,上,50,do,do,[duː; də; du; dəʊ],[duː; də; du; doʊ],"vi. 行,足够;生长 n. 要求;规定;C大调音阶中的第一音 v. 做;干;学习;研究;进行;完成;解答;整理;算出;引起;行过 aux. 助动词(构成疑问句和否定句);(代替动词);(用于加强语气) n. (口语)事件;(主英国口语)诈骗;(主英国、新西兰口语)宴会;(口语)必须做到的事情",人教版一年级起点一年级上.xlsx
renjiao_start1|g1-upper|r051|you,renjiao_start1,1年级上,1,上,51,you,you,[ju],[juː; jə],pron. 你;你们,人教版一年级起点一年级上.xlsx
renjiao_start1|g1-upper|r052|like,renjiao_start1,1年级上,1,上,52,like,like,[laɪk],[laɪk],vt. 喜欢;想;愿意 vi. 喜欢;希望 prep. 像;如同 adj. 同样的;相似的 n. 爱好;同样的人或物 adv. 可能 conj. 好像,人教版一年级起点一年级上.xlsx
renjiao_start1|g1-upper|r053|yes,renjiao_start1,1年级上,1,上,53,yes,yes,[jes],[jes],"n. 是(表示肯定) adv. 是, 是的",人教版一年级起点一年级上.xlsx
renjiao_start1|g1-upper|r054|no,renjiao_start1,1年级上,1,上,54,no,no,[nəʊ],[noʊ],adv. 不 adj. 没有;不是 n. 不;否决票 abbr. 数字(number);元素锘(nobelium)的符号,人教版一年级起点一年级上.xlsx
renjiao_start1|g1-lower|r002|chair,renjiao_start1,1年级下,1,下,2,chair,chair,[tʃeə(r)],[tʃer],n. 椅子;讲座;(会议的)主席位;大学教授的职位 vt. 担任(会议的)主席;使...入座;使就任要职,人教版一年级起点一年级下.xlsx
renjiao_start1|g1-lower|r003|desk,renjiao_start1,1年级下,1,下,3,desk,desk,[desk],[desk],n. 办公桌;服务台;编辑部;(美)讲道台;乐谱架 adj. 书桌的;桌上用的;伏案做的,人教版一年级起点一年级下.xlsx
renjiao_start1|g1-lower|r004|blackboard,renjiao_start1,1年级下,1,下,4,blackboard,blackboard,[ˈblækbɔːd],[ˈblækbɔːrd],n. 黑板,人教版一年级起点一年级下.xlsx
renjiao_start1|g1-lower|r005|on,renjiao_start1,1年级下,1,下,5,on,on,[ɒn],[ɑːn],"adv. 向前地;作用中,行动中;继续着 prep. 向,朝......;关于;在......之上;在......时候 adj. 开着的;发生着的,正在进行中",人教版一年级起点一年级下.xlsx
renjiao_start1|g1-lower|r006|under,renjiao_start1,1年级下,1,下,6,under,under,[ˈʌndə(r)],[ˈʌndər],"prep. 低于,少于;在...之下 adj. 下面的;从属的 adv. 在下面;在下方",人教版一年级起点一年级下.xlsx
renjiao_start1|g1-lower|r007|in,renjiao_start1,1年级下,1,下,7,in,in,[ɪn],[ɪn],prep. 按照(表示方式);从事于;在...之内 n. 执政者;门路;知情者 adj. 在里面的;时髦的 adv. 进入;当选;(服装等)时髦;在屋里,人教版一年级起点一年级下.xlsx
renjiao_start1|g1-lower|r008|where,renjiao_start1,1年级下,1,下,8,where,where,[weə(r)],[wer],conj. 在...的地方 n. 地点 adv. 在哪里 pron. 哪里,人教版一年级起点一年级下.xlsx
renjiao_start1|g1-lower|r009|the,renjiao_start1,1年级下,1,下,9,the,the,[ðə],[ðə; ði; ðiː],"art. 这;那 adv. 更加(用于比较级,最高级前)",人教版一年级起点一年级下.xlsx
renjiao_start1|g1-lower|r010|light,renjiao_start1,1年级下,1,下,10,light,light,[laɪt],[laɪt],n. 光;光线;灯;打火机;领悟;浅色;天窗 adj. 轻的;浅色的;明亮的;轻松的;容易的;清淡的 vi. 点着;变亮;着火 vt. 照亮;点燃;着火 adv. 轻地;清楚地;轻便地,人教版一年级起点一年级下.xlsx
renjiao_start1|g1-lower|r011|bed,renjiao_start1,1年级下,1,下,11,bed,bed,[bed],[bed],"n. 床;基础;河底, 海底 vt. 使睡觉;安置,嵌入;栽种 vi. 上床;分层",人教版一年级起点一年级下.xlsx
renjiao_start1|g1-lower|r012|door,renjiao_start1,1年级下,1,下,12,door,door,[dɔː(r)],[dɔːr],"n. 门;家,户;门口;通道",人教版一年级起点一年级下.xlsx
renjiao_start1|g1-lower|r013|box,renjiao_start1,1年级下,1,下,13,box,box,[bɒks],[bɑːks],"n. 箱,盒子;包厢;一拳 vt. 拳击;装...入盒中;打耳光 vi. 拳击",人教版一年级起点一年级下.xlsx
renjiao_start1|g1-lower|r014|near,renjiao_start1,1年级下,1,下,14,near,near,[nɪə(r)],[nɪr],adj. 近的;亲近的;近似的 adv. 近;接近 prep. 靠近;近似于,人教版一年级起点一年级下.xlsx
renjiao_start1|g1-lower|r015|behind,renjiao_start1,1年级下,1,下,15,behind,behind,[bɪˈhaɪnd],[bɪˈhaɪnd],prep. 落后于;支持;晚于 n. 屁股 adv. 在后地;在原处,人教版一年级起点一年级下.xlsx
renjiao_start1|g1-lower|r016|plane,renjiao_start1,1年级下,1,下,16,plane,plane,[pleɪn],[pleɪn],"n. 飞机;平面;程度,水平 adj. 平的;平面的 vt. 刨平;用刨子刨;掠过水面 vi. 刨;乘飞机旅行;翱翔",人教版一年级起点一年级下.xlsx
renjiao_start1|g1-lower|r017|ball,renjiao_start1,1年级下,1,下,17,ball,ball,[bɔːl],[bɔːl],n. 球;舞会 vt. 捏成球形 vi. 成团块,人教版一年级起点一年级下.xlsx
renjiao_start1|g1-lower|r018|doll,renjiao_start1,1年级下,1,下,18,doll,doll,[dɒl],[dɑːl],n. 洋娃娃;玩偶;无头脑的美丽女人 vt. 把...打扮得花枝招展,人教版一年级起点一年级下.xlsx
renjiao_start1|g1-lower|r019|train,renjiao_start1,1年级下,1,下,19,train,train,[treɪn],[treɪn],n. 火车;行列;长队;裙裾 v. 培养;训练;瞄准,人教版一年级起点一年级下.xlsx
renjiao_start1|g1-lower|r020|car,renjiao_start1,1年级下,1,下,20,car,car,[kɑː(r)],[kɑːr],n. 汽车;车厢,人教版一年级起点一年级下.xlsx
renjiao_start1|g1-lower|r021|bear,renjiao_start1,1年级下,1,下,21,bear,bear,[beə(r)],[ber],"n. 熊 vt. 结果实,开花(正式) vt. 忍受;承受;具有;支撑",人教版一年级起点一年级下.xlsx
renjiao_start1|g1-lower|r022|can,renjiao_start1,1年级下,1,下,22,can,can,[kən; kæn],[kən; kæn],aux. 能; 能够; 可以; 可能 n. 罐头; (用金属或塑料制作的)容器; (马口铁或其他金属制作的)食品罐头 vt. 将...装入密封罐中保存,人教版一年级起点一年级下.xlsx
renjiao_start1|g1-lower|r023|sure,renjiao_start1,1年级下,1,下,23,sure,sure,[ʃʊə(r)],[ʃʊr],adj. 确信的;可靠的;必定的 adv. 当然;的确,人教版一年级起点一年级下.xlsx
renjiao_start1|g1-lower|r024|sorry,renjiao_start1,1年级下,1,下,24,sorry,sorry,[ˈsɒri],[ˈsɑːri],"adj. 遗憾的;对不起的,抱歉的 int. 对不起,抱歉(表示委婉的拒绝等)",人教版一年级起点一年级下.xlsx
renjiao_start1|g1-lower|r025|rice,renjiao_start1,1年级下,1,下,25,rice,rice,[raɪs],[raɪs],n. 稻;米饭 vt. 把...捣成米糊状,人教版一年级起点一年级下.xlsx
renjiao_start1|g1-lower|r026|noodles,renjiao_start1,1年级下,1,下,26,noodles,noodles,[ˈnuːd(ə)lz],[ˈnuːd(ə)lz],"n. 面条,挂面(noodle的复数形式)",人教版一年级起点一年级下.xlsx
renjiao_start1|g1-lower|r027|vegetable,renjiao_start1,1年级下,1,下,27,vegetable,vegetable,[ˈvedʒtəb(ə)l],[ˈvedʒtəbl],n. 蔬菜;植物;植物人 adj. 蔬菜的;植物的,人教版一年级起点一年级下.xlsx
renjiao_start1|g1-lower|r028|fish,renjiao_start1,1年级下,1,下,28,fish,fish,[fɪʃ],[fɪʃ],"n. 鱼,鱼类 vt. 钓鱼,捕鱼;搜寻 vi. 捕鱼,钓鱼;用钩捞取",人教版一年级起点一年级下.xlsx
renjiao_start1|g1-lower|r029|chicken,renjiao_start1,1年级下,1,下,29,chicken,chicken,[ˈtʃɪkɪn],[ˈtʃɪkɪn],"n. 鸡肉;小鸡;胆小鬼,懦夫 adj. 鸡肉的;胆怯的;幼小的",人教版一年级起点一年级下.xlsx
renjiao_start1|g1-lower|r030|egg,renjiao_start1,1年级下,1,下,30,egg,egg,[eɡ],[eɡ],n. 蛋;卵子;家伙;鸡蛋 vt. 煽动;怂恿,人教版一年级起点一年级下.xlsx
renjiao_start1|g1-lower|r031|hungry,renjiao_start1,1年级下,1,下,31,hungry,hungry,[ˈhʌŋɡri],[ˈhʌŋɡri],adj. 饥饿的;渴望的;荒年的;不毛的,人教版一年级起点一年级下.xlsx
renjiao_start1|g1-lower|r032|want,renjiao_start1,1年级下,1,下,32,want,want,[wɒnt],[wɑːnt],n. 需要;缺乏;贫困;必需品 vt. 需要;希望;应该;缺少 vi. 需要;缺少,人教版一年级起点一年级下.xlsx
renjiao_start1|g1-lower|r033|and,renjiao_start1,1年级下,1,下,33,and,and,[ənd],[ənd; ən; n; ænd],"conj. 和,与;就;而且;但是;然后",人教版一年级起点一年级下.xlsx
renjiao_start1|g1-lower|r034|juice,renjiao_start1,1年级下,1,下,34,juice,juice,[dʒuːs],[dʒuːs],"n. (水果)汁,液;果汁",人教版一年级起点一年级下.xlsx
renjiao_start1|g1-lower|r035|tea,renjiao_start1,1年级下,1,下,35,tea,tea,[tiː],[tiː],n. 茶叶;茶树;茶点 vt. 给...沏茶 vi. 喝茶;进茶点,人教版一年级起点一年级下.xlsx
renjiao_start1|g1-lower|r036|milk,renjiao_start1,1年级下,1,下,36,milk,milk,[mɪlk],[mɪlk],n. 牛奶;乳状物 vt. 榨取;挤...的奶 vi. 挤奶,人教版一年级起点一年级下.xlsx
renjiao_start1|g1-lower|r037|water,renjiao_start1,1年级下,1,下,37,water,water,[ˈwɔːtə(r)],[ˈwɔːtər],"n. 水;海水;雨水;海域,大片的水 vt. 使湿;供以水;给...浇水 vi. 加水;流泪;流口水",人教版一年级起点一年级下.xlsx
renjiao_start1|g1-lower|r038|thirsty,renjiao_start1,1年级下,1,下,38,thirsty,thirsty,[ˈθɜːsti],[ˈθɜːrsti],"adj. 口渴的,口干的;渴望的,热望的",人教版一年级起点一年级下.xlsx
renjiao_start1|g1-lower|r039|thanks,renjiao_start1,1年级下,1,下,39,thanks,thanks,[θæŋks],[θæŋks],n. 谢谢(只用复数) int. 谢谢,人教版一年级起点一年级下.xlsx
renjiao_start1|g1-lower|r040|shirt,renjiao_start1,1年级下,1,下,40,shirt,shirt,[ʃɜːt],[ʃɜːrt],"n. 衬衫;汗衫,内衣",人教版一年级起点一年级下.xlsx
renjiao_start1|g1-lower|r041|t-shirt,renjiao_start1,1年级下,1,下,41,T-shirt,t-shirt,[ˈtiː ʃɜːt],[ˈtiː ʃɜːrt],n. 短袖圆领汗衫,人教版一年级起点一年级下.xlsx
renjiao_start1|g1-lower|r042|skirt,renjiao_start1,1年级下,1,下,42,skirt,skirt,[skɜːt],[skɜːrt],"n. 裙子 vt. 绕过,回避;位于...边缘 vi. 沿边走,绕开;环绕",人教版一年级起点一年级下.xlsx
renjiao_start1|g1-lower|r043|dress,renjiao_start1,1年级下,1,下,43,dress,dress,[dres],[dres],n. 连衣裙;女装 vt. 给...穿衣 vi. 穿衣,人教版一年级起点一年级下.xlsx
renjiao_start1|g1-lower|r044|socks,renjiao_start1,1年级下,1,下,44,socks,socks,[sɒks],[sɑːks],n. 袜子(sock的复数),人教版一年级起点一年级下.xlsx
renjiao_start1|g1-lower|r045|shorts,renjiao_start1,1年级下,1,下,45,shorts,shorts,[ʃɔːts],[ʃɔːrts],n. 短裤,人教版一年级起点一年级下.xlsx
renjiao_start1|g1-lower|r046|your,renjiao_start1,1年级下,1,下,46,your,your,[jɔː(r); jə(r)],[jʊr; jər],"pron. 你的,你们的",人教版一年级起点一年级下.xlsx
renjiao_start1|g2-upper|r002|father,renjiao_start1,2年级上,2,上,2,father,father,[ˈfɑːðə(r)],[ˈfɑːðər],"n. 父亲,爸爸;神父;祖先;前辈 vt. 发明,创立;当...的父亲",人教版一年级起点二年级上.xlsx
renjiao_start1|g2-upper|r003|mother,renjiao_start1,2年级上,2,上,3,mother,mother,[ˈmʌðə(r)],[ˈmʌðər],n. 母亲;大娘;女修道院院长 vt. 生下;养育;像母亲般关怀或照管 adj. 母亲的;出生地的,人教版一年级起点二年级上.xlsx
renjiao_start1|g2-upper|r004|brother,renjiao_start1,2年级上,2,上,4,brother,brother,[ˈbrʌðə(r)],[ˈbrʌðər],n. 兄弟;同事;战友 int. 我的老兄!,人教版一年级起点二年级上.xlsx
renjiao_start1|g2-upper|r005|sister,renjiao_start1,2年级上,2,上,5,sister,sister,[ˈsɪstə(r)],[ˈsɪstər],n. 姐妹;(称志同道合者)姐妹;修女;护士 adj. 姐妹般的;同类型的,人教版一年级起点二年级上.xlsx
renjiao_start1|g2-upper|r006|grandmother,renjiao_start1,2年级上,2,上,6,grandmother,grandmother,[ˈɡrænmʌðə(r)],[ˈɡrænmʌðər],n. 祖母;女祖先 vt. 当...的祖母 vi. 当祖母,人教版一年级起点二年级上.xlsx
renjiao_start1|g2-upper|r007|grandfather,renjiao_start1,2年级上,2,上,7,grandfather,grandfather,[ˈɡrænfɑːðə(r)],[ˈɡrænfɑːðər],n. 祖父;始祖 vt. 不受新规定限制,人教版一年级起点二年级上.xlsx
renjiao_start1|g2-upper|r008|who,renjiao_start1,2年级上,2,上,8,who,who,[huː],[huː],pron. 谁;什么人,人教版一年级起点二年级上.xlsx
renjiao_start1|g2-upper|r009|he,renjiao_start1,2年级上,2,上,9,he,he,[hi; iː; i; hiː],[hi; iː; i; hiː],"n. 男孩,男人;它(雄性动物) pron. 他",人教版一年级起点二年级上.xlsx
renjiao_start1|g2-upper|r010|she,renjiao_start1,2年级上,2,上,10,she,she,[ʃi],[ʃi; ʃiː],n. 女人;雌性动物 pron. 她(主格);它(用来指雌性动物或国家、船舶、地球、月亮等),人教版一年级起点二年级上.xlsx
renjiao_start1|g2-upper|r011|classmate,renjiao_start1,2年级上,2,上,11,classmate,classmate,[ˈklɑːsmeɪt],[ˈklæsmeɪt],n. 同班同学,人教版一年级起点二年级上.xlsx
renjiao_start1|g2-upper|r012|friend,renjiao_start1,2年级上,2,上,12,friend,friend,[frend],[frend],n. 朋友;助手;赞助者,人教版一年级起点二年级上.xlsx
renjiao_start1|g2-upper|r013|woman,renjiao_start1,2年级上,2,上,13,woman,woman,[ˈwʊmən],[ˈwʊmən],n. 妇女;女性;成年女子,人教版一年级起点二年级上.xlsx
renjiao_start1|g2-upper|r014|girl,renjiao_start1,2年级上,2,上,14,girl,girl,[ɡɜːl],[ɡɜːrl],"n. 女孩;姑娘,未婚女子;女职员,女演员;(男人的)女朋友 n. (捷)吉尔",人教版一年级起点二年级上.xlsx
renjiao_start1|g2-upper|r015|man,renjiao_start1,2年级上,2,上,15,man,man,[mæn],[mæn],n. 人;男人;人类;丈夫;雇工 vt. 操纵;给...配置人员;使增强勇气;在...就位,人教版一年级起点二年级上.xlsx
renjiao_start1|g2-upper|r016|boy,renjiao_start1,2年级上,2,上,16,boy,boy,[bɔɪ],[bɔɪ],n. 男孩;男人,人教版一年级起点二年级上.xlsx
renjiao_start1|g2-upper|r017|look,renjiao_start1,2年级上,2,上,17,look,look,[lʊk],[lʊk],vt. 看;期待;注意;面向;看上去像 vi. 看;看起来;注意;面向 n. 看;样子;面容,人教版一年级起点二年级上.xlsx
renjiao_start1|g2-upper|r018|his,renjiao_start1,2年级上,2,上,18,his,his,[hɪz],[hɪz; ɪz],pron. 他的,人教版一年级起点二年级上.xlsx
renjiao_start1|g2-upper|r019|name,renjiao_start1,2年级上,2,上,19,name,name,[neɪm],[neɪm],"n. 名称,名字;姓名;名誉 vt. 命名,任命;指定;称呼;提名;叫出 adj. 姓名的;据以取名的",人教版一年级起点二年级上.xlsx
renjiao_start1|g2-upper|r020|her,renjiao_start1,2年级上,2,上,20,her,her,[hə(r)],[hər; ɜːr; ər; hɜːr],pron. 她(she的宾格);她的(she的所有格);她(指某个国家;一艘船),人教版一年级起点二年级上.xlsx
renjiao_start1|g2-upper|r021|or,renjiao_start1,2年级上,2,上,21,or,or,[ɔː(r)],[ɔːr],"conj. 或,或者;还是",人教版一年级起点二年级上.xlsx
renjiao_start1|g2-upper|r022|big,renjiao_start1,2年级上,2,上,22,big,big,[bɪɡ],[bɪɡ],adj. 大的;重要的;量大的 adv. 大量地;顺利;夸大地,人教版一年级起点二年级上.xlsx
renjiao_start1|g2-upper|r023|tall,renjiao_start1,2年级上,2,上,23,tall,tall,[tɔːl],[tɔːl],adj. 高的;长的;过分的;夸大的 adv. 夸大地,人教版一年级起点二年级上.xlsx
renjiao_start1|g2-upper|r024|pretty,renjiao_start1,2年级上,2,上,24,pretty,pretty,[ˈprɪti],[ˈprɪti],n. 有吸引力的事物(尤指饰品);漂亮的人 adj. 漂亮的;可爱的;优美的 adv. 相当地;颇,人教版一年级起点二年级上.xlsx
renjiao_start1|g2-upper|r025|thin,renjiao_start1,2年级上,2,上,25,thin,thin,[θɪn],[θɪn],n. 细小部分 adj. 薄的;瘦的;稀薄的;微弱的 vt. 使瘦;使淡;使稀疏 vi. 变薄;变瘦;变淡 adv. 稀疏地;微弱地,人教版一年级起点二年级上.xlsx
renjiao_start1|g2-upper|r026|short,renjiao_start1,2年级上,2,上,26,short,short,[ʃɔːt],[ʃɔːrt],"n. 短;缺乏;短路;短裤 adj. 短的;不足的;矮的,低的 adv. 不足;突然;唐突地",人教版一年级起点二年级上.xlsx
renjiao_start1|g2-upper|r027|handsome,renjiao_start1,2年级上,2,上,27,handsome,handsome,[ˈhænsəm],[ˈhænsəm],"adj. (男子)英俊的;可观的;大方的,慷慨的;健美而端庄的",人教版一年级起点二年级上.xlsx
renjiao_start1|g2-upper|r028|new,renjiao_start1,2年级上,2,上,28,new,new,[njuː],[nuː],"adj. 新的,新鲜的;更新的;初见的 adv. 新近",人教版一年级起点二年级上.xlsx
renjiao_start1|g2-upper|r029|does,renjiao_start1,2年级上,2,上,29,does,does,[dʌz],[dʌz],v. 做;工作;有用(do的第三人称单数形式),人教版一年级起点二年级上.xlsx
renjiao_start1|g2-upper|r030|bookshop,renjiao_start1,2年级上,2,上,30,bookshop,bookshop,[ˈbʊkʃɒp],[ˈbʊkʃɑːp],n. 书店,人教版一年级起点二年级上.xlsx
renjiao_start1|g2-upper|r031|zoo,renjiao_start1,2年级上,2,上,31,zoo,zoo,[zuː],[zuː],n. 动物园; <美俚>(铁路货车的最后一节)守车; <美俚>核粒子园,人教版一年级起点二年级上.xlsx
renjiao_start1|g2-upper|r032|school,renjiao_start1,2年级上,2,上,32,school,school,[skuːl],[skuːl],n. 学校;学院;学派;鱼群 vt. 教育,人教版一年级起点二年级上.xlsx
renjiao_start1|g2-upper|r033|supermarket,renjiao_start1,2年级上,2,上,33,supermarket,supermarket,[ˈsuːpəmɑːkɪt],[ˈsuːpərmɑːrkɪt],n. 超级市场;自助售货商店,人教版一年级起点二年级上.xlsx
renjiao_start1|g2-upper|r034|park,renjiao_start1,2年级上,2,上,34,park,park,[pɑːk],[pɑːrk],n. 公园;[交] 停车场 vt. 停放;放置;寄存 vi. 停放车辆,人教版一年级起点二年级上.xlsx
renjiao_start1|g2-upper|r035|hospital,renjiao_start1,2年级上,2,上,35,hospital,hospital,[ˈhɒspɪt(ə)l],[ˈhɑːspɪtl],n. 医院,人教版一年级起点二年级上.xlsx
renjiao_start1|g2-upper|r036|go,renjiao_start1,2年级上,2,上,36,go,go,[ɡəʊ],[ɡoʊ],n. 去;进行;尝试 vi. 走;达到;运转;趋于 vt. 忍受;出产;以...打赌 [复数 goes 第三人称单数 goes 过去式 went 过去分词 gone 现在分词 going],人教版一年级起点二年级上.xlsx
renjiao_start1|g2-upper|r037|to,renjiao_start1,2年级上,2,上,37,to,to,[tə],[tə; tu; tuː],prep. 到;向;(表示时间、方向)朝...方向 adv. 向前;(门等)关上,人教版一年级起点二年级上.xlsx
renjiao_start1|g2-upper|r038|grass,renjiao_start1,2年级上,2,上,38,grass,grass,[ɡrɑːs],[ɡræs],"n. 草;草地,草坪 vt. 放牧;使......长满草;使......吃草 vi. 长草",人教版一年级起点二年级上.xlsx
renjiao_start1|g2-upper|r039|tree,renjiao_start1,2年级上,2,上,39,tree,tree,[triː],[triː],n. 树;木料;树状物 vt. 把...赶上树 vi. 爬上树;逃上树,人教版一年级起点二年级上.xlsx
renjiao_start1|g2-upper|r040|flower,renjiao_start1,2年级上,2,上,40,flower,flower,[ˈflaʊə(r)],[ˈflaʊər],"n. 花;精华;开花植物 vt. 使开花;用花装饰 vi. 成熟,发育;开花;繁荣;旺盛",人教版一年级起点二年级上.xlsx
renjiao_start1|g2-upper|r041|boat,renjiao_start1,2年级上,2,上,41,boat,boat,[bəʊt],[boʊt],n. 小船;轮船 vi. 划船,人教版一年级起点二年级上.xlsx
renjiao_start1|g2-upper|r042|lake,renjiao_start1,2年级上,2,上,42,lake,lake,[leɪk],[leɪk],n. 湖;深红色颜料;胭脂红 vt. (使)血球溶解 vi. (使)血球溶解,人教版一年级起点二年级上.xlsx
renjiao_start1|g2-upper|r043|hill,renjiao_start1,2年级上,2,上,43,hill,hill,[hɪl],[hɪl],n. 小山;丘陵;斜坡;山冈,人教版一年级起点二年级上.xlsx
renjiao_start1|g2-upper|r044|christmas,renjiao_start1,2年级上,2,上,44,Christmas,christmas,[ˈkrɪsməs],[ˈkrɪsməs],n. 圣诞节;圣诞节期间,人教版一年级起点二年级上.xlsx
renjiao_start1|g2-upper|r045|father christmas,renjiao_start1,2年级上,2,上,45,Father Christmas,father christmas,,,na. 圣诞老人,人教版一年级起点二年级上.xlsx
renjiao_start1|g2-upper|r046|christmas tree,renjiao_start1,2年级上,2,上,46,Christmas tree,christmas tree,[ˈkrɪsməs triː],[ˈkrɪsməs triː],n. 【节】圣诞树,人教版一年级起点二年级上.xlsx
renjiao_start1|g2-upper|r047|card,renjiao_start1,2年级上,2,上,47,card,card,[kɑːd],[kɑːrd],n. 卡片;纸牌;明信片 vt. 记于卡片上,人教版一年级起点二年级上.xlsx
renjiao_start1|g2-upper|r048|present,renjiao_start1,2年级上,2,上,48,present,present,[ˈprez(ə)nt],[ˈpreznt],n. 现在;礼物;瞄准 adj. 现在的;出席的 vt. 提出;介绍;呈现;赠送 vi. 举枪瞄准,人教版一年级起点二年级上.xlsx
renjiao_start1|g2-upper|r049|new year,renjiao_start1,2年级上,2,上,49,New Year,new year,,,n. 新年,人教版一年级起点二年级上.xlsx
renjiao_start1|g2-upper|r050|merry,renjiao_start1,2年级上,2,上,50,merry,merry,[ˈmeri],[ˈmeri],adj. 愉快的;微醉的;嬉戏作乐的 n. 甜樱桃,人教版一年级起点二年级上.xlsx
renjiao_start1|g2-upper|r051|too,renjiao_start1,2年级上,2,上,51,too,too,[tuː],[tuː],adv. 太;也;很;还;非常;过度,人教版一年级起点二年级上.xlsx
renjiao_start1|g2-upper|r052|here,renjiao_start1,2年级上,2,上,52,here,here,[hɪə(r)],[hɪr],n. 这里 adv. 在这里;此时 int. 嘿!;喂!,人教版一年级起点二年级上.xlsx
renjiao_start1|g2-upper|r053|for,renjiao_start1,2年级上,2,上,53,for,for,[fə(r)],[fər; fɔːr],"prep. 为,为了;因为;给;对于;至于;适合于 conj. 因为",人教版一年级起点二年级上.xlsx
renjiao_start1|g2-upper|r054|thank,renjiao_start1,2年级上,2,上,54,thank,thank,[θæŋk],[θæŋk],n. 感谢 vt. 感谢 int. 谢谢,人教版一年级起点二年级上.xlsx
renjiao_start1|g2-upper|r055|happy,renjiao_start1,2年级上,2,上,55,happy,happy,[ˈhæpi],[ˈhæpi],adj. 幸福的;高兴的;巧妙的,人教版一年级起点二年级上.xlsx
renjiao_start1|g2-lower|r002|play football,renjiao_start1,2年级下,2,下,2,play football,play football,,,na. 踢足球;对难办的事采取踢皮球的态度,人教版一年级起点二年级下.xlsx
renjiao_start1|g2-lower|r003|fly a kite,renjiao_start1,2年级下,2,下,3,fly a kite,fly a kite,,,na. 放风筝;试探舆论;开空头支票;〈美〉(从狱中)非法寄出信件,人教版一年级起点二年级下.xlsx
renjiao_start1|g2-lower|r004|ride a bike,renjiao_start1,2年级下,2,下,4,ride a bike,ride a bike,,,骑自行车;骑车;骑单车,人教版一年级起点二年级下.xlsx
renjiao_start1|g2-lower|r005|make a model plane,renjiao_start1,2年级下,2,下,5,make a model plane,make a model plane,,,无,人教版一年级起点二年级下.xlsx
renjiao_start1|g2-lower|r006|swim,renjiao_start1,2年级下,2,下,6,swim,swim,[swɪm],[swɪm],n. 游泳;漂浮;眩晕 adj. 游泳时穿戴的 vi. 游泳;漂浮;浸;眩晕 vt. 游过;使浮起,人教版一年级起点二年级下.xlsx
renjiao_start1|g2-lower|r007|make a snowman,renjiao_start1,2年级下,2,下,7,make a snowman,make a snowman,,,堆雪人;做雪人;堆一个雪人,人教版一年级起点二年级下.xlsx
renjiao_start1|g2-lower|r008|can't,renjiao_start1,2年级下,2,下,8,can't,can't,,,abbr. 不能(can not),人教版一年级起点二年级下.xlsx
renjiao_start1|g2-lower|r009|rainy,renjiao_start1,2年级下,2,下,9,rainy,rainy,[ˈreɪni],[ˈreɪni],adj. 下雨的;多雨的,人教版一年级起点二年级下.xlsx
renjiao_start1|g2-lower|r010|cloudy,renjiao_start1,2年级下,2,下,10,cloudy,cloudy,[ˈklaʊdi],[ˈklaʊdi],adj. 多云的;阴天的;愁容满面的,人教版一年级起点二年级下.xlsx
renjiao_start1|g2-lower|r011|snowy,renjiao_start1,2年级下,2,下,11,snowy,snowy,[ˈsnəʊi],[ˈsnoʊi],"adj. 下雪的,多雪的;被雪覆盖的;洁白无瑕的",人教版一年级起点二年级下.xlsx
renjiao_start1|g2-lower|r012|windy,renjiao_start1,2年级下,2,下,12,windy,windy,[ˈwɪndi],[ˈwɪndi],"adj. 多风的,有风的;腹胀的;吹牛的",人教版一年级起点二年级下.xlsx
renjiao_start1|g2-lower|r013|sunny,renjiao_start1,2年级下,2,下,13,sunny,sunny,[ˈsʌni],[ˈsʌni],"adj. 阳光充足的,和煦的;快活的;性情开朗的",人教版一年级起点二年级下.xlsx
renjiao_start1|g2-lower|r014|umbrella,renjiao_start1,2年级下,2,下,14,umbrella,umbrella,[ʌmˈbrelə],[ʌmˈbrelə],n. 雨伞;保护伞;庇护;伞形结构,人教版一年级起点二年级下.xlsx
renjiao_start1|g2-lower|r015|weather,renjiao_start1,2年级下,2,下,15,weather,weather,[ˈweðə(r)],[ˈweðər],n. 天气;气象;气候;处境 vt. 经受住;使风化;侵蚀;使受风吹雨打 adj. 露天的;迎风的 vi. 风化;受侵蚀;经受风雨,人教版一年级起点二年级下.xlsx
renjiao_start1|g2-lower|r016|wow,renjiao_start1,2年级下,2,下,16,wow,wow,[waʊ],[waʊ],"n. 极大的成功;一鸣惊人之举;魔兽世界(World of Warcraft);失真 int. (表示极大的惊奇或钦佩)哇,呀",人教版一年级起点二年级下.xlsx
renjiao_start1|g2-lower|r017|let's,renjiao_start1,2年级下,2,下,17,let's,let's,,,让我们(let us的简写),人教版一年级起点二年级下.xlsx
renjiao_start1|g2-lower|r018|spring,renjiao_start1,2年级下,2,下,18,spring,spring,[sprɪŋ],[sprɪŋ],n. 春天;弹簧;泉水;活力;跳跃 adj. 春天的 vt. 使跳起;使爆炸;突然提出;使弹开 vi. 生长;涌出;跃出;裂开,人教版一年级起点二年级下.xlsx
renjiao_start1|g2-lower|r019|summer,renjiao_start1,2年级下,2,下,19,summer,summer,[ˈsʌmə(r)],[ˈsʌmər],n. 夏季;全盛时期 adj. 夏季的 vi. 避暑;过夏天,人教版一年级起点二年级下.xlsx
renjiao_start1|g2-lower|r020|autumn,renjiao_start1,2年级下,2,下,20,autumn,autumn,[ˈɔːtəm],[ˈɔːtəm; ˈɑːtəm],"n. 秋天;成熟期;渐衰期,凋落期 adj. 秋天的,秋季的",人教版一年级起点二年级下.xlsx
renjiao_start1|g2-lower|r021|winter,renjiao_start1,2年级下,2,下,21,winter,winter,[ˈwɪntə(r)],[ˈwɪntər],n. 冬季;年岁;萧条期 adj. 冬天的;越冬的 vi. 过冬,人教版一年级起点二年级下.xlsx
renjiao_start1|g2-lower|r022|hot,renjiao_start1,2年级下,2,下,22,hot,hot,[hɒt],[hɑːt],adj. 热的;辣的;热情的;激动的;紧迫的 vt. 增加;给...加温 adv. 热;紧迫地 vi. 变热,人教版一年级起点二年级下.xlsx
renjiao_start1|g2-lower|r023|warm,renjiao_start1,2年级下,2,下,23,warm,warm,[wɔːm],[wɔːrm],n. 取暖;加热 adj. 温暖的;热情的 vt. 使...兴奋;使...温暖;使...感兴趣 vi. 同情;激动;变温暖,人教版一年级起点二年级下.xlsx
renjiao_start1|g2-lower|r024|cool,renjiao_start1,2年级下,2,下,24,cool,cool,[kuːl],[kuːl],n. 凉爽;凉爽的空气 adj. 凉爽的;冷静的;出色的 vt. 使...冷却;使...平静下来 vi. 变凉;平息 adv. 冷静地,人教版一年级起点二年级下.xlsx
renjiao_start1|g2-lower|r025|cold,renjiao_start1,2年级下,2,下,25,cold,cold,[kəʊld],[kəʊld],"n. 寒冷;感冒 adj. 寒冷的;冷淡的,不热情的;失去知觉的 adv. 完全地",人教版一年级起点二年级下.xlsx
renjiao_start1|g2-lower|r026|favourite,renjiao_start1,2年级下,2,下,26,favourite,favourite,[ˈfeɪvərɪt],[ˈfeɪvərɪt],n. 特别喜爱的人(或物) adj. 特别受喜爱的,人教版一年级起点二年级下.xlsx
renjiao_start1|g2-lower|r027|season,renjiao_start1,2年级下,2,下,27,season,season,[ˈsiːzn],[ˈsiːzn],n. 时期;季节;赛季 vt. 给...调味;使适应 vi. 变得成熟;变干燥,人教版一年级起点二年级下.xlsx
renjiao_start1|g2-lower|r028|eleven,renjiao_start1,2年级下,2,下,28,eleven,eleven,[ɪˈlev(ə)n],[ɪˈlevn],num. 十一;十一个 n. 十一;十一个 adj. 十一的;十一个的,人教版一年级起点二年级下.xlsx
renjiao_start1|g2-lower|r029|twelve,renjiao_start1,2年级下,2,下,29,twelve,twelve,[twelv],[twelv],num. 十二;十二个 n. 十二;十二个 adj. 十二的;十二个的,人教版一年级起点二年级下.xlsx
renjiao_start1|g2-lower|r030|twenty,renjiao_start1,2年级下,2,下,30,twenty,twenty,[ˈtwenti],[ˈtwenti],num. 二十 n. 二十;二十年代 adj. 二十的,人教版一年级起点二年级下.xlsx
renjiao_start1|g2-lower|r031|thirty,renjiao_start1,2年级下,2,下,31,thirty,thirty,[ˈθɜːti],[ˈθɜːrti],num. 三十 n. 三十年代 adj. 三十个的,人教版一年级起点二年级下.xlsx
renjiao_start1|g2-lower|r032|forty,renjiao_start1,2年级下,2,下,32,forty,forty,[ˈfɔːti],[ˈfɔːrti],n. 四十 adj. 四十的;四十个的,人教版一年级起点二年级下.xlsx
renjiao_start1|g2-lower|r033|fifty,renjiao_start1,2年级下,2,下,33,fifty,fifty,[ˈfɪfti],[ˈfɪfti],n. 五十;五十个;编号为50的东西 adj. 五十的;五十个的;众多的,人教版一年级起点二年级下.xlsx
renjiao_start1|g2-lower|r034|thirteen,renjiao_start1,2年级下,2,下,34,thirteen,thirteen,[ˌθɜːˈtiːn],[ˌθɜːrˈtiːn],n. 十三;十三岁;十三个 num. 十三 adj. 十三的;十三个的,人教版一年级起点二年级下.xlsx
renjiao_start1|g2-lower|r035|fourteen,renjiao_start1,2年级下,2,下,35,fourteen,fourteen,[ˌfɔːˈtiːn],[ˌfɔːrˈtiːn],num. 十四;十四个;第十四 n. 十四的记号;十四岁;十四点钟;十五世纪,人教版一年级起点二年级下.xlsx
renjiao_start1|g2-lower|r036|fifteen,renjiao_start1,2年级下,2,下,36,fifteen,fifteen,[ˌfɪfˈtiːn],[ˌfɪfˈtiːn],n. 十五;十五个;十五人组成的橄榄球队 num. 十五 adj. 十五的,人教版一年级起点二年级下.xlsx
renjiao_start1|g2-lower|r037|time,renjiao_start1,2年级下,2,下,37,time,time,[taɪm],[taɪm],n. 时间;时代;次数;节拍;倍数 adj. 定时的;定期的;分期的 vt. 计时;测定...的时间;安排...的速度,人教版一年级起点二年级下.xlsx
renjiao_start1|g2-lower|r038|playtime,renjiao_start1,2年级下,2,下,38,playtime,playtime,[ˈpleɪtaɪm],[ˈpleɪtaɪm],n. 游戏或娱乐的时间;开幕时刻,人教版一年级起点二年级下.xlsx
renjiao_start1|g2-lower|r039|get up,renjiao_start1,2年级下,2,下,39,get up,get up,[ɡet ʌp],[ɡet ʌp],na. 起床;起身;站起来;叫...起床,人教版一年级起点二年级下.xlsx
renjiao_start1|g2-lower|r040|eat breakfast,renjiao_start1,2年级下,2,下,40,eat breakfast,eat breakfast,[i:t ˈbrekfəst],[iːt ˈbrekfəst],吃早饭;吃早餐;食早餐,人教版一年级起点二年级下.xlsx
renjiao_start1|g2-lower|r041|go to school,renjiao_start1,2年级下,2,下,41,go to school,go to school,,,na. 到校上课;上学去;开始求学,人教版一年级起点二年级下.xlsx
renjiao_start1|g2-lower|r042|eat lunch,renjiao_start1,2年级下,2,下,42,eat lunch,eat lunch,,,吃午饭;吃午餐;吃中午饭,人教版一年级起点二年级下.xlsx
renjiao_start1|g2-lower|r043|go home,renjiao_start1,2年级下,2,下,43,go home,go home,,,na. 回家;〈口〉死;(忠告等)刻骨铭心;击中,人教版一年级起点二年级下.xlsx
renjiao_start1|g2-lower|r044|eat dinner,renjiao_start1,2年级下,2,下,44,eat dinner,eat dinner,,,吃晚饭;吃晚餐;吃饭,人教版一年级起点二年级下.xlsx
renjiao_start1|g2-lower|r045|go to bed,renjiao_start1,2年级下,2,下,45,go to bed,go to bed,,,na. 睡;同床;【印】付印,人教版一年级起点二年级下.xlsx
renjiao_start1|g2-lower|r046|when,renjiao_start1,2年级下,2,下,46,when,when,[wen],[wen],"conj. 考虑到;既然;当...时;在...时;如果 n. 时间,时候;日期;场合 adv. 什么时候,何时;(用于时间的表达方式之后)在那时;其时;当时 pron. 那时;什么时侯",人教版一年级起点二年级下.xlsx
renjiao_start1|g2-lower|r047|every day,renjiao_start1,2年级下,2,下,47,every day,every day,,,na. 每日,人教版一年级起点二年级下.xlsx
renjiao_start1|g2-lower|r048|at,renjiao_start1,2年级下,2,下,48,at,at,[ət],[ət; æt],prep. 在(表示存在或出现的地点、场所、位置、空间);以(某种价格、速度等);向;达;因为;朝;忙于 n. 阿特(老挝货币基本单位att);[化]砹(极不稳定放射性元素) abbr. 密封的(airtight);气温(air temperature),人教版一年级起点二年级下.xlsx
renjiao_start1|g2-lower|r049|sunday,renjiao_start1,2年级下,2,下,49,Sunday,sunday,[ˈsʌndeɪ],[ˈsʌndeɪ],n. 星期日;礼拜日,人教版一年级起点二年级下.xlsx
renjiao_start1|g2-lower|r050|monday,renjiao_start1,2年级下,2,下,50,Monday,monday,[ˈmʌndeɪ],[ˈmʌndeɪ],n. 星期一,人教版一年级起点二年级下.xlsx
renjiao_start1|g2-lower|r051|tuesday,renjiao_start1,2年级下,2,下,51,Tuesday,tuesday,[ˈtjuːzdeɪ],[ˈtuːzdeɪ],n. 星期二,人教版一年级起点二年级下.xlsx
renjiao_start1|g2-lower|r052|wednesday,renjiao_start1,2年级下,2,下,52,Wednesday,wednesday,[ˈwenzdeɪ],[ˈwenzdeɪ],n. 星期三,人教版一年级起点二年级下.xlsx
renjiao_start1|g2-lower|r053|thursday,renjiao_start1,2年级下,2,下,53,Thursday,thursday,[ˈθɜːzdeɪ],[ˈθɜːrzdeɪ],n. 星期四,人教版一年级起点二年级下.xlsx
renjiao_start1|g2-lower|r054|friday,renjiao_start1,2年级下,2,下,54,Friday,friday,[ˈfraɪdeɪ],[ˈfraɪdeɪ],n. 星期五,人教版一年级起点二年级下.xlsx
renjiao_start1|g2-lower|r055|saturday,renjiao_start1,2年级下,2,下,55,Saturday,saturday,[ˈsætədeɪ],[ˈsætərdeɪ],n. 星期六,人教版一年级起点二年级下.xlsx
renjiao_start1|g2-lower|r056|today,renjiao_start1,2年级下,2,下,56,today,today,[təˈdeɪ],[təˈdeɪ],n. 今天;现今 adv. 今天;现今,人教版一年级起点二年级下.xlsx
renjiao_start1|g3-upper|r002|my,renjiao_start1,3年级上,3,上,2,my,my,[maɪ],[maɪ],pron. 我的 int. 哎呀(表示惊奇等);喔唷,人教版一年级起点三年级上.xlsx
renjiao_start1|g3-upper|r003|your,renjiao_start1,3年级上,3,上,3,your,your,[jɔː(r); jə(r)],[jʊr; jər],"pron. 你的,你们的",人教版一年级起点三年级上.xlsx
renjiao_start1|g3-upper|r004|name,renjiao_start1,3年级上,3,上,4,name,name,[neɪm],[neɪm],"n. 名称,名字;姓名;名誉 vt. 命名,任命;指定;称呼;提名;叫出 adj. 姓名的;据以取名的",人教版一年级起点三年级上.xlsx
renjiao_start1|g3-upper|r005|new,renjiao_start1,3年级上,3,上,5,new,new,[njuː],[nuː],"adj. 新的,新鲜的;更新的;初见的 adv. 新近",人教版一年级起点三年级上.xlsx
renjiao_start1|g3-upper|r006|year,renjiao_start1,3年级上,3,上,6,year,year,[jɪə(r)],[jɪr],n. 年;年度;历年;年纪;一年的期间;某年级的学生,人教版一年级起点三年级上.xlsx
renjiao_start1|g3-upper|r007|old,renjiao_start1,3年级上,3,上,7,old,old,[əʊld],[oʊld],"adj. 陈旧的,古老的;年老的 n. 古时",人教版一年级起点三年级上.xlsx
renjiao_start1|g3-upper|r008|how old,renjiao_start1,3年级上,3,上,8,how old,how old,,,conj. 多少岁,人教版一年级起点三年级上.xlsx
renjiao_start1|g3-upper|r009|class,renjiao_start1,3年级上,3,上,9,class,class,[klɑːs],[klæs],"n. 阶级;班级;种类;班;等级 adj. 极好的;很好的,优秀的,出色的 vt. 分类;把...分等级;把...归入某等级,把...看作(或分类、归类);把...编入某一班级 vi. 属于...类(或等级),被列为某类(或某级)",人教版一年级起点三年级上.xlsx
renjiao_start1|g3-upper|r010|grade,renjiao_start1,3年级上,3,上,10,grade,grade,[ɡreɪd],[ɡreɪd],n. 年级;等级;成绩;级别;阶段 vt. 评分;把...分等级 vi. 分等级;逐渐变化,人教版一年级起点三年级上.xlsx
renjiao_start1|g3-upper|r011|age,renjiao_start1,3年级上,3,上,11,age,age,[eɪdʒ],[eɪdʒ],"n. 年龄;时代;寿命,使用年限;阶段 vt. 使成熟;使变老,使上年纪 vi. 成熟;变老",人教版一年级起点三年级上.xlsx
renjiao_start1|g3-upper|r012|dear,renjiao_start1,3年级上,3,上,12,dear,dear,[dɪə(r)],[dɪr],n. 亲爱的人 adj. 亲爱的;尊敬的;昂贵的 adv. 高价地;疼爱地 int. 哎呀,人教版一年级起点三年级上.xlsx
renjiao_start1|g3-upper|r013|body,renjiao_start1,3年级上,3,上,13,body,body,[ˈbɒdi],[ˈbɑːdi],n. 身体;主体;大量;团体;主要部分 vt. 赋以形体,人教版一年级起点三年级上.xlsx
renjiao_start1|g3-upper|r014|head,renjiao_start1,3年级上,3,上,14,head,head,[hed],[hed],n. 头;头痛;上端;最前的部分;理解力 adj. 头的;主要的;在顶端的 vt. 前进;用头顶;作为...的首领;站在...的前头;给...加标题 vi. 出发;成头状物;船驶往,人教版一年级起点三年级上.xlsx
renjiao_start1|g3-upper|r015|hair,renjiao_start1,3年级上,3,上,15,hair,hair,[heə(r)],[her],n. 头发;毛发;些微 adj. 毛发的;护理毛发的;用毛发制成的 vt. 除去...的毛发 vi. 生长毛发;形成毛状纤维,人教版一年级起点三年级上.xlsx
renjiao_start1|g3-upper|r016|arm,renjiao_start1,3年级上,3,上,16,arm,arm,[ɑːm],[ɑːrm],n. 手臂;武器;袖子;装备;部门 vt. 武装;备战 vi. 武装起来,人教版一年级起点三年级上.xlsx
renjiao_start1|g3-upper|r017|hand,renjiao_start1,3年级上,3,上,17,hand,hand,[hænd],[hænd],"n. 手,手艺;帮助;指针;插手 vt. 传递,交给;支持;搀扶",人教版一年级起点三年级上.xlsx
renjiao_start1|g3-upper|r018|leg,renjiao_start1,3年级上,3,上,18,leg,leg,[leɡ],[leɡ],n. 腿;支柱,人教版一年级起点三年级上.xlsx
renjiao_start1|g3-upper|r019|foot,renjiao_start1,3年级上,3,上,19,foot,foot,[fʊt],[fʊt],n. 脚;英尺;步调;末尾 vt. 支付;给......换底 vi. 步行;跳舞;总计,人教版一年级起点三年级上.xlsx
renjiao_start1|g3-upper|r020|feet,renjiao_start1,3年级上,3,上,20,feet,feet,[fiːt],[fiːt],n. 脚(foot的复数形式);尺;韵脚,人教版一年级起点三年级上.xlsx
renjiao_start1|g3-upper|r021|the matter,renjiao_start1,3年级上,3,上,21,the matter,the matter,,,"有问题,有毛病",人教版一年级起点三年级上.xlsx
renjiao_start1|g3-upper|r022|hurt,renjiao_start1,3年级上,3,上,22,hurt,hurt,[hɜːt],[hɜːrt],n. 痛苦;危害;痛苦的原因 vt. 使受伤;损害;使疼痛;使痛心 adj. 受伤的;痛苦的;受损的 vi. 感到疼痛;有坏处;带来痛苦,人教版一年级起点三年级上.xlsx
renjiao_start1|g3-upper|r023|help,renjiao_start1,3年级上,3,上,23,help,help,[help],[help],n. 帮助;补救办法;帮忙者;有益的东西 vt. 帮助;促进;治疗;补救 vi. 帮助;有用;招待,人教版一年级起点三年级上.xlsx
renjiao_start1|g3-upper|r024|bad,renjiao_start1,3年级上,3,上,24,bad,bad,[bæd],[bæd],"n. 坏事;坏人 adj. 坏的;严重的;劣质的 adv. 很,非常;坏地;邪恶地",人教版一年级起点三年级上.xlsx
renjiao_start1|g3-upper|r025|bite,renjiao_start1,3年级上,3,上,25,bite,bite,[baɪt],[baɪt],n. 咬;一口;咬伤;刺痛 abbr. 机内测试设备(Built-In Test Equipment) vt. 咬;刺痛 vi. 咬;刺痛,人教版一年级起点三年级上.xlsx
renjiao_start1|g3-upper|r026|tongue,renjiao_start1,3年级上,3,上,26,tongue,tongue,[tʌŋ],[tʌŋ],n. 舌头;语言 vt. 舔;斥责;用舌吹 vi. 说话;吹管乐器,人教版一年级起点三年级上.xlsx
renjiao_start1|g3-upper|r027|kick,renjiao_start1,3年级上,3,上,27,kick,kick,[kɪk],[kɪk],"vt. 踢;反冲,朝后座 n. 踢;反冲,后座力 vi. 踢;反冲",人教版一年级起点三年级上.xlsx
renjiao_start1|g3-upper|r028|morning,renjiao_start1,3年级上,3,上,28,morning,morning,[ˈmɔːnɪŋ],[ˈmɔːrnɪŋ],n. 早晨;黎明;初期,人教版一年级起点三年级上.xlsx
renjiao_start1|g3-upper|r029|afternoon,renjiao_start1,3年级上,3,上,29,afternoon,afternoon,[ˌɑːftəˈnuːn],[ˌæftərˈnuːn],"n. 午后,下午",人教版一年级起点三年级上.xlsx
renjiao_start1|g3-upper|r030|summary,renjiao_start1,3年级上,3,上,30,summary,summary,[ˈsʌməri],[ˈsʌməri],"n. 概要,摘要,总结 adj. 简易的;扼要的",人教版一年级起点三年级上.xlsx
renjiao_start1|g3-upper|r031|face,renjiao_start1,3年级上,3,上,31,face,face,[feɪs],[feɪs],n. 脸;表面;面子;面容;外观;威信 vi. 向;朝 vt. 面对;面向;承认;抹盖,人教版一年级起点三年级上.xlsx
renjiao_start1|g3-upper|r032|eye,renjiao_start1,3年级上,3,上,32,eye,eye,[aɪ],[aɪ],"n. 眼睛;视力;眼光;见解,观点 vt. 注视,看",人教版一年级起点三年级上.xlsx
renjiao_start1|g3-upper|r033|nose,renjiao_start1,3年级上,3,上,33,nose,nose,[nəʊz],[noʊz],n. 鼻子;嗅觉;突出的部分;探问 vt. 嗅;用鼻子触 vi. 小心探索着前进;探问,人教版一年级起点三年级上.xlsx
renjiao_start1|g3-upper|r034|mouth,renjiao_start1,3年级上,3,上,34,mouth,mouth,[maʊθ],[maʊθ],"n. 口,嘴;河口 vt. 做作地说,装腔作势地说;喃喃地说出 vi. 装腔作势说话",人教版一年级起点三年级上.xlsx
renjiao_start1|g3-upper|r035|ear,renjiao_start1,3年级上,3,上,35,ear,ear,[ɪə(r)],[ɪr],n. 耳朵;穗;听觉;倾听 vi. (美俚)听见;抽穗,人教版一年级起点三年级上.xlsx
renjiao_start1|g3-upper|r036|bread,renjiao_start1,3年级上,3,上,36,bread,bread,[bred],[bred],n. 面包;生计 vt. 在...上洒面包屑,人教版一年级起点三年级上.xlsx
renjiao_start1|g3-upper|r037|cake,renjiao_start1,3年级上,3,上,37,cake,cake,[keɪk],[keɪk],n. 蛋糕;块状物;利益总额 vt. 使结块 vi. 结成块状,人教版一年级起点三年级上.xlsx
renjiao_start1|g3-upper|r038|fruit,renjiao_start1,3年级上,3,上,38,fruit,fruit,[fruːt],[fruːt],n. 水果;产物 vt. 使......结果实 vi. 结果实,人教版一年级起点三年级上.xlsx
renjiao_start1|g3-upper|r039|ice-cream,renjiao_start1,3年级上,3,上,39,ice-cream,ice-cream,[ˈaɪs kriːm],[ˈaɪs kriːm],"a. 冰淇淋的, 乳白色的",人教版一年级起点三年级上.xlsx
renjiao_start1|g3-upper|r040|potato,renjiao_start1,3年级上,3,上,40,potato,potato,[pəˈteɪtəʊ],[pəˈteɪtoʊ],"n. [作物] 土豆,[作物] 马铃薯",人教版一年级起点三年级上.xlsx
renjiao_start1|g3-upper|r041|tomato,renjiao_start1,3年级上,3,上,41,tomato,tomato,[təˈmɑːtəʊ],[təˈmeɪtoʊ],"n. 番茄,西红柿",人教版一年级起点三年级上.xlsx
renjiao_start1|g3-upper|r042|meat,renjiao_start1,3年级上,3,上,42,meat,meat,[miːt],[miːt],"n. 肉,肉类(食用)",人教版一年级起点三年级上.xlsx
renjiao_start1|g3-upper|r043|for,renjiao_start1,3年级上,3,上,43,for,for,[fə(r)],[fər; fɔːr],"prep. 为,为了;因为;给;对于;至于;适合于 conj. 因为",人教版一年级起点三年级上.xlsx
renjiao_start1|g3-upper|r044|shopping list,renjiao_start1,3年级上,3,上,44,shopping list,shopping list,,,n. 购物单;采购单,人教版一年级起点三年级上.xlsx
renjiao_start1|g3-upper|r045|cola,renjiao_start1,3年级上,3,上,45,cola,cola,[ˈkəʊlə],[ˈkoʊlə],n. 可乐;可乐树(其子含咖啡碱),人教版一年级起点三年级上.xlsx
renjiao_start1|g3-upper|r046|buy,renjiao_start1,3年级上,3,上,46,buy,buy,[baɪ],[baɪ],"n. 购买,买卖;所购的物品 vi. 买,采购 vt. 购买;获得;贿赂",人教版一年级起点三年级上.xlsx
renjiao_start1|g3-upper|r047|rice,renjiao_start1,3年级上,3,上,47,rice,rice,[raɪs],[raɪs],n. 稻;米饭 vt. 把...捣成米糊状,人教版一年级起点三年级上.xlsx
renjiao_start1|g3-upper|r048|noodles,renjiao_start1,3年级上,3,上,48,noodles,noodles,[ˈnuːd(ə)lz],[ˈnuːd(ə)lz],"n. 面条,挂面(noodle的复数形式)",人教版一年级起点三年级上.xlsx
renjiao_start1|g3-upper|r049|vegetables,renjiao_start1,3年级上,3,上,49,vegetables,vegetables,[ˈvedʒtəb(ə)lz],[ˈvedʒtəb(ə)lz],n. [园艺] 蔬菜(vegetable的复数形式);菜类,人教版一年级起点三年级上.xlsx
renjiao_start1|g3-upper|r050|fish,renjiao_start1,3年级上,3,上,50,fish,fish,[fɪʃ],[fɪʃ],"n. 鱼,鱼类 vt. 钓鱼,捕鱼;搜寻 vi. 捕鱼,钓鱼;用钩捞取",人教版一年级起点三年级上.xlsx
renjiao_start1|g3-upper|r051|chicken,renjiao_start1,3年级上,3,上,51,chicken,chicken,[ˈtʃɪkɪn],[ˈtʃɪkɪn],"n. 鸡肉;小鸡;胆小鬼,懦夫 adj. 鸡肉的;胆怯的;幼小的",人教版一年级起点三年级上.xlsx
renjiao_start1|g3-upper|r052|egg,renjiao_start1,3年级上,3,上,52,egg,egg,[eɡ],[eɡ],n. 蛋;卵子;家伙;鸡蛋 vt. 煽动;怂恿,人教版一年级起点三年级上.xlsx
renjiao_start1|g3-upper|r053|duck,renjiao_start1,3年级上,3,上,53,duck,duck,[dʌk],[dʌk],n. 鸭子;鸭肉;(英)宝贝儿;零分 vt. 躲避;猛按...入水 vi. 闪避;没入水中,人教版一年级起点三年级上.xlsx
renjiao_start1|g3-upper|r054|chicken,renjiao_start1,3年级上,3,上,54,chicken,chicken,[ˈtʃɪkɪn],[ˈtʃɪkɪn],"n. 鸡肉;小鸡;胆小鬼,懦夫 adj. 鸡肉的;胆怯的;幼小的",人教版一年级起点三年级上.xlsx
renjiao_start1|g3-upper|r055|rabbit,renjiao_start1,3年级上,3,上,55,rabbit,rabbit,[ˈræbɪt],[ˈræbɪt],"n. 兔子,野兔 vt. 让...见鬼去吧 vi. 猎兔",人教版一年级起点三年级上.xlsx
renjiao_start1|g3-upper|r056|pet,renjiao_start1,3年级上,3,上,56,pet,pet,[pet],[pet],n. 宠物;生气;受宠爱的人 adj. 宠爱的 vt. 宠爱 vi. 生气;爱抚,人教版一年级起点三年级上.xlsx
renjiao_start1|g3-upper|r057|snake,renjiao_start1,3年级上,3,上,57,snake,snake,[sneɪk],[sneɪk],n. 蛇;阴险的人 vt. 拉(木材等);迂回前进 vi. 迂回前进,人教版一年级起点三年级上.xlsx
renjiao_start1|g3-upper|r058|turtle,renjiao_start1,3年级上,3,上,58,turtle,turtle,[ˈtɜːt(ə)l],[ˈtɜːrtl],"n. 龟,甲鱼;海龟",人教版一年级起点三年级上.xlsx
renjiao_start1|g3-upper|r059|small,renjiao_start1,3年级上,3,上,59,small,small,[smɔːl],[smɔːl],"n. 小件物品;矮小的人 adj. 少的,小的;微弱的;几乎没有的;不重要的;幼小的 adv. 小小地;卑鄙地",人教版一年级起点三年级上.xlsx
renjiao_start1|g3-upper|r060|long,renjiao_start1,3年级上,3,上,60,long,long,[lɒŋ],[lɔːŋ],"n. 长时间;[语] 长音节;(服装的)长尺寸;长裤 adj. 长的;过长的;做多头的;长时间的;冗长的,长音 vi. 渴望;热望 adv. 长期地;始终",人教版一年级起点三年级上.xlsx
renjiao_start1|g3-upper|r061|look for,renjiao_start1,3年级上,3,上,61,look for,look for,[ˈlʊk fɔː(r)],[ˈlʊk fɔːr],v. 寻找;探索;渴望;盼望,人教版一年级起点三年级上.xlsx
renjiao_start1|g3-upper|r062|tail,renjiao_start1,3年级上,3,上,62,tail,tail,[teɪl],[teɪl],n. 尾巴;踪迹;辫子;燕尾服 adj. 从后面而来的;尾部的 vt. 尾随;装上尾巴 vi. 跟踪;变少或缩小,人教版一年级起点三年级上.xlsx
renjiao_start1|g3-upper|r063|dance,renjiao_start1,3年级上,3,上,63,dance,dance,[dɑːns],[dæns],n. 舞蹈;舞会;舞曲 adj. 舞蹈的;用于跳舞的 vt. 跳舞;使跳跃 vi. 跳舞;跳跃;飘扬,人教版一年级起点三年级上.xlsx
renjiao_start1|g3-upper|r064|cat,renjiao_start1,3年级上,3,上,64,cat,cat,[kæt],[kæt],"n. 猫,猫科动物",人教版一年级起点三年级上.xlsx
renjiao_start1|g3-upper|r065|dog,renjiao_start1,3年级上,3,上,65,dog,dog,[dɒɡ],[dɔːɡ],n. 狗;丑女人;卑鄙的人;(俚)朋友 vt. 跟踪;尾随,人教版一年级起点三年级上.xlsx
renjiao_start1|g3-upper|r066|bird,renjiao_start1,3年级上,3,上,66,bird,bird,[bɜːd],[bɜːrd],n. 鸟;家伙;羽毛球 vt. 向...喝倒彩;起哄 vi. 猎鸟;观察研究野鸟,人教版一年级起点三年级上.xlsx
renjiao_start1|g3-upper|r067|fish,renjiao_start1,3年级上,3,上,67,fish,fish,[fɪʃ],[fɪʃ],"n. 鱼,鱼类 vt. 钓鱼,捕鱼;搜寻 vi. 捕鱼,钓鱼;用钩捞取",人教版一年级起点三年级上.xlsx
renjiao_start1|g3-upper|r068|monkey,renjiao_start1,3年级上,3,上,68,monkey,monkey,[ˈmʌŋki],[ˈmʌŋki],n. 猴子;顽童 vi. 胡闹;捣蛋 vt. 嘲弄,人教版一年级起点三年级上.xlsx
renjiao_start1|g3-upper|r069|tiger,renjiao_start1,3年级上,3,上,69,tiger,tiger,[ˈtaɪɡə(r)],[ˈtaɪɡər],n. 老虎;凶暴的人,人教版一年级起点三年级上.xlsx
renjiao_start1|g3-upper|r070|big,renjiao_start1,3年级上,3,上,70,big,big,[bɪɡ],[bɪɡ],adj. 大的;重要的;量大的 adv. 大量地;顺利;夸大地,人教版一年级起点三年级上.xlsx
renjiao_start1|g3-upper|r071|short,renjiao_start1,3年级上,3,上,71,short,short,[ʃɔːt],[ʃɔːrt],"n. 短;缺乏;短路;短裤 adj. 短的;不足的;矮的,低的 adv. 不足;突然;唐突地",人教版一年级起点三年级上.xlsx
renjiao_start1|g3-upper|r072|cap,renjiao_start1,3年级上,3,上,72,cap,cap,[kæp],[kæp],n. 盖;帽子 vt. 覆盖;胜过;给...戴帽;加盖于 vi. 脱帽致意,人教版一年级起点三年级上.xlsx
renjiao_start1|g3-upper|r073|coat,renjiao_start1,3年级上,3,上,73,coat,coat,[kəʊt],[koʊt],n. 外套 vt. 覆盖...的表面,人教版一年级起点三年级上.xlsx
renjiao_start1|g3-upper|r074|shoes,renjiao_start1,3年级上,3,上,74,shoes,shoes,['ʃu:z],[ʃuːz],n. 鞋子(shoe的复数) v. 穿鞋(shoe的第三人称单数),人教版一年级起点三年级上.xlsx
renjiao_start1|g3-upper|r075|sweater,renjiao_start1,3年级上,3,上,75,sweater,sweater,[ˈswetə(r)],[ˈswetər],"n. 毛线衣,运动衫;大量出汗的人,发汗剂",人教版一年级起点三年级上.xlsx
renjiao_start1|g3-upper|r076|jacket,renjiao_start1,3年级上,3,上,76,jacket,jacket,[ˈdʒækɪt],[ˈdʒækɪt],"n. 羽绒滑雪衫;西装短外套;短上衣,夹克;土豆皮;书籍的护封;文件套,公文夹 vt. 给...穿夹克;给...装护套;给...包上护封;〈口〉打",人教版一年级起点三年级上.xlsx
renjiao_start1|g3-upper|r077|gloves,renjiao_start1,3年级上,3,上,77,gloves,gloves,[ɡlʌvz],[ɡlʌvz],n. [服装] 手套(glove的复数) v. 给...戴手套(glove的三单形式),人教版一年级起点三年级上.xlsx
renjiao_start1|g3-upper|r078|trousers,renjiao_start1,3年级上,3,上,78,trousers,trousers,[ˈtraʊzəz],[ˈtraʊzərz],"n. 裤子,长裤",人教版一年级起点三年级上.xlsx
renjiao_start1|g3-upper|r079|should,renjiao_start1,3年级上,3,上,79,should,should,[ʃəd; ʃʊd],[ʃəd; ʃʊd],aux. 应该;就;可能;将要,人教版一年级起点三年级上.xlsx
renjiao_start1|g3-upper|r080|wear,renjiao_start1,3年级上,3,上,80,wear,wear,[weə(r)],[wer],n. 衣物;磨损;耐久性 v. 穿着;用旧;耗损;面露,人教版一年级起点三年级上.xlsx
renjiao_start1|g3-upper|r081|week,renjiao_start1,3年级上,3,上,81,week,week,[wiːk],[wiːk],"n. 周,星期",人教版一年级起点三年级上.xlsx
renjiao_start1|g3-upper|r082|soon,renjiao_start1,3年级上,3,上,82,soon,soon,[suːn],[suːn],"adv. 快;不久,一会儿;立刻;宁愿",人教版一年级起点三年级上.xlsx
renjiao_start1|g3-upper|r083|look forward to,renjiao_start1,3年级上,3,上,83,look forward to,look forward to,,,na. 盼望,人教版一年级起点三年级上.xlsx
renjiao_start1|g3-upper|r084|t-shirt,renjiao_start1,3年级上,3,上,84,T-shirt,t-shirt,[ˈtiː ʃɜːt],[ˈtiː ʃɜːrt],n. 短袖圆领汗衫,人教版一年级起点三年级上.xlsx
renjiao_start1|g3-upper|r085|shorts,renjiao_start1,3年级上,3,上,85,shorts,shorts,[ʃɔːts],[ʃɔːrts],n. 短裤,人教版一年级起点三年级上.xlsx
renjiao_start1|g3-upper|r086|socks,renjiao_start1,3年级上,3,上,86,socks,socks,[sɒks],[sɑːks],n. 袜子(sock的复数),人教版一年级起点三年级上.xlsx
renjiao_start1|g3-upper|r087|skirt,renjiao_start1,3年级上,3,上,87,skirt,skirt,[skɜːt],[skɜːrt],"n. 裙子 vt. 绕过,回避;位于...边缘 vi. 沿边走,绕开;环绕",人教版一年级起点三年级上.xlsx
renjiao_start1|g3-upper|r088|dress,renjiao_start1,3年级上,3,上,88,dress,dress,[dres],[dres],n. 连衣裙;女装 vt. 给...穿衣 vi. 穿衣,人教版一年级起点三年级上.xlsx
renjiao_start1|g3-upper|r089|shirt,renjiao_start1,3年级上,3,上,89,shirt,shirt,[ʃɜːt],[ʃɜːrt],"n. 衬衫;汗衫,内衣",人教版一年级起点三年级上.xlsx
renjiao_start1|g3-upper|r090|january,renjiao_start1,3年级上,3,上,90,January,january,[ˈdʒænjuəri],[ˈdʒænjueri],n. 一月,人教版一年级起点三年级上.xlsx
renjiao_start1|g3-upper|r091|february,renjiao_start1,3年级上,3,上,91,February,february,[ˈfebruəri],[ˈfebrueri],n. 二月,人教版一年级起点三年级上.xlsx
renjiao_start1|g3-upper|r092|march,renjiao_start1,3年级上,3,上,92,March,march,[mɑːtʃ],[mɑːrtʃ],n. 三月,人教版一年级起点三年级上.xlsx
renjiao_start1|g3-upper|r093|april,renjiao_start1,3年级上,3,上,93,April,april,[ˈeɪprəl],[ˈeɪprəl],n. 四月,人教版一年级起点三年级上.xlsx
renjiao_start1|g3-upper|r094|may,renjiao_start1,3年级上,3,上,94,May,may,[meɪ],[meɪ],"aux. 可以,能够;可能,也许;祝,愿;会,能",人教版一年级起点三年级上.xlsx
renjiao_start1|g3-upper|r095|june,renjiao_start1,3年级上,3,上,95,June,june,[dʒuːn],[dʒuːn],"n. 六月;琼(人名,来源于拉丁语,含义是“年轻气盛的六月”)",人教版一年级起点三年级上.xlsx
renjiao_start1|g3-upper|r096|july,renjiao_start1,3年级上,3,上,96,July,july,[dʒʊˈlaɪ],[dʒʊˈlaɪ],n. 七月,人教版一年级起点三年级上.xlsx
renjiao_start1|g3-upper|r097|august,renjiao_start1,3年级上,3,上,97,August,august,[ˈɔːɡəst],[ˈɔːɡəst],n. 八月(简写为Aug) adj. 威严的;令人敬畏的,人教版一年级起点三年级上.xlsx
renjiao_start1|g3-upper|r098|september,renjiao_start1,3年级上,3,上,98,September,september,[sepˈtembə(r)],[sepˈtembər],n. 九月,人教版一年级起点三年级上.xlsx
renjiao_start1|g3-upper|r099|october,renjiao_start1,3年级上,3,上,99,October,october,[ɒkˈtəʊbə(r)],[ɑːkˈtoʊbər],n. [天] 十月,人教版一年级起点三年级上.xlsx
renjiao_start1|g3-upper|r100|november,renjiao_start1,3年级上,3,上,100,November,november,[nəʊˈvembə(r)],[noʊˈvembər],n. 十一月,人教版一年级起点三年级上.xlsx
renjiao_start1|g3-upper|r101|december,renjiao_start1,3年级上,3,上,101,December,december,[dɪˈsembə(r)],[dɪˈsembər],n. 十二月,人教版一年级起点三年级上.xlsx
renjiao_start1|g3-upper|r102|birthday,renjiao_start1,3年级上,3,上,102,birthday,birthday,[ˈbɜːθdeɪ],[ˈbɜːrθdeɪ],"n. 生日,诞辰;诞生的日子",人教版一年级起点三年级上.xlsx
renjiao_start1|g3-upper|r103|first,renjiao_start1,3年级上,3,上,103,first,first,[fɜːst],[fɜːrst],num. 第一 n. 第一;开始;冠军 adj. 第一的;基本的;最早的 adv. 第一;首先;优先;宁愿,人教版一年级起点三年级上.xlsx
renjiao_start1|g3-upper|r104|party,renjiao_start1,3年级上,3,上,104,party,party,[ˈpɑːti],[ˈpɑːrti],"n. 政党,党派;聚会,派对;当事人 [复数 parties] vi. 参加社交聚会 [ 过去式 partied 过去分词 partied 现在分词 partying ]",人教版一年级起点三年级上.xlsx
renjiao_start1|g3-upper|r105|delicious,renjiao_start1,3年级上,3,上,105,delicious,delicious,[dɪˈlɪʃəs],[dɪˈlɪʃəs],adj. 美味的;可口的,人教版一年级起点三年级上.xlsx
renjiao_start1|g3-lower|r002|chinese,renjiao_start1,3年级下,3,下,2,Chinese,chinese,[ˌtʃaɪˈniːz],[ˌtʃaɪˈniːz],"n. 中文,汉语;中国人 adj. 中国的,中国人的;中国话的",人教版一年级起点三年级下.xlsx
renjiao_start1|g3-lower|r003|english,renjiao_start1,3年级下,3,下,3,English,english,[ˈɪŋɡlɪʃ],[ˈɪŋɡlɪʃ],n. 英语;英国人;英文;英格兰人 adj. 英国人的;英国的;英文的 vt. 把...译成英语,人教版一年级起点三年级下.xlsx
renjiao_start1|g3-lower|r004|science,renjiao_start1,3年级下,3,下,4,science,science,[ˈsaɪəns],[ˈsaɪəns],n. 科学;技术;学科;理科,人教版一年级起点三年级下.xlsx
renjiao_start1|g3-lower|r005|pe,renjiao_start1,3年级下,3,下,5,PE,pe,[peɪ],[peɪ],"abbr. 体育课,体能训练(physical education)",人教版一年级起点三年级下.xlsx
renjiao_start1|g3-lower|r006|music,renjiao_start1,3年级下,3,下,6,music,music,[ˈmjuːzɪk],[ˈmjuːzɪk],"n. 音乐,乐曲",人教版一年级起点三年级下.xlsx
renjiao_start1|g3-lower|r007|maths,renjiao_start1,3年级下,3,下,7,maths,maths,[mæθs],[mæθs],n. 数学(等于mathematics),人教版一年级起点三年级下.xlsx
renjiao_start1|g3-lower|r008|art,renjiao_start1,3年级下,3,下,8,art,art,[ɑːt],[ɑːrt],n. 艺术;美术;艺术品 v. 是(be的变体) adj. 艺术的;艺术品的,人教版一年级起点三年级下.xlsx
renjiao_start1|g3-lower|r009|computer class,renjiao_start1,3年级下,3,下,9,computer class,computer class,,,计算机课;电脑班;电脑课,人教版一年级起点三年级下.xlsx
renjiao_start1|g3-lower|r010|we,renjiao_start1,3年级下,3,下,10,we,we,[wi; wiː],[wi],"pron. 我们(主格);笔者,本人(作者或演讲人使用);朕,寡人",人教版一年级起点三年级下.xlsx
renjiao_start1|g3-lower|r011|that,renjiao_start1,3年级下,3,下,11,that,that,[ðæt],[ðæt],conj. 因为;以至于 adj. 那;那个 pron. 那;那个 adv. 那么;那样,人教版一年级起点三年级下.xlsx
renjiao_start1|g3-lower|r012|classroom,renjiao_start1,3年级下,3,下,12,classroom,classroom,[ˈklɑːsruːm],[ˈklæsruːm; ˈklæsrʊm],n. 教室,人教版一年级起点三年级下.xlsx
renjiao_start1|g3-lower|r013|library,renjiao_start1,3年级下,3,下,13,library,library,[ˈlaɪbrəri; ˈlaɪbri],[ˈlaɪbreri],"n. 图书馆,藏书室;文库",人教版一年级起点三年级下.xlsx
renjiao_start1|g3-lower|r014|toilet,renjiao_start1,3年级下,3,下,14,toilet,toilet,[ˈtɔɪlət],[ˈtɔɪlət],"n. 厕所,盥洗室;梳妆,打扮 vt. 给...梳妆打扮 vi. 梳妆,打扮",人教版一年级起点三年级下.xlsx
renjiao_start1|g3-lower|r015|playground,renjiao_start1,3年级下,3,下,15,playground,playground,[ˈpleɪɡraʊnd],[ˈpleɪɡraʊnd],"n. 运动场,操场;游乐场",人教版一年级起点三年级下.xlsx
renjiao_start1|g3-lower|r016|first,renjiao_start1,3年级下,3,下,16,first,first,[fɜːst],[fɜːrst],num. 第一 n. 第一;开始;冠军 adj. 第一的;基本的;最早的 adv. 第一;首先;优先;宁愿,人教版一年级起点三年级下.xlsx
renjiao_start1|g3-lower|r017|second,renjiao_start1,3年级下,3,下,17,second,second,[ˈsekənd],[ˈsekənd; sɪˈkɑːnd],num. 第二 n. 秒;第二名;瞬间;二等品 adj. 第二的;次要的;附加的 vt. 支持 adv. 第二;其次;居第二位,人教版一年级起点三年级下.xlsx
renjiao_start1|g3-lower|r018|third,renjiao_start1,3年级下,3,下,18,third,third,[θɜːd],[θɜːrd],num. 第三;三分之一 adj. 第三的;三分之一的,人教版一年级起点三年级下.xlsx
renjiao_start1|g3-lower|r019|floor,renjiao_start1,3年级下,3,下,19,floor,floor,[flɔː(r)],[flɔːr],"n. 地板,地面;楼层;基底;议员席 vt. 铺地板;打倒,击倒;(被困难)难倒",人教版一年级起点三年级下.xlsx
renjiao_start1|g3-lower|r020|room,renjiao_start1,3年级下,3,下,20,room,room,[ruːm],[ruːm; rʊm],"n. 房间;空间;余地;机会;房间里所有的人 vt. 为...提供住处;租房,合住;投宿,住宿;留...住宿 vi. 居住;住宿",人教版一年级起点三年级下.xlsx
renjiao_start1|g3-lower|r021|our,renjiao_start1,3年级下,3,下,21,our,our,[ɑː(r)],[ɑːr],pron. 我们的,人教版一年级起点三年级下.xlsx
renjiao_start1|g3-lower|r022|they,renjiao_start1,3年级下,3,下,22,they,they,[ðeɪ],[ðeɪ],pron. 他们;它们;她们,人教版一年级起点三年级下.xlsx
renjiao_start1|g3-lower|r023|chair,renjiao_start1,3年级下,3,下,23,chair,chair,[tʃeə(r)],[tʃer],n. 椅子;讲座;(会议的)主席位;大学教授的职位 vt. 担任(会议的)主席;使...入座;使就任要职,人教版一年级起点三年级下.xlsx
renjiao_start1|g3-lower|r024|desk,renjiao_start1,3年级下,3,下,24,desk,desk,[desk],[desk],n. 办公桌;服务台;编辑部;(美)讲道台;乐谱架 adj. 书桌的;桌上用的;伏案做的,人教版一年级起点三年级下.xlsx
renjiao_start1|g3-lower|r025|blackboard,renjiao_start1,3年级下,3,下,25,blackboard,blackboard,[ˈblækbɔːd],[ˈblækbɔːrd],n. 黑板,人教版一年级起点三年级下.xlsx
renjiao_start1|g3-lower|r026|after school,renjiao_start1,3年级下,3,下,26,after school,after school,,,na. 放学后,人教版一年级起点三年级下.xlsx
renjiao_start1|g3-lower|r027|play sports,renjiao_start1,3年级下,3,下,27,play sports,play sports,,,做运动;进行体育运动;进行体育活动,人教版一年级起点三年级下.xlsx
renjiao_start1|g3-lower|r028|draw pictures,renjiao_start1,3年级下,3,下,28,draw pictures,draw pictures,,,画画;画图画;画儿,人教版一年级起点三年级下.xlsx
renjiao_start1|g3-lower|r029|play chess,renjiao_start1,3年级下,3,下,29,play chess,play chess,[pleɪ tʃes],[pleɪ tʃes],na. 下象棋,人教版一年级起点三年级下.xlsx
renjiao_start1|g3-lower|r030|dance,renjiao_start1,3年级下,3,下,30,dance,dance,[dɑːns],[dæns],n. 舞蹈;舞会;舞曲 adj. 舞蹈的;用于跳舞的 vt. 跳舞;使跳跃 vi. 跳舞;跳跃;飘扬,人教版一年级起点三年级下.xlsx
renjiao_start1|g3-lower|r031|sing songs,renjiao_start1,3年级下,3,下,31,sing songs,sing songs,,,n. 歌咏,人教版一年级起点三年级下.xlsx
renjiao_start1|g3-lower|r032|read books,renjiao_start1,3年级下,3,下,32,read books,read books,,,读书;看书;阅读,人教版一年级起点三年级下.xlsx
renjiao_start1|g3-lower|r033|really,renjiao_start1,3年级下,3,下,33,really,really,[ˈriːəli],[ˈriːəli],"adv. 实际上,事实上;真正地,真实地;真的吗?(表语气)",人教版一年级起点三年级下.xlsx
renjiao_start1|g3-lower|r034|tomorrow,renjiao_start1,3年级下,3,下,34,tomorrow,tomorrow,[təˈmɒrəʊ],[təˈmɑːroʊ],n. 明天;未来 adv. 明天;未来地(等于to-morrow),人教版一年级起点三年级下.xlsx
renjiao_start1|g3-lower|r035|wake up,renjiao_start1,3年级下,3,下,35,wake up,wake up,[ˈweɪk ˌʌp],[ˈweɪk ˌʌp],na. 同“wake”;叫醒;醒来;振作起来,人教版一年级起点三年级下.xlsx
renjiao_start1|g3-lower|r036|be back,renjiao_start1,3年级下,3,下,36,be back,be back,,,na. 回家;回来,人教版一年级起点三年级下.xlsx
renjiao_start1|g3-lower|r037|play football,renjiao_start1,3年级下,3,下,37,play football,play football,,,na. 踢足球;对难办的事采取踢皮球的态度,人教版一年级起点三年级下.xlsx
renjiao_start1|g3-lower|r038|fly a kite,renjiao_start1,3年级下,3,下,38,fly a kite,fly a kite,,,na. 放风筝;试探舆论;开空头支票;〈美〉(从狱中)非法寄出信件,人教版一年级起点三年级下.xlsx
renjiao_start1|g3-lower|r039|ride a bike,renjiao_start1,3年级下,3,下,39,ride a bike,ride a bike,,,骑自行车;骑车;骑单车,人教版一年级起点三年级下.xlsx
renjiao_start1|g3-lower|r040|swim,renjiao_start1,3年级下,3,下,40,swim,swim,[swɪm],[swɪm],n. 游泳;漂浮;眩晕 adj. 游泳时穿戴的 vi. 游泳;漂浮;浸;眩晕 vt. 游过;使浮起,人教版一年级起点三年级下.xlsx
renjiao_start1|g3-lower|r041|make a model plane,renjiao_start1,3年级下,3,下,41,make a model plane,make a model plane,,,无,人教版一年级起点三年级下.xlsx
renjiao_start1|g3-lower|r042|make a snowman,renjiao_start1,3年级下,3,下,42,make a snowman,make a snowman,,,堆雪人;做雪人;堆一个雪人,人教版一年级起点三年级下.xlsx
renjiao_start1|g3-lower|r043|family,renjiao_start1,3年级下,3,下,43,family,family,[ˈfæməli],[ˈfæməli],n. 家庭;亲属;家族;子女;[生]科;语族;[化]族 adj. 家庭的;家族的;适合于全家的,人教版一年级起点三年级下.xlsx
renjiao_start1|g3-lower|r044|uncle,renjiao_start1,3年级下,3,下,44,uncle,uncle,[ˈʌŋk(ə)l],[ˈʌŋkl],n. 叔叔;伯父;伯伯;舅父;姨丈;姑父,人教版一年级起点三年级下.xlsx
renjiao_start1|g3-lower|r045|aunt,renjiao_start1,3年级下,3,下,45,aunt,aunt,[ɑːnt],[ænt],n. 阿姨;姑妈;伯母;舅妈,人教版一年级起点三年级下.xlsx
renjiao_start1|g3-lower|r046|cousin,renjiao_start1,3年级下,3,下,46,cousin,cousin,[ˈkʌzn],[ˈkʌzn],n. 堂兄弟姊妹;表兄弟姊妹,人教版一年级起点三年级下.xlsx
renjiao_start1|g3-lower|r047|handsome,renjiao_start1,3年级下,3,下,47,handsome,handsome,[ˈhænsəm],[ˈhænsəm],"adj. (男子)英俊的;可观的;大方的,慷慨的;健美而端庄的",人教版一年级起点三年级下.xlsx
renjiao_start1|g3-lower|r048|beautiful,renjiao_start1,3年级下,3,下,48,beautiful,beautiful,[ˈbjuːtɪf(ə)l],[ˈbjuːtɪf(ə)l],adj. 美丽的 出色地 出色的 迷人的 迷人地,人教版一年级起点三年级下.xlsx
renjiao_start1|g3-lower|r049|lost,renjiao_start1,3年级下,3,下,49,lost,lost,[lɒst],[lɔːst],adj. 失去的;丧失的;迷惑的 v. 遗失(lose的过去分词);失败,人教版一年级起点三年级下.xlsx
renjiao_start1|g3-lower|r050|water bottle,renjiao_start1,3年级下,3,下,50,water bottle,water bottle,,,un. 水壶;采水瓶;采水器;采水样器,人教版一年级起点三年级下.xlsx
renjiao_start1|g3-lower|r051|know,renjiao_start1,3年级下,3,下,51,know,know,[nəʊ],[noʊ],vt. 知道;认识;懂得 vi. 了解;熟悉;确信,人教版一年级起点三年级下.xlsx
renjiao_start1|g3-lower|r052|ok,renjiao_start1,3年级下,3,下,52,ok,ok,[əʊˈkeɪ],[oʊˈkeɪ],adj. 好的;不错的 adv. 行;很好 int. 好;可以 vt. 对...表示同意 n. 同意,人教版一年级起点三年级下.xlsx
renjiao_start1|g3-lower|r053|much,renjiao_start1,3年级下,3,下,53,much,much,[mʌtʃ],[mʌtʃ],"adv. 非常,很 adj. 大量的 n. 许多,大量 pron. 许多,大量",人教版一年级起点三年级下.xlsx
renjiao_start1|g3-lower|r054|welcome,renjiao_start1,3年级下,3,下,54,welcome,welcome,[ˈwelkəm],[ˈwelkəm],n. 欢迎 vt. 欢迎 adj. 受欢迎的 int. 欢迎,人教版一年级起点三年级下.xlsx
renjiao_start1|g3-lower|r055|grandfather,renjiao_start1,3年级下,3,下,55,grandfather,grandfather,[ˈɡrænfɑːðə(r)],[ˈɡrænfɑːðər],n. 祖父;始祖 vt. 不受新规定限制,人教版一年级起点三年级下.xlsx
renjiao_start1|g3-lower|r056|grandmother,renjiao_start1,3年级下,3,下,56,grandmother,grandmother,[ˈɡrænmʌðə(r)],[ˈɡrænmʌðər],n. 祖母;女祖先 vt. 当...的祖母 vi. 当祖母,人教版一年级起点三年级下.xlsx
renjiao_start1|g3-lower|r057|father,renjiao_start1,3年级下,3,下,57,father,father,[ˈfɑːðə(r)],[ˈfɑːðər],"n. 父亲,爸爸;神父;祖先;前辈 vt. 发明,创立;当...的父亲",人教版一年级起点三年级下.xlsx
renjiao_start1|g3-lower|r058|mother,renjiao_start1,3年级下,3,下,58,mother,mother,[ˈmʌðə(r)],[ˈmʌðər],n. 母亲;大娘;女修道院院长 vt. 生下;养育;像母亲般关怀或照管 adj. 母亲的;出生地的,人教版一年级起点三年级下.xlsx
renjiao_start1|g3-lower|r059|brother,renjiao_start1,3年级下,3,下,59,brother,brother,[ˈbrʌðə(r)],[ˈbrʌðər],n. 兄弟;同事;战友 int. 我的老兄!,人教版一年级起点三年级下.xlsx
renjiao_start1|g3-lower|r060|sister,renjiao_start1,3年级下,3,下,60,sister,sister,[ˈsɪstə(r)],[ˈsɪstər],n. 姐妹;(称志同道合者)姐妹;修女;护士 adj. 姐妹般的;同类型的,人教版一年级起点三年级下.xlsx
renjiao_start1|g3-lower|r061|cooking dinner,renjiao_start1,3年级下,3,下,61,cooking dinner,cooking dinner,,,做饭;做晚餐;正在做饭,人教版一年级起点三年级下.xlsx
renjiao_start1|g3-lower|r062|walking the dog,renjiao_start1,3年级下,3,下,62,walking the dog,walking the dog,,,无,人教版一年级起点三年级下.xlsx
renjiao_start1|g3-lower|r063|watering the plants,renjiao_start1,3年级下,3,下,63,watering the plants,watering the plants,,,无,人教版一年级起点三年级下.xlsx
renjiao_start1|g3-lower|r064|cleaning the room,renjiao_start1,3年级下,3,下,64,cleaning the room,cleaning the room,,,无,人教版一年级起点三年级下.xlsx
renjiao_start1|g3-lower|r065|listening to music,renjiao_start1,3年级下,3,下,65,listening to music,listening to music,,,无,人教版一年级起点三年级下.xlsx
renjiao_start1|g3-lower|r066|watching tv,renjiao_start1,3年级下,3,下,66,watching TV,watching tv,,,看电视;正在看电视;他在看电视,人教版一年级起点三年级下.xlsx
renjiao_start1|g3-lower|r067|feeding the fish,renjiao_start1,3年级下,3,下,67,feeding the fish,feeding the fish,,,喂鱼 晕船,人教版一年级起点三年级下.xlsx
renjiao_start1|g3-lower|r068|play with,renjiao_start1,3年级下,3,下,68,play with,play with,[pleɪ wɪð],[pleɪ wɪð],na. 玩弄(火等);以...自娱,人教版一年级起点三年级下.xlsx
renjiao_start1|g3-lower|r069|in one hour,renjiao_start1,3年级下,3,下,69,in one hour,in one hour,,,无,人教版一年级起点三年级下.xlsx
renjiao_start1|g3-lower|r070|everyone,renjiao_start1,3年级下,3,下,70,everyone,everyone,[ˈevriwʌn],[ˈevriwʌn],n. 每个人 pron. 每个人;人人,人教版一年级起点三年级下.xlsx
renjiao_start1|g3-lower|r071|children,renjiao_start1,3年级下,3,下,71,children,children,[ˈtʃɪldrən],[ˈtʃɪldrən],n. 孩子们(child的复数),人教版一年级起点三年级下.xlsx
renjiao_start1|g3-lower|r072|run,renjiao_start1,3年级下,3,下,72,run,run,[rʌn],[rʌn],"n. 奔跑;赛跑;趋向;奔跑的路程 vt. 管理,经营;运行;参赛 vi. 经营;奔跑;运转",人教版一年级起点三年级下.xlsx
renjiao_start1|g3-lower|r073|home,renjiao_start1,3年级下,3,下,73,home,home,[həʊm],[hoʊm],"n. 家,住宅;产地;家乡;避难所 adj. 国内的,家庭的;有效的 vt. 归巢,回家 adv. 在家,回家;深入地",人教版一年级起点三年级下.xlsx
renjiao_start1|g3-lower|r074|bedroom,renjiao_start1,3年级下,3,下,74,bedroom,bedroom,[ˈbedruːm],[ˈbedruːm; ˈbedrʊm],n. 卧室 adj. 两性关系的;城郊住宅区的,人教版一年级起点三年级下.xlsx
renjiao_start1|g3-lower|r075|living room,renjiao_start1,3年级下,3,下,75,living room,living room,['lɪvɪŋ ru:m],[ˈlɪvɪŋ ruːm],n. 客厅;起居室,人教版一年级起点三年级下.xlsx
renjiao_start1|g3-lower|r076|bathroom,renjiao_start1,3年级下,3,下,76,bathroom,bathroom,[ˈbɑːθruːm; ˈbɑːθrʊm],[ˈbæθruːm],n. 浴室;厕所;盥洗室,人教版一年级起点三年级下.xlsx
renjiao_start1|g3-lower|r077|dining room,renjiao_start1,3年级下,3,下,77,dining room,dining room,,,n. 饭厅;餐厅,人教版一年级起点三年级下.xlsx
renjiao_start1|g3-lower|r078|study,renjiao_start1,3年级下,3,下,78,study,study,[ˈstʌdi],[ˈstʌdi],"n. 学习,研究;课题;书房;学问 vt. 学习;考虑;攻读;细察 vi. 研究;用功",人教版一年级起点三年级下.xlsx
renjiao_start1|g3-lower|r079|kitchen,renjiao_start1,3年级下,3,下,79,kitchen,kitchen,[ˈkɪtʃɪn],[ˈkɪtʃɪn],n. 厨房;炊具;炊事人员,人教版一年级起点三年级下.xlsx
renjiao_start1|g3-lower|r080|for rent,renjiao_start1,3年级下,3,下,80,for rent,for rent,,,na. 出租的;招租,人教版一年级起点三年级下.xlsx
renjiao_start1|g3-lower|r081|sofa,renjiao_start1,3年级下,3,下,81,sofa,sofa,[ˈsəʊfə],[ˈsoʊfə],n. 沙发;长椅,人教版一年级起点三年级下.xlsx
renjiao_start1|g3-lower|r082|light,renjiao_start1,3年级下,3,下,82,light,light,[laɪt],[laɪt],n. 光;光线;灯;打火机;领悟;浅色;天窗 adj. 轻的;浅色的;明亮的;轻松的;容易的;清淡的 vi. 点着;变亮;着火 vt. 照亮;点燃;着火 adv. 轻地;清楚地;轻便地,人教版一年级起点三年级下.xlsx
renjiao_start1|g3-lower|r083|bed,renjiao_start1,3年级下,3,下,83,bed,bed,[bed],[bed],"n. 床;基础;河底, 海底 vt. 使睡觉;安置,嵌入;栽种 vi. 上床;分层",人教版一年级起点三年级下.xlsx
renjiao_start1|g3-lower|r084|door,renjiao_start1,3年级下,3,下,84,door,door,[dɔː(r)],[dɔːr],"n. 门;家,户;门口;通道",人教版一年级起点三年级下.xlsx
renjiao_start1|g3-lower|r085|box,renjiao_start1,3年级下,3,下,85,box,box,[bɒks],[bɑːks],"n. 箱,盒子;包厢;一拳 vt. 拳击;装...入盒中;打耳光 vi. 拳击",人教版一年级起点三年级下.xlsx
renjiao_start1|g4-upper|r002|running,renjiao_start1,4年级上,4,上,2,running,running,[ˈrʌnɪŋ],[ˈrʌnɪŋ],n. 运转;赛跑;流出 v. 跑;运转(run的ing形式);行驶 adj. 连续的;流动的;跑着的;运转着的,人教版一年级起点四年级上.xlsx
renjiao_start1|g4-upper|r003|basketball,renjiao_start1,4年级上,4,上,3,basketball,basketball,[ˈbɑːskɪtbɔːl],[ˈbæskɪtbɔːl],n. 篮球;篮球运动,人教版一年级起点四年级上.xlsx
renjiao_start1|g4-upper|r004|roller skating,renjiao_start1,4年级上,4,上,4,roller skating,roller skating,,,un. 滑旱冰,人教版一年级起点四年级上.xlsx
renjiao_start1|g4-upper|r005|jumping rope,renjiao_start1,4年级上,4,上,5,jumping rope,jumping rope,,,跳绳;正在跳绳;跳跳绳,人教版一年级起点四年级上.xlsx
renjiao_start1|g4-upper|r006|ping-pong,renjiao_start1,4年级上,4,上,6,ping-pong,ping-pong,[ˈpɪŋ pɒŋ],[ˈpɪŋ pɑːŋ],n. 乒乓球;桌球,人教版一年级起点四年级上.xlsx
renjiao_start1|g4-upper|r007|what about ...?,renjiao_start1,4年级上,4,上,7,What about ...?,what about ...?,,,un. 不;...怎样,人教版一年级起点四年级上.xlsx
renjiao_start1|g4-upper|r008|interesting,renjiao_start1,4年级上,4,上,8,interesting,interesting,[ˈɪntrəstɪŋ],[ˈɪntrəstɪŋ; ˈɪntrestɪŋ],"adj. 有趣的;引起兴趣的,令人关注的",人教版一年级起点四年级上.xlsx
renjiao_start1|g4-upper|r009|often,renjiao_start1,4年级上,4,上,9,often,often,[ˈɒf(ə)n],[ˈɔːf(ə)n],"adv. 常常,时常",人教版一年级起点四年级上.xlsx
renjiao_start1|g4-upper|r010|be good at,renjiao_start1,4年级上,4,上,10,be good at,be good at,,,v. 善于,人教版一年级起点四年级上.xlsx
renjiao_start1|g4-upper|r011|late,renjiao_start1,4年级上,4,上,11,late,late,[leɪt],[leɪt],adj. 晚的;迟的;已故的;最近的 adv. 晚;迟;最近;在晚期,人教版一年级起点四年级上.xlsx
renjiao_start1|g4-upper|r012|swim,renjiao_start1,4年级上,4,上,12,swim,swim,[swɪm],[swɪm],n. 游泳;漂浮;眩晕 adj. 游泳时穿戴的 vi. 游泳;漂浮;浸;眩晕 vt. 游过;使浮起,人教版一年级起点四年级上.xlsx
renjiao_start1|g4-upper|r013|friend,renjiao_start1,4年级上,4,上,13,friend,friend,[frend],[frend],n. 朋友;助手;赞助者,人教版一年级起点四年级上.xlsx
renjiao_start1|g4-upper|r014|father,renjiao_start1,4年级上,4,上,14,father,father,[ˈfɑːðə(r)],[ˈfɑːðər],"n. 父亲,爸爸;神父;祖先;前辈 vt. 发明,创立;当...的父亲",人教版一年级起点四年级上.xlsx
renjiao_start1|g4-upper|r015|get up,renjiao_start1,4年级上,4,上,15,get up,get up,[ɡet ʌp],[ɡet ʌp],na. 起床;起身;站起来;叫...起床,人教版一年级起点四年级上.xlsx
renjiao_start1|g4-upper|r016|visit one's grandparents,renjiao_start1,4年级上,4,上,16,visit one's grandparents,visit one's grandparents,,,无,人教版一年级起点四年级上.xlsx
renjiao_start1|g4-upper|r017|go to a drawing club,renjiao_start1,4年级上,4,上,17,go to a drawing club,go to a drawing club,,,无,人教版一年级起点四年级上.xlsx
renjiao_start1|g4-upper|r018|climb a hill,renjiao_start1,4年级上,4,上,18,climb a hill,climb a hill,,,无,人教版一年级起点四年级上.xlsx
renjiao_start1|g4-upper|r019|pick fruit,renjiao_start1,4年级上,4,上,19,pick fruit,pick fruit,,,无,人教版一年级起点四年级上.xlsx
renjiao_start1|g4-upper|r020|play computer games,renjiao_start1,4年级上,4,上,20,play computer games,play computer games,,,玩电脑游戏;打电脑游戏;玩电子游戏,人教版一年级起点四年级上.xlsx
renjiao_start1|g4-upper|r021|go fishing,renjiao_start1,4年级上,4,上,21,go fishing,go fishing,,,去钓鱼;垂钓;我以前常去钓鱼,人教版一年级起点四年级上.xlsx
renjiao_start1|g4-upper|r022|go to the cinema,renjiao_start1,4年级上,4,上,22,go to the cinema,go to the cinema,,,去看电影;去电影院;上电影院,人教版一年级起点四年级上.xlsx
renjiao_start1|g4-upper|r023|on the weekend,renjiao_start1,4年级上,4,上,23,on the weekend,on the weekend,,,在周末;在这个周末;美式英语,人教版一年级起点四年级上.xlsx
renjiao_start1|g4-upper|r024|fun,renjiao_start1,4年级上,4,上,24,fun,fun,[fʌn],[fʌn],n. 乐趣;玩笑;有趣的人或事 adj. 供娱乐用的 vi. 开玩笑,人教版一年级起点四年级上.xlsx
renjiao_start1|g4-upper|r025|always,renjiao_start1,4年级上,4,上,25,always,always,[ˈɔːlweɪz],[ˈɔːlweɪz],"adv. 永远,一直;总是;常常",人教版一年级起点四年级上.xlsx
renjiao_start1|g4-upper|r026|step,renjiao_start1,4年级上,4,上,26,step,step,[step],[step],"n. 步,脚步;步骤;步伐;梯级 vt. 走,迈步 vi. 踏,踩;走",人教版一年级起点四年级上.xlsx
renjiao_start1|g4-upper|r027|paint,renjiao_start1,4年级上,4,上,27,paint,paint,[peɪnt],[peɪnt],"vt. 油漆;绘画;装饰;涂色于;描绘;(用语言,文字等)描写;擦脂粉等 vi. 油漆;描绘;绘画;化妆 n. 油漆;颜料,涂料;绘画作品;胭脂等化妆品;色彩,装饰",人教版一年级起点四年级上.xlsx
renjiao_start1|g4-upper|r028|evening,renjiao_start1,4年级上,4,上,28,evening,evening,[ˈiːvnɪŋ],[ˈiːvnɪŋ],n. 晚上;傍晚;(联欢性的)晚会;后期 adj. 在晚上的;为晚上的;晚上用的 int. 晚上好(等于good evening),人教版一年级起点四年级上.xlsx
renjiao_start1|g4-upper|r029|dirty,renjiao_start1,4年级上,4,上,29,dirty,dirty,[ˈdɜːti],[ˈdɜːrti],"adj. 下流的,卑鄙的;肮脏的;恶劣的;暗淡的 vt. 弄脏 vi. 变脏",人教版一年级起点四年级上.xlsx
renjiao_start1|g4-upper|r030|their,renjiao_start1,4年级上,4,上,30,their,their,[ðeə(r)],[ðer],"pron. 他们的,她们的;它们的",人教版一年级起点四年级上.xlsx
renjiao_start1|g4-upper|r031|house,renjiao_start1,4年级上,4,上,31,house,house,[haʊs],[haʊs],n. 住宅;家庭;机构;议会;某种用途的建筑物 vt. 覆盖;给...房子住;把...储藏在房内 vi. 住,人教版一年级起点四年级上.xlsx
renjiao_start1|g4-upper|r032|poor,renjiao_start1,4年级上,4,上,32,poor,poor,[pɔː(r)],[pʊr; pɔːr],adj. 贫穷的;可怜的;贫乏的;卑鄙的,人教版一年级起点四年级上.xlsx
renjiao_start1|g4-upper|r033|hope,renjiao_start1,4年级上,4,上,33,hope,hope,[həʊp],[hoʊp],n. 希望;期望;信心 vi. 希望;期待;信赖 vt. 希望;期望,人教版一年级起点四年级上.xlsx
renjiao_start1|g4-upper|r034|so,renjiao_start1,4年级上,4,上,34,so,so,[səʊ],[soʊ],"conj. 所以;因此 adv. 如此,这么;确是如此 pron. 这样",人教版一年级起点四年级上.xlsx
renjiao_start1|g4-upper|r035|saturday,renjiao_start1,4年级上,4,上,35,Saturday,saturday,[ˈsætədeɪ],[ˈsætərdeɪ],n. 星期六,人教版一年级起点四年级上.xlsx
renjiao_start1|g4-upper|r036|near,renjiao_start1,4年级上,4,上,36,near,near,[nɪə(r)],[nɪr],adj. 近的;亲近的;近似的 adv. 近;接近 prep. 靠近;近似于,人教版一年级起点四年级上.xlsx
renjiao_start1|g4-upper|r037|day,renjiao_start1,4年级上,4,上,37,day,day,[deɪ],[deɪ],n. 一天;时期;白昼 adj. 日间的;逐日的 adv. 每天;经常在白天地,人教版一年级起点四年级上.xlsx
renjiao_start1|g4-upper|r038|usually,renjiao_start1,4年级上,4,上,38,usually,usually,[ˈjuːʒuəli],[ˈjuːʒuəli; ˈjuːʒəli],"adv. 通常,经常",人教版一年级起点四年级上.xlsx
renjiao_start1|g4-upper|r039|by bus,renjiao_start1,4年级上,4,上,39,by bus,by bus,,,na. 乘公共汽车,人教版一年级起点四年级上.xlsx
renjiao_start1|g4-upper|r040|by boat,renjiao_start1,4年级上,4,上,40,by boat,by boat,,,na. 乘船,人教版一年级起点四年级上.xlsx
renjiao_start1|g4-upper|r041|by ship,renjiao_start1,4年级上,4,上,41,by ship,by ship,,,乘船;乘轮船;坐轮船,人教版一年级起点四年级上.xlsx
renjiao_start1|g4-upper|r042|by car,renjiao_start1,4年级上,4,上,42,by car,by car,,,na. 乘电车;乘汽车,人教版一年级起点四年级上.xlsx
renjiao_start1|g4-upper|r043|by taxi,renjiao_start1,4年级上,4,上,43,by taxi,by taxi,,,乘出租车;坐出租车;打的,人教版一年级起点四年级上.xlsx
renjiao_start1|g4-upper|r044|by bike,renjiao_start1,4年级上,4,上,44,by bike,by bike,,,骑自行车;骑车;骑单车,人教版一年级起点四年级上.xlsx
renjiao_start1|g4-upper|r045|on foot,renjiao_start1,4年级上,4,上,45,on foot,on foot,,,na. 步行;在进行中;徒步,人教版一年级起点四年级上.xlsx
renjiao_start1|g4-upper|r046|by school bus,renjiao_start1,4年级上,4,上,46,by school bus,by school bus,,,无,人教版一年级起点四年级上.xlsx
renjiao_start1|g4-upper|r047|by subway,renjiao_start1,4年级上,4,上,47,by subway,by subway,,,乘地铁;坐地铁;乘坐地铁,人教版一年级起点四年级上.xlsx
renjiao_start1|g4-upper|r048|by plane,renjiao_start1,4年级上,4,上,48,by plane,by plane,,,adv. 乘飞机,人教版一年级起点四年级上.xlsx
renjiao_start1|g4-upper|r049|by train,renjiao_start1,4年级上,4,上,49,by train,by train,,,na. 坐火车,人教版一年级起点四年级上.xlsx
renjiao_start1|g4-upper|r050|garden,renjiao_start1,4年级上,4,上,50,garden,garden,[ˈɡɑːdn],[ˈɡɑːrdn],n. 花园;菜园 vt. 栽培花木 vi. 从事园艺;在园中种植,人教版一年级起点四年级上.xlsx
renjiao_start1|g4-upper|r051|meeting place,renjiao_start1,4年级上,4,上,51,meeting place,meeting place,[ˈmiːtɪŋ pleɪs],[ˈmiːtɪŋ pleɪs],n. 会场;聚集的地方,人教版一年级起点四年级上.xlsx
renjiao_start1|g4-upper|r052|gate,renjiao_start1,4年级上,4,上,52,gate,gate,[ɡeɪt],[ɡeɪt],n. 大门;出入口;门道 vt. 给...装大门,人教版一年级起点四年级上.xlsx
renjiao_start1|g4-upper|r053|transportation,renjiao_start1,4年级上,4,上,53,transportation,transportation,[ˌtrænspɔːˈteɪʃn],[ˌtrænspɔːrˈteɪʃn],n. 运输;运输系统;运输工具;流放,人教版一年级起点四年级上.xlsx
renjiao_start1|g4-upper|r054|film,renjiao_start1,4年级上,4,上,54,film,film,[fɪlm],[fɪlm],n. 电影;薄膜;胶卷;轻烟 vt. 在...上覆以薄膜;把...拍成电影 vi. 摄制电影;生薄膜;变得朦胧,人教版一年级起点四年级上.xlsx
renjiao_start1|g4-upper|r055|earth,renjiao_start1,4年级上,4,上,55,earth,earth,[ɜːθ],[ɜːrθ],"n. 地球;地表,陆地;土地,土壤;尘事,俗事;兽穴 vt. 把(电线)[电] 接地;盖(土);追赶入洞穴 vi. 躲进地洞",人教版一年级起点四年级上.xlsx
renjiao_start1|g4-upper|r056|snow,renjiao_start1,4年级上,4,上,56,snow,snow,[snəʊ],[snoʊ],"n. 雪,积雪;下雪 vt. 使纷纷落下;使变白 vi. 降雪",人教版一年级起点四年级上.xlsx
renjiao_start1|g4-upper|r057|theatre,renjiao_start1,4年级上,4,上,57,theatre,theatre,[ˈθɪətə(r)],[ˈθiːətər],"n. 电影院,戏院;戏剧;阶梯式讲堂",人教版一年级起点四年级上.xlsx
renjiao_start1|g4-upper|r058|come,renjiao_start1,4年级上,4,上,58,come,come,[kʌm],[kʌm],vi. 来;开始;出现;发生;变成;到达 vt. 做;假装;将满(...岁) int. 嗨!,人教版一年级起点四年级上.xlsx
renjiao_start1|g4-upper|r059|enjoy,renjiao_start1,4年级上,4,上,59,enjoy,enjoy,[ɪnˈdʒɔɪ],[ɪnˈdʒɔɪ],"vt. 欣赏,享受;喜爱;使过得快活",人教版一年级起点四年级上.xlsx
renjiao_start1|g4-upper|r060|park,renjiao_start1,4年级上,4,上,60,park,park,[pɑːk],[pɑːrk],n. 公园;[交] 停车场 vt. 停放;放置;寄存 vi. 停放车辆,人教版一年级起点四年级上.xlsx
renjiao_start1|g4-upper|r061|apple,renjiao_start1,4年级上,4,上,61,apple,apple,[ˈæp(ə)l],[ˈæpl],"n. 苹果,苹果树,苹果似的东西;[美俚]炸弹,手榴弹,(棒球的)球;[美俚]人,家伙。",人教版一年级起点四年级上.xlsx
renjiao_start1|g4-upper|r062|pen,renjiao_start1,4年级上,4,上,62,pen,pen,[pen],[pen],n. 钢笔;作家;围栏 vt. 写;关入栏中,人教版一年级起点四年级上.xlsx
renjiao_start1|g4-upper|r063|knife,renjiao_start1,4年级上,4,上,63,knife,knife,[naɪf],[naɪf],n. 刀;匕首 vt. 用刀切;(口)伤害 vi. 劈开;划过,人教版一年级起点四年级上.xlsx
renjiao_start1|g4-upper|r064|eraser,renjiao_start1,4年级上,4,上,64,eraser,eraser,[ɪˈreɪzə(r)],[ɪˈreɪsər],n. 橡皮;擦除器;[计] 清除器,人教版一年级起点四年级上.xlsx
renjiao_start1|g4-upper|r065|crayon,renjiao_start1,4年级上,4,上,65,crayon,crayon,[ˈkreɪən; ˈkreɪɒn],[ˈkreɪən; ˈkreɪɑːn],"n. 蜡笔,有色粉笔 vt. 以蜡笔作画,用颜色粉笔画",人教版一年级起点四年级上.xlsx
renjiao_start1|g4-upper|r066|scissors,renjiao_start1,4年级上,4,上,66,scissors,scissors,[ˈsɪzəz],[ˈsɪzərz],n. 剪刀;剪式跳法 v. 剪开;删除(scissor的第三人称单数),人教版一年级起点四年级上.xlsx
renjiao_start1|g4-upper|r067|glue stick,renjiao_start1,4年级上,4,上,67,glue stick,glue stick,,,n. 胶棒,人教版一年级起点四年级上.xlsx
renjiao_start1|g4-upper|r068|paper,renjiao_start1,4年级上,4,上,68,paper,paper,[ˈpeɪpə(r)],[ˈpeɪpər],n. 纸;论文;文件;报纸 adj. 纸做的 vt. 用纸糊;用纸包装 vi. 贴糊墙纸;发交通违章传票,人教版一年级起点四年级上.xlsx
renjiao_start1|g4-upper|r069|use,renjiao_start1,4年级上,4,上,69,use,use,[juːz],[juːz],"n. 使用;用途;发挥 vt. 利用;耗费 vi. 使用,运用",人教版一年级起点四年级上.xlsx
renjiao_start1|g4-upper|r070|please,renjiao_start1,4年级上,4,上,70,please,please,[pliːz],[pliːz],"int. 请(礼貌用语) vt. 使喜欢;使高兴,使满意 vi. 讨人喜欢;令人高兴",人教版一年级起点四年级上.xlsx
renjiao_start1|g4-upper|r071|find,renjiao_start1,4年级上,4,上,71,find,find,[faɪnd],[faɪnd],"n. 发现 vi. 裁决 vt. 查找,找到;发现;认为;感到;获得",人教版一年级起点四年级上.xlsx
renjiao_start1|g4-upper|r072|information centre,renjiao_start1,4年级上,4,上,72,Information Centre,information centre,,,信息中心;资讯中心;情报中心,人教版一年级起点四年级上.xlsx
renjiao_start1|g4-upper|r073|excuse me,renjiao_start1,4年级上,4,上,73,Excuse me,excuse me,[ɪk'skjʊs mi],[ɪkˈskjuːz mi],un. 请原谅;对不起,人教版一年级起点四年级上.xlsx
renjiao_start1|g4-upper|r074|phone,renjiao_start1,4年级上,4,上,74,phone,phone,[fəʊn],[foʊn],"n. 电话;耳机,听筒 vt. 打电话 vi. 打电话",人教版一年级起点四年级上.xlsx
renjiao_start1|g4-upper|r075|dad,renjiao_start1,4年级上,4,上,75,dad,dad,[dæd],[dæd],n. 爸爸;爹爹,人教版一年级起点四年级上.xlsx
renjiao_start1|g4-upper|r076|hamburger,renjiao_start1,4年级上,4,上,76,hamburger,hamburger,[ˈhæmbɜːɡə(r)],[ˈhæmbɜːrɡər],"n. 汉堡包,火腿汉堡;牛肉饼,肉饼;碎牛肉",人教版一年级起点四年级上.xlsx
renjiao_start1|g4-upper|r077|ruler,renjiao_start1,4年级上,4,上,77,ruler,ruler,[ˈruːlə(r)],[ˈruːlər],"n. 尺;统治者;[测] 划线板,划线的人",人教版一年级起点四年级上.xlsx
renjiao_start1|g4-upper|r078|pencil,renjiao_start1,4年级上,4,上,78,pencil,pencil,[ˈpens(ə)l],[ˈpensl],n. 铅笔;笔状物 vt. 用铅笔写;用眉笔涂 vi. 成铅笔状,人教版一年级起点四年级上.xlsx
renjiao_start1|g4-upper|r079|schoolbag,renjiao_start1,4年级上,4,上,79,schoolbag,schoolbag,[ˈskuːlbæɡ],[ˈskuːlˌbæɡ],n. 书包,人教版一年级起点四年级上.xlsx
renjiao_start1|g4-upper|r080|shop,renjiao_start1,4年级上,4,上,80,shop,shop,[ʃɒp],[ʃɑːp],n. 商店;店铺 vt. 购物 vi. 购物;买东西,人教版一年级起点四年级上.xlsx
renjiao_start1|g4-upper|r081|climb on the window ledge,renjiao_start1,4年级上,4,上,81,climb on the window ledge,climb on the window ledge,,,无,人教版一年级起点四年级上.xlsx
renjiao_start1|g4-upper|r082|dangerous,renjiao_start1,4年级上,4,上,82,dangerous,dangerous,[ˈdeɪndʒərəs],[ˈdeɪndʒərəs],adj. 危险的 危险地,人教版一年级起点四年级上.xlsx
renjiao_start1|g4-upper|r083|play with fire,renjiao_start1,4年级上,4,上,83,play with fire,play with fire,,,na. 轻举妄动,人教版一年级起点四年级上.xlsx
renjiao_start1|g4-upper|r084|be careful!,renjiao_start1,4年级上,4,上,84,Be careful!,be careful!,,,小心;当心;注意,人教版一年级起点四年级上.xlsx
renjiao_start1|g4-upper|r085|run down the stairs,renjiao_start1,4年级上,4,上,85,run down the stairs,run down the stairs,,,无,人教版一年级起点四年级上.xlsx
renjiao_start1|g4-upper|r086|sidewalk,renjiao_start1,4年级上,4,上,86,sidewalk,sidewalk,[ˈsaɪdwɔːk],[ˈsaɪdwɔːk],n. 人行道,人教版一年级起点四年级上.xlsx
renjiao_start1|g4-upper|r087|wait for,renjiao_start1,4年级上,4,上,87,wait for,wait for,,,na. 等;等待,人教版一年级起点四年级上.xlsx
renjiao_start1|g4-upper|r088|safe,renjiao_start1,4年级上,4,上,88,safe,safe,[seɪf],[seɪf],n. 保险箱;冷藏室;纱橱 adj. 安全的;可靠的;平安的,人教版一年级起点四年级上.xlsx
renjiao_start1|g4-upper|r089|stop,renjiao_start1,4年级上,4,上,89,stop,stop,[stɒp],[stɑːp],n. 停止;车站;障碍;逗留 vi. 停止;中止;逗留;被塞住 vt. 停止;堵塞;断绝,人教版一年级起点四年级上.xlsx
renjiao_start1|g4-upper|r090|street,renjiao_start1,4年级上,4,上,90,street,street,[striːt],[striːt],n. 街道 adj. 街道的,人教版一年级起点四年级上.xlsx
renjiao_start1|g4-upper|r091|safety rule,renjiao_start1,4年级上,4,上,91,safety rule,safety rule,,,安全规程,人教版一年级起点四年级上.xlsx
renjiao_start1|g4-upper|r092|green,renjiao_start1,4年级上,4,上,92,green,green,[ɡriːn],[ɡriːn],n. 绿色;青春 adj. 绿色的;青春的 vt. 使...变绿色 vi. 变绿色,人教版一年级起点四年级上.xlsx
renjiao_start1|g4-upper|r093|red,renjiao_start1,4年级上,4,上,93,red,red,[red],[red],"n. 红色,红颜料;赤字 adj. 红色的;红肿的,充血的",人教版一年级起点四年级上.xlsx
renjiao_start1|g4-upper|r094|play football,renjiao_start1,4年级上,4,上,94,play football,play football,,,na. 踢足球;对难办的事采取踢皮球的态度,人教版一年级起点四年级上.xlsx
renjiao_start1|g4-upper|r095|nurse,renjiao_start1,4年级上,4,上,95,nurse,nurse,[nɜːs],[nɜːrs],"vt. 看护,护理;照顾;培养;给...喂奶 vi. 照料,护理;喂奶;当保姆 n. 护士;奶妈,保姆",人教版一年级起点四年级上.xlsx
renjiao_start1|g4-upper|r096|cook,renjiao_start1,4年级上,4,上,96,cook,cook,[kʊk],[kʊk],"n. 厨师,厨子 vt. 烹调,煮 vi. 烹调,做菜",人教版一年级起点四年级上.xlsx
renjiao_start1|g4-upper|r097|doctor,renjiao_start1,4年级上,4,上,97,doctor,doctor,[ˈdɒktə(r)],[ˈdɑːktər],"vt. 修理;篡改,伪造;为...治病;授以博士学位 n. 医生;博士 vi. 就医;行医",人教版一年级起点四年级上.xlsx
renjiao_start1|g4-upper|r098|bus driver,renjiao_start1,4年级上,4,上,98,bus driver,bus driver,,,na. (公共汽车)驾驶员;〈俚〉轰炸机驾驶员,人教版一年级起点四年级上.xlsx
renjiao_start1|g4-upper|r099|police officer,renjiao_start1,4年级上,4,上,99,police officer,police officer,[pəˈliːs ɒfɪsə(r)],[pəˈlis ˈɔfɪsɚ],n. 警官;警察;警务人员,人教版一年级起点四年级上.xlsx
renjiao_start1|g4-upper|r100|taxi driver,renjiao_start1,4年级上,4,上,100,taxi driver,taxi driver,,,n. 计程车司机,人教版一年级起点四年级上.xlsx
renjiao_start1|g4-upper|r101|farmer,renjiao_start1,4年级上,4,上,101,farmer,farmer,[ˈfɑːmə(r)],[ˈfɑːrmər],"n. 农夫,农民",人教版一年级起点四年级上.xlsx
renjiao_start1|g4-upper|r102|worker,renjiao_start1,4年级上,4,上,102,worker,worker,[ˈwɜːkə(r)],[ˈwɜːrkər],n. 工人;劳动者;职蚁,人教版一年级起点四年级上.xlsx
renjiao_start1|g4-upper|r103|in the future,renjiao_start1,4年级上,4,上,103,in the future,in the future,,,adv. 今后,人教版一年级起点四年级上.xlsx
renjiao_start1|g4-upper|r104|great,renjiao_start1,4年级上,4,上,104,great,great,[ɡreɪt],[ɡreɪt],"n. 大师;大人物;伟人们 adj. 伟大的,重大的;极好的,好的;主要的",人教版一年级起点四年级上.xlsx
renjiao_start1|g4-upper|r105|job,renjiao_start1,4年级上,4,上,105,job,job,[dʒɒb],[dʒɑːb],n. 工作;职业 vt. 承包;代客买卖 vi. 做零工,人教版一年级起点四年级上.xlsx
renjiao_start1|g4-upper|r106|sick,renjiao_start1,4年级上,4,上,106,sick,sick,[sɪk],[sɪk],adj. 厌恶的;病态的;不舒服;渴望的;恶心的 ;生病的 n. 病人 vt. 使狗去咬;呕吐;追击,人教版一年级起点四年级上.xlsx
renjiao_start1|g4-upper|r107|people,renjiao_start1,4年级上,4,上,107,people,people,[ˈpiːp(ə)l],[ˈpiːpl],n. 人;人类;民族;公民 vt. 居住于;使住满人,人教版一年级起点四年级上.xlsx
renjiao_start1|g4-upper|r108|teach,renjiao_start1,4年级上,4,上,108,teach,teach,[tiːtʃ],[tiːtʃ],vt. 教;教授;教导 vi. 教授;讲授;当老师,人教版一年级起点四年级上.xlsx
renjiao_start1|g4-upper|r109|just,renjiao_start1,4年级上,4,上,109,just,just,[dʒʌst],[dʒʌst],"adv. 只是,仅仅;刚才,刚刚;正好,恰好;实在;刚要 adj. 公正的,合理的;正直的,正义的;正确的;公平的;应得的",人教版一年级起点四年级上.xlsx
renjiao_start1|g4-upper|r110|myself,renjiao_start1,4年级上,4,上,110,myself,myself,[maɪˈself],[maɪˈself],pron. 我自己;我亲自;我的正常的健康状况和正常情绪,人教版一年级起点四年级上.xlsx
renjiao_start1|g4-upper|r111|sound,renjiao_start1,4年级上,4,上,111,sound,sound,[saʊnd],[saʊnd],"n. 声音,语音;噪音;海峡;吵闹;听力范围;[医] 探条 adj. 健全的,健康的;合理的;可靠的;有效彻底的 vt. 听(诊);测量,测...深;使发声;试探;宣告 vi. 听起来;发出声音;回响;测深 adv. 彻底地,充分地",人教版一年级起点四年级上.xlsx
renjiao_start1|g4-upper|r112|monday,renjiao_start1,4年级上,4,上,112,Monday,monday,[ˈmʌndeɪ],[ˈmʌndeɪ],n. 星期一,人教版一年级起点四年级上.xlsx
renjiao_start1|g4-upper|r113|tuesday,renjiao_start1,4年级上,4,上,113,Tuesday,tuesday,[ˈtjuːzdeɪ],[ˈtuːzdeɪ],n. 星期二,人教版一年级起点四年级上.xlsx
renjiao_start1|g4-upper|r114|wednesday,renjiao_start1,4年级上,4,上,114,Wednesday,wednesday,[ˈwenzdeɪ],[ˈwenzdeɪ],n. 星期三,人教版一年级起点四年级上.xlsx
renjiao_start1|g4-upper|r115|thursday,renjiao_start1,4年级上,4,上,115,Thursday,thursday,[ˈθɜːzdeɪ],[ˈθɜːrzdeɪ],n. 星期四,人教版一年级起点四年级上.xlsx
renjiao_start1|g4-upper|r116|friday,renjiao_start1,4年级上,4,上,116,Friday,friday,[ˈfraɪdeɪ],[ˈfraɪdeɪ],n. 星期五,人教版一年级起点四年级上.xlsx
renjiao_start1|g4-upper|r117|teacher,renjiao_start1,4年级上,4,上,117,teacher,teacher,[ˈtiːtʃə(r)],[ˈtiːtʃər],n. 教师;导师,人教版一年级起点四年级上.xlsx
renjiao_start1|g4-lower|r002|across from,renjiao_start1,4年级下,4,下,2,across from,across from,,,na. 在...的正对面,人教版一年级起点四年级下.xlsx
renjiao_start1|g4-lower|r003|next to,renjiao_start1,4年级下,4,下,3,next to,next to,,,prep. 紧邻;在...近旁;仅次于;紧接,人教版一年级起点四年级下.xlsx
renjiao_start1|g4-lower|r004|between,renjiao_start1,4年级下,4,下,4,between,between,[bɪˈtwiːn],[bɪˈtwiːn],prep. 在...之间 adv. 在中间,人教版一年级起点四年级下.xlsx
renjiao_start1|g4-lower|r005|restaurant,renjiao_start1,4年级下,4,下,5,restaurant,restaurant,[ˈrestrɒnt],[ˈrestrɑːnt; ˈrestərɑːnt],n. 餐馆;[经] 饭店,人教版一年级起点四年级下.xlsx
renjiao_start1|g4-lower|r006|post office,renjiao_start1,4年级下,4,下,6,post office,post office,[ˈpəust ɔfis],[ˈpost ɔfɪs],n. 邮局;邮政部门;邮政系统;邮差敲门游戏(儿童用假托的信件换取亲吻),人教版一年级起点四年级下.xlsx
renjiao_start1|g4-lower|r007|bank,renjiao_start1,4年级下,4,下,7,bank,bank,[bæŋk],[bæŋk],n. 银行;岸;浅滩;储库 vt. 将...存入银行;倾斜转弯 vi. 堆积;倾斜转弯,人教版一年级起点四年级下.xlsx
renjiao_start1|g4-lower|r008|grocery,renjiao_start1,4年级下,4,下,8,grocery,grocery,[ˈɡrəʊsəri],[ˈɡroʊsəri],n. 食品杂货店 食品杂货,人教版一年级起点四年级下.xlsx
renjiao_start1|g4-lower|r009|turn left,renjiao_start1,4年级下,4,下,9,turn left,turn left,[tɜ:n left],[tɝ​n lɛft],un. 向左转,人教版一年级起点四年级下.xlsx
renjiao_start1|g4-lower|r010|turn right,renjiao_start1,4年级下,4,下,10,turn right,turn right,,,na. 转往右面,人教版一年级起点四年级下.xlsx
renjiao_start1|g4-lower|r011|go straight,renjiao_start1,4年级下,4,下,11,go straight,go straight,,,na. 笔直走,人教版一年级起点四年级下.xlsx
renjiao_start1|g4-lower|r012|crossroads,renjiao_start1,4年级下,4,下,12,crossroads,crossroads,[ˈkrɒsrəʊdz],[ˈkrɔːsroʊdz],n. 十字路口;交叉路口;聚会的中心地点(crossroad的复数形式),人教版一年级起点四年级下.xlsx
renjiao_start1|g4-lower|r013|neighbourhood,renjiao_start1,4年级下,4,下,13,neighbourhood,neighbourhood,[ˈneɪbəhʊd],[ˈneɪbərhʊd],n. 邻近;周围;邻居关系;附近一带,人教版一年级起点四年级下.xlsx
renjiao_start1|g4-lower|r014|send,renjiao_start1,4年级下,4,下,14,send,send,[send],[send],"n. 上升运动 vi. 派人;寄信 vt. 发送,寄;派遣;使进入;发射",人教版一年级起点四年级下.xlsx
renjiao_start1|g4-lower|r015|get,renjiao_start1,4年级下,4,下,15,get,get,[ɡet],[ɡet],n. 生殖;幼兽 vi. 成为;变得;到达 vt. 使得;获得;受到;变成,人教版一年级起点四年级下.xlsx
renjiao_start1|g4-lower|r016|money,renjiao_start1,4年级下,4,下,16,money,money,[ˈmʌni],[ˈmʌni],n. 钱;货币;财富,人教版一年级起点四年级下.xlsx
renjiao_start1|g4-lower|r017|get to,renjiao_start1,4年级下,4,下,17,get to,get to,,,na. 接触到;开始;〈美口〉收买,人教版一年级起点四年级下.xlsx
renjiao_start1|g4-lower|r018|before,renjiao_start1,4年级下,4,下,18,before,before,[bɪˈfɔː(r)],[bɪˈfɔːr],"prep. 在...之前,先于 conj. 在...以前;在...之前 adv. 以前;在前",人教版一年级起点四年级下.xlsx
renjiao_start1|g4-lower|r019|leave,renjiao_start1,4年级下,4,下,19,leave,leave,[liːv],[liːv],"vt. 离开;留下;遗忘;委托 vi. 离开,出发;留下 n. 许可,同意;休假",人教版一年级起点四年级下.xlsx
renjiao_start1|g4-lower|r020|toy,renjiao_start1,4年级下,4,下,20,toy,toy,[tɔɪ],[tɔɪ],n. 玩具;小装饰品;不值钱的东西 adj. 作为玩具的;玩物似的 vi. 玩弄;调情;随随便便地对待,人教版一年级起点四年级下.xlsx
renjiao_start1|g4-lower|r021|hospital,renjiao_start1,4年级下,4,下,21,hospital,hospital,[ˈhɒspɪt(ə)l],[ˈhɑːspɪtl],n. 医院,人教版一年级起点四年级下.xlsx
renjiao_start1|g4-lower|r022|bookshop,renjiao_start1,4年级下,4,下,22,bookshop,bookshop,[ˈbʊkʃɒp],[ˈbʊkʃɑːp],n. 书店,人教版一年级起点四年级下.xlsx
renjiao_start1|g4-lower|r023|school,renjiao_start1,4年级下,4,下,23,school,school,[skuːl],[skuːl],n. 学校;学院;学派;鱼群 vt. 教育,人教版一年级起点四年级下.xlsx
renjiao_start1|g4-lower|r024|supermarket,renjiao_start1,4年级下,4,下,24,supermarket,supermarket,[ˈsuːpəmɑːkɪt],[ˈsuːpərmɑːrkɪt],n. 超级市场;自助售货商店,人教版一年级起点四年级下.xlsx
renjiao_start1|g4-lower|r025|ball,renjiao_start1,4年级下,4,下,25,ball,ball,[bɔːl],[bɔːl],n. 球;舞会 vt. 捏成球形 vi. 成团块,人教版一年级起点四年级下.xlsx
renjiao_start1|g4-lower|r026|city,renjiao_start1,4年级下,4,下,26,city,city,[ˈsɪti],[ˈsɪti],"n. 城市,都市 adj. 城市的;都会的",人教版一年级起点四年级下.xlsx
renjiao_start1|g4-lower|r027|street,renjiao_start1,4年级下,4,下,27,street,street,[striːt],[striːt],n. 街道 adj. 街道的,人教版一年级起点四年级下.xlsx
renjiao_start1|g4-lower|r028|sports centre,renjiao_start1,4年级下,4,下,28,sports centre,sports centre,,,"体育运动中心, 运动场",人教版一年级起点四年级下.xlsx
renjiao_start1|g4-lower|r029|hotel,renjiao_start1,4年级下,4,下,29,hotel,hotel,[həʊˈtel],[hoʊˈtel],"n. 旅馆,饭店;客栈 vt. 使...在饭店下榻 vi. 进行旅馆式办公",人教版一年级起点四年级下.xlsx
renjiao_start1|g4-lower|r030|square,renjiao_start1,4年级下,4,下,30,square,square,[skweə(r)],[skwer],n. 平方;广场;正方形 adj. 平方的;正方形的;直角的;正直的 vt. 使成方形;与...一致 vi. 一致;成方形 adv. 成直角地,人教版一年级起点四年级下.xlsx
renjiao_start1|g4-lower|r031|buy toys,renjiao_start1,4年级下,4,下,31,buy toys,buy toys,,,无,人教版一年级起点四年级下.xlsx
renjiao_start1|g4-lower|r032|see a film,renjiao_start1,4年级下,4,下,32,see a film,see a film,,,看电影;去看电影;去电影院看电影,人教版一年级起点四年级下.xlsx
renjiao_start1|g4-lower|r033|go boating,renjiao_start1,4年级下,4,下,33,go boating,go boating,,,na. 乘船〔尤指划船〕游玩,人教版一年级起点四年级下.xlsx
renjiao_start1|g4-lower|r034|busy,renjiao_start1,4年级下,4,下,34,busy,busy,[ˈbɪzi],[ˈbɪzi],adj. 忙碌的;热闹的;正被占用的 vt. 使忙于,人教版一年级起点四年级下.xlsx
renjiao_start1|g4-lower|r035|station,renjiao_start1,4年级下,4,下,35,station,station,[ˈsteɪʃ(ə)n],[ˈsteɪʃn],n. 车站;驻地;地位;身份 vt. 配置;安置;驻扎,人教版一年级起点四年级下.xlsx
renjiao_start1|g4-lower|r036|place,renjiao_start1,4年级下,4,下,36,place,place,[pleɪs],[pleɪs],n. 地方;住所;座位 vt. 放置;任命;寄予 vi. 名列前茅;取得名次,人教版一年级起点四年级下.xlsx
renjiao_start1|g4-lower|r037|thing,renjiao_start1,4年级下,4,下,37,thing,thing,[θɪŋ],[θɪŋ],n. 事情;东西;事物;情况,人教版一年级起点四年级下.xlsx
renjiao_start1|g4-lower|r038|stay,renjiao_start1,4年级下,4,下,38,stay,stay,[steɪ],[steɪ],n. 逗留;停止;支柱 vi. 停留;坚持;暂住;停下 vt. 坚持;暂住;抑制,人教版一年级起点四年级下.xlsx
renjiao_start1|g4-lower|r039|star,renjiao_start1,4年级下,4,下,39,star,star,[stɑː(r)],[stɑːr],"n. 星,恒星;明星;星形物 adj. 明星的,主角的;星形的 vt. 用星号标于;由...主演,由...担任主角 vi. 担任主角",人教版一年级起点四年级下.xlsx
renjiao_start1|g4-lower|r040|king,renjiao_start1,4年级下,4,下,40,king,king,[kɪŋ],[kɪŋ],"n. 国王;最有势力者;王棋 vi. 统治;做国王 vt. 立...为王 adj. 主要的,最重要的,最大的",人教版一年级起点四年级下.xlsx
renjiao_start1|g4-lower|r041|central,renjiao_start1,4年级下,4,下,41,central,central,[ˈsentrəl],[ˈsentrəl],n. 电话总机 adj. 中心的;主要的;中枢的,人教版一年级起点四年级下.xlsx
renjiao_start1|g4-lower|r042|take photos,renjiao_start1,4年级下,4,下,42,take photos,take photos,,,照相;拍照;拍照片,人教版一年级起点四年级下.xlsx
renjiao_start1|g4-lower|r043|museum,renjiao_start1,4年级下,4,下,43,museum,museum,[mjuˈziːəm],[mjuˈziːəm],n. 博物馆,人教版一年级起点四年级下.xlsx
renjiao_start1|g4-lower|r044|dream,renjiao_start1,4年级下,4,下,44,dream,dream,[driːm],[driːm],"n. 梦想,愿望;梦 adj. 梦的;理想的;不切实际的 vt. 梦想;做梦;想到 vi. 梦想;做梦,梦见;想到",人教版一年级起点四年级下.xlsx
renjiao_start1|g4-lower|r045|sea,renjiao_start1,4年级下,4,下,45,sea,sea,[siː],[siː],n. 海;海洋;许多;大量,人教版一年级起点四年级下.xlsx
renjiao_start1|g4-lower|r046|ski,renjiao_start1,4年级下,4,下,46,ski,ski,[skiː],[skiː],n. 滑雪橇 vi. 滑雪 adj. 滑雪(用)的,人教版一年级起点四年级下.xlsx
renjiao_start1|g4-lower|r047|eat seafood,renjiao_start1,4年级下,4,下,47,eat seafood,eat seafood,,,无,人教版一年级起点四年级下.xlsx
renjiao_start1|g4-lower|r048|visit the mogao caves,renjiao_start1,4年级下,4,下,48,visit the Mogao Caves,visit the mogao caves,,,无,人教版一年级起点四年级下.xlsx
renjiao_start1|g4-lower|r049|west lake,renjiao_start1,4年级下,4,下,49,West Lake,west lake,,,西湖;杭州西湖;浙江杭州,人教版一年级起点四年级下.xlsx
renjiao_start1|g4-lower|r050|row a boat,renjiao_start1,4年级下,4,下,50,row a boat,row a boat,,,划船;摇船;划船最好用,人教版一年级起点四年级下.xlsx
renjiao_start1|g4-lower|r051|the great wall,renjiao_start1,4年级下,4,下,51,the Great Wall,the great wall,,,长城;万里长城;中国万里长城,人教版一年级起点四年级下.xlsx
renjiao_start1|g4-lower|r052|take photos,renjiao_start1,4年级下,4,下,52,take photos,take photos,,,照相;拍照;拍照片,人教版一年级起点四年级下.xlsx
renjiao_start1|g4-lower|r053|summer vacation,renjiao_start1,4年级下,4,下,53,summer vacation,summer vacation,,,n. 暑假,人教版一年级起点四年级下.xlsx
renjiao_start1|g4-lower|r054|travel,renjiao_start1,4年级下,4,下,54,travel,travel,[ˈtræv(ə)l],[ˈtrævl],n. 旅行;游历;漫游 vt. 经过;在...旅行 vi. 旅行;行进;步行;交往,人教版一年级起点四年级下.xlsx
renjiao_start1|g4-lower|r055|reading,renjiao_start1,4年级下,4,下,55,reading,reading,[ˈriːdɪŋ],[ˈriːdɪŋ],"n. 阅读,朗读;读物;读数 v. 阅读(read的ing形式) adj. 阅读的",人教版一年级起点四年级下.xlsx
renjiao_start1|g4-lower|r056|skateboarding,renjiao_start1,4年级下,4,下,56,skateboarding,skateboarding,[ˈskeɪtbɔːdɪŋ],[ˈskeɪtbɔːrdɪŋ],n. 滑板运动,人教版一年级起点四年级下.xlsx
renjiao_start1|g4-lower|r057|singing,renjiao_start1,4年级下,4,下,57,singing,singing,[ˈsɪŋɪŋ],[ˈsɪŋɪŋ],n. 歌唱;歌声;耳鸣;振鸣 v. 唱歌(sing的ing形式) adj. 唱歌的;音乐般的,人教版一年级起点四年级下.xlsx
renjiao_start1|g4-lower|r058|dancing,renjiao_start1,4年级下,4,下,58,dancing,dancing,[ˈdɑːnsɪŋ],[ˈdænsɪŋ],n. 跳舞;舞蹈 v. 跳舞;摇晃(dance的ing形式),人教版一年级起点四年级下.xlsx
renjiao_start1|g4-lower|r059|doing jigsaw puzzles,renjiao_start1,4年级下,4,下,59,doing jigsaw puzzles,doing jigsaw puzzles,,,无,人教版一年级起点四年级下.xlsx
renjiao_start1|g4-lower|r060|making models,renjiao_start1,4年级下,4,下,60,making models,making models,,,无,人教版一年级起点四年级下.xlsx
renjiao_start1|g4-lower|r061|collecting erasers,renjiao_start1,4年级下,4,下,61,collecting erasers,collecting erasers,,,无,人教版一年级起点四年级下.xlsx
renjiao_start1|g4-lower|r062|different,renjiao_start1,4年级下,4,下,62,different,different,[ˈdɪfrənt],[ˈdɪfrənt],"adj. 不同的;个别的,与众不同的",人教版一年级起点四年级下.xlsx
renjiao_start1|g4-lower|r063|hobby,renjiao_start1,4年级下,4,下,63,hobby,hobby,[ˈhɒbi],[ˈhɑːbi],n. 嗜好;业余爱好,人教版一年级起点四年级下.xlsx
renjiao_start1|g4-lower|r064|stamp,renjiao_start1,4年级下,4,下,64,stamp,stamp,[stæmp],[stæmp],n. 邮票;印记;标志;跺脚 vt. 铭记;标出;盖章于...;贴邮票于...;用脚踩踏 vi. 跺脚;捣碎;毁掉,人教版一年级起点四年级下.xlsx
renjiao_start1|g4-lower|r065|catch,renjiao_start1,4年级下,4,下,65,catch,catch,[kætʃ],[kætʃ],n. 捕捉;捕获物;窗钩 vt. 赶上;抓住;感染;了解 vi. 赶上;抓住,人教版一年级起点四年级下.xlsx
renjiao_start1|g4-lower|r066|go for a picnic,renjiao_start1,4年级下,4,下,66,go for a picnic,go for a picnic,,,去野餐;去野炊;出去野炊,人教版一年级起点四年级下.xlsx
renjiao_start1|g4-lower|r067|play the violin,renjiao_start1,4年级下,4,下,67,play the violin,play the violin,,,拉小提琴;弹小提琴;演奏小提琴,人教版一年级起点四年级下.xlsx
renjiao_start1|g4-lower|r068|go skating,renjiao_start1,4年级下,4,下,68,go skating,go skating,,,去滑冰;去溜冰;滑雪,人教版一年级起点四年级下.xlsx
renjiao_start1|g4-lower|r069|go camping,renjiao_start1,4年级下,4,下,69,go camping,go camping,,,去野营;去露营;宿营,人教版一年级起点四年级下.xlsx
renjiao_start1|g4-lower|r070|do the housework,renjiao_start1,4年级下,4,下,70,do the housework,do the housework,,,做家务;做家务活;料理家务,人教版一年级起点四年级下.xlsx
renjiao_start1|g4-lower|r071|free,renjiao_start1,4年级下,4,下,71,free,free,[friː],[friː],"adj. 免费的;自由的,不受约束的;[化学] 游离的 vt. 使自由,解放;释放 adv. 自由地;免费",人教版一年级起点四年级下.xlsx
renjiao_start1|g4-lower|r072|never,renjiao_start1,4年级下,4,下,72,never,never,[ˈnevə(r)],[ˈnevər],adv. 从未;决不,人教版一年级起点四年级下.xlsx
renjiao_start1|g4-lower|r073|once a week,renjiao_start1,4年级下,4,下,73,once a week,once a week,,,一周一次;每周一次;一星期一次,人教版一年级起点四年级下.xlsx
renjiao_start1|g4-lower|r074|twice a week,renjiao_start1,4年级下,4,下,74,twice a week,twice a week,,,一周两次;每周两次;一星期两次,人教版一年级起点四年级下.xlsx
renjiao_start1|g4-lower|r075|three times a week,renjiao_start1,4年级下,4,下,75,three times a week,three times a week,,,一周三次;每周三次;一星期三次,人教版一年级起点四年级下.xlsx
renjiao_start1|g4-lower|r076|canada,renjiao_start1,4年级下,4,下,76,Canada,canada,[ˈkænədə],[ˈkænədə],n. 加拿大(北美洲国家),人教版一年级起点四年级下.xlsx
renjiao_start1|g4-lower|r077|australia,renjiao_start1,4年级下,4,下,77,Australia,australia,[ɒˈstreɪliə],[ɔːˈstreɪliə],"n. 澳大利亚,澳洲",人教版一年级起点四年级下.xlsx
renjiao_start1|g4-lower|r078|the uk,renjiao_start1,4年级下,4,下,78,the UK,the uk,,,(等于the United Kingdom)英国,人教版一年级起点四年级下.xlsx
renjiao_start1|g4-lower|r079|the usa,renjiao_start1,4年级下,4,下,79,the USA,the usa,,,美国;美利坚合众国;现在我们有美国的大哥,人教版一年级起点四年级下.xlsx
renjiao_start1|g4-lower|r080|china,renjiao_start1,4年级下,4,下,80,China,china,[ˈtʃaɪnə],[ˈtʃaɪnə],"n. 中国 n. china,瓷器 adj. 中国的;中国制造的 adj. china,瓷制的",人教版一年级起点四年级下.xlsx
renjiao_start1|g4-lower|r081|koala,renjiao_start1,4年级下,4,下,81,koala,koala,[kəʊˈɑːlə],[koʊˈɑːlə],"n. 树袋熊,无尾熊(产于澳大利亚,又名考拉)",人教版一年级起点四年级下.xlsx
renjiao_start1|g4-lower|r082|maple leaves,renjiao_start1,4年级下,4,下,82,maple leaves,maple leaves,,,枫叶;枫树叶子;枫树留下,人教版一年级起点四年级下.xlsx
renjiao_start1|g4-lower|r083|big ben,renjiao_start1,4年级下,4,下,83,Big Ben,big ben,,,"n. 英国伦敦议会大厦顶的大钟, 美国得州西南部的国立大本德公园(Big Bend National Park)",人教版一年级起点四年级下.xlsx
renjiao_start1|g4-lower|r084|disneyland,renjiao_start1,4年级下,4,下,84,Disneyland,disneyland,[ˈdɪznilænd],[ˈdɪznilænd],n. 迪斯尼乐园;幻想世界,人教版一年级起点四年级下.xlsx
renjiao_start1|g4-lower|r085|campfire,renjiao_start1,4年级下,4,下,85,campfire,campfire,[ˈkæmpfaɪə(r)],[ˈkæmpfaɪər],n. 营火;营火会,人教版一年级起点四年级下.xlsx
renjiao_start1|g4-lower|r086|cute,renjiao_start1,4年级下,4,下,86,cute,cute,[kjuːt],[kjuːt],"adj. 可爱的;漂亮的;聪明的,伶俐的",人教版一年级起点四年级下.xlsx
renjiao_start1|g4-lower|r087|country,renjiao_start1,4年级下,4,下,87,country,country,[ˈkʌntri],[ˈkʌntri],"n. 国家,国土;国民;乡下,农村;乡村;故乡 adj. 祖国的,故乡的;地方的,乡村的;国家的;粗鲁的;乡村音乐的",人教版一年级起点四年级下.xlsx
renjiao_start1|g4-lower|r088|pretty,renjiao_start1,4年级下,4,下,88,pretty,pretty,[ˈprɪti],[ˈprɪti],n. 有吸引力的事物(尤指饰品);漂亮的人 adj. 漂亮的;可爱的;优美的 adv. 相当地;颇,人教版一年级起点四年级下.xlsx
renjiao_start1|g5-upper|r002|clever,renjiao_start1,5年级上,5,上,2,clever,clever,[ˈklevə(r)],[ˈklevər],adj. 聪明的;机灵的;熟练的 [ 比较级cleverer 最高级 cleverest ],人教版一年级起点五年级上.xlsx
renjiao_start1|g5-upper|r003|careless,renjiao_start1,5年级上,5,上,3,careless,careless,[ˈkeələs],[ˈkerləs],adj. 粗心的;无忧无虑的;淡漠的,人教版一年级起点五年级上.xlsx
renjiao_start1|g5-upper|r004|polite,renjiao_start1,5年级上,5,上,4,polite,polite,[pəˈlaɪt],[pəˈlaɪt],"adj. 有礼貌的,客气的;文雅的;上流的;优雅的",人教版一年级起点五年级上.xlsx
renjiao_start1|g5-upper|r005|quiet,renjiao_start1,5年级上,5,上,5,quiet,quiet,[ˈkwaɪət],[ˈkwaɪət],n. 安静;和平 adj. 安静的;安定的;不动的;温顺的 vt. 使平息;安慰 vi. 平静下来,人教版一年级起点五年级上.xlsx
renjiao_start1|g5-upper|r006|cute,renjiao_start1,5年级上,5,上,6,cute,cute,[kjuːt],[kjuːt],"adj. 可爱的;漂亮的;聪明的,伶俐的",人教版一年级起点五年级上.xlsx
renjiao_start1|g5-upper|r007|friendly,renjiao_start1,5年级上,5,上,7,friendly,friendly,[ˈfrendli],[ˈfrendli],"adj. 友好的;亲切的;支持的;融洽的,和睦的 adv. 友善地;温和地",人教版一年级起点五年级上.xlsx
renjiao_start1|g5-upper|r008|helpful,renjiao_start1,5年级上,5,上,8,helpful,helpful,[ˈhelpfl],[ˈhelpfl],adj. 有帮助的;有益的,人教版一年级起点五年级上.xlsx
renjiao_start1|g5-upper|r009|active,renjiao_start1,5年级上,5,上,9,active,active,[ˈæktɪv],[ˈæktɪv],n. 主动语态;积极分子 adj. 积极的;活跃的;主动的;有效的;现役的,人教版一年级起点五年级上.xlsx
renjiao_start1|g5-upper|r010|popular,renjiao_start1,5年级上,5,上,10,popular,popular,[ˈpɒpjələ(r)],[ˈpɑːpjələr],"adj. 流行的,通俗的;受欢迎的;大众的;普及的",人教版一年级起点五年级上.xlsx
renjiao_start1|g5-upper|r011|talk,renjiao_start1,5年级上,5,上,11,talk,talk,[tɔːk],[tɔːk],n. 谈话;演讲;空谈 vi. 谈话;说闲话 vt. 说;谈话;讨论,人教版一年级起点五年级上.xlsx
renjiao_start1|g5-upper|r012|party,renjiao_start1,5年级上,5,上,12,party,party,[ˈpɑːti],[ˈpɑːrti],"n. 政党,党派;聚会,派对;当事人 [复数 parties] vi. 参加社交聚会 [ 过去式 partied 过去分词 partied 现在分词 partying ]",人教版一年级起点五年级上.xlsx
renjiao_start1|g5-upper|r013|all,renjiao_start1,5年级上,5,上,13,all,all,[ɔːl],[ɔːl],n. 全部 adj. 全部的 adv. 全然地;越发 pron. 全部,人教版一年级起点五年级上.xlsx
renjiao_start1|g5-upper|r014|but,renjiao_start1,5年级上,5,上,14,but,but,[bət],[bət; bʌt],"conj. 但是;而是;然而 adv. 仅仅,只 prep. 除...以外",人教版一年级起点五年级上.xlsx
renjiao_start1|g5-upper|r015|sometimes,renjiao_start1,5年级上,5,上,15,sometimes,sometimes,[ˈsʌmtaɪmz],[ˈsʌmtaɪmz],"adv. 有时,间或",人教版一年级起点五年级上.xlsx
renjiao_start1|g5-upper|r016|bark,renjiao_start1,5年级上,5,上,16,bark,bark,[bɑːk],[bɑːrk],n. 树皮;深青棕色;毛皮;皮肤;狗叫 vt. 狗叫;尖叫;剥皮,人教版一年级起点五年级上.xlsx
renjiao_start1|g5-upper|r017|forget,renjiao_start1,5年级上,5,上,17,forget,forget,[fəˈɡet],[fərˈɡet],vi. 忘记 vt. 忘记;忽略,人教版一年级起点五年级上.xlsx
renjiao_start1|g5-upper|r018|with,renjiao_start1,5年级上,5,上,18,with,with,[wɪð],[wɪð; wɪθ],prep. 用;随着;支持;和...在一起,人教版一年级起点五年级上.xlsx
renjiao_start1|g5-upper|r019|wear glasses,renjiao_start1,5年级上,5,上,19,wear glasses,wear glasses,,,戴眼镜;戴着眼镜;带着眼镜,人教版一年级起点五年级上.xlsx
renjiao_start1|g5-upper|r020|slim,renjiao_start1,5年级上,5,上,20,slim,slim,[slɪm],[slɪm],adj. 苗条的;修长的;微小的;差的 vt. 使...体重减轻;使...苗条 vi. 减轻体重;变细,人教版一年级起点五年级上.xlsx
renjiao_start1|g5-upper|r021|curly,renjiao_start1,5年级上,5,上,21,curly,curly,[ˈkɜːli],[ˈkɜːrli],adj. 卷曲的;卷毛的;(木材)有皱状纹理的;蜷缩的,人教版一年级起点五年级上.xlsx
renjiao_start1|g5-upper|r022|straight,renjiao_start1,5年级上,5,上,22,straight,straight,[streɪt],[streɪt],"n. 直;直线;直男,直女,异性恋者 adj. 直的;连续的;笔直的;正直的;整齐的;异性恋的 adv. 直接地;不断地;立即;坦率地",人教版一年级起点五年级上.xlsx
renjiao_start1|g5-upper|r023|nice,renjiao_start1,5年级上,5,上,23,nice,nice,[naɪs],[naɪs],adj. 精密的;美好的;细微的;和蔼的,人教版一年级起点五年级上.xlsx
renjiao_start1|g5-upper|r024|young,renjiao_start1,5年级上,5,上,24,young,young,[jʌŋ],[jʌŋ],"n. 年轻人;(动物的)崽,仔 adj. 年轻的;初期的;没有经验的",人教版一年级起点五年级上.xlsx
renjiao_start1|g5-upper|r025|teach,renjiao_start1,5年级上,5,上,25,teach,teach,[tiːtʃ],[tiːtʃ],vt. 教;教授;教导 vi. 教授;讲授;当老师,人教版一年级起点五年级上.xlsx
renjiao_start1|g5-upper|r026|guess,renjiao_start1,5年级上,5,上,26,guess,guess,[ɡes],[ɡes],n. 猜测;推测 vi. 猜;推测;猜中 vt. 猜测;认为;推测;猜中 n. 盖尔斯(美国服装品牌),人教版一年级起点五年级上.xlsx
renjiao_start1|g5-upper|r027|has,renjiao_start1,5年级上,5,上,27,has,has,[həz],[həz; əz; hæz],"v. 有,吃,得到,从事,允许,雇用,享有(have的第三人称单数);(亲属关系中)接受;拿;买到",人教版一年级起点五年级上.xlsx
renjiao_start1|g5-upper|r028|animal,renjiao_start1,5年级上,5,上,28,animal,animal,[ˈænɪm(ə)l],[ˈænɪm(ə)l],n. 动物 动物的,人教版一年级起点五年级上.xlsx
renjiao_start1|g5-upper|r029|elephant,renjiao_start1,5年级上,5,上,29,elephant,elephant,[ˈelɪfənt],[ˈelɪfənt],n. 象;大号图画纸,人教版一年级起点五年级上.xlsx
renjiao_start1|g5-upper|r030|panda,renjiao_start1,5年级上,5,上,30,panda,panda,[ˈpændə],[ˈpændə],n. 熊猫;猫熊,人教版一年级起点五年级上.xlsx
renjiao_start1|g5-upper|r031|horse,renjiao_start1,5年级上,5,上,31,horse,horse,[hɔːs],[hɔːrs],n. 马;骑兵;脚架;海洛因 vt. 使骑马;系马于;捉弄 vi. 骑马;作弄人,人教版一年级起点五年级上.xlsx
renjiao_start1|g5-upper|r032|cow,renjiao_start1,5年级上,5,上,32,cow,cow,[kaʊ],[kaʊ],"n. 奶牛,母牛;母兽 vt. 威胁,恐吓",人教版一年级起点五年级上.xlsx
renjiao_start1|g5-upper|r033|pig,renjiao_start1,5年级上,5,上,33,pig,pig,[pɪɡ],[pɪɡ],"n. 猪;猪肉 vi. 生小猪;像猪一样过活 n. 警察(俚语,带有攻击性)",人教版一年级起点五年级上.xlsx
renjiao_start1|g5-upper|r034|sheep,renjiao_start1,5年级上,5,上,34,sheep,sheep,[ʃiːp],[ʃiːp],"n. 羊,绵羊;胆小鬼",人教版一年级起点五年级上.xlsx
renjiao_start1|g5-upper|r035|bee,renjiao_start1,5年级上,5,上,35,bee,bee,[biː],[biː],"n. 蜜蜂,蜂;勤劳的人",人教版一年级起点五年级上.xlsx
renjiao_start1|g5-upper|r036|farm,renjiao_start1,5年级上,5,上,36,farm,farm,[fɑːm],[fɑːrm],"n. 农场;农家;畜牧场 vt. 养殖;耕种;佃出(土地) vi. 种田,务农;经营农场",人教版一年级起点五年级上.xlsx
renjiao_start1|g5-upper|r037|fast,renjiao_start1,5年级上,5,上,37,fast,fast,[fɑːst],[fæst],"n. 斋戒;绝食 adj. 快速的,迅速的;紧的,稳固的 adv. 迅速地;紧紧地;彻底地 vi. 禁食,斋戒",人教版一年级起点五年级上.xlsx
renjiao_start1|g5-upper|r038|why,renjiao_start1,5年级上,5,上,38,why,why,[waɪ],[waɪ],int. 哎呀!什么? adv. 为什么,人教版一年级起点五年级上.xlsx
renjiao_start1|g5-upper|r039|lovely,renjiao_start1,5年级上,5,上,39,lovely,lovely,[ˈlʌvli],[ˈlʌvli],"adj. 可爱的;令人愉快的;爱恋的;秀丽的,优美的 n. 美女;可爱的东西",人教版一年级起点五年级上.xlsx
renjiao_start1|g5-upper|r040|butterfly,renjiao_start1,5年级上,5,上,40,butterfly,butterfly,[ˈbʌtəflaɪ],[ˈbʌtərflaɪ],n. 蝴蝶;蝶泳;举止轻浮的人;追求享乐的人,人教版一年级起点五年级上.xlsx
renjiao_start1|g5-upper|r041|exercise book,renjiao_start1,5年级上,5,上,41,exercise book,exercise book,,,n. 练习本;练习册;作业本,人教版一年级起点五年级上.xlsx
renjiao_start1|g5-upper|r042|pencil sharpener,renjiao_start1,5年级上,5,上,42,pencil sharpener,pencil sharpener,,,n. 卷笔刀,人教版一年级起点五年级上.xlsx
renjiao_start1|g5-upper|r043|a pair of scissors,renjiao_start1,5年级上,5,上,43,a pair of scissors,a pair of scissors,,,一把剪刀;一副剪刀;一双剪刀,人教版一年级起点五年级上.xlsx
renjiao_start1|g5-upper|r044|pencil box,renjiao_start1,5年级上,5,上,44,pencil box,pencil box,,,铅笔盒;文具盒;你的铅笔盒,人教版一年级起点五年级上.xlsx
renjiao_start1|g5-upper|r045|a box of crayons,renjiao_start1,5年级上,5,上,45,a box of crayons,a box of crayons,,,无,人教版一年级起点五年级上.xlsx
renjiao_start1|g5-upper|r046|please,renjiao_start1,5年级上,5,上,46,please,please,[pliːz],[pliːz],"int. 请(礼貌用语) vt. 使喜欢;使高兴,使满意 vi. 讨人喜欢;令人高兴",人教版一年级起点五年级上.xlsx
renjiao_start1|g5-upper|r047|only,renjiao_start1,5年级上,5,上,47,only,only,[ˈəʊnli],[ˈoʊnli],"adv. 只,仅仅;不料 adj. 唯一的,仅有的;最合适的 conj. 但是;不过;可是",人教版一年级起点五年级上.xlsx
renjiao_start1|g5-upper|r048|also,renjiao_start1,5年级上,5,上,48,also,also,[ˈɔːlsəʊ],[ˈɔːlsoʊ],conj. 并且;另外 adv. 也;而且;同样,人教版一年级起点五年级上.xlsx
renjiao_start1|g5-upper|r049|saleswoman,renjiao_start1,5年级上,5,上,49,saleswoman,saleswoman,[ˈseɪlzwʊmən],[ˈseɪlzwʊmən],n. [贸易] 女售货员;[贸易] 女店员,人教版一年级起点五年级上.xlsx
renjiao_start1|g5-upper|r050|great,renjiao_start1,5年级上,5,上,50,great,great,[ɡreɪt],[ɡreɪt],"n. 大师;大人物;伟人们 adj. 伟大的,重大的;极好的,好的;主要的",人教版一年级起点五年级上.xlsx
renjiao_start1|g5-upper|r051|love,renjiao_start1,5年级上,5,上,51,love,love,[lʌv],[lʌv],"n. 恋爱;亲爱的;酷爱;喜爱的事物;爱情,爱意;疼爱;热爱;爱人,所爱之物 v. 爱,热爱;爱戴;赞美,称赞;喜爱;喜好;喜欢;爱慕",人教版一年级起点五年级上.xlsx
renjiao_start1|g5-upper|r052|how much,renjiao_start1,5年级上,5,上,52,how much,how much,[haʊ mʌtʃ],[haʊ mʌtʃ],conj. 多少,人教版一年级起点五年级上.xlsx
renjiao_start1|g5-upper|r053|a lot,renjiao_start1,5年级上,5,上,53,a lot,a lot,,,n. 许多 adv. 常,人教版一年级起点五年级上.xlsx
renjiao_start1|g5-upper|r054|wonderful,renjiao_start1,5年级上,5,上,54,wonderful,wonderful,[ˈwʌndəf(ə)l],[ˈwʌndərf(ə)l],"adj. 极好的,精彩的,绝妙的;奇妙的;美妙;胜;神妙",人教版一年级起点五年级上.xlsx
renjiao_start1|g5-upper|r055|cool,renjiao_start1,5年级上,5,上,55,cool,cool,[kuːl],[kuːl],n. 凉爽;凉爽的空气 adj. 凉爽的;冷静的;出色的 vt. 使...冷却;使...平静下来 vi. 变凉;平息 adv. 冷静地,人教版一年级起点五年级上.xlsx
renjiao_start1|g5-upper|r056|fantastic,renjiao_start1,5年级上,5,上,56,fantastic,fantastic,[fænˈtæstɪk],[fænˈtæstɪk],"n. 古怪的人 adj. 奇异的;空想的;异想天开的;古怪的;极好的,极出色的;不可思议的;不切实际的",人教版一年级起点五年级上.xlsx
renjiao_start1|g5-upper|r057|cartoons,renjiao_start1,5年级上,5,上,57,cartoons,cartoons,[kɑːˈtuːnz],[kɑrˈtʊn],n. 卡通动画;动漫图书(cartoon的复数) v. 画漫画(cartoon的三单形式),人教版一年级起点五年级上.xlsx
renjiao_start1|g5-upper|r058|news shows,renjiao_start1,5年级上,5,上,58,news shows,news shows,,,新闻节目,人教版一年级起点五年级上.xlsx
renjiao_start1|g5-upper|r059|nature shows,renjiao_start1,5年级上,5,上,59,nature shows,nature shows,,,无,人教版一年级起点五年级上.xlsx
renjiao_start1|g5-upper|r060|chore,renjiao_start1,5年级上,5,上,60,chore,chore,[tʃɔː(r)],[tʃɔːr],n. 家庭杂务;日常的零星事务;讨厌的或累人的工作,人教版一年级起点五年级上.xlsx
renjiao_start1|g5-upper|r061|clean the room,renjiao_start1,5年级上,5,上,61,clean the room,clean the room,,,打扫房间;清扫房间;清洁房间,人教版一年级起点五年级上.xlsx
renjiao_start1|g5-upper|r062|make the bed,renjiao_start1,5年级上,5,上,62,make the bed,make the bed,,,铺床;整理床铺;整理被物,人教版一年级起点五年级上.xlsx
renjiao_start1|g5-upper|r063|take out the rubbish,renjiao_start1,5年级上,5,上,63,take out the rubbish,take out the rubbish,,,无,人教版一年级起点五年级上.xlsx
renjiao_start1|g5-upper|r064|wash clothes,renjiao_start1,5年级上,5,上,64,wash clothes,wash clothes,,,洗衣服;爱洗衣服的小羊;清洗衣物,人教版一年级起点五年级上.xlsx
renjiao_start1|g5-upper|r065|tidy the desk,renjiao_start1,5年级上,5,上,65,tidy the desk,tidy the desk,,,无,人教版一年级起点五年级上.xlsx
renjiao_start1|g5-upper|r066|sweep the floor,renjiao_start1,5年级上,5,上,66,sweep the floor,sweep the floor,,,扫地;清扫地板;打扫地板,人教版一年级起点五年级上.xlsx
renjiao_start1|g5-upper|r067|call,renjiao_start1,5年级上,5,上,67,call,call,[kɔːl],[kɔːl],n. 电话;呼叫;要求;访问 vi. 呼叫;拜访;叫牌 vt. 呼叫;称呼;召集,人教版一年级起点五年级上.xlsx
renjiao_start1|g5-lower|r002|too much,renjiao_start1,5年级下,5,下,2,too much,too much,,,na. 太过份,人教版一年级起点五年级下.xlsx
renjiao_start1|g5-lower|r003|candy,renjiao_start1,5年级下,5,下,3,candy,candy,[ˈkændi],[ˈkændi],"n. 糖果(等于sweets);冰糖(等于sugar candy,rock candy);毒品 adj. 新潮的(服饰);甜言蜜语的 vt. 用糖煮;使结晶为砂糖;美化 vi. 糖煮;成为结晶",人教版一年级起点五年级下.xlsx
renjiao_start1|g5-lower|r004|go to bed,renjiao_start1,5年级下,5,下,4,go to bed,go to bed,,,na. 睡;同床;【印】付印,人教版一年级起点五年级下.xlsx
renjiao_start1|g5-lower|r005|early,renjiao_start1,5年级下,5,下,5,early,early,[ˈɜːli],[ˈɜːrli],adj. 早期的;早熟的 adv. 提早;在初期,人教版一年级起点五年级下.xlsx
renjiao_start1|g5-lower|r006|exercise,renjiao_start1,5年级下,5,下,6,exercise,exercise,[ˈeksəsaɪz],[ˈeksərsaɪz],n. 运动;练习;运用;操练;礼拜;典礼 vt. 锻炼;练习;使用;使忙碌;使惊恐 vi. 运动;练习,人教版一年级起点五年级下.xlsx
renjiao_start1|g5-lower|r007|tired,renjiao_start1,5年级下,5,下,7,tired,tired,[ˈtaɪəd],[ˈtaɪərd],"v. 疲倦;对...腻烦(tire的过去分词形式) adj. 疲倦的;厌倦的,厌烦的",人教版一年级起点五年级下.xlsx
renjiao_start1|g5-lower|r008|drink,renjiao_start1,5年级下,5,下,8,drink,drink,[drɪŋk],[drɪŋk],"n. 酒,饮料;喝酒 vt. 喝,饮;吸收;举杯庆贺 vi. 喝酒;饮水;干杯",人教版一年级起点五年级下.xlsx
renjiao_start1|g5-lower|r009|before,renjiao_start1,5年级下,5,下,9,before,before,[bɪˈfɔː(r)],[bɪˈfɔːr],"prep. 在...之前,先于 conj. 在...以前;在...之前 adv. 以前;在前",人教版一年级起点五年级下.xlsx
renjiao_start1|g5-lower|r010|dirty,renjiao_start1,5年级下,5,下,10,dirty,dirty,[ˈdɜːti],[ˈdɜːrti],"adj. 下流的,卑鄙的;肮脏的;恶劣的;暗淡的 vt. 弄脏 vi. 变脏",人教版一年级起点五年级下.xlsx
renjiao_start1|g5-lower|r011|always,renjiao_start1,5年级下,5,下,11,always,always,[ˈɔːlweɪz],[ˈɔːlweɪz],"adv. 永远,一直;总是;常常",人教版一年级起点五年级下.xlsx
renjiao_start1|g5-lower|r012|stomachache,renjiao_start1,5年级下,5,下,12,stomachache,stomachache,[ˈstʌməkeɪk],[ˈstʌməkˌeɪk],"n. 腹痛,肚子痛;胃痛",人教版一年级起点五年级下.xlsx
renjiao_start1|g5-lower|r013|headache,renjiao_start1,5年级下,5,下,13,headache,headache,[ˈhedeɪk],[ˈhedeɪk],n. 头痛;麻烦;令人头痛之事,人教版一年级起点五年级下.xlsx
renjiao_start1|g5-lower|r014|toothache,renjiao_start1,5年级下,5,下,14,toothache,toothache,[ˈtuːθeɪk],[ˈtuːθeɪk],n. [口腔] 牙痛,人教版一年级起点五年级下.xlsx
renjiao_start1|g5-lower|r015|a lot of,renjiao_start1,5年级下,5,下,15,a lot of,a lot of,,,det. 许多,人教版一年级起点五年级下.xlsx
renjiao_start1|g5-lower|r016|sleepy,renjiao_start1,5年级下,5,下,16,sleepy,sleepy,[ˈsliːpi],[ˈsliːpi],adj. 欲睡的;困乏的;不活跃的,人教版一年级起点五年级下.xlsx
renjiao_start1|g5-lower|r017|subject,renjiao_start1,5年级下,5,下,17,subject,subject,[ˈsʌbdʒɪkt; ˈsʌbdʒekt],[ˈsʌbdʒɪkt; ˈsʌbdʒekt],n. 主题;科目;[语] 主语;国民 adj. 服从的;易患...的;受制于...的 vt. 使...隶属;使屈从于...,人教版一年级起点五年级下.xlsx
renjiao_start1|g5-lower|r018|mark,renjiao_start1,5年级下,5,下,18,mark,mark,[mɑːk],[mɑːrk],n. 标志;马克;符号;痕迹;分数 vi. 作记号 vt. .标志;做标记于;打分数 n. . 标志;做标记于;打分数,人教版一年级起点五年级下.xlsx
renjiao_start1|g5-lower|r019|advice,renjiao_start1,5年级下,5,下,19,advice,advice,[ədˈvaɪs],[ədˈvaɪs],n. 建议;忠告;劝告;通知,人教版一年级起点五年级下.xlsx
renjiao_start1|g5-lower|r020|more,renjiao_start1,5年级下,5,下,20,more,more,[mɔː(r)],[mɔːr],adv. 更多;此外;更大程度地 adj. 更多的;附加的 pron. 更多的数量 n. 更多,人教版一年级起点五年级下.xlsx
renjiao_start1|g5-lower|r021|new year's day,renjiao_start1,5年级下,5,下,21,New Year's Day,new year's day,,,na. 元旦,人教版一年级起点五年级下.xlsx
renjiao_start1|g5-lower|r022|tree planting day,renjiao_start1,5年级下,5,下,22,Tree Planting Day,tree planting day,,,无,人教版一年级起点五年级下.xlsx
renjiao_start1|g5-lower|r023|mother's day,renjiao_start1,5年级下,5,下,23,Mother's Day,mother's day,,,na. (美国和加拿大的)母亲节,人教版一年级起点五年级下.xlsx
renjiao_start1|g5-lower|r024|children's day,renjiao_start1,5年级下,5,下,24,Children's Day,children's day,,,na. 儿童节,人教版一年级起点五年级下.xlsx
renjiao_start1|g5-lower|r025|father's day,renjiao_start1,5年级下,5,下,25,Father's Day,father's day,,,na. 〈美〉父亲节(每年六月的第三个星期日),人教版一年级起点五年级下.xlsx
renjiao_start1|g5-lower|r026|teachers' day,renjiao_start1,5年级下,5,下,26,Teachers' Day,teachers' day,,,n. 教师节,人教版一年级起点五年级下.xlsx
renjiao_start1|g5-lower|r027|national day,renjiao_start1,5年级下,5,下,27,National Day,national day,,,na. 国庆日,人教版一年级起点五年级下.xlsx
renjiao_start1|g5-lower|r028|christmas day,renjiao_start1,5年级下,5,下,28,Christmas Day,christmas day,,,"n. 【宗,基督】圣诞节;圣诞节时期",人教版一年级起点五年级下.xlsx
renjiao_start1|g5-lower|r029|birthday,renjiao_start1,5年级下,5,下,29,birthday,birthday,[ˈbɜːθdeɪ],[ˈbɜːrθdeɪ],"n. 生日,诞辰;诞生的日子",人教版一年级起点五年级下.xlsx
renjiao_start1|g5-lower|r030|fifth,renjiao_start1,5年级下,5,下,30,fifth,fifth,[fɪfθ],[fɪfθ],num. 第五 n. 第五;五分之一 adj. 第五的;五分之一的,人教版一年级起点五年级下.xlsx
renjiao_start1|g5-lower|r031|5th,renjiao_start1,5年级下,5,下,31,5th,5th,,,n. 第五(fifth),人教版一年级起点五年级下.xlsx
renjiao_start1|g5-lower|r032|tenth,renjiao_start1,5年级下,5,下,32,tenth,tenth,[tenθ],[tenθ],num. 第十;十分之一 adj. 十分之一的;第十个的,人教版一年级起点五年级下.xlsx
renjiao_start1|g5-lower|r033|10th,renjiao_start1,5年级下,5,下,33,10th,10th,,,无,人教版一年级起点五年级下.xlsx
renjiao_start1|g5-lower|r034|twelfth,renjiao_start1,5年级下,5,下,34,twelfth,twelfth,[twelfθ],[twelfθ],"n. 第十二;月的第十二日 adj. 第十二的,第十二个",人教版一年级起点五年级下.xlsx
renjiao_start1|g5-lower|r035|12th,renjiao_start1,5年级下,5,下,35,12th,12th,,,无,人教版一年级起点五年级下.xlsx
renjiao_start1|g5-lower|r036|twenty-fifth,renjiao_start1,5年级下,5,下,36,twenty-fifth,twenty-fifth,,,第二十五,人教版一年级起点五年级下.xlsx
renjiao_start1|g5-lower|r037|25th,renjiao_start1,5年级下,5,下,37,25th,25th,,,无,人教版一年级起点五年级下.xlsx
renjiao_start1|g5-lower|r038|plant,renjiao_start1,5年级下,5,下,38,plant,plant,[plɑːnt],[plænt],"n. 工厂,车间;植物;设备;庄稼 vt. 种植;培养;栽培;安置 vi. 种植",人教版一年级起点五年级下.xlsx
renjiao_start1|g5-lower|r039|make a poster,renjiao_start1,5年级下,5,下,39,make a poster,make a poster,,,制作海报;做海报;作一个海报,人教版一年级起点五年级下.xlsx
renjiao_start1|g5-lower|r040|celebrate,renjiao_start1,5年级下,5,下,40,celebrate,celebrate,[ˈselɪbreɪt],[ˈselɪbreɪt],vt. 庆祝;举行;赞美;祝贺;宣告 vi. 庆祝;过节;举行宗教仪式,人教版一年级起点五年级下.xlsx
renjiao_start1|g5-lower|r041|have a picnic,renjiao_start1,5年级下,5,下,41,have a picnic,have a picnic,,,举行野餐;去野餐;吃野餐,人教版一年级起点五年级下.xlsx
renjiao_start1|g5-lower|r042|office,renjiao_start1,5年级下,5,下,42,office,office,[ˈɒfɪs],[ˈɑːfɪs],n. 办公室;政府机关;官职;营业处,人教版一年级起点五年级下.xlsx
renjiao_start1|g5-lower|r043|together,renjiao_start1,5年级下,5,下,43,together,together,[təˈɡeðə(r)],[təˈɡeðər],"adj. 新潮的;情绪稳定的,做事有效率的 adv. 一起;同时;相互;连续地;总共",人教版一年级起点五年级下.xlsx
renjiao_start1|g5-lower|r044|special,renjiao_start1,5年级下,5,下,44,special,special,[ˈspeʃ(ə)l],[ˈspeʃl],"n. 特使,特派人员;特刊;特色菜;专车;特价商品 adj. 特别的;专门的,专用的",人教版一年级起点五年级下.xlsx
renjiao_start1|g5-lower|r045|send an email,renjiao_start1,5年级下,5,下,45,send an email,send an email,,,无,人教版一年级起点五年级下.xlsx
renjiao_start1|g5-lower|r046|write a letter,renjiao_start1,5年级下,5,下,46,write a letter,write a letter,,,na. 写信,人教版一年级起点五年级下.xlsx
renjiao_start1|g5-lower|r047|make a phone call,renjiao_start1,5年级下,5,下,47,make a phone call,make a phone call,,,打电话;打个电话;打电话号码,人教版一年级起点五年级下.xlsx
renjiao_start1|g5-lower|r048|send a short message,renjiao_start1,5年级下,5,下,48,send a short message,send a short message,,,无,人教版一年级起点五年级下.xlsx
renjiao_start1|g5-lower|r049|mail a present,renjiao_start1,5年级下,5,下,49,mail a present,mail a present,,,无,人教版一年级起点五年级下.xlsx
renjiao_start1|g5-lower|r050|make a video call,renjiao_start1,5年级下,5,下,50,make a video call,make a video call,,,无,人教版一年级起点五年级下.xlsx
renjiao_start1|g5-lower|r051|say,renjiao_start1,5年级下,5,下,51,say,say,[seɪ],[seɪ],vt. 讲;说明;例如;声称;假设;指明 vi. 讲;表示;念;假定;背诵,人教版一年级起点五年级下.xlsx
renjiao_start1|g5-lower|r052|make a card,renjiao_start1,5年级下,5,下,52,make a card,make a card,,,na. (牌戏)打成一墩,人教版一年级起点五年级下.xlsx
renjiao_start1|g5-lower|r053|everywhere,renjiao_start1,5年级下,5,下,53,everywhere,everywhere,[ˈevriweə(r)],[ˈevriwer],n. 每个地方 adv. 到处,人教版一年级起点五年级下.xlsx
renjiao_start1|g5-lower|r054|flower show,renjiao_start1,5年级下,5,下,54,flower show,flower show,,,na. 花卉展览,人教版一年级起点五年级下.xlsx
renjiao_start1|g5-lower|r055|cleaned the window,renjiao_start1,5年级下,5,下,55,cleaned the window,cleaned the window,,,无,人教版一年级起点五年级下.xlsx
renjiao_start1|g5-lower|r056|watched tv,renjiao_start1,5年级下,5,下,56,watched TV,watched tv,,,无,人教版一年级起点五年级下.xlsx
renjiao_start1|g5-lower|r057|climbed a hill,renjiao_start1,5年级下,5,下,57,climbed a hill,climbed a hill,,,无,人教版一年级起点五年级下.xlsx
renjiao_start1|g5-lower|r058|visited grandparents,renjiao_start1,5年级下,5,下,58,visited grandparents,visited grandparents,,,无,人教版一年级起点五年级下.xlsx
renjiao_start1|g5-lower|r059|danced,renjiao_start1,5年级下,5,下,59,danced,danced,,,v. 跳舞( dance的过去式和过去分词 ); 手舞足蹈; 摇晃; 跳跃,人教版一年级起点五年级下.xlsx
renjiao_start1|g5-lower|r060|jumped rope,renjiao_start1,5年级下,5,下,60,jumped rope,jumped rope,,,跳绳游戏;跨越横线,人教版一年级起点五年级下.xlsx
renjiao_start1|g5-lower|r061|listened to music,renjiao_start1,5年级下,5,下,61,listened to music,listened to music,,,无,人教版一年级起点五年级下.xlsx
renjiao_start1|g5-lower|r062|rowed a boat,renjiao_start1,5年级下,5,下,62,rowed a boat,rowed a boat,,,无,人教版一年级起点五年级下.xlsx
renjiao_start1|g5-lower|r063|played computer games,renjiao_start1,5年级下,5,下,63,played computer games,played computer games,,,无,人教版一年级起点五年级下.xlsx
renjiao_start1|g5-lower|r064|stayed at home,renjiao_start1,5年级下,5,下,64,stayed at home,stayed at home,,,无,人教版一年级起点五年级下.xlsx
renjiao_start1|g5-lower|r065|played the piano,renjiao_start1,5年级下,5,下,65,played the piano,played the piano,,,无,人教版一年级起点五年级下.xlsx
renjiao_start1|g5-lower|r066|played chess,renjiao_start1,5年级下,5,下,66,played chess,played chess,[pleɪ tʃes],[pleɪ tʃes],无,人教版一年级起点五年级下.xlsx
renjiao_start1|g5-lower|r067|washed clothes,renjiao_start1,5年级下,5,下,67,washed clothes,washed clothes,,,无,人教版一年级起点五年级下.xlsx
renjiao_start1|g5-lower|r068|boring,renjiao_start1,5年级下,5,下,68,boring,boring,[ˈbɔːrɪŋ],[ˈbɔːrɪŋ],n. 钻孔 adj. 无聊的;令人厌烦的 v. 钻孔;使厌烦;挖空(bore的ing形式),人教版一年级起点五年级下.xlsx
renjiao_start1|g5-lower|r069|badminton,renjiao_start1,5年级下,5,下,69,badminton,badminton,[ˈbædmɪntən],[ˈbædmɪntən],n. 羽毛球,人教版一年级起点五年级下.xlsx
renjiao_start1|g5-lower|r070|won,renjiao_start1,5年级下,5,下,70,won,won,[wʌn],[wʌn],vt. 赢得(win的过去式和过去分词),人教版一年级起点五年级下.xlsx
renjiao_start1|g5-lower|r071|went to the beach,renjiao_start1,5年级下,5,下,71,went to the beach,went to the beach,,,无,人教版一年级起点五年级下.xlsx
renjiao_start1|g5-lower|r072|drank cold drinks,renjiao_start1,5年级下,5,下,72,drank cold drinks,drank cold drinks,,,无,人教版一年级起点五年级下.xlsx
renjiao_start1|g5-lower|r073|swam,renjiao_start1,5年级下,5,下,73,swam,swam,[swæm],[swæm],v. 游泳(swim的过去式),人教版一年级起点五年级下.xlsx
renjiao_start1|g5-lower|r074|ate ice-cream,renjiao_start1,5年级下,5,下,74,ate ice-cream,ate ice-cream,,,无,人教版一年级起点五年级下.xlsx
renjiao_start1|g5-lower|r075|the stone forest,renjiao_start1,5年级下,5,下,75,the Stone Forest,the stone forest,,,无,人教版一年级起点五年级下.xlsx
renjiao_start1|g5-lower|r076|bought some gifts,renjiao_start1,5年级下,5,下,76,bought some gifts,bought some gifts,,,无,人教版一年级起点五年级下.xlsx
renjiao_start1|g5-lower|r077|took photos,renjiao_start1,5年级下,5,下,77,took photos,took photos,,,无,人教版一年级起点五年级下.xlsx
renjiao_start1|g5-lower|r078|saw flowers,renjiao_start1,5年级下,5,下,78,saw flowers,saw flowers,,,无,人教版一年级起点五年级下.xlsx
renjiao_start1|g5-lower|r079|slept,renjiao_start1,5年级下,5,下,79,slept,slept,[slept],[slept],v. 睡觉(sleep的过去式和过去分词),人教版一年级起点五年级下.xlsx
renjiao_start1|g5-lower|r080|delicious,renjiao_start1,5年级下,5,下,80,delicious,delicious,[dɪˈlɪʃəs],[dɪˈlɪʃəs],adj. 美味的;可口的,人教版一年级起点五年级下.xlsx
renjiao_start1|g5-lower|r081|felt happy,renjiao_start1,5年级下,5,下,81,felt happy,felt happy,,,无,人教版一年级起点五年级下.xlsx
renjiao_start1|g5-lower|r082|sad,renjiao_start1,5年级下,5,下,82,sad,sad,[sæd],[sæd],"adj. 难过的;悲哀的,令人悲痛的;凄惨的,阴郁的(形容颜色)",人教版一年级起点五年级下.xlsx
renjiao_start1|g5-lower|r083|left,renjiao_start1,5年级下,5,下,83,left,left,[left],[left],adj. 左边的;左派的;剩下的 adv. 在左面 n. 左边;左派;激进分子 v. 离开(leave的过去式),人教版一年级起点五年级下.xlsx
renjiao_start1|g5-lower|r084|french fries,renjiao_start1,5年级下,5,下,84,French fries,french fries,[ˈfrentʃ fraɪz],[frentʃ fraɪz],n. 【食】炸薯条,人教版一年级起点五年级下.xlsx
renjiao_start1|g5-lower|r085|were,renjiao_start1,5年级下,5,下,85,were,were,[wə(r); wɜː(r)],[wər; wɜːr],"v. 是,在(are的过去式)",人教版一年级起点五年级下.xlsx
renjiao_start1|g5-lower|r086|was born,renjiao_start1,5年级下,5,下,86,was born,was born,,,出生;出生於;出生于,人教版一年级起点五年级下.xlsx
renjiao_start1|g5-lower|r087|started to speak,renjiao_start1,5年级下,5,下,87,started to speak,started to speak,,,无,人教版一年级起点五年级下.xlsx
renjiao_start1|g5-lower|r088|learned to walk,renjiao_start1,5年级下,5,下,88,learned to walk,learned to walk,,,无,人教版一年级起点五年级下.xlsx
renjiao_start1|g5-lower|r089|learned to ride a bike,renjiao_start1,5年级下,5,下,89,learned to ride a bike,learned to ride a bike,,,无,人教版一年级起点五年级下.xlsx
renjiao_start1|g5-lower|r090|went to kindergarten,renjiao_start1,5年级下,5,下,90,went to kindergarten,went to kindergarten,,,无,人教版一年级起点五年级下.xlsx
renjiao_start1|g5-lower|r091|went to school,renjiao_start1,5年级下,5,下,91,went to school,went to school,,,"vbl.到校上课,开始求学",人教版一年级起点五年级下.xlsx
renjiao_start1|g5-lower|r092|learned to swim,renjiao_start1,5年级下,5,下,92,learned to swim,learned to swim,,,无,人教版一年级起点五年级下.xlsx
renjiao_start1|g5-lower|r093|fifteenth,renjiao_start1,5年级下,5,下,93,fifteenth,fifteenth,[ˌfɪfˈtiːnθ],[ˌfɪfˈtiːnθ],adj. 第十五的;十五分之一的 num. 第十五,人教版一年级起点五年级下.xlsx
renjiao_start1|g5-lower|r094|15th,renjiao_start1,5年级下,5,下,94,15th,15th,,,无,人教版一年级起点五年级下.xlsx
renjiao_start1|g5-lower|r095|started to buy things,renjiao_start1,5年级下,5,下,95,started to buy things,started to buy things,,,无,人教版一年级起点五年级下.xlsx
renjiao_start1|g5-lower|r096|started to study english,renjiao_start1,5年级下,5,下,96,started to study English,started to study english,,,无,人教版一年级起点五年级下.xlsx
renjiao_start1|g5-lower|r097|started to use a computer,renjiao_start1,5年级下,5,下,97,started to use a computer,started to use a computer,,,无,人教版一年级起点五年级下.xlsx
renjiao_start1|g5-lower|r098|all over,renjiao_start1,5年级下,5,下,98,all over,all over,,,adj. 满 n. 全花织物,人教版一年级起点五年级下.xlsx
renjiao_start1|g5-lower|r099|out of,renjiao_start1,5年级下,5,下,99,out of,out of,,,prep. 来自;离开,人教版一年级起点五年级下.xlsx
renjiao_start1|g5-lower|r100|into,renjiao_start1,5年级下,5,下,100,into,into,[ˈɪntə],[ˈɪntə; ˈɪntu; ˈɪntuː],prep. 到...里;深入...之中;成为...状况;进入到...之内,人教版一年级起点五年级下.xlsx
renjiao_start1|g5-lower|r101|chopsticks,renjiao_start1,5年级下,5,下,101,chopsticks,chopsticks,[ˈtʃɒpstɪks],[ˈtʃɑːpstɪks],n. 筷子,人教版一年级起点五年级下.xlsx
renjiao_start1|g5-lower|r102|wet,renjiao_start1,5年级下,5,下,102,wet,wet,[wet],[wet],n. 雨天;湿气 adj. [气象][物] 潮湿的;有雨的 vt. 弄湿 vi. 变湿,人教版一年级起点五年级下.xlsx
renjiao_start1|g6-upper|r002|morning tea,renjiao_start1,6年级上,6,上,2,morning tea,morning tea,,,n. 早茶,人教版一年级起点六年级上.xlsx
renjiao_start1|g6-upper|r003|soup,renjiao_start1,6年级上,6,上,3,soup,soup,[suːp],[suːp],"n. 汤,羹;马力 vt. 加速;增加马力",人教版一年级起点六年级上.xlsx
renjiao_start1|g6-upper|r004|garden,renjiao_start1,6年级上,6,上,4,garden,garden,[ˈɡɑːdn],[ˈɡɑːrdn],n. 花园;菜园 vt. 栽培花木 vi. 从事园艺;在园中种植,人教版一年级起点六年级上.xlsx
renjiao_start1|g6-upper|r005|the potala palace,renjiao_start1,6年级上,6,上,5,the Potala Palace,the potala palace,,,布达拉宫;中国西藏布达拉宫,人教版一年级起点六年级上.xlsx
renjiao_start1|g6-upper|r006|the summer palace,renjiao_start1,6年级上,6,上,6,the Summer Palace,the summer palace,,,颐和园;颐和圆;之颐和园,人教版一年级起点六年级上.xlsx
renjiao_start1|g6-upper|r007|the terracotta army,renjiao_start1,6年级上,6,上,7,the Terracotta Army,the terracotta army,,,无,人教版一年级起点六年级上.xlsx
renjiao_start1|g6-upper|r008|vacation,renjiao_start1,6年级上,6,上,8,vacation,vacation,[veɪˈkeɪʃn; vəˈkeɪʃn],[veɪˈkeɪʃn; vəˈkeɪʃn],"n. 假期;(房屋)搬出 vi. 休假,度假",人教版一年级起点六年级上.xlsx
renjiao_start1|g6-upper|r009|taste,renjiao_start1,6年级上,6,上,9,taste,taste,[teɪst],[teɪst],n. 味道;品味;审美 vt. 尝;体验 vi. 尝起来;有...的味道,人教版一年级起点六年级上.xlsx
renjiao_start1|g6-upper|r010|map,renjiao_start1,6年级上,6,上,10,map,map,[mæp],[mæp],vt. 映射;计划;绘制地图;确定基因在染色体中的位置 n. 地图;示意图;染色体图 vi. 基因被安置,人教版一年级起点六年级上.xlsx
renjiao_start1|g6-upper|r011|north,renjiao_start1,6年级上,6,上,11,north,north,[nɔːθ],[nɔːrθ],"n. 北,北方 adj. 北方的;朝北的 adv. 在北方,向北方",人教版一年级起点六年级上.xlsx
renjiao_start1|g6-upper|r012|south,renjiao_start1,6年级上,6,上,12,south,south,[saʊθ],[saʊθ],"n. 南方,南边;南部 adj. 南的,南方的 adv. 在南方,向南方",人教版一年级起点六年级上.xlsx
renjiao_start1|g6-upper|r013|east,renjiao_start1,6年级上,6,上,13,east,east,[iːst],[iːst],"n. 东方;东风;东方国家 adj. 东方的;向东的;从东方来的 adv. 向东方,在东方",人教版一年级起点六年级上.xlsx
renjiao_start1|g6-upper|r014|west,renjiao_start1,6年级上,6,上,14,west,west,[west],[west],n. 西;西方;西部 adj. 西方的;朝西的 adv. 在西方;向西方;自西方,人教版一年级起点六年级上.xlsx
renjiao_start1|g6-upper|r015|famous,renjiao_start1,6年级上,6,上,15,famous,famous,[ˈfeɪməs],[ˈfeɪməs],"adj. 著名的;极好的,非常令人满意的",人教版一年级起点六年级上.xlsx
renjiao_start1|g6-upper|r016|temple,renjiao_start1,6年级上,6,上,16,temple,temple,[ˈtemp(ə)l],[ˈtempl],n. 庙宇;寺院;神殿;太阳穴,人教版一年级起点六年级上.xlsx
renjiao_start1|g6-upper|r017|around,renjiao_start1,6年级上,6,上,17,around,around,[əˈraʊnd],[əˈraʊnd],prep. 四处;在...周围 adv. 大约;到处;在附近,人教版一年级起点六年级上.xlsx
renjiao_start1|g6-upper|r018|the yangtze river,renjiao_start1,6年级上,6,上,18,the Yangtze River,the yangtze river,,,na. 长江,人教版一年级起点六年级上.xlsx
renjiao_start1|g6-upper|r019|foggy,renjiao_start1,6年级上,6,上,19,foggy,foggy,[ˈfɒɡi],[ˈfɑːɡi],"adj. 有雾的;模糊的,朦胧的",人教版一年级起点六年级上.xlsx
renjiao_start1|g6-upper|r020|spicy,renjiao_start1,6年级上,6,上,20,spicy,spicy,[ˈspaɪsi],[ˈspaɪsi],"adj. 辛辣的;香的,多香料的;下流的",人教版一年级起点六年级上.xlsx
renjiao_start1|g6-upper|r021|silk,renjiao_start1,6年级上,6,上,21,silk,silk,[sɪlk],[sɪlk],n. 丝绸;蚕丝;丝织物 adj. 丝的;丝绸的;丝制的 vi. (玉米)处于长须的阶段中,人教版一年级起点六年级上.xlsx
renjiao_start1|g6-upper|r022|forest,renjiao_start1,6年级上,6,上,22,forest,forest,[ˈfɒrɪst],[ˈfɔːrɪst],"n. 森林 vt. 植树于,使成为森林",人教版一年级起点六年级上.xlsx
renjiao_start1|g6-upper|r023|stone,renjiao_start1,6年级上,6,上,23,stone,stone,[stəʊn],[stoʊn],"n. 石头;结石;[宝] 宝石 adj. 石的,石制的 vt. 向扔石块;用石头铺",人教版一年级起点六年级上.xlsx
renjiao_start1|g6-upper|r024|london,renjiao_start1,6年级上,6,上,24,London,london,[ˈlʌndən],[ˈlʌndən],n. 伦敦,人教版一年级起点六年级上.xlsx
renjiao_start1|g6-upper|r025|toronto,renjiao_start1,6年级上,6,上,25,Toronto,toronto,[təˈrɒntəʊ],[təˈrɑːntoʊ],n. 多伦多(加拿大城市),人教版一年级起点六年级上.xlsx
renjiao_start1|g6-upper|r026|sydney,renjiao_start1,6年级上,6,上,26,Sydney,sydney,[ˈsɪdni],[ˈsɪdni],n. 悉尼(澳大利亚港市),人教版一年级起点六年级上.xlsx
renjiao_start1|g6-upper|r027|washington d.c.,renjiao_start1,6年级上,6,上,27,Washington D.C.,washington d.c.,,,华盛顿;华盛顿哥伦比亚特区;华盛顿特区,人教版一年级起点六年级上.xlsx
renjiao_start1|g6-upper|r028|the british museum,renjiao_start1,6年级上,6,上,28,the British Museum,the british museum,,,大英博物馆;伦敦大英博物馆;不列颠博物馆,人教版一年级起点六年级上.xlsx
renjiao_start1|g6-upper|r029|the cn tower,renjiao_start1,6年级上,6,上,29,the CN Tower,the cn tower,,,无,人教版一年级起点六年级上.xlsx
renjiao_start1|g6-upper|r030|kangaroo,renjiao_start1,6年级上,6,上,30,kangaroo,kangaroo,[ˌkæŋɡəˈruː],[ˌkæŋɡəˈruː],n. 袋鼠,人教版一年级起点六年级上.xlsx
renjiao_start1|g6-upper|r031|the opera house,renjiao_start1,6年级上,6,上,31,the Opera House,the opera house,,,悉尼歌剧院;剧院及电影院;大剧院,人教版一年级起点六年级上.xlsx
renjiao_start1|g6-upper|r032|the white house,renjiao_start1,6年级上,6,上,32,the White House,the white house,,,na. 白宫,人教版一年级起点六年级上.xlsx
renjiao_start1|g6-upper|r033|clock,renjiao_start1,6年级上,6,上,33,clock,clock,[klɒk],[klɑːk],n. 时钟;计时器 vt. 记录;记时 vi. 打卡;记录时间,人教版一年级起点六年级上.xlsx
renjiao_start1|g6-upper|r034|speak,renjiao_start1,6年级上,6,上,34,speak,speak,[spiːk],[spiːk],vi. 说话;演讲;表明;陈述 vt. 讲话;发言;讲演,人教版一年级起点六年级上.xlsx
renjiao_start1|g6-upper|r035|french,renjiao_start1,6年级上,6,上,35,French,french,[frentʃ],[frentʃ],n. 法国人;法语 adj. 法国的;法语的;法国人的,人教版一年级起点六年级上.xlsx
renjiao_start1|g6-upper|r036|tower bridge,renjiao_start1,6年级上,6,上,36,Tower Bridge,tower bridge,,,n. 【旅】塔桥;【旅】伦敦塔桥,人教版一年级起点六年级上.xlsx
renjiao_start1|g6-upper|r037|the london eye,renjiao_start1,6年级上,6,上,37,the London Eye,the london eye,,,伦敦眼;英航伦敦眼;英国伦敦眼,人教版一年级起点六年级上.xlsx
renjiao_start1|g6-upper|r038|hiking,renjiao_start1,6年级上,6,上,38,hiking,hiking,[ˈhaɪkɪŋ],[ˈhaɪkɪŋ],n. 徒步旅行,人教版一年级起点六年级上.xlsx
renjiao_start1|g6-upper|r039|sunrise,renjiao_start1,6年级上,6,上,39,sunrise,sunrise,[ˈsʌnraɪz],[ˈsʌnraɪz],n. 日出;黎明,人教版一年级起点六年级上.xlsx
renjiao_start1|g6-upper|r040|president,renjiao_start1,6年级上,6,上,40,president,president,[ˈprezɪdənt],[ˈprezɪdənt],n. 总统;董事长;校长;主席,人教版一年级起点六年级上.xlsx
renjiao_start1|g6-upper|r041|reptile,renjiao_start1,6年级上,6,上,41,reptile,reptile,[ˈreptaɪl],[ˈreptaɪl; ˈreptl],n. 爬行动物;卑鄙的人 adj. 爬虫类的;卑鄙的,人教版一年级起点六年级上.xlsx
renjiao_start1|g6-upper|r042|bird,renjiao_start1,6年级上,6,上,42,bird,bird,[bɜːd],[bɜːrd],n. 鸟;家伙;羽毛球 vt. 向...喝倒彩;起哄 vi. 猎鸟;观察研究野鸟,人教版一年级起点六年级上.xlsx
renjiao_start1|g6-upper|r043|fish,renjiao_start1,6年级上,6,上,43,fish,fish,[fɪʃ],[fɪʃ],"n. 鱼,鱼类 vt. 钓鱼,捕鱼;搜寻 vi. 捕鱼,钓鱼;用钩捞取",人教版一年级起点六年级上.xlsx
renjiao_start1|g6-upper|r044|mammal,renjiao_start1,6年级上,6,上,44,mammal,mammal,[ˈmæm(ə)l],[ˈmæml],n. [脊椎] 哺乳动物,人教版一年级起点六年级上.xlsx
renjiao_start1|g6-upper|r045|insect,renjiao_start1,6年级上,6,上,45,insect,insect,[ˈɪnsekt],[ˈɪnsekt],n. 昆虫;卑鄙的人,人教版一年级起点六年级上.xlsx
renjiao_start1|g6-upper|r046|penguin,renjiao_start1,6年级上,6,上,46,penguin,penguin,[ˈpeŋɡwɪn],[ˈpeŋɡwɪn],n. 企鹅;空军地勤人员,人教版一年级起点六年级上.xlsx
renjiao_start1|g6-upper|r047|shark,renjiao_start1,6年级上,6,上,47,shark,shark,[ʃɑːk],[ʃɑːrk],n. 鲨鱼;骗子 vt. 敲诈 vi. 诈骗,人教版一年级起点六年级上.xlsx
renjiao_start1|g6-upper|r048|whale,renjiao_start1,6年级上,6,上,48,whale,whale,[weɪl],[weɪl],n. 鲸;巨大的东西 vt. 猛揍;使惨败 vi. 捕鲸,人教版一年级起点六年级上.xlsx
renjiao_start1|g6-upper|r049|kind,renjiao_start1,6年级上,6,上,49,kind,kind,[kaɪnd],[kaɪnd],n. 种类;性质 adj. 和蔼的;宽容的;令人感激的,人教版一年级起点六年级上.xlsx
renjiao_start1|g6-upper|r050|metre,renjiao_start1,6年级上,6,上,50,metre,metre,[ˈmiːtə(r)],[ˈmiːtər],n. 米;公尺;韵律,人教版一年级起点六年级上.xlsx
renjiao_start1|g6-upper|r051|spend,renjiao_start1,6年级上,6,上,51,spend,spend,[spend],[spend],"n. 预算 vt. 度过,消磨(时光);花费;浪费;用尽 vi. 花钱;用尽,耗尽",人教版一年级起点六年级上.xlsx
renjiao_start1|g6-upper|r052|trunk,renjiao_start1,6年级上,6,上,52,trunk,trunk,[trʌŋk],[trʌŋk],n. 树干;躯干;象鼻;汽车车尾的行李箱 adj. 干线的;躯干的;箱子的 vt. 把...放入旅行箱内,人教版一年级起点六年级上.xlsx
renjiao_start1|g6-upper|r053|peanut,renjiao_start1,6年级上,6,上,53,peanut,peanut,[ˈpiːnʌt],[ˈpiːnʌt],n. 花生,人教版一年级起点六年级上.xlsx
renjiao_start1|g6-upper|r054|fan,renjiao_start1,6年级上,6,上,54,fan,fan,[fæn],[fæn],n. 迷;风扇;爱好者 vt. 煽动;刺激;吹拂 vi. 成扇形散开;飘动,人教版一年级起点六年级上.xlsx
renjiao_start1|g6-upper|r055|tusk,renjiao_start1,6年级上,6,上,55,tusk,tusk,[tʌsk],[tʌsk],"n. 长牙;尖头,尖形物 vt. 以牙刺戳;以长牙掘",人教版一年级起点六年级上.xlsx
renjiao_start1|g6-upper|r056|africa,renjiao_start1,6年级上,6,上,56,Africa,africa,[ˈæfrɪkə],[ˈæfrɪkə],n. 非洲,人教版一年级起点六年级上.xlsx
renjiao_start1|g6-upper|r057|asia,renjiao_start1,6年级上,6,上,57,Asia,asia,[ˈeɪʒə],[ˈeɪʒə],n. 亚洲,人教版一年级起点六年级上.xlsx
renjiao_start1|g6-upper|r058|smart,renjiao_start1,6年级上,6,上,58,smart,smart,[smɑːt],[smɑːrt],adj. 聪明的;巧妙的;敏捷的;厉害的;潇洒的;剧烈的;时髦的,人教版一年级起点六年级上.xlsx
renjiao_start1|g6-upper|r059|scared,renjiao_start1,6年级上,6,上,59,scared,scared,[skeəd],[skerd],v. 使害怕(scare的过去分词) adj. 害怕的,人教版一年级起点六年级上.xlsx
renjiao_start1|g6-upper|r060|worried,renjiao_start1,6年级上,6,上,60,worried,worried,[ˈwʌrid],[ˈwɜːrid],adj. 担心的,人教版一年级起点六年级上.xlsx
renjiao_start1|g6-upper|r061|angry,renjiao_start1,6年级上,6,上,61,angry,angry,[ˈæŋɡri],[ˈæŋɡri],adj. 生气的;愤怒的;狂暴的;(伤口等)发炎的,人教版一年级起点六年级上.xlsx
renjiao_start1|g6-upper|r062|proud,renjiao_start1,6年级上,6,上,62,proud,proud,[praʊd],[praʊd],adj. 自豪的;得意的;自负的,人教版一年级起点六年级上.xlsx
renjiao_start1|g6-upper|r063|sad,renjiao_start1,6年级上,6,上,63,sad,sad,[sæd],[sæd],"adj. 难过的;悲哀的,令人悲痛的;凄惨的,阴郁的(形容颜色)",人教版一年级起点六年级上.xlsx
renjiao_start1|g6-upper|r064|excited,renjiao_start1,6年级上,6,上,64,excited,excited,[ɪkˈsaɪtɪd],[ɪkˈsaɪtɪd],v. 激动;唤起(excite的过去分词) adj. 兴奋的;激动的;活跃的,人教版一年级起点六年级上.xlsx
renjiao_start1|g6-upper|r065|happy,renjiao_start1,6年级上,6,上,65,happy,happy,[ˈhæpi],[ˈhæpi],adj. 幸福的;高兴的;巧妙的,人教版一年级起点六年级上.xlsx
renjiao_start1|g6-upper|r066|ill,renjiao_start1,6年级上,6,上,66,ill,ill,[ɪl],[ɪl],n. 疾病;不幸 adj. 生病的;坏的;邪恶的;不吉利的 adv. 不利地;恶劣地;几乎不,人教版一年级起点六年级上.xlsx
renjiao_start1|g6-upper|r067|win,renjiao_start1,6年级上,6,上,67,win,win,[wɪn],[wɪn],n. 赢;胜利 vt. 赢得;在...中获胜;劝诱 vi. 赢;获胜;成功,人教版一年级起点六年级上.xlsx
renjiao_start1|g6-upper|r068|race,renjiao_start1,6年级上,6,上,68,race,race,[reɪs],[reɪs],"n. 属,种;种族,人种;家庭,门第 vt. 使参加比赛;和...竞赛;使急走,使全速行进 vi. 比速度,参加竞赛;全速行进",人教版一年级起点六年级上.xlsx
renjiao_start1|g6-upper|r069|find,renjiao_start1,6年级上,6,上,69,find,find,[faɪnd],[faɪnd],"n. 发现 vi. 裁决 vt. 查找,找到;发现;认为;感到;获得",人教版一年级起点六年级上.xlsx
renjiao_start1|g6-upper|r070|cry,renjiao_start1,6年级上,6,上,70,cry,cry,[kraɪ],[kraɪ],n. 叫喊;叫声;口号;呼叫 vi. 哭;叫;喊 vt. 叫喊;哭出;大声说,人教版一年级起点六年级上.xlsx
renjiao_start1|g6-upper|r071|because,renjiao_start1,6年级上,6,上,71,because,because,[bɪˈkəz],[bɪˈkəz],conj. 因为,人教版一年级起点六年级上.xlsx
renjiao_start1|g6-upper|r072|test,renjiao_start1,6年级上,6,上,72,test,test,[test],[test],n. 试验;检验 vt. 试验;测试 vi. 试验;测试,人教版一年级起点六年级上.xlsx
renjiao_start1|g6-upper|r073|competition,renjiao_start1,6年级上,6,上,73,competition,competition,[ˌkɒmpəˈtɪʃn],[ˌkɑːmpəˈtɪʃn],"n. 竞争;比赛,竞赛",人教版一年级起点六年级上.xlsx
renjiao_start1|g6-upper|r074|hurt,renjiao_start1,6年级上,6,上,74,hurt,hurt,[hɜːt],[hɜːrt],n. 痛苦;危害;痛苦的原因 vt. 使受伤;损害;使疼痛;使痛心 adj. 受伤的;痛苦的;受损的 vi. 感到疼痛;有坏处;带来痛苦,人教版一年级起点六年级上.xlsx
renjiao_start1|g6-upper|r075|inventor,renjiao_start1,6年级上,6,上,75,inventor,inventor,[ɪnˈventə(r)],[ɪnˈventər],n. 发明家;[专利] 发明人;创造者,人教版一年级起点六年级上.xlsx
renjiao_start1|g6-upper|r076|artist,renjiao_start1,6年级上,6,上,76,artist,artist,[ˈɑːtɪst],[ˈɑːrtɪst],n. 艺术家;美术家(尤指画家);大师,人教版一年级起点六年级上.xlsx
renjiao_start1|g6-upper|r077|scientist,renjiao_start1,6年级上,6,上,77,scientist,scientist,[ˈsaɪəntɪst],[ˈsaɪəntɪst],n. 科学家,人教版一年级起点六年级上.xlsx
renjiao_start1|g6-upper|r078|poet,renjiao_start1,6年级上,6,上,78,poet,poet,[ˈpəʊɪt],[ˈpoʊət],n. 诗人,人教版一年级起点六年级上.xlsx
renjiao_start1|g6-upper|r079|writer,renjiao_start1,6年级上,6,上,79,writer,writer,[ˈraɪtə(r)],[ˈraɪtər],n. 作家;作者,人教版一年级起点六年级上.xlsx
renjiao_start1|g6-upper|r080|american,renjiao_start1,6年级上,6,上,80,American,american,[əˈmerɪkən],[əˈmerɪkən],"n. 美国人,美洲人;美国英语 adj. 美国的,美洲的;地道美国式的",人教版一年级起点六年级上.xlsx
renjiao_start1|g6-upper|r081|french,renjiao_start1,6年级上,6,上,81,French,french,[frentʃ],[frentʃ],n. 法国人;法语 adj. 法国的;法语的;法国人的,人教版一年级起点六年级上.xlsx
renjiao_start1|g6-upper|r082|danish,renjiao_start1,6年级上,6,上,82,Danish,danish,[ˈdeɪnɪʃ],[ˈdeɪnɪʃ],n. 丹麦语 adj. 丹麦的;丹麦人的;丹麦语(文)的,人教版一年级起点六年级上.xlsx
renjiao_start1|g6-upper|r083|poem,renjiao_start1,6年级上,6,上,83,poem,poem,[ˈpəʊɪm],[ˈpoʊəm],n. 诗,人教版一年级起点六年级上.xlsx
renjiao_start1|g6-upper|r084|paint,renjiao_start1,6年级上,6,上,84,paint,paint,[peɪnt],[peɪnt],"vt. 油漆;绘画;装饰;涂色于;描绘;(用语言,文字等)描写;擦脂粉等 vi. 油漆;描绘;绘画;化妆 n. 油漆;颜料,涂料;绘画作品;胭脂等化妆品;色彩,装饰",人教版一年级起点六年级上.xlsx
renjiao_start1|g6-upper|r085|invention,renjiao_start1,6年级上,6,上,85,invention,invention,[ɪnˈvenʃn],[ɪnˈvenʃn],n. 发明;发明物;虚构;发明才能,人教版一年级起点六年级上.xlsx
renjiao_start1|g6-upper|r086|invent,renjiao_start1,6年级上,6,上,86,invent,invent,[ɪnˈvent],[ɪnˈvent],vt. 发明;创造;虚构,人教版一年级起点六年级上.xlsx
renjiao_start1|g6-upper|r087|study,renjiao_start1,6年级上,6,上,87,study,study,[ˈstʌdi],[ˈstʌdi],"n. 学习,研究;课题;书房;学问 vt. 学习;考虑;攻读;细察 vi. 研究;用功",人教版一年级起点六年级上.xlsx
renjiao_start1|g6-upper|r088|story,renjiao_start1,6年级上,6,上,88,story,story,[ˈstɔːri],[ˈstɔːri],n. 故事;小说;新闻报道;来历;假话 vt. 用历史故事画装饰 vi. 说谎,人教版一年级起点六年级上.xlsx
renjiao_start1|g6-upper|r089|university,renjiao_start1,6年级上,6,上,89,university,university,[ˌjuːnɪˈvɜːsəti],[ˌjuːnɪˈvɜːrsəti],n. 大学;综合性大学;大学校舍,人教版一年级起点六年级上.xlsx
renjiao_start1|g6-upper|r090|deaf,renjiao_start1,6年级上,6,上,90,deaf,deaf,[def],[def],adj. 聋的,人教版一年级起点六年级上.xlsx
renjiao_start1|g6-upper|r091|blind,renjiao_start1,6年级上,6,上,91,blind,blind,[blaɪnd],[blaɪnd],"n. 掩饰,借口;百叶窗 adj. 盲目的;瞎的 vt. 使失明;使失去理智 adv. 盲目地;看不见地",人教版一年级起点六年级上.xlsx
renjiao_start1|g6-upper|r092|fall,renjiao_start1,6年级上,6,上,92,fall,fall,[fɔːl],[fɔːl],n. 下降;秋天;瀑布 adj. 秋天的 vi. 落下;变成;来临;减弱 vt. 砍倒;击倒,人教版一年级起点六年级上.xlsx
renjiao_start1|g6-upper|r093|dumpling,renjiao_start1,6年级上,6,上,93,dumpling,dumpling,[ˈdʌmplɪŋ],[ˈdʌmplɪŋ],"n. 饺子,汤团;面团布丁",人教版一年级起点六年级上.xlsx
renjiao_start1|g6-upper|r094|fan,renjiao_start1,6年级上,6,上,94,fan,fan,[fæn],[fæn],n. 迷;风扇;爱好者 vt. 煽动;刺激;吹拂 vi. 成扇形散开;飘动,人教版一年级起点六年级上.xlsx
renjiao_start1|g6-upper|r095|ice lantern,renjiao_start1,6年级上,6,上,95,ice lantern,ice lantern,,,无,人教版一年级起点六年级上.xlsx
renjiao_start1|g6-upper|r096|bring,renjiao_start1,6年级上,6,上,96,bring,bring,[brɪŋ],[brɪŋ],vt. 带来;促使;引起;使某人处于某种情况或境地,人教版一年级起点六年级上.xlsx
renjiao_start1|g6-upper|r097|be afraid of,renjiao_start1,6年级上,6,上,97,be afraid of,be afraid of,,,na. 怕,人教版一年级起点六年级上.xlsx
renjiao_start1|g6-upper|r098|hear,renjiao_start1,6年级上,6,上,98,hear,hear,[hɪə(r)],[hɪr],"vi. 听;听见 vt. 听到,听;听说;审理",人教版一年级起点六年级上.xlsx
renjiao_start1|g6-upper|r099|pen pal,renjiao_start1,6年级上,6,上,99,pen pal,pen pal,[ˈpen pæl],[ˈpen pæl],abbr. (=pen-friend) n. 笔友,人教版一年级起点六年级上.xlsx
renjiao_start1|g6-upper|r100|broken,renjiao_start1,6年级上,6,上,100,broken,broken,[ˈbrəʊkən],[ˈbroʊkən],v. 折断;打碎;损坏(break的过去分词) adj. 破碎的;坏掉的,人教版一年级起点六年级上.xlsx
renjiao_start1|g6-upper|r101|pity,renjiao_start1,6年级上,6,上,101,pity,pity,[ˈpɪti],[ˈpɪti],"n. 怜悯,同情;遗憾 vt. 对......表示怜悯;对......感到同情",人教版一年级起点六年级上.xlsx
renjiao_start1|g6-upper|r102|prize,renjiao_start1,6年级上,6,上,102,prize,prize,[praɪz],[praɪz],n. 奖品;奖赏;战利品 adj. 获奖的 vt. 珍视;捕获;估价,人教版一年级起点六年级上.xlsx
renjiao_start1|g6-upper|r103|look forward to,renjiao_start1,6年级上,6,上,103,look forward to,look forward to,,,na. 盼望,人教版一年级起点六年级上.xlsx
renjiao_start1|g6-lower|r002|live,renjiao_start1,6年级下,6,下,2,live,live,[lɪv; laɪv],[lɪv; laɪv],adj. 活的;生动的;实况转播的;精力充沛的 vt. 经历;度过 vi. 活;居住;生存,人教版一年级起点六年级下.xlsx
renjiao_start1|g6-lower|r003|quite,renjiao_start1,6年级下,6,下,3,quite,quite,[kwaɪt],[kwaɪt],adv. 很;相当;完全,人教版一年级起点六年级下.xlsx
renjiao_start1|g6-lower|r004|scarf,renjiao_start1,6年级下,6,下,4,scarf,scarf,[skɑːf],[skɑːrf],"n. 围巾;嵌接,嵌接处;头巾领巾 vt. 披嵌接;用围巾围",人教版一年级起点六年级下.xlsx
renjiao_start1|g6-lower|r005|airport,renjiao_start1,6年级下,6,下,5,airport,airport,[ˈeəpɔːt],[ˈerpɔːrt],n. 机场;航空站,人教版一年级起点六年级下.xlsx
renjiao_start1|g6-lower|r006|pupil,renjiao_start1,6年级下,6,下,6,pupil,pupil,[ˈpjuːp(ə)l],[ˈpjuːpl],n. 学生;[解剖] 瞳孔;未成年人,人教版一年级起点六年级下.xlsx
renjiao_start1|g6-lower|r007|arrive,renjiao_start1,6年级下,6,下,7,arrive,arrive,[əˈraɪv],[əˈraɪv],vi. 到达;成功;达成;出生,人教版一年级起点六年级下.xlsx
renjiao_start1|g6-lower|r008|meet,renjiao_start1,6年级下,6,下,8,meet,meet,[miːt],[miːt],vt. 满足;遇见;对付 vi. 相遇;接触 n. 集会 adj. 合适的;适宜的,人教版一年级起点六年级下.xlsx
renjiao_start1|g6-lower|r009|wardrobe,renjiao_start1,6年级下,6,下,9,wardrobe,wardrobe,[ˈwɔːdrəʊb],[ˈwɔːrdroʊb],n. 衣柜;行头;全部戏装,人教版一年级起点六年级下.xlsx
renjiao_start1|g6-lower|r010|show ... around,renjiao_start1,6年级下,6,下,10,show ... around,show ... around,,,v. 带...参观,人教版一年级起点六年级下.xlsx
renjiao_start1|g6-lower|r011|queen's park,renjiao_start1,6年级下,6,下,11,Queen's Park,queen's park,,,皇后公园;女王公园;女王公园酒店,人教版一年级起点六年级下.xlsx
renjiao_start1|g6-lower|r012|art gallery,renjiao_start1,6年级下,6,下,12,art gallery,art gallery,,,n. 美术馆;艺术展览馆,人教版一年级起点六年级下.xlsx
renjiao_start1|g6-lower|r013|public library,renjiao_start1,6年级下,6,下,13,public library,public library,,,na. 公立[公共]图书馆,人教版一年级起点六年级下.xlsx
renjiao_start1|g6-lower|r014|downtown,renjiao_start1,6年级下,6,下,14,downtown,downtown,[ˌdaʊnˈtaʊn],[ˌdaʊnˈtaʊn],n. 市中心区;三分线以外 adj. 市中心的 adv. 往闹市区;在市区,人教版一年级起点六年级下.xlsx
renjiao_start1|g6-lower|r015|lake ontario,renjiao_start1,6年级下,6,下,15,Lake Ontario,lake ontario,,,n. 安大略湖,人教版一年级起点六年级下.xlsx
renjiao_start1|g6-lower|r016|stadium,renjiao_start1,6年级下,6,下,16,stadium,stadium,[ˈsteɪdiəm],[ˈsteɪdiəm],n. 体育场;露天大型运动场,人教版一年级起点六年级下.xlsx
renjiao_start1|g6-lower|r017|volunteer,renjiao_start1,6年级下,6,下,17,volunteer,volunteer,[ˌvɒlənˈtɪə(r)],[ˌvɑːlənˈtɪr],n. 志愿者;志愿兵 adj. 志愿的 vt. 自愿 vi. 自愿,人教版一年级起点六年级下.xlsx
renjiao_start1|g6-lower|r018|sandwich,renjiao_start1,6年级下,6,下,18,sandwich,sandwich,[ˈsænwɪtʃ; ˈsænwɪdʒ],[ˈsænwɪtʃ; ˈsænwɪdʒ],n. 三明治;夹心面包 vt. 夹入;挤进;把...做成三明治,人教版一年级起点六年级下.xlsx
renjiao_start1|g6-lower|r019|top,renjiao_start1,6年级下,6,下,19,top,top,[tɒp],[tɑːp],"n. 顶部,顶端;上部;首席;陀螺 adj. 最高的,顶上的;头等的 vt. 超越,超过;给...加盖;达到...的顶端 vi. 高出,超越;结束;达到顶点",人教版一年级起点六年级下.xlsx
renjiao_start1|g6-lower|r020|habit,renjiao_start1,6年级下,6,下,20,habit,habit,[ˈhæbɪt],[ˈhæbɪt],"n. 习惯,习性;嗜好 vt. 使穿衣",人教版一年级起点六年级下.xlsx
renjiao_start1|g6-lower|r021|idea,renjiao_start1,6年级下,6,下,21,idea,idea,[aɪˈdɪə],[aɪˈdiːə],n. 想法;主意;概念,人教版一年级起点六年级下.xlsx
renjiao_start1|g6-lower|r022|less,renjiao_start1,6年级下,6,下,22,less,less,[les],[les],adv. 较少地;较小地;更小地 adj. 较少的;较小的 prep. 减去 n. 较少;较小,人教版一年级起点六年级下.xlsx
renjiao_start1|g6-lower|r023|at least,renjiao_start1,6年级下,6,下,23,at least,at least,,,na. 至少,人教版一年级起点六年级下.xlsx
renjiao_start1|g6-lower|r024|talk about,renjiao_start1,6年级下,6,下,24,talk about,talk about,,,na. 讲(某事),人教版一年级起点六年级下.xlsx
renjiao_start1|g6-lower|r025|hockey,renjiao_start1,6年级下,6,下,25,hockey,hockey,[ˈhɒki],[ˈhɑːki],n. 曲棍球;冰球,人教版一年级起点六年级下.xlsx
renjiao_start1|g6-lower|r026|together,renjiao_start1,6年级下,6,下,26,together,together,[təˈɡeðə(r)],[təˈɡeðər],"adj. 新潮的;情绪稳定的,做事有效率的 adv. 一起;同时;相互;连续地;总共",人教版一年级起点六年级下.xlsx
renjiao_start1|g6-lower|r027|special,renjiao_start1,6年级下,6,下,27,special,special,[ˈspeʃ(ə)l],[ˈspeʃl],"n. 特使,特派人员;特刊;特色菜;专车;特价商品 adj. 特别的;专门的,专用的",人教版一年级起点六年级下.xlsx
renjiao_start1|g6-lower|r028|beaver,renjiao_start1,6年级下,6,下,28,beaver,beaver,[ˈbiːvə(r)],[ˈbiːvər],n. 海狸;海狸皮毛,人教版一年级起点六年级下.xlsx
renjiao_start1|g6-lower|r029|raccoon,renjiao_start1,6年级下,6,下,29,raccoon,raccoon,[rəˈkuːn],[ræˈkuːn],n. 浣熊;浣熊毛皮,人教版一年级起点六年级下.xlsx
renjiao_start1|g6-lower|r030|moose,renjiao_start1,6年级下,6,下,30,moose,moose,[muːs],[muːs],n. [脊椎] 驼鹿;麋 [ 复数 moose ],人教版一年级起点六年级下.xlsx
renjiao_start1|g6-lower|r031|countryside,renjiao_start1,6年级下,6,下,31,countryside,countryside,[ˈkʌntrisaɪd],[ˈkʌntrisaɪd],"n. 农村,乡下;乡下的全体居民",人教版一年级起点六年级下.xlsx
renjiao_start1|g6-lower|r032|thanksgiving,renjiao_start1,6年级下,6,下,32,Thanksgiving,thanksgiving,,,n. 感恩,人教版一年级起点六年级下.xlsx
renjiao_start1|g6-lower|r033|roast turkey,renjiao_start1,6年级下,6,下,33,roast turkey,roast turkey,,,n. 【食】烤火鸡,人教版一年级起点六年级下.xlsx
renjiao_start1|g6-lower|r034|squirrel,renjiao_start1,6年级下,6,下,34,squirrel,squirrel,[ˈskwɪrəl],[ˈskwɜːrəl],n. 松鼠;松鼠毛皮 vt. 贮藏,人教版一年级起点六年级下.xlsx
renjiao_start1|g6-lower|r035|swan,renjiao_start1,6年级下,6,下,35,swan,swan,[swɒn],[swɑːn],"n. 天鹅;天鹅星座 vi. 游荡,闲荡",人教版一年级起点六年级下.xlsx
renjiao_start1|g6-lower|r036|wild goose,renjiao_start1,6年级下,6,下,36,wild goose,wild goose,,,na. 【鸟】雁,人教版一年级起点六年级下.xlsx
renjiao_start1|g6-lower|r037|frog,renjiao_start1,6年级下,6,下,37,frog,frog,[frɒɡ],[frɑːɡ],n. 青蛙;[铁路] 辙叉;饰扣 vi. 捕蛙,人教版一年级起点六年级下.xlsx
renjiao_start1|g6-lower|r038|english-chinese dictionary,renjiao_start1,6年级下,6,下,38,English-Chinese dictionary,english-chinese dictionary,,,英汉字典;辞典;氏英字典,人教版一年级起点六年级下.xlsx
renjiao_start1|g6-lower|r039|shopping centre,renjiao_start1,6年级下,6,下,39,shopping centre,shopping centre,,,"n. 购物中心(集中一批商店,有时在同一建筑物内)",人教版一年级起点六年级下.xlsx
renjiao_start1|g6-lower|r040|shopping mall,renjiao_start1,6年级下,6,下,40,shopping mall,shopping mall,,,un. 商业区林荫路,人教版一年级起点六年级下.xlsx
renjiao_start1|g6-lower|r041|amazing,renjiao_start1,6年级下,6,下,41,amazing,amazing,[əˈmeɪzɪŋ],[əˈmeɪzɪŋ],adj. 令人惊异的 v. 使吃惊(amaze的ing形式),人教版一年级起点六年级下.xlsx
renjiao_start1|g6-lower|r042|hot pot,renjiao_start1,6年级下,6,下,42,hot pot,hot pot,,,na. 〈英〉马铃薯炖牛[羊]肉,人教版一年级起点六年级下.xlsx
renjiao_start3|g3-upper|r002|ruler,renjiao_start3,3年级上,3,上,2,ruler,ruler,[ˈruːlə(r)],[ˈruːlər],"n. 尺;统治者;[测] 划线板,划线的人",人教版三年级起点三年级上.xlsx
renjiao_start3|g3-upper|r003|pencil,renjiao_start3,3年级上,3,上,3,pencil,pencil,[ˈpens(ə)l],[ˈpensl],n. 铅笔;笔状物 vt. 用铅笔写;用眉笔涂 vi. 成铅笔状,人教版三年级起点三年级上.xlsx
renjiao_start3|g3-upper|r004|eraser,renjiao_start3,3年级上,3,上,4,eraser,eraser,[ɪˈreɪzə(r)],[ɪˈreɪsər],n. 橡皮;擦除器;[计] 清除器,人教版三年级起点三年级上.xlsx
renjiao_start3|g3-upper|r005|crayon,renjiao_start3,3年级上,3,上,5,crayon,crayon,[ˈkreɪən; ˈkreɪɒn],[ˈkreɪən; ˈkreɪɑːn],"n. 蜡笔,有色粉笔 vt. 以蜡笔作画,用颜色粉笔画",人教版三年级起点三年级上.xlsx
renjiao_start3|g3-upper|r006|bag,renjiao_start3,3年级上,3,上,6,bag,bag,[bæɡ],[bæɡ],"n. 袋;猎获物;(俚)一瓶啤酒 vt. 猎获;把...装入袋中;占据,私吞;使膨大 vi. 松垂",人教版三年级起点三年级上.xlsx
renjiao_start3|g3-upper|r007|pen,renjiao_start3,3年级上,3,上,7,pen,pen,[pen],[pen],n. 钢笔;作家;围栏 vt. 写;关入栏中,人教版三年级起点三年级上.xlsx
renjiao_start3|g3-upper|r008|pencil box,renjiao_start3,3年级上,3,上,8,pencil box,pencil box,,,铅笔盒;文具盒;你的铅笔盒,人教版三年级起点三年级上.xlsx
renjiao_start3|g3-upper|r009|book,renjiao_start3,3年级上,3,上,9,book,book,[bʊk],[bʊk],n. 书籍;卷;帐簿;名册;工作簿 vt. 预订;登记,人教版三年级起点三年级上.xlsx
renjiao_start3|g3-upper|r010|no,renjiao_start3,3年级上,3,上,10,no,no,[nəʊ],[noʊ],adv. 不 adj. 没有;不是 n. 不;否决票 abbr. 数字(number);元素锘(nobelium)的符号,人教版三年级起点三年级上.xlsx
renjiao_start3|g3-upper|r011|your,renjiao_start3,3年级上,3,上,11,your,your,[jɔː(r); jə(r)],[jʊr; jər],"pron. 你的,你们的",人教版三年级起点三年级上.xlsx
renjiao_start3|g3-upper|r012|red,renjiao_start3,3年级上,3,上,12,red,red,[red],[red],"n. 红色,红颜料;赤字 adj. 红色的;红肿的,充血的",人教版三年级起点三年级上.xlsx
renjiao_start3|g3-upper|r013|green,renjiao_start3,3年级上,3,上,13,green,green,[ɡriːn],[ɡriːn],n. 绿色;青春 adj. 绿色的;青春的 vt. 使...变绿色 vi. 变绿色,人教版三年级起点三年级上.xlsx
renjiao_start3|g3-upper|r014|yellow,renjiao_start3,3年级上,3,上,14,yellow,yellow,[ˈjeləʊ],[ˈjeloʊ],n. 黄色;黄种人;黄色颜料 adj. 黄色的;黄皮肤的 vt. 使变黄或发黄 vi. 变黄或发黄,人教版三年级起点三年级上.xlsx
renjiao_start3|g3-upper|r015|blue,renjiao_start3,3年级上,3,上,15,blue,blue,[bluː],[bluː],"adj. 蓝色的;沮丧的,忧郁的;下流的 n. 蓝色;[复数](美国海、陆、空三军穿的)蓝色制服;蓝颜料;[the blue(s)][用作单数或复数]布鲁斯(歌曲)(一种伤感的美国黑人民歌 vi. 变成蓝色,呈蓝色 vt. 把...染成蓝色;使成蓝色;给...用上蓝剂;用上蓝剂于",人教版三年级起点三年级上.xlsx
renjiao_start3|g3-upper|r016|black,renjiao_start3,3年级上,3,上,16,black,black,[blæk],[blæk],n. 黑色;黑人;黑颜料 adj. 黑色的;黑人的;邪恶的 vt. 使变黑;把鞋油等涂在...上;把(眼眶)打成青肿 vi. 变黑,人教版三年级起点三年级上.xlsx
renjiao_start3|g3-upper|r017|brown,renjiao_start3,3年级上,3,上,17,brown,brown,[braʊn],[braʊn],"n. 褐色,棕色 adj. 棕色的,褐色的;太阳晒黑的 vt. 使变成褐色 vi. 变成褐色",人教版三年级起点三年级上.xlsx
renjiao_start3|g3-upper|r018|white,renjiao_start3,3年级上,3,上,18,white,white,[waɪt],[waɪt],n. 白色;洁白;白种人 adj. 白色的;白种的;纯洁的,人教版三年级起点三年级上.xlsx
renjiao_start3|g3-upper|r019|orange,renjiao_start3,3年级上,3,上,19,orange,orange,[ˈɒrɪndʒ],[ˈɔrɪndʒ],adj. 橙色的;橘色的 n. 橙;橙色;桔子,人教版三年级起点三年级上.xlsx
renjiao_start3|g3-upper|r020|ok,renjiao_start3,3年级上,3,上,20,OK,ok,[əʊˈkeɪ],[ˌoʊ'keɪ],adj. 好的;不错的 adv. 行;很好 int. 好;可以 vt. 对...表示同意 n. 同意,人教版三年级起点三年级上.xlsx
renjiao_start3|g3-upper|r021|mum,renjiao_start3,3年级上,3,上,21,mum,mum,[mʌm],[mʌm],adj. 沉默的 n. 妈妈(口语);沉默;菊花 vi. 演哑剧 int. 别说话,人教版三年级起点三年级上.xlsx
renjiao_start3|g3-upper|r022|face,renjiao_start3,3年级上,3,上,22,face,face,[feɪs],[feɪs],n. 脸;表面;面子;面容;外观;威信 vi. 向;朝 vt. 面对;面向;承认;抹盖,人教版三年级起点三年级上.xlsx
renjiao_start3|g3-upper|r023|ear,renjiao_start3,3年级上,3,上,23,ear,ear,[ɪə(r)],[ɪr],n. 耳朵;穗;听觉;倾听 vi. (美俚)听见;抽穗,人教版三年级起点三年级上.xlsx
renjiao_start3|g3-upper|r024|eye,renjiao_start3,3年级上,3,上,24,eye,eye,[aɪ],[aɪ],"n. 眼睛;视力;眼光;见解,观点 vt. 注视,看",人教版三年级起点三年级上.xlsx
renjiao_start3|g3-upper|r025|nose,renjiao_start3,3年级上,3,上,25,nose,nose,[nəʊz],[noʊz],n. 鼻子;嗅觉;突出的部分;探问 vt. 嗅;用鼻子触 vi. 小心探索着前进;探问,人教版三年级起点三年级上.xlsx
renjiao_start3|g3-upper|r026|mouth,renjiao_start3,3年级上,3,上,26,mouth,mouth,[maʊθ],[maʊθ],"n. 口,嘴;河口 vt. 做作地说,装腔作势地说;喃喃地说出 vi. 装腔作势说话",人教版三年级起点三年级上.xlsx
renjiao_start3|g3-upper|r027|arm,renjiao_start3,3年级上,3,上,27,arm,arm,[ɑːm],[ɑːrm],n. 手臂;武器;袖子;装备;部门 vt. 武装;备战 vi. 武装起来,人教版三年级起点三年级上.xlsx
renjiao_start3|g3-upper|r028|hand,renjiao_start3,3年级上,3,上,28,hand,hand,[hænd],[hænd],"n. 手,手艺;帮助;指针;插手 vt. 传递,交给;支持;搀扶",人教版三年级起点三年级上.xlsx
renjiao_start3|g3-upper|r029|head,renjiao_start3,3年级上,3,上,29,head,head,[hed],[hed],n. 头;头痛;上端;最前的部分;理解力 adj. 头的;主要的;在顶端的 vt. 前进;用头顶;作为...,人教版三年级起点三年级上.xlsx
renjiao_start3|g3-upper|r030|body,renjiao_start3,3年级上,3,上,30,body,body,[ˈbɒdi],[ˈbɑːdi],n. 身体;主体;大量;团体;主要部分 vt. 赋以形体,人教版三年级起点三年级上.xlsx
renjiao_start3|g3-upper|r031|leg,renjiao_start3,3年级上,3,上,31,leg,leg,[leɡ],[leɡ],n. 腿;支柱,人教版三年级起点三年级上.xlsx
renjiao_start3|g3-upper|r032|foot,renjiao_start3,3年级上,3,上,32,foot,foot,[fʊt],[fʊt],n. 脚;英尺;步调;末尾 vt. 支付;给......换底 vi. 步行;跳舞;总计,人教版三年级起点三年级上.xlsx
renjiao_start3|g3-upper|r033|school,renjiao_start3,3年级上,3,上,33,school,school,[skuːl],[skuːl],n. 学校;学院;学派;鱼群 vt. 教育,人教版三年级起点三年级上.xlsx
renjiao_start3|g3-upper|r034|duck,renjiao_start3,3年级上,3,上,34,duck,duck,[dʌk],[dʌk],n. 鸭子;鸭肉;(英)宝贝儿;零分 vt. 躲避;猛按...入水 vi. 闪避;没入水中,人教版三年级起点三年级上.xlsx
renjiao_start3|g3-upper|r035|pig,renjiao_start3,3年级上,3,上,35,pig,pig,[pɪɡ],[pɪɡ],"n. 猪;猪肉 vi. 生小猪;像猪一样过活 n. 警察(俚语,带有攻击性)",人教版三年级起点三年级上.xlsx
renjiao_start3|g3-upper|r036|cat,renjiao_start3,3年级上,3,上,36,cat,cat,[kæt],[kæt],"n. 猫,猫科动物",人教版三年级起点三年级上.xlsx
renjiao_start3|g3-upper|r037|bear,renjiao_start3,3年级上,3,上,37,bear,bear,[beə(r)],[ber],"n. 熊 vt. 结果实,开花(正式) vt. 忍受;承受;具有;支撑",人教版三年级起点三年级上.xlsx
renjiao_start3|g3-upper|r038|dog,renjiao_start3,3年级上,3,上,38,dog,dog,[dɒɡ],[dɔːɡ],n. 狗;丑女人;卑鄙的人;(俚)朋友 vt. 跟踪;尾随,人教版三年级起点三年级上.xlsx
renjiao_start3|g3-upper|r039|elephant,renjiao_start3,3年级上,3,上,39,elephant,elephant,[ˈelɪfənt],[ˈelɪfənt],n. 象;大号图画纸,人教版三年级起点三年级上.xlsx
renjiao_start3|g3-upper|r040|monkey,renjiao_start3,3年级上,3,上,40,monkey,monkey,[ˈmʌŋki],[ˈmʌŋki],n. 猴子;顽童 vi. 胡闹;捣蛋 vt. 嘲弄,人教版三年级起点三年级上.xlsx
renjiao_start3|g3-upper|r041|bird,renjiao_start3,3年级上,3,上,41,bird,bird,[bɜːd],[bɜːrd],n. 鸟;家伙;羽毛球 vt. 向...喝倒彩;起哄 vi. 猎鸟;观察研究野鸟,人教版三年级起点三年级上.xlsx
renjiao_start3|g3-upper|r042|tiger,renjiao_start3,3年级上,3,上,42,tiger,tiger,[ˈtaɪɡə(r)],[ˈtaɪɡər],n. 老虎;凶暴的人,人教版三年级起点三年级上.xlsx
renjiao_start3|g3-upper|r043|panda,renjiao_start3,3年级上,3,上,43,panda,panda,[ˈpændə],[ˈpændə],n. 熊猫;猫熊,人教版三年级起点三年级上.xlsx
renjiao_start3|g3-upper|r044|zoo,renjiao_start3,3年级上,3,上,44,zoo,zoo,[zuː],[zuː],n. 动物园; <美俚>(铁路货车的最后一节)守车; <美俚>核粒子园,人教版三年级起点三年级上.xlsx
renjiao_start3|g3-upper|r045|funny,renjiao_start3,3年级上,3,上,45,funny,funny,[ˈfʌni],[ˈfʌni],"n. 滑稽人物;笑话,有趣的故事;滑稽连环漫画栏;(英)(比赛用)单人双桨小艇 adj. 有趣的,好笑的,滑稽的;(口)稀奇的,古怪的,奇异的;有病的,不舒服的;狡猾的,欺骗(性)的,可疑的,不光明",人教版三年级起点三年级上.xlsx
renjiao_start3|g3-upper|r046|bread,renjiao_start3,3年级上,3,上,46,bread,bread,[bred],[bred],n. 面包;生计 vt. 在...上洒面包屑,人教版三年级起点三年级上.xlsx
renjiao_start3|g3-upper|r047|juice,renjiao_start3,3年级上,3,上,47,juice,juice,[dʒuːs],[dʒuːs],"n. (水果)汁,液;果汁",人教版三年级起点三年级上.xlsx
renjiao_start3|g3-upper|r048|egg,renjiao_start3,3年级上,3,上,48,egg,egg,[eɡ],[eɡ],n. 蛋;卵子;家伙;鸡蛋 vt. 煽动;怂恿,人教版三年级起点三年级上.xlsx
renjiao_start3|g3-upper|r049|milk,renjiao_start3,3年级上,3,上,49,milk,milk,[mɪlk],[mɪlk],n. 牛奶;乳状物 vt. 榨取;挤...的奶 vi. 挤奶,人教版三年级起点三年级上.xlsx
renjiao_start3|g3-upper|r050|water,renjiao_start3,3年级上,3,上,50,water,water,[ˈwɔːtə(r)],[ˈwɔːtər],"n. 水;海水;雨水;海域,大片的水 vt. 使湿;供以水;给...浇水 vi. 加水;流泪;流口水",人教版三年级起点三年级上.xlsx
renjiao_start3|g3-upper|r051|cake,renjiao_start3,3年级上,3,上,51,cake,cake,[keɪk],[keɪk],n. 蛋糕;块状物;利益总额 vt. 使结块 vi. 结成块状,人教版三年级起点三年级上.xlsx
renjiao_start3|g3-upper|r052|fish,renjiao_start3,3年级上,3,上,52,fish,fish,[fɪʃ],[fɪʃ],"n. 鱼,鱼类 vt. 钓鱼,捕鱼;搜寻 vi. 捕鱼,钓鱼;用钩捞取",人教版三年级起点三年级上.xlsx
renjiao_start3|g3-upper|r053|rice,renjiao_start3,3年级上,3,上,53,rice,rice,[raɪs],[raɪs],n. 稻;米饭 vt. 把...捣成米糊状,人教版三年级起点三年级上.xlsx
renjiao_start3|g3-upper|r054|one,renjiao_start3,3年级上,3,上,54,one,one,[wʌn],[wʌn],pron. 一个人;任何人 adj. 一的;唯一的 n. 一 num. 一;一个,人教版三年级起点三年级上.xlsx
renjiao_start3|g3-upper|r055|two,renjiao_start3,3年级上,3,上,55,two,two,[tuː],[tuː],num. 二 n. 两个 adj. 两个的,人教版三年级起点三年级上.xlsx
renjiao_start3|g3-upper|r056|three,renjiao_start3,3年级上,3,上,56,three,three,[θriː],[θriː],"num. 三 n. 三,三个 adj. 三的,三个的",人教版三年级起点三年级上.xlsx
renjiao_start3|g3-upper|r057|four,renjiao_start3,3年级上,3,上,57,four,four,[fɔː(r)],[fɔːr],num. 四;四个 adj. 四的;四个的,人教版三年级起点三年级上.xlsx
renjiao_start3|g3-upper|r058|five,renjiao_start3,3年级上,3,上,58,five,five,[faɪv],[faɪv],"num. 五,五个 n. 五,五个;五美元钞票 adj. 五的;五个的",人教版三年级起点三年级上.xlsx
renjiao_start3|g3-upper|r059|six,renjiao_start3,3年级上,3,上,59,six,six,[sɪks],[sɪks],"num. 六,六个 n. 六,六个",人教版三年级起点三年级上.xlsx
renjiao_start3|g3-upper|r060|seven,renjiao_start3,3年级上,3,上,60,seven,seven,[ˈsev(ə)n],[ˈsev(ə)n],"num. 七个,七 n. 七个,七 adj. 七的;七个的",人教版三年级起点三年级上.xlsx
renjiao_start3|g3-upper|r061|eight,renjiao_start3,3年级上,3,上,61,eight,eight,[eɪt],[eɪt],num. 八;八个;第八 n. 八字形 adj. 八的,人教版三年级起点三年级上.xlsx
renjiao_start3|g3-upper|r062|nine,renjiao_start3,3年级上,3,上,62,nine,nine,[naɪn],[naɪn],"n. 九,九个 num. 九;九个 adj. 九的,九个的",人教版三年级起点三年级上.xlsx
renjiao_start3|g3-upper|r063|ten,renjiao_start3,3年级上,3,上,63,ten,ten,[ten],[ten],"num. 十个,十",人教版三年级起点三年级上.xlsx
renjiao_start3|g3-upper|r064|brother,renjiao_start3,3年级上,3,上,64,brother,brother,[ˈbrʌðə(r)],[ˈbrʌðər],n. 兄弟;同事;战友 int. 我的老兄!,人教版三年级起点三年级上.xlsx
renjiao_start3|g3-upper|r065|plate,renjiao_start3,3年级上,3,上,65,plate,plate,[pleɪt],[pleɪt],n. 碟;金属板;金属牌;感光底片 vt. 电镀;给...装甲,人教版三年级起点三年级上.xlsx
renjiao_start3|g3-lower|r002|uk,renjiao_start3,3年级下,3,下,2,UK,uk,[ˌjuː ˈkeɪ],[ˌjuː ˈkeɪ],n. 英国 abbr. 联合王国(United Kingdom),人教版三年级起点三年级下.xlsx
renjiao_start3|g3-lower|r003|canada,renjiao_start3,3年级下,3,下,3,Canada,canada,[ˈkænədə],[ˈkænədə],n. 加拿大(北美洲国家),人教版三年级起点三年级下.xlsx
renjiao_start3|g3-lower|r004|usa,renjiao_start3,3年级下,3,下,4,USA,usa,,,abbr. 美国;美利坚合众国(the United States of America),人教版三年级起点三年级下.xlsx
renjiao_start3|g3-lower|r005|china,renjiao_start3,3年级下,3,下,5,China,china,[ˈtʃaɪnə],[ˈtʃaɪnə],"n. 中国 n. china,瓷器 adj. 中国的;中国制造的 adj. china,瓷制的",人教版三年级起点三年级下.xlsx
renjiao_start3|g3-lower|r006|she,renjiao_start3,3年级下,3,下,6,she,she,[ʃi],[ʃi; ʃiː],n. 女人;雌性动物 pron. 她(主格);它(用来指雌性动物或国家、船舶、地球、月亮等),人教版三年级起点三年级下.xlsx
renjiao_start3|g3-lower|r007|student,renjiao_start3,3年级下,3,下,7,student,student,[ˈstjuːdnt],[ˈstuːdnt],n. 学生;学者,人教版三年级起点三年级下.xlsx
renjiao_start3|g3-lower|r008|pupil,renjiao_start3,3年级下,3,下,8,pupil,pupil,[ˈpjuːp(ə)l],[ˈpjuːpl],n. 学生;[解剖] 瞳孔;未成年人,人教版三年级起点三年级下.xlsx
renjiao_start3|g3-lower|r009|he,renjiao_start3,3年级下,3,下,9,he,he,[hi; iː; i; hiː],[hi; iː; i; hiː],"n. 男孩,男人;它(雄性动物) pron. 他",人教版三年级起点三年级下.xlsx
renjiao_start3|g3-lower|r010|teacher,renjiao_start3,3年级下,3,下,10,teacher,teacher,[ˈtiːtʃə(r)],[ˈtiːtʃər],n. 教师;导师,人教版三年级起点三年级下.xlsx
renjiao_start3|g3-lower|r011|boy,renjiao_start3,3年级下,3,下,11,boy,boy,[bɔɪ],[bɔɪ],n. 男孩;男人,人教版三年级起点三年级下.xlsx
renjiao_start3|g3-lower|r012|and,renjiao_start3,3年级下,3,下,12,and,and,[ənd],[ənd; ən; n; ænd],"conj. 和,与;就;而且;但是;然后",人教版三年级起点三年级下.xlsx
renjiao_start3|g3-lower|r013|girl,renjiao_start3,3年级下,3,下,13,girl,girl,[ɡɜːl],[ɡɜːrl],"n. 女孩;姑娘,未婚女子;女职员,女演员;(男人的)女朋友 n. (捷)吉尔",人教版三年级起点三年级下.xlsx
renjiao_start3|g3-lower|r014|new,renjiao_start3,3年级下,3,下,14,new,new,[njuː],[nuː],"adj. 新的,新鲜的;更新的;初见的 adv. 新近",人教版三年级起点三年级下.xlsx
renjiao_start3|g3-lower|r015|friend,renjiao_start3,3年级下,3,下,15,friend,friend,[frend],[frend],n. 朋友;助手;赞助者,人教版三年级起点三年级下.xlsx
renjiao_start3|g3-lower|r016|today,renjiao_start3,3年级下,3,下,16,today,today,[təˈdeɪ],[təˈdeɪ],n. 今天;现今 adv. 今天;现今,人教版三年级起点三年级下.xlsx
renjiao_start3|g3-lower|r017|father,renjiao_start3,3年级下,3,下,17,father,father,[ˈfɑːðə(r)],[ˈfɑːðər],"n. 父亲,爸爸;神父;祖先;前辈 vt. 发明,创立;当...的父亲",人教版三年级起点三年级下.xlsx
renjiao_start3|g3-lower|r018|dad,renjiao_start3,3年级下,3,下,18,dad,dad,[dæd],[dæd],n. 爸爸;爹爹,人教版三年级起点三年级下.xlsx
renjiao_start3|g3-lower|r019|man,renjiao_start3,3年级下,3,下,19,man,man,[mæn],[mæn],n. 人;男人;人类;丈夫;雇工 vt. 操纵;给...配置人员;使增强勇气;在...就位,人教版三年级起点三年级下.xlsx
renjiao_start3|g3-lower|r020|woman,renjiao_start3,3年级下,3,下,20,woman,woman,[ˈwʊmən],[ˈwʊmən],n. 妇女;女性;成年女子,人教版三年级起点三年级下.xlsx
renjiao_start3|g3-lower|r021|mother,renjiao_start3,3年级下,3,下,21,mother,mother,[ˈmʌðə(r)],[ˈmʌðər],n. 母亲;大娘;女修道院院长 vt. 生下;养育;像母亲般关怀或照管 adj. 母亲的;出生地的,人教版三年级起点三年级下.xlsx
renjiao_start3|g3-lower|r022|sister,renjiao_start3,3年级下,3,下,22,sister,sister,[ˈsɪstə(r)],[ˈsɪstər],n. 姐妹;(称志同道合者)姐妹;修女;护士 adj. 姐妹般的;同类型的,人教版三年级起点三年级下.xlsx
renjiao_start3|g3-lower|r023|brother,renjiao_start3,3年级下,3,下,23,brother,brother,[ˈbrʌðə(r)],[ˈbrʌðər],n. 兄弟;同事;战友 int. 我的老兄!,人教版三年级起点三年级下.xlsx
renjiao_start3|g3-lower|r024|grandmother,renjiao_start3,3年级下,3,下,24,grandmother,grandmother,[ˈɡrænmʌðə(r)],[ˈɡrænmʌðər],n. 祖母;女祖先 vt. 当...的祖母 vi. 当祖母,人教版三年级起点三年级下.xlsx
renjiao_start3|g3-lower|r025|grandma,renjiao_start3,3年级下,3,下,25,grandma,grandma,[ˈɡrænmɑː],[ˈɡrænmɑː],n. 奶奶;外婆,人教版三年级起点三年级下.xlsx
renjiao_start3|g3-lower|r026|grandfather,renjiao_start3,3年级下,3,下,26,grandfather,grandfather,[ˈɡrænfɑːðə(r)],[ˈɡrænfɑːðər],n. 祖父;始祖 vt. 不受新规定限制,人教版三年级起点三年级下.xlsx
renjiao_start3|g3-lower|r027|grandpa,renjiao_start3,3年级下,3,下,27,grandpa,grandpa,[ˈɡrænpɑː],[ˈɡrænpɑː],n. 爷爷;外公,人教版三年级起点三年级下.xlsx
renjiao_start3|g3-lower|r028|family,renjiao_start3,3年级下,3,下,28,family,family,[ˈfæməli],[ˈfæməli],n. 家庭;亲属;家族;子女;[生]科;语族;[化]族 adj. 家庭的;家族的;适合于全家的,人教版三年级起点三年级下.xlsx
renjiao_start3|g3-lower|r029|thin,renjiao_start3,3年级下,3,下,29,thin,thin,[θɪn],[θɪn],n. 细小部分 adj. 薄的;瘦的;稀薄的;微弱的 vt. 使瘦;使淡;使稀疏 vi. 变薄;变瘦;变淡 adv. 稀疏地;微弱地,人教版三年级起点三年级下.xlsx
renjiao_start3|g3-lower|r030|fat,renjiao_start3,3年级下,3,下,30,fat,fat,[fæt],[fæt],"n. 脂肪,肥肉 adj. 肥的,胖的;油腻的;丰满的 vt. 养肥;在...中加入脂肪 vi. 长肥",人教版三年级起点三年级下.xlsx
renjiao_start3|g3-lower|r031|tall,renjiao_start3,3年级下,3,下,31,tall,tall,[tɔːl],[tɔːl],adj. 高的;长的;过分的;夸大的 adv. 夸大地,人教版三年级起点三年级下.xlsx
renjiao_start3|g3-lower|r032|short,renjiao_start3,3年级下,3,下,32,short,short,[ʃɔːt],[ʃɔːrt],"n. 短;缺乏;短路;短裤 adj. 短的;不足的;矮的,低的 adv. 不足;突然;唐突地",人教版三年级起点三年级下.xlsx
renjiao_start3|g3-lower|r033|long,renjiao_start3,3年级下,3,下,33,long,long,[lɒŋ],[lɔːŋ],"n. 长时间;[语] 长音节;(服装的)长尺寸;长裤 adj. 长的;过长的;做多头的;长时间的;冗长的,长音 vi. 渴望;热望 adv. 长期地;始终",人教版三年级起点三年级下.xlsx
renjiao_start3|g3-lower|r034|small,renjiao_start3,3年级下,3,下,34,small,small,[smɔːl],[smɔːl],"n. 小件物品;矮小的人 adj. 少的,小的;微弱的;几乎没有的;不重要的;幼小的 adv. 小小地;卑鄙地",人教版三年级起点三年级下.xlsx
renjiao_start3|g3-lower|r035|big,renjiao_start3,3年级下,3,下,35,big,big,[bɪɡ],[bɪɡ],adj. 大的;重要的;量大的 adv. 大量地;顺利;夸大地,人教版三年级起点三年级下.xlsx
renjiao_start3|g3-lower|r036|giraffe,renjiao_start3,3年级下,3,下,36,giraffe,giraffe,[dʒəˈrɑːf],[dʒəˈræf],n. 长颈鹿,人教版三年级起点三年级下.xlsx
renjiao_start3|g3-lower|r037|so,renjiao_start3,3年级下,3,下,37,so,so,[səʊ],[soʊ],"conj. 所以;因此 adv. 如此,这么;确是如此 pron. 这样",人教版三年级起点三年级下.xlsx
renjiao_start3|g3-lower|r038|children,renjiao_start3,3年级下,3,下,38,children,children,[ˈtʃɪldrən],[ˈtʃɪldrən],n. 孩子们(child的复数),人教版三年级起点三年级下.xlsx
renjiao_start3|g3-lower|r039|tail,renjiao_start3,3年级下,3,下,39,tail,tail,[teɪl],[teɪl],n. 尾巴;踪迹;辫子;燕尾服 adj. 从后面而来的;尾部的 vt. 尾随;装上尾巴 vi. 跟踪;变少或缩小,人教版三年级起点三年级下.xlsx
renjiao_start3|g3-lower|r040|on,renjiao_start3,3年级下,3,下,40,on,on,[ɒn],[ɑːn],"adv. 向前地;作用中,行动中;继续着 prep. 向,朝......;关于;在......之上;在......时候 adj. 开着的;发生着的,正在进行中",人教版三年级起点三年级下.xlsx
renjiao_start3|g3-lower|r041|in,renjiao_start3,3年级下,3,下,41,in,in,[ɪn],[ɪn],prep. 按照(表示方式);从事于;在...之内 n. 执政者;门路;知情者 adj. 在里面的;时髦的 adv. 进入;当选;(服装等)时髦;在屋里,人教版三年级起点三年级下.xlsx
renjiao_start3|g3-lower|r042|under,renjiao_start3,3年级下,3,下,42,under,under,[ˈʌndə(r)],[ˈʌndər],"prep. 低于,少于;在...之下 adj. 下面的;从属的 adv. 在下面;在下方",人教版三年级起点三年级下.xlsx
renjiao_start3|g3-lower|r043|chair,renjiao_start3,3年级下,3,下,43,chair,chair,[tʃeə(r)],[tʃer],n. 椅子;讲座;(会议的)主席位;大学教授的职位 vt. 担任(会议的)主席;使...入座;使就任要职,人教版三年级起点三年级下.xlsx
renjiao_start3|g3-lower|r044|desk,renjiao_start3,3年级下,3,下,44,desk,desk,[desk],[desk],n. 办公桌;服务台;编辑部;(美)讲道台;乐谱架 adj. 书桌的;桌上用的;伏案做的,人教版三年级起点三年级下.xlsx
renjiao_start3|g3-lower|r045|cap,renjiao_start3,3年级下,3,下,45,cap,cap,[kæp],[kæp],n. 盖;帽子 vt. 覆盖;胜过;给...戴帽;加盖于 vi. 脱帽致意,人教版三年级起点三年级下.xlsx
renjiao_start3|g3-lower|r046|ball,renjiao_start3,3年级下,3,下,46,ball,ball,[bɔːl],[bɔːl],n. 球;舞会 vt. 捏成球形 vi. 成团块,人教版三年级起点三年级下.xlsx
renjiao_start3|g3-lower|r047|car,renjiao_start3,3年级下,3,下,47,car,car,[kɑː(r)],[kɑːr],n. 汽车;车厢,人教版三年级起点三年级下.xlsx
renjiao_start3|g3-lower|r048|boat,renjiao_start3,3年级下,3,下,48,boat,boat,[bəʊt],[boʊt],n. 小船;轮船 vi. 划船,人教版三年级起点三年级下.xlsx
renjiao_start3|g3-lower|r049|map,renjiao_start3,3年级下,3,下,49,map,map,[mæp],[mæp],vt. 映射;计划;绘制地图;确定基因在染色体中的位置 n. 地图;示意图;染色体图 vi. 基因被安置,人教版三年级起点三年级下.xlsx
renjiao_start3|g3-lower|r050|toy,renjiao_start3,3年级下,3,下,50,toy,toy,[tɔɪ],[tɔɪ],n. 玩具;小装饰品;不值钱的东西 adj. 作为玩具的;玩物似的 vi. 玩弄;调情;随随便便地对待,人教版三年级起点三年级下.xlsx
renjiao_start3|g3-lower|r051|box,renjiao_start3,3年级下,3,下,51,box,box,[bɒks],[bɑːks],"n. 箱,盒子;包厢;一拳 vt. 拳击;装...入盒中;打耳光 vi. 拳击",人教版三年级起点三年级下.xlsx
renjiao_start3|g3-lower|r052|pear,renjiao_start3,3年级下,3,下,52,pear,pear,[peə(r)],[per],n. [园艺] 梨树;梨子,人教版三年级起点三年级下.xlsx
renjiao_start3|g3-lower|r053|apple,renjiao_start3,3年级下,3,下,53,apple,apple,[ˈæp(ə)l],[ˈæpl],"n. 苹果,苹果树,苹果似的东西;[美俚]炸弹,手榴弹,(棒球的)球;[美俚]人,家伙。",人教版三年级起点三年级下.xlsx
renjiao_start3|g3-lower|r054|orange,renjiao_start3,3年级下,3,下,54,orange,orange,[ˈɒrɪndʒ],[ˈɔrɪndʒ],adj. 橙色的;橘色的 n. 橙;橙色;桔子,人教版三年级起点三年级下.xlsx
renjiao_start3|g3-lower|r055|banana,renjiao_start3,3年级下,3,下,55,banana,banana,[bəˈnɑːnə],[bəˈnænə],n. 香蕉;喜剧演员;大鹰钩鼻,人教版三年级起点三年级下.xlsx
renjiao_start3|g3-lower|r056|watermelon,renjiao_start3,3年级下,3,下,56,watermelon,watermelon,[ˈwɔːtəmelən],[ˈwɔːtərmelən],n. 西瓜,人教版三年级起点三年级下.xlsx
renjiao_start3|g3-lower|r057|strawberry,renjiao_start3,3年级下,3,下,57,strawberry,strawberry,[ˈstrɔːbəri],[ˈstrɔːberi],n. 草莓;草莓色,人教版三年级起点三年级下.xlsx
renjiao_start3|g3-lower|r058|grape,renjiao_start3,3年级下,3,下,58,grape,grape,[ɡreɪp],[ɡreɪp],n. 葡萄;葡萄酒;葡萄树;葡萄色,人教版三年级起点三年级下.xlsx
renjiao_start3|g3-lower|r059|buy,renjiao_start3,3年级下,3,下,59,buy,buy,[baɪ],[baɪ],"n. 购买,买卖;所购的物品 vi. 买,采购 vt. 购买;获得;贿赂",人教版三年级起点三年级下.xlsx
renjiao_start3|g3-lower|r060|fruit,renjiao_start3,3年级下,3,下,60,fruit,fruit,[fruːt],[fruːt],n. 水果;产物 vt. 使......结果实 vi. 结果实,人教版三年级起点三年级下.xlsx
renjiao_start3|g3-lower|r061|eleven,renjiao_start3,3年级下,3,下,61,eleven,eleven,[ɪˈlev(ə)n],[ɪˈlevn],num. 十一;十一个 n. 十一;十一个 adj. 十一的;十一个的,人教版三年级起点三年级下.xlsx
renjiao_start3|g3-lower|r062|twelve,renjiao_start3,3年级下,3,下,62,twelve,twelve,[twelv],[twelv],num. 十二;十二个 n. 十二;十二个 adj. 十二的;十二个的,人教版三年级起点三年级下.xlsx
renjiao_start3|g3-lower|r063|thirteen,renjiao_start3,3年级下,3,下,63,thirteen,thirteen,[ˌθɜːˈtiːn],[ˌθɜːrˈtiːn],n. 十三;十三岁;十三个 num. 十三 adj. 十三的;十三个的,人教版三年级起点三年级下.xlsx
renjiao_start3|g3-lower|r064|fourteen,renjiao_start3,3年级下,3,下,64,fourteen,fourteen,[ˌfɔːˈtiːn],[ˌfɔːrˈtiːn],num. 十四;十四个;第十四 n. 十四的记号;十四岁;十四点钟;十五世纪,人教版三年级起点三年级下.xlsx
renjiao_start3|g3-lower|r065|fifteen,renjiao_start3,3年级下,3,下,65,fifteen,fifteen,[ˌfɪfˈtiːn],[ˌfɪfˈtiːn],n. 十五;十五个;十五人组成的橄榄球队 num. 十五 adj. 十五的,人教版三年级起点三年级下.xlsx
renjiao_start3|g3-lower|r066|sixteen,renjiao_start3,3年级下,3,下,66,sixteen,sixteen,[ˌsɪksˈtiːn],[ˌsɪksˈtiːn],"num. 十六 adj. 十六的,十六个的",人教版三年级起点三年级下.xlsx
renjiao_start3|g3-lower|r067|seventeen,renjiao_start3,3年级下,3,下,67,seventeen,seventeen,[ˌsev(ə)nˈtiːn],[ˌsevnˈtiːn],"n. 十七,十七个 num. 十七 adj. 十七岁的;十七的,十七个的",人教版三年级起点三年级下.xlsx
renjiao_start3|g3-lower|r068|eighteen,renjiao_start3,3年级下,3,下,68,eighteen,eighteen,[ˌeɪˈtiːn],[ˌeɪˈtiːn],"n. 十八,十八个 num. 十八 adj. 十八个的,十八的",人教版三年级起点三年级下.xlsx
renjiao_start3|g3-lower|r069|nineteen,renjiao_start3,3年级下,3,下,69,nineteen,nineteen,[ˌnaɪnˈtiːn],[ˌnaɪnˈtiːn],num. 十九,人教版三年级起点三年级下.xlsx
renjiao_start3|g3-lower|r070|twenty,renjiao_start3,3年级下,3,下,70,twenty,twenty,[ˈtwenti],[ˈtwenti],num. 二十 n. 二十;二十年代 adj. 二十的,人教版三年级起点三年级下.xlsx
renjiao_start3|g3-lower|r071|kite,renjiao_start3,3年级下,3,下,71,kite,kite,[kaɪt],[kaɪt],n. 风筝 vi. 使用空头支票;像风筝一样飞;轻快地移动 vt. 骗钱;涂改(支票),人教版三年级起点三年级下.xlsx
renjiao_start3|g3-lower|r072|beautiful,renjiao_start3,3年级下,3,下,72,beautiful,beautiful,[ˈbjuːtɪf(ə)l],[ˈbjuːtɪf(ə)l],adj. 美丽的 出色地 出色的 迷人的 迷人地,人教版三年级起点三年级下.xlsx
renjiao_start3|g4-upper|r002|classroom,renjiao_start3,4年级上,4,上,2,classroom,classroom,[ˈklɑːsruːm],[ˈklæsruːm; ˈklæsrʊm],n. 教室,人教版三年级起点四年级上.xlsx
renjiao_start3|g4-upper|r003|window,renjiao_start3,4年级上,4,上,3,window,window,[ˈwɪndəʊ],[ˈwɪndoʊ],n. 窗;窗口;窗户,人教版三年级起点四年级上.xlsx
renjiao_start3|g4-upper|r004|blackboard,renjiao_start3,4年级上,4,上,4,blackboard,blackboard,[ˈblækbɔːd],[ˈblækbɔːrd],n. 黑板,人教版三年级起点四年级上.xlsx
renjiao_start3|g4-upper|r005|light,renjiao_start3,4年级上,4,上,5,light,light,[laɪt],[laɪt],n. 光;光线;灯;打火机;领悟;浅色;天窗 adj. 轻的;浅色的;明亮的;轻松的;容易的;清淡的 vi. 点着;变亮;着火 vt. 照亮;点燃;着火 adv. 轻地;清楚地;轻便地,人教版三年级起点四年级上.xlsx
renjiao_start3|g4-upper|r006|picture,renjiao_start3,4年级上,4,上,6,picture,picture,[ˈpɪktʃə(r)],[ˈpɪktʃər],"n. 照片,图画;影片;景色;化身 vt. 画;想像;描写",人教版三年级起点四年级上.xlsx
renjiao_start3|g4-upper|r007|door,renjiao_start3,4年级上,4,上,7,door,door,[dɔː(r)],[dɔːr],"n. 门;家,户;门口;通道",人教版三年级起点四年级上.xlsx
renjiao_start3|g4-upper|r008|teacher's desk,renjiao_start3,4年级上,4,上,8,teacher's desk,teacher's desk,,,讲台;讲桌;讲台桌,人教版三年级起点四年级上.xlsx
renjiao_start3|g4-upper|r009|computer,renjiao_start3,4年级上,4,上,9,computer,computer,[kəmˈpjuːtə(r)],[kəmˈpjuːtər],n. 计算机;电脑;电子计算机,人教版三年级起点四年级上.xlsx
renjiao_start3|g4-upper|r010|fan,renjiao_start3,4年级上,4,上,10,fan,fan,[fæn],[fæn],n. 迷;风扇;爱好者 vt. 煽动;刺激;吹拂 vi. 成扇形散开;飘动,人教版三年级起点四年级上.xlsx
renjiao_start3|g4-upper|r011|wall,renjiao_start3,4年级上,4,上,11,wall,wall,[wɔːl],[wɔːl],"n. 墙壁,围墙;似墙之物 adj. 墙壁的 vt. 用墙围住,围以墙",人教版三年级起点四年级上.xlsx
renjiao_start3|g4-upper|r012|floor,renjiao_start3,4年级上,4,上,12,floor,floor,[flɔː(r)],[flɔːr],"n. 地板,地面;楼层;基底;议员席 vt. 铺地板;打倒,击倒;(被困难)难倒",人教版三年级起点四年级上.xlsx
renjiao_start3|g4-upper|r013|really,renjiao_start3,4年级上,4,上,13,really,really,[ˈriːəli],[ˈriːəli],"adv. 实际上,事实上;真正地,真实地;真的吗?(表语气)",人教版三年级起点四年级上.xlsx
renjiao_start3|g4-upper|r014|near,renjiao_start3,4年级上,4,上,14,near,near,[nɪə(r)],[nɪr],adj. 近的;亲近的;近似的 adv. 近;接近 prep. 靠近;近似于,人教版三年级起点四年级上.xlsx
renjiao_start3|g4-upper|r015|tv,renjiao_start3,4年级上,4,上,15,TV,tv,[ˌtiː ˈviː],[ˌtiː ˈviː],abbr. 电视(television),人教版三年级起点四年级上.xlsx
renjiao_start3|g4-upper|r016|clean,renjiao_start3,4年级上,4,上,16,clean,clean,[kliːn],[kliːn],"n. 打扫 adj. 清洁的,干净的;清白的 vt. 使干净 vi. 打扫,清扫 adv. 完全地",人教版三年级起点四年级上.xlsx
renjiao_start3|g4-upper|r017|help,renjiao_start3,4年级上,4,上,17,help,help,[help],[help],n. 帮助;补救办法;帮忙者;有益的东西 vt. 帮助;促进;治疗;补救 vi. 帮助;有用;招待,人教版三年级起点四年级上.xlsx
renjiao_start3|g4-upper|r018|schoolbag,renjiao_start3,4年级上,4,上,18,schoolbag,schoolbag,[ˈskuːlbæɡ],[ˈskuːlˌbæɡ],n. 书包,人教版三年级起点四年级上.xlsx
renjiao_start3|g4-upper|r019|maths book,renjiao_start3,4年级上,4,上,19,maths book,maths book,,,无,人教版三年级起点四年级上.xlsx
renjiao_start3|g4-upper|r020|english book,renjiao_start3,4年级上,4,上,20,English book,english book,,,英语书;英文书;数学书,人教版三年级起点四年级上.xlsx
renjiao_start3|g4-upper|r021|chinese book,renjiao_start3,4年级上,4,上,21,Chinese book,chinese book,,,语文书;中文书;英语书,人教版三年级起点四年级上.xlsx
renjiao_start3|g4-upper|r022|storybook,renjiao_start3,4年级上,4,上,22,storybook,storybook,[ˈstɔːribʊk],[ˈstɔːribʊk],n. 故事书;小说,人教版三年级起点四年级上.xlsx
renjiao_start3|g4-upper|r023|candy,renjiao_start3,4年级上,4,上,23,candy,candy,[ˈkændi],[ˈkændi],"n. 糖果(等于sweets);冰糖(等于sugar candy,rock candy);毒品 adj. 新潮的(服饰);甜言蜜语的 vt. 用糖煮;使结晶为砂糖;美化 vi. 糖煮;成为结晶",人教版三年级起点四年级上.xlsx
renjiao_start3|g4-upper|r024|notebook,renjiao_start3,4年级上,4,上,24,notebook,notebook,[ˈnəʊtbʊk],[ˈnoʊtbʊk],"n. 笔记本,笔记簿;手册",人教版三年级起点四年级上.xlsx
renjiao_start3|g4-upper|r025|toy,renjiao_start3,4年级上,4,上,25,toy,toy,[tɔɪ],[tɔɪ],n. 玩具;小装饰品;不值钱的东西 adj. 作为玩具的;玩物似的 vi. 玩弄;调情;随随便便地对待,人教版三年级起点四年级上.xlsx
renjiao_start3|g4-upper|r026|key,renjiao_start3,4年级上,4,上,26,key,key,[kiː],[kiː],n. (打字机等的)键;关键;钥匙 vt. 键入;锁上;调节...的音调;提供线索 vi. 使用钥匙 adj. 关键的,人教版三年级起点四年级上.xlsx
renjiao_start3|g4-upper|r027|wow,renjiao_start3,4年级上,4,上,27,wow,wow,[waʊ],[waʊ],"n. 极大的成功;一鸣惊人之举;魔兽世界(World of Warcraft);失真 int. (表示极大的惊奇或钦佩)哇,呀",人教版三年级起点四年级上.xlsx
renjiao_start3|g4-upper|r028|lost,renjiao_start3,4年级上,4,上,28,lost,lost,[lɒst],[lɔːst],adj. 失去的;丧失的;迷惑的 v. 遗失(lose的过去分词);失败,人教版三年级起点四年级上.xlsx
renjiao_start3|g4-upper|r029|so much,renjiao_start3,4年级上,4,上,29,so much,so much,[səʊ mʌtʃ],[soʊ mʌtʃ],na. 和...一样多;就只那么多;多少,人教版三年级起点四年级上.xlsx
renjiao_start3|g4-upper|r030|cute,renjiao_start3,4年级上,4,上,30,cute,cute,[kjuːt],[kjuːt],"adj. 可爱的;漂亮的;聪明的,伶俐的",人教版三年级起点四年级上.xlsx
renjiao_start3|g4-upper|r031|strong,renjiao_start3,4年级上,4,上,31,strong,strong,[strɒŋ],[strɔːŋ],adj. 坚强的;强壮的;牢固的;擅长的 adv. 强劲地;猛烈地,人教版三年级起点四年级上.xlsx
renjiao_start3|g4-upper|r032|friendly,renjiao_start3,4年级上,4,上,32,friendly,friendly,[ˈfrendli],[ˈfrendli],"adj. 友好的;亲切的;支持的;融洽的,和睦的 adv. 友善地;温和地",人教版三年级起点四年级上.xlsx
renjiao_start3|g4-upper|r033|quiet,renjiao_start3,4年级上,4,上,33,quiet,quiet,[ˈkwaɪət],[ˈkwaɪət],n. 安静;和平 adj. 安静的;安定的;不动的;温顺的 vt. 使平息;安慰 vi. 平静下来,人教版三年级起点四年级上.xlsx
renjiao_start3|g4-upper|r034|hair,renjiao_start3,4年级上,4,上,34,hair,hair,[heə(r)],[her],n. 头发;毛发;些微 adj. 毛发的;护理毛发的;用毛发制成的 vt. 除去...的毛发 vi. 生长毛发;形成毛状纤维,人教版三年级起点四年级上.xlsx
renjiao_start3|g4-upper|r035|shoe,renjiao_start3,4年级上,4,上,35,shoe,shoe,[ʃuː],[ʃuː],n. 鞋;蹄铁;外胎 vt. 给......穿上鞋;穿......鞋,人教版三年级起点四年级上.xlsx
renjiao_start3|g4-upper|r036|glasses,renjiao_start3,4年级上,4,上,36,glasses,glasses,[ˈɡlɑːsɪz],[ˈɡlæsɪz],n. [轻] 眼镜;玻璃(glass的复数形式);双筒望远镜 v. 把...装入玻璃容器内;给...装上玻璃(glass的第三人称单数形式),人教版三年级起点四年级上.xlsx
renjiao_start3|g4-upper|r037|his,renjiao_start3,4年级上,4,上,37,his,his,[hɪz],[hɪz; ɪz],pron. 他的,人教版三年级起点四年级上.xlsx
renjiao_start3|g4-upper|r038|or,renjiao_start3,4年级上,4,上,38,or,or,[ɔː(r)],[ɔːr],"conj. 或,或者;还是",人教版三年级起点四年级上.xlsx
renjiao_start3|g4-upper|r039|right,renjiao_start3,4年级上,4,上,39,right,right,[raɪt],[raɪt],n. 正确;右边;正义 adj. 正确的;直接的;右方的 vt. 纠正 adv. 正确地;恰当地;彻底地 vi. 复正;恢复平稳,人教版三年级起点四年级上.xlsx
renjiao_start3|g4-upper|r040|hat,renjiao_start3,4年级上,4,上,40,hat,hat,[hæt],[hæt],n. 帽子 vt. 给......戴上帽子 vi. 供应帽子;制造帽子,人教版三年级起点四年级上.xlsx
renjiao_start3|g4-upper|r041|her,renjiao_start3,4年级上,4,上,41,her,her,[hə(r)],[hər; ɜːr; ər; hɜːr],pron. 她(she的宾格);她的(she的所有格);她(指某个国家;一艘船),人教版三年级起点四年级上.xlsx
renjiao_start3|g4-upper|r042|bedroom,renjiao_start3,4年级上,4,上,42,bedroom,bedroom,[ˈbedruːm],[ˈbedruːm; ˈbedrʊm],n. 卧室 adj. 两性关系的;城郊住宅区的,人教版三年级起点四年级上.xlsx
renjiao_start3|g4-upper|r043|living room,renjiao_start3,4年级上,4,上,43,living room,living room,['lɪvɪŋ ru:m],[ˈlɪvɪŋ ruːm],n. 客厅;起居室,人教版三年级起点四年级上.xlsx
renjiao_start3|g4-upper|r044|study,renjiao_start3,4年级上,4,上,44,study,study,[ˈstʌdi],[ˈstʌdi],"n. 学习,研究;课题;书房;学问 vt. 学习;考虑;攻读;细察 vi. 研究;用功",人教版三年级起点四年级上.xlsx
renjiao_start3|g4-upper|r045|kitchen,renjiao_start3,4年级上,4,上,45,kitchen,kitchen,[ˈkɪtʃɪn],[ˈkɪtʃɪn],n. 厨房;炊具;炊事人员,人教版三年级起点四年级上.xlsx
renjiao_start3|g4-upper|r046|bathroom,renjiao_start3,4年级上,4,上,46,bathroom,bathroom,[ˈbɑːθruːm; ˈbɑːθrʊm],[ˈbæθruːm],n. 浴室;厕所;盥洗室,人教版三年级起点四年级上.xlsx
renjiao_start3|g4-upper|r047|bed,renjiao_start3,4年级上,4,上,47,bed,bed,[bed],[bed],"n. 床;基础;河底, 海底 vt. 使睡觉;安置,嵌入;栽种 vi. 上床;分层",人教版三年级起点四年级上.xlsx
renjiao_start3|g4-upper|r048|phone,renjiao_start3,4年级上,4,上,48,phone,phone,[fəʊn],[foʊn],"n. 电话;耳机,听筒 vt. 打电话 vi. 打电话",人教版三年级起点四年级上.xlsx
renjiao_start3|g4-upper|r049|table,renjiao_start3,4年级上,4,上,49,table,table,[ˈteɪb(ə)l],[ˈteɪbl],n. 桌子;表格;平地层 vt. 制表;搁置;嵌合 adj. 桌子的,人教版三年级起点四年级上.xlsx
renjiao_start3|g4-upper|r050|sofa,renjiao_start3,4年级上,4,上,50,sofa,sofa,[ˈsəʊfə],[ˈsoʊfə],n. 沙发;长椅,人教版三年级起点四年级上.xlsx
renjiao_start3|g4-upper|r051|fridge,renjiao_start3,4年级上,4,上,51,fridge,fridge,[frɪdʒ],[frɪdʒ],n. 电冰箱,人教版三年级起点四年级上.xlsx
renjiao_start3|g4-upper|r052|find,renjiao_start3,4年级上,4,上,52,find,find,[faɪnd],[faɪnd],"n. 发现 vi. 裁决 vt. 查找,找到;发现;认为;感到;获得",人教版三年级起点四年级上.xlsx
renjiao_start3|g4-upper|r053|them,renjiao_start3,4年级上,4,上,53,them,them,[ðəm; ðem],[ðəm; ðem],pron. 他们;它们;她们,人教版三年级起点四年级上.xlsx
renjiao_start3|g4-upper|r054|beef,renjiao_start3,4年级上,4,上,54,beef,beef,[biːf],[biːf],"n. 牛肉;肌肉;食用牛;牢骚 vt. 养;加强 vi. 抱怨,告发;发牢骚",人教版三年级起点四年级上.xlsx
renjiao_start3|g4-upper|r055|chicken,renjiao_start3,4年级上,4,上,55,chicken,chicken,[ˈtʃɪkɪn],[ˈtʃɪkɪn],"n. 鸡肉;小鸡;胆小鬼,懦夫 adj. 鸡肉的;胆怯的;幼小的",人教版三年级起点四年级上.xlsx
renjiao_start3|g4-upper|r056|noodles,renjiao_start3,4年级上,4,上,56,noodles,noodles,[ˈnuːd(ə)lz],[ˈnuːd(ə)lz],"n. 面条,挂面(noodle的复数形式)",人教版三年级起点四年级上.xlsx
renjiao_start3|g4-upper|r057|soup,renjiao_start3,4年级上,4,上,57,soup,soup,[suːp],[suːp],"n. 汤,羹;马力 vt. 加速;增加马力",人教版三年级起点四年级上.xlsx
renjiao_start3|g4-upper|r058|vegetable,renjiao_start3,4年级上,4,上,58,vegetable,vegetable,[ˈvedʒtəb(ə)l],[ˈvedʒtəbl],n. 蔬菜;植物;植物人 adj. 蔬菜的;植物的,人教版三年级起点四年级上.xlsx
renjiao_start3|g4-upper|r059|chopsticks,renjiao_start3,4年级上,4,上,59,chopsticks,chopsticks,[ˈtʃɒpstɪks],[ˈtʃɑːpstɪks],n. 筷子,人教版三年级起点四年级上.xlsx
renjiao_start3|g4-upper|r060|bowl,renjiao_start3,4年级上,4,上,60,bowl,bowl,[bəʊl],[boʊl],n. 碗;木球;大酒杯 vt. 投球;旋转;平稳快速移动 vi. 玩保龄球;滑动;平稳快速移动,人教版三年级起点四年级上.xlsx
renjiao_start3|g4-upper|r061|fork,renjiao_start3,4年级上,4,上,61,fork,fork,[fɔːk],[fɔːrk],n. 叉;餐叉;耙 vt. 叉起;使成叉状 vi. 分叉;分歧,人教版三年级起点四年级上.xlsx
renjiao_start3|g4-upper|r062|knife,renjiao_start3,4年级上,4,上,62,knife,knife,[naɪf],[naɪf],n. 刀;匕首 vt. 用刀切;(口)伤害 vi. 劈开;划过,人教版三年级起点四年级上.xlsx
renjiao_start3|g4-upper|r063|spoon,renjiao_start3,4年级上,4,上,63,spoon,spoon,[spuːn],[spuːn],"n. 匙,勺子;一杓的量 vt. 用匙舀;使成匙状 vi. 轻轻向上击",人教版三年级起点四年级上.xlsx
renjiao_start3|g4-upper|r064|dinner,renjiao_start3,4年级上,4,上,64,dinner,dinner,[ˈdɪnə(r)],[ˈdɪnər],"n. 晚餐,晚宴;宴会;正餐",人教版三年级起点四年级上.xlsx
renjiao_start3|g4-upper|r065|ready,renjiao_start3,4年级上,4,上,65,ready,ready,[ˈredi],[ˈredi],n. 现款;预备好的状态 adj. 准备好;现成的;迅速的;情愿的;快要...的 vt. 使准备好 adv. 迅速地;预先,人教版三年级起点四年级上.xlsx
renjiao_start3|g4-upper|r066|help yourself,renjiao_start3,4年级上,4,上,66,help yourself,help yourself,,,别客气;请自便;随便吃,人教版三年级起点四年级上.xlsx
renjiao_start3|g4-upper|r067|pass,renjiao_start3,4年级上,4,上,67,pass,pass,[pɑːs],[pæs],n. 及格;经过;护照;途径;传球 vt. 通过;经过;传递 vi. 经过;传递;变化;终止,人教版三年级起点四年级上.xlsx
renjiao_start3|g4-upper|r068|try,renjiao_start3,4年级上,4,上,68,try,try,[traɪ],[traɪ],"n. 尝试;努力;试验 vt. 试图,努力;试验;审判;考验 vi. 尝试;努力;试验",人教版三年级起点四年级上.xlsx
renjiao_start3|g4-upper|r069|parents,renjiao_start3,4年级上,4,上,69,parents,parents,['peərənts],['perənts],n. 父母;双亲(parent的复数) v. 教养;引起(parent的三单形式),人教版三年级起点四年级上.xlsx
renjiao_start3|g4-upper|r070|cousin,renjiao_start3,4年级上,4,上,70,cousin,cousin,[ˈkʌzn],[ˈkʌzn],n. 堂兄弟姊妹;表兄弟姊妹,人教版三年级起点四年级上.xlsx
renjiao_start3|g4-upper|r071|uncle,renjiao_start3,4年级上,4,上,71,uncle,uncle,[ˈʌŋk(ə)l],[ˈʌŋkl],n. 叔叔;伯父;伯伯;舅父;姨丈;姑父,人教版三年级起点四年级上.xlsx
renjiao_start3|g4-upper|r072|aunt,renjiao_start3,4年级上,4,上,72,aunt,aunt,[ɑːnt],[ænt],n. 阿姨;姑妈;伯母;舅妈,人教版三年级起点四年级上.xlsx
renjiao_start3|g4-upper|r073|baby brother,renjiao_start3,4年级上,4,上,73,baby brother,baby brother,,,小弟弟;我的弟弟啊;切入正题,人教版三年级起点四年级上.xlsx
renjiao_start3|g4-upper|r074|doctor,renjiao_start3,4年级上,4,上,74,doctor,doctor,[ˈdɒktə(r)],[ˈdɑːktər],"vt. 修理;篡改,伪造;为...治病;授以博士学位 n. 医生;博士 vi. 就医;行医",人教版三年级起点四年级上.xlsx
renjiao_start3|g4-upper|r075|cook,renjiao_start3,4年级上,4,上,75,cook,cook,[kʊk],[kʊk],"n. 厨师,厨子 vt. 烹调,煮 vi. 烹调,做菜",人教版三年级起点四年级上.xlsx
renjiao_start3|g4-upper|r076|driver,renjiao_start3,4年级上,4,上,76,driver,driver,[ˈdraɪvə(r)],[ˈdraɪvər],n. 驾驶员;驱动程序;起子;传动器,人教版三年级起点四年级上.xlsx
renjiao_start3|g4-upper|r077|farmer,renjiao_start3,4年级上,4,上,77,farmer,farmer,[ˈfɑːmə(r)],[ˈfɑːrmər],"n. 农夫,农民",人教版三年级起点四年级上.xlsx
renjiao_start3|g4-upper|r078|nurse,renjiao_start3,4年级上,4,上,78,nurse,nurse,[nɜːs],[nɜːrs],"vt. 看护,护理;照顾;培养;给...喂奶 vi. 照料,护理;喂奶;当保姆 n. 护士;奶妈,保姆",人教版三年级起点四年级上.xlsx
renjiao_start3|g4-upper|r079|people,renjiao_start3,4年级上,4,上,79,people,people,[ˈpiːp(ə)l],[ˈpiːpl],n. 人;人类;民族;公民 vt. 居住于;使住满人,人教版三年级起点四年级上.xlsx
renjiao_start3|g4-upper|r080|but,renjiao_start3,4年级上,4,上,80,but,but,[bət],[bət; bʌt],"conj. 但是;而是;然而 adv. 仅仅,只 prep. 除...以外",人教版三年级起点四年级上.xlsx
renjiao_start3|g4-upper|r081|little,renjiao_start3,4年级上,4,上,81,little,little,[ˈlɪt(ə)l],[ˈlɪtl],adj. 小的;很少的;短暂的;小巧可爱的 adv. 完全不 n. 少许;没有多少;短时间,人教版三年级起点四年级上.xlsx
renjiao_start3|g4-upper|r082|puppy,renjiao_start3,4年级上,4,上,82,puppy,puppy,[ˈpʌpi],[ˈpʌpi],"n. 小狗,幼犬",人教版三年级起点四年级上.xlsx
renjiao_start3|g4-upper|r083|football player,renjiao_start3,4年级上,4,上,83,football player,football player,,,足球运动员;球员;足球队员,人教版三年级起点四年级上.xlsx
renjiao_start3|g4-upper|r084|job,renjiao_start3,4年级上,4,上,84,job,job,[dʒɒb],[dʒɑːb],n. 工作;职业 vt. 承包;代客买卖 vi. 做零工,人教版三年级起点四年级上.xlsx
renjiao_start3|g4-upper|r085|basketball,renjiao_start3,4年级上,4,上,85,basketball,basketball,[ˈbɑːskɪtbɔːl],[ˈbæskɪtbɔːl],n. 篮球;篮球运动,人教版三年级起点四年级上.xlsx
renjiao_start3|g4-lower|r002|first floor,renjiao_start3,4年级下,4,下,2,first floor,first floor,[fɜ:st flɔ:(r)],[fɝ​st flɔr],n. 地面以上的一层;底层,人教版三年级起点四年级下.xlsx
renjiao_start3|g4-lower|r003|second floor,renjiao_start3,4年级下,4,下,3,second floor,second floor,,,na. 〈美〉二楼;〈英〉三楼,人教版三年级起点四年级下.xlsx
renjiao_start3|g4-lower|r004|teacher's office,renjiao_start3,4年级下,4,下,4,teacher's office,teacher's office,,,无,人教版三年级起点四年级下.xlsx
renjiao_start3|g4-lower|r005|library,renjiao_start3,4年级下,4,下,5,library,library,[ˈlaɪbrəri; ˈlaɪbri],[ˈlaɪbreri],"n. 图书馆,藏书室;文库",人教版三年级起点四年级下.xlsx
renjiao_start3|g4-lower|r006|playground,renjiao_start3,4年级下,4,下,6,playground,playground,[ˈpleɪɡraʊnd],[ˈpleɪɡraʊnd],"n. 运动场,操场;游乐场",人教版三年级起点四年级下.xlsx
renjiao_start3|g4-lower|r007|computer room,renjiao_start3,4年级下,4,下,7,computer room,computer room,,,un. 计算机机房;计算机室,人教版三年级起点四年级下.xlsx
renjiao_start3|g4-lower|r008|art room,renjiao_start3,4年级下,4,下,8,art room,art room,,,绘画教室;美术室;美术教室,人教版三年级起点四年级下.xlsx
renjiao_start3|g4-lower|r009|music room,renjiao_start3,4年级下,4,下,9,music room,music room,,,音乐教室;音乐室;音乐厅,人教版三年级起点四年级下.xlsx
renjiao_start3|g4-lower|r010|next to,renjiao_start3,4年级下,4,下,10,next to,next to,,,prep. 紧邻;在...近旁;仅次于;紧接,人教版三年级起点四年级下.xlsx
renjiao_start3|g4-lower|r011|homework,renjiao_start3,4年级下,4,下,11,homework,homework,[ˈhəʊmwɜːk],[ˈhoʊmwɜːrk],"n. 家庭作业,课外作业",人教版三年级起点四年级下.xlsx
renjiao_start3|g4-lower|r012|class,renjiao_start3,4年级下,4,下,12,class,class,[klɑːs],[klæs],"n. 阶级;班级;种类;班;等级 adj. 极好的;很好的,优秀的,出色的 vt. 分类;把...分等级;把...归入某等级,把...看作(或分类、归类);把...编入某一班级 vi. 属于...类(或等级),被列为某类(或某级)",人教版三年级起点四年级下.xlsx
renjiao_start3|g4-lower|r013|forty,renjiao_start3,4年级下,4,下,13,forty,forty,[ˈfɔːti],[ˈfɔːrti],n. 四十 adj. 四十的;四十个的,人教版三年级起点四年级下.xlsx
renjiao_start3|g4-lower|r014|way,renjiao_start3,4年级下,4,下,14,way,way,[weɪ],[weɪ],n. 方法;道路;方向;行业;习惯 adj. 途中的 adv. 大大地;远远地,人教版三年级起点四年级下.xlsx
renjiao_start3|g4-lower|r015|breakfast,renjiao_start3,4年级下,4,下,15,breakfast,breakfast,[ˈbrekfəst],[ˈbrekfəst],n. 早餐;早饭 vt. 为...供应早餐 vi. 吃早餐,人教版三年级起点四年级下.xlsx
renjiao_start3|g4-lower|r016|english class,renjiao_start3,4年级下,4,下,16,English class,english class,,,英语课;英文课;英语课程,人教版三年级起点四年级下.xlsx
renjiao_start3|g4-lower|r017|lunch,renjiao_start3,4年级下,4,下,17,lunch,lunch,[lʌntʃ],[lʌntʃ],n. 午餐 vt. 吃午餐;供给午餐 vi. 吃午餐;供给午餐,人教版三年级起点四年级下.xlsx
renjiao_start3|g4-lower|r018|music class,renjiao_start3,4年级下,4,下,18,music class,music class,,,无,人教版三年级起点四年级下.xlsx
renjiao_start3|g4-lower|r019|pe class,renjiao_start3,4年级下,4,下,19,PE class,pe class,,,无,人教版三年级起点四年级下.xlsx
renjiao_start3|g4-lower|r020|dinner,renjiao_start3,4年级下,4,下,20,dinner,dinner,[ˈdɪnə(r)],[ˈdɪnər],"n. 晚餐,晚宴;宴会;正餐",人教版三年级起点四年级下.xlsx
renjiao_start3|g4-lower|r021|get up,renjiao_start3,4年级下,4,下,21,get up,get up,[ɡet ʌp],[ɡet ʌp],na. 起床;起身;站起来;叫...起床,人教版三年级起点四年级下.xlsx
renjiao_start3|g4-lower|r022|go to school,renjiao_start3,4年级下,4,下,22,go to school,go to school,,,na. 到校上课;上学去;开始求学,人教版三年级起点四年级下.xlsx
renjiao_start3|g4-lower|r023|go home,renjiao_start3,4年级下,4,下,23,go home,go home,,,na. 回家;〈口〉死;(忠告等)刻骨铭心;击中,人教版三年级起点四年级下.xlsx
renjiao_start3|g4-lower|r024|go to bed,renjiao_start3,4年级下,4,下,24,go to bed,go to bed,,,na. 睡;同床;【印】付印,人教版三年级起点四年级下.xlsx
renjiao_start3|g4-lower|r025|over,renjiao_start3,4年级下,4,下,25,over,over,[ˈəʊvə(r)],[ˈoʊvər],adv. 结束;越过;从头到尾 prep. 越过;在...之上;遍于...之上 adj. 结束的;上面的 vt. 越过,人教版三年级起点四年级下.xlsx
renjiao_start3|g4-lower|r026|now,renjiao_start3,4年级下,4,下,26,now,now,[naʊ],[naʊ],adv. 现在;如今;立刻 adj. 现在的 n. 现在;目前 conj. 由于;既然,人教版三年级起点四年级下.xlsx
renjiao_start3|g4-lower|r027|o'clock,renjiao_start3,4年级下,4,下,27,o'clock,o'clock,,,abbr. ...点钟(等于of the clock),人教版三年级起点四年级下.xlsx
renjiao_start3|g4-lower|r028|kid,renjiao_start3,4年级下,4,下,28,kid,kid,[kɪd],[kɪd],n. 小孩;小山羊 vt. 欺骗;取笑;戏弄 vi. 欺骗;取笑;戏弄 adj. 小山羊皮制的;较年幼的,人教版三年级起点四年级下.xlsx
renjiao_start3|g4-lower|r029|thirty,renjiao_start3,4年级下,4,下,29,thirty,thirty,[ˈθɜːti],[ˈθɜːrti],num. 三十 n. 三十年代 adj. 三十个的,人教版三年级起点四年级下.xlsx
renjiao_start3|g4-lower|r030|hurry up,renjiao_start3,4年级下,4,下,30,hurry up,hurry up,['hʌrɪ ʌp],['hɜːrɪ ʌp],na. 催促;赶快,人教版三年级起点四年级下.xlsx
renjiao_start3|g4-lower|r031|come on,renjiao_start3,4年级下,4,下,31,come on,come on,,,"na. (演员)出台;进行(很好);(暴风雨等)起;(病,苦痛等)加深",人教版三年级起点四年级下.xlsx
renjiao_start3|g4-lower|r032|just a minute,renjiao_start3,4年级下,4,下,32,just a minute,just a minute,,,na. “wait/just a minute”的变体,人教版三年级起点四年级下.xlsx
renjiao_start3|g4-lower|r033|cold,renjiao_start3,4年级下,4,下,33,cold,cold,[kəʊld],[kəʊld],"n. 寒冷;感冒 adj. 寒冷的;冷淡的,不热情的;失去知觉的 adv. 完全地",人教版三年级起点四年级下.xlsx
renjiao_start3|g4-lower|r034|cool,renjiao_start3,4年级下,4,下,34,cool,cool,[kuːl],[kuːl],n. 凉爽;凉爽的空气 adj. 凉爽的;冷静的;出色的 vt. 使...冷却;使...平静下来 vi. 变凉;平息 adv. 冷静地,人教版三年级起点四年级下.xlsx
renjiao_start3|g4-lower|r035|warm,renjiao_start3,4年级下,4,下,35,warm,warm,[wɔːm],[wɔːrm],n. 取暖;加热 adj. 温暖的;热情的 vt. 使...兴奋;使...温暖;使...感兴趣 vi. 同情;激动;变温暖,人教版三年级起点四年级下.xlsx
renjiao_start3|g4-lower|r036|hot,renjiao_start3,4年级下,4,下,36,hot,hot,[hɒt],[hɑːt],adj. 热的;辣的;热情的;激动的;紧迫的 vt. 增加;给...加温 adv. 热;紧迫地 vi. 变热,人教版三年级起点四年级下.xlsx
renjiao_start3|g4-lower|r037|sunny,renjiao_start3,4年级下,4,下,37,sunny,sunny,[ˈsʌni],[ˈsʌni],"adj. 阳光充足的,和煦的;快活的;性情开朗的",人教版三年级起点四年级下.xlsx
renjiao_start3|g4-lower|r038|windy,renjiao_start3,4年级下,4,下,38,windy,windy,[ˈwɪndi],[ˈwɪndi],"adj. 多风的,有风的;腹胀的;吹牛的",人教版三年级起点四年级下.xlsx
renjiao_start3|g4-lower|r039|cloudy,renjiao_start3,4年级下,4,下,39,cloudy,cloudy,[ˈklaʊdi],[ˈklaʊdi],adj. 多云的;阴天的;愁容满面的,人教版三年级起点四年级下.xlsx
renjiao_start3|g4-lower|r040|snowy,renjiao_start3,4年级下,4,下,40,snowy,snowy,[ˈsnəʊi],[ˈsnoʊi],"adj. 下雪的,多雪的;被雪覆盖的;洁白无瑕的",人教版三年级起点四年级下.xlsx
renjiao_start3|g4-lower|r041|rainy,renjiao_start3,4年级下,4,下,41,rainy,rainy,[ˈreɪni],[ˈreɪni],adj. 下雨的;多雨的,人教版三年级起点四年级下.xlsx
renjiao_start3|g4-lower|r042|outside,renjiao_start3,4年级下,4,下,42,outside,outside,[ˌaʊtˈsaɪd],[ˌaʊtˈsaɪd],"adj. 外面的,外部的;外来的 n. 外部;外观 adv. 在外面,向外面;在室外 prep. 在...范围之外",人教版三年级起点四年级下.xlsx
renjiao_start3|g4-lower|r043|be careful,renjiao_start3,4年级下,4,下,43,be careful,be careful,,,小心;当心;注意,人教版三年级起点四年级下.xlsx
renjiao_start3|g4-lower|r044|weather,renjiao_start3,4年级下,4,下,44,weather,weather,[ˈweðə(r)],[ˈweðər],n. 天气;气象;气候;处境 vt. 经受住;使风化;侵蚀;使受风吹雨打 adj. 露天的;迎风的 vi. 风化;受侵蚀;经受风雨,人教版三年级起点四年级下.xlsx
renjiao_start3|g4-lower|r045|new york,renjiao_start3,4年级下,4,下,45,New York,new york,,,n. 【城】纽约州,人教版三年级起点四年级下.xlsx
renjiao_start3|g4-lower|r046|how about,renjiao_start3,4年级下,4,下,46,how about,how about,,,怎么样;如何;怎麽样,人教版三年级起点四年级下.xlsx
renjiao_start3|g4-lower|r047|degree,renjiao_start3,4年级下,4,下,47,degree,degree,[dɪˈɡriː],[dɪˈɡriː],"n. 程度,等级;度;学位;阶层",人教版三年级起点四年级下.xlsx
renjiao_start3|g4-lower|r048|world,renjiao_start3,4年级下,4,下,48,world,world,[wɜːld],[wɜːrld],n. 世界;领域;世俗;全人类;物质生活,人教版三年级起点四年级下.xlsx
renjiao_start3|g4-lower|r049|london,renjiao_start3,4年级下,4,下,49,London,london,[ˈlʌndən],[ˈlʌndən],n. 伦敦,人教版三年级起点四年级下.xlsx
renjiao_start3|g4-lower|r050|moscow,renjiao_start3,4年级下,4,下,50,Moscow,moscow,[ˈmɒskəʊ],[ˈmɑːskaʊ],n. 莫斯科(俄罗斯首都),人教版三年级起点四年级下.xlsx
renjiao_start3|g4-lower|r051|singapore,renjiao_start3,4年级下,4,下,51,Singapore,singapore,[ˌsɪŋəˈpɔː(r)],[ˈsɪŋəpɔːr],n. 新加坡,人教版三年级起点四年级下.xlsx
renjiao_start3|g4-lower|r052|sydney,renjiao_start3,4年级下,4,下,52,Sydney,sydney,[ˈsɪdni],[ˈsɪdni],n. 悉尼(澳大利亚港市),人教版三年级起点四年级下.xlsx
renjiao_start3|g4-lower|r053|fly,renjiao_start3,4年级下,4,下,53,fly,fly,[flaɪ],[flaɪ],n. 飞行;苍蝇;两翼昆虫 adj. 敏捷的 vi. 飞;驾驶飞机;飘扬 vt. 飞行;飞越;使飘扬,人教版三年级起点四年级下.xlsx
renjiao_start3|g4-lower|r054|love,renjiao_start3,4年级下,4,下,54,love,love,[lʌv],[lʌv],"n. 恋爱;亲爱的;酷爱;喜爱的事物;爱情,爱意;疼爱;热爱;爱人,所爱之物 v. 爱,热爱;爱戴;赞美,称赞;喜爱;喜好;喜欢;爱慕",人教版三年级起点四年级下.xlsx
renjiao_start3|g4-lower|r055|tomato,renjiao_start3,4年级下,4,下,55,tomato,tomato,[təˈmɑːtəʊ],[təˈmeɪtoʊ],"n. 番茄,西红柿",人教版三年级起点四年级下.xlsx
renjiao_start3|g4-lower|r056|potato,renjiao_start3,4年级下,4,下,56,potato,potato,[pəˈteɪtəʊ],[pəˈteɪtoʊ],"n. [作物] 土豆,[作物] 马铃薯",人教版三年级起点四年级下.xlsx
renjiao_start3|g4-lower|r057|green beans,renjiao_start3,4年级下,4,下,57,green beans,green beans,,,n. 【食】青豆,人教版三年级起点四年级下.xlsx
renjiao_start3|g4-lower|r058|carrot,renjiao_start3,4年级下,4,下,58,carrot,carrot,[ˈkærət],[ˈkærət],n. 胡萝卜 诱饵,人教版三年级起点四年级下.xlsx
renjiao_start3|g4-lower|r059|horse,renjiao_start3,4年级下,4,下,59,horse,horse,[hɔːs],[hɔːrs],n. 马;骑兵;脚架;海洛因 vt. 使骑马;系马于;捉弄 vi. 骑马;作弄人,人教版三年级起点四年级下.xlsx
renjiao_start3|g4-lower|r060|cow,renjiao_start3,4年级下,4,下,60,cow,cow,[kaʊ],[kaʊ],"n. 奶牛,母牛;母兽 vt. 威胁,恐吓",人教版三年级起点四年级下.xlsx
renjiao_start3|g4-lower|r061|sheep,renjiao_start3,4年级下,4,下,61,sheep,sheep,[ʃiːp],[ʃiːp],"n. 羊,绵羊;胆小鬼",人教版三年级起点四年级下.xlsx
renjiao_start3|g4-lower|r062|hen,renjiao_start3,4年级下,4,下,62,hen,hen,[hen],[hen],n. 母鸡;女人;雌禽,人教版三年级起点四年级下.xlsx
renjiao_start3|g4-lower|r063|these,renjiao_start3,4年级下,4,下,63,these,these,[ðiːz],[ðiːz],adj. 这些的 pron. 这些,人教版三年级起点四年级下.xlsx
renjiao_start3|g4-lower|r064|yum,renjiao_start3,4年级下,4,下,64,yum,yum,[jʌm],[jʌm],int. 极好的;妙的;美味的,人教版三年级起点四年级下.xlsx
renjiao_start3|g4-lower|r065|animal,renjiao_start3,4年级下,4,下,65,animal,animal,[ˈænɪm(ə)l],[ˈænɪm(ə)l],n. 动物 动物的,人教版三年级起点四年级下.xlsx
renjiao_start3|g4-lower|r066|those,renjiao_start3,4年级下,4,下,66,those,those,[ðəʊz],[ðoʊz],adj. 那些的 pron. 那些(that的复数),人教版三年级起点四年级下.xlsx
renjiao_start3|g4-lower|r067|garden,renjiao_start3,4年级下,4,下,67,garden,garden,[ˈɡɑːdn],[ˈɡɑːrdn],n. 花园;菜园 vt. 栽培花木 vi. 从事园艺;在园中种植,人教版三年级起点四年级下.xlsx
renjiao_start3|g4-lower|r068|farm,renjiao_start3,4年级下,4,下,68,farm,farm,[fɑːm],[fɑːrm],"n. 农场;农家;畜牧场 vt. 养殖;耕种;佃出(土地) vi. 种田,务农;经营农场",人教版三年级起点四年级下.xlsx
renjiao_start3|g4-lower|r069|goat,renjiao_start3,4年级下,4,下,69,goat,goat,[ɡəʊt],[goʊt],n. 山羊;替罪羊(美俚);色鬼(美俚),人教版三年级起点四年级下.xlsx
renjiao_start3|g4-lower|r070|eat,renjiao_start3,4年级下,4,下,70,eat,eat,[iːt],[iːt],"vt. 吃,喝;腐蚀;烦扰 vi. 进食;腐蚀,侵蚀",人教版三年级起点四年级下.xlsx
renjiao_start3|g4-lower|r071|clothes,renjiao_start3,4年级下,4,下,71,clothes,clothes,[kləʊðz],[kloʊðz; kloʊz],n. 衣服,人教版三年级起点四年级下.xlsx
renjiao_start3|g4-lower|r072|pants,renjiao_start3,4年级下,4,下,72,pants,pants,[pænts],[pænts],n. 裤子,人教版三年级起点四年级下.xlsx
renjiao_start3|g4-lower|r073|hat,renjiao_start3,4年级下,4,下,73,hat,hat,[hæt],[hæt],n. 帽子 vt. 给......戴上帽子 vi. 供应帽子;制造帽子,人教版三年级起点四年级下.xlsx
renjiao_start3|g4-lower|r074|dress,renjiao_start3,4年级下,4,下,74,dress,dress,[dres],[dres],n. 连衣裙;女装 vt. 给...穿衣 vi. 穿衣,人教版三年级起点四年级下.xlsx
renjiao_start3|g4-lower|r075|skirt,renjiao_start3,4年级下,4,下,75,skirt,skirt,[skɜːt],[skɜːrt],"n. 裙子 vt. 绕过,回避;位于...边缘 vi. 沿边走,绕开;环绕",人教版三年级起点四年级下.xlsx
renjiao_start3|g4-lower|r076|coat,renjiao_start3,4年级下,4,下,76,coat,coat,[kəʊt],[koʊt],n. 外套 vt. 覆盖...的表面,人教版三年级起点四年级下.xlsx
renjiao_start3|g4-lower|r077|sweater,renjiao_start3,4年级下,4,下,77,sweater,sweater,[ˈswetə(r)],[ˈswetər],"n. 毛线衣,运动衫;大量出汗的人,发汗剂",人教版三年级起点四年级下.xlsx
renjiao_start3|g4-lower|r078|sock,renjiao_start3,4年级下,4,下,78,sock,sock,[sɒk],[sɑːk],vt. 重击;给......穿袜 n. 短袜;一击 adv. 正着地;不偏不倚地 adj. 非常成功的,人教版三年级起点四年级下.xlsx
renjiao_start3|g4-lower|r079|shorts,renjiao_start3,4年级下,4,下,79,shorts,shorts,[ʃɔːts],[ʃɔːrts],n. 短裤,人教版三年级起点四年级下.xlsx
renjiao_start3|g4-lower|r080|jacket,renjiao_start3,4年级下,4,下,80,jacket,jacket,[ˈdʒækɪt],[ˈdʒækɪt],"n. 羽绒滑雪衫;西装短外套;短上衣,夹克;土豆皮;书籍的护封;文件套,公文夹 vt. 给...穿夹克;给...装护套;给...包上护封;〈口〉打",人教版三年级起点四年级下.xlsx
renjiao_start3|g4-lower|r081|shirt,renjiao_start3,4年级下,4,下,81,shirt,shirt,[ʃɜːt],[ʃɜːrt],"n. 衬衫;汗衫,内衣",人教版三年级起点四年级下.xlsx
renjiao_start3|g4-lower|r082|yours,renjiao_start3,4年级下,4,下,82,yours,yours,[jɔːz],[jərz; jɔːrz; jʊrz],"pron. 你(们)的东西;你的责任[义务];你的家属;来信,尊函 adj. 你(们)的(东西);信末署名前用语",人教版三年级起点四年级下.xlsx
renjiao_start3|g4-lower|r083|whose,renjiao_start3,4年级下,4,下,83,whose,whose,[huːz],[huːz],pron. 谁的(疑问代词),人教版三年级起点四年级下.xlsx
renjiao_start3|g4-lower|r084|mine,renjiao_start3,4年级下,4,下,84,mine,mine,[maɪn],[maɪn],"n. 矿,矿藏;矿山,矿井;地雷,水雷 vt. 开采,采掘;在...布雷 vi. 开矿,采矿;埋设地雷 pron. 我的",人教版三年级起点四年级下.xlsx
renjiao_start3|g4-lower|r085|pack,renjiao_start3,4年级下,4,下,85,pack,pack,[pæk],[pæk],n. 包装;一群;背包;包裹;一副 vt. 包装;压紧;捆扎;挑选;塞满 vi. 挤;包装货物;被包装;群集,人教版三年级起点四年级下.xlsx
renjiao_start3|g4-lower|r086|wait,renjiao_start3,4年级下,4,下,86,wait,wait,[weɪt],[weɪt],n. 等待;等候 vi. 等待;耽搁;伺候用餐 vt. 等候;推迟;延缓,人教版三年级起点四年级下.xlsx
renjiao_start3|g4-lower|r087|glove,renjiao_start3,4年级下,4,下,87,glove,glove,[ɡlʌv],[ɡlʌv],n. 手套 vt. 给...戴手套,人教版三年级起点四年级下.xlsx
renjiao_start3|g4-lower|r088|scarf,renjiao_start3,4年级下,4,下,88,scarf,scarf,[skɑːf],[skɑːrf],"n. 围巾;嵌接,嵌接处;头巾领巾 vt. 披嵌接;用围巾围",人教版三年级起点四年级下.xlsx
renjiao_start3|g4-lower|r089|umbrella,renjiao_start3,4年级下,4,下,89,umbrella,umbrella,[ʌmˈbrelə],[ʌmˈbrelə],n. 雨伞;保护伞;庇护;伞形结构,人教版三年级起点四年级下.xlsx
renjiao_start3|g4-lower|r090|sunglasses,renjiao_start3,4年级下,4,下,90,sunglasses,sunglasses,[ˈsʌnɡlɑːsɪz],[ˈsʌnɡlæsɪz],n. 太阳镜;凸透镜(sunglass的复数),人教版三年级起点四年级下.xlsx
renjiao_start3|g4-lower|r091|pretty,renjiao_start3,4年级下,4,下,91,pretty,pretty,[ˈprɪti],[ˈprɪti],n. 有吸引力的事物(尤指饰品);漂亮的人 adj. 漂亮的;可爱的;优美的 adv. 相当地;颇,人教版三年级起点四年级下.xlsx
renjiao_start3|g4-lower|r092|expensive,renjiao_start3,4年级下,4,下,92,expensive,expensive,[ɪkˈspensɪv],[ɪkˈspensɪv],adj. 昂贵的;花钱的,人教版三年级起点四年级下.xlsx
renjiao_start3|g4-lower|r093|cheap,renjiao_start3,4年级下,4,下,93,cheap,cheap,[tʃiːp],[tʃiːp],adj. 便宜的;小气的;不值钱的 adv. 便宜地,人教版三年级起点四年级下.xlsx
renjiao_start3|g4-lower|r094|nice,renjiao_start3,4年级下,4,下,94,nice,nice,[naɪs],[naɪs],adj. 精密的;美好的;细微的;和蔼的,人教版三年级起点四年级下.xlsx
renjiao_start3|g4-lower|r095|try on,renjiao_start3,4年级下,4,下,95,try on,try on,,,na. 试穿;〈非正式〉搞恶作剧(以试探能否被容忍);〈非正式〉耍花招,人教版三年级起点四年级下.xlsx
renjiao_start3|g4-lower|r096|size,renjiao_start3,4年级下,4,下,96,size,size,[saɪz],[saɪz],n. 大小;尺寸 adj. 一定尺寸的 vt. 依大小排列 vi. 可比拟,人教版三年级起点四年级下.xlsx
renjiao_start3|g4-lower|r097|of course,renjiao_start3,4年级下,4,下,97,of course,of course,,,na. 当然,人教版三年级起点四年级下.xlsx
renjiao_start3|g4-lower|r098|too,renjiao_start3,4年级下,4,下,98,too,too,[tuː],[tuː],adv. 太;也;很;还;非常;过度,人教版三年级起点四年级下.xlsx
renjiao_start3|g4-lower|r099|just,renjiao_start3,4年级下,4,下,99,just,just,[dʒʌst],[dʒʌst],"adv. 只是,仅仅;刚才,刚刚;正好,恰好;实在;刚要 adj. 公正的,合理的;正直的,正义的;正确的;公平的;应得的",人教版三年级起点四年级下.xlsx
renjiao_start3|g4-lower|r100|how much,renjiao_start3,4年级下,4,下,100,how much,how much,[haʊ mʌtʃ],[haʊ mʌtʃ],conj. 多少,人教版三年级起点四年级下.xlsx
renjiao_start3|g4-lower|r101|eighty,renjiao_start3,4年级下,4,下,101,eighty,eighty,[ˈeɪti],[ˈeɪti],"num. 八十 n. 八十;八十岁;八十年代 adj. 八十的,八十个的;八十岁的",人教版三年级起点四年级下.xlsx
renjiao_start3|g4-lower|r102|dollar,renjiao_start3,4年级下,4,下,102,dollar,dollar,[ˈdɒlə(r)],[ˈdɑːlər],n. 美元,人教版三年级起点四年级下.xlsx
renjiao_start3|g4-lower|r103|sale,renjiao_start3,4年级下,4,下,103,sale,sale,[seɪl],[seɪl],n. 销售;出售;拍卖;销售额;廉价出售,人教版三年级起点四年级下.xlsx
renjiao_start3|g4-lower|r104|more,renjiao_start3,4年级下,4,下,104,more,more,[mɔː(r)],[mɔːr],adv. 更多;此外;更大程度地 adj. 更多的;附加的 pron. 更多的数量 n. 更多,人教版三年级起点四年级下.xlsx
renjiao_start3|g4-lower|r105|us,renjiao_start3,4年级下,4,下,105,us,us,[əs; ʌs],[əs; ʌs],pron. 我们,人教版三年级起点四年级下.xlsx
renjiao_start3|g5-upper|r002|old,renjiao_start3,5年级上,5,上,2,old,old,[əʊld],[oʊld],"adj. 陈旧的,古老的;年老的 n. 古时",人教版三年级起点五年级上.xlsx
renjiao_start3|g5-upper|r003|young,renjiao_start3,5年级上,5,上,3,young,young,[jʌŋ],[jʌŋ],"n. 年轻人;(动物的)崽,仔 adj. 年轻的;初期的;没有经验的",人教版三年级起点五年级上.xlsx
renjiao_start3|g5-upper|r004|funny,renjiao_start3,5年级上,5,上,4,funny,funny,[ˈfʌni],[ˈfʌni],"n. 滑稽人物;笑话,有趣的故事;滑稽连环漫画栏;(英)(比赛用)单人双桨小艇 adj. 有趣的,好笑的,滑稽的;(口)稀奇的,古怪的,奇异的;有病的,不舒服的;狡猾的,欺骗(性)的,可疑的,不光明",人教版三年级起点五年级上.xlsx
renjiao_start3|g5-upper|r005|kind,renjiao_start3,5年级上,5,上,5,kind,kind,[kaɪnd],[kaɪnd],n. 种类;性质 adj. 和蔼的;宽容的;令人感激的,人教版三年级起点五年级上.xlsx
renjiao_start3|g5-upper|r006|strict,renjiao_start3,5年级上,5,上,6,strict,strict,[strɪkt],[strɪkt],adj. 严格的;绝对的;精确的;详细的,人教版三年级起点五年级上.xlsx
renjiao_start3|g5-upper|r007|polite,renjiao_start3,5年级上,5,上,7,polite,polite,[pəˈlaɪt],[pəˈlaɪt],"adj. 有礼貌的,客气的;文雅的;上流的;优雅的",人教版三年级起点五年级上.xlsx
renjiao_start3|g5-upper|r008|hard-working,renjiao_start3,5年级上,5,上,8,hard-working,hard-working,[ˌhɑːd ˈwɜːkɪŋ],[ˌhɑːrd ˈwɜːrkɪŋ],adj. 勤勉的;勤奋的;勤劳的,人教版三年级起点五年级上.xlsx
renjiao_start3|g5-upper|r009|helpful,renjiao_start3,5年级上,5,上,9,helpful,helpful,[ˈhelpfl],[ˈhelpfl],adj. 有帮助的;有益的,人教版三年级起点五年级上.xlsx
renjiao_start3|g5-upper|r010|clever,renjiao_start3,5年级上,5,上,10,clever,clever,[ˈklevə(r)],[ˈklevər],adj. 聪明的;机灵的;熟练的 [ 比较级cleverer 最高级 cleverest ],人教版三年级起点五年级上.xlsx
renjiao_start3|g5-upper|r011|shy,renjiao_start3,5年级上,5,上,11,shy,shy,[ʃaɪ],[ʃaɪ],"n. 投掷;惊跳 adj. 害羞的;畏缩的,胆怯的 vi. 投;畏缩;惊退;厌恶 vt. 投;乱掷",人教版三年级起点五年级上.xlsx
renjiao_start3|g5-upper|r012|know,renjiao_start3,5年级上,5,上,12,know,know,[nəʊ],[noʊ],vt. 知道;认识;懂得 vi. 了解;熟悉;确信,人教版三年级起点五年级上.xlsx
renjiao_start3|g5-upper|r013|our,renjiao_start3,5年级上,5,上,13,our,our,[ɑː(r)],[ɑːr],pron. 我们的,人教版三年级起点五年级上.xlsx
renjiao_start3|g5-upper|r014|ms,renjiao_start3,5年级上,5,上,14,Ms,ms,[mɪz],[mɪz],"abbr. 存贮系统(Memory System);主存储器(Main Storage);主程序装置(Master Sequecer);中速,平均速度(Medium Speed);主(总)开关(Master Switch)",人教版三年级起点五年级上.xlsx
renjiao_start3|g5-upper|r015|will,renjiao_start3,5年级上,5,上,15,will,will,[wɪl],[wɪl],n. 意志;决心;情感;遗嘱;意图;心愿 vt. 决心要;遗赠;用意志力使 vi. 愿意;下决心 aux. 将;愿意;必须,人教版三年级起点五年级上.xlsx
renjiao_start3|g5-upper|r016|sometimes,renjiao_start3,5年级上,5,上,16,sometimes,sometimes,[ˈsʌmtaɪmz],[ˈsʌmtaɪmz],"adv. 有时,间或",人教版三年级起点五年级上.xlsx
renjiao_start3|g5-upper|r017|robot,renjiao_start3,5年级上,5,上,17,robot,robot,[ˈrəʊbɒt],[ˈroʊbɑːt],"n. 机器人;遥控设备,自动机械;机械般工作的人",人教版三年级起点五年级上.xlsx
renjiao_start3|g5-upper|r018|him,renjiao_start3,5年级上,5,上,18,him,him,[hɪm; ɪm],[hɪm; ɪm],pron. 他(宾格),人教版三年级起点五年级上.xlsx
renjiao_start3|g5-upper|r019|speak,renjiao_start3,5年级上,5,上,19,speak,speak,[spiːk],[spiːk],vi. 说话;演讲;表明;陈述 vt. 讲话;发言;讲演,人教版三年级起点五年级上.xlsx
renjiao_start3|g5-upper|r020|finish,renjiao_start3,5年级上,5,上,20,finish,finish,[ˈfɪnɪʃ],[ˈfɪnɪʃ],"n. 结束;完美;回味(葡萄酒) vt. 完成;结束;用完 vi. 结束,终止;终结",人教版三年级起点五年级上.xlsx
renjiao_start3|g5-upper|r021|monday,renjiao_start3,5年级上,5,上,21,Monday,monday,[ˈmʌndeɪ],[ˈmʌndeɪ],n. 星期一,人教版三年级起点五年级上.xlsx
renjiao_start3|g5-upper|r022|tuesday,renjiao_start3,5年级上,5,上,22,Tuesday,tuesday,[ˈtjuːzdeɪ],[ˈtuːzdeɪ],n. 星期二,人教版三年级起点五年级上.xlsx
renjiao_start3|g5-upper|r023|wednesday,renjiao_start3,5年级上,5,上,23,Wednesday,wednesday,[ˈwenzdeɪ],[ˈwenzdeɪ],n. 星期三,人教版三年级起点五年级上.xlsx
renjiao_start3|g5-upper|r024|thursday,renjiao_start3,5年级上,5,上,24,Thursday,thursday,[ˈθɜːzdeɪ],[ˈθɜːrzdeɪ],n. 星期四,人教版三年级起点五年级上.xlsx
renjiao_start3|g5-upper|r025|friday,renjiao_start3,5年级上,5,上,25,Friday,friday,[ˈfraɪdeɪ],[ˈfraɪdeɪ],n. 星期五,人教版三年级起点五年级上.xlsx
renjiao_start3|g5-upper|r026|saturday,renjiao_start3,5年级上,5,上,26,Saturday,saturday,[ˈsætədeɪ],[ˈsætərdeɪ],n. 星期六,人教版三年级起点五年级上.xlsx
renjiao_start3|g5-upper|r027|sunday,renjiao_start3,5年级上,5,上,27,Sunday,sunday,[ˈsʌndeɪ],[ˈsʌndeɪ],n. 星期日;礼拜日,人教版三年级起点五年级上.xlsx
renjiao_start3|g5-upper|r028|weekend,renjiao_start3,5年级上,5,上,28,weekend,weekend,[ˌwiːkˈend],[ˈwiːkend],"n. 周末,周末休假;周末聚会 adj. 周末的,周末用的 vi. 度周末",人教版三年级起点五年级上.xlsx
renjiao_start3|g5-upper|r029|wash,renjiao_start3,5年级上,5,上,29,wash,wash,[wɒʃ],[wɑːʃ],n. 洗涤;洗的衣服;化妆水;冲积物 vt. 洗涤;洗刷;冲走;拍打 vi. 洗澡;被冲蚀,人教版三年级起点五年级上.xlsx
renjiao_start3|g5-upper|r030|wash my clothes,renjiao_start3,5年级上,5,上,30,wash my clothes,wash my clothes,,,洗我的衣服;洗衣服,人教版三年级起点五年级上.xlsx
renjiao_start3|g5-upper|r031|watch,renjiao_start3,5年级上,5,上,31,watch,watch,[wɒtʃ],[wɑːtʃ],"n. 手表;监视;守护;值班人 vt. 观察;注视;看守;警戒 vi. 观看,注视;守侯,看守",人教版三年级起点五年级上.xlsx
renjiao_start3|g5-upper|r032|watch tv,renjiao_start3,5年级上,5,上,32,watch TV,watch tv,,,v. 看电视,人教版三年级起点五年级上.xlsx
renjiao_start3|g5-upper|r033|do,renjiao_start3,5年级上,5,上,33,do,do,[duː; də; du; dəʊ],[duː; də; du; doʊ],"vi. 行,足够;生长 n. 要求;规定;C大调音阶中的第一音 v. 做;干;学习;研究;进行;完成;解答;整理;算出;引起;行过 aux. 助动词(构成疑问句和否定句);(代替动词);(用于加强语气) n. (口语)事件;(主英国口语)诈骗;(主英国、新西兰口语)宴会;(口语)必须做到的事情",人教版三年级起点五年级上.xlsx
renjiao_start3|g5-upper|r034|do homework,renjiao_start3,5年级上,5,上,34,do homework,do homework,,,做作业;做家庭作业;做功课,人教版三年级起点五年级上.xlsx
renjiao_start3|g5-upper|r035|read,renjiao_start3,5年级上,5,上,35,read,read,[riːd],[riːd],"n. 阅读;读物 adj. 有学问的 vi. 读;读起来 vt. 阅读;读懂,理解",人教版三年级起点五年级上.xlsx
renjiao_start3|g5-upper|r036|read books,renjiao_start3,5年级上,5,上,36,read books,read books,,,读书;看书;阅读,人教版三年级起点五年级上.xlsx
renjiao_start3|g5-upper|r037|play,renjiao_start3,5年级上,5,上,37,play,play,[pleɪ],[pleɪ],n. 游戏;比赛;剧本 vt. 游戏;扮演;演奏;播放;同...比赛 vi. 演奏;玩耍;上演;参加比赛,人教版三年级起点五年级上.xlsx
renjiao_start3|g5-upper|r038|play football,renjiao_start3,5年级上,5,上,38,play football,play football,,,na. 踢足球;对难办的事采取踢皮球的态度,人教版三年级起点五年级上.xlsx
renjiao_start3|g5-upper|r039|cooking,renjiao_start3,5年级上,5,上,39,cooking,cooking,[ˈkʊkɪŋ],[ˈkʊkɪŋ],n. 烹饪 adj. 烹调的 v. 烹调;筹划(cook的ing形式),人教版三年级起点五年级上.xlsx
renjiao_start3|g5-upper|r040|often,renjiao_start3,5年级上,5,上,40,often,often,[ˈɒf(ə)n],[ˈɔːf(ə)n],"adv. 常常,时常",人教版三年级起点五年级上.xlsx
renjiao_start3|g5-upper|r041|park,renjiao_start3,5年级上,5,上,41,park,park,[pɑːk],[pɑːrk],n. 公园;[交] 停车场 vt. 停放;放置;寄存 vi. 停放车辆,人教版三年级起点五年级上.xlsx
renjiao_start3|g5-upper|r042|tired,renjiao_start3,5年级上,5,上,42,tired,tired,[ˈtaɪəd],[ˈtaɪərd],"v. 疲倦;对...腻烦(tire的过去分词形式) adj. 疲倦的;厌倦的,厌烦的",人教版三年级起点五年级上.xlsx
renjiao_start3|g5-upper|r043|sport,renjiao_start3,5年级上,5,上,43,sport,sport,[spɔːt],[spɔːrt],n. 运动;游戏;娱乐;运动会;玩笑 adj. 运动的 vt. 游戏;参加体育运动;夸耀 vi. 游戏,人教版三年级起点五年级上.xlsx
renjiao_start3|g5-upper|r044|play sports,renjiao_start3,5年级上,5,上,44,play sports,play sports,,,做运动;进行体育运动;进行体育活动,人教版三年级起点五年级上.xlsx
renjiao_start3|g5-upper|r045|should,renjiao_start3,5年级上,5,上,45,should,should,[ʃəd; ʃʊd],[ʃəd; ʃʊd],aux. 应该;就;可能;将要,人教版三年级起点五年级上.xlsx
renjiao_start3|g5-upper|r046|every,renjiao_start3,5年级上,5,上,46,every,every,[ˈevri],[ˈevri],"adj. 每一的,每个的;每隔...的",人教版三年级起点五年级上.xlsx
renjiao_start3|g5-upper|r047|day,renjiao_start3,5年级上,5,上,47,day,day,[deɪ],[deɪ],n. 一天;时期;白昼 adj. 日间的;逐日的 adv. 每天;经常在白天地,人教版三年级起点五年级上.xlsx
renjiao_start3|g5-upper|r048|schedule,renjiao_start3,5年级上,5,上,48,schedule,schedule,[ˈʃedjuːl],[ˈskedʒuːl],"n. 时间表;计划表;一览表 vt. 安排,计划;编制目录;将......列入计划表",人教版三年级起点五年级上.xlsx
renjiao_start3|g5-upper|r049|sandwich,renjiao_start3,5年级上,5,上,49,sandwich,sandwich,[ˈsænwɪtʃ; ˈsænwɪdʒ],[ˈsænwɪtʃ; ˈsænwɪdʒ],n. 三明治;夹心面包 vt. 夹入;挤进;把...做成三明治,人教版三年级起点五年级上.xlsx
renjiao_start3|g5-upper|r050|salad,renjiao_start3,5年级上,5,上,50,salad,salad,[ˈsæləd],[ˈsæləd],n. 色拉;尤指莴苣,人教版三年级起点五年级上.xlsx
renjiao_start3|g5-upper|r051|hamburger,renjiao_start3,5年级上,5,上,51,hamburger,hamburger,[ˈhæmbɜːɡə(r)],[ˈhæmbɜːrɡər],"n. 汉堡包,火腿汉堡;牛肉饼,肉饼;碎牛肉",人教版三年级起点五年级上.xlsx
renjiao_start3|g5-upper|r052|ice cream,renjiao_start3,5年级上,5,上,52,ice cream,ice cream,[ˈaɪs kriːm],[ˈaɪs kriːm],n. 【食】冰淇淋,人教版三年级起点五年级上.xlsx
renjiao_start3|g5-upper|r053|tea,renjiao_start3,5年级上,5,上,53,tea,tea,[tiː],[tiː],n. 茶叶;茶树;茶点 vt. 给...沏茶 vi. 喝茶;进茶点,人教版三年级起点五年级上.xlsx
renjiao_start3|g5-upper|r054|fresh,renjiao_start3,5年级上,5,上,54,fresh,fresh,[freʃ],[freʃ],"n. 开始;新生;泛滥 adj. 新鲜的;清新的;淡水的;无经验的 adv. 刚刚,才;最新地",人教版三年级起点五年级上.xlsx
renjiao_start3|g5-upper|r055|healthy,renjiao_start3,5年级上,5,上,55,healthy,healthy,[ˈhelθi],[ˈhelθi],"adj. 健康的,健全的;有益于健康的",人教版三年级起点五年级上.xlsx
renjiao_start3|g5-upper|r056|delicious,renjiao_start3,5年级上,5,上,56,delicious,delicious,[dɪˈlɪʃəs],[dɪˈlɪʃəs],adj. 美味的;可口的,人教版三年级起点五年级上.xlsx
renjiao_start3|g5-upper|r057|hot,renjiao_start3,5年级上,5,上,57,hot,hot,[hɒt],[hɑːt],adj. 热的;辣的;热情的;激动的;紧迫的 vt. 增加;给...加温 adv. 热;紧迫地 vi. 变热,人教版三年级起点五年级上.xlsx
renjiao_start3|g5-upper|r058|sweet,renjiao_start3,5年级上,5,上,58,sweet,sweet,[swiːt],[swiːt],n. 糖果;乐趣;芳香;宝贝 adj. 甜的;悦耳的;芳香的;亲切的 (俚)酷毙了,人教版三年级起点五年级上.xlsx
renjiao_start3|g5-upper|r059|drink,renjiao_start3,5年级上,5,上,59,drink,drink,[drɪŋk],[drɪŋk],"n. 酒,饮料;喝酒 vt. 喝,饮;吸收;举杯庆贺 vi. 喝酒;饮水;干杯",人教版三年级起点五年级上.xlsx
renjiao_start3|g5-upper|r060|thirsty,renjiao_start3,5年级上,5,上,60,thirsty,thirsty,[ˈθɜːsti],[ˈθɜːrsti],"adj. 口渴的,口干的;渴望的,热望的",人教版三年级起点五年级上.xlsx
renjiao_start3|g5-upper|r061|favourite,renjiao_start3,5年级上,5,上,61,favourite,favourite,[ˈfeɪvərɪt],[ˈfeɪvərɪt],n. 特别喜爱的人(或物) adj. 特别受喜爱的,人教版三年级起点五年级上.xlsx
renjiao_start3|g5-upper|r062|food,renjiao_start3,5年级上,5,上,62,food,food,[fuːd],[fuːd],n. 食物;养料,人教版三年级起点五年级上.xlsx
renjiao_start3|g5-upper|r063|dear,renjiao_start3,5年级上,5,上,63,Dear,dear,[dɪə(r)],[dɪr],n. 亲爱的人 adj. 亲爱的;尊敬的;昂贵的 adv. 高价地;疼爱地 int. 哎呀,人教版三年级起点五年级上.xlsx
renjiao_start3|g5-upper|r064|onion,renjiao_start3,5年级上,5,上,64,onion,onion,[ˈʌnjən],[ˈʌnjən],n. 洋葱;洋葱头,人教版三年级起点五年级上.xlsx
renjiao_start3|g5-upper|r065|sing,renjiao_start3,5年级上,5,上,65,sing,sing,[sɪŋ],[sɪŋ],n. 演唱;鸣声;呼啸声 vt. 唱;用诗赞颂;唱着使 vi. 唱歌;歌颂;鸣叫;呼号,人教版三年级起点五年级上.xlsx
renjiao_start3|g5-upper|r066|song,renjiao_start3,5年级上,5,上,66,song,song,[sɒŋ],[sɔŋ],n. 歌曲;歌唱;诗歌;鸣声,人教版三年级起点五年级上.xlsx
renjiao_start3|g5-upper|r067|sing english songs,renjiao_start3,5年级上,5,上,67,sing English songs,sing english songs,,,无,人教版三年级起点五年级上.xlsx
renjiao_start3|g5-upper|r068|play the pipa,renjiao_start3,5年级上,5,上,68,play the pipa,play the pipa,,,无,人教版三年级起点五年级上.xlsx
renjiao_start3|g5-upper|r069|kung fu,renjiao_start3,5年级上,5,上,69,kung fu,kung fu,"[,kʌŋ'fu:]",[ˌkʌŋ ˈfuː],n. 功夫(中国拳术) v. 用功夫击打(对手),人教版三年级起点五年级上.xlsx
renjiao_start3|g5-upper|r070|do kung fu,renjiao_start3,5年级上,5,上,70,do kung fu,do kung fu,,,无,人教版三年级起点五年级上.xlsx
renjiao_start3|g5-upper|r071|dance,renjiao_start3,5年级上,5,上,71,dance,dance,[dɑːns],[dæns],n. 舞蹈;舞会;舞曲 adj. 舞蹈的;用于跳舞的 vt. 跳舞;使跳跃 vi. 跳舞;跳跃;飘扬,人教版三年级起点五年级上.xlsx
renjiao_start3|g5-upper|r072|draw,renjiao_start3,5年级上,5,上,72,draw,draw,[drɔː],[drɔː],n. 平局;抽签 vi. 拉;拖 vt. 画;拉;吸引,人教版三年级起点五年级上.xlsx
renjiao_start3|g5-upper|r073|cartoon,renjiao_start3,5年级上,5,上,73,cartoon,cartoon,[kɑːˈtuːn],[kɑːrˈtuːn],"n. 卡通片,[电影] 动画片;连环漫画 vt. 为...画漫画 vi. 画漫画",人教版三年级起点五年级上.xlsx
renjiao_start3|g5-upper|r074|draw cartoons,renjiao_start3,5年级上,5,上,74,draw cartoons,draw cartoons,,,无,人教版三年级起点五年级上.xlsx
renjiao_start3|g5-upper|r075|cook,renjiao_start3,5年级上,5,上,75,cook,cook,[kʊk],[kʊk],"n. 厨师,厨子 vt. 烹调,煮 vi. 烹调,做菜",人教版三年级起点五年级上.xlsx
renjiao_start3|g5-upper|r076|swim,renjiao_start3,5年级上,5,上,76,swim,swim,[swɪm],[swɪm],n. 游泳;漂浮;眩晕 adj. 游泳时穿戴的 vi. 游泳;漂浮;浸;眩晕 vt. 游过;使浮起,人教版三年级起点五年级上.xlsx
renjiao_start3|g5-upper|r077|play basketball,renjiao_start3,5年级上,5,上,77,play basketball,play basketball,,,打篮球;玩篮球;篮球锻炼知多少,人教版三年级起点五年级上.xlsx
renjiao_start3|g5-upper|r078|ping-pong,renjiao_start3,5年级上,5,上,78,ping-pong,ping-pong,[ˈpɪŋ pɒŋ],[ˈpɪŋ pɑːŋ],n. 乒乓球;桌球,人教版三年级起点五年级上.xlsx
renjiao_start3|g5-upper|r079|play ping-pong,renjiao_start3,5年级上,5,上,79,play ping-pong,play ping-pong,,,打乒乓球,人教版三年级起点五年级上.xlsx
renjiao_start3|g5-upper|r080|speak english,renjiao_start3,5年级上,5,上,80,speak English,speak english,,,说英语;讲英语;相信我会讲英文,人教版三年级起点五年级上.xlsx
renjiao_start3|g5-upper|r081|we'll,renjiao_start3,5年级上,5,上,81,we'll,we'll,,,"abbr. 我们将(we shall,we will)",人教版三年级起点五年级上.xlsx
renjiao_start3|g5-upper|r082|we will,renjiao_start3,5年级上,5,上,82,we will,we will,,,无,人教版三年级起点五年级上.xlsx
renjiao_start3|g5-upper|r083|party,renjiao_start3,5年级上,5,上,83,party,party,[ˈpɑːti],[ˈpɑːrti],"n. 政党,党派;聚会,派对;当事人 [复数 parties] vi. 参加社交聚会 [ 过去式 partied 过去分词 partied 现在分词 partying ]",人教版三年级起点五年级上.xlsx
renjiao_start3|g5-upper|r084|next,renjiao_start3,5年级上,5,上,84,next,next,[nekst],[nekst],adv. 然后;下次;其次 adj. 下一个的;其次的;贴近的 n. 下一个 prep. 靠近;居于...之后,人教版三年级起点五年级上.xlsx
renjiao_start3|g5-upper|r085|wonderful,renjiao_start3,5年级上,5,上,85,wonderful,wonderful,[ˈwʌndəf(ə)l],[ˈwʌndərf(ə)l],"adj. 极好的,精彩的,绝妙的;奇妙的;美妙;胜;神妙",人教版三年级起点五年级上.xlsx
renjiao_start3|g5-upper|r086|learn,renjiao_start3,5年级上,5,上,86,learn,learn,[lɜːn],[lɜːrn],vt. 学习;得知;认识到 vi. 学习;获悉,人教版三年级起点五年级上.xlsx
renjiao_start3|g5-upper|r087|any,renjiao_start3,5年级上,5,上,87,any,any,[ˈeni],[ˈeni],adj. 任何的;所有的;丝毫 pron. 任何;任何一个;若干 adv. 稍微;少许,人教版三年级起点五年级上.xlsx
renjiao_start3|g5-upper|r088|problem,renjiao_start3,5年级上,5,上,88,problem,problem,[ˈprɒbləm],[ˈprɑːbləm],n. 难题;引起麻烦的人 adj. 成问题的;难处理的,人教版三年级起点五年级上.xlsx
renjiao_start3|g5-upper|r089|no problem,renjiao_start3,5年级上,5,上,89,no problem,no problem,,,n. 没问题,人教版三年级起点五年级上.xlsx
renjiao_start3|g5-upper|r090|want,renjiao_start3,5年级上,5,上,90,want,want,[wɒnt],[wɑːnt],n. 需要;缺乏;贫困;必需品 vt. 需要;希望;应该;缺少 vi. 需要;缺少,人教版三年级起点五年级上.xlsx
renjiao_start3|g5-upper|r091|send,renjiao_start3,5年级上,5,上,91,send,send,[send],[send],"n. 上升运动 vi. 派人;寄信 vt. 发送,寄;派遣;使进入;发射",人教版三年级起点五年级上.xlsx
renjiao_start3|g5-upper|r092|email,renjiao_start3,5年级上,5,上,92,email,email,[ˈiːmeɪl],[ˈiːmeɪl],n. 电子信函 vt. 给...发电子邮件,人教版三年级起点五年级上.xlsx
renjiao_start3|g5-upper|r093|at,renjiao_start3,5年级上,5,上,93,at,at,[ət],[ət; æt],prep. 在(表示存在或出现的地点、场所、位置、空间);以(某种价格、速度等);向;达;因为;朝;忙于 n. 阿特(老挝货币基本单位att);[化]砹(极不稳定放射性元素) abbr. 密封的(airtight);气温(air temperature),人教版三年级起点五年级上.xlsx
renjiao_start3|g5-upper|r094|clock,renjiao_start3,5年级上,5,上,94,clock,clock,[klɒk],[klɑːk],n. 时钟;计时器 vt. 记录;记时 vi. 打卡;记录时间,人教版三年级起点五年级上.xlsx
renjiao_start3|g5-upper|r095|plant,renjiao_start3,5年级上,5,上,95,plant,plant,[plɑːnt],[plænt],"n. 工厂,车间;植物;设备;庄稼 vt. 种植;培养;栽培;安置 vi. 种植",人教版三年级起点五年级上.xlsx
renjiao_start3|g5-upper|r096|bottle,renjiao_start3,5年级上,5,上,96,bottle,bottle,[ˈbɒt(ə)l],[ˈbɑːtl],n. 瓶子;一瓶的容量 vt. 控制;把...装入瓶中 vi. (街头艺人演出后)收拢钱币,人教版三年级起点五年级上.xlsx
renjiao_start3|g5-upper|r097|water bottle,renjiao_start3,5年级上,5,上,97,water bottle,water bottle,,,un. 水壶;采水瓶;采水器;采水样器,人教版三年级起点五年级上.xlsx
renjiao_start3|g5-upper|r098|bike,renjiao_start3,5年级上,5,上,98,bike,bike,[baɪk],[baɪk],n. 自行车;脚踏车 vi. 骑自行车(或摩托车),人教版三年级起点五年级上.xlsx
renjiao_start3|g5-upper|r099|photo,renjiao_start3,5年级上,5,上,99,photo,photo,[ˈfəʊtəʊ],[ˈfoʊtoʊ],n. 照片,人教版三年级起点五年级上.xlsx
renjiao_start3|g5-upper|r100|front,renjiao_start3,5年级上,5,上,100,front,front,[frʌnt],[frʌnt],n. 前面;正面;前线 adj. 前面的;正面的 vt. 面对;朝向;对付 vi. 朝向 adv. 在前面;向前,人教版三年级起点五年级上.xlsx
renjiao_start3|g5-upper|r101|in front of,renjiao_start3,5年级上,5,上,101,in front of,in front of,[ɪn frʌnt əv],[ɪn frʌnt ʌv],na. 在...的前面,人教版三年级起点五年级上.xlsx
renjiao_start3|g5-upper|r102|between,renjiao_start3,5年级上,5,上,102,between,between,[bɪˈtwiːn],[bɪˈtwiːn],prep. 在...之间 adv. 在中间,人教版三年级起点五年级上.xlsx
renjiao_start3|g5-upper|r103|above,renjiao_start3,5年级上,5,上,103,above,above,[əˈbʌv],[əˈbʌv],prep. 超过;在......上面;在......之上 n. 上文 adj. 上文的 adv. 在上面;在上文,人教版三年级起点五年级上.xlsx
renjiao_start3|g5-upper|r104|beside,renjiao_start3,5年级上,5,上,104,beside,beside,[bɪˈsaɪd],[bɪˈsaɪd],prep. 在旁边;与...相比;和...无关,人教版三年级起点五年级上.xlsx
renjiao_start3|g5-upper|r105|behind,renjiao_start3,5年级上,5,上,105,behind,behind,[bɪˈhaɪnd],[bɪˈhaɪnd],prep. 落后于;支持;晚于 n. 屁股 adv. 在后地;在原处,人教版三年级起点五年级上.xlsx
renjiao_start3|g5-upper|r106|there,renjiao_start3,5年级上,5,上,106,there,there,[ðeə(r)],[ðer],n. 那个地方 adv. 在那里;在那边;在那点上 int. 你瞧,人教版三年级起点五年级上.xlsx
renjiao_start3|g5-upper|r107|grandparent,renjiao_start3,5年级上,5,上,107,grandparent,grandparent,[ˈɡrænpeərənt],[ˈɡrænperənt],n. 祖父母;祖父或祖母;外祖父母;外祖父或外祖母,人教版三年级起点五年级上.xlsx
renjiao_start3|g5-upper|r108|their,renjiao_start3,5年级上,5,上,108,their,their,[ðeə(r)],[ðer],"pron. 他们的,她们的;它们的",人教版三年级起点五年级上.xlsx
renjiao_start3|g5-upper|r109|house,renjiao_start3,5年级上,5,上,109,house,house,[haʊs],[haʊs],n. 住宅;家庭;机构;议会;某种用途的建筑物 vt. 覆盖;给...房子住;把...储藏在房内 vi. 住,人教版三年级起点五年级上.xlsx
renjiao_start3|g5-upper|r110|lot,renjiao_start3,5年级上,5,上,110,lot,lot,[lɒt],[lɑːt],"n. 份额;许多;命运;阄 adv. (与形容词和副词连用)很,非常;(与动词连用)非常 pron. 大量,许多 vt. 分组,把...划分(常与out连用);把(土地)划分成块 vi. 抽签,拈阄",人教版三年级起点五年级上.xlsx
renjiao_start3|g5-upper|r111|lots of,renjiao_start3,5年级上,5,上,111,lots of,lots of,,,adj. 许多;很多,人教版三年级起点五年级上.xlsx
renjiao_start3|g5-upper|r112|flower,renjiao_start3,5年级上,5,上,112,flower,flower,[ˈflaʊə(r)],[ˈflaʊər],"n. 花;精华;开花植物 vt. 使开花;用花装饰 vi. 成熟,发育;开花;繁荣;旺盛",人教版三年级起点五年级上.xlsx
renjiao_start3|g5-upper|r113|move,renjiao_start3,5年级上,5,上,113,move,move,[muːv],[muːv],"n. 移动;步骤;迁居;策略 vi. 移动;搬家,迁移;离开 vt. 移动;感动",人教版三年级起点五年级上.xlsx
renjiao_start3|g5-upper|r114|dirty,renjiao_start3,5年级上,5,上,114,dirty,dirty,[ˈdɜːti],[ˈdɜːrti],"adj. 下流的,卑鄙的;肮脏的;恶劣的;暗淡的 vt. 弄脏 vi. 变脏",人教版三年级起点五年级上.xlsx
renjiao_start3|g5-upper|r115|everywhere,renjiao_start3,5年级上,5,上,115,everywhere,everywhere,[ˈevriweə(r)],[ˈevriwer],n. 每个地方 adv. 到处,人教版三年级起点五年级上.xlsx
renjiao_start3|g5-upper|r116|mouse,renjiao_start3,5年级上,5,上,116,mouse,mouse,[maʊs],[maʊs],n. 鼠标;老鼠;胆小羞怯的人 vt. 探出 vi. 捕鼠;窥探,人教版三年级起点五年级上.xlsx
renjiao_start3|g5-upper|r117|live,renjiao_start3,5年级上,5,上,117,live,live,[lɪv; laɪv],[lɪv; laɪv],adj. 活的;生动的;实况转播的;精力充沛的 vt. 经历;度过 vi. 活;居住;生存,人教版三年级起点五年级上.xlsx
renjiao_start3|g5-upper|r118|nature,renjiao_start3,5年级上,5,上,118,nature,nature,[ˈneɪtʃə(r)],[ˈneɪtʃər],n. 自然;性质;本性;种类,人教版三年级起点五年级上.xlsx
renjiao_start3|g5-upper|r119|forest,renjiao_start3,5年级上,5,上,119,forest,forest,[ˈfɒrɪst],[ˈfɔːrɪst],"n. 森林 vt. 植树于,使成为森林",人教版三年级起点五年级上.xlsx
renjiao_start3|g5-upper|r120|river,renjiao_start3,5年级上,5,上,120,river,river,[ˈrɪvə(r)],[ˈrɪvər],"n. 河,江",人教版三年级起点五年级上.xlsx
renjiao_start3|g5-upper|r121|lake,renjiao_start3,5年级上,5,上,121,lake,lake,[leɪk],[leɪk],n. 湖;深红色颜料;胭脂红 vt. (使)血球溶解 vi. (使)血球溶解,人教版三年级起点五年级上.xlsx
renjiao_start3|g5-upper|r122|mountain,renjiao_start3,5年级上,5,上,122,mountain,mountain,[ˈmaʊntən],[ˈmaʊntn],n. 山;山脉,人教版三年级起点五年级上.xlsx
renjiao_start3|g5-upper|r123|hill,renjiao_start3,5年级上,5,上,123,hill,hill,[hɪl],[hɪl],n. 小山;丘陵;斜坡;山冈,人教版三年级起点五年级上.xlsx
renjiao_start3|g5-upper|r124|tree,renjiao_start3,5年级上,5,上,124,tree,tree,[triː],[triː],n. 树;木料;树状物 vt. 把...赶上树 vi. 爬上树;逃上树,人教版三年级起点五年级上.xlsx
renjiao_start3|g5-upper|r125|bridge,renjiao_start3,5年级上,5,上,125,bridge,bridge,[brɪdʒ],[brɪdʒ],n. 桥;桥牌;桥接器;船桥 vt. 架桥;渡过,人教版三年级起点五年级上.xlsx
renjiao_start3|g5-upper|r126|building,renjiao_start3,5年级上,5,上,126,building,building,[ˈbɪldɪŋ],[ˈbɪldɪŋ],n. 建筑;建筑物 v. 建筑;建立;增加(build的ing形式),人教版三年级起点五年级上.xlsx
renjiao_start3|g5-upper|r127|village,renjiao_start3,5年级上,5,上,127,village,village,[ˈvɪlɪdʒ],[ˈvɪlɪdʒ],n. 村庄;村民;(动物的)群落,人教版三年级起点五年级上.xlsx
renjiao_start3|g5-upper|r128|house,renjiao_start3,5年级上,5,上,128,house,house,[haʊs],[haʊs],n. 住宅;家庭;机构;议会;某种用途的建筑物 vt. 覆盖;给...房子住;把...储藏在房内 vi. 住,人教版三年级起点五年级上.xlsx
renjiao_start3|g5-upper|r129|boating,renjiao_start3,5年级上,5,上,129,boating,boating,[ˈbəʊtɪŋ],[ˈboʊtɪŋ],n. 划船 v. 划船(boat的ing形式) adj. 划船的,人教版三年级起点五年级上.xlsx
renjiao_start3|g5-upper|r130|go boating,renjiao_start3,5年级上,5,上,130,go boating,go boating,,,na. 乘船〔尤指划船〕游玩,人教版三年级起点五年级上.xlsx
renjiao_start3|g5-upper|r131|aren't,renjiao_start3,5年级上,5,上,131,aren't,aren't,,,abbr. 不是(are not),人教版三年级起点五年级上.xlsx
renjiao_start3|g5-upper|r132|are not,renjiao_start3,5年级上,5,上,132,are not,are not,,,无,人教版三年级起点五年级上.xlsx
renjiao_start3|g5-upper|r133|rabbit,renjiao_start3,5年级上,5,上,133,rabbit,rabbit,[ˈræbɪt],[ˈræbɪt],"n. 兔子,野兔 vt. 让...见鬼去吧 vi. 猎兔",人教版三年级起点五年级上.xlsx
renjiao_start3|g5-upper|r134|high,renjiao_start3,5年级上,5,上,134,high,high,[haɪ],[haɪ],n. 高水平;天空;由麻醉品引起的快感;高压地带 adj. 高的;高级的;崇高的;高音调的 adv. 高;奢侈地,人教版三年级起点五年级上.xlsx
renjiao_start3|g5-lower|r002|eat breakfast,renjiao_start3,5年级下,5,下,2,eat breakfast,eat breakfast,[i:t ˈbrekfəst],[iːt ˈbrekfəst],吃早饭;吃早餐;食早餐,人教版三年级起点五年级下.xlsx
renjiao_start3|g5-lower|r003|have ... class,renjiao_start3,5年级下,5,下,3,have ... class,have ... class,,,上课;指上课;该上课了,人教版三年级起点五年级下.xlsx
renjiao_start3|g5-lower|r004|play sports,renjiao_start3,5年级下,5,下,4,play sports,play sports,,,做运动;进行体育运动;进行体育活动,人教版三年级起点五年级下.xlsx
renjiao_start3|g5-lower|r005|exercise,renjiao_start3,5年级下,5,下,5,exercise,exercise,[ˈeksəsaɪz],[ˈeksərsaɪz],n. 运动;练习;运用;操练;礼拜;典礼 vt. 锻炼;练习;使用;使忙碌;使惊恐 vi. 运动;练习,人教版三年级起点五年级下.xlsx
renjiao_start3|g5-lower|r006|do morning exercises,renjiao_start3,5年级下,5,下,6,do morning exercises,do morning exercises,,,做早操;晨练;做早操要说,人教版三年级起点五年级下.xlsx
renjiao_start3|g5-lower|r007|eat dinner,renjiao_start3,5年级下,5,下,7,eat dinner,eat dinner,,,吃晚饭;吃晚餐;吃饭,人教版三年级起点五年级下.xlsx
renjiao_start3|g5-lower|r008|clean my room,renjiao_start3,5年级下,5,下,8,clean my room,clean my room,,,无,人教版三年级起点五年级下.xlsx
renjiao_start3|g5-lower|r009|go for a walk,renjiao_start3,5年级下,5,下,9,go for a walk,go for a walk,,,v. 出去散步,人教版三年级起点五年级下.xlsx
renjiao_start3|g5-lower|r010|go shopping,renjiao_start3,5年级下,5,下,10,go shopping,go shopping,,,na. 去买东西,人教版三年级起点五年级下.xlsx
renjiao_start3|g5-lower|r011|take,renjiao_start3,5年级下,5,下,11,take,take,[teɪk],[teɪk],"vi. 拿;获得 vt. 拿,取;采取;接受(礼物等);买,花费;耗费(时间等) n. 捕获量;看法;利益,盈益;(入场券的)售得金额",人教版三年级起点五年级下.xlsx
renjiao_start3|g5-lower|r012|dancing,renjiao_start3,5年级下,5,下,12,dancing,dancing,[ˈdɑːnsɪŋ],[ˈdænsɪŋ],n. 跳舞;舞蹈 v. 跳舞;摇晃(dance的ing形式),人教版三年级起点五年级下.xlsx
renjiao_start3|g5-lower|r013|take a dancing class,renjiao_start3,5年级下,5,下,13,take a dancing class,take a dancing class,,,无,人教版三年级起点五年级下.xlsx
renjiao_start3|g5-lower|r014|when,renjiao_start3,5年级下,5,下,14,when,when,[wen],[wen],"conj. 考虑到;既然;当...时;在...时;如果 n. 时间,时候;日期;场合 adv. 什么时候,何时;(用于时间的表达方式之后)在那时;其时;当时 pron. 那时;什么时侯",人教版三年级起点五年级下.xlsx
renjiao_start3|g5-lower|r015|after,renjiao_start3,5年级下,5,下,15,after,after,[ˈɑːftə(r)],[ˈæftər],"conj. 在......之后 prep. 在......之后 adj. 以后的 adv. 后来,以后",人教版三年级起点五年级下.xlsx
renjiao_start3|g5-lower|r016|start,renjiao_start3,5年级下,5,下,16,start,start,[stɑːt],[stɑːrt],n. 开始;起点 vt. 开始;启动 vi. 出发,人教版三年级起点五年级下.xlsx
renjiao_start3|g5-lower|r017|usually,renjiao_start3,5年级下,5,下,17,usually,usually,[ˈjuːʒuəli],[ˈjuːʒuəli; ˈjuːʒəli],"adv. 通常,经常",人教版三年级起点五年级下.xlsx
renjiao_start3|g5-lower|r018|spain,renjiao_start3,5年级下,5,下,18,Spain,spain,[speɪn],[speɪn],n. 西班牙,人教版三年级起点五年级下.xlsx
renjiao_start3|g5-lower|r019|late,renjiao_start3,5年级下,5,下,19,late,late,[leɪt],[leɪt],adj. 晚的;迟的;已故的;最近的 adv. 晚;迟;最近;在晚期,人教版三年级起点五年级下.xlsx
renjiao_start3|g5-lower|r020|a.m.,renjiao_start3,5年级下,5,下,20,a.m.,a.m.,[ˌeɪ ˈem],[ˌeɪ ˈem],"abbr. 上午,午前(ante meridiem)",人教版三年级起点五年级下.xlsx
renjiao_start3|g5-lower|r021|p.m.,renjiao_start3,5年级下,5,下,21,p.m.,p.m.,[ˌpiː ˈem],[ˌpiː ˈem],abbr. (=prime minister)总理;首相;午后 n. 总理(全写为 prime minister),人教版三年级起点五年级下.xlsx
renjiao_start3|g5-lower|r022|why,renjiao_start3,5年级下,5,下,22,why,why,[waɪ],[waɪ],int. 哎呀!什么? adv. 为什么,人教版三年级起点五年级下.xlsx
renjiao_start3|g5-lower|r023|shop,renjiao_start3,5年级下,5,下,23,shop,shop,[ʃɒp],[ʃɑːp],n. 商店;店铺 vt. 购物 vi. 购物;买东西,人教版三年级起点五年级下.xlsx
renjiao_start3|g5-lower|r024|work,renjiao_start3,5年级下,5,下,24,work,work,[wɜːk],[wɜːrk],n. 工作;[物] 功;产品;操作;职业;行为;事业;工厂;著作;文学、音乐或艺术作品 vt. 使工作;操作;经营;使缓慢前进 vi. 工作;运作;起作用,人教版三年级起点五年级下.xlsx
renjiao_start3|g5-lower|r025|last,renjiao_start3,5年级下,5,下,25,last,last,[lɑːst],[læst],"n. 末尾,最后;上个;鞋楦(做鞋的模型) adj. 最后的;最近的,最新的;仅剩的;最不可能...的 vi. 持续;维持,够用;持久 vt. 度过,拖过;使维持 adv. 最后地;上次,最近;最后一点",人教版三年级起点五年级下.xlsx
renjiao_start3|g5-lower|r026|sound,renjiao_start3,5年级下,5,下,26,sound,sound,[saʊnd],[saʊnd],"n. 声音,语音;噪音;海峡;吵闹;听力范围;[医] 探条 adj. 健全的,健康的;合理的;可靠的;有效彻底的 vt. 听(诊);测量,测...深;使发声;试探;宣告 vi. 听起来;发",人教版三年级起点五年级下.xlsx
renjiao_start3|g5-lower|r027|also,renjiao_start3,5年级下,5,下,27,also,also,[ˈɔːlsəʊ],[ˈɔːlsoʊ],conj. 并且;另外 adv. 也;而且;同样,人教版三年级起点五年级下.xlsx
renjiao_start3|g5-lower|r028|busy,renjiao_start3,5年级下,5,下,28,busy,busy,[ˈbɪzi],[ˈbɪzi],adj. 忙碌的;热闹的;正被占用的 vt. 使忙于,人教版三年级起点五年级下.xlsx
renjiao_start3|g5-lower|r029|need,renjiao_start3,5年级下,5,下,29,need,need,[niːd],[niːd],"n. 需要,要求;缺乏;必要之物 vt. 需要 vi. 需要",人教版三年级起点五年级下.xlsx
renjiao_start3|g5-lower|r030|play,renjiao_start3,5年级下,5,下,30,play,play,[pleɪ],[pleɪ],n. 游戏;比赛;剧本 vt. 游戏;扮演;演奏;播放;同...比赛 vi. 演奏;玩耍;上演;参加比赛,人教版三年级起点五年级下.xlsx
renjiao_start3|g5-lower|r031|letter,renjiao_start3,5年级下,5,下,31,letter,letter,[ˈletə(r)],[ˈletər],"n. 信;字母,文字;证书;文学,学问;字面意义 vt. 写字母于 vi. 写印刷体字母",人教版三年级起点五年级下.xlsx
renjiao_start3|g5-lower|r032|live,renjiao_start3,5年级下,5,下,32,live,live,[lɪv; laɪv],[lɪv; laɪv],adj. 活的;生动的;实况转播的;精力充沛的 vt. 经历;度过 vi. 活;居住;生存,人教版三年级起点五年级下.xlsx
renjiao_start3|g5-lower|r033|island,renjiao_start3,5年级下,5,下,33,island,island,[ˈaɪlənd],[ˈaɪlənd],n. 岛;岛屿;安全岛;岛状物 adj. 岛的 vt. 孤立;使成岛状,人教版三年级起点五年级下.xlsx
renjiao_start3|g5-lower|r034|always,renjiao_start3,5年级下,5,下,34,always,always,[ˈɔːlweɪz],[ˈɔːlweɪz],"adv. 永远,一直;总是;常常",人教版三年级起点五年级下.xlsx
renjiao_start3|g5-lower|r035|cave,renjiao_start3,5年级下,5,下,35,cave,cave,[keɪv],[keɪv],"n. 洞穴,窑洞 vi. 凹陷,塌落;投降 vt. 使凹陷,使塌落;在...挖洞穴",人教版三年级起点五年级下.xlsx
renjiao_start3|g5-lower|r036|go swimming,renjiao_start3,5年级下,5,下,36,go swimming,go swimming,,,na. 去游泳,人教版三年级起点五年级下.xlsx
renjiao_start3|g5-lower|r037|win,renjiao_start3,5年级下,5,下,37,win,win,[wɪn],[wɪn],n. 赢;胜利 vt. 赢得;在...中获胜;劝诱 vi. 赢;获胜;成功,人教版三年级起点五年级下.xlsx
renjiao_start3|g5-lower|r038|spring,renjiao_start3,5年级下,5,下,38,spring,spring,[sprɪŋ],[sprɪŋ],n. 春天;弹簧;泉水;活力;跳跃 adj. 春天的 vt. 使跳起;使爆炸;突然提出;使弹开 vi. 生长;涌出;跃出;裂开,人教版三年级起点五年级下.xlsx
renjiao_start3|g5-lower|r039|summer,renjiao_start3,5年级下,5,下,39,summer,summer,[ˈsʌmə(r)],[ˈsʌmər],n. 夏季;全盛时期 adj. 夏季的 vi. 避暑;过夏天,人教版三年级起点五年级下.xlsx
renjiao_start3|g5-lower|r040|autumn,renjiao_start3,5年级下,5,下,40,autumn,autumn,[ˈɔːtəm],[ˈɔːtəm; ˈɑːtəm],"n. 秋天;成熟期;渐衰期,凋落期 adj. 秋天的,秋季的",人教版三年级起点五年级下.xlsx
renjiao_start3|g5-lower|r041|winter,renjiao_start3,5年级下,5,下,41,winter,winter,[ˈwɪntə(r)],[ˈwɪntər],n. 冬季;年岁;萧条期 adj. 冬天的;越冬的 vi. 过冬,人教版三年级起点五年级下.xlsx
renjiao_start3|g5-lower|r042|season,renjiao_start3,5年级下,5,下,42,season,season,[ˈsiːzn],[ˈsiːzn],n. 时期;季节;赛季 vt. 给...调味;使适应 vi. 变得成熟;变干燥,人教版三年级起点五年级下.xlsx
renjiao_start3|g5-lower|r043|picnic,renjiao_start3,5年级下,5,下,43,picnic,picnic,[ˈpɪknɪk],[ˈpɪknɪk],n. 野餐 vi. 去野餐,人教版三年级起点五年级下.xlsx
renjiao_start3|g5-lower|r044|go on a picnic,renjiao_start3,5年级下,5,下,44,go on a picnic,go on a picnic,,,去野餐;去野炊;搞野餐,人教版三年级起点五年级下.xlsx
renjiao_start3|g5-lower|r045|pick,renjiao_start3,5年级下,5,下,45,pick,pick,[pɪk],[pɪk],n. 选择;鹤嘴锄;挖;掩护 vi. 挑选;采摘;挖 vt. 拾取;精选;采摘;掘,人教版三年级起点五年级下.xlsx
renjiao_start3|g5-lower|r046|pick apples,renjiao_start3,5年级下,5,下,46,pick apples,pick apples,,,摘苹果;就像去摘苹果;采摘苹果,人教版三年级起点五年级下.xlsx
renjiao_start3|g5-lower|r047|snowman,renjiao_start3,5年级下,5,下,47,snowman,snowman,[ˈsnəʊmæn],[ˈsnoʊmæn],n. 雪人,人教版三年级起点五年级下.xlsx
renjiao_start3|g5-lower|r048|make a snowman,renjiao_start3,5年级下,5,下,48,make a snowman,make a snowman,,,堆雪人;做雪人;堆一个雪人,人教版三年级起点五年级下.xlsx
renjiao_start3|g5-lower|r049|go swimming,renjiao_start3,5年级下,5,下,49,go swimming,go swimming,,,na. 去游泳,人教版三年级起点五年级下.xlsx
renjiao_start3|g5-lower|r050|which,renjiao_start3,5年级下,5,下,50,which,which,[wɪtʃ],[wɪtʃ],adj. 哪一个;哪一些 pron. 哪/那一个;哪/那一些,人教版三年级起点五年级下.xlsx
renjiao_start3|g5-lower|r051|best,renjiao_start3,5年级下,5,下,51,best,best,[best],[best],"n. 最好的人,最好的事物;最佳状态 adj. 最好的 vt. 打败,胜过 adv. 最好地",人教版三年级起点五年级下.xlsx
renjiao_start3|g5-lower|r052|snow,renjiao_start3,5年级下,5,下,52,snow,snow,[snəʊ],[snoʊ],"n. 雪,积雪;下雪 vt. 使纷纷落下;使变白 vi. 降雪",人教版三年级起点五年级下.xlsx
renjiao_start3|g5-lower|r053|good job,renjiao_start3,5年级下,5,下,53,good job,good job,,,做得好;干得好;干的好,人教版三年级起点五年级下.xlsx
renjiao_start3|g5-lower|r054|because,renjiao_start3,5年级下,5,下,54,because,because,[bɪˈkəz],[bɪˈkəz],conj. 因为,人教版三年级起点五年级下.xlsx
renjiao_start3|g5-lower|r055|vacation,renjiao_start3,5年级下,5,下,55,vacation,vacation,[veɪˈkeɪʃn; vəˈkeɪʃn],[veɪˈkeɪʃn; vəˈkeɪʃn],"n. 假期;(房屋)搬出 vi. 休假,度假",人教版三年级起点五年级下.xlsx
renjiao_start3|g5-lower|r056|all,renjiao_start3,5年级下,5,下,56,all,all,[ɔːl],[ɔːl],n. 全部 adj. 全部的 adv. 全然地;越发 pron. 全部,人教版三年级起点五年级下.xlsx
renjiao_start3|g5-lower|r057|pink,renjiao_start3,5年级下,5,下,57,pink,pink,[pɪŋk],[pɪŋk],"n. 粉红色;化身,典范;石竹花;头面人物 adj. 粉红的;比较激进的;石竹科的;脸色发红的 vt. 扎,刺,戳;使...变粉红色;使...面红耳赤 vi. 变粉红色",人教版三年级起点五年级下.xlsx
renjiao_start3|g5-lower|r058|lovely,renjiao_start3,5年级下,5,下,58,lovely,lovely,[ˈlʌvli],[ˈlʌvli],"adj. 可爱的;令人愉快的;爱恋的;秀丽的,优美的 n. 美女;可爱的东西",人教版三年级起点五年级下.xlsx
renjiao_start3|g5-lower|r059|leaf,renjiao_start3,5年级下,5,下,59,leaf,leaf,[liːf],[liːf],"n. 叶子;(书籍等的)一张;扇页 vi. 生叶;翻书页 vt. 翻...的页,匆匆翻阅",人教版三年级起点五年级下.xlsx
renjiao_start3|g5-lower|r060|fall,renjiao_start3,5年级下,5,下,60,fall,fall,[fɔːl],[fɔːl],n. 下降;秋天;瀑布 adj. 秋天的 vi. 落下;变成;来临;减弱 vt. 砍倒;击倒,人教版三年级起点五年级下.xlsx
renjiao_start3|g5-lower|r061|paint,renjiao_start3,5年级下,5,下,61,paint,paint,[peɪnt],[peɪnt],"vt. 油漆;绘画;装饰;涂色于;描绘;(用语言,文字等)描写;擦脂粉等 vi. 油漆;描绘;绘画;化妆 n. 油漆;颜料,涂料;绘画作品;胭脂等化妆品;色彩,装饰",人教版三年级起点五年级下.xlsx
renjiao_start3|g5-lower|r062|january,renjiao_start3,5年级下,5,下,62,January,january,[ˈdʒænjuəri],[ˈdʒænjueri],n. 一月,人教版三年级起点五年级下.xlsx
renjiao_start3|g5-lower|r063|february,renjiao_start3,5年级下,5,下,63,February,february,[ˈfebruəri],[ˈfebrueri],n. 二月,人教版三年级起点五年级下.xlsx
renjiao_start3|g5-lower|r064|march,renjiao_start3,5年级下,5,下,64,March,march,[mɑːtʃ],[mɑːrtʃ],n. 三月,人教版三年级起点五年级下.xlsx
renjiao_start3|g5-lower|r065|april,renjiao_start3,5年级下,5,下,65,April,april,[ˈeɪprəl],[ˈeɪprəl],n. 四月,人教版三年级起点五年级下.xlsx
renjiao_start3|g5-lower|r066|may,renjiao_start3,5年级下,5,下,66,May,may,[meɪ],[meɪ],"aux. 可以,能够;可能,也许;祝,愿;会,能",人教版三年级起点五年级下.xlsx
renjiao_start3|g5-lower|r067|june,renjiao_start3,5年级下,5,下,67,June,june,[dʒuːn],[dʒuːn],"n. 六月;琼(人名,来源于拉丁语,含义是“年轻气盛的六月”)",人教版三年级起点五年级下.xlsx
renjiao_start3|g5-lower|r068|july,renjiao_start3,5年级下,5,下,68,July,july,[dʒʊˈlaɪ],[dʒʊˈlaɪ],n. 七月,人教版三年级起点五年级下.xlsx
renjiao_start3|g5-lower|r069|august,renjiao_start3,5年级下,5,下,69,August,august,[ˈɔːɡəst],[ˈɔːɡəst],n. 八月(简写为Aug) adj. 威严的;令人敬畏的,人教版三年级起点五年级下.xlsx
renjiao_start3|g5-lower|r070|september,renjiao_start3,5年级下,5,下,70,September,september,[sepˈtembə(r)],[sepˈtembər],n. 九月,人教版三年级起点五年级下.xlsx
renjiao_start3|g5-lower|r071|october,renjiao_start3,5年级下,5,下,71,October,october,[ɒkˈtəʊbə(r)],[ɑːkˈtoʊbər],n. [天] 十月,人教版三年级起点五年级下.xlsx
renjiao_start3|g5-lower|r072|november,renjiao_start3,5年级下,5,下,72,November,november,[nəʊˈvembə(r)],[noʊˈvembər],n. 十一月,人教版三年级起点五年级下.xlsx
renjiao_start3|g5-lower|r073|december,renjiao_start3,5年级下,5,下,73,December,december,[dɪˈsembə(r)],[dɪˈsembər],n. 十二月,人教版三年级起点五年级下.xlsx
renjiao_start3|g5-lower|r074|few,renjiao_start3,5年级下,5,下,74,few,few,[fjuː],[fjuː],n. 很少数 adj. 很少的;几乎没有的 pron. 很少,人教版三年级起点五年级下.xlsx
renjiao_start3|g5-lower|r075|a few,renjiao_start3,5年级下,5,下,75,a few,a few,,,na. 几个;〔反语〕很多;〈俚〉一点点,人教版三年级起点五年级下.xlsx
renjiao_start3|g5-lower|r076|thing,renjiao_start3,5年级下,5,下,76,thing,thing,[θɪŋ],[θɪŋ],n. 事情;东西;事物;情况,人教版三年级起点五年级下.xlsx
renjiao_start3|g5-lower|r077|meet,renjiao_start3,5年级下,5,下,77,meet,meet,[miːt],[miːt],vt. 满足;遇见;对付 vi. 相遇;接触 n. 集会 adj. 合适的;适宜的,人教版三年级起点五年级下.xlsx
renjiao_start3|g5-lower|r078|sports meet,renjiao_start3,5年级下,5,下,78,sports meet,sports meet,,,un. 运动会,人教版三年级起点五年级下.xlsx
renjiao_start3|g5-lower|r079|easter,renjiao_start3,5年级下,5,下,79,Easter,easter,[ˈiːstə(r)],[ˈiːstər],n. 复活节,人教版三年级起点五年级下.xlsx
renjiao_start3|g5-lower|r080|trip,renjiao_start3,5年级下,5,下,80,trip,trip,[trɪp],[trɪp],n. 旅行;绊倒;差错 vt. 绊倒;使犯错 vi. 绊倒;远足;犯错误;轻快地走,人教版三年级起点五年级下.xlsx
renjiao_start3|g5-lower|r081|year,renjiao_start3,5年级下,5,下,81,year,year,[jɪə(r)],[jɪr],n. 年;年度;历年;年纪;一年的期间;某年级的学生,人教版三年级起点五年级下.xlsx
renjiao_start3|g5-lower|r082|plant,renjiao_start3,5年级下,5,下,82,plant,plant,[plɑːnt],[plænt],"n. 工厂,车间;植物;设备;庄稼 vt. 种植;培养;栽培;安置 vi. 种植",人教版三年级起点五年级下.xlsx
renjiao_start3|g5-lower|r083|contest,renjiao_start3,5年级下,5,下,83,contest,contest,[ˈkɒntest],[ˈkɑːntest],n. 竞赛;争夺;争论 vt. 争辩;质疑 vi. 竞争;争辩,人教版三年级起点五年级下.xlsx
renjiao_start3|g5-lower|r084|the great wall,renjiao_start3,5年级下,5,下,84,the Great Wall,the great wall,,,长城;万里长城;中国万里长城,人教版三年级起点五年级下.xlsx
renjiao_start3|g5-lower|r085|national,renjiao_start3,5年级下,5,下,85,national,national,[ˈnæʃ(ə)nəl],[ˈnæʃnəl],adj. 国家的;国民的;民族的;国立的 n. 国民,人教版三年级起点五年级下.xlsx
renjiao_start3|g5-lower|r086|national day,renjiao_start3,5年级下,5,下,86,National Day,national day,,,na. 国庆日,人教版三年级起点五年级下.xlsx
renjiao_start3|g5-lower|r087|american,renjiao_start3,5年级下,5,下,87,American,american,[əˈmerɪkən],[əˈmerɪkən],"n. 美国人,美洲人;美国英语 adj. 美国的,美洲的;地道美国式的",人教版三年级起点五年级下.xlsx
renjiao_start3|g5-lower|r088|thanksgiving,renjiao_start3,5年级下,5,下,88,Thanksgiving,thanksgiving,,,n. 感恩,人教版三年级起点五年级下.xlsx
renjiao_start3|g5-lower|r089|christmas,renjiao_start3,5年级下,5,下,89,Christmas,christmas,[ˈkrɪsməs],[ˈkrɪsməs],n. 圣诞节;圣诞节期间,人教版三年级起点五年级下.xlsx
renjiao_start3|g5-lower|r090|holiday,renjiao_start3,5年级下,5,下,90,holiday,holiday,[ˈhɒlədeɪ],[ˈhɑːlədeɪ],n. 假日;节日;休息日 vi. 外出度假,人教版三年级起点五年级下.xlsx
renjiao_start3|g5-lower|r091|game,renjiao_start3,5年级下,5,下,91,game,game,[ɡeɪm],[ɡeɪm],n. 游戏;比赛 adj. 勇敢的 vi. 赌博,人教版三年级起点五年级下.xlsx
renjiao_start3|g5-lower|r092|roll,renjiao_start3,5年级下,5,下,92,roll,roll,[rəʊl],[roʊl],"n. 卷,卷形物;名单;摇晃 vt. 卷;滚动,转动;辗 vi. 卷;滚动;转动;起伏,摇晃",人教版三年级起点五年级下.xlsx
renjiao_start3|g5-lower|r093|look for,renjiao_start3,5年级下,5,下,93,look for,look for,[ˈlʊk fɔː(r)],[ˈlʊk fɔːr],v. 寻找;探索;渴望;盼望,人教版三年级起点五年级下.xlsx
renjiao_start3|g5-lower|r094|chocolate,renjiao_start3,5年级下,5,下,94,chocolate,chocolate,[ˈtʃɒklət],[ˈtʃɔːklət],"n. 巧克力,巧克力糖;巧克力色 adj. 巧克力色的;巧克力口味的",人教版三年级起点五年级下.xlsx
renjiao_start3|g5-lower|r095|bunny,renjiao_start3,5年级下,5,下,95,bunny,bunny,[ˈbʌni],[ˈbʌni],n. 兔子(特别是小兔子);可爱女郎,人教版三年级起点五年级下.xlsx
renjiao_start3|g5-lower|r096|rsvp,renjiao_start3,5年级下,5,下,96,RSVP,rsvp,[ˌɑːr es viː ˈpiː],[ˌɑːr es viː ˈpiː],abbr. 请回复 Répondez s'il vous plaît.(法语),人教版三年级起点五年级下.xlsx
renjiao_start3|g5-lower|r097|by,renjiao_start3,5年级下,5,下,97,by,by,[baɪ],[baɪ],prep. 通过;被;依据;经由;在附近;在......之前 adv. 通过;经过;附近;[互联网] 白俄罗斯的国家代码顶级域名,人教版三年级起点五年级下.xlsx
renjiao_start3|g5-lower|r098|first,renjiao_start3,5年级下,5,下,98,first,first,[fɜːst],[fɜːrst],num. 第一 n. 第一;开始;冠军 adj. 第一的;基本的;最早的 adv. 第一;首先;优先;宁愿,人教版三年级起点五年级下.xlsx
renjiao_start3|g5-lower|r099|second,renjiao_start3,5年级下,5,下,99,second,second,[ˈsekənd],[ˈsekənd; sɪˈkɑːnd],num. 第二 n. 秒;第二名;瞬间;二等品 adj. 第二的;次要的;附加的 vt. 支持 adv. 第二;其次;居第二位,人教版三年级起点五年级下.xlsx
renjiao_start3|g5-lower|r100|third,renjiao_start3,5年级下,5,下,100,third,third,[θɜːd],[θɜːrd],num. 第三;三分之一 adj. 第三的;三分之一的,人教版三年级起点五年级下.xlsx
renjiao_start3|g5-lower|r101|fourth,renjiao_start3,5年级下,5,下,101,fourth,fourth,[fɔːθ],[fɔːrθ],"num. 第四 n. 第四,月的第四日;四分之一 adj. 第四的,第四个的;四分之一的",人教版三年级起点五年级下.xlsx
renjiao_start3|g5-lower|r102|fifth,renjiao_start3,5年级下,5,下,102,fifth,fifth,[fɪfθ],[fɪfθ],num. 第五 n. 第五;五分之一 adj. 第五的;五分之一的,人教版三年级起点五年级下.xlsx
renjiao_start3|g5-lower|r103|twelfth,renjiao_start3,5年级下,5,下,103,twelfth,twelfth,[twelfθ],[twelfθ],"n. 第十二;月的第十二日 adj. 第十二的,第十二个的;十二分之一的",人教版三年级起点五年级下.xlsx
renjiao_start3|g5-lower|r104|twentieth,renjiao_start3,5年级下,5,下,104,twentieth,twentieth,[ˈtwentiəθ],[ˈtwentiəθ],n. 二十分之一 num. 第二十 adj. 第二十的;二十分之一的,人教版三年级起点五年级下.xlsx
renjiao_start3|g5-lower|r105|twenty-first,renjiao_start3,5年级下,5,下,105,twenty-first,twenty-first,[ˌtwenti ˈfɜːst],[ˌtwenti ˈfɜːrst],num. 第二十一,人教版三年级起点五年级下.xlsx
renjiao_start3|g5-lower|r106|twenty-third,renjiao_start3,5年级下,5,下,106,twenty-third,twenty-third,,,num. 第二十三,人教版三年级起点五年级下.xlsx
renjiao_start3|g5-lower|r107|thirtieth,renjiao_start3,5年级下,5,下,107,thirtieth,thirtieth,[ˈθɜːtiəθ],[ˈθɜːrtiəθ],n. 第三十;三十分之一 adj. 第三十个的;三十分之一的 num. 第三十;三十分之一,人教版三年级起点五年级下.xlsx
renjiao_start3|g5-lower|r108|special,renjiao_start3,5年级下,5,下,108,special,special,[ˈspeʃ(ə)l],[ˈspeʃl],"n. 特使,特派人员;特刊;特色菜;专车;特价商品 adj. 特别的;专门的,专用的",人教版三年级起点五年级下.xlsx
renjiao_start3|g5-lower|r109|fool,renjiao_start3,5年级下,5,下,109,fool,fool,[fuːl],[fuːl],"n. 傻瓜;愚人;受骗者 vt. 欺骗,愚弄 adj. 傻的 vi. 欺骗;开玩笑;戏弄",人教版三年级起点五年级下.xlsx
renjiao_start3|g5-lower|r110|kitten,renjiao_start3,5年级下,5,下,110,kitten,kitten,[ˈkɪt(ə)n],[ˈkɪt(ə)n],n. 小猫;小动物 vi. 产小猫,人教版三年级起点五年级下.xlsx
renjiao_start3|g5-lower|r111|diary,renjiao_start3,5年级下,5,下,111,diary,diary,[ˈdaɪəri],[ˈdaɪəri],"n. 日志,日记;日记簿",人教版三年级起点五年级下.xlsx
renjiao_start3|g5-lower|r112|still,renjiao_start3,5年级下,5,下,112,still,still,[stɪl],[stɪl],"conj. 仍然;但是;尽管如此 n. 寂静;剧照;蒸馏室 adj. 静止的,不动的;寂静的,平静的;不起泡的 adv. 仍然;更;静止地 vt. 蒸馏;使...静止;使...平静下来 vi. 静止;平静;蒸馏",人教版三年级起点五年级下.xlsx
renjiao_start3|g5-lower|r113|noise,renjiao_start3,5年级下,5,下,113,noise,noise,[nɔɪz],[nɔɪz],n. [环境] 噪音;响声;杂音 vt. 谣传 vi. 发出声音;大声议论,人教版三年级起点五年级下.xlsx
renjiao_start3|g5-lower|r114|fur,renjiao_start3,5年级下,5,下,114,fur,fur,[fɜː(r)],[fɜːr],"n. 皮,皮子;毛皮;软毛 n. 水垢 vt. 用毛皮覆盖;使穿毛皮服装",人教版三年级起点五年级下.xlsx
renjiao_start3|g5-lower|r115|open,renjiao_start3,5年级下,5,下,115,open,open,[ˈəʊpən],[ˈoʊpən],adj. 公开的;敞开的;空旷的;坦率的;营业着的 vi. 开始;展现 vt. 公开;打开 n. 公开;空旷;户外,人教版三年级起点五年级下.xlsx
renjiao_start3|g5-lower|r116|walk,renjiao_start3,5年级下,5,下,116,walk,walk,[wɔːk],[wɔːk],"n. 步行,走;散步 vi. 走,步行;散步 vt. 散步;走过",人教版三年级起点五年级下.xlsx
renjiao_start3|g5-lower|r117|mine,renjiao_start3,5年级下,5,下,117,mine,mine,[maɪn],[maɪn],"n. 矿,矿藏;矿山,矿井;地雷,水雷 vt. 开采,采掘;在...布雷 vi. 开矿,采矿;埋设地雷 pron. 我的",人教版三年级起点五年级下.xlsx
renjiao_start3|g5-lower|r118|yours,renjiao_start3,5年级下,5,下,118,yours,yours,[jɔːz],[jərz; jɔːrz; jʊrz],"pron. 你(们)的东西;你的责任[义务];你的家属;来信,尊函 adj. 你(们)的(东西);信末署名前用语",人教版三年级起点五年级下.xlsx
renjiao_start3|g5-lower|r119|his,renjiao_start3,5年级下,5,下,119,his,his,[hɪz],[hɪz; ɪz],pron. 他的,人教版三年级起点五年级下.xlsx
renjiao_start3|g5-lower|r120|hers,renjiao_start3,5年级下,5,下,120,hers,hers,[hɜːz],[hɜːrz; ɜːrz],pron. 她的(所有格),人教版三年级起点五年级下.xlsx
renjiao_start3|g5-lower|r121|theirs,renjiao_start3,5年级下,5,下,121,theirs,theirs,[ðeəz],[ðerz],pron. 他们的;她们的;它们的,人教版三年级起点五年级下.xlsx
renjiao_start3|g5-lower|r122|ours,renjiao_start3,5年级下,5,下,122,ours,ours,[ˈaʊəz],[ˈaʊərz],pron. 我们的,人教版三年级起点五年级下.xlsx
renjiao_start3|g5-lower|r123|climbing,renjiao_start3,5年级下,5,下,123,climbing,climbing,[ˈklaɪmɪŋ],[ˈklaɪmɪŋ],n. 攀登 v. 爬(climb的ing形式) adj. 上升的;攀缘而登的,人教版三年级起点五年级下.xlsx
renjiao_start3|g5-lower|r124|eating,renjiao_start3,5年级下,5,下,124,eating,eating,[ˈiːtɪŋ],[ˈiːtɪŋ],n. 吃;食物 v. 吃(eat的ing形式) adj. 侵蚀的;可生食的;进餐用的,人教版三年级起点五年级下.xlsx
renjiao_start3|g5-lower|r125|playing,renjiao_start3,5年级下,5,下,125,playing,playing,[ˈpleɪɪŋ],[ˈpleɪɪŋ],n. 比赛;演奏 v. 玩耍(play的ing形式),人教版三年级起点五年级下.xlsx
renjiao_start3|g5-lower|r126|jumping,renjiao_start3,5年级下,5,下,126,jumping,jumping,[ˈdʒʌmpɪŋ],[ˈdʒʌmpɪŋ],adj. 跳跃的 n. 障碍 vi. 跳(jump的ing形式),人教版三年级起点五年级下.xlsx
renjiao_start3|g5-lower|r127|drinking,renjiao_start3,5年级下,5,下,127,drinking,drinking,[ˈdrɪŋkɪŋ],[ˈdrɪŋkɪŋ],"n. 喝,饮;喝酒 v. 饮(drink的ing形式);喝",人教版三年级起点五年级下.xlsx
renjiao_start3|g5-lower|r128|sleeping,renjiao_start3,5年级下,5,下,128,sleeping,sleeping,[ˈsliːpɪŋ],[ˈsliːpɪŋ],n. 睡眠 adj. 睡着的,人教版三年级起点五年级下.xlsx
renjiao_start3|g5-lower|r129|each,renjiao_start3,5年级下,5,下,129,each,each,[iːtʃ],[iːtʃ],adj. 每;各自的 pron. 每个;各自 adv. 每个;各自,人教版三年级起点五年级下.xlsx
renjiao_start3|g5-lower|r130|other,renjiao_start3,5年级下,5,下,130,other,other,[ˈʌðə(r)],[ˈʌðər],"adj. 其他的,另外的 pron. 另外一个",人教版三年级起点五年级下.xlsx
renjiao_start3|g5-lower|r131|each other,renjiao_start3,5年级下,5,下,131,each other,each other,,,pron. 彼此,人教版三年级起点五年级下.xlsx
renjiao_start3|g5-lower|r132|excited,renjiao_start3,5年级下,5,下,132,excited,excited,[ɪkˈsaɪtɪd],[ɪkˈsaɪtɪd],v. 激动;唤起(excite的过去分词) adj. 兴奋的;激动的;活跃的,人教版三年级起点五年级下.xlsx
renjiao_start3|g5-lower|r133|like,renjiao_start3,5年级下,5,下,133,like,like,[laɪk],[laɪk],vt. 喜欢;想;愿意 vi. 喜欢;希望 prep. 像;如同 adj. 同样的;相似的 n. 爱好;同样的人或物 adv. 可能 conj. 好像,人教版三年级起点五年级下.xlsx
renjiao_start3|g5-lower|r134|doing morning exercises,renjiao_start3,5年级下,5,下,134,doing morning exercises,doing morning exercises,,,无,人教版三年级起点五年级下.xlsx
renjiao_start3|g5-lower|r135|having ... class,renjiao_start3,5年级下,5,下,135,having ... class,having ... class,,,无,人教版三年级起点五年级下.xlsx
renjiao_start3|g5-lower|r136|eating lunch,renjiao_start3,5年级下,5,下,136,eating lunch,eating lunch,,,无,人教版三年级起点五年级下.xlsx
renjiao_start3|g5-lower|r137|reading a book,renjiao_start3,5年级下,5,下,137,reading a book,reading a book,,,无,人教版三年级起点五年级下.xlsx
renjiao_start3|g5-lower|r138|listening to music,renjiao_start3,5年级下,5,下,138,listening to music,listening to music,,,无,人教版三年级起点五年级下.xlsx
renjiao_start3|g5-lower|r139|keep,renjiao_start3,5年级下,5,下,139,keep,keep,[kiːp],[kiːp],vt. 保持;经营;遵守;饲养 vi. 保持;继续不断 n. 保持;生计;生活费,人教版三年级起点五年级下.xlsx
renjiao_start3|g5-lower|r140|keep to the right,renjiao_start3,5年级下,5,下,140,keep to the right,keep to the right,,,na. 靠右边走;走正路,人教版三年级起点五年级下.xlsx
renjiao_start3|g5-lower|r141|keep your desk clean,renjiao_start3,5年级下,5,下,141,keep your desk clean,keep your desk clean,,,无,人教版三年级起点五年级下.xlsx
renjiao_start3|g5-lower|r142|talk quietly,renjiao_start3,5年级下,5,下,142,talk quietly,talk quietly,,,无,人教版三年级起点五年级下.xlsx
renjiao_start3|g5-lower|r143|turn,renjiao_start3,5年级下,5,下,143,turn,turn,[tɜːn],[tɜːrn],"n. 转弯;变化;(损害或有益于别人的)行为,举动,举止 vi. 转向;转变;转动 vt. 转动,使旋转;转弯;翻过来;兑换",人教版三年级起点五年级下.xlsx
renjiao_start3|g5-lower|r144|take turns,renjiao_start3,5年级下,5,下,144,take turns,take turns,,,na. 替换,人教版三年级起点五年级下.xlsx
renjiao_start3|g5-lower|r145|bamboo,renjiao_start3,5年级下,5,下,145,bamboo,bamboo,[ˌbæmˈbuː],[ˌbæmˈbuː],"n. 竹,竹子 adj. 竹制的;土著居民的 vt. 为...装上篾条",人教版三年级起点五年级下.xlsx
renjiao_start3|g5-lower|r146|its,renjiao_start3,5年级下,5,下,146,its,its,[ɪts],[ɪts],pron. 它的,人教版三年级起点五年级下.xlsx
renjiao_start3|g5-lower|r147|show,renjiao_start3,5年级下,5,下,147,show,show,[ʃəʊ],[ʃoʊ],n. 显示;表演;炫耀 vt. 显示;说明;演出;展出 vi. 显示;说明;指示,人教版三年级起点五年级下.xlsx
renjiao_start3|g5-lower|r148|anything,renjiao_start3,5年级下,5,下,148,anything,anything,[ˈeniθɪŋ],[ˈeniθɪŋ],pron. 任何事,人教版三年级起点五年级下.xlsx
renjiao_start3|g5-lower|r149|else,renjiao_start3,5年级下,5,下,149,else,else,[els],[els],adj. 别的;其他的 adv. 其他;否则;另外,人教版三年级起点五年级下.xlsx
renjiao_start3|g5-lower|r150|exhibition,renjiao_start3,5年级下,5,下,150,exhibition,exhibition,[ˌeksɪˈbɪʃ(ə)n],[ˌeksɪˈbɪʃn],"n. 展览,显示;展览会;展览品",人教版三年级起点五年级下.xlsx
renjiao_start3|g5-lower|r151|say,renjiao_start3,5年级下,5,下,151,say,say,[seɪ],[seɪ],vt. 讲;说明;例如;声称;假设;指明 vi. 讲;表示;念;假定;背诵,人教版三年级起点五年级下.xlsx
renjiao_start3|g5-lower|r152|have a look,renjiao_start3,5年级下,5,下,152,have a look,have a look,,,v. 看一看,人教版三年级起点五年级下.xlsx
renjiao_start3|g5-lower|r153|sushi,renjiao_start3,5年级下,5,下,153,sushi,sushi,[ˈsuːʃi],[ˈsuːʃi],n. 寿司(生鱼片冷饭团),人教版三年级起点五年级下.xlsx
renjiao_start3|g5-lower|r154|teach,renjiao_start3,5年级下,5,下,154,teach,teach,[tiːtʃ],[tiːtʃ],vt. 教;教授;教导 vi. 教授;讲授;当老师,人教版三年级起点五年级下.xlsx
renjiao_start3|g5-lower|r155|sure,renjiao_start3,5年级下,5,下,155,sure,sure,[ʃʊə(r)],[ʃʊr],adj. 确信的;可靠的;必定的 adv. 当然;的确,人教版三年级起点五年级下.xlsx
renjiao_start3|g5-lower|r156|canadian,renjiao_start3,5年级下,5,下,156,Canadian,canadian,[kəˈneɪdiən],[kəˈneɪdiən],n. 加拿大人 adj. 加拿大(人)的,人教版三年级起点五年级下.xlsx
renjiao_start3|g5-lower|r157|spanish,renjiao_start3,5年级下,5,下,157,Spanish,spanish,[ˈspænɪʃ],[ˈspænɪʃ],n. 西班牙语;西班牙人 adj. 西班牙的;西班牙人的;西班牙语的,人教版三年级起点五年级下.xlsx
renjiao_start3|g6-upper|r002|science,renjiao_start3,6年级上,6,上,2,science,science,[ˈsaɪəns],[ˈsaɪəns],n. 科学;技术;学科;理科,人教版三年级起点六年级上.xlsx
renjiao_start3|g6-upper|r003|museum,renjiao_start3,6年级上,6,上,3,museum,museum,[mjuˈziːəm],[mjuˈziːəm],n. 博物馆,人教版三年级起点六年级上.xlsx
renjiao_start3|g6-upper|r004|post office,renjiao_start3,6年级上,6,上,4,post office,post office,[ˈpəust ɔfis],[ˈpost ɔfɪs],n. 邮局;邮政部门;邮政系统;邮差敲门游戏(儿童用假托的信件换取亲吻),人教版三年级起点六年级上.xlsx
renjiao_start3|g6-upper|r005|bookstore,renjiao_start3,6年级上,6,上,5,bookstore,bookstore,[ˈbʊkstɔː(r)],[ˈbʊkstɔːr],n. 书店(等于bookshop),人教版三年级起点六年级上.xlsx
renjiao_start3|g6-upper|r006|cinema,renjiao_start3,6年级上,6,上,6,cinema,cinema,[ˈsɪnəmə],[ˈsɪnəmə],"n. 电影;电影院;电影业,电影制作术",人教版三年级起点六年级上.xlsx
renjiao_start3|g6-upper|r007|hospital,renjiao_start3,6年级上,6,上,7,hospital,hospital,[ˈhɒspɪt(ə)l],[ˈhɑːspɪtl],n. 医院,人教版三年级起点六年级上.xlsx
renjiao_start3|g6-upper|r008|crossing,renjiao_start3,6年级上,6,上,8,crossing,crossing,[ˈkrɒsɪŋ],[ˈkrɔːsɪŋ],n. 十字路口;杂交;横渡;横道 v. 横越(cross的现在分词),人教版三年级起点六年级上.xlsx
renjiao_start3|g6-upper|r009|turn,renjiao_start3,6年级上,6,上,9,turn,turn,[tɜːn],[tɜːrn],"n. 转弯;变化;(损害或有益于别人的)行为,举动,举止 vi. 转向;转变;转动 vt. 转动,使旋转;转弯;翻过来;兑换",人教版三年级起点六年级上.xlsx
renjiao_start3|g6-upper|r010|left,renjiao_start3,6年级上,6,上,10,left,left,[left],[left],adj. 左边的;左派的;剩下的 adv. 在左面 n. 左边;左派;激进分子 v. 离开(leave的过去式),人教版三年级起点六年级上.xlsx
renjiao_start3|g6-upper|r011|straight,renjiao_start3,6年级上,6,上,11,straight,straight,[streɪt],[streɪt],"n. 直;直线;直男,直女,异性恋者 adj. 直的;连续的;笔直的;正直的;整齐的;异性恋的 adv. 直接地;不断地;立即;坦率地",人教版三年级起点六年级上.xlsx
renjiao_start3|g6-upper|r012|right,renjiao_start3,6年级上,6,上,12,right,right,[raɪt],[raɪt],n. 正确;右边;正义 adj. 正确的;直接的;右方的 vt. 纠正 adv. 正确地;恰当地;彻底地 vi. 复正;恢复平稳,人教版三年级起点六年级上.xlsx
renjiao_start3|g6-upper|r013|ask,renjiao_start3,6年级上,6,上,13,ask,ask,[ɑːsk],[æsk],"vt. 问,询问;要求;需要;邀请;讨价 vi. 问,询问;要求",人教版三年级起点六年级上.xlsx
renjiao_start3|g6-upper|r014|sir,renjiao_start3,6年级上,6,上,14,sir,sir,[sɜː(r)],[sɜːr; sər],n. 先生;(用于姓名前)爵士;阁下;(中小学生对男教师的称呼)先生;老师,人教版三年级起点六年级上.xlsx
renjiao_start3|g6-upper|r015|interesting,renjiao_start3,6年级上,6,上,15,interesting,interesting,[ˈɪntrəstɪŋ],[ˈɪntrəstɪŋ; ˈɪntrestɪŋ],"adj. 有趣的;引起兴趣的,令人关注的",人教版三年级起点六年级上.xlsx
renjiao_start3|g6-upper|r016|italian,renjiao_start3,6年级上,6,上,16,Italian,italian,[ɪˈtæliən],[ɪˈtæliən],n. 意大利人;意大利语 adj. 意大利的;意大利文化的;意大利语的,人教版三年级起点六年级上.xlsx
renjiao_start3|g6-upper|r017|restaurant,renjiao_start3,6年级上,6,上,17,restaurant,restaurant,[ˈrestrɒnt],[ˈrestrɑːnt; ˈrestərɑːnt],n. 餐馆;[经] 饭店,人教版三年级起点六年级上.xlsx
renjiao_start3|g6-upper|r018|pizza,renjiao_start3,6年级上,6,上,18,pizza,pizza,[ˈpiːtsə],[ˈpiːtsə],n. 比萨饼(一种涂有乳酪核番茄酱的意大利式有馅烘饼),人教版三年级起点六年级上.xlsx
renjiao_start3|g6-upper|r019|street,renjiao_start3,6年级上,6,上,19,street,street,[striːt],[striːt],n. 街道 adj. 街道的,人教版三年级起点六年级上.xlsx
renjiao_start3|g6-upper|r020|get,renjiao_start3,6年级上,6,上,20,get,get,[ɡet],[ɡet],n. 生殖;幼兽 vi. 成为;变得;到达 vt. 使得;获得;受到;变成,人教版三年级起点六年级上.xlsx
renjiao_start3|g6-upper|r021|gps,renjiao_start3,6年级上,6,上,21,GPS,gps,[ˌdʒiː piː ˈes],[ˌdʒiː piː ˈes],abbr. 全球定位系统(Global Position System);通用雷达(General Purpose Radar);炮长主瞄准镜(Gunner's Primary Sight),人教版三年级起点六年级上.xlsx
renjiao_start3|g6-upper|r022|gave,renjiao_start3,6年级上,6,上,22,gave,gave,[ɡeɪv],[ɡeɪv],v. 给予(give的过去式),人教版三年级起点六年级上.xlsx
renjiao_start3|g6-upper|r023|feature,renjiao_start3,6年级上,6,上,23,feature,feature,[ˈfiːtʃə(r)],[ˈfiːtʃər],"n. 特色,特征;容貌;特写或专题节目 vt. 特写;以...为特色;由...主演 vi. 起重要作用",人教版三年级起点六年级上.xlsx
renjiao_start3|g6-upper|r024|follow,renjiao_start3,6年级上,6,上,24,follow,follow,[ˈfɒləʊ],[ˈfɑːloʊ],"n. 跟随;追随 vi. 跟随;接着 vt. 跟随;遵循;追求;密切注意,注视;注意;倾听",人教版三年级起点六年级上.xlsx
renjiao_start3|g6-upper|r025|far,renjiao_start3,6年级上,6,上,25,far,far,[fɑː(r)],[fɑːr],n. 远方 adj. 远的;久远的 adv. 很;遥远地;久远地;到很远的距离;到很深的程度,人教版三年级起点六年级上.xlsx
renjiao_start3|g6-upper|r026|tell,renjiao_start3,6年级上,6,上,26,tell,tell,[tel],[tel],"vt. 告诉,说;辨别;吩咐;断定 vi. 讲述;告发,泄密;识别",人教版三年级起点六年级上.xlsx
renjiao_start3|g6-upper|r027|on foot,renjiao_start3,6年级上,6,上,27,on foot,on foot,,,na. 步行;在进行中;徒步,人教版三年级起点六年级上.xlsx
renjiao_start3|g6-upper|r028|by,renjiao_start3,6年级上,6,上,28,by,by,[baɪ],[baɪ],prep. 通过;被;依据;经由;在附近;在......之前 adv. 通过;经过;附近;[互联网] 白俄罗斯的国家代码顶级域名,人教版三年级起点六年级上.xlsx
renjiao_start3|g6-upper|r029|bus,renjiao_start3,6年级上,6,上,29,bus,bus,[bʌs],[bʌs],n. 公共汽车 乘公共汽车,人教版三年级起点六年级上.xlsx
renjiao_start3|g6-upper|r030|plane,renjiao_start3,6年级上,6,上,30,plane,plane,[pleɪn],[pleɪn],"n. 飞机;平面;程度,水平 adj. 平的;平面的 vt. 刨平;用刨子刨;掠过水面 vi. 刨;乘飞机旅行;翱翔",人教版三年级起点六年级上.xlsx
renjiao_start3|g6-upper|r031|taxi,renjiao_start3,6年级上,6,上,31,taxi,taxi,[ˈtæksi],[ˈtæksi],n. 出租汽车 vt. 使滑行;用出租车送 vi. 乘出租车;滑行,人教版三年级起点六年级上.xlsx
renjiao_start3|g6-upper|r032|ship,renjiao_start3,6年级上,6,上,32,ship,ship,[ʃɪp],[ʃɪp],"n. 船;舰;太空船 vt. 运送,乘船;以船运送 vi. 上船;乘船旅行;当船员",人教版三年级起点六年级上.xlsx
renjiao_start3|g6-upper|r033|subway,renjiao_start3,6年级上,6,上,33,subway,subway,[ˈsʌbweɪ],[ˈsʌbweɪ],n. 地铁;地道 vi. 乘地铁,人教版三年级起点六年级上.xlsx
renjiao_start3|g6-upper|r034|train,renjiao_start3,6年级上,6,上,34,train,train,[treɪn],[treɪn],n. 火车;行列;长队;裙裾 v. 培养;训练;瞄准,人教版三年级起点六年级上.xlsx
renjiao_start3|g6-upper|r035|slow,renjiao_start3,6年级上,6,上,35,slow,slow,[sləʊ],[sloʊ],adj. 慢的;减速的;迟钝的 vt. 放慢;阻碍 vi. 变慢;变萧条 adv. 慢慢地;迟缓地,人教版三年级起点六年级上.xlsx
renjiao_start3|g6-upper|r036|down,renjiao_start3,6年级上,6,上,36,down,down,[daʊn],[daʊn],"prep. 沿着,往下 n. 软毛,绒毛;[地质] 开阔的高地 adj. 向下的 vt. 打倒,击败 adv. 向下,下去;在下面 vi. 下降;下去",人教版三年级起点六年级上.xlsx
renjiao_start3|g6-upper|r037|slow down,renjiao_start3,6年级上,6,上,37,slow down,slow down,,,na. 闲下来;减缓;放慢速度;减速,人教版三年级起点六年级上.xlsx
renjiao_start3|g6-upper|r038|stop,renjiao_start3,6年级上,6,上,38,stop,stop,[stɒp],[stɑːp],n. 停止;车站;障碍;逗留 vi. 停止;中止;逗留;被塞住 vt. 停止;堵塞;断绝,人教版三年级起点六年级上.xlsx
renjiao_start3|g6-upper|r039|mrs,renjiao_start3,6年级上,6,上,39,Mrs,mrs,[ˈmɪsɪz],[ˈmɪsɪz],n. 太太;夫人(用于已婚妇女姓名前的尊称),人教版三年级起点六年级上.xlsx
renjiao_start3|g6-upper|r040|early,renjiao_start3,6年级上,6,上,40,early,early,[ˈɜːli],[ˈɜːrli],adj. 早期的;早熟的 adv. 提早;在初期,人教版三年级起点六年级上.xlsx
renjiao_start3|g6-upper|r041|helmet,renjiao_start3,6年级上,6,上,41,helmet,helmet,[ˈhelmɪt],[ˈhelmɪt],"n. 钢盔,头盔",人教版三年级起点六年级上.xlsx
renjiao_start3|g6-upper|r042|must,renjiao_start3,6年级上,6,上,42,must,must,[məst],[məst; mʌst],"aux. 必须,一定;可以,应当;很可能 n. 绝对必要的事物;未发酵葡萄汁",人教版三年级起点六年级上.xlsx
renjiao_start3|g6-upper|r043|wear,renjiao_start3,6年级上,6,上,43,wear,wear,[weə(r)],[wer],n. 衣物;磨损;耐久性 v. 穿着;用旧;耗损;面露,人教版三年级起点六年级上.xlsx
renjiao_start3|g6-upper|r044|attention,renjiao_start3,6年级上,6,上,44,attention,attention,[əˈtenʃ(ə)n],[əˈtenʃn],n. 注意力;关心;立正!(口令),人教版三年级起点六年级上.xlsx
renjiao_start3|g6-upper|r045|pay attention to,renjiao_start3,6年级上,6,上,45,pay attention to,pay attention to,,,na. 注意,人教版三年级起点六年级上.xlsx
renjiao_start3|g6-upper|r046|traffic,renjiao_start3,6年级上,6,上,46,traffic,traffic,[ˈtræfɪk],[ˈtræfɪk],"n. 交通;运输;贸易;[通信] 通信量 vt. 用...作交换;在...通行 vi. 交易,买卖",人教版三年级起点六年级上.xlsx
renjiao_start3|g6-upper|r047|traffic lights,renjiao_start3,6年级上,6,上,47,traffic lights,traffic lights,,,n. 交通信号灯;红绿灯,人教版三年级起点六年级上.xlsx
renjiao_start3|g6-upper|r048|munich,renjiao_start3,6年级上,6,上,48,Munich,munich,[ˈmjuːnɪk],[ˈmjuːnɪk],n. 慕尼黑(联邦德国城市),人教版三年级起点六年级上.xlsx
renjiao_start3|g6-upper|r049|germany,renjiao_start3,6年级上,6,上,49,Germany,germany,[ˈdʒɜːməni],[ˈdʒɜːrməni],n. 德国,人教版三年级起点六年级上.xlsx
renjiao_start3|g6-upper|r050|alaska,renjiao_start3,6年级上,6,上,50,Alaska,alaska,[əˈlæskə],[əˈlæskə],n. 阿拉斯加州,人教版三年级起点六年级上.xlsx
renjiao_start3|g6-upper|r051|sled,renjiao_start3,6年级上,6,上,51,sled,sled,[sled],[sled],n. 雪橇 vt. 用摘棉机摘;用雪橇运 vi. 乘雪橇;用雪橇运,人教版三年级起点六年级上.xlsx
renjiao_start3|g6-upper|r052|fast,renjiao_start3,6年级上,6,上,52,fast,fast,[fɑːst],[fæst],"n. 斋戒;绝食 adj. 快速的,迅速的;紧的,稳固的 adv. 迅速地;紧紧地;彻底地 vi. 禁食,斋戒",人教版三年级起点六年级上.xlsx
renjiao_start3|g6-upper|r053|ferry,renjiao_start3,6年级上,6,上,53,ferry,ferry,[ˈferi],[ˈferi],n. 渡船;摆渡;渡口 vt. (乘渡船)渡过;用渡船运送;空运 vi. 摆渡;来往行驶,人教版三年级起点六年级上.xlsx
renjiao_start3|g6-upper|r054|papa westray,renjiao_start3,6年级上,6,上,54,Papa Westray,papa westray,,,帕帕威斯垂岛,人教版三年级起点六年级上.xlsx
renjiao_start3|g6-upper|r055|scotland,renjiao_start3,6年级上,6,上,55,Scotland,scotland,[ˈskɒtlənd],[ˈskɑːtlənd],n. 苏格兰,人教版三年级起点六年级上.xlsx
renjiao_start3|g6-upper|r056|visit,renjiao_start3,6年级上,6,上,56,visit,visit,[ˈvɪzɪt],[ˈvɪzɪt],n. 访问;参观;逗留 vt. 访问;参观;视察 vi. 访问;暂住;闲谈,人教版三年级起点六年级上.xlsx
renjiao_start3|g6-upper|r057|film,renjiao_start3,6年级上,6,上,57,film,film,[fɪlm],[fɪlm],n. 电影;薄膜;胶卷;轻烟 vt. 在...上覆以薄膜;,人教版三年级起点六年级上.xlsx
renjiao_start3|g6-upper|r058|see a film,renjiao_start3,6年级上,6,上,58,see a film,see a film,,,看电影;去看电影;去电影院看电影,人教版三年级起点六年级上.xlsx
renjiao_start3|g6-upper|r059|trip,renjiao_start3,6年级上,6,上,59,trip,trip,[trɪp],[trɪp],n. 旅行;绊倒;差错 vt. 绊倒;使犯错 vi. 绊倒;远足;犯错误;轻快地走,人教版三年级起点六年级上.xlsx
renjiao_start3|g6-upper|r060|take a trip,renjiao_start3,6年级上,6,上,60,take a trip,take a trip,,,na. 旅行,人教版三年级起点六年级上.xlsx
renjiao_start3|g6-upper|r061|supermarket,renjiao_start3,6年级上,6,上,61,supermarket,supermarket,[ˈsuːpəmɑːkɪt],[ˈsuːpərmɑːrkɪt],n. 超级市场;自助售货商店,人教版三年级起点六年级上.xlsx
renjiao_start3|g6-upper|r062|evening,renjiao_start3,6年级上,6,上,62,evening,evening,[ˈiːvnɪŋ],[ˈiːvnɪŋ],n. 晚上;傍晚;(联欢性的)晚会;后期 adj. 在晚上的;为晚上的;晚上用的 int. 晚上好(等于good evening),人教版三年级起点六年级上.xlsx
renjiao_start3|g6-upper|r063|tonight,renjiao_start3,6年级上,6,上,63,tonight,tonight,[təˈnaɪt],[təˈnaɪt],n. 今晚 adv. 在今晚,人教版三年级起点六年级上.xlsx
renjiao_start3|g6-upper|r064|tomorrow,renjiao_start3,6年级上,6,上,64,tomorrow,tomorrow,[təˈmɒrəʊ],[təˈmɑːroʊ],n. 明天;未来 adv. 明天;未来地(等于to-morrow),人教版三年级起点六年级上.xlsx
renjiao_start3|g6-upper|r065|next week,renjiao_start3,6年级上,6,上,65,next week,next week,[nekst wi:k],[nekst wiːk],na. 下星期,人教版三年级起点六年级上.xlsx
renjiao_start3|g6-upper|r066|dictionary,renjiao_start3,6年级上,6,上,66,dictionary,dictionary,[ˈdɪkʃən(ə)ri],[ˈdɪkʃəneri],n. 字典;词典,人教版三年级起点六年级上.xlsx
renjiao_start3|g6-upper|r067|comic,renjiao_start3,6年级上,6,上,67,comic,comic,[ˈkɒmɪk],[ˈkɑːmɪk],n. 连环漫画;喜剧演员;滑稽人物 adj. 喜剧的;滑稽的;有趣的,人教版三年级起点六年级上.xlsx
renjiao_start3|g6-upper|r068|comic book,renjiao_start3,6年级上,6,上,68,comic book,comic book,,,n. 漫画书,人教版三年级起点六年级上.xlsx
renjiao_start3|g6-upper|r069|word,renjiao_start3,6年级上,6,上,69,word,word,[wɜːd],[wɜːrd],n. [语] 单词;话语;消息;诺言;命令 vt. 用言辞表达,人教版三年级起点六年级上.xlsx
renjiao_start3|g6-upper|r070|word book,renjiao_start3,6年级上,6,上,70,word book,word book,[ˈwɜːdˌbʊk],[ˈwɜːrkˈbʊk],n. 词典;字汇表;歌词集,人教版三年级起点六年级上.xlsx
renjiao_start3|g6-upper|r071|postcard,renjiao_start3,6年级上,6,上,71,postcard,postcard,[ˈpəʊstkɑːd],[ˈpoʊstkɑːrd],n. 明信片,人教版三年级起点六年级上.xlsx
renjiao_start3|g6-upper|r072|lesson,renjiao_start3,6年级上,6,上,72,lesson,lesson,[ˈlesn],[ˈlesn],n. 教训;课 vt. 教训;上课,人教版三年级起点六年级上.xlsx
renjiao_start3|g6-upper|r073|space,renjiao_start3,6年级上,6,上,73,space,space,[speɪs],[speɪs],n. 空间;太空;距离 vt. 隔开 vi. 留间隔,人教版三年级起点六年级上.xlsx
renjiao_start3|g6-upper|r074|travel,renjiao_start3,6年级上,6,上,74,travel,travel,[ˈtræv(ə)l],[ˈtrævl],n. 旅行;游历;漫游 vt. 经过;在...旅行 vi. 旅行;行进;步行;交往,人教版三年级起点六年级上.xlsx
renjiao_start3|g6-upper|r075|half,renjiao_start3,6年级上,6,上,75,half,half,[hɑːf],[hæf],n. 一半;半场;半学年 adj. 一半的;不完全的;半途的 adv. 一半地;部分,人教版三年级起点六年级上.xlsx
renjiao_start3|g6-upper|r076|price,renjiao_start3,6年级上,6,上,76,price,price,[praɪs],[praɪs],n. 价格;价值;代价 vt. 给......定价;问......的价格,人教版三年级起点六年级上.xlsx
renjiao_start3|g6-upper|r077|mid-autumn festival,renjiao_start3,6年级上,6,上,77,Mid-Autumn Festival,mid-autumn festival,,,《英汉医学词典》mid autumn festival 中秋节,人教版三年级起点六年级上.xlsx
renjiao_start3|g6-upper|r078|together,renjiao_start3,6年级上,6,上,78,together,together,[təˈɡeðə(r)],[təˈɡeðər],"adj. 新潮的;情绪稳定的,做事有效率的 adv. 一起;同时;相互;连续地;总共",人教版三年级起点六年级上.xlsx
renjiao_start3|g6-upper|r079|get together,renjiao_start3,6年级上,6,上,79,get together,get together,,,na. 聚集;集合;汇齐;积累,人教版三年级起点六年级上.xlsx
renjiao_start3|g6-upper|r080|mooncake,renjiao_start3,6年级上,6,上,80,mooncake,mooncake,['mu:nkeɪk],[ˈmuːnkeɪk],n. 月饼,人教版三年级起点六年级上.xlsx
renjiao_start3|g6-upper|r081|poem,renjiao_start3,6年级上,6,上,81,poem,poem,[ˈpəʊɪm],[ˈpoʊəm],n. 诗,人教版三年级起点六年级上.xlsx
renjiao_start3|g6-upper|r082|moon,renjiao_start3,6年级上,6,上,82,moon,moon,[muːn],[muːn],n. 月亮;月球;月光;卫星 vi. 闲荡;出神 vt. 虚度,人教版三年级起点六年级上.xlsx
renjiao_start3|g6-upper|r083|studies,renjiao_start3,6年级上,6,上,83,studies,studies,[ˈstʌdiz],[ˈstʌdiz],n. 研究;学习;学业(study的复数) v. 学习(study的第三人称单数形式),人教版三年级起点六年级上.xlsx
renjiao_start3|g6-upper|r084|puzzle,renjiao_start3,6年级上,6,上,84,puzzle,puzzle,[ˈpʌzl],[ˈpʌzl],n. 谜;难题;迷惑 vt. 使...困惑;使...为难;苦思而得出 vi. 迷惑;冥思苦想,人教版三年级起点六年级上.xlsx
renjiao_start3|g6-upper|r085|hiking,renjiao_start3,6年级上,6,上,85,hiking,hiking,[ˈhaɪkɪŋ],[ˈhaɪkɪŋ],n. 徒步旅行,人教版三年级起点六年级上.xlsx
renjiao_start3|g6-upper|r086|pen pal,renjiao_start3,6年级上,6,上,86,pen pal,pen pal,[ˈpen pæl],[ˈpen pæl],abbr. (=pen-friend) n. 笔友,人教版三年级起点六年级上.xlsx
renjiao_start3|g6-upper|r087|hobby,renjiao_start3,6年级上,6,上,87,hobby,hobby,[ˈhɒbi],[ˈhɑːbi],n. 嗜好;业余爱好,人教版三年级起点六年级上.xlsx
renjiao_start3|g6-upper|r088|jasmine,renjiao_start3,6年级上,6,上,88,jasmine,jasmine,[ˈdʒæzmɪn],[ˈdʒæzmɪn],n. 茉莉;淡黄色,人教版三年级起点六年级上.xlsx
renjiao_start3|g6-upper|r089|idea,renjiao_start3,6年级上,6,上,89,idea,idea,[aɪˈdɪə],[aɪˈdiːə],n. 想法;主意;概念,人教版三年级起点六年级上.xlsx
renjiao_start3|g6-upper|r090|canberra,renjiao_start3,6年级上,6,上,90,Canberra,canberra,[ˈkænbərə],[ˈkænbərəˌˈkænberə],n. 堪培拉(澳大利亚的首都),人教版三年级起点六年级上.xlsx
renjiao_start3|g6-upper|r091|amazing,renjiao_start3,6年级上,6,上,91,amazing,amazing,[əˈmeɪzɪŋ],[əˈmeɪzɪŋ],adj. 令人惊异的 v. 使吃惊(amaze的ing形式),人教版三年级起点六年级上.xlsx
renjiao_start3|g6-upper|r092|shall,renjiao_start3,6年级上,6,上,92,shall,shall,[ʃəl; ʃæl],[ʃəl; ʃæl],aux. 应;会;将;必须,人教版三年级起点六年级上.xlsx
renjiao_start3|g6-upper|r093|goal,renjiao_start3,6年级上,6,上,93,goal,goal,[ɡəʊl],[ɡoʊl],"n. 目标;球门,得分数;终点 vi. 攻门,射门得分",人教版三年级起点六年级上.xlsx
renjiao_start3|g6-upper|r094|join,renjiao_start3,6年级上,6,上,94,join,join,[dʒɔɪn],[dʒɔɪn],vt. 参加;结合;连接 vi. 加入;参加;结合 n. 结合;连接;接合点,人教版三年级起点六年级上.xlsx
renjiao_start3|g6-upper|r095|club,renjiao_start3,6年级上,6,上,95,club,club,[klʌb],[klʌb],"n. 俱乐部,社团;夜总会;棍棒;(扑克牌中的)梅花 adj. 俱乐部的 vt. 用棍棒打;募集 vi. 集资;组成俱乐部",人教版三年级起点六年级上.xlsx
renjiao_start3|g6-upper|r096|share,renjiao_start3,6年级上,6,上,96,share,share,[ʃeə(r)],[ʃer],"n. 份额;股份 vt. 分享,分担;分配 vi. 共享;分担",人教版三年级起点六年级上.xlsx
renjiao_start3|g6-upper|r097|factory,renjiao_start3,6年级上,6,上,97,factory,factory,[ˈfæktri; ˈfæktəri],[ˈfæktri; ˈfæktəri],n. 工厂;制造厂;代理店,人教版三年级起点六年级上.xlsx
renjiao_start3|g6-upper|r098|worker,renjiao_start3,6年级上,6,上,98,worker,worker,[ˈwɜːkə(r)],[ˈwɜːrkər],n. 工人;劳动者;职蚁,人教版三年级起点六年级上.xlsx
renjiao_start3|g6-upper|r099|postman,renjiao_start3,6年级上,6,上,99,postman,postman,[ˈpəʊstmən],[ˈpoʊstmən],n. 邮递员;邮差,人教版三年级起点六年级上.xlsx
renjiao_start3|g6-upper|r100|businessman,renjiao_start3,6年级上,6,上,100,businessman,businessman,[ˈbɪznəsmæn; ˈbɪznəsmən],[ˈbɪznəsmæn],n. 商人,人教版三年级起点六年级上.xlsx
renjiao_start3|g6-upper|r101|police officer,renjiao_start3,6年级上,6,上,101,police officer,police officer,[pəˈliːs ɒfɪsə(r)],[pəˈlis ˈɔfɪsɚ],n. 警官;警察;警务人员,人教版三年级起点六年级上.xlsx
renjiao_start3|g6-upper|r102|fisherman,renjiao_start3,6年级上,6,上,102,fisherman,fisherman,[ˈfɪʃəmən],[ˈfɪʃərmən],n. 渔夫;渔人,人教版三年级起点六年级上.xlsx
renjiao_start3|g6-upper|r103|scientist,renjiao_start3,6年级上,6,上,103,scientist,scientist,[ˈsaɪəntɪst],[ˈsaɪəntɪst],n. 科学家,人教版三年级起点六年级上.xlsx
renjiao_start3|g6-upper|r104|pilot,renjiao_start3,6年级上,6,上,104,pilot,pilot,[ˈpaɪlət],[ˈpaɪlət],n. 飞行员;领航员 adj. 试点的 v. 驾驶;领航;试用,人教版三年级起点六年级上.xlsx
renjiao_start3|g6-upper|r105|coach,renjiao_start3,6年级上,6,上,105,coach,coach,[kəʊtʃ],[koʊtʃ],n. 教练;旅客车厢;长途公车;四轮大马车 vt. 训练;指导 vi. 作指导;接受辅导;坐马车旅行 n. 蔻驰(皮革品牌),人教版三年级起点六年级上.xlsx
renjiao_start3|g6-upper|r106|country,renjiao_start3,6年级上,6,上,106,country,country,[ˈkʌntri],[ˈkʌntri],"n. 国家,国土;国民;乡下,农村;乡村;故乡 adj. 祖国的,故乡的;地方的,乡村的;国家的;粗鲁的;乡村音乐的",人教版三年级起点六年级上.xlsx
renjiao_start3|g6-upper|r107|head teacher,renjiao_start3,6年级上,6,上,107,head teacher,head teacher,,,n. 校长,人教版三年级起点六年级上.xlsx
renjiao_start3|g6-upper|r108|sea,renjiao_start3,6年级上,6,上,108,sea,sea,[siː],[siː],n. 海;海洋;许多;大量,人教版三年级起点六年级上.xlsx
renjiao_start3|g6-upper|r109|stay,renjiao_start3,6年级上,6,上,109,stay,stay,[steɪ],[steɪ],n. 逗留;停止;支柱 vi. 停留;坚持;暂住;停下 vt. 坚持;暂住;抑制,人教版三年级起点六年级上.xlsx
renjiao_start3|g6-upper|r110|university,renjiao_start3,6年级上,6,上,110,university,university,[ˌjuːnɪˈvɜːsəti],[ˌjuːnɪˈvɜːrsəti],n. 大学;综合性大学;大学校舍,人教版三年级起点六年级上.xlsx
renjiao_start3|g6-upper|r111|gym,renjiao_start3,6年级上,6,上,111,gym,gym,[dʒɪm],[dʒɪm],n. 健身房;体育;体育馆,人教版三年级起点六年级上.xlsx
renjiao_start3|g6-upper|r112|if,renjiao_start3,6年级上,6,上,112,if,if,[ɪf],[ɪf],conj. (表条件)如果;即使;是否;(表假设)假如 n. 条件;设想,人教版三年级起点六年级上.xlsx
renjiao_start3|g6-upper|r113|reporter,renjiao_start3,6年级上,6,上,113,reporter,reporter,[rɪˈpɔːtə(r)],[rɪˈpɔːrtər],n. 记者,人教版三年级起点六年级上.xlsx
renjiao_start3|g6-upper|r114|use,renjiao_start3,6年级上,6,上,114,use,use,[juːz],[juːz],"n. 使用;用途;发挥 vt. 利用;耗费 vi. 使用,运用",人教版三年级起点六年级上.xlsx
renjiao_start3|g6-upper|r115|type,renjiao_start3,6年级上,6,上,115,type,type,[taɪp],[taɪp],"n. 类型,品种;模范;样式 vt. 打字;测定(血等)类型 vi. 打字",人教版三年级起点六年级上.xlsx
renjiao_start3|g6-upper|r116|quickly,renjiao_start3,6年级上,6,上,116,quickly,quickly,[ˈkwɪkli],[ˈkwɪkli],adv. 迅速地;很快地,人教版三年级起点六年级上.xlsx
renjiao_start3|g6-upper|r117|secretary,renjiao_start3,6年级上,6,上,117,secretary,secretary,[ˈsekrət(ə)ri],[ˈsekrəteri],n. 秘书;书记;部长;大臣,人教版三年级起点六年级上.xlsx
renjiao_start3|g6-upper|r118|angry,renjiao_start3,6年级上,6,上,118,angry,angry,[ˈæŋɡri],[ˈæŋɡri],adj. 生气的;愤怒的;狂暴的;(伤口等)发炎的,人教版三年级起点六年级上.xlsx
renjiao_start3|g6-upper|r119|afraid,renjiao_start3,6年级上,6,上,119,afraid,afraid,[əˈfreɪd],[əˈfreɪd],adj. 害怕的;恐怕;担心的,人教版三年级起点六年级上.xlsx
renjiao_start3|g6-upper|r120|sad,renjiao_start3,6年级上,6,上,120,sad,sad,[sæd],[sæd],"adj. 难过的;悲哀的,令人悲痛的;凄惨的,阴郁的(形容颜色)",人教版三年级起点六年级上.xlsx
renjiao_start3|g6-upper|r121|worried,renjiao_start3,6年级上,6,上,121,worried,worried,[ˈwʌrid],[ˈwɜːrid],adj. 担心的,人教版三年级起点六年级上.xlsx
renjiao_start3|g6-upper|r122|happy,renjiao_start3,6年级上,6,上,122,happy,happy,[ˈhæpi],[ˈhæpi],adj. 幸福的;高兴的;巧妙的,人教版三年级起点六年级上.xlsx
renjiao_start3|g6-upper|r123|see a doctor,renjiao_start3,6年级上,6,上,123,see a doctor,see a doctor,,,na. 去就医;去看医生,人教版三年级起点六年级上.xlsx
renjiao_start3|g6-upper|r124|wear,renjiao_start3,6年级上,6,上,124,wear,wear,[weə(r)],[wer],n. 衣物;磨损;耐久性 v. 穿着;用旧;耗损;面露,人教版三年级起点六年级上.xlsx
renjiao_start3|g6-upper|r125|more,renjiao_start3,6年级上,6,上,125,more,more,[mɔː(r)],[mɔːr],adv. 更多;此外;更大程度地 adj. 更多的;附加的 pron. 更多的数量 n. 更多,人教版三年级起点六年级上.xlsx
renjiao_start3|g6-upper|r126|deep,renjiao_start3,6年级上,6,上,126,deep,deep,[diːp],[diːp],n. 深处;深渊 adj. 深的;低沉的;深奥的 adv. 深入地;深深地;迟,人教版三年级起点六年级上.xlsx
renjiao_start3|g6-upper|r127|breath,renjiao_start3,6年级上,6,上,127,breath,breath,[breθ],[breθ],"n. 呼吸,气息;一口气,(呼吸的)一次;瞬间,瞬息;微风;迹象;无声音,气音",人教版三年级起点六年级上.xlsx
renjiao_start3|g6-upper|r128|take a deep breath,renjiao_start3,6年级上,6,上,128,take a deep breath,take a deep breath,,,na. 行深呼吸,人教版三年级起点六年级上.xlsx
renjiao_start3|g6-upper|r129|count,renjiao_start3,6年级上,6,上,129,count,count,[kaʊnt],[kaʊnt],n. 计数;计算;伯爵 vt. 计算;认为 vi. 计数;有价值,人教版三年级起点六年级上.xlsx
renjiao_start3|g6-upper|r130|count to ten,renjiao_start3,6年级上,6,上,130,count to ten,count to ten,[kaʊnt tu ten],[kaʊnt tu ten],数到十;十;沉静下来,人教版三年级起点六年级上.xlsx
renjiao_start3|g6-upper|r131|chase,renjiao_start3,6年级上,6,上,131,chase,chase,[tʃeɪs],[tʃeɪs],n. 追逐;追赶;追击 vt. 追逐;追捕;试图赢得;雕镂 vi. 追逐;追赶;奔跑,人教版三年级起点六年级上.xlsx
renjiao_start3|g6-upper|r132|mice,renjiao_start3,6年级上,6,上,132,mice,mice,[maɪs],[maɪs],n. 老鼠(mouse的复数),人教版三年级起点六年级上.xlsx
renjiao_start3|g6-upper|r133|bad,renjiao_start3,6年级上,6,上,133,bad,bad,[bæd],[bæd],"n. 坏事;坏人 adj. 坏的;严重的;劣质的 adv. 很,非常;坏地;邪恶地",人教版三年级起点六年级上.xlsx
renjiao_start3|g6-upper|r134|hurt,renjiao_start3,6年级上,6,上,134,hurt,hurt,[hɜːt],[hɜːrt],n. 痛苦;危害;痛苦的原因 vt. 使受伤;损害;使疼痛;使痛心 adj. 受伤的;痛苦的;受损的 vi. 感到疼痛;有坏处;带来痛苦,人教版三年级起点六年级上.xlsx
renjiao_start3|g6-upper|r135|ill,renjiao_start3,6年级上,6,上,135,ill,ill,[ɪl],[ɪl],n. 疾病;不幸 adj. 生病的;坏的;邪恶的;不吉利的 adv. 不利地;恶劣地;几乎不,人教版三年级起点六年级上.xlsx
renjiao_start3|g6-upper|r136|wrong,renjiao_start3,6年级上,6,上,136,wrong,wrong,[rɒŋ],[rɔːŋ],"n. 坏事;不公正 adj. 错误的;失常的;不适当的 vt. 委屈;无理地对待;诽谤 adv. 错误地;邪恶地,不正当地",人教版三年级起点六年级上.xlsx
renjiao_start3|g6-upper|r137|should,renjiao_start3,6年级上,6,上,137,should,should,[ʃəd; ʃʊd],[ʃəd; ʃʊd],aux. 应该;就;可能;将要,人教版三年级起点六年级上.xlsx
renjiao_start3|g6-upper|r138|feel,renjiao_start3,6年级上,6,上,138,feel,feel,[fiːl],[fiːl],n. 感觉;触摸 vi. 觉得;摸索 vt. 感觉;认为;触摸;试探,人教版三年级起点六年级上.xlsx
renjiao_start3|g6-upper|r139|well,renjiao_start3,6年级上,6,上,139,well,well,[wel],[wel],n. 井;源泉 adj. 良好的;健康的;适宜的 adv. 很好地;充分地;满意地;适当地 v. 涌出,人教版三年级起点六年级上.xlsx
renjiao_start3|g6-upper|r140|sit,renjiao_start3,6年级上,6,上,140,sit,sit,[sɪt],[sɪt],vi. 坐;位于 vt. 使就座,人教版三年级起点六年级上.xlsx
renjiao_start3|g6-upper|r141|grass,renjiao_start3,6年级上,6,上,141,grass,grass,[ɡrɑːs],[ɡræs],"n. 草;草地,草坪 vt. 放牧;使......长满草;使......吃草 vi. 长草",人教版三年级起点六年级上.xlsx
renjiao_start3|g6-upper|r142|hear,renjiao_start3,6年级上,6,上,142,hear,hear,[hɪə(r)],[hɪr],"vi. 听;听见 vt. 听到,听;听说;审理",人教版三年级起点六年级上.xlsx
renjiao_start3|g6-upper|r143|ant,renjiao_start3,6年级上,6,上,143,ant,ant,[ænt],[ænt],n. 蚂蚁,人教版三年级起点六年级上.xlsx
renjiao_start3|g6-upper|r144|worry,renjiao_start3,6年级上,6,上,144,worry,worry,[ˈwʌri],[ˈwɜːri],n. 担心;烦恼;撕咬 vi. 担心;烦恼;撕咬 vt. 担心;发愁;折磨,人教版三年级起点六年级上.xlsx
renjiao_start3|g6-upper|r145|stuck,renjiao_start3,6年级上,6,上,145,stuck,stuck,[stʌk],[stʌk],v. 刺(stick的过去式) adj. 被卡住的;不能动的,人教版三年级起点六年级上.xlsx
renjiao_start3|g6-upper|r146|mud,renjiao_start3,6年级上,6,上,146,mud,mud,[mʌd],[mʌd],vt. 弄脏;用泥涂 vi. 钻入泥中 n. 泥;诽谤的话;无价值的东西,人教版三年级起点六年级上.xlsx
renjiao_start3|g6-upper|r147|pull,renjiao_start3,6年级上,6,上,147,pull,pull,[pʊl],[pʊl],"n. 拉,拉绳;拉力,牵引力;拖 vt. 拉;拔;拖 vi. 拉,拖;拔",人教版三年级起点六年级上.xlsx
renjiao_start3|g6-upper|r148|everyone,renjiao_start3,6年级上,6,上,148,everyone,everyone,[ˈevriwʌn],[ˈevriwʌn],n. 每个人 pron. 每个人;人人,人教版三年级起点六年级上.xlsx
renjiao_start3|g6-lower|r002|younger,renjiao_start3,6年级下,6,下,2,younger,younger,['jʌŋɡə],[ˈjʌŋɡər],n. 年纪较小者;幼辈 adj. 较年轻的,人教版三年级起点六年级下.xlsx
renjiao_start3|g6-lower|r003|older,renjiao_start3,6年级下,6,下,3,older,older,['əʊldə],[ˈoʊldər],adj. 年长的;较旧的,人教版三年级起点六年级下.xlsx
renjiao_start3|g6-lower|r004|taller,renjiao_start3,6年级下,6,下,4,taller,taller,['tɔ:lə(r)],[ˈtɔːlər],adj. 更高的;高一点的,人教版三年级起点六年级下.xlsx
renjiao_start3|g6-lower|r005|shorter,renjiao_start3,6年级下,6,下,5,shorter,shorter,[ʃɔːtə],[ˈʃɔːrtər],adj. 较短的;更短的;更矮的(short的比较级),人教版三年级起点六年级下.xlsx
renjiao_start3|g6-lower|r006|longer,renjiao_start3,6年级下,6,下,6,longer,longer,[lɒŋɡə(r)],[lɔːŋɡər],长的(long的比较级),人教版三年级起点六年级下.xlsx
renjiao_start3|g6-lower|r007|thinner,renjiao_start3,6年级下,6,下,7,thinner,thinner,[ˈθɪnə(r)],[ˈθɪnər],"adj. 较薄的;较瘦的;较细的(thin的比较级) n. (油漆的)稀释剂;冲淡剂;使变稀薄者,加稀料的制漆工",人教版三年级起点六年级下.xlsx
renjiao_start3|g6-lower|r008|heavier,renjiao_start3,6年级下,6,下,8,heavier,heavier,['hevɪə],[ˈhevɪərðənˈer],adj. 沉重的;巨大的,人教版三年级起点六年级下.xlsx
renjiao_start3|g6-lower|r009|bigger,renjiao_start3,6年级下,6,下,9,bigger,bigger,[bɪgə(r)],[bɪgə(r)],adj. 更大的(big的比较级),人教版三年级起点六年级下.xlsx
renjiao_start3|g6-lower|r010|smaller,renjiao_start3,6年级下,6,下,10,smaller,smaller,[smɔ:lə(r)],[ˈsmɔːlər],"adj. 较小,更小的",人教版三年级起点六年级下.xlsx
renjiao_start3|g6-lower|r011|stronger,renjiao_start3,6年级下,6,下,11,stronger,stronger,[strɒŋgə(r)],[strɔːŋər],adj. 更强壮的,人教版三年级起点六年级下.xlsx
renjiao_start3|g6-lower|r012|dinosaur,renjiao_start3,6年级下,6,下,12,dinosaur,dinosaur,[ˈdaɪnəsɔː(r)],[ˈdaɪnəsɔːr],n. 恐龙;过时、落伍的人或事物,人教版三年级起点六年级下.xlsx
renjiao_start3|g6-lower|r013|hall,renjiao_start3,6年级下,6,下,13,hall,hall,[hɔːl],[hɔːl],"n. 过道,门厅,走廊;会堂;食堂;学生宿舍;大厅,前厅;娱乐中心,会所",人教版三年级起点六年级下.xlsx
renjiao_start3|g6-lower|r014|metre,renjiao_start3,6年级下,6,下,14,metre,metre,[ˈmiːtə(r)],[ˈmiːtər],n. 米;公尺;韵律,人教版三年级起点六年级下.xlsx
renjiao_start3|g6-lower|r015|meter,renjiao_start3,6年级下,6,下,15,meter,meter,[ˈmiːtə(r)],[ˈmiːtər],n. 米;仪表;[计量] 公尺;韵律 vt. 用仪表测量 vi. 用表计量,人教版三年级起点六年级下.xlsx
renjiao_start3|g6-lower|r016|than,renjiao_start3,6年级下,6,下,16,than,than,[ðən; ðæn],[ðən; ðæn],conj. 比(用于形容词、副词的比较级之后);除...外(用于other等之后);与其...(用于 rather等之后);一...就(用于 no sooner等之后) prep. 比;超过,人教版三年级起点六年级下.xlsx
renjiao_start3|g6-lower|r017|both,renjiao_start3,6年级下,6,下,17,both,both,[bəʊθ],[boʊθ],conj. 既...且... adj. 两个的;两者的 pron. 双方都;两者都 adv. 并;又;两者皆,人教版三年级起点六年级下.xlsx
renjiao_start3|g6-lower|r018|kilogram,renjiao_start3,6年级下,6,下,18,kilogram,kilogram,[ˈkɪləɡræm],[ˈkɪləɡræm],n. 公斤;千克,人教版三年级起点六年级下.xlsx
renjiao_start3|g6-lower|r019|countryside,renjiao_start3,6年级下,6,下,19,countryside,countryside,[ˈkʌntrisaɪd],[ˈkʌntrisaɪd],"n. 农村,乡下;乡下的全体居民",人教版三年级起点六年级下.xlsx
renjiao_start3|g6-lower|r020|lower,renjiao_start3,6年级下,6,下,20,lower,lower,[ˈləʊə(r)],[ˈloʊər],"vt. 减弱,减少;放下,降下;贬低 vi. 降低;减弱;跌落 adj. 下游的;下级的;下等的",人教版三年级起点六年级下.xlsx
renjiao_start3|g6-lower|r021|shadow,renjiao_start3,6年级下,6,下,21,shadow,shadow,[ˈʃædəʊ],[ˈʃædoʊ],n. 阴影;影子;幽灵;庇护;隐蔽处 adj. 影子内阁的 vt. 遮蔽;使朦胧;尾随;预示 vi. 渐变;变阴暗,人教版三年级起点六年级下.xlsx
renjiao_start3|g6-lower|r022|smarter,renjiao_start3,6年级下,6,下,22,smarter,smarter,['smɑ:tə],[smɑːrtər],adj. 聪明的;精明的(smart的比较级),人教版三年级起点六年级下.xlsx
renjiao_start3|g6-lower|r023|become,renjiao_start3,6年级下,6,下,23,become,become,[bɪˈkʌm],[bɪˈkʌm],vt. 适合;相称 vi. 成为;变得;变成,人教版三年级起点六年级下.xlsx
renjiao_start3|g6-lower|r024|cleaned,renjiao_start3,6年级下,6,下,24,cleaned,cleaned,[kliːnd],[kliːnd],v. 打扫(clean的过去式);把...弄干净 adj. 净化的,人教版三年级起点六年级下.xlsx
renjiao_start3|g6-lower|r025|stayed,renjiao_start3,6年级下,6,下,25,stayed,stayed,[steɪd],[steɪd],"v. 停留,制止(stay的过去分词形式)",人教版三年级起点六年级下.xlsx
renjiao_start3|g6-lower|r026|washed,renjiao_start3,6年级下,6,下,26,washed,washed,[wɒʃt],[wɑːʃt],"v. 洗,洗涤(wash的过去分词) adj. 洗过的",人教版三年级起点六年级下.xlsx
renjiao_start3|g6-lower|r027|watched,renjiao_start3,6年级下,6,下,27,watched,watched,,,"vt. 观察;注视;看守;警戒 n. 手表;监视;守护;值班人 vi. 观看,注视;守侯,看守",人教版三年级起点六年级下.xlsx
renjiao_start3|g6-lower|r028|had,renjiao_start3,6年级下,6,下,28,had,had,[həd; əd; hæd],[həd; əd; hæd],v. 有;吃;得到(动词have的过去式和过去分词) aux. 已经(用于过去完成时和过去完成进行时),人教版三年级起点六年级下.xlsx
renjiao_start3|g6-lower|r029|had a cold,renjiao_start3,6年级下,6,下,29,had a cold,had a cold,,,"vbl.伤风,感冒",人教版三年级起点六年级下.xlsx
renjiao_start3|g6-lower|r030|slept,renjiao_start3,6年级下,6,下,30,slept,slept,[slept],[slept],v. 睡觉(sleep的过去式和过去分词),人教版三年级起点六年级下.xlsx
renjiao_start3|g6-lower|r031|read,renjiao_start3,6年级下,6,下,31,read,read,[riːd],[riːd],"n. 阅读;读物 adj. 有学问的 vi. 读;读起来 vt. 阅读;读懂,理解",人教版三年级起点六年级下.xlsx
renjiao_start3|g6-lower|r032|saw,renjiao_start3,6年级下,6,下,32,saw,saw,[sɔː],[sɔː],"n. 锯子;谚语 v. see的过去式 vi. 锯;用锯;将某物锯成小块 vt. 看见;明白,了解;锯;锯成;锯开",人教版三年级起点六年级下.xlsx
renjiao_start3|g6-lower|r033|last,renjiao_start3,6年级下,6,下,33,last,last,[lɑːst],[læst],"n. 末尾,最后;上个;鞋楦(做鞋的模型) adj. 最后的;最近的,最新的;仅剩的;最不可能...的 vi. 持续;维持,够用;持久 vt. 度过,拖过;使维持 adv. 最后地;上次,最近;最后一点",人教版三年级起点六年级下.xlsx
renjiao_start3|g6-lower|r034|yesterday,renjiao_start3,6年级下,6,下,34,yesterday,yesterday,[ˈjestədeɪ],[ˈjestərdeɪ; ˈjestərdi],n. 昨天;往昔 adv. 昨天,人教版三年级起点六年级下.xlsx
renjiao_start3|g6-lower|r035|before,renjiao_start3,6年级下,6,下,35,before,before,[bɪˈfɔː(r)],[bɪˈfɔːr],"prep. 在...之前,先于 conj. 在...以前;在...之前 adv. 以前;在前",人教版三年级起点六年级下.xlsx
renjiao_start3|g6-lower|r036|drank,renjiao_start3,6年级下,6,下,36,drank,drank,[dræŋk],[dræŋk],v. 喝;喝酒(drink的过去式),人教版三年级起点六年级下.xlsx
renjiao_start3|g6-lower|r037|show,renjiao_start3,6年级下,6,下,37,show,show,[ʃəʊ],[ʃoʊ],n. 显示;表演;炫耀 vt. 显示;说明;演出;展出 vi. 显示;说明;指示,人教版三年级起点六年级下.xlsx
renjiao_start3|g6-lower|r038|magazine,renjiao_start3,6年级下,6,下,38,magazine,magazine,[ˌmæɡəˈziːn],[ˈmæɡəziːn],n. 杂志;弹药库;胶卷盒,人教版三年级起点六年级下.xlsx
renjiao_start3|g6-lower|r039|better,renjiao_start3,6年级下,6,下,39,better,better,[ˈbetə(r)],[ˈbetər],n. 长辈;较好者;打赌的人(等于bettor) adj. 较好的 vt. 改善;胜过 adv. 更好的;更多的;较大程度地 vi. 变得较好,人教版三年级起点六年级下.xlsx
renjiao_start3|g6-lower|r040|faster,renjiao_start3,6年级下,6,下,40,faster,faster,[fɑ:stə(r)],['fastə],adj. 更快的 adv. 更快地,人教版三年级起点六年级下.xlsx
renjiao_start3|g6-lower|r041|hotel,renjiao_start3,6年级下,6,下,41,hotel,hotel,[həʊˈtel],[hoʊˈtel],"n. 旅馆,饭店;客栈 vt. 使...在饭店下榻 vi. 进行旅馆式办公",人教版三年级起点六年级下.xlsx
renjiao_start3|g6-lower|r042|fixed,renjiao_start3,6年级下,6,下,42,fixed,fixed,[fɪkst],[fɪkst],adj. 确定的;固执的;<美口>处境...的;准备好的 v. 修理(过去式),人教版三年级起点六年级下.xlsx
renjiao_start3|g6-lower|r043|broken,renjiao_start3,6年级下,6,下,43,broken,broken,[ˈbrəʊkən],[ˈbroʊkən],v. 折断;打碎;损坏(break的过去分词) adj. 破碎的;坏掉的,人教版三年级起点六年级下.xlsx
renjiao_start3|g6-lower|r044|lamp,renjiao_start3,6年级下,6,下,44,lamp,lamp,[læmp],[læmp],n. 灯;照射器 vt. 照亮 vi. 发亮,人教版三年级起点六年级下.xlsx
renjiao_start3|g6-lower|r045|loud,renjiao_start3,6年级下,6,下,45,loud,loud,[laʊd],[laʊd],"adj. 大声的,高声的;不断的;喧吵的 adv. 大声地,高声地,响亮地",人教版三年级起点六年级下.xlsx
renjiao_start3|g6-lower|r046|enjoy,renjiao_start3,6年级下,6,下,46,enjoy,enjoy,[ɪnˈdʒɔɪ],[ɪnˈdʒɔɪ],"vt. 欣赏,享受;喜爱;使过得快活",人教版三年级起点六年级下.xlsx
renjiao_start3|g6-lower|r047|stay,renjiao_start3,6年级下,6,下,47,stay,stay,[steɪ],[steɪ],n. 逗留;停止;支柱 vi. 停留;坚持;暂住;停下 vt. 坚持;暂住;抑制,人教版三年级起点六年级下.xlsx
renjiao_start3|g6-lower|r048|went,renjiao_start3,6年级下,6,下,48,went,went,[went],[went],"v. 去,过去(go的过去式)",人教版三年级起点六年级下.xlsx
renjiao_start3|g6-lower|r049|camp,renjiao_start3,6年级下,6,下,49,camp,camp,[kæmp],[kæmp],n. 露营 vt. 扎营;使扎营 vi. 露营;扎营,人教版三年级起点六年级下.xlsx
renjiao_start3|g6-lower|r050|went camping,renjiao_start3,6年级下,6,下,50,went camping,went camping,,,无,人教版三年级起点六年级下.xlsx
renjiao_start3|g6-lower|r051|fish,renjiao_start3,6年级下,6,下,51,fish,fish,[fɪʃ],[fɪʃ],"n. 鱼,鱼类 vt. 钓鱼,捕鱼;搜寻 vi. 捕鱼,钓鱼;用钩捞取",人教版三年级起点六年级下.xlsx
renjiao_start3|g6-lower|r052|went fishing,renjiao_start3,6年级下,6,下,52,went fishing,went fishing,,,无,人教版三年级起点六年级下.xlsx
renjiao_start3|g6-lower|r053|rode,renjiao_start3,6年级下,6,下,53,rode,rode,[rəʊd],[roʊd],v. 骑(ride的过去式),人教版三年级起点六年级下.xlsx
renjiao_start3|g6-lower|r054|hurt,renjiao_start3,6年级下,6,下,54,hurt,hurt,[hɜːt],[hɜːrt],n. 痛苦;危害;痛苦的原因 vt. 使受伤;损害;使疼痛;使痛心 adj. 受伤的;痛苦的;受损的 vi. 感到疼痛;有坏处;带来痛苦,人教版三年级起点六年级下.xlsx
renjiao_start3|g6-lower|r055|ate,renjiao_start3,6年级下,6,下,55,ate,ate,[et; eɪt],[eɪt],v. 吃(eat的过去式),人教版三年级起点六年级下.xlsx
renjiao_start3|g6-lower|r056|took,renjiao_start3,6年级下,6,下,56,took,took,[tʊk],[tʊk],v. 拿;取;接受(take的过去式),人教版三年级起点六年级下.xlsx
renjiao_start3|g6-lower|r057|took pictures,renjiao_start3,6年级下,6,下,57,took pictures,took pictures,,,"vbl.照像,摄影",人教版三年级起点六年级下.xlsx
renjiao_start3|g6-lower|r058|bought,renjiao_start3,6年级下,6,下,58,bought,bought,[bɔːt],[bɔːt],v. 买(buy的过去式和过去分词),人教版三年级起点六年级下.xlsx
renjiao_start3|g6-lower|r059|gift,renjiao_start3,6年级下,6,下,59,gift,gift,[ɡɪft],[ɡɪft],n. 礼物;天赋;赠品 vt. 赋予;向...赠送,人教版三年级起点六年级下.xlsx
renjiao_start3|g6-lower|r060|fell,renjiao_start3,6年级下,6,下,60,fell,fell,[fel],[fel],n. [林] 一季所伐的木材;折缝;兽皮 v. 掉下;摔倒;下垂;变坏(fall的过去式) adj. 凶猛的;毁灭性的 vt. 砍伐;打倒;击倒,人教版三年级起点六年级下.xlsx
renjiao_start3|g6-lower|r061|off,renjiao_start3,6年级下,6,下,61,off,off,[ɒf],[ɔːf],prep. 离开;脱落 adv. 切断;走开 adj. 远离的;空闲的,人教版三年级起点六年级下.xlsx
renjiao_start3|g6-lower|r062|labour day,renjiao_start3,6年级下,6,下,62,Labour Day,labour day,,,na. (五一国际)劳动节,人教版三年级起点六年级下.xlsx
renjiao_start3|g6-lower|r063|mule,renjiao_start3,6年级下,6,下,63,mule,mule,[mjuːl],[mjuːl],"n. 骡;倔强之人,顽固的人;杂交种动物",人教版三年级起点六年级下.xlsx
renjiao_start3|g6-lower|r064|turpan,renjiao_start3,6年级下,6,下,64,Turpan,turpan,,,吐鲁番(新疆维吾尔自治区)(旧译Turfan),人教版三年级起点六年级下.xlsx
renjiao_start3|g6-lower|r065|could,renjiao_start3,6年级下,6,下,65,could,could,[kəd],[kəd; kʊd],aux. 能够 v. 能(can的过去式),人教版三年级起点六年级下.xlsx
renjiao_start3|g6-lower|r066|till,renjiao_start3,6年级下,6,下,66,till,till,[tɪl],[tɪl],prep. 直到 conj. 直到...为止 n. [地理][水文] 冰碛;放钱的抽屉;备用现金 vt. 耕种;犁 vi. 耕种;耕耘,人教版三年级起点六年级下.xlsx
renjiao_start3|g6-lower|r067|beach,renjiao_start3,6年级下,6,下,67,beach,beach,[biːtʃ],[biːtʃ],n. 海滩;湖滨 vt. 将...拖上岸 vi. 搁浅;定居,人教版三年级起点六年级下.xlsx
renjiao_start3|g6-lower|r068|basket,renjiao_start3,6年级下,6,下,68,basket,basket,[ˈbɑːskɪt],[ˈbæskɪt],n. 篮子;(篮球比赛的)得分;一篮之量;篮筐 vt. 装入篮,人教版三年级起点六年级下.xlsx
renjiao_start3|g6-lower|r069|part,renjiao_start3,6年级下,6,下,69,part,part,[pɑːt],[pɑːrt],n. 部分;角色;零件;一些;片段 adj. 部分的 vt. 分离;分配;分开 adv. 部分地 vi. 断裂;分手,人教版三年级起点六年级下.xlsx
renjiao_start3|g6-lower|r070|licked,renjiao_start3,6年级下,6,下,70,licked,licked,[lɪk],[lɪk],vt. 舔;卷过;鞭打 vt. (非正式)战胜 vi. 舔;轻轻拍打 n. 舔;打;少许,人教版三年级起点六年级下.xlsx
renjiao_start3|g6-lower|r071|laughed,renjiao_start3,6年级下,6,下,71,laughed,laughed,[lɑːft],[læft],笑 为了开玩笑 有趣的事 嘲笑,人教版三年级起点六年级下.xlsx
renjiao_start3|g6-lower|r072|dining hall,renjiao_start3,6年级下,6,下,72,dining hall,dining hall,[ˈdaɪnɪŋ hɔːl],[ˈdaɪnɪŋ hɔːl],na. 大餐厅,人教版三年级起点六年级下.xlsx
renjiao_start3|g6-lower|r073|grass,renjiao_start3,6年级下,6,下,73,grass,grass,[ɡrɑːs],[ɡræs],"n. 草;草地,草坪 vt. 放牧;使......长满草;使......吃草 vi. 长草",人教版三年级起点六年级下.xlsx
renjiao_start3|g6-lower|r074|gym,renjiao_start3,6年级下,6,下,74,gym,gym,[dʒɪm],[dʒɪm],n. 健身房;体育;体育馆,人教版三年级起点六年级下.xlsx
renjiao_start3|g6-lower|r075|ago,renjiao_start3,6年级下,6,下,75,ago,ago,[əˈɡəʊ],[əˈɡoʊ],"adj. 以前的;过去的 adv. 以前,以往",人教版三年级起点六年级下.xlsx
renjiao_start3|g6-lower|r076|cycling,renjiao_start3,6年级下,6,下,76,cycling,cycling,[ˈsaɪklɪŋ],[ˈsaɪklɪŋ],n. 骑脚踏车消遣;骑脚踏车兜风,人教版三年级起点六年级下.xlsx
renjiao_start3|g6-lower|r077|go cycling,renjiao_start3,6年级下,6,下,77,go cycling,go cycling,,,去骑自行车;去骑车;去骑单车,人教版三年级起点六年级下.xlsx
renjiao_start3|g6-lower|r078|ice-skate,renjiao_start3,6年级下,6,下,78,ice-skate,ice-skate,[ˈaɪs skeɪt],[ˈaɪs skeɪt],"v. 溜冰,滑冰",人教版三年级起点六年级下.xlsx
renjiao_start3|g6-lower|r079|badminton,renjiao_start3,6年级下,6,下,79,badminton,badminton,[ˈbædmɪntən],[ˈbædmɪntən],n. 羽毛球,人教版三年级起点六年级下.xlsx
renjiao_start3|g6-lower|r080|star,renjiao_start3,6年级下,6,下,80,star,star,[stɑː(r)],[stɑːr],"n. 星,恒星;明星;星形物 adj. 明星的,主角的;星形的 vt. 用星号标于;由...主演,由...担任主角 vi. 担任主角",人教版三年级起点六年级下.xlsx
renjiao_start3|g6-lower|r081|easy,renjiao_start3,6年级下,6,下,81,easy,easy,[ˈiːzi],[ˈiːzi],"adj. 容易的;舒适的 vt. 发出停划命令 adv. 不费力地,从容地 vi. 停止划桨",人教版三年级起点六年级下.xlsx
renjiao_start3|g6-lower|r082|look up,renjiao_start3,6年级下,6,下,82,look up,look up,,,v. 查找;查阅;探望;看望,人教版三年级起点六年级下.xlsx
renjiao_start3|g6-lower|r083|internet,renjiao_start3,6年级下,6,下,83,Internet,internet,[ˈɪntənet],[ˈɪntərnet],n. 因特网,人教版三年级起点六年级下.xlsx
renjiao_start3|g6-lower|r084|different,renjiao_start3,6年级下,6,下,84,different,different,[ˈdɪfrənt],[ˈdɪfrənt],"adj. 不同的;个别的,与众不同的",人教版三年级起点六年级下.xlsx
renjiao_start3|g6-lower|r085|active,renjiao_start3,6年级下,6,下,85,active,active,[ˈæktɪv],[ˈæktɪv],n. 主动语态;积极分子 adj. 积极的;活跃的;主动的;有效的;现役的,人教版三年级起点六年级下.xlsx
renjiao_start3|g6-lower|r086|race,renjiao_start3,6年级下,6,下,86,race,race,[reɪs],[reɪs],"n. 属,种;种族,人种;家庭,门第 vt. 使参加比赛;和...竞赛;使急走,使全速行进 vi. 比速度,参加竞赛;全速行进",人教版三年级起点六年级下.xlsx
renjiao_start3|g6-lower|r087|nothing,renjiao_start3,6年级下,6,下,87,nothing,nothing,[ˈnʌθɪŋ],[ˈnʌθɪŋ],neg. 没什么;毫不 n. 无;零;不关紧要之事 adv. 毫不;决不 pron. 无事;无物 int. 什么也没有,人教版三年级起点六年级下.xlsx
renjiao_start3|g6-lower|r088|thought,renjiao_start3,6年级下,6,下,88,thought,thought,[θɔːt],[θɔːt],"n. 思想;思考;想法;关心 v. 想,思考;认为(think的过去式和过去分词)",人教版三年级起点六年级下.xlsx
renjiao_start3|g6-lower|r089|felt,renjiao_start3,6年级下,6,下,89,felt,felt,[felt],[felt],n. 毡;毡制品 v. 感觉(feel的过去式) vi. 粘结 vt. 使粘结;把...制成毡,人教版三年级起点六年级下.xlsx
renjiao_start3|g6-lower|r090|cheetah,renjiao_start3,6年级下,6,下,90,cheetah,cheetah,[ˈtʃiːtə],[ˈtʃiːtə],n. [脊椎] 猎豹,人教版三年级起点六年级下.xlsx
renjiao_start3|g6-lower|r091|trip,renjiao_start3,6年级下,6,下,91,trip,trip,[trɪp],[trɪp],n. 旅行;绊倒;差错 vt. 绊倒;使犯错 vi. 绊倒;远足;犯错误;轻快地走,人教版三年级起点六年级下.xlsx
renjiao_start3|g6-lower|r092|woke,renjiao_start3,6年级下,6,下,92,woke,woke,[wəʊk],[woʊk],v. 唤醒;激发;使...复活(wake的过去式),人教版三年级起点六年级下.xlsx
renjiao_start3|g6-lower|r093|dream,renjiao_start3,6年级下,6,下,93,dream,dream,[driːm],[driːm],"n. 梦想,愿望;梦 adj. 梦的;理想的;不切实际的 vt. 梦想;做梦;想到 vi. 梦想;做梦,梦见;想到",人教版三年级起点六年级下.xlsx
hujiao_start3|g3-upper|r002|hello,hujiao_start3,3年级上,3,上,2,hello,hello,[həˈləʊ],[həˈləʊ],"n. 表示问候, 惊奇或唤起注意时的用语 int. 喂;哈罗",沪教版三年级起点三年级上.xlsx
hujiao_start3|g3-upper|r003|i,hujiao_start3,3年级上,3,上,3,I,i,[aɪ],[aɪ],n. 碘元素;英语字母I pron. 我,沪教版三年级起点三年级上.xlsx
hujiao_start3|g3-upper|r004|miss,hujiao_start3,3年级上,3,上,4,Miss,miss,,,"n. 女士,小姐,年轻未婚女子 vt. 错过,想念,缺(勤)",沪教版三年级起点三年级上.xlsx
hujiao_start3|g3-upper|r005|are,hujiao_start3,3年级上,3,上,5,are,are,[ɑ:(r)],[ər; ɑːr; er],v. 是(be的第二人称单复数现在式) n. 公亩,沪教版三年级起点三年级上.xlsx
hujiao_start3|g3-upper|r006|fine,hujiao_start3,3年级上,3,上,6,fine,fine,[faɪn],[faɪn],"n. 罚款 adj. 好的;优良的;细小的,精美的;健康的;晴朗的 vt. 罚款;澄清 adv. 很好地;精巧地",沪教版三年级起点三年级上.xlsx
hujiao_start3|g3-upper|r007|goodbye,hujiao_start3,3年级上,3,上,7,goodbye,goodbye,[ˌɡʊdˈbaɪ],[ˌɡʊdˈbaɪ],int. 再见 放弃 告别,沪教版三年级起点三年级上.xlsx
hujiao_start3|g3-upper|r008|hi,hujiao_start3,3年级上,3,上,8,hi,hi,[haɪ],[haɪ],int. 嗨!(表示问候或用以唤起注意),沪教版三年级起点三年级上.xlsx
hujiao_start3|g3-upper|r009|mr,hujiao_start3,3年级上,3,上,9,Mr,mr,[ˈmɪstə(r)],[ˈmɪstər],abbr. 先生(Mister),沪教版三年级起点三年级上.xlsx
hujiao_start3|g3-upper|r010|mrs,hujiao_start3,3年级上,3,上,10,Mrs,mrs,[ˈmɪsɪz],[ˈmɪsɪz],n. 太太;夫人(用于已婚妇女姓名前的尊称),沪教版三年级起点三年级上.xlsx
hujiao_start3|g3-upper|r011|thank,hujiao_start3,3年级上,3,上,11,thank,thank,[θæŋk],[θæŋk],n. 感谢 vt. 感谢 int. 谢谢,沪教版三年级起点三年级上.xlsx
hujiao_start3|g3-upper|r012|you,hujiao_start3,3年级上,3,上,12,you,you,[ju],[juː; jə],pron. 你;你们,沪教版三年级起点三年级上.xlsx
hujiao_start3|g3-upper|r013|am,hujiao_start3,3年级上,3,上,13,am,am,[əm; æm],[əm; æm],abbr. 调幅 v. 是,沪教版三年级起点三年级上.xlsx
hujiao_start3|g3-upper|r014|boy,hujiao_start3,3年级上,3,上,14,boy,boy,[bɔɪ],[bɔɪ],n. 男孩;男人,沪教版三年级起点三年级上.xlsx
hujiao_start3|g3-upper|r015|girl,hujiao_start3,3年级上,3,上,15,girl,girl,[ɡɜːl],[ɡɜːrl],"n. 女孩;姑娘,未婚女子;女职员,女演员;(男人的)女朋友 n. (捷)吉尔",沪教版三年级起点三年级上.xlsx
hujiao_start3|g3-upper|r016|no,hujiao_start3,3年级上,3,上,16,no,no,[nəʊ],[noʊ],adv. 不 adj. 没有;不是 n. 不;否决票 abbr. 数字(number);元素锘(nobelium)的符号,沪教版三年级起点三年级上.xlsx
hujiao_start3|g3-upper|r017|not,hujiao_start3,3年级上,3,上,17,not,not,[nɒt],[nɑːt],"adv. 表示否定,不 n. “非”(计算机中逻辑运算的一种)",沪教版三年级起点三年级上.xlsx
hujiao_start3|g3-upper|r018|yes,hujiao_start3,3年级上,3,上,18,yes,yes,[jes],[jes],"n. 是(表示肯定) adv. 是, 是的",沪教版三年级起点三年级上.xlsx
hujiao_start3|g3-upper|r019|fat,hujiao_start3,3年级上,3,上,19,fat,fat,[fæt],[fæt],"n. 脂肪,肥肉 adj. 肥的,胖的;油腻的;丰满的 vt. 养肥;在...中加入脂肪 vi. 长肥",沪教版三年级起点三年级上.xlsx
hujiao_start3|g3-upper|r020|friend,hujiao_start3,3年级上,3,上,20,friend,friend,[frend],[frend],n. 朋友;助手;赞助者,沪教版三年级起点三年级上.xlsx
hujiao_start3|g3-upper|r021|he,hujiao_start3,3年级上,3,上,21,he,he,[hi; iː; i; hiː],[hi; iː; i; hiː],"n. 男孩,男人;它(雄性动物) pron. 他",沪教版三年级起点三年级上.xlsx
hujiao_start3|g3-upper|r022|is,hujiao_start3,3年级上,3,上,22,is,is,[ɪz],[ɪz],v. 是(be的三单形式) n. 存在,沪教版三年级起点三年级上.xlsx
hujiao_start3|g3-upper|r023|my,hujiao_start3,3年级上,3,上,23,my,my,[maɪ],[maɪ],pron. 我的 int. 哎呀(表示惊奇等);喔唷,沪教版三年级起点三年级上.xlsx
hujiao_start3|g3-upper|r024|she,hujiao_start3,3年级上,3,上,24,she,she,[ʃi],[ʃi; ʃiː],n. 女人;雌性动物 pron. 她(主格);它(用来指雌性动物或国家、船舶、地球、月亮等),沪教版三年级起点三年级上.xlsx
hujiao_start3|g3-upper|r025|short,hujiao_start3,3年级上,3,上,25,short,short,[ʃɔːt],[ʃɔːrt],"n. 短;缺乏;短路;短裤 adj. 短的;不足的;矮的,低的 adv. 不足;突然;唐突地",沪教版三年级起点三年级上.xlsx
hujiao_start3|g3-upper|r026|tall,hujiao_start3,3年级上,3,上,26,tall,tall,[tɔːl],[tɔːl],adj. 高的;长的;过分的;夸大的 adv. 夸大地,沪教版三年级起点三年级上.xlsx
hujiao_start3|g3-upper|r027|thin,hujiao_start3,3年级上,3,上,27,thin,thin,[θɪn],[θɪn],n. 细小部分 adj. 薄的;瘦的;稀薄的;微弱的 vt. 使瘦;使淡;使稀疏 vi. 变薄;变瘦;变淡 adv. 稀疏地;微弱地,沪教版三年级起点三年级上.xlsx
hujiao_start3|g3-upper|r028|this,hujiao_start3,3年级上,3,上,28,this,this,[ðɪs],[ðɪs],adj. 这;本;这个;今 pron. 这;这个;这里 adv. 这样地;这么,沪教版三年级起点三年级上.xlsx
hujiao_start3|g3-upper|r029|beautiful,hujiao_start3,3年级上,3,上,29,beautiful,beautiful,[ˈbjuːtɪf(ə)l],[ˈbjuːtɪf(ə)l],adj. 美丽的 出色地 出色的 迷人的 迷人地,沪教版三年级起点三年级上.xlsx
hujiao_start3|g3-upper|r030|brother,hujiao_start3,3年级上,3,上,30,brother,brother,[ˈbrʌðə(r)],[ˈbrʌðər],n. 兄弟;同事;战友 int. 我的老兄!,沪教版三年级起点三年级上.xlsx
hujiao_start3|g3-upper|r031|father,hujiao_start3,3年级上,3,上,31,father,father,[ˈfɑːðə(r)],[ˈfɑːðər],"n. 父亲,爸爸;神父;祖先;前辈 vt. 发明,创立;当...的父亲",沪教版三年级起点三年级上.xlsx
hujiao_start3|g3-upper|r032|me,hujiao_start3,3年级上,3,上,32,me,me,[mi; miː],[mi; miː],pron. 我(宾格) n. 自我;极端自私的人;自我的一部分,沪教版三年级起点三年级上.xlsx
hujiao_start3|g3-upper|r033|mother,hujiao_start3,3年级上,3,上,33,mother,mother,[ˈmʌðə(r)],[ˈmʌðər],n. 母亲;大娘;女修道院院长 vt. 生下;养育;像母亲般关怀或照管 adj. 母亲的;出生地的,沪教版三年级起点三年级上.xlsx
hujiao_start3|g3-upper|r034|sister,hujiao_start3,3年级上,3,上,34,sister,sister,[ˈsɪstə(r)],[ˈsɪstər],n. 姐妹;(称志同道合者)姐妹;修女;护士 adj. 姐妹般的;同类型的,沪教版三年级起点三年级上.xlsx
hujiao_start3|g3-upper|r035|who,hujiao_start3,3年级上,3,上,35,who,who,[huː],[huː],pron. 谁;什么人,沪教版三年级起点三年级上.xlsx
hujiao_start3|g3-upper|r036|big,hujiao_start3,3年级上,3,上,36,big,big,[bɪɡ],[bɪɡ],adj. 大的;重要的;量大的 adv. 大量地;顺利;夸大地,沪教版三年级起点三年级上.xlsx
hujiao_start3|g3-upper|r037|ear,hujiao_start3,3年级上,3,上,37,ear,ear,[ɪə(r)],[ɪr],n. 耳朵;穗;听觉;倾听 vi. (美俚)听见;抽穗,沪教版三年级起点三年级上.xlsx
hujiao_start3|g3-upper|r038|eye,hujiao_start3,3年级上,3,上,38,eye,eye,[aɪ],[aɪ],"n. 眼睛;视力;眼光;见解,观点 vt. 注视,看",沪教版三年级起点三年级上.xlsx
hujiao_start3|g3-upper|r039|face,hujiao_start3,3年级上,3,上,39,face,face,[feɪs],[feɪs],n. 脸;表面;面子;面容;外观;威信 vi. 向;朝 vt. 面对;面向;承认;抹盖,沪教版三年级起点三年级上.xlsx
hujiao_start3|g3-upper|r040|hair,hujiao_start3,3年级上,3,上,40,hair,hair,[heə(r)],[her],n. 头发;毛发;些微 adj. 毛发的;护理毛发的;用毛发制成的 vt. 除去...的毛发 vi. 生长毛发;形成毛状纤维,沪教版三年级起点三年级上.xlsx
hujiao_start3|g3-upper|r041|long,hujiao_start3,3年级上,3,上,41,long,long,[lɒŋ],[lɔːŋ],"n. 长时间;[语] 长音节;(服装的)长尺寸;长裤 adj. 长的;过长的;做多头的;长时间的;冗长的,长音 vi. 渴望;热望 adv. 长期地;始终",沪教版三年级起点三年级上.xlsx
hujiao_start3|g3-upper|r042|look,hujiao_start3,3年级上,3,上,42,look,look,[lʊk],[lʊk],vt. 看;期待;注意;面向;看上去像 vi. 看;看起来;注意;面向 n. 看;样子;面容,沪教版三年级起点三年级上.xlsx
hujiao_start3|g3-upper|r043|mouth,hujiao_start3,3年级上,3,上,43,mouth,mouth,[maʊθ],[maʊθ],"n. 口,嘴;河口 vt. 做作地说,装腔作势地说;喃喃地说出 vi. 装腔作势说话",沪教版三年级起点三年级上.xlsx
hujiao_start3|g3-upper|r044|nose,hujiao_start3,3年级上,3,上,44,nose,nose,[nəʊz],[noʊz],n. 鼻子;嗅觉;突出的部分;探问 vt. 嗅;用鼻子触 vi. 小心探索着前进;探问,沪教版三年级起点三年级上.xlsx
hujiao_start3|g3-upper|r045|small,hujiao_start3,3年级上,3,上,45,small,small,[smɔːl],[smɔːl],"n. 小件物品;矮小的人 adj. 少的,小的;微弱的;几乎没有的;不重要的;幼小的 adv. 小小地;卑鄙地",沪教版三年级起点三年级上.xlsx
hujiao_start3|g3-upper|r046|blackboard,hujiao_start3,3年级上,3,上,46,blackboard,blackboard,[ˈblækbɔːd],[ˈblækbɔːrd],n. 黑板,沪教版三年级起点三年级上.xlsx
hujiao_start3|g3-upper|r047|clean,hujiao_start3,3年级上,3,上,47,clean,clean,[kliːn],[kliːn],"n. 打扫 adj. 清洁的,干净的;清白的 vt. 使干净 vi. 打扫,清扫 adv. 完全地",沪教版三年级起点三年级上.xlsx
hujiao_start3|g3-upper|r048|close,hujiao_start3,3年级上,3,上,48,close,close,[kləʊz],[kloʊz; kloʊs],n. 结束 adj. 紧密的;亲密的;亲近的 vt. 关;结束;使靠近 vi. 关;结束;关闭 adv. 紧密地,沪教版三年级起点三年级上.xlsx
hujiao_start3|g3-upper|r049|door,hujiao_start3,3年级上,3,上,49,door,door,[dɔː(r)],[dɔːr],"n. 门;家,户;门口;通道",沪教版三年级起点三年级上.xlsx
hujiao_start3|g3-upper|r050|late,hujiao_start3,3年级上,3,上,50,late,late,[leɪt],[leɪt],adj. 晚的;迟的;已故的;最近的 adv. 晚;迟;最近;在晚期,沪教版三年级起点三年级上.xlsx
hujiao_start3|g3-upper|r051|look at,hujiao_start3,3年级上,3,上,51,look at,look at,,,na. 看;考虑,沪教版三年级起点三年级上.xlsx
hujiao_start3|g3-upper|r052|open,hujiao_start3,3年级上,3,上,52,open,open,[ˈəʊpən],[ˈoʊpən],adj. 公开的;敞开的;空旷的;坦率的;营业着的 vi. 开始;展现 vt. 公开;打开 n. 公开;空旷;户外,沪教版三年级起点三年级上.xlsx
hujiao_start3|g3-upper|r053|please,hujiao_start3,3年级上,3,上,53,please,please,[pliːz],[pliːz],"int. 请(礼貌用语) vt. 使喜欢;使高兴,使满意 vi. 讨人喜欢;令人高兴",沪教版三年级起点三年级上.xlsx
hujiao_start3|g3-upper|r054|the,hujiao_start3,3年级上,3,上,54,the,the,[ðə],[ðə; ði; ðiː],"art. 这;那 adv. 更加(用于比较级,最高级前)",沪教版三年级起点三年级上.xlsx
hujiao_start3|g3-upper|r055|window,hujiao_start3,3年级上,3,上,55,window,window,[ˈwɪndəʊ],[ˈwɪndoʊ],n. 窗;窗口;窗户,沪教版三年级起点三年级上.xlsx
hujiao_start3|g3-upper|r056|a,hujiao_start3,3年级上,3,上,56,a,a,[ə],[ə; eɪ],n. 字母A;第一流的;学业成绩达最高标准的评价符号 abbr. [物]安(ampere),沪教版三年级起点三年级上.xlsx
hujiao_start3|g3-upper|r057|an,hujiao_start3,3年级上,3,上,57,an,an,[ən],[ən; æn],art. 一(在元音音素前),沪教版三年级起点三年级上.xlsx
hujiao_start3|g3-upper|r058|apple,hujiao_start3,3年级上,3,上,58,apple,apple,[ˈæp(ə)l],[ˈæpl],"n. 苹果,苹果树,苹果似的东西;[美俚]炸弹,手榴弹,(棒球的)球;[美俚]人,家伙。",沪教版三年级起点三年级上.xlsx
hujiao_start3|g3-upper|r059|banana,hujiao_start3,3年级上,3,上,59,banana,banana,[bəˈnɑːnə],[bəˈnænə],n. 香蕉;喜剧演员;大鹰钩鼻,沪教版三年级起点三年级上.xlsx
hujiao_start3|g3-upper|r060|dad,hujiao_start3,3年级上,3,上,60,dad,dad,[dæd],[dæd],n. 爸爸;爹爹,沪教版三年级起点三年级上.xlsx
hujiao_start3|g3-upper|r061|good,hujiao_start3,3年级上,3,上,61,good,good,[ɡʊd],[ɡʊd],n. 好处;善行;慷慨的行为 adj. 好的;优良的;愉快的;虔诚的 adv. 好,沪教版三年级起点三年级上.xlsx
hujiao_start3|g3-upper|r062|here,hujiao_start3,3年级上,3,上,62,here,here,[hɪə(r)],[hɪr],n. 这里 adv. 在这里;此时 int. 嘿!;喂!,沪教版三年级起点三年级上.xlsx
hujiao_start3|g3-upper|r063|how much,hujiao_start3,3年级上,3,上,63,how much,how much,[haʊ mʌtʃ],[haʊ mʌtʃ],conj. 多少,沪教版三年级起点三年级上.xlsx
hujiao_start3|g3-upper|r064|it,hujiao_start3,3年级上,3,上,64,it,it,[ɪt],[ɪt],abbr. 信息技术information technology abbr. 意大利Italy;意大利的Italian,沪教版三年级起点三年级上.xlsx
hujiao_start3|g3-upper|r065|orange,hujiao_start3,3年级上,3,上,65,orange,orange,[ˈɒrɪndʒ],[ˈɔrɪndʒ],adj. 橙色的;橘色的 n. 橙;橙色;桔子,沪教版三年级起点三年级上.xlsx
hujiao_start3|g3-upper|r066|pear,hujiao_start3,3年级上,3,上,66,pear,pear,[peə(r)],[per],n. [园艺] 梨树;梨子,沪教版三年级起点三年级上.xlsx
hujiao_start3|g3-upper|r067|they,hujiao_start3,3年级上,3,上,67,they,they,[ðeɪ],[ðeɪ],pron. 他们;它们;她们,沪教版三年级起点三年级上.xlsx
hujiao_start3|g3-upper|r068|bed,hujiao_start3,3年级上,3,上,68,bed,bed,[bed],[bed],"n. 床;基础;河底, 海底 vt. 使睡觉;安置,嵌入;栽种 vi. 上床;分层",沪教版三年级起点三年级上.xlsx
hujiao_start3|g3-upper|r069|book,hujiao_start3,3年级上,3,上,69,book,book,[bʊk],[bʊk],n. 书籍;卷;帐簿;名册;工作簿 vt. 预订;登记,沪教版三年级起点三年级上.xlsx
hujiao_start3|g3-upper|r070|chair,hujiao_start3,3年级上,3,上,70,chair,chair,[tʃeə(r)],[tʃer],n. 椅子;讲座;(会议的)主席位;大学教授的职位 vt. 担任(会议的)主席;使...入座;使就任要职,沪教版三年级起点三年级上.xlsx
hujiao_start3|g3-upper|r071|desk,hujiao_start3,3年级上,3,上,71,desk,desk,[desk],[desk],n. 办公桌;服务台;编辑部;(美)讲道台;乐谱架 adj. 书桌的;桌上用的;伏案做的,沪教版三年级起点三年级上.xlsx
hujiao_start3|g3-upper|r072|mum,hujiao_start3,3年级上,3,上,72,mum,mum,[mʌm],[mʌm],adj. 沉默的 n. 妈妈(口语);沉默;菊花 vi. 演哑剧 int. 别说话,沪教版三年级起点三年级上.xlsx
hujiao_start3|g3-upper|r073|pen,hujiao_start3,3年级上,3,上,73,pen,pen,[pen],[pen],n. 钢笔;作家;围栏 vt. 写;关入栏中,沪教版三年级起点三年级上.xlsx
hujiao_start3|g3-upper|r074|pencil,hujiao_start3,3年级上,3,上,74,pencil,pencil,[ˈpens(ə)l],[ˈpensl],n. 铅笔;笔状物 vt. 用铅笔写;用眉笔涂 vi. 成铅笔状,沪教版三年级起点三年级上.xlsx
hujiao_start3|g3-upper|r075|ruler,hujiao_start3,3年级上,3,上,75,ruler,ruler,[ˈruːlə(r)],[ˈruːlər],"n. 尺;统治者;[测] 划线板,划线的人",沪教版三年级起点三年级上.xlsx
hujiao_start3|g3-upper|r076|schoolbag,hujiao_start3,3年级上,3,上,76,schoolbag,schoolbag,[ˈskuːlbæɡ],[ˈskuːlˌbæɡ],n. 书包,沪教版三年级起点三年级上.xlsx
hujiao_start3|g3-upper|r077|these,hujiao_start3,3年级上,3,上,77,these,these,[ðiːz],[ðiːz],adj. 这些的 pron. 这些,沪教版三年级起点三年级上.xlsx
hujiao_start3|g3-upper|r078|your,hujiao_start3,3年级上,3,上,78,your,your,[jɔː(r); jə(r)],[jʊr; jər],"pron. 你的,你们的",沪教版三年级起点三年级上.xlsx
hujiao_start3|g3-upper|r079|eight,hujiao_start3,3年级上,3,上,79,eight,eight,[eɪt],[eɪt],num. 八;八个;第八 n. 八字形 adj. 八的,沪教版三年级起点三年级上.xlsx
hujiao_start3|g3-upper|r080|five,hujiao_start3,3年级上,3,上,80,five,five,[faɪv],[faɪv],"num. 五,五个 n. 五,五个;五美元钞票 adj. 五的;五个的",沪教版三年级起点三年级上.xlsx
hujiao_start3|g3-upper|r081|four,hujiao_start3,3年级上,3,上,81,four,four,[fɔː(r)],[fɔːr],num. 四;四个 adj. 四的;四个的,沪教版三年级起点三年级上.xlsx
hujiao_start3|g3-upper|r082|how many,hujiao_start3,3年级上,3,上,82,how many,how many,,,na. 多少,沪教版三年级起点三年级上.xlsx
hujiao_start3|g3-upper|r083|nine,hujiao_start3,3年级上,3,上,83,nine,nine,[naɪn],[naɪn],"n. 九,九个 num. 九;九个 adj. 九的,九个的",沪教版三年级起点三年级上.xlsx
hujiao_start3|g3-upper|r084|one,hujiao_start3,3年级上,3,上,84,one,one,[wʌn],[wʌn],pron. 一个人;任何人 adj. 一的;唯一的 n. 一 num. 一;一个,沪教版三年级起点三年级上.xlsx
hujiao_start3|g3-upper|r085|seven,hujiao_start3,3年级上,3,上,85,seven,seven,[ˈsev(ə)n],[ˈsev(ə)n],"num. 七个,七 n. 七个,七 adj. 七的;七个的",沪教版三年级起点三年级上.xlsx
hujiao_start3|g3-upper|r086|six,hujiao_start3,3年级上,3,上,86,six,six,[sɪks],[sɪks],"num. 六,六个 n. 六,六个",沪教版三年级起点三年级上.xlsx
hujiao_start3|g3-upper|r087|ten,hujiao_start3,3年级上,3,上,87,ten,ten,[ten],[ten],"num. 十个,十",沪教版三年级起点三年级上.xlsx
hujiao_start3|g3-upper|r088|three,hujiao_start3,3年级上,3,上,88,three,three,[θriː],[θriː],"num. 三 n. 三,三个 adj. 三的,三个的",沪教版三年级起点三年级上.xlsx
hujiao_start3|g3-upper|r089|two,hujiao_start3,3年级上,3,上,89,two,two,[tuː],[tuː],num. 二 n. 两个 adj. 两个的,沪教版三年级起点三年级上.xlsx
hujiao_start3|g3-upper|r090|cat,hujiao_start3,3年级上,3,上,90,cat,cat,[kæt],[kæt],"n. 猫,猫科动物",沪教版三年级起点三年级上.xlsx
hujiao_start3|g3-upper|r091|dog,hujiao_start3,3年级上,3,上,91,dog,dog,[dɒɡ],[dɔːɡ],n. 狗;丑女人;卑鄙的人;(俚)朋友 vt. 跟踪;尾随,沪教版三年级起点三年级上.xlsx
hujiao_start3|g3-upper|r092|fish,hujiao_start3,3年级上,3,上,92,fish,fish,[fɪʃ],[fɪʃ],"n. 鱼,鱼类 vt. 钓鱼,捕鱼;搜寻 vi. 捕鱼,钓鱼;用钩捞取",沪教版三年级起点三年级上.xlsx
hujiao_start3|g3-upper|r093|its,hujiao_start3,3年级上,3,上,93,its,its,[ɪts],[ɪts],pron. 它的,沪教版三年级起点三年级上.xlsx
hujiao_start3|g3-upper|r094|mouse,hujiao_start3,3年级上,3,上,94,mouse,mouse,[maʊs],[maʊs],n. 鼠标;老鼠;胆小羞怯的人 vt. 探出 vi. 捕鼠;窥探,沪教版三年级起点三年级上.xlsx
hujiao_start3|g3-upper|r095|mice,hujiao_start3,3年级上,3,上,95,mice,mice,[maɪs],[maɪs],n. 老鼠(mouse的复数),沪教版三年级起点三年级上.xlsx
hujiao_start3|g3-upper|r096|rabbit,hujiao_start3,3年级上,3,上,96,rabbit,rabbit,[ˈræbɪt],[ˈræbɪt],"n. 兔子,野兔 vt. 让...见鬼去吧 vi. 猎兔",沪教版三年级起点三年级上.xlsx
hujiao_start3|g3-upper|r097|tail,hujiao_start3,3年级上,3,上,97,tail,tail,[teɪl],[teɪl],n. 尾巴;踪迹;辫子;燕尾服 adj. 从后面而来的;尾部的 vt. 尾随;装上尾巴 vi. 跟踪;变少或缩小,沪教版三年级起点三年级上.xlsx
hujiao_start3|g3-upper|r098|what,hujiao_start3,3年级上,3,上,98,what,what,[wɒt],[wʌt],"pron. 什么;多么;多少 adv. 到什么程度,在哪一方面 adj. 什么;多么;何等 int. 什么;多么",沪教版三年级起点三年级上.xlsx
hujiao_start3|g3-upper|r099|autumn,hujiao_start3,3年级上,3,上,99,autumn,autumn,[ˈɔːtəm],[ˈɔːtəm; ˈɑːtəm],"n. 秋天;成熟期;渐衰期,凋落期 adj. 秋天的,秋季的",沪教版三年级起点三年级上.xlsx
hujiao_start3|g3-upper|r100|cold,hujiao_start3,3年级上,3,上,100,cold,cold,[kəʊld],[kəʊld],"n. 寒冷;感冒 adj. 寒冷的;冷淡的,不热情的;失去知觉的 adv. 完全地",沪教版三年级起点三年级上.xlsx
hujiao_start3|g3-upper|r101|cool,hujiao_start3,3年级上,3,上,101,cool,cool,[kuːl],[kuːl],n. 凉爽;凉爽的空气 adj. 凉爽的;冷静的;出色的 vt. 使...冷却;使...平静下来 vi. 变凉;平息 adv. 冷静地,沪教版三年级起点三年级上.xlsx
hujiao_start3|g3-upper|r102|hot,hujiao_start3,3年级上,3,上,102,hot,hot,[hɒt],[hɑːt],adj. 热的;辣的;热情的;激动的;紧迫的 vt. 增加;给...加温 adv. 热;紧迫地 vi. 变热,沪教版三年级起点三年级上.xlsx
hujiao_start3|g3-upper|r103|in,hujiao_start3,3年级上,3,上,103,in,in,[ɪn],[ɪn],prep. 按照(表示方式);从事于;在...之内 n. 执政者;门路;知情者 adj. 在里面的;时髦的 adv. 进入;当选;(服装等)时髦;在屋里,沪教版三年级起点三年级上.xlsx
hujiao_start3|g3-upper|r104|spring,hujiao_start3,3年级上,3,上,104,spring,spring,[sprɪŋ],[sprɪŋ],n. 春天;弹簧;泉水;活力;跳跃 adj. 春天的 vt. 使跳起;使爆炸;突然提出;使弹开 vi. 生长;涌出;跃出;裂开,沪教版三年级起点三年级上.xlsx
hujiao_start3|g3-upper|r105|summer,hujiao_start3,3年级上,3,上,105,summer,summer,[ˈsʌmə(r)],[ˈsʌmər],n. 夏季;全盛时期 adj. 夏季的 vi. 避暑;过夏天,沪教版三年级起点三年级上.xlsx
hujiao_start3|g3-upper|r106|warm,hujiao_start3,3年级上,3,上,106,warm,warm,[wɔːm],[wɔːrm],n. 取暖;加热 adj. 温暖的;热情的 vt. 使...兴奋;使...温暖;使...感兴趣 vi. 同情;激动;变温暖,沪教版三年级起点三年级上.xlsx
hujiao_start3|g3-upper|r107|winter,hujiao_start3,3年级上,3,上,107,winter,winter,[ˈwɪntə(r)],[ˈwɪntər],n. 冬季;年岁;萧条期 adj. 冬天的;越冬的 vi. 过冬,沪教版三年级起点三年级上.xlsx
hujiao_start3|g3-lower|r002|and,hujiao_start3,3年级下,3,下,2,and,and,[ənd],[ənd; ən; n; ænd],"conj. 和,与;就;而且;但是;然后",沪教版三年级起点三年级下.xlsx
hujiao_start3|g3-lower|r003|ball,hujiao_start3,3年级下,3,下,3,ball,ball,[bɔːl],[bɔːl],n. 球;舞会 vt. 捏成球形 vi. 成团块,沪教版三年级起点三年级下.xlsx
hujiao_start3|g3-lower|r004|black,hujiao_start3,3年级下,3,下,4,black,black,[blæk],[blæk],n. 黑色;黑人;黑颜料 adj. 黑色的;黑人的;邪恶的 vt. 使变黑;把鞋油等涂在...上;把(眼眶)打成青肿 vi. 变黑,沪教版三年级起点三年级下.xlsx
hujiao_start3|g3-lower|r005|blue,hujiao_start3,3年级下,3,下,5,blue,blue,[bluː],[bluː],"adj. 蓝色的;沮丧的,忧郁的;下流的 n. 蓝色;[复数](美国海、陆、空三军穿的)蓝色制服;蓝颜料;[the blue(s)][用作单数或复数]布鲁斯(歌曲)(一种伤感的美国黑人民歌 vi. 变成蓝色,呈蓝色 vt. 把...染成蓝色;使成蓝色;给...用上蓝剂;用上蓝剂于",沪教版三年级起点三年级下.xlsx
hujiao_start3|g3-lower|r006|colour,hujiao_start3,3年级下,3,下,6,colour,colour,[ˈkʌlə(r)],[ˈkʌlər],"n. 颜色;风格;气色,面色;外貌 vt. 把...涂颜色,粉饰;歪曲;使脸红 vi. 变色",沪教版三年级起点三年级下.xlsx
hujiao_start3|g3-lower|r007|green,hujiao_start3,3年级下,3,下,7,green,green,[ɡriːn],[ɡriːn],n. 绿色;青春 adj. 绿色的;青春的 vt. 使...变绿色 vi. 变绿色,沪教版三年级起点三年级下.xlsx
hujiao_start3|g3-lower|r008|red,hujiao_start3,3年级下,3,下,8,red,red,[red],[red],"n. 红色,红颜料;赤字 adj. 红色的;红肿的,充血的",沪教版三年级起点三年级下.xlsx
hujiao_start3|g3-lower|r009|white,hujiao_start3,3年级下,3,下,9,white,white,[waɪt],[waɪt],n. 白色;洁白;白种人 adj. 白色的;白种的;纯洁的,沪教版三年级起点三年级下.xlsx
hujiao_start3|g3-lower|r010|yellow,hujiao_start3,3年级下,3,下,10,yellow,yellow,[ˈjeləʊ],[ˈjeloʊ],n. 黄色;黄种人;黄色颜料 adj. 黄色的;黄皮肤的 vt. 使变黄或发黄 vi. 变黄或发黄,沪教版三年级起点三年级下.xlsx
hujiao_start3|g3-lower|r011|candy,hujiao_start3,3年级下,3,下,11,candy,candy,[ˈkændi],[ˈkændi],"n. 糖果(等于sweets);冰糖(等于sugar candy,rock candy);毒品 adj. 新潮的(服饰);甜言蜜语的 vt. 用糖煮;使结晶为砂糖;美化 vi. 糖煮;成为结晶",沪教版三年级起点三年级下.xlsx
hujiao_start3|g3-lower|r012|how,hujiao_start3,3年级下,3,下,12,how,how,[haʊ],[haʊ],adv. 如何;多少;多么 n. 方法;方式 conj. 如何,沪教版三年级起点三年级下.xlsx
hujiao_start3|g3-lower|r013|ice cream,hujiao_start3,3年级下,3,下,13,ice cream,ice cream,[ˈaɪs kriːm],[ˈaɪs kriːm],n. 【食】冰淇淋,沪教版三年级起点三年级下.xlsx
hujiao_start3|g3-lower|r014|lemon,hujiao_start3,3年级下,3,下,14,lemon,lemon,[ˈlemən],[ˈlemən],adj. 柠檬色的 n. 柠檬,沪教版三年级起点三年级下.xlsx
hujiao_start3|g3-lower|r015|orange,hujiao_start3,3年级下,3,下,15,orange,orange,[ˈɒrɪndʒ],[ˈɔrɪndʒ],adj. 橙色的;橘色的 n. 橙;橙色;桔子,沪教版三年级起点三年级下.xlsx
hujiao_start3|g3-lower|r016|sour,hujiao_start3,3年级下,3,下,16,sour,sour,[ˈsaʊə(r)],[ˈsaʊər],n. 酸味;苦事 adj. 酸的;发酵的;刺耳的;酸臭的;讨厌的 vt. 使变酸;使失望 vi. 发酵;变酸;厌烦,沪教版三年级起点三年级下.xlsx
hujiao_start3|g3-lower|r017|sweet,hujiao_start3,3年级下,3,下,17,sweet,sweet,[swiːt],[swiːt],n. 糖果;乐趣;芳香;宝贝 adj. 甜的;悦耳的;芳香的;亲切的 (俚)酷毙了,沪教版三年级起点三年级下.xlsx
hujiao_start3|g3-lower|r018|taste,hujiao_start3,3年级下,3,下,18,taste,taste,[teɪst],[teɪst],n. 味道;品味;审美 vt. 尝;体验 vi. 尝起来;有...的味道,沪教版三年级起点三年级下.xlsx
hujiao_start3|g3-lower|r019|bike,hujiao_start3,3年级下,3,下,19,bike,bike,[baɪk],[baɪk],n. 自行车;脚踏车 vi. 骑自行车(或摩托车),沪教版三年级起点三年级下.xlsx
hujiao_start3|g3-lower|r020|bus,hujiao_start3,3年级下,3,下,20,bus,bus,[bʌs],[bʌs],n. 公共汽车 乘公共汽车,沪教版三年级起点三年级下.xlsx
hujiao_start3|g3-lower|r021|can,hujiao_start3,3年级下,3,下,21,can,can,[kən; kæn],[kən; kæn],aux. 能; 能够; 可以; 可能 n. 罐头; (用金属或塑料制作的)容器; (马口铁或其他金属制作的)食品罐头 vt. 将...装入密封罐中保存,沪教版三年级起点三年级下.xlsx
hujiao_start3|g3-lower|r022|car,hujiao_start3,3年级下,3,下,22,car,car,[kɑː(r)],[kɑːr],n. 汽车;车厢,沪教版三年级起点三年级下.xlsx
hujiao_start3|g3-lower|r023|hear,hujiao_start3,3年级下,3,下,23,hear,hear,[hɪə(r)],[hɪr],"vi. 听;听见 vt. 听到,听;听说;审理",沪教版三年级起点三年级下.xlsx
hujiao_start3|g3-lower|r024|listen,hujiao_start3,3年级下,3,下,24,listen,listen,[ˈlɪs(ə)n],[ˈlɪsn],"vi. 听,倾听;听从,听信 n. 听,倾听",沪教版三年级起点三年级下.xlsx
hujiao_start3|g3-lower|r025|plane,hujiao_start3,3年级下,3,下,25,plane,plane,[pleɪn],[pleɪn],"n. 飞机;平面;程度,水平 adj. 平的;平面的 vt. 刨平;用刨子刨;掠过水面 vi. 刨;乘飞机旅行;翱翔",沪教版三年级起点三年级下.xlsx
hujiao_start3|g3-lower|r026|ship,hujiao_start3,3年级下,3,下,26,ship,ship,[ʃɪp],[ʃɪp],"n. 船;舰;太空船 vt. 运送,乘船;以船运送 vi. 上船;乘船旅行;当船员",沪教版三年级起点三年级下.xlsx
hujiao_start3|g3-lower|r027|train,hujiao_start3,3年级下,3,下,27,train,train,[treɪn],[treɪn],n. 火车;行列;长队;裙裾 v. 培养;训练;瞄准,沪教版三年级起点三年级下.xlsx
hujiao_start3|g3-lower|r028|bear,hujiao_start3,3年级下,3,下,28,bear,bear,[beə(r)],[ber],"n. 熊 vt. 结果实,开花(正式) vt. 忍受;承受;具有;支撑",沪教版三年级起点三年级下.xlsx
hujiao_start3|g3-lower|r029|elephant,hujiao_start3,3年级下,3,下,29,elephant,elephant,[ˈelɪfənt],[ˈelɪfənt],n. 象;大号图画纸,沪教版三年级起点三年级下.xlsx
hujiao_start3|g3-lower|r030|like,hujiao_start3,3年级下,3,下,30,like,like,[laɪk],[laɪk],vt. 喜欢;想;愿意 vi. 喜欢;希望 prep. 像;如同 adj. 同样的;相似的 n. 爱好;同样的人或物 adv. 可能 conj. 好像,沪教版三年级起点三年级下.xlsx
hujiao_start3|g3-lower|r031|lion,hujiao_start3,3年级下,3,下,31,lion,lion,[ˈlaɪən],[ˈlaɪən],n. 狮子;名人;勇猛的人;社交场合的名流,沪教版三年级起点三年级下.xlsx
hujiao_start3|g3-lower|r032|man,hujiao_start3,3年级下,3,下,32,man,man,[mæn],[mæn],n. 人;男人;人类;丈夫;雇工 vt. 操纵;给...配置人员;使增强勇气;在...就位,沪教版三年级起点三年级下.xlsx
hujiao_start3|g3-lower|r033|men,hujiao_start3,3年级下,3,下,33,men,men,[men],[men],"n. 男人,人类(man的复数)",沪教版三年级起点三年级下.xlsx
hujiao_start3|g3-lower|r034|monkey,hujiao_start3,3年级下,3,下,34,monkey,monkey,[ˈmʌŋki],[ˈmʌŋki],n. 猴子;顽童 vi. 胡闹;捣蛋 vt. 嘲弄,沪教版三年级起点三年级下.xlsx
hujiao_start3|g3-lower|r035|old,hujiao_start3,3年级下,3,下,35,old,old,[əʊld],[oʊld],"adj. 陈旧的,古老的;年老的 n. 古时",沪教版三年级起点三年级下.xlsx
hujiao_start3|g3-lower|r036|our,hujiao_start3,3年级下,3,下,36,our,our,[ɑː(r)],[ɑːr],pron. 我们的,沪教版三年级起点三年级下.xlsx
hujiao_start3|g3-lower|r037|panda,hujiao_start3,3年级下,3,下,37,panda,panda,[ˈpændə],[ˈpændə],n. 熊猫;猫熊,沪教版三年级起点三年级下.xlsx
hujiao_start3|g3-lower|r038|strong,hujiao_start3,3年级下,3,下,38,strong,strong,[strɒŋ],[strɔːŋ],adj. 坚强的;强壮的;牢固的;擅长的 adv. 强劲地;猛烈地,沪教版三年级起点三年级下.xlsx
hujiao_start3|g3-lower|r039|tiger,hujiao_start3,3年级下,3,下,39,tiger,tiger,[ˈtaɪɡə(r)],[ˈtaɪɡər],n. 老虎;凶暴的人,沪教版三年级起点三年级下.xlsx
hujiao_start3|g3-lower|r040|fun,hujiao_start3,3年级下,3,下,40,fun,fun,[fʌn],[fʌn],n. 乐趣;玩笑;有趣的人或事 adj. 供娱乐用的 vi. 开玩笑,沪教版三年级起点三年级下.xlsx
hujiao_start3|g3-lower|r041|kite,hujiao_start3,3年级下,3,下,41,kite,kite,[kaɪt],[kaɪt],n. 风筝 vi. 使用空头支票;像风筝一样飞;轻快地移动 vt. 骗钱;涂改(支票),沪教版三年级起点三年级下.xlsx
hujiao_start3|g3-lower|r042|lovely,hujiao_start3,3年级下,3,下,42,lovely,lovely,[ˈlʌvli],[ˈlʌvli],"adj. 可爱的;令人愉快的;爱恋的;秀丽的,优美的 n. 美女;可爱的东西",沪教版三年级起点三年级下.xlsx
hujiao_start3|g3-lower|r043|play,hujiao_start3,3年级下,3,下,43,play,play,[pleɪ],[pleɪ],n. 游戏;比赛;剧本 vt. 游戏;扮演;演奏;播放;同...比赛 vi. 演奏;玩耍;上演;参加比赛,沪教版三年级起点三年级下.xlsx
hujiao_start3|g3-lower|r044|robot,hujiao_start3,3年级下,3,下,44,robot,robot,[ˈrəʊbɒt],[ˈroʊbɑːt],"n. 机器人;遥控设备,自动机械;机械般工作的人",沪教版三年级起点三年级下.xlsx
hujiao_start3|g3-lower|r045|sorry,hujiao_start3,3年级下,3,下,45,sorry,sorry,[ˈsɒri],[ˈsɑːri],"adj. 遗憾的;对不起的,抱歉的 int. 对不起,抱歉(表示委婉的拒绝等)",沪教版三年级起点三年级下.xlsx
hujiao_start3|g3-lower|r046|toy bear,hujiao_start3,3年级下,3,下,46,toy bear,toy bear,,,无,沪教版三年级起点三年级下.xlsx
hujiao_start3|g3-lower|r047|biscuit,hujiao_start3,3年级下,3,下,47,biscuit,biscuit,[ˈbɪskɪt],[ˈbɪskɪt],"n. 小点心,饼干",沪教版三年级起点三年级下.xlsx
hujiao_start3|g3-lower|r048|bread,hujiao_start3,3年级下,3,下,48,bread,bread,[bred],[bred],n. 面包;生计 vt. 在...上洒面包屑,沪教版三年级起点三年级下.xlsx
hujiao_start3|g3-lower|r049|breakfast,hujiao_start3,3年级下,3,下,49,breakfast,breakfast,[ˈbrekfəst],[ˈbrekfəst],n. 早餐;早饭 vt. 为...供应早餐 vi. 吃早餐,沪教版三年级起点三年级下.xlsx
hujiao_start3|g3-lower|r050|child,hujiao_start3,3年级下,3,下,50,child,child,[tʃaɪld],[tʃaɪld],"n. 儿童,小孩,孩子;产物;子孙;幼稚的人;弟子",沪教版三年级起点三年级下.xlsx
hujiao_start3|g3-lower|r051|children,hujiao_start3,3年级下,3,下,51,children,children,[ˈtʃɪldrən],[ˈtʃɪldrən],n. 孩子们(child的复数),沪教版三年级起点三年级下.xlsx
hujiao_start3|g3-lower|r052|egg,hujiao_start3,3年级下,3,下,52,egg,egg,[eɡ],[eɡ],n. 蛋;卵子;家伙;鸡蛋 vt. 煽动;怂恿,沪教版三年级起点三年级下.xlsx
hujiao_start3|g3-lower|r053|have,hujiao_start3,3年级下,3,下,53,have,have,[həv],[həv; əv; hæv],aux. 已经 vt. 有;让;拿;从事;允许,沪教版三年级起点三年级下.xlsx
hujiao_start3|g3-lower|r054|juice,hujiao_start3,3年级下,3,下,54,juice,juice,[dʒuːs],[dʒuːs],"n. (水果)汁,液;果汁",沪教版三年级起点三年级下.xlsx
hujiao_start3|g3-lower|r055|milk,hujiao_start3,3年级下,3,下,55,milk,milk,[mɪlk],[mɪlk],n. 牛奶;乳状物 vt. 榨取;挤...的奶 vi. 挤奶,沪教版三年级起点三年级下.xlsx
hujiao_start3|g3-lower|r056|some,hujiao_start3,3年级下,3,下,56,some,some,[sʌm],[sʌm; səm],adj. 一些;某个;大约;相当多的 pron. 一些;若干;其中的一部分;(数量不确切时用)有些人 adv. 非常;相当;<美>稍微,沪教版三年级起点三年级下.xlsx
hujiao_start3|g3-lower|r057|too,hujiao_start3,3年级下,3,下,57,too,too,[tuː],[tuː],adv. 太;也;很;还;非常;过度,沪教版三年级起点三年级下.xlsx
hujiao_start3|g3-lower|r058|water,hujiao_start3,3年级下,3,下,58,water,water,[ˈwɔːtə(r)],[ˈwɔːtər],"n. 水;海水;雨水;海域,大片的水 vt. 使湿;供以水;给...浇水 vi. 加水;流泪;流口水",沪教版三年级起点三年级下.xlsx
hujiao_start3|g3-lower|r059|we,hujiao_start3,3年级下,3,下,59,we,we,[wi; wiː],[wi],"pron. 我们(主格);笔者,本人(作者或演讲人使用);朕,寡人",沪教版三年级起点三年级下.xlsx
hujiao_start3|g3-lower|r060|at home,hujiao_start3,3年级下,3,下,60,at home,at home,,,na. 在家;安适;在家接待客人;在本国 (opp. abroad),沪教版三年级起点三年级下.xlsx
hujiao_start3|g3-lower|r061|come in,hujiao_start3,3年级下,3,下,61,come in,come in,,,na. 进入;当选;上台;(党派)组阁,沪教版三年级起点三年级下.xlsx
hujiao_start3|g3-lower|r062|dance,hujiao_start3,3年级下,3,下,62,dance,dance,[dɑːns],[dæns],n. 舞蹈;舞会;舞曲 adj. 舞蹈的;用于跳舞的 vt. 跳舞;使跳跃 vi. 跳舞;跳跃;飘扬,沪教版三年级起点三年级下.xlsx
hujiao_start3|g3-lower|r063|paint,hujiao_start3,3年级下,3,下,63,paint,paint,[peɪnt],[peɪnt],"vt. 油漆;绘画;装饰;涂色于;描绘;(用语言,文字等)描写;擦脂粉等 vi. 油漆;描绘;绘画;化妆 n. 油漆;颜料,涂料;绘画作品;胭脂等化妆品;色彩,装饰",沪教版三年级起点三年级下.xlsx
hujiao_start3|g3-lower|r064|read,hujiao_start3,3年级下,3,下,64,read,read,[riːd],[riːd],"n. 阅读;读物 adj. 有学问的 vi. 读;读起来 vt. 阅读;读懂,理解",沪教版三年级起点三年级下.xlsx
hujiao_start3|g3-lower|r065|sing,hujiao_start3,3年级下,3,下,65,sing,sing,[sɪŋ],[sɪŋ],n. 演唱;鸣声;呼啸声 vt. 唱;用诗赞颂;唱着使 vi. 唱歌;歌颂;鸣叫;呼号,沪教版三年级起点三年级下.xlsx
hujiao_start3|g3-lower|r066|skate,hujiao_start3,3年级下,3,下,66,skate,skate,[skeɪt],[skeɪt],n. 溜冰;冰鞋 vi. 滑冰;滑过,沪教版三年级起点三年级下.xlsx
hujiao_start3|g3-lower|r067|sleep,hujiao_start3,3年级下,3,下,67,sleep,sleep,[sliːp],[sliːp],"n. 睡眠 vi. 睡,睡觉",沪教版三年级起点三年级下.xlsx
hujiao_start3|g3-lower|r068|swim,hujiao_start3,3年级下,3,下,68,swim,swim,[swɪm],[swɪm],n. 游泳;漂浮;眩晕 adj. 游泳时穿戴的 vi. 游泳;漂浮;浸;眩晕 vt. 游过;使浮起,沪教版三年级起点三年级下.xlsx
hujiao_start3|g3-lower|r069|work,hujiao_start3,3年级下,3,下,69,work,work,[wɜːk],[wɜːrk],n. 工作;[物] 功;产品;操作;职业;行为;事业;工厂;著作;文学、音乐或艺术作品 vt. 使工作;操作;经营;使缓慢前进 vi. 工作;运作;起作用,沪教版三年级起点三年级下.xlsx
hujiao_start3|g3-lower|r070|worker,hujiao_start3,3年级下,3,下,70,worker,worker,[ˈwɜːkə(r)],[ˈwɜːrkər],n. 工人;劳动者;职蚁,沪教版三年级起点三年级下.xlsx
hujiao_start3|g3-lower|r071|birthday,hujiao_start3,3年级下,3,下,71,birthday,birthday,[ˈbɜːθdeɪ],[ˈbɜːrθdeɪ],"n. 生日,诞辰;诞生的日子",沪教版三年级起点三年级下.xlsx
hujiao_start3|g3-lower|r072|cake,hujiao_start3,3年级下,3,下,72,cake,cake,[keɪk],[keɪk],n. 蛋糕;块状物;利益总额 vt. 使结块 vi. 结成块状,沪教版三年级起点三年级下.xlsx
hujiao_start3|g3-lower|r073|card,hujiao_start3,3年级下,3,下,73,card,card,[kɑːd],[kɑːrd],n. 卡片;纸牌;明信片 vt. 记于卡片上,沪教版三年级起点三年级下.xlsx
hujiao_start3|g3-lower|r074|dear,hujiao_start3,3年级下,3,下,74,dear,dear,[dɪə(r)],[dɪr],n. 亲爱的人 adj. 亲爱的;尊敬的;昂贵的 adv. 高价地;疼爱地 int. 哎呀,沪教版三年级起点三年级下.xlsx
hujiao_start3|g3-lower|r075|for,hujiao_start3,3年级下,3,下,75,for,for,[fə(r)],[fər; fɔːr],"prep. 为,为了;因为;给;对于;至于;适合于 conj. 因为",沪教版三年级起点三年级下.xlsx
hujiao_start3|g3-lower|r076|how old,hujiao_start3,3年级下,3,下,76,how old,how old,,,conj. 多少岁,沪教版三年级起点三年级下.xlsx
hujiao_start3|g3-lower|r077|noodle,hujiao_start3,3年级下,3,下,77,noodle,noodle,[ˈnuːd(ə)l],[ˈnuːd(ə)l],n. 面条;笨蛋,沪教版三年级起点三年级下.xlsx
hujiao_start3|g3-lower|r078|to,hujiao_start3,3年级下,3,下,78,to,to,[tə],[tə; tu; tuː],prep. 到;向;(表示时间、方向)朝...方向 adv. 向前;(门等)关上,沪教版三年级起点三年级下.xlsx
hujiao_start3|g3-lower|r079|bye,hujiao_start3,3年级下,3,下,79,bye,bye,[baɪ],[baɪ],n. 轮空;次要的东西 int. 再见 adj. 次要的,沪教版三年级起点三年级下.xlsx
hujiao_start3|g3-lower|r080|cow,hujiao_start3,3年级下,3,下,80,cow,cow,[kaʊ],[kaʊ],"n. 奶牛,母牛;母兽 vt. 威胁,恐吓",沪教版三年级起点三年级下.xlsx
hujiao_start3|g3-lower|r081|farm,hujiao_start3,3年级下,3,下,81,farm,farm,[fɑːm],[fɑːrm],"n. 农场;农家;畜牧场 vt. 养殖;耕种;佃出(土地) vi. 种田,务农;经营农场",沪教版三年级起点三年级下.xlsx
hujiao_start3|g3-lower|r082|grass,hujiao_start3,3年级下,3,下,82,grass,grass,[ɡrɑːs],[ɡræs],"n. 草;草地,草坪 vt. 放牧;使......长满草;使......吃草 vi. 长草",沪教版三年级起点三年级下.xlsx
hujiao_start3|g3-lower|r083|great,hujiao_start3,3年级下,3,下,83,great,great,[ɡreɪt],[ɡreɪt],"n. 大师;大人物;伟人们 adj. 伟大的,重大的;极好的,好的;主要的",沪教版三年级起点三年级下.xlsx
hujiao_start3|g3-lower|r084|horse,hujiao_start3,3年级下,3,下,84,horse,horse,[hɔːs],[hɔːrs],n. 马;骑兵;脚架;海洛因 vt. 使骑马;系马于;捉弄 vi. 骑马;作弄人,沪教版三年级起点三年级下.xlsx
hujiao_start3|g3-lower|r085|litter,hujiao_start3,3年级下,3,下,85,litter,litter,[ˈlɪtə(r)],[ˈlɪtər],"n. 垃圾;轿,担架;一窝(动物的幼崽);凌乱 vt. 乱丢;给...垫褥草;把...弄得乱七八糟 vi. 产仔;乱扔废弃物",沪教版三年级起点三年级下.xlsx
hujiao_start3|g3-lower|r086|pig,hujiao_start3,3年级下,3,下,86,pig,pig,[pɪɡ],[pɪɡ],"n. 猪;猪肉 vi. 生小猪;像猪一样过活 n. 警察(俚语,带有攻击性)",沪教版三年级起点三年级下.xlsx
hujiao_start3|g3-lower|r087|sheep,hujiao_start3,3年级下,3,下,87,sheep,sheep,[ʃiːp],[ʃiːp],"n. 羊,绵羊;胆小鬼",沪教版三年级起点三年级下.xlsx
hujiao_start3|g3-lower|r088|sheep,hujiao_start3,3年级下,3,下,88,sheep,sheep,[ʃiːp],[ʃiːp],"n. 羊,绵羊;胆小鬼",沪教版三年级起点三年级下.xlsx
hujiao_start3|g3-lower|r089|stone,hujiao_start3,3年级下,3,下,89,stone,stone,[stəʊn],[stoʊn],"n. 石头;结石;[宝] 宝石 adj. 石的,石制的 vt. 向扔石块;用石头铺",沪教版三年级起点三年级下.xlsx
hujiao_start3|g3-lower|r090|throw,hujiao_start3,3年级下,3,下,90,throw,throw,[θrəʊ],[θroʊ],n. 投掷;冒险 vt. 投;抛;掷 vi. 抛;投掷,沪教版三年级起点三年级下.xlsx
hujiao_start3|g3-lower|r091|arm,hujiao_start3,3年级下,3,下,91,arm,arm,[ɑːm],[ɑːrm],n. 手臂;武器;袖子;装备;部门 vt. 武装;备战 vi. 武装起来,沪教版三年级起点三年级下.xlsx
hujiao_start3|g3-lower|r092|body,hujiao_start3,3年级下,3,下,92,body,body,[ˈbɒdi],[ˈbɑːdi],n. 身体;主体;大量;团体;主要部分 vt. 赋以形体,沪教版三年级起点三年级下.xlsx
hujiao_start3|g3-lower|r093|foot,hujiao_start3,3年级下,3,下,93,foot,foot,[fʊt],[fʊt],n. 脚;英尺;步调;末尾 vt. 支付;给......换底 vi. 步行;跳舞;总计,沪教版三年级起点三年级下.xlsx
hujiao_start3|g3-lower|r094|feet,hujiao_start3,3年级下,3,下,94,feet,feet,[fiːt],[fiːt],n. 脚(foot的复数形式);尺;韵脚,沪教版三年级起点三年级下.xlsx
hujiao_start3|g3-lower|r095|hand,hujiao_start3,3年级下,3,下,95,hand,hand,[hænd],[hænd],"n. 手,手艺;帮助;指针;插手 vt. 传递,交给;支持;搀扶",沪教版三年级起点三年级下.xlsx
hujiao_start3|g3-lower|r096|head,hujiao_start3,3年级下,3,下,96,head,head,[hed],[hed],n. 头;头痛;上端;最前的部分;理解力 adj. 头的;主要的;在顶端的 vt. 前进;用头顶;作为...的首领;站在...的前头;给...加标题 vi. 出发;成头状物;船驶往,沪教版三年级起点三年级下.xlsx
hujiao_start3|g3-lower|r097|leg,hujiao_start3,3年级下,3,下,97,leg,leg,[leɡ],[leɡ],n. 腿;支柱,沪教版三年级起点三年级下.xlsx
hujiao_start3|g3-lower|r098|cup,hujiao_start3,3年级下,3,下,98,cup,cup,[kʌp],[kʌp],n. 杯子;奖杯;酒杯 vt. 使成杯状;为...拔火罐,沪教版三年级起点三年级下.xlsx
hujiao_start3|g3-lower|r099|day,hujiao_start3,3年级下,3,下,99,day,day,[deɪ],[deɪ],n. 一天;时期;白昼 adj. 日间的;逐日的 adv. 每天;经常在白天地,沪教版三年级起点三年级下.xlsx
hujiao_start3|g3-lower|r100|do,hujiao_start3,3年级下,3,下,100,do,do,[duː; də; du; dəʊ],[duː; də; du; doʊ],"vi. 行,足够;生长 n. 要求;规定;C大调音阶中的第一音 v. 做;干;学习;研究;进行;完成;解答;整理;算出;引起;行过 aux. 助动词(构成疑问句和否定句);(代替动词);(用于加强语气) n. (口语)事件;(主英国口语)诈骗;(主英国、新西兰口语)宴会;(口语)必须做到的事情",沪教版三年级起点三年级下.xlsx
hujiao_start3|g3-lower|r101|flower,hujiao_start3,3年级下,3,下,101,flower,flower,[ˈflaʊə(r)],[ˈflaʊər],"n. 花;精华;开花植物 vt. 使开花;用花装饰 vi. 成熟,发育;开花;繁荣;旺盛",沪教版三年级起点三年级下.xlsx
hujiao_start3|g3-lower|r102|idea,hujiao_start3,3年级下,3,下,102,idea,idea,[aɪˈdɪə],[aɪˈdiːə],n. 想法;主意;概念,沪教版三年级起点三年级下.xlsx
hujiao_start3|g3-lower|r103|love,hujiao_start3,3年级下,3,下,103,love,love,[lʌv],[lʌv],"n. 恋爱;亲爱的;酷爱;喜爱的事物;爱情,爱意;疼爱;热爱;爱人,所爱之物 v. 爱,热爱;爱戴;赞美,称赞;喜爱;喜好;喜欢;爱慕",沪教版三年级起点三年级下.xlsx
hujiao_start3|g3-lower|r104|photo,hujiao_start3,3年级下,3,下,104,photo,photo,[ˈfəʊtəʊ],[ˈfoʊtoʊ],n. 照片,沪教版三年级起点三年级下.xlsx
hujiao_start3|g3-lower|r105|tea,hujiao_start3,3年级下,3,下,105,tea,tea,[tiː],[tiː],n. 茶叶;茶树;茶点 vt. 给...沏茶 vi. 喝茶;进茶点,沪教版三年级起点三年级下.xlsx
hujiao_start3|g3-lower|r106|afraid,hujiao_start3,3年级下,3,下,106,afraid,afraid,[əˈfreɪd],[əˈfreɪd],adj. 害怕的;恐怕;担心的,沪教版三年级起点三年级下.xlsx
hujiao_start3|g3-lower|r107|afraid of,hujiao_start3,3年级下,3,下,107,afraid of,afraid of,,,un. 难;怕;害怕;不敢正视,沪教版三年级起点三年级下.xlsx
hujiao_start3|g3-lower|r108|bad,hujiao_start3,3年级下,3,下,108,bad,bad,[bæd],[bæd],"n. 坏事;坏人 adj. 坏的;严重的;劣质的 adv. 很,非常;坏地;邪恶地",沪教版三年级起点三年级下.xlsx
hujiao_start3|g3-lower|r109|go,hujiao_start3,3年级下,3,下,109,go,go,[ɡəʊ],[ɡoʊ],n. 去;进行;尝试 vi. 走;达到;运转;趋于 vt. 忍受;出产;以...打赌 [复数 goes 第三人称单数 goes 过去式 went 过去分词 gone 现在分词 going],沪教版三年级起点三年级下.xlsx
hujiao_start3|g3-lower|r110|house,hujiao_start3,3年级下,3,下,110,house,house,[haʊs],[haʊs],n. 住宅;家庭;机构;议会;某种用途的建筑物 vt. 覆盖;给...房子住;把...储藏在房内 vi. 住,沪教版三年级起点三年级下.xlsx
hujiao_start3|g3-lower|r111|little,hujiao_start3,3年级下,3,下,111,little,little,[ˈlɪt(ə)l],[ˈlɪtl],adj. 小的;很少的;短暂的;小巧可爱的 adv. 完全不 n. 少许;没有多少;短时间,沪教版三年级起点三年级下.xlsx
hujiao_start3|g3-lower|r112|make,hujiao_start3,3年级下,3,下,112,make,make,[meɪk],[meɪk],"vt. 使得;进行;布置,准备,整理;制造;认为;获得;形成;安排;引起;构成 vi. 开始;前进;增大;被制造 n. 制造;构造;性情",沪教版三年级起点三年级下.xlsx
hujiao_start3|g3-lower|r113|now,hujiao_start3,3年级下,3,下,113,now,now,[naʊ],[naʊ],adv. 现在;如今;立刻 adj. 现在的 n. 现在;目前 conj. 由于;既然,沪教版三年级起点三年级下.xlsx
hujiao_start3|g3-lower|r114|there,hujiao_start3,3年级下,3,下,114,there,there,[ðeə(r)],[ðer],n. 那个地方 adv. 在那里;在那边;在那点上 int. 你瞧,沪教版三年级起点三年级下.xlsx
hujiao_start3|g3-lower|r115|very,hujiao_start3,3年级下,3,下,115,very,very,[ˈveri],[ˈveri],"adv. 非常,很;完全 adj. 恰好是,正是;甚至;十足的;特有的",沪教版三年级起点三年级下.xlsx
hujiao_start3|g4-upper|r002|meet,hujiao_start3,4年级上,4,上,2,meet,meet,[miːt],[miːt],vt. 满足;遇见;对付 vi. 相遇;接触 n. 集会 adj. 合适的;适宜的,沪教版三年级起点四年级上.xlsx
hujiao_start3|g4-upper|r003|new,hujiao_start3,4年级上,4,上,3,new,new,[njuː],[nuː],"adj. 新的,新鲜的;更新的;初见的 adv. 新近",沪教版三年级起点四年级上.xlsx
hujiao_start3|g4-upper|r004|morning,hujiao_start3,4年级上,4,上,4,morning,morning,[ˈmɔːnɪŋ],[ˈmɔːrnɪŋ],n. 早晨;黎明;初期,沪教版三年级起点四年级上.xlsx
hujiao_start3|g4-upper|r005|classmate,hujiao_start3,4年级上,4,上,5,classmate,classmate,[ˈklɑːsmeɪt],[ˈklæsmeɪt],n. 同班同学,沪教版三年级起点四年级上.xlsx
hujiao_start3|g4-upper|r006|her,hujiao_start3,4年级上,4,上,6,her,her,[hə(r)],[hər; ɜːr; ər; hɜːr],pron. 她(she的宾格);她的(she的所有格);她(指某个国家;一艘船),沪教版三年级起点四年级上.xlsx
hujiao_start3|g4-upper|r007|name,hujiao_start3,4年级上,4,上,7,name,name,[neɪm],[neɪm],"n. 名称,名字;姓名;名誉 vt. 命名,任命;指定;称呼;提名;叫出 adj. 姓名的;据以取名的",沪教版三年级起点四年级上.xlsx
hujiao_start3|g4-upper|r008|sit,hujiao_start3,4年级上,4,上,8,sit,sit,[sɪt],[sɪt],vi. 坐;位于 vt. 使就座,沪教版三年级起点四年级上.xlsx
hujiao_start3|g4-upper|r009|afternoon,hujiao_start3,4年级上,4,上,9,afternoon,afternoon,[ˌɑːftəˈnuːn],[ˌæftərˈnuːn],"n. 午后,下午",沪教版三年级起点四年级上.xlsx
hujiao_start3|g4-upper|r010|his,hujiao_start3,4年级上,4,上,10,his,his,[hɪz],[hɪz; ɪz],pron. 他的,沪教版三年级起点四年级上.xlsx
hujiao_start3|g4-upper|r011|run,hujiao_start3,4年级上,4,上,11,run,run,[rʌn],[rʌn],"n. 奔跑;赛跑;趋向;奔跑的路程 vt. 管理,经营;运行;参赛 vi. 经营;奔跑;运转",沪教版三年级起点四年级上.xlsx
hujiao_start3|g4-upper|r012|fast,hujiao_start3,4年级上,4,上,12,fast,fast,[fɑːst],[fæst],"n. 斋戒;绝食 adj. 快速的,迅速的;紧的,稳固的 adv. 迅速地;紧紧地;彻底地 vi. 禁食,斋戒",沪教版三年级起点四年级上.xlsx
hujiao_start3|g4-upper|r013|fly,hujiao_start3,4年级上,4,上,13,fly,fly,[flaɪ],[flaɪ],n. 飞行;苍蝇;两翼昆虫 adj. 敏捷的 vi. 飞;驾驶飞机;飘扬 vt. 飞行;飞越;使飘扬,沪教版三年级起点四年级上.xlsx
hujiao_start3|g4-upper|r014|draw,hujiao_start3,4年级上,4,上,14,draw,draw,[drɔː],[drɔː],n. 平局;抽签 vi. 拉;拖 vt. 画;拉;吸引,沪教版三年级起点四年级上.xlsx
hujiao_start3|g4-upper|r015|write,hujiao_start3,4年级上,4,上,15,write,write,[raɪt],[raɪt],"vi. 写,写字;写作,作曲;写信 vt. 写,书写;写信给;著述",沪教版三年级起点四年级上.xlsx
hujiao_start3|g4-upper|r016|jump,hujiao_start3,4年级上,4,上,16,jump,jump,[dʒʌmp],[dʒʌmp],n. 跳跃;暴涨;惊跳 vt. 跳跃;使跳跃;跳过;突升 vi. 跳跃;暴涨;猛增,沪教版三年级起点四年级上.xlsx
hujiao_start3|g4-upper|r017|welcome,hujiao_start3,4年级上,4,上,17,welcome,welcome,[ˈwelkəm],[ˈwelkəm],n. 欢迎 vt. 欢迎 adj. 受欢迎的 int. 欢迎,沪教版三年级起点四年级上.xlsx
hujiao_start3|g4-upper|r018|woof,hujiao_start3,4年级上,4,上,18,woof,woof,[wʊf],[wʊf],n. 纬线;织物;低吠声 vi. 发出低吠声;发低音,沪教版三年级起点四年级上.xlsx
hujiao_start3|g4-upper|r019|but,hujiao_start3,4年级上,4,上,19,but,but,[bət],[bət; bʌt],"conj. 但是;而是;然而 adv. 仅仅,只 prep. 除...以外",沪教版三年级起点四年级上.xlsx
hujiao_start3|g4-upper|r020|happy,hujiao_start3,4年级上,4,上,20,happy,happy,[ˈhæpi],[ˈhæpi],adj. 幸福的;高兴的;巧妙的,沪教版三年级起点四年级上.xlsx
hujiao_start3|g4-upper|r021|sad,hujiao_start3,4年级上,4,上,21,sad,sad,[sæd],[sæd],"adj. 难过的;悲哀的,令人悲痛的;凄惨的,阴郁的(形容颜色)",沪教版三年级起点四年级上.xlsx
hujiao_start3|g4-upper|r022|tired,hujiao_start3,4年级上,4,上,22,tired,tired,[ˈtaɪəd],[ˈtaɪərd],"v. 疲倦;对...腻烦(tire的过去分词形式) adj. 疲倦的;厌倦的,厌烦的",沪教版三年级起点四年级上.xlsx
hujiao_start3|g4-upper|r023|hungry,hujiao_start3,4年级上,4,上,23,hungry,hungry,[ˈhʌŋɡri],[ˈhʌŋɡri],adj. 饥饿的;渴望的;荒年的;不毛的,沪教版三年级起点四年级上.xlsx
hujiao_start3|g4-upper|r024|full,hujiao_start3,4年级上,4,上,24,full,full,[fʊl],[fʊl],"n. 全部;完整 adj. 完全的,完整的;满的,充满的;丰富的;完美的;丰满的;详尽的 vt. 把衣服缝得宽大 adv. 十分,非常;完全地;整整",沪教版三年级起点四年级上.xlsx
hujiao_start3|g4-upper|r025|thirsty,hujiao_start3,4年级上,4,上,25,thirsty,thirsty,[ˈθɜːsti],[ˈθɜːrsti],"adj. 口渴的,口干的;渴望的,热望的",沪教版三年级起点四年级上.xlsx
hujiao_start3|g4-upper|r026|bird,hujiao_start3,4年级上,4,上,26,bird,bird,[bɜːd],[bɜːrd],n. 鸟;家伙;羽毛球 vt. 向...喝倒彩;起哄 vi. 猎鸟;观察研究野鸟,沪教版三年级起点四年级上.xlsx
hujiao_start3|g4-upper|r027|see,hujiao_start3,4年级上,4,上,27,see,see,[siː],[siː],vi. 看;看见;领会 vt. 看见;理解;领会,沪教版三年级起点四年级上.xlsx
hujiao_start3|g4-upper|r028|bottle,hujiao_start3,4年级上,4,上,28,bottle,bottle,[ˈbɒt(ə)l],[ˈbɑːtl],n. 瓶子;一瓶的容量 vt. 控制;把...装入瓶中 vi. (街头艺人演出后)收拢钱币,沪教版三年级起点四年级上.xlsx
hujiao_start3|g4-upper|r029|drink,hujiao_start3,4年级上,4,上,29,drink,drink,[drɪŋk],[drɪŋk],"n. 酒,饮料;喝酒 vt. 喝,饮;吸收;举杯庆贺 vi. 喝酒;饮水;干杯",沪教版三年级起点四年级上.xlsx
hujiao_start3|g4-upper|r030|any,hujiao_start3,4年级上,4,上,30,any,any,[ˈeni],[ˈeni],adj. 任何的;所有的;丝毫 pron. 任何;任何一个;若干 adv. 稍微;少许,沪教版三年级起点四年级上.xlsx
hujiao_start3|g4-upper|r031|cousin,hujiao_start3,4年级上,4,上,31,cousin,cousin,[ˈkʌzn],[ˈkʌzn],n. 堂兄弟姊妹;表兄弟姊妹,沪教版三年级起点四年级上.xlsx
hujiao_start3|g4-upper|r032|family,hujiao_start3,4年级上,4,上,32,family,family,[ˈfæməli],[ˈfæməli],n. 家庭;亲属;家族;子女;[生]科;语族;[化]族 adj. 家庭的;家族的;适合于全家的,沪教版三年级起点四年级上.xlsx
hujiao_start3|g4-upper|r033|parent,hujiao_start3,4年级上,4,上,33,parent,parent,[ˈpeərənt],[ˈperənt],n. 父亲(或母亲);父母亲;根源,沪教版三年级起点四年级上.xlsx
hujiao_start3|g4-upper|r034|grandparent,hujiao_start3,4年级上,4,上,34,grandparent,grandparent,[ˈɡrænpeərənt],[ˈɡrænperənt],n. 祖父母;祖父或祖母;外祖父母;外祖父或外祖母,沪教版三年级起点四年级上.xlsx
hujiao_start3|g4-upper|r035|son,hujiao_start3,4年级上,4,上,35,son,son,[sʌn],[sʌn],n. 儿子;孩子(对年轻人的称呼);男性后裔,沪教版三年级起点四年级上.xlsx
hujiao_start3|g4-upper|r036|grandfather,hujiao_start3,4年级上,4,上,36,grandfather,grandfather,[ˈɡrænfɑːðə(r)],[ˈɡrænfɑːðər],n. 祖父;始祖 vt. 不受新规定限制,沪教版三年级起点四年级上.xlsx
hujiao_start3|g4-upper|r037|grandpa,hujiao_start3,4年级上,4,上,37,grandpa,grandpa,[ˈɡrænpɑː],[ˈɡrænpɑː],n. 爷爷;外公,沪教版三年级起点四年级上.xlsx
hujiao_start3|g4-upper|r038|grandmother,hujiao_start3,4年级上,4,上,38,grandmother,grandmother,[ˈɡrænmʌðə(r)],[ˈɡrænmʌðər],n. 祖母;女祖先 vt. 当...的祖母 vi. 当祖母,沪教版三年级起点四年级上.xlsx
hujiao_start3|g4-upper|r039|grandma,hujiao_start3,4年级上,4,上,39,grandma,grandma,[ˈɡrænmɑː],[ˈɡrænmɑː],n. 奶奶;外婆,沪教版三年级起点四年级上.xlsx
hujiao_start3|g4-upper|r040|uncle,hujiao_start3,4年级上,4,上,40,uncle,uncle,[ˈʌŋk(ə)l],[ˈʌŋkl],n. 叔叔;伯父;伯伯;舅父;姨丈;姑父,沪教版三年级起点四年级上.xlsx
hujiao_start3|g4-upper|r041|aunt,hujiao_start3,4年级上,4,上,41,aunt,aunt,[ɑːnt],[ænt],n. 阿姨;姑妈;伯母;舅妈,沪教版三年级起点四年级上.xlsx
hujiao_start3|g4-upper|r042|that,hujiao_start3,4年级上,4,上,42,that,that,[ðæt],[ðæt],conj. 因为;以至于 adj. 那;那个 pron. 那;那个 adv. 那么;那样,沪教版三年级起点四年级上.xlsx
hujiao_start3|g4-upper|r043|t-shirt,hujiao_start3,4年级上,4,上,43,T-shirt,t-shirt,[ˈtiː ʃɜːt],[ˈtiː ʃɜːrt],n. 短袖圆领汗衫,沪教版三年级起点四年级上.xlsx
hujiao_start3|g4-upper|r044|brown,hujiao_start3,4年级上,4,上,44,brown,brown,[braʊn],[braʊn],"n. 褐色,棕色 adj. 棕色的,褐色的;太阳晒黑的 vt. 使变成褐色 vi. 变成褐色",沪教版三年级起点四年级上.xlsx
hujiao_start3|g4-upper|r045|shorts,hujiao_start3,4年级上,4,上,45,shorts,shorts,[ʃɔːts],[ʃɔːrts],n. 短裤,沪教版三年级起点四年级上.xlsx
hujiao_start3|g4-upper|r046|ride,hujiao_start3,4年级上,4,上,46,ride,ride,[raɪd],[raɪd],n. 骑;乘坐;交通工具;可供骑行的路;(乘坐汽车等的)旅行;乘骑;(乘车或骑车的)短途旅程;供乘骑的游乐设施 vi. 骑马;乘车;依靠;漂浮 vt. 骑;乘;控制;(骑马、自行车等)穿越;搭乘;飘浮,沪教版三年级起点四年级上.xlsx
hujiao_start3|g4-upper|r047|skirt,hujiao_start3,4年级上,4,上,47,skirt,skirt,[skɜːt],[skɜːrt],"n. 裙子 vt. 绕过,回避;位于...边缘 vi. 沿边走,绕开;环绕",沪教版三年级起点四年级上.xlsx
hujiao_start3|g4-upper|r048|dress,hujiao_start3,4年级上,4,上,48,dress,dress,[dres],[dres],n. 连衣裙;女装 vt. 给...穿衣 vi. 穿衣,沪教版三年级起点四年级上.xlsx
hujiao_start3|g4-upper|r049|shirt,hujiao_start3,4年级上,4,上,49,shirt,shirt,[ʃɜːt],[ʃɜːrt],"n. 衬衫;汗衫,内衣",沪教版三年级起点四年级上.xlsx
hujiao_start3|g4-upper|r050|tooth,hujiao_start3,4年级上,4,上,50,tooth,tooth,[tuːθ],[tuːθ],n. 牙齿 vt. 给......装齿 vi. 啮合,沪教版三年级起点四年级上.xlsx
hujiao_start3|g4-upper|r051|sharp,hujiao_start3,4年级上,4,上,51,sharp,sharp,[ʃɑːp],[ʃɑːrp],n. 尖头;骗子;内行 adj. 急剧的;锋利的;强烈的;敏捷的;刺耳的 vt. 磨快;把音调升高 adv. 急剧地;锐利地;突然地 vi. 打扮;升音演奏,沪教版三年级起点四年级上.xlsx
hujiao_start3|g4-upper|r052|help,hujiao_start3,4年级上,4,上,52,help,help,[help],[help],n. 帮助;补救办法;帮忙者;有益的东西 vt. 帮助;促进;治疗;补救 vi. 帮助;有用;招待,沪教版三年级起点四年级上.xlsx
hujiao_start3|g4-upper|r053|a pair of,hujiao_start3,4年级上,4,上,53,a pair of,a pair of,,,det. 一双,沪教版三年级起点四年级上.xlsx
hujiao_start3|g4-upper|r054|get out,hujiao_start3,4年级上,4,上,54,get out,get out,[ˈɡet aʊt],[ɡet aʊt],na. 摆脱;走出;〔命令语气〕出去!,沪教版三年级起点四年级上.xlsx
hujiao_start3|g4-upper|r055|nurse,hujiao_start3,4年级上,4,上,55,nurse,nurse,[nɜːs],[nɜːrs],"vt. 看护,护理;照顾;培养;给...喂奶 vi. 照料,护理;喂奶;当保姆 n. 护士;奶妈,保姆",沪教版三年级起点四年级上.xlsx
hujiao_start3|g4-upper|r056|fireman,hujiao_start3,4年级上,4,上,56,fireman,fireman,[ˈfaɪəmən],[ˈfaɪərmən],n. 消防队员;救火队员;锅炉工,沪教版三年级起点四年级上.xlsx
hujiao_start3|g4-upper|r057|teacher,hujiao_start3,4年级上,4,上,57,teacher,teacher,[ˈtiːtʃə(r)],[ˈtiːtʃər],n. 教师;导师,沪教版三年级起点四年级上.xlsx
hujiao_start3|g4-upper|r058|doctor,hujiao_start3,4年级上,4,上,58,doctor,doctor,[ˈdɒktə(r)],[ˈdɑːktər],"vt. 修理;篡改,伪造;为...治病;授以博士学位 n. 医生;博士 vi. 就医;行医",沪教版三年级起点四年级上.xlsx
hujiao_start3|g4-upper|r059|bus driver,hujiao_start3,4年级上,4,上,59,bus driver,bus driver,,,na. (公共汽车)驾驶员;〈俚〉轰炸机驾驶员,沪教版三年级起点四年级上.xlsx
hujiao_start3|g4-upper|r060|kid,hujiao_start3,4年级上,4,上,60,kid,kid,[kɪd],[kɪd],n. 小孩;小山羊 vt. 欺骗;取笑;戏弄 vi. 欺骗;取笑;戏弄 adj. 小山羊皮制的;较年幼的,沪教版三年级起点四年级上.xlsx
hujiao_start3|g4-upper|r061|so,hujiao_start3,4年级上,4,上,61,so,so,[səʊ],[soʊ],"conj. 所以;因此 adv. 如此,这么;确是如此 pron. 这样",沪教版三年级起点四年级上.xlsx
hujiao_start3|g4-upper|r062|fire,hujiao_start3,4年级上,4,上,62,fire,fire,[ˈfaɪə(r)],[ˈfaɪər],n. 火;火灾;炮火;炉火;热情;激情;磨难 vt. 点燃;解雇;开除;使发光;烧制;激动;放枪 vi. 着火;射击;开枪;激动;烧火,沪教版三年级起点四年级上.xlsx
hujiao_start3|g4-upper|r063|people,hujiao_start3,4年级上,4,上,63,people,people,[ˈpiːp(ə)l],[ˈpiːpl],n. 人;人类;民族;公民 vt. 居住于;使住满人,沪教版三年级起点四年级上.xlsx
hujiao_start3|g4-upper|r064|job,hujiao_start3,4年级上,4,上,64,job,job,[dʒɒb],[dʒɑːb],n. 工作;职业 vt. 承包;代客买卖 vi. 做零工,沪教版三年级起点四年级上.xlsx
hujiao_start3|g4-upper|r065|play with,hujiao_start3,4年级上,4,上,65,play with,play with,[pleɪ wɪð],[pleɪ wɪð],na. 玩弄(火等);以...自娱,沪教版三年级起点四年级上.xlsx
hujiao_start3|g4-upper|r066|school,hujiao_start3,4年级上,4,上,66,school,school,[skuːl],[skuːl],n. 学校;学院;学派;鱼群 vt. 教育,沪教版三年级起点四年级上.xlsx
hujiao_start3|g4-upper|r067|office,hujiao_start3,4年级上,4,上,67,office,office,[ˈɒfɪs],[ˈɑːfɪs],n. 办公室;政府机关;官职;营业处,沪教版三年级起点四年级上.xlsx
hujiao_start3|g4-upper|r068|busy,hujiao_start3,4年级上,4,上,68,busy,busy,[ˈbɪzi],[ˈbɪzi],adj. 忙碌的;热闹的;正被占用的 vt. 使忙于,沪教版三年级起点四年级上.xlsx
hujiao_start3|g4-upper|r069|computer,hujiao_start3,4年级上,4,上,69,computer,computer,[kəmˈpjuːtə(r)],[kəmˈpjuːtər],n. 计算机;电脑;电子计算机,沪教版三年级起点四年级上.xlsx
hujiao_start3|g4-upper|r070|many,hujiao_start3,4年级上,4,上,70,many,many,[ˈmeni],[ˈmeni],pron. 许多;许多人 adj. 许多的,沪教版三年级起点四年级上.xlsx
hujiao_start3|g4-upper|r071|library,hujiao_start3,4年级上,4,上,71,library,library,[ˈlaɪbrəri; ˈlaɪbri],[ˈlaɪbreri],"n. 图书馆,藏书室;文库",沪教版三年级起点四年级上.xlsx
hujiao_start3|g4-upper|r072|playground,hujiao_start3,4年级上,4,上,72,playground,playground,[ˈpleɪɡraʊnd],[ˈpleɪɡraʊnd],"n. 运动场,操场;游乐场",沪教版三年级起点四年级上.xlsx
hujiao_start3|g4-upper|r073|classroom,hujiao_start3,4年级上,4,上,73,classroom,classroom,[ˈklɑːsruːm],[ˈklæsruːm; ˈklæsrʊm],n. 教室,沪教版三年级起点四年级上.xlsx
hujiao_start3|g4-upper|r074|toilet,hujiao_start3,4年级上,4,上,74,toilet,toilet,[ˈtɔɪlət],[ˈtɔɪlət],"n. 厕所,盥洗室;梳妆,打扮 vt. 给...梳妆打扮 vi. 梳妆,打扮",沪教版三年级起点四年级上.xlsx
hujiao_start3|g4-upper|r075|animal,hujiao_start3,4年级上,4,上,75,animal,animal,[ˈænɪm(ə)l],[ˈænɪm(ə)l],n. 动物 动物的,沪教版三年级起点四年级上.xlsx
hujiao_start3|g4-upper|r076|forest,hujiao_start3,4年级上,4,上,76,forest,forest,[ˈfɒrɪst],[ˈfɔːrɪst],"n. 森林 vt. 植树于,使成为森林",沪教版三年级起点四年级上.xlsx
hujiao_start3|g4-upper|r077|pupil,hujiao_start3,4年级上,4,上,77,pupil,pupil,[ˈpjuːp(ə)l],[ˈpjuːpl],n. 学生;[解剖] 瞳孔;未成年人,沪教版三年级起点四年级上.xlsx
hujiao_start3|g4-upper|r078|try,hujiao_start3,4年级上,4,上,78,try,try,[traɪ],[traɪ],"n. 尝试;努力;试验 vt. 试图,努力;试验;审判;考验 vi. 尝试;努力;试验",沪教版三年级起点四年级上.xlsx
hujiao_start3|g4-upper|r079|first,hujiao_start3,4年级上,4,上,79,first,first,[fɜːst],[fɜːrst],num. 第一 n. 第一;开始;冠军 adj. 第一的;基本的;最早的 adv. 第一;首先;优先;宁愿,沪教版三年级起点四年级上.xlsx
hujiao_start3|g4-upper|r080|climb trees,hujiao_start3,4年级上,4,上,80,climb trees,climb trees,,,无,沪教版三年级起点四年级上.xlsx
hujiao_start3|g4-upper|r081|shop,hujiao_start3,4年级上,4,上,81,shop,shop,[ʃɒp],[ʃɑːp],n. 商店;店铺 vt. 购物 vi. 购物;买东西,沪教版三年级起点四年级上.xlsx
hujiao_start3|g4-upper|r082|tomato,hujiao_start3,4年级上,4,上,82,tomato,tomato,[təˈmɑːtəʊ],[təˈmeɪtoʊ],"n. 番茄,西红柿",沪教版三年级起点四年级上.xlsx
hujiao_start3|g4-upper|r083|soup,hujiao_start3,4年级上,4,上,83,soup,soup,[suːp],[suːp],"n. 汤,羹;马力 vt. 加速;增加马力",沪教版三年级起点四年级上.xlsx
hujiao_start3|g4-upper|r084|potato,hujiao_start3,4年级上,4,上,84,potato,potato,[pəˈteɪtəʊ],[pəˈteɪtoʊ],"n. [作物] 土豆,[作物] 马铃薯",沪教版三年级起点四年级上.xlsx
hujiao_start3|g4-upper|r085|carrot,hujiao_start3,4年级上,4,上,85,carrot,carrot,[ˈkærət],[ˈkærət],n. 胡萝卜 诱饵,沪教版三年级起点四年级上.xlsx
hujiao_start3|g4-upper|r086|thirty,hujiao_start3,4年级上,4,上,86,thirty,thirty,[ˈθɜːti],[ˈθɜːrti],num. 三十 n. 三十年代 adj. 三十个的,沪教版三年级起点四年级上.xlsx
hujiao_start3|g4-upper|r087|fish,hujiao_start3,4年级上,4,上,87,fish,fish,[fɪʃ],[fɪʃ],"n. 鱼,鱼类 vt. 钓鱼,捕鱼;搜寻 vi. 捕鱼,钓鱼;用钩捞取",沪教版三年级起点四年级上.xlsx
hujiao_start3|g4-upper|r088|meat,hujiao_start3,4年级上,4,上,88,meat,meat,[miːt],[miːt],"n. 肉,肉类(食用)",沪教版三年级起点四年级上.xlsx
hujiao_start3|g4-upper|r089|rice,hujiao_start3,4年级上,4,上,89,rice,rice,[raɪs],[raɪs],n. 稻;米饭 vt. 把...捣成米糊状,沪教版三年级起点四年级上.xlsx
hujiao_start3|g4-upper|r090|glasses,hujiao_start3,4年级上,4,上,90,glasses,glasses,[ˈɡlɑːsɪz],[ˈɡlæsɪz],n. [轻] 眼镜;玻璃(glass的复数形式);双筒望远镜 v. 把...装入玻璃容器内;给...装上玻璃(glass的第三人称单数形式),沪教版三年级起点四年级上.xlsx
hujiao_start3|g4-upper|r091|want,hujiao_start3,4年级上,4,上,91,want,want,[wɒnt],[wɑːnt],n. 需要;缺乏;贫困;必需品 vt. 需要;希望;应该;缺少 vi. 需要;缺少,沪教版三年级起点四年级上.xlsx
hujiao_start3|g4-upper|r092|together,hujiao_start3,4年级上,4,上,92,together,together,[təˈɡeðə(r)],[təˈɡeðər],"adj. 新潮的;情绪稳定的,做事有效率的 adv. 一起;同时;相互;连续地;总共",沪教版三年级起点四年级上.xlsx
hujiao_start3|g4-upper|r093|magic,hujiao_start3,4年级上,4,上,93,magic,magic,[ˈmædʒɪk],[ˈmædʒɪk],n. 巫术;魔法;戏法 adj. 不可思议的;有魔力的;魔术的,沪教版三年级起点四年级上.xlsx
hujiao_start3|g4-upper|r094|need,hujiao_start3,4年级上,4,上,94,need,need,[niːd],[niːd],"n. 需要,要求;缺乏;必要之物 vt. 需要 vi. 需要",沪教版三年级起点四年级上.xlsx
hujiao_start3|g4-upper|r095|where,hujiao_start3,4年级上,4,上,95,where,where,[weə(r)],[wer],conj. 在...的地方 n. 地点 adv. 在哪里 pron. 哪里,沪教版三年级起点四年级上.xlsx
hujiao_start3|g4-upper|r096|in,hujiao_start3,4年级上,4,上,96,in,in,[ɪn],[ɪn],prep. 按照(表示方式);从事于;在...之内 n. 执政者;门路;知情者 adj. 在里面的;时髦的 adv. 进入;当选;(服装等)时髦;在屋里,沪教版三年级起点四年级上.xlsx
hujiao_start3|g4-upper|r097|box,hujiao_start3,4年级上,4,上,97,box,box,[bɒks],[bɑːks],"n. 箱,盒子;包厢;一拳 vt. 拳击;装...入盒中;打耳光 vi. 拳击",沪教版三年级起点四年级上.xlsx
hujiao_start3|g4-upper|r098|give,hujiao_start3,4年级上,4,上,98,give,give,[ɡɪv],[ɡɪv],n. 弹性;弯曲;伸展性 vi. 捐赠;面向;有弹性;气候转暖 vt. 给;产生;让步;举办;授予,沪教版三年级起点四年级上.xlsx
hujiao_start3|g4-upper|r099|plate,hujiao_start3,4年级上,4,上,99,plate,plate,[pleɪt],[pleɪt],n. 碟;金属板;金属牌;感光底片 vt. 电镀;给...装甲,沪教版三年级起点四年级上.xlsx
hujiao_start3|g4-upper|r100|on,hujiao_start3,4年级上,4,上,100,on,on,[ɒn],[ɑːn],"adv. 向前地;作用中,行动中;继续着 prep. 向,朝......;关于;在......之上;在......时候 adj. 开着的;发生着的,正在进行中",沪教版三年级起点四年级上.xlsx
hujiao_start3|g4-upper|r101|table,hujiao_start3,4年级上,4,上,101,table,table,[ˈteɪb(ə)l],[ˈteɪbl],n. 桌子;表格;平地层 vt. 制表;搁置;嵌合 adj. 桌子的,沪教版三年级起点四年级上.xlsx
hujiao_start3|g4-upper|r102|lunch,hujiao_start3,4年级上,4,上,102,lunch,lunch,[lʌntʃ],[lʌntʃ],n. 午餐 vt. 吃午餐;供给午餐 vi. 吃午餐;供给午餐,沪教版三年级起点四年级上.xlsx
hujiao_start3|g4-upper|r103|under,hujiao_start3,4年级上,4,上,103,under,under,[ˈʌndə(r)],[ˈʌndər],"prep. 低于,少于;在...之下 adj. 下面的;从属的 adv. 在下面;在下方",沪教版三年级起点四年级上.xlsx
hujiao_start3|g4-upper|r104|beside,hujiao_start3,4年级上,4,上,104,beside,beside,[bɪˈsaɪd],[bɪˈsaɪd],prep. 在旁边;与...相比;和...无关,沪教版三年级起点四年级上.xlsx
hujiao_start3|g4-upper|r105|kitchen,hujiao_start3,4年级上,4,上,105,kitchen,kitchen,[ˈkɪtʃɪn],[ˈkɪtʃɪn],n. 厨房;炊具;炊事人员,沪教版三年级起点四年级上.xlsx
hujiao_start3|g4-upper|r106|floor,hujiao_start3,4年级上,4,上,106,floor,floor,[flɔː(r)],[flɔːr],"n. 地板,地面;楼层;基底;议员席 vt. 铺地板;打倒,击倒;(被困难)难倒",沪教版三年级起点四年级上.xlsx
hujiao_start3|g4-upper|r107|angry,hujiao_start3,4年级上,4,上,107,angry,angry,[ˈæŋɡri],[ˈæŋɡri],adj. 生气的;愤怒的;狂暴的;(伤口等)发炎的,沪教版三年级起点四年级上.xlsx
hujiao_start3|g4-upper|r108|around,hujiao_start3,4年级上,4,上,108,around,around,[əˈraʊnd],[əˈraʊnd],prep. 四处;在...周围 adv. 大约;到处;在附近,沪教版三年级起点四年级上.xlsx
hujiao_start3|g4-upper|r109|home,hujiao_start3,4年级上,4,上,109,home,home,[həʊm],[hoʊm],"n. 家,住宅;产地;家乡;避难所 adj. 国内的,家庭的;有效的 vt. 归巢,回家 adv. 在家,回家;深入地",沪教版三年级起点四年级上.xlsx
hujiao_start3|g4-upper|r110|street,hujiao_start3,4年级上,4,上,110,street,street,[striːt],[striːt],n. 街道 adj. 街道的,沪教版三年级起点四年级上.xlsx
hujiao_start3|g4-upper|r111|park,hujiao_start3,4年级上,4,上,111,park,park,[pɑːk],[pɑːrk],n. 公园;[交] 停车场 vt. 停放;放置;寄存 vi. 停放车辆,沪教版三年级起点四年级上.xlsx
hujiao_start3|g4-upper|r112|near,hujiao_start3,4年级上,4,上,112,near,near,[nɪə(r)],[nɪr],adj. 近的;亲近的;近似的 adv. 近;接近 prep. 靠近;近似于,沪教版三年级起点四年级上.xlsx
hujiao_start3|g4-upper|r113|behind,hujiao_start3,4年级上,4,上,113,behind,behind,[bɪˈhaɪnd],[bɪˈhaɪnd],prep. 落后于;支持;晚于 n. 屁股 adv. 在后地;在原处,沪教版三年级起点四年级上.xlsx
hujiao_start3|g4-upper|r114|supermarket,hujiao_start3,4年级上,4,上,114,supermarket,supermarket,[ˈsuːpəmɑːkɪt],[ˈsuːpərmɑːrkɪt],n. 超级市场;自助售货商店,沪教版三年级起点四年级上.xlsx
hujiao_start3|g4-upper|r115|restaurant,hujiao_start3,4年级上,4,上,115,restaurant,restaurant,[ˈrestrɒnt],[ˈrestrɑːnt; ˈrestərɑːnt],n. 餐馆;[经] 饭店,沪教版三年级起点四年级上.xlsx
hujiao_start3|g4-upper|r116|live,hujiao_start3,4年级上,4,上,116,live,live,[lɪv; laɪv],[lɪv; laɪv],adj. 活的;生动的;实况转播的;精力充沛的 vt. 经历;度过 vi. 活;居住;生存,沪教版三年级起点四年级上.xlsx
hujiao_start3|g4-upper|r117|old,hujiao_start3,4年级上,4,上,117,old,old,[əʊld],[oʊld],"adj. 陈旧的,古老的;年老的 n. 古时",沪教版三年级起点四年级上.xlsx
hujiao_start3|g4-upper|r118|eat,hujiao_start3,4年级上,4,上,118,eat,eat,[iːt],[iːt],"vt. 吃,喝;腐蚀;烦扰 vi. 进食;腐蚀,侵蚀",沪教版三年级起点四年级上.xlsx
hujiao_start3|g4-upper|r119|nice,hujiao_start3,4年级上,4,上,119,nice,nice,[naɪs],[naɪs],adj. 精密的;美好的;细微的;和蔼的,沪教版三年级起点四年级上.xlsx
hujiao_start3|g4-upper|r120|food,hujiao_start3,4年级上,4,上,120,food,food,[fuːd],[fuːd],n. 食物;养料,沪教版三年级起点四年级上.xlsx
hujiao_start3|g4-upper|r121|a lot of,hujiao_start3,4年级上,4,上,121,a lot of,a lot of,,,det. 许多,沪教版三年级起点四年级上.xlsx
hujiao_start3|g4-upper|r122|shape,hujiao_start3,4年级上,4,上,122,shape,shape,[ʃeɪp],[ʃeɪp],"n. 形状;模型;身材;具体化 vt. 形成;塑造,使成形;使符合 vi. 形成;成形;成长",沪教版三年级起点四年级上.xlsx
hujiao_start3|g4-upper|r123|picture,hujiao_start3,4年级上,4,上,123,picture,picture,[ˈpɪktʃə(r)],[ˈpɪktʃər],"n. 照片,图画;影片;景色;化身 vt. 画;想像;描写",沪教版三年级起点四年级上.xlsx
hujiao_start3|g4-upper|r124|square,hujiao_start3,4年级上,4,上,124,square,square,[skweə(r)],[skwer],n. 平方;广场;正方形 adj. 平方的;正方形的;直角的;正直的 vt. 使成方形;与...一致 vi. 一致;成方形 adv. 成直角地,沪教版三年级起点四年级上.xlsx
hujiao_start3|g4-upper|r125|circle,hujiao_start3,4年级上,4,上,125,circle,circle,[ˈsɜːk(ə)l],[ˈsɜːrkl],"n. 循环,周期;圆;圈子;圆形物 vt. 画圆圈;环绕...移动 vi. 盘旋,旋转;环行",沪教版三年级起点四年级上.xlsx
hujiao_start3|g4-upper|r126|star,hujiao_start3,4年级上,4,上,126,star,star,[stɑː(r)],[stɑːr],"n. 星,恒星;明星;星形物 adj. 明星的,主角的;星形的 vt. 用星号标于;由...主演,由...担任主角 vi. 担任主角",沪教版三年级起点四年级上.xlsx
hujiao_start3|g4-upper|r127|rectangle,hujiao_start3,4年级上,4,上,127,rectangle,rectangle,[ˈrektæŋɡl],[ˈrektæŋɡl],n. 矩形;长方形,沪教版三年级起点四年级上.xlsx
hujiao_start3|g4-upper|r128|triangle,hujiao_start3,4年级上,4,上,128,triangle,triangle,[ˈtraɪæŋɡl],[ˈtraɪæŋɡl],n. 三角(形);三角关系;三角形之物;三人一组,沪教版三年级起点四年级上.xlsx
hujiao_start3|g4-upper|r129|today,hujiao_start3,4年级上,4,上,129,today,today,[təˈdeɪ],[təˈdeɪ],n. 今天;现今 adv. 今天;现今,沪教版三年级起点四年级上.xlsx
hujiao_start3|g4-upper|r130|well,hujiao_start3,4年级上,4,上,130,well,well,[wel],[wel],n. 井;源泉 adj. 良好的;健康的;适宜的 adv. 很好地;充分地;满意地;适当地 v. 涌出,沪教版三年级起点四年级上.xlsx
hujiao_start3|g4-upper|r131|weather,hujiao_start3,4年级上,4,上,131,weather,weather,[ˈweðə(r)],[ˈweðər],n. 天气;气象;气候;处境 vt. 经受住;使风化;侵蚀;使受风吹雨打 adj. 露天的;迎风的 vi. 风化;受侵蚀;经受风雨,沪教版三年级起点四年级上.xlsx
hujiao_start3|g4-upper|r132|rainy,hujiao_start3,4年级上,4,上,132,rainy,rainy,[ˈreɪni],[ˈreɪni],adj. 下雨的;多雨的,沪教版三年级起点四年级上.xlsx
hujiao_start3|g4-upper|r133|cloudy,hujiao_start3,4年级上,4,上,133,cloudy,cloudy,[ˈklaʊdi],[ˈklaʊdi],adj. 多云的;阴天的;愁容满面的,沪教版三年级起点四年级上.xlsx
hujiao_start3|g4-upper|r134|windy,hujiao_start3,4年级上,4,上,134,windy,windy,[ˈwɪndi],[ˈwɪndi],"adj. 多风的,有风的;腹胀的;吹牛的",沪教版三年级起点四年级上.xlsx
hujiao_start3|g4-upper|r135|sunny,hujiao_start3,4年级上,4,上,135,sunny,sunny,[ˈsʌni],[ˈsʌni],"adj. 阳光充足的,和煦的;快活的;性情开朗的",沪教版三年级起点四年级上.xlsx
hujiao_start3|g4-upper|r136|sunday,hujiao_start3,4年级上,4,上,136,Sunday,sunday,[ˈsʌndeɪ],[ˈsʌndeɪ],n. 星期日;礼拜日,沪教版三年级起点四年级上.xlsx
hujiao_start3|g4-upper|r137|cloud,hujiao_start3,4年级上,4,上,137,cloud,cloud,[klaʊd],[klaʊd],n. 云;阴云;云状物;一大群;黑斑 vt. 使混乱;以云遮敝;使忧郁;玷污 vi. 阴沉;乌云密布,沪教版三年级起点四年级上.xlsx
hujiao_start3|g4-upper|r138|rain,hujiao_start3,4年级上,4,上,138,rain,rain,[reɪn],[reɪn],n. 雨;下雨;雨天;雨季 vt. 大量地给;使大量落下 vi. 下雨;降雨,沪教版三年级起点四年级上.xlsx
hujiao_start3|g4-upper|r139|sun,hujiao_start3,4年级上,4,上,139,sun,sun,[sʌn],[sʌn],n. 太阳 vt. 使晒 vi. 晒太阳,沪教版三年级起点四年级上.xlsx
hujiao_start3|g4-upper|r140|wind,hujiao_start3,4年级上,4,上,140,wind,wind,[wɪnd],[wɪnd],vi. 缠绕;上发条;吹响号角 n. 风;呼吸;气味;卷绕 vt. 缠绕;上发条;使弯曲;吹号角;绕住或缠住某人,沪教版三年级起点四年级上.xlsx
hujiao_start3|g4-lower|r002|touch,hujiao_start3,4年级下,4,下,2,touch,touch,[tʌtʃ],[tʌtʃ],n. 接触;触觉;格调;少许 vt. 接触;触动;使轻度受害 vi. 触摸;涉及;接近;提到,沪教版三年级起点四年级下.xlsx
hujiao_start3|g4-lower|r003|feel,hujiao_start3,4年级下,4,下,3,feel,feel,[fiːl],[fiːl],n. 感觉;触摸 vi. 觉得;摸索 vt. 感觉;认为;触摸;试探,沪教版三年级起点四年级下.xlsx
hujiao_start3|g4-lower|r004|soft,hujiao_start3,4年级下,4,下,4,soft,soft,[sɒft],[sɔːft],"n. 柔性;柔软的东西;柔软部分 adj. 软的,柔软的;温柔的,温和的;软弱的;笨的 adv. 柔软地;温和地",沪教版三年级起点四年级下.xlsx
hujiao_start3|g4-lower|r005|hard,hujiao_start3,4年级下,4,下,5,hard,hard,[hɑːd],[hɑːrd],adj. 努力的;硬的;困难的;辛苦的;确实的;严厉的;猛烈的;冷酷无情的 adv. 努力地;困难地;辛苦地;接近地;猛烈地;牢固地,沪教版三年级起点四年级下.xlsx
hujiao_start3|g4-lower|r006|thick,hujiao_start3,4年级下,4,下,6,thick,thick,[θɪk],[θɪk],"n. 最拥挤部分;活动最多部分;事物的粗大浓密部分 adj. 厚的;浓的;粗大的 adv. 密集地;浓浓地,厚厚地",沪教版三年级起点四年级下.xlsx
hujiao_start3|g4-lower|r007|thin,hujiao_start3,4年级下,4,下,7,thin,thin,[θɪn],[θɪn],n. 细小部分 adj. 薄的;瘦的;稀薄的;微弱的 vt. 使瘦;使淡;使稀疏 vi. 变薄;变瘦;变淡 adv. 稀疏地;微弱地,沪教版三年级起点四年级下.xlsx
hujiao_start3|g4-lower|r008|blind,hujiao_start3,4年级下,4,下,8,blind,blind,[blaɪnd],[blaɪnd],"n. 掩饰,借口;百叶窗 adj. 盲目的;瞎的 vt. 使失明;使失去理智 adv. 盲目地;看不见地",沪教版三年级起点四年级下.xlsx
hujiao_start3|g4-lower|r009|noise,hujiao_start3,4年级下,4,下,9,noise,noise,[nɔɪz],[nɔɪz],n. [环境] 噪音;响声;杂音 vt. 谣传 vi. 发出声音;大声议论,沪教版三年级起点四年级下.xlsx
hujiao_start3|g4-lower|r010|young,hujiao_start3,4年级下,4,下,10,young,young,[jʌŋ],[jʌŋ],"n. 年轻人;(动物的)崽,仔 adj. 年轻的;初期的;没有经验的",沪教版三年级起点四年级下.xlsx
hujiao_start3|g4-lower|r011|smell,hujiao_start3,4年级下,4,下,11,smell,smell,[smel],[smel],"n. 气味,嗅觉;臭味 vt. 嗅,闻;察觉到;发出...的气味 vi. 嗅,闻;有...气味",沪教版三年级起点四年级下.xlsx
hujiao_start3|g4-lower|r012|strawberry,hujiao_start3,4年级下,4,下,12,strawberry,strawberry,[ˈstrɔːbəri],[ˈstrɔːberi],n. 草莓;草莓色,沪教版三年级起点四年级下.xlsx
hujiao_start3|g4-lower|r013|or,hujiao_start3,4年级下,4,下,13,or,or,[ɔː(r)],[ɔːr],"conj. 或,或者;还是",沪教版三年级起点四年级下.xlsx
hujiao_start3|g4-lower|r014|watermelon,hujiao_start3,4年级下,4,下,14,watermelon,watermelon,[ˈwɔːtəmelən],[ˈwɔːtərmelən],n. 西瓜,沪教版三年级起点四年级下.xlsx
hujiao_start3|g4-lower|r015|grape,hujiao_start3,4年级下,4,下,15,grape,grape,[ɡreɪp],[ɡreɪp],n. 葡萄;葡萄酒;葡萄树;葡萄色,沪教版三年级起点四年级下.xlsx
hujiao_start3|g4-lower|r016|fox,hujiao_start3,4年级下,4,下,16,fox,fox,[fɒks],[fɑːks],n. 狐狸;狡猾的人 vt. 欺骗;使变酸 vi. 假装;耍狡猾手段,沪教版三年级起点四年级下.xlsx
hujiao_start3|g4-lower|r017|round,hujiao_start3,4年级下,4,下,17,round,round,[raʊnd],[raʊnd],n. 圆;循环;一回合;圆形物 prep. 附近;绕过;大约;在...周围 adj. 圆的;完全的;大概的;肥胖的 vt. 完成;围捕;绕行;弄圆 adv. 在周围;迂回地;朝反方向;挨个 vi. 进展;变圆;环行;发胖,沪教版三年级起点四年级下.xlsx
hujiao_start3|g4-lower|r018|purple,hujiao_start3,4年级下,4,下,18,purple,purple,[ˈpɜːp(ə)l],[ˈpɜːrpl],n. 紫色;紫袍 adj. 紫色的;帝王的;华而不实的 vt. 使成紫色 vi. 变成紫色,沪教版三年级起点四年级下.xlsx
hujiao_start3|g4-lower|r019|wait,hujiao_start3,4年级下,4,下,19,wait,wait,[weɪt],[weɪt],n. 等待;等候 vi. 等待;耽搁;伺候用餐 vt. 等候;推迟;延缓,沪教版三年级起点四年级下.xlsx
hujiao_start3|g4-lower|r020|minute,hujiao_start3,4年级下,4,下,20,minute,minute,[ˈmɪnɪt],[ˈmɪnɪt],"n. 分,分钟;片刻,一会儿;备忘录,笔记;会议记录 vt. 将...记录下来 adj. 微小的,详细的 [maɪˈnjuːt; US -ˈnuːt; maɪˋnut]",沪教版三年级起点四年级下.xlsx
hujiao_start3|g4-lower|r021|get,hujiao_start3,4年级下,4,下,21,get,get,[ɡet],[ɡet],n. 生殖;幼兽 vi. 成为;变得;到达 vt. 使得;获得;受到;变成,沪教版三年级起点四年级下.xlsx
hujiao_start3|g4-lower|r022|those,hujiao_start3,4年级下,4,下,22,those,those,[ðəʊz],[ðoʊz],adj. 那些的 pron. 那些(that的复数),沪教版三年级起点四年级下.xlsx
hujiao_start3|g4-lower|r023|rise,hujiao_start3,4年级下,4,下,23,rise,rise,[raɪz],[raɪz],n. 上升;高地;增加;出现 vt. 使...飞起;使...浮上水面 vi. 上升;增强;起立;高耸,沪教版三年级起点四年级下.xlsx
hujiao_start3|g4-lower|r024|shadow,hujiao_start3,4年级下,4,下,24,shadow,shadow,[ˈʃædəʊ],[ˈʃædoʊ],n. 阴影;影子;幽灵;庇护;隐蔽处 adj. 影子内阁的 vt. 遮蔽;使朦胧;尾随;预示 vi. 渐变;变阴暗,沪教版三年级起点四年级下.xlsx
hujiao_start3|g4-lower|r025|noon,hujiao_start3,4年级下,4,下,25,noon,noon,[nuːn],[nuːn],n. 中午;正午;全盛期,沪教版三年级起点四年级下.xlsx
hujiao_start3|g4-lower|r026|high,hujiao_start3,4年级下,4,下,26,high,high,[haɪ],[haɪ],n. 高水平;天空;由麻醉品引起的快感;高压地带 adj. 高的;高级的;崇高的;高音调的 adv. 高;奢侈地,沪教版三年级起点四年级下.xlsx
hujiao_start3|g4-lower|r027|sky,hujiao_start3,4年级下,4,下,27,sky,sky,[skaɪ],[skaɪ],n. 天空;顶点 vt. 把...投向空中;把...挂得过高 vi. 踢或击高空球;把桨叶翘得过高;飞涨,沪教版三年级起点四年级下.xlsx
hujiao_start3|g4-lower|r028|evening,hujiao_start3,4年级下,4,下,28,evening,evening,[ˈiːvnɪŋ],[ˈiːvnɪŋ],n. 晚上;傍晚;(联欢性的)晚会;后期 adj. 在晚上的;为晚上的;晚上用的 int. 晚上好(等于good evening),沪教版三年级起点四年级下.xlsx
hujiao_start3|g4-lower|r029|again,hujiao_start3,4年级下,4,下,29,again,again,[əˈɡen],[əˈɡen; əˈɡeɪn],"adv. 又,此外;再一次;再说;增加 n. (英、保)阿盖恩",沪教版三年级起点四年级下.xlsx
hujiao_start3|g4-lower|r030|night,hujiao_start3,4年级下,4,下,30,night,night,[naɪt],[naɪt],"n. 夜晚,晚上;黑暗,黑夜 adj. 夜晚的,夜间的",沪教版三年级起点四年级下.xlsx
hujiao_start3|g4-lower|r031|moon,hujiao_start3,4年级下,4,下,31,moon,moon,[muːn],[muːn],n. 月亮;月球;月光;卫星 vi. 闲荡;出神 vt. 虚度,沪教版三年级起点四年级下.xlsx
hujiao_start3|g4-lower|r032|him,hujiao_start3,4年级下,4,下,32,him,him,[hɪm; ɪm],[hɪm; ɪm],pron. 他(宾格),沪教版三年级起点四年级下.xlsx
hujiao_start3|g4-lower|r033|stop,hujiao_start3,4年级下,4,下,33,stop,stop,[stɒp],[stɑːp],n. 停止;车站;障碍;逗留 vi. 停止;中止;逗留;被塞住 vt. 停止;堵塞;断绝,沪教版三年级起点四年级下.xlsx
hujiao_start3|g4-lower|r034|at noon,hujiao_start3,4年级下,4,下,34,at noon,at noon,,,na. 在中午,沪教版三年级起点四年级下.xlsx
hujiao_start3|g4-lower|r035|go down,hujiao_start3,4年级下,4,下,35,go down,go down,,,"na. 下去;(飞机)坠落;继续到 (风,浪等)平静下来;消退",沪教版三年级起点四年级下.xlsx
hujiao_start3|g4-lower|r036|at night,hujiao_start3,4年级下,4,下,36,at night,at night,,,na. 在黄昏时候;晚上,沪教版三年级起点四年级下.xlsx
hujiao_start3|g4-lower|r037|take a walk,hujiao_start3,4年级下,4,下,37,take a walk,take a walk,,,na. 散步,沪教版三年级起点四年级下.xlsx
hujiao_start3|g4-lower|r038|subject,hujiao_start3,4年级下,4,下,38,subject,subject,[ˈsʌbdʒɪkt; ˈsʌbdʒekt],[ˈsʌbdʒɪkt; ˈsʌbdʒekt],n. 主题;科目;[语] 主语;国民 adj. 服从的;易患...的;受制于...的 vt. 使...隶属;使屈从于...,沪教版三年级起点四年级下.xlsx
hujiao_start3|g4-lower|r039|lesson,hujiao_start3,4年级下,4,下,39,lesson,lesson,[ˈlesn],[ˈlesn],n. 教训;课 vt. 教训;上课,沪教版三年级起点四年级下.xlsx
hujiao_start3|g4-lower|r040|chinese,hujiao_start3,4年级下,4,下,40,Chinese,chinese,[ˌtʃaɪˈniːz],[ˌtʃaɪˈniːz],"n. 中文,汉语;中国人 adj. 中国的,中国人的;中国话的",沪教版三年级起点四年级下.xlsx
hujiao_start3|g4-lower|r041|maths,hujiao_start3,4年级下,4,下,41,Maths,maths,[mæθs],[mæθs],n. 数学(等于mathematics),沪教版三年级起点四年级下.xlsx
hujiao_start3|g4-lower|r042|english,hujiao_start3,4年级下,4,下,42,English,english,[ˈɪŋɡlɪʃ],[ˈɪŋɡlɪʃ],n. 英语;英国人;英文;英格兰人 adj. 英国人的;英国的;英文的 vt. 把...译成英语,沪教版三年级起点四年级下.xlsx
hujiao_start3|g4-lower|r043|science,hujiao_start3,4年级下,4,下,43,Science,science,[ˈsaɪəns],[ˈsaɪəns],n. 科学;技术;学科;理科,沪教版三年级起点四年级下.xlsx
hujiao_start3|g4-lower|r044|pe,hujiao_start3,4年级下,4,下,44,PE,pe,[peɪ],[peɪ],"abbr. 体育课,体能训练(physical education)",沪教版三年级起点四年级下.xlsx
hujiao_start3|g4-lower|r045|music,hujiao_start3,4年级下,4,下,45,Music,music,[ˈmjuːzɪk],[ˈmjuːzɪk],"n. 音乐,乐曲",沪教版三年级起点四年级下.xlsx
hujiao_start3|g4-lower|r046|art,hujiao_start3,4年级下,4,下,46,Art,art,[ɑːt],[ɑːrt],n. 艺术;美术;艺术品 v. 是(be的变体) adj. 艺术的;艺术品的,沪教版三年级起点四年级下.xlsx
hujiao_start3|g4-lower|r047|timetable,hujiao_start3,4年级下,4,下,47,timetable,timetable,[ˈtaɪmteɪb(ə)l],[ˈtaɪmteɪbl],n. 时间表;时刻表;课程表,沪教版三年级起点四年级下.xlsx
hujiao_start3|g4-lower|r048|from,hujiao_start3,4年级下,4,下,48,from,from,[frəm; frɒm],[frəm; frʌm; frɑːm],"prep. 来自,从;由于;今后",沪教版三年级起点四年级下.xlsx
hujiao_start3|g4-lower|r049|a.m.,hujiao_start3,4年级下,4,下,49,a.m.,a.m.,[ˌeɪ ˈem],[ˌeɪ ˈem],"abbr. 上午,午前(ante meridiem)",沪教版三年级起点四年级下.xlsx
hujiao_start3|g4-lower|r050|p.m.,hujiao_start3,4年级下,4,下,50,p.m.,p.m.,[ˌpiː ˈem],[ˌpiː ˈem],abbr. (=prime minister)总理;首相;午后 n. 总理(全写为 prime minister),沪教版三年级起点四年级下.xlsx
hujiao_start3|g4-lower|r051|break,hujiao_start3,4年级下,4,下,51,break,break,[breɪk],[breɪk],vi. 打破;折断;弄坏;削弱 vt. (使)破;打破(纪录);(常指好天气)突变;开始 vi. (嗓音)突变;突破;破晓;(价格)突然下跌 n. 破裂;间断;(持续一段时间的状况的)改变;间歇,沪教版三年级起点四年级下.xlsx
hujiao_start3|g4-lower|r052|from ... to ...,hujiao_start3,4年级下,4,下,52,from ... to ...,from ... to ...,,,从到;从什么到什么;起止时间,沪教版三年级起点四年级下.xlsx
hujiao_start3|g4-lower|r053|sport,hujiao_start3,4年级下,4,下,53,sport,sport,[spɔːt],[spɔːrt],n. 运动;游戏;娱乐;运动会;玩笑 adj. 运动的 vt. 游戏;参加体育运动;夸耀 vi. 游戏,沪教版三年级起点四年级下.xlsx
hujiao_start3|g4-lower|r054|football,hujiao_start3,4年级下,4,下,54,football,football,[ˈfʊtbɔːl],[ˈfʊtbɔːl],"n. 足球,橄榄球 vi. 踢足球;打橄榄球",沪教版三年级起点四年级下.xlsx
hujiao_start3|g4-lower|r055|club,hujiao_start3,4年级下,4,下,55,club,club,[klʌb],[klʌb],"n. 俱乐部,社团;夜总会;棍棒;(扑克牌中的)梅花 adj. 俱乐部的 vt. 用棍棒打;募集 vi. 集资;组成俱乐部",沪教版三年级起点四年级下.xlsx
hujiao_start3|g4-lower|r056|join,hujiao_start3,4年级下,4,下,56,join,join,[dʒɔɪn],[dʒɔɪn],vt. 参加;结合;连接 vi. 加入;参加;结合 n. 结合;连接;接合点,沪教版三年级起点四年级下.xlsx
hujiao_start3|g4-lower|r057|tell,hujiao_start3,4年级下,4,下,57,tell,tell,[tel],[tel],"vt. 告诉,说;辨别;吩咐;断定 vi. 讲述;告发,泄密;识别",沪教版三年级起点四年级下.xlsx
hujiao_start3|g4-lower|r058|about,hujiao_start3,4年级下,4,下,58,about,about,[əˈbaʊt],[əˈbaʊt],prep. 关于;大约 n. 大致;粗枝大叶;不拘小节的人 adj. 在附近的;四处走动的;在起作用的 adv. 大约;周围;到处,沪教版三年级起点四年级下.xlsx
hujiao_start3|g4-lower|r059|basketball,hujiao_start3,4年级下,4,下,59,basketball,basketball,[ˈbɑːskɪtbɔːl],[ˈbæskɪtbɔːl],n. 篮球;篮球运动,沪教版三年级起点四年级下.xlsx
hujiao_start3|g4-lower|r060|volleyball,hujiao_start3,4年级下,4,下,60,volleyball,volleyball,[ˈvɒlibɔːl],[ˈvɑːlibɔːl],n. 排球,沪教版三年级起点四年级下.xlsx
hujiao_start3|g4-lower|r061|us,hujiao_start3,4年级下,4,下,61,us,us,[əs; ʌs],[əs; ʌs],pron. 我们,沪教版三年级起点四年级下.xlsx
hujiao_start3|g4-lower|r062|table tennis,hujiao_start3,4年级下,4,下,62,table tennis,table tennis,['teɪb(ə)l'tenɪs],[ˈteɪbl tenɪs],n. 乒乓球运动,沪教版三年级起点四年级下.xlsx
hujiao_start3|g4-lower|r063|play football,hujiao_start3,4年级下,4,下,63,play football,play football,,,na. 踢足球;对难办的事采取踢皮球的态度,沪教版三年级起点四年级下.xlsx
hujiao_start3|g4-lower|r064|play basketball,hujiao_start3,4年级下,4,下,64,play basketball,play basketball,,,打篮球;玩篮球;篮球锻炼知多少,沪教版三年级起点四年级下.xlsx
hujiao_start3|g4-lower|r065|play volleyball,hujiao_start3,4年级下,4,下,65,play volleyball,play volleyball,,,打排球;玩排球;排球比赛,沪教版三年级起点四年级下.xlsx
hujiao_start3|g4-lower|r066|wonderful,hujiao_start3,4年级下,4,下,66,wonderful,wonderful,[ˈwʌndəf(ə)l],[ˈwʌndərf(ə)l],"adj. 极好的,精彩的,绝妙的;奇妙的;美妙;胜;神妙",沪教版三年级起点四年级下.xlsx
hujiao_start3|g4-lower|r067|violin,hujiao_start3,4年级下,4,下,67,violin,violin,[ˌvaɪəˈlɪn],[ˌvaɪəˈlɪn],n. 小提琴;小提琴手,沪教版三年级起点四年级下.xlsx
hujiao_start3|g4-lower|r068|guitar,hujiao_start3,4年级下,4,下,68,guitar,guitar,[ɡɪˈtɑː(r)],[ɡɪˈtɑːr],"n. 吉他,六弦琴 vi. 弹吉他",沪教版三年级起点四年级下.xlsx
hujiao_start3|g4-lower|r069|whose,hujiao_start3,4年级下,4,下,69,whose,whose,[huːz],[huːz],pron. 谁的(疑问代词),沪教版三年级起点四年级下.xlsx
hujiao_start3|g4-lower|r070|piano,hujiao_start3,4年级下,4,下,70,piano,piano,[piˈænəʊ],[piˈænoʊ],n. 钢琴,沪教版三年级起点四年级下.xlsx
hujiao_start3|g4-lower|r071|city,hujiao_start3,4年级下,4,下,71,city,city,[ˈsɪti],[ˈsɪti],"n. 城市,都市 adj. 城市的;都会的",沪教版三年级起点四年级下.xlsx
hujiao_start3|g4-lower|r072|bag,hujiao_start3,4年级下,4,下,72,bag,bag,[bæɡ],[bæɡ],"n. 袋;猎获物;(俚)一瓶啤酒 vt. 猎获;把...装入袋中;占据,私吞;使膨大 vi. 松垂",沪教版三年级起点四年级下.xlsx
hujiao_start3|g4-lower|r073|gold,hujiao_start3,4年级下,4,下,73,gold,gold,[ɡəʊld],[ɡoʊld],"n. 金,黄金;金色;金币 adj. 金的,金制的;金色的",沪教版三年级起点四年级下.xlsx
hujiao_start3|g4-lower|r074|all,hujiao_start3,4年级下,4,下,74,all,all,[ɔːl],[ɔːl],n. 全部 adj. 全部的 adv. 全然地;越发 pron. 全部,沪教版三年级起点四年级下.xlsx
hujiao_start3|g4-lower|r075|play the violin,hujiao_start3,4年级下,4,下,75,play the violin,play the violin,,,拉小提琴;弹小提琴;演奏小提琴,沪教版三年级起点四年级下.xlsx
hujiao_start3|g4-lower|r076|play the guitar,hujiao_start3,4年级下,4,下,76,play the guitar,play the guitar,,,弹吉他;弹吉它;谈吉他,沪教版三年级起点四年级下.xlsx
hujiao_start3|g4-lower|r077|o'clock,hujiao_start3,4年级下,4,下,77,o'clock,o'clock,,,abbr. ...点钟(等于of the clock),沪教版三年级起点四年级下.xlsx
hujiao_start3|g4-lower|r078|quarter,hujiao_start3,4年级下,4,下,78,quarter,quarter,[ˈkwɔːtə(r)],[ˈkwɔːrtər],num. 四分之一 n. 四分之一;地区;季度;一刻钟;两角五分;节 vt. 将...四等分;供某人住宿 vi. 住宿;驻扎,沪教版三年级起点四年级下.xlsx
hujiao_start3|g4-lower|r079|time,hujiao_start3,4年级下,4,下,79,time,time,[taɪm],[taɪm],n. 时间;时代;次数;节拍;倍数 adj. 定时的;定期的;分期的 vt. 计时;测定...的时间;安排...的速度,沪教版三年级起点四年级下.xlsx
hujiao_start3|g4-lower|r080|half,hujiao_start3,4年级下,4,下,80,half,half,[hɑːf],[hæf],n. 一半;半场;半学年 adj. 一半的;不完全的;半途的 adv. 一半地;部分地,沪教版三年级起点四年级下.xlsx
hujiao_start3|g4-lower|r081|wash,hujiao_start3,4年级下,4,下,81,wash,wash,[wɒʃ],[wɑːʃ],n. 洗涤;洗的衣服;化妆水;冲积物 vt. 洗涤;洗刷;冲走;拍打 vi. 洗澡;被冲蚀,沪教版三年级起点四年级下.xlsx
hujiao_start3|g4-lower|r082|dinner,hujiao_start3,4年级下,4,下,82,dinner,dinner,[ˈdɪnə(r)],[ˈdɪnər],"n. 晚餐,晚宴;宴会;正餐",沪教版三年级起点四年级下.xlsx
hujiao_start3|g4-lower|r083|start,hujiao_start3,4年级下,4,下,83,start,start,[stɑːt],[stɑːrt],n. 开始;起点 vt. 开始;启动 vi. 出发,沪教版三年级起点四年级下.xlsx
hujiao_start3|g4-lower|r084|catch,hujiao_start3,4年级下,4,下,84,catch,catch,[kætʃ],[kætʃ],n. 捕捉;捕获物;窗钩 vt. 赶上;抓住;感染;了解 vi. 赶上;抓住,沪教版三年级起点四年级下.xlsx
hujiao_start3|g4-lower|r085|get up,hujiao_start3,4年级下,4,下,85,get up,get up,[ɡet ʌp],[ɡet ʌp],na. 起床;起身;站起来;叫...起床,沪教版三年级起点四年级下.xlsx
hujiao_start3|g4-lower|r086|brush ... teeth,hujiao_start3,4年级下,4,下,86,brush ... teeth,brush ... teeth,,,刷牙;刷牙了;爸爸节之一起刷牙,沪教版三年级起点四年级下.xlsx
hujiao_start3|g4-lower|r087|half past ...,hujiao_start3,4年级下,4,下,87,half past ...,half past ...,,,点半;半点;踏半,沪教版三年级起点四年级下.xlsx
hujiao_start3|g4-lower|r088|have breakfast,hujiao_start3,4年级下,4,下,88,have breakfast,have breakfast,[hæv 'brekfəst],[hæv ˈbrekfəst],吃早饭;吃早餐;吃早点,沪教版三年级起点四年级下.xlsx
hujiao_start3|g4-lower|r089|go to school,hujiao_start3,4年级下,4,下,89,go to school,go to school,,,na. 到校上课;上学去;开始求学,沪教版三年级起点四年级下.xlsx
hujiao_start3|g4-lower|r090|wash ... face,hujiao_start3,4年级下,4,下,90,wash ... face,wash ... face,,,无,沪教版三年级起点四年级下.xlsx
hujiao_start3|g4-lower|r091|have lunch,hujiao_start3,4年级下,4,下,91,have lunch,have lunch,[hæv lʌntʃ],[hæv lʌntʃ],吃午饭;吃午餐;吃中饭,沪教版三年级起点四年级下.xlsx
hujiao_start3|g4-lower|r092|have dinner,hujiao_start3,4年级下,4,下,92,have dinner,have dinner,,,吃晚饭;吃饭;吃正餐,沪教版三年级起点四年级下.xlsx
hujiao_start3|g4-lower|r093|go to bed,hujiao_start3,4年级下,4,下,93,go to bed,go to bed,,,na. 睡;同床;【印】付印,沪教版三年级起点四年级下.xlsx
hujiao_start3|g4-lower|r094|week,hujiao_start3,4年级下,4,下,94,week,week,[wiːk],[wiːk],"n. 周,星期",沪教版三年级起点四年级下.xlsx
hujiao_start3|g4-lower|r095|monday,hujiao_start3,4年级下,4,下,95,Monday,monday,[ˈmʌndeɪ],[ˈmʌndeɪ],n. 星期一,沪教版三年级起点四年级下.xlsx
hujiao_start3|g4-lower|r096|with,hujiao_start3,4年级下,4,下,96,with,with,[wɪð],[wɪð; wɪθ],prep. 用;随着;支持;和...在一起,沪教版三年级起点四年级下.xlsx
hujiao_start3|g4-lower|r097|tuesday,hujiao_start3,4年级下,4,下,97,Tuesday,tuesday,[ˈtjuːzdeɪ],[ˈtuːzdeɪ],n. 星期二,沪教版三年级起点四年级下.xlsx
hujiao_start3|g4-lower|r098|wednesday,hujiao_start3,4年级下,4,下,98,Wednesday,wednesday,[ˈwenzdeɪ],[ˈwenzdeɪ],n. 星期三,沪教版三年级起点四年级下.xlsx
hujiao_start3|g4-lower|r099|thursday,hujiao_start3,4年级下,4,下,99,Thursday,thursday,[ˈθɜːzdeɪ],[ˈθɜːrzdeɪ],n. 星期四,沪教版三年级起点四年级下.xlsx
hujiao_start3|g4-lower|r100|friday,hujiao_start3,4年级下,4,下,100,Friday,friday,[ˈfraɪdeɪ],[ˈfraɪdeɪ],n. 星期五,沪教版三年级起点四年级下.xlsx
hujiao_start3|g4-lower|r101|game,hujiao_start3,4年级下,4,下,101,game,game,[ɡeɪm],[ɡeɪm],n. 游戏;比赛 adj. 勇敢的 vi. 赌博,沪教版三年级起点四年级下.xlsx
hujiao_start3|g4-lower|r102|saturday,hujiao_start3,4年级下,4,下,102,Saturday,saturday,[ˈsætədeɪ],[ˈsætərdeɪ],n. 星期六,沪教版三年级起点四年级下.xlsx
hujiao_start3|g4-lower|r103|sunday,hujiao_start3,4年级下,4,下,103,Sunday,sunday,[ˈsʌndeɪ],[ˈsʌndeɪ],n. 星期日;礼拜日,沪教版三年级起点四年级下.xlsx
hujiao_start3|g4-lower|r104|clock,hujiao_start3,4年级下,4,下,104,clock,clock,[klɒk],[klɑːk],n. 时钟;计时器 vt. 记录;记时 vi. 打卡;记录时间,沪教版三年级起点四年级下.xlsx
hujiao_start3|g4-lower|r105|play chess,hujiao_start3,4年级下,4,下,105,play chess,play chess,[pleɪ tʃes],[pleɪ tʃes],na. 下象棋,沪教版三年级起点四年级下.xlsx
hujiao_start3|g4-lower|r106|at the weekend,hujiao_start3,4年级下,4,下,106,at the weekend,at the weekend,,,在周末;在这个周末;周末生活,沪教版三年级起点四年级下.xlsx
hujiao_start3|g4-lower|r107|late for,hujiao_start3,4年级下,4,下,107,late for,late for,,,adj. 迟于,沪教版三年级起点四年级下.xlsx
hujiao_start3|g4-lower|r108|be late for,hujiao_start3,4年级下,4,下,108,be late for,be late for,[bi leɪt fɔː(r)],[bi leɪt fɔːr],v. 迟到,沪教版三年级起点四年级下.xlsx
hujiao_start3|g4-lower|r109|china,hujiao_start3,4年级下,4,下,109,China,china,[ˈtʃaɪnə],[ˈtʃaɪnə],"n. 中国 n. china,瓷器 adj. 中国的;中国制造的 adj. china,瓷制的",沪教版三年级起点四年级下.xlsx
hujiao_start3|g4-lower|r110|talk,hujiao_start3,4年级下,4,下,110,talk,talk,[tɔːk],[tɔːk],n. 谈话;演讲;空谈 vi. 谈话;说闲话 vt. 说;谈话;讨论,沪教版三年级起点四年级下.xlsx
hujiao_start3|g4-lower|r111|may,hujiao_start3,4年级下,4,下,111,May,may,[meɪ],[meɪ],"aux. 可以,能够;可能,也许;祝,愿;会,能",沪教版三年级起点四年级下.xlsx
hujiao_start3|g4-lower|r112|june,hujiao_start3,4年级下,4,下,112,June,june,[dʒuːn],[dʒuːn],"n. 六月;琼(人名,来源于拉丁语,含义是“年轻气盛的六月”)",沪教版三年级起点四年级下.xlsx
hujiao_start3|g4-lower|r113|january,hujiao_start3,4年级下,4,下,113,January,january,[ˈdʒænjuəri],[ˈdʒænjueri],n. 一月,沪教版三年级起点四年级下.xlsx
hujiao_start3|g4-lower|r114|february,hujiao_start3,4年级下,4,下,114,February,february,[ˈfebruəri],[ˈfebrueri],n. 二月,沪教版三年级起点四年级下.xlsx
hujiao_start3|g4-lower|r115|march,hujiao_start3,4年级下,4,下,115,March,march,[mɑːtʃ],[mɑːrtʃ],n. 三月,沪教版三年级起点四年级下.xlsx
hujiao_start3|g4-lower|r116|april,hujiao_start3,4年级下,4,下,116,April,april,[ˈeɪprəl],[ˈeɪprəl],n. 四月,沪教版三年级起点四年级下.xlsx
hujiao_start3|g4-lower|r117|july,hujiao_start3,4年级下,4,下,117,July,july,[dʒʊˈlaɪ],[dʒʊˈlaɪ],n. 七月,沪教版三年级起点四年级下.xlsx
hujiao_start3|g4-lower|r118|august,hujiao_start3,4年级下,4,下,118,August,august,[ˈɔːɡəst],[ˈɔːɡəst],n. 八月(简写为Aug) adj. 威严的;令人敬畏的,沪教版三年级起点四年级下.xlsx
hujiao_start3|g4-lower|r119|september,hujiao_start3,4年级下,4,下,119,September,september,[sepˈtembə(r)],[sepˈtembər],n. 九月,沪教版三年级起点四年级下.xlsx
hujiao_start3|g4-lower|r120|october,hujiao_start3,4年级下,4,下,120,October,october,[ɒkˈtəʊbə(r)],[ɑːkˈtoʊbər],n. [天] 十月,沪教版三年级起点四年级下.xlsx
hujiao_start3|g4-lower|r121|november,hujiao_start3,4年级下,4,下,121,November,november,[nəʊˈvembə(r)],[noʊˈvembər],n. 十一月,沪教版三年级起点四年级下.xlsx
hujiao_start3|g4-lower|r122|december,hujiao_start3,4年级下,4,下,122,December,december,[dɪˈsembə(r)],[dɪˈsembər],n. 十二月,沪教版三年级起点四年级下.xlsx
hujiao_start3|g4-lower|r123|email,hujiao_start3,4年级下,4,下,123,email,email,[ˈiːmeɪl],[ˈiːmeɪl],n. 电子信函 vt. 给...发电子邮件,沪教版三年级起点四年级下.xlsx
hujiao_start3|g4-lower|r124|hat,hujiao_start3,4年级下,4,下,124,hat,hat,[hæt],[hæt],n. 帽子 vt. 给......戴上帽子 vi. 供应帽子;制造帽子,沪教版三年级起点四年级下.xlsx
hujiao_start3|g4-lower|r125|wear,hujiao_start3,4年级下,4,下,125,wear,wear,[weə(r)],[wer],n. 衣物;磨损;耐久性 v. 穿着;用旧;耗损;面露,沪教版三年级起点四年级下.xlsx
hujiao_start3|g4-lower|r126|yours,hujiao_start3,4年级下,4,下,126,yours,yours,[jɔːz],[jərz; jɔːrz; jʊrz],"pron. 你(们)的东西;你的责任[义务];你的家属;来信,尊函 adj. 你(们)的(东西);信末署名前用语",沪教版三年级起点四年级下.xlsx
hujiao_start3|g4-lower|r127|every year,hujiao_start3,4年级下,4,下,127,every year,every year,,,na. 每年,沪教版三年级起点四年级下.xlsx
hujiao_start3|g4-lower|r128|garden,hujiao_start3,4年级下,4,下,128,garden,garden,[ˈɡɑːdn],[ˈɡɑːrdn],n. 花园;菜园 vt. 栽培花木 vi. 从事园艺;在园中种植,沪教版三年级起点四年级下.xlsx
hujiao_start3|g4-lower|r129|plant,hujiao_start3,4年级下,4,下,129,plant,plant,[plɑːnt],[plænt],"n. 工厂,车间;植物;设备;庄稼 vt. 种植;培养;栽培;安置 vi. 种植",沪教版三年级起点四年级下.xlsx
hujiao_start3|g4-lower|r130|leaf,hujiao_start3,4年级下,4,下,130,leaf,leaf,[liːf],[liːf],"n. 叶子;(书籍等的)一张;扇页 vi. 生叶;翻书页 vt. 翻...的页,匆匆翻阅",沪教版三年级起点四年级下.xlsx
hujiao_start3|g4-lower|r131|water,hujiao_start3,4年级下,4,下,131,water,water,[ˈwɔːtə(r)],[ˈwɔːtər],"n. 水;海水;雨水;海域,大片的水 vt. 使湿;供以水;给...浇水 vi. 加水;流泪;流口水",沪教版三年级起点四年级下.xlsx
hujiao_start3|g4-lower|r132|them,hujiao_start3,4年级下,4,下,132,them,them,[ðəm; ðem],[ðəm; ðem],pron. 他们;它们;她们,沪教版三年级起点四年级下.xlsx
hujiao_start3|g4-lower|r133|grow,hujiao_start3,4年级下,4,下,133,grow,grow,[ɡrəʊ],[ɡroʊ],vi. 发展;生长;渐渐变得... vt. 使生长;种植;扩展,沪教版三年级起点四年级下.xlsx
hujiao_start3|g4-lower|r134|seed,hujiao_start3,4年级下,4,下,134,seed,seed,[siːd],[siːd],n. 种子;根据;精液;萌芽;子孙;原由 vt. 播种;结实;成熟;去...籽 vi. 播种;(植物)结实,沪教版三年级起点四年级下.xlsx
hujiao_start3|g4-lower|r135|every day,hujiao_start3,4年级下,4,下,135,every day,every day,,,na. 每日,沪教版三年级起点四年级下.xlsx
hujiao_start3|g4-lower|r136|song,hujiao_start3,4年级下,4,下,136,song,song,[sɒŋ],[sɔŋ],n. 歌曲;歌唱;诗歌;鸣声,沪教版三年级起点四年级下.xlsx
hujiao_start3|g4-lower|r137|zoo,hujiao_start3,4年级下,4,下,137,zoo,zoo,[zuː],[zuː],n. 动物园; <美俚>(铁路货车的最后一节)守车; <美俚>核粒子园,沪教版三年级起点四年级下.xlsx
hujiao_start3|g4-lower|r138|cinema,hujiao_start3,4年级下,4,下,138,cinema,cinema,[ˈsɪnəmə],[ˈsɪnəmə],"n. 电影;电影院;电影业,电影制作术",沪教版三年级起点四年级下.xlsx
hujiao_start3|g4-lower|r139|museum,hujiao_start3,4年级下,4,下,139,museum,museum,[mjuˈziːəm],[mjuˈziːəm],n. 博物馆,沪教版三年级起点四年级下.xlsx
hujiao_start3|g4-lower|r140|also,hujiao_start3,4年级下,4,下,140,also,also,[ˈɔːlsəʊ],[ˈɔːlsoʊ],conj. 并且;另外 adv. 也;而且;同样,沪教版三年级起点四年级下.xlsx
hujiao_start3|g4-lower|r141|have a party,hujiao_start3,4年级下,4,下,141,have a party,have a party,,,聚会;举行晚会;开聚会,沪教版三年级起点四年级下.xlsx
hujiao_start3|g4-lower|r142|ugly,hujiao_start3,4年级下,4,下,142,ugly,ugly,[ˈʌɡli],[ˈʌɡli],adj. 丑陋的;邪恶的;令人厌恶的,沪教版三年级起点四年级下.xlsx
hujiao_start3|g4-lower|r143|duckling,hujiao_start3,4年级下,4,下,143,duckling,duckling,[ˈdʌklɪŋ],[ˈdʌklɪŋ],n. 小鸭子,沪教版三年级起点四年级下.xlsx
hujiao_start3|g4-lower|r144|duck,hujiao_start3,4年级下,4,下,144,duck,duck,[dʌk],[dʌk],n. 鸭子;鸭肉;(英)宝贝儿;零分 vt. 躲避;猛按...入水 vi. 闪避;没入水中,沪教版三年级起点四年级下.xlsx
hujiao_start3|g4-lower|r145|river,hujiao_start3,4年级下,4,下,145,river,river,[ˈrɪvə(r)],[ˈrɪvər],"n. 河,江",沪教版三年级起点四年级下.xlsx
hujiao_start3|g4-lower|r146|baby,hujiao_start3,4年级下,4,下,146,baby,baby,[ˈbeɪbi],[ˈbeɪbi],"n. 婴儿,婴孩;孩子气的人 adj. 婴儿的;幼小的 vt. 纵容,娇纵;把......当婴儿般对待",沪教版三年级起点四年级下.xlsx
hujiao_start3|g4-lower|r147|later,hujiao_start3,4年级下,4,下,147,later,later,[ˈleɪtə(r)],[ˈleɪtər],adv. 后来;稍后;随后 adj. 更迟的;更后的,沪教版三年级起点四年级下.xlsx
hujiao_start3|g4-lower|r148|quack,hujiao_start3,4年级下,4,下,148,quack,quack,[kwæk],[kwæk],n. 庸医;鸭叫声 adj. 骗人的;冒牌医生的 vi. (鸭子)嘎嘎叫;吹嘘;大声闲聊,沪教版三年级起点四年级下.xlsx
hujiao_start3|g4-lower|r149|back,hujiao_start3,4年级下,4,下,149,back,back,[bæk],[bæk],n. 后面;背部;靠背;足球等的后卫;书报等的末尾 adj. 后面的;过去的;拖欠的 vt. 支持;后退;背书;下赌注 adv. 以前;向后地;来回地;上溯;回来;回原处 vi. 后退;背靠;倒退,沪教版三年级起点四年级下.xlsx
hujiao_start3|g4-lower|r150|away,hujiao_start3,4年级下,4,下,150,away,away,[əˈweɪ],[əˈweɪ],"adv. 离去,离开;在远处",沪教版三年级起点四年级下.xlsx
hujiao_start3|g4-lower|r151|swan,hujiao_start3,4年级下,4,下,151,swan,swan,[swɒn],[swɑːn],"n. 天鹅;天鹅星座 vi. 游荡,闲荡",沪教版三年级起点四年级下.xlsx
hujiao_start3|g4-lower|r152|into,hujiao_start3,4年级下,4,下,152,into,into,[ˈɪntə],[ˈɪntə; ˈɪntu; ˈɪntuː],prep. 到...里;深入...之中;成为...状况;进入到...之内,沪教版三年级起点四年级下.xlsx
hujiao_start3|g5-upper|r002|future,hujiao_start3,5年级上,5,上,2,future,future,[ˈfjuːtʃə(r)],[ˈfjuːtʃər],"n. 未来;前途;期货;将来时 adj. 将来的,未来的",沪教版三年级起点五年级上.xlsx
hujiao_start3|g5-upper|r003|want,hujiao_start3,5年级上,5,上,3,want,want,[wɒnt],[wɑːnt],n. 需要;缺乏;贫困;必需品 vt. 需要;希望;应该;缺少 vi. 需要;缺少,沪教版三年级起点五年级上.xlsx
hujiao_start3|g5-upper|r004|pilot,hujiao_start3,5年级上,5,上,4,pilot,pilot,[ˈpaɪlət],[ˈpaɪlət],n. 飞行员;领航员 adj. 试点的 v. 驾驶;领航;试用,沪教版三年级起点五年级上.xlsx
hujiao_start3|g5-upper|r005|teach,hujiao_start3,5年级上,5,上,5,teach,teach,[tiːtʃ],[tiːtʃ],vt. 教;教授;教导 vi. 教授;讲授;当老师,沪教版三年级起点五年级上.xlsx
hujiao_start3|g5-upper|r006|cook,hujiao_start3,5年级上,5,上,6,cook,cook,[kʊk],[kʊk],"n. 厨师,厨子 vt. 烹调,煮 vi. 烹调,做菜",沪教版三年级起点五年级上.xlsx
hujiao_start3|g5-upper|r007|taxi driver,hujiao_start3,5年级上,5,上,7,taxi driver,taxi driver,,,n. 计程车司机,沪教版三年级起点五年级上.xlsx
hujiao_start3|g5-upper|r008|job,hujiao_start3,5年级上,5,上,8,job,job,[dʒɒb],[dʒɑːb],n. 工作;职业 vt. 承包;代客买卖 vi. 做零工,沪教版三年级起点五年级上.xlsx
hujiao_start3|g5-upper|r009|singer,hujiao_start3,5年级上,5,上,9,singer,singer,[ˈsɪŋə(r)],[ˈsɪŋər],"n. 歌手,歌唱家",沪教版三年级起点五年级上.xlsx
hujiao_start3|g5-upper|r010|fall,hujiao_start3,5年级上,5,上,10,fall,fall,[fɔːl],[fɔːl],n. 下降;秋天;瀑布 adj. 秋天的 vi. 落下;变成;来临;减弱 vt. 砍倒;击倒,沪教版三年级起点五年级上.xlsx
hujiao_start3|g5-upper|r011|lifeguard,hujiao_start3,5年级上,5,上,11,lifeguard,lifeguard,[ˈlaɪfɡɑːd],[ˈlaɪfɡɑːrd],"n. 救生员;警卫 vt. 护卫,保护 vi. 当救生员",沪教版三年级起点五年级上.xlsx
hujiao_start3|g5-upper|r012|save,hujiao_start3,5年级上,5,上,12,save,save,[seɪv],[seɪv],prep. 除...之外 n. 救援 vi. 节省;挽救 vt. 节省;保存;储蓄;解救,沪教版三年级起点五年级上.xlsx
hujiao_start3|g5-upper|r013|become,hujiao_start3,5年级上,5,上,13,become,become,[bɪˈkʌm],[bɪˈkʌm],vt. 适合;相称 vi. 成为;变得;变成,沪教版三年级起点五年级上.xlsx
hujiao_start3|g5-upper|r014|good at,hujiao_start3,5年级上,5,上,14,good at,good at,,,un. 擅长;一清二楚;拿手的;精明的,沪教版三年级起点五年级上.xlsx
hujiao_start3|g5-upper|r015|be good at,hujiao_start3,5年级上,5,上,15,be good at,be good at,,,v. 善于,沪教版三年级起点五年级上.xlsx
hujiao_start3|g5-upper|r016|by,hujiao_start3,5年级上,5,上,16,by,by,[baɪ],[baɪ],prep. 通过;被;依据;经由;在附近;在......之前 adv. 通过;经过;附近;[互联网] 白俄罗斯的国家代码顶级域名,沪教版三年级起点五年级上.xlsx
hujiao_start3|g5-upper|r017|walk,hujiao_start3,5年级上,5,上,17,walk,walk,[wɔːk],[wɔːk],"n. 步行,走;散步 vi. 走,步行;散步 vt. 散步;走过",沪教版三年级起点五年级上.xlsx
hujiao_start3|g5-upper|r018|ms,hujiao_start3,5年级上,5,上,18,Ms,ms,[mɪz],[mɪz],"abbr. 存贮系统(Memory System);主存储器(Main Storage);主程序装置(Master Sequecer);中速,平均速度(Medium Speed);主(总)开关(Master Switch)",沪教版三年级起点五年级上.xlsx
hujiao_start3|g5-upper|r019|journey,hujiao_start3,5年级上,5,上,19,journey,journey,[ˈdʒɜːni],[ˈdʒɜːrni],n. 旅行;行程 vi. 旅行,沪教版三年级起点五年级上.xlsx
hujiao_start3|g5-upper|r020|primary school,hujiao_start3,5年级上,5,上,20,primary school,primary school,,,n. 小学,沪教版三年级起点五年级上.xlsx
hujiao_start3|g5-upper|r021|underground,hujiao_start3,5年级上,5,上,21,underground,underground,[ˌʌndəˈɡraʊnd],[ˌʌndərˈɡraʊnd],n. 地下;地铁;地道;地下组织;秘密活动;先锋派团体 adj. 地下的;秘密的;先锋派的 adv. 在地下;秘密地,沪教版三年级起点五年级上.xlsx
hujiao_start3|g5-upper|r022|station,hujiao_start3,5年级上,5,上,22,station,station,[ˈsteɪʃ(ə)n],[ˈsteɪʃn],n. 车站;驻地;地位;身份 vt. 配置;安置;驻扎,沪教版三年级起点五年级上.xlsx
hujiao_start3|g5-upper|r023|take,hujiao_start3,5年级上,5,上,23,take,take,[teɪk],[teɪk],"vi. 拿;获得 vt. 拿,取;采取;接受(礼物等);买,花费;耗费(时间等) n. 捕获量;看法;利益,盈益;(入场券的)售得金额",沪教版三年级起点五年级上.xlsx
hujiao_start3|g5-upper|r024|after,hujiao_start3,5年级上,5,上,24,after,after,[ˈɑːftə(r)],[ˈæftər],"conj. 在......之后 prep. 在......之后 adj. 以后的 adv. 后来,以后",沪教版三年级起点五年级上.xlsx
hujiao_start3|g5-upper|r025|hour,hujiao_start3,5年级上,5,上,25,hour,hour,[ˈaʊə(r)],[ˈaʊər],n. 小时;钟头;课时;...点钟,沪教版三年级起点五年级上.xlsx
hujiao_start3|g5-upper|r026|bus stop,hujiao_start3,5年级上,5,上,26,bus stop,bus stop,,,n. 公共汽车停靠站,沪教版三年级起点五年级上.xlsx
hujiao_start3|g5-upper|r027|by bus,hujiao_start3,5年级上,5,上,27,by bus,by bus,,,na. 乘公共汽车,沪教版三年级起点五年级上.xlsx
hujiao_start3|g5-upper|r028|far from,hujiao_start3,5年级上,5,上,28,far from,far from,,,na. 远离;决不,沪教版三年级起点五年级上.xlsx
hujiao_start3|g5-upper|r029|on foot,hujiao_start3,5年级上,5,上,29,on foot,on foot,,,na. 步行;在进行中;徒步,沪教版三年级起点五年级上.xlsx
hujiao_start3|g5-upper|r030|by bike,hujiao_start3,5年级上,5,上,30,by bike,by bike,,,骑自行车;骑车;骑单车,沪教版三年级起点五年级上.xlsx
hujiao_start3|g5-upper|r031|by car,hujiao_start3,5年级上,5,上,31,by car,by car,,,na. 乘电车;乘汽车,沪教版三年级起点五年级上.xlsx
hujiao_start3|g5-upper|r032|get off,hujiao_start3,5年级上,5,上,32,get off,get off,,,na. 下车;脱下(衣服等);脱(衣);下(马),沪教版三年级起点五年级上.xlsx
hujiao_start3|g5-upper|r033|party,hujiao_start3,5年级上,5,上,33,party,party,[ˈpɑːti],[ˈpɑːrti],"n. 政党,党派;聚会,派对;当事人 [复数 parties] vi. 参加社交聚会 [ 过去式 partied 过去分词 partied 现在分词 partying ]",沪教版三年级起点五年级上.xlsx
hujiao_start3|g5-upper|r034|when,hujiao_start3,5年级上,5,上,34,when,when,[wen],[wen],"conj. 考虑到;既然;当...时;在...时;如果 n. 时间,时候;日期;场合 adv. 什么时候,何时;(用于时间的表达方式之后)在那时;其时;当时 pron. 那时;什么时侯",沪教版三年级起点五年级上.xlsx
hujiao_start3|g5-upper|r035|begin,hujiao_start3,5年级上,5,上,35,begin,begin,[bɪˈɡɪn],[bɪˈɡɪn],vi. 开始;首先 vt. 开始,沪教版三年级起点五年级上.xlsx
hujiao_start3|g5-upper|r036|bring,hujiao_start3,5年级上,5,上,36,bring,bring,[brɪŋ],[brɪŋ],vt. 带来;促使;引起;使某人处于某种情况或境地,沪教版三年级起点五年级上.xlsx
hujiao_start3|g5-upper|r037|thing,hujiao_start3,5年级上,5,上,37,thing,thing,[θɪŋ],[θɪŋ],n. 事情;东西;事物;情况,沪教版三年级起点五年级上.xlsx
hujiao_start3|g5-upper|r038|favourite,hujiao_start3,5年级上,5,上,38,favourite,favourite,[ˈfeɪvərɪt],[ˈfeɪvərɪt],n. 特别喜爱的人(或物) adj. 特别受喜爱的,沪教版三年级起点五年级上.xlsx
hujiao_start3|g5-upper|r039|interesting,hujiao_start3,5年级上,5,上,39,interesting,interesting,[ˈɪntrəstɪŋ],[ˈɪntrəstɪŋ; ˈɪntrestɪŋ],"adj. 有趣的;引起兴趣的,令人关注的",沪教版三年级起点五年级上.xlsx
hujiao_start3|g5-upper|r040|hat,hujiao_start3,5年级上,5,上,40,hat,hat,[hæt],[hæt],n. 帽子 vt. 给......戴上帽子 vi. 供应帽子;制造帽子,沪教版三年级起点五年级上.xlsx
hujiao_start3|g5-upper|r041|have fun,hujiao_start3,5年级上,5,上,41,have fun,have fun,[hæv fʌn],[hæv fʌn],na. 作乐,沪教版三年级起点五年级上.xlsx
hujiao_start3|g5-upper|r042|usually,hujiao_start3,5年级上,5,上,42,usually,usually,[ˈjuːʒuəli],[ˈjuːʒuəli; ˈjuːʒəli],"adv. 通常,经常",沪教版三年级起点五年级上.xlsx
hujiao_start3|g5-upper|r043|often,hujiao_start3,5年级上,5,上,43,often,often,[ˈɒf(ə)n],[ˈɔːf(ə)n],"adv. 常常,时常",沪教版三年级起点五年级上.xlsx
hujiao_start3|g5-upper|r044|visit,hujiao_start3,5年级上,5,上,44,visit,visit,[ˈvɪzɪt],[ˈvɪzɪt],n. 访问;参观;逗留 vt. 访问;参观;视察 vi. 访问;暂住;闲谈,沪教版三年级起点五年级上.xlsx
hujiao_start3|g5-upper|r045|sometimes,hujiao_start3,5年级上,5,上,45,sometimes,sometimes,[ˈsʌmtaɪmz],[ˈsʌmtaɪmz],"adv. 有时,间或",沪教版三年级起点五年级上.xlsx
hujiao_start3|g5-upper|r046|always,hujiao_start3,5年级上,5,上,46,always,always,[ˈɔːlweɪz],[ˈɔːlweɪz],"adv. 永远,一直;总是;常常",沪教版三年级起点五年级上.xlsx
hujiao_start3|g5-upper|r047|never,hujiao_start3,5年级上,5,上,47,never,never,[ˈnevə(r)],[ˈnevər],adv. 从未;决不,沪教版三年级起点五年级上.xlsx
hujiao_start3|g5-upper|r048|play sport,hujiao_start3,5年级上,5,上,48,play sport,play sport,,,无,沪教版三年级起点五年级上.xlsx
hujiao_start3|g5-upper|r049|go shopping,hujiao_start3,5年级上,5,上,49,go shopping,go shopping,,,na. 去买东西,沪教版三年级起点五年级上.xlsx
hujiao_start3|g5-upper|r050|clever,hujiao_start3,5年级上,5,上,50,clever,clever,[ˈklevə(r)],[ˈklevər],adj. 聪明的;机灵的;熟练的 [ 比较级cleverer 最高级 cleverest ],沪教版三年级起点五年级上.xlsx
hujiao_start3|g5-upper|r051|same,hujiao_start3,5年级上,5,上,51,same,same,[seɪm],[seɪm],adj. 相同的;同一的;上述的(通常与the连用);无变化的 adv. 同样地(通常与the连用) pron. 同样的事物或人(通常与the连用),沪教版三年级起点五年级上.xlsx
hujiao_start3|g5-upper|r052|class,hujiao_start3,5年级上,5,上,52,class,class,[klɑːs],[klæs],"n. 阶级;班级;种类;班;等级 adj. 极好的;很好的,优秀的,出色的 vt. 分类;把...分等级;把...归入某等级,把...看作(或分类、归类);把...编入某一班级 vi. 属于...类(或等级),被列为某类(或某级)",沪教版三年级起点五年级上.xlsx
hujiao_start3|g5-upper|r053|both,hujiao_start3,5年级上,5,上,53,both,both,[bəʊθ],[boʊθ],conj. 既...且... adj. 两个的;两者的 pron. 双方都;两者都 adv. 并;又;两者皆,沪教版三年级起点五年级上.xlsx
hujiao_start3|g5-upper|r054|cross,hujiao_start3,5年级上,5,上,54,cross,cross,[krɒs],[krɔːs],"n. 交叉,十字;十字架,十字形物 adj. 交叉的,相反的;乖戾的;生气的 vt. 杂交;渡过;使相交 vi. 交叉;杂交;横过",沪教版三年级起点五年级上.xlsx
hujiao_start3|g5-upper|r055|carry,hujiao_start3,5年级上,5,上,55,carry,carry,[ˈkæri],[ˈkæri],"n. 运载;[计] 进位;射程 vi. 能达到;被携带;被搬运 vt. 拿,扛;携带;支持;搬运",沪教版三年级起点五年级上.xlsx
hujiao_start3|g5-upper|r056|heavy,hujiao_start3,5年级上,5,上,56,heavy,heavy,[ˈhevi],[ˈhevi],"n. 重物;严肃角色 adj. 沉重的;繁重的,巨大的;拥挤的;阴沉的 adv. 大量地;笨重地",沪教版三年级起点五年级上.xlsx
hujiao_start3|g5-upper|r057|different,hujiao_start3,5年级上,5,上,57,different,different,[ˈdɪfrənt],[ˈdɪfrənt],"adj. 不同的;个别的,与众不同的",沪教版三年级起点五年级上.xlsx
hujiao_start3|g5-upper|r058|bored,hujiao_start3,5年级上,5,上,58,bored,bored,[bɔːd],[bɔːrd],v. 使厌烦(bore的过去式);烦扰 adj. 无聊的;无趣的;烦人的,沪教版三年级起点五年级上.xlsx
hujiao_start3|g5-upper|r059|word,hujiao_start3,5年级上,5,上,59,word,word,[wɜːd],[wɜːrd],n. [语] 单词;话语;消息;诺言;命令 vt. 用言辞表达,沪教版三年级起点五年级上.xlsx
hujiao_start3|g5-upper|r060|easy,hujiao_start3,5年级上,5,上,60,easy,easy,[ˈiːzi],[ˈiːzi],"adj. 容易的;舒适的 vt. 发出停划命令 adv. 不费力地,从容地 vi. 停止划桨",沪教版三年级起点五年级上.xlsx
hujiao_start3|g5-upper|r061|say,hujiao_start3,5年级上,5,上,61,say,say,[seɪ],[seɪ],vt. 讲;说明;例如;声称;假设;指明 vi. 讲;表示;念;假定;背诵,沪教版三年级起点五年级上.xlsx
hujiao_start3|g5-upper|r062|then,hujiao_start3,5年级上,5,上,62,then,then,[ðen],[ðen],"conj. 然后,当时 n. 那时 adv. 然后;那么;于是;当时;此外",沪教版三年级起点五年级上.xlsx
hujiao_start3|g5-upper|r063|ask,hujiao_start3,5年级上,5,上,63,ask,ask,[ɑːsk],[æsk],"vt. 问,询问;要求;需要;邀请;讨价 vi. 问,询问;要求",沪教版三年级起点五年级上.xlsx
hujiao_start3|g5-upper|r064|answer,hujiao_start3,5年级上,5,上,64,answer,answer,[ˈɑːnsə(r)],[ˈænsər],n. 回答;答案;答辩 vt. 回答;符合 vi. 回答;符合,沪教版三年级起点五年级上.xlsx
hujiao_start3|g5-upper|r065|soon,hujiao_start3,5年级上,5,上,65,soon,soon,[suːn],[suːn],"adv. 快;不久,一会儿;立刻;宁愿",沪教版三年级起点五年级上.xlsx
hujiao_start3|g5-upper|r066|each other,hujiao_start3,5年级上,5,上,66,each other,each other,,,pron. 彼此,沪教版三年级起点五年级上.xlsx
hujiao_start3|g5-upper|r067|make phone calls,hujiao_start3,5年级上,5,上,67,make phone calls,make phone calls,,,打电话;接通电话,沪教版三年级起点五年级上.xlsx
hujiao_start3|g5-upper|r068|life,hujiao_start3,5年级上,5,上,68,life,life,[laɪf],[laɪf],"n. 生活,生存;寿命",沪教版三年级起点五年级上.xlsx
hujiao_start3|g5-upper|r069|living room,hujiao_start3,5年级上,5,上,69,living room,living room,['lɪvɪŋ ru:m],[ˈlɪvɪŋ ruːm],n. 客厅;起居室,沪教版三年级起点五年级上.xlsx
hujiao_start3|g5-upper|r070|bedroom,hujiao_start3,5年级上,5,上,70,bedroom,bedroom,[ˈbedruːm],[ˈbedruːm; ˈbedrʊm],n. 卧室 adj. 两性关系的;城郊住宅区的,沪教版三年级起点五年级上.xlsx
hujiao_start3|g5-upper|r071|model plane,hujiao_start3,5年级上,5,上,71,model plane,model plane,,,模型飞机;飞机模型;一架飞机模型,沪教版三年级起点五年级上.xlsx
hujiao_start3|g5-upper|r072|kitchen,hujiao_start3,5年级上,5,上,72,kitchen,kitchen,[ˈkɪtʃɪn],[ˈkɪtʃɪn],n. 厨房;炊具;炊事人员,沪教版三年级起点五年级上.xlsx
hujiao_start3|g5-upper|r073|bathroom,hujiao_start3,5年级上,5,上,73,bathroom,bathroom,[ˈbɑːθruːm; ˈbɑːθrʊm],[ˈbæθruːm],n. 浴室;厕所;盥洗室,沪教版三年级起点五年级上.xlsx
hujiao_start3|g5-upper|r074|their,hujiao_start3,5年级上,5,上,74,their,their,[ðeə(r)],[ðer],"pron. 他们的,她们的;它们的",沪教版三年级起点五年级上.xlsx
hujiao_start3|g5-upper|r075|light,hujiao_start3,5年级上,5,上,75,light,light,[laɪt],[laɪt],n. 光;光线;灯;打火机;领悟;浅色;天窗 adj. 轻的;浅色的;明亮的;轻松的;容易的;清淡的 vi. 点着;变亮;着火 vt. 照亮;点燃;着火 adv. 轻地;清楚地;轻便地,沪教版三年级起点五年级上.xlsx
hujiao_start3|g5-upper|r076|watch,hujiao_start3,5年级上,5,上,76,watch,watch,[wɒtʃ],[wɑːtʃ],"n. 手表;监视;守护;值班人 vt. 观察;注视;看守;警戒 vi. 观看,注视;守侯,看守",沪教版三年级起点五年级上.xlsx
hujiao_start3|g5-upper|r077|tv,hujiao_start3,5年级上,5,上,77,TV,tv,[ˌtiː ˈviː],[ˌtiː ˈviː],abbr. 电视(television),沪教版三年级起点五年级上.xlsx
hujiao_start3|g5-upper|r078|before,hujiao_start3,5年级上,5,上,78,before,before,[bɪˈfɔː(r)],[bɪˈfɔːr],"prep. 在...之前,先于 conj. 在...以前;在...之前 adv. 以前;在前",沪教版三年级起点五年级上.xlsx
hujiao_start3|g5-upper|r079|bedtime,hujiao_start3,5年级上,5,上,79,bedtime,bedtime,[ˈbedtaɪm],[ˈbedtaɪm],n. 就寝时间 adj. 适于睡前的,沪教版三年级起点五年级上.xlsx
hujiao_start3|g5-upper|r080|do ... homework,hujiao_start3,5年级上,5,上,80,do ... homework,do ... homework,,,做作业;做家庭作业;做功课,沪教版三年级起点五年级上.xlsx
hujiao_start3|g5-upper|r081|turn off,hujiao_start3,5年级上,5,上,81,turn off,turn off,[tɜ:n ɒf],[tɜːrn ɔ:f],v. 关掉,沪教版三年级起点五年级上.xlsx
hujiao_start3|g5-upper|r082|watch tv,hujiao_start3,5年级上,5,上,82,watch TV,watch tv,,,v. 看电视,沪教版三年级起点五年级上.xlsx
hujiao_start3|g5-upper|r083|tell a story,hujiao_start3,5年级上,5,上,83,tell a story,tell a story,,,讲故事;说故事;讲述故事,沪教版三年级起点五年级上.xlsx
hujiao_start3|g5-upper|r084|beach,hujiao_start3,5年级上,5,上,84,beach,beach,[biːtʃ],[biːtʃ],n. 海滩;湖滨 vt. 将...拖上岸 vi. 搁浅;定居,沪教版三年级起点五年级上.xlsx
hujiao_start3|g5-upper|r085|enjoy,hujiao_start3,5年级上,5,上,85,enjoy,enjoy,[ɪnˈdʒɔɪ],[ɪnˈdʒɔɪ],"vt. 欣赏,享受;喜爱;使过得快活",沪教版三年级起点五年级上.xlsx
hujiao_start3|g5-upper|r086|sunshine,hujiao_start3,5年级上,5,上,86,sunshine,sunshine,[ˈsʌnʃaɪn],[ˈsʌnʃaɪn],n. 阳光;愉快;晴天;快活,沪教版三年级起点五年级上.xlsx
hujiao_start3|g5-upper|r087|collect,hujiao_start3,5年级上,5,上,87,collect,collect,[kəˈlekt],[kəˈlekt],vt. 收集;募捐 adj. 由收件人付款的 vi. 收集;聚集;募捐 adv. 由收件人付款地,沪教版三年级起点五年级上.xlsx
hujiao_start3|g5-upper|r088|shell,hujiao_start3,5年级上,5,上,88,shell,shell,[ʃel],[ʃel],"n. 壳,贝壳;炮弹;外形 vt. 剥皮;炮轰 vi. 剥落;设定命令行解释器的位置",沪教版三年级起点五年级上.xlsx
hujiao_start3|g5-upper|r089|sea,hujiao_start3,5年级上,5,上,89,sea,sea,[siː],[siː],n. 海;海洋;许多;大量,沪教版三年级起点五年级上.xlsx
hujiao_start3|g5-upper|r090|letter,hujiao_start3,5年级上,5,上,90,letter,letter,[ˈletə(r)],[ˈletər],"n. 信;字母,文字;证书;文学,学问;字面意义 vt. 写字母于 vi. 写印刷体字母",沪教版三年级起点五年级上.xlsx
hujiao_start3|g5-upper|r091|put,hujiao_start3,5年级上,5,上,91,put,put,[pʊt],[pʊt],n. 掷;笨蛋;投击;怪人 adj. 固定不动的 vi. 出发;击;航行;发芽 vt. 放;表达;移动;安置;赋予,沪教版三年级起点五年级上.xlsx
hujiao_start3|g5-upper|r092|know,hujiao_start3,5年级上,5,上,92,know,know,[nəʊ],[noʊ],vt. 知道;认识;懂得 vi. 了解;熟悉;确信,沪教版三年级起点五年级上.xlsx
hujiao_start3|g5-upper|r093|year,hujiao_start3,5年级上,5,上,93,year,year,[jɪə(r)],[jɪr],n. 年;年度;历年;年纪;一年的期间;某年级的学生,沪教版三年级起点五年级上.xlsx
hujiao_start3|g5-upper|r094|on holiday,hujiao_start3,5年级上,5,上,94,on holiday,on holiday,,,na. 在休假中,沪教版三年级起点五年级上.xlsx
hujiao_start3|g5-upper|r095|have a good time,hujiao_start3,5年级上,5,上,95,have a good time,have a good time,,,na. 过得愉快;很愉快,沪教版三年级起点五年级上.xlsx
hujiao_start3|g5-upper|r096|outing,hujiao_start3,5年级上,5,上,96,outing,outing,[ˈaʊtɪŋ],[ˈaʊtɪŋ],n. 远足;短途旅游;体育比赛 adj. 远足适用的 v. 出来;暴露(out的ing形式),沪教版三年级起点五年级上.xlsx
hujiao_start3|g5-upper|r097|map,hujiao_start3,5年级上,5,上,97,map,map,[mæp],[mæp],vt. 映射;计划;绘制地图;确定基因在染色体中的位置 n. 地图;示意图;染色体图 vi. 基因被安置,沪教版三年级起点五年级上.xlsx
hujiao_start3|g5-upper|r098|hill,hujiao_start3,5年级上,5,上,98,hill,hill,[hɪl],[hɪl],n. 小山;丘陵;斜坡;山冈,沪教版三年级起点五年级上.xlsx
hujiao_start3|g5-upper|r099|find,hujiao_start3,5年级上,5,上,99,find,find,[faɪnd],[faɪnd],"n. 发现 vi. 裁决 vt. 查找,找到;发现;认为;感到;获得",沪教版三年级起点五年级上.xlsx
hujiao_start3|g5-upper|r100|diamond,hujiao_start3,5年级上,5,上,100,diamond,diamond,[ˈdaɪmənd],[ˈdaɪmənd],"n. 钻石,金刚石;菱形;方块牌 adj. 菱形的;金刚钻的",沪教版三年级起点五年级上.xlsx
hujiao_start3|g5-upper|r101|another,hujiao_start3,5年级上,5,上,101,another,another,[əˈnʌðə(r)],[əˈnʌðər],"prep. 另一个;另一个人 adj. 又一,另一;另外的;不同的 pron. 另一个;又一个",沪教版三年级起点五年级上.xlsx
hujiao_start3|g5-upper|r102|lake,hujiao_start3,5年级上,5,上,102,lake,lake,[leɪk],[leɪk],n. 湖;深红色颜料;胭脂红 vt. (使)血球溶解 vi. (使)血球溶解,沪教版三年级起点五年级上.xlsx
hujiao_start3|g5-upper|r103|funny,hujiao_start3,5年级上,5,上,103,funny,funny,[ˈfʌni],[ˈfʌni],"n. 滑稽人物;笑话,有趣的故事;滑稽连环漫画栏;(英)(比赛用)单人双桨小艇 adj. 有趣的,好笑的,滑稽的;(口)稀奇的,古怪的,奇异的;有病的,不舒服的;狡猾的,欺骗(性)的,可疑的,不光明",沪教版三年级起点五年级上.xlsx
hujiao_start3|g5-upper|r104|hole,hujiao_start3,5年级上,5,上,104,hole,hole,[həʊl],[hoʊl],"n. 洞,孔;洞穴,穴;突破口 vt. 凿洞 vi. 凿洞,穿孔;(高尔夫球等)进洞",沪教版三年级起点五年级上.xlsx
hujiao_start3|g5-upper|r105|key,hujiao_start3,5年级上,5,上,105,key,key,[kiː],[kiː],n. (打字机等的)键;关键;钥匙 vt. 键入;锁上;调节...的音调;提供线索 vi. 使用钥匙 adj. 关键的,沪教版三年级起点五年级上.xlsx
hujiao_start3|g5-upper|r106|think,hujiao_start3,5年级上,5,上,106,think,think,[θɪŋk],[θɪŋk],n. 想;想法 adj. 思想的 vi. 想;认为 vt. 想;认为;想起;想像;打算,沪教版三年级起点五年级上.xlsx
hujiao_start3|g5-upper|r107|at the top of,hujiao_start3,5年级上,5,上,107,at the top of,at the top of,[æt ðə tɒp əv],[æt ðə tɑːp əv],"na. 在...最高地位;用最高[最大]的(速度,声音等)",沪教版三年级起点五年级上.xlsx
hujiao_start3|g5-upper|r108|get through,hujiao_start3,5年级上,5,上,108,get through,get through,,,na. 花光;了结;(使)通过(议案);及格,沪教版三年级起点五年级上.xlsx
hujiao_start3|g5-upper|r109|post office,hujiao_start3,5年级上,5,上,109,post office,post office,[ˈpəust ɔfis],[ˈpost ɔfɪs],n. 邮局;邮政部门;邮政系统;邮差敲门游戏(儿童用假托的信件换取亲吻),沪教版三年级起点五年级上.xlsx
hujiao_start3|g5-upper|r110|quite,hujiao_start3,5年级上,5,上,110,quite,quite,[kwaɪt],[kwaɪt],adv. 很;相当;完全,沪教版三年级起点五年级上.xlsx
hujiao_start3|g5-upper|r111|along,hujiao_start3,5年级上,5,上,111,along,along,[əˈlɒŋ],[əˈlɔːŋ],prep. 沿着;顺着 adv. 一起;向前;来到,沪教版三年级起点五年级上.xlsx
hujiao_start3|g5-upper|r112|turn,hujiao_start3,5年级上,5,上,112,turn,turn,[tɜːn],[tɜːrn],"n. 转弯;变化;(损害或有益于别人的)行为,举动,举止 vi. 转向;转变;转动 vt. 转动,使旋转;转弯;翻过来;兑换",沪教版三年级起点五年级上.xlsx
hujiao_start3|g5-upper|r113|left,hujiao_start3,5年级上,5,上,113,left,left,[left],[left],adj. 左边的;左派的;剩下的 adv. 在左面 n. 左边;左派;激进分子 v. 离开(leave的过去式),沪教版三年级起点五年级上.xlsx
hujiao_start3|g5-upper|r114|straight,hujiao_start3,5年级上,5,上,114,straight,straight,[streɪt],[streɪt],"n. 直;直线;直男,直女,异性恋者 adj. 直的;连续的;笔直的;正直的;整齐的;异性恋的 adv. 直接地;不断地;立即;坦率地",沪教版三年级起点五年级上.xlsx
hujiao_start3|g5-upper|r115|right,hujiao_start3,5年级上,5,上,115,right,right,[raɪt],[raɪt],n. 正确;右边;正义 adj. 正确的;直接的;右方的 vt. 纠正 adv. 正确地;恰当地;彻底地 vi. 复正;恢复平稳,沪教版三年级起点五年级上.xlsx
hujiao_start3|g5-upper|r116|between,hujiao_start3,5年级上,5,上,116,between,between,[bɪˈtwiːn],[bɪˈtwiːn],prep. 在...之间 adv. 在中间,沪教版三年级起点五年级上.xlsx
hujiao_start3|g5-upper|r117|flower shop,hujiao_start3,5年级上,5,上,117,flower shop,flower shop,,,花店;花店英语;鲜花店,沪教版三年级起点五年级上.xlsx
hujiao_start3|g5-upper|r118|hospital,hujiao_start3,5年级上,5,上,118,hospital,hospital,[ˈhɒspɪt(ə)l],[ˈhɑːspɪtl],n. 医院,沪教版三年级起点五年级上.xlsx
hujiao_start3|g5-upper|r119|toy shop,hujiao_start3,5年级上,5,上,119,toy shop,toy shop,[tɔi ʃɔp],[tɔɪ ʃɑp],na. 玩具店,沪教版三年级起点五年级上.xlsx
hujiao_start3|g5-upper|r120|road,hujiao_start3,5年级上,5,上,120,road,road,[rəʊd],[roʊd],"n. 公路,马路;道路;手段 adj. (美)巡回的 vt. (狗)沿臭迹追逐(猎物)",沪教版三年级起点五年级上.xlsx
hujiao_start3|g5-upper|r121|get to,hujiao_start3,5年级上,5,上,121,get to,get to,,,na. 接触到;开始;〈美口〉收买,沪教版三年级起点五年级上.xlsx
hujiao_start3|g5-upper|r122|blow,hujiao_start3,5年级上,5,上,122,blow,blow,[bləʊ],[bloʊ],n. 吹;打击;殴打 vt. 风吹 vi. 风吹;喘气,沪教版三年级起点五年级上.xlsx
hujiao_start3|g5-upper|r123|gently,hujiao_start3,5年级上,5,上,123,gently,gently,[ˈdʒentli],[ˈdʒentli],"adv. 轻轻地;温柔地,温和地",沪教版三年级起点五年级上.xlsx
hujiao_start3|g5-upper|r124|softly,hujiao_start3,5年级上,5,上,124,softly,softly,[ˈsɒftli],[ˈsɔːftli],adv. 温柔地;柔和地;柔软地;静静地,沪教版三年级起点五年级上.xlsx
hujiao_start3|g5-upper|r125|strongly,hujiao_start3,5年级上,5,上,125,strongly,strongly,[ˈstrɒŋli],[ˈstrɔːŋli],adv. 强有力地;坚强地;激烈地;气味浓地,沪教版三年级起点五年级上.xlsx
hujiao_start3|g5-upper|r126|happily,hujiao_start3,5年级上,5,上,126,happily,happily,[ˈhæpɪli],[ˈhæpɪli],adv. 快乐地;幸福地;幸运地;恰当地,沪教版三年级起点五年级上.xlsx
hujiao_start3|g5-upper|r127|windmill,hujiao_start3,5年级上,5,上,127,windmill,windmill,[ˈwɪndmɪl],[ˈwɪndmɪl],n. 风车;风车房;旋转玩具;直升飞机 vt. 使旋转 vi. 作风车般旋转,沪教版三年级起点五年级上.xlsx
hujiao_start3|g5-upper|r128|move,hujiao_start3,5年级上,5,上,128,move,move,[muːv],[muːv],"n. 移动;步骤;迁居;策略 vi. 移动;搬家,迁移;离开 vt. 移动;感动",沪教版三年级起点五年级上.xlsx
hujiao_start3|g5-upper|r129|slowly,hujiao_start3,5年级上,5,上,129,slowly,slowly,[ˈsləʊli],[ˈsloʊli],"adv. 缓慢地,慢慢地",沪教版三年级起点五年级上.xlsx
hujiao_start3|g5-upper|r130|quickly,hujiao_start3,5年级上,5,上,130,quickly,quickly,[ˈkwɪkli],[ˈkwɪkli],adv. 迅速地;很快地,沪教版三年级起点五年级上.xlsx
hujiao_start3|g5-upper|r131|sound,hujiao_start3,5年级上,5,上,131,sound,sound,[saʊnd],[saʊnd],"n. 声音,语音;噪音;海峡;吵闹;听力范围;[医] 探条 adj. 健全的,健康的;合理的;可靠的;有效彻底的 vt. 听(诊);测量,测...深;使发声;试探;宣告 vi. 听起来;发出声音;回响;测深 adv. 彻底地,充分地",沪教版三年级起点五年级上.xlsx
hujiao_start3|g5-upper|r132|wind-bell,hujiao_start3,5年级上,5,上,132,wind-bell,wind-bell,,,n. 风铃,沪教版三年级起点五年级上.xlsx
hujiao_start3|g5-upper|r133|cut,hujiao_start3,5年级上,5,上,133,cut,cut,[kʌt],[kʌt],n. 伤口;切口;削减;(服装等的)式样;削球;切入 adj. 割下的;雕过的;缩减的 vt. [机] 切割;削减;缩短;刺痛 vi. [机] 切割;相交;切牌;停拍;不出席,沪教版三年级起点五年级上.xlsx
hujiao_start3|g5-upper|r134|paper,hujiao_start3,5年级上,5,上,134,paper,paper,[ˈpeɪpə(r)],[ˈpeɪpər],n. 纸;论文;文件;报纸 adj. 纸做的 vt. 用纸糊;用纸包装 vi. 贴糊墙纸;发交通违章传票,沪教版三年级起点五年级上.xlsx
hujiao_start3|g5-upper|r135|quiet,hujiao_start3,5年级上,5,上,135,quiet,quiet,[ˈkwaɪət],[ˈkwaɪət],n. 安静;和平 adj. 安静的;安定的;不动的;温顺的 vt. 使平息;安慰 vi. 平静下来,沪教版三年级起点五年级上.xlsx
hujiao_start3|g5-upper|r136|tap,hujiao_start3,5年级上,5,上,136,tap,tap,[tæp],[tæp],"n. 水龙头;轻打 vt. 轻敲;轻打;装上嘴子 vi. 轻拍;轻击;轻叩 vt. 采用,利用",沪教版三年级起点五年级上.xlsx
hujiao_start3|g5-upper|r137|use,hujiao_start3,5年级上,5,上,137,use,use,[juːz],[juːz],"n. 使用;用途;发挥 vt. 利用;耗费 vi. 使用,运用",沪教版三年级起点五年级上.xlsx
hujiao_start3|g5-upper|r138|vegetable,hujiao_start3,5年级上,5,上,138,vegetable,vegetable,[ˈvedʒtəb(ə)l],[ˈvedʒtəbl],n. 蔬菜;植物;植物人 adj. 蔬菜的;植物的,沪教版三年级起点五年级上.xlsx
hujiao_start3|g5-upper|r139|clothes,hujiao_start3,5年级上,5,上,139,clothes,clothes,[kləʊðz],[kloʊðz; kloʊz],n. 衣服,沪教版三年级起点五年级上.xlsx
hujiao_start3|g5-upper|r140|farmer,hujiao_start3,5年级上,5,上,140,farmer,farmer,[ˈfɑːmə(r)],[ˈfɑːrmər],"n. 农夫,农民",沪教版三年级起点五年级上.xlsx
hujiao_start3|g5-upper|r141|useful,hujiao_start3,5年级上,5,上,141,useful,useful,[ˈjuːsf(ə)l],[ˈjuːsfl],"adj. 有用的,有益的;有帮助的",沪教版三年级起点五年级上.xlsx
hujiao_start3|g5-upper|r142|drop,hujiao_start3,5年级上,5,上,142,drop,drop,[drɒp],[drɑːp],n. 滴;落下;空投;微量;滴剂 vt. 滴;使降低;使终止;随口漏出 vi. 下降;终止,沪教版三年级起点五年级上.xlsx
hujiao_start3|g5-upper|r143|up,hujiao_start3,5年级上,5,上,143,up,up,[ʌp],[ʌp],prep. 在...之上;向...的较高处 n. 上升;繁荣 adj. 涨的;起床的;向上的 adv. 起来;上涨;向上,沪教版三年级起点五年级上.xlsx
hujiao_start3|g5-upper|r144|shine,hujiao_start3,5年级上,5,上,144,shine,shine,[ʃaɪn],[ʃaɪn],"vt. 照射,擦亮;把...的光投向;(口)通过擦拭使...变得有光泽或光 vi. 发出光;反射光,闪耀;出类拔萃,表现突出;露出;照耀;显露;出众 n. 光亮,光泽;好天气;擦亮;晴天;擦皮鞋;鬼把戏或诡计",沪教版三年级起点五年级上.xlsx
hujiao_start3|g5-upper|r145|over,hujiao_start3,5年级上,5,上,145,over,over,[ˈəʊvə(r)],[ˈoʊvər],adv. 结束;越过;从头到尾 prep. 越过;在...之上;遍于...之上 adj. 结束的;上面的 vt. 越过,沪教版三年级起点五年级上.xlsx
hujiao_start3|g5-upper|r146|mountain,hujiao_start3,5年级上,5,上,146,mountain,mountain,[ˈmaʊntən],[ˈmaʊntn],n. 山;山脉,沪教版三年级起点五年级上.xlsx
hujiao_start3|g5-upper|r147|tree,hujiao_start3,5年级上,5,上,147,tree,tree,[triː],[triː],n. 树;木料;树状物 vt. 把...赶上树 vi. 爬上树;逃上树,沪教版三年级起点五年级上.xlsx
hujiao_start3|g5-upper|r148|ground,hujiao_start3,5年级上,5,上,148,ground,ground,[ɡraʊnd],[ɡraʊnd],n. 地面;土地;范围;战场;根据 v. 研磨(grind的过去分词);压迫 adj. 土地的;地面上的;磨碎的;磨过的 vt. 使接触地面;打基础;使搁浅 vi. 着陆;搁浅,沪教版三年级起点五年级上.xlsx
hujiao_start3|g5-upper|r149|inside,hujiao_start3,5年级上,5,上,149,inside,inside,[ˌɪnˈsaɪd],[ˌɪnˈsaɪd],prep. 少于;在...之内 n. 里面;内部;内情;内脏 adj. 里面的;内部的;秘密的 adv. 在里面,沪教版三年级起点五年级上.xlsx
hujiao_start3|g5-upper|r150|grow crops,hujiao_start3,5年级上,5,上,150,grow crops,grow crops,,,无,沪教版三年级起点五年级上.xlsx
hujiao_start3|g5-upper|r151|put out fires,hujiao_start3,5年级上,5,上,151,put out fires,put out fires,,,灭火;扑灭火;扑灭大火,沪教版三年级起点五年级上.xlsx
hujiao_start3|g5-upper|r152|fire,hujiao_start3,5年级上,5,上,152,fire,fire,[ˈfaɪə(r)],[ˈfaɪər],n. 火;火灾;炮火;炉火;热情;激情;磨难 vt. 点燃;解雇;开除;使发光;烧制;激动;放枪 vi. 着火;射击;开枪;激动;烧火,沪教版三年级起点五年级上.xlsx
hujiao_start3|g5-upper|r153|burn,hujiao_start3,5年级上,5,上,153,burn,burn,[bɜːn],[bɜːrn],"n. 灼伤,烧伤;烙印 vt. 燃烧;烧毁,灼伤;激起...的愤怒 vi. 燃烧;烧毁;发热",沪教版三年级起点五年级上.xlsx
hujiao_start3|g5-upper|r154|hurt,hujiao_start3,5年级上,5,上,154,hurt,hurt,[hɜːt],[hɜːrt],n. 痛苦;危害;痛苦的原因 vt. 使受伤;损害;使疼痛;使痛心 adj. 受伤的;痛苦的;受损的 vi. 感到疼痛;有坏处;带来痛苦,沪教版三年级起点五年级上.xlsx
hujiao_start3|g5-upper|r155|must,hujiao_start3,5年级上,5,上,155,must,must,[məst],[məst; mʌst],"aux. 必须,一定;可以,应当;很可能 n. 绝对必要的事物;未发酵葡萄汁",沪教版三年级起点五年级上.xlsx
hujiao_start3|g5-upper|r156|careful,hujiao_start3,5年级上,5,上,156,careful,careful,[ˈkeəf(ə)l],[ˈkerfl],"adj. 仔细的,小心的",沪教版三年级起点五年级上.xlsx
hujiao_start3|g5-upper|r157|safety,hujiao_start3,5年级上,5,上,157,safety,safety,[ˈseɪfti],[ˈseɪfti],n. 安全;保险;安全设备;保险装置;安打,沪教版三年级起点五年级上.xlsx
hujiao_start3|g5-upper|r158|smoke,hujiao_start3,5年级上,5,上,158,smoke,smoke,[sməʊk],[smoʊk],"n. 烟;抽烟;无常的事物 vt. 吸烟;抽 vi. 冒烟,吸烟;抽烟;弥漫",沪教版三年级起点五年级上.xlsx
hujiao_start3|g5-upper|r159|match,hujiao_start3,5年级上,5,上,159,match,match,[mætʃ],[mætʃ],"vt. 使比赛;使相配;敌得过,比得上;相配;与...竞争 vi. 比赛;匹配;相配,相称;相比 n. 比赛,竞赛;匹配;对手;火柴",沪教版三年级起点五年级上.xlsx
hujiao_start3|g5-upper|r160|heat,hujiao_start3,5年级上,5,上,160,heat,heat,[hiːt],[hiːt],n. 高温;压力;热度;热烈 vt. 使激动;把...加热,沪教版三年级起点五年级上.xlsx
hujiao_start3|g5-upper|r161|hate,hujiao_start3,5年级上,5,上,161,hate,hate,[heɪt],[heɪt],n. 憎恨;反感 vt. 憎恨;厌恶;遗憾 vi. 仇恨,沪教版三年级起点五年级上.xlsx
hujiao_start3|g5-upper|r162|burn down,hujiao_start3,5年级上,5,上,162,burn down,burn down,,,na. 把...烧成平地;(蜡烛等)逐渐烧完;火力减弱,沪教版三年级起点五年级上.xlsx
hujiao_start3|g5-upper|r163|careful with,hujiao_start3,5年级上,5,上,163,careful with,careful with,,,注意; 照顾,沪教版三年级起点五年级上.xlsx
hujiao_start3|g5-upper|r164|be careful with,hujiao_start3,5年级上,5,上,164,be careful with,be careful with,,,v. 注意;照顾,沪教版三年级起点五年级上.xlsx
hujiao_start3|g5-upper|r165|not ... at all,hujiao_start3,5年级上,5,上,165,not ... at all,not ... at all,,,na. 毫无(=〔美国英语〕 You are welcome),沪教版三年级起点五年级上.xlsx
hujiao_start3|g5-lower|r002|tidy,hujiao_start3,5年级下,5,下,2,tidy,tidy,[ˈtaɪdi],[ˈtaɪdi],n. 椅子的背罩 adj. 整齐的;相当大的 vi. 整理;收拾 vt. 整理;收拾;弄整齐,沪教版三年级起点五年级下.xlsx
hujiao_start3|g5-lower|r003|mess,hujiao_start3,5年级下,5,下,3,mess,mess,[mes],[mes],"n. 混乱;食堂,伙食团;困境;脏乱的东西 vt. 弄乱,弄脏;毁坏;使就餐 vi. 把事情弄糟;制造脏乱;玩弄",沪教版三年级起点五年级下.xlsx
hujiao_start3|g5-lower|r004|let,hujiao_start3,5年级下,5,下,4,let,let,[let],[let],"vt. 允许,让;出租;假设;妨碍 vi. 出租;被承包 n. 障碍;出租屋",沪教版三年级起点五年级下.xlsx
hujiao_start3|g5-lower|r005|sock,hujiao_start3,5年级下,5,下,5,sock,sock,[sɒk],[sɑːk],vt. 重击;给......穿袜 n. 短袜;一击 adv. 正着地;不偏不倚地 adj. 非常成功的,沪教版三年级起点五年级下.xlsx
hujiao_start3|g5-lower|r006|yours,hujiao_start3,5年级下,5,下,6,yours,yours,[jɔːz],[jərz; jɔːrz; jʊrz],"pron. 你(们)的东西;你的责任[义务];你的家属;来信,尊函 adj. 你(们)的(东西);信末署名前用语",沪教版三年级起点五年级下.xlsx
hujiao_start3|g5-lower|r007|cap,hujiao_start3,5年级下,5,下,7,cap,cap,[kæp],[kæp],n. 盖;帽子 vt. 覆盖;胜过;给...戴帽;加盖于 vi. 脱帽致意,沪教版三年级起点五年级下.xlsx
hujiao_start3|g5-lower|r008|mine,hujiao_start3,5年级下,5,下,8,mine,mine,[maɪn],[maɪn],"n. 矿,矿藏;矿山,矿井;地雷,水雷 vt. 开采,采掘;在...布雷 vi. 开矿,采矿;埋设地雷 pron. 我的",沪教版三年级起点五年级下.xlsx
hujiao_start3|g5-lower|r009|crayon,hujiao_start3,5年级下,5,下,9,crayon,crayon,[ˈkreɪən; ˈkreɪɒn],[ˈkreɪən; ˈkreɪɑːn],"n. 蜡笔,有色粉笔 vt. 以蜡笔作画,用颜色粉笔画",沪教版三年级起点五年级下.xlsx
hujiao_start3|g5-lower|r010|umbrella,hujiao_start3,5年级下,5,下,10,umbrella,umbrella,[ʌmˈbrelə],[ʌmˈbrelə],n. 雨伞;保护伞;庇护;伞形结构,沪教版三年级起点五年级下.xlsx
hujiao_start3|g5-lower|r011|nail,hujiao_start3,5年级下,5,下,11,nail,nail,[neɪl],[neɪl],vt. 钉;使固定;揭露 n. [解剖] 指甲;钉子,沪教版三年级起点五年级下.xlsx
hujiao_start3|g5-lower|r012|drop,hujiao_start3,5年级下,5,下,12,drop,drop,[drɒp],[drɑːp],n. 滴;落下;空投;微量;滴剂 vt. 滴;使降低;使终止;随口漏出 vi. 下降;终止,沪教版三年级起点五年级下.xlsx
hujiao_start3|g5-lower|r013|stick,hujiao_start3,5年级下,5,下,13,stick,stick,[stɪk],[stɪk],"n. 棍;手杖;呆头呆脑的人 vi. 坚持;伸出;粘住 vt. 刺,戳;伸出;粘贴",沪教版三年级起点五年级下.xlsx
hujiao_start3|g5-lower|r014|second,hujiao_start3,5年级下,5,下,14,second,second,[ˈsekənd],[ˈsekənd; sɪˈkɑːnd],num. 第二 n. 秒;第二名;瞬间;二等品 adj. 第二的;次要的;附加的 vt. 支持 adv. 第二;其次;居第二位,沪教版三年级起点五年级下.xlsx
hujiao_start3|g5-lower|r015|hers,hujiao_start3,5年级下,5,下,15,hers,hers,[hɜːz],[hɜːrz; ɜːrz],pron. 她的(所有格),沪教版三年级起点五年级下.xlsx
hujiao_start3|g5-lower|r016|theirs,hujiao_start3,5年级下,5,下,16,theirs,theirs,[ðeəz],[ðerz],pron. 他们的;她们的;它们的,沪教版三年级起点五年级下.xlsx
hujiao_start3|g5-lower|r017|tidy up,hujiao_start3,5年级下,5,下,17,tidy up,tidy up,,,v. 整理干净,沪教版三年级起点五年级下.xlsx
hujiao_start3|g5-lower|r018|full of,hujiao_start3,5年级下,5,下,18,full of,full of,,,un. 总的说来;堆满;尽是;都,沪教版三年级起点五年级下.xlsx
hujiao_start3|g5-lower|r019|be full of,hujiao_start3,5年级下,5,下,19,be full of,be full of,,,na. 充满...(的),沪教版三年级起点五年级下.xlsx
hujiao_start3|g5-lower|r020|a few,hujiao_start3,5年级下,5,下,20,a few,a few,,,na. 几个;〔反语〕很多;〈俚〉一点点,沪教版三年级起点五年级下.xlsx
hujiao_start3|g5-lower|r021|why,hujiao_start3,5年级下,5,下,21,why,why,[waɪ],[waɪ],int. 哎呀!什么? adv. 为什么,沪教版三年级起点五年级下.xlsx
hujiao_start3|g5-lower|r022|because,hujiao_start3,5年级下,5,下,22,because,because,"[bɪˈkəz, bɪˈkɒz]","[bɪˈkəz, bɪˈkɔːz]",conj. 因为,沪教版三年级起点五年级下.xlsx
hujiao_start3|g5-lower|r023|study,hujiao_start3,5年级下,5,下,23,study,study,[ˈstʌdi],[ˈstʌdi],"n. 学习,研究;课题;书房;学问 vt. 学习;考虑;攻读;细察 vi. 研究;用功",沪教版三年级起点五年级下.xlsx
hujiao_start3|g5-lower|r024|dining room,hujiao_start3,5年级下,5,下,24,dining room,dining room,,,n. 饭厅;餐厅,沪教版三年级起点五年级下.xlsx
hujiao_start3|g5-lower|r025|wild goose,hujiao_start3,5年级下,5,下,25,wild goose,wild goose,,,na. 【鸟】雁,沪教版三年级起点五年级下.xlsx
hujiao_start3|g5-lower|r026|wild geese,hujiao_start3,5年级下,5,下,26,wild geese,wild geese,,,un. 雁类,沪教版三年级起点五年级下.xlsx
hujiao_start3|g5-lower|r027|change,hujiao_start3,5年级下,5,下,27,change,change,[tʃeɪndʒ],[tʃeɪndʒ],n. 变化;找回的零钱 vt. 改变;交换 vi. 改变;兑换,沪教版三年级起点五年级下.xlsx
hujiao_start3|g5-lower|r028|place,hujiao_start3,5年级下,5,下,28,place,place,[pleɪs],[pleɪs],n. 地方;住所;座位 vt. 放置;任命;寄予 vi. 名列前茅;取得名次,沪教版三年级起点五年级下.xlsx
hujiao_start3|g5-lower|r029|twice,hujiao_start3,5年级下,5,下,29,twice,twice,[twaɪs],[twaɪs],adv. 两次;两倍,沪教版三年级起点五年级下.xlsx
hujiao_start3|g5-lower|r030|every,hujiao_start3,5年级下,5,下,30,every,every,[ˈevri],[ˈevri],"adj. 每一的,每个的;每隔...的",沪教版三年级起点五年级下.xlsx
hujiao_start3|g5-lower|r031|north,hujiao_start3,5年级下,5,下,31,north,north,[nɔːθ],[nɔːrθ],"n. 北,北方 adj. 北方的;朝北的 adv. 在北方,向北方",沪教版三年级起点五年级下.xlsx
hujiao_start3|g5-lower|r032|south,hujiao_start3,5年级下,5,下,32,south,south,[saʊθ],[saʊθ],"n. 南方,南边;南部 adj. 南的,南方的 adv. 在南方,向南方",沪教版三年级起点五年级下.xlsx
hujiao_start3|g5-lower|r033|enough,hujiao_start3,5年级下,5,下,33,enough,enough,[ɪˈnʌf],[ɪˈnʌf],"n. 很多;充足 adj. 充足的 adv. 足够地,充足地 int. 够了!",沪教版三年级起点五年级下.xlsx
hujiao_start3|g5-lower|r034|then,hujiao_start3,5年级下,5,下,34,then,then,[ðen],[ðen],"conj. 然后,当时 n. 那时 adv. 然后;那么;于是;当时;此外",沪教版三年级起点五年级下.xlsx
hujiao_start3|g5-lower|r035|all day,hujiao_start3,5年级下,5,下,35,all day,all day,[ˈɔːl deɪ],[ˈɔːl deɪ],na. 一天到晚,沪教版三年级起点五年级下.xlsx
hujiao_start3|g5-lower|r036|future,hujiao_start3,5年级下,5,下,36,future,future,[ˈfjuːtʃə(r)],[ˈfjuːtʃər],"n. 未来;前途;期货;将来时 adj. 将来的,未来的",沪教版三年级起点五年级下.xlsx
hujiao_start3|g5-lower|r037|stand,hujiao_start3,5年级下,5,下,37,stand,stand,[stænd],[stænd],n. 站立;立场;看台;停止 vi. 站立;位于;停滞 vt. 使站立;忍受;抵抗,沪教版三年级起点五年级下.xlsx
hujiao_start3|g5-lower|r038|machine,hujiao_start3,5年级下,5,下,38,machine,machine,[məˈʃiːn],[məˈʃiːn],"n. 机械,机器;机构;机械般工作的人 vt. 用机器制造",沪教版三年级起点五年级下.xlsx
hujiao_start3|g5-lower|r039|will,hujiao_start3,5年级下,5,下,39,will,will,[wɪl],[wɪl],n. 意志;决心;情感;遗嘱;意图;心愿 vt. 决心要;遗赠;用意志力使 vi. 愿意;下决心 aux. 将;愿意;必须,沪教版三年级起点五年级下.xlsx
hujiao_start3|g5-lower|r040|exercise,hujiao_start3,5年级下,5,下,40,exercise,exercise,[ˈeksəsaɪz],[ˈeksərsaɪz],n. 运动;练习;运用;操练;礼拜;典礼 vt. 锻炼;练习;使用;使忙碌;使惊恐 vi. 运动;练习,沪教版三年级起点五年级下.xlsx
hujiao_start3|g5-lower|r041|early,hujiao_start3,5年级下,5,下,41,early,early,[ˈɜːli],[ˈɜːrli],adj. 早期的;早熟的 adv. 提早;在初期,沪教版三年级起点五年级下.xlsx
hujiao_start3|g5-lower|r042|easily,hujiao_start3,5年级下,5,下,42,easily,easily,[ˈiːzəli],[ˈiːzəli],adv. 容易地;无疑地,沪教版三年级起点五年级下.xlsx
hujiao_start3|g5-lower|r043|hard,hujiao_start3,5年级下,5,下,43,hard,hard,[hɑːd],[hɑːrd],adj. 努力的;硬的;困难的;辛苦的;确实的;严厉的;猛烈的;冷酷无情的 adv. 努力地;困难地;辛苦地;接近地;猛烈地;牢固地,沪教版三年级起点五年级下.xlsx
hujiao_start3|g5-lower|r044|more,hujiao_start3,5年级下,5,下,44,more,more,[mɔː(r)],[mɔːr],adv. 更多;此外;更大程度地 adj. 更多的;附加的 pron. 更多的数量 n. 更多,沪教版三年级起点五年级下.xlsx
hujiao_start3|g5-lower|r045|in the future,hujiao_start3,5年级下,5,下,45,in the future,in the future,,,adv. 今后,沪教版三年级起点五年级下.xlsx
hujiao_start3|g5-lower|r046|in front of,hujiao_start3,5年级下,5,下,46,in front of,in front of,[ɪn frʌnt əv],[ɪn frʌnt ʌv],na. 在...的前面,沪教版三年级起点五年级下.xlsx
hujiao_start3|g5-lower|r047|take a photo,hujiao_start3,5年级下,5,下,47,take a photo,take a photo,,,v. 拍照,沪教版三年级起点五年级下.xlsx
hujiao_start3|g5-lower|r048|wear glasses,hujiao_start3,5年级下,5,下,48,wear glasses,wear glasses,,,戴眼镜;戴着眼镜;带着眼镜,沪教版三年级起点五年级下.xlsx
hujiao_start3|g5-lower|r049|do exercise,hujiao_start3,5年级下,5,下,49,do exercise,do exercise,,,锻炼;做运动;做练习,沪教版三年级起点五年级下.xlsx
hujiao_start3|g5-lower|r050|weak in,hujiao_start3,5年级下,5,下,50,weak in,weak in,,,adj....的能力差,沪教版三年级起点五年级下.xlsx
hujiao_start3|g5-lower|r051|be weak in,hujiao_start3,5年级下,5,下,51,be weak in,be weak in,,,在......方面不行;弱于;在......弱,沪教版三年级起点五年级下.xlsx
hujiao_start3|g5-lower|r052|not ... any more,hujiao_start3,5年级下,5,下,52,not ... any more,not ... any more,,,adv. 不再,沪教版三年级起点五年级下.xlsx
hujiao_start3|g5-lower|r053|storybook,hujiao_start3,5年级下,5,下,53,storybook,storybook,[ˈstɔːribʊk],[ˈstɔːribʊk],n. 故事书;小说,沪教版三年级起点五年级下.xlsx
hujiao_start3|g5-lower|r054|buy,hujiao_start3,5年级下,5,下,54,buy,buy,[baɪ],[baɪ],"n. 购买,买卖;所购的物品 vi. 买,采购 vt. 购买;获得;贿赂",沪教版三年级起点五年级下.xlsx
hujiao_start3|g5-lower|r055|story,hujiao_start3,5年级下,5,下,55,story,story,[ˈstɔːri],[ˈstɔːri],n. 故事;小说;新闻报道;来历;假话 vt. 用历史故事画装饰 vi. 说谎,沪教版三年级起点五年级下.xlsx
hujiao_start3|g5-lower|r056|dictionary,hujiao_start3,5年级下,5,下,56,dictionary,dictionary,[ˈdɪkʃən(ə)ri],[ˈdɪkʃəneri],n. 字典;词典,沪教版三年级起点五年级下.xlsx
hujiao_start3|g5-lower|r057|magazine,hujiao_start3,5年级下,5,下,57,magazine,magazine,[ˌmæɡəˈziːn],[ˈmæɡəziːn],n. 杂志;弹药库;胶卷盒,沪教版三年级起点五年级下.xlsx
hujiao_start3|g5-lower|r058|newspaper,hujiao_start3,5年级下,5,下,58,newspaper,newspaper,[ˈnjuːzpeɪpə(r)],[ˈnuːzpeɪpər],n. 报纸 报社 旧报纸,沪教版三年级起点五年级下.xlsx
hujiao_start3|g5-lower|r059|week,hujiao_start3,5年级下,5,下,59,week,week,[wiːk],[wiːk],"n. 周,星期",沪教版三年级起点五年级下.xlsx
hujiao_start3|g5-lower|r060|student,hujiao_start3,5年级下,5,下,60,student,student,[ˈstjuːdnt],[ˈstuːdnt],n. 学生;学者,沪教版三年级起点五年级下.xlsx
hujiao_start3|g5-lower|r061|poster,hujiao_start3,5年级下,5,下,61,poster,poster,[ˈpəʊstə(r)],[ˈpoʊstər],"n. 海报,广告;招贴",沪教版三年级起点五年级下.xlsx
hujiao_start3|g5-lower|r062|best,hujiao_start3,5年级下,5,下,62,best,best,[best],[best],"n. 最好的人,最好的事物;最佳状态 adj. 最好的 vt. 打败,胜过 adv. 最好地",沪教版三年级起点五年级下.xlsx
hujiao_start3|g5-lower|r063|writer,hujiao_start3,5年级下,5,下,63,writer,writer,[ˈraɪtə(r)],[ˈraɪtər],n. 作家;作者,沪教版三年级起点五年级下.xlsx
hujiao_start3|g5-lower|r064|over there,hujiao_start3,5年级下,5,下,64,over there,over there,['əʊvə(r) ðeə(r)],[ˈəʊvər ðer],na. 在那边;〔美国〕在欧洲;〔大战用语〕在战地,沪教版三年级起点五年级下.xlsx
hujiao_start3|g5-lower|r065|do a survey,hujiao_start3,5年级下,5,下,65,do a survey,do a survey,,,做调查;做一个调查;调查活动,沪教版三年级起点五年级下.xlsx
hujiao_start3|g5-lower|r066|act ... out,hujiao_start3,5年级下,5,下,66,act ... out,act ... out,,,v. 演出,沪教版三年级起点五年级下.xlsx
hujiao_start3|g5-lower|r067|weekend,hujiao_start3,5年级下,5,下,67,weekend,weekend,[ˌwiːkˈend],[ˈwiːkend],"n. 周末,周末休假;周末聚会 adj. 周末的,周末用的 vi. 度周末",沪教版三年级起点五年级下.xlsx
hujiao_start3|g5-lower|r068|stay,hujiao_start3,5年级下,5,下,68,stay,stay,[steɪ],[steɪ],n. 逗留;停止;支柱 vi. 停留;坚持;暂住;停下 vt. 坚持;暂住;抑制,沪教版三年级起点五年级下.xlsx
hujiao_start3|g5-lower|r069|film,hujiao_start3,5年级下,5,下,69,film,film,[fɪlm],[fɪlm],n. 电影;薄膜;胶卷;轻烟 vt. 在...上覆以薄膜;把...拍成电影 vi. 摄制电影;生薄膜;变得朦胧,沪教版三年级起点五年级下.xlsx
hujiao_start3|g5-lower|r070|boat,hujiao_start3,5年级下,5,下,70,boat,boat,[bəʊt],[boʊt],n. 小船;轮船 vi. 划船,沪教版三年级起点五年级下.xlsx
hujiao_start3|g5-lower|r071|plan,hujiao_start3,5年级下,5,下,71,plan,plan,[plæn],[plæn],n. 计划;平面图 vt. 计划;设计;打算 vi. 计划;打算,沪教版三年级起点五年级下.xlsx
hujiao_start3|g5-lower|r072|tomorrow,hujiao_start3,5年级下,5,下,72,tomorrow,tomorrow,[təˈmɒrəʊ],[təˈmɑːroʊ],n. 明天;未来 adv. 明天;未来地(等于to-morrow),沪教版三年级起点五年级下.xlsx
hujiao_start3|g5-lower|r073|build,hujiao_start3,5年级下,5,下,73,build,build,[bɪld],[bɪld],n. 构造;体形;体格 vi. 建筑;建造 vt. 建立;建筑,沪教版三年级起点五年级下.xlsx
hujiao_start3|g5-lower|r074|next,hujiao_start3,5年级下,5,下,74,next,next,[nekst],[nekst],adv. 然后;下次;其次 adj. 下一个的;其次的;贴近的 n. 下一个 prep. 靠近;居于...之后,沪教版三年级起点五年级下.xlsx
hujiao_start3|g5-lower|r075|swing,hujiao_start3,5年级下,5,下,75,swing,swing,[swɪŋ],[swɪŋ],n. 摇摆;摆动;秋千;音律;涨落 adj. 旋转的;悬挂的;强节奏爵士音乐的 vt. 使旋转;挥舞;悬挂 vi. 摇摆;转向;悬挂;大摇大摆地行走,沪教版三年级起点五年级下.xlsx
hujiao_start3|g5-lower|r076|cry,hujiao_start3,5年级下,5,下,76,cry,cry,[kraɪ],[kraɪ],n. 叫喊;叫声;口号;呼叫 vi. 哭;叫;喊 vt. 叫喊;哭出;大声说,沪教版三年级起点五年级下.xlsx
hujiao_start3|g5-lower|r077|until,hujiao_start3,5年级下,5,下,77,until,until,[ənˈtɪl],[ənˈtɪl],prep. 在...以前;到...为止 conj. 在...以前;直到...时,沪教版三年级起点五年级下.xlsx
hujiao_start3|g5-lower|r078|see a film,hujiao_start3,5年级下,5,下,78,see a film,see a film,,,看电影;去看电影;去电影院看电影,沪教版三年级起点五年级下.xlsx
hujiao_start3|g5-lower|r079|row a boat,hujiao_start3,5年级下,5,下,79,row a boat,row a boat,,,划船;摇船;划船最好用,沪教版三年级起点五年级下.xlsx
hujiao_start3|g5-lower|r080|holiday,hujiao_start3,5年级下,5,下,80,holiday,holiday,[ˈhɒlədeɪ],[ˈhɑːlədeɪ],n. 假日;节日;休息日 vi. 外出度假,沪教版三年级起点五年级下.xlsx
hujiao_start3|g5-lower|r081|clear,hujiao_start3,5年级下,5,下,81,clear,clear,[klɪə(r)],[klɪr],n. 清除;空隙 adj. 清楚的;清澈的;晴朗的;无罪的 vt. 通过;清除;使干净;跳过 vi. 放晴;变清澈 adv. 清晰地;完全地,沪教版三年级起点五年级下.xlsx
hujiao_start3|g5-lower|r082|seafood,hujiao_start3,5年级下,5,下,82,seafood,seafood,[ˈsiːfuːd],[ˈsiːfuːd],n. 海鲜;海味;海产食品,沪教版三年级起点五年级下.xlsx
hujiao_start3|g5-lower|r083|hotel,hujiao_start3,5年级下,5,下,83,hotel,hotel,[həʊˈtel],[hoʊˈtel],"n. 旅馆,饭店;客栈 vt. 使...在饭店下榻 vi. 进行旅馆式办公",沪教版三年级起点五年级下.xlsx
hujiao_start3|g5-lower|r084|island,hujiao_start3,5年级下,5,下,84,island,island,[ˈaɪlənd],[ˈaɪlənd],n. 岛;岛屿;安全岛;岛状物 adj. 岛的 vt. 孤立;使成岛状,沪教版三年级起点五年级下.xlsx
hujiao_start3|g5-lower|r085|butterfly,hujiao_start3,5年级下,5,下,85,butterfly,butterfly,[ˈbʌtəflaɪ],[ˈbʌtərflaɪ],n. 蝴蝶;蝶泳;举止轻浮的人;追求享乐的人,沪教版三年级起点五年级下.xlsx
hujiao_start3|g5-lower|r086|how long,hujiao_start3,5年级下,5,下,86,how long,how long,,,conj. 多长时间,沪教版三年级起点五年级下.xlsx
hujiao_start3|g5-lower|r087|go swimming,hujiao_start3,5年级下,5,下,87,go swimming,go swimming,,,na. 去游泳,沪教版三年级起点五年级下.xlsx
hujiao_start3|g5-lower|r088|in the south of,hujiao_start3,5年级下,5,下,88,in the south of,in the south of,,,在...的南部;在南部;位于......的南部,沪教版三年级起点五年级下.xlsx
hujiao_start3|g5-lower|r089|all year round,hujiao_start3,5年级下,5,下,89,all year round,all year round,,,全年;一年到头;终年,沪教版三年级起点五年级下.xlsx
hujiao_start3|g5-lower|r090|meet,hujiao_start3,5年级下,5,下,90,meet,meet,[miːt],[miːt],vt. 满足;遇见;对付 vi. 相遇;接触 n. 集会 adj. 合适的;适宜的,沪教版三年级起点五年级下.xlsx
hujiao_start3|g5-lower|r091|school gate,hujiao_start3,5年级下,5,下,91,school gate,school gate,,,校门;学校大门;校门口,沪教版三年级起点五年级下.xlsx
hujiao_start3|g5-lower|r092|art room,hujiao_start3,5年级下,5,下,92,art room,art room,,,绘画教室;美术室;美术教室,沪教版三年级起点五年级下.xlsx
hujiao_start3|g5-lower|r093|hall,hujiao_start3,5年级下,5,下,93,hall,hall,[hɔːl],[hɔːl],"n. 过道,门厅,走廊;会堂;食堂;学生宿舍;大厅,前厅;娱乐中心,会所",沪教版三年级起点五年级下.xlsx
hujiao_start3|g5-lower|r094|finally,hujiao_start3,5年级下,5,下,94,finally,finally,[ˈfaɪnəli],[ˈfaɪnəli],adv. 最后;终于;决定性地,沪教版三年级起点五年级下.xlsx
hujiao_start3|g5-lower|r095|meeting room,hujiao_start3,5年级下,5,下,95,meeting room,meeting room,,,un. 会议室,沪教版三年级起点五年级下.xlsx
hujiao_start3|g5-lower|r096|show,hujiao_start3,5年级下,5,下,96,show,show,[ʃəʊ],[ʃoʊ],n. 显示;表演;炫耀 vt. 显示;说明;演出;展出 vi. 显示;说明;指示,沪教版三年级起点五年级下.xlsx
hujiao_start3|g5-lower|r097|project,hujiao_start3,5年级下,5,下,97,project,project,[ˈprɒdʒekt],[ˈprɑːdʒekt],n. 工程;计划;事业 vt. 设计;计划;发射;放映 vi. 设计;计划;表达;投射,沪教版三年级起点五年级下.xlsx
hujiao_start3|g5-lower|r098|board,hujiao_start3,5年级下,5,下,98,board,board,[bɔːd],[bɔːrd],n. 董事会;木板;甲板;膳食 vt. 上(飞机、车、船等);用板盖上;给提供膳宿 vi. 寄宿,沪教版三年级起点五年级下.xlsx
hujiao_start3|g5-lower|r099|which,hujiao_start3,5年级下,5,下,99,which,which,[wɪtʃ],[wɪtʃ],adj. 哪一个;哪一些 pron. 哪/那一个;哪/那一些,沪教版三年级起点五年级下.xlsx
hujiao_start3|g5-lower|r100|trousers,hujiao_start3,5年级下,5,下,100,trousers,trousers,[ˈtraʊzəz],[ˈtraʊzərz],"n. 裤子,长裤",沪教版三年级起点五年级下.xlsx
hujiao_start3|g5-lower|r101|size,hujiao_start3,5年级下,5,下,101,size,size,[saɪz],[saɪz],n. 大小;尺寸 adj. 一定尺寸的 vt. 依大小排列 vi. 可比拟,沪教版三年级起点五年级下.xlsx
hujiao_start3|g5-lower|r102|sweater,hujiao_start3,5年级下,5,下,102,sweater,sweater,[ˈswetə(r)],[ˈswetər],"n. 毛线衣,运动衫;大量出汗的人,发汗剂",沪教版三年级起点五年级下.xlsx
hujiao_start3|g5-lower|r103|coat,hujiao_start3,5年级下,5,下,103,coat,coat,[kəʊt],[koʊt],n. 外套 vt. 覆盖...的表面,沪教版三年级起点五年级下.xlsx
hujiao_start3|g5-lower|r104|shoe,hujiao_start3,5年级下,5,下,104,shoe,shoe,[ʃuː],[ʃuː],n. 鞋;蹄铁;外胎 vt. 给......穿上鞋;穿......鞋,沪教版三年级起点五年级下.xlsx
hujiao_start3|g5-lower|r105|emperor,hujiao_start3,5年级下,5,下,105,emperor,emperor,[ˈempərə(r)],[ˈempərər],"n. 皇帝,君主",沪教版三年级起点五年级下.xlsx
hujiao_start3|g5-lower|r106|only,hujiao_start3,5年级下,5,下,106,only,only,[ˈəʊnli],[ˈoʊnli],"adv. 只,仅仅;不料 adj. 唯一的,仅有的;最合适的 conj. 但是;不过;可是",沪教版三年级起点五年级下.xlsx
hujiao_start3|g5-lower|r107|nod,hujiao_start3,5年级下,5,下,107,nod,nod,[nɒd],[nɑːd],n. 点头;打盹;摆动 vt. 点头;点头表示 vi. 点头;打盹;摆动,沪教版三年级起点五年级下.xlsx
hujiao_start3|g5-lower|r108|smile,hujiao_start3,5年级下,5,下,108,smile,smile,[smaɪl],[smaɪl],n. 微笑;笑容;喜色 vt. 微笑着表示 vi. 微笑,沪教版三年级起点五年级下.xlsx
hujiao_start3|g5-lower|r109|money,hujiao_start3,5年级下,5,下,109,money,money,[ˈmʌni],[ˈmʌni],n. 钱;货币;财富,沪教版三年级起点五年级下.xlsx
hujiao_start3|g5-lower|r110|keep,hujiao_start3,5年级下,5,下,110,keep,keep,[kiːp],[kiːp],vt. 保持;经营;遵守;饲养 vi. 保持;继续不断 n. 保持;生计;生活费,沪教版三年级起点五年级下.xlsx
hujiao_start3|g5-lower|r111|laugh,hujiao_start3,5年级下,5,下,111,laugh,laugh,[lɑːf],[læf],n. 笑;引人发笑的事或人 vi. 笑 vt. 以笑表示;使...笑得,沪教版三年级起点五年级下.xlsx
hujiao_start3|g5-lower|r112|try ... on,hujiao_start3,5年级下,5,下,112,try ... on,try ... on,,,na. 试穿;〈非正式〉搞恶作剧(以试探能否被容忍);〈非正式〉耍花招,沪教版三年级起点五年级下.xlsx
hujiao_start3|g5-lower|r113|put ... on,hujiao_start3,5年级下,5,下,113,put ... on,put ... on,,,na. 假话,沪教版三年级起点五年级下.xlsx
hujiao_start3|g5-lower|r114|keep quiet,hujiao_start3,5年级下,5,下,114,keep quiet,keep quiet,,,na. (对某事)保守秘密,沪教版三年级起点五年级下.xlsx
hujiao_start3|g5-lower|r115|have a look,hujiao_start3,5年级下,5,下,115,have a look,have a look,,,v. 看一看,沪教版三年级起点五年级下.xlsx
hujiao_start3|g5-lower|r116|ill,hujiao_start3,5年级下,5,下,116,ill,ill,[ɪl],[ɪl],n. 疾病;不幸 adj. 生病的;坏的;邪恶的;不吉利的 adv. 不利地;恶劣地;几乎不,沪教版三年级起点五年级下.xlsx
hujiao_start3|g5-lower|r117|wrong,hujiao_start3,5年级下,5,下,117,wrong,wrong,[rɒŋ],[rɔːŋ],"n. 坏事;不公正 adj. 错误的;失常的;不适当的 vt. 委屈;无理地对待;诽谤 adv. 错误地;邪恶地,不正当地",沪教版三年级起点五年级下.xlsx
hujiao_start3|g5-lower|r118|headache,hujiao_start3,5年级下,5,下,118,headache,headache,[ˈhedeɪk],[ˈhedeɪk],n. 头痛;麻烦;令人头痛之事,沪教版三年级起点五年级下.xlsx
hujiao_start3|g5-lower|r119|fever,hujiao_start3,5年级下,5,下,119,fever,fever,[ˈfiːvə(r)],[ˈfiːvər],"n. 发烧,发热;狂热 vt. 使发烧;使狂热;使患热病 vi. 发烧;狂热;患热病",沪教版三年级起点五年级下.xlsx
hujiao_start3|g5-lower|r120|should,hujiao_start3,5年级下,5,下,120,should,should,[ʃəd; ʃʊd],[ʃəd; ʃʊd],aux. 应该;就;可能;将要,沪教版三年级起点五年级下.xlsx
hujiao_start3|g5-lower|r121|medicine,hujiao_start3,5年级下,5,下,121,medicine,medicine,[ˈmedsn; ˈmedɪsn],[ˈmedɪsn],n. 药;医学;内科;巫术 vt. 用药物治疗;给...用药,沪教版三年级起点五年级下.xlsx
hujiao_start3|g5-lower|r122|rest,hujiao_start3,5年级下,5,下,122,rest,rest,[rest],[rest],"n. 休息,静止;休息时间;剩余部分;支架 vt. 使休息,使轻松;把...寄托于 vi. 休息;静止;依赖;安置",沪教版三年级起点五年级下.xlsx
hujiao_start3|g5-lower|r123|toothache,hujiao_start3,5年级下,5,下,123,toothache,toothache,[ˈtuːθeɪk],[ˈtuːθeɪk],n. [口腔] 牙痛,沪教版三年级起点五年级下.xlsx
hujiao_start3|g5-lower|r124|toothless,hujiao_start3,5年级下,5,下,124,toothless,toothless,[ˈtuːθləs],[ˈtuːθləs],adj. 无牙齿的 adj. 无权势的,沪教版三年级起点五年级下.xlsx
hujiao_start3|g5-lower|r125|present,hujiao_start3,5年级下,5,下,125,present,present,[ˈprez(ə)nt],[ˈpreznt],n. 现在;礼物;瞄准 adj. 现在的;出席的 vt. 提出;介绍;呈现;赠送 vi. 举枪瞄准,沪教版三年级起点五年级下.xlsx
hujiao_start3|g5-lower|r126|world,hujiao_start3,5年级下,5,下,126,world,world,[wɜːld],[wɜːrld],n. 世界;领域;世俗;全人类;物质生活,沪教版三年级起点五年级下.xlsx
hujiao_start3|g5-lower|r127|dentist,hujiao_start3,5年级下,5,下,127,dentist,dentist,[ˈdentɪst],[ˈdentɪst],n. 牙科医生 牙医诊所,沪教版三年级起点五年级下.xlsx
hujiao_start3|g5-lower|r128|have a headache,hujiao_start3,5年级下,5,下,128,have a headache,have a headache,,,头痛;头疼;患头痛,沪教版三年级起点五年级下.xlsx
hujiao_start3|g5-lower|r129|have a fever,hujiao_start3,5年级下,5,下,129,have a fever,have a fever,,,n. 【医】发烧,沪教版三年级起点五年级下.xlsx
hujiao_start3|g5-lower|r130|have a cold,hujiao_start3,5年级下,5,下,130,have a cold,have a cold,,,na. 伤风,沪教版三年级起点五年级下.xlsx
hujiao_start3|g5-lower|r131|have a rest,hujiao_start3,5年级下,5,下,131,have a rest,have a rest,[hæv ə rest],[hæv ərest],v. 休息一下,沪教版三年级起点五年级下.xlsx
hujiao_start3|g5-lower|r132|get well,hujiao_start3,5年级下,5,下,132,get well,get well,[ɡet wel],[ɡet wel],na. 复原,沪教版三年级起点五年级下.xlsx
hujiao_start3|g5-lower|r133|have a toothache,hujiao_start3,5年级下,5,下,133,have a toothache,have a toothache,,,牙疼;牙痛;患牙痛,沪教版三年级起点五年级下.xlsx
hujiao_start3|g5-lower|r134|have a meeting,hujiao_start3,5年级下,5,下,134,have a meeting,have a meeting,,,开会;开个会;开会的时间了,沪教版三年级起点五年级下.xlsx
hujiao_start3|g5-lower|r135|pull ... out,hujiao_start3,5年级下,5,下,135,pull ... out,pull ... out,,,"na. 拔(牙等);把船划出;(车,船等)开出;(人)出发",沪教版三年级起点五年级下.xlsx
hujiao_start3|g5-lower|r136|invention,hujiao_start3,5年级下,5,下,136,invention,invention,[ɪnˈvenʃn],[ɪnˈvenʃn],n. 发明;发明物;虚构;发明才能,沪教版三年级起点五年级下.xlsx
hujiao_start3|g5-lower|r137|watch,hujiao_start3,5年级下,5,下,137,watch,watch,[wɒtʃ],[wɑːtʃ],"n. 手表;监视;守护;值班人 vt. 观察;注视;看守;警戒 vi. 观看,注视;守侯,看守",沪教版三年级起点五年级下.xlsx
hujiao_start3|g5-lower|r138|anywhere,hujiao_start3,5年级下,5,下,138,anywhere,anywhere,[ˈeniweə(r)],[ˈeniwer],n. 任何地方 adv. 在任何地方;无论何处,沪教版三年级起点五年级下.xlsx
hujiao_start3|g5-lower|r139|travel,hujiao_start3,5年级下,5,下,139,travel,travel,[ˈtræv(ə)l],[ˈtrævl],n. 旅行;游历;漫游 vt. 经过;在...旅行 vi. 旅行;行进;步行;交往,沪教版三年级起点五年级下.xlsx
hujiao_start3|g5-lower|r140|invent,hujiao_start3,5年级下,5,下,140,invent,invent,[ɪnˈvent],[ɪnˈvent],vt. 发明;创造;虚构,沪教版三年级起点五年级下.xlsx
hujiao_start3|g5-lower|r141|something,hujiao_start3,5年级下,5,下,141,something,something,[ˈsʌmθɪŋ],[ˈsʌmθɪŋ],n. 重要的人;值得重视的事 adj. 大约;有点象 adv. 非常;有点;大约 pron. 某事;某物,沪教版三年级起点五年级下.xlsx
hujiao_start3|g5-lower|r142|myself,hujiao_start3,5年级下,5,下,142,myself,myself,[maɪˈself],[maɪˈself],pron. 我自己;我亲自;我的正常的健康状况和正常情绪,沪教版三年级起点五年级下.xlsx
hujiao_start3|g5-lower|r143|camera,hujiao_start3,5年级下,5,下,143,camera,camera,[ˈkæm(ə)rə],[ˈkæm(ə)rə],n. 照相机;摄影机,沪教版三年级起点五年级下.xlsx
hujiao_start3|g5-lower|r144|far away from ...,hujiao_start3,5年级下,5,下,144,far away from ...,far away from ...,,,"远离;离...很远;远离,隐居",沪教版三年级起点五年级下.xlsx
hujiao_start3|g5-lower|r145|festival,hujiao_start3,5年级下,5,下,145,festival,festival,[ˈfestɪv(ə)l],[ˈfestɪvl],"n. 节日;庆祝,纪念活动;欢乐 adj. 节日的,喜庆的;快乐的",沪教版三年级起点五年级下.xlsx
hujiao_start3|g5-lower|r146|important,hujiao_start3,5年级下,5,下,146,important,important,[ɪmˈpɔːtnt],[ɪmˈpɔːrtnt],"adj. 重要的,重大的;有地位的;有权力的",沪教版三年级起点五年级下.xlsx
hujiao_start3|g5-lower|r147|call,hujiao_start3,5年级下,5,下,147,call,call,[kɔːl],[kɔːl],n. 电话;呼叫;要求;访问 vi. 呼叫;拜访;叫牌 vt. 呼叫;称呼;召集,沪教版三年级起点五年级下.xlsx
hujiao_start3|g5-lower|r148|dumpling,hujiao_start3,5年级下,5,下,148,dumpling,dumpling,[ˈdʌmplɪŋ],[ˈdʌmplɪŋ],"n. 饺子,汤团;面团布丁",沪教版三年级起点五年级下.xlsx
hujiao_start3|g5-lower|r149|relative,hujiao_start3,5年级下,5,下,149,relative,relative,[ˈrelətɪv],[ˈrelətɪv],n. 亲戚;相关物;[语] 关系词;亲缘植物 adj. 相对的;有关系的;成比例的,沪教版三年级起点五年级下.xlsx
hujiao_start3|g5-lower|r150|red packet,hujiao_start3,5年级下,5,下,150,red packet,red packet,,,n. 红包,沪教版三年级起点五年级下.xlsx
hujiao_start3|g5-lower|r151|firework,hujiao_start3,5年级下,5,下,151,firework,firework,[ˈfaɪəwɜːk],[ˈfaɪərwɜːrk],n. 烟火;激烈情绪,沪教版三年级起点五年级下.xlsx
hujiao_start3|g5-lower|r152|monster,hujiao_start3,5年级下,5,下,152,monster,monster,[ˈmɒnstə(r)],[ˈmɑːnstər],"n. 怪物;巨人,巨兽;残忍的人 adj. 巨大的,庞大的",沪教版三年级起点五年级下.xlsx
hujiao_start3|g5-lower|r153|end,hujiao_start3,5年级下,5,下,153,end,end,[end],[end],"n. 结束;目标;尽头;末端;死亡 vi. 结束,终止;终结 vt. 结束,终止;终结",沪教版三年级起点五年级下.xlsx
hujiao_start3|g5-lower|r154|village,hujiao_start3,5年级下,5,下,154,village,village,[ˈvɪlɪdʒ],[ˈvɪlɪdʒ],n. 村庄;村民;(动物的)群落,沪教版三年级起点五年级下.xlsx
hujiao_start3|g5-lower|r155|last,hujiao_start3,5年级下,5,下,155,last,last,[lɑːst],[læst],"n. 末尾,最后;上个;鞋楦(做鞋的模型) adj. 最后的;最近的,最新的;仅剩的;最不可能...的 vi. 持续;维持,够用;持久 vt. 度过,拖过;使维持 adv. 最后地;上次,最近;最后一点",沪教版三年级起点五年级下.xlsx
hujiao_start3|g5-lower|r156|firecracker,hujiao_start3,5年级下,5,下,156,firecracker,firecracker,[ˈfaɪəkrækə(r)],[ˈfaɪərkrækər],"n. 鞭炮,爆竹",沪教版三年级起点五年级下.xlsx
hujiao_start3|g5-lower|r157|mooncake,hujiao_start3,5年级下,5,下,157,mooncake,mooncake,['mu:nkeɪk],[ˈmuːnkeɪk],n. 月饼,沪教版三年级起点五年级下.xlsx
hujiao_start3|g5-lower|r158|at the end of,hujiao_start3,5年级下,5,下,158,at the end of,at the end of,,,na. 在...末端;在...的结尾,沪教版三年级起点五年级下.xlsx
hujiao_start3|g5-lower|r159|giant,hujiao_start3,5年级下,5,下,159,giant,giant,[ˈdʒaɪənt],[ˈdʒaɪənt],n. 巨人;伟人;[动] 巨大的动物 adj. 巨大的;巨人般的,沪教版三年级起点五年级下.xlsx
hujiao_start3|g5-lower|r160|wall,hujiao_start3,5年级下,5,下,160,wall,wall,[wɔːl],[wɔːl],"n. 墙壁,围墙;似墙之物 adj. 墙壁的 vt. 用墙围住,围以墙",沪教版三年级起点五年级下.xlsx
hujiao_start3|g5-lower|r161|kind,hujiao_start3,5年级下,5,下,161,kind,kind,[kaɪnd],[kaɪnd],n. 种类;性质 adj. 和蔼的;宽容的;令人感激的,沪教版三年级起点五年级下.xlsx
hujiao_start3|g5-lower|r162|through,hujiao_start3,5年级下,5,下,162,through,through,[θruː],[θruː],prep. 通过;穿过;凭借 adj. 直达的;过境的;完结的 adv. 彻底;从头至尾,沪教版三年级起点五年级下.xlsx
hujiao_start3|g5-lower|r163|no entry,hujiao_start3,5年级下,5,下,163,no entry,no entry,,,禁止进入;不准驶入;不准入内,沪教版三年级起点五年级下.xlsx
hujiao_start3|g5-lower|r164|kind to ...,hujiao_start3,5年级下,5,下,164,kind to ...,kind to ...,,,对...友好;是指对某人友善;对......和蔼的,沪教版三年级起点五年级下.xlsx
hujiao_start3|g5-lower|r165|be kind to ...,hujiao_start3,5年级下,5,下,165,be kind to ...,be kind to ...,,,na. 对...厚道,沪教版三年级起点五年级下.xlsx
hujiao_start3|g5-lower|r166|knock down,hujiao_start3,5年级下,5,下,166,knock down,knock down,,,na. 打倒;拆除;拆卸;(拍卖时)敲槌卖出,沪教版三年级起点五年级下.xlsx
hujiao_start3|g6-upper|r002|month,hujiao_start3,6年级上,6,上,2,month,month,[mʌnθ],[mʌnθ],"n. 月,一个月的时间",沪教版三年级起点六年级上.xlsx
hujiao_start3|g6-upper|r003|cute,hujiao_start3,6年级上,6,上,3,cute,cute,[kjuːt],[kjuːt],"adj. 可爱的;漂亮的;聪明的,伶俐的",沪教版三年级起点六年级上.xlsx
hujiao_start3|g6-upper|r004|pretty,hujiao_start3,6年级上,6,上,4,pretty,pretty,[ˈprɪti],[ˈprɪti],n. 有吸引力的事物(尤指饰品);漂亮的人 adj. 漂亮的;可爱的;优美的 adv. 相当地;颇,沪教版三年级起点六年级上.xlsx
hujiao_start3|g6-upper|r005|handsome,hujiao_start3,6年级上,6,上,5,handsome,handsome,[ˈhænsəm],[ˈhænsəm],"adj. (男子)英俊的;可观的;大方的,慷慨的;健美而端庄的",沪教版三年级起点六年级上.xlsx
hujiao_start3|g6-upper|r006|turtle,hujiao_start3,6年级上,6,上,6,turtle,turtle,[ˈtɜːt(ə)l],[ˈtɜːrtl],"n. 龟,甲鱼;海龟",沪教版三年级起点六年级上.xlsx
hujiao_start3|g6-upper|r007|catch,hujiao_start3,6年级上,6,上,7,catch,catch,[kætʃ],[kætʃ],n. 捕捉;捕获物;窗钩 vt. 赶上;抓住;感染;了解 vi. 赶上;抓住,沪教版三年级起点六年级上.xlsx
hujiao_start3|g6-upper|r008|fly,hujiao_start3,6年级上,6,上,8,fly,fly,[flaɪ],[flaɪ],n. 飞行;苍蝇;两翼昆虫 adj. 敏捷的 vi. 飞;驾驶飞机;飘扬 vt. 飞行;飞越;使飘扬,沪教版三年级起点六年级上.xlsx
hujiao_start3|g6-upper|r009|grow up,hujiao_start3,6年级上,6,上,9,grow up,grow up,[ɡrəʊ ʌp],[ɡroʊ ʌp],na. 长大,沪教版三年级起点六年级上.xlsx
hujiao_start3|g6-upper|r010|junior high school,hujiao_start3,6年级上,6,上,10,junior high school,junior high school,,,n. (美国)初级中学,沪教版三年级起点六年级上.xlsx
hujiao_start3|g6-upper|r011|born,hujiao_start3,6年级上,6,上,11,born,born,[bɔːn],[bɔːrn],v. 出世(bear的过去分词) adj. 天生的,沪教版三年级起点六年级上.xlsx
hujiao_start3|g6-upper|r012|be born,hujiao_start3,6年级上,6,上,12,be born,be born,,,v. 出生,沪教版三年级起点六年级上.xlsx
hujiao_start3|g6-upper|r013|famous,hujiao_start3,6年级上,6,上,13,famous,famous,[ˈfeɪməs],[ˈfeɪməs],"adj. 著名的;极好的,非常令人满意的",沪教版三年级起点六年级上.xlsx
hujiao_start3|g6-upper|r014|during,hujiao_start3,6年级上,6,上,14,during,during,[ˈdjʊərɪŋ],[ˈdʊrɪŋ],"prep. 在...的时候,在...的期间",沪教版三年级起点六年级上.xlsx
hujiao_start3|g6-upper|r015|spend,hujiao_start3,6年级上,6,上,15,spend,spend,[spend],[spend],"n. 预算 vt. 度过,消磨(时光);花费;浪费;用尽 vi. 花钱;用尽,耗尽",沪教版三年级起点六年级上.xlsx
hujiao_start3|g6-upper|r016|everyone,hujiao_start3,6年级上,6,上,16,everyone,everyone,[ˈevriwʌn],[ˈevriwʌn],n. 每个人 pron. 每个人;人人,沪教版三年级起点六年级上.xlsx
hujiao_start3|g6-upper|r017|countryside,hujiao_start3,6年级上,6,上,17,countryside,countryside,[ˈkʌntrisaɪd],[ˈkʌntrisaɪd],"n. 农村,乡下;乡下的全体居民",沪教版三年级起点六年级上.xlsx
hujiao_start3|g6-upper|r018|pick,hujiao_start3,6年级上,6,上,18,pick,pick,[pɪk],[pɪk],n. 选择;鹤嘴锄;挖;掩护 vi. 挑选;采摘;挖 vt. 拾取;精选;采摘;掘,沪教版三年级起点六年级上.xlsx
hujiao_start3|g6-upper|r019|summer holiday,hujiao_start3,6年级上,6,上,19,summer holiday,summer holiday,,,n. 暑假,沪教版三年级起点六年级上.xlsx
hujiao_start3|g6-upper|r020|healthy,hujiao_start3,6年级上,6,上,20,healthy,healthy,[ˈhelθi],[ˈhelθi],"adj. 健康的,健全的;有益于健康的",沪教版三年级起点六年级上.xlsx
hujiao_start3|g6-upper|r021|unhealthy,hujiao_start3,6年级上,6,上,21,unhealthy,unhealthy,[ʌnˈhelθi],[ʌnˈhelθi],adj. 不健康的;危险的;有害身心健康的,沪教版三年级起点六年级上.xlsx
hujiao_start3|g6-upper|r022|hamburger,hujiao_start3,6年级上,6,上,22,hamburger,hamburger,[ˈhæmbɜːɡə(r)],[ˈhæmbɜːrɡər],"n. 汉堡包,火腿汉堡;牛肉饼,肉饼;碎牛肉",沪教版三年级起点六年级上.xlsx
hujiao_start3|g6-upper|r023|cola,hujiao_start3,6年级上,6,上,23,cola,cola,[ˈkəʊlə],[ˈkoʊlə],n. 可乐;可乐树(其子含咖啡碱),沪教版三年级起点六年级上.xlsx
hujiao_start3|g6-upper|r024|yesterday,hujiao_start3,6年级上,6,上,24,yesterday,yesterday,[ˈjestədeɪ],[ˈjestərdeɪ; ˈjestərdi],n. 昨天;往昔 adv. 昨天,沪教版三年级起点六年级上.xlsx
hujiao_start3|g6-upper|r025|fruit,hujiao_start3,6年级上,6,上,25,fruit,fruit,[fruːt],[fruːt],n. 水果;产物 vt. 使......结果实 vi. 结果实,沪教版三年级起点六年级上.xlsx
hujiao_start3|g6-upper|r026|pie,hujiao_start3,6年级上,6,上,26,pie,pie,[paɪ],[paɪ],n. 馅饼;饼图;爱说话的人 vt. 使杂乱,沪教版三年级起点六年级上.xlsx
hujiao_start3|g6-upper|r027|pizza,hujiao_start3,6年级上,6,上,27,pizza,pizza,[ˈpiːtsə],[ˈpiːtsə],n. 比萨饼(一种涂有乳酪核番茄酱的意大利式有馅烘饼),沪教版三年级起点六年级上.xlsx
hujiao_start3|g6-upper|r028|sandwich,hujiao_start3,6年级上,6,上,28,sandwich,sandwich,[ˈsænwɪtʃ; ˈsænwɪdʒ],[ˈsænwɪtʃ; ˈsænwɪdʒ],n. 三明治;夹心面包 vt. 夹入;挤进;把...做成三明治,沪教版三年级起点六年级上.xlsx
hujiao_start3|g6-upper|r029|vegetable,hujiao_start3,6年级上,6,上,29,vegetable,vegetable,[ˈvedʒtəb(ə)l],[ˈvedʒtəbl],n. 蔬菜;植物;植物人 adj. 蔬菜的;植物的,沪教版三年级起点六年级上.xlsx
hujiao_start3|g6-upper|r030|chicken,hujiao_start3,6年级上,6,上,30,chicken,chicken,[ˈtʃɪkɪn],[ˈtʃɪkɪn],"n. 鸡肉;小鸡;胆小鬼,懦夫 adj. 鸡肉的;胆怯的;幼小的",沪教版三年级起点六年级上.xlsx
hujiao_start3|g6-upper|r031|chocolate,hujiao_start3,6年级上,6,上,31,chocolate,chocolate,[ˈtʃɒklət],[ˈtʃɔːklət],"n. 巧克力,巧克力糖;巧克力色 adj. 巧克力色的;巧克力口味的",沪教版三年级起点六年级上.xlsx
hujiao_start3|g6-upper|r032|a little,hujiao_start3,6年级上,6,上,32,a little,a little,,,n. 一点,沪教版三年级起点六年级上.xlsx
hujiao_start3|g6-upper|r033|fish and chips,hujiao_start3,6年级上,6,上,33,fish and chips,fish and chips,[ˌfɪʃ ən ˈtʃɪps],[ˌfɪʃ ən ˈtʃɪps],n. 炸鱼加土豆条;炸鱼薯条,沪教版三年级起点六年级上.xlsx
hujiao_start3|g6-upper|r034|neighbour,hujiao_start3,6年级上,6,上,34,neighbour,neighbour,[ˈneɪbə(r)],[ˈneɪbər],"n. n. 邻居;同胞;仁慈的人 vt. 邻接 vi. 住在邻近;毗邻;友善,和睦 adj. 邻居的;邻近的",沪教版三年级起点六年级上.xlsx
hujiao_start3|g6-upper|r035|son,hujiao_start3,6年级上,6,上,35,son,son,[sʌn],[sʌn],n. 儿子;孩子(对年轻人的称呼);男性后裔,沪教版三年级起点六年级上.xlsx
hujiao_start3|g6-upper|r036|daughter,hujiao_start3,6年级上,6,上,36,daughter,daughter,[ˈdɔːtə(r)],[ˈdɔːtər],n. 女儿;[遗][农学] 子代 adj. 女儿的;子代的,沪教版三年级起点六年级上.xlsx
hujiao_start3|g6-upper|r037|noisy,hujiao_start3,6年级上,6,上,37,noisy,noisy,[ˈnɔɪzi],[ˈnɔɪzi],adj. .嘈杂的;喧闹的;聒噪的,沪教版三年级起点六年级上.xlsx
hujiao_start3|g6-upper|r038|owl,hujiao_start3,6年级上,6,上,38,owl,owl,[aʊl],[aʊl],n. 猫头鹰;枭;惯于晚上活动的人,沪教版三年级起点六年级上.xlsx
hujiao_start3|g6-upper|r039|dig,hujiao_start3,6年级上,6,上,39,dig,dig,[dɪɡ],[dɪɡ],"n. 戳,刺;挖苦 vi. 挖掘 vt. 挖,掘;探究",沪教版三年级起点六年级上.xlsx
hujiao_start3|g6-upper|r040|make noise,hujiao_start3,6年级上,6,上,40,make noise,make noise,,,制造噪音;发出噪音;发出声音,沪教版三年级起点六年级上.xlsx
hujiao_start3|g6-upper|r041|thousand,hujiao_start3,6年级上,6,上,41,thousand,thousand,[ˈθaʊznd],[ˈθaʊz(ə)nd],n. 一千;一千个;许许多多 adj. 成千的;无数的,沪教版三年级起点六年级上.xlsx
hujiao_start3|g6-upper|r042|hundred,hujiao_start3,6年级上,6,上,42,hundred,hundred,[ˈhʌndrəd],[ˈhʌndrəd],num. 百;百个 n. 一百;许多 adj. 一百的;许多的,沪教版三年级起点六年级上.xlsx
hujiao_start3|g6-upper|r043|wild,hujiao_start3,6年级上,6,上,43,wild,wild,[waɪld],[waɪld],n. 荒野 adj. 野生的;野蛮的;狂热的;荒凉的 adv. 疯狂地;胡乱地,沪教版三年级起点六年级上.xlsx
hujiao_start3|g6-upper|r044|south china tiger,hujiao_start3,6年级上,6,上,44,South China tiger,south china tiger,,,无,沪教版三年级起点六年级上.xlsx
hujiao_start3|g6-upper|r045|blue whale,hujiao_start3,6年级上,6,上,45,blue whale,blue whale,[ˌbluː ˈweɪl],[ˌbluː ˈweɪl],n. 【动】蓝鲸,沪教版三年级起点六年级上.xlsx
hujiao_start3|g6-upper|r046|way,hujiao_start3,6年级上,6,上,46,way,way,[weɪ],[weɪ],n. 方法;道路;方向;行业;习惯 adj. 途中的 adv. 大大地;远远地,沪教版三年级起点六年级上.xlsx
hujiao_start3|g6-upper|r047|die,hujiao_start3,6年级上,6,上,47,die,die,[daɪ],[daɪ],"n. 冲模,钢模;骰子 vi. 死亡;凋零;熄灭 vt. 死,死于...",沪教版三年级起点六年级上.xlsx
hujiao_start3|g6-upper|r048|rhino,hujiao_start3,6年级上,6,上,48,rhino,rhino,[ˈraɪnəʊ],[ˈraɪnoʊ],n. 犀牛(等于rhinoceros);钱;现金,沪教版三年级起点六年级上.xlsx
hujiao_start3|g6-upper|r049|learn,hujiao_start3,6年级上,6,上,49,learn,learn,[lɜːn],[lɜːrn],vt. 学习;得知;认识到 vi. 学习;获悉,沪教版三年级起点六年级上.xlsx
hujiao_start3|g6-upper|r050|send,hujiao_start3,6年级上,6,上,50,send,send,[send],[send],"n. 上升运动 vi. 派人;寄信 vt. 发送,寄;派遣;使进入;发射",沪教版三年级起点六年级上.xlsx
hujiao_start3|g6-upper|r051|in danger,hujiao_start3,6年级上,6,上,51,in danger,in danger,,,na. 在危险中,沪教版三年级起点六年级上.xlsx
hujiao_start3|g6-upper|r052|in the past,hujiao_start3,6年级上,6,上,52,in the past,in the past,,,na. 在过去,沪教版三年级起点六年级上.xlsx
hujiao_start3|g6-upper|r053|take care of,hujiao_start3,6年级上,6,上,53,take care of,take care of,,,na. 照看;处理;清除,沪教版三年级起点六年级上.xlsx
hujiao_start3|g6-upper|r054|go for a walk,hujiao_start3,6年级上,6,上,54,go for a walk,go for a walk,,,v. 出去散步,沪教版三年级起点六年级上.xlsx
hujiao_start3|g6-upper|r055|drive away,hujiao_start3,6年级上,6,上,55,drive away,drive away,,,v. 赶走,沪教版三年级起点六年级上.xlsx
hujiao_start3|g6-upper|r056|e-friend,hujiao_start3,6年级上,6,上,56,e-friend,e-friend,[ˈiː frend],[ˈiː frend],= e-pal,沪教版三年级起点六年级上.xlsx
hujiao_start3|g6-upper|r057|country,hujiao_start3,6年级上,6,上,57,country,country,[ˈkʌntri],[ˈkʌntri],"n. 国家,国土;国民;乡下,农村;乡村;故乡 adj. 祖国的,故乡的;地方的,乡村的;国家的;粗鲁的;乡村音乐的",沪教版三年级起点六年级上.xlsx
hujiao_start3|g6-upper|r058|other,hujiao_start3,6年级上,6,上,58,other,other,[ˈʌðə(r)],[ˈʌðər],"adj. 其他的,另外的 pron. 另外一个",沪教版三年级起点六年级上.xlsx
hujiao_start3|g6-upper|r059|team,hujiao_start3,6年级上,6,上,59,team,team,[tiːm],[tiːm],n. 队;组 vt. 使合作 vi. 合作,沪教版三年级起点六年级上.xlsx
hujiao_start3|g6-upper|r060|hobby,hujiao_start3,6年级上,6,上,60,hobby,hobby,[ˈhɒbi],[ˈhɑːbi],n. 嗜好;业余爱好,沪教版三年级起点六年级上.xlsx
hujiao_start3|g6-upper|r061|grade,hujiao_start3,6年级上,6,上,61,grade,grade,[ɡreɪd],[ɡreɪd],n. 年级;等级;成绩;级别;阶段 vt. 评分;把...分等级 vi. 分等级;逐渐变化,沪教版三年级起点六年级上.xlsx
hujiao_start3|g6-upper|r062|yourself,hujiao_start3,6年级上,6,上,62,yourself,yourself,[jɔːˈself],[jɔːrˈself; jʊrˈself; jərˈself],pron. 你自己,沪教版三年级起点六年级上.xlsx
hujiao_start3|g6-upper|r063|would like,hujiao_start3,6年级上,6,上,63,would like,would like,,,v. 想要,沪教版三年级起点六年级上.xlsx
hujiao_start3|g6-upper|r064|shall,hujiao_start3,6年级上,6,上,64,shall,shall,[ʃəl; ʃæl],[ʃəl; ʃæl],aux. 应;会;将;必须,沪教版三年级起点六年级上.xlsx
hujiao_start3|g6-upper|r065|princess,hujiao_start3,6年级上,6,上,65,princess,princess,[ˌprɪnˈses; ˈprɪnses],[ˈprɪnses],n. 公主;王妃;女巨头,沪教版三年级起点六年级上.xlsx
hujiao_start3|g6-upper|r066|police,hujiao_start3,6年级上,6,上,66,police,police,[pəˈliːs],[pəˈliːs],"n. 警察,警方;治安 adj. 警察的;有关警察的 vt. 监督;管辖;维持治安;为...配备警察",沪教版三年级起点六年级上.xlsx
hujiao_start3|g6-upper|r067|exciting,hujiao_start3,6年级上,6,上,67,exciting,exciting,[ɪkˈsaɪtɪŋ],[ɪkˈsaɪtɪŋ],adj. 令人兴奋的;使人激动的 v. 激动;刺激(excite的ing形式);唤起,沪教版三年级起点六年级上.xlsx
hujiao_start3|g6-upper|r068|brave,hujiao_start3,6年级上,6,上,68,brave,brave,[breɪv],[breɪv],n. 勇士 adj. 勇敢的;华丽的 vt. 勇敢地面对,沪教版三年级起点六年级上.xlsx
hujiao_start3|g6-upper|r069|policeman,hujiao_start3,6年级上,6,上,69,policeman,policeman,[pəˈliːsmən],[pəˈliːsmən],"n. 警察,警员;[分化] 淀帚(橡皮头玻璃搅棒)",沪教版三年级起点六年级上.xlsx
hujiao_start3|g6-upper|r070|boring,hujiao_start3,6年级上,6,上,70,boring,boring,[ˈbɔːrɪŋ],[ˈbɔːrɪŋ],n. 钻孔 adj. 无聊的;令人厌烦的 v. 钻孔;使厌烦;挖空(bore的ing形式),沪教版三年级起点六年级上.xlsx
hujiao_start3|g6-upper|r071|queen,hujiao_start3,6年级上,6,上,71,queen,queen,[kwiːn],[kwiːn],"n. 女王,王后;(纸牌中的)皇后;(蜜蜂等的)蜂王 vt. 使...成为女王或王后 vi. 做女王",沪教版三年级起点六年级上.xlsx
hujiao_start3|g6-upper|r072|mirror,hujiao_start3,6年级上,6,上,72,mirror,mirror,[ˈmɪrə(r)],[ˈmɪrər],n. 镜子;真实的写照;榜样 vt. 反射;反映,沪教版三年级起点六年级上.xlsx
hujiao_start3|g6-upper|r073|fairest,hujiao_start3,6年级上,6,上,73,fairest,fairest,,,adj. 最美的(fair最高级),沪教版三年级起点六年级上.xlsx
hujiao_start3|g6-upper|r074|kill,hujiao_start3,6年级上,6,上,74,kill,kill,[kɪl],[kɪl],vt. 杀死;扼杀;使终止;抵消 vi. 杀死 n. 杀戮;屠杀 adj. 致命的;致死的,沪教版三年级起点六年级上.xlsx
hujiao_start3|g6-upper|r075|asleep,hujiao_start3,6年级上,6,上,75,asleep,asleep,[əˈsliːp],[əˈsliːp],adj. 睡着的;麻木的;长眠的 adv. 熟睡地;进入睡眠状态,沪教版三年级起点六年级上.xlsx
hujiao_start3|g6-upper|r076|next time,hujiao_start3,6年级上,6,上,76,next time,next time,,,adv. 下一次,沪教版三年级起点六年级上.xlsx
hujiao_start3|g6-upper|r077|once upon a time,hujiao_start3,6年级上,6,上,77,once upon a time,once upon a time,,,na. 从前;很久很久以前;古时候,沪教版三年级起点六年级上.xlsx
hujiao_start3|g6-upper|r078|fall asleep,hujiao_start3,6年级上,6,上,78,fall asleep,fall asleep,,,na. 入睡,沪教版三年级起点六年级上.xlsx
hujiao_start3|g6-upper|r079|bee,hujiao_start3,6年级上,6,上,79,bee,bee,[biː],[biː],"n. 蜜蜂,蜂;勤劳的人",沪教版三年级起点六年级上.xlsx
hujiao_start3|g6-upper|r080|insect,hujiao_start3,6年级上,6,上,80,insect,insect,[ˈɪnsekt],[ˈɪnsekt],n. 昆虫;卑鄙的人,沪教版三年级起点六年级上.xlsx
hujiao_start3|g6-upper|r081|ant,hujiao_start3,6年级上,6,上,81,ant,ant,[ænt],[ænt],n. 蚂蚁,沪教版三年级起点六年级上.xlsx
hujiao_start3|g6-upper|r082|anything,hujiao_start3,6年级上,6,上,82,anything,anything,[ˈeniθɪŋ],[ˈeniθɪŋ],pron. 任何事,沪教版三年级起点六年级上.xlsx
hujiao_start3|g6-upper|r083|kind,hujiao_start3,6年级上,6,上,83,kind,kind,[kaɪnd],[kaɪnd],n. 种类;性质 adj. 和蔼的;宽容的;令人感激的,沪教版三年级起点六年级上.xlsx
hujiao_start3|g6-upper|r084|finger,hujiao_start3,6年级上,6,上,84,finger,finger,[ˈfɪŋɡə(r)],[ˈfɪŋɡər],"n. 手指;指针,指状物 vt. 伸出;用手指拨弄 vi. 用指触摸;拨弄",沪教版三年级起点六年级上.xlsx
hujiao_start3|g6-upper|r085|dancer,hujiao_start3,6年级上,6,上,85,dancer,dancer,[ˈdɑːnsə(r)],[ˈdænsər],n. 舞蹈家;舞蹈演员;舞女;跳舞者,沪教版三年级起点六年级上.xlsx
hujiao_start3|g6-upper|r086|insect museum,hujiao_start3,6年级上,6,上,86,insect museum,insect museum,,,无,沪教版三年级起点六年级上.xlsx
hujiao_start3|g6-upper|r087|car museum,hujiao_start3,6年级上,6,上,87,car museum,car museum,,,无,沪教版三年级起点六年级上.xlsx
hujiao_start3|g6-upper|r088|model car,hujiao_start3,6年级上,6,上,88,model car,model car,,,汽车模型;模型车;车模音箱,沪教版三年级起点六年级上.xlsx
hujiao_start3|g6-upper|r089|science museum,hujiao_start3,6年级上,6,上,89,science museum,science museum,,,n. 科学馆,沪教版三年级起点六年级上.xlsx
hujiao_start3|g6-upper|r090|many kinds of,hujiao_start3,6年级上,6,上,90,many kinds of,many kinds of,,,许多种;许多种类的;许多种的,沪教版三年级起点六年级上.xlsx
hujiao_start3|g6-upper|r091|capital,hujiao_start3,6年级上,6,上,91,capital,capital,[ˈkæpɪt(ə)l],[ˈkæpɪt(ə)l],"n. 首都,省会;资金;大写字母;资本家 adj. 首都的;重要的;大写的",沪教版三年级起点六年级上.xlsx
hujiao_start3|g6-upper|r092|north,hujiao_start3,6年级上,6,上,92,north,north,[nɔːθ],[nɔːrθ],"n. 北,北方 adj. 北方的;朝北的 adv. 在北方,向北方",沪教版三年级起点六年级上.xlsx
hujiao_start3|g6-upper|r093|east,hujiao_start3,6年级上,6,上,93,east,east,[iːst],[iːst],"n. 东方;东风;东方国家 adj. 东方的;向东的;从东方来的 adv. 向东方,在东方",沪教版三年级起点六年级上.xlsx
hujiao_start3|g6-upper|r094|west,hujiao_start3,6年级上,6,上,94,west,west,[west],[west],n. 西;西方;西部 adj. 西方的;朝西的 adv. 在西方;向西方;自西方,沪教版三年级起点六年级上.xlsx
hujiao_start3|g6-upper|r095|south,hujiao_start3,6年级上,6,上,95,south,south,[saʊθ],[saʊθ],"n. 南方,南边;南部 adj. 南的,南方的 adv. 在南方,向南方",沪教版三年级起点六年级上.xlsx
hujiao_start3|g6-upper|r096|palace,hujiao_start3,6年级上,6,上,96,palace,palace,[ˈpæləs],[ˈpæləs],n. 宫殿;宅邸;豪华住宅,沪教版三年级起点六年级上.xlsx
hujiao_start3|g6-upper|r097|most,hujiao_start3,6年级上,6,上,97,most,most,[məʊst],[moʊst],"adv. 最;非常,极其;最多;几乎 adj. 大部分的,多数的;最多的 n. 大部分,大多数",沪教版三年级起点六年级上.xlsx
hujiao_start3|g6-upper|r098|tourist,hujiao_start3,6年级上,6,上,98,tourist,tourist,[ˈtʊərɪst],[ˈtʊrɪst],"n. 旅行者,观光客 adj. 旅游的 vt. 在旅行参观 vi. 旅游;观光 adv. 坐旅游车厢;坐经济舱",沪教版三年级起点六年级上.xlsx
hujiao_start3|g6-upper|r099|building,hujiao_start3,6年级上,6,上,99,building,building,[ˈbɪldɪŋ],[ˈbɪldɪŋ],n. 建筑;建筑物 v. 建筑;建立;增加(build的ing形式),沪教版三年级起点六年级上.xlsx
hujiao_start3|g6-upper|r100|sushi,hujiao_start3,6年级上,6,上,100,sushi,sushi,[ˈsuːʃi],[ˈsuːʃi],n. 寿司(生鱼片冷饭团),沪教版三年级起点六年级上.xlsx
hujiao_start3|g6-upper|r101|in the north of,hujiao_start3,6年级上,6,上,101,in the north of,in the north of,,,na. 在...的北部,沪教版三年级起点六年级上.xlsx
hujiao_start3|g6-upper|r102|in the east of,hujiao_start3,6年级上,6,上,102,in the east of,in the east of,,,na. 在...的东部,沪教版三年级起点六年级上.xlsx
hujiao_start3|g6-upper|r103|air,hujiao_start3,6年级上,6,上,103,air,air,[eə(r)],[er],"n. 空气,大气;天空;样子;曲调 vt. 使通风,晾干;夸耀 vi. 通风",沪教版三年级起点六年级上.xlsx
hujiao_start3|g6-upper|r104|everywhere,hujiao_start3,6年级上,6,上,104,everywhere,everywhere,[ˈevriweə(r)],[ˈevriwer],n. 每个地方 adv. 到处,沪教版三年级起点六年级上.xlsx
hujiao_start3|g6-upper|r105|alive,hujiao_start3,6年级上,6,上,105,alive,alive,[əˈlaɪv],[əˈlaɪv],adj. 活着的;活泼的;有生气的,沪教版三年级起点六年级上.xlsx
hujiao_start3|g6-upper|r106|balloon,hujiao_start3,6年级上,6,上,106,balloon,balloon,[bəˈluːn],[bəˈluːn],n. 气球 adj. 像气球般鼓起的 vt. 使像气球般鼓起;使激增 vi. 激增;膨胀如气球,沪教版三年级起点六年级上.xlsx
hujiao_start3|g6-upper|r107|factory,hujiao_start3,6年级上,6,上,107,factory,factory,[ˈfæktri; ˈfæktəri],[ˈfæktri; ˈfæktəri],n. 工厂;制造厂;代理店,沪教版三年级起点六年级上.xlsx
hujiao_start3|g6-upper|r108|smoke,hujiao_start3,6年级上,6,上,108,smoke,smoke,[sməʊk],[smoʊk],"n. 烟;抽烟;无常的事物 vt. 吸烟;抽 vi. 冒烟,吸烟;抽烟;弥漫",沪教版三年级起点六年级上.xlsx
hujiao_start3|g6-upper|r109|dirty,hujiao_start3,6年级上,6,上,109,dirty,dirty,[ˈdɜːti],[ˈdɜːrti],"adj. 下流的,卑鄙的;肮脏的;恶劣的;暗淡的 vt. 弄脏 vi. 变脏",沪教版三年级起点六年级上.xlsx
hujiao_start3|g6-upper|r110|clean,hujiao_start3,6年级上,6,上,110,clean,clean,[kliːn],[kliːn],"n. 打扫 adj. 清洁的,干净的;清白的 vt. 使干净 vi. 打扫,清扫 adv. 完全地",沪教版三年级起点六年级上.xlsx
hujiao_start3|g6-upper|r111|hurt,hujiao_start3,6年级上,6,上,111,hurt,hurt,[hɜːt],[hɜːrt],n. 痛苦;危害;痛苦的原因 vt. 使受伤;损害;使疼痛;使痛心 adj. 受伤的;痛苦的;受损的 vi. 感到疼痛;有坏处;带来痛苦,沪教版三年级起点六年级上.xlsx
hujiao_start3|g6-upper|r112|fresh,hujiao_start3,6年级上,6,上,112,fresh,fresh,[freʃ],[freʃ],"n. 开始;新生;泛滥 adj. 新鲜的;清新的;淡水的;无经验的 adv. 刚刚,才;最新地",沪教版三年级起点六年级上.xlsx
hujiao_start3|g6-upper|r113|plant,hujiao_start3,6年级上,6,上,113,plant,plant,[plɑːnt],[plænt],"n. 工厂,车间;植物;设备;庄稼 vt. 种植;培养;栽培;安置 vi. 种植",沪教版三年级起点六年级上.xlsx
hujiao_start3|g6-upper|r114|keep ... alive,hujiao_start3,6年级上,6,上,114,keep ... alive,keep ... alive,,,na. 把(鱼)养着;让(火)烧着;使继续下去,沪教版三年级起点六年级上.xlsx
hujiao_start3|g6-upper|r115|plant trees,hujiao_start3,6年级上,6,上,115,plant trees,plant trees,,,种树;植树;植树造林,沪教版三年级起点六年级上.xlsx
hujiao_start3|g6-upper|r116|wood,hujiao_start3,6年级上,6,上,116,wood,wood,[wʊd],[wʊd],n. 木材;木制品;树林 vt. 植林于;给...添加木柴 vi. 收集木材,沪教版三年级起点六年级上.xlsx
hujiao_start3|g6-upper|r117|cool,hujiao_start3,6年级上,6,上,117,cool,cool,[kuːl],[kuːl],n. 凉爽;凉爽的空气 adj. 凉爽的;冷静的;出色的 vt. 使...冷却;使...平静下来 vi. 变凉;平息 adv. 冷静地,沪教版三年级起点六年级上.xlsx
hujiao_start3|g6-upper|r118|match,hujiao_start3,6年级上,6,上,118,match,match,[mætʃ],[mætʃ],"vt. 使比赛;使相配;敌得过,比得上;相配;与...竞争 vi. 比赛;匹配;相配,相称;相比 n. 比赛,竞赛;匹配;对手;火柴",沪教版三年级起点六年级上.xlsx
hujiao_start3|g6-upper|r119|miss,hujiao_start3,6年级上,6,上,119,miss,miss,[mɪs],[mɪs],"n. 女士,小姐,年轻未婚女子 vt. 错过,想念,缺(勤)",沪教版三年级起点六年级上.xlsx
hujiao_start3|g6-upper|r120|have to,hujiao_start3,6年级上,6,上,120,have to,have to,[ˈhæv tu],[ˈhæv tə; ˈhæf tə],modalv. 不得不;必须;劝告或建议时用;表示一定真实或肯定发生 v. 不得不;必须;一定;应当,沪教版三年级起点六年级上.xlsx
hujiao_start3|g6-upper|r121|cut ... down,hujiao_start3,6年级上,6,上,121,cut ... down,cut ... down,,,na. 砍倒;削减;减价;夺去...活动力,沪教版三年级起点六年级上.xlsx
hujiao_start3|g6-upper|r122|look for,hujiao_start3,6年级上,6,上,122,look for,look for,[ˈlʊk fɔː(r)],[ˈlʊk fɔːr],v. 寻找;探索;渴望;盼望,沪教版三年级起点六年级上.xlsx
hujiao_start3|g6-upper|r123|earth,hujiao_start3,6年级上,6,上,123,Earth,earth,[ɜːθ],[ɜːrθ],"n. 地球;地表,陆地;土地,土壤;尘事,俗事;兽穴 vt. 把(电线)[电] 接地;盖(土);追赶入洞穴 vi. 躲进地洞",沪教版三年级起点六年级上.xlsx
hujiao_start3|g6-upper|r124|part,hujiao_start3,6年级上,6,上,124,part,part,[pɑːt],[pɑːrt],n. 部分;角色;零件;一些;片段 adj. 部分的 vt. 分离;分配;分开 adv. 部分地 vi. 断裂;分手,沪教版三年级起点六年级上.xlsx
hujiao_start3|g6-upper|r125|forest,hujiao_start3,6年级上,6,上,125,forest,forest,[ˈfɒrɪst],[ˈfɔːrɪst],"n. 森林 vt. 植树于,使成为森林",沪教版三年级起点六年级上.xlsx
hujiao_start3|g6-upper|r126|land,hujiao_start3,6年级上,6,上,126,land,land,[lænd],[lænd],n. 国土;陆地;地面 vt. 使...登陆;使...陷于;将...卸下 vi. 登陆;到达,沪教版三年级起点六年级上.xlsx
hujiao_start3|g6-upper|r127|ocean,hujiao_start3,6年级上,6,上,127,ocean,ocean,[ˈəʊʃ(ə)n],[ˈoʊʃn],n. 海洋;大量;广阔,沪教版三年级起点六年级上.xlsx
hujiao_start3|g6-upper|r128|rubbish,hujiao_start3,6年级上,6,上,128,rubbish,rubbish,[ˈrʌbɪʃ],[ˈrʌbɪʃ],"n. 垃圾,废物;废话 adj. 毫无价值的",沪教版三年级起点六年级上.xlsx
hujiao_start3|g6-upper|r129|sick,hujiao_start3,6年级上,6,上,129,sick,sick,[sɪk],[sɪk],adj. 厌恶的;病态的;不舒服;渴望的;恶心的 ;生病的 n. 病人 vt. 使狗去咬;呕吐;追击,沪教版三年级起点六年级上.xlsx
hujiao_start3|g6-upper|r130|recycle,hujiao_start3,6年级上,6,上,130,recycle,recycle,[ˌriːˈsaɪkl],[ˌriːˈsaɪkl],n. 再生;再循环;重复利用 vt. 使再循环;使...重新利用 vi. 重复利用,沪教版三年级起点六年级上.xlsx
hujiao_start3|g6-upper|r131|glass,hujiao_start3,6年级上,6,上,131,glass,glass,[ɡlɑːs],[ɡlæs],n. 玻璃;玻璃制品;镜子 vt. 反映;给某物加玻璃 vi. 成玻璃状,沪教版三年级起点六年级上.xlsx
hujiao_start3|g6-upper|r132|own,hujiao_start3,6年级上,6,上,132,own,own,[əʊn],[oʊn],vt. 拥有;承认 vi. 承认 adj. 自己的;特有的 n. 自己的,沪教版三年级起点六年级上.xlsx
hujiao_start3|g6-upper|r133|so many,hujiao_start3,6年级上,6,上,133,so many,so many,,,na. 那么多的;很多(的);和...一样多的;全都是,沪教版三年级起点六年级上.xlsx
hujiao_start3|g6-upper|r134|pick up,hujiao_start3,6年级上,6,上,134,pick up,pick up,,,v. 拾起;探出;重新开始,沪教版三年级起点六年级上.xlsx
hujiao_start3|g6-upper|r135|shopping bag,hujiao_start3,6年级上,6,上,135,shopping bag,shopping bag,,,n. 购物袋;(纸或塑料的)购物袋,沪教版三年级起点六年级上.xlsx
hujiao_start3|g6-upper|r136|plastic bag,hujiao_start3,6年级上,6,上,136,plastic bag,plastic bag,,,n. 胶袋,沪教版三年级起点六年级上.xlsx
hujiao_start3|g6-lower|r002|weigh,hujiao_start3,6年级下,6,下,2,weigh,weigh,[weɪ],[weɪ],n. 权衡;称重量 vt. 权衡;考虑;称...重量 vi. 重量为...;具有重要性;成为...的重荷;起锚,沪教版三年级起点六年级下.xlsx
hujiao_start3|g6-lower|r003|kilogram,hujiao_start3,6年级下,6,下,3,kilogram,kilogram,[ˈkɪləɡræm],[ˈkɪləɡræm],n. 公斤;千克,沪教版三年级起点六年级下.xlsx
hujiao_start3|g6-lower|r004|centimetre,hujiao_start3,6年级下,6,下,4,centimetre,centimetre,[ˈsentɪmiːtə(r)],[ˈsentɪmiːtər],n. 厘米;公分,沪教版三年级起点六年级下.xlsx
hujiao_start3|g6-lower|r005|taller,hujiao_start3,6年级下,6,下,5,taller,taller,['tɔ:lə(r)],[ˈtɔːlər],adj. 更高的;高一点的,沪教版三年级起点六年级下.xlsx
hujiao_start3|g6-lower|r006|fan,hujiao_start3,6年级下,6,下,6,fan,fan,[fæn],[fæn],n. 迷;风扇;爱好者 vt. 煽动;刺激;吹拂 vi. 成扇形散开;飘动,沪教版三年级起点六年级下.xlsx
hujiao_start3|g6-lower|r007|fantastic,hujiao_start3,6年级下,6,下,7,fantastic,fantastic,[fænˈtæstɪk],[fænˈtæstɪk],"n. 古怪的人 adj. 奇异的;空想的;异想天开的;古怪的;极好的,极出色的;不可思议的;不切实际的",沪教版三年级起点六年级下.xlsx
hujiao_start3|g6-lower|r008|themselves,hujiao_start3,6年级下,6,下,8,themselves,themselves,[ðəmˈselvz],[ðəmˈselvz],pron. 他们自己;他们亲自,沪教版三年级起点六年级下.xlsx
hujiao_start3|g6-lower|r009|theatre,hujiao_start3,6年级下,6,下,9,theatre,theatre,[ˈθɪətə(r)],[ˈθiːətər],"n. 电影院,戏院;戏剧;阶梯式讲堂",沪教版三年级起点六年级下.xlsx
hujiao_start3|g6-lower|r010|go fishing,hujiao_start3,6年级下,6,下,10,go fishing,go fishing,,,去钓鱼;垂钓;我以前常去钓鱼,沪教版三年级起点六年级下.xlsx
hujiao_start3|g6-lower|r011|enjoy oneself,hujiao_start3,6年级下,6,下,11,enjoy oneself,enjoy oneself,,,na. 过得快乐,沪教版三年级起点六年级下.xlsx
hujiao_start3|g6-lower|r012|get ... in,hujiao_start3,6年级下,6,下,12,get ... in,get ... in,,,"na. 进入;收(庄稼);收集(税收,捐款等);插入",沪教版三年级起点六年级下.xlsx
hujiao_start3|g6-lower|r013|life,hujiao_start3,6年级下,6,下,13,life,life,[laɪf],[laɪf],"n. 生活,生存;寿命",沪教版三年级起点六年级下.xlsx
hujiao_start3|g6-lower|r014|writer,hujiao_start3,6年级下,6,下,14,writer,writer,[ˈraɪtə(r)],[ˈraɪtər],n. 作家;作者,沪教版三年级起点六年级下.xlsx
hujiao_start3|g6-lower|r015|photographer,hujiao_start3,6年级下,6,下,15,photographer,photographer,[fəˈtɒɡrəfə(r)],[fəˈtɑːɡrəfər],n. 摄影师;照相师,沪教版三年级起点六年级下.xlsx
hujiao_start3|g6-lower|r016|film,hujiao_start3,6年级下,6,下,16,film,film,[fɪlm],[fɪlm],n. 电影;薄膜;胶卷;轻烟 vt. 在...上覆以薄膜;把...拍成电影 vi. 摄制电影;生薄膜;变得朦胧,沪教版三年级起点六年级下.xlsx
hujiao_start3|g6-lower|r017|digital,hujiao_start3,6年级下,6,下,17,digital,digital,[ˈdɪdʒɪt(ə)l],[ˈdɪdʒɪtl],n. 数字;键 adj. 数字的;手指的,沪教版三年级起点六年级下.xlsx
hujiao_start3|g6-lower|r018|street cleaner,hujiao_start3,6年级下,6,下,18,street cleaner,street cleaner,,,清道夫;街道清扫车;清洁工,沪教版三年级起点六年级下.xlsx
hujiao_start3|g6-lower|r019|sweep,hujiao_start3,6年级下,6,下,19,sweep,sweep,[swiːp],[swiːp],"n. 打扫,扫除;范围;全胜 vt. 扫除;猛拉;掸去 vi. 扫,打扫;席卷;扫视;袭击",沪教版三年级起点六年级下.xlsx
hujiao_start3|g6-lower|r020|broom,hujiao_start3,6年级下,6,下,20,broom,broom,[bruːm],[bruːm],n. 扫帚;金雀花 vt. 扫除 vi. 桩顶开花或开裂,沪教版三年级起点六年级下.xlsx
hujiao_start3|g6-lower|r021|drive,hujiao_start3,6年级下,6,下,21,drive,drive,[draɪv],[draɪv],"n. 驱动器;驾车;[心理] 内驱力,推进力;快车道 vi. 开车;猛击;飞跑 vt. 推动,发动(机器等);驾驶(马车,汽车等);驱赶",沪教版三年级起点六年级下.xlsx
hujiao_start3|g6-lower|r022|street sweeper,hujiao_start3,6年级下,6,下,22,street sweeper,street sweeper,,,na. 扫街车;街道清洁工,沪教版三年级起点六年级下.xlsx
hujiao_start3|g6-lower|r023|wife,hujiao_start3,6年级下,6,下,23,wife,wife,[waɪf],[waɪf],"n. 妻子,已婚妇女;夫人",沪教版三年级起点六年级下.xlsx
hujiao_start3|g6-lower|r024|poor,hujiao_start3,6年级下,6,下,24,poor,poor,[pɔː(r)],[pʊr; pɔːr],adj. 贫穷的;可怜的;贫乏的;卑鄙的,沪教版三年级起点六年级下.xlsx
hujiao_start3|g6-lower|r025|fairy,hujiao_start3,6年级下,6,下,25,fairy,fairy,[ˈfeəri],[ˈferi],"n. 仙女,小精灵;漂亮姑娘 adj. 虚构的;仙女的",沪教版三年级起点六年级下.xlsx
hujiao_start3|g6-lower|r026|wish,hujiao_start3,6年级下,6,下,26,wish,wish,[wɪʃ],[wɪʃ],n. 希望;祝福;心愿 vt. 祝愿;渴望;向...致问候语 vi. 愿望;需要,沪教版三年级起点六年级下.xlsx
hujiao_start3|g6-lower|r027|by hand,hujiao_start3,6年级下,6,下,27,by hand,by hand,,,na. 用手的;用手递交的;(婴儿)用牛奶抚养的,沪教版三年级起点六年级下.xlsx
hujiao_start3|g6-lower|r028|right away,hujiao_start3,6年级下,6,下,28,right away,right away,,,na. 立刻,沪教版三年级起点六年级下.xlsx
hujiao_start3|g6-lower|r029|in a short time,hujiao_start3,6年级下,6,下,29,in a short time,in a short time,,,adv. 不久;即刻,沪教版三年级起点六年级下.xlsx
hujiao_start3|g6-lower|r030|carry,hujiao_start3,6年级下,6,下,30,carry,carry,[ˈkæri],[ˈkæri],"n. 运载;[计] 进位;射程 vi. 能达到;被携带;被搬运 vt. 拿,扛;携带;支持;搬运",沪教版三年级起点六年级下.xlsx
hujiao_start3|g6-lower|r031|online,hujiao_start3,6年级下,6,下,31,online,online,[ˌɒnˈlaɪn],[ˌɑːnˈlaɪn],adj. 联机的;在线的 adv. 在线地,沪教版三年级起点六年级下.xlsx
hujiao_start3|g6-lower|r032|head teacher,hujiao_start3,6年级下,6,下,32,head teacher,head teacher,,,n. 校长,沪教版三年级起点六年级下.xlsx
hujiao_start3|g6-lower|r033|ps,hujiao_start3,6年级下,6,下,33,PS,ps,[ˌpiː ˈes],[ˌpiː ˈes],abbr. 附录(Postscript);一兆分之一秒(Picosecond);每秒(Per Second);著名图象处理,沪教版三年级起点六年级下.xlsx
hujiao_start3|g6-lower|r034|mountain,hujiao_start3,6年级下,6,下,34,mountain,mountain,[ˈmaʊntən],[ˈmaʊntn],n. 山;山脉,沪教版三年级起点六年级下.xlsx
hujiao_start3|g6-lower|r035|even,hujiao_start3,6年级下,6,下,35,even,even,[ˈiːv(ə)n],[ˈiːvn],adj. [数] 偶数的;平坦的;相等的 adv. 甚至;即使;还;实际上 vt. 使平坦;使相等 vi. 变平;变得可比较;成为相等,沪教版三年级起点六年级下.xlsx
hujiao_start3|g6-lower|r036|space,hujiao_start3,6年级下,6,下,36,space,space,[speɪs],[speɪs],n. 空间;太空;距离 vt. 隔开 vi. 留间隔,沪教版三年级起点六年级下.xlsx
hujiao_start3|g6-lower|r037|dinosaur,hujiao_start3,6年级下,6,下,37,dinosaur,dinosaur,[ˈdaɪnəsɔː(r)],[ˈdaɪnəsɔːr],n. 恐龙;过时、落伍的人或事物,沪教版三年级起点六年级下.xlsx
hujiao_start3|g6-lower|r038|a piece of,hujiao_start3,6年级下,6,下,38,a piece of,a piece of,,,det. 一块;一只,沪教版三年级起点六年级下.xlsx
hujiao_start3|g6-lower|r039|have a picnic,hujiao_start3,6年级下,6,下,39,have a picnic,have a picnic,,,举行野餐;去野餐;吃野餐,沪教版三年级起点六年级下.xlsx
hujiao_start3|g6-lower|r040|better and better,hujiao_start3,6年级下,6,下,40,better and better,better and better,,,越来越好之村晚;越来越好·村晚;更好,沪教版三年级起点六年级下.xlsx
hujiao_start3|g6-lower|r041|oil,hujiao_start3,6年级下,6,下,41,oil,oil,[ɔɪl],[ɔɪl],n. 油;石油;油画颜料 vt. 加油;涂油;使融化 vi. 融化;加燃油,沪教版三年级起点六年级下.xlsx
hujiao_start3|g6-lower|r042|oil painting,hujiao_start3,6年级下,6,下,42,oil painting,oil painting,[ˈɔɪl peɪntɪŋ],[ˈɔɪl peɪntɪŋ],n. 【画】油画;【画】油画艺术,沪教版三年级起点六年级下.xlsx
hujiao_start3|g6-lower|r043|powerful,hujiao_start3,6年级下,6,下,43,powerful,powerful,[ˈpaʊəf(ə)l],[ˈpaʊərfl],adj. 强大的;强有力的 adv. 很;非常,沪教版三年级起点六年级下.xlsx
hujiao_start3|g6-lower|r044|ink,hujiao_start3,6年级下,6,下,44,ink,ink,[ɪŋk],[ɪŋk],"n. 墨水,墨汁;油墨 vt. 签署;涂墨水于",沪教版三年级起点六年级下.xlsx
hujiao_start3|g6-lower|r045|chinese ink painting,hujiao_start3,6年级下,6,下,45,Chinese ink painting,chinese ink painting,,,中国水墨画,沪教版三年级起点六年级下.xlsx
hujiao_start3|g6-lower|r046|brush,hujiao_start3,6年级下,6,下,46,brush,brush,[brʌʃ],[brʌʃ],n. 刷子;画笔;毛笔;争吵;与某人有效冲突;灌木丛地带;矮树丛;狐狸尾巴 vi. 刷;擦过;掠过;(经过时)轻触 vt. 刷;画;,沪教版三年级起点六年级下.xlsx
hujiao_start3|g6-lower|r047|paints,hujiao_start3,6年级下,6,下,47,paints,paints,[peɪnts],[peɪnts],n. 绘画颜料;绘画作品(paint的复数形式) v. 绘画(paint的第三人称单数形式),沪教版三年级起点六年级下.xlsx
hujiao_start3|g6-lower|r048|artist,hujiao_start3,6年级下,6,下,48,artist,artist,[ˈɑːtɪst],[ˈɑːrtɪst],n. 艺术家;美术家(尤指画家);大师,沪教版三年级起点六年级下.xlsx
hujiao_start3|g6-lower|r049|unhappy,hujiao_start3,6年级下,6,下,49,unhappy,unhappy,[ʌnˈhæpi],[ʌnˈhæpi],adj. 不快乐的;不幸福的;不适当的,沪教版三年级起点六年级下.xlsx
hujiao_start3|g6-lower|r050|carefully,hujiao_start3,6年级下,6,下,50,carefully,carefully,[ˈkeəfəli],[ˈkerfəli],adv. 小心地,沪教版三年级起点六年级下.xlsx
hujiao_start3|g6-lower|r051|on the left,hujiao_start3,6年级下,6,下,51,on the left,on the left,,,在左边;在左侧;在右边,沪教版三年级起点六年级下.xlsx
hujiao_start3|g6-lower|r052|on the right,hujiao_start3,6年级下,6,下,52,on the right,on the right,,,在右边;在右侧;在右面,沪教版三年级起点六年级下.xlsx
hujiao_start3|g6-lower|r053|all the time,hujiao_start3,6年级下,6,下,53,all the time,all the time,,,na. 始终;〔美国〕老是,沪教版三年级起点六年级下.xlsx
hujiao_start3|g6-lower|r054|craft,hujiao_start3,6年级下,6,下,54,craft,craft,[krɑːft],[kræft],n. 工艺;手艺;太空船 vt. 精巧地制作,沪教版三年级起点六年级下.xlsx
hujiao_start3|g6-lower|r055|crown,hujiao_start3,6年级下,6,下,55,crown,crown,[kraʊn],[kraʊn],n. 王冠;花冠;王权;顶点 vt. 加冕;居...之顶;表彰;使圆满完成,沪教版三年级起点六年级下.xlsx
hujiao_start3|g6-lower|r056|scissors,hujiao_start3,6年级下,6,下,56,scissors,scissors,[ˈsɪzəz],[ˈsɪzərz],n. 剪刀;剪式跳法 v. 剪开;删除(scissor的第三人称单数),沪教版三年级起点六年级下.xlsx
hujiao_start3|g6-lower|r057|tape,hujiao_start3,6年级下,6,下,57,tape,tape,[teɪp],[teɪp],n. 胶带;磁带;带子;卷尺 vt. 录音;用带子捆扎;用胶布把...封住 vi. 用磁带录音,沪教版三年级起点六年级下.xlsx
hujiao_start3|g6-lower|r058|glue,hujiao_start3,6年级下,6,下,58,glue,glue,[ɡluː],[ɡluː],n. 胶;各种胶合物 vt. 粘合;似胶般固着于,沪教版三年级起点六年级下.xlsx
hujiao_start3|g6-lower|r059|saw,hujiao_start3,6年级下,6,下,59,saw,saw,[sɔː],[sɔː],"n. 锯子;谚语 v. see的过去式 vi. 锯;用锯;将某物锯成小块 vt. 看见;明白,了解;锯;锯成;锯开",沪教版三年级起点六年级下.xlsx
hujiao_start3|g6-lower|r060|craftsman,hujiao_start3,6年级下,6,下,60,craftsman,craftsman,[ˈkrɑːftsmən],[ˈkræftsmən],n. 工匠;手艺人;技工,沪教版三年级起点六年级下.xlsx
hujiao_start3|g6-lower|r061|tool,hujiao_start3,6年级下,6,下,61,tool,tool,[tuːl],[tuːl],"n. 工具,用具;器械,机床;手段 vt. 用工具给......加工 vi. 使用工具;用机床装备工厂",沪教版三年级起点六年级下.xlsx
hujiao_start3|g6-lower|r062|easily,hujiao_start3,6年级下,6,下,62,easily,easily,[ˈiːzəli],[ˈiːzəli],adv. 容易地;无疑地,沪教版三年级起点六年级下.xlsx
hujiao_start3|g6-lower|r063|himself,hujiao_start3,6年级下,6,下,63,himself,himself,[hɪmˈself],[hɪmˈself],"pron. 他自己;他亲自,他本人",沪教版三年级起点六年级下.xlsx
hujiao_start3|g6-lower|r064|still,hujiao_start3,6年级下,6,下,64,still,still,[stɪl],[stɪl],"conj. 仍然;但是;尽管如此 n. 寂静;剧照;蒸馏室 adj. 静止的,不动的;寂静的,平静的;不起泡的 adv. 仍然;更;静止地 vt. 蒸馏;使...静止;使...平静下来 vi. 静止;平静;蒸馏",沪教版三年级起点六年级下.xlsx
hujiao_start3|g6-lower|r065|model house,hujiao_start3,6年级下,6,下,65,model house,model house,,,样板住宅,沪教版三年级起点六年级下.xlsx
hujiao_start3|g6-lower|r066|a long time ago,hujiao_start3,6年级下,6,下,66,a long time ago,a long time ago,,,adv. 很久之前,沪教版三年级起点六年级下.xlsx
hujiao_start3|g6-lower|r067|at work,hujiao_start3,6年级下,6,下,67,at work,at work,,,na. 做着;在工作;起着作用;运转中,沪教版三年级起点六年级下.xlsx
hujiao_start3|g6-lower|r068|say to oneself,hujiao_start3,6年级下,6,下,68,say to oneself,say to oneself,,,心里想到,沪教版三年级起点六年级下.xlsx
hujiao_start3|g6-lower|r069|long race,hujiao_start3,6年级下,6,下,69,long race,long race,,,无,沪教版三年级起点六年级下.xlsx
hujiao_start3|g6-lower|r070|short race,hujiao_start3,6年级下,6,下,70,short race,short race,,,无,沪教版三年级起点六年级下.xlsx
hujiao_start3|g6-lower|r071|win,hujiao_start3,6年级下,6,下,71,win,win,[wɪn],[wɪn],n. 赢;胜利 vt. 赢得;在...中获胜;劝诱 vi. 赢;获胜;成功,沪教版三年级起点六年级下.xlsx
hujiao_start3|g6-lower|r072|long jump,hujiao_start3,6年级下,6,下,72,long jump,long jump,,,n. 跳远,沪教版三年级起点六年级下.xlsx
hujiao_start3|g6-lower|r073|high jump,hujiao_start3,6年级下,6,下,73,high jump,high jump,,,n. 跳高,沪教版三年级起点六年级下.xlsx
hujiao_start3|g6-lower|r074|swimsuit,hujiao_start3,6年级下,6,下,74,swimsuit,swimsuit,[ˈswɪmsuːt],[ˈswɪmsuːt],n. 游泳衣(女式),沪教版三年级起点六年级下.xlsx
hujiao_start3|g6-lower|r075|swimming cap,hujiao_start3,6年级下,6,下,75,swimming cap,swimming cap,[ˈswɪmɪŋ kæp],[ˈswɪmɪŋ kæp],n. 泳帽,沪教版三年级起点六年级下.xlsx
hujiao_start3|g6-lower|r076|swimming pool,hujiao_start3,6年级下,6,下,76,swimming pool,swimming pool,[ˈswɪmɪŋ puːl],[ˈswɪmɪŋ puːl],n. 游泳池;游泳场;游泳馆,沪教版三年级起点六年级下.xlsx
hujiao_start3|g6-lower|r077|warm-up,hujiao_start3,6年级下,6,下,77,warm-up,warm-up,[ˈwɔːm ʌp],[ˈwɔːrm ʌp],n. 热身赛;预热;准备运动,沪教版三年级起点六年级下.xlsx
hujiao_start3|g6-lower|r078|fit,hujiao_start3,6年级下,6,下,78,fit,fit,[fɪt],[fɪt],"n. 合身;发作;痉挛 adj. 健康的;合适的;恰当的;准备好的 vt. 安装;使......适应;使......合身;与......相符 vi. 符合,配合;适合;合身",沪教版三年级起点六年级下.xlsx
hujiao_start3|g6-lower|r079|swimming goggles,hujiao_start3,6年级下,6,下,79,swimming goggles,swimming goggles,,,泳镜;游泳眼镜;游泳镜,沪教版三年级起点六年级下.xlsx
hujiao_start3|g6-lower|r080|bell,hujiao_start3,6年级下,6,下,80,bell,bell,[bel],[bel],"n. 铃,钟;钟声,铃声;钟状物 vt. 装钟于,系铃于 vi. 鸣钟;成钟状鼓起",沪教版三年级起点六年级下.xlsx
hujiao_start3|g6-lower|r081|neck,hujiao_start3,6年级下,6,下,81,neck,neck,[nek],[nek],n. 脖子;衣领;海峡 vi. 搂著脖子亲吻;变狭窄 vt. 使变细;与...搂著脖子亲吻,沪教版三年级起点六年级下.xlsx
hujiao_start3|g6-lower|r082|ago,hujiao_start3,6年级下,6,下,82,ago,ago,[əˈɡəʊ],[əˈɡoʊ],"adj. 以前的;过去的 adv. 以前,以往",沪教版三年级起点六年级下.xlsx
hujiao_start3|g6-lower|r083|gatekeeper,hujiao_start3,6年级下,6,下,83,gatekeeper,gatekeeper,[ˈɡeɪtkiːpə(r)],[ˈɡeɪtkiːpər],n. 看门人,沪教版三年级起点六年级下.xlsx
hujiao_start3|g6-lower|r084|praise,hujiao_start3,6年级下,6,下,84,praise,praise,[preɪz],[preɪz],"n. 赞扬;称赞;荣耀;崇拜 vt. 赞美,歌颂;表扬 vi. 赞美;赞扬",沪教版三年级起点六年级下.xlsx
hujiao_start3|g6-lower|r085|praise ... for ...,hujiao_start3,6年级下,6,下,85,praise ... for ...,praise ... for ...,,,称赞;因...表扬某人;因某事称赞某人,沪教版三年级起点六年级下.xlsx
hujiao_start3|g6-lower|r086|sign,hujiao_start3,6年级下,6,下,86,sign,sign,[saɪn],[saɪn],n. 迹象;符号;记号;手势;指示牌 vt. 签署;示意 vi. 签署;签名,沪教版三年级起点六年级下.xlsx
hujiao_start3|g6-lower|r087|middle,hujiao_start3,6年级下,6,下,87,middle,middle,[ˈmɪd(ə)l],[ˈmɪd(ə)l],"adj. 中间的,中部的;中级的,中等的 n. 中间,中央;腰部",沪教版三年级起点六年级下.xlsx
hujiao_start3|g6-lower|r088|special,hujiao_start3,6年级下,6,下,88,special,special,[ˈspeʃ(ə)l],[ˈspeʃl],"n. 特使,特派人员;特刊;特色菜;专车;特价商品 adj. 特别的;专门的,专用的",沪教版三年级起点六年级下.xlsx
hujiao_start3|g6-lower|r089|path,hujiao_start3,6年级下,6,下,89,path,path,[pɑːθ],[pæθ],n. 道路;小路;轨道,沪教版三年级起点六年级下.xlsx
hujiao_start3|g6-lower|r090|may,hujiao_start3,6年级下,6,下,90,may,may,[meɪ],[meɪ],"aux. 可以,能够;可能,也许;祝,愿;会,能",沪教版三年级起点六年级下.xlsx
hujiao_start3|g6-lower|r091|lost,hujiao_start3,6年级下,6,下,91,lost,lost,[lɒst],[lɔːst],adj. 失去的;丧失的;迷惑的 v. 遗失(lose的过去分词);失败,沪教版三年级起点六年级下.xlsx
hujiao_start3|g6-lower|r092|worry,hujiao_start3,6年级下,6,下,92,worry,worry,[ˈwʌri],[ˈwɜːri],n. 担心;烦恼;撕咬 vi. 担心;烦恼;撕咬 vt. 担心;发愁;折磨,沪教版三年级起点六年级下.xlsx
hujiao_start3|g6-lower|r093|follow,hujiao_start3,6年级下,6,下,93,follow,follow,[ˈfɒləʊ],[ˈfɑːloʊ],"n. 跟随;追随 vi. 跟随;接着 vt. 跟随;遵循;追求;密切注意,注视;注意;倾听",沪教版三年级起点六年级下.xlsx
hujiao_start3|g6-lower|r094|in the middle,hujiao_start3,6年级下,6,下,94,in the middle,in the middle,,,在中间;在中部;夹在中间,沪教版三年级起点六年级下.xlsx
hujiao_start3|g6-lower|r095|look out,hujiao_start3,6年级下,6,下,95,look out,look out,[lʊk aʊt],[lʊk aʊt],na. 挑选;注意;看外头;展望 (on;over),沪教版三年级起点六年级下.xlsx
hujiao_start3|g6-lower|r096|no smoking,hujiao_start3,6年级下,6,下,96,no smoking,no smoking,,,na. 禁止吸烟,沪教版三年级起点六年级下.xlsx
hujiao_start3|g6-lower|r097|no swimming,hujiao_start3,6年级下,6,下,97,no swimming,no swimming,,,无,沪教版三年级起点六年级下.xlsx
hujiao_start3|g6-lower|r098|get lost,hujiao_start3,6年级下,6,下,98,get lost,get lost,,,int. 〈口〉滚开;别烦我 v. 迷路;迷失;陷入...而忽略了...,沪教版三年级起点六年级下.xlsx
hujiao_start3|g6-lower|r099|some time,hujiao_start3,6年级下,6,下,99,some time,some time,,,na. 早晚;一段时间,沪教版三年级起点六年级下.xlsx
hujiao_start3|g6-lower|r100|on the way,hujiao_start3,6年级下,6,下,100,on the way,on the way,,,na. 在路上;在旅行中;“on/along the way”的变体,沪教版三年级起点六年级下.xlsx
hujiao_start3|g6-lower|r101|reuse,hujiao_start3,6年级下,6,下,101,reuse,reuse,[ˌriːˈjuːz],[ˌriːˈjuːz],"n. 重新使用,再用 vt. 再使用",沪教版三年级起点六年级下.xlsx
hujiao_start3|g6-lower|r102|can,hujiao_start3,6年级下,6,下,102,can,can,[kən; kæn],[kən; kæn],aux. 能; 能够; 可以; 可能 n. 罐头; (用金属或塑料制作的)容器; (马口铁或其他金属制作的)食品罐头 vt. 将...装入密封罐中保存,沪教版三年级起点六年级下.xlsx
hujiao_start3|g6-lower|r103|rubber,hujiao_start3,6年级下,6,下,103,rubber,rubber,[ˈrʌbə(r)],[ˈrʌbər],n. 橡胶;橡皮;合成橡胶;按摩师 adj. 橡胶制成的 vt. 涂橡胶于;用橡胶制造 vi. 扭转脖子看;好奇地引颈而望,沪教版三年级起点六年级下.xlsx
hujiao_start3|g6-lower|r104|vase,hujiao_start3,6年级下,6,下,104,vase,vase,[vɑːz],[veɪs; veɪz],n. 瓶;花瓶,沪教版三年级起点六年级下.xlsx
hujiao_start3|g6-lower|r105|pen holder,hujiao_start3,6年级下,6,下,105,pen holder,pen holder,,,n. 握直拍的球员,沪教版三年级起点六年级下.xlsx
hujiao_start3|g6-lower|r106|envelope,hujiao_start3,6年级下,6,下,106,envelope,envelope,[ˈenvələʊp],[ˈenvəloʊp; ˈɑːnvəloʊp],"n. 信封,封皮;包膜;[天] 包层;包迹",沪教版三年级起点六年级下.xlsx
hujiao_start3|g6-lower|r107|plastic,hujiao_start3,6年级下,6,下,107,plastic,plastic,[ˈplæstɪk],[ˈplæstɪk],n. 塑料制品;整形;可塑体 adj. 塑料的;(外科)造型的;可塑的,沪教版三年级起点六年级下.xlsx
hujiao_start3|g6-lower|r108|rubbish bin,hujiao_start3,6年级下,6,下,108,rubbish bin,rubbish bin,,,垃圾桶;垃圾箱;垃圾筒,沪教版三年级起点六年级下.xlsx
hujiao_start3|g6-lower|r109|truck,hujiao_start3,6年级下,6,下,109,truck,truck,[trʌk],[trʌk],n. 卡车;交易;手推车 adj. (美)运货汽车的 vt. 交易;以卡车运输 vi. 驾驶卡车;以物易物,沪教版三年级起点六年级下.xlsx
hujiao_start3|g6-lower|r110|piece,hujiao_start3,6年级下,6,下,110,piece,piece,[piːs],[piːs],n. 块;件;篇;硬币 vt. 修补;接合;凑合,沪教版三年级起点六年级下.xlsx
hujiao_start3|g6-lower|r111|cloth,hujiao_start3,6年级下,6,下,111,cloth,cloth,[klɒθ],[klɔːθ],n. 布;织物;桌布 adj. 布制的,沪教版三年级起点六年级下.xlsx
hujiao_start3|g6-lower|r112|throw away,hujiao_start3,6年级下,6,下,112,throw away,throw away,"['θrəuə,wei]","['θrəuə,wei]",na. 抛弃;浪费;拒绝(劝告);失去(机会),沪教版三年级起点六年级下.xlsx
hujiao_start3|g6-lower|r113|fairy tale,hujiao_start3,6年级下,6,下,113,fairy tale,fairy tale,,,n. 童话故事;虚构的故事;妄言,沪教版三年级起点六年级下.xlsx
hujiao_start3|g6-lower|r114|adult,hujiao_start3,6年级下,6,下,114,adult,adult,[ˈædʌlt; əˈdʌlt],[əˈdʌlt; ˈædʌlt],n. 成年人 adj. 成年的;成熟的,沪教版三年级起点六年级下.xlsx
hujiao_start3|g6-lower|r115|well-known,hujiao_start3,6年级下,6,下,115,well-known,well-known,[ˌwel ˈnəʊn],[ˌwel ˈnoʊn],adj. 著名的;众所周知的;清楚明白的,沪教版三年级起点六年级下.xlsx
hujiao_start3|g6-lower|r116|stronger,hujiao_start3,6年级下,6,下,116,stronger,stronger,[strɒŋgə(r)],[strɔːŋər],adj. 更强壮的,沪教版三年级起点六年级下.xlsx
hujiao_start3|g6-lower|r117|than,hujiao_start3,6年级下,6,下,117,than,than,[ðən; ðæn],[ðən; ðæn],conj. 比(用于形容词、副词的比较级之后);除...外(用于other等之后);与其...(用于 rather等之后);一...就(用于 no sooner等之后) prep. 比;超过,沪教版三年级起点六年级下.xlsx
hujiao_start3|g6-lower|r118|scarf,hujiao_start3,6年级下,6,下,118,scarf,scarf,[skɑːf],[skɑːrf],"n. 围巾;嵌接,嵌接处;头巾领巾 vt. 披嵌接;用围巾围",沪教版三年级起点六年级下.xlsx
hujiao_start3|g6-lower|r119|blow off,hujiao_start3,6年级下,6,下,119,blow off,blow off,,,v. 发泄;放出,沪教版三年级起点六年级下.xlsx
hujiao_start3|g6-lower|r120|take off,hujiao_start3,6年级下,6,下,120,take off,take off,[ˈteɪk ɒf],[ˈteɪk ɔːf],v. (飞机)起飞;出去;拿掉;移送,沪教版三年级起点六年级下.xlsx
hujiao_start3|g6-lower|r121|western,hujiao_start3,6年级下,6,下,121,Western,western,[ˈwestən],[ˈwestərn],"n. 西方人;西部片,西部小说 adj. 西方的,西部的;有西方特征的",沪教版三年级起点六年级下.xlsx
hujiao_start3|g6-lower|r122|turkey,hujiao_start3,6年级下,6,下,122,turkey,turkey,[ˈtɜːki],[ˈtɜːrki],n. 土耳其(横跨欧亚两洲的国家),沪教版三年级起点六年级下.xlsx
hujiao_start3|g6-lower|r123|bright,hujiao_start3,6年级下,6,下,123,bright,bright,[braɪt],[braɪt],"n. 车头灯光 adj. 明亮的,鲜明的;聪明的;愉快的 adv. 明亮地;光明地;欢快地",沪教版三年级起点六年级下.xlsx
hujiao_start3|g6-lower|r124|laugh at,hujiao_start3,6年级下,6,下,124,laugh at,laugh at,,,na. 嘲笑;付之一笑;因...而发笑,沪教版三年级起点六年级下.xlsx
hujiao_start3|g6-lower|r125|jack-o'-lantern,hujiao_start3,6年级下,6,下,125,jack-o'-lantern,jack-o'-lantern,,,n. 鬼火;空心南瓜灯;行踪不定的人,沪教版三年级起点六年级下.xlsx
hujiao_start3|g6-lower|r126|pea,hujiao_start3,6年级下,6,下,126,pea,pea,[piː],[piː],n. 豌豆,沪教版三年级起点六年级下.xlsx
hujiao_start3|g6-lower|r127|pod,hujiao_start3,6年级下,6,下,127,pod,pod,[pɒd],[pɑːd],n. 蚕茧;豆荚 vt. 从豆荚中剥出 vi. 结豆荚,沪教版三年级起点六年级下.xlsx
hujiao_start3|g6-lower|r128|forever,hujiao_start3,6年级下,6,下,128,forever,forever,[fərˈevə(r)],[fərˈevər],adv. 永远;不断地;常常,沪教版三年级起点六年级下.xlsx
hujiao_start3|g6-lower|r129|bigger,hujiao_start3,6年级下,6,下,129,bigger,bigger,[bɪgə(r)],[bɪgə(r)],adj. 更大的(big的比较级),沪教版三年级起点六年级下.xlsx
hujiao_start3|g6-lower|r130|excited,hujiao_start3,6年级下,6,下,130,excited,excited,[ɪkˈsaɪtɪd],[ɪkˈsaɪtɪd],v. 激动;唤起(excite的过去分词) adj. 兴奋的;激动的;活跃的,沪教版三年级起点六年级下.xlsx
hujiao_start3|g6-lower|r131|bullet,hujiao_start3,6年级下,6,下,131,bullet,bullet,[ˈbʊlɪt],[ˈbʊlɪt],n. 子弹;只选某党全部候选人的投票;豆子 vi. 射出;迅速行进,沪教版三年级起点六年级下.xlsx
hujiao_start3|g6-lower|r132|lazy,hujiao_start3,6年级下,6,下,132,lazy,lazy,[ˈleɪzi],[ˈleɪzi],adj. 懒惰的;懒洋洋的;怠惰的;慢吞吞的,沪教版三年级起点六年级下.xlsx
hujiao_start3|g6-lower|r133|roof,hujiao_start3,6年级下,6,下,133,roof,roof,[ruːf],[ruːf],"n. 屋顶;最高处,顶部;最高限度 vt. 给...盖屋顶,覆盖",沪教版三年级起点六年级下.xlsx
hujiao_start3|g6-lower|r134|yard,hujiao_start3,6年级下,6,下,134,yard,yard,[jɑːd],[jɑːrd],"n. 院子;码(英制中丈量长度单位,1码=3英尺);庭院;帆桁 vt. 把...关进或围在畜栏里",沪教版三年级起点六年级下.xlsx
hujiao_start3|g6-lower|r135|hit,hujiao_start3,6年级下,6,下,135,hit,hit,[hɪt],[hɪt],n. 打;打击;(演出等)成功;讽刺 vt. 打击;袭击;碰撞;偶然发现;伤...的感情 vi. 打;打击;碰撞;偶然碰上,沪教版三年级起点六年级下.xlsx
hujiao_start3|g6-lower|r136|see the world,hujiao_start3,6年级下,6,下,136,see the world,see the world,,,na. 懂世故,沪教版三年级起点六年级下.xlsx
hujiao_start3|g6-lower|r137|one by one,hujiao_start3,6年级下,6,下,137,one by one,one by one,,,na. 一个一个;一个一个地,沪教版三年级起点六年级下.xlsx
hujiao_start3|g6-lower|r138|look out of,hujiao_start3,6年级下,6,下,138,look out of,look out of,,,向外看;朝外看;从......朝外看,沪教版三年级起点六年级下.xlsx
