MatchKey,DisplayForms,Definitions,Books,OccurrenceCount,Contexts,TokenCount,RiskSignals,CandidateType,CandidateRoute,RelatedMatchKeys,ReviewStatus,Rationale,KloseMergeAuthorized
10th,10th,无,5年级下,1,5年级下@r33: [5th / tenth / <10th> / twelfth / 12th],1,missing-or-empty-gloss|numeric-ordinal-form,ordinal-format-alias-review,identity-alias-review,tenth,pending,"Numeric ordinal spelling is a form/alias candidate, not automatically a new learning unit.",no
12th,12th,无,5年级下,1,5年级下@r35: [10th / twelfth / <12th> / twenty-fifth / 25th],1,missing-or-empty-gloss|numeric-ordinal-form,ordinal-format-alias-review,identity-alias-review,twelfth,pending,"Numeric ordinal spelling is a form/alias candidate, not automatically a new learning unit.",no
15th,15th,无,5年级下,1,5年级下@r94: [learned to swim / fifteenth / <15th> / started to buy things / started to study English],1,missing-or-empty-gloss|numeric-ordinal-form,ordinal-format-alias-review,identity-alias-review,fifteenth,pending,"Numeric ordinal spelling is a form/alias candidate, not automatically a new learning unit.",no
25th,25th,无,5年级下,1,5年级下@r37: [12th / twenty-fifth / <25th> / plant / make a poster],1,missing-or-empty-gloss|numeric-ordinal-form,ordinal-format-alias-review,identity-alias-review,twenty-fifth,pending,"Numeric ordinal spelling is a form/alias candidate, not automatically a new learning unit.",no
5th,5th,n. 第五(fifth),5年级下,1,5年级下@r31: [birthday / fifth / <5th> / tenth / 10th],1,numeric-ordinal-form,ordinal-format-alias-review,identity-alias-review,fifth,pending,"Numeric ordinal spelling is a form/alias candidate, not automatically a new learning unit.",no
a box of crayons,a box of crayons,无,5年级上,1,5年级上@r45: [a pair of scissors / pencil box / <a box of crayons> / please / only],4,missing-or-empty-gloss|multiword-surface|function-or-construction-phrase,multiword-routing-review,vocabulary-vs-expression-review,,pending,Function/construction-led phrase may be a lexical phrase or an Expression; route explicitly.,no
a lot,a lot,n. 许多 adv. 常,5年级上,1,5年级上@r53: [love / how much / <a lot> / wonderful / cool],2,multi-pos-gloss|multiword-surface|function-or-construction-phrase,multiword-routing-review,vocabulary-vs-expression-review,,pending,Function/construction-led phrase may be a lexical phrase or an Expression; route explicitly.,no
a lot of,a lot of,det. 许多,5年级下,1,5年级下@r15: [headache / toothache / <a lot of> / sleepy / subject],3,multiword-surface|function-or-construction-phrase,multiword-routing-review,vocabulary-vs-expression-review,,pending,Function/construction-led phrase may be a lexical phrase or an Expression; route explicitly.,no
a pair of scissors,a pair of scissors,一把剪刀;一副剪刀;一双剪刀,5年级上,1,5年级上@r43: [exercise book / pencil sharpener / <a pair of scissors> / pencil box / a box of crayons],4,multiword-surface|function-or-construction-phrase,multiword-routing-review,vocabulary-vs-expression-review,,pending,Function/construction-led phrase may be a lexical phrase or an Expression; route explicitly.,no
across from,across from,na. 在...的正对面,4年级下,1,4年级下@r2: [<across from> / next to / between],2,multiword-surface|function-or-construction-phrase,multiword-routing-review,vocabulary-vs-expression-review,,pending,Function/construction-led phrase may be a lexical phrase or an Expression; route explicitly.,no
active,active,n. 主动语态;积极分子 adj. 积极的;活跃的;主动的;有效的;现役的,5年级上,1,5年级上@r9: [friendly / helpful / <active> / popular / talk],1,multi-pos-gloss,single-token-lexical-review,vocabulary-identity-review,,pending,Single-token lexical candidate; target sense still requires source-context review.,no
after school,after school,na. 放学后,3年级下,1,3年级下@r26: [desk / blackboard / <after school> / play sports / draw pictures],2,multiword-surface|function-or-construction-phrase,multiword-routing-review,vocabulary-vs-expression-review,,pending,Function/construction-led phrase may be a lexical phrase or an Expression; route explicitly.,no
age,age,"n. 年龄;时代;寿命,使用年限;阶段 vt. 使成熟;使变老,使上年纪 vi. 成熟;变老",3年级上,1,3年级上@r11: [class / grade / <age> / dear / body],1,multi-pos-gloss,single-token-lexical-review,vocabulary-identity-review,,pending,Single-token lexical candidate; target sense still requires source-context review.,no
all over,all over,adj. 满 n. 全花织物,5年级下,1,5年级下@r98: [started to study English / started to use a computer / <all over> / out of / into],2,multi-pos-gloss|multiword-surface,multiword-lexical-review,vocabulary-vs-expression-review,,pending,"Multiword item may be a legitimate lexical unit/proper name, but must be reviewed before Vocabulary identity minting.",no
always,always,"adv. 永远,一直;总是;常常",4年级上|5年级下,2,4年级上@r25: [on the weekend / fun / <always> / step / paint] || 5年级下@r11: [before / dirty / <always> / stomachache / headache],1,multiple-occurrences,single-token-lexical-review,vocabulary-identity-review,,pending,Single-token lexical candidate; target sense still requires source-context review.,no
american,American,"n. 美国人,美洲人;美国英语 adj. 美国的,美洲的;地道美国式的",6年级上,1,6年级上@r80: [poet / writer / <American> / French / Danish],1,multi-pos-gloss,single-token-lexical-review,vocabulary-identity-review,,pending,Single-token lexical candidate; target sense still requires source-context review.,no
art gallery,art gallery,n. 美术馆;艺术展览馆,6年级下,1,6年级下@r12: [show ... around / Queen's Park / <art gallery> / public library / downtown],2,multiword-surface,multiword-lexical-review,vocabulary-vs-expression-review,,pending,"Multiword item may be a legitimate lexical unit/proper name, but must be reviewed before Vocabulary identity minting.",no
at least,at least,na. 至少,6年级下,1,6年级下@r23: [idea / less / <at least> / talk about / hockey],2,multiword-surface|function-or-construction-phrase,multiword-routing-review,vocabulary-vs-expression-review,,pending,Function/construction-led phrase may be a lexical phrase or an Expression; route explicitly.,no
ate ice-cream,ate ice-cream,无,5年级下,1,5年级下@r74: [drank cold drinks / swam / <ate ice-cream> / the Stone Forest / bought some gifts],2,missing-or-empty-gloss|multiword-surface|inflected-event-chunk,expression-or-chunk-review,expression-routing-review,,pending,Past/participle-led multiword chunk is not presumed to be a Vocabulary identity.,no
bank,bank,n. 银行;岸;浅滩;储库 vt. 将...存入银行;倾斜转弯 vi. 堆积;倾斜转弯,4年级下,1,4年级下@r7: [restaurant / post office / <bank> / grocery / turn left],1,multi-pos-gloss,single-token-lexical-review,vocabulary-identity-review,,pending,Single-token lexical candidate; target sense still requires source-context review.,no
bark,bark,n. 树皮;深青棕色;毛皮;皮肤;狗叫 vt. 狗叫;尖叫;剥皮,5年级上,1,5年级上@r16: [but / sometimes / <bark> / forget / with],1,multi-pos-gloss,single-token-lexical-review,vocabulary-identity-review,,pending,Single-token lexical candidate; target sense still requires source-context review.,no
be afraid of,be afraid of,na. 怕,6年级上,1,6年级上@r97: [ice lantern / bring / <be afraid of> / hear / pen pal],3,multiword-surface|function-or-construction-phrase,multiword-routing-review,vocabulary-vs-expression-review,,pending,Function/construction-led phrase may be a lexical phrase or an Expression; route explicitly.,no
be back,be back,na. 回家;回来,3年级下,1,3年级下@r36: [tomorrow / wake up / <be back> / play football / fly a kite],2,multiword-surface|function-or-construction-phrase,multiword-routing-review,vocabulary-vs-expression-review,,pending,Function/construction-led phrase may be a lexical phrase or an Expression; route explicitly.,no
be careful!,Be careful!,小心;当心;注意,4年级上,1,4年级上@r84: [dangerous / play with fire / <Be careful!> / run down the stairs / sidewalk],2,multiword-surface|sentence-punctuation,expression-or-chunk-review,expression-routing-review,,pending,Punctuated multiword item is expression-like and must not auto-enter Vocabulary.,no
be good at,be good at,v. 善于,4年级上,1,4年级上@r10: [interesting / often / <be good at> / late / swim],3,multiword-surface|function-or-construction-phrase,multiword-routing-review,vocabulary-vs-expression-review,,pending,Function/construction-led phrase may be a lexical phrase or an Expression; route explicitly.,no
bedroom,bedroom,n. 卧室 adj. 两性关系的;城郊住宅区的,3年级下,1,3年级下@r74: [run / home / <bedroom> / living room / bathroom],1,multi-pos-gloss,single-token-lexical-review,vocabulary-identity-review,,pending,Single-token lexical candidate; target sense still requires source-context review.,no
big ben,Big Ben,"n. 英国伦敦议会大厦顶的大钟, 美国得州西南部的国立大本德公园(Big Bend National Park)",4年级下,1,4年级下@r83: [koala / maple leaves / <Big Ben> / Disneyland / campfire],2,multiword-surface,multiword-lexical-review,vocabulary-vs-expression-review,,pending,"Multiword item may be a legitimate lexical unit/proper name, but must be reviewed before Vocabulary identity minting.",no
bite,bite,n. 咬;一口;咬伤;刺痛 abbr. 机内测试设备(Built-In Test Equipment) vt. 咬;刺痛 vi. 咬;刺痛,3年级上,1,3年级上@r25: [help / bad / <bite> / tongue / kick],1,multi-pos-gloss,single-token-lexical-review,vocabulary-identity-review,,pending,Single-token lexical candidate; target sense still requires source-context review.,no
blind,blind,"n. 掩饰,借口;百叶窗 adj. 盲目的;瞎的 vt. 使失明;使失去理智 adv. 盲目地;看不见地",6年级上,1,6年级上@r91: [university / deaf / <blind> / fall / dumpling],1,multi-pos-gloss,single-token-lexical-review,vocabulary-identity-review,,pending,Single-token lexical candidate; target sense still requires source-context review.,no
bookshop,bookshop,n. 书店,2年级上|4年级下,2,2年级上@r30: [new / does / <bookshop> / zoo / school] || 4年级下@r22: [toy / hospital / <bookshop> / school / supermarket],1,multiple-occurrences,single-token-lexical-review,vocabulary-identity-review,,pending,Single-token lexical candidate; target sense still requires source-context review.,no
boring,boring,n. 钻孔 adj. 无聊的;令人厌烦的 v. 钻孔;使厌烦;挖空(bore的ing形式),5年级下,1,5年级下@r68: [played chess / washed clothes / <boring> / badminton / won],1,multi-pos-gloss,single-token-lexical-review,vocabulary-identity-review,,pending,Single-token lexical candidate; target sense still requires source-context review.,no
bought some gifts,bought some gifts,无,5年级下,1,5年级下@r76: [ate ice-cream / the Stone Forest / <bought some gifts> / took photos / saw flowers],3,missing-or-empty-gloss|multiword-surface|inflected-event-chunk,expression-or-chunk-review,expression-routing-review,,pending,Past/participle-led multiword chunk is not presumed to be a Vocabulary identity.,no
bus driver,bus driver,na. (公共汽车)驾驶员;〈俚〉轰炸机驾驶员,4年级上,1,4年级上@r98: [cook / doctor / <bus driver> / police officer / taxi driver],2,multiword-surface,multiword-lexical-review,vocabulary-vs-expression-review,,pending,"Multiword item may be a legitimate lexical unit/proper name, but must be reviewed before Vocabulary identity minting.",no
buy toys,buy toys,无,4年级下,1,4年级下@r31: [hotel / square / <buy toys> / see a film / go boating],2,missing-or-empty-gloss|multiword-surface,multiword-lexical-review,vocabulary-vs-expression-review,,pending,"Multiword item may be a legitimate lexical unit/proper name, but must be reviewed before Vocabulary identity minting.",no
by bike,by bike,骑自行车;骑车;骑单车,4年级上,1,4年级上@r44: [by car / by taxi / <by bike> / on foot / by school bus],2,multiword-surface|function-or-construction-phrase,multiword-routing-review,vocabulary-vs-expression-review,,pending,Function/construction-led phrase may be a lexical phrase or an Expression; route explicitly.,no
by boat,by boat,na. 乘船,4年级上,1,4年级上@r40: [usually / by bus / <by boat> / by ship / by car],2,multiword-surface|function-or-construction-phrase,multiword-routing-review,vocabulary-vs-expression-review,,pending,Function/construction-led phrase may be a lexical phrase or an Expression; route explicitly.,no
by bus,by bus,na. 乘公共汽车,4年级上,1,4年级上@r39: [day / usually / <by bus> / by boat / by ship],2,multiword-surface|function-or-construction-phrase,multiword-routing-review,vocabulary-vs-expression-review,,pending,Function/construction-led phrase may be a lexical phrase or an Expression; route explicitly.,no
by car,by car,na. 乘电车;乘汽车,4年级上,1,4年级上@r42: [by boat / by ship / <by car> / by taxi / by bike],2,multiword-surface|function-or-construction-phrase,multiword-routing-review,vocabulary-vs-expression-review,,pending,Function/construction-led phrase may be a lexical phrase or an Expression; route explicitly.,no
by plane,by plane,adv. 乘飞机,4年级上,1,4年级上@r48: [by school bus / by subway / <by plane> / by train / garden],2,multiword-surface|function-or-construction-phrase,multiword-routing-review,vocabulary-vs-expression-review,,pending,Function/construction-led phrase may be a lexical phrase or an Expression; route explicitly.,no
by school bus,by school bus,无,4年级上,1,4年级上@r46: [by bike / on foot / <by school bus> / by subway / by plane],3,missing-or-empty-gloss|multiword-surface|function-or-construction-phrase,multiword-routing-review,vocabulary-vs-expression-review,,pending,Function/construction-led phrase may be a lexical phrase or an Expression; route explicitly.,no
by ship,by ship,乘船;乘轮船;坐轮船,4年级上,1,4年级上@r41: [by bus / by boat / <by ship> / by car / by taxi],2,multiword-surface|function-or-construction-phrase,multiword-routing-review,vocabulary-vs-expression-review,,pending,Function/construction-led phrase may be a lexical phrase or an Expression; route explicitly.,no
by subway,by subway,乘地铁;坐地铁;乘坐地铁,4年级上,1,4年级上@r47: [on foot / by school bus / <by subway> / by plane / by train],2,multiword-surface|function-or-construction-phrase,multiword-routing-review,vocabulary-vs-expression-review,,pending,Function/construction-led phrase may be a lexical phrase or an Expression; route explicitly.,no
by taxi,by taxi,乘出租车;坐出租车;打的,4年级上,1,4年级上@r43: [by ship / by car / <by taxi> / by bike / on foot],2,multiword-surface|function-or-construction-phrase,multiword-routing-review,vocabulary-vs-expression-review,,pending,Function/construction-led phrase may be a lexical phrase or an Expression; route explicitly.,no
by train,by train,na. 坐火车,4年级上,1,4年级上@r49: [by subway / by plane / <by train> / garden / meeting place],2,multiword-surface|function-or-construction-phrase,multiword-routing-review,vocabulary-vs-expression-review,,pending,Function/construction-led phrase may be a lexical phrase or an Expression; route explicitly.,no
can't,can't,abbr. 不能(can not),2年级下,1,2年级下@r8: [swim / make a snowman / <can't> / rainy / cloudy],1,contracted-form,single-token-form-review,identity-form-review,,pending,Single-token contraction/form needs identity-policy review before treating it as a new Vocabulary identity.,no
candy,candy,"n. 糖果(等于sweets);冰糖(等于sugar candy,rock candy);毒品 adj. 新潮的(服饰);甜言蜜语的 vt. 用糖煮;使结晶为砂糖;美化 vi. 糖煮;成为结晶",5年级下,1,5年级下@r3: [too much / <candy> / go to bed / early],1,multi-pos-gloss,single-token-lexical-review,vocabulary-identity-review,,pending,Single-token lexical candidate; target sense still requires source-context review.,no
catch,catch,n. 捕捉;捕获物;窗钩 vt. 赶上;抓住;感染;了解 vi. 赶上;抓住,4年级下,1,4年级下@r65: [hobby / stamp / <catch> / go for a picnic / play the violin],1,multi-pos-gloss,single-token-lexical-review,vocabulary-identity-review,,pending,Single-token lexical candidate; target sense still requires source-context review.,no
celebrate,celebrate,vt. 庆祝;举行;赞美;祝贺;宣告 vi. 庆祝;过节;举行宗教仪式,5年级下,1,5年级下@r40: [plant / make a poster / <celebrate> / have a picnic / office],1,multi-pos-gloss,single-token-lexical-review,vocabulary-identity-review,,pending,Single-token lexical candidate; target sense still requires source-context review.,no
central,central,n. 电话总机 adj. 中心的;主要的;中枢的,4年级下,1,4年级下@r41: [star / king / <central> / take photos / museum],1,multi-pos-gloss,single-token-lexical-review,vocabulary-identity-review,,pending,Single-token lexical candidate; target sense still requires source-context review.,no
children's day,Children's Day,na. 儿童节,5年级下,1,5年级下@r24: [Tree Planting Day / Mother's Day / <Children's Day> / Father's Day / Teachers' Day],2,multiword-surface,multiword-lexical-review,vocabulary-vs-expression-review,,pending,"Multiword item may be a legitimate lexical unit/proper name, but must be reviewed before Vocabulary identity minting.",no
christmas day,Christmas Day,"n. 【宗,基督】圣诞节;圣诞节时期",5年级下,1,5年级下@r28: [Teachers' Day / National Day / <Christmas Day> / birthday / fifth],2,multiword-surface,multiword-lexical-review,vocabulary-vs-expression-review,,pending,"Multiword item may be a legitimate lexical unit/proper name, but must be reviewed before Vocabulary identity minting.",no
christmas tree,Christmas tree,n. 【节】圣诞树,2年级上,1,2年级上@r46: [Christmas / Father Christmas / <Christmas tree> / card / present],2,multiword-surface,multiword-lexical-review,vocabulary-vs-expression-review,,pending,"Multiword item may be a legitimate lexical unit/proper name, but must be reviewed before Vocabulary identity minting.",no
clean the room,clean the room,打扫房间;清扫房间;清洁房间,5年级上,1,5年级上@r61: [nature shows / chore / <clean the room> / make the bed / take out the rubbish],3,multiword-surface,multiword-lexical-review,vocabulary-vs-expression-review,,pending,"Multiword item may be a legitimate lexical unit/proper name, but must be reviewed before Vocabulary identity minting.",no
cleaned the window,cleaned the window,无,5年级下,1,5年级下@r55: [everywhere / flower show / <cleaned the window> / watched TV / climbed a hill],3,missing-or-empty-gloss|multiword-surface|inflected-event-chunk,expression-or-chunk-review,expression-routing-review,,pending,Past/participle-led multiword chunk is not presumed to be a Vocabulary identity.,no
cleaning the room,cleaning the room,无,3年级下,1,3年级下@r64: [walking the dog / watering the plants / <cleaning the room> / listening to music / watching TV],3,missing-or-empty-gloss|multiword-surface|gerund-chunk,expression-or-chunk-review,expression-routing-review,,pending,Gerund-led multiword chunk requires Vocabulary-vs-Expression routing.,no
climb a hill,climb a hill,无,4年级上,1,4年级上@r18: [visit one's grandparents / go to a drawing club / <climb a hill> / pick fruit / play computer games],3,missing-or-empty-gloss|multiword-surface,multiword-lexical-review,vocabulary-vs-expression-review,,pending,"Multiword item may be a legitimate lexical unit/proper name, but must be reviewed before Vocabulary identity minting.",no
climb on the window ledge,climb on the window ledge,无,4年级上,1,4年级上@r81: [schoolbag / shop / <climb on the window ledge> / dangerous / play with fire],5,missing-or-empty-gloss|multiword-surface,multiword-lexical-review,vocabulary-vs-expression-review,,pending,"Multiword item may be a legitimate lexical unit/proper name, but must be reviewed before Vocabulary identity minting.",no
climbed a hill,climbed a hill,无,5年级下,1,5年级下@r57: [cleaned the window / watched TV / <climbed a hill> / visited grandparents / danced],3,missing-or-empty-gloss|multiword-surface|inflected-event-chunk,expression-or-chunk-review,expression-routing-review,,pending,Past/participle-led multiword chunk is not presumed to be a Vocabulary identity.,no
collecting erasers,collecting erasers,无,4年级下,1,4年级下@r61: [doing jigsaw puzzles / making models / <collecting erasers> / different / hobby],2,missing-or-empty-gloss|multiword-surface|gerund-chunk,expression-or-chunk-review,expression-routing-review,,pending,Gerund-led multiword chunk requires Vocabulary-vs-Expression routing.,no
computer class,computer class,计算机课;电脑班;电脑课,3年级下,1,3年级下@r9: [maths / art / <computer class> / we / that],2,multiword-surface,multiword-lexical-review,vocabulary-vs-expression-review,,pending,"Multiword item may be a legitimate lexical unit/proper name, but must be reviewed before Vocabulary identity minting.",no
cooking dinner,cooking dinner,做饭;做晚餐;正在做饭,3年级下,1,3年级下@r61: [brother / sister / <cooking dinner> / walking the dog / watering the plants],2,multiword-surface|gerund-chunk,expression-or-chunk-review,expression-routing-review,,pending,Gerund-led multiword chunk requires Vocabulary-vs-Expression routing.,no
cute,cute,"adj. 可爱的;漂亮的;聪明的,伶俐的",4年级下|5年级上,2,4年级下@r86: [Disneyland / campfire / <cute> / country / pretty] || 5年级上@r6: [polite / quiet / <cute> / friendly / helpful],1,multiple-occurrences,single-token-lexical-review,vocabulary-identity-review,,pending,Single-token lexical candidate; target sense still requires source-context review.,no
danish,Danish,n. 丹麦语 adj. 丹麦的;丹麦人的;丹麦语(文)的,6年级上,1,6年级上@r82: [American / French / <Danish> / poem / paint],1,multi-pos-gloss,single-token-lexical-review,vocabulary-identity-review,,pending,Single-token lexical candidate; target sense still requires source-context review.,no
delicious,delicious,adj. 美味的;可口的,3年级上|5年级下,2,3年级上@r105: [first / party / <delicious>] || 5年级下@r80: [saw flowers / slept / <delicious> / felt happy / sad],1,multiple-occurrences,single-token-lexical-review,vocabulary-identity-review,,pending,Single-token lexical candidate; target sense still requires source-context review.,no
dining room,dining room,n. 饭厅;餐厅,3年级下,1,3年级下@r77: [living room / bathroom / <dining room> / study / kitchen],2,multiword-surface,multiword-lexical-review,vocabulary-vs-expression-review,,pending,"Multiword item may be a legitimate lexical unit/proper name, but must be reviewed before Vocabulary identity minting.",no
do the housework,do the housework,做家务;做家务活;料理家务,4年级下,1,4年级下@r70: [go skating / go camping / <do the housework> / free / never],3,multiword-surface,multiword-lexical-review,vocabulary-vs-expression-review,,pending,"Multiword item may be a legitimate lexical unit/proper name, but must be reviewed before Vocabulary identity minting.",no
doing jigsaw puzzles,doing jigsaw puzzles,无,4年级下,1,4年级下@r59: [singing / dancing / <doing jigsaw puzzles> / making models / collecting erasers],3,missing-or-empty-gloss|multiword-surface,multiword-lexical-review,vocabulary-vs-expression-review,,pending,"Multiword item may be a legitimate lexical unit/proper name, but must be reviewed before Vocabulary identity minting.",no
doll,doll,n. 洋娃娃;玩偶;无头脑的美丽女人 vt. 把...打扮得花枝招展,1年级下,1,1年级下@r18: [plane / ball / <doll> / train / car],1,multi-pos-gloss,single-token-lexical-review,vocabulary-identity-review,,pending,Single-token lexical candidate; target sense still requires source-context review.,no
downtown,downtown,n. 市中心区;三分线以外 adj. 市中心的 adv. 往闹市区;在市区,6年级下,1,6年级下@r14: [art gallery / public library / <downtown> / Lake Ontario / stadium],1,multi-pos-gloss,single-token-lexical-review,vocabulary-identity-review,,pending,Single-token lexical candidate; target sense still requires source-context review.,no
drank cold drinks,drank cold drinks,无,5年级下,1,5年级下@r72: [won / went to the beach / <drank cold drinks> / swam / ate ice-cream],3,missing-or-empty-gloss|multiword-surface,multiword-lexical-review,vocabulary-vs-expression-review,,pending,"Multiword item may be a legitimate lexical unit/proper name, but must be reviewed before Vocabulary identity minting.",no
draw pictures,draw pictures,画画;画图画;画儿,3年级下,1,3年级下@r28: [after school / play sports / <draw pictures> / play chess / dance],2,multiword-surface,multiword-lexical-review,vocabulary-vs-expression-review,,pending,"Multiword item may be a legitimate lexical unit/proper name, but must be reviewed before Vocabulary identity minting.",no
dream,dream,"n. 梦想,愿望;梦 adj. 梦的;理想的;不切实际的 vt. 梦想;做梦;想到 vi. 梦想;做梦,梦见;想到",4年级下,1,4年级下@r44: [take photos / museum / <dream> / sea / ski],1,multi-pos-gloss,single-token-lexical-review,vocabulary-identity-review,,pending,Single-token lexical candidate; target sense still requires source-context review.,no
eat breakfast,eat breakfast,吃早饭;吃早餐;食早餐,2年级下,1,2年级下@r40: [playtime / get up / <eat breakfast> / go to school / eat lunch],2,multiword-surface,multiword-lexical-review,vocabulary-vs-expression-review,,pending,"Multiword item may be a legitimate lexical unit/proper name, but must be reviewed before Vocabulary identity minting.",no
eat dinner,eat dinner,吃晚饭;吃晚餐;吃饭,2年级下,1,2年级下@r44: [eat lunch / go home / <eat dinner> / go to bed / when],2,multiword-surface,multiword-lexical-review,vocabulary-vs-expression-review,,pending,"Multiword item may be a legitimate lexical unit/proper name, but must be reviewed before Vocabulary identity minting.",no
eat lunch,eat lunch,吃午饭;吃午餐;吃中午饭,2年级下,1,2年级下@r42: [eat breakfast / go to school / <eat lunch> / go home / eat dinner],2,multiword-surface,multiword-lexical-review,vocabulary-vs-expression-review,,pending,"Multiword item may be a legitimate lexical unit/proper name, but must be reviewed before Vocabulary identity minting.",no
eat seafood,eat seafood,无,4年级下,1,4年级下@r47: [sea / ski / <eat seafood> / visit the Mogao Caves / West Lake],2,missing-or-empty-gloss|multiword-surface,multiword-lexical-review,vocabulary-vs-expression-review,,pending,"Multiword item may be a legitimate lexical unit/proper name, but must be reviewed before Vocabulary identity minting.",no
english-chinese dictionary,English-Chinese dictionary,英汉字典;辞典;氏英字典,6年级下,1,6年级下@r38: [wild goose / frog / <English-Chinese dictionary> / shopping centre / shopping mall],2,multiword-surface,multiword-lexical-review,vocabulary-vs-expression-review,,pending,"Multiword item may be a legitimate lexical unit/proper name, but must be reviewed before Vocabulary identity minting.",no
every day,every day,na. 每日,2年级下,1,2年级下@r47: [go to bed / when / <every day> / at / Sunday],2,multiword-surface,multiword-lexical-review,vocabulary-vs-expression-review,,pending,"Multiword item may be a legitimate lexical unit/proper name, but must be reviewed before Vocabulary identity minting.",no
everyone,everyone,n. 每个人 pron. 每个人;人人,3年级下,1,3年级下@r70: [play with / in one hour / <everyone> / children / run],1,multi-pos-gloss,single-token-lexical-review,vocabulary-identity-review,,pending,Single-token lexical candidate; target sense still requires source-context review.,no
everywhere,everywhere,n. 每个地方 adv. 到处,5年级下,1,5年级下@r53: [say / make a card / <everywhere> / flower show / cleaned the window],1,multi-pos-gloss,single-token-lexical-review,vocabulary-identity-review,,pending,Single-token lexical candidate; target sense still requires source-context review.,no
excuse me,Excuse me,un. 请原谅;对不起,4年级上,1,4年级上@r73: [find / Information Centre / <Excuse me> / phone / dad],2,multiword-surface,multiword-lexical-review,vocabulary-vs-expression-review,,pending,"Multiword item may be a legitimate lexical unit/proper name, but must be reviewed before Vocabulary identity minting.",no
exercise book,exercise book,n. 练习本;练习册;作业本,5年级上,1,5年级上@r41: [lovely / butterfly / <exercise book> / pencil sharpener / a pair of scissors],2,multiword-surface,multiword-lexical-review,vocabulary-vs-expression-review,,pending,"Multiword item may be a legitimate lexical unit/proper name, but must be reviewed before Vocabulary identity minting.",no
fall,fall,n. 下降;秋天;瀑布 adj. 秋天的 vi. 落下;变成;来临;减弱 vt. 砍倒;击倒,6年级上,1,6年级上@r92: [deaf / blind / <fall> / dumpling / fan],1,multi-pos-gloss,single-token-lexical-review,vocabulary-identity-review,,pending,Single-token lexical candidate; target sense still requires source-context review.,no
fantastic,fantastic,"n. 古怪的人 adj. 奇异的;空想的;异想天开的;古怪的;极好的,极出色的;不可思议的;不切实际的",5年级上,1,5年级上@r56: [wonderful / cool / <fantastic> / cartoons / news shows],1,multi-pos-gloss,single-token-lexical-review,vocabulary-identity-review,,pending,Single-token lexical candidate; target sense still requires source-context review.,no
father christmas,Father Christmas,na. 圣诞老人,2年级上,1,2年级上@r45: [hill / Christmas / <Father Christmas> / Christmas tree / card],2,multiword-surface,multiword-lexical-review,vocabulary-vs-expression-review,,pending,"Multiword item may be a legitimate lexical unit/proper name, but must be reviewed before Vocabulary identity minting.",no
father's day,Father's Day,na. 〈美〉父亲节(每年六月的第三个星期日),5年级下,1,5年级下@r25: [Mother's Day / Children's Day / <Father's Day> / Teachers' Day / National Day],2,multiword-surface,multiword-lexical-review,vocabulary-vs-expression-review,,pending,"Multiword item may be a legitimate lexical unit/proper name, but must be reviewed before Vocabulary identity minting.",no
feeding the fish,feeding the fish,喂鱼 晕船,3年级下,1,3年级下@r67: [listening to music / watching TV / <feeding the fish> / play with / in one hour],3,multiword-surface,multiword-lexical-review,vocabulary-vs-expression-review,,pending,"Multiword item may be a legitimate lexical unit/proper name, but must be reviewed before Vocabulary identity minting.",no
felt happy,felt happy,无,5年级下,1,5年级下@r81: [slept / delicious / <felt happy> / sad / left],2,missing-or-empty-gloss|multiword-surface|inflected-event-chunk,expression-or-chunk-review,expression-routing-review,,pending,Past/participle-led multiword chunk is not presumed to be a Vocabulary identity.,no
fifteen,fifteen,n. 十五;十五个;十五人组成的橄榄球队 num. 十五 adj. 十五的,2年级下,1,2年级下@r36: [thirteen / fourteen / <fifteen> / time / playtime],1,multi-pos-gloss,single-token-lexical-review,vocabulary-identity-review,,pending,Single-token lexical candidate; target sense still requires source-context review.,no
flower show,flower show,na. 花卉展览,5年级下,1,5年级下@r54: [make a card / everywhere / <flower show> / cleaned the window / watched TV],2,multiword-surface,multiword-lexical-review,vocabulary-vs-expression-review,,pending,"Multiword item may be a legitimate lexical unit/proper name, but must be reviewed before Vocabulary identity minting.",no
fly a kite,fly a kite,na. 放风筝;试探舆论;开空头支票;〈美〉(从狱中)非法寄出信件,2年级下|3年级下,2,2年级下@r3: [play football / <fly a kite> / ride a bike / make a model plane] || 3年级下@r38: [be back / play football / <fly a kite> / ride a bike / swim],3,multiple-occurrences|multiword-surface,multiword-lexical-review,vocabulary-vs-expression-review,,pending,"Multiword item may be a legitimate lexical unit/proper name, but must be reviewed before Vocabulary identity minting.",no
for rent,for rent,na. 出租的;招租,3年级下,1,3年级下@r80: [study / kitchen / <for rent> / sofa / light],2,multiword-surface|function-or-construction-phrase,multiword-routing-review,vocabulary-vs-expression-review,,pending,Function/construction-led phrase may be a lexical phrase or an Expression; route explicitly.,no
fourteen,fourteen,num. 十四;十四个;第十四 n. 十四的记号;十四岁;十四点钟;十五世纪,2年级下,1,2年级下@r35: [fifty / thirteen / <fourteen> / fifteen / time],1,multi-pos-gloss,single-token-lexical-review,vocabulary-identity-review,,pending,Single-token lexical candidate; target sense still requires source-context review.,no
free,free,"adj. 免费的;自由的,不受约束的;[化学] 游离的 vt. 使自由,解放;释放 adv. 自由地;免费",4年级下,1,4年级下@r71: [go camping / do the housework / <free> / never / once a week],1,multi-pos-gloss,single-token-lexical-review,vocabulary-identity-review,,pending,Single-token lexical candidate; target sense still requires source-context review.,no
french,French,n. 法国人;法语 adj. 法国的;法语的;法国人的,6年级上,2,6年级上@r35: [clock / speak / <French> / Tower Bridge / the London Eye] || 6年级上@r81: [writer / American / <French> / Danish / poem],1,multiple-occurrences|multi-pos-gloss,single-token-lexical-review,vocabulary-identity-review,,pending,Single-token lexical candidate; target sense still requires source-context review.,no
french fries,French fries,n. 【食】炸薯条,5年级下,1,5年级下@r84: [sad / left / <French fries> / were / was born],2,multiword-surface,multiword-lexical-review,vocabulary-vs-expression-review,,pending,"Multiword item may be a legitimate lexical unit/proper name, but must be reviewed before Vocabulary identity minting.",no
frog,frog,n. 青蛙;[铁路] 辙叉;饰扣 vi. 捕蛙,6年级下,1,6年级下@r37: [swan / wild goose / <frog> / English-Chinese dictionary / shopping centre],1,multi-pos-gloss,single-token-lexical-review,vocabulary-identity-review,,pending,Single-token lexical candidate; target sense still requires source-context review.,no
get to,get to,na. 接触到;开始;〈美口〉收买,4年级下,1,4年级下@r17: [get / money / <get to> / before / leave],2,multiword-surface,multiword-lexical-review,vocabulary-vs-expression-review,,pending,"Multiword item may be a legitimate lexical unit/proper name, but must be reviewed before Vocabulary identity minting.",no
get up,get up,na. 起床;起身;站起来;叫...起床,2年级下|4年级上,2,2年级下@r39: [time / playtime / <get up> / eat breakfast / go to school] || 4年级上@r15: [friend / father / <get up> / visit one's grandparents / go to a drawing club],2,multiple-occurrences|multiword-surface,multiword-lexical-review,vocabulary-vs-expression-review,,pending,"Multiword item may be a legitimate lexical unit/proper name, but must be reviewed before Vocabulary identity minting.",no
glue stick,glue stick,n. 胶棒,4年级上,1,4年级上@r67: [crayon / scissors / <glue stick> / paper / use],2,multiword-surface,multiword-lexical-review,vocabulary-vs-expression-review,,pending,"Multiword item may be a legitimate lexical unit/proper name, but must be reviewed before Vocabulary identity minting.",no
go boating,go boating,na. 乘船〔尤指划船〕游玩,4年级下,1,4年级下@r33: [buy toys / see a film / <go boating> / busy / station],2,multiword-surface,multiword-lexical-review,vocabulary-vs-expression-review,,pending,"Multiword item may be a legitimate lexical unit/proper name, but must be reviewed before Vocabulary identity minting.",no
go camping,go camping,去野营;去露营;宿营,4年级下,1,4年级下@r69: [play the violin / go skating / <go camping> / do the housework / free],2,multiword-surface,multiword-lexical-review,vocabulary-vs-expression-review,,pending,"Multiword item may be a legitimate lexical unit/proper name, but must be reviewed before Vocabulary identity minting.",no
go fishing,go fishing,去钓鱼;垂钓;我以前常去钓鱼,4年级上,1,4年级上@r21: [pick fruit / play computer games / <go fishing> / go to the cinema / on the weekend],2,multiword-surface,multiword-lexical-review,vocabulary-vs-expression-review,,pending,"Multiword item may be a legitimate lexical unit/proper name, but must be reviewed before Vocabulary identity minting.",no
go for a picnic,go for a picnic,去野餐;去野炊;出去野炊,4年级下,1,4年级下@r66: [stamp / catch / <go for a picnic> / play the violin / go skating],4,multiword-surface,multiword-lexical-review,vocabulary-vs-expression-review,,pending,"Multiword item may be a legitimate lexical unit/proper name, but must be reviewed before Vocabulary identity minting.",no
go home,go home,na. 回家;〈口〉死;(忠告等)刻骨铭心;击中,2年级下,1,2年级下@r43: [go to school / eat lunch / <go home> / eat dinner / go to bed],2,multiword-surface,multiword-lexical-review,vocabulary-vs-expression-review,,pending,"Multiword item may be a legitimate lexical unit/proper name, but must be reviewed before Vocabulary identity minting.",no
go skating,go skating,去滑冰;去溜冰;滑雪,4年级下,1,4年级下@r68: [go for a picnic / play the violin / <go skating> / go camping / do the housework],2,multiword-surface,multiword-lexical-review,vocabulary-vs-expression-review,,pending,"Multiword item may be a legitimate lexical unit/proper name, but must be reviewed before Vocabulary identity minting.",no
go straight,go straight,na. 笔直走,4年级下,1,4年级下@r11: [turn left / turn right / <go straight> / crossroads / neighbourhood],2,multiword-surface,multiword-lexical-review,vocabulary-vs-expression-review,,pending,"Multiword item may be a legitimate lexical unit/proper name, but must be reviewed before Vocabulary identity minting.",no
go to a drawing club,go to a drawing club,无,4年级上,1,4年级上@r17: [get up / visit one's grandparents / <go to a drawing club> / climb a hill / pick fruit],5,missing-or-empty-gloss|multiword-surface,multiword-lexical-review,vocabulary-vs-expression-review,,pending,"Multiword item may be a legitimate lexical unit/proper name, but must be reviewed before Vocabulary identity minting.",no
go to bed,go to bed,na. 睡;同床;【印】付印,2年级下|5年级下,2,2年级下@r45: [go home / eat dinner / <go to bed> / when / every day] || 5年级下@r4: [too much / candy / <go to bed> / early / exercise],3,multiple-occurrences|multiword-surface,multiword-lexical-review,vocabulary-vs-expression-review,,pending,"Multiword item may be a legitimate lexical unit/proper name, but must be reviewed before Vocabulary identity minting.",no
go to school,go to school,na. 到校上课;上学去;开始求学,2年级下,1,2年级下@r41: [get up / eat breakfast / <go to school> / eat lunch / go home],3,multiword-surface,multiword-lexical-review,vocabulary-vs-expression-review,,pending,"Multiword item may be a legitimate lexical unit/proper name, but must be reviewed before Vocabulary identity minting.",no
go to the cinema,go to the cinema,去看电影;去电影院;上电影院,4年级上,1,4年级上@r22: [play computer games / go fishing / <go to the cinema> / on the weekend / fun],4,multiword-surface,multiword-lexical-review,vocabulary-vs-expression-review,,pending,"Multiword item may be a legitimate lexical unit/proper name, but must be reviewed before Vocabulary identity minting.",no
grade,grade,n. 年级;等级;成绩;级别;阶段 vt. 评分;把...分等级 vi. 分等级;逐渐变化,3年级上,1,3年级上@r10: [how old / class / <grade> / age / dear],1,multi-pos-gloss,single-token-lexical-review,vocabulary-identity-review,,pending,Single-token lexical candidate; target sense still requires source-context review.,no
guess,guess,n. 猜测;推测 vi. 猜;推测;猜中 vt. 猜测;认为;推测;猜中 n. 盖尔斯(美国服装品牌),5年级上,1,5年级上@r26: [young / teach / <guess> / has / animal],1,multi-pos-gloss,single-token-lexical-review,vocabulary-identity-review,,pending,Single-token lexical candidate; target sense still requires source-context review.,no
habit,habit,"n. 习惯,习性;嗜好 vt. 使穿衣",6年级下,1,6年级下@r20: [sandwich / top / <habit> / idea / less],1,multi-pos-gloss,single-token-lexical-review,vocabulary-identity-review,,pending,Single-token lexical candidate; target sense still requires source-context review.,no
handsome,handsome,"adj. (男子)英俊的;可观的;大方的,慷慨的;健美而端庄的",2年级上|3年级下,2,2年级上@r27: [thin / short / <handsome> / new / does] || 3年级下@r47: [aunt / cousin / <handsome> / beautiful / lost],1,multiple-occurrences,single-token-lexical-review,vocabulary-identity-review,,pending,Single-token lexical candidate; target sense still requires source-context review.,no
happy,happy,adj. 幸福的;高兴的;巧妙的,2年级上|6年级上,2,2年级上@r55: [for / thank / <happy>] || 6年级上@r65: [sad / excited / <happy> / ill / win],1,multiple-occurrences,single-token-lexical-review,vocabulary-identity-review,,pending,Single-token lexical candidate; target sense still requires source-context review.,no
have a picnic,have a picnic,举行野餐;去野餐;吃野餐,5年级下,1,5年级下@r41: [make a poster / celebrate / <have a picnic> / office / together],3,multiword-surface,multiword-lexical-review,vocabulary-vs-expression-review,,pending,"Multiword item may be a legitimate lexical unit/proper name, but must be reviewed before Vocabulary identity minting.",no
help,help,n. 帮助;补救办法;帮忙者;有益的东西 vt. 帮助;促进;治疗;补救 vi. 帮助;有用;招待,3年级上,1,3年级上@r23: [the matter / hurt / <help> / bad / bite],1,multi-pos-gloss,single-token-lexical-review,vocabulary-identity-review,,pending,Single-token lexical candidate; target sense still requires source-context review.,no
here,here,n. 这里 adv. 在这里;此时 int. 嘿!;喂!,2年级上,1,2年级上@r52: [merry / too / <here> / for / thank],1,multi-pos-gloss,single-token-lexical-review,vocabulary-identity-review,,pending,Single-token lexical candidate; target sense still requires source-context review.,no
hope,hope,n. 希望;期望;信心 vi. 希望;期待;信赖 vt. 希望;期望,4年级上,1,4年级上@r33: [house / poor / <hope> / so / Saturday],1,multi-pos-gloss,single-token-lexical-review,vocabulary-identity-review,,pending,Single-token lexical candidate; target sense still requires source-context review.,no
hot pot,hot pot,na. 〈英〉马铃薯炖牛[羊]肉,6年级下,1,6年级下@r42: [shopping mall / amazing / <hot pot>],2,multiword-surface,multiword-lexical-review,vocabulary-vs-expression-review,,pending,"Multiword item may be a legitimate lexical unit/proper name, but must be reviewed before Vocabulary identity minting.",no
ice lantern,ice lantern,无,6年级上,1,6年级上@r95: [dumpling / fan / <ice lantern> / bring / be afraid of],2,missing-or-empty-gloss|multiword-surface,multiword-lexical-review,vocabulary-vs-expression-review,,pending,"Multiword item may be a legitimate lexical unit/proper name, but must be reviewed before Vocabulary identity minting.",no
in one hour,in one hour,无,3年级下,1,3年级下@r69: [feeding the fish / play with / <in one hour> / everyone / children],3,missing-or-empty-gloss|multiword-surface|function-or-construction-phrase,multiword-routing-review,vocabulary-vs-expression-review,,pending,Function/construction-led phrase may be a lexical phrase or an Expression; route explicitly.,no
in the future,in the future,adv. 今后,4年级上,1,4年级上@r103: [farmer / worker / <in the future> / great / job],3,multiword-surface|function-or-construction-phrase,multiword-routing-review,vocabulary-vs-expression-review,,pending,Function/construction-led phrase may be a lexical phrase or an Expression; route explicitly.,no
information centre,Information Centre,信息中心;资讯中心;情报中心,4年级上,1,4年级上@r72: [please / find / <Information Centre> / Excuse me / phone],2,multiword-surface,multiword-lexical-review,vocabulary-vs-expression-review,,pending,"Multiword item may be a legitimate lexical unit/proper name, but must be reviewed before Vocabulary identity minting.",no
jumped rope,jumped rope,跳绳游戏;跨越横线,5年级下,1,5年级下@r60: [visited grandparents / danced / <jumped rope> / listened to music / rowed a boat],2,multiword-surface,multiword-lexical-review,vocabulary-vs-expression-review,,pending,"Multiword item may be a legitimate lexical unit/proper name, but must be reviewed before Vocabulary identity minting.",no
jumping rope,jumping rope,跳绳;正在跳绳;跳跳绳,4年级上,1,4年级上@r5: [basketball / roller skating / <jumping rope> / ping-pong / What about ...?],2,multiword-surface,multiword-lexical-review,vocabulary-vs-expression-review,,pending,"Multiword item may be a legitimate lexical unit/proper name, but must be reviewed before Vocabulary identity minting.",no
just,just,"adv. 只是,仅仅;刚才,刚刚;正好,恰好;实在;刚要 adj. 公正的,合理的;正直的,正义的;正确的;公平的;应得的",4年级上,1,4年级上@r109: [people / teach / <just> / myself / sound],1,multi-pos-gloss,single-token-lexical-review,vocabulary-identity-review,,pending,Single-token lexical candidate; target sense still requires source-context review.,no
kick,kick,"vt. 踢;反冲,朝后座 n. 踢;反冲,后座力 vi. 踢;反冲",3年级上,1,3年级上@r27: [bite / tongue / <kick> / morning / afternoon],1,multi-pos-gloss,single-token-lexical-review,vocabulary-identity-review,,pending,Single-token lexical candidate; target sense still requires source-context review.,no
knife,knife,n. 刀;匕首 vt. 用刀切;(口)伤害 vi. 劈开;划过,4年级上,1,4年级上@r63: [apple / pen / <knife> / eraser / crayon],1,multi-pos-gloss,single-token-lexical-review,vocabulary-identity-review,,pending,Single-token lexical candidate; target sense still requires source-context review.,no
lake ontario,Lake Ontario,n. 安大略湖,6年级下,1,6年级下@r15: [public library / downtown / <Lake Ontario> / stadium / volunteer],2,multiword-surface,multiword-lexical-review,vocabulary-vs-expression-review,,pending,"Multiword item may be a legitimate lexical unit/proper name, but must be reviewed before Vocabulary identity minting.",no
learned to ride a bike,learned to ride a bike,无,5年级下,1,5年级下@r89: [started to speak / learned to walk / <learned to ride a bike> / went to kindergarten / went to school],5,missing-or-empty-gloss|multiword-surface|inflected-event-chunk,expression-or-chunk-review,expression-routing-review,,pending,Past/participle-led multiword chunk is not presumed to be a Vocabulary identity.,no
learned to swim,learned to swim,无,5年级下,1,5年级下@r92: [went to kindergarten / went to school / <learned to swim> / fifteenth / 15th],3,missing-or-empty-gloss|multiword-surface|inflected-event-chunk,expression-or-chunk-review,expression-routing-review,,pending,Past/participle-led multiword chunk is not presumed to be a Vocabulary identity.,no
learned to walk,learned to walk,无,5年级下,1,5年级下@r88: [was born / started to speak / <learned to walk> / learned to ride a bike / went to kindergarten],3,missing-or-empty-gloss|multiword-surface|inflected-event-chunk,expression-or-chunk-review,expression-routing-review,,pending,Past/participle-led multiword chunk is not presumed to be a Vocabulary identity.,no
leave,leave,"vt. 离开;留下;遗忘;委托 vi. 离开,出发;留下 n. 许可,同意;休假",4年级下,1,4年级下@r19: [get to / before / <leave> / toy / hospital],1,multi-pos-gloss,single-token-lexical-review,vocabulary-identity-review,,pending,Single-token lexical candidate; target sense still requires source-context review.,no
less,less,adv. 较少地;较小地;更小地 adj. 较少的;较小的 prep. 减去 n. 较少;较小,6年级下,1,6年级下@r22: [habit / idea / <less> / at least / talk about],1,multi-pos-gloss,single-token-lexical-review,vocabulary-identity-review,,pending,Single-token lexical candidate; target sense still requires source-context review.,no
let's,let's,让我们(let us的简写),2年级下,1,2年级下@r17: [weather / wow / <let's> / spring / summer],1,contracted-form,single-token-form-review,identity-form-review,,pending,Single-token contraction/form needs identity-policy review before treating it as a new Vocabulary identity.,no
listened to music,listened to music,无,5年级下,1,5年级下@r61: [danced / jumped rope / <listened to music> / rowed a boat / played computer games],3,missing-or-empty-gloss|multiword-surface,multiword-lexical-review,vocabulary-vs-expression-review,,pending,"Multiword item may be a legitimate lexical unit/proper name, but must be reviewed before Vocabulary identity minting.",no
listening to music,listening to music,无,3年级下,1,3年级下@r65: [watering the plants / cleaning the room / <listening to music> / watching TV / feeding the fish],3,missing-or-empty-gloss|multiword-surface,multiword-lexical-review,vocabulary-vs-expression-review,,pending,"Multiword item may be a legitimate lexical unit/proper name, but must be reviewed before Vocabulary identity minting.",no
living room,living room,n. 客厅;起居室,3年级下,1,3年级下@r75: [home / bedroom / <living room> / bathroom / dining room],2,multiword-surface,multiword-lexical-review,vocabulary-vs-expression-review,,pending,"Multiword item may be a legitimate lexical unit/proper name, but must be reviewed before Vocabulary identity minting.",no
look forward to,look forward to,na. 盼望,3年级上|6年级上,2,3年级上@r83: [week / soon / <look forward to> / T-shirt / shorts] || 6年级上@r103: [pity / prize / <look forward to>],3,multiple-occurrences|multiword-surface|function-or-construction-phrase,multiword-routing-review,vocabulary-vs-expression-review,,pending,Function/construction-led phrase may be a lexical phrase or an Expression; route explicitly.,no
mail a present,mail a present,无,5年级下,1,5年级下@r49: [make a phone call / send a short message / <mail a present> / make a video call / say],3,missing-or-empty-gloss|multiword-surface,multiword-lexical-review,vocabulary-vs-expression-review,,pending,"Multiword item may be a legitimate lexical unit/proper name, but must be reviewed before Vocabulary identity minting.",no
make a card,make a card,na. (牌戏)打成一墩,5年级下,1,5年级下@r52: [make a video call / say / <make a card> / everywhere / flower show],3,multiword-surface,multiword-lexical-review,vocabulary-vs-expression-review,,pending,"Multiword item may be a legitimate lexical unit/proper name, but must be reviewed before Vocabulary identity minting.",no
make a model plane,make a model plane,无,2年级下|3年级下,2,2年级下@r5: [fly a kite / ride a bike / <make a model plane> / swim / make a snowman] || 3年级下@r41: [ride a bike / swim / <make a model plane> / make a snowman / family],4,multiple-occurrences|missing-or-empty-gloss|multiword-surface,multiword-lexical-review,vocabulary-vs-expression-review,,pending,"Multiword item may be a legitimate lexical unit/proper name, but must be reviewed before Vocabulary identity minting.",no
make a phone call,make a phone call,打电话;打个电话;打电话号码,5年级下,1,5年级下@r47: [send an email / write a letter / <make a phone call> / send a short message / mail a present],4,multiword-surface,multiword-lexical-review,vocabulary-vs-expression-review,,pending,"Multiword item may be a legitimate lexical unit/proper name, but must be reviewed before Vocabulary identity minting.",no
make a poster,make a poster,制作海报;做海报;作一个海报,5年级下,1,5年级下@r39: [25th / plant / <make a poster> / celebrate / have a picnic],3,multiword-surface,multiword-lexical-review,vocabulary-vs-expression-review,,pending,"Multiword item may be a legitimate lexical unit/proper name, but must be reviewed before Vocabulary identity minting.",no
make a snowman,make a snowman,堆雪人;做雪人;堆一个雪人,2年级下|3年级下,2,2年级下@r7: [make a model plane / swim / <make a snowman> / can't / rainy] || 3年级下@r42: [swim / make a model plane / <make a snowman> / family / uncle],3,multiple-occurrences|multiword-surface,multiword-lexical-review,vocabulary-vs-expression-review,,pending,"Multiword item may be a legitimate lexical unit/proper name, but must be reviewed before Vocabulary identity minting.",no
make a video call,make a video call,无,5年级下,1,5年级下@r50: [send a short message / mail a present / <make a video call> / say / make a card],4,missing-or-empty-gloss|multiword-surface,multiword-lexical-review,vocabulary-vs-expression-review,,pending,"Multiword item may be a legitimate lexical unit/proper name, but must be reviewed before Vocabulary identity minting.",no
make the bed,make the bed,铺床;整理床铺;整理被物,5年级上,1,5年级上@r62: [chore / clean the room / <make the bed> / take out the rubbish / wash clothes],3,multiword-surface,multiword-lexical-review,vocabulary-vs-expression-review,,pending,"Multiword item may be a legitimate lexical unit/proper name, but must be reviewed before Vocabulary identity minting.",no
making models,making models,无,4年级下,1,4年级下@r60: [dancing / doing jigsaw puzzles / <making models> / collecting erasers / different],2,missing-or-empty-gloss|multiword-surface|gerund-chunk,expression-or-chunk-review,expression-routing-review,,pending,Gerund-led multiword chunk requires Vocabulary-vs-Expression routing.,no
maple leaves,maple leaves,枫叶;枫树叶子;枫树留下,4年级下,1,4年级下@r82: [China / koala / <maple leaves> / Big Ben / Disneyland],2,multiword-surface,multiword-lexical-review,vocabulary-vs-expression-review,,pending,"Multiword item may be a legitimate lexical unit/proper name, but must be reviewed before Vocabulary identity minting.",no
mark,mark,n. 标志;马克;符号;痕迹;分数 vi. 作记号 vt. .标志;做标记于;打分数 n. . 标志;做标记于;打分数,5年级下,1,5年级下@r18: [sleepy / subject / <mark> / advice / more],1,multi-pos-gloss,single-token-lexical-review,vocabulary-identity-review,,pending,Single-token lexical candidate; target sense still requires source-context review.,no
meeting place,meeting place,n. 会场;聚集的地方,4年级上,1,4年级上@r51: [by train / garden / <meeting place> / gate / transportation],2,multiword-surface,multiword-lexical-review,vocabulary-vs-expression-review,,pending,"Multiword item may be a legitimate lexical unit/proper name, but must be reviewed before Vocabulary identity minting.",no
merry,merry,adj. 愉快的;微醉的;嬉戏作乐的 n. 甜樱桃,2年级上,1,2年级上@r50: [present / New Year / <merry> / too / here],1,multi-pos-gloss,single-token-lexical-review,vocabulary-identity-review,,pending,Single-token lexical candidate; target sense still requires source-context review.,no
more,more,adv. 更多;此外;更大程度地 adj. 更多的;附加的 pron. 更多的数量 n. 更多,5年级下,1,5年级下@r20: [mark / advice / <more> / New Year's Day / Tree Planting Day],1,multi-pos-gloss,single-token-lexical-review,vocabulary-identity-review,,pending,Single-token lexical candidate; target sense still requires source-context review.,no
morning tea,morning tea,n. 早茶,6年级上,1,6年级上@r2: [<morning tea> / soup / garden],2,multiword-surface,multiword-lexical-review,vocabulary-vs-expression-review,,pending,"Multiword item may be a legitimate lexical unit/proper name, but must be reviewed before Vocabulary identity minting.",no
mother's day,Mother's Day,na. (美国和加拿大的)母亲节,5年级下,1,5年级下@r23: [New Year's Day / Tree Planting Day / <Mother's Day> / Children's Day / Father's Day],2,multiword-surface,multiword-lexical-review,vocabulary-vs-expression-review,,pending,"Multiword item may be a legitimate lexical unit/proper name, but must be reviewed before Vocabulary identity minting.",no
national day,National Day,na. 国庆日,5年级下,1,5年级下@r27: [Father's Day / Teachers' Day / <National Day> / Christmas Day / birthday],2,multiword-surface,multiword-lexical-review,vocabulary-vs-expression-review,,pending,"Multiword item may be a legitimate lexical unit/proper name, but must be reviewed before Vocabulary identity minting.",no
nature shows,nature shows,无,5年级上,1,5年级上@r59: [cartoons / news shows / <nature shows> / chore / clean the room],2,missing-or-empty-gloss|multiword-surface,multiword-lexical-review,vocabulary-vs-expression-review,,pending,"Multiword item may be a legitimate lexical unit/proper name, but must be reviewed before Vocabulary identity minting.",no
new year,New Year,n. 新年,2年级上,1,2年级上@r49: [card / present / <New Year> / merry / too],2,multiword-surface,multiword-lexical-review,vocabulary-vs-expression-review,,pending,"Multiword item may be a legitimate lexical unit/proper name, but must be reviewed before Vocabulary identity minting.",no
new year's day,New Year's Day,na. 元旦,5年级下,1,5年级下@r21: [advice / more / <New Year's Day> / Tree Planting Day / Mother's Day],3,multiword-surface,multiword-lexical-review,vocabulary-vs-expression-review,,pending,"Multiword item may be a legitimate lexical unit/proper name, but must be reviewed before Vocabulary identity minting.",no
news shows,news shows,新闻节目,5年级上,1,5年级上@r58: [fantastic / cartoons / <news shows> / nature shows / chore],2,multiword-surface,multiword-lexical-review,vocabulary-vs-expression-review,,pending,"Multiword item may be a legitimate lexical unit/proper name, but must be reviewed before Vocabulary identity minting.",no
next to,next to,prep. 紧邻;在...近旁;仅次于;紧接,4年级下,1,4年级下@r3: [across from / <next to> / between / restaurant],2,multiword-surface|function-or-construction-phrase,multiword-routing-review,vocabulary-vs-expression-review,,pending,Function/construction-led phrase may be a lexical phrase or an Expression; route explicitly.,no
north,north,"n. 北,北方 adj. 北方的;朝北的 adv. 在北方,向北方",6年级上,1,6年级上@r11: [taste / map / <north> / south / east],1,multi-pos-gloss,single-token-lexical-review,vocabulary-identity-review,,pending,Single-token lexical candidate; target sense still requires source-context review.,no
on foot,on foot,na. 步行;在进行中;徒步,4年级上,1,4年级上@r45: [by taxi / by bike / <on foot> / by school bus / by subway],2,multiword-surface|function-or-construction-phrase,multiword-routing-review,vocabulary-vs-expression-review,,pending,Function/construction-led phrase may be a lexical phrase or an Expression; route explicitly.,no
on the weekend,on the weekend,在周末;在这个周末;美式英语,4年级上,1,4年级上@r23: [go fishing / go to the cinema / <on the weekend> / fun / always],3,multiword-surface|function-or-construction-phrase,multiword-routing-review,vocabulary-vs-expression-review,,pending,Function/construction-led phrase may be a lexical phrase or an Expression; route explicitly.,no
once a week,once a week,一周一次;每周一次;一星期一次,4年级下,1,4年级下@r73: [free / never / <once a week> / twice a week / three times a week],3,multiword-surface,multiword-lexical-review,vocabulary-vs-expression-review,,pending,"Multiword item may be a legitimate lexical unit/proper name, but must be reviewed before Vocabulary identity minting.",no
out of,out of,prep. 来自;离开,5年级下,1,5年级下@r99: [started to use a computer / all over / <out of> / into / chopsticks],2,multiword-surface|function-or-construction-phrase,multiword-routing-review,vocabulary-vs-expression-review,,pending,Function/construction-led phrase may be a lexical phrase or an Expression; route explicitly.,no
paint,paint,"vt. 油漆;绘画;装饰;涂色于;描绘;(用语言,文字等)描写;擦脂粉等 vi. 油漆;描绘;绘画;化妆 n. 油漆;颜料,涂料;绘画作品;胭脂等化妆品;色彩,装饰",4年级上|6年级上,2,4年级上@r27: [always / step / <paint> / evening / dirty] || 6年级上@r84: [Danish / poem / <paint> / invention / invent],1,multiple-occurrences|multi-pos-gloss,single-token-lexical-review,vocabulary-identity-review,,pending,Single-token lexical candidate; target sense still requires source-context review.,no
party,party,"n. 政党,党派;聚会,派对;当事人 [复数 parties] vi. 参加社交聚会 [ 过去式 partied 过去分词 partied 现在分词 partying ]",3年级上|5年级上,2,3年级上@r104: [birthday / first / <party> / delicious] || 5年级上@r12: [popular / talk / <party> / all / but],1,multiple-occurrences|multi-pos-gloss,single-token-lexical-review,vocabulary-identity-review,,pending,Single-token lexical candidate; target sense still requires source-context review.,no
pen pal,pen pal,abbr. (=pen-friend) n. 笔友,6年级上,1,6年级上@r99: [be afraid of / hear / <pen pal> / broken / pity],2,multiword-surface,multiword-lexical-review,vocabulary-vs-expression-review,,pending,"Multiword item may be a legitimate lexical unit/proper name, but must be reviewed before Vocabulary identity minting.",no
pencil box,pencil box,铅笔盒;文具盒;你的铅笔盒,5年级上,1,5年级上@r44: [pencil sharpener / a pair of scissors / <pencil box> / a box of crayons / please],2,multiword-surface,multiword-lexical-review,vocabulary-vs-expression-review,,pending,"Multiword item may be a legitimate lexical unit/proper name, but must be reviewed before Vocabulary identity minting.",no
pencil sharpener,pencil sharpener,n. 卷笔刀,5年级上,1,5年级上@r42: [butterfly / exercise book / <pencil sharpener> / a pair of scissors / pencil box],2,multiword-surface,multiword-lexical-review,vocabulary-vs-expression-review,,pending,"Multiword item may be a legitimate lexical unit/proper name, but must be reviewed before Vocabulary identity minting.",no
pet,pet,n. 宠物;生气;受宠爱的人 adj. 宠爱的 vt. 宠爱 vi. 生气;爱抚,3年级上,1,3年级上@r56: [chicken / rabbit / <pet> / snake / turtle],1,multi-pos-gloss,single-token-lexical-review,vocabulary-identity-review,,pending,Single-token lexical candidate; target sense still requires source-context review.,no
pick fruit,pick fruit,无,4年级上,1,4年级上@r19: [go to a drawing club / climb a hill / <pick fruit> / play computer games / go fishing],2,missing-or-empty-gloss|multiword-surface,multiword-lexical-review,vocabulary-vs-expression-review,,pending,"Multiword item may be a legitimate lexical unit/proper name, but must be reviewed before Vocabulary identity minting.",no
pity,pity,"n. 怜悯,同情;遗憾 vt. 对......表示怜悯;对......感到同情",6年级上,1,6年级上@r101: [pen pal / broken / <pity> / prize / look forward to],1,multi-pos-gloss,single-token-lexical-review,vocabulary-identity-review,,pending,Single-token lexical candidate; target sense still requires source-context review.,no
place,place,n. 地方;住所;座位 vt. 放置;任命;寄予 vi. 名列前茅;取得名次,4年级下,1,4年级下@r36: [busy / station / <place> / thing / stay],1,multi-pos-gloss,single-token-lexical-review,vocabulary-identity-review,,pending,Single-token lexical candidate; target sense still requires source-context review.,no
play chess,play chess,na. 下象棋,3年级下,1,3年级下@r29: [play sports / draw pictures / <play chess> / dance / sing songs],2,multiword-surface,multiword-lexical-review,vocabulary-vs-expression-review,,pending,"Multiword item may be a legitimate lexical unit/proper name, but must be reviewed before Vocabulary identity minting.",no
play computer games,play computer games,玩电脑游戏;打电脑游戏;玩电子游戏,4年级上,1,4年级上@r20: [climb a hill / pick fruit / <play computer games> / go fishing / go to the cinema],3,multiword-surface,multiword-lexical-review,vocabulary-vs-expression-review,,pending,"Multiword item may be a legitimate lexical unit/proper name, but must be reviewed before Vocabulary identity minting.",no
play football,play football,na. 踢足球;对难办的事采取踢皮球的态度,2年级下|3年级下|4年级上,3,2年级下@r2: [<play football> / fly a kite / ride a bike] || 3年级下@r37: [wake up / be back / <play football> / fly a kite / ride a bike] || 4年级上@r94: [green / red / <play football> / nurse / cook],2,multiple-occurrences|multiword-surface,multiword-lexical-review,vocabulary-vs-expression-review,,pending,"Multiword item may be a legitimate lexical unit/proper name, but must be reviewed before Vocabulary identity minting.",no
play sports,play sports,做运动;进行体育运动;进行体育活动,3年级下,1,3年级下@r27: [blackboard / after school / <play sports> / draw pictures / play chess],2,multiword-surface,multiword-lexical-review,vocabulary-vs-expression-review,,pending,"Multiword item may be a legitimate lexical unit/proper name, but must be reviewed before Vocabulary identity minting.",no
play the violin,play the violin,拉小提琴;弹小提琴;演奏小提琴,4年级下,1,4年级下@r67: [catch / go for a picnic / <play the violin> / go skating / go camping],3,multiword-surface,multiword-lexical-review,vocabulary-vs-expression-review,,pending,"Multiword item may be a legitimate lexical unit/proper name, but must be reviewed before Vocabulary identity minting.",no
play with,play with,na. 玩弄(火等);以...自娱,3年级下,1,3年级下@r68: [watching TV / feeding the fish / <play with> / in one hour / everyone],2,multiword-surface,multiword-lexical-review,vocabulary-vs-expression-review,,pending,"Multiword item may be a legitimate lexical unit/proper name, but must be reviewed before Vocabulary identity minting.",no
play with fire,play with fire,na. 轻举妄动,4年级上,1,4年级上@r83: [climb on the window ledge / dangerous / <play with fire> / Be careful! / run down the stairs],3,multiword-surface,multiword-lexical-review,vocabulary-vs-expression-review,,pending,"Multiword item may be a legitimate lexical unit/proper name, but must be reviewed before Vocabulary identity minting.",no
played chess,played chess,无,5年级下,1,5年级下@r66: [stayed at home / played the piano / <played chess> / washed clothes / boring],2,missing-or-empty-gloss|multiword-surface|inflected-event-chunk,expression-or-chunk-review,expression-routing-review,,pending,Past/participle-led multiword chunk is not presumed to be a Vocabulary identity.,no
played computer games,played computer games,无,5年级下,1,5年级下@r63: [listened to music / rowed a boat / <played computer games> / stayed at home / played the piano],3,missing-or-empty-gloss|multiword-surface|inflected-event-chunk,expression-or-chunk-review,expression-routing-review,,pending,Past/participle-led multiword chunk is not presumed to be a Vocabulary identity.,no
played the piano,played the piano,无,5年级下,1,5年级下@r65: [played computer games / stayed at home / <played the piano> / played chess / washed clothes],3,missing-or-empty-gloss|multiword-surface|inflected-event-chunk,expression-or-chunk-review,expression-routing-review,,pending,Past/participle-led multiword chunk is not presumed to be a Vocabulary identity.,no
police officer,police officer,n. 警官;警察;警务人员,4年级上,1,4年级上@r99: [doctor / bus driver / <police officer> / taxi driver / farmer],2,multiword-surface,multiword-lexical-review,vocabulary-vs-expression-review,,pending,"Multiword item may be a legitimate lexical unit/proper name, but must be reviewed before Vocabulary identity minting.",no
post office,post office,n. 邮局;邮政部门;邮政系统;邮差敲门游戏(儿童用假托的信件换取亲吻),4年级下,1,4年级下@r6: [between / restaurant / <post office> / bank / grocery],2,multiword-surface,multiword-lexical-review,vocabulary-vs-expression-review,,pending,"Multiword item may be a legitimate lexical unit/proper name, but must be reviewed before Vocabulary identity minting.",no
present,present,n. 现在;礼物;瞄准 adj. 现在的;出席的 vt. 提出;介绍;呈现;赠送 vi. 举枪瞄准,2年级上,1,2年级上@r48: [Christmas tree / card / <present> / New Year / merry],1,multi-pos-gloss,single-token-lexical-review,vocabulary-identity-review,,pending,Single-token lexical candidate; target sense still requires source-context review.,no
pretty,pretty,n. 有吸引力的事物(尤指饰品);漂亮的人 adj. 漂亮的;可爱的;优美的 adv. 相当地;颇,2年级上|4年级下,2,2年级上@r24: [big / tall / <pretty> / thin / short] || 4年级下@r88: [cute / country / <pretty>],1,multiple-occurrences|multi-pos-gloss,single-token-lexical-review,vocabulary-identity-review,,pending,Single-token lexical candidate; target sense still requires source-context review.,no
prize,prize,n. 奖品;奖赏;战利品 adj. 获奖的 vt. 珍视;捕获;估价,6年级上,1,6年级上@r102: [broken / pity / <prize> / look forward to],1,multi-pos-gloss,single-token-lexical-review,vocabulary-identity-review,,pending,Single-token lexical candidate; target sense still requires source-context review.,no
public library,public library,na. 公立[公共]图书馆,6年级下,1,6年级下@r13: [Queen's Park / art gallery / <public library> / downtown / Lake Ontario],2,multiword-surface,multiword-lexical-review,vocabulary-vs-expression-review,,pending,"Multiword item may be a legitimate lexical unit/proper name, but must be reviewed before Vocabulary identity minting.",no
queen's park,Queen's Park,皇后公园;女王公园;女王公园酒店,6年级下,1,6年级下@r11: [wardrobe / show ... around / <Queen's Park> / art gallery / public library],2,multiword-surface,multiword-lexical-review,vocabulary-vs-expression-review,,pending,"Multiword item may be a legitimate lexical unit/proper name, but must be reviewed before Vocabulary identity minting.",no
read books,read books,读书;看书;阅读,3年级下,1,3年级下@r32: [dance / sing songs / <read books> / really / tomorrow],2,multiword-surface,multiword-lexical-review,vocabulary-vs-expression-review,,pending,"Multiword item may be a legitimate lexical unit/proper name, but must be reviewed before Vocabulary identity minting.",no
reading,reading,"n. 阅读,朗读;读物;读数 v. 阅读(read的ing形式) adj. 阅读的",4年级下,1,4年级下@r55: [summer vacation / travel / <reading> / skateboarding / singing],1,multi-pos-gloss,single-token-lexical-review,vocabulary-identity-review,,pending,Single-token lexical candidate; target sense still requires source-context review.,no
reptile,reptile,n. 爬行动物;卑鄙的人 adj. 爬虫类的;卑鄙的,6年级上,1,6年级上@r41: [sunrise / president / <reptile> / bird / fish],1,multi-pos-gloss,single-token-lexical-review,vocabulary-identity-review,,pending,Single-token lexical candidate; target sense still requires source-context review.,no
ride a bike,ride a bike,骑自行车;骑车;骑单车,2年级下|3年级下,2,2年级下@r4: [play football / fly a kite / <ride a bike> / make a model plane / swim] || 3年级下@r39: [play football / fly a kite / <ride a bike> / swim / make a model plane],3,multiple-occurrences|multiword-surface,multiword-lexical-review,vocabulary-vs-expression-review,,pending,"Multiword item may be a legitimate lexical unit/proper name, but must be reviewed before Vocabulary identity minting.",no
roast turkey,roast turkey,n. 【食】烤火鸡,6年级下,1,6年级下@r33: [countryside / Thanksgiving / <roast turkey> / squirrel / swan],2,multiword-surface,multiword-lexical-review,vocabulary-vs-expression-review,,pending,"Multiword item may be a legitimate lexical unit/proper name, but must be reviewed before Vocabulary identity minting.",no
roller skating,roller skating,un. 滑旱冰,4年级上,1,4年级上@r4: [running / basketball / <roller skating> / jumping rope / ping-pong],2,multiword-surface,multiword-lexical-review,vocabulary-vs-expression-review,,pending,"Multiword item may be a legitimate lexical unit/proper name, but must be reviewed before Vocabulary identity minting.",no
row a boat,row a boat,划船;摇船;划船最好用,4年级下,1,4年级下@r50: [visit the Mogao Caves / West Lake / <row a boat> / the Great Wall / take photos],3,multiword-surface,multiword-lexical-review,vocabulary-vs-expression-review,,pending,"Multiword item may be a legitimate lexical unit/proper name, but must be reviewed before Vocabulary identity minting.",no
rowed a boat,rowed a boat,无,5年级下,1,5年级下@r62: [jumped rope / listened to music / <rowed a boat> / played computer games / stayed at home],3,missing-or-empty-gloss|multiword-surface,multiword-lexical-review,vocabulary-vs-expression-review,,pending,"Multiword item may be a legitimate lexical unit/proper name, but must be reviewed before Vocabulary identity minting.",no
run down the stairs,run down the stairs,无,4年级上,1,4年级上@r85: [play with fire / Be careful! / <run down the stairs> / sidewalk / wait for],4,missing-or-empty-gloss|multiword-surface,multiword-lexical-review,vocabulary-vs-expression-review,,pending,"Multiword item may be a legitimate lexical unit/proper name, but must be reviewed before Vocabulary identity minting.",no
running,running,n. 运转;赛跑;流出 v. 跑;运转(run的ing形式);行驶 adj. 连续的;流动的;跑着的;运转着的,4年级上,1,4年级上@r2: [<running> / basketball / roller skating],1,multi-pos-gloss,single-token-lexical-review,vocabulary-identity-review,,pending,Single-token lexical candidate; target sense still requires source-context review.,no
safety rule,safety rule,安全规程,4年级上,1,4年级上@r91: [stop / street / <safety rule> / green / red],2,multiword-surface,multiword-lexical-review,vocabulary-vs-expression-review,,pending,"Multiword item may be a legitimate lexical unit/proper name, but must be reviewed before Vocabulary identity minting.",no
sandwich,sandwich,n. 三明治;夹心面包 vt. 夹入;挤进;把...做成三明治,6年级下,1,6年级下@r18: [stadium / volunteer / <sandwich> / top / habit],1,multi-pos-gloss,single-token-lexical-review,vocabulary-identity-review,,pending,Single-token lexical candidate; target sense still requires source-context review.,no
saw flowers,saw flowers,无,5年级下,1,5年级下@r78: [bought some gifts / took photos / <saw flowers> / slept / delicious],2,missing-or-empty-gloss|multiword-surface,multiword-lexical-review,vocabulary-vs-expression-review,,pending,"Multiword item may be a legitimate lexical unit/proper name, but must be reviewed before Vocabulary identity minting.",no
scarf,scarf,"n. 围巾;嵌接,嵌接处;头巾领巾 vt. 披嵌接;用围巾围",6年级下,1,6年级下@r4: [live / quite / <scarf> / airport / pupil],1,multi-pos-gloss,single-token-lexical-review,vocabulary-identity-review,,pending,Single-token lexical candidate; target sense still requires source-context review.,no
see a film,see a film,看电影;去看电影;去电影院看电影,4年级下,1,4年级下@r32: [square / buy toys / <see a film> / go boating / busy],3,multiword-surface,multiword-lexical-review,vocabulary-vs-expression-review,,pending,"Multiword item may be a legitimate lexical unit/proper name, but must be reviewed before Vocabulary identity minting.",no
send,send,"n. 上升运动 vi. 派人;寄信 vt. 发送,寄;派遣;使进入;发射",4年级下,1,4年级下@r14: [crossroads / neighbourhood / <send> / get / money],1,multi-pos-gloss,single-token-lexical-review,vocabulary-identity-review,,pending,Single-token lexical candidate; target sense still requires source-context review.,no
send a short message,send a short message,无,5年级下,1,5年级下@r48: [write a letter / make a phone call / <send a short message> / mail a present / make a video call],4,missing-or-empty-gloss|multiword-surface,multiword-lexical-review,vocabulary-vs-expression-review,,pending,"Multiword item may be a legitimate lexical unit/proper name, but must be reviewed before Vocabulary identity minting.",no
send an email,send an email,无,5年级下,1,5年级下@r45: [together / special / <send an email> / write a letter / make a phone call],3,missing-or-empty-gloss|multiword-surface,multiword-lexical-review,vocabulary-vs-expression-review,,pending,"Multiword item may be a legitimate lexical unit/proper name, but must be reviewed before Vocabulary identity minting.",no
shark,shark,n. 鲨鱼;骗子 vt. 敲诈 vi. 诈骗,6年级上,1,6年级上@r47: [insect / penguin / <shark> / whale / kind],1,multi-pos-gloss,single-token-lexical-review,vocabulary-identity-review,,pending,Single-token lexical candidate; target sense still requires source-context review.,no
shopping centre,shopping centre,"n. 购物中心(集中一批商店,有时在同一建筑物内)",6年级下,1,6年级下@r39: [frog / English-Chinese dictionary / <shopping centre> / shopping mall / amazing],2,multiword-surface,multiword-lexical-review,vocabulary-vs-expression-review,,pending,Known -ing-headed lexical compound; keep it in Vocabulary phrase identity review rather than treating it as an event chunk.,no
shopping list,shopping list,n. 购物单;采购单,3年级上,1,3年级上@r44: [meat / for / <shopping list> / cola / buy],2,multiword-surface,multiword-lexical-review,vocabulary-vs-expression-review,,pending,Known -ing-headed lexical compound; keep it in Vocabulary phrase identity review rather than treating it as an event chunk.,no
shopping mall,shopping mall,un. 商业区林荫路,6年级下,1,6年级下@r40: [English-Chinese dictionary / shopping centre / <shopping mall> / amazing / hot pot],2,multiword-surface,multiword-lexical-review,vocabulary-vs-expression-review,,pending,Known -ing-headed lexical compound; keep it in Vocabulary phrase identity review rather than treating it as an event chunk.,no
show ... around,show ... around,v. 带...参观,6年级下,1,6年级下@r10: [meet / wardrobe / <show ... around> / Queen's Park / art gallery],3,multiword-surface,multiword-lexical-review,vocabulary-vs-expression-review,,pending,"Multiword item may be a legitimate lexical unit/proper name, but must be reviewed before Vocabulary identity minting.",no
sick,sick,adj. 厌恶的;病态的;不舒服;渴望的;恶心的 ;生病的 n. 病人 vt. 使狗去咬;呕吐;追击,4年级上,1,4年级上@r106: [great / job / <sick> / people / teach],1,multi-pos-gloss,single-token-lexical-review,vocabulary-identity-review,,pending,Single-token lexical candidate; target sense still requires source-context review.,no
silk,silk,n. 丝绸;蚕丝;丝织物 adj. 丝的;丝绸的;丝制的 vi. (玉米)处于长须的阶段中,6年级上,1,6年级上@r21: [foggy / spicy / <silk> / forest / stone],1,multi-pos-gloss,single-token-lexical-review,vocabulary-identity-review,,pending,Single-token lexical candidate; target sense still requires source-context review.,no
sing songs,sing songs,n. 歌咏,3年级下,1,3年级下@r31: [play chess / dance / <sing songs> / read books / really],2,multiword-surface,multiword-lexical-review,vocabulary-vs-expression-review,,pending,"Multiword item may be a legitimate lexical unit/proper name, but must be reviewed before Vocabulary identity minting.",no
singing,singing,n. 歌唱;歌声;耳鸣;振鸣 v. 唱歌(sing的ing形式) adj. 唱歌的;音乐般的,4年级下,1,4年级下@r57: [reading / skateboarding / <singing> / dancing / doing jigsaw puzzles],1,multi-pos-gloss,single-token-lexical-review,vocabulary-identity-review,,pending,Single-token lexical candidate; target sense still requires source-context review.,no
six,six,"num. 六,六个 n. 六,六个",1年级上,1,1年级上@r31: [four / five / <six> / seven / eight],1,multi-pos-gloss,single-token-lexical-review,vocabulary-identity-review,,pending,Single-token lexical candidate; target sense still requires source-context review.,no
slim,slim,adj. 苗条的;修长的;微小的;差的 vt. 使...体重减轻;使...苗条 vi. 减轻体重;变细,5年级上,1,5年级上@r20: [with / wear glasses / <slim> / curly / straight],1,multi-pos-gloss,single-token-lexical-review,vocabulary-identity-review,,pending,Single-token lexical candidate; target sense still requires source-context review.,no
so,so,"conj. 所以;因此 adv. 如此,这么;确是如此 pron. 这样",4年级上,1,4年级上@r34: [poor / hope / <so> / Saturday / near],1,multi-pos-gloss,single-token-lexical-review,vocabulary-identity-review,,pending,Single-token lexical candidate; target sense still requires source-context review.,no
south,south,"n. 南方,南边;南部 adj. 南的,南方的 adv. 在南方,向南方",6年级上,1,6年级上@r12: [map / north / <south> / east / west],1,multi-pos-gloss,single-token-lexical-review,vocabulary-identity-review,,pending,Single-token lexical candidate; target sense still requires source-context review.,no
special,special,"n. 特使,特派人员;特刊;特色菜;专车;特价商品 adj. 特别的;专门的,专用的",5年级下|6年级下,2,5年级下@r44: [office / together / <special> / send an email / write a letter] || 6年级下@r27: [hockey / together / <special> / beaver / raccoon],1,multiple-occurrences|multi-pos-gloss,single-token-lexical-review,vocabulary-identity-review,,pending,Single-token lexical candidate; target sense still requires source-context review.,no
spend,spend,"n. 预算 vt. 度过,消磨(时光);花费;浪费;用尽 vi. 花钱;用尽,耗尽",6年级上,1,6年级上@r51: [kind / metre / <spend> / trunk / peanut],1,multi-pos-gloss,single-token-lexical-review,vocabulary-identity-review,,pending,Single-token lexical candidate; target sense still requires source-context review.,no
sports centre,sports centre,"体育运动中心, 运动场",4年级下,1,4年级下@r28: [city / street / <sports centre> / hotel / square],2,multiword-surface,multiword-lexical-review,vocabulary-vs-expression-review,,pending,"Multiword item may be a legitimate lexical unit/proper name, but must be reviewed before Vocabulary identity minting.",no
squirrel,squirrel,n. 松鼠;松鼠毛皮 vt. 贮藏,6年级下,1,6年级下@r34: [Thanksgiving / roast turkey / <squirrel> / swan / wild goose],1,multi-pos-gloss,single-token-lexical-review,vocabulary-identity-review,,pending,Single-token lexical candidate; target sense still requires source-context review.,no
started to buy things,started to buy things,无,5年级下,1,5年级下@r95: [fifteenth / 15th / <started to buy things> / started to study English / started to use a computer],4,missing-or-empty-gloss|multiword-surface|inflected-event-chunk,expression-or-chunk-review,expression-routing-review,,pending,Past/participle-led multiword chunk is not presumed to be a Vocabulary identity.,no
started to speak,started to speak,无,5年级下,1,5年级下@r87: [were / was born / <started to speak> / learned to walk / learned to ride a bike],3,missing-or-empty-gloss|multiword-surface|inflected-event-chunk,expression-or-chunk-review,expression-routing-review,,pending,Past/participle-led multiword chunk is not presumed to be a Vocabulary identity.,no
started to study english,started to study English,无,5年级下,1,5年级下@r96: [15th / started to buy things / <started to study English> / started to use a computer / all over],4,missing-or-empty-gloss|multiword-surface|inflected-event-chunk,expression-or-chunk-review,expression-routing-review,,pending,Past/participle-led multiword chunk is not presumed to be a Vocabulary identity.,no
started to use a computer,started to use a computer,无,5年级下,1,5年级下@r97: [started to buy things / started to study English / <started to use a computer> / all over / out of],5,missing-or-empty-gloss|multiword-surface|inflected-event-chunk,expression-or-chunk-review,expression-routing-review,,pending,Past/participle-led multiword chunk is not presumed to be a Vocabulary identity.,no
stayed at home,stayed at home,无,5年级下,1,5年级下@r64: [rowed a boat / played computer games / <stayed at home> / played the piano / played chess],3,missing-or-empty-gloss|multiword-surface,multiword-lexical-review,vocabulary-vs-expression-review,,pending,"Multiword item may be a legitimate lexical unit/proper name, but must be reviewed before Vocabulary identity minting.",no
step,step,"n. 步,脚步;步骤;步伐;梯级 vt. 走,迈步 vi. 踏,踩;走",4年级上,1,4年级上@r26: [fun / always / <step> / paint / evening],1,multi-pos-gloss,single-token-lexical-review,vocabulary-identity-review,,pending,Single-token lexical candidate; target sense still requires source-context review.,no
stone,stone,"n. 石头;结石;[宝] 宝石 adj. 石的,石制的 vt. 向扔石块;用石头铺",6年级上,1,6年级上@r23: [silk / forest / <stone> / London / Toronto],1,multi-pos-gloss,single-token-lexical-review,vocabulary-identity-review,,pending,Single-token lexical candidate; target sense still requires source-context review.,no
straight,straight,"n. 直;直线;直男,直女,异性恋者 adj. 直的;连续的;笔直的;正直的;整齐的;异性恋的 adv. 直接地;不断地;立即;坦率地",5年级上,1,5年级上@r22: [slim / curly / <straight> / nice / young],1,multi-pos-gloss,single-token-lexical-review,vocabulary-identity-review,,pending,Single-token lexical candidate; target sense still requires source-context review.,no
summary,summary,"n. 概要,摘要,总结 adj. 简易的;扼要的",3年级上,1,3年级上@r30: [morning / afternoon / <summary> / face / eye],1,multi-pos-gloss,single-token-lexical-review,vocabulary-identity-review,,pending,Single-token lexical candidate; target sense still requires source-context review.,no
summer vacation,summer vacation,n. 暑假,4年级下,1,4年级下@r53: [the Great Wall / take photos / <summer vacation> / travel / reading],2,multiword-surface,multiword-lexical-review,vocabulary-vs-expression-review,,pending,"Multiword item may be a legitimate lexical unit/proper name, but must be reviewed before Vocabulary identity minting.",no
swan,swan,"n. 天鹅;天鹅星座 vi. 游荡,闲荡",6年级下,1,6年级下@r35: [roast turkey / squirrel / <swan> / wild goose / frog],1,multi-pos-gloss,single-token-lexical-review,vocabulary-identity-review,,pending,Single-token lexical candidate; target sense still requires source-context review.,no
sweep the floor,sweep the floor,扫地;清扫地板;打扫地板,5年级上,1,5年级上@r66: [wash clothes / tidy the desk / <sweep the floor> / call],3,multiword-surface,multiword-lexical-review,vocabulary-vs-expression-review,,pending,"Multiword item may be a legitimate lexical unit/proper name, but must be reviewed before Vocabulary identity minting.",no
t-shirt,T-shirt,n. 短袖圆领汗衫,1年级下|3年级上,2,1年级下@r41: [thanks / shirt / <T-shirt> / skirt / dress] || 3年级上@r84: [soon / look forward to / <T-shirt> / shorts / socks],1,multiple-occurrences,single-token-lexical-review,vocabulary-identity-review,,pending,Single-token lexical candidate; target sense still requires source-context review.,no
tail,tail,n. 尾巴;踪迹;辫子;燕尾服 adj. 从后面而来的;尾部的 vt. 尾随;装上尾巴 vi. 跟踪;变少或缩小,3年级上,1,3年级上@r62: [long / look for / <tail> / dance / cat],1,multi-pos-gloss,single-token-lexical-review,vocabulary-identity-review,,pending,Single-token lexical candidate; target sense still requires source-context review.,no
take out the rubbish,take out the rubbish,无,5年级上,1,5年级上@r63: [clean the room / make the bed / <take out the rubbish> / wash clothes / tidy the desk],4,missing-or-empty-gloss|multiword-surface,multiword-lexical-review,vocabulary-vs-expression-review,,pending,"Multiword item may be a legitimate lexical unit/proper name, but must be reviewed before Vocabulary identity minting.",no
take photos,take photos,照相;拍照;拍照片,4年级下,2,4年级下@r42: [king / central / <take photos> / museum / dream] || 4年级下@r52: [row a boat / the Great Wall / <take photos> / summer vacation / travel],2,multiple-occurrences|multiword-surface,multiword-lexical-review,vocabulary-vs-expression-review,,pending,"Multiword item may be a legitimate lexical unit/proper name, but must be reviewed before Vocabulary identity minting.",no
talk about,talk about,na. 讲(某事),6年级下,1,6年级下@r24: [less / at least / <talk about> / hockey / together],2,multiword-surface,multiword-lexical-review,vocabulary-vs-expression-review,,pending,"Multiword item may be a legitimate lexical unit/proper name, but must be reviewed before Vocabulary identity minting.",no
taste,taste,n. 味道;品味;审美 vt. 尝;体验 vi. 尝起来;有...的味道,6年级上,1,6年级上@r9: [the Terracotta Army / vacation / <taste> / map / north],1,multi-pos-gloss,single-token-lexical-review,vocabulary-identity-review,,pending,Single-token lexical candidate; target sense still requires source-context review.,no
taxi driver,taxi driver,n. 计程车司机,4年级上,1,4年级上@r100: [bus driver / police officer / <taxi driver> / farmer / worker],2,multiword-surface,multiword-lexical-review,vocabulary-vs-expression-review,,pending,"Multiword item may be a legitimate lexical unit/proper name, but must be reviewed before Vocabulary identity minting.",no
teachers' day,Teachers' Day,n. 教师节,5年级下,1,5年级下@r26: [Children's Day / Father's Day / <Teachers' Day> / National Day / Christmas Day],2,multiword-surface,multiword-lexical-review,vocabulary-vs-expression-review,,pending,"Multiword item may be a legitimate lexical unit/proper name, but must be reviewed before Vocabulary identity minting.",no
test,test,n. 试验;检验 vt. 试验;测试 vi. 试验;测试,6年级上,1,6年级上@r72: [cry / because / <test> / competition / hurt],1,multi-pos-gloss,single-token-lexical-review,vocabulary-identity-review,,pending,Single-token lexical candidate; target sense still requires source-context review.,no
the british museum,the British Museum,大英博物馆;伦敦大英博物馆;不列颠博物馆,6年级上,1,6年级上@r28: [Sydney / Washington D.C. / <the British Museum> / the CN Tower / kangaroo],3,multiword-surface|function-or-construction-phrase,multiword-routing-review,vocabulary-vs-expression-review,,pending,Function/construction-led phrase may be a lexical phrase or an Expression; route explicitly.,no
the cn tower,the CN Tower,无,6年级上,1,6年级上@r29: [Washington D.C. / the British Museum / <the CN Tower> / kangaroo / the Opera House],3,missing-or-empty-gloss|multiword-surface|function-or-construction-phrase,multiword-routing-review,vocabulary-vs-expression-review,,pending,Function/construction-led phrase may be a lexical phrase or an Expression; route explicitly.,no
the great wall,the Great Wall,长城;万里长城;中国万里长城,4年级下,1,4年级下@r51: [West Lake / row a boat / <the Great Wall> / take photos / summer vacation],3,multiword-surface|function-or-construction-phrase,multiword-routing-review,vocabulary-vs-expression-review,,pending,Function/construction-led phrase may be a lexical phrase or an Expression; route explicitly.,no
the london eye,the London Eye,伦敦眼;英航伦敦眼;英国伦敦眼,6年级上,1,6年级上@r37: [French / Tower Bridge / <the London Eye> / hiking / sunrise],3,multiword-surface|function-or-construction-phrase,multiword-routing-review,vocabulary-vs-expression-review,,pending,Function/construction-led phrase may be a lexical phrase or an Expression; route explicitly.,no
the matter,the matter,"有问题,有毛病",3年级上,1,3年级上@r21: [foot / feet / <the matter> / hurt / help],2,multiword-surface|function-or-construction-phrase,multiword-routing-review,vocabulary-vs-expression-review,,pending,Function/construction-led phrase may be a lexical phrase or an Expression; route explicitly.,no
the opera house,the Opera House,悉尼歌剧院;剧院及电影院;大剧院,6年级上,1,6年级上@r31: [the CN Tower / kangaroo / <the Opera House> / the White House / clock],3,multiword-surface|function-or-construction-phrase,multiword-routing-review,vocabulary-vs-expression-review,,pending,Function/construction-led phrase may be a lexical phrase or an Expression; route explicitly.,no
the potala palace,the Potala Palace,布达拉宫;中国西藏布达拉宫,6年级上,1,6年级上@r5: [soup / garden / <the Potala Palace> / the Summer Palace / the Terracotta Army],3,multiword-surface|function-or-construction-phrase,multiword-routing-review,vocabulary-vs-expression-review,,pending,Function/construction-led phrase may be a lexical phrase or an Expression; route explicitly.,no
the stone forest,the Stone Forest,无,5年级下,1,5年级下@r75: [swam / ate ice-cream / <the Stone Forest> / bought some gifts / took photos],3,missing-or-empty-gloss|multiword-surface|function-or-construction-phrase,multiword-routing-review,vocabulary-vs-expression-review,,pending,Function/construction-led phrase may be a lexical phrase or an Expression; route explicitly.,no
the summer palace,the Summer Palace,颐和园;颐和圆;之颐和园,6年级上,1,6年级上@r6: [garden / the Potala Palace / <the Summer Palace> / the Terracotta Army / vacation],3,multiword-surface|function-or-construction-phrase,multiword-routing-review,vocabulary-vs-expression-review,,pending,Function/construction-led phrase may be a lexical phrase or an Expression; route explicitly.,no
the terracotta army,the Terracotta Army,无,6年级上,1,6年级上@r7: [the Potala Palace / the Summer Palace / <the Terracotta Army> / vacation / taste],3,missing-or-empty-gloss|multiword-surface|function-or-construction-phrase,multiword-routing-review,vocabulary-vs-expression-review,,pending,Function/construction-led phrase may be a lexical phrase or an Expression; route explicitly.,no
the uk,the UK,(等于the United Kingdom)英国,4年级下,1,4年级下@r78: [Canada / Australia / <the UK> / the USA / China],2,multiword-surface|function-or-construction-phrase,multiword-routing-review,vocabulary-vs-expression-review,,pending,Function/construction-led phrase may be a lexical phrase or an Expression; route explicitly.,no
the usa,the USA,美国;美利坚合众国;现在我们有美国的大哥,4年级下,1,4年级下@r79: [Australia / the UK / <the USA> / China / koala],2,multiword-surface|function-or-construction-phrase,multiword-routing-review,vocabulary-vs-expression-review,,pending,Function/construction-led phrase may be a lexical phrase or an Expression; route explicitly.,no
the white house,the White House,na. 白宫,6年级上,1,6年级上@r32: [kangaroo / the Opera House / <the White House> / clock / speak],3,multiword-surface|function-or-construction-phrase,multiword-routing-review,vocabulary-vs-expression-review,,pending,Function/construction-led phrase may be a lexical phrase or an Expression; route explicitly.,no
the yangtze river,the Yangtze River,na. 长江,6年级上,1,6年级上@r18: [temple / around / <the Yangtze River> / foggy / spicy],3,multiword-surface|function-or-construction-phrase,multiword-routing-review,vocabulary-vs-expression-review,,pending,Function/construction-led phrase may be a lexical phrase or an Expression; route explicitly.,no
thirteen,thirteen,n. 十三;十三岁;十三个 num. 十三 adj. 十三的;十三个的,2年级下,1,2年级下@r34: [forty / fifty / <thirteen> / fourteen / fifteen],1,multi-pos-gloss,single-token-lexical-review,vocabulary-identity-review,,pending,Single-token lexical candidate; target sense still requires source-context review.,no
three times a week,three times a week,一周三次;每周三次;一星期三次,4年级下,1,4年级下@r75: [once a week / twice a week / <three times a week> / Canada / Australia],4,multiword-surface,multiword-lexical-review,vocabulary-vs-expression-review,,pending,"Multiword item may be a legitimate lexical unit/proper name, but must be reviewed before Vocabulary identity minting.",no
tidy the desk,tidy the desk,无,5年级上,1,5年级上@r65: [take out the rubbish / wash clothes / <tidy the desk> / sweep the floor / call],3,missing-or-empty-gloss|multiword-surface,multiword-lexical-review,vocabulary-vs-expression-review,,pending,"Multiword item may be a legitimate lexical unit/proper name, but must be reviewed before Vocabulary identity minting.",no
too much,too much,na. 太过份,5年级下,1,5年级下@r2: [<too much> / candy / go to bed],2,multiword-surface,multiword-lexical-review,vocabulary-vs-expression-review,,pending,"Multiword item may be a legitimate lexical unit/proper name, but must be reviewed before Vocabulary identity minting.",no
took photos,took photos,无,5年级下,1,5年级下@r77: [the Stone Forest / bought some gifts / <took photos> / saw flowers / slept],2,missing-or-empty-gloss|multiword-surface|inflected-event-chunk,expression-or-chunk-review,expression-routing-review,,pending,Past/participle-led multiword chunk is not presumed to be a Vocabulary identity.,no
top,top,"n. 顶部,顶端;上部;首席;陀螺 adj. 最高的,顶上的;头等的 vt. 超越,超过;给...加盖;达到...的顶端 vi. 高出,超越;结束;达到顶点",6年级下,1,6年级下@r19: [volunteer / sandwich / <top> / habit / idea],1,multi-pos-gloss,single-token-lexical-review,vocabulary-identity-review,,pending,Single-token lexical candidate; target sense still requires source-context review.,no
tower bridge,Tower Bridge,n. 【旅】塔桥;【旅】伦敦塔桥,6年级上,1,6年级上@r36: [speak / French / <Tower Bridge> / the London Eye / hiking],2,multiword-surface,multiword-lexical-review,vocabulary-vs-expression-review,,pending,"Multiword item may be a legitimate lexical unit/proper name, but must be reviewed before Vocabulary identity minting.",no
tree planting day,Tree Planting Day,无,5年级下,1,5年级下@r22: [more / New Year's Day / <Tree Planting Day> / Mother's Day / Children's Day],3,missing-or-empty-gloss|multiword-surface,multiword-lexical-review,vocabulary-vs-expression-review,,pending,"Multiword item may be a legitimate lexical unit/proper name, but must be reviewed before Vocabulary identity minting.",no
trunk,trunk,n. 树干;躯干;象鼻;汽车车尾的行李箱 adj. 干线的;躯干的;箱子的 vt. 把...放入旅行箱内,6年级上,1,6年级上@r52: [metre / spend / <trunk> / peanut / fan],1,multi-pos-gloss,single-token-lexical-review,vocabulary-identity-review,,pending,Single-token lexical candidate; target sense still requires source-context review.,no
turn left,turn left,un. 向左转,4年级下,1,4年级下@r9: [bank / grocery / <turn left> / turn right / go straight],2,multiword-surface,multiword-lexical-review,vocabulary-vs-expression-review,,pending,"Multiword item may be a legitimate lexical unit/proper name, but must be reviewed before Vocabulary identity minting.",no
turn right,turn right,na. 转往右面,4年级下,1,4年级下@r10: [grocery / turn left / <turn right> / go straight / crossroads],2,multiword-surface,multiword-lexical-review,vocabulary-vs-expression-review,,pending,"Multiword item may be a legitimate lexical unit/proper name, but must be reviewed before Vocabulary identity minting.",no
tusk,tusk,"n. 长牙;尖头,尖形物 vt. 以牙刺戳;以长牙掘",6年级上,1,6年级上@r55: [peanut / fan / <tusk> / Africa / Asia],1,multi-pos-gloss,single-token-lexical-review,vocabulary-identity-review,,pending,Single-token lexical candidate; target sense still requires source-context review.,no
twice a week,twice a week,一周两次;每周两次;一星期两次,4年级下,1,4年级下@r74: [never / once a week / <twice a week> / three times a week / Canada],3,multiword-surface,multiword-lexical-review,vocabulary-vs-expression-review,,pending,"Multiword item may be a legitimate lexical unit/proper name, but must be reviewed before Vocabulary identity minting.",no
visit one's grandparents,visit one's grandparents,无,4年级上,1,4年级上@r16: [father / get up / <visit one's grandparents> / go to a drawing club / climb a hill],3,missing-or-empty-gloss|multiword-surface,multiword-lexical-review,vocabulary-vs-expression-review,,pending,"Multiword item may be a legitimate lexical unit/proper name, but must be reviewed before Vocabulary identity minting.",no
visit the mogao caves,visit the Mogao Caves,无,4年级下,1,4年级下@r48: [ski / eat seafood / <visit the Mogao Caves> / West Lake / row a boat],4,missing-or-empty-gloss|multiword-surface,multiword-lexical-review,vocabulary-vs-expression-review,,pending,"Multiword item may be a legitimate lexical unit/proper name, but must be reviewed before Vocabulary identity minting.",no
visited grandparents,visited grandparents,无,5年级下,1,5年级下@r58: [watched TV / climbed a hill / <visited grandparents> / danced / jumped rope],2,missing-or-empty-gloss|multiword-surface|inflected-event-chunk,expression-or-chunk-review,expression-routing-review,,pending,Past/participle-led multiword chunk is not presumed to be a Vocabulary identity.,no
volunteer,volunteer,n. 志愿者;志愿兵 adj. 志愿的 vt. 自愿 vi. 自愿,6年级下,1,6年级下@r17: [Lake Ontario / stadium / <volunteer> / sandwich / top],1,multi-pos-gloss,single-token-lexical-review,vocabulary-identity-review,,pending,Single-token lexical candidate; target sense still requires source-context review.,no
wait for,wait for,na. 等;等待,4年级上,1,4年级上@r87: [run down the stairs / sidewalk / <wait for> / safe / stop],2,multiword-surface,multiword-lexical-review,vocabulary-vs-expression-review,,pending,"Multiword item may be a legitimate lexical unit/proper name, but must be reviewed before Vocabulary identity minting.",no
wake up,wake up,na. 同“wake”;叫醒;醒来;振作起来,3年级下,1,3年级下@r35: [really / tomorrow / <wake up> / be back / play football],2,multiword-surface,multiword-lexical-review,vocabulary-vs-expression-review,,pending,"Multiword item may be a legitimate lexical unit/proper name, but must be reviewed before Vocabulary identity minting.",no
walking the dog,walking the dog,无,3年级下,1,3年级下@r62: [sister / cooking dinner / <walking the dog> / watering the plants / cleaning the room],3,missing-or-empty-gloss|multiword-surface,multiword-lexical-review,vocabulary-vs-expression-review,,pending,"Multiword item may be a legitimate lexical unit/proper name, but must be reviewed before Vocabulary identity minting.",no
was born,was born,出生;出生於;出生于,5年级下,1,5年级下@r86: [French fries / were / <was born> / started to speak / learned to walk],2,multiword-surface|inflected-event-chunk,expression-or-chunk-review,expression-routing-review,,pending,Past/participle-led multiword chunk is not presumed to be a Vocabulary identity.,no
wash clothes,wash clothes,洗衣服;爱洗衣服的小羊;清洗衣物,5年级上,1,5年级上@r64: [make the bed / take out the rubbish / <wash clothes> / tidy the desk / sweep the floor],2,multiword-surface,multiword-lexical-review,vocabulary-vs-expression-review,,pending,"Multiword item may be a legitimate lexical unit/proper name, but must be reviewed before Vocabulary identity minting.",no
washed clothes,washed clothes,无,5年级下,1,5年级下@r67: [played the piano / played chess / <washed clothes> / boring / badminton],2,missing-or-empty-gloss|multiword-surface,multiword-lexical-review,vocabulary-vs-expression-review,,pending,"Multiword item may be a legitimate lexical unit/proper name, but must be reviewed before Vocabulary identity minting.",no
washington d.c.,Washington D.C.,华盛顿;华盛顿哥伦比亚特区;华盛顿特区,6年级上,1,6年级上@r27: [Toronto / Sydney / <Washington D.C.> / the British Museum / the CN Tower],2,multiword-surface,multiword-lexical-review,vocabulary-vs-expression-review,,pending,"Multiword item may be a legitimate lexical unit/proper name, but must be reviewed before Vocabulary identity minting.",no
watched tv,watched TV,无,5年级下,1,5年级下@r56: [flower show / cleaned the window / <watched TV> / climbed a hill / visited grandparents],2,missing-or-empty-gloss|multiword-surface,multiword-lexical-review,vocabulary-vs-expression-review,,pending,"Multiword item may be a legitimate lexical unit/proper name, but must be reviewed before Vocabulary identity minting.",no
watching tv,watching TV,看电视;正在看电视;他在看电视,3年级下,1,3年级下@r66: [cleaning the room / listening to music / <watching TV> / feeding the fish / play with],2,multiword-surface,multiword-lexical-review,vocabulary-vs-expression-review,,pending,"Multiword item may be a legitimate lexical unit/proper name, but must be reviewed before Vocabulary identity minting.",no
water bottle,water bottle,un. 水壶;采水瓶;采水器;采水样器,3年级下,1,3年级下@r50: [beautiful / lost / <water bottle> / know / ok],2,multiword-surface,multiword-lexical-review,vocabulary-vs-expression-review,,pending,"Multiword item may be a legitimate lexical unit/proper name, but must be reviewed before Vocabulary identity minting.",no
watering the plants,watering the plants,无,3年级下,1,3年级下@r63: [cooking dinner / walking the dog / <watering the plants> / cleaning the room / listening to music],3,missing-or-empty-gloss|multiword-surface,multiword-lexical-review,vocabulary-vs-expression-review,,pending,"Multiword item may be a legitimate lexical unit/proper name, but must be reviewed before Vocabulary identity minting.",no
wear glasses,wear glasses,戴眼镜;戴着眼镜;带着眼镜,5年级上,1,5年级上@r19: [forget / with / <wear glasses> / slim / curly],2,multiword-surface,multiword-lexical-review,vocabulary-vs-expression-review,,pending,"Multiword item may be a legitimate lexical unit/proper name, but must be reviewed before Vocabulary identity minting.",no
went to kindergarten,went to kindergarten,无,5年级下,1,5年级下@r90: [learned to walk / learned to ride a bike / <went to kindergarten> / went to school / learned to swim],3,missing-or-empty-gloss|multiword-surface|inflected-event-chunk,expression-or-chunk-review,expression-routing-review,,pending,Past/participle-led multiword chunk is not presumed to be a Vocabulary identity.,no
went to school,went to school,"vbl.到校上课,开始求学",5年级下,1,5年级下@r91: [learned to ride a bike / went to kindergarten / <went to school> / learned to swim / fifteenth],3,multiword-surface|inflected-event-chunk,expression-or-chunk-review,expression-routing-review,,pending,Past/participle-led multiword chunk is not presumed to be a Vocabulary identity.,no
went to the beach,went to the beach,无,5年级下,1,5年级下@r71: [badminton / won / <went to the beach> / drank cold drinks / swam],4,missing-or-empty-gloss|multiword-surface|inflected-event-chunk,expression-or-chunk-review,expression-routing-review,,pending,Past/participle-led multiword chunk is not presumed to be a Vocabulary identity.,no
west lake,West Lake,西湖;杭州西湖;浙江杭州,4年级下,1,4年级下@r49: [eat seafood / visit the Mogao Caves / <West Lake> / row a boat / the Great Wall],2,multiword-surface,multiword-lexical-review,vocabulary-vs-expression-review,,pending,"Multiword item may be a legitimate lexical unit/proper name, but must be reviewed before Vocabulary identity minting.",no
wet,wet,n. 雨天;湿气 adj. [气象][物] 潮湿的;有雨的 vt. 弄湿 vi. 变湿,5年级下,1,5年级下@r102: [into / chopsticks / <wet>],1,multi-pos-gloss,single-token-lexical-review,vocabulary-identity-review,,pending,Single-token lexical candidate; target sense still requires source-context review.,no
whale,whale,n. 鲸;巨大的东西 vt. 猛揍;使惨败 vi. 捕鲸,6年级上,1,6年级上@r48: [penguin / shark / <whale> / kind / metre],1,multi-pos-gloss,single-token-lexical-review,vocabulary-identity-review,,pending,Single-token lexical candidate; target sense still requires source-context review.,no
what about ...?,What about ...?,un. 不;...怎样,4年级上,1,4年级上@r7: [jumping rope / ping-pong / <What about ...?> / interesting / often],3,multiword-surface|sentence-punctuation,expression-or-chunk-review,expression-routing-review,,pending,Punctuated multiword item is expression-like and must not auto-enter Vocabulary.,no
wild goose,wild goose,na. 【鸟】雁,6年级下,1,6年级下@r36: [squirrel / swan / <wild goose> / frog / English-Chinese dictionary],2,multiword-surface,multiword-lexical-review,vocabulary-vs-expression-review,,pending,"Multiword item may be a legitimate lexical unit/proper name, but must be reviewed before Vocabulary identity minting.",no
win,win,n. 赢;胜利 vt. 赢得;在...中获胜;劝诱 vi. 赢;获胜;成功,6年级上,1,6年级上@r67: [happy / ill / <win> / race / find],1,multi-pos-gloss,single-token-lexical-review,vocabulary-identity-review,,pending,Single-token lexical candidate; target sense still requires source-context review.,no
wow,wow,"n. 极大的成功;一鸣惊人之举;魔兽世界(World of Warcraft);失真 int. (表示极大的惊奇或钦佩)哇,呀",2年级下,1,2年级下@r16: [umbrella / weather / <wow> / let's / spring],1,multi-pos-gloss,single-token-lexical-review,vocabulary-identity-review,,pending,Single-token lexical candidate; target sense still requires source-context review.,no
write a letter,write a letter,na. 写信,5年级下,1,5年级下@r46: [special / send an email / <write a letter> / make a phone call / send a short message],3,multiword-surface,multiword-lexical-review,vocabulary-vs-expression-review,,pending,"Multiword item may be a legitimate lexical unit/proper name, but must be reviewed before Vocabulary identity minting.",no
