MatchKey,DisplayForms,Definitions,SourceIDs,SourceBooks,OccurrenceCount,CandidateSignals,CandidateMatchKeys,DecisionAction,DecisionStatus,CanonicalMatchKey,TargetSense
10th,10th,无,renjiao_start1,renjiao_start1:5年级下,1,,,reuse-identity,reviewed,tenth,
12th,12th,无,renjiao_start1,renjiao_start1:5年级下,1,,,reuse-identity,reviewed,twelfth,
15th,15th,无,renjiao_start1,renjiao_start1:5年级下,1,,,reuse-identity,reviewed,fifteenth,
25th,25th,无,renjiao_start1,renjiao_start1:5年级下,1,,,reuse-identity,reviewed,twenty-fifth,
5th,5th,n. 第五(fifth),renjiao_start1,renjiao_start1:5年级下,1,,,reuse-identity,reviewed,fifth,
a,a,n. 字母A;第一流的;学业成绩达最高标准的评价符号 abbr. [物]安(ampere),beijing_start1|renjiao_start1,beijing_start1:2年级上|renjiao_start1:1年级上,2,cross-source-exact|multiple-occurrences,,keep-identity,reviewed,,
a box of crayons,a box of crayons,无,renjiao_start1,renjiao_start1:5年级上,1,multiword,,keep-identity,reviewed,,
a few,a few,na. 几个;〔反语〕很多;〈俚〉一点点,beijing_start1,beijing_start1:6年级下,1,multiword,,keep-identity,reviewed,,
a lot,a lot,n. 许多 adv. 常,renjiao_start1,renjiao_start1:5年级上,1,multiword,,keep-identity,reviewed,,
a lot of,a lot of,det. 许多,renjiao_start1,renjiao_start1:5年级下,1,multiword,,keep-identity,reviewed,,
a pair of scissors,a pair of scissors,一把剪刀;一副剪刀;一双剪刀,renjiao_start1,renjiao_start1:5年级上,1,multiword,,keep-identity,reviewed,,
about,about,prep. 关于;大约 n. 大致;粗枝大叶;不拘小节的人 adj. 在附近的;四处走动的;在起作用的 adv. 大约;周围;到处,beijing_start1,beijing_start1:4年级下,1,,,keep-identity,reviewed,,
across from,across from,na. 在...的正对面,renjiao_start1,renjiao_start1:4年级下,1,multiword,,keep-identity,reviewed,,
active,active,n. 主动语态;积极分子 adj. 积极的;活跃的;主动的;有效的;现役的,renjiao_start1,renjiao_start1:5年级上,1,,,keep-identity,reviewed,,积极的；活跃的
advice,advice,n. 建议;忠告;劝告;通知,renjiao_start1,renjiao_start1:5年级下,1,,,keep-identity,reviewed,,
afraid,afraid,adj. 害怕的;恐怕;担心的,beijing_start1,beijing_start1:3年级下,1,,,keep-identity,reviewed,,
africa,Africa,n. 非洲,renjiao_start1,renjiao_start1:6年级上,1,,,keep-identity,reviewed,,
after,after,"conj. 在......之后 prep. 在......之后 adj. 以后的 adv. 后来,以后",beijing_start1,beijing_start1:2年级上,1,,,keep-identity,reviewed,,
after school,after school,na. 放学后,renjiao_start1,renjiao_start1:3年级下,1,multiword,,keep-identity,reviewed,,
afternoon,afternoon,"n. 午后,下午",beijing_start1|renjiao_start1,beijing_start1:5年级上|renjiao_start1:3年级上,2,cross-source-exact|multiple-occurrences,,keep-identity,reviewed,,
again,again,"adv. 又,此外;再一次;再说;增加 n. (英、保)阿盖恩",beijing_start1,beijing_start1:4年级上,1,,,keep-identity,reviewed,,
age,age,"n. 年龄;时代;寿命,使用年限;阶段 vt. 使成熟;使变老,使上年纪 vi. 成熟;变老",renjiao_start1,renjiao_start1:3年级上,1,,,keep-identity,reviewed,,年龄
ago,ago,"adj. 以前的;过去的 adv. 以前,以往",beijing_start1,beijing_start1:6年级上,1,,,keep-identity,reviewed,,
air,air,"n. 空气,大气;天空;样子;曲调 vt. 使通风,晾干;夸耀 vi. 通风",beijing_start1,beijing_start1:4年级上,1,,,keep-identity,reviewed,,
airport,airport,n. 机场;航空站,renjiao_start1,renjiao_start1:6年级下,1,,,keep-identity,reviewed,,
all,all,n. 全部 adj. 全部的 adv. 全然地;越发 pron. 全部,beijing_start1|renjiao_start1,beijing_start1:6年级下|renjiao_start1:5年级上,2,cross-source-exact|multiple-occurrences,,keep-identity,reviewed,,
all over,all over,adj. 满 n. 全花织物,renjiao_start1,renjiao_start1:5年级下,1,multiword,,held,held,,
also,also,conj. 并且;另外 adv. 也;而且;同样,beijing_start1|renjiao_start1,beijing_start1:6年级下|renjiao_start1:5年级上,2,cross-source-exact|multiple-occurrences,,keep-identity,reviewed,,
always,always,"adv. 永远,一直;总是;常常",renjiao_start1,renjiao_start1:4年级上|renjiao_start1:5年级下,2,multiple-occurrences,,keep-identity,reviewed,,总是；一直
amazing,amazing,adj. 令人惊异的 v. 使吃惊(amaze的ing形式),renjiao_start1,renjiao_start1:6年级下,1,,,keep-identity,reviewed,,
american,American,"n. 美国人,美洲人;美国英语 adj. 美国的,美洲的;地道美国式的",renjiao_start1,renjiao_start1:6年级上,1,,,held,held,,
an,an,art. 一(在元音音素前),beijing_start1|renjiao_start1,beijing_start1:2年级下|renjiao_start1:1年级上,2,cross-source-exact|multiple-occurrences,,keep-identity,reviewed,,
and,and,"conj. 和,与;就;而且;但是;然后",beijing_start1|renjiao_start1,beijing_start1:2年级上|renjiao_start1:1年级下,2,cross-source-exact|multiple-occurrences,,keep-identity,reviewed,,
angry,angry,adj. 生气的;愤怒的;狂暴的;(伤口等)发炎的,beijing_start1|renjiao_start1,beijing_start1:6年级上|renjiao_start1:6年级上,2,cross-source-exact|multiple-occurrences,,keep-identity,reviewed,,
animal,animal,n. 动物 动物的,beijing_start1|renjiao_start1,beijing_start1:6年级上|renjiao_start1:5年级上,2,cross-source-exact|multiple-occurrences,,keep-identity,reviewed,,
answer,answer,n. 回答;答案;答辩 vt. 回答;符合 vi. 回答;符合,beijing_start1,beijing_start1:6年级下,1,,,keep-identity,reviewed,,
any,any,adj. 任何的;所有的;丝毫 pron. 任何;任何一个;若干 adv. 稍微;少许,beijing_start1,beijing_start1:3年级下,1,,,keep-identity,reviewed,,
apple,apple,"n. 苹果,苹果树,苹果似的东西;[美俚]炸弹,手榴弹,(棒球的)球;[美俚]人,家伙。",beijing_start1|renjiao_start1,beijing_start1:1年级下|beijing_start1:3年级下|renjiao_start1:1年级上|renjiao_start1:4年级上,4,cross-source-exact|multiple-occurrences,,keep-identity,reviewed,,
april,April,n. 四月,beijing_start1|renjiao_start1,beijing_start1:3年级上|renjiao_start1:3年级上,2,cross-source-exact|multiple-occurrences,,keep-identity,reviewed,,
are,are,v. 是(be的第二人称单复数现在式) n. 公亩,beijing_start1|renjiao_start1,beijing_start1:2年级上|renjiao_start1:1年级上,2,cross-source-exact|multiple-occurrences,,keep-identity,reviewed,,
arm,arm,n. 手臂;武器;袖子;装备;部门 vt. 武装;备战 vi. 武装起来,beijing_start1|renjiao_start1,beijing_start1:2年级上|renjiao_start1:3年级上,2,cross-source-exact|multiple-occurrences,,keep-identity,reviewed,,
around,around,prep. 四处;在...周围 adv. 大约;到处;在附近,beijing_start1|renjiao_start1,beijing_start1:6年级上|renjiao_start1:6年级上,2,cross-source-exact|multiple-occurrences,,keep-identity,reviewed,,
arrive,arrive,vi. 到达;成功;达成;出生,renjiao_start1,renjiao_start1:6年级下,1,,,keep-identity,reviewed,,
art,art,n. 艺术;美术;艺术品 v. 是(be的变体) adj. 艺术的;艺术品的,beijing_start1|renjiao_start1,beijing_start1:5年级上|renjiao_start1:3年级下,2,cross-source-exact|multiple-occurrences,,keep-identity,reviewed,,
art gallery,art gallery,n. 美术馆;艺术展览馆,renjiao_start1,renjiao_start1:6年级下,1,multiword,,keep-identity,reviewed,,
artist,artist,n. 艺术家;美术家(尤指画家);大师,renjiao_start1,renjiao_start1:6年级上,1,,,keep-identity,reviewed,,
as,as,conj. 因为;随着;虽然;依照;当...时 prep. 如同;当作;以...的身份 adv. 同样地;和...一样的,beijing_start1,beijing_start1:5年级上,1,,,keep-identity,reviewed,,
asia,Asia,n. 亚洲,renjiao_start1,renjiao_start1:6年级上,1,,,keep-identity,reviewed,,
ask,ask,"vt. 问,询问;要求;需要;邀请;讨价 vi. 问,询问;要求",beijing_start1,beijing_start1:5年级上,1,,,keep-identity,reviewed,,
at,at,prep. 在(表示存在或出现的地点、场所、位置、空间);以(某种价格、速度等);向;达;因为;朝;忙于 n. 阿特(老挝货币基本单位att);[化]砹(极不稳定放射性元素) abbr. 密封的(airtight);气温(air temperature),beijing_start1|renjiao_start1,beijing_start1:2年级上|renjiao_start1:2年级下,2,cross-source-exact|multiple-occurrences,,keep-identity,reviewed,,
at least,at least,na. 至少,renjiao_start1,renjiao_start1:6年级下,1,multiword,,keep-identity,reviewed,,
ate ice-cream,ate ice-cream,无,renjiao_start1,renjiao_start1:5年级下,1,multiword,,source-only,reviewed,,
august,August,n. 八月(简写为Aug) adj. 威严的;令人敬畏的,beijing_start1|renjiao_start1,beijing_start1:3年级上|renjiao_start1:3年级上,2,cross-source-exact|multiple-occurrences,,keep-identity,reviewed,,
aunt,aunt,n. 阿姨;姑妈;伯母;舅妈,beijing_start1|renjiao_start1,beijing_start1:3年级下|renjiao_start1:3年级下,2,cross-source-exact|multiple-occurrences,,keep-identity,reviewed,,
australia,Australia,"n. 澳大利亚,澳洲",renjiao_start1,renjiao_start1:4年级下,1,,,keep-identity,reviewed,,
autumn,autumn,"n. 秋天;成熟期;渐衰期,凋落期 adj. 秋天的,秋季的",beijing_start1|renjiao_start1,beijing_start1:5年级上|renjiao_start1:2年级下,2,cross-source-exact|multiple-occurrences,,keep-identity,reviewed,,
baby,baby,"n. 婴儿,婴孩;孩子气的人 adj. 婴儿的;幼小的 vt. 纵容,娇纵;把......当婴儿般对待",beijing_start1,beijing_start1:2年级上,1,,,keep-identity,reviewed,,
back,back,n. 后面;背部;靠背;足球等的后卫;书报等的末尾 adj. 后面的;过去的;拖欠的 vt. 支持;后退;背书;下赌注 adv. 以前;向后地;来回地;上溯;回来;回原处 vi. 后退;背靠;倒退,beijing_start1,beijing_start1:2年级下,1,,,keep-identity,reviewed,,
bad,bad,"n. 坏事;坏人 adj. 坏的;严重的;劣质的 adv. 很,非常;坏地;邪恶地",beijing_start1|renjiao_start1,beijing_start1:4年级上|renjiao_start1:3年级上,2,cross-source-exact|multiple-occurrences,,keep-identity,reviewed,,
badminton,badminton,n. 羽毛球,renjiao_start1,renjiao_start1:5年级下,1,,,keep-identity,reviewed,,
bag,bag,"n. 袋;猎获物;(俚)一瓶啤酒 vt. 猎获;把...装入袋中;占据,私吞;使膨大 vi. 松垂",beijing_start1,beijing_start1:1年级上|beijing_start1:2年级下,2,multiple-occurrences,,keep-identity,reviewed,,
ball,ball,n. 球;舞会 vt. 捏成球形 vi. 成团块,beijing_start1|renjiao_start1,beijing_start1:1年级下|beijing_start1:3年级上|renjiao_start1:1年级下|renjiao_start1:4年级下,4,cross-source-exact|multiple-occurrences,,keep-identity,reviewed,,
banana,banana,n. 香蕉;喜剧演员;大鹰钩鼻,beijing_start1|renjiao_start1,beijing_start1:1年级下|beijing_start1:3年级下|renjiao_start1:1年级上,3,cross-source-exact|multiple-occurrences,,keep-identity,reviewed,,
bank,bank,n. 银行;岸;浅滩;储库 vt. 将...存入银行;倾斜转弯 vi. 堆积;倾斜转弯,renjiao_start1,renjiao_start1:4年级下,1,,,keep-identity,reviewed,,银行
bark,bark,n. 树皮;深青棕色;毛皮;皮肤;狗叫 vt. 狗叫;尖叫;剥皮,renjiao_start1,renjiao_start1:5年级上,1,,,keep-identity,reviewed,,吠叫；狗叫
baseball,baseball,n. 棒球;棒球运动,beijing_start1,beijing_start1:5年级上,1,,,keep-identity,reviewed,,
basketball,basketball,n. 篮球;篮球运动,beijing_start1|renjiao_start1,beijing_start1:5年级上|renjiao_start1:4年级上,2,cross-source-exact|multiple-occurrences,,keep-identity,reviewed,,
bathroom,bathroom,n. 浴室;厕所;盥洗室,beijing_start1|renjiao_start1,beijing_start1:2年级下|renjiao_start1:3年级下,2,cross-source-exact|multiple-occurrences,,keep-identity,reviewed,,
be,be,"vt. 是; 有,存在; 做,成为; 发生",beijing_start1,beijing_start1:3年级下,1,morphology,were,keep-identity,reviewed,,
be afraid of,be afraid of,na. 怕,renjiao_start1,renjiao_start1:6年级上,1,multiword,,keep-identity,reviewed,,
be back,be back,na. 回家;回来,renjiao_start1,renjiao_start1:3年级下,1,multiword,,keep-identity,reviewed,,
be careful!,Be careful!,小心;当心;注意,renjiao_start1,renjiao_start1:4年级上,1,multiword|punctuated,,route-expression,reviewed,,
be good at,be good at,v. 善于,renjiao_start1,renjiao_start1:4年级上,1,multiword,,keep-identity,reviewed,,
beach,beach,n. 海滩;湖滨 vt. 将...拖上岸 vi. 搁浅;定居,beijing_start1,beijing_start1:5年级下,1,,,keep-identity,reviewed,,
bear,bear,"n. 熊 vt. 结果实,开花(正式) vt. 忍受;承受;具有;支撑",beijing_start1|renjiao_start1,beijing_start1:5年级上|renjiao_start1:1年级下,2,cross-source-exact|multiple-occurrences,,keep-identity,reviewed,,
beautiful,beautiful,adj. 美丽的 出色地 出色的 迷人的 迷人地,beijing_start1|renjiao_start1,beijing_start1:6年级下|renjiao_start1:3年级下,2,cross-source-exact|multiple-occurrences,,keep-identity,reviewed,,
beaver,beaver,n. 海狸;海狸皮毛,renjiao_start1,renjiao_start1:6年级下,1,,,keep-identity,reviewed,,
because,because,conj. 因为,renjiao_start1,renjiao_start1:6年级上,1,,,keep-identity,reviewed,,
become,become,vt. 适合;相称 vi. 成为;变得;变成,beijing_start1,beijing_start1:4年级上,1,,,keep-identity,reviewed,,
bed,bed,"n. 床;基础;河底, 海底 vt. 使睡觉;安置,嵌入;栽种 vi. 上床;分层",beijing_start1|renjiao_start1,beijing_start1:1年级上|beijing_start1:2年级下|renjiao_start1:1年级下|renjiao_start1:3年级下,4,cross-source-exact|multiple-occurrences,,keep-identity,reviewed,,
bedroom,bedroom,n. 卧室 adj. 两性关系的;城郊住宅区的,renjiao_start1,renjiao_start1:3年级下,1,,,keep-identity,reviewed,,卧室
bee,bee,"n. 蜜蜂,蜂;勤劳的人",beijing_start1|renjiao_start1,beijing_start1:1年级上|renjiao_start1:5年级上,2,cross-source-exact|multiple-occurrences,,keep-identity,reviewed,,
before,before,"prep. 在...之前,先于 conj. 在...以前;在...之前 adv. 以前;在前",beijing_start1|renjiao_start1,beijing_start1:3年级下|renjiao_start1:4年级下|renjiao_start1:5年级下,3,cross-source-exact|multiple-occurrences,,keep-identity,reviewed,,
begin,begin,vi. 开始;首先 vt. 开始,beijing_start1,beijing_start1:6年级下,1,,,keep-identity,reviewed,,
behind,behind,prep. 落后于;支持;晚于 n. 屁股 adv. 在后地;在原处,beijing_start1|renjiao_start1,beijing_start1:6年级下|renjiao_start1:1年级下,2,cross-source-exact|multiple-occurrences,,keep-identity,reviewed,,
bell,bell,"n. 铃,钟;钟声,铃声;钟状物 vt. 装钟于,系铃于 vi. 鸣钟;成钟状鼓起",beijing_start1,beijing_start1:3年级上,1,,,keep-identity,reviewed,,
beside,beside,prep. 在旁边;与...相比;和...无关,beijing_start1,beijing_start1:4年级下,1,,,keep-identity,reviewed,,
best,best,"n. 最好的人,最好的事物;最佳状态 adj. 最好的 vt. 打败,胜过 adv. 最好地",beijing_start1,beijing_start1:3年级下,1,,,keep-identity,reviewed,,
between,between,prep. 在...之间 adv. 在中间,beijing_start1|renjiao_start1,beijing_start1:6年级下|renjiao_start1:4年级下,2,cross-source-exact|multiple-occurrences,,keep-identity,reviewed,,
big,big,adj. 大的;重要的;量大的 adv. 大量地;顺利;夸大地,beijing_start1|renjiao_start1,beijing_start1:2年级上|beijing_start1:2年级下|renjiao_start1:2年级上|renjiao_start1:3年级上,4,cross-source-exact|multiple-occurrences,,keep-identity,reviewed,,
big ben,Big Ben,"n. 英国伦敦议会大厦顶的大钟, 美国得州西南部的国立大本德公园(Big Bend National Park)",renjiao_start1,renjiao_start1:4年级下,1,multiword,,keep-identity,reviewed,,大本钟
bike,bike,n. 自行车;脚踏车 vi. 骑自行车(或摩托车),beijing_start1,beijing_start1:1年级上|beijing_start1:2年级下,2,multiple-occurrences,,keep-identity,reviewed,,
bird,bird,n. 鸟;家伙;羽毛球 vt. 向...喝倒彩;起哄 vi. 猎鸟;观察研究野鸟,beijing_start1|renjiao_start1,beijing_start1:1年级上|beijing_start1:3年级下|renjiao_start1:1年级上|renjiao_start1:3年级上|renjiao_start1:6年级上,5,cross-source-exact|multiple-occurrences,,keep-identity,reviewed,,
birthday,birthday,"n. 生日,诞辰;诞生的日子",beijing_start1|renjiao_start1,beijing_start1:5年级下|renjiao_start1:3年级上|renjiao_start1:5年级下,3,cross-source-exact|multiple-occurrences,,keep-identity,reviewed,,
bite,bite,n. 咬;一口;咬伤;刺痛 abbr. 机内测试设备(Built-In Test Equipment) vt. 咬;刺痛 vi. 咬;刺痛,renjiao_start1,renjiao_start1:3年级上,1,,,keep-identity,reviewed,,咬
black,black,n. 黑色;黑人;黑颜料 adj. 黑色的;黑人的;邪恶的 vt. 使变黑;把鞋油等涂在...上;把(眼眶)打成青肿 vi. 变黑,beijing_start1|renjiao_start1,beijing_start1:3年级下|renjiao_start1:1年级上,2,cross-source-exact|multiple-occurrences,,keep-identity,reviewed,,
blackboard,blackboard,n. 黑板,beijing_start1|renjiao_start1,beijing_start1:3年级上|renjiao_start1:1年级下|renjiao_start1:3年级下,3,cross-source-exact|multiple-occurrences,,keep-identity,reviewed,,
blind,blind,"n. 掩饰,借口;百叶窗 adj. 盲目的;瞎的 vt. 使失明;使失去理智 adv. 盲目地;看不见地",renjiao_start1,renjiao_start1:6年级上,1,,,keep-identity,reviewed,,失明的；瞎的
blue,blue,"adj. 蓝色的;沮丧的,忧郁的;下流的 n. 蓝色;[复数](美国海、陆、空三军穿的)蓝色制服;蓝颜料;[the blue(s)][用作单数或复数]布鲁斯(歌曲)(一种伤感的美国黑人民歌 vi. 变成蓝色,呈蓝色 vt. 把...染成蓝色;使成蓝色;给...用上蓝剂;用上蓝剂于",beijing_start1|renjiao_start1,beijing_start1:2年级下|renjiao_start1:1年级上,2,cross-source-exact|multiple-occurrences,,keep-identity,reviewed,,
boat,boat,n. 小船;轮船 vi. 划船,beijing_start1|renjiao_start1,beijing_start1:1年级上|beijing_start1:4年级下|renjiao_start1:2年级上,3,cross-source-exact|multiple-occurrences,,keep-identity,reviewed,,
body,body,n. 身体;主体;大量;团体;主要部分 vt. 赋以形体,beijing_start1|renjiao_start1,beijing_start1:2年级上|renjiao_start1:3年级上,2,cross-source-exact|multiple-occurrences,,keep-identity,reviewed,,
book,book,n. 书籍;卷;帐簿;名册;工作簿 vt. 预订;登记,beijing_start1|renjiao_start1,beijing_start1:1年级上|beijing_start1:4年级上|renjiao_start1:1年级上,3,cross-source-exact|multiple-occurrences,,keep-identity,reviewed,,
bookshop,bookshop,n. 书店,renjiao_start1,renjiao_start1:2年级上|renjiao_start1:4年级下,2,multiple-occurrences,,keep-identity,reviewed,,书店
boring,boring,n. 钻孔 adj. 无聊的;令人厌烦的 v. 钻孔;使厌烦;挖空(bore的ing形式),renjiao_start1,renjiao_start1:5年级下,1,,,keep-identity,reviewed,,
born,born,v. 出世(bear的过去分词) adj. 天生的,beijing_start1,beijing_start1:3年级上,1,,,keep-identity,reviewed,,
borrow,borrow,vt. 借;借用 vi. 借;借用;从其他语言中引入,beijing_start1,beijing_start1:3年级上,1,,,keep-identity,reviewed,,
both,both,conj. 既...且... adj. 两个的;两者的 pron. 双方都;两者都 adv. 并;又;两者皆,beijing_start1,beijing_start1:5年级下,1,,,keep-identity,reviewed,,
bottle,bottle,n. 瓶子;一瓶的容量 vt. 控制;把...装入瓶中 vi. (街头艺人演出后)收拢钱币,beijing_start1,beijing_start1:3年级下,1,,,keep-identity,reviewed,,
bought some gifts,bought some gifts,无,renjiao_start1,renjiao_start1:5年级下,1,multiword,,source-only,reviewed,,
box,box,"n. 箱,盒子;包厢;一拳 vt. 拳击;装...入盒中;打耳光 vi. 拳击",beijing_start1|renjiao_start1,beijing_start1:1年级上|beijing_start1:3年级下|renjiao_start1:1年级下|renjiao_start1:3年级下,4,cross-source-exact|multiple-occurrences,,keep-identity,reviewed,,
boy,boy,n. 男孩;男人,beijing_start1|renjiao_start1,beijing_start1:3年级上|renjiao_start1:2年级上,2,cross-source-exact|multiple-occurrences,,keep-identity,reviewed,,
brave,brave,n. 勇士 adj. 勇敢的;华丽的 vt. 勇敢地面对,beijing_start1,beijing_start1:5年级上,1,,,keep-identity,reviewed,,
bread,bread,n. 面包;生计 vt. 在...上洒面包屑,beijing_start1|renjiao_start1,beijing_start1:2年级下|renjiao_start1:3年级上,2,cross-source-exact|multiple-occurrences,,keep-identity,reviewed,,
break,break,vi. 打破;折断;弄坏;削弱 vt. (使)破;打破(纪录);(常指好天气)突变;开始 vi. (嗓音)突变;突破;破晓;(价格)突然下跌 n. 破裂;间断;(持续一段时间的状况的)改变;间歇,beijing_start1,beijing_start1:4年级下,1,,,keep-identity,reviewed,,
breakfast,breakfast,n. 早餐;早饭 vt. 为...供应早餐 vi. 吃早餐,beijing_start1,beijing_start1:5年级上,1,,,keep-identity,reviewed,,
bright,bright,"n. 车头灯光 adj. 明亮的,鲜明的;聪明的;愉快的 adv. 明亮地;光明地;欢快地",beijing_start1,beijing_start1:3年级上,1,,,keep-identity,reviewed,,
bring,bring,vt. 带来;促使;引起;使某人处于某种情况或境地,beijing_start1|renjiao_start1,beijing_start1:4年级上|renjiao_start1:6年级上,2,cross-source-exact|multiple-occurrences,,keep-identity,reviewed,,
british,British,n. 英国人 adj. 英国的;英国人的;大不列颠的,beijing_start1,beijing_start1:5年级上,1,,,keep-identity,reviewed,,
broke,broke,"v. 打破,断掉(break的过去式) adj. 一文不名的,破产的",beijing_start1,beijing_start1:4年级下,1,,,keep-identity,reviewed,,
broken,broken,v. 折断;打碎;损坏(break的过去分词) adj. 破碎的;坏掉的,renjiao_start1,renjiao_start1:6年级上,1,,,keep-identity,reviewed,,
brother,brother,n. 兄弟;同事;战友 int. 我的老兄!,beijing_start1|renjiao_start1,beijing_start1:5年级上|renjiao_start1:2年级上|renjiao_start1:3年级下,3,cross-source-exact|multiple-occurrences,,keep-identity,reviewed,,
brown,brown,"n. 褐色,棕色 adj. 棕色的,褐色的;太阳晒黑的 vt. 使变成褐色 vi. 变成褐色",beijing_start1,beijing_start1:4年级上,1,,,keep-identity,reviewed,,
build,build,n. 构造;体形;体格 vi. 建筑;建造 vt. 建立;建筑,beijing_start1,beijing_start1:5年级下,1,,,keep-identity,reviewed,,
building,building,n. 建筑;建筑物 v. 建筑;建立;增加(build的ing形式),beijing_start1,beijing_start1:4年级下,1,,,keep-identity,reviewed,,
bus,bus,n. 公共汽车 乘公共汽车,beijing_start1,beijing_start1:2年级下,1,,,keep-identity,reviewed,,
bus driver,bus driver,na. (公共汽车)驾驶员;〈俚〉轰炸机驾驶员,renjiao_start1,renjiao_start1:4年级上,1,multiword,,keep-identity,reviewed,,
busy,busy,adj. 忙碌的;热闹的;正被占用的 vt. 使忙于,beijing_start1|renjiao_start1,beijing_start1:5年级上|renjiao_start1:4年级下,2,cross-source-exact|multiple-occurrences,,keep-identity,reviewed,,
but,but,"conj. 但是;而是;然而 adv. 仅仅,只 prep. 除...以外",beijing_start1|renjiao_start1,beijing_start1:6年级上|renjiao_start1:5年级上,2,cross-source-exact|multiple-occurrences,,keep-identity,reviewed,,
butterfly,butterfly,n. 蝴蝶;蝶泳;举止轻浮的人;追求享乐的人,renjiao_start1,renjiao_start1:5年级上,1,,,keep-identity,reviewed,,
buy,buy,"n. 购买,买卖;所购的物品 vi. 买,采购 vt. 购买;获得;贿赂",beijing_start1|renjiao_start1,beijing_start1:4年级上|renjiao_start1:3年级上,2,cross-source-exact|multiple-occurrences,,keep-identity,reviewed,,
buy toys,buy toys,无,renjiao_start1,renjiao_start1:4年级下,1,multiword,,keep-identity,reviewed,,
by,by,prep. 通过;被;依据;经由;在附近;在......之前 adv. 通过;经过;附近;[互联网] 白俄罗斯的国家代码顶级域名,beijing_start1,beijing_start1:2年级下,1,,,keep-identity,reviewed,,
by bike,by bike,骑自行车;骑车;骑单车,renjiao_start1,renjiao_start1:4年级上,1,multiword,,keep-identity,reviewed,,
by boat,by boat,na. 乘船,renjiao_start1,renjiao_start1:4年级上,1,multiword,,keep-identity,reviewed,,
by bus,by bus,na. 乘公共汽车,renjiao_start1,renjiao_start1:4年级上,1,multiword,,keep-identity,reviewed,,
by car,by car,na. 乘电车;乘汽车,renjiao_start1,renjiao_start1:4年级上,1,multiword,,keep-identity,reviewed,,
by plane,by plane,adv. 乘飞机,renjiao_start1,renjiao_start1:4年级上,1,multiword,,keep-identity,reviewed,,
by school bus,by school bus,无,renjiao_start1,renjiao_start1:4年级上,1,multiword,,keep-identity,reviewed,,
by ship,by ship,乘船;乘轮船;坐轮船,renjiao_start1,renjiao_start1:4年级上,1,multiword,,keep-identity,reviewed,,
by subway,by subway,乘地铁;坐地铁;乘坐地铁,renjiao_start1,renjiao_start1:4年级上,1,multiword,,keep-identity,reviewed,,
by taxi,by taxi,乘出租车;坐出租车;打的,renjiao_start1,renjiao_start1:4年级上,1,multiword,,keep-identity,reviewed,,
by train,by train,na. 坐火车,renjiao_start1,renjiao_start1:4年级上,1,multiword,,keep-identity,reviewed,,
cake,cake,n. 蛋糕;块状物;利益总额 vt. 使结块 vi. 结成块状,beijing_start1|renjiao_start1,beijing_start1:1年级上|beijing_start1:2年级上|renjiao_start1:3年级上,3,cross-source-exact|multiple-occurrences,,keep-identity,reviewed,,
call,call,n. 电话;呼叫;要求;访问 vi. 呼叫;拜访;叫牌 vt. 呼叫;称呼;召集,beijing_start1|renjiao_start1,beijing_start1:2年级下|renjiao_start1:5年级上,2,cross-source-exact|multiple-occurrences,,held,held,,
camera,camera,n. 照相机;摄影机,beijing_start1,beijing_start1:5年级下,1,,,keep-identity,reviewed,,
campfire,campfire,n. 营火;营火会,renjiao_start1,renjiao_start1:4年级下,1,,,keep-identity,reviewed,,
can,can,aux. 能; 能够; 可以; 可能 n. 罐头; (用金属或塑料制作的)容器; (马口铁或其他金属制作的)食品罐头 vt. 将...装入密封罐中保存,beijing_start1|renjiao_start1,beijing_start1:3年级上|renjiao_start1:1年级下,2,cross-source-exact|multiple-occurrences,,keep-identity,reviewed,,modal can = 能；可以
can't,can't,abbr. 不能(can not),renjiao_start1,renjiao_start1:2年级下,1,,,held,held,,
canada,Canada,n. 加拿大(北美洲国家),beijing_start1|renjiao_start1,beijing_start1:5年级上|renjiao_start1:4年级下,2,cross-source-exact|multiple-occurrences,,keep-identity,reviewed,,
candy,candy,"n. 糖果(等于sweets);冰糖(等于sugar candy,rock candy);毒品 adj. 新潮的(服饰);甜言蜜语的 vt. 用糖煮;使结晶为砂糖;美化 vi. 糖煮;成为结晶",renjiao_start1,renjiao_start1:5年级下,1,,,keep-identity,reviewed,,糖果
cap,cap,n. 盖;帽子 vt. 覆盖;胜过;给...戴帽;加盖于 vi. 脱帽致意,beijing_start1|renjiao_start1,beijing_start1:1年级下|beijing_start1:5年级下|renjiao_start1:3年级上,3,cross-source-exact|multiple-occurrences,,keep-identity,reviewed,,
car,car,n. 汽车;车厢,beijing_start1|renjiao_start1,beijing_start1:1年级上|beijing_start1:2年级下|renjiao_start1:1年级下,3,cross-source-exact|multiple-occurrences,,keep-identity,reviewed,,
card,card,n. 卡片;纸牌;明信片 vt. 记于卡片上,beijing_start1|renjiao_start1,beijing_start1:3年级上|renjiao_start1:2年级上,2,cross-source-exact|multiple-occurrences,,keep-identity,reviewed,,
careful,careful,"adj. 仔细的,小心的",beijing_start1,beijing_start1:6年级下,1,,,keep-identity,reviewed,,
careless,careless,adj. 粗心的;无忧无虑的;淡漠的,renjiao_start1,renjiao_start1:5年级上,1,,,keep-identity,reviewed,,
carrot,carrot,n. 胡萝卜 诱饵,beijing_start1,beijing_start1:5年级下,1,,,keep-identity,reviewed,,
carry,carry,"n. 运载;[计] 进位;射程 vi. 能达到;被携带;被搬运 vt. 拿,扛;携带;支持;搬运",beijing_start1,beijing_start1:5年级下,1,,,keep-identity,reviewed,,
cartoons,cartoons,n. 卡通动画;动漫图书(cartoon的复数) v. 画漫画(cartoon的三单形式),renjiao_start1,renjiao_start1:5年级上,1,,,reuse-identity,reviewed,cartoon,
cat,cat,"n. 猫,猫科动物",beijing_start1|renjiao_start1,beijing_start1:1年级上|beijing_start1:2年级上|renjiao_start1:1年级上|renjiao_start1:3年级上,4,cross-source-exact|multiple-occurrences,,keep-identity,reviewed,,
catch,catch,n. 捕捉;捕获物;窗钩 vt. 赶上;抓住;感染;了解 vi. 赶上;抓住,renjiao_start1,renjiao_start1:4年级下,1,,,held,held,,
celebrate,celebrate,vt. 庆祝;举行;赞美;祝贺;宣告 vi. 庆祝;过节;举行宗教仪式,renjiao_start1,renjiao_start1:5年级下,1,,,keep-identity,reviewed,,庆祝
central,central,n. 电话总机 adj. 中心的;主要的;中枢的,renjiao_start1,renjiao_start1:4年级下,1,,,held,held,,
chair,chair,n. 椅子;讲座;(会议的)主席位;大学教授的职位 vt. 担任(会议的)主席;使...入座;使就任要职,beijing_start1|renjiao_start1,beijing_start1:2年级下|renjiao_start1:1年级下|renjiao_start1:3年级下,3,cross-source-exact|multiple-occurrences,,keep-identity,reviewed,,
change,change,n. 变化;找回的零钱 vt. 改变;交换 vi. 改变;兑换,beijing_start1,beijing_start1:4年级上,1,,,keep-identity,reviewed,,
chess,chess,"n. 国际象棋,西洋棋",beijing_start1,beijing_start1:5年级下,1,,,keep-identity,reviewed,,
chicken,chicken,"n. 鸡肉;小鸡;胆小鬼,懦夫 adj. 鸡肉的;胆怯的;幼小的",beijing_start1|renjiao_start1,beijing_start1:4年级上|renjiao_start1:1年级下|renjiao_start1:3年级上,4,cross-source-exact|multiple-occurrences,,split-required,held,,鸡/小鸡 plus 鸡肉
child,child,"n. 儿童,小孩,孩子;产物;子孙;幼稚的人;弟子",beijing_start1,beijing_start1:3年级下,1,morphology,children,held,held,,
children,children,n. 孩子们(child的复数),beijing_start1|renjiao_start1,beijing_start1:3年级下|renjiao_start1:3年级下,2,cross-source-exact|multiple-occurrences|morphology,child,keep-identity,reviewed,,
children's day,Children's Day,na. 儿童节,renjiao_start1,renjiao_start1:5年级下,1,multiword,,keep-identity,reviewed,,
china,China,"n. 中国 n. china,瓷器 adj. 中国的;中国制造的 adj. china,瓷制的",beijing_start1|renjiao_start1,beijing_start1:4年级下|renjiao_start1:4年级下,2,cross-source-exact|multiple-occurrences,,keep-identity,reviewed,,
chinese,Chinese,"n. 中文,汉语;中国人 adj. 中国的,中国人的;中国话的",beijing_start1|renjiao_start1,beijing_start1:3年级上|renjiao_start1:3年级下,2,cross-source-exact|multiple-occurrences,,keep-identity,reviewed,,
chocolate,chocolate,"n. 巧克力,巧克力糖;巧克力色 adj. 巧克力色的;巧克力口味的",beijing_start1,beijing_start1:6年级上,1,,,keep-identity,reviewed,,
choose,choose,"vt. 选择,决定 vi. 选择,挑选",beijing_start1,beijing_start1:6年级上,1,,,keep-identity,reviewed,,
chopsticks,chopsticks,n. 筷子,renjiao_start1,renjiao_start1:5年级下,1,,,keep-identity,reviewed,,
chore,chore,n. 家庭杂务;日常的零星事务;讨厌的或累人的工作,renjiao_start1,renjiao_start1:5年级上,1,,,keep-identity,reviewed,,
christmas,Christmas,n. 圣诞节;圣诞节期间,beijing_start1|renjiao_start1,beijing_start1:3年级上|renjiao_start1:2年级上,2,cross-source-exact|multiple-occurrences,,keep-identity,reviewed,,
christmas day,Christmas Day,"n. 【宗,基督】圣诞节;圣诞节时期",renjiao_start1,renjiao_start1:5年级下,1,multiword,,keep-identity,reviewed,,
christmas tree,Christmas tree,n. 【节】圣诞树,renjiao_start1,renjiao_start1:2年级上,1,multiword,,keep-identity,reviewed,,
cinema,cinema,"n. 电影;电影院;电影业,电影制作术",beijing_start1,beijing_start1:4年级下,1,,,keep-identity,reviewed,,
circle,circle,"n. 循环,周期;圆;圈子;圆形物 vt. 画圆圈;环绕...移动 vi. 盘旋,旋转;环行",beijing_start1,beijing_start1:3年级下,1,,,keep-identity,reviewed,,
city,city,"n. 城市,都市 adj. 城市的;都会的",beijing_start1|renjiao_start1,beijing_start1:5年级上|renjiao_start1:4年级下,2,cross-source-exact|multiple-occurrences,,keep-identity,reviewed,,
class,class,"n. 阶级;班级;种类;班;等级 adj. 极好的;很好的,优秀的,出色的 vt. 分类;把...分等级;把...归入某等级,把...看作(或分类、归类);把...编入某一班级 vi. 属于...类(或等级),被列为某类(或某级)",beijing_start1|renjiao_start1,beijing_start1:2年级上|renjiao_start1:3年级上,2,cross-source-exact|multiple-occurrences,,keep-identity,reviewed,,
classmate,classmate,n. 同班同学,renjiao_start1,renjiao_start1:2年级上,1,,,keep-identity,reviewed,,
classroom,classroom,n. 教室,beijing_start1|renjiao_start1,beijing_start1:6年级下|renjiao_start1:3年级下,2,cross-source-exact|multiple-occurrences,,keep-identity,reviewed,,
clean,clean,"n. 打扫 adj. 清洁的,干净的;清白的 vt. 使干净 vi. 打扫,清扫 adv. 完全地",beijing_start1,beijing_start1:6年级下,1,,,keep-identity,reviewed,,
clean the room,clean the room,打扫房间;清扫房间;清洁房间,renjiao_start1,renjiao_start1:5年级上,1,multiword,,keep-identity,reviewed,,
cleaned the window,cleaned the window,无,renjiao_start1,renjiao_start1:5年级下,1,multiword,,source-only,reviewed,,
cleaning the room,cleaning the room,无,renjiao_start1,renjiao_start1:3年级下,1,multiword,,source-only,reviewed,,
clear,clear,n. 清除;空隙 adj. 清楚的;清澈的;晴朗的;无罪的 vt. 通过;清除;使干净;跳过 vi. 放晴;变清澈 adv. 清晰地;完全地,beijing_start1,beijing_start1:6年级下,1,,,keep-identity,reviewed,,
clever,clever,adj. 聪明的;机灵的;熟练的 [ 比较级cleverer 最高级 cleverest ],beijing_start1|renjiao_start1,beijing_start1:4年级上|renjiao_start1:5年级上,2,cross-source-exact|multiple-occurrences,,keep-identity,reviewed,,
climb,climb,n. 爬;攀登 vi. 爬;攀登;上升 vt. 爬;攀登;上升,beijing_start1,beijing_start1:5年级上,1,,,keep-identity,reviewed,,
climb a hill,climb a hill,无,renjiao_start1,renjiao_start1:4年级上,1,multiword,,keep-identity,reviewed,,
climb on the window ledge,climb on the window ledge,无,renjiao_start1,renjiao_start1:4年级上,1,multiword,,keep-identity,reviewed,,
climbed a hill,climbed a hill,无,renjiao_start1,renjiao_start1:5年级下,1,multiword,,source-only,reviewed,,
clock,clock,n. 时钟;计时器 vt. 记录;记时 vi. 打卡;记录时间,beijing_start1|renjiao_start1,beijing_start1:5年级上|renjiao_start1:6年级上,2,cross-source-exact|multiple-occurrences,,keep-identity,reviewed,,
close,close,n. 结束 adj. 紧密的;亲密的;亲近的 vt. 关;结束;使靠近 vi. 关;结束;关闭 adv. 紧密地,beijing_start1,beijing_start1:4年级上,1,,,keep-identity,reviewed,,
clothes,clothes,n. 衣服,beijing_start1,beijing_start1:6年级上,1,,,keep-identity,reviewed,,
cloudy,cloudy,adj. 多云的;阴天的;愁容满面的,beijing_start1|renjiao_start1,beijing_start1:3年级上|renjiao_start1:2年级下,2,cross-source-exact|multiple-occurrences,,keep-identity,reviewed,,
club,club,"n. 俱乐部,社团;夜总会;棍棒;(扑克牌中的)梅花 adj. 俱乐部的 vt. 用棍棒打;募集 vi. 集资;组成俱乐部",beijing_start1,beijing_start1:6年级下,1,,,keep-identity,reviewed,,
coat,coat,n. 外套 vt. 覆盖...的表面,beijing_start1|renjiao_start1,beijing_start1:1年级上|beijing_start1:2年级下|renjiao_start1:3年级上,3,cross-source-exact|multiple-occurrences,,keep-identity,reviewed,,
cola,cola,n. 可乐;可乐树(其子含咖啡碱),renjiao_start1,renjiao_start1:3年级上,1,,,keep-identity,reviewed,,
cold,cold,"n. 寒冷;感冒 adj. 寒冷的;冷淡的,不热情的;失去知觉的 adv. 完全地",beijing_start1|renjiao_start1,beijing_start1:2年级下|beijing_start1:4年级上|renjiao_start1:2年级下,3,cross-source-exact|multiple-occurrences,,split-required,held,,weather cold plus illness cold
collect,collect,vt. 收集;募捐 adj. 由收件人付款的 vi. 收集;聚集;募捐 adv. 由收件人付款地,beijing_start1,beijing_start1:6年级上,1,,,keep-identity,reviewed,,
collecting erasers,collecting erasers,无,renjiao_start1,renjiao_start1:4年级下,1,multiword,,source-only,reviewed,,
colour,colour,"n. 颜色;风格;气色,面色;外貌 vt. 把...涂颜色,粉饰;歪曲;使脸红 vi. 变色",beijing_start1|renjiao_start1,beijing_start1:6年级上|renjiao_start1:1年级上,2,cross-source-exact|multiple-occurrences,,keep-identity,reviewed,,
come,come,vi. 来;开始;出现;发生;变成;到达 vt. 做;假装;将满(...岁) int. 嗨!,beijing_start1|renjiao_start1,beijing_start1:2年级下|renjiao_start1:4年级上,2,cross-source-exact|multiple-occurrences,,keep-identity,reviewed,,
competition,competition,"n. 竞争;比赛,竞赛",renjiao_start1,renjiao_start1:6年级上,1,,,keep-identity,reviewed,,
computer,computer,n. 计算机;电脑;电子计算机,beijing_start1,beijing_start1:4年级上,1,,,keep-identity,reviewed,,
computer class,computer class,计算机课;电脑班;电脑课,renjiao_start1,renjiao_start1:3年级下,1,multiword,,keep-identity,reviewed,,
cook,cook,"n. 厨师,厨子 vt. 烹调,煮 vi. 烹调,做菜",beijing_start1|renjiao_start1,beijing_start1:4年级上|renjiao_start1:4年级上,2,cross-source-exact|multiple-occurrences,,split-required,held,,Beijing=烹饪/煮(verb); Renjiao=厨师(noun)
cooking dinner,cooking dinner,做饭;做晚餐;正在做饭,renjiao_start1,renjiao_start1:3年级下,1,multiword,,source-only,reviewed,,
cool,cool,n. 凉爽;凉爽的空气 adj. 凉爽的;冷静的;出色的 vt. 使...冷却;使...平静下来 vi. 变凉;平息 adv. 冷静地,beijing_start1|renjiao_start1,beijing_start1:2年级下|beijing_start1:3年级上|renjiao_start1:2年级下|renjiao_start1:5年级上,4,cross-source-exact|multiple-occurrences,,split-required,held,,temperature cool plus evaluative cool
corn,corn,n. (美)玉米;(英)谷物;[皮肤] 鸡眼 vt. 腌;使成颗粒,beijing_start1,beijing_start1:5年级下,1,,,keep-identity,reviewed,,
country,country,"n. 国家,国土;国民;乡下,农村;乡村;故乡 adj. 祖国的,故乡的;地方的,乡村的;国家的;粗鲁的;乡村音乐的",beijing_start1|renjiao_start1,beijing_start1:4年级下|renjiao_start1:4年级下,2,cross-source-exact|multiple-occurrences,,keep-identity,reviewed,,
countryside,countryside,"n. 农村,乡下;乡下的全体居民",renjiao_start1,renjiao_start1:6年级下,1,,,keep-identity,reviewed,,
cousin,cousin,n. 堂兄弟姊妹;表兄弟姊妹,beijing_start1|renjiao_start1,beijing_start1:5年级上|renjiao_start1:3年级下,2,cross-source-exact|multiple-occurrences,,keep-identity,reviewed,,
cow,cow,"n. 奶牛,母牛;母兽 vt. 威胁,恐吓",beijing_start1|renjiao_start1,beijing_start1:1年级下|beijing_start1:2年级上|renjiao_start1:5年级上,3,cross-source-exact|multiple-occurrences,,keep-identity,reviewed,,
crayon,crayon,"n. 蜡笔,有色粉笔 vt. 以蜡笔作画,用颜色粉笔画",beijing_start1|renjiao_start1,beijing_start1:6年级下|renjiao_start1:4年级上,2,cross-source-exact|multiple-occurrences,,keep-identity,reviewed,,
crossroads,crossroads,n. 十字路口;交叉路口;聚会的中心地点(crossroad的复数形式),renjiao_start1,renjiao_start1:4年级下,1,,,keep-identity,reviewed,,
crowd,crowd,"n. 群众,一伙;一堆,许多,大众 v. 拥挤,挤满,挤进 vt. 挤满,将...塞进;催促,催逼 vi. 挤,拥挤,聚集",beijing_start1,beijing_start1:4年级下,1,,,keep-identity,reviewed,,
cry,cry,n. 叫喊;叫声;口号;呼叫 vi. 哭;叫;喊 vt. 叫喊;哭出;大声说,beijing_start1|renjiao_start1,beijing_start1:6年级上|renjiao_start1:6年级上,2,cross-source-exact|multiple-occurrences,,keep-identity,reviewed,,
cup,cup,n. 杯子;奖杯;酒杯 vt. 使成杯状;为...拔火罐,beijing_start1,beijing_start1:1年级上|beijing_start1:6年级下,2,multiple-occurrences,,keep-identity,reviewed,,
curly,curly,adj. 卷曲的;卷毛的;(木材)有皱状纹理的;蜷缩的,renjiao_start1,renjiao_start1:5年级上,1,,,keep-identity,reviewed,,
cute,cute,"adj. 可爱的;漂亮的;聪明的,伶俐的",renjiao_start1,renjiao_start1:4年级下|renjiao_start1:5年级上,2,multiple-occurrences,,keep-identity,reviewed,,可爱的
dad,dad,n. 爸爸;爹爹,beijing_start1|renjiao_start1,beijing_start1:2年级下|renjiao_start1:4年级上,2,cross-source-exact|multiple-occurrences,,keep-identity,reviewed,,
dance,dance,n. 舞蹈;舞会;舞曲 adj. 舞蹈的;用于跳舞的 vt. 跳舞;使跳跃 vi. 跳舞;跳跃;飘扬,beijing_start1|renjiao_start1,beijing_start1:3年级下|renjiao_start1:3年级上|renjiao_start1:3年级下,3,cross-source-exact|multiple-occurrences,,keep-identity,reviewed,,
danced,danced,v. 跳舞( dance的过去式和过去分词 ); 手舞足蹈; 摇晃; 跳跃,renjiao_start1,renjiao_start1:5年级下,1,,,reuse-identity,reviewed,dance,
dancing,dancing,n. 跳舞;舞蹈 v. 跳舞;摇晃(dance的ing形式),renjiao_start1,renjiao_start1:4年级下,1,,,held,held,,
dangerous,dangerous,adj. 危险的 危险地,beijing_start1|renjiao_start1,beijing_start1:4年级下|renjiao_start1:4年级上,2,cross-source-exact|multiple-occurrences,,keep-identity,reviewed,,
danish,Danish,n. 丹麦语 adj. 丹麦的;丹麦人的;丹麦语(文)的,renjiao_start1,renjiao_start1:6年级上,1,,,held,held,,
date,date,n. 日期;约会;年代;枣椰子 vt. 确定...年代;和...约会 vi. 过时;注明日期;始于(某一历史时期),beijing_start1,beijing_start1:3年级上,1,,,keep-identity,reviewed,,
daughter,daughter,n. 女儿;[遗][农学] 子代 adj. 女儿的;子代的,beijing_start1,beijing_start1:5年级下,1,,,keep-identity,reviewed,,
day,day,n. 一天;时期;白昼 adj. 日间的;逐日的 adv. 每天;经常在白天地,beijing_start1|renjiao_start1,beijing_start1:2年级上|renjiao_start1:4年级上,2,cross-source-exact|multiple-occurrences,,keep-identity,reviewed,,
deaf,deaf,adj. 聋的,renjiao_start1,renjiao_start1:6年级上,1,,,keep-identity,reviewed,,
dear,dear,n. 亲爱的人 adj. 亲爱的;尊敬的;昂贵的 adv. 高价地;疼爱地 int. 哎呀,beijing_start1|renjiao_start1,beijing_start1:2年级下|renjiao_start1:3年级上,2,cross-source-exact|multiple-occurrences,,held,held,,
december,December,n. 十二月,beijing_start1|renjiao_start1,beijing_start1:3年级上|renjiao_start1:3年级上,2,cross-source-exact|multiple-occurrences,,keep-identity,reviewed,,
decide,decide,"vi. 决定,下决心 vt. 决定;解决;判决",beijing_start1,beijing_start1:6年级上,1,,,keep-identity,reviewed,,
deer,deer,n. 鹿,beijing_start1,beijing_start1:1年级上,1,,,keep-identity,reviewed,,
delicious,delicious,adj. 美味的;可口的,renjiao_start1,renjiao_start1:3年级上|renjiao_start1:5年级下,2,multiple-occurrences,,keep-identity,reviewed,,美味的；可口的
desk,desk,n. 办公桌;服务台;编辑部;(美)讲道台;乐谱架 adj. 书桌的;桌上用的;伏案做的,beijing_start1|renjiao_start1,beijing_start1:1年级下|beijing_start1:6年级下|renjiao_start1:1年级下|renjiao_start1:3年级下,4,cross-source-exact|multiple-occurrences,,keep-identity,reviewed,,
different,different,"adj. 不同的;个别的,与众不同的",beijing_start1|renjiao_start1,beijing_start1:5年级下|renjiao_start1:4年级下,2,cross-source-exact|multiple-occurrences,,keep-identity,reviewed,,
difficult,difficult,adj. 困难的;不随和的;执拗的,beijing_start1,beijing_start1:5年级上,1,,,keep-identity,reviewed,,
dining room,dining room,n. 饭厅;餐厅,renjiao_start1,renjiao_start1:3年级下,1,multiword,,keep-identity,reviewed,,
dinner,dinner,"n. 晚餐,晚宴;宴会;正餐",beijing_start1,beijing_start1:5年级上,1,,,keep-identity,reviewed,,
dirty,dirty,"adj. 下流的,卑鄙的;肮脏的;恶劣的;暗淡的 vt. 弄脏 vi. 变脏",beijing_start1|renjiao_start1,beijing_start1:5年级上|renjiao_start1:4年级上|renjiao_start1:5年级下,3,cross-source-exact|multiple-occurrences,,keep-identity,reviewed,,
dish,dish,n. 盘;餐具;一盘食物;外貌有吸引力的人 vt. 盛于碟盘中;分发;使某人的希望破灭;说(某人)的闲话 vi. 成碟状;闲谈,beijing_start1,beijing_start1:1年级上,1,,,keep-identity,reviewed,,
disneyland,Disneyland,n. 迪斯尼乐园;幻想世界,renjiao_start1,renjiao_start1:4年级下,1,,,keep-identity,reviewed,,
do,do,"vi. 行,足够;生长 n. 要求;规定;C大调音阶中的第一音 v. 做;干;学习;研究;进行;完成;解答;整理;算出;引起;行过 aux. 助动词(构成疑问句和否定句);(代替动词);(用于加强语气) n. (口语)事件;(主英国口语)诈骗;(主英国、新西兰口语)宴会;(口语)必须做到的事情",beijing_start1|renjiao_start1,beijing_start1:2年级上|renjiao_start1:1年级上,2,cross-source-exact|multiple-occurrences,,keep-identity,reviewed,,
do the housework,do the housework,做家务;做家务活;料理家务,renjiao_start1,renjiao_start1:4年级下,1,multiword,,keep-identity,reviewed,,
doctor,doctor,"vt. 修理;篡改,伪造;为...治病;授以博士学位 n. 医生;博士 vi. 就医;行医",beijing_start1|renjiao_start1,beijing_start1:3年级下|renjiao_start1:4年级上,2,cross-source-exact|multiple-occurrences,,keep-identity,reviewed,,
does,does,v. 做;工作;有用(do的第三人称单数形式),renjiao_start1,renjiao_start1:2年级上,1,,,reuse-identity,reviewed,do,
dog,dog,n. 狗;丑女人;卑鄙的人;(俚)朋友 vt. 跟踪;尾随,beijing_start1|renjiao_start1,beijing_start1:1年级上|beijing_start1:2年级上|renjiao_start1:1年级上|renjiao_start1:3年级上,4,cross-source-exact|multiple-occurrences,,keep-identity,reviewed,,
doing jigsaw puzzles,doing jigsaw puzzles,无,renjiao_start1,renjiao_start1:4年级下,1,multiword,,reuse-identity,reviewed,do jigsaw puzzles,
doll,doll,n. 洋娃娃;玩偶;无头脑的美丽女人 vt. 把...打扮得花枝招展,renjiao_start1,renjiao_start1:1年级下,1,,,keep-identity,reviewed,,洋娃娃；玩偶
door,door,"n. 门;家,户;门口;通道",beijing_start1|renjiao_start1,beijing_start1:4年级上|renjiao_start1:1年级下|renjiao_start1:3年级下,3,cross-source-exact|multiple-occurrences,,keep-identity,reviewed,,
down,down,"prep. 沿着,往下 n. 软毛,绒毛;[地质] 开阔的高地 adj. 向下的 vt. 打倒,击败 adv. 向下,下去;在下面 vi. 下降;下去",beijing_start1,beijing_start1:2年级下,1,,,keep-identity,reviewed,,
downtown,downtown,n. 市中心区;三分线以外 adj. 市中心的 adv. 往闹市区;在市区,renjiao_start1,renjiao_start1:6年级下,1,,,keep-identity,reviewed,,市中心；在市中心
drank cold drinks,drank cold drinks,无,renjiao_start1,renjiao_start1:5年级下,1,multiword,,reuse-identity,reviewed,drink cold drinks,
draw,draw,n. 平局;抽签 vi. 拉;拖 vt. 画;拉;吸引,beijing_start1,beijing_start1:5年级上,1,,,keep-identity,reviewed,,
draw pictures,draw pictures,画画;画图画;画儿,renjiao_start1,renjiao_start1:3年级下,1,multiword,,keep-identity,reviewed,,
dream,dream,"n. 梦想,愿望;梦 adj. 梦的;理想的;不切实际的 vt. 梦想;做梦;想到 vi. 梦想;做梦,梦见;想到",renjiao_start1,renjiao_start1:4年级下,1,,,held,held,,
dress,dress,n. 连衣裙;女装 vt. 给...穿衣 vi. 穿衣,beijing_start1|renjiao_start1,beijing_start1:5年级上|beijing_start1:6年级上|renjiao_start1:1年级下|renjiao_start1:3年级上,4,cross-source-exact|multiple-occurrences,,split-required,held,,noun 连衣裙 plus verb 穿衣/打扮
drink,drink,"n. 酒,饮料;喝酒 vt. 喝,饮;吸收;举杯庆贺 vi. 喝酒;饮水;干杯",beijing_start1|renjiao_start1,beijing_start1:3年级下|beijing_start1:4年级上|renjiao_start1:5年级下,3,cross-source-exact|multiple-occurrences,,keep-identity,reviewed,,
drive,drive,"n. 驱动器;驾车;[心理] 内驱力,推进力;快车道 vi. 开车;猛击;飞跑 vt. 推动,发动(机器等);驾驶(马车,汽车等);驱赶",beijing_start1,beijing_start1:3年级下,1,,,keep-identity,reviewed,,
driver,driver,n. 驾驶员;驱动程序;起子;传动器,beijing_start1,beijing_start1:5年级上,1,,,keep-identity,reviewed,,
drop,drop,n. 滴;落下;空投;微量;滴剂 vt. 滴;使降低;使终止;随口漏出 vi. 下降;终止,beijing_start1,beijing_start1:4年级下,1,,,keep-identity,reviewed,,
dropped,dropped,"v. 下降,减少;掉下,滴下(drop的过去式和过去分词形式) adj. 抛踢球得分的",beijing_start1,beijing_start1:4年级下,1,,,keep-identity,reviewed,,
duck,duck,n. 鸭子;鸭肉;(英)宝贝儿;零分 vt. 躲避;猛按...入水 vi. 闪避;没入水中,beijing_start1|renjiao_start1,beijing_start1:1年级下|beijing_start1:4年级上|renjiao_start1:3年级上,3,cross-source-exact|multiple-occurrences,,split-required,held,,鸭子 plus 鸭肉
dumpling,dumpling,"n. 饺子,汤团;面团布丁",renjiao_start1,renjiao_start1:6年级上,1,,,keep-identity,reviewed,,
ear,ear,n. 耳朵;穗;听觉;倾听 vi. (美俚)听见;抽穗,beijing_start1|renjiao_start1,beijing_start1:1年级上|beijing_start1:2年级上|renjiao_start1:1年级上|renjiao_start1:3年级上,4,cross-source-exact|multiple-occurrences,,keep-identity,reviewed,,
early,early,adj. 早期的;早熟的 adv. 提早;在初期,beijing_start1|renjiao_start1,beijing_start1:5年级上|renjiao_start1:5年级下,2,cross-source-exact|multiple-occurrences,,keep-identity,reviewed,,
earth,earth,"n. 地球;地表,陆地;土地,土壤;尘事,俗事;兽穴 vt. 把(电线)[电] 接地;盖(土);追赶入洞穴 vi. 躲进地洞",beijing_start1|renjiao_start1,beijing_start1:5年级下|renjiao_start1:4年级上,2,cross-source-exact|multiple-occurrences,,held,held,,
east,east,"n. 东方;东风;东方国家 adj. 东方的;向东的;从东方来的 adv. 向东方,在东方",beijing_start1|renjiao_start1,beijing_start1:5年级上|renjiao_start1:6年级上,2,cross-source-exact|multiple-occurrences,,keep-identity,reviewed,,
easy,easy,"adj. 容易的;舒适的 vt. 发出停划命令 adv. 不费力地,从容地 vi. 停止划桨",beijing_start1,beijing_start1:4年级上,1,,,keep-identity,reviewed,,
eat,eat,"vt. 吃,喝;腐蚀;烦扰 vi. 进食;腐蚀,侵蚀",beijing_start1,beijing_start1:4年级上,1,,,keep-identity,reviewed,,
eat breakfast,eat breakfast,吃早饭;吃早餐;食早餐,renjiao_start1,renjiao_start1:2年级下,1,multiword,,keep-identity,reviewed,,
eat dinner,eat dinner,吃晚饭;吃晚餐;吃饭,renjiao_start1,renjiao_start1:2年级下,1,multiword,,keep-identity,reviewed,,
eat lunch,eat lunch,吃午饭;吃午餐;吃中午饭,renjiao_start1,renjiao_start1:2年级下,1,multiword,,keep-identity,reviewed,,
eat seafood,eat seafood,无,renjiao_start1,renjiao_start1:4年级下,1,multiword,,keep-identity,reviewed,,
egg,egg,n. 蛋;卵子;家伙;鸡蛋 vt. 煽动;怂恿,beijing_start1|renjiao_start1,beijing_start1:1年级下|beijing_start1:2年级下|renjiao_start1:1年级下|renjiao_start1:3年级上,4,cross-source-exact|multiple-occurrences,,keep-identity,reviewed,,
eight,eight,num. 八;八个;第八 n. 八字形 adj. 八的,beijing_start1|renjiao_start1,beijing_start1:2年级上|renjiao_start1:1年级上,2,cross-source-exact|multiple-occurrences,,keep-identity,reviewed,,
eighteen,eighteen,"n. 十八,十八个 num. 十八 adj. 十八个的,十八的",beijing_start1,beijing_start1:5年级下,1,,,keep-identity,reviewed,,
eighteenth,eighteenth,"num. 第十八;十八分之一 adj. 第十八的,第十八个的;十八分之一的",beijing_start1,beijing_start1:3年级上,1,,,keep-identity,reviewed,,
eighth,eighth,num. 第八;八分之一 adj. 第八的;八分之一的,beijing_start1,beijing_start1:3年级上,1,,,keep-identity,reviewed,,
eighty,eighty,"num. 八十 n. 八十;八十岁;八十年代 adj. 八十的,八十个的;八十岁的",beijing_start1,beijing_start1:3年级上,1,,,keep-identity,reviewed,,
elephant,elephant,n. 象;大号图画纸,beijing_start1|renjiao_start1,beijing_start1:1年级下|beijing_start1:2年级上|renjiao_start1:5年级上,3,cross-source-exact|multiple-occurrences,,keep-identity,reviewed,,
eleven,eleven,num. 十一;十一个 n. 十一;十一个 adj. 十一的;十一个的,beijing_start1|renjiao_start1,beijing_start1:2年级上|renjiao_start1:2年级下,2,cross-source-exact|multiple-occurrences,,keep-identity,reviewed,,
eleventh,eleventh,num. 第十一;十一分之一 n. 第十一;十一分之一 adj. 第十一的;十一分之一的,beijing_start1,beijing_start1:3年级上,1,,,keep-identity,reviewed,,
else,else,adj. 别的;其他的 adv. 其他;否则;另外,beijing_start1,beijing_start1:5年级下,1,,,keep-identity,reviewed,,
email,email,n. 电子信函 vt. 给...发电子邮件,beijing_start1,beijing_start1:5年级下,1,,,keep-identity,reviewed,,
engineer,engineer,n. 工程师;工兵;火车司机 vt. 设计;策划;精明地处理 vi. 设计;建造,beijing_start1,beijing_start1:5年级下,1,,,keep-identity,reviewed,,
english,English,n. 英语;英国人;英文;英格兰人 adj. 英国人的;英国的;英文的 vt. 把...译成英语,beijing_start1|renjiao_start1,beijing_start1:5年级上|renjiao_start1:3年级下,2,cross-source-exact|multiple-occurrences,,keep-identity,reviewed,,
english-chinese dictionary,English-Chinese dictionary,英汉字典;辞典;氏英字典,renjiao_start1,renjiao_start1:6年级下,1,multiword,,keep-identity,reviewed,,
enjoy,enjoy,"vt. 欣赏,享受;喜爱;使过得快活",beijing_start1|renjiao_start1,beijing_start1:5年级下|renjiao_start1:4年级上,2,cross-source-exact|multiple-occurrences,,keep-identity,reviewed,,
enough,enough,"n. 很多;充足 adj. 充足的 adv. 足够地,充足地 int. 够了!",beijing_start1,beijing_start1:4年级下,1,,,keep-identity,reviewed,,
eraser,eraser,n. 橡皮;擦除器;[计] 清除器,beijing_start1|renjiao_start1,beijing_start1:3年级上|renjiao_start1:4年级上,2,cross-source-exact|multiple-occurrences,,keep-identity,reviewed,,
evening,evening,n. 晚上;傍晚;(联欢性的)晚会;后期 adj. 在晚上的;为晚上的;晚上用的 int. 晚上好(等于good evening),beijing_start1|renjiao_start1,beijing_start1:2年级下|renjiao_start1:4年级上,2,cross-source-exact|multiple-occurrences,,keep-identity,reviewed,,
every,every,"adj. 每一的,每个的;每隔...的",beijing_start1,beijing_start1:3年级上,1,,,keep-identity,reviewed,,
every day,every day,na. 每日,renjiao_start1,renjiao_start1:2年级下,1,multiword,,keep-identity,reviewed,,
everyone,everyone,n. 每个人 pron. 每个人;人人,renjiao_start1,renjiao_start1:3年级下,1,,,keep-identity,reviewed,,每个人；人人
everywhere,everywhere,n. 每个地方 adv. 到处,renjiao_start1,renjiao_start1:5年级下,1,,,keep-identity,reviewed,,到处；处处
example,example,n. 例子;榜样 vt. 作为...的例子;为...做出榜样 vi. 举例,beijing_start1,beijing_start1:5年级下,1,,,keep-identity,reviewed,,
excited,excited,v. 激动;唤起(excite的过去分词) adj. 兴奋的;激动的;活跃的,beijing_start1|renjiao_start1,beijing_start1:5年级下|renjiao_start1:6年级上,2,cross-source-exact|multiple-occurrences,,keep-identity,reviewed,,
exciting,exciting,adj. 令人兴奋的;使人激动的 v. 激动;刺激(excite的ing形式);唤起,beijing_start1,beijing_start1:5年级下,1,,,keep-identity,reviewed,,
excuse,excuse,n. 借口;理由 vt. 原谅;为...申辩;给...免去 vi. 作为借口;请求宽恕;表示宽恕,beijing_start1,beijing_start1:4年级下,1,,,keep-identity,reviewed,,
excuse me,Excuse me,un. 请原谅;对不起,renjiao_start1,renjiao_start1:4年级上,1,multiword,,route-expression,reviewed,,对不起；打扰一下
exercise,exercise,n. 运动;练习;运用;操练;礼拜;典礼 vt. 锻炼;练习;使用;使忙碌;使惊恐 vi. 运动;练习,beijing_start1|renjiao_start1,beijing_start1:5年级下|renjiao_start1:5年级下,2,cross-source-exact|multiple-occurrences,,held,held,,
exercise book,exercise book,n. 练习本;练习册;作业本,renjiao_start1,renjiao_start1:5年级上,1,multiword,,keep-identity,reviewed,,
eye,eye,"n. 眼睛;视力;眼光;见解,观点 vt. 注视,看",beijing_start1|renjiao_start1,beijing_start1:1年级上|beijing_start1:2年级上|renjiao_start1:1年级上|renjiao_start1:3年级上,4,cross-source-exact|multiple-occurrences,,keep-identity,reviewed,,
face,face,n. 脸;表面;面子;面容;外观;威信 vi. 向;朝 vt. 面对;面向;承认;抹盖,beijing_start1|renjiao_start1,beijing_start1:6年级下|renjiao_start1:1年级上|renjiao_start1:3年级上,3,cross-source-exact|multiple-occurrences,,keep-identity,reviewed,,
fall,fall,n. 下降;秋天;瀑布 adj. 秋天的 vi. 落下;变成;来临;减弱 vt. 砍倒;击倒,renjiao_start1,renjiao_start1:6年级上,1,,,held,held,,
family,family,n. 家庭;亲属;家族;子女;[生]科;语族;[化]族 adj. 家庭的;家族的;适合于全家的,beijing_start1|renjiao_start1,beijing_start1:5年级上|renjiao_start1:3年级下,2,cross-source-exact|multiple-occurrences,,keep-identity,reviewed,,
famous,famous,"adj. 著名的;极好的,非常令人满意的",beijing_start1|renjiao_start1,beijing_start1:5年级下|renjiao_start1:6年级上,2,cross-source-exact|multiple-occurrences,,keep-identity,reviewed,,
fan,fan,n. 迷;风扇;爱好者 vt. 煽动;刺激;吹拂 vi. 成扇形散开;飘动,beijing_start1|renjiao_start1,beijing_start1:6年级下|renjiao_start1:6年级上,3,cross-source-exact|multiple-occurrences,,held,held,,
fantastic,fantastic,"n. 古怪的人 adj. 奇异的;空想的;异想天开的;古怪的;极好的,极出色的;不可思议的;不切实际的",renjiao_start1,renjiao_start1:5年级上,1,,,keep-identity,reviewed,,极好的；非常棒的
far,far,n. 远方 adj. 远的;久远的 adv. 很;遥远地;久远地;到很远的距离;到很深的程度,beijing_start1,beijing_start1:4年级下,1,,,keep-identity,reviewed,,
farm,farm,"n. 农场;农家;畜牧场 vt. 养殖;耕种;佃出(土地) vi. 种田,务农;经营农场",beijing_start1|renjiao_start1,beijing_start1:6年级上|renjiao_start1:5年级上,2,cross-source-exact|multiple-occurrences,,keep-identity,reviewed,,农场
farmer,farmer,"n. 农夫,农民",beijing_start1|renjiao_start1,beijing_start1:4年级上|renjiao_start1:4年级上,2,cross-source-exact|multiple-occurrences,,keep-identity,reviewed,,
fast,fast,"n. 斋戒;绝食 adj. 快速的,迅速的;紧的,稳固的 adv. 迅速地;紧紧地;彻底地 vi. 禁食,斋戒",beijing_start1|renjiao_start1,beijing_start1:5年级上|renjiao_start1:5年级上,2,cross-source-exact|multiple-occurrences,,keep-identity,reviewed,,快的；快地
father,father,"n. 父亲,爸爸;神父;祖先;前辈 vt. 发明,创立;当...的父亲",beijing_start1|renjiao_start1,beijing_start1:3年级下|renjiao_start1:2年级上|renjiao_start1:3年级下|renjiao_start1:4年级上,4,cross-source-exact|multiple-occurrences,,keep-identity,reviewed,,
father christmas,Father Christmas,na. 圣诞老人,renjiao_start1,renjiao_start1:2年级上,1,multiword,,keep-identity,reviewed,,
father's day,Father's Day,na. 〈美〉父亲节(每年六月的第三个星期日),renjiao_start1,renjiao_start1:5年级下,1,multiword,,keep-identity,reviewed,,
favourite,favourite,n. 特别喜爱的人(或物) adj. 特别受喜爱的,beijing_start1|renjiao_start1,beijing_start1:3年级下|renjiao_start1:2年级下,2,cross-source-exact|multiple-occurrences,,keep-identity,reviewed,,
february,February,n. 二月,beijing_start1|renjiao_start1,beijing_start1:3年级上|renjiao_start1:3年级上,2,cross-source-exact|multiple-occurrences,,keep-identity,reviewed,,
feed,feed,n. 饲料;饲养;(动物或婴儿的)一餐 vt. 喂养;供给;放牧;抚养(家庭等);靠...为生 vi. 吃东西;流入,beijing_start1,beijing_start1:6年级下,1,,,keep-identity,reviewed,,
feeding the fish,feeding the fish,喂鱼 晕船,renjiao_start1,renjiao_start1:3年级下,1,multiword,,reuse-identity,reviewed,feed the fish,
feet,feet,n. 脚(foot的复数形式);尺;韵脚,renjiao_start1,renjiao_start1:3年级上,1,morphology,foot,held,held,,
felt happy,felt happy,无,renjiao_start1,renjiao_start1:5年级下,1,multiword,,source-only,reviewed,,
fever,fever,"n. 发烧,发热;狂热 vt. 使发烧;使狂热;使患热病 vi. 发烧;狂热;患热病",beijing_start1,beijing_start1:4年级下,1,,,keep-identity,reviewed,,
fifteen,fifteen,n. 十五;十五个;十五人组成的橄榄球队 num. 十五 adj. 十五的,renjiao_start1,renjiao_start1:2年级下,1,,,keep-identity,reviewed,,十五
fifteenth,fifteenth,adj. 第十五的;十五分之一的 num. 第十五,beijing_start1|renjiao_start1,beijing_start1:3年级上|renjiao_start1:5年级下,2,cross-source-exact|multiple-occurrences,,keep-identity,reviewed,,
fifth,fifth,num. 第五 n. 第五;五分之一 adj. 第五的;五分之一的,beijing_start1|renjiao_start1,beijing_start1:3年级上|renjiao_start1:5年级下,2,cross-source-exact|multiple-occurrences,,keep-identity,reviewed,,
fifty,fifty,n. 五十;五十个;编号为50的东西 adj. 五十的;五十个的;众多的,beijing_start1|renjiao_start1,beijing_start1:2年级下|renjiao_start1:2年级下,2,cross-source-exact|multiple-occurrences,,keep-identity,reviewed,,
film,film,n. 电影;薄膜;胶卷;轻烟 vt. 在...上覆以薄膜;把...拍成电影 vi. 摄制电影;生薄膜;变得朦胧,beijing_start1|renjiao_start1,beijing_start1:2年级上|renjiao_start1:4年级上,2,cross-source-exact|multiple-occurrences,,keep-identity,reviewed,,
find,find,"n. 发现 vi. 裁决 vt. 查找,找到;发现;认为;感到;获得",beijing_start1|renjiao_start1,beijing_start1:2年级下|renjiao_start1:4年级上|renjiao_start1:6年级上,3,cross-source-exact|multiple-occurrences,,keep-identity,reviewed,,
fine,fine,"n. 罚款 adj. 好的;优良的;细小的,精美的;健康的;晴朗的 vt. 罚款;澄清 adv. 很好地;精巧地",beijing_start1,beijing_start1:4年级上,1,,,keep-identity,reviewed,,
finish,finish,"n. 结束;完美;回味(葡萄酒) vt. 完成;结束;用完 vi. 结束,终止;终结",beijing_start1,beijing_start1:5年级上,1,,,keep-identity,reviewed,,
first,first,num. 第一 n. 第一;开始;冠军 adj. 第一的;基本的;最早的 adv. 第一;首先;优先;宁愿,beijing_start1|renjiao_start1,beijing_start1:3年级上|renjiao_start1:3年级上|renjiao_start1:3年级下,3,cross-source-exact|multiple-occurrences,,keep-identity,reviewed,,
fish,fish,"n. 鱼,鱼类 vt. 钓鱼,捕鱼;搜寻 vi. 捕鱼,钓鱼;用钩捞取",beijing_start1|renjiao_start1,beijing_start1:1年级上|beijing_start1:2年级下|renjiao_start1:1年级下|renjiao_start1:3年级上|renjiao_start1:6年级上,6,cross-source-exact|multiple-occurrences,,held,held,,
five,five,"num. 五,五个 n. 五,五个;五美元钞票 adj. 五的;五个的",beijing_start1|renjiao_start1,beijing_start1:2年级下|renjiao_start1:1年级上,2,cross-source-exact|multiple-occurrences,,keep-identity,reviewed,,
fix,fix,n. 困境;方位;贿赂 vt. 使固定;修理;安装;准备 vi. 固定;注视,beijing_start1,beijing_start1:4年级下,1,,,keep-identity,reviewed,,
flag,flag,n. 标志;旗子 vt. 标记;插旗 vi. 标记;衰退;枯萎,beijing_start1,beijing_start1:1年级下|beijing_start1:3年级下,2,multiple-occurrences,,keep-identity,reviewed,,
floor,floor,"n. 地板,地面;楼层;基底;议员席 vt. 铺地板;打倒,击倒;(被困难)难倒",beijing_start1|renjiao_start1,beijing_start1:4年级下|renjiao_start1:3年级下,2,cross-source-exact|multiple-occurrences,,keep-identity,reviewed,,
flower,flower,"n. 花;精华;开花植物 vt. 使开花;用花装饰 vi. 成熟,发育;开花;繁荣;旺盛",beijing_start1|renjiao_start1,beijing_start1:6年级下|renjiao_start1:2年级上,2,cross-source-exact|multiple-occurrences,,keep-identity,reviewed,,
flower show,flower show,na. 花卉展览,renjiao_start1,renjiao_start1:5年级下,1,multiword,,keep-identity,reviewed,,
flu,flu,n. 流感,beijing_start1,beijing_start1:4年级下,1,,,keep-identity,reviewed,,
fly,fly,n. 飞行;苍蝇;两翼昆虫 adj. 敏捷的 vi. 飞;驾驶飞机;飘扬 vt. 飞行;飞越;使飘扬,beijing_start1,beijing_start1:3年级下,1,,,keep-identity,reviewed,,
fly a kite,fly a kite,na. 放风筝;试探舆论;开空头支票;〈美〉(从狱中)非法寄出信件,renjiao_start1,renjiao_start1:2年级下|renjiao_start1:3年级下,2,multiple-occurrences|multiword,,keep-identity,reviewed,,
foggy,foggy,"adj. 有雾的;模糊的,朦胧的",renjiao_start1,renjiao_start1:6年级上,1,,,keep-identity,reviewed,,
follow,follow,"n. 跟随;追随 vi. 跟随;接着 vt. 跟随;遵循;追求;密切注意,注视;注意;倾听",beijing_start1,beijing_start1:5年级下,1,,,keep-identity,reviewed,,
food,food,n. 食物;养料,beijing_start1,beijing_start1:3年级下,1,,,keep-identity,reviewed,,
foot,foot,n. 脚;英尺;步调;末尾 vt. 支付;给......换底 vi. 步行;跳舞;总计,beijing_start1|renjiao_start1,beijing_start1:1年级上|renjiao_start1:3年级上,2,cross-source-exact|multiple-occurrences|morphology,feet,keep-identity,reviewed,,
football,football,"n. 足球,橄榄球 vi. 踢足球;打橄榄球",beijing_start1,beijing_start1:3年级上|beijing_start1:6年级上,2,multiple-occurrences,,keep-identity,reviewed,,
for,for,"prep. 为,为了;因为;给;对于;至于;适合于 conj. 因为",beijing_start1|renjiao_start1,beijing_start1:2年级下|renjiao_start1:2年级上|renjiao_start1:3年级上,3,cross-source-exact|multiple-occurrences,,keep-identity,reviewed,,
for rent,for rent,na. 出租的;招租,renjiao_start1,renjiao_start1:3年级下,1,multiword,,keep-identity,reviewed,,
forest,forest,"n. 森林 vt. 植树于,使成为森林",beijing_start1|renjiao_start1,beijing_start1:5年级下|renjiao_start1:6年级上,2,cross-source-exact|multiple-occurrences,,keep-identity,reviewed,,
forget,forget,vi. 忘记 vt. 忘记;忽略,beijing_start1|renjiao_start1,beijing_start1:5年级上|renjiao_start1:5年级上,2,cross-source-exact|multiple-occurrences,,keep-identity,reviewed,,
forty,forty,n. 四十 adj. 四十的;四十个的,beijing_start1|renjiao_start1,beijing_start1:3年级上|renjiao_start1:2年级下,2,cross-source-exact|multiple-occurrences,,keep-identity,reviewed,,
four,four,num. 四;四个 adj. 四的;四个的,beijing_start1|renjiao_start1,beijing_start1:2年级上|renjiao_start1:1年级上,2,cross-source-exact|multiple-occurrences,,keep-identity,reviewed,,
fourteen,fourteen,num. 十四;十四个;第十四 n. 十四的记号;十四岁;十四点钟;十五世纪,renjiao_start1,renjiao_start1:2年级下,1,,,keep-identity,reviewed,,十四
fourteenth,fourteenth,num. 第十四 n. 第十四;月的第十四日;十四分之一 adj. 第十四的;第十四个的,beijing_start1,beijing_start1:3年级上,1,,,keep-identity,reviewed,,
fourth,fourth,"num. 第四 n. 第四,月的第四日;四分之一 adj. 第四的,第四个的;四分之一的",beijing_start1,beijing_start1:3年级上,1,,,keep-identity,reviewed,,
fox,fox,n. 狐狸;狡猾的人 vt. 欺骗;使变酸 vi. 假装;耍狡猾手段,beijing_start1,beijing_start1:1年级下,1,,,keep-identity,reviewed,,
free,free,"adj. 免费的;自由的,不受约束的;[化学] 游离的 vt. 使自由,解放;释放 adv. 自由地;免费",renjiao_start1,renjiao_start1:4年级下,1,,,keep-identity,reviewed,,空闲的；有空的
french,French,n. 法国人;法语 adj. 法国的;法语的;法国人的,renjiao_start1,renjiao_start1:6年级上,2,multiple-occurrences,,split-required,reviewed,,
french fries,French fries,n. 【食】炸薯条,renjiao_start1,renjiao_start1:5年级下,1,multiword,,keep-identity,reviewed,,
friday,Friday,n. 星期五,beijing_start1|renjiao_start1,beijing_start1:6年级下|renjiao_start1:2年级下|renjiao_start1:4年级上,3,cross-source-exact|multiple-occurrences,,keep-identity,reviewed,,
fridge,fridge,n. 电冰箱,beijing_start1,beijing_start1:2年级下,1,,,keep-identity,reviewed,,
friend,friend,n. 朋友;助手;赞助者,beijing_start1|renjiao_start1,beijing_start1:5年级上|renjiao_start1:2年级上|renjiao_start1:4年级上,3,cross-source-exact|multiple-occurrences,,keep-identity,reviewed,,
friendly,friendly,"adj. 友好的;亲切的;支持的;融洽的,和睦的 adv. 友善地;温和地",beijing_start1|renjiao_start1,beijing_start1:6年级下|renjiao_start1:5年级上,2,cross-source-exact|multiple-occurrences,,keep-identity,reviewed,,
frog,frog,n. 青蛙;[铁路] 辙叉;饰扣 vi. 捕蛙,renjiao_start1,renjiao_start1:6年级下,1,,,keep-identity,reviewed,,青蛙
from,from,"prep. 来自,从;由于;今后",beijing_start1,beijing_start1:3年级下,1,,,keep-identity,reviewed,,
front,front,n. 前面;正面;前线 adj. 前面的;正面的 vt. 面对;朝向;对付 vi. 朝向 adv. 在前面;向前,beijing_start1,beijing_start1:4年级下,1,,,keep-identity,reviewed,,
fruit,fruit,n. 水果;产物 vt. 使......结果实 vi. 结果实,beijing_start1|renjiao_start1,beijing_start1:5年级上|renjiao_start1:3年级上,2,cross-source-exact|multiple-occurrences,,keep-identity,reviewed,,
fun,fun,n. 乐趣;玩笑;有趣的人或事 adj. 供娱乐用的 vi. 开玩笑,beijing_start1|renjiao_start1,beijing_start1:3年级下|renjiao_start1:4年级上,2,cross-source-exact|multiple-occurrences,,keep-identity,reviewed,,
garden,garden,n. 花园;菜园 vt. 栽培花木 vi. 从事园艺;在园中种植,beijing_start1|renjiao_start1,beijing_start1:6年级下|renjiao_start1:4年级上|renjiao_start1:6年级上,3,cross-source-exact|multiple-occurrences,,keep-identity,reviewed,,
gate,gate,n. 大门;出入口;门道 vt. 给...装大门,beijing_start1|renjiao_start1,beijing_start1:1年级上|renjiao_start1:4年级上,2,cross-source-exact|multiple-occurrences,,keep-identity,reviewed,,
get,get,n. 生殖;幼兽 vi. 成为;变得;到达 vt. 使得|n. 生殖;幼兽 vi. 成为;变得;到达 vt. 使得;获得;受到;变成,beijing_start1|renjiao_start1,beijing_start1:4年级上|renjiao_start1:4年级下,2,cross-source-exact|multiple-occurrences,,held,held,,
get to,get to,na. 接触到;开始;〈美口〉收买,renjiao_start1,renjiao_start1:4年级下,1,multiword,,held,held,,
get up,get up,na. 起床;起身;站起来;叫...起床,renjiao_start1,renjiao_start1:2年级下|renjiao_start1:4年级上,2,multiple-occurrences|multiword,,keep-identity,reviewed,,
get well,get well,na. 复原,beijing_start1,beijing_start1:4年级上,1,multiword,,keep-identity,reviewed,,
gift,gift,n. 礼物;天赋;赠品 vt. 赋予;向...赠送,beijing_start1,beijing_start1:1年级下|beijing_start1:3年级上,2,multiple-occurrences,,keep-identity,reviewed,,
girl,girl,"n. 女孩;姑娘,未婚女子;女职员,女演员;(男人的)女朋友 n. (捷)吉尔",beijing_start1|renjiao_start1,beijing_start1:1年级上|beijing_start1:3年级上|renjiao_start1:2年级上,3,cross-source-exact|multiple-occurrences,,keep-identity,reviewed,,
glad,glad,adj. 高兴的;乐意的;令人高兴的;灿烂美丽的 vt. 使高兴,beijing_start1,beijing_start1:4年级上,1,,,keep-identity,reviewed,,
glass,glass,n. 玻璃;玻璃制品;镜子 vt. 反映;给某物加玻璃 vi. 成玻璃状,beijing_start1,beijing_start1:4年级上,1,morphology,glasses,keep-identity,reviewed,,
glasses,glasses,n. [轻] 眼镜;玻璃(glass的复数形式);双筒望远镜 v. 把...装入玻璃容器内;给...装上玻璃(glass的第三人称单数形式),beijing_start1,beijing_start1:6年级上,1,morphology,glass,keep-identity,reviewed,,
gloves,gloves,n. [服装] 手套(glove的复数) v. 给...戴手套(glove的三单形式),renjiao_start1,renjiao_start1:3年级上,1,,,reuse-identity,reviewed,glove,
glue stick,glue stick,n. 胶棒,renjiao_start1,renjiao_start1:4年级上,1,multiword,,keep-identity,reviewed,,
go,go,n. 去;进行;尝试 vi. 走;达到;运转;趋于 vt. 忍受;出产;以...打赌 [复数 goes 第三人称单数 goes 过去式 went 过去分词 gone 现在分词 going],beijing_start1|renjiao_start1,beijing_start1:2年级上|renjiao_start1:2年级上,2,cross-source-exact|multiple-occurrences,,keep-identity,reviewed,,
go boating,go boating,na. 乘船〔尤指划船〕游玩,renjiao_start1,renjiao_start1:4年级下,1,multiword,,keep-identity,reviewed,,
go camping,go camping,去野营;去露营;宿营,renjiao_start1,renjiao_start1:4年级下,1,multiword,,keep-identity,reviewed,,
go fishing,go fishing,去钓鱼;垂钓;我以前常去钓鱼,renjiao_start1,renjiao_start1:4年级上,1,multiword,,keep-identity,reviewed,,
go for a picnic,go for a picnic,去野餐;去野炊;出去野炊,renjiao_start1,renjiao_start1:4年级下,1,multiword,,keep-identity,reviewed,,
go home,go home,na. 回家;〈口〉死;(忠告等)刻骨铭心;击中,renjiao_start1,renjiao_start1:2年级下,1,multiword,,keep-identity,reviewed,,
go skating,go skating,去滑冰;去溜冰;滑雪,renjiao_start1,renjiao_start1:4年级下,1,multiword,,keep-identity,reviewed,,
go straight,go straight,na. 笔直走,renjiao_start1,renjiao_start1:4年级下,1,multiword,,keep-identity,reviewed,,
go to a drawing club,go to a drawing club,无,renjiao_start1,renjiao_start1:4年级上,1,multiword,,keep-identity,reviewed,,
go to bed,go to bed,na. 睡;同床;【印】付印,renjiao_start1,renjiao_start1:2年级下|renjiao_start1:5年级下,2,multiple-occurrences|multiword,,keep-identity,reviewed,,
go to school,go to school,na. 到校上课;上学去;开始求学,renjiao_start1,renjiao_start1:2年级下,1,multiword,,keep-identity,reviewed,,
go to the cinema,go to the cinema,去看电影;去电影院;上电影院,renjiao_start1,renjiao_start1:4年级上,1,multiword,,keep-identity,reviewed,,
gold,gold,"n. 金,黄金;金色;金币 adj. 金的,金制的;金色的",beijing_start1,beijing_start1:3年级上,1,,,keep-identity,reviewed,,
golf,golf,n. 高尔夫球;高尔夫球运动 vi. 打高尔夫球,beijing_start1,beijing_start1:5年级上,1,,,keep-identity,reviewed,,
good,good,n. 好处;善行;慷慨的行为 adj. 好的;优良的;愉快的;虔诚的 adv. 好,beijing_start1,beijing_start1:2年级下,1,,,keep-identity,reviewed,,
goodbye,goodbye,int. 再见 放弃 告别,beijing_start1,beijing_start1:6年级上,1,,,keep-identity,reviewed,,
grade,grade,n. 年级;等级;成绩;级别;阶段 vt. 评分;把...分等级 vi. 分等级;逐渐变化,renjiao_start1,renjiao_start1:3年级上,1,,,keep-identity,reviewed,,年级
grandfather,grandfather,n. 祖父;始祖 vt. 不受新规定限制,beijing_start1|renjiao_start1,beijing_start1:2年级上|renjiao_start1:2年级上|renjiao_start1:3年级下,3,cross-source-exact|multiple-occurrences,,keep-identity,reviewed,,
grandma,grandma,n. 奶奶;外婆,beijing_start1,beijing_start1:2年级上,1,,,keep-identity,reviewed,,
grandmother,grandmother,n. 祖母;女祖先 vt. 当...的祖母 vi. 当祖母,beijing_start1|renjiao_start1,beijing_start1:2年级上|renjiao_start1:2年级上|renjiao_start1:3年级下,3,cross-source-exact|multiple-occurrences,,keep-identity,reviewed,,
grandpa,grandpa,n. 爷爷;外公,beijing_start1,beijing_start1:2年级上,1,,,keep-identity,reviewed,,
grapes,grapes,n. [园艺] 葡萄(grape的复数),beijing_start1,beijing_start1:1年级下,1,,,keep-identity,reviewed,,
grass,grass,"n. 草;草地,草坪 vt. 放牧;使......长满草;使......吃草 vi. 长草",beijing_start1|renjiao_start1,beijing_start1:6年级下|renjiao_start1:2年级上,2,cross-source-exact|multiple-occurrences,,keep-identity,reviewed,,
great,great,"n. 大师;大人物;伟人们 adj. 伟大的,重大的;极好的,好的;主要的",beijing_start1|renjiao_start1,beijing_start1:3年级下|renjiao_start1:4年级上|renjiao_start1:5年级上,3,cross-source-exact|multiple-occurrences,,keep-identity,reviewed,,
green,green,n. 绿色;青春 adj. 绿色的;青春的 vt. 使...变绿色 vi. 变绿色,beijing_start1|renjiao_start1,beijing_start1:2年级下|renjiao_start1:1年级上|renjiao_start1:4年级上,3,cross-source-exact|multiple-occurrences,,keep-identity,reviewed,,
grey,grey,n. 灰色 adj. 灰色的;灰白的 vt. 使变成灰色;使变老 vi. 变成灰色;老化,beijing_start1,beijing_start1:4年级下,1,,,keep-identity,reviewed,,
grocery,grocery,n. 食品杂货店 食品杂货,renjiao_start1,renjiao_start1:4年级下,1,,,keep-identity,reviewed,,
ground,ground,n. 地面;土地;范围;战场;根据 v. 研磨(grind的过去分词);压迫 adj. 土地的;地面上的;磨碎的;磨过的 vt. 使接触地面;打基础;使搁浅 vi. 着陆;搁浅,beijing_start1,beijing_start1:6年级下,1,,,keep-identity,reviewed,,
guess,guess,n. 猜测;推测 vi. 猜;推测;猜中 vt. 猜测;认为;推测;猜中 n. 盖尔斯(美国服装品牌),renjiao_start1,renjiao_start1:5年级上,1,,,keep-identity,reviewed,,猜；猜测
gym,gym,n. 健身房;体育;体育馆,beijing_start1,beijing_start1:6年级下,1,,,keep-identity,reviewed,,
habit,habit,"n. 习惯,习性;嗜好 vt. 使穿衣",renjiao_start1,renjiao_start1:6年级下,1,,,keep-identity,reviewed,,习惯
hair,hair,n. 头发;毛发;些微 adj. 毛发的;护理毛发的;用毛发制成的 vt. 除去...的毛发 vi. 生长毛发;形成毛状纤维,beijing_start1|renjiao_start1,beijing_start1:1年级下|beijing_start1:2年级上|renjiao_start1:3年级上,3,cross-source-exact|multiple-occurrences,,keep-identity,reviewed,,
half,half,n. 一半;半场;半学年 adj. 一半的;不完全的;半途的 adv. 一半地;部分地,beijing_start1,beijing_start1:5年级上,1,,,keep-identity,reviewed,,
hamburger,hamburger,"n. 汉堡包,火腿汉堡;牛肉饼,肉饼;碎牛肉",beijing_start1|renjiao_start1,beijing_start1:4年级上|renjiao_start1:4年级上,2,cross-source-exact|multiple-occurrences,,keep-identity,reviewed,,
hand,hand,"n. 手,手艺;帮助;指针;插手 vt. 传递,交给;支持;搀扶",beijing_start1|renjiao_start1,beijing_start1:2年级上|renjiao_start1:3年级上,2,cross-source-exact|multiple-occurrences,,keep-identity,reviewed,,
handsome,handsome,"adj. (男子)英俊的;可观的;大方的,慷慨的;健美而端庄的",renjiao_start1,renjiao_start1:2年级上|renjiao_start1:3年级下,2,multiple-occurrences,,keep-identity,reviewed,,英俊的；帅气的
happen,happen,vi. 发生;碰巧;偶然遇到,beijing_start1,beijing_start1:4年级下,1,,,keep-identity,reviewed,,
happened,happened,"v. 发生(happen的过去式,过去分词)",beijing_start1,beijing_start1:4年级下,1,,,keep-identity,reviewed,,
happy,happy,adj. 幸福的;高兴的;巧妙的,renjiao_start1,renjiao_start1:2年级上|renjiao_start1:6年级上,2,multiple-occurrences,,keep-identity,reviewed,,高兴的；开心的
hard,hard,adj. 努力的;硬的;困难的;辛苦的;确实的;严厉的;猛烈的;冷酷无情的 adv. 努力地;困难地;辛苦地;接近地;猛烈地;牢固地,beijing_start1,beijing_start1:3年级下,1,,,keep-identity,reviewed,,
has,has,"v. 有,吃,得到,从事,允许,雇用,享有(have的第三人称单数);(亲属关系中)接受;拿;买到",beijing_start1|renjiao_start1,beijing_start1:4年级下|renjiao_start1:5年级上,2,cross-source-exact|multiple-occurrences,,keep-identity,reviewed,,
have,have,aux. 已经 vt. 有;让;拿;从事;允许,beijing_start1|renjiao_start1,beijing_start1:5年级下|renjiao_start1:1年级上,2,cross-source-exact|multiple-occurrences,,keep-identity,reviewed,,
have a picnic,have a picnic,举行野餐;去野餐;吃野餐,renjiao_start1,renjiao_start1:5年级下,1,multiword,,keep-identity,reviewed,,
he,he,"n. 男孩,男人;它(雄性动物) pron. 他",beijing_start1|renjiao_start1,beijing_start1:2年级下|renjiao_start1:2年级上,2,cross-source-exact|multiple-occurrences,,keep-identity,reviewed,,
head,head,n. 头;头痛;上端;最前的部分;理解力 adj. 头的;主要的;在顶端的 vt. 前进;用头顶;作为...的首领;站在...的前头;给...加标题 vi. 出发;成头状物;船驶往,beijing_start1|renjiao_start1,beijing_start1:1年级下|beijing_start1:6年级下|renjiao_start1:3年级上,3,cross-source-exact|multiple-occurrences,,keep-identity,reviewed,,
headache,headache,n. 头痛;麻烦;令人头痛之事,beijing_start1|renjiao_start1,beijing_start1:4年级下|renjiao_start1:5年级下,2,cross-source-exact|multiple-occurrences,,keep-identity,reviewed,,
healthy,healthy,"adj. 健康的,健全的;有益于健康的",beijing_start1,beijing_start1:4年级上,1,,,keep-identity,reviewed,,
hear,hear,"vi. 听;听见 vt. 听到,听;听说;审理",beijing_start1|renjiao_start1,beijing_start1:3年级下|renjiao_start1:6年级上,2,cross-source-exact|multiple-occurrences,,keep-identity,reviewed,,听见；听到
heavy,heavy,"n. 重物;严肃角色 adj. 沉重的;繁重的,巨大的;拥挤的;阴沉的 adv. 大量地;笨重地",beijing_start1,beijing_start1:6年级下,1,,,keep-identity,reviewed,,
hello,hello,"n. 表示问候, 惊奇或唤起注意时的用语 int. 喂;哈罗",beijing_start1,beijing_start1:2年级下,1,,,keep-identity,reviewed,,
help,help,n. 帮助;补救办法;帮忙者;有益的东西 vt. 帮助;促进;治疗;补救 vi. 帮助;有用;招待,renjiao_start1,renjiao_start1:3年级上,1,,,keep-identity,reviewed,,帮助；帮忙
helpful,helpful,adj. 有帮助的;有益的,renjiao_start1,renjiao_start1:5年级上,1,,,keep-identity,reviewed,,
her,her,pron. 她(she的宾格);她的(she的所有格);她(指某个国家;一艘船),beijing_start1|renjiao_start1,beijing_start1:2年级上|renjiao_start1:2年级上,2,cross-source-exact|multiple-occurrences,,keep-identity,reviewed,,
here,here,n. 这里 adv. 在这里;此时 int. 嘿!;喂!,renjiao_start1,renjiao_start1:2年级上,1,,,held,held,,
hi,hi,int. 嗨!(表示问候或用以唤起注意),beijing_start1,beijing_start1:3年级上,1,,,keep-identity,reviewed,,
high,high,n. 高水平;天空;由麻醉品引起的快感;高压地带 adj. 高的;高级的;崇高的;高音调的 adv. 高;奢侈地,beijing_start1,beijing_start1:3年级上,1,,,keep-identity,reviewed,,
hiking,hiking,n. 徒步旅行,renjiao_start1,renjiao_start1:6年级上,1,,,keep-identity,reviewed,,
hill,hill,n. 小山;丘陵;斜坡;山冈,beijing_start1|renjiao_start1,beijing_start1:6年级上|renjiao_start1:2年级上,2,cross-source-exact|multiple-occurrences,,keep-identity,reviewed,,
him,him,pron. 他(宾格),beijing_start1,beijing_start1:5年级上,1,,,keep-identity,reviewed,,
his,his,pron. 他的,beijing_start1|renjiao_start1,beijing_start1:2年级上|renjiao_start1:2年级上,2,cross-source-exact|multiple-occurrences,,keep-identity,reviewed,,
history,history,"n. 历史,历史学;历史记录;来历",beijing_start1,beijing_start1:6年级上,1,,,keep-identity,reviewed,,
hobby,hobby,n. 嗜好;业余爱好,beijing_start1|renjiao_start1,beijing_start1:6年级上|renjiao_start1:4年级下,2,cross-source-exact|multiple-occurrences,,keep-identity,reviewed,,
hockey,hockey,n. 曲棍球;冰球,renjiao_start1,renjiao_start1:6年级下,1,,,keep-identity,reviewed,,
hold,hold,"n. 控制;保留 vi. 支持;有效;持续 vt. 持有;拥有;保存;拘留;约束或控制 又作“Hold住”使用,中英混用词汇,表示轻松掌控全局。 [ 过去式 held 过去分词 held或holden 现在分词 holding ]",beijing_start1,beijing_start1:6年级上,1,,,keep-identity,reviewed,,
holiday,holiday,n. 假日;节日;休息日 vi. 外出度假,beijing_start1,beijing_start1:3年级上,1,,,keep-identity,reviewed,,
home,home,"n. 家,住宅;产地;家乡;避难所 adj. 国内的,家庭的;有效的 vt. 归巢,回家 adv. 在家,回家;深入地",beijing_start1|renjiao_start1,beijing_start1:2年级下|renjiao_start1:3年级下,2,cross-source-exact|multiple-occurrences,,keep-identity,reviewed,,
homework,homework,"n. 家庭作业,课外作业",beijing_start1,beijing_start1:5年级上,1,,,keep-identity,reviewed,,
hope,hope,n. 希望;期望;信心 vi. 希望;期待;信赖 vt. 希望;期望,renjiao_start1,renjiao_start1:4年级上,1,,,held,held,,
horse,horse,n. 马;骑兵;脚架;海洛因 vt. 使骑马;系马于;捉弄 vi. 骑马;作弄人,beijing_start1|renjiao_start1,beijing_start1:6年级上|renjiao_start1:5年级上,2,cross-source-exact|multiple-occurrences,,keep-identity,reviewed,,
hospital,hospital,n. 医院,beijing_start1|renjiao_start1,beijing_start1:3年级下|renjiao_start1:2年级上|renjiao_start1:4年级下,3,cross-source-exact|multiple-occurrences,,keep-identity,reviewed,,
hot,hot,adj. 热的;辣的;热情的;激动的;紧迫的 vt. 增加;给...加温 adv. 热;紧迫地 vi. 变热,beijing_start1|renjiao_start1,beijing_start1:3年级上|renjiao_start1:2年级下,2,cross-source-exact|multiple-occurrences,,keep-identity,reviewed,,
hot pot,hot pot,na. 〈英〉马铃薯炖牛[羊]肉,renjiao_start1,renjiao_start1:6年级下,1,multiword,,keep-identity,reviewed,,火锅
hotel,hotel,"n. 旅馆,饭店;客栈 vt. 使...在饭店下榻 vi. 进行旅馆式办公",beijing_start1|renjiao_start1,beijing_start1:6年级上|renjiao_start1:4年级下,2,cross-source-exact|multiple-occurrences,,keep-identity,reviewed,,
hour,hour,n. 小时;钟头;课时;...点钟,beijing_start1,beijing_start1:5年级下,1,,,keep-identity,reviewed,,
house,house,n. 住宅;家庭;机构;议会;某种用途的建筑物 vt. 覆盖;给...房子住;把...储藏在房内 vi. 住,beijing_start1|renjiao_start1,beijing_start1:1年级上|beijing_start1:3年级上|renjiao_start1:4年级上,3,cross-source-exact|multiple-occurrences,,keep-identity,reviewed,,
housework,housework,n. 家务事,beijing_start1,beijing_start1:4年级上,1,,,keep-identity,reviewed,,
how,how,adv. 如何;多少;多么 n. 方法;方式 conj. 如何,beijing_start1|renjiao_start1,beijing_start1:2年级下|renjiao_start1:1年级上,2,cross-source-exact|multiple-occurrences,,keep-identity,reviewed,,
how many,how many,na. 多少,beijing_start1,beijing_start1:2年级上,1,multiword,,keep-identity,reviewed,,多少（询问可数数量）
how much,how much,conj. 多少,beijing_start1|renjiao_start1,beijing_start1:4年级上|renjiao_start1:5年级上,2,cross-source-exact|multiple-occurrences|multiword,,keep-identity,reviewed,,
how old,how old,conj. 多少岁,renjiao_start1,renjiao_start1:3年级上,1,multiword|format-alias,how old ...?,reuse-identity,reviewed,how old ...?,
how old ...?,How old ...?,conj. 多少岁,beijing_start1,beijing_start1:3年级上,1,multiword|punctuated|format-alias,how old,keep-identity,reviewed,,
hundred,hundred,num. 百;百个 n. 一百;许多 adj. 一百的;许多的,beijing_start1,beijing_start1:3年级上,1,,,keep-identity,reviewed,,
hungry,hungry,adj. 饥饿的;渴望的;荒年的;不毛的,beijing_start1|renjiao_start1,beijing_start1:2年级下|renjiao_start1:1年级下,2,cross-source-exact|multiple-occurrences,,keep-identity,reviewed,,
hurt,hurt,n. 痛苦;危害;痛苦的原因 vt. 使受伤;损害;使疼痛;使痛心 adj. 受伤的;痛苦的;受损的 vi. 感到疼痛;有坏处;带来痛苦,beijing_start1|renjiao_start1,beijing_start1:4年级下|renjiao_start1:3年级上|renjiao_start1:6年级上,3,cross-source-exact|multiple-occurrences,,keep-identity,reviewed,,
hut,hut,n. 小屋;临时营房 vt. 使住在小屋中;驻扎 vi. 住在小屋中;驻扎,beijing_start1,beijing_start1:1年级上,1,,,keep-identity,reviewed,,
i,I,n. 碘元素;英语字母I pron. 我,beijing_start1|renjiao_start1,beijing_start1:2年级上|renjiao_start1:1年级上,2,cross-source-exact|multiple-occurrences,,keep-identity,reviewed,,
ice,ice,n. 冰;冰淇淋;矜持;(俚)钻石 adj. 冰的 vt. 冰镇;结冰 vi. 结冰,beijing_start1,beijing_start1:1年级下|beijing_start1:4年级上,2,multiple-occurrences,,keep-identity,reviewed,,
ice cream,ice cream,n. 【食】冰淇淋,beijing_start1,beijing_start1:1年级下|beijing_start1:2年级下,2,multiple-occurrences|multiword,,reuse-identity,reviewed,ice-cream,冰淇淋
ice lantern,ice lantern,无,renjiao_start1,renjiao_start1:6年级上,1,multiword,,keep-identity,reviewed,,冰灯
ice-cream,ice-cream,"a. 冰淇淋的, 乳白色的",renjiao_start1,renjiao_start1:3年级上,1,,,keep-identity,reviewed,,
idea,idea,n. 想法;主意;概念,beijing_start1|renjiao_start1,beijing_start1:6年级下|renjiao_start1:6年级下,2,cross-source-exact|multiple-occurrences,,keep-identity,reviewed,,
ill,ill,n. 疾病;不幸 adj. 生病的;坏的;邪恶的;不吉利的 adv. 不利地;恶劣地;几乎不,beijing_start1|renjiao_start1,beijing_start1:6年级下|renjiao_start1:6年级上,2,cross-source-exact|multiple-occurrences,,keep-identity,reviewed,,
in,in,prep. 按照(表示方式);从事于;在...之内 n. 执政者;门路;知情者 adj. 在里面的;时髦的 adv. 进入;当选;(服装等)时髦;在屋里,beijing_start1|renjiao_start1,beijing_start1:2年级上|renjiao_start1:1年级下,2,cross-source-exact|multiple-occurrences,,keep-identity,reviewed,,
in one hour,in one hour,无,renjiao_start1,renjiao_start1:3年级下,1,multiword,,keep-identity,reviewed,,
in the future,in the future,adv. 今后,renjiao_start1,renjiao_start1:4年级上,1,multiword,,keep-identity,reviewed,,
information centre,Information Centre,信息中心;资讯中心;情报中心,renjiao_start1,renjiao_start1:4年级上,1,multiword,,keep-identity,reviewed,,
insect,insect,n. 昆虫;卑鄙的人,renjiao_start1,renjiao_start1:6年级上,1,,,keep-identity,reviewed,,
interesting,interesting,"adj. 有趣的;引起兴趣的,令人关注的",beijing_start1|renjiao_start1,beijing_start1:4年级上|renjiao_start1:4年级上,2,cross-source-exact|multiple-occurrences,,keep-identity,reviewed,,
into,into,prep. 到...里;深入...之中;成为...状况;进入到...之内,renjiao_start1,renjiao_start1:5年级下,1,,,keep-identity,reviewed,,
invent,invent,vt. 发明;创造;虚构,renjiao_start1,renjiao_start1:6年级上,1,,,keep-identity,reviewed,,
invention,invention,n. 发明;发明物;虚构;发明才能,renjiao_start1,renjiao_start1:6年级上,1,,,keep-identity,reviewed,,
inventor,inventor,n. 发明家;[专利] 发明人;创造者,renjiao_start1,renjiao_start1:6年级上,1,,,keep-identity,reviewed,,
invite,invite,"n. 邀请 vt. 邀请,招待;招致",beijing_start1,beijing_start1:6年级下,1,,,keep-identity,reviewed,,
is,is,v. 是(be的三单形式) n. 存在,beijing_start1|renjiao_start1,beijing_start1:2年级上|renjiao_start1:1年级上,2,cross-source-exact|multiple-occurrences,,keep-identity,reviewed,,
it,it,abbr. 信息技术information technology abbr. 意大利Italy;意大利的Italian,beijing_start1|renjiao_start1,beijing_start1:2年级上|renjiao_start1:1年级上,2,cross-source-exact|multiple-occurrences,,keep-identity,reviewed,,
its,its,pron. 它的,beijing_start1,beijing_start1:5年级下,1,,,keep-identity,reviewed,,
jacket,jacket,"n. 羽绒滑雪衫;西装短外套;短上衣,夹克;土豆皮;书籍的护封;文件套,公文夹 vt. 给...穿夹克;给...装护套;给...包上护封;〈口〉打",beijing_start1|renjiao_start1,beijing_start1:2年级下|renjiao_start1:3年级上,2,cross-source-exact|multiple-occurrences,,keep-identity,reviewed,,
jam,jam,"n. 果酱;拥挤;困境;扣篮 vt. 使堵塞;挤进,使塞满;混杂;压碎 vi. 堵塞;轧住",beijing_start1,beijing_start1:1年级下,1,,,keep-identity,reviewed,,
january,January,n. 一月,beijing_start1|renjiao_start1,beijing_start1:3年级上|renjiao_start1:3年级上,2,cross-source-exact|multiple-occurrences,,keep-identity,reviewed,,
job,job,n. 工作;职业 vt. 承包;代客买卖 vi. 做零工,beijing_start1|renjiao_start1,beijing_start1:5年级下|renjiao_start1:4年级上,2,cross-source-exact|multiple-occurrences,,keep-identity,reviewed,,
join,join,vt. 参加;结合;连接 vi. 加入;参加;结合 n. 结合;连接;接合点,beijing_start1,beijing_start1:5年级上,1,,,keep-identity,reviewed,,
juice,juice,"n. (水果)汁,液;果汁",beijing_start1|renjiao_start1,beijing_start1:1年级下|beijing_start1:5年级上|renjiao_start1:1年级下,3,cross-source-exact|multiple-occurrences,,keep-identity,reviewed,,
july,July,n. 七月,beijing_start1|renjiao_start1,beijing_start1:3年级上|renjiao_start1:3年级上,2,cross-source-exact|multiple-occurrences,,keep-identity,reviewed,,
jump,jump,n. 跳跃;暴涨;惊跳 vt. 跳跃;使跳跃;跳过;突升 vi. 跳跃;暴涨;猛增,beijing_start1,beijing_start1:3年级上,1,,,keep-identity,reviewed,,
jumped rope,jumped rope,跳绳游戏;跨越横线,renjiao_start1,renjiao_start1:5年级下,1,multiword,,reuse-identity,reviewed,jump rope,
jumping rope,jumping rope,跳绳;正在跳绳;跳跳绳,renjiao_start1,renjiao_start1:4年级上,1,multiword,,reuse-identity,reviewed,jump rope,
june,June,"n. 六月;琼(人名,来源于拉丁语,含义是“年轻气盛的六月”)",beijing_start1|renjiao_start1,beijing_start1:3年级上|renjiao_start1:3年级上,2,cross-source-exact|multiple-occurrences,,keep-identity,reviewed,,
just,just,"adv. 只是,仅仅;刚才,刚刚;正好,恰好;实在;刚要 adj. 公正的,合理的;正直的,正义的;正确的;公平的;应得的",renjiao_start1,renjiao_start1:4年级上,1,,,held,held,,
kangaroo,kangaroo,n. 袋鼠,renjiao_start1,renjiao_start1:6年级上,1,,,keep-identity,reviewed,,
keep,keep,vt. 保持;经营;遵守;饲养 vi. 保持;继续不断 n. 保持;生计;生活费,beijing_start1,beijing_start1:4年级下,1,,,keep-identity,reviewed,,
key,key,n. (打字机等的)键;关键;钥匙 vt. 键入;锁上;调节...的音调;提供线索 vi. 使用钥匙 adj. 关键的,beijing_start1,beijing_start1:1年级上|beijing_start1:4年级下,2,multiple-occurrences,,keep-identity,reviewed,,
kick,kick,"vt. 踢;反冲,朝后座 n. 踢;反冲,后座力 vi. 踢;反冲",renjiao_start1,renjiao_start1:3年级上,1,,,keep-identity,reviewed,,踢
kid,kid,n. 小孩;小山羊 vt. 欺骗;取笑;戏弄 vi. 欺骗;取笑;戏弄 adj. 小山羊皮制的;较年幼的,beijing_start1,beijing_start1:5年级下,1,,,keep-identity,reviewed,,
kind,kind,n. 种类;性质 adj. 和蔼的;宽容的;令人感激的,beijing_start1|renjiao_start1,beijing_start1:4年级上|renjiao_start1:6年级上,3,cross-source-exact|multiple-occurrences,,held,held,,
king,king,"n. 国王;最有势力者;王棋 vi. 统治;做国王 vt. 立...为王 adj. 主要的,最重要的,最大的",beijing_start1|renjiao_start1,beijing_start1:1年级下|renjiao_start1:4年级下,2,cross-source-exact|multiple-occurrences,,keep-identity,reviewed,,
kitchen,kitchen,n. 厨房;炊具;炊事人员,beijing_start1|renjiao_start1,beijing_start1:2年级下|renjiao_start1:3年级下,2,cross-source-exact|multiple-occurrences,,keep-identity,reviewed,,
kite,kite,n. 风筝 vi. 使用空头支票;像风筝一样飞;轻快地移动 vt. 骗钱;涂改(支票),beijing_start1,beijing_start1:1年级上|beijing_start1:3年级下,2,multiple-occurrences,,keep-identity,reviewed,,
kitten,kitten,n. 小猫;小动物 vi. 产小猫,beijing_start1,beijing_start1:1年级下,1,,,keep-identity,reviewed,,
knee,knee,"n. 膝盖,膝 vt. 用膝盖碰",beijing_start1,beijing_start1:1年级上,1,,,keep-identity,reviewed,,
knife,knife,n. 刀;匕首 vt. 用刀切;(口)伤害 vi. 劈开;划过,renjiao_start1,renjiao_start1:4年级上,1,,,keep-identity,reviewed,,刀
know,know,vt. 知道;认识;懂得 vi. 了解;熟悉;确信,beijing_start1|renjiao_start1,beijing_start1:3年级上|renjiao_start1:3年级下,2,cross-source-exact|multiple-occurrences,,keep-identity,reviewed,,
koala,koala,"n. 树袋熊,无尾熊(产于澳大利亚,又名考拉)",renjiao_start1,renjiao_start1:4年级下,1,,,keep-identity,reviewed,,
labour,labour,n. (英国)工党,beijing_start1,beijing_start1:4年级下,1,,,keep-identity,reviewed,,
lake,lake,n. 湖;深红色颜料;胭脂红 vt. (使)血球溶解 vi. (使)血球溶解,beijing_start1|renjiao_start1,beijing_start1:1年级上|beijing_start1:4年级上|renjiao_start1:2年级上,3,cross-source-exact|multiple-occurrences,,keep-identity,reviewed,,
lake ontario,Lake Ontario,n. 安大略湖,renjiao_start1,renjiao_start1:6年级下,1,multiword,,keep-identity,reviewed,,安大略湖
large,large,adj. 大的;多数的;广博的 adv. 大大地;夸大地 n. 大,beijing_start1,beijing_start1:6年级下,1,,,keep-identity,reviewed,,
late,late,adj. 晚的;迟的;已故的;最近的 adv. 晚;迟;最近;在晚期,beijing_start1|renjiao_start1,beijing_start1:5年级上|renjiao_start1:4年级上,2,cross-source-exact|multiple-occurrences,,keep-identity,reviewed,,
leaf,leaf,"n. 叶子;(书籍等的)一张;扇页 vi. 生叶;翻书页 vt. 翻...的页,匆匆翻阅",beijing_start1,beijing_start1:1年级下|beijing_start1:5年级上,2,multiple-occurrences,,keep-identity,reviewed,,
learned to ride a bike,learned to ride a bike,无,renjiao_start1,renjiao_start1:5年级下,1,multiword,,source-only,reviewed,,
learned to swim,learned to swim,无,renjiao_start1,renjiao_start1:5年级下,1,multiword,,source-only,reviewed,,
learned to walk,learned to walk,无,renjiao_start1,renjiao_start1:5年级下,1,multiword,,source-only,reviewed,,
leave,leave,"vt. 离开;留下;遗忘;委托 vi. 离开,出发;留下 n. 许可,同意;休假",renjiao_start1,renjiao_start1:4年级下,1,,,keep-identity,reviewed,,离开；出发
left,left,adj. 左边的;左派的;剩下的 adv. 在左面 n. 左边;左派;激进分子 v. 离开(leave的过去式),beijing_start1|renjiao_start1,beijing_start1:4年级下|renjiao_start1:5年级下,2,cross-source-exact|multiple-occurrences,,split-required,held,,Beijing=左边/向左; Renjiao=leave 的过去式
leg,leg,n. 腿;支柱,beijing_start1|renjiao_start1,beijing_start1:2年级上|renjiao_start1:3年级上,2,cross-source-exact|multiple-occurrences,,keep-identity,reviewed,,
less,less,adv. 较少地;较小地;更小地 adj. 较少的;较小的 prep. 减去 n. 较少;较小,renjiao_start1,renjiao_start1:6年级下,1,,,keep-identity,reviewed,,更少；较少
lesson,lesson,n. 教训;课 vt. 教训;上课,beijing_start1,beijing_start1:3年级下,1,,,keep-identity,reviewed,,
let,let,"vt. 允许,让;出租;假设;妨碍 vi. 出租;被承包 n. 障碍;出租屋",beijing_start1,beijing_start1:6年级上,1,,,keep-identity,reviewed,,
let's,let's,让我们(let us的简写),renjiao_start1,renjiao_start1:2年级下,1,,,route-expression,reviewed,,
library,library,"n. 图书馆,藏书室;文库",beijing_start1|renjiao_start1,beijing_start1:4年级下|renjiao_start1:3年级下,2,cross-source-exact|multiple-occurrences,,keep-identity,reviewed,,
light,light,n. 光;光线;灯;打火机;领悟;浅色;天窗 adj. 轻的;浅色的;明亮的;轻松的;容易的;清淡的 vi. 点着;变亮;着火 vt. 照亮;点燃;着火 adv. 轻地;清楚地;轻便地,beijing_start1|renjiao_start1,beijing_start1:4年级上|renjiao_start1:1年级下|renjiao_start1:3年级下,3,cross-source-exact|multiple-occurrences,,held,held,,
like,like,vt. 喜欢;想;愿意 vi. 喜欢;希望 prep. 像;如同 adj. 同样的;相似的 n. 爱好;同样的人或物 adv. 可能 conj. 好像,beijing_start1|renjiao_start1,beijing_start1:3年级上|beijing_start1:6年级上|renjiao_start1:1年级上,3,cross-source-exact|multiple-occurrences,,split-required,held,,Renjiao: 喜欢; Beijing contains 喜欢 and 像/……怎么样 usage
lion,lion,n. 狮子;名人;勇猛的人;社交场合的名流,beijing_start1,beijing_start1:1年级下,1,,,keep-identity,reviewed,,
listen,listen,"vi. 听,倾听;听从,听信 n. 听,倾听",beijing_start1,beijing_start1:5年级下,1,,,keep-identity,reviewed,,
listened to music,listened to music,无,renjiao_start1,renjiao_start1:5年级下,1,multiword,,reuse-identity,reviewed,listen to music,
listening to music,listening to music,无,renjiao_start1,renjiao_start1:3年级下,1,multiword,,reuse-identity,reviewed,listen to music,
litter,litter,"n. 垃圾;轿,担架;一窝(动物的幼崽);凌乱 vt. 乱丢;给...垫褥草;把...弄得乱七八糟 vi. 产仔;乱扔废弃物",beijing_start1,beijing_start1:6年级下,1,,,keep-identity,reviewed,,
little,little,adj. 小的;很少的;短暂的;小巧可爱的 adv. 完全不 n. 少许;没有多少;短时间,beijing_start1,beijing_start1:6年级下,1,,,keep-identity,reviewed,,
live,live,adj. 活的;生动的;实况转播的;精力充沛的 vt. 经历;度过 vi. 活;居住;生存,beijing_start1|renjiao_start1,beijing_start1:4年级上|renjiao_start1:6年级下,2,cross-source-exact|multiple-occurrences,,held,held,,
living room,living room,n. 客厅;起居室,renjiao_start1,renjiao_start1:3年级下,1,multiword,,keep-identity,reviewed,,客厅；起居室
london,London,n. 伦敦,renjiao_start1,renjiao_start1:6年级上,1,,,keep-identity,reviewed,,
long,long,"n. 长时间;[语] 长音节;(服装的)长尺寸;长裤 adj. 长的;过长的;做多头的;长时间的;冗长的,长音 vi. 渴望;热望 adv. 长期地;始终",beijing_start1|renjiao_start1,beijing_start1:2年级上|renjiao_start1:3年级上,2,cross-source-exact|multiple-occurrences,,keep-identity,reviewed,,
look,look,vt. 看;期待;注意;面向;看上去像 vi. 看;看起来;注意;面向 n. 看;样子;面容,beijing_start1|renjiao_start1,beijing_start1:2年级上|beijing_start1:3年级下|renjiao_start1:2年级上,3,cross-source-exact|multiple-occurrences,,keep-identity,reviewed,,
look for,look for,v. 寻找;探索;渴望;盼望,beijing_start1|renjiao_start1,beijing_start1:4年级上|renjiao_start1:3年级上,2,cross-source-exact|multiple-occurrences|multiword,,keep-identity,reviewed,,
look forward to,look forward to,na. 盼望,renjiao_start1,renjiao_start1:3年级上|renjiao_start1:6年级上,2,multiple-occurrences|multiword,,keep-identity,reviewed,,期待；盼望
lose,lose,vt. 浪费;使沉溺于;使迷路;遗失;错过 vi. 失败;受损失,beijing_start1,beijing_start1:4年级下,1,,,keep-identity,reviewed,,
lost,lost,adj. 失去的;丧失的;迷惑的 v. 遗失(lose的过去分词);失败,beijing_start1|renjiao_start1,beijing_start1:4年级下|renjiao_start1:3年级下,2,cross-source-exact|multiple-occurrences,,keep-identity,reviewed,,
love,love,"n. 恋爱;亲爱的;酷爱;喜爱的事物;爱情,爱意;疼爱;热爱;爱人,所爱之物 v. 爱,热爱;爱戴;赞美,称赞;喜爱;喜好;喜欢;爱慕",beijing_start1|renjiao_start1,beijing_start1:2年级下|renjiao_start1:5年级上,2,cross-source-exact|multiple-occurrences,,keep-identity,reviewed,,
lovely,lovely,"adj. 可爱的;令人愉快的;爱恋的;秀丽的,优美的 n. 美女;可爱的东西",beijing_start1|renjiao_start1,beijing_start1:5年级下|renjiao_start1:5年级上,2,cross-source-exact|multiple-occurrences,,keep-identity,reviewed,,
lucky,lucky,adj. 幸运的;侥幸的,beijing_start1,beijing_start1:5年级下,1,,,keep-identity,reviewed,,
lunch,lunch,n. 午餐 vt. 吃午餐;供给午餐 vi. 吃午餐;供给午餐,beijing_start1,beijing_start1:6年级上,1,,,keep-identity,reviewed,,
mail a present,mail a present,无,renjiao_start1,renjiao_start1:5年级下,1,multiword,,keep-identity,reviewed,,
make,make,"vt. 使得;进行;布置,准备,整理;制造;认为;获得;形成;安排;引起;构成 vi. 开始;前进;增大;被制造 n. 制造;构造;性情",beijing_start1,beijing_start1:2年级下,1,,,keep-identity,reviewed,,
make a card,make a card,na. (牌戏)打成一墩,renjiao_start1,renjiao_start1:5年级下,1,multiword,,keep-identity,reviewed,,
make a model plane,make a model plane,无,renjiao_start1,renjiao_start1:2年级下|renjiao_start1:3年级下,2,multiple-occurrences|multiword,,keep-identity,reviewed,,
make a phone call,make a phone call,打电话;打个电话;打电话号码,renjiao_start1,renjiao_start1:5年级下,1,multiword,,keep-identity,reviewed,,
make a poster,make a poster,制作海报;做海报;作一个海报,renjiao_start1,renjiao_start1:5年级下,1,multiword,,keep-identity,reviewed,,
make a snowman,make a snowman,堆雪人;做雪人;堆一个雪人,renjiao_start1,renjiao_start1:2年级下|renjiao_start1:3年级下,2,multiple-occurrences|multiword,,keep-identity,reviewed,,
make a video call,make a video call,无,renjiao_start1,renjiao_start1:5年级下,1,multiword,,keep-identity,reviewed,,
make the bed,make the bed,铺床;整理床铺;整理被物,renjiao_start1,renjiao_start1:5年级上,1,multiword,,keep-identity,reviewed,,整理床铺
make use of,make use of,na. 使用,beijing_start1,beijing_start1:5年级下,1,multiword,,keep-identity,reviewed,,利用；使用
making models,making models,无,renjiao_start1,renjiao_start1:4年级下,1,multiword,,source-only,reviewed,,
mammal,mammal,n. [脊椎] 哺乳动物,renjiao_start1,renjiao_start1:6年级上,1,,,keep-identity,reviewed,,
man,man,n. 人;男人;人类;丈夫;雇工 vt. 操纵;给...配置人员;使增强勇气;在...就位,beijing_start1|renjiao_start1,beijing_start1:4年级下|renjiao_start1:2年级上,2,cross-source-exact|multiple-occurrences|morphology,men,keep-identity,reviewed,,
many,many,pron. 许多;许多人 adj. 许多的,beijing_start1|renjiao_start1,beijing_start1:6年级上|renjiao_start1:1年级上,2,cross-source-exact|multiple-occurrences,,keep-identity,reviewed,,
map,map,vt. 映射;计划;绘制地图;确定基因在染色体中的位置 n. 地图;示意图;染色体图 vi. 基因被安置,beijing_start1|renjiao_start1,beijing_start1:1年级下|beijing_start1:5年级上|renjiao_start1:6年级上,3,cross-source-exact|multiple-occurrences,,keep-identity,reviewed,,
maple leaves,maple leaves,枫叶;枫树叶子;枫树留下,renjiao_start1,renjiao_start1:4年级下,1,multiword,,keep-identity,reviewed,,枫叶
march,March,n. 三月,beijing_start1|renjiao_start1,beijing_start1:3年级上|renjiao_start1:3年级上,2,cross-source-exact|multiple-occurrences,,keep-identity,reviewed,,
mark,mark,n. 标志;马克;符号;痕迹;分数 vi. 作记号 vt. .标志;做标记于;打分数 n. . 标志;做标记于;打分数,renjiao_start1,renjiao_start1:5年级下,1,,,keep-identity,reviewed,,分数；成绩
marker,marker,n. 记分员;书签;标识物;作记号的人,beijing_start1,beijing_start1:3年级上,1,,,keep-identity,reviewed,,
match,match,"vt. 使比赛;使相配;敌得过,比得上;相配;与...竞争 vi. 比赛;匹配;相配,相称;相比 n. 比赛,竞赛;匹配;对手;火柴",beijing_start1,beijing_start1:6年级上,1,,,keep-identity,reviewed,,
maths,maths,n. 数学(等于mathematics),beijing_start1|renjiao_start1,beijing_start1:5年级上|renjiao_start1:3年级下,2,cross-source-exact|multiple-occurrences,,keep-identity,reviewed,,
may,May|may,"aux. 可以,能够;可能,也许;祝,愿;会,能",beijing_start1|renjiao_start1,beijing_start1:3年级上|beijing_start1:3年级下|renjiao_start1:3年级上,3,cross-source-exact|multiple-occurrences,,split-required,held,,Renjiao: May=五月; Beijing: May=五月 plus may=可以/可能
me,me,pron. 我(宾格) n. 自我;极端自私的人;自我的一部分,beijing_start1,beijing_start1:2年级上,1,,,keep-identity,reviewed,,
meat,meat,"n. 肉,肉类(食用)",beijing_start1|renjiao_start1,beijing_start1:5年级上|renjiao_start1:3年级上,2,cross-source-exact|multiple-occurrences,,keep-identity,reviewed,,
meet,meet,vt. 满足;遇见;对付 vi. 相遇;接触 n. 集会 adj. 合适的;适宜的,beijing_start1|renjiao_start1,beijing_start1:3年级上|renjiao_start1:6年级下,2,cross-source-exact|multiple-occurrences,,keep-identity,reviewed,,
meeting place,meeting place,n. 会场;聚集的地方,renjiao_start1,renjiao_start1:4年级上,1,multiword,,keep-identity,reviewed,,集合地点；会面地点
men,men,"n. 男人,人类(man的复数)",beijing_start1,beijing_start1:4年级下,1,morphology,man,keep-identity,reviewed,,
merry,merry,adj. 愉快的;微醉的;嬉戏作乐的 n. 甜樱桃,renjiao_start1,renjiao_start1:2年级上,1,,,keep-identity,reviewed,,愉快的；快乐的
metre,metre,n. 米;公尺;韵律,renjiao_start1,renjiao_start1:6年级上,1,,,keep-identity,reviewed,,
milk,milk,n. 牛奶;乳状物 vt. 榨取;挤...的奶 vi. 挤奶,beijing_start1|renjiao_start1,beijing_start1:2年级下|renjiao_start1:1年级下,2,cross-source-exact|multiple-occurrences,,keep-identity,reviewed,,
minute,minute,"n. 分,分钟;片刻,一会儿;备忘录,笔记;会议记录 vt. 将...记录下来 adj. 微小的,详细的 [maɪˈnjuːt; US -ˈnuːt; maɪˋnut]",beijing_start1,beijing_start1:5年级上,1,,,keep-identity,reviewed,,
miss,Miss|miss,"n. 女士,小姐,年轻未婚女子 vt. 错过,想念,缺(勤)",beijing_start1,beijing_start1:3年级上|beijing_start1:4年级下,2,multiple-occurrences,,keep-identity,reviewed,,
model,model,n. 模型;典型;模范;模特儿;样式 vt. 模拟;塑造;模仿 vi. 做模型;做模特儿 adj. 模范的;作模型用的,beijing_start1,beijing_start1:4年级下,1,,,keep-identity,reviewed,,
modern,modern,"adj. 现代的,近代的;时髦的 n. 现代人;有思想的人",beijing_start1,beijing_start1:6年级上,1,,,keep-identity,reviewed,,
monday,Monday,n. 星期一,beijing_start1|renjiao_start1,beijing_start1:6年级上|renjiao_start1:2年级下|renjiao_start1:4年级上,3,cross-source-exact|multiple-occurrences,,keep-identity,reviewed,,
money,money,n. 钱;货币;财富,beijing_start1|renjiao_start1,beijing_start1:4年级上|renjiao_start1:4年级下,2,cross-source-exact|multiple-occurrences,,keep-identity,reviewed,,
monkey,monkey,n. 猴子;顽童 vi. 胡闹;捣蛋 vt. 嘲弄,beijing_start1|renjiao_start1,beijing_start1:1年级下|beijing_start1:2年级上|renjiao_start1:1年级上|renjiao_start1:3年级上,4,cross-source-exact|multiple-occurrences,,keep-identity,reviewed,,
month,month,"n. 月,一个月的时间",beijing_start1,beijing_start1:3年级上,1,,,keep-identity,reviewed,,
moon,moon,n. 月亮;月球;月光;卫星 vi. 闲荡;出神 vt. 虚度,beijing_start1,beijing_start1:1年级上,1,,,keep-identity,reviewed,,
moose,moose,n. [脊椎] 驼鹿;麋 [ 复数 moose ],renjiao_start1,renjiao_start1:6年级下,1,,,keep-identity,reviewed,,
more,more,adv. 更多;此外;更大程度地 adj. 更多的;附加的 pron. 更多的数量 n. 更多,renjiao_start1,renjiao_start1:5年级下,1,,,keep-identity,reviewed,,更多；更多的
morning,morning,n. 早晨;黎明;初期,beijing_start1|renjiao_start1,beijing_start1:5年级上|renjiao_start1:3年级上,2,cross-source-exact|multiple-occurrences,,keep-identity,reviewed,,
morning tea,morning tea,n. 早茶,renjiao_start1,renjiao_start1:6年级上,1,multiword,,keep-identity,reviewed,,
most,most,"adv. 最;非常,极其;最多;几乎 adj. 大部分的,多数的;最多的 n. 大部分,大多数",beijing_start1,beijing_start1:6年级下,1,,,keep-identity,reviewed,,
mother,mother,n. 母亲;大娘;女修道院院长 vt. 生下;养育;像母亲般关怀或照管 adj. 母亲的;出生地的,beijing_start1|renjiao_start1,beijing_start1:3年级下|renjiao_start1:2年级上|renjiao_start1:3年级下,3,cross-source-exact|multiple-occurrences,,keep-identity,reviewed,,
mother's day,Mother's Day,na. (美国和加拿大的)母亲节,renjiao_start1,renjiao_start1:5年级下,1,multiword,,keep-identity,reviewed,,母亲节
mountain,mountain,n. 山;山脉,beijing_start1,beijing_start1:6年级上,1,,,keep-identity,reviewed,,
mouse,mouse,n. 鼠标;老鼠;胆小羞怯的人 vt. 探出 vi. 捕鼠;窥探,beijing_start1,beijing_start1:1年级上,1,,,keep-identity,reviewed,,
mouth,mouth,"n. 口,嘴;河口 vt. 做作地说,装腔作势地说;喃喃地说出 vi. 装腔作势说话",beijing_start1|renjiao_start1,beijing_start1:4年级下|renjiao_start1:1年级上|renjiao_start1:3年级上,3,cross-source-exact|multiple-occurrences,,keep-identity,reviewed,,
mr,Mr,abbr. 先生(Mister),beijing_start1,beijing_start1:6年级上,1,morphology,mrs,keep-identity,reviewed,,
mrs,Mrs,n. 太太;夫人(用于已婚妇女姓名前的尊称),beijing_start1,beijing_start1:4年级上,1,morphology,mr,keep-identity,reviewed,,
ms,Ms,"abbr. 存贮系统(Memory System);主存储器(Main Storage);主程序装置(Master Sequecer);中速,平均速度(Medium Speed);主(总)开关(Master Switch)",beijing_start1,beijing_start1:4年级上,1,,,keep-identity,reviewed,,
much,much,"adv. 非常,很 adj. 大量的 n. 许多,大量 pron. 许多,大量",beijing_start1|renjiao_start1,beijing_start1:3年级下|renjiao_start1:3年级下,2,cross-source-exact|multiple-occurrences,,keep-identity,reviewed,,
mum,mum,adj. 沉默的 n. 妈妈(口语);沉默;菊花 vi. 演哑剧 int. 别说话,beijing_start1,beijing_start1:2年级下,1,,,keep-identity,reviewed,,
museum,museum,n. 博物馆,beijing_start1|renjiao_start1,beijing_start1:4年级下|renjiao_start1:4年级下,2,cross-source-exact|multiple-occurrences,,keep-identity,reviewed,,
music,music,"n. 音乐,乐曲",beijing_start1|renjiao_start1,beijing_start1:4年级下|renjiao_start1:3年级下,2,cross-source-exact|multiple-occurrences,,keep-identity,reviewed,,
must,must,"aux. 必须,一定;可以,应当;很可能 n. 绝对必要的事物;未发酵葡萄汁",beijing_start1,beijing_start1:5年级上,1,,,keep-identity,reviewed,,
my,my,pron. 我的 int. 哎呀(表示惊奇等);喔唷,beijing_start1|renjiao_start1,beijing_start1:2年级上|renjiao_start1:1年级上|renjiao_start1:3年级上,3,cross-source-exact|multiple-occurrences,,keep-identity,reviewed,,
myself,myself,pron. 我自己;我亲自;我的正常的健康状况和正常情绪,beijing_start1|renjiao_start1,beijing_start1:6年级上|renjiao_start1:4年级上,2,cross-source-exact|multiple-occurrences,,keep-identity,reviewed,,
name,name,"n. 名称,名字;姓名;名誉 vt. 命名,任命;指定;称呼;提名;叫出 adj. 姓名的;据以取名的",beijing_start1|renjiao_start1,beijing_start1:3年级上|renjiao_start1:2年级上|renjiao_start1:3年级上,3,cross-source-exact|multiple-occurrences,,keep-identity,reviewed,,
national day,National Day,na. 国庆日,renjiao_start1,renjiao_start1:5年级下,1,multiword,,keep-identity,reviewed,,国庆节
nature shows,nature shows,无,renjiao_start1,renjiao_start1:5年级上,1,multiword,,keep-identity,reviewed,,自然类节目
near,near,adj. 近的;亲近的;近似的 adv. 近;接近 prep. 靠近;近似于,beijing_start1|renjiao_start1,beijing_start1:4年级下|renjiao_start1:1年级下|renjiao_start1:4年级上,3,cross-source-exact|multiple-occurrences,,keep-identity,reviewed,,
nearby,nearby,"adj. 附近的,邻近的 adv. 在附近 prep. 在...附近",beijing_start1,beijing_start1:4年级下,1,,,keep-identity,reviewed,,
neck,neck,n. 脖子;衣领;海峡 vi. 搂著脖子亲吻;变狭窄 vt. 使变细;与...搂著脖子亲吻,beijing_start1,beijing_start1:6年级上,1,,,keep-identity,reviewed,,
neighbourhood,neighbourhood,n. 邻近;周围;邻居关系;附近一带,renjiao_start1,renjiao_start1:4年级下,1,,,keep-identity,reviewed,,
nephew,nephew,n. 侄子;外甥,beijing_start1,beijing_start1:5年级下,1,,,keep-identity,reviewed,,
nervous,nervous,adj. 神经的;紧张不安的;强健有力的,beijing_start1,beijing_start1:6年级下,1,,,keep-identity,reviewed,,
net,net,n. 网;网络;净利;实价 vi. 编网 vt. 得到;净赚;用网捕 adj. 纯粹的;净余的,beijing_start1,beijing_start1:1年级下,1,,,keep-identity,reviewed,,
never,never,adv. 从未;决不,beijing_start1|renjiao_start1,beijing_start1:4年级下|renjiao_start1:4年级下,2,cross-source-exact|multiple-occurrences,,keep-identity,reviewed,,
new,new,"adj. 新的,新鲜的;更新的;初见的 adv. 新近",beijing_start1|renjiao_start1,beijing_start1:2年级上|renjiao_start1:2年级上|renjiao_start1:3年级上,3,cross-source-exact|multiple-occurrences,,keep-identity,reviewed,,
new year,New Year,n. 新年,renjiao_start1,renjiao_start1:2年级上,1,multiword,,keep-identity,reviewed,,新年
new year's day,New Year's Day,na. 元旦,renjiao_start1,renjiao_start1:5年级下,1,multiword,,keep-identity,reviewed,,元旦；新年第一天
news shows,news shows,新闻节目,renjiao_start1,renjiao_start1:5年级上,1,multiword,,keep-identity,reviewed,,新闻节目
next,next,adv. 然后;下次;其次 adj. 下一个的;其次的;贴近的 n. 下一个 prep. 靠近;居于...之后,beijing_start1,beijing_start1:4年级下,1,,,keep-identity,reviewed,,
next to,next to,prep. 紧邻;在...近旁;仅次于;紧接,renjiao_start1,renjiao_start1:4年级下,1,multiword,,keep-identity,reviewed,,紧挨着；在……旁边
nice,nice,adj. 精密的;美好的;细微的;和蔼的,beijing_start1|renjiao_start1,beijing_start1:2年级下|renjiao_start1:5年级上,2,cross-source-exact|multiple-occurrences,,keep-identity,reviewed,,
niece,niece,"n. 外甥女,侄女",beijing_start1,beijing_start1:5年级下,1,,,keep-identity,reviewed,,
night,night,"n. 夜晚,晚上;黑暗,黑夜 adj. 夜晚的,夜间的",beijing_start1,beijing_start1:1年级上|beijing_start1:5年级上,2,multiple-occurrences,,keep-identity,reviewed,,
nine,nine,"n. 九,九个 num. 九;九个 adj. 九的,九个的",beijing_start1|renjiao_start1,beijing_start1:2年级下|renjiao_start1:1年级上,2,cross-source-exact|multiple-occurrences,,keep-identity,reviewed,,
nineteen,nineteen,num. 十九,beijing_start1,beijing_start1:2年级上,1,,,keep-identity,reviewed,,
nineteenth,nineteenth,num. 第十九;十九分之一,beijing_start1,beijing_start1:3年级上,1,,,keep-identity,reviewed,,
ninety,ninety,n. 九十 adj. 九十的;九十岁的 num. 九十,beijing_start1,beijing_start1:3年级上,1,,,keep-identity,reviewed,,
ninth,ninth,num. 第九 adj. 第九的;九分之一的 n. 九分之一,beijing_start1,beijing_start1:3年级上,1,,,keep-identity,reviewed,,
no,no,adv. 不 adj. 没有;不是 n. 不;否决票 abbr. 数字(number);元素锘(nobelium)的符号,beijing_start1|renjiao_start1,beijing_start1:2年级上|renjiao_start1:1年级上,2,cross-source-exact|multiple-occurrences,,keep-identity,reviewed,,
noisy,noisy,adj. .嘈杂的;喧闹的;聒噪的,beijing_start1,beijing_start1:4年级下,1,,,keep-identity,reviewed,,
noodle,noodle,n. 面条;笨蛋,beijing_start1,beijing_start1:2年级下,1,morphology,noodles,keep-identity,reviewed,,
noodles,noodles,"n. 面条,挂面(noodle的复数形式)",renjiao_start1,renjiao_start1:1年级下|renjiao_start1:3年级上,2,multiple-occurrences|morphology,noodle,reuse-identity,reviewed,noodle,
north,north,"n. 北,北方 adj. 北方的;朝北的 adv. 在北方,向北方",renjiao_start1,renjiao_start1:6年级上,1,,,keep-identity,reviewed,,北；北方
nose,nose,n. 鼻子;嗅觉;突出的部分;探问 vt. 嗅;用鼻子触 vi. 小心探索着前进;探问,beijing_start1|renjiao_start1,beijing_start1:1年级下|beijing_start1:6年级下|renjiao_start1:1年级上|renjiao_start1:3年级上,4,cross-source-exact|multiple-occurrences,,keep-identity,reviewed,,
not,not,"adv. 表示否定,不 n. “非”(计算机中逻辑运算的一种)",beijing_start1,beijing_start1:2年级下,1,,,keep-identity,reviewed,,
nothing,nothing,neg. 没什么;毫不 n. 无;零;不关紧要之事 adv. 毫不;决不 pron. 无事;无物 int. 什么也没有,beijing_start1,beijing_start1:5年级下,1,,,keep-identity,reviewed,,
november,November,n. 十一月,beijing_start1|renjiao_start1,beijing_start1:3年级上|renjiao_start1:3年级上,2,cross-source-exact|multiple-occurrences,,keep-identity,reviewed,,
now,now,adv. 现在;如今;立刻 adj. 现在的 n. 现在;目前 conj. 由于;既然,beijing_start1,beijing_start1:3年级下,1,,,keep-identity,reviewed,,
number,number,n. 数;(杂志等的)期;号码;数字;算术 vi. 计入;总数达到 vt. 编号;计入;数...的数目;使为数有限,beijing_start1,beijing_start1:6年级上,1,,,keep-identity,reviewed,,
nurse,nurse,"vt. 看护,护理;照顾;培养;给...喂奶 vi. 照料,护理;喂奶;当保姆 n. 护士;奶妈,保姆",beijing_start1|renjiao_start1,beijing_start1:3年级下|renjiao_start1:4年级上,2,cross-source-exact|multiple-occurrences,,keep-identity,reviewed,,
nut,nut,"n. 螺母,螺帽;坚果;难对付的人,难解的问题 vi. 采坚果",beijing_start1,beijing_start1:1年级上|beijing_start1:5年级下,2,multiple-occurrences,,keep-identity,reviewed,,
o'clock,o'clock,abbr. ...点钟(等于of the clock),beijing_start1,beijing_start1:2年级下,1,,,keep-identity,reviewed,,
october,October,n. [天] 十月,beijing_start1|renjiao_start1,beijing_start1:3年级上|renjiao_start1:3年级上,2,cross-source-exact|multiple-occurrences,,keep-identity,reviewed,,
office,office,n. 办公室;政府机关;官职;营业处,renjiao_start1,renjiao_start1:5年级下,1,,,keep-identity,reviewed,,
often,often,"adv. 常常,时常",beijing_start1|renjiao_start1,beijing_start1:5年级下|renjiao_start1:4年级上,2,cross-source-exact|multiple-occurrences,,keep-identity,reviewed,,
oil,oil,n. 油;石油;油画颜料 vt. 加油;涂油;使融化 vi. 融化;加燃油,beijing_start1,beijing_start1:1年级下,1,,,keep-identity,reviewed,,
ok,OK|ok,adj. 好的;不错的 adv. 行;很好 int. 好;可以 vt. 对...表示同意 n. 同意,beijing_start1|renjiao_start1,beijing_start1:6年级下|renjiao_start1:3年级下,2,cross-source-exact|multiple-occurrences,,keep-identity,reviewed,,
old,old,"adj. 陈旧的,古老的;年老的 n. 古时",beijing_start1|renjiao_start1,beijing_start1:2年级上|renjiao_start1:3年级上,2,cross-source-exact|multiple-occurrences,,keep-identity,reviewed,,
on,on,"adv. 向前地;作用中,行动中;继续着 prep. 向,朝......;关于;在......之上;在......时候 adj. 开着的;发生着的,正在进行中",beijing_start1|renjiao_start1,beijing_start1:2年级上|renjiao_start1:1年级下,2,cross-source-exact|multiple-occurrences,,keep-identity,reviewed,,
on foot,on foot,na. 步行;在进行中;徒步,renjiao_start1,renjiao_start1:4年级上,1,multiword,,keep-identity,reviewed,,步行
on the weekend,on the weekend,在周末;在这个周末;美式英语,renjiao_start1,renjiao_start1:4年级上,1,multiword,,keep-identity,reviewed,,在周末
once a week,once a week,一周一次;每周一次;一星期一次,renjiao_start1,renjiao_start1:4年级下,1,multiword,,keep-identity,reviewed,,每周一次
one,one,pron. 一个人;任何人 adj. 一的;唯一的 n. 一 num. 一;一个,beijing_start1|renjiao_start1,beijing_start1:2年级下|renjiao_start1:1年级上,2,cross-source-exact|multiple-occurrences,,keep-identity,reviewed,,
only,only,"adv. 只,仅仅;不料 adj. 唯一的,仅有的;最合适的 conj. 但是;不过;可是",beijing_start1|renjiao_start1,beijing_start1:6年级下|renjiao_start1:5年级上,2,cross-source-exact|multiple-occurrences,,keep-identity,reviewed,,
open,open,adj. 公开的;敞开的;空旷的;坦率的;营业着的 vi. 开始;展现 vt. 公开;打开 n. 公开;空旷;户外,beijing_start1,beijing_start1:3年级下,1,,,keep-identity,reviewed,,
or,or,"conj. 或,或者;还是",beijing_start1|renjiao_start1,beijing_start1:2年级上|renjiao_start1:2年级上,2,cross-source-exact|multiple-occurrences,,keep-identity,reviewed,,
orange,orange,adj. 橙色的;橘色的 n. 橙;橙色;桔子,beijing_start1|renjiao_start1,beijing_start1:1年级下|beijing_start1:2年级下|renjiao_start1:1年级上,3,cross-source-exact|multiple-occurrences,,keep-identity,reviewed,,
order,order,n. 命令;顺序;规则;[贸易] 定单 vt. 命令;整理;定购 vi. 命令;定货,beijing_start1,beijing_start1:6年级上,1,,,keep-identity,reviewed,,
our,our,pron. 我们的,beijing_start1|renjiao_start1,beijing_start1:2年级上|renjiao_start1:3年级下,2,cross-source-exact|multiple-occurrences,,keep-identity,reviewed,,
out,out,adv. 出现;在外;出局;出声地;不流行地 adj. 外面的;出局的;下台的 n. 出局 prep. 向;离去 vi. 出来;暴露 vt. 使熄灭;驱逐,beijing_start1,beijing_start1:3年级下,1,,,keep-identity,reviewed,,
out of,out of,prep. 来自;离开,renjiao_start1,renjiao_start1:5年级下,1,multiword,,keep-identity,reviewed,,
over,over,adv. 结束;越过;从头到尾 prep. 越过;在...之上;遍于...之上 adj. 结束的;上面的 vt. 越过,beijing_start1,beijing_start1:3年级上,1,,,keep-identity,reviewed,,
ox,ox,n. 牛;公牛,beijing_start1,beijing_start1:1年级下|beijing_start1:6年级上,2,multiple-occurrences,,keep-identity,reviewed,,
paint,paint,"vt. 油漆;绘画;装饰;涂色于;描绘;(用语言,文字等)描写;擦脂粉等 vi. 油漆;描绘;绘画;化妆 n. 油漆;颜料,涂料;绘画作品;胭脂等化妆品;色彩,装饰",renjiao_start1,renjiao_start1:4年级上|renjiao_start1:6年级上,2,multiple-occurrences,,keep-identity,reviewed,,画；涂；上色
pair,pair,"n. 一对,一双,一副 vt. 把...组成一对",beijing_start1,beijing_start1:4年级上,1,,,keep-identity,reviewed,,
panda,panda,n. 熊猫;猫熊,beijing_start1|renjiao_start1,beijing_start1:1年级下|beijing_start1:5年级上|renjiao_start1:5年级上,3,cross-source-exact|multiple-occurrences,,keep-identity,reviewed,,
paper,paper,n. 纸;论文;文件;报纸 adj. 纸做的 vt. 用纸糊;用纸包装 vi. 贴糊墙纸;发交通违章传票,beijing_start1|renjiao_start1,beijing_start1:6年级下|renjiao_start1:4年级上,2,cross-source-exact|multiple-occurrences,,keep-identity,reviewed,,
parent,parent,n. 父亲(或母亲);父母亲;根源,beijing_start1,beijing_start1:3年级下,1,,,keep-identity,reviewed,,
park,park,n. 公园;[交] 停车场 vt. 停放;放置;寄存 vi. 停放车辆,beijing_start1|renjiao_start1,beijing_start1:1年级下|beijing_start1:2年级上|renjiao_start1:2年级上|renjiao_start1:4年级上,4,cross-source-exact|multiple-occurrences,,keep-identity,reviewed,,
party,party,"n. 政党,党派;聚会,派对;当事人 [复数 parties] vi. 参加社交聚会 [ 过去式 partied 过去分词 partied 现在分词 partying ]",renjiao_start1,renjiao_start1:3年级上|renjiao_start1:5年级上,2,multiple-occurrences,,keep-identity,reviewed,,聚会；派对
pass,pass,n. 及格;经过;护照;途径;传球 vt. 通过;经过;传递 vi. 经过;传递;变化;终止,beijing_start1,beijing_start1:5年级上,1,,,held,held,,通过/递给/经过（待教材上下文确认）
pay,pay,"n. 工资,薪水;付款;报答 vt. 支付,付;偿还,补偿;给予 vi. 付款;偿还 adj. 收费的;需付费的",beijing_start1,beijing_start1:5年级上,1,,,keep-identity,reviewed,,
pe,PE,"abbr. 体育课,体能训练(physical education)",beijing_start1|renjiao_start1,beijing_start1:6年级上|renjiao_start1:3年级下,2,cross-source-exact|multiple-occurrences,,keep-identity,reviewed,,
peach,peach,n. 桃子;桃树;桃红色;受人喜欢的人(或物) adj. 桃色的;用桃子制成的 vt. 告发 vi. 告密,beijing_start1,beijing_start1:1年级下,1,,,keep-identity,reviewed,,
peanut,peanut,n. 花生,renjiao_start1,renjiao_start1:6年级上,1,,,keep-identity,reviewed,,
pear,pear,n. [园艺] 梨树;梨子,renjiao_start1,renjiao_start1:1年级上,1,,,keep-identity,reviewed,,
pen,pen,n. 钢笔;作家;围栏 vt. 写;关入栏中,beijing_start1|renjiao_start1,beijing_start1:1年级上|beijing_start1:4年级上|renjiao_start1:4年级上,3,cross-source-exact|multiple-occurrences,,keep-identity,reviewed,,
pen pal,pen pal,abbr. (=pen-friend) n. 笔友,renjiao_start1,renjiao_start1:6年级上,1,multiword,,keep-identity,reviewed,,笔友
pencil,pencil,n. 铅笔;笔状物 vt. 用铅笔写;用眉笔涂 vi. 成铅笔状,beijing_start1|renjiao_start1,beijing_start1:3年级上|renjiao_start1:1年级上|renjiao_start1:4年级上,3,cross-source-exact|multiple-occurrences,,keep-identity,reviewed,,
pencil box,pencil box,铅笔盒;文具盒;你的铅笔盒,renjiao_start1,renjiao_start1:5年级上,1,multiword,,keep-identity,reviewed,,铅笔盒
pencil case,pencil case,n. 铅笔盒;铅笔袋,beijing_start1,beijing_start1:3年级下,1,multiword,,keep-identity,reviewed,,铅笔盒；笔袋
pencil sharpener,pencil sharpener,n. 卷笔刀,renjiao_start1,renjiao_start1:5年级上,1,multiword,,keep-identity,reviewed,,卷笔刀；削笔器
penguin,penguin,n. 企鹅;空军地勤人员,renjiao_start1,renjiao_start1:6年级上,1,,,keep-identity,reviewed,,
people,people,n. 人;人类;民族;公民 vt. 居住于;使住满人,beijing_start1|renjiao_start1,beijing_start1:3年级下|renjiao_start1:4年级上,2,cross-source-exact|multiple-occurrences,,keep-identity,reviewed,,
pet,pet,n. 宠物;生气;受宠爱的人 adj. 宠爱的 vt. 宠爱 vi. 生气;爱抚,renjiao_start1,renjiao_start1:3年级上,1,,,keep-identity,reviewed,,宠物
phone,phone,"n. 电话;耳机,听筒 vt. 打电话 vi. 打电话",beijing_start1|renjiao_start1,beijing_start1:2年级下|renjiao_start1:4年级上,2,cross-source-exact|multiple-occurrences,,keep-identity,reviewed,,
photo,photo,n. 照片,beijing_start1,beijing_start1:5年级下,1,,,keep-identity,reviewed,,
pick fruit,pick fruit,无,renjiao_start1,renjiao_start1:4年级上,1,multiword,,keep-identity,reviewed,,摘水果
picture,picture,"n. 照片,图画;影片;景色;化身 vt. 画;想像;描写",beijing_start1,beijing_start1:5年级下,1,,,keep-identity,reviewed,,
pie,pie,n. 馅饼;饼图;爱说话的人 vt. 使杂乱,beijing_start1,beijing_start1:4年级上,1,,,keep-identity,reviewed,,
pig,pig,"n. 猪;猪肉 vi. 生小猪;像猪一样过活 n. 警察(俚语,带有攻击性)",beijing_start1|renjiao_start1,beijing_start1:2年级上|renjiao_start1:5年级上,2,cross-source-exact|multiple-occurrences,,keep-identity,reviewed,,
pill,pill,"n. 药丸;弹丸,子弹;口服避孕药 vt. 把...制成丸剂;使服用药丸;抢劫,掠夺(古语) vi. 做成药丸;服药丸",beijing_start1,beijing_start1:4年级下,1,,,keep-identity,reviewed,,
pilot,pilot,n. 飞行员;领航员 adj. 试点的 v. 驾驶;领航;试用,beijing_start1,beijing_start1:5年级下,1,,,keep-identity,reviewed,,
ping-pong,ping-pong,n. 乒乓球;桌球,renjiao_start1,renjiao_start1:4年级上,1,,,keep-identity,reviewed,,
pink,pink,"n. 粉红色;化身,典范;石竹花;头面人物 adj. 粉红的;比较激进的;石竹科的;脸色发红的 vt. 扎,刺,戳;使...变粉红色;使...面红耳赤 vi. 变粉红色",beijing_start1,beijing_start1:3年级上,1,,,keep-identity,reviewed,,
pity,pity,"n. 怜悯,同情;遗憾 vt. 对......表示怜悯;对......感到同情",renjiao_start1,renjiao_start1:6年级上,1,,,keep-identity,reviewed,,遗憾；可惜
place,place,n. 地方;住所;座位 vt. 放置;任命;寄予 vi. 名列前茅;取得名次,renjiao_start1,renjiao_start1:4年级下,1,,,keep-identity,reviewed,,地方；地点
plane,plane,"n. 飞机;平面;程度,水平 adj. 平的;平面的 vt. 刨平;用刨子刨;掠过水面 vi. 刨;乘飞机旅行;翱翔",beijing_start1|renjiao_start1,beijing_start1:4年级下|renjiao_start1:1年级下,2,cross-source-exact|multiple-occurrences,,keep-identity,reviewed,,
plant,plant,"n. 工厂,车间;植物;设备;庄稼 vt. 种植;培养;栽培;安置 vi. 种植",beijing_start1|renjiao_start1,beijing_start1:3年级下|beijing_start1:5年级下|renjiao_start1:5年级下,3,cross-source-exact|multiple-occurrences,,held,held,,
play,play,n. 游戏;比赛;剧本 vt. 游戏;扮演;演奏;播放;同...比赛 vi. 演奏;玩耍;上演;参加比赛,beijing_start1,beijing_start1:6年级上,1,,,keep-identity,reviewed,,
play chess,play chess,na. 下象棋,renjiao_start1,renjiao_start1:3年级下,1,multiword,,keep-identity,reviewed,,下棋
play computer games,play computer games,玩电脑游戏;打电脑游戏;玩电子游戏,renjiao_start1,renjiao_start1:4年级上,1,multiword,,keep-identity,reviewed,,玩电脑游戏
play football,play football,na. 踢足球;对难办的事采取踢皮球的态度,renjiao_start1,renjiao_start1:2年级下|renjiao_start1:3年级下|renjiao_start1:4年级上,3,multiple-occurrences|multiword,,keep-identity,reviewed,,踢足球
play sports,play sports,做运动;进行体育运动;进行体育活动,renjiao_start1,renjiao_start1:3年级下,1,multiword,,keep-identity,reviewed,,做运动；参加体育运动
play the violin,play the violin,拉小提琴;弹小提琴;演奏小提琴,renjiao_start1,renjiao_start1:4年级下,1,multiword,,keep-identity,reviewed,,拉小提琴
play with,play with,na. 玩弄(火等);以...自娱,renjiao_start1,renjiao_start1:3年级下,1,multiword,,keep-identity,reviewed,,和……玩；玩弄
play with fire,play with fire,na. 轻举妄动,renjiao_start1,renjiao_start1:4年级上,1,multiword,,keep-identity,reviewed,,玩火
played chess,played chess,无,renjiao_start1,renjiao_start1:5年级下,1,multiword,,source-only,reviewed,,
played computer games,played computer games,无,renjiao_start1,renjiao_start1:5年级下,1,multiword,,source-only,reviewed,,
played the piano,played the piano,无,renjiao_start1,renjiao_start1:5年级下,1,multiword,,source-only,reviewed,,
playground,playground,"n. 运动场,操场;游乐场",beijing_start1|renjiao_start1,beijing_start1:4年级下|renjiao_start1:3年级下,2,cross-source-exact|multiple-occurrences,,keep-identity,reviewed,,
playtime,playtime,n. 游戏或娱乐的时间;开幕时刻,renjiao_start1,renjiao_start1:2年级下,1,,,keep-identity,reviewed,,
please,please,"int. 请(礼貌用语) vt. 使喜欢;使高兴,使满意 vi. 讨人喜欢;令人高兴",beijing_start1|renjiao_start1,beijing_start1:6年级上|renjiao_start1:4年级上|renjiao_start1:5年级上,3,cross-source-exact|multiple-occurrences,,keep-identity,reviewed,,
poem,poem,n. 诗,renjiao_start1,renjiao_start1:6年级上,1,,,keep-identity,reviewed,,
poet,poet,n. 诗人,renjiao_start1,renjiao_start1:6年级上,1,,,keep-identity,reviewed,,
police,police,"n. 警察,警方;治安 adj. 警察的;有关警察的 vt. 监督;管辖;维持治安;为...配备警察",beijing_start1,beijing_start1:6年级下,1,,,keep-identity,reviewed,,
police officer,police officer,n. 警官;警察;警务人员,renjiao_start1,renjiao_start1:4年级上,1,multiword,,keep-identity,reviewed,,警察
polite,polite,"adj. 有礼貌的,客气的;文雅的;上流的;优雅的",renjiao_start1,renjiao_start1:5年级上,1,,,keep-identity,reviewed,,
poor,poor,adj. 贫穷的;可怜的;贫乏的;卑鄙的,renjiao_start1,renjiao_start1:4年级上,1,,,keep-identity,reviewed,,
pop,pop,abbr. 卖点广告(Point of Purchase),beijing_start1,beijing_start1:4年级下,1,,,keep-identity,reviewed,,
popular,popular,"adj. 流行的,通俗的;受欢迎的;大众的;普及的",renjiao_start1,renjiao_start1:5年级上,1,,,keep-identity,reviewed,,
post office,post office,n. 邮局;邮政部门;邮政系统;邮差敲门游戏(儿童用假托的信件换取亲吻),renjiao_start1,renjiao_start1:4年级下,1,multiword,,keep-identity,reviewed,,邮局
potato,potato,"n. [作物] 土豆,[作物] 马铃薯",beijing_start1|renjiao_start1,beijing_start1:3年级下|renjiao_start1:3年级上,2,cross-source-exact|multiple-occurrences,,keep-identity,reviewed,,
practice,practice,n. 实践;练习;惯例 vt. 练习;实习;实行 vi. 练习;实习;实行,beijing_start1,beijing_start1:5年级下,1,,,keep-identity,reviewed,,
present,present,n. 现在;礼物;瞄准 adj. 现在的;出席的 vt. 提出;介绍;呈现;赠送 vi. 举枪瞄准,renjiao_start1,renjiao_start1:2年级上,1,,,keep-identity,reviewed,,礼物
president,president,n. 总统;董事长;校长;主席,renjiao_start1,renjiao_start1:6年级上,1,,,keep-identity,reviewed,,
pretty,pretty,n. 有吸引力的事物(尤指饰品);漂亮的人 adj. 漂亮的;可爱的;优美的 adv. 相当地;颇,renjiao_start1,renjiao_start1:2年级上|renjiao_start1:4年级下,2,multiple-occurrences,,keep-identity,reviewed,,漂亮的；好看的
print,print,n. 印刷业;印花布;印刷字体;印章;印记 vt. 印刷;打印;刊载;用印刷体写;在...印花样 vi. 印刷;出版;用印刷体写,beijing_start1,beijing_start1:6年级下,1,,,keep-identity,reviewed,,
prize,prize,n. 奖品;奖赏;战利品 adj. 获奖的 vt. 珍视;捕获;估价,renjiao_start1,renjiao_start1:6年级上,1,,,keep-identity,reviewed,,奖品；奖赏
problem,problem,n. 难题;引起麻烦的人 adj. 成问题的;难处理的,beijing_start1,beijing_start1:6年级上,1,,,keep-identity,reviewed,,
protect,protect,"vt. 保护,防卫;警戒",beijing_start1,beijing_start1:6年级下,1,,,keep-identity,reviewed,,
proud,proud,adj. 自豪的;得意的;自负的,renjiao_start1,renjiao_start1:6年级上,1,,,keep-identity,reviewed,,
public library,public library,na. 公立[公共]图书馆,renjiao_start1,renjiao_start1:6年级下,1,multiword,,keep-identity,reviewed,,公共图书馆
pupil,pupil,n. 学生;[解剖] 瞳孔;未成年人,beijing_start1|renjiao_start1,beijing_start1:3年级上|renjiao_start1:6年级下,2,cross-source-exact|multiple-occurrences,,keep-identity,reviewed,,
purple,purple,n. 紫色;紫袍 adj. 紫色的;帝王的;华而不实的 vt. 使成紫色 vi. 变成紫色,beijing_start1,beijing_start1:6年级下,1,,,keep-identity,reviewed,,
push,push,"n. 推,决心;大规模攻势;矢志的追求 vi. 推进;增加;努力争取 vt. 推动,增加;对...施加压力,逼迫;按;说服",beijing_start1,beijing_start1:4年级下,1,,,keep-identity,reviewed,,
put,put,n. 掷;笨蛋;投击;怪人 adj. 固定不动的 vi. 出发;击;航行;发芽 vt. 放;表达;移动;安置;赋予,beijing_start1,beijing_start1:5年级上,1,,,keep-identity,reviewed,,
queen,queen,"n. 女王,王后;(纸牌中的)皇后;(蜜蜂等的)蜂王 vt. 使...成为女王或王后 vi. 做女王",beijing_start1,beijing_start1:1年级下,1,,,keep-identity,reviewed,,
queen's park,Queen's Park,皇后公园;女王公园;女王公园酒店,renjiao_start1,renjiao_start1:6年级下,1,multiword,,keep-identity,reviewed,,女王公园
quiet,quiet,n. 安静;和平 adj. 安静的;安定的;不动的;温顺的 vt. 使平息;安慰 vi. 平静下来,beijing_start1|renjiao_start1,beijing_start1:4年级下|renjiao_start1:5年级上,2,cross-source-exact|multiple-occurrences,,keep-identity,reviewed,,
quite,quite,adv. 很;相当;完全,renjiao_start1,renjiao_start1:6年级下,1,,,keep-identity,reviewed,,
rabbit,rabbit,"n. 兔子,野兔 vt. 让...见鬼去吧 vi. 猎兔",beijing_start1|renjiao_start1,beijing_start1:1年级下|beijing_start1:6年级上|renjiao_start1:3年级上,3,cross-source-exact|multiple-occurrences,,keep-identity,reviewed,,
raccoon,raccoon,n. 浣熊;浣熊毛皮,renjiao_start1,renjiao_start1:6年级下,1,,,keep-identity,reviewed,,
race,race,"n. 属,种;种族,人种;家庭,门第 vt. 使参加比赛;和...竞赛;使急走,使全速行进 vi. 比速度,参加竞赛;全速行进",beijing_start1|renjiao_start1,beijing_start1:3年级上|renjiao_start1:6年级上,2,cross-source-exact|multiple-occurrences,,keep-identity,reviewed,,
rain,rain,n. 雨;下雨;雨天;雨季 vt. 大量地给;使大量落下 vi. 下雨;降雨,beijing_start1,beijing_start1:3年级上,1,,,keep-identity,reviewed,,
rainy,rainy,adj. 下雨的;多雨的,beijing_start1|renjiao_start1,beijing_start1:3年级上|renjiao_start1:2年级下,2,cross-source-exact|multiple-occurrences,,keep-identity,reviewed,,
rat,rat,"n. 鼠;卑鄙小人,叛徒 vi. 捕鼠;背叛,告密",beijing_start1,beijing_start1:6年级上,1,,,keep-identity,reviewed,,
read,read,"n. 阅读;读物 adj. 有学问的 vi. 读;读起来 vt. 阅读;读懂,理解",beijing_start1,beijing_start1:5年级下,1,,,keep-identity,reviewed,,
read books,read books,读书;看书;阅读,renjiao_start1,renjiao_start1:3年级下,1,multiword,,keep-identity,reviewed,,读书；看书
reading,reading,"n. 阅读,朗读;读物;读数 v. 阅读(read的ing形式) adj. 阅读的",renjiao_start1,renjiao_start1:4年级下,1,,,held,held,,
really,really,"adv. 实际上,事实上;真正地,真实地;真的吗?(表语气)",beijing_start1|renjiao_start1,beijing_start1:4年级上|renjiao_start1:3年级下,2,cross-source-exact|multiple-occurrences,,keep-identity,reviewed,,
red,red,"n. 红色,红颜料;赤字 adj. 红色的;红肿的,充血的",beijing_start1|renjiao_start1,beijing_start1:2年级上|renjiao_start1:1年级上|renjiao_start1:4年级上,3,cross-source-exact|multiple-occurrences,,keep-identity,reviewed,,
reptile,reptile,n. 爬行动物;卑鄙的人 adj. 爬虫类的;卑鄙的,renjiao_start1,renjiao_start1:6年级上,1,,,keep-identity,reviewed,,爬行动物
restaurant,restaurant,n. 餐馆;[经] 饭店,renjiao_start1,renjiao_start1:4年级下,1,,,keep-identity,reviewed,,
rice,rice,n. 稻;米饭 vt. 把...捣成米糊状,beijing_start1|renjiao_start1,beijing_start1:2年级下|renjiao_start1:1年级下|renjiao_start1:3年级上,3,cross-source-exact|multiple-occurrences,,keep-identity,reviewed,,
ride,ride,n. 骑;乘坐;交通工具;可供骑行的路;(乘坐汽车等的)旅行;乘骑;(乘车或骑车的)短途旅程;供乘骑的游乐设施 vi. 骑马;乘车;依靠;漂浮 vt. 骑;乘;控制;(骑马、自行车等)穿越;搭乘;飘浮,beijing_start1,beijing_start1:6年级上,1,,,keep-identity,reviewed,,
ride a bike,ride a bike,骑自行车;骑车;骑单车,renjiao_start1,renjiao_start1:2年级下|renjiao_start1:3年级下,2,multiple-occurrences|multiword,,keep-identity,reviewed,,骑自行车
right,right,n. 正确;右边;正义 adj. 正确的;直接的;右方的 vt. 纠正 adv. 正确地;恰当地;彻底地 vi. 复正;恢复平稳,beijing_start1,beijing_start1:3年级上|beijing_start1:4年级下,2,multiple-occurrences,,keep-identity,reviewed,,
river,river,"n. 河,江",beijing_start1,beijing_start1:1年级下|beijing_start1:5年级上,2,multiple-occurrences,,keep-identity,reviewed,,
roast turkey,roast turkey,n. 【食】烤火鸡,renjiao_start1,renjiao_start1:6年级下,1,multiword,,keep-identity,reviewed,,烤火鸡
robot,robot,"n. 机器人;遥控设备,自动机械;机械般工作的人",beijing_start1,beijing_start1:4年级上,1,,,keep-identity,reviewed,,
roller skating,roller skating,un. 滑旱冰,renjiao_start1,renjiao_start1:4年级上,1,multiword,,keep-identity,reviewed,,轮滑；滑旱冰
room,room,"n. 房间;空间;余地;机会;房间里所有的人 vt. 为...提供住处;租房,合住;投宿,住宿;留|n. 房间;空间;余地;机会;房间里所有的人 vt. 为...提供住处;租房,合住;投宿,住宿;留...住宿 vi. 居住;住宿",beijing_start1|renjiao_start1,beijing_start1:2年级下|renjiao_start1:3年级下,2,cross-source-exact|multiple-occurrences,,keep-identity,reviewed,,
round,round,n. 圆;循环;一回合;圆形物 prep. 附近;绕过;大约;在...周围 adj. 圆的;完全的;大概的;肥胖的 vt. 完成;围捕;绕行;弄圆 adv. 在周围;迂回地;朝反方向;挨个 vi. 进展;变圆;环行;发胖,beijing_start1,beijing_start1:3年级下,1,,,keep-identity,reviewed,,
row a boat,row a boat,划船;摇船;划船最好用,renjiao_start1,renjiao_start1:4年级下,1,multiword,,keep-identity,reviewed,,划船
rowed a boat,rowed a boat,无,renjiao_start1,renjiao_start1:5年级下,1,multiword,,reuse-identity,reviewed,row a boat,
ruler,ruler,"n. 尺;统治者;[测] 划线板,划线的人",beijing_start1|renjiao_start1,beijing_start1:3年级上|renjiao_start1:1年级上|renjiao_start1:4年级上,3,cross-source-exact|multiple-occurrences,,keep-identity,reviewed,,
run,run,"n. 奔跑;赛跑;趋向;奔跑的路程 vt. 管理,经营;运行;参赛 vi. 经营;奔跑;运转",beijing_start1|renjiao_start1,beijing_start1:3年级上|renjiao_start1:3年级下,2,cross-source-exact|multiple-occurrences,,keep-identity,reviewed,,
run down the stairs,run down the stairs,无,renjiao_start1,renjiao_start1:4年级上,1,multiword,,keep-identity,reviewed,,跑下楼梯
running,running,n. 运转;赛跑;流出 v. 跑;运转(run的ing形式);行驶 adj. 连续的;流动的;跑着的;运转着的,renjiao_start1,renjiao_start1:4年级上,1,,,held,held,,
sad,sad,"adj. 难过的;悲哀的,令人悲痛的;凄惨的,阴郁的(形容颜色)",beijing_start1|renjiao_start1,beijing_start1:4年级上|renjiao_start1:5年级下|renjiao_start1:6年级上,3,cross-source-exact|multiple-occurrences,,keep-identity,reviewed,,
safe,safe,n. 保险箱;冷藏室;纱橱 adj. 安全的;可靠的;平安的,beijing_start1|renjiao_start1,beijing_start1:4年级下|renjiao_start1:4年级上,2,cross-source-exact|multiple-occurrences,,keep-identity,reviewed,,
safety,safety,n. 安全;保险;安全设备;保险装置;安打,beijing_start1,beijing_start1:4年级下,1,,,keep-identity,reviewed,,
safety rule,safety rule,安全规程,renjiao_start1,renjiao_start1:4年级上,1,multiword,,keep-identity,reviewed,,安全规则
saleswoman,saleswoman,n. [贸易] 女售货员;[贸易] 女店员,renjiao_start1,renjiao_start1:5年级上,1,,,keep-identity,reviewed,,
same,same,adj. 相同的;同一的;上述的(通常与the连用);无变化的 adv. 同样地(通常与the连用) pron. 同样的事物或人(通常与the连用),beijing_start1,beijing_start1:3年级上|beijing_start1:5年级下,2,multiple-occurrences,,keep-identity,reviewed,,
sandwich,sandwich,n. 三明治;夹心面包 vt. 夹入;挤进;把...做成三明治,renjiao_start1,renjiao_start1:6年级下,1,,,keep-identity,reviewed,,三明治
saturday,Saturday,n. 星期六,beijing_start1|renjiao_start1,beijing_start1:2年级上|renjiao_start1:2年级下|renjiao_start1:4年级上,3,cross-source-exact|multiple-occurrences,,keep-identity,reviewed,,
save,save,prep. 除...之外 n. 救援 vi. 节省;挽救 vt. 节省;保存;储蓄;解救,beijing_start1,beijing_start1:6年级下,1,,,keep-identity,reviewed,,
saw flowers,saw flowers,无,renjiao_start1,renjiao_start1:5年级下,1,multiword,,source-only,reviewed,,
say,say,vt. 讲;说明;例如;声称;假设;指明 vi. 讲;表示;念;假定;背诵,beijing_start1|renjiao_start1,beijing_start1:4年级上|renjiao_start1:5年级下,2,cross-source-exact|multiple-occurrences,,keep-identity,reviewed,,
scared,scared,v. 使害怕(scare的过去分词) adj. 害怕的,renjiao_start1,renjiao_start1:6年级上,1,,,keep-identity,reviewed,,
scarf,scarf,"n. 围巾;嵌接,嵌接处;头巾领巾 vt. 披嵌接;用围巾围",renjiao_start1,renjiao_start1:6年级下,1,,,keep-identity,reviewed,,围巾
school,school,n. 学校;学院;学派;鱼群 vt. 教育,beijing_start1|renjiao_start1,beijing_start1:4年级上|renjiao_start1:2年级上|renjiao_start1:4年级下,3,cross-source-exact|multiple-occurrences,,keep-identity,reviewed,,
schoolbag,schoolbag,n. 书包,beijing_start1|renjiao_start1,beijing_start1:2年级下|renjiao_start1:1年级上|renjiao_start1:4年级上,3,cross-source-exact|multiple-occurrences,,keep-identity,reviewed,,
science,science,n. 科学;技术;学科;理科,beijing_start1|renjiao_start1,beijing_start1:5年级上|renjiao_start1:3年级下,2,cross-source-exact|multiple-occurrences,,keep-identity,reviewed,,
scientist,scientist,n. 科学家,renjiao_start1,renjiao_start1:6年级上,1,,,keep-identity,reviewed,,
scissors,scissors,n. 剪刀;剪式跳法 v. 剪开;删除(scissor的第三人称单数),renjiao_start1,renjiao_start1:4年级上,1,,,keep-identity,reviewed,,
sea,sea,n. 海;海洋;许多;大量,beijing_start1|renjiao_start1,beijing_start1:5年级下|renjiao_start1:4年级下,2,cross-source-exact|multiple-occurrences,,keep-identity,reviewed,,
season,season,n. 时期;季节;赛季 vt. 给...调味;使适应 vi. 变得成熟;变干燥,beijing_start1|renjiao_start1,beijing_start1:6年级下|renjiao_start1:2年级下,2,cross-source-exact|multiple-occurrences,,keep-identity,reviewed,,
second,second,num. 第二 n. 秒;第二名;瞬间;二等品 adj. 第二的;次要的;附加的 vt. 支持 adv. 第二;其次;居第二位,beijing_start1|renjiao_start1,beijing_start1:3年级上|renjiao_start1:3年级下,2,cross-source-exact|multiple-occurrences,,keep-identity,reviewed,,
see,see,vi. 看;看见;领会 vt. 看见;理解;领会,beijing_start1,beijing_start1:6年级上,1,,,keep-identity,reviewed,,
see a film,see a film,看电影;去看电影;去电影院看电影,renjiao_start1,renjiao_start1:4年级下,1,multiword,,keep-identity,reviewed,,看电影
sell,sell,n. 销售;失望;推销术 vt. 销售;推销;出卖;欺骗 vi. 卖;出售;受欢迎;有销路,beijing_start1,beijing_start1:4年级上,1,,,keep-identity,reviewed,,
send,send,"n. 上升运动 vi. 派人;寄信 vt. 发送,寄;派遣;使进入;发射",renjiao_start1,renjiao_start1:4年级下,1,,,held,held,,
send a short message,send a short message,无,renjiao_start1,renjiao_start1:5年级下,1,multiword,,keep-identity,reviewed,,发短消息
send an email,send an email,无,renjiao_start1,renjiao_start1:5年级下,1,multiword,,keep-identity,reviewed,,发电子邮件
september,September,n. 九月,beijing_start1|renjiao_start1,beijing_start1:3年级上|renjiao_start1:3年级上,2,cross-source-exact|multiple-occurrences,,keep-identity,reviewed,,
seven,seven,"num. 七个,七 n. 七个,七 adj. 七的;七个的",beijing_start1|renjiao_start1,beijing_start1:5年级下|renjiao_start1:1年级上,2,cross-source-exact|multiple-occurrences,,keep-identity,reviewed,,
seventeenth,seventeenth,"n. 第十七日;十七分之一 num. 第十七 adj. 第十七的,第十七个的;十七分之一的",beijing_start1,beijing_start1:3年级上,1,,,keep-identity,reviewed,,
seventh,seventh,n. 第七;七分之一 adj. 第七的;七分之一的 adv. 居第七位地,beijing_start1,beijing_start1:3年级上,1,,,keep-identity,reviewed,,
seventy,seventy,n. 七十;七十个;七十岁;七十年代 num. 七十 adj. 七十的;七十个的;七十岁的,beijing_start1,beijing_start1:3年级上,1,,,keep-identity,reviewed,,
shape,shape,"n. 形状;模型;身材;具体化 vt. 形成;塑造,使成形;使符合 vi. 形成;成形;成长",beijing_start1,beijing_start1:3年级下,1,,,keep-identity,reviewed,,
shark,shark,n. 鲨鱼;骗子 vt. 敲诈 vi. 诈骗,renjiao_start1,renjiao_start1:6年级上,1,,,keep-identity,reviewed,,鲨鱼
she,she,n. 女人;雌性动物 pron. 她(主格);它(用来指雌性动物或国家、船舶、地球、月亮等),beijing_start1|renjiao_start1,beijing_start1:2年级下|renjiao_start1:2年级上,2,cross-source-exact|multiple-occurrences,,keep-identity,reviewed,,
sheep,sheep,"n. 羊,绵羊;胆小鬼",beijing_start1|renjiao_start1,beijing_start1:5年级上|renjiao_start1:5年级上,2,cross-source-exact|multiple-occurrences,,keep-identity,reviewed,,
ship,ship,"n. 船;舰;太空船 vt. 运送,乘船;以船运送 vi. 上船;乘船旅行;当船员",beijing_start1,beijing_start1:3年级下,1,,,keep-identity,reviewed,,
shirt,shirt,"n. 衬衫;汗衫,内衣",beijing_start1|renjiao_start1,beijing_start1:2年级下|renjiao_start1:1年级下|renjiao_start1:3年级上,3,cross-source-exact|multiple-occurrences,,keep-identity,reviewed,,
shoe,shoe,n. 鞋;蹄铁;外胎 vt. 给......穿上鞋;穿......鞋,beijing_start1,beijing_start1:4年级上,1,morphology,shoes,keep-identity,reviewed,,
shoes,shoes,n. 鞋子(shoe的复数) v. 穿鞋(shoe的第三人称单数),renjiao_start1,renjiao_start1:3年级上,1,morphology,shoe,reuse-identity,reviewed,shoe,
shop,shop,n. 商店;店铺 vt. 购物 vi. 购物;买东西,beijing_start1|renjiao_start1,beijing_start1:4年级上|renjiao_start1:4年级上,2,cross-source-exact|multiple-occurrences,,keep-identity,reviewed,,
shopping centre,shopping centre,"n. 购物中心(集中一批商店,有时在同一建筑物内)",renjiao_start1,renjiao_start1:6年级下,1,multiword,,keep-identity,reviewed,,购物中心
shopping list,shopping list,n. 购物单;采购单,renjiao_start1,renjiao_start1:3年级上,1,multiword,,keep-identity,reviewed,,购物清单
shopping mall,shopping mall,un. 商业区林荫路,renjiao_start1,renjiao_start1:6年级下,1,multiword,,keep-identity,reviewed,,购物商场；购物中心
short,short,"n. 短;缺乏;短路;短裤 adj. 短的;不足的;矮的,低的 adv. 不足;突然;唐突地",beijing_start1|renjiao_start1,beijing_start1:2年级上|renjiao_start1:2年级上|renjiao_start1:3年级上,3,cross-source-exact|multiple-occurrences|morphology,shorts,keep-identity,reviewed,,
shorts,shorts,n. 短裤,beijing_start1|renjiao_start1,beijing_start1:2年级下|renjiao_start1:1年级下|renjiao_start1:3年级上,3,cross-source-exact|multiple-occurrences|morphology,short,keep-identity,reviewed,,
should,should,aux. 应该;就;可能;将要,beijing_start1|renjiao_start1,beijing_start1:5年级下|renjiao_start1:3年级上,2,cross-source-exact|multiple-occurrences,,keep-identity,reviewed,,
shoulder,shoulder,"n. 肩,肩膀;肩部 vi. 用肩推挤,用肩顶 vt. 肩负,承担",beijing_start1,beijing_start1:6年级下,1,,,keep-identity,reviewed,,
show,show,n. 显示;表演;炫耀 vt. 显示;说明;演出;展出 vi. 显示;说明;指示,beijing_start1,beijing_start1:6年级上,1,,,keep-identity,reviewed,,
show ... around,show ... around,v. 带...参观,renjiao_start1,renjiao_start1:6年级下,1,multiword|punctuated,,keep-identity,reviewed,,带……参观；领……四处看看
sick,sick,adj. 厌恶的;病态的;不舒服;渴望的;恶心的 ;生病的 n. 病人 vt. 使狗去咬;呕吐;追击,renjiao_start1,renjiao_start1:4年级上,1,,,keep-identity,reviewed,,生病的；不舒服的
sidewalk,sidewalk,n. 人行道,renjiao_start1,renjiao_start1:4年级上,1,,,keep-identity,reviewed,,
silk,silk,n. 丝绸;蚕丝;丝织物 adj. 丝的;丝绸的;丝制的 vi. (玉米)处于长须的阶段中,renjiao_start1,renjiao_start1:6年级上,1,,,keep-identity,reviewed,,丝绸；蚕丝
sing,sing,n. 演唱;鸣声;呼啸声 vt. 唱;用诗赞颂;唱着使 vi. 唱歌;歌颂;鸣叫;呼号,beijing_start1,beijing_start1:6年级上,1,,,keep-identity,reviewed,,
sing songs,sing songs,n. 歌咏,renjiao_start1,renjiao_start1:3年级下,1,multiword,,keep-identity,reviewed,,唱歌
singer,singer,"n. 歌手,歌唱家",beijing_start1,beijing_start1:6年级上,1,,,keep-identity,reviewed,,
singing,singing,n. 歌唱;歌声;耳鸣;振鸣 v. 唱歌(sing的ing形式) adj. 唱歌的;音乐般的,renjiao_start1,renjiao_start1:4年级下,1,,,held,held,,
sister,sister,n. 姐妹;(称志同道合者)姐妹;修女;护士 adj. 姐妹般的;同类型的,beijing_start1|renjiao_start1,beijing_start1:5年级下|renjiao_start1:2年级上|renjiao_start1:3年级下,3,cross-source-exact|multiple-occurrences,,keep-identity,reviewed,,
sit,sit,vi. 坐;位于 vt. 使就座,beijing_start1,beijing_start1:2年级下,1,,,keep-identity,reviewed,,
six,six,"num. 六,六个 n. 六,六个",renjiao_start1,renjiao_start1:1年级上,1,,,keep-identity,reviewed,,六
sixteen,sixteen,"num. 十六 adj. 十六的,十六个的",beijing_start1,beijing_start1:2年级上,1,,,keep-identity,reviewed,,
sixth,sixth,"n. 月的第六日,(与the连用的)第六个;六分之一 adj. (与 the 连用)第六的,第六个的;六分之一的",beijing_start1,beijing_start1:3年级上,1,,,keep-identity,reviewed,,
sixty,sixty,num. 六十;六十个,beijing_start1,beijing_start1:3年级上,1,,,keep-identity,reviewed,,
skateboarding,skateboarding,n. 滑板运动,renjiao_start1,renjiao_start1:4年级下,1,,,held,held,,
ski,ski,n. 滑雪橇 vi. 滑雪 adj. 滑雪(用)的,beijing_start1|renjiao_start1,beijing_start1:5年级上|renjiao_start1:4年级下,2,cross-source-exact|multiple-occurrences,,keep-identity,reviewed,,
skirt,skirt,"n. 裙子 vt. 绕过,回避;位于...边缘 vi. 沿边走,绕开;环绕",beijing_start1|renjiao_start1,beijing_start1:1年级上|beijing_start1:6年级下|renjiao_start1:1年级下|renjiao_start1:3年级上,4,cross-source-exact|multiple-occurrences,,keep-identity,reviewed,,
sky,sky,n. 天空;顶点 vt. 把...投向空中;把...挂得过高 vi. 踢或击高空球;把桨叶翘得过高;飞涨,beijing_start1,beijing_start1:2年级下,1,,,keep-identity,reviewed,,
sleep,sleep,"n. 睡眠 vi. 睡,睡觉",beijing_start1,beijing_start1:2年级下,1,morphology,slept,keep-identity,reviewed,,
sleepy,sleepy,adj. 欲睡的;困乏的;不活跃的,renjiao_start1,renjiao_start1:5年级下,1,,,keep-identity,reviewed,,
slept,slept,v. 睡觉(sleep的过去式和过去分词),renjiao_start1,renjiao_start1:5年级下,1,morphology,sleep,held,held,,
slim,slim,adj. 苗条的;修长的;微小的;差的 vt. 使...体重减轻;使...苗条 vi. 减轻体重;变细,renjiao_start1,renjiao_start1:5年级上,1,,,keep-identity,reviewed,,苗条的；修长的
slow,slow,adj. 慢的;减速的;迟钝的 vt. 放慢;阻碍 vi. 变慢;变萧条 adv. 慢慢地;迟缓地,beijing_start1,beijing_start1:6年级下,1,,,keep-identity,reviewed,,
slowly,slowly,"adv. 缓慢地,慢慢地",beijing_start1,beijing_start1:4年级下,1,,,keep-identity,reviewed,,
small,small,"n. 小件物品;矮小的人 adj. 少的,小的;微弱的;几乎没有的;不重要的;幼小的 adv. 小小地;卑鄙地",beijing_start1|renjiao_start1,beijing_start1:2年级上|renjiao_start1:3年级上,2,cross-source-exact|multiple-occurrences,,keep-identity,reviewed,,
smart,smart,adj. 聪明的;巧妙的;敏捷的;厉害的;潇洒的;剧烈的;时髦的,beijing_start1|renjiao_start1,beijing_start1:6年级上|renjiao_start1:6年级上,2,cross-source-exact|multiple-occurrences,,keep-identity,reviewed,,
smile,smile,n. 微笑;笑容;喜色 vt. 微笑着表示 vi. 微笑,beijing_start1,beijing_start1:6年级下,1,,,keep-identity,reviewed,,
snake,snake,n. 蛇;阴险的人 vt. 拉(木材等);迂回前进 vi. 迂回前进,beijing_start1|renjiao_start1,beijing_start1:1年级下|renjiao_start1:3年级上,2,cross-source-exact|multiple-occurrences,,keep-identity,reviewed,,
snow,snow,"n. 雪,积雪;下雪 vt. 使纷纷落下;使变白 vi. 降雪",beijing_start1|renjiao_start1,beijing_start1:2年级下|renjiao_start1:4年级上,2,cross-source-exact|multiple-occurrences,,keep-identity,reviewed,,
snowy,snowy,"adj. 下雪的,多雪的;被雪覆盖的;洁白无瑕的",beijing_start1|renjiao_start1,beijing_start1:3年级上|renjiao_start1:2年级下,2,cross-source-exact|multiple-occurrences,,keep-identity,reviewed,,
so,so,"conj. 所以;因此 adv. 如此,这么;确是如此 pron. 这样",renjiao_start1,renjiao_start1:4年级上,1,,,held,held,,
sock,sock,vt. 重击;给......穿袜 n. 短袜;一击 adv. 正着地;不偏不倚地 adj. 非常成功的,beijing_start1,beijing_start1:6年级下,1,morphology,socks,keep-identity,reviewed,,
socks,socks,n. 袜子(sock的复数),renjiao_start1,renjiao_start1:1年级下|renjiao_start1:3年级上,2,multiple-occurrences|morphology,sock,reuse-identity,reviewed,sock,
sofa,sofa,n. 沙发;长椅,beijing_start1|renjiao_start1,beijing_start1:2年级下|renjiao_start1:3年级下,2,cross-source-exact|multiple-occurrences,,keep-identity,reviewed,,
some,some,adj. 一些;某个;大约;相当多的 pron. 一些;若干;其中的一部分;(数量不确切时用)有些人 adv. 非常;相当;<美>稍微,beijing_start1,beijing_start1:6年级上,1,,,keep-identity,reviewed,,
sometimes,sometimes,"adv. 有时,间或",beijing_start1|renjiao_start1,beijing_start1:4年级下|renjiao_start1:5年级上,2,cross-source-exact|multiple-occurrences,,keep-identity,reviewed,,
son,son,n. 儿子;孩子(对年轻人的称呼);男性后裔,beijing_start1,beijing_start1:5年级下,1,,,keep-identity,reviewed,,
song,song,n. 歌曲;歌唱;诗歌;鸣声,beijing_start1,beijing_start1:3年级下,1,,,keep-identity,reviewed,,
soon,soon,"adv. 快;不久,一会儿;立刻;|adv. 快;不久,一会儿;立刻;宁愿",beijing_start1|renjiao_start1,beijing_start1:4年级下|renjiao_start1:3年级上,2,cross-source-exact|multiple-occurrences,,keep-identity,reviewed,,
sorry,sorry,"adj. 遗憾的;对不起的,抱歉的 int. 对不起,抱歉(表示委婉的拒绝等)",beijing_start1|renjiao_start1,beijing_start1:4年级上|renjiao_start1:1年级下,2,cross-source-exact|multiple-occurrences,,keep-identity,reviewed,,
sound,sound,"n. 声音,语音;噪音;海峡;吵闹;听力范围;[医] 探条 adj. 健全的,健康的;合理的;可靠的;有效彻底的 vt. 听(诊);测量,测...深;使发声;试探;宣告 vi. 听起来;发出声音;回响;测深 adv. 彻底地,充分地",beijing_start1|renjiao_start1,beijing_start1:4年级下|renjiao_start1:4年级上,2,cross-source-exact|multiple-occurrences,,held,held,,
soup,soup,"n. 汤,羹;马力 vt. 加速;增加马力",beijing_start1|renjiao_start1,beijing_start1:4年级上|renjiao_start1:6年级上,2,cross-source-exact|multiple-occurrences,,keep-identity,reviewed,,
sour,sour,n. 酸味;苦事 adj. 酸的;发酵的;刺耳的;酸臭的;讨厌的 vt. 使变酸;使失望 vi. 发酵;变酸;厌烦,beijing_start1,beijing_start1:4年级上,1,,,keep-identity,reviewed,,
south,south,"n. 南方,南边;南部 adj. 南的,南方的 adv. 在南方,向南方",renjiao_start1,renjiao_start1:6年级上,1,,,keep-identity,reviewed,,南；南方
speak,speak,vi. 说话;演讲;表明;陈述 vt. 讲话;发言;讲演,beijing_start1|renjiao_start1,beijing_start1:4年级上|renjiao_start1:6年级上,2,cross-source-exact|multiple-occurrences,,held,held,,
special,special,"n. 特使,特派人员;特刊;特色菜;专车;特价商品 adj. 特别的;专门的,专用的",renjiao_start1,renjiao_start1:5年级下|renjiao_start1:6年级下,2,multiple-occurrences,,keep-identity,reviewed,,特别的；特殊的
spend,spend,"n. 预算 vt. 度过,消磨(时光);花费;浪费;用尽 vi. 花钱;用尽,耗尽",renjiao_start1,renjiao_start1:6年级上,1,,,keep-identity,reviewed,,花费；度过（时间）
spicy,spicy,"adj. 辛辣的;香的,多香料的;下流的",renjiao_start1,renjiao_start1:6年级上,1,,,keep-identity,reviewed,,
spoon,spoon,"n. 匙,勺子;一杓的量 vt. 用匙舀;使成匙状 vi. 轻轻向上击",beijing_start1,beijing_start1:1年级上,1,,,keep-identity,reviewed,,
sport,sport,n. 运动;游戏;娱乐;运动会;玩笑 adj. 运动的 vt. 游戏;参加体育运动;夸耀 vi. 游戏,beijing_start1,beijing_start1:3年级上,1,,,keep-identity,reviewed,,
sports centre,sports centre,"体育运动中心, 运动场",renjiao_start1,renjiao_start1:4年级下,1,multiword,,keep-identity,reviewed,,体育中心
spring,spring,n. 春天;弹簧;泉水;活力;跳跃 adj. 春天的 vt. 使跳起;使爆炸;突然提出;使弹开 vi. 生长;涌出;跃出;裂开,beijing_start1|renjiao_start1,beijing_start1:2年级下|renjiao_start1:2年级下,2,cross-source-exact|multiple-occurrences,,keep-identity,reviewed,,
square,square,n. 平方;广场;正方形 adj. 平方的;正方形的;直角的;正直的 vt. 使成方形;与...一致 vi. 一致;成方形 adv. 成直角地,beijing_start1|renjiao_start1,beijing_start1:3年级下|renjiao_start1:4年级下,2,cross-source-exact|multiple-occurrences,,split-required,held,,Beijing=正方形; Renjiao=广场
squirrel,squirrel,n. 松鼠;松鼠毛皮 vt. 贮藏,renjiao_start1,renjiao_start1:6年级下,1,,,keep-identity,reviewed,,松鼠
stadium,stadium,n. 体育场;露天大型运动场,renjiao_start1,renjiao_start1:6年级下,1,,,keep-identity,reviewed,,
stage,stage,n. 阶段;舞台;戏剧;驿站 vt. 举行;上演;筹划 vi. 举行;适于上演;乘驿车旅行,beijing_start1,beijing_start1:6年级上,1,,,keep-identity,reviewed,,
stamp,stamp,n. 邮票;印记;标志;跺脚 vt. 铭记;标出;盖章于...;贴邮票于...;用脚踩踏 vi. 跺脚;捣碎;毁掉,beijing_start1|renjiao_start1,beijing_start1:6年级上|renjiao_start1:4年级下,2,cross-source-exact|multiple-occurrences,,keep-identity,reviewed,,
stand,stand,n. 站立;立场;看台;停止 vi. 站立;位于;停滞 vt. 使站立;忍受;抵抗,beijing_start1,beijing_start1:6年级下,1,,,keep-identity,reviewed,,
star,star,"n. 星,恒星;明星;星形物 adj. 明星的,主角的;星形的 vt. 用星号标于;由...主演,由...担任主角 vi. 担任主角",beijing_start1|renjiao_start1,beijing_start1:1年级上|beijing_start1:3年级上|renjiao_start1:4年级下,3,cross-source-exact|multiple-occurrences,,held,held,,
start,start,n. 开始;起点 vt. 开始;启动 vi. 出发,beijing_start1,beijing_start1:6年级上,1,,,keep-identity,reviewed,,
started to buy things,started to buy things,无,renjiao_start1,renjiao_start1:5年级下,1,multiword,,source-only,reviewed,,
started to speak,started to speak,无,renjiao_start1,renjiao_start1:5年级下,1,multiword,,source-only,reviewed,,
started to study english,started to study English,无,renjiao_start1,renjiao_start1:5年级下,1,multiword,,source-only,reviewed,,
started to use a computer,started to use a computer,无,renjiao_start1,renjiao_start1:5年级下,1,multiword,,source-only,reviewed,,
station,station,n. 车站;驻地;地位;身份 vt. 配置;安置;驻扎,beijing_start1|renjiao_start1,beijing_start1:4年级下|renjiao_start1:4年级下,2,cross-source-exact|multiple-occurrences,,keep-identity,reviewed,,
stay,stay,n. 逗留;停止;支柱 vi. 停留;坚持;暂住;停下 vt. 坚持;暂住;抑制,beijing_start1|renjiao_start1,beijing_start1:6年级下|renjiao_start1:4年级下,2,cross-source-exact|multiple-occurrences,,held,held,,
stayed at home,stayed at home,无,renjiao_start1,renjiao_start1:5年级下,1,multiword,,reuse-identity,reviewed,stay at home,
step,step,"n. 步,脚步;步骤;步伐;梯级 vt. 走,迈步 vi. 踏,踩;走",renjiao_start1,renjiao_start1:4年级上,1,,,held,held,,
stomachache,stomachache,"n. 腹痛,肚子痛;胃痛",renjiao_start1,renjiao_start1:5年级下,1,,,keep-identity,reviewed,,
stone,stone,"n. 石头;结石;[宝] 宝石 adj. 石的,石制的 vt. 向扔石块;用石头铺",renjiao_start1,renjiao_start1:6年级上,1,,,keep-identity,reviewed,,石头；石块
stop,stop,n. 停止;车站;障碍;逗留 vi. 停止;中止;逗留;被塞住 vt. 停止;堵塞;断绝,beijing_start1|renjiao_start1,beijing_start1:6年级上|beijing_start1:6年级下|renjiao_start1:4年级上,3,cross-source-exact|multiple-occurrences,,held,held,,
story,story,n. 故事;小说;新闻报道;来历;假话 vt. 用历史故事画装饰 vi. 说谎,beijing_start1|renjiao_start1,beijing_start1:3年级下|renjiao_start1:6年级上,2,cross-source-exact|multiple-occurrences,,keep-identity,reviewed,,
straight,straight,"n. 直;直线;直男,直女,异性恋者 adj. 直的;连续的;笔直的;正直的;整齐的;异性恋的 adv. 直接地;不断地;立即;坦率地",renjiao_start1,renjiao_start1:5年级上,1,,,keep-identity,reviewed,,直的；笔直的
street,street,n. 街道 adj. 街道的,beijing_start1|renjiao_start1,beijing_start1:6年级下|renjiao_start1:4年级上|renjiao_start1:4年级下,3,cross-source-exact|multiple-occurrences,,keep-identity,reviewed,,
strong,strong,adj. 坚强的;强壮的;牢固的;擅长的 adv. 强劲地;猛烈地,beijing_start1,beijing_start1:6年级上,1,,,keep-identity,reviewed,,
student,student,n. 学生;学者,beijing_start1,beijing_start1:6年级下,1,,,keep-identity,reviewed,,
study,study,"n. 学习,研究;课题;书房;学问 vt. 学习;考虑;攻读;细察 vi. 研究;用功",beijing_start1|renjiao_start1,beijing_start1:5年级下|renjiao_start1:3年级下|renjiao_start1:6年级上,3,cross-source-exact|multiple-occurrences,,split-required,held,,verb 学习 plus noun 书房
subject,subject,n. 主题;科目;[语] 主语;国民 adj. 服从的;易患...的;受制于...的 vt. 使...隶属;使屈从于...,beijing_start1|renjiao_start1,beijing_start1:5年级上|renjiao_start1:5年级下,2,cross-source-exact|multiple-occurrences,,keep-identity,reviewed,,
summary,summary,"n. 概要,摘要,总结 adj. 简易的;扼要的",renjiao_start1,renjiao_start1:3年级上,1,,,held,held,,
summer,summer,n. 夏季;全盛时期 adj. 夏季的 vi. 避暑;过夏天,beijing_start1|renjiao_start1,beijing_start1:6年级下|renjiao_start1:2年级下,2,cross-source-exact|multiple-occurrences,,keep-identity,reviewed,,
summer vacation,summer vacation,n. 暑假,renjiao_start1,renjiao_start1:4年级下,1,multiword,,keep-identity,reviewed,,暑假
sun,sun,n. 太阳 vt. 使晒 vi. 晒太阳,beijing_start1,beijing_start1:1年级下|beijing_start1:5年级下,2,multiple-occurrences,,keep-identity,reviewed,,
sunday,Sunday,n. 星期日;礼拜日,beijing_start1|renjiao_start1,beijing_start1:2年级上|renjiao_start1:2年级下,2,cross-source-exact|multiple-occurrences,,keep-identity,reviewed,,
sunny,sunny,"adj. 阳光充足的,和煦的;快活的;性情开朗的",beijing_start1|renjiao_start1,beijing_start1:3年级上|renjiao_start1:2年级下,2,cross-source-exact|multiple-occurrences,,keep-identity,reviewed,,
sunrise,sunrise,n. 日出;黎明,renjiao_start1,renjiao_start1:6年级上,1,,,keep-identity,reviewed,,
supermarket,supermarket,n. 超级市场;自助售货商店,beijing_start1|renjiao_start1,beijing_start1:5年级上|renjiao_start1:2年级上|renjiao_start1:4年级下,3,cross-source-exact|multiple-occurrences,,keep-identity,reviewed,,超市
supper,supper,"n. 晚餐,晚饭;夜宵",beijing_start1,beijing_start1:6年级上,1,,,keep-identity,reviewed,,
sure,sure,adj. 确信的;可靠的;必定的 adv. 当然;的确,beijing_start1|renjiao_start1,beijing_start1:3年级下|renjiao_start1:1年级下,2,cross-source-exact|multiple-occurrences,,keep-identity,reviewed,,
surprised,surprised,"v. 使惊奇(surprise的过去分词形式) adj. 感到惊讶的,出人意料的",beijing_start1,beijing_start1:4年级上,1,,,keep-identity,reviewed,,
swam,swam,v. 游泳(swim的过去式),renjiao_start1,renjiao_start1:5年级下,1,morphology,swim,held,held,,
swan,swan,"n. 天鹅;天鹅星座 vi. 游荡,闲荡",renjiao_start1,renjiao_start1:6年级下,1,,,keep-identity,reviewed,,天鹅
sweater,sweater,"n. 毛线衣,运动衫;大量出汗的人,发汗剂",renjiao_start1,renjiao_start1:3年级上,1,,,keep-identity,reviewed,,
sweep the floor,sweep the floor,扫地;清扫地板;打扫地板,renjiao_start1,renjiao_start1:5年级上,1,multiword,,keep-identity,reviewed,,扫地
sweet,sweet,n. 糖果;乐趣;芳香;宝贝 adj. 甜的;悦耳的;芳香的;亲切的 (俚)酷毙了,beijing_start1,beijing_start1:3年级下,1,,,keep-identity,reviewed,,
sweet potato,sweet potato,n. 【植】甘薯,beijing_start1,beijing_start1:3年级下,1,multiword,,keep-identity,reviewed,,红薯；甘薯
swim,swim,n. 游泳;漂浮;眩晕 adj. 游泳时穿戴的 vi. 游泳;漂浮;浸;眩晕 vt. 游过;使浮起,beijing_start1|renjiao_start1,beijing_start1:6年级上|renjiao_start1:2年级下|renjiao_start1:3年级下|renjiao_start1:4年级上,4,cross-source-exact|multiple-occurrences|morphology,swam,keep-identity,reviewed,,
sydney,Sydney,n. 悉尼(澳大利亚港市),renjiao_start1,renjiao_start1:6年级上,1,,,keep-identity,reviewed,,
t-shirt,T-shirt,n. 短袖圆领汗衫,renjiao_start1,renjiao_start1:1年级下|renjiao_start1:3年级上,2,multiple-occurrences,,keep-identity,reviewed,,T恤衫
table,table,n. 桌子;表格;平地层 vt. 制表;搁置;嵌合 adj. 桌子的,beijing_start1,beijing_start1:2年级下,1,,,keep-identity,reviewed,,
tail,tail,n. 尾巴;踪迹;辫子;燕尾服 adj. 从后面而来的;尾部的 vt. 尾随;装上尾巴 vi. 跟踪;变少或缩小,renjiao_start1,renjiao_start1:3年级上,1,,,keep-identity,reviewed,,尾巴
take,take,"vi. 拿;获得 vt. 拿,取;采取;接受(礼物等);买,花费;耗费(时间等) n. 捕获量;看法;利益,盈益;(入场券的)售得金额",beijing_start1,beijing_start1:4年级上,1,,,keep-identity,reviewed,,
take out the rubbish,take out the rubbish,无,renjiao_start1,renjiao_start1:5年级上,1,multiword,,keep-identity,reviewed,,倒垃圾；把垃圾拿出去
take part in,take part in,na. 参加;贡献,beijing_start1,beijing_start1:6年级上,1,multiword,,keep-identity,reviewed,,参加
take photos,take photos,照相;拍照;拍照片,renjiao_start1,renjiao_start1:4年级下,2,multiple-occurrences|multiword,,keep-identity,reviewed,,拍照
talk,talk,n. 谈话;演讲;空谈 vi. 谈话;说闲话 vt. 说;谈话;讨论,beijing_start1|renjiao_start1,beijing_start1:5年级下|renjiao_start1:5年级上,2,cross-source-exact|multiple-occurrences,,keep-identity,reviewed,,
talk about,talk about,na. 讲(某事),renjiao_start1,renjiao_start1:6年级下,1,multiword,,keep-identity,reviewed,,谈论；讨论
tall,tall,adj. 高的;长的;过分的;夸大的 adv. 夸大地,beijing_start1|renjiao_start1,beijing_start1:5年级上|renjiao_start1:2年级上,2,cross-source-exact|multiple-occurrences,,keep-identity,reviewed,,
taste,taste,n. 味道;品味;审美 vt. 尝;体验 vi. 尝起来;有...的味道,renjiao_start1,renjiao_start1:6年级上,1,,,held,held,,
taxi,taxi,n. 出租汽车 vt. 使滑行;用出租车送 vi. 乘出租车;滑行,beijing_start1,beijing_start1:2年级下,1,,,keep-identity,reviewed,,
taxi driver,taxi driver,n. 计程车司机,renjiao_start1,renjiao_start1:4年级上,1,multiword,,keep-identity,reviewed,,出租车司机
tea,tea,n. 茶叶;茶树;茶点 vt. 给...沏茶 vi. 喝茶;进茶点,beijing_start1|renjiao_start1,beijing_start1:3年级下|renjiao_start1:1年级下,2,cross-source-exact|multiple-occurrences,,keep-identity,reviewed,,
teach,teach,vt. 教;教授;教导 vi. 教授;讲授;当老师,beijing_start1|renjiao_start1,beijing_start1:5年级下|renjiao_start1:4年级上|renjiao_start1:5年级上,3,cross-source-exact|multiple-occurrences,,keep-identity,reviewed,,
teacher,teacher,n. 教师;导师,beijing_start1|renjiao_start1,beijing_start1:3年级上|renjiao_start1:1年级上|renjiao_start1:4年级上,3,cross-source-exact|multiple-occurrences,,keep-identity,reviewed,,
teachers' day,Teachers' Day,n. 教师节,renjiao_start1,renjiao_start1:5年级下,1,multiword,,keep-identity,reviewed,,教师节
team,team,n. 队;组 vt. 使合作 vi. 合作,beijing_start1,beijing_start1:5年级上,1,,,keep-identity,reviewed,,
teeth,teeth,n. 牙齿,beijing_start1,beijing_start1:3年级下,1,morphology,tooth,held,held,,
temple,temple,n. 庙宇;寺院;神殿;太阳穴,renjiao_start1,renjiao_start1:6年级上,1,,,keep-identity,reviewed,,
ten,ten,"num. 十个,十",renjiao_start1,renjiao_start1:1年级上,1,,,keep-identity,reviewed,,
tennis,tennis,n. 网球(运动),beijing_start1,beijing_start1:5年级上,1,,,keep-identity,reviewed,,
tenth,tenth,num. 第十;十分之一 adj. 十分之一的;第十个的,beijing_start1|renjiao_start1,beijing_start1:3年级上|renjiao_start1:5年级下,2,cross-source-exact|multiple-occurrences,,keep-identity,reviewed,,
test,test,n. 试验;检验 vt. 试验;测试 vi. 试验;测试,renjiao_start1,renjiao_start1:6年级上,1,,,keep-identity,reviewed,,测试；考试
textbook,textbook,"n. 教科书,课本",beijing_start1,beijing_start1:5年级下,1,,,keep-identity,reviewed,,
thank,thank,n. 感谢 vt. 感谢 int. 谢谢,beijing_start1|renjiao_start1,beijing_start1:2年级上|renjiao_start1:2年级上,2,cross-source-exact|multiple-occurrences|morphology,thanks,keep-identity,reviewed,,
thanks,thanks,n. 谢谢(只用复数) int. 谢谢,renjiao_start1,renjiao_start1:1年级下,1,morphology,thank,keep-identity,reviewed,,
thanksgiving,Thanksgiving,n. 感恩,renjiao_start1,renjiao_start1:6年级下,1,,,keep-identity,reviewed,,
that,that,conj. 因为;以至于 adj. 那;那个 pron. 那;那个 adv. 那么;那样,beijing_start1|renjiao_start1,beijing_start1:2年级下|renjiao_start1:3年级下,2,cross-source-exact|multiple-occurrences,,keep-identity,reviewed,,
the,the,"art. 这;那 adv. 更加(用于比较级,最高级前)",beijing_start1|renjiao_start1,beijing_start1:2年级上|renjiao_start1:1年级下,2,cross-source-exact|multiple-occurrences,,keep-identity,reviewed,,
the british museum,the British Museum,大英博物馆;伦敦大英博物馆;不列颠博物馆,renjiao_start1,renjiao_start1:6年级上,1,multiword,,keep-identity,reviewed,,大英博物馆
the cn tower,the CN Tower,无,renjiao_start1,renjiao_start1:6年级上,1,multiword,,keep-identity,reviewed,,加拿大国家电视塔
the great wall,the Great Wall,长城;万里长城;中国万里长城,renjiao_start1,renjiao_start1:4年级下,1,multiword,,keep-identity,reviewed,,长城
the london eye,the London Eye,伦敦眼;英航伦敦眼;英国伦敦眼,renjiao_start1,renjiao_start1:6年级上,1,multiword,,keep-identity,reviewed,,伦敦眼
the matter,the matter,"有问题,有毛病",renjiao_start1,renjiao_start1:3年级上,1,multiword,,route-expression,reviewed,,
the opera house,the Opera House,悉尼歌剧院;剧院及电影院;大剧院,renjiao_start1,renjiao_start1:6年级上,1,multiword,,keep-identity,reviewed,,歌剧院
the potala palace,the Potala Palace,布达拉宫;中国西藏布达拉宫,renjiao_start1,renjiao_start1:6年级上,1,multiword,,keep-identity,reviewed,,布达拉宫
the stone forest,the Stone Forest,无,renjiao_start1,renjiao_start1:5年级下,1,multiword,,keep-identity,reviewed,,石林
the summer palace,the Summer Palace,颐和园;颐和圆;之颐和园,renjiao_start1,renjiao_start1:6年级上,1,multiword,,keep-identity,reviewed,,颐和园
the terracotta army,the Terracotta Army,无,renjiao_start1,renjiao_start1:6年级上,1,multiword,,keep-identity,reviewed,,兵马俑
the u.k.,the U.K.,n. 英国,beijing_start1,beijing_start1:5年级上,1,multiword,,reuse-identity,reviewed,the uk,
the u.s.a.,the U.S.A.,美国;悠游美国,beijing_start1,beijing_start1:5年级上,1,multiword,,reuse-identity,reviewed,the usa,
the uk,the UK,(等于the United Kingdom)英国,renjiao_start1,renjiao_start1:4年级下,1,multiword,,keep-identity,reviewed,,英国
the united states of america,the United States of America,na. 美利坚合众国,beijing_start1,beijing_start1:5年级上,1,multiword,,reuse-identity,reviewed,the usa,
the usa,the USA,美国;美利坚合众国;现在我们有美国的大哥,renjiao_start1,renjiao_start1:4年级下,1,multiword,,keep-identity,reviewed,,美国
the white house,the White House,na. 白宫,renjiao_start1,renjiao_start1:6年级上,1,multiword,,keep-identity,reviewed,,白宫
the yangtze river,the Yangtze River,na. 长江,renjiao_start1,renjiao_start1:6年级上,1,multiword,,keep-identity,reviewed,,长江
theatre,theatre,"n. 电影院,戏院;戏剧;阶梯式讲堂",renjiao_start1,renjiao_start1:4年级上,1,,,keep-identity,reviewed,,
their,their,"pron. 他们的,她们的;它们的",beijing_start1|renjiao_start1,beijing_start1:5年级下|renjiao_start1:4年级上,2,cross-source-exact|multiple-occurrences,,keep-identity,reviewed,,
them,them,pron. 他们;它们;她们,beijing_start1,beijing_start1:2年级上,1,,,keep-identity,reviewed,,
then,then,"conj. 然后,当时 n. 那时 adv. 然后;那么;于是;当时;此外",beijing_start1,beijing_start1:4年级下,1,,,keep-identity,reviewed,,
there,there,n. 那个地方 adv. 在那里;在那边;在那点上 int. 你瞧,beijing_start1|renjiao_start1,beijing_start1:4年级上|renjiao_start1:1年级上,2,cross-source-exact|multiple-occurrences,,held,held,,
these,these,adj. 这些的 pron. 这些,beijing_start1,beijing_start1:2年级上,1,,,keep-identity,reviewed,,
they,they,pron. 他们;它们;她们,beijing_start1|renjiao_start1,beijing_start1:2年级下|renjiao_start1:3年级下,2,cross-source-exact|multiple-occurrences,,keep-identity,reviewed,,
thick,thick,"n. 最拥挤部分;活动最多部分;事物的粗大浓密部分 adj. 厚的;浓的;粗大的 adv. 密集地;浓浓地,厚厚地",beijing_start1,beijing_start1:4年级下,1,,,keep-identity,reviewed,,
thin,thin,n. 细小部分 adj. 薄的;瘦的;稀薄的;微弱的 vt. 使瘦;使淡;使稀疏 vi. 变薄;变瘦;变淡 adv. 稀疏地;微弱地,beijing_start1|renjiao_start1,beijing_start1:2年级上|renjiao_start1:2年级上,2,cross-source-exact|multiple-occurrences,,keep-identity,reviewed,,
thing,thing,n. 事情;东西;事物;情况,renjiao_start1,renjiao_start1:4年级下,1,,,keep-identity,reviewed,,
think,think,n. 想;想法 adj. 思想的 vi. 想;认为 vt. 想;认为;想起;想像;打算,beijing_start1,beijing_start1:4年级上,1,,,keep-identity,reviewed,,
third,third,num. 第三;三分之一 adj. 第三的;三分之一的,beijing_start1|renjiao_start1,beijing_start1:3年级上|renjiao_start1:3年级下,2,cross-source-exact|multiple-occurrences,,keep-identity,reviewed,,
thirsty,thirsty,"adj. 口渴的,口干的;渴望的,热望的",beijing_start1|renjiao_start1,beijing_start1:6年级下|renjiao_start1:1年级下,2,cross-source-exact|multiple-occurrences,,keep-identity,reviewed,,
thirteen,thirteen,n. 十三;十三岁;十三个 num. 十三 adj. 十三的;十三个的,renjiao_start1,renjiao_start1:2年级下,1,,,keep-identity,reviewed,,十三
thirteenth,thirteenth,n. 第十三;十三分之一 adj. 第十三的;十三分之一的,beijing_start1,beijing_start1:3年级上,1,,,keep-identity,reviewed,,
thirty,thirty,num. 三十 n. 三十年代 adj. 三十个的,beijing_start1|renjiao_start1,beijing_start1:2年级下|renjiao_start1:2年级下,2,cross-source-exact|multiple-occurrences,,keep-identity,reviewed,,
this,this,adj. 这;本;这个;今 pron. 这;这个;这里 adv. 这样地;这么,beijing_start1|renjiao_start1,beijing_start1:2年级下|renjiao_start1:1年级上,2,cross-source-exact|multiple-occurrences,,keep-identity,reviewed,,
those,those,adj. 那些的 pron. 那些(that的复数),beijing_start1,beijing_start1:6年级上,1,,,keep-identity,reviewed,,
three,three,"num. 三 n. 三,三个 adj. 三的,三个的",beijing_start1|renjiao_start1,beijing_start1:2年级上|renjiao_start1:1年级上,2,cross-source-exact|multiple-occurrences,,keep-identity,reviewed,,
three times a week,three times a week,一周三次;每周三次;一星期三次,renjiao_start1,renjiao_start1:4年级下,1,multiword,,keep-identity,reviewed,,每周三次
thursday,Thursday,n. 星期四,beijing_start1|renjiao_start1,beijing_start1:6年级上|renjiao_start1:2年级下|renjiao_start1:4年级上,3,cross-source-exact|multiple-occurrences,,keep-identity,reviewed,,
tidy the desk,tidy the desk,无,renjiao_start1,renjiao_start1:5年级上,1,multiword,,keep-identity,reviewed,,整理书桌
tie,tie,n. 领带;平局;鞋带;领结;不分胜负 vi. 打结;不分胜负;被用带(或绳子等)系住 vt. 系;约束;打结;与...成平局,beijing_start1,beijing_start1:6年级上,1,,,keep-identity,reviewed,,
tiger,tiger,n. 老虎;凶暴的人,beijing_start1|renjiao_start1,beijing_start1:1年级下|beijing_start1:6年级上|renjiao_start1:1年级上|renjiao_start1:3年级上,4,cross-source-exact|multiple-occurrences,,keep-identity,reviewed,,
time,time,n. 时间;时代;次数;节拍;倍数 adj. 定时的;定期的;分期的 vt. 计时;测定...的时间;安排...的速度,beijing_start1|renjiao_start1,beijing_start1:2年级下|renjiao_start1:2年级下,2,cross-source-exact|multiple-occurrences,,keep-identity,reviewed,,
tired,tired,"v. 疲倦;对...腻烦(tire的过去分词形式) adj. 疲倦的;厌倦的,厌烦的",beijing_start1|renjiao_start1,beijing_start1:6年级下|renjiao_start1:5年级下,2,cross-source-exact|multiple-occurrences,,keep-identity,reviewed,,
to,to,prep. 到;向;(表示时间、方向)朝...方向 adv. 向前;(门等)关上,beijing_start1|renjiao_start1,beijing_start1:2年级上|renjiao_start1:2年级上,2,cross-source-exact|multiple-occurrences,,keep-identity,reviewed,,
today,today,n. 今天;现今 adv. 今天;现今,beijing_start1|renjiao_start1,beijing_start1:3年级上|renjiao_start1:2年级下,2,cross-source-exact|multiple-occurrences,,keep-identity,reviewed,,
together,together,"adj. 新潮的;情绪稳定的,做事有效率的 adv. 一起;同时;相互;连续地;总共",beijing_start1|renjiao_start1,beijing_start1:3年级上|renjiao_start1:5年级下|renjiao_start1:6年级下,3,cross-source-exact|multiple-occurrences,,keep-identity,reviewed,,
toilet,toilet,"n. 厕所,盥洗室;梳妆,打扮 vt. 给...梳妆打扮 vi. 梳妆,打扮",beijing_start1|renjiao_start1,beijing_start1:6年级下|renjiao_start1:3年级下,2,cross-source-exact|multiple-occurrences,,keep-identity,reviewed,,
tomato,tomato,"n. 番茄,西红柿",beijing_start1|renjiao_start1,beijing_start1:5年级下|renjiao_start1:3年级上,2,cross-source-exact|multiple-occurrences,,keep-identity,reviewed,,
tomorrow,tomorrow,n. 明天;未来 adv. 明天;未来地(等于to-morrow),beijing_start1|renjiao_start1,beijing_start1:3年级下|renjiao_start1:3年级下,2,cross-source-exact|multiple-occurrences,,keep-identity,reviewed,,
tongue,tongue,n. 舌头;语言 vt. 舔;斥责;用舌吹 vi. 说话;吹管乐器,beijing_start1|renjiao_start1,beijing_start1:5年级上|renjiao_start1:3年级上,2,cross-source-exact|multiple-occurrences,,held,held,,
too,too,adv. 太;也;很;还;非常;过度,beijing_start1|renjiao_start1,beijing_start1:3年级下|renjiao_start1:2年级上,2,cross-source-exact|multiple-occurrences,,keep-identity,reviewed,,
too much,too much,na. 太过份,renjiao_start1,renjiao_start1:5年级下,1,multiword,,keep-identity,reviewed,,太多；过多
took photos,took photos,无,renjiao_start1,renjiao_start1:5年级下,1,multiword,,source-only,reviewed,,
tooth,tooth,n. 牙齿 vt. 给......装齿 vi. 啮合,beijing_start1,beijing_start1:3年级下,1,morphology,teeth,held,held,,
toothache,toothache,n. [口腔] 牙痛,renjiao_start1,renjiao_start1:5年级下,1,,,keep-identity,reviewed,,
top,top,"n. 顶部,顶端;上部;首席;陀螺 adj. 最高的,顶上的;头等的 vt. 超越,超过;给...加盖;达到...的顶端 vi. 高出,超越;结束;达到顶点",renjiao_start1,renjiao_start1:6年级下,1,,,held,held,,
toronto,Toronto,n. 多伦多(加拿大城市),renjiao_start1,renjiao_start1:6年级上,1,,,keep-identity,reviewed,,
tower bridge,Tower Bridge,n. 【旅】塔桥;【旅】伦敦塔桥,renjiao_start1,renjiao_start1:6年级上,1,multiword,,keep-identity,reviewed,,伦敦塔桥
toy,toy,n. 玩具;小装饰品;不值钱的东西 adj. 作为玩具的;玩物似的 vi. 玩弄;调情;随随便便地对待,beijing_start1|renjiao_start1,beijing_start1:2年级上|renjiao_start1:4年级下,2,cross-source-exact|multiple-occurrences,,keep-identity,reviewed,,
train,train,n. 火车;行列;长队;裙裾 v. 培养;训练;瞄准,renjiao_start1,renjiao_start1:1年级下,1,,,keep-identity,reviewed,,
transportation,transportation,n. 运输;运输系统;运输工具;流放,renjiao_start1,renjiao_start1:4年级上,1,,,keep-identity,reviewed,,
travel,travel,n. 旅行;游历;漫游 vt. 经过;在...旅行 vi. 旅行;行进;步行;交往,beijing_start1|renjiao_start1,beijing_start1:5年级下|renjiao_start1:4年级下,2,cross-source-exact|multiple-occurrences,,keep-identity,reviewed,,
tree,tree,n. 树;木料;树状物 vt. 把...赶上树 vi. 爬上树;逃上树,beijing_start1|renjiao_start1,beijing_start1:2年级上|renjiao_start1:2年级上,2,cross-source-exact|multiple-occurrences,,keep-identity,reviewed,,
tree planting day,Tree Planting Day,无,renjiao_start1,renjiao_start1:5年级下,1,multiword,,keep-identity,reviewed,,植树节
trousers,trousers,"n. 裤子,长裤",beijing_start1|renjiao_start1,beijing_start1:2年级下|renjiao_start1:3年级上,2,cross-source-exact|multiple-occurrences,,keep-identity,reviewed,,
trunk,trunk,n. 树干;躯干;象鼻;汽车车尾的行李箱 adj. 干线的;躯干的;箱子的 vt. 把...放入旅行箱内,renjiao_start1,renjiao_start1:6年级上,1,,,keep-identity,reviewed,,象鼻
try,try,"n. 尝试;努力;试验 vt. 试图,努力;试验;审判;考验 vi. 尝试;努力;试验",beijing_start1,beijing_start1:3年级下,1,,,keep-identity,reviewed,,
tuesday,Tuesday,n. 星期二,beijing_start1|renjiao_start1,beijing_start1:2年级上|renjiao_start1:2年级下|renjiao_start1:4年级上,3,cross-source-exact|multiple-occurrences,,keep-identity,reviewed,,
turn,turn,"n. 转弯;变化;(损害或有益于别人的)行为,举动,举止 vi. 转向;转变;转动 vt. 转动,使旋转;转弯;翻过来;兑换",beijing_start1,beijing_start1:3年级下,1,,,keep-identity,reviewed,,
turn left,turn left,un. 向左转,renjiao_start1,renjiao_start1:4年级下,1,multiword,,keep-identity,reviewed,,向左转
turn right,turn right,na. 转往右面,renjiao_start1,renjiao_start1:4年级下,1,multiword,,keep-identity,reviewed,,向右转
turtle,turtle,"n. 龟,甲鱼;海龟",renjiao_start1,renjiao_start1:3年级上,1,,,keep-identity,reviewed,,
tusk,tusk,"n. 长牙;尖头,尖形物 vt. 以牙刺戳;以长牙掘",renjiao_start1,renjiao_start1:6年级上,1,,,keep-identity,reviewed,,长牙；象牙
tv,TV,abbr. 电视(television),beijing_start1,beijing_start1:5年级下,1,,,keep-identity,reviewed,,
twelfth,twelfth,"n. 第十二;月的第十二日 adj. 第十二的,第十二个的;十二分之一的|n. 第十二;月的第十二日 adj. 第十二的,第十二个",beijing_start1|renjiao_start1,beijing_start1:3年级上|renjiao_start1:5年级下,2,cross-source-exact|multiple-occurrences,,keep-identity,reviewed,,
twelve,twelve,num. 十二;十二个 n. 十二;十二个 adj. 十二的;十二个的,beijing_start1|renjiao_start1,beijing_start1:6年级上|renjiao_start1:2年级下,2,cross-source-exact|multiple-occurrences,,keep-identity,reviewed,,
twenty,twenty,num. 二十 n. 二十;二十年代 adj. 二十的,beijing_start1|renjiao_start1,beijing_start1:2年级下|renjiao_start1:2年级下,2,cross-source-exact|multiple-occurrences,,keep-identity,reviewed,,
twenty-fifth,twenty-fifth,第二十五,renjiao_start1,renjiao_start1:5年级下,1,,,keep-identity,reviewed,,
twice a week,twice a week,一周两次;每周两次;一星期两次,renjiao_start1,renjiao_start1:4年级下,1,multiword,,keep-identity,reviewed,,每周两次
two,two,num. 二 n. 两个 adj. 两个的,beijing_start1|renjiao_start1,beijing_start1:2年级上|renjiao_start1:1年级上,2,cross-source-exact|multiple-occurrences,,keep-identity,reviewed,,
ufo,UFO,abbr. 不明飞行物(Unidentified Flying Object),beijing_start1,beijing_start1:1年级上,1,,,keep-identity,reviewed,,
umbrella,umbrella,n. 雨伞;保护伞;庇护;伞形结构,renjiao_start1,renjiao_start1:2年级下,1,,,keep-identity,reviewed,,
uncle,uncle,n. 叔叔;伯父;伯伯;舅父;姨丈;姑父,beijing_start1|renjiao_start1,beijing_start1:3年级下|renjiao_start1:3年级下,2,cross-source-exact|multiple-occurrences,,keep-identity,reviewed,,
under,under,"prep. 低于,少于;在...之下 adj. 下面的;从属的 adv. 在下面;在下方",beijing_start1|renjiao_start1,beijing_start1:6年级下|renjiao_start1:1年级下,2,cross-source-exact|multiple-occurrences,,keep-identity,reviewed,,
uniform,uniform,n. 制服 adj. 统一的;一致的;相同的;均衡的;始终如一的 vt. 使穿制服;使成一样,beijing_start1,beijing_start1:1年级上|beijing_start1:1年级下,2,multiple-occurrences,,keep-identity,reviewed,,
university,university,n. 大学;综合性大学;大学校舍,renjiao_start1,renjiao_start1:6年级上,1,,,keep-identity,reviewed,,
up,up,prep. 在...之上;向...的较高处 n. 上升;繁荣 adj. 涨的;起床的;向上的 adv. 起来;上涨;向上,beijing_start1,beijing_start1:5年级下,1,,,keep-identity,reviewed,,
upset,upset,n. 混乱;翻倒;颠覆 adj. 心烦的;混乱的;弄翻的 vt. 使心烦;颠覆;扰乱 vi. 翻倒,beijing_start1,beijing_start1:4年级上,1,,,keep-identity,reviewed,,
use,use,"n. 使用;用途;发挥 vt. 利用;耗费 vi. 使用,运用",beijing_start1|renjiao_start1,beijing_start1:6年级下|renjiao_start1:4年级上,2,cross-source-exact|multiple-occurrences,,keep-identity,reviewed,,
usually,usually,"adv. 通常,经常",beijing_start1|renjiao_start1,beijing_start1:5年级上|renjiao_start1:4年级上,2,cross-source-exact|multiple-occurrences,,keep-identity,reviewed,,
vacation,vacation,"n. 假期;(房屋)搬出 vi. 休假,度假",beijing_start1|renjiao_start1,beijing_start1:6年级下|renjiao_start1:6年级上,2,cross-source-exact|multiple-occurrences,,keep-identity,reviewed,,
van,van,n. 先锋;厢式货车;增值网 vt. 用车搬运,beijing_start1,beijing_start1:1年级下,1,,,keep-identity,reviewed,,
vase,vase,n. 瓶;花瓶,beijing_start1,beijing_start1:4年级下,1,,,keep-identity,reviewed,,
vegetable,vegetable,n. 蔬菜;植物;植物人 adj. 蔬菜的;植物的,beijing_start1|renjiao_start1,beijing_start1:2年级下|renjiao_start1:1年级下,2,cross-source-exact|multiple-occurrences|morphology,vegetables,keep-identity,reviewed,,
vegetables,vegetables,n. [园艺] 蔬菜(vegetable的复数形式);菜类,renjiao_start1,renjiao_start1:3年级上,1,morphology,vegetable,reuse-identity,reviewed,vegetable,
vest,vest,n. 背心;汗衫 vt. 授予;使穿衣 vi. 归属;穿衣服,beijing_start1,beijing_start1:1年级下,1,,,keep-identity,reviewed,,
visit one's grandparents,visit one's grandparents,无,renjiao_start1,renjiao_start1:4年级上,1,multiword,,keep-identity,reviewed,,看望祖父母；外祖父母
visit the mogao caves,visit the Mogao Caves,无,renjiao_start1,renjiao_start1:4年级下,1,multiword,,keep-identity,reviewed,,参观莫高窟
visited grandparents,visited grandparents,无,renjiao_start1,renjiao_start1:5年级下,1,multiword,,source-only,reviewed,,
visitor,visitor,"n. 访问者,参观者;视察者;候鸟",beijing_start1,beijing_start1:6年级上,1,,,keep-identity,reviewed,,
voice,voice,n. 声音;嗓音;发言权;愿望 vt. 表达;吐露,beijing_start1,beijing_start1:3年级下,1,,,keep-identity,reviewed,,
volunteer,volunteer,n. 志愿者;志愿兵 adj. 志愿的 vt. 自愿 vi. 自愿,renjiao_start1,renjiao_start1:6年级下,1,,,held,held,,
wait for,wait for,na. 等;等待,renjiao_start1,renjiao_start1:4年级上,1,multiword,,keep-identity,reviewed,,等待
wake up,wake up,na. 同“wake”;叫醒;醒来;振作起来,renjiao_start1,renjiao_start1:3年级下,1,multiword,,keep-identity,reviewed,,醒来；起床
walk,walk,"n. 步行,走;散步 vi. 走,步行;散步 vt. 散步;走过",beijing_start1,beijing_start1:4年级上,1,,,keep-identity,reviewed,,
walking the dog,walking the dog,无,renjiao_start1,renjiao_start1:3年级下,1,multiword,,reuse-identity,reviewed,walk the dog,
wall,wall,"n. 墙壁,围墙;似墙之物 adj. 墙壁的 vt. 用墙围住,围以墙",beijing_start1,beijing_start1:1年级下|beijing_start1:4年级下,2,multiple-occurrences,,keep-identity,reviewed,,
want,want,n. 需要;缺乏;贫困;必需品 vt. 需要;希望;应该;缺少 vi. 需要;缺少,beijing_start1|renjiao_start1,beijing_start1:2年级下|renjiao_start1:1年级下,2,cross-source-exact|multiple-occurrences,,keep-identity,reviewed,,
wardrobe,wardrobe,n. 衣柜;行头;全部戏装,renjiao_start1,renjiao_start1:6年级下,1,,,keep-identity,reviewed,,
warm,warm,n. 取暖;加热 adj. 温暖的;热情的 vt. 使...兴奋;使...温暖;使...感兴趣 vi. 同情;激动;变温暖,beijing_start1|renjiao_start1,beijing_start1:3年级上|renjiao_start1:2年级下,2,cross-source-exact|multiple-occurrences,,keep-identity,reviewed,,
was born,was born,出生;出生於;出生于,renjiao_start1,renjiao_start1:5年级下,1,multiword,,source-only,reviewed,,
wash,wash,n. 洗涤;洗的衣服;化妆水;冲积物 vt. 洗涤;洗刷;冲走;拍打 vi. 洗澡;被冲蚀,beijing_start1,beijing_start1:5年级上,1,,,keep-identity,reviewed,,
wash clothes,wash clothes,洗衣服;爱洗衣服的小羊;清洗衣物,renjiao_start1,renjiao_start1:5年级上,1,multiword,,keep-identity,reviewed,,洗衣服
washed clothes,washed clothes,无,renjiao_start1,renjiao_start1:5年级下,1,multiword,,reuse-identity,reviewed,wash clothes,
washington d.c.,Washington D.C.,华盛顿;华盛顿哥伦比亚特区;华盛顿特区,renjiao_start1,renjiao_start1:6年级上,1,multiword,,keep-identity,reviewed,,华盛顿特区
watch,watch,"n. 手表;监视;守护;值班人 vt. 观察;注视;看守;警戒 vi. 观看,注视;守侯,看守",beijing_start1,beijing_start1:3年级下,1,,,keep-identity,reviewed,,看；观看
watched tv,watched TV,无,renjiao_start1,renjiao_start1:5年级下,1,multiword,,reuse-identity,reviewed,watch tv,
watching tv,watching TV,看电视;正在看电视;他在看电视,renjiao_start1,renjiao_start1:3年级下,1,multiword,,reuse-identity,reviewed,watch tv,
water,water,"n. 水;海水;雨水;海域,大片的水 vt. 使湿;供以水;给...浇水 vi. 加水;流泪;流口水",beijing_start1|renjiao_start1,beijing_start1:3年级下|renjiao_start1:1年级下,2,cross-source-exact|multiple-occurrences,,keep-identity,reviewed,,
water bottle,water bottle,un. 水壶;采水瓶;采水器;采水样器,renjiao_start1,renjiao_start1:3年级下,1,multiword,,keep-identity,reviewed,,水瓶；水杯
watering the plants,watering the plants,无,renjiao_start1,renjiao_start1:3年级下,1,multiword,,reuse-identity,reviewed,water the plants,
way,way,n. 方法;道路;方向;行业;习惯 adj. 途中的 adv. 大大地;远远地,beijing_start1,beijing_start1:4年级下,1,,,keep-identity,reviewed,,
we,we,"pron. 我们(主格);笔者,本人(作者或演讲人使用);朕,寡人",beijing_start1|renjiao_start1,beijing_start1:2年级上|renjiao_start1:3年级下,2,cross-source-exact|multiple-occurrences,,keep-identity,reviewed,,
wear,wear,n. 衣物;磨损;耐久性 v. 穿着;用旧;耗损;面露,renjiao_start1,renjiao_start1:3年级上,1,,,keep-identity,reviewed,,
wear glasses,wear glasses,戴眼镜;戴着眼镜;带着眼镜,renjiao_start1,renjiao_start1:5年级上,1,multiword,,keep-identity,reviewed,,戴眼镜
weather,weather,n. 天气;气象;气候;处境 vt. 经受住;使风化;侵蚀;使受风吹雨打 adj. 露天的;迎风的 vi. 风化;受侵蚀;经受风雨,beijing_start1|renjiao_start1,beijing_start1:3年级上|renjiao_start1:2年级下,2,cross-source-exact|multiple-occurrences,,keep-identity,reviewed,,
wednesday,Wednesday,n. 星期三,beijing_start1|renjiao_start1,beijing_start1:2年级上|renjiao_start1:2年级下|renjiao_start1:4年级上,3,cross-source-exact|multiple-occurrences,,keep-identity,reviewed,,
week,week,"n. 周,星期",beijing_start1|renjiao_start1,beijing_start1:2年级上|renjiao_start1:3年级上,2,cross-source-exact|multiple-occurrences,,keep-identity,reviewed,,
weekend,weekend,"n. 周末,周末休假;周末聚会 adj. 周末的,周末用的 vi. 度周末",beijing_start1,beijing_start1:6年级下,1,,,keep-identity,reviewed,,
welcome,welcome,n. 欢迎 vt. 欢迎 adj. 受欢迎的 int. 欢迎,beijing_start1|renjiao_start1,beijing_start1:6年级下|renjiao_start1:3年级下,2,cross-source-exact|multiple-occurrences,,held,held,,
went to kindergarten,went to kindergarten,无,renjiao_start1,renjiao_start1:5年级下,1,multiword,,source-only,reviewed,,
went to school,went to school,"vbl.到校上课,开始求学",renjiao_start1,renjiao_start1:5年级下,1,multiword,,source-only,reviewed,,
went to the beach,went to the beach,无,renjiao_start1,renjiao_start1:5年级下,1,multiword,,source-only,reviewed,,
were,were,"v. 是,在(are的过去式)",renjiao_start1,renjiao_start1:5年级下,1,morphology,be,held,held,,
west,west,n. 西;西方;西部 adj. 西方的;朝西的 adv. 在西方;向西方;自西方,beijing_start1|renjiao_start1,beijing_start1:6年级上|renjiao_start1:6年级上,2,cross-source-exact|multiple-occurrences,,keep-identity,reviewed,,
west lake,West Lake,西湖;杭州西湖;浙江杭州,renjiao_start1,renjiao_start1:4年级下,1,multiword,,keep-identity,reviewed,,西湖
wet,wet,n. 雨天;湿气 adj. [气象][物] 潮湿的;有雨的 vt. 弄湿 vi. 变湿,renjiao_start1,renjiao_start1:5年级下,1,,,keep-identity,reviewed,,湿的；潮湿的
whale,whale,n. 鲸;巨大的东西 vt. 猛揍;使惨败 vi. 捕鲸,renjiao_start1,renjiao_start1:6年级上,1,,,keep-identity,reviewed,,鲸；鲸鱼
what,what,"pron. 什么;多么;多少 adv. 到什么程度,在哪一方面 adj. 什么;多么;何等 int. 什么;多么",beijing_start1|renjiao_start1,beijing_start1:2年级上|renjiao_start1:1年级上,2,cross-source-exact|multiple-occurrences,,keep-identity,reviewed,,
what about ...?,What about ...?,un. 不;...怎样,renjiao_start1,renjiao_start1:4年级上,1,multiword|punctuated,,route-expression,reviewed,,
when,when,"conj. 考虑到;既然;当...时;在...时;如果 n. 时间,时候;日期;场合 adv. 什么时候,何时;(用于时间的表达方式之后)在那时;其时;当时 pron. 那时;什么时侯",beijing_start1|renjiao_start1,beijing_start1:2年级下|renjiao_start1:2年级下,2,cross-source-exact|multiple-occurrences,,keep-identity,reviewed,,
where,where,conj. 在...的地方 n. 地点 adv. 在哪里 pron. 哪里,beijing_start1|renjiao_start1,beijing_start1:2年级下|renjiao_start1:1年级下,2,cross-source-exact|multiple-occurrences,,keep-identity,reviewed,,
which,which,adj. 哪一个;哪一些 pron. 哪/那一个;哪/那一些,beijing_start1,beijing_start1:2年级下,1,,,keep-identity,reviewed,,
white,white,n. 白色;洁白;白种人 adj. 白色的;白种的;纯洁的,beijing_start1,beijing_start1:2年级下,1,,,keep-identity,reviewed,,
who,who,pron. 谁;什么人,renjiao_start1,renjiao_start1:2年级上,1,,,keep-identity,reviewed,,
whose,whose,pron. 谁的(疑问代词),beijing_start1,beijing_start1:6年级下,1,,,keep-identity,reviewed,,
why,why,int. 哎呀!什么? adv. 为什么,beijing_start1|renjiao_start1,beijing_start1:4年级上|renjiao_start1:5年级上,2,cross-source-exact|multiple-occurrences,,keep-identity,reviewed,,
wide,wide,"n. 大千世界 adj. 广泛的;宽的,广阔的;张大的;远离目标的 adv. 广泛地;广阔地;充分地",beijing_start1,beijing_start1:6年级下,1,,,keep-identity,reviewed,,
wild goose,wild goose,na. 【鸟】雁,renjiao_start1,renjiao_start1:6年级下,1,multiword,,keep-identity,reviewed,,大雁；野鹅
will,will,n. 意志;决心;情感;遗嘱;意图;心愿 vt. 决心要;遗赠;用意志力使 vi. 愿意;下决心 aux. 将;愿意;必须,beijing_start1,beijing_start1:5年级下,1,,,keep-identity,reviewed,,
win,win,n. 赢;胜利 vt. 赢得;在...中获胜;劝诱 vi. 赢;获胜;成功,renjiao_start1,renjiao_start1:6年级上,1,morphology,won,keep-identity,reviewed,,赢；获胜
window,window,n. 窗;窗口;窗户,beijing_start1,beijing_start1:1年级下|beijing_start1:4年级上,2,multiple-occurrences,,keep-identity,reviewed,,
windy,windy,"adj. 多风的,有风的;腹胀的;吹牛的",beijing_start1|renjiao_start1,beijing_start1:3年级上|renjiao_start1:2年级下,2,cross-source-exact|multiple-occurrences,,keep-identity,reviewed,,
winter,winter,n. 冬季;年岁;萧条期 adj. 冬天的;越冬的 vi. 过冬,beijing_start1|renjiao_start1,beijing_start1:5年级上|renjiao_start1:2年级下,2,cross-source-exact|multiple-occurrences,,keep-identity,reviewed,,
with,with,prep. 用;随着;支持;和...在一起,beijing_start1|renjiao_start1,beijing_start1:5年级上|renjiao_start1:5年级上,2,cross-source-exact|multiple-occurrences,,keep-identity,reviewed,,
without,without,prep. 没有;超过;在...外面 n. 外部;外面 adv. 户外;在外面;没有或不显示某事物,beijing_start1,beijing_start1:5年级下,1,,,keep-identity,reviewed,,
woman,woman,n. 妇女;女性;成年女子,beijing_start1|renjiao_start1,beijing_start1:3年级下|renjiao_start1:2年级上,2,cross-source-exact|multiple-occurrences|morphology,women,keep-identity,reviewed,,
women,women,n. 女人(woman的复数),beijing_start1,beijing_start1:3年级下,1,morphology,woman,keep-identity,reviewed,,
won,won,vt. 赢得(win的过去式和过去分词),renjiao_start1,renjiao_start1:5年级下,1,morphology,win,held,held,,
wonderful,wonderful,"adj. 极好的,精彩的,绝妙的;奇妙的;美妙;胜;神妙",beijing_start1|renjiao_start1,beijing_start1:3年级下|renjiao_start1:5年级上,2,cross-source-exact|multiple-occurrences,,keep-identity,reviewed,,
wood,wood,n. 木材;木制品;树林 vt. 植林于;给...添加木柴 vi. 收集木材,beijing_start1,beijing_start1:1年级上|beijing_start1:5年级下,2,multiple-occurrences,,keep-identity,reviewed,,
word,word,n. [语] 单词;话语;消息;诺言;命令 vt. 用言辞表达,beijing_start1,beijing_start1:4年级上,1,,,keep-identity,reviewed,,
work,work,n. 工作;[物] 功;产品;操作;职业;行为;事业;工厂;著作;文学、音乐或艺术作品 vt. 使工作;操作;经营;使缓慢前进 vi. 工作;运作;起作用,beijing_start1,beijing_start1:2年级下,1,,,keep-identity,reviewed,,
worker,worker,n. 工人;劳动者;职蚁,beijing_start1|renjiao_start1,beijing_start1:6年级上|renjiao_start1:4年级上,2,cross-source-exact|multiple-occurrences,,keep-identity,reviewed,,
world,world,n. 世界;领域;世俗;全人类;物质生活,beijing_start1,beijing_start1:6年级上,1,,,keep-identity,reviewed,,
worried,worried,adj. 担心的,beijing_start1|renjiao_start1,beijing_start1:6年级下|renjiao_start1:6年级上,2,cross-source-exact|multiple-occurrences,,keep-identity,reviewed,,
worry,worry,n. 担心;烦恼;撕咬 vi. 担心;烦恼;撕咬 vt. 担心;发愁;折磨,beijing_start1,beijing_start1:6年级下,1,,,keep-identity,reviewed,,
would,would,"aux. 将,将要;愿意 v. will的过去式",beijing_start1,beijing_start1:5年级下,1,,,keep-identity,reviewed,,
wow,wow,"n. 极大的成功;一鸣惊人之举;魔兽世界(World of Warcraft);失真 int. (表示极大的惊奇或钦佩)哇,呀",renjiao_start1,renjiao_start1:2年级下,1,,,keep-identity,reviewed,,哇（表示惊讶或赞叹）
write,write,"vi. 写,写字;写作,作曲;写信 vt. 写,书写;写信给;著述",beijing_start1,beijing_start1:3年级下,1,,,keep-identity,reviewed,,
write a letter,write a letter,na. 写信,renjiao_start1,renjiao_start1:5年级下,1,multiword,,keep-identity,reviewed,,写信
writer,writer,n. 作家;作者,renjiao_start1,renjiao_start1:6年级上,1,,,keep-identity,reviewed,,
wrong,wrong,"n. 坏事;不公正 adj. 错误的;失常的;不适当的 vt. 委屈;无理地对待;诽谤 adv. 错误地;邪恶地,不正当地",beijing_start1,beijing_start1:4年级下,1,,,keep-identity,reviewed,,
yard,yard,"n. 院子;码(英制中丈量长度单位,1码=3英尺);庭院;帆桁 vt. 把...关进或围在畜栏里",beijing_start1,beijing_start1:1年级下,1,,,keep-identity,reviewed,,
year,year,n. 年;年度;历年;年纪;一年的期间;某年级的学生,beijing_start1|renjiao_start1,beijing_start1:2年级上|renjiao_start1:3年级上,2,cross-source-exact|multiple-occurrences,,keep-identity,reviewed,,
yellow,yellow,n. 黄色;黄种人;黄色颜料 adj. 黄色的;黄皮肤的 vt. 使变黄或发黄 vi. 变黄或发黄,beijing_start1|renjiao_start1,beijing_start1:3年级下|renjiao_start1:1年级上,2,cross-source-exact|multiple-occurrences,,keep-identity,reviewed,,黄色；黄色的
yes,yes,"n. 是(表示肯定) adv. 是, 是的",beijing_start1|renjiao_start1,beijing_start1:2年级上|renjiao_start1:1年级上,2,cross-source-exact|multiple-occurrences,,keep-identity,reviewed,,是；是的
yesterday,yesterday,n. 昨天;往昔 adv. 昨天,beijing_start1,beijing_start1:6年级下,1,,,keep-identity,reviewed,,
yogurt,yogurt,"n. 酸奶酪,[食品] 酸乳(等于yoghurt)",beijing_start1,beijing_start1:1年级下,1,,,keep-identity,reviewed,,
you,you,pron. 你;你们,beijing_start1|renjiao_start1,beijing_start1:2年级上|renjiao_start1:1年级上,2,cross-source-exact|multiple-occurrences,,keep-identity,reviewed,,
young,young,"n. 年轻人;(动物的)崽,仔 adj. 年轻的;初期的;没有经验的",beijing_start1|renjiao_start1,beijing_start1:6年级上|renjiao_start1:5年级上,2,cross-source-exact|multiple-occurrences,,keep-identity,reviewed,,
your,your,"pron. 你的,你们的",beijing_start1|renjiao_start1,beijing_start1:2年级上|renjiao_start1:1年级下|renjiao_start1:3年级上,3,cross-source-exact|multiple-occurrences,,keep-identity,reviewed,,
zebra,zebra,n. [脊椎] 斑马 adj. 有斑纹的,beijing_start1,beijing_start1:1年级下,1,,,keep-identity,reviewed,,
zoo,zoo,n. 动物园; <美俚>(铁路货车的最后一节)守车; <美俚>核粒子园,beijing_start1|renjiao_start1,beijing_start1:1年级下|beijing_start1:2年级上|renjiao_start1:2年级上,3,cross-source-exact|multiple-occurrences,,keep-identity,reviewed,,
