LearnerProfile,LearnerLevel,NoteID,CurrentStatus,CurrentLearningOrder,ProposedStatus,ProposedLearningTag,ProposedLearningOrder,AdmissionAction,PriorityDistinctSourceIDs,PrioritySourceOccurrences,PriorityTokenCount,OrderingPolicy,Reason
klose,4,KV000001,held,,allowed,learning::klose::third-party-primary,000632,promote-held-to-allowed,20,25,1,preserve-existing-allowed-then-cross-source-prevalence-v1,resolved-third-party-learner-identity
klose,4,KV000002,held,,allowed,learning::klose::third-party-primary,000699,promote-held-to-allowed,19,21,1,preserve-existing-allowed-then-cross-source-prevalence-v1,resolved-third-party-learner-identity
klose,4,KV000003,held,,allowed,learning::klose::third-party-primary,000653,promote-held-to-allowed,20,23,1,preserve-existing-allowed-then-cross-source-prevalence-v1,resolved-third-party-learner-identity
klose,4,KV000004,allowed,000517,allowed,learning::klose::third-party-primary,000517,preserve-allowed,18,19,1,preserve-existing-allowed-then-cross-source-prevalence-v1,already-admitted-current-curriculum
klose,4,KV000005,held,,allowed,learning::klose::third-party-primary,000645,promote-held-to-allowed,20,24,1,preserve-existing-allowed-then-cross-source-prevalence-v1,resolved-third-party-learner-identity
klose,4,KV000006,held,,allowed,learning::klose::third-party-primary,000776,promote-held-to-allowed,17,18,1,preserve-existing-allowed-then-cross-source-prevalence-v1,resolved-third-party-learner-identity
klose,4,KV000007,held,,allowed,learning::klose::third-party-primary,000766,promote-held-to-allowed,17,30,1,preserve-existing-allowed-then-cross-source-prevalence-v1,resolved-third-party-learner-identity
klose,4,KV000010,held,,allowed,learning::klose::third-party-primary,000767,promote-held-to-allowed,17,20,1,preserve-existing-allowed-then-cross-source-prevalence-v1,resolved-third-party-learner-identity
klose,4,KV000011,held,,allowed,learning::klose::third-party-primary,000684,promote-held-to-allowed,19,23,1,preserve-existing-allowed-then-cross-source-prevalence-v1,resolved-third-party-learner-identity
klose,4,KV000012,held,,allowed,learning::klose::third-party-primary,000686,promote-held-to-allowed,19,23,1,preserve-existing-allowed-then-cross-source-prevalence-v1,resolved-third-party-learner-identity
klose,4,KV000013,held,,allowed,learning::klose::third-party-primary,000688,promote-held-to-allowed,19,23,1,preserve-existing-allowed-then-cross-source-prevalence-v1,resolved-third-party-learner-identity
klose,4,KV000014,held,,allowed,learning::klose::third-party-primary,000651,promote-held-to-allowed,20,23,1,preserve-existing-allowed-then-cross-source-prevalence-v1,resolved-third-party-learner-identity
klose,4,KV000015,held,,allowed,learning::klose::third-party-primary,000756,promote-held-to-allowed,18,19,1,preserve-existing-allowed-then-cross-source-prevalence-v1,resolved-third-party-learner-identity
klose,4,KV000016,held,,allowed,learning::klose::third-party-primary,000727,promote-held-to-allowed,18,26,1,preserve-existing-allowed-then-cross-source-prevalence-v1,resolved-third-party-learner-identity
klose,4,KV000017,held,,allowed,learning::klose::third-party-primary,000744,promote-held-to-allowed,18,20,1,preserve-existing-allowed-then-cross-source-prevalence-v1,resolved-third-party-learner-identity
klose,4,KV000018,held,,allowed,learning::klose::third-party-primary,000649,promote-held-to-allowed,20,23,1,preserve-existing-allowed-then-cross-source-prevalence-v1,resolved-third-party-learner-identity
klose,4,KV000019,held,,allowed,learning::klose::third-party-primary,000636,promote-held-to-allowed,20,24,1,preserve-existing-allowed-then-cross-source-prevalence-v1,resolved-third-party-learner-identity
klose,4,KV000020,held,,allowed,learning::klose::third-party-primary,000635,promote-held-to-allowed,20,25,1,preserve-existing-allowed-then-cross-source-prevalence-v1,resolved-third-party-learner-identity
klose,4,KV000021,held,,allowed,learning::klose::third-party-primary,000640,promote-held-to-allowed,20,24,1,preserve-existing-allowed-then-cross-source-prevalence-v1,resolved-third-party-learner-identity
klose,4,KV000022,held,,allowed,learning::klose::third-party-primary,000691,promote-held-to-allowed,19,22,1,preserve-existing-allowed-then-cross-source-prevalence-v1,resolved-third-party-learner-identity
klose,4,KV000023,held,,allowed,learning::klose::third-party-primary,000737,promote-held-to-allowed,18,21,1,preserve-existing-allowed-then-cross-source-prevalence-v1,resolved-third-party-learner-identity
klose,4,KV000024,held,,allowed,learning::klose::third-party-primary,000697,promote-held-to-allowed,19,21,1,preserve-existing-allowed-then-cross-source-prevalence-v1,resolved-third-party-learner-identity
klose,4,KV000025,held,,allowed,learning::klose::third-party-primary,000643,promote-held-to-allowed,20,24,1,preserve-existing-allowed-then-cross-source-prevalence-v1,resolved-third-party-learner-identity
klose,4,KV000026,held,,allowed,learning::klose::third-party-primary,000656,promote-held-to-allowed,20,23,1,preserve-existing-allowed-then-cross-source-prevalence-v1,resolved-third-party-learner-identity
klose,4,KV000027,held,,allowed,learning::klose::third-party-primary,000667,promote-held-to-allowed,20,22,1,preserve-existing-allowed-then-cross-source-prevalence-v1,resolved-third-party-learner-identity
klose,4,KV000028,held,,allowed,learning::klose::third-party-primary,000662,promote-held-to-allowed,20,22,1,preserve-existing-allowed-then-cross-source-prevalence-v1,resolved-third-party-learner-identity
klose,4,KV000029,held,,allowed,learning::klose::third-party-primary,000661,promote-held-to-allowed,20,22,1,preserve-existing-allowed-then-cross-source-prevalence-v1,resolved-third-party-learner-identity
klose,4,KV000030,held,,allowed,learning::klose::third-party-primary,000701,promote-held-to-allowed,19,21,1,preserve-existing-allowed-then-cross-source-prevalence-v1,resolved-third-party-learner-identity
klose,4,KV000031,held,,allowed,learning::klose::third-party-primary,000665,promote-held-to-allowed,20,22,1,preserve-existing-allowed-then-cross-source-prevalence-v1,resolved-third-party-learner-identity
klose,4,KV000032,held,,allowed,learning::klose::third-party-primary,000660,promote-held-to-allowed,20,22,1,preserve-existing-allowed-then-cross-source-prevalence-v1,resolved-third-party-learner-identity
klose,4,KV000033,held,,allowed,learning::klose::third-party-primary,000664,promote-held-to-allowed,20,22,1,preserve-existing-allowed-then-cross-source-prevalence-v1,resolved-third-party-learner-identity
klose,4,KV000034,held,,allowed,learning::klose::third-party-primary,000702,promote-held-to-allowed,19,21,1,preserve-existing-allowed-then-cross-source-prevalence-v1,resolved-third-party-learner-identity
klose,4,KV000037,held,,allowed,learning::klose::third-party-primary,000722,promote-held-to-allowed,18,27,1,preserve-existing-allowed-then-cross-source-prevalence-v1,resolved-third-party-learner-identity
klose,4,KV000039,held,,allowed,learning::klose::third-party-primary,000659,promote-held-to-allowed,20,22,1,preserve-existing-allowed-then-cross-source-prevalence-v1,resolved-third-party-learner-identity
klose,4,KV000040,held,,allowed,learning::klose::third-party-primary,000668,promote-held-to-allowed,20,22,1,preserve-existing-allowed-then-cross-source-prevalence-v1,resolved-third-party-learner-identity
klose,4,KV000041,held,,allowed,learning::klose::third-party-primary,000648,promote-held-to-allowed,20,23,1,preserve-existing-allowed-then-cross-source-prevalence-v1,resolved-third-party-learner-identity
klose,4,KV000042,held,,allowed,learning::klose::third-party-primary,000634,promote-held-to-allowed,20,25,1,preserve-existing-allowed-then-cross-source-prevalence-v1,resolved-third-party-learner-identity
klose,4,KV000043,held,,allowed,learning::klose::third-party-primary,000638,promote-held-to-allowed,20,24,1,preserve-existing-allowed-then-cross-source-prevalence-v1,resolved-third-party-learner-identity
klose,4,KV000045,held,,allowed,learning::klose::third-party-primary,000646,promote-held-to-allowed,20,23,1,preserve-existing-allowed-then-cross-source-prevalence-v1,resolved-third-party-learner-identity
klose,4,KV000046,held,,allowed,learning::klose::third-party-primary,000782,promote-held-to-allowed,17,17,1,preserve-existing-allowed-then-cross-source-prevalence-v1,resolved-third-party-learner-identity
klose,4,KV000047,held,,allowed,learning::klose::third-party-primary,000647,promote-held-to-allowed,20,23,1,preserve-existing-allowed-then-cross-source-prevalence-v1,resolved-third-party-learner-identity
klose,4,KV000050,held,,allowed,learning::klose::third-party-primary,000786,promote-held-to-allowed,17,17,1,preserve-existing-allowed-then-cross-source-prevalence-v1,resolved-third-party-learner-identity
klose,4,KV000052,held,,allowed,learning::klose::third-party-primary,000764,promote-held-to-allowed,18,18,1,preserve-existing-allowed-then-cross-source-prevalence-v1,resolved-third-party-learner-identity
klose,4,KV000053,held,,allowed,learning::klose::third-party-primary,000698,promote-held-to-allowed,19,21,1,preserve-existing-allowed-then-cross-source-prevalence-v1,resolved-third-party-learner-identity
klose,4,KV000054,allowed,000122,allowed,learning::klose::third-party-primary,000122,preserve-allowed,20,23,1,preserve-existing-allowed-then-cross-source-prevalence-v1,already-admitted-current-curriculum
klose,4,KV000055,allowed,000121,allowed,learning::klose::third-party-primary,000121,preserve-allowed,19,22,1,preserve-existing-allowed-then-cross-source-prevalence-v1,already-admitted-current-curriculum
klose,4,KV000056,allowed,000120,allowed,learning::klose::third-party-primary,000120,preserve-allowed,15,16,1,preserve-existing-allowed-then-cross-source-prevalence-v1,already-admitted-current-curriculum
klose,4,KV000057,held,,allowed,learning::klose::third-party-primary,000729,promote-held-to-allowed,18,23,1,preserve-existing-allowed-then-cross-source-prevalence-v1,resolved-third-party-learner-identity
klose,4,KV000058,held,,allowed,learning::klose::third-party-primary,000719,promote-held-to-allowed,19,19,1,preserve-existing-allowed-then-cross-source-prevalence-v1,resolved-third-party-learner-identity
klose,4,KV000059,held,,allowed,learning::klose::third-party-primary,000726,promote-held-to-allowed,18,26,1,preserve-existing-allowed-then-cross-source-prevalence-v1,resolved-third-party-learner-identity
klose,4,KV000060,held,,allowed,learning::klose::third-party-primary,000763,promote-held-to-allowed,18,18,1,preserve-existing-allowed-then-cross-source-prevalence-v1,resolved-third-party-learner-identity
klose,4,KV000063,held,,allowed,learning::klose::third-party-primary,000658,promote-held-to-allowed,20,22,1,preserve-existing-allowed-then-cross-source-prevalence-v1,resolved-third-party-learner-identity
klose,4,KV000064,allowed,000125,allowed,learning::klose::third-party-primary,000125,preserve-allowed,20,22,1,preserve-existing-allowed-then-cross-source-prevalence-v1,already-admitted-current-curriculum
klose,4,KV000065,held,,allowed,learning::klose::third-party-primary,000768,promote-held-to-allowed,17,19,1,preserve-existing-allowed-then-cross-source-prevalence-v1,resolved-third-party-learner-identity
klose,4,KV000067,held,,allowed,learning::klose::third-party-primary,000711,promote-held-to-allowed,19,19,1,preserve-existing-allowed-then-cross-source-prevalence-v1,resolved-third-party-learner-identity
klose,4,KV000068,held,,allowed,learning::klose::third-party-primary,000753,promote-held-to-allowed,18,19,1,preserve-existing-allowed-then-cross-source-prevalence-v1,resolved-third-party-learner-identity
klose,4,KV000069,held,,allowed,learning::klose::third-party-primary,000657,promote-held-to-allowed,20,22,1,preserve-existing-allowed-then-cross-source-prevalence-v1,resolved-third-party-learner-identity
klose,4,KV000070,held,,allowed,learning::klose::third-party-primary,000923,promote-held-to-allowed,10,12,1,preserve-existing-allowed-then-cross-source-prevalence-v1,resolved-third-party-learner-identity
klose,4,KV000071,held,,allowed,learning::klose::third-party-primary,000708,promote-held-to-allowed,19,20,1,preserve-existing-allowed-then-cross-source-prevalence-v1,resolved-third-party-learner-identity
klose,4,KV000072,held,,allowed,learning::klose::third-party-primary,000690,promote-held-to-allowed,19,22,1,preserve-existing-allowed-then-cross-source-prevalence-v1,resolved-third-party-learner-identity
klose,4,KV000073,held,,allowed,learning::klose::third-party-primary,000802,promote-held-to-allowed,16,16,1,preserve-existing-allowed-then-cross-source-prevalence-v1,resolved-third-party-learner-identity
klose,4,KV000074,held,,allowed,learning::klose::third-party-primary,000725,promote-held-to-allowed,18,26,1,preserve-existing-allowed-then-cross-source-prevalence-v1,resolved-third-party-learner-identity
klose,4,KV000076,allowed,000111,allowed,learning::klose::third-party-primary,000111,preserve-allowed,16,18,1,preserve-existing-allowed-then-cross-source-prevalence-v1,already-admitted-current-curriculum
klose,4,KV000077,held,,allowed,learning::klose::third-party-primary,000654,promote-held-to-allowed,20,23,1,preserve-existing-allowed-then-cross-source-prevalence-v1,resolved-third-party-learner-identity
klose,4,KV000079,held,,allowed,learning::klose::third-party-primary,000693,promote-held-to-allowed,19,22,1,preserve-existing-allowed-then-cross-source-prevalence-v1,resolved-third-party-learner-identity
klose,4,KV000080,held,,allowed,learning::klose::third-party-primary,000723,promote-held-to-allowed,18,27,1,preserve-existing-allowed-then-cross-source-prevalence-v1,resolved-third-party-learner-identity
klose,4,KV000082,held,,allowed,learning::klose::third-party-primary,000685,promote-held-to-allowed,19,23,1,preserve-existing-allowed-then-cross-source-prevalence-v1,resolved-third-party-learner-identity
klose,4,KV000083,allowed,000296,allowed,learning::klose::third-party-primary,000296,preserve-allowed,18,19,1,preserve-existing-allowed-then-cross-source-prevalence-v1,already-admitted-current-curriculum
klose,4,KV000084,allowed,000166,allowed,learning::klose::third-party-primary,000166,preserve-allowed,18,22,1,preserve-existing-allowed-then-cross-source-prevalence-v1,already-admitted-current-curriculum
klose,4,KV000085,held,,allowed,learning::klose::third-party-primary,000738,promote-held-to-allowed,18,20,1,preserve-existing-allowed-then-cross-source-prevalence-v1,resolved-third-party-learner-identity
klose,4,KV000086,held,,allowed,learning::klose::third-party-primary,000650,promote-held-to-allowed,20,23,1,preserve-existing-allowed-then-cross-source-prevalence-v1,resolved-third-party-learner-identity
klose,4,KV000087,allowed,000301,allowed,learning::klose::third-party-primary,000301,preserve-allowed,18,18,1,preserve-existing-allowed-then-cross-source-prevalence-v1,already-admitted-current-curriculum
klose,4,KV000088,held,,allowed,learning::klose::third-party-primary,000639,promote-held-to-allowed,20,24,1,preserve-existing-allowed-then-cross-source-prevalence-v1,resolved-third-party-learner-identity
klose,4,KV000090,held,,allowed,learning::klose::third-party-primary,000870,promote-held-to-allowed,13,14,1,preserve-existing-allowed-then-cross-source-prevalence-v1,resolved-third-party-learner-identity
klose,4,KV000091,held,,allowed,learning::klose::third-party-primary,001047,promote-held-to-allowed,7,7,1,preserve-existing-allowed-then-cross-source-prevalence-v1,resolved-third-party-learner-identity
klose,4,KV000092,allowed,000095,allowed,learning::klose::third-party-primary,000095,preserve-allowed,20,22,1,preserve-existing-allowed-then-cross-source-prevalence-v1,already-admitted-current-curriculum
klose,4,KV000093,allowed,000106,allowed,learning::klose::third-party-primary,000106,preserve-allowed,14,17,2,preserve-existing-allowed-then-cross-source-prevalence-v1,already-admitted-current-curriculum
klose,4,KV000094,allowed,000176,allowed,learning::klose::third-party-primary,000176,preserve-allowed,19,22,1,preserve-existing-allowed-then-cross-source-prevalence-v1,already-admitted-current-curriculum
klose,4,KV000095,allowed,000097,allowed,learning::klose::third-party-primary,000097,preserve-allowed,19,23,1,preserve-existing-allowed-then-cross-source-prevalence-v1,already-admitted-current-curriculum
klose,4,KV000097,allowed,000174,allowed,learning::klose::third-party-primary,000174,preserve-allowed,19,22,1,preserve-existing-allowed-then-cross-source-prevalence-v1,already-admitted-current-curriculum
klose,4,KV000098,held,,allowed,learning::klose::third-party-primary,000710,promote-held-to-allowed,19,20,1,preserve-existing-allowed-then-cross-source-prevalence-v1,resolved-third-party-learner-identity
klose,4,KV000099,held,,allowed,learning::klose::third-party-primary,000633,promote-held-to-allowed,20,25,1,preserve-existing-allowed-then-cross-source-prevalence-v1,resolved-third-party-learner-identity
klose,4,KV000100,held,,allowed,learning::klose::third-party-primary,000641,promote-held-to-allowed,20,24,1,preserve-existing-allowed-then-cross-source-prevalence-v1,resolved-third-party-learner-identity
klose,4,KV000101,held,,allowed,learning::klose::third-party-primary,000637,promote-held-to-allowed,20,24,1,preserve-existing-allowed-then-cross-source-prevalence-v1,resolved-third-party-learner-identity
klose,4,KV000102,held,,allowed,learning::klose::third-party-primary,000655,promote-held-to-allowed,20,23,1,preserve-existing-allowed-then-cross-source-prevalence-v1,resolved-third-party-learner-identity
klose,4,KV000103,held,,allowed,learning::klose::third-party-primary,000847,promote-held-to-allowed,14,16,1,preserve-existing-allowed-then-cross-source-prevalence-v1,resolved-third-party-learner-identity
klose,4,KV000104,held,,allowed,learning::klose::third-party-primary,000846,promote-held-to-allowed,14,16,1,preserve-existing-allowed-then-cross-source-prevalence-v1,resolved-third-party-learner-identity
klose,4,KV000105,held,,allowed,learning::klose::third-party-primary,000785,promote-held-to-allowed,17,17,1,preserve-existing-allowed-then-cross-source-prevalence-v1,resolved-third-party-learner-identity
klose,4,KV000106,held,,allowed,learning::klose::third-party-primary,000707,promote-held-to-allowed,19,20,1,preserve-existing-allowed-then-cross-source-prevalence-v1,resolved-third-party-learner-identity
klose,4,KV000107,held,,allowed,learning::klose::third-party-primary,000714,promote-held-to-allowed,19,19,1,preserve-existing-allowed-then-cross-source-prevalence-v1,resolved-third-party-learner-identity
klose,4,KV000108,held,,allowed,learning::klose::third-party-primary,000922,promote-held-to-allowed,10,12,1,preserve-existing-allowed-then-cross-source-prevalence-v1,resolved-third-party-learner-identity
klose,4,KV000109,held,,allowed,learning::klose::third-party-primary,000687,promote-held-to-allowed,19,23,1,preserve-existing-allowed-then-cross-source-prevalence-v1,resolved-third-party-learner-identity
klose,4,KV000110,held,,allowed,learning::klose::third-party-primary,000832,promote-held-to-allowed,15,16,1,preserve-existing-allowed-then-cross-source-prevalence-v1,resolved-third-party-learner-identity
klose,4,KV000111,held,,allowed,learning::klose::third-party-primary,000735,promote-held-to-allowed,18,21,1,preserve-existing-allowed-then-cross-source-prevalence-v1,resolved-third-party-learner-identity
klose,4,KV000112,held,,allowed,learning::klose::third-party-primary,000821,promote-held-to-allowed,15,17,1,preserve-existing-allowed-then-cross-source-prevalence-v1,resolved-third-party-learner-identity
klose,4,KV000113,held,,allowed,learning::klose::third-party-primary,000733,promote-held-to-allowed,18,21,1,preserve-existing-allowed-then-cross-source-prevalence-v1,resolved-third-party-learner-identity
klose,4,KV000115,allowed,000020,allowed,learning::klose::third-party-primary,000020,preserve-allowed,19,21,1,preserve-existing-allowed-then-cross-source-prevalence-v1,already-admitted-current-curriculum
klose,4,KV000118,held,,allowed,learning::klose::third-party-primary,000849,promote-held-to-allowed,14,16,1,preserve-existing-allowed-then-cross-source-prevalence-v1,resolved-third-party-learner-identity
klose,4,KV000119,held,,allowed,learning::klose::third-party-primary,000628,promote-held-to-allowed,20,31,1,preserve-existing-allowed-then-cross-source-prevalence-v1,resolved-third-party-learner-identity
klose,4,KV000120,held,,allowed,learning::klose::third-party-primary,000630,promote-held-to-allowed,20,27,1,preserve-existing-allowed-then-cross-source-prevalence-v1,resolved-third-party-learner-identity
klose,4,KV000121,held,,allowed,learning::klose::third-party-primary,000973,promote-held-to-allowed,8,9,1,preserve-existing-allowed-then-cross-source-prevalence-v1,resolved-third-party-learner-identity
klose,4,KV000123,held,,allowed,learning::klose::third-party-primary,000629,promote-held-to-allowed,20,30,1,preserve-existing-allowed-then-cross-source-prevalence-v1,resolved-third-party-learner-identity
klose,4,KV000124,held,,allowed,learning::klose::third-party-primary,001524,promote-held-to-allowed,2,3,1,preserve-existing-allowed-then-cross-source-prevalence-v1,resolved-third-party-learner-identity
klose,4,KV000125,held,,allowed,learning::klose::third-party-primary,000675,promote-held-to-allowed,20,21,1,preserve-existing-allowed-then-cross-source-prevalence-v1,resolved-third-party-learner-identity
klose,4,KV000127,held,,allowed,learning::klose::third-party-primary,001126,promote-held-to-allowed,5,6,1,preserve-existing-allowed-then-cross-source-prevalence-v1,resolved-third-party-learner-identity
klose,4,KV000128,held,,allowed,learning::klose::third-party-primary,000703,promote-held-to-allowed,19,21,1,preserve-existing-allowed-then-cross-source-prevalence-v1,resolved-third-party-learner-identity
klose,4,KV000129,held,,allowed,learning::klose::third-party-primary,000644,promote-held-to-allowed,20,24,1,preserve-existing-allowed-then-cross-source-prevalence-v1,resolved-third-party-learner-identity
klose,4,KV000130,allowed,000218,allowed,learning::klose::third-party-primary,000218,preserve-allowed,19,21,1,preserve-existing-allowed-then-cross-source-prevalence-v1,already-admitted-current-curriculum
klose,4,KV000131,allowed,000037,allowed,learning::klose::third-party-primary,000037,preserve-allowed,20,24,1,preserve-existing-allowed-then-cross-source-prevalence-v1,already-admitted-current-curriculum
klose,4,KV000132,allowed,000039,allowed,learning::klose::third-party-primary,000039,preserve-allowed,20,21,1,preserve-existing-allowed-then-cross-source-prevalence-v1,already-admitted-current-curriculum
klose,4,KV000133,allowed,000456,allowed,learning::klose::third-party-primary,000456,preserve-allowed,19,40,1,preserve-existing-allowed-then-cross-source-prevalence-v1,already-admitted-current-curriculum
klose,4,KV000134,held,,allowed,learning::klose::third-party-primary,000876,promote-held-to-allowed,12,16,1,preserve-existing-allowed-then-cross-source-prevalence-v1,resolved-third-party-learner-identity
klose,4,KV000135,allowed,000614,allowed,learning::klose::third-party-primary,000614,preserve-allowed,16,20,1,preserve-existing-allowed-then-cross-source-prevalence-v1,already-admitted-current-curriculum
klose,4,KV000136,held,,allowed,learning::klose::third-party-primary,000678,promote-held-to-allowed,20,20,1,preserve-existing-allowed-then-cross-source-prevalence-v1,resolved-third-party-learner-identity
klose,4,KV000137,held,,allowed,learning::klose::third-party-primary,000672,promote-held-to-allowed,20,21,1,preserve-existing-allowed-then-cross-source-prevalence-v1,resolved-third-party-learner-identity
klose,4,KV000138,held,,allowed,learning::klose::third-party-primary,000825,promote-held-to-allowed,15,16,1,preserve-existing-allowed-then-cross-source-prevalence-v1,resolved-third-party-learner-identity
klose,4,KV000139,allowed,000311,allowed,learning::klose::third-party-primary,000311,preserve-allowed,18,20,1,preserve-existing-allowed-then-cross-source-prevalence-v1,already-admitted-current-curriculum
klose,4,KV000140,held,,allowed,learning::klose::third-party-primary,000887,promote-held-to-allowed,12,12,1,preserve-existing-allowed-then-cross-source-prevalence-v1,resolved-third-party-learner-identity
klose,4,KV000141,allowed,000399,allowed,learning::klose::third-party-primary,000399,preserve-allowed,17,17,1,preserve-existing-allowed-then-cross-source-prevalence-v1,already-admitted-current-curriculum
klose,4,KV000142,held,,allowed,learning::klose::third-party-primary,001310,promote-held-to-allowed,4,4,2,preserve-existing-allowed-then-cross-source-prevalence-v1,resolved-third-party-learner-identity
klose,4,KV000143,held,,allowed,learning::klose::third-party-primary,001777,promote-held-to-allowed,2,2,2,preserve-existing-allowed-then-cross-source-prevalence-v1,resolved-third-party-learner-identity
klose,4,KV000144,held,,allowed,learning::klose::third-party-primary,000804,promote-held-to-allowed,16,16,1,preserve-existing-allowed-then-cross-source-prevalence-v1,resolved-third-party-learner-identity
klose,4,KV000145,held,,allowed,learning::klose::third-party-primary,000839,promote-held-to-allowed,15,15,1,preserve-existing-allowed-then-cross-source-prevalence-v1,resolved-third-party-learner-identity
klose,4,KV000146,held,,allowed,learning::klose::third-party-primary,001480,promote-held-to-allowed,3,3,2,preserve-existing-allowed-then-cross-source-prevalence-v1,resolved-third-party-learner-identity
klose,4,KV000147,held,,allowed,learning::klose::third-party-primary,001035,promote-held-to-allowed,7,7,1,preserve-existing-allowed-then-cross-source-prevalence-v1,resolved-third-party-learner-identity
klose,4,KV000149,held,,allowed,learning::klose::third-party-primary,000775,promote-held-to-allowed,17,18,1,preserve-existing-allowed-then-cross-source-prevalence-v1,resolved-third-party-learner-identity
klose,4,KV000150,held,,allowed,learning::klose::third-party-primary,000842,promote-held-to-allowed,14,23,1,preserve-existing-allowed-then-cross-source-prevalence-v1,resolved-third-party-learner-identity
klose,4,KV000151,held,,allowed,learning::klose::third-party-primary,000893,promote-held-to-allowed,12,12,1,preserve-existing-allowed-then-cross-source-prevalence-v1,resolved-third-party-learner-identity
klose,4,KV000152,held,,allowed,learning::klose::third-party-primary,000692,promote-held-to-allowed,19,22,1,preserve-existing-allowed-then-cross-source-prevalence-v1,resolved-third-party-learner-identity
klose,4,KV000153,held,,allowed,learning::klose::third-party-primary,000969,promote-held-to-allowed,8,11,2,preserve-existing-allowed-then-cross-source-prevalence-v1,resolved-third-party-learner-identity
klose,4,KV000154,held,,allowed,learning::klose::third-party-primary,001531,promote-held-to-allowed,2,3,3,preserve-existing-allowed-then-cross-source-prevalence-v1,resolved-third-party-learner-identity
klose,4,KV000155,held,,allowed,learning::klose::third-party-primary,001532,promote-held-to-allowed,2,3,3,preserve-existing-allowed-then-cross-source-prevalence-v1,resolved-third-party-learner-identity
klose,4,KV000156,held,,allowed,learning::klose::third-party-primary,001880,promote-held-to-allowed,1,2,4,preserve-existing-allowed-then-cross-source-prevalence-v1,resolved-third-party-learner-identity
klose,4,KV000157,allowed,000088,allowed,learning::klose::third-party-primary,000088,preserve-allowed,20,31,1,preserve-existing-allowed-then-cross-source-prevalence-v1,already-admitted-current-curriculum
klose,4,KV000158,allowed,000366,allowed,learning::klose::third-party-primary,000366,preserve-allowed,3,4,3,preserve-existing-allowed-then-cross-source-prevalence-v1,already-admitted-current-curriculum
klose,4,KV000160,allowed,000074,allowed,learning::klose::third-party-primary,000074,preserve-allowed,13,14,1,preserve-existing-allowed-then-cross-source-prevalence-v1,already-admitted-current-curriculum
klose,4,KV000161,allowed,000073,allowed,learning::klose::third-party-primary,000073,preserve-allowed,20,21,1,preserve-existing-allowed-then-cross-source-prevalence-v1,already-admitted-current-curriculum
klose,4,KV000162,allowed,000075,allowed,learning::klose::third-party-primary,000075,preserve-allowed,10,10,1,preserve-existing-allowed-then-cross-source-prevalence-v1,already-admitted-current-curriculum
klose,4,KV000163,allowed,000072,allowed,learning::klose::third-party-primary,000072,preserve-allowed,20,21,1,preserve-existing-allowed-then-cross-source-prevalence-v1,already-admitted-current-curriculum
klose,4,KV000164,allowed,000068,allowed,learning::klose::third-party-primary,000068,preserve-allowed,20,21,1,preserve-existing-allowed-then-cross-source-prevalence-v1,already-admitted-current-curriculum
klose,4,KV000165,allowed,000328,allowed,learning::klose::third-party-primary,000328,preserve-allowed,17,18,1,preserve-existing-allowed-then-cross-source-prevalence-v1,already-admitted-current-curriculum
klose,4,KV000166,allowed,000067,allowed,learning::klose::third-party-primary,000067,preserve-allowed,20,20,1,preserve-existing-allowed-then-cross-source-prevalence-v1,already-admitted-current-curriculum
klose,4,KV000167,held,,allowed,learning::klose::third-party-primary,000968,promote-held-to-allowed,9,9,1,preserve-existing-allowed-then-cross-source-prevalence-v1,resolved-third-party-learner-identity
klose,4,KV000169,allowed,000103,allowed,learning::klose::third-party-primary,000103,preserve-allowed,20,20,1,preserve-existing-allowed-then-cross-source-prevalence-v1,already-admitted-current-curriculum
klose,4,KV000170,allowed,000104,allowed,learning::klose::third-party-primary,000104,preserve-allowed,20,20,1,preserve-existing-allowed-then-cross-source-prevalence-v1,already-admitted-current-curriculum
klose,4,KV000171,allowed,000105,allowed,learning::klose::third-party-primary,000105,preserve-allowed,19,20,1,preserve-existing-allowed-then-cross-source-prevalence-v1,already-admitted-current-curriculum
klose,4,KV000172,allowed,000100,allowed,learning::klose::third-party-primary,000100,preserve-allowed,20,20,1,preserve-existing-allowed-then-cross-source-prevalence-v1,already-admitted-current-curriculum
klose,4,KV000174,allowed,000077,allowed,learning::klose::third-party-primary,000077,preserve-allowed,19,22,1,preserve-existing-allowed-then-cross-source-prevalence-v1,already-admitted-current-curriculum
klose,4,KV000175,allowed,000076,allowed,learning::klose::third-party-primary,000076,preserve-allowed,19,30,1,preserve-existing-allowed-then-cross-source-prevalence-v1,already-admitted-current-curriculum
klose,4,KV000177,allowed,000047,allowed,learning::klose::third-party-primary,000047,preserve-allowed,20,21,1,preserve-existing-allowed-then-cross-source-prevalence-v1,already-admitted-current-curriculum
klose,4,KV000178,allowed,000099,allowed,learning::klose::third-party-primary,000099,preserve-allowed,16,16,1,preserve-existing-allowed-then-cross-source-prevalence-v1,already-admitted-current-curriculum
klose,4,KV000179,held,,allowed,learning::klose::third-party-primary,000712,promote-held-to-allowed,19,19,1,preserve-existing-allowed-then-cross-source-prevalence-v1,resolved-third-party-learner-identity
klose,4,KV000180,held,,allowed,learning::klose::third-party-primary,000717,promote-held-to-allowed,19,19,1,preserve-existing-allowed-then-cross-source-prevalence-v1,resolved-third-party-learner-identity
klose,4,KV000181,held,,allowed,learning::klose::third-party-primary,000757,promote-held-to-allowed,18,19,1,preserve-existing-allowed-then-cross-source-prevalence-v1,resolved-third-party-learner-identity
klose,4,KV000182,held,,allowed,learning::klose::third-party-primary,000716,promote-held-to-allowed,19,19,1,preserve-existing-allowed-then-cross-source-prevalence-v1,resolved-third-party-learner-identity
klose,4,KV000183,held,,allowed,learning::klose::third-party-primary,000750,promote-held-to-allowed,18,19,1,preserve-existing-allowed-then-cross-source-prevalence-v1,resolved-third-party-learner-identity
klose,4,KV000184,held,,allowed,learning::klose::third-party-primary,000773,promote-held-to-allowed,17,18,1,preserve-existing-allowed-then-cross-source-prevalence-v1,resolved-third-party-learner-identity
klose,4,KV000185,held,,allowed,learning::klose::third-party-primary,000762,promote-held-to-allowed,18,18,1,preserve-existing-allowed-then-cross-source-prevalence-v1,resolved-third-party-learner-identity
klose,4,KV000186,held,,allowed,learning::klose::third-party-primary,000809,promote-held-to-allowed,16,16,1,preserve-existing-allowed-then-cross-source-prevalence-v1,resolved-third-party-learner-identity
klose,4,KV000187,held,,allowed,learning::klose::third-party-primary,000758,promote-held-to-allowed,18,18,1,preserve-existing-allowed-then-cross-source-prevalence-v1,resolved-third-party-learner-identity
klose,4,KV000189,held,,allowed,learning::klose::third-party-primary,002280,promote-held-to-allowed,1,1,1,preserve-existing-allowed-then-cross-source-prevalence-v1,resolved-third-party-learner-identity
klose,4,KV000191,allowed,000339,allowed,learning::klose::third-party-primary,000339,preserve-allowed,2,2,2,preserve-existing-allowed-then-cross-source-prevalence-v1,already-admitted-current-curriculum
klose,4,KV000192,allowed,000163,allowed,learning::klose::third-party-primary,000163,preserve-allowed,10,10,3,preserve-existing-allowed-then-cross-source-prevalence-v1,already-admitted-current-curriculum
klose,4,KV000193,allowed,000431,allowed,learning::klose::third-party-primary,000431,preserve-allowed,1,1,2,preserve-existing-allowed-then-cross-source-prevalence-v1,already-admitted-current-curriculum
klose,4,KV000194,allowed,000164,allowed,learning::klose::third-party-primary,000164,preserve-allowed,8,8,2,preserve-existing-allowed-then-cross-source-prevalence-v1,already-admitted-current-curriculum
klose,4,KV000195,allowed,000342,allowed,learning::klose::third-party-primary,000342,preserve-allowed,2,2,2,preserve-existing-allowed-then-cross-source-prevalence-v1,already-admitted-current-curriculum
klose,4,KV000196,allowed,000165,allowed,learning::klose::third-party-primary,000165,preserve-allowed,14,15,3,preserve-existing-allowed-then-cross-source-prevalence-v1,already-admitted-current-curriculum
klose,4,KV000197,allowed,000128,allowed,learning::klose::third-party-primary,000128,preserve-allowed,18,19,1,preserve-existing-allowed-then-cross-source-prevalence-v1,already-admitted-current-curriculum
klose,4,KV000198,held,,allowed,learning::klose::third-party-primary,001308,promote-held-to-allowed,4,4,2,preserve-existing-allowed-then-cross-source-prevalence-v1,resolved-third-party-learner-identity
klose,4,KV000200,allowed,000268,allowed,learning::klose::third-party-primary,000268,preserve-allowed,20,21,1,preserve-existing-allowed-then-cross-source-prevalence-v1,already-admitted-current-curriculum
klose,4,KV000201,allowed,000261,allowed,learning::klose::third-party-primary,000261,preserve-allowed,20,21,1,preserve-existing-allowed-then-cross-source-prevalence-v1,already-admitted-current-curriculum
klose,4,KV000202,allowed,000258,allowed,learning::klose::third-party-primary,000258,preserve-allowed,20,21,1,preserve-existing-allowed-then-cross-source-prevalence-v1,already-admitted-current-curriculum
klose,4,KV000203,allowed,000256,allowed,learning::klose::third-party-primary,000256,preserve-allowed,20,21,1,preserve-existing-allowed-then-cross-source-prevalence-v1,already-admitted-current-curriculum
klose,4,KV000204,allowed,000262,allowed,learning::klose::third-party-primary,000262,preserve-allowed,20,21,1,preserve-existing-allowed-then-cross-source-prevalence-v1,already-admitted-current-curriculum
klose,4,KV000205,allowed,000259,allowed,learning::klose::third-party-primary,000259,preserve-allowed,20,21,1,preserve-existing-allowed-then-cross-source-prevalence-v1,already-admitted-current-curriculum
klose,4,KV000206,allowed,000267,allowed,learning::klose::third-party-primary,000267,preserve-allowed,20,21,1,preserve-existing-allowed-then-cross-source-prevalence-v1,already-admitted-current-curriculum
klose,4,KV000207,held,,allowed,learning::klose::third-party-primary,000677,promote-held-to-allowed,20,21,1,preserve-existing-allowed-then-cross-source-prevalence-v1,resolved-third-party-learner-identity
klose,4,KV000208,allowed,000389,allowed,learning::klose::third-party-primary,000389,preserve-allowed,17,20,1,preserve-existing-allowed-then-cross-source-prevalence-v1,already-admitted-current-curriculum
klose,4,KV000212,held,,allowed,learning::klose::third-party-primary,001033,promote-held-to-allowed,7,7,1,preserve-existing-allowed-then-cross-source-prevalence-v1,resolved-third-party-learner-identity
klose,4,KV000213,held,,allowed,learning::klose::third-party-primary,001074,promote-held-to-allowed,6,6,1,preserve-existing-allowed-then-cross-source-prevalence-v1,resolved-third-party-learner-identity
klose,4,KV000214,allowed,000177,allowed,learning::klose::third-party-primary,000177,preserve-allowed,15,16,1,preserve-existing-allowed-then-cross-source-prevalence-v1,already-admitted-current-curriculum
klose,4,KV000215,held,,allowed,learning::klose::third-party-primary,000739,promote-held-to-allowed,18,20,1,preserve-existing-allowed-then-cross-source-prevalence-v1,resolved-third-party-learner-identity
klose,4,KV000216,allowed,000499,allowed,learning::klose::third-party-primary,000499,preserve-allowed,19,23,1,preserve-existing-allowed-then-cross-source-prevalence-v1,already-admitted-current-curriculum
klose,4,KV000217,allowed,000022,allowed,learning::klose::third-party-primary,000022,preserve-allowed,20,23,1,preserve-existing-allowed-then-cross-source-prevalence-v1,already-admitted-current-curriculum
klose,4,KV000218,held,,allowed,learning::klose::third-party-primary,000669,promote-held-to-allowed,20,21,1,preserve-existing-allowed-then-cross-source-prevalence-v1,resolved-third-party-learner-identity
klose,4,KV000219,held,,allowed,learning::klose::third-party-primary,000673,promote-held-to-allowed,20,21,1,preserve-existing-allowed-then-cross-source-prevalence-v1,resolved-third-party-learner-identity
klose,4,KV000220,held,,allowed,learning::klose::third-party-primary,000674,promote-held-to-allowed,20,21,1,preserve-existing-allowed-then-cross-source-prevalence-v1,resolved-third-party-learner-identity
klose,4,KV000221,held,,allowed,learning::klose::third-party-primary,000741,promote-held-to-allowed,18,20,1,preserve-existing-allowed-then-cross-source-prevalence-v1,resolved-third-party-learner-identity
klose,4,KV000222,held,,allowed,learning::klose::third-party-primary,000971,promote-held-to-allowed,8,9,1,preserve-existing-allowed-then-cross-source-prevalence-v1,resolved-third-party-learner-identity
klose,4,KV000225,held,,allowed,learning::klose::third-party-primary,000728,promote-held-to-allowed,18,24,1,preserve-existing-allowed-then-cross-source-prevalence-v1,resolved-third-party-learner-identity
klose,4,KV000226,allowed,000070,allowed,learning::klose::third-party-primary,000070,preserve-allowed,17,17,1,preserve-existing-allowed-then-cross-source-prevalence-v1,already-admitted-current-curriculum
klose,4,KV000227,held,,allowed,learning::klose::third-party-primary,001550,promote-held-to-allowed,2,2,1,preserve-existing-allowed-then-cross-source-prevalence-v1,resolved-third-party-learner-identity
klose,4,KV000228,held,,allowed,learning::klose::third-party-primary,001739,promote-held-to-allowed,2,2,1,preserve-existing-allowed-then-cross-source-prevalence-v1,resolved-third-party-learner-identity
klose,4,KV000229,held,,allowed,learning::klose::third-party-primary,001258,promote-held-to-allowed,4,4,1,preserve-existing-allowed-then-cross-source-prevalence-v1,resolved-third-party-learner-identity
klose,4,KV000230,held,,allowed,learning::klose::third-party-primary,000751,promote-held-to-allowed,18,19,1,preserve-existing-allowed-then-cross-source-prevalence-v1,resolved-third-party-learner-identity
klose,4,KV000231,allowed,000034,allowed,learning::klose::third-party-primary,000034,preserve-allowed,18,19,1,preserve-existing-allowed-then-cross-source-prevalence-v1,already-admitted-current-curriculum
klose,4,KV000232,held,,allowed,learning::klose::third-party-primary,002423,promote-held-to-allowed,1,1,1,preserve-existing-allowed-then-cross-source-prevalence-v1,resolved-third-party-learner-identity
klose,4,KV000233,held,,allowed,learning::klose::third-party-primary,000670,promote-held-to-allowed,20,21,1,preserve-existing-allowed-then-cross-source-prevalence-v1,resolved-third-party-learner-identity
klose,4,KV000234,held,,allowed,learning::klose::third-party-primary,000689,promote-held-to-allowed,19,22,1,preserve-existing-allowed-then-cross-source-prevalence-v1,resolved-third-party-learner-identity
klose,4,KV000235,held,,allowed,learning::klose::third-party-primary,000663,promote-held-to-allowed,20,22,1,preserve-existing-allowed-then-cross-source-prevalence-v1,resolved-third-party-learner-identity
klose,4,KV000236,allowed,000298,allowed,learning::klose::third-party-primary,000298,preserve-allowed,18,19,2,preserve-existing-allowed-then-cross-source-prevalence-v1,already-admitted-current-curriculum
klose,4,KV000237,allowed,000200,allowed,learning::klose::third-party-primary,000200,preserve-allowed,19,19,1,preserve-existing-allowed-then-cross-source-prevalence-v1,already-admitted-current-curriculum
klose,4,KV000238,allowed,000196,allowed,learning::klose::third-party-primary,000196,preserve-allowed,19,20,1,preserve-existing-allowed-then-cross-source-prevalence-v1,already-admitted-current-curriculum
klose,4,KV000239,held,,allowed,learning::klose::third-party-primary,000822,promote-held-to-allowed,15,17,1,preserve-existing-allowed-then-cross-source-prevalence-v1,resolved-third-party-learner-identity
klose,4,KV000240,held,,allowed,learning::klose::third-party-primary,001813,promote-held-to-allowed,2,2,2,preserve-existing-allowed-then-cross-source-prevalence-v1,resolved-third-party-learner-identity
klose,4,KV000241,held,,allowed,learning::klose::third-party-primary,000927,promote-held-to-allowed,10,11,1,preserve-existing-allowed-then-cross-source-prevalence-v1,resolved-third-party-learner-identity
klose,4,KV000242,allowed,000051,allowed,learning::klose::third-party-primary,000051,preserve-allowed,18,27,1,preserve-existing-allowed-then-cross-source-prevalence-v1,already-admitted-current-curriculum
klose,4,KV000245,held,,allowed,learning::klose::third-party-primary,000745,promote-held-to-allowed,18,20,1,preserve-existing-allowed-then-cross-source-prevalence-v1,resolved-third-party-learner-identity
klose,4,KV000246,held,,allowed,learning::klose::third-party-primary,001187,promote-held-to-allowed,5,5,1,preserve-existing-allowed-then-cross-source-prevalence-v1,resolved-third-party-learner-identity
klose,4,KV000247,held,,allowed,learning::klose::third-party-primary,000999,promote-held-to-allowed,8,8,1,preserve-existing-allowed-then-cross-source-prevalence-v1,resolved-third-party-learner-identity
klose,4,KV000248,held,,allowed,learning::klose::third-party-primary,001441,promote-held-to-allowed,3,3,1,preserve-existing-allowed-then-cross-source-prevalence-v1,resolved-third-party-learner-identity
klose,4,KV000249,held,,allowed,learning::klose::third-party-primary,000631,promote-held-to-allowed,20,26,1,preserve-existing-allowed-then-cross-source-prevalence-v1,resolved-third-party-learner-identity
klose,4,KV000250,held,,allowed,learning::klose::third-party-primary,000681,promote-held-to-allowed,19,24,1,preserve-existing-allowed-then-cross-source-prevalence-v1,resolved-third-party-learner-identity
klose,4,KV000251,held,,allowed,learning::klose::third-party-primary,000875,promote-held-to-allowed,13,13,2,preserve-existing-allowed-then-cross-source-prevalence-v1,resolved-third-party-learner-identity
klose,4,KV000252,held,,allowed,learning::klose::third-party-primary,001004,promote-held-to-allowed,8,8,1,preserve-existing-allowed-then-cross-source-prevalence-v1,resolved-third-party-learner-identity
klose,4,KV000254,held,,allowed,learning::klose::third-party-primary,000671,promote-held-to-allowed,20,21,1,preserve-existing-allowed-then-cross-source-prevalence-v1,resolved-third-party-learner-identity
klose,4,KV000255,allowed,000096,allowed,learning::klose::third-party-primary,000096,preserve-allowed,20,22,1,preserve-existing-allowed-then-cross-source-prevalence-v1,already-admitted-current-curriculum
klose,4,KV000257,allowed,000091,allowed,learning::klose::third-party-primary,000091,preserve-allowed,19,21,1,preserve-existing-allowed-then-cross-source-prevalence-v1,already-admitted-current-curriculum
klose,4,KV000258,allowed,000175,allowed,learning::klose::third-party-primary,000175,preserve-allowed,14,15,1,preserve-existing-allowed-then-cross-source-prevalence-v1,already-admitted-current-curriculum
klose,4,KV000260,allowed,000170,allowed,learning::klose::third-party-primary,000170,preserve-allowed,17,17,1,preserve-existing-allowed-then-cross-source-prevalence-v1,already-admitted-current-curriculum
klose,4,KV000261,allowed,000276,allowed,learning::klose::third-party-primary,000276,preserve-allowed,14,15,1,preserve-existing-allowed-then-cross-source-prevalence-v1,already-admitted-current-curriculum
klose,4,KV000262,allowed,000094,allowed,learning::klose::third-party-primary,000094,preserve-allowed,16,22,1,preserve-existing-allowed-then-cross-source-prevalence-v1,already-admitted-current-curriculum
klose,4,KV000263,allowed,000220,allowed,learning::klose::third-party-primary,000220,preserve-allowed,15,17,1,preserve-existing-allowed-then-cross-source-prevalence-v1,already-admitted-current-curriculum
klose,4,KV000264,allowed,000501,allowed,learning::klose::third-party-primary,000501,preserve-allowed,13,13,1,preserve-existing-allowed-then-cross-source-prevalence-v1,already-admitted-current-curriculum
klose,4,KV000265,held,,allowed,learning::klose::third-party-primary,001879,promote-held-to-allowed,1,2,3,preserve-existing-allowed-then-cross-source-prevalence-v1,resolved-third-party-learner-identity
klose,4,KV000266,allowed,000372,allowed,learning::klose::third-party-primary,000372,preserve-allowed,17,17,1,preserve-existing-allowed-then-cross-source-prevalence-v1,already-admitted-current-curriculum
klose,4,KV000267,allowed,000373,allowed,learning::klose::third-party-primary,000373,preserve-allowed,17,17,1,preserve-existing-allowed-then-cross-source-prevalence-v1,already-admitted-current-curriculum
klose,4,KV000268,allowed,000374,allowed,learning::klose::third-party-primary,000374,preserve-allowed,17,17,1,preserve-existing-allowed-then-cross-source-prevalence-v1,already-admitted-current-curriculum
klose,4,KV000269,allowed,000375,allowed,learning::klose::third-party-primary,000375,preserve-allowed,18,18,1,preserve-existing-allowed-then-cross-source-prevalence-v1,already-admitted-current-curriculum
klose,4,KV000270,allowed,000376,allowed,learning::klose::third-party-primary,000376,preserve-allowed,17,17,1,preserve-existing-allowed-then-cross-source-prevalence-v1,already-admitted-current-curriculum
klose,4,KV000271,allowed,000377,allowed,learning::klose::third-party-primary,000377,preserve-allowed,19,19,1,preserve-existing-allowed-then-cross-source-prevalence-v1,already-admitted-current-curriculum
klose,4,KV000272,allowed,000378,allowed,learning::klose::third-party-primary,000378,preserve-allowed,19,19,1,preserve-existing-allowed-then-cross-source-prevalence-v1,already-admitted-current-curriculum
klose,4,KV000273,allowed,000379,allowed,learning::klose::third-party-primary,000379,preserve-allowed,18,18,1,preserve-existing-allowed-then-cross-source-prevalence-v1,already-admitted-current-curriculum
klose,4,KV000274,allowed,000380,allowed,learning::klose::third-party-primary,000380,preserve-allowed,19,19,1,preserve-existing-allowed-then-cross-source-prevalence-v1,already-admitted-current-curriculum
klose,4,KV000275,allowed,000381,allowed,learning::klose::third-party-primary,000381,preserve-allowed,19,19,1,preserve-existing-allowed-then-cross-source-prevalence-v1,already-admitted-current-curriculum
klose,4,KV000276,allowed,000382,allowed,learning::klose::third-party-primary,000382,preserve-allowed,17,17,1,preserve-existing-allowed-then-cross-source-prevalence-v1,already-admitted-current-curriculum
klose,4,KV000277,allowed,000383,allowed,learning::klose::third-party-primary,000383,preserve-allowed,19,19,1,preserve-existing-allowed-then-cross-source-prevalence-v1,already-admitted-current-curriculum
klose,4,KV000278,held,,allowed,learning::klose::third-party-primary,000730,promote-held-to-allowed,18,22,1,preserve-existing-allowed-then-cross-source-prevalence-v1,resolved-third-party-learner-identity
klose,4,KV000279,allowed,000137,allowed,learning::klose::third-party-primary,000137,preserve-allowed,19,25,1,preserve-existing-allowed-then-cross-source-prevalence-v1,already-admitted-current-curriculum
klose,4,KV000280,held,,allowed,learning::klose::third-party-primary,000732,promote-held-to-allowed,18,22,1,preserve-existing-allowed-then-cross-source-prevalence-v1,resolved-third-party-learner-identity
klose,4,KV000281,allowed,000213,allowed,learning::klose::third-party-primary,000213,preserve-allowed,10,11,1,preserve-existing-allowed-then-cross-source-prevalence-v1,already-admitted-current-curriculum
klose,4,KV000283,held,,allowed,learning::klose::third-party-primary,000705,promote-held-to-allowed,19,20,1,preserve-existing-allowed-then-cross-source-prevalence-v1,resolved-third-party-learner-identity
klose,4,KV000284,allowed,000229,allowed,learning::klose::third-party-primary,000229,preserve-allowed,18,18,1,preserve-existing-allowed-then-cross-source-prevalence-v1,already-admitted-current-curriculum
klose,4,KV000287,allowed,000161,allowed,learning::klose::third-party-primary,000161,preserve-allowed,19,19,1,preserve-existing-allowed-then-cross-source-prevalence-v1,already-admitted-current-curriculum
klose,4,KV000288,allowed,000159,allowed,learning::klose::third-party-primary,000159,preserve-allowed,19,19,1,preserve-existing-allowed-then-cross-source-prevalence-v1,already-admitted-current-curriculum
klose,4,KV000289,held,,allowed,learning::klose::third-party-primary,002536,promote-held-to-allowed,1,1,2,preserve-existing-allowed-then-cross-source-prevalence-v1,resolved-third-party-learner-identity
klose,4,KV000290,held,,allowed,learning::klose::third-party-primary,000798,promote-held-to-allowed,16,18,1,preserve-existing-allowed-then-cross-source-prevalence-v1,resolved-third-party-learner-identity
klose,4,KV000291,held,,allowed,learning::klose::third-party-primary,000761,promote-held-to-allowed,18,18,1,preserve-existing-allowed-then-cross-source-prevalence-v1,resolved-third-party-learner-identity
klose,4,KV000292,allowed,000117,allowed,learning::klose::third-party-primary,000117,preserve-allowed,19,21,1,preserve-existing-allowed-then-cross-source-prevalence-v1,already-admitted-current-curriculum
klose,4,KV000293,allowed,000043,allowed,learning::klose::third-party-primary,000043,preserve-allowed,20,21,1,preserve-existing-allowed-then-cross-source-prevalence-v1,already-admitted-current-curriculum
klose,4,KV000294,allowed,000041,allowed,learning::klose::third-party-primary,000041,preserve-allowed,13,13,1,preserve-existing-allowed-then-cross-source-prevalence-v1,already-admitted-current-curriculum
klose,4,KV000295,allowed,000036,allowed,learning::klose::third-party-primary,000036,preserve-allowed,18,19,1,preserve-existing-allowed-then-cross-source-prevalence-v1,already-admitted-current-curriculum
klose,4,KV000296,allowed,000405,allowed,learning::klose::third-party-primary,000405,preserve-allowed,17,17,1,preserve-existing-allowed-then-cross-source-prevalence-v1,already-admitted-current-curriculum
klose,4,KV000297,allowed,000406,allowed,learning::klose::third-party-primary,000406,preserve-allowed,16,16,1,preserve-existing-allowed-then-cross-source-prevalence-v1,already-admitted-current-curriculum
klose,4,KV000299,allowed,000013,allowed,learning::klose::third-party-primary,000013,preserve-allowed,16,16,1,preserve-existing-allowed-then-cross-source-prevalence-v1,already-admitted-current-curriculum
klose,4,KV000300,held,,allowed,learning::klose::third-party-primary,000713,promote-held-to-allowed,19,19,1,preserve-existing-allowed-then-cross-source-prevalence-v1,resolved-third-party-learner-identity
klose,4,KV000301,held,,allowed,learning::klose::third-party-primary,000755,promote-held-to-allowed,18,19,1,preserve-existing-allowed-then-cross-source-prevalence-v1,resolved-third-party-learner-identity
klose,4,KV000302,held,,allowed,learning::klose::third-party-primary,001305,promote-held-to-allowed,4,4,2,preserve-existing-allowed-then-cross-source-prevalence-v1,resolved-third-party-learner-identity
klose,4,KV000303,allowed,000340,allowed,learning::klose::third-party-primary,000340,preserve-allowed,4,5,2,preserve-existing-allowed-then-cross-source-prevalence-v1,already-admitted-current-curriculum
klose,4,KV000304,held,,allowed,learning::klose::third-party-primary,001781,promote-held-to-allowed,2,2,2,preserve-existing-allowed-then-cross-source-prevalence-v1,resolved-third-party-learner-identity
klose,4,KV000305,held,,allowed,learning::klose::third-party-primary,001216,promote-held-to-allowed,5,5,2,preserve-existing-allowed-then-cross-source-prevalence-v1,resolved-third-party-learner-identity
klose,4,KV000306,held,,allowed,learning::klose::third-party-primary,001815,promote-held-to-allowed,2,2,2,preserve-existing-allowed-then-cross-source-prevalence-v1,resolved-third-party-learner-identity
klose,4,KV000307,allowed,000432,allowed,learning::klose::third-party-primary,000432,preserve-allowed,3,3,2,preserve-existing-allowed-then-cross-source-prevalence-v1,already-admitted-current-curriculum
klose,4,KV000309,allowed,000078,allowed,learning::klose::third-party-primary,000078,preserve-allowed,18,19,1,preserve-existing-allowed-then-cross-source-prevalence-v1,already-admitted-current-curriculum
klose,4,KV000311,held,,allowed,learning::klose::third-party-primary,002507,promote-held-to-allowed,1,1,2,preserve-existing-allowed-then-cross-source-prevalence-v1,resolved-third-party-learner-identity
klose,4,KV000312,held,,allowed,learning::klose::third-party-primary,000696,promote-held-to-allowed,19,21,1,preserve-existing-allowed-then-cross-source-prevalence-v1,resolved-third-party-learner-identity
klose,4,KV000313,held,,allowed,learning::klose::third-party-primary,000718,promote-held-to-allowed,19,19,1,preserve-existing-allowed-then-cross-source-prevalence-v1,resolved-third-party-learner-identity
klose,4,KV000314,held,,allowed,learning::klose::third-party-primary,000695,promote-held-to-allowed,19,21,1,preserve-existing-allowed-then-cross-source-prevalence-v1,resolved-third-party-learner-identity
klose,4,KV000315,held,,allowed,learning::klose::third-party-primary,000780,promote-held-to-allowed,17,17,1,preserve-existing-allowed-then-cross-source-prevalence-v1,resolved-third-party-learner-identity
klose,4,KV000316,allowed,000182,allowed,learning::klose::third-party-primary,000182,preserve-allowed,20,22,1,preserve-existing-allowed-then-cross-source-prevalence-v1,already-admitted-current-curriculum
klose,4,KV000317,held,,allowed,learning::klose::third-party-primary,000921,promote-held-to-allowed,10,13,1,preserve-existing-allowed-then-cross-source-prevalence-v1,resolved-third-party-learner-identity
klose,4,KV000319,allowed,000335,allowed,learning::klose::third-party-primary,000335,preserve-allowed,17,17,1,preserve-existing-allowed-then-cross-source-prevalence-v1,already-admitted-current-curriculum
klose,4,KV000331,held,,allowed,learning::klose::third-party-primary,002806,promote-held-to-allowed,1,1,3,preserve-existing-allowed-then-cross-source-prevalence-v1,resolved-third-party-learner-identity
klose,4,KV000332,allowed,000064,allowed,learning::klose::third-party-primary,000064,preserve-allowed,12,12,1,preserve-existing-allowed-then-cross-source-prevalence-v1,already-admitted-current-curriculum
klose,4,KV000333,allowed,000019,allowed,learning::klose::third-party-primary,000019,preserve-allowed,15,16,1,preserve-existing-allowed-then-cross-source-prevalence-v1,already-admitted-current-curriculum
klose,4,KV000334,allowed,000139,allowed,learning::klose::third-party-primary,000139,preserve-allowed,19,30,1,preserve-existing-allowed-then-cross-source-prevalence-v1,already-admitted-current-curriculum
klose,4,KV000336,allowed,000147,allowed,learning::klose::third-party-primary,000147,preserve-allowed,17,17,1,preserve-existing-allowed-then-cross-source-prevalence-v1,already-admitted-current-curriculum
klose,4,KV000337,allowed,000140,allowed,learning::klose::third-party-primary,000140,preserve-allowed,16,16,2,preserve-existing-allowed-then-cross-source-prevalence-v1,already-admitted-current-curriculum
klose,4,KV000338,allowed,000150,allowed,learning::klose::third-party-primary,000150,preserve-allowed,14,14,1,preserve-existing-allowed-then-cross-source-prevalence-v1,already-admitted-current-curriculum
klose,4,KV000339,held,,allowed,learning::klose::third-party-primary,001051,promote-held-to-allowed,7,7,2,preserve-existing-allowed-then-cross-source-prevalence-v1,resolved-third-party-learner-identity
klose,4,KV000341,allowed,000148,allowed,learning::klose::third-party-primary,000148,preserve-allowed,20,21,1,preserve-existing-allowed-then-cross-source-prevalence-v1,already-admitted-current-curriculum
klose,4,KV000342,held,,allowed,learning::klose::third-party-primary,002573,promote-held-to-allowed,1,1,2,preserve-existing-allowed-then-cross-source-prevalence-v1,resolved-third-party-learner-identity
klose,4,KV000343,held,,allowed,learning::klose::third-party-primary,000940,promote-held-to-allowed,10,10,1,preserve-existing-allowed-then-cross-source-prevalence-v1,resolved-third-party-learner-identity
klose,4,KV000344,held,,allowed,learning::klose::third-party-primary,001416,promote-held-to-allowed,3,3,1,preserve-existing-allowed-then-cross-source-prevalence-v1,resolved-third-party-learner-identity
klose,4,KV000345,allowed,000032,allowed,learning::klose::third-party-primary,000032,preserve-allowed,18,18,1,preserve-existing-allowed-then-cross-source-prevalence-v1,already-admitted-current-curriculum
klose,4,KV000346,held,,allowed,learning::klose::third-party-primary,002684,promote-held-to-allowed,1,1,2,preserve-existing-allowed-then-cross-source-prevalence-v1,resolved-third-party-learner-identity
klose,4,KV000348,allowed,000272,allowed,learning::klose::third-party-primary,000272,preserve-allowed,6,6,2,preserve-existing-allowed-then-cross-source-prevalence-v1,already-admitted-current-curriculum
klose,4,KV000350,allowed,000305,allowed,learning::klose::third-party-primary,000305,preserve-allowed,18,18,1,preserve-existing-allowed-then-cross-source-prevalence-v1,already-admitted-current-curriculum
klose,4,KV000351,held,,allowed,learning::klose::third-party-primary,000676,promote-held-to-allowed,20,21,1,preserve-existing-allowed-then-cross-source-prevalence-v1,resolved-third-party-learner-identity
klose,4,KV000352,held,,allowed,learning::klose::third-party-primary,001007,promote-held-to-allowed,8,8,3,preserve-existing-allowed-then-cross-source-prevalence-v1,resolved-third-party-learner-identity
klose,4,KV000353,allowed,000113,allowed,learning::klose::third-party-primary,000113,preserve-allowed,18,20,1,preserve-existing-allowed-then-cross-source-prevalence-v1,already-admitted-current-curriculum
klose,4,KV000354,held,,allowed,learning::klose::third-party-primary,002888,promote-held-to-allowed,1,1,4,preserve-existing-allowed-then-cross-source-prevalence-v1,resolved-third-party-learner-identity
klose,4,KV000355,held,,allowed,learning::klose::third-party-primary,002893,promote-held-to-allowed,1,1,5,preserve-existing-allowed-then-cross-source-prevalence-v1,resolved-third-party-learner-identity
klose,4,KV000356,held,,allowed,learning::klose::third-party-primary,002793,promote-held-to-allowed,1,1,3,preserve-existing-allowed-then-cross-source-prevalence-v1,resolved-third-party-learner-identity
klose,4,KV000357,held,,allowed,learning::klose::third-party-primary,002669,promote-held-to-allowed,1,1,2,preserve-existing-allowed-then-cross-source-prevalence-v1,resolved-third-party-learner-identity
klose,4,KV000358,held,,allowed,learning::klose::third-party-primary,001844,promote-held-to-allowed,2,2,3,preserve-existing-allowed-then-cross-source-prevalence-v1,resolved-third-party-learner-identity
klose,4,KV000359,allowed,000603,allowed,learning::klose::third-party-primary,000603,preserve-allowed,8,8,2,preserve-existing-allowed-then-cross-source-prevalence-v1,already-admitted-current-curriculum
klose,4,KV000360,held,,allowed,learning::klose::third-party-primary,001859,promote-held-to-allowed,2,2,4,preserve-existing-allowed-then-cross-source-prevalence-v1,resolved-third-party-learner-identity
klose,4,KV000361,held,,allowed,learning::klose::third-party-primary,002819,promote-held-to-allowed,1,1,3,preserve-existing-allowed-then-cross-source-prevalence-v1,resolved-third-party-learner-identity
klose,4,KV000363,allowed,000033,allowed,learning::klose::third-party-primary,000033,preserve-allowed,18,21,1,preserve-existing-allowed-then-cross-source-prevalence-v1,already-admitted-current-curriculum
klose,4,KV000366,allowed,000270,allowed,learning::klose::third-party-primary,000270,preserve-allowed,16,16,1,preserve-existing-allowed-then-cross-source-prevalence-v1,already-admitted-current-curriculum
klose,4,KV000367,allowed,000584,allowed,learning::klose::third-party-primary,000584,preserve-allowed,15,16,1,preserve-existing-allowed-then-cross-source-prevalence-v1,already-admitted-current-curriculum
klose,4,KV000368,allowed,000087,allowed,learning::klose::third-party-primary,000087,preserve-allowed,16,16,1,preserve-existing-allowed-then-cross-source-prevalence-v1,already-admitted-current-curriculum
klose,4,KV000369,allowed,000283,allowed,learning::klose::third-party-primary,000283,preserve-allowed,17,19,1,preserve-existing-allowed-then-cross-source-prevalence-v1,already-admitted-current-curriculum
klose,4,KV000371,held,,allowed,learning::klose::third-party-primary,000950,promote-held-to-allowed,9,10,1,preserve-existing-allowed-then-cross-source-prevalence-v1,resolved-third-party-learner-identity
klose,4,KV000374,allowed,000264,allowed,learning::klose::third-party-primary,000264,preserve-allowed,15,16,1,preserve-existing-allowed-then-cross-source-prevalence-v1,already-admitted-current-curriculum
klose,4,KV000375,held,,allowed,learning::klose::third-party-primary,001206,promote-held-to-allowed,5,5,2,preserve-existing-allowed-then-cross-source-prevalence-v1,resolved-third-party-learner-identity
klose,4,KV000376,held,,allowed,learning::klose::third-party-primary,002519,promote-held-to-allowed,1,1,2,preserve-existing-allowed-then-cross-source-prevalence-v1,resolved-third-party-learner-identity
klose,4,KV000377,held,,allowed,learning::klose::third-party-primary,001772,promote-held-to-allowed,2,2,2,preserve-existing-allowed-then-cross-source-prevalence-v1,resolved-third-party-learner-identity
klose,4,KV000378,held,,allowed,learning::klose::third-party-primary,001207,promote-held-to-allowed,5,5,2,preserve-existing-allowed-then-cross-source-prevalence-v1,resolved-third-party-learner-identity
klose,4,KV000379,held,,allowed,learning::klose::third-party-primary,001462,promote-held-to-allowed,3,3,2,preserve-existing-allowed-then-cross-source-prevalence-v1,resolved-third-party-learner-identity
klose,4,KV000380,held,,allowed,learning::klose::third-party-primary,001205,promote-held-to-allowed,5,5,2,preserve-existing-allowed-then-cross-source-prevalence-v1,resolved-third-party-learner-identity
klose,4,KV000381,held,,allowed,learning::klose::third-party-primary,000917,promote-held-to-allowed,11,11,2,preserve-existing-allowed-then-cross-source-prevalence-v1,resolved-third-party-learner-identity
klose,4,KV000382,held,,allowed,learning::klose::third-party-primary,002787,promote-held-to-allowed,1,1,3,preserve-existing-allowed-then-cross-source-prevalence-v1,resolved-third-party-learner-identity
klose,4,KV000383,held,,allowed,learning::klose::third-party-primary,002521,promote-held-to-allowed,1,1,2,preserve-existing-allowed-then-cross-source-prevalence-v1,resolved-third-party-learner-identity
klose,4,KV000384,held,,allowed,learning::klose::third-party-primary,001771,promote-held-to-allowed,2,2,2,preserve-existing-allowed-then-cross-source-prevalence-v1,resolved-third-party-learner-identity
klose,4,KV000385,held,,allowed,learning::klose::third-party-primary,001773,promote-held-to-allowed,2,2,2,preserve-existing-allowed-then-cross-source-prevalence-v1,resolved-third-party-learner-identity
klose,4,KV000386,held,,allowed,learning::klose::third-party-primary,000879,promote-held-to-allowed,12,14,1,preserve-existing-allowed-then-cross-source-prevalence-v1,resolved-third-party-learner-identity
klose,4,KV000387,held,,allowed,learning::klose::third-party-primary,002626,promote-held-to-allowed,1,1,2,preserve-existing-allowed-then-cross-source-prevalence-v1,resolved-third-party-learner-identity
klose,4,KV000388,held,,allowed,learning::klose::third-party-primary,001165,promote-held-to-allowed,5,5,1,preserve-existing-allowed-then-cross-source-prevalence-v1,resolved-third-party-learner-identity
klose,4,KV000389,held,,allowed,learning::klose::third-party-primary,001743,promote-held-to-allowed,2,2,1,preserve-existing-allowed-then-cross-source-prevalence-v1,resolved-third-party-learner-identity
klose,4,KV000391,allowed,000532,allowed,learning::klose::third-party-primary,000532,preserve-allowed,15,15,1,preserve-existing-allowed-then-cross-source-prevalence-v1,already-admitted-current-curriculum
klose,4,KV000393,held,,allowed,learning::klose::third-party-primary,001048,promote-held-to-allowed,7,7,1,preserve-existing-allowed-then-cross-source-prevalence-v1,resolved-third-party-learner-identity
klose,4,KV000394,held,,allowed,learning::klose::third-party-primary,000788,promote-held-to-allowed,16,25,1,preserve-existing-allowed-then-cross-source-prevalence-v1,resolved-third-party-learner-identity
klose,4,KV000395,allowed,000598,allowed,learning::klose::third-party-primary,000598,preserve-allowed,13,13,1,preserve-existing-allowed-then-cross-source-prevalence-v1,already-admitted-current-curriculum
klose,4,KV000396,held,,allowed,learning::klose::third-party-primary,000796,promote-held-to-allowed,16,18,1,preserve-existing-allowed-then-cross-source-prevalence-v1,resolved-third-party-learner-identity
klose,4,KV000397,allowed,000208,allowed,learning::klose::third-party-primary,000208,preserve-allowed,10,10,1,preserve-existing-allowed-then-cross-source-prevalence-v1,already-admitted-current-curriculum
klose,4,KV000398,held,,allowed,learning::klose::third-party-primary,000932,promote-held-to-allowed,10,10,1,preserve-existing-allowed-then-cross-source-prevalence-v1,resolved-third-party-learner-identity
klose,4,KV000399,held,,allowed,learning::klose::third-party-primary,000772,promote-held-to-allowed,17,18,1,preserve-existing-allowed-then-cross-source-prevalence-v1,resolved-third-party-learner-identity
klose,4,KV000400,held,,allowed,learning::klose::third-party-primary,001197,promote-held-to-allowed,5,5,1,preserve-existing-allowed-then-cross-source-prevalence-v1,resolved-third-party-learner-identity
klose,4,KV000401,held,,allowed,learning::klose::third-party-primary,002584,promote-held-to-allowed,1,1,2,preserve-existing-allowed-then-cross-source-prevalence-v1,resolved-third-party-learner-identity
klose,4,KV000402,held,,allowed,learning::klose::third-party-primary,000926,promote-held-to-allowed,10,12,1,preserve-existing-allowed-then-cross-source-prevalence-v1,resolved-third-party-learner-identity
klose,4,KV000403,held,,allowed,learning::klose::third-party-primary,000831,promote-held-to-allowed,15,16,1,preserve-existing-allowed-then-cross-source-prevalence-v1,resolved-third-party-learner-identity
klose,4,KV000404,held,,allowed,learning::klose::third-party-primary,000736,promote-held-to-allowed,18,21,1,preserve-existing-allowed-then-cross-source-prevalence-v1,resolved-third-party-learner-identity
klose,4,KV000405,held,,allowed,learning::klose::third-party-primary,000680,promote-held-to-allowed,19,26,1,preserve-existing-allowed-then-cross-source-prevalence-v1,resolved-third-party-learner-identity
klose,4,KV000406,held,,allowed,learning::klose::third-party-primary,002603,promote-held-to-allowed,1,1,2,preserve-existing-allowed-then-cross-source-prevalence-v1,resolved-third-party-learner-identity
klose,4,KV000409,held,,allowed,learning::klose::third-party-primary,000805,promote-held-to-allowed,16,16,1,preserve-existing-allowed-then-cross-source-prevalence-v1,resolved-third-party-learner-identity
klose,4,KV000410,allowed,000302,allowed,learning::klose::third-party-primary,000302,preserve-allowed,17,19,1,preserve-existing-allowed-then-cross-source-prevalence-v1,already-admitted-current-curriculum
klose,4,KV000411,allowed,000040,allowed,learning::klose::third-party-primary,000040,preserve-allowed,15,17,1,preserve-existing-allowed-then-cross-source-prevalence-v1,already-admitted-current-curriculum
klose,4,KV000413,allowed,000324,allowed,learning::klose::third-party-primary,000324,preserve-allowed,7,7,1,preserve-existing-allowed-then-cross-source-prevalence-v1,already-admitted-current-curriculum
klose,4,KV000414,held,,allowed,learning::klose::third-party-primary,002826,promote-held-to-allowed,1,1,3,preserve-existing-allowed-then-cross-source-prevalence-v1,resolved-third-party-learner-identity
klose,4,KV000416,held,,allowed,learning::klose::third-party-primary,002880,promote-held-to-allowed,1,1,4,preserve-existing-allowed-then-cross-source-prevalence-v1,resolved-third-party-learner-identity
klose,4,KV000417,held,,allowed,learning::klose::third-party-primary,002367,promote-held-to-allowed,1,1,1,preserve-existing-allowed-then-cross-source-prevalence-v1,resolved-third-party-learner-identity
klose,4,KV000418,held,,allowed,learning::klose::third-party-primary,001323,promote-held-to-allowed,4,4,2,preserve-existing-allowed-then-cross-source-prevalence-v1,resolved-third-party-learner-identity
klose,4,KV000419,allowed,000141,allowed,learning::klose::third-party-primary,000141,preserve-allowed,6,6,1,preserve-existing-allowed-then-cross-source-prevalence-v1,already-admitted-current-curriculum
klose,4,KV000420,held,,allowed,learning::klose::third-party-primary,000769,promote-held-to-allowed,17,19,1,preserve-existing-allowed-then-cross-source-prevalence-v1,resolved-third-party-learner-identity
klose,4,KV000421,held,,allowed,learning::klose::third-party-primary,000666,promote-held-to-allowed,20,22,1,preserve-existing-allowed-then-cross-source-prevalence-v1,resolved-third-party-learner-identity
klose,4,KV000422,held,,allowed,learning::klose::third-party-primary,002687,promote-held-to-allowed,1,1,2,preserve-existing-allowed-then-cross-source-prevalence-v1,resolved-third-party-learner-identity
klose,4,KV000423,allowed,000005,allowed,learning::klose::third-party-primary,000005,preserve-allowed,20,20,1,preserve-existing-allowed-then-cross-source-prevalence-v1,already-admitted-current-curriculum
klose,4,KV000425,allowed,000003,allowed,learning::klose::third-party-primary,000003,preserve-allowed,20,24,1,preserve-existing-allowed-then-cross-source-prevalence-v1,already-admitted-current-curriculum
klose,4,KV000426,held,,allowed,learning::klose::third-party-primary,001307,promote-held-to-allowed,4,4,2,preserve-existing-allowed-then-cross-source-prevalence-v1,resolved-third-party-learner-identity
klose,4,KV000427,allowed,000058,allowed,learning::klose::third-party-primary,000058,preserve-allowed,5,5,2,preserve-existing-allowed-then-cross-source-prevalence-v1,already-admitted-current-curriculum
klose,4,KV000428,held,,allowed,learning::klose::third-party-primary,001823,promote-held-to-allowed,2,2,2,preserve-existing-allowed-then-cross-source-prevalence-v1,resolved-third-party-learner-identity
klose,4,KV000429,allowed,000004,allowed,learning::klose::third-party-primary,000004,preserve-allowed,19,21,1,preserve-existing-allowed-then-cross-source-prevalence-v1,already-admitted-current-curriculum
klose,4,KV000430,held,,allowed,learning::klose::third-party-primary,000801,promote-held-to-allowed,16,17,1,preserve-existing-allowed-then-cross-source-prevalence-v1,resolved-third-party-learner-identity
klose,4,KV000431,held,,allowed,learning::klose::third-party-primary,001840,promote-held-to-allowed,2,2,3,preserve-existing-allowed-then-cross-source-prevalence-v1,resolved-third-party-learner-identity
klose,4,KV000432,held,,allowed,learning::klose::third-party-primary,000789,promote-held-to-allowed,16,21,1,preserve-existing-allowed-then-cross-source-prevalence-v1,resolved-third-party-learner-identity
klose,4,KV000433,allowed,000002,allowed,learning::klose::third-party-primary,000002,preserve-allowed,10,12,1,preserve-existing-allowed-then-cross-source-prevalence-v1,already-admitted-current-curriculum
klose,4,KV000434,held,,allowed,learning::klose::third-party-primary,000963,promote-held-to-allowed,9,9,1,preserve-existing-allowed-then-cross-source-prevalence-v1,resolved-third-party-learner-identity
klose,4,KV000435,allowed,000018,allowed,learning::klose::third-party-primary,000018,preserve-allowed,17,18,1,preserve-existing-allowed-then-cross-source-prevalence-v1,already-admitted-current-curriculum
klose,4,KV000436,allowed,000448,allowed,learning::klose::third-party-primary,000448,preserve-allowed,13,15,1,preserve-existing-allowed-then-cross-source-prevalence-v1,already-admitted-current-curriculum
klose,4,KV000437,allowed,000168,allowed,learning::klose::third-party-primary,000168,preserve-allowed,9,10,1,preserve-existing-allowed-then-cross-source-prevalence-v1,already-admitted-current-curriculum
klose,4,KV000438,held,,allowed,learning::klose::third-party-primary,001098,promote-held-to-allowed,6,6,1,preserve-existing-allowed-then-cross-source-prevalence-v1,resolved-third-party-learner-identity
klose,4,KV000440,held,,allowed,learning::klose::third-party-primary,001765,promote-held-to-allowed,2,2,2,preserve-existing-allowed-then-cross-source-prevalence-v1,resolved-third-party-learner-identity
klose,4,KV000441,held,,allowed,learning::klose::third-party-primary,000863,promote-held-to-allowed,14,14,2,preserve-existing-allowed-then-cross-source-prevalence-v1,resolved-third-party-learner-identity
klose,4,KV000442,held,,allowed,learning::klose::third-party-primary,000803,promote-held-to-allowed,16,16,1,preserve-existing-allowed-then-cross-source-prevalence-v1,resolved-third-party-learner-identity
klose,4,KV000443,allowed,000467,allowed,learning::klose::third-party-primary,000467,preserve-allowed,14,15,1,preserve-existing-allowed-then-cross-source-prevalence-v1,already-admitted-current-curriculum
klose,4,KV000444,held,,allowed,learning::klose::third-party-primary,000943,promote-held-to-allowed,10,10,2,preserve-existing-allowed-then-cross-source-prevalence-v1,resolved-third-party-learner-identity
klose,4,KV000445,held,,allowed,learning::klose::third-party-primary,001010,promote-held-to-allowed,7,8,1,preserve-existing-allowed-then-cross-source-prevalence-v1,resolved-third-party-learner-identity
klose,4,KV000447,held,,allowed,learning::klose::third-party-primary,001119,promote-held-to-allowed,6,6,2,preserve-existing-allowed-then-cross-source-prevalence-v1,resolved-third-party-learner-identity
klose,4,KV000448,held,,allowed,learning::klose::third-party-primary,001121,promote-held-to-allowed,6,6,2,preserve-existing-allowed-then-cross-source-prevalence-v1,resolved-third-party-learner-identity
klose,4,KV000449,held,,allowed,learning::klose::third-party-primary,001314,promote-held-to-allowed,4,4,2,preserve-existing-allowed-then-cross-source-prevalence-v1,resolved-third-party-learner-identity
klose,4,KV000450,held,,allowed,learning::klose::third-party-primary,002017,promote-held-to-allowed,1,1,1,preserve-existing-allowed-then-cross-source-prevalence-v1,resolved-third-party-learner-identity
klose,4,KV000451,held,,allowed,learning::klose::third-party-primary,001395,promote-held-to-allowed,3,3,1,preserve-existing-allowed-then-cross-source-prevalence-v1,resolved-third-party-learner-identity
klose,4,KV000452,allowed,000455,allowed,learning::klose::third-party-primary,000455,preserve-allowed,12,15,1,preserve-existing-allowed-then-cross-source-prevalence-v1,already-admitted-current-curriculum
klose,4,KV000454,allowed,000515,allowed,learning::klose::third-party-primary,000515,preserve-allowed,10,10,1,preserve-existing-allowed-then-cross-source-prevalence-v1,already-admitted-current-curriculum
klose,4,KV000455,held,,allowed,learning::klose::third-party-primary,001072,promote-held-to-allowed,6,7,2,preserve-existing-allowed-then-cross-source-prevalence-v1,resolved-third-party-learner-identity
klose,4,KV000456,allowed,000336,allowed,learning::klose::third-party-primary,000336,preserve-allowed,17,19,1,preserve-existing-allowed-then-cross-source-prevalence-v1,already-admitted-current-curriculum
klose,4,KV000457,held,,allowed,learning::klose::third-party-primary,000948,promote-held-to-allowed,9,11,1,preserve-existing-allowed-then-cross-source-prevalence-v1,resolved-third-party-learner-identity
klose,4,KV000458,held,,allowed,learning::klose::third-party-primary,000797,promote-held-to-allowed,16,18,1,preserve-existing-allowed-then-cross-source-prevalence-v1,resolved-third-party-learner-identity
klose,4,KV000459,held,,allowed,learning::klose::third-party-primary,000826,promote-held-to-allowed,15,16,1,preserve-existing-allowed-then-cross-source-prevalence-v1,resolved-third-party-learner-identity
klose,4,KV000460,held,,allowed,learning::klose::third-party-primary,002713,promote-held-to-allowed,1,1,2,preserve-existing-allowed-then-cross-source-prevalence-v1,resolved-third-party-learner-identity
klose,4,KV000461,allowed,000326,allowed,learning::klose::third-party-primary,000326,preserve-allowed,9,10,1,preserve-existing-allowed-then-cross-source-prevalence-v1,already-admitted-current-curriculum
klose,4,KV000463,held,,allowed,learning::klose::third-party-primary,002518,promote-held-to-allowed,1,1,2,preserve-existing-allowed-then-cross-source-prevalence-v1,resolved-third-party-learner-identity
klose,4,KV000464,held,,allowed,learning::klose::third-party-primary,001222,promote-held-to-allowed,5,5,3,preserve-existing-allowed-then-cross-source-prevalence-v1,resolved-third-party-learner-identity
klose,4,KV000465,held,,allowed,learning::klose::third-party-primary,001313,promote-held-to-allowed,4,4,2,preserve-existing-allowed-then-cross-source-prevalence-v1,resolved-third-party-learner-identity
klose,4,KV000466,allowed,000008,allowed,learning::klose::third-party-primary,000008,preserve-allowed,18,19,1,preserve-existing-allowed-then-cross-source-prevalence-v1,already-admitted-current-curriculum
klose,4,KV000467,held,,allowed,learning::klose::third-party-primary,001046,promote-held-to-allowed,7,7,1,preserve-existing-allowed-then-cross-source-prevalence-v1,resolved-third-party-learner-identity
klose,4,KV000468,allowed,000048,allowed,learning::klose::third-party-primary,000048,preserve-allowed,15,15,1,preserve-existing-allowed-then-cross-source-prevalence-v1,already-admitted-current-curriculum
klose,4,KV000469,allowed,000386,allowed,learning::klose::third-party-primary,000386,preserve-allowed,14,15,1,preserve-existing-allowed-then-cross-source-prevalence-v1,already-admitted-current-curriculum
klose,4,KV000470,allowed,000599,allowed,learning::klose::third-party-primary,000599,preserve-allowed,15,21,1,preserve-existing-allowed-then-cross-source-prevalence-v1,already-admitted-current-curriculum
klose,4,KV000471,allowed,000537,allowed,learning::klose::third-party-primary,000537,preserve-allowed,18,22,1,preserve-existing-allowed-then-cross-source-prevalence-v1,already-admitted-current-curriculum
klose,4,KV000472,held,,allowed,learning::klose::third-party-primary,001091,promote-held-to-allowed,6,6,1,preserve-existing-allowed-then-cross-source-prevalence-v1,resolved-third-party-learner-identity
klose,4,KV000473,held,,allowed,learning::klose::third-party-primary,001568,promote-held-to-allowed,2,2,1,preserve-existing-allowed-then-cross-source-prevalence-v1,resolved-third-party-learner-identity
klose,4,KV000474,held,,allowed,learning::klose::third-party-primary,001073,promote-held-to-allowed,6,7,2,preserve-existing-allowed-then-cross-source-prevalence-v1,resolved-third-party-learner-identity
klose,4,KV000475,held,,allowed,learning::klose::third-party-primary,000752,promote-held-to-allowed,18,19,1,preserve-existing-allowed-then-cross-source-prevalence-v1,resolved-third-party-learner-identity
klose,4,KV000477,held,,allowed,learning::klose::third-party-primary,000889,promote-held-to-allowed,12,12,1,preserve-existing-allowed-then-cross-source-prevalence-v1,resolved-third-party-learner-identity
klose,4,KV000478,held,,allowed,learning::klose::third-party-primary,000965,promote-held-to-allowed,9,9,1,preserve-existing-allowed-then-cross-source-prevalence-v1,resolved-third-party-learner-identity
klose,4,KV000479,held,,allowed,learning::klose::third-party-primary,002555,promote-held-to-allowed,1,1,2,preserve-existing-allowed-then-cross-source-prevalence-v1,resolved-third-party-learner-identity
klose,4,KV000480,held,,allowed,learning::klose::third-party-primary,002889,promote-held-to-allowed,1,1,4,preserve-existing-allowed-then-cross-source-prevalence-v1,resolved-third-party-learner-identity
klose,4,KV000481,held,,allowed,learning::klose::third-party-primary,002762,promote-held-to-allowed,1,1,2,preserve-existing-allowed-then-cross-source-prevalence-v1,resolved-third-party-learner-identity
klose,4,KV000482,held,,allowed,learning::klose::third-party-primary,001533,promote-held-to-allowed,2,3,3,preserve-existing-allowed-then-cross-source-prevalence-v1,resolved-third-party-learner-identity
klose,4,KV000483,allowed,000394,allowed,learning::klose::third-party-primary,000394,preserve-allowed,7,7,3,preserve-existing-allowed-then-cross-source-prevalence-v1,already-admitted-current-curriculum
klose,4,KV000484,held,,allowed,learning::klose::third-party-primary,002724,promote-held-to-allowed,1,1,2,preserve-existing-allowed-then-cross-source-prevalence-v1,resolved-third-party-learner-identity
klose,4,KV000485,held,,allowed,learning::klose::third-party-primary,000770,promote-held-to-allowed,17,19,1,preserve-existing-allowed-then-cross-source-prevalence-v1,resolved-third-party-learner-identity
klose,4,KV000486,held,,allowed,learning::klose::third-party-primary,001679,promote-held-to-allowed,2,2,1,preserve-existing-allowed-then-cross-source-prevalence-v1,resolved-third-party-learner-identity
klose,4,KV000487,held,,allowed,learning::klose::third-party-primary,002375,promote-held-to-allowed,1,1,1,preserve-existing-allowed-then-cross-source-prevalence-v1,resolved-third-party-learner-identity
klose,4,KV000488,held,,allowed,learning::klose::third-party-primary,002372,promote-held-to-allowed,1,1,1,preserve-existing-allowed-then-cross-source-prevalence-v1,resolved-third-party-learner-identity
klose,4,KV000489,allowed,000347,allowed,learning::klose::third-party-primary,000347,preserve-allowed,3,3,1,preserve-existing-allowed-then-cross-source-prevalence-v1,already-admitted-current-curriculum
klose,4,KV000493,allowed,000314,allowed,learning::klose::third-party-primary,000314,preserve-allowed,12,12,1,preserve-existing-allowed-then-cross-source-prevalence-v1,already-admitted-current-curriculum
klose,4,KV000494,held,,allowed,learning::klose::third-party-primary,000868,promote-held-to-allowed,13,14,1,preserve-existing-allowed-then-cross-source-prevalence-v1,resolved-third-party-learner-identity
klose,4,KV000495,held,,allowed,learning::klose::third-party-primary,001009,promote-held-to-allowed,7,9,1,preserve-existing-allowed-then-cross-source-prevalence-v1,resolved-third-party-learner-identity
klose,4,KV000496,held,,allowed,learning::klose::third-party-primary,000877,promote-held-to-allowed,12,14,1,preserve-existing-allowed-then-cross-source-prevalence-v1,resolved-third-party-learner-identity
klose,4,KV000497,held,,allowed,learning::klose::third-party-primary,002871,promote-held-to-allowed,1,1,4,preserve-existing-allowed-then-cross-source-prevalence-v1,resolved-third-party-learner-identity
klose,4,KV000498,held,,allowed,learning::klose::third-party-primary,001507,promote-held-to-allowed,3,3,3,preserve-existing-allowed-then-cross-source-prevalence-v1,resolved-third-party-learner-identity
klose,4,KV000499,held,,allowed,learning::klose::third-party-primary,001210,promote-held-to-allowed,5,5,2,preserve-existing-allowed-then-cross-source-prevalence-v1,resolved-third-party-learner-identity
klose,4,KV000500,allowed,000601,allowed,learning::klose::third-party-primary,000601,preserve-allowed,3,3,2,preserve-existing-allowed-then-cross-source-prevalence-v1,already-admitted-current-curriculum
klose,4,KV000501,held,,allowed,learning::klose::third-party-primary,002799,promote-held-to-allowed,1,1,3,preserve-existing-allowed-then-cross-source-prevalence-v1,resolved-third-party-learner-identity
klose,4,KV000502,allowed,000295,allowed,learning::klose::third-party-primary,000295,preserve-allowed,7,8,1,preserve-existing-allowed-then-cross-source-prevalence-v1,already-admitted-current-curriculum
klose,4,KV000503,held,,allowed,learning::klose::third-party-primary,000818,promote-held-to-allowed,15,18,1,preserve-existing-allowed-then-cross-source-prevalence-v1,resolved-third-party-learner-identity
klose,4,KV000504,held,,allowed,learning::klose::third-party-primary,002820,promote-held-to-allowed,1,1,3,preserve-existing-allowed-then-cross-source-prevalence-v1,resolved-third-party-learner-identity
klose,4,KV000505,held,,allowed,learning::klose::third-party-primary,002858,promote-held-to-allowed,1,1,3,preserve-existing-allowed-then-cross-source-prevalence-v1,resolved-third-party-learner-identity
klose,4,KV000506,held,,allowed,learning::klose::third-party-primary,002887,promote-held-to-allowed,1,1,4,preserve-existing-allowed-then-cross-source-prevalence-v1,resolved-third-party-learner-identity
klose,4,KV000507,held,,allowed,learning::klose::third-party-primary,000885,promote-held-to-allowed,12,12,1,preserve-existing-allowed-then-cross-source-prevalence-v1,resolved-third-party-learner-identity
klose,4,KV000508,allowed,000239,allowed,learning::klose::third-party-primary,000239,preserve-allowed,11,11,1,preserve-existing-allowed-then-cross-source-prevalence-v1,already-admitted-current-curriculum
klose,4,KV000509,held,,allowed,learning::klose::third-party-primary,001118,promote-held-to-allowed,6,6,2,preserve-existing-allowed-then-cross-source-prevalence-v1,resolved-third-party-learner-identity
klose,4,KV000510,held,,allowed,learning::klose::third-party-primary,001142,promote-held-to-allowed,5,6,2,preserve-existing-allowed-then-cross-source-prevalence-v1,resolved-third-party-learner-identity
klose,4,KV000511,held,,allowed,learning::klose::third-party-primary,000749,promote-held-to-allowed,18,19,1,preserve-existing-allowed-then-cross-source-prevalence-v1,resolved-third-party-learner-identity
klose,4,KV000512,held,,allowed,learning::klose::third-party-primary,001259,promote-held-to-allowed,4,4,1,preserve-existing-allowed-then-cross-source-prevalence-v1,resolved-third-party-learner-identity
klose,4,KV000513,held,,allowed,learning::klose::third-party-primary,002623,promote-held-to-allowed,1,1,2,preserve-existing-allowed-then-cross-source-prevalence-v1,resolved-third-party-learner-identity
klose,4,KV000514,held,,allowed,learning::klose::third-party-primary,001204,promote-held-to-allowed,5,5,2,preserve-existing-allowed-then-cross-source-prevalence-v1,resolved-third-party-learner-identity
klose,4,KV000515,held,,allowed,learning::klose::third-party-primary,001367,promote-held-to-allowed,3,3,1,preserve-existing-allowed-then-cross-source-prevalence-v1,resolved-third-party-learner-identity
klose,4,KV000516,held,,allowed,learning::klose::third-party-primary,001560,promote-held-to-allowed,2,2,1,preserve-existing-allowed-then-cross-source-prevalence-v1,resolved-third-party-learner-identity
klose,4,KV000517,held,,allowed,learning::klose::third-party-primary,000881,promote-held-to-allowed,12,13,1,preserve-existing-allowed-then-cross-source-prevalence-v1,resolved-third-party-learner-identity
klose,4,KV000518,held,,allowed,learning::klose::third-party-primary,000819,promote-held-to-allowed,15,17,1,preserve-existing-allowed-then-cross-source-prevalence-v1,resolved-third-party-learner-identity
klose,4,KV000519,allowed,000226,allowed,learning::klose::third-party-primary,000226,preserve-allowed,16,16,1,preserve-existing-allowed-then-cross-source-prevalence-v1,already-admitted-current-curriculum
klose,4,KV000520,,,allowed,learning::klose::third-party-primary,001564,add-allowed,2,2,1,preserve-existing-allowed-then-cross-source-prevalence-v1,resolved-third-party-learner-identity
klose,4,KV000521,,,allowed,learning::klose::third-party-primary,001407,add-allowed,3,3,1,preserve-existing-allowed-then-cross-source-prevalence-v1,resolved-third-party-learner-identity
klose,4,KV000522,allowed,000025,allowed,learning::klose::third-party-primary,000025,preserve-allowed,11,12,1,preserve-existing-allowed-then-cross-source-prevalence-v1,already-admitted-current-curriculum
klose,4,KV000523,,,allowed,learning::klose::third-party-primary,000958,add-allowed,9,9,1,preserve-existing-allowed-then-cross-source-prevalence-v1,resolved-third-party-learner-identity
klose,4,KV000525,allowed,000623,allowed,learning::klose::third-party-primary,000623,preserve-allowed,5,5,1,preserve-existing-allowed-then-cross-source-prevalence-v1,already-admitted-current-curriculum
klose,4,KV000526,,,allowed,learning::klose::third-party-primary,001665,add-allowed,2,2,1,preserve-existing-allowed-then-cross-source-prevalence-v1,resolved-third-party-learner-identity
klose,4,KV000527,,,allowed,learning::klose::third-party-primary,000830,add-allowed,15,16,1,preserve-existing-allowed-then-cross-source-prevalence-v1,resolved-third-party-learner-identity
klose,4,KV000528,allowed,000369,allowed,learning::klose::third-party-primary,000369,preserve-allowed,19,21,1,preserve-existing-allowed-then-cross-source-prevalence-v1,already-admitted-current-curriculum
klose,4,KV000529,,,allowed,learning::klose::third-party-primary,000748,add-allowed,18,19,1,preserve-existing-allowed-then-cross-source-prevalence-v1,resolved-third-party-learner-identity
klose,4,KV000530,allowed,000266,allowed,learning::klose::third-party-primary,000266,preserve-allowed,20,21,1,preserve-existing-allowed-then-cross-source-prevalence-v1,already-admitted-current-curriculum
klose,4,KV000531,,,allowed,learning::klose::third-party-primary,001349,add-allowed,3,3,1,preserve-existing-allowed-then-cross-source-prevalence-v1,resolved-third-party-learner-identity
klose,4,KV000532,,,allowed,learning::klose::third-party-primary,000924,add-allowed,10,12,1,preserve-existing-allowed-then-cross-source-prevalence-v1,resolved-third-party-learner-identity
klose,4,KV000534,,,allowed,learning::klose::third-party-primary,001832,add-allowed,2,2,2,preserve-existing-allowed-then-cross-source-prevalence-v1,resolved-third-party-learner-identity
klose,4,KV000535,,,allowed,learning::klose::third-party-primary,001704,add-allowed,2,2,1,preserve-existing-allowed-then-cross-source-prevalence-v1,resolved-third-party-learner-identity
klose,4,KV000536,,,allowed,learning::klose::third-party-primary,002024,add-allowed,1,1,1,preserve-existing-allowed-then-cross-source-prevalence-v1,resolved-third-party-learner-identity
klose,4,KV000537,,,allowed,learning::klose::third-party-primary,000966,add-allowed,9,9,1,preserve-existing-allowed-then-cross-source-prevalence-v1,resolved-third-party-learner-identity
klose,4,KV000538,,,allowed,learning::klose::third-party-primary,000731,add-allowed,18,22,1,preserve-existing-allowed-then-cross-source-prevalence-v1,resolved-third-party-learner-identity
klose,4,KV000539,allowed,000227,allowed,learning::klose::third-party-primary,000227,preserve-allowed,19,24,1,preserve-existing-allowed-then-cross-source-prevalence-v1,already-admitted-current-curriculum
klose,4,KV000540,,,allowed,learning::klose::third-party-primary,000935,add-allowed,10,10,1,preserve-existing-allowed-then-cross-source-prevalence-v1,resolved-third-party-learner-identity
klose,4,KV000541,,,allowed,learning::klose::third-party-primary,000928,add-allowed,10,11,1,preserve-existing-allowed-then-cross-source-prevalence-v1,resolved-third-party-learner-identity
klose,4,KV000542,,,allowed,learning::klose::third-party-primary,000778,add-allowed,17,17,1,preserve-existing-allowed-then-cross-source-prevalence-v1,resolved-third-party-learner-identity
klose,4,KV000543,,,allowed,learning::klose::third-party-primary,000704,add-allowed,19,20,1,preserve-existing-allowed-then-cross-source-prevalence-v1,resolved-third-party-learner-identity
klose,4,KV000544,,,allowed,learning::klose::third-party-primary,000652,add-allowed,20,23,1,preserve-existing-allowed-then-cross-source-prevalence-v1,resolved-third-party-learner-identity
klose,4,KV000545,allowed,000192,allowed,learning::klose::third-party-primary,000192,preserve-allowed,16,16,1,preserve-existing-allowed-then-cross-source-prevalence-v1,already-admitted-current-curriculum
klose,4,KV000546,allowed,000191,allowed,learning::klose::third-party-primary,000191,preserve-allowed,18,19,1,preserve-existing-allowed-then-cross-source-prevalence-v1,already-admitted-current-curriculum
klose,4,KV000547,allowed,000194,allowed,learning::klose::third-party-primary,000194,preserve-allowed,15,16,1,preserve-existing-allowed-then-cross-source-prevalence-v1,already-admitted-current-curriculum
klose,4,KV000548,allowed,000193,allowed,learning::klose::third-party-primary,000193,preserve-allowed,16,17,1,preserve-existing-allowed-then-cross-source-prevalence-v1,already-admitted-current-curriculum
klose,4,KV000549,allowed,000197,allowed,learning::klose::third-party-primary,000197,preserve-allowed,7,8,1,preserve-existing-allowed-then-cross-source-prevalence-v1,already-admitted-current-curriculum
klose,4,KV000550,,,allowed,learning::klose::third-party-primary,000808,add-allowed,16,16,1,preserve-existing-allowed-then-cross-source-prevalence-v1,resolved-third-party-learner-identity
klose,4,KV000551,,,allowed,learning::klose::third-party-primary,000706,add-allowed,19,20,1,preserve-existing-allowed-then-cross-source-prevalence-v1,resolved-third-party-learner-identity
klose,4,KV000552,allowed,000053,allowed,learning::klose::third-party-primary,000053,preserve-allowed,16,16,1,preserve-existing-allowed-then-cross-source-prevalence-v1,already-admitted-current-curriculum
klose,4,KV000553,allowed,000225,allowed,learning::klose::third-party-primary,000225,preserve-allowed,15,15,1,preserve-existing-allowed-then-cross-source-prevalence-v1,already-admitted-current-curriculum
klose,4,KV000554,,,allowed,learning::klose::third-party-primary,001150,add-allowed,5,5,1,preserve-existing-allowed-then-cross-source-prevalence-v1,resolved-third-party-learner-identity
klose,4,KV000555,,,allowed,learning::klose::third-party-primary,002560,add-allowed,1,1,2,preserve-existing-allowed-then-cross-source-prevalence-v1,resolved-third-party-learner-identity
klose,4,KV000556,,,allowed,learning::klose::third-party-primary,002666,add-allowed,1,1,2,preserve-existing-allowed-then-cross-source-prevalence-v1,resolved-third-party-learner-identity
klose,4,KV000557,,,allowed,learning::klose::third-party-primary,002867,add-allowed,1,1,4,preserve-existing-allowed-then-cross-source-prevalence-v1,resolved-third-party-learner-identity
klose,4,KV000558,,,allowed,learning::klose::third-party-primary,000979,add-allowed,8,9,2,preserve-existing-allowed-then-cross-source-prevalence-v1,resolved-third-party-learner-identity
klose,4,KV000559,,,allowed,learning::klose::third-party-primary,002863,add-allowed,1,1,4,preserve-existing-allowed-then-cross-source-prevalence-v1,resolved-third-party-learner-identity
klose,4,KV000561,allowed,000023,allowed,learning::klose::third-party-primary,000023,preserve-allowed,16,16,1,preserve-existing-allowed-then-cross-source-prevalence-v1,already-admitted-current-curriculum
klose,4,KV000562,,,allowed,learning::klose::third-party-primary,002341,add-allowed,1,1,1,preserve-existing-allowed-then-cross-source-prevalence-v1,resolved-third-party-learner-identity
klose,4,KV000563,,,allowed,learning::klose::third-party-primary,000743,add-allowed,18,20,1,preserve-existing-allowed-then-cross-source-prevalence-v1,resolved-third-party-learner-identity
klose,4,KV000565,,,allowed,learning::klose::third-party-primary,000978,add-allowed,8,9,2,preserve-existing-allowed-then-cross-source-prevalence-v1,resolved-third-party-learner-identity
klose,4,KV000566,allowed,000238,allowed,learning::klose::third-party-primary,000238,preserve-allowed,16,16,1,preserve-existing-allowed-then-cross-source-prevalence-v1,already-admitted-current-curriculum
klose,4,KV000567,,,allowed,learning::klose::third-party-primary,001063,add-allowed,6,7,1,preserve-existing-allowed-then-cross-source-prevalence-v1,resolved-third-party-learner-identity
klose,4,KV000569,,,allowed,learning::klose::third-party-primary,002642,add-allowed,1,1,2,preserve-existing-allowed-then-cross-source-prevalence-v1,resolved-third-party-learner-identity
klose,4,KV000570,,,allowed,learning::klose::third-party-primary,002641,add-allowed,1,1,2,preserve-existing-allowed-then-cross-source-prevalence-v1,resolved-third-party-learner-identity
klose,4,KV000571,allowed,000010,allowed,learning::klose::third-party-primary,000010,preserve-allowed,2,2,1,preserve-existing-allowed-then-cross-source-prevalence-v1,already-admitted-current-curriculum
klose,4,KV000572,allowed,000343,allowed,learning::klose::third-party-primary,000343,preserve-allowed,1,1,3,preserve-existing-allowed-then-cross-source-prevalence-v1,already-admitted-current-curriculum
klose,4,KV000573,allowed,000061,allowed,learning::klose::third-party-primary,000061,preserve-allowed,4,4,3,preserve-existing-allowed-then-cross-source-prevalence-v1,already-admitted-current-curriculum
klose,4,KV000574,,,allowed,learning::klose::third-party-primary,002883,add-allowed,1,1,4,preserve-existing-allowed-then-cross-source-prevalence-v1,resolved-third-party-learner-identity
klose,4,KV000575,,,allowed,learning::klose::third-party-primary,001530,add-allowed,2,3,2,preserve-existing-allowed-then-cross-source-prevalence-v1,resolved-third-party-learner-identity
klose,4,KV000576,,,allowed,learning::klose::third-party-primary,002857,add-allowed,1,1,3,preserve-existing-allowed-then-cross-source-prevalence-v1,resolved-third-party-learner-identity
klose,4,KV000577,,,allowed,learning::klose::third-party-primary,001508,add-allowed,3,3,3,preserve-existing-allowed-then-cross-source-prevalence-v1,resolved-third-party-learner-identity
klose,4,KV000578,allowed,000509,allowed,learning::klose::third-party-primary,000509,preserve-allowed,18,24,1,preserve-existing-allowed-then-cross-source-prevalence-v1,already-admitted-current-curriculum
klose,4,KV000579,,,allowed,learning::klose::third-party-primary,001218,add-allowed,5,5,2,preserve-existing-allowed-then-cross-source-prevalence-v1,resolved-third-party-learner-identity
klose,4,KV000580,,,allowed,learning::klose::third-party-primary,000852,add-allowed,14,15,1,preserve-existing-allowed-then-cross-source-prevalence-v1,resolved-third-party-learner-identity
klose,4,KV000581,,,allowed,learning::klose::third-party-primary,000781,add-allowed,17,17,1,preserve-existing-allowed-then-cross-source-prevalence-v1,resolved-third-party-learner-identity
klose,4,KV000582,allowed,000279,allowed,learning::klose::third-party-primary,000279,preserve-allowed,18,18,1,preserve-existing-allowed-then-cross-source-prevalence-v1,already-admitted-current-curriculum
klose,4,KV000583,allowed,000009,allowed,learning::klose::third-party-primary,000009,preserve-allowed,19,20,1,preserve-existing-allowed-then-cross-source-prevalence-v1,already-admitted-current-curriculum
klose,4,KV000585,,,allowed,learning::klose::third-party-primary,001001,add-allowed,8,8,1,preserve-existing-allowed-then-cross-source-prevalence-v1,resolved-third-party-learner-identity
klose,4,KV000586,,,allowed,learning::klose::third-party-primary,000836,add-allowed,15,15,1,preserve-existing-allowed-then-cross-source-prevalence-v1,resolved-third-party-learner-identity
klose,4,KV000587,,,allowed,learning::klose::third-party-primary,000930,add-allowed,10,11,1,preserve-existing-allowed-then-cross-source-prevalence-v1,resolved-third-party-learner-identity
klose,4,KV000588,allowed,000059,allowed,learning::klose::third-party-primary,000059,preserve-allowed,10,11,3,preserve-existing-allowed-then-cross-source-prevalence-v1,already-admitted-current-curriculum
klose,4,KV000589,,,allowed,learning::klose::third-party-primary,001422,add-allowed,3,3,1,preserve-existing-allowed-then-cross-source-prevalence-v1,resolved-third-party-learner-identity
klose,4,KV000590,allowed,000257,allowed,learning::klose::third-party-primary,000257,preserve-allowed,18,20,1,preserve-existing-allowed-then-cross-source-prevalence-v1,already-admitted-current-curriculum
klose,4,KV000591,,,allowed,learning::klose::third-party-primary,002198,add-allowed,1,1,1,preserve-existing-allowed-then-cross-source-prevalence-v1,resolved-third-party-learner-identity
klose,4,KV000592,,,allowed,learning::klose::third-party-primary,001340,add-allowed,3,3,1,preserve-existing-allowed-then-cross-source-prevalence-v1,resolved-third-party-learner-identity
klose,4,KV000593,,,allowed,learning::klose::third-party-primary,000865,add-allowed,13,16,1,preserve-existing-allowed-then-cross-source-prevalence-v1,resolved-third-party-learner-identity
klose,4,KV000594,,,allowed,learning::klose::third-party-primary,001512,add-allowed,3,3,4,preserve-existing-allowed-then-cross-source-prevalence-v1,resolved-third-party-learner-identity
klose,4,KV000595,,,allowed,learning::klose::third-party-primary,001509,add-allowed,3,3,3,preserve-existing-allowed-then-cross-source-prevalence-v1,resolved-third-party-learner-identity
klose,4,KV000596,,,allowed,learning::klose::third-party-primary,001123,add-allowed,6,6,3,preserve-existing-allowed-then-cross-source-prevalence-v1,resolved-third-party-learner-identity
klose,4,KV000597,,,allowed,learning::klose::third-party-primary,001008,add-allowed,8,8,3,preserve-existing-allowed-then-cross-source-prevalence-v1,resolved-third-party-learner-identity
klose,4,KV000598,,,allowed,learning::klose::third-party-primary,001501,add-allowed,3,3,3,preserve-existing-allowed-then-cross-source-prevalence-v1,resolved-third-party-learner-identity
klose,4,KV000599,,,allowed,learning::klose::third-party-primary,001321,add-allowed,4,4,2,preserve-existing-allowed-then-cross-source-prevalence-v1,resolved-third-party-learner-identity
klose,4,KV000600,allowed,000396,allowed,learning::klose::third-party-primary,000396,preserve-allowed,6,6,2,preserve-existing-allowed-then-cross-source-prevalence-v1,already-admitted-current-curriculum
klose,4,KV000601,,,allowed,learning::klose::third-party-primary,001776,add-allowed,2,2,2,preserve-existing-allowed-then-cross-source-prevalence-v1,resolved-third-party-learner-identity
klose,4,KV000602,allowed,000408,allowed,learning::klose::third-party-primary,000408,preserve-allowed,10,11,1,preserve-existing-allowed-then-cross-source-prevalence-v1,already-admitted-current-curriculum
klose,4,KV000604,,,allowed,learning::klose::third-party-primary,001136,add-allowed,5,6,1,preserve-existing-allowed-then-cross-source-prevalence-v1,resolved-third-party-learner-identity
klose,4,KV000606,allowed,000409,allowed,learning::klose::third-party-primary,000409,preserve-allowed,6,7,1,preserve-existing-allowed-then-cross-source-prevalence-v1,already-admitted-current-curriculum
klose,4,KV000608,,,allowed,learning::klose::third-party-primary,001529,add-allowed,2,3,2,preserve-existing-allowed-then-cross-source-prevalence-v1,resolved-third-party-learner-identity
klose,4,KV000611,,,allowed,learning::klose::third-party-primary,002814,add-allowed,1,1,3,preserve-existing-allowed-then-cross-source-prevalence-v1,resolved-third-party-learner-identity
klose,4,KV000612,,,allowed,learning::klose::third-party-primary,001238,add-allowed,4,4,1,preserve-existing-allowed-then-cross-source-prevalence-v1,resolved-third-party-learner-identity
klose,4,KV000613,,,allowed,learning::klose::third-party-primary,001325,add-allowed,4,4,3,preserve-existing-allowed-then-cross-source-prevalence-v1,resolved-third-party-learner-identity
klose,4,KV000614,,,allowed,learning::klose::third-party-primary,000929,add-allowed,10,11,1,preserve-existing-allowed-then-cross-source-prevalence-v1,resolved-third-party-learner-identity
klose,4,KV000615,allowed,000017,allowed,learning::klose::third-party-primary,000017,preserve-allowed,16,17,1,preserve-existing-allowed-then-cross-source-prevalence-v1,already-admitted-current-curriculum
klose,4,KV000616,allowed,000415,allowed,learning::klose::third-party-primary,000415,preserve-allowed,8,9,1,preserve-existing-allowed-then-cross-source-prevalence-v1,already-admitted-current-curriculum
klose,4,KV000617,,,allowed,learning::klose::third-party-primary,002832,add-allowed,1,1,3,preserve-existing-allowed-then-cross-source-prevalence-v1,resolved-third-party-learner-identity
klose,4,KV000618,,,allowed,learning::klose::third-party-primary,001857,add-allowed,2,2,3,preserve-existing-allowed-then-cross-source-prevalence-v1,resolved-third-party-learner-identity
klose,4,KV000619,,,allowed,learning::klose::third-party-primary,001860,add-allowed,2,2,4,preserve-existing-allowed-then-cross-source-prevalence-v1,resolved-third-party-learner-identity
klose,4,KV000620,,,allowed,learning::klose::third-party-primary,002881,add-allowed,1,1,4,preserve-existing-allowed-then-cross-source-prevalence-v1,resolved-third-party-learner-identity
klose,4,KV000621,,,allowed,learning::klose::third-party-primary,002813,add-allowed,1,1,3,preserve-existing-allowed-then-cross-source-prevalence-v1,resolved-third-party-learner-identity
klose,4,KV000622,,,allowed,learning::klose::third-party-primary,002879,add-allowed,1,1,4,preserve-existing-allowed-then-cross-source-prevalence-v1,resolved-third-party-learner-identity
klose,4,KV000623,allowed,000445,allowed,learning::klose::third-party-primary,000445,preserve-allowed,17,24,1,preserve-existing-allowed-then-cross-source-prevalence-v1,already-admitted-current-curriculum
klose,4,KV000624,,,allowed,learning::klose::third-party-primary,001842,add-allowed,2,2,3,preserve-existing-allowed-then-cross-source-prevalence-v1,resolved-third-party-learner-identity
klose,4,KV000625,,,allowed,learning::klose::third-party-primary,000986,add-allowed,8,8,1,preserve-existing-allowed-then-cross-source-prevalence-v1,resolved-third-party-learner-identity
klose,4,KV000626,,,allowed,learning::klose::third-party-primary,002572,add-allowed,1,1,2,preserve-existing-allowed-then-cross-source-prevalence-v1,resolved-third-party-learner-identity
klose,4,KV000640,,,allowed,learning::klose::third-party-primary,001061,add-allowed,6,7,1,preserve-existing-allowed-then-cross-source-prevalence-v1,resolved-third-party-learner-identity
klose,4,KV000641,allowed,000620,allowed,learning::klose::third-party-primary,000620,preserve-allowed,5,5,1,preserve-existing-allowed-then-cross-source-prevalence-v1,already-admitted-current-curriculum
klose,4,KV000647,,,allowed,learning::klose::third-party-primary,002851,add-allowed,1,1,3,preserve-existing-allowed-then-cross-source-prevalence-v1,resolved-third-party-learner-identity
klose,4,KV000653,allowed,000240,allowed,learning::klose::third-party-primary,000240,preserve-allowed,19,23,1,preserve-existing-allowed-then-cross-source-prevalence-v1,already-admitted-current-curriculum
klose,4,KV000655,,,allowed,learning::klose::third-party-primary,001311,add-allowed,4,4,2,preserve-existing-allowed-then-cross-source-prevalence-v1,resolved-third-party-learner-identity
klose,4,KV000664,,,allowed,learning::klose::third-party-primary,001229,add-allowed,4,5,1,preserve-existing-allowed-then-cross-source-prevalence-v1,resolved-third-party-learner-identity
klose,4,KV000669,,,allowed,learning::klose::third-party-primary,001767,add-allowed,2,2,2,preserve-existing-allowed-then-cross-source-prevalence-v1,resolved-third-party-learner-identity
klose,4,KV000670,,,allowed,learning::klose::third-party-primary,002656,add-allowed,1,1,2,preserve-existing-allowed-then-cross-source-prevalence-v1,resolved-third-party-learner-identity
klose,4,KV000671,allowed,000548,allowed,learning::klose::third-party-primary,000548,preserve-allowed,10,10,1,preserve-existing-allowed-then-cross-source-prevalence-v1,already-admitted-current-curriculum
klose,4,KV000672,allowed,000210,allowed,learning::klose::third-party-primary,000210,preserve-allowed,7,7,1,preserve-existing-allowed-then-cross-source-prevalence-v1,already-admitted-current-curriculum
klose,4,KV000673,allowed,000138,allowed,learning::klose::third-party-primary,000138,preserve-allowed,8,8,1,preserve-existing-allowed-then-cross-source-prevalence-v1,already-admitted-current-curriculum
klose,4,KV000674,,,allowed,learning::klose::third-party-primary,002633,add-allowed,1,1,2,preserve-existing-allowed-then-cross-source-prevalence-v1,resolved-third-party-learner-identity
klose,4,KV000675,,,allowed,learning::klose::third-party-primary,000715,add-allowed,19,19,1,preserve-existing-allowed-then-cross-source-prevalence-v1,resolved-third-party-learner-identity
klose,4,KV000676,,,allowed,learning::klose::third-party-primary,002850,add-allowed,1,1,3,preserve-existing-allowed-then-cross-source-prevalence-v1,resolved-third-party-learner-identity
klose,4,KV000677,,,allowed,learning::klose::third-party-primary,001855,add-allowed,2,2,3,preserve-existing-allowed-then-cross-source-prevalence-v1,resolved-third-party-learner-identity
klose,4,KV000678,,,allowed,learning::klose::third-party-primary,002852,add-allowed,1,1,3,preserve-existing-allowed-then-cross-source-prevalence-v1,resolved-third-party-learner-identity
klose,4,KV000679,allowed,000368,allowed,learning::klose::third-party-primary,000368,preserve-allowed,8,8,1,preserve-existing-allowed-then-cross-source-prevalence-v1,already-admitted-current-curriculum
klose,4,KV000681,,,allowed,learning::klose::third-party-primary,000800,add-allowed,16,17,1,preserve-existing-allowed-then-cross-source-prevalence-v1,resolved-third-party-learner-identity
klose,4,KV000682,,,allowed,learning::klose::third-party-primary,000972,add-allowed,8,9,1,preserve-existing-allowed-then-cross-source-prevalence-v1,resolved-third-party-learner-identity
klose,4,KV000683,,,allowed,learning::klose::third-party-primary,000976,add-allowed,8,9,1,preserve-existing-allowed-then-cross-source-prevalence-v1,resolved-third-party-learner-identity
klose,4,KV000684,,,allowed,learning::klose::third-party-primary,000957,add-allowed,9,9,1,preserve-existing-allowed-then-cross-source-prevalence-v1,resolved-third-party-learner-identity
klose,4,KV000685,,,allowed,learning::klose::third-party-primary,000942,add-allowed,10,10,1,preserve-existing-allowed-then-cross-source-prevalence-v1,resolved-third-party-learner-identity
klose,4,KV000686,allowed,000320,allowed,learning::klose::third-party-primary,000320,preserve-allowed,12,12,1,preserve-existing-allowed-then-cross-source-prevalence-v1,already-admitted-current-curriculum
klose,4,KV000687,,,allowed,learning::klose::third-party-primary,001435,add-allowed,3,3,1,preserve-existing-allowed-then-cross-source-prevalence-v1,resolved-third-party-learner-identity
klose,4,KV000689,,,allowed,learning::klose::third-party-primary,001856,add-allowed,2,2,3,preserve-existing-allowed-then-cross-source-prevalence-v1,resolved-third-party-learner-identity
klose,4,KV000690,,,allowed,learning::klose::third-party-primary,001594,add-allowed,2,2,1,preserve-existing-allowed-then-cross-source-prevalence-v1,resolved-third-party-learner-identity
klose,4,KV000691,,,allowed,learning::klose::third-party-primary,001426,add-allowed,3,3,1,preserve-existing-allowed-then-cross-source-prevalence-v1,resolved-third-party-learner-identity
klose,4,KV000693,allowed,000319,allowed,learning::klose::third-party-primary,000319,preserve-allowed,10,11,1,preserve-existing-allowed-then-cross-source-prevalence-v1,already-admitted-current-curriculum
klose,4,KV000694,,,allowed,learning::klose::third-party-primary,001429,add-allowed,3,3,1,preserve-existing-allowed-then-cross-source-prevalence-v1,resolved-third-party-learner-identity
klose,4,KV000695,,,allowed,learning::klose::third-party-primary,000936,add-allowed,10,10,1,preserve-existing-allowed-then-cross-source-prevalence-v1,resolved-third-party-learner-identity
klose,4,KV000696,,,allowed,learning::klose::third-party-primary,001740,add-allowed,2,2,1,preserve-existing-allowed-then-cross-source-prevalence-v1,resolved-third-party-learner-identity
klose,4,KV000697,allowed,000089,allowed,learning::klose::third-party-primary,000089,preserve-allowed,4,4,1,preserve-existing-allowed-then-cross-source-prevalence-v1,already-admitted-current-curriculum
klose,4,KV000698,,,allowed,learning::klose::third-party-primary,001510,add-allowed,3,3,3,preserve-existing-allowed-then-cross-source-prevalence-v1,resolved-third-party-learner-identity
klose,4,KV000699,,,allowed,learning::klose::third-party-primary,001852,add-allowed,2,2,3,preserve-existing-allowed-then-cross-source-prevalence-v1,resolved-third-party-learner-identity
klose,4,KV000700,,,allowed,learning::klose::third-party-primary,002844,add-allowed,1,1,3,preserve-existing-allowed-then-cross-source-prevalence-v1,resolved-third-party-learner-identity
klose,4,KV000701,,,allowed,learning::klose::third-party-primary,001090,add-allowed,6,6,1,preserve-existing-allowed-then-cross-source-prevalence-v1,resolved-third-party-learner-identity
klose,4,KV000703,,,allowed,learning::klose::third-party-primary,002855,add-allowed,1,1,3,preserve-existing-allowed-then-cross-source-prevalence-v1,resolved-third-party-learner-identity
klose,4,KV000704,allowed,000167,allowed,learning::klose::third-party-primary,000167,preserve-allowed,18,18,1,preserve-existing-allowed-then-cross-source-prevalence-v1,already-admitted-current-curriculum
klose,4,KV000707,,,allowed,learning::klose::third-party-primary,001495,add-allowed,3,3,2,preserve-existing-allowed-then-cross-source-prevalence-v1,resolved-third-party-learner-identity
klose,4,KV000708,,,allowed,learning::klose::third-party-primary,001854,add-allowed,2,2,3,preserve-existing-allowed-then-cross-source-prevalence-v1,resolved-third-party-learner-identity
klose,4,KV000709,,,allowed,learning::klose::third-party-primary,001336,add-allowed,3,4,1,preserve-existing-allowed-then-cross-source-prevalence-v1,resolved-third-party-learner-identity
klose,4,KV000710,allowed,000546,allowed,learning::klose::third-party-primary,000546,preserve-allowed,2,2,1,preserve-existing-allowed-then-cross-source-prevalence-v1,already-admitted-current-curriculum
klose,4,KV000712,,,allowed,learning::klose::third-party-primary,002323,add-allowed,1,1,1,preserve-existing-allowed-then-cross-source-prevalence-v1,resolved-third-party-learner-identity
klose,4,KV000713,,,allowed,learning::klose::third-party-primary,002193,add-allowed,1,1,1,preserve-existing-allowed-then-cross-source-prevalence-v1,resolved-third-party-learner-identity
klose,4,KV000714,,,allowed,learning::klose::third-party-primary,001173,add-allowed,5,5,1,preserve-existing-allowed-then-cross-source-prevalence-v1,resolved-third-party-learner-identity
klose,4,KV000715,,,allowed,learning::klose::third-party-primary,002264,add-allowed,1,1,1,preserve-existing-allowed-then-cross-source-prevalence-v1,resolved-third-party-learner-identity
klose,4,KV000716,,,allowed,learning::klose::third-party-primary,001698,add-allowed,2,2,1,preserve-existing-allowed-then-cross-source-prevalence-v1,resolved-third-party-learner-identity
klose,4,KV000717,,,allowed,learning::klose::third-party-primary,001451,add-allowed,3,3,1,preserve-existing-allowed-then-cross-source-prevalence-v1,resolved-third-party-learner-identity
klose,4,KV000719,allowed,000588,allowed,learning::klose::third-party-primary,000588,preserve-allowed,8,9,1,preserve-existing-allowed-then-cross-source-prevalence-v1,already-admitted-current-curriculum
klose,4,KV000720,,,allowed,learning::klose::third-party-primary,001000,add-allowed,8,8,1,preserve-existing-allowed-then-cross-source-prevalence-v1,resolved-third-party-learner-identity
klose,4,KV000722,,,allowed,learning::klose::third-party-primary,001273,add-allowed,4,4,1,preserve-existing-allowed-then-cross-source-prevalence-v1,resolved-third-party-learner-identity
klose,4,KV000724,,,allowed,learning::klose::third-party-primary,002459,add-allowed,1,1,1,preserve-existing-allowed-then-cross-source-prevalence-v1,resolved-third-party-learner-identity
klose,4,KV000725,,,allowed,learning::klose::third-party-primary,001341,add-allowed,3,3,1,preserve-existing-allowed-then-cross-source-prevalence-v1,resolved-third-party-learner-identity
klose,4,KV000726,,,allowed,learning::klose::third-party-primary,001346,add-allowed,3,3,1,preserve-existing-allowed-then-cross-source-prevalence-v1,resolved-third-party-learner-identity
klose,4,KV000727,,,allowed,learning::klose::third-party-primary,001107,add-allowed,6,6,1,preserve-existing-allowed-then-cross-source-prevalence-v1,resolved-third-party-learner-identity
klose,4,KV000728,,,allowed,learning::klose::third-party-primary,001041,add-allowed,7,7,1,preserve-existing-allowed-then-cross-source-prevalence-v1,resolved-third-party-learner-identity
klose,4,KV000729,allowed,000246,allowed,learning::klose::third-party-primary,000246,preserve-allowed,6,6,1,preserve-existing-allowed-then-cross-source-prevalence-v1,already-admitted-current-curriculum
klose,4,KV000730,allowed,000250,allowed,learning::klose::third-party-primary,000250,preserve-allowed,18,18,1,preserve-existing-allowed-then-cross-source-prevalence-v1,already-admitted-current-curriculum
klose,4,KV000731,,,allowed,learning::klose::third-party-primary,000995,add-allowed,8,8,1,preserve-existing-allowed-then-cross-source-prevalence-v1,resolved-third-party-learner-identity
klose,4,KV000732,allowed,000248,allowed,learning::klose::third-party-primary,000248,preserve-allowed,14,14,1,preserve-existing-allowed-then-cross-source-prevalence-v1,already-admitted-current-curriculum
klose,4,KV000733,allowed,000498,allowed,learning::klose::third-party-primary,000498,preserve-allowed,13,13,1,preserve-existing-allowed-then-cross-source-prevalence-v1,already-admitted-current-curriculum
klose,4,KV000734,allowed,000362,allowed,learning::klose::third-party-primary,000362,preserve-allowed,14,23,1,preserve-existing-allowed-then-cross-source-prevalence-v1,already-admitted-current-curriculum
klose,4,KV000736,allowed,000507,allowed,learning::klose::third-party-primary,000507,preserve-allowed,14,15,1,preserve-existing-allowed-then-cross-source-prevalence-v1,already-admitted-current-curriculum
klose,4,KV000737,allowed,000260,allowed,learning::klose::third-party-primary,000260,preserve-allowed,14,14,1,preserve-existing-allowed-then-cross-source-prevalence-v1,already-admitted-current-curriculum
klose,4,KV000738,,,allowed,learning::klose::third-party-primary,001201,add-allowed,5,5,1,preserve-existing-allowed-then-cross-source-prevalence-v1,resolved-third-party-learner-identity
klose,4,KV000739,,,allowed,learning::klose::third-party-primary,001241,add-allowed,4,4,1,preserve-existing-allowed-then-cross-source-prevalence-v1,resolved-third-party-learner-identity
klose,4,KV000740,,,allowed,learning::klose::third-party-primary,001381,add-allowed,3,3,1,preserve-existing-allowed-then-cross-source-prevalence-v1,resolved-third-party-learner-identity
klose,4,KV000741,,,allowed,learning::klose::third-party-primary,001226,add-allowed,4,5,1,preserve-existing-allowed-then-cross-source-prevalence-v1,resolved-third-party-learner-identity
klose,4,KV000742,,,allowed,learning::klose::third-party-primary,001104,add-allowed,6,6,1,preserve-existing-allowed-then-cross-source-prevalence-v1,resolved-third-party-learner-identity
klose,4,KV000743,,,allowed,learning::klose::third-party-primary,002284,add-allowed,1,1,1,preserve-existing-allowed-then-cross-source-prevalence-v1,resolved-third-party-learner-identity
klose,4,KV000744,allowed,000485,allowed,learning::klose::third-party-primary,000485,preserve-allowed,7,8,1,preserve-existing-allowed-then-cross-source-prevalence-v1,already-admitted-current-curriculum
klose,4,KV000745,allowed,000397,allowed,learning::klose::third-party-primary,000397,preserve-allowed,10,10,1,preserve-existing-allowed-then-cross-source-prevalence-v1,already-admitted-current-curriculum
klose,4,KV000747,,,allowed,learning::klose::third-party-primary,001406,add-allowed,3,3,1,preserve-existing-allowed-then-cross-source-prevalence-v1,resolved-third-party-learner-identity
klose,4,KV000748,,,allowed,learning::klose::third-party-primary,001617,add-allowed,2,2,1,preserve-existing-allowed-then-cross-source-prevalence-v1,resolved-third-party-learner-identity
klose,4,KV000749,,,allowed,learning::klose::third-party-primary,001256,add-allowed,4,4,1,preserve-existing-allowed-then-cross-source-prevalence-v1,resolved-third-party-learner-identity
klose,4,KV000750,allowed,000050,allowed,learning::klose::third-party-primary,000050,preserve-allowed,16,16,1,preserve-existing-allowed-then-cross-source-prevalence-v1,already-admitted-current-curriculum
klose,4,KV000751,,,allowed,learning::klose::third-party-primary,001748,add-allowed,2,2,1,preserve-existing-allowed-then-cross-source-prevalence-v1,resolved-third-party-learner-identity
klose,4,KV000752,,,allowed,learning::klose::third-party-primary,001244,add-allowed,4,4,1,preserve-existing-allowed-then-cross-source-prevalence-v1,resolved-third-party-learner-identity
klose,4,KV000753,,,allowed,learning::klose::third-party-primary,001147,add-allowed,5,5,1,preserve-existing-allowed-then-cross-source-prevalence-v1,resolved-third-party-learner-identity
klose,4,KV000755,allowed,000300,allowed,learning::klose::third-party-primary,000300,preserve-allowed,12,12,1,preserve-existing-allowed-then-cross-source-prevalence-v1,already-admitted-current-curriculum
klose,4,KV000756,,,allowed,learning::klose::third-party-primary,002600,add-allowed,1,1,2,preserve-existing-allowed-then-cross-source-prevalence-v1,resolved-third-party-learner-identity
klose,4,KV000757,allowed,000338,allowed,learning::klose::third-party-primary,000338,preserve-allowed,17,26,1,preserve-existing-allowed-then-cross-source-prevalence-v1,already-admitted-current-curriculum
klose,4,KV000759,,,allowed,learning::klose::third-party-primary,000742,add-allowed,18,20,1,preserve-existing-allowed-then-cross-source-prevalence-v1,resolved-third-party-learner-identity
klose,4,KV000760,,,allowed,learning::klose::third-party-primary,001482,add-allowed,3,3,2,preserve-existing-allowed-then-cross-source-prevalence-v1,resolved-third-party-learner-identity
klose,4,KV000761,allowed,000596,allowed,learning::klose::third-party-primary,000596,preserve-allowed,6,6,1,preserve-existing-allowed-then-cross-source-prevalence-v1,already-admitted-current-curriculum
klose,4,KV000762,,,allowed,learning::klose::third-party-primary,002278,add-allowed,1,1,1,preserve-existing-allowed-then-cross-source-prevalence-v1,resolved-third-party-learner-identity
klose,4,KV000763,,,allowed,learning::klose::third-party-primary,001102,add-allowed,6,6,1,preserve-existing-allowed-then-cross-source-prevalence-v1,resolved-third-party-learner-identity
klose,4,KV000764,allowed,000358,allowed,learning::klose::third-party-primary,000358,preserve-allowed,18,22,1,preserve-existing-allowed-then-cross-source-prevalence-v1,already-admitted-current-curriculum
klose,4,KV000765,,,allowed,learning::klose::third-party-primary,001281,add-allowed,4,4,1,preserve-existing-allowed-then-cross-source-prevalence-v1,resolved-third-party-learner-identity
klose,4,KV000766,,,allowed,learning::klose::third-party-primary,001042,add-allowed,7,7,1,preserve-existing-allowed-then-cross-source-prevalence-v1,resolved-third-party-learner-identity
klose,4,KV000767,allowed,000468,allowed,learning::klose::third-party-primary,000468,preserve-allowed,7,7,1,preserve-existing-allowed-then-cross-source-prevalence-v1,already-admitted-current-curriculum
klose,4,KV000768,,,allowed,learning::klose::third-party-primary,000828,add-allowed,15,16,1,preserve-existing-allowed-then-cross-source-prevalence-v1,resolved-third-party-learner-identity
klose,4,KV000769,,,allowed,learning::klose::third-party-primary,001060,add-allowed,6,7,1,preserve-existing-allowed-then-cross-source-prevalence-v1,resolved-third-party-learner-identity
klose,4,KV000770,allowed,000387,allowed,learning::klose::third-party-primary,000387,preserve-allowed,19,24,1,preserve-existing-allowed-then-cross-source-prevalence-v1,already-admitted-current-curriculum
klose,4,KV000771,,,allowed,learning::klose::third-party-primary,001448,add-allowed,3,3,1,preserve-existing-allowed-then-cross-source-prevalence-v1,resolved-third-party-learner-identity
klose,4,KV000772,,,allowed,learning::klose::third-party-primary,001814,add-allowed,2,2,2,preserve-existing-allowed-then-cross-source-prevalence-v1,resolved-third-party-learner-identity
klose,4,KV000773,,,allowed,learning::klose::third-party-primary,002828,add-allowed,1,1,3,preserve-existing-allowed-then-cross-source-prevalence-v1,resolved-third-party-learner-identity
klose,4,KV000774,,,allowed,learning::klose::third-party-primary,002499,add-allowed,1,1,2,preserve-existing-allowed-then-cross-source-prevalence-v1,resolved-third-party-learner-identity
klose,4,KV000775,,,allowed,learning::klose::third-party-primary,002673,add-allowed,1,1,2,preserve-existing-allowed-then-cross-source-prevalence-v1,resolved-third-party-learner-identity
klose,4,KV000776,,,allowed,learning::klose::third-party-primary,002050,add-allowed,1,1,1,preserve-existing-allowed-then-cross-source-prevalence-v1,resolved-third-party-learner-identity
klose,4,KV000777,,,allowed,learning::klose::third-party-primary,002610,add-allowed,1,1,2,preserve-existing-allowed-then-cross-source-prevalence-v1,resolved-third-party-learner-identity
klose,4,KV000778,,,allowed,learning::klose::third-party-primary,002402,add-allowed,1,1,1,preserve-existing-allowed-then-cross-source-prevalence-v1,resolved-third-party-learner-identity
klose,4,KV000780,,,allowed,learning::klose::third-party-primary,000888,add-allowed,12,12,1,preserve-existing-allowed-then-cross-source-prevalence-v1,resolved-third-party-learner-identity
klose,4,KV000781,,,allowed,learning::klose::third-party-primary,001202,add-allowed,5,5,1,preserve-existing-allowed-then-cross-source-prevalence-v1,resolved-third-party-learner-identity
klose,4,KV000782,allowed,000282,allowed,learning::klose::third-party-primary,000282,preserve-allowed,7,7,1,preserve-existing-allowed-then-cross-source-prevalence-v1,already-admitted-current-curriculum
klose,4,KV000783,allowed,000082,allowed,learning::klose::third-party-primary,000082,preserve-allowed,19,20,1,preserve-existing-allowed-then-cross-source-prevalence-v1,already-admitted-current-curriculum
klose,4,KV000784,allowed,000290,allowed,learning::klose::third-party-primary,000290,preserve-allowed,2,2,1,preserve-existing-allowed-then-cross-source-prevalence-v1,already-admitted-current-curriculum
klose,4,KV000785,,,allowed,learning::klose::third-party-primary,001769,add-allowed,2,2,2,preserve-existing-allowed-then-cross-source-prevalence-v1,resolved-third-party-learner-identity
klose,4,KV000786,,,allowed,learning::klose::third-party-primary,001492,add-allowed,3,3,2,preserve-existing-allowed-then-cross-source-prevalence-v1,resolved-third-party-learner-identity
klose,4,KV000787,,,allowed,learning::klose::third-party-primary,002138,add-allowed,1,1,1,preserve-existing-allowed-then-cross-source-prevalence-v1,resolved-third-party-learner-identity
klose,4,KV000788,,,allowed,learning::klose::third-party-primary,001931,add-allowed,1,1,1,preserve-existing-allowed-then-cross-source-prevalence-v1,resolved-third-party-learner-identity
klose,4,KV000789,,,allowed,learning::klose::third-party-primary,002314,add-allowed,1,1,1,preserve-existing-allowed-then-cross-source-prevalence-v1,resolved-third-party-learner-identity
klose,4,KV000790,,,allowed,learning::klose::third-party-primary,002215,add-allowed,1,1,1,preserve-existing-allowed-then-cross-source-prevalence-v1,resolved-third-party-learner-identity
klose,4,KV000791,allowed,000591,allowed,learning::klose::third-party-primary,000591,preserve-allowed,7,7,1,preserve-existing-allowed-then-cross-source-prevalence-v1,already-admitted-current-curriculum
klose,4,KV000792,allowed,000398,allowed,learning::klose::third-party-primary,000398,preserve-allowed,7,7,1,preserve-existing-allowed-then-cross-source-prevalence-v1,already-admitted-current-curriculum
klose,4,KV000793,,,allowed,learning::klose::third-party-primary,002681,add-allowed,1,1,2,preserve-existing-allowed-then-cross-source-prevalence-v1,resolved-third-party-learner-identity
klose,4,KV000794,,,allowed,learning::klose::third-party-primary,001289,add-allowed,4,4,1,preserve-existing-allowed-then-cross-source-prevalence-v1,resolved-third-party-learner-identity
klose,4,KV000795,,,allowed,learning::klose::third-party-primary,001432,add-allowed,3,3,1,preserve-existing-allowed-then-cross-source-prevalence-v1,resolved-third-party-learner-identity
klose,4,KV000796,,,allowed,learning::klose::third-party-primary,001833,add-allowed,2,2,2,preserve-existing-allowed-then-cross-source-prevalence-v1,resolved-third-party-learner-identity
klose,4,KV000797,,,allowed,learning::klose::third-party-primary,001084,add-allowed,6,6,1,preserve-existing-allowed-then-cross-source-prevalence-v1,resolved-third-party-learner-identity
klose,4,KV000798,,,allowed,learning::klose::third-party-primary,002803,add-allowed,1,1,3,preserve-existing-allowed-then-cross-source-prevalence-v1,resolved-third-party-learner-identity
klose,4,KV000799,,,allowed,learning::klose::third-party-primary,001488,add-allowed,3,3,2,preserve-existing-allowed-then-cross-source-prevalence-v1,resolved-third-party-learner-identity
klose,4,KV000800,,,allowed,learning::klose::third-party-primary,001489,add-allowed,3,3,2,preserve-existing-allowed-then-cross-source-prevalence-v1,resolved-third-party-learner-identity
klose,4,KV000801,,,allowed,learning::klose::third-party-primary,001343,add-allowed,3,3,1,preserve-existing-allowed-then-cross-source-prevalence-v1,resolved-third-party-learner-identity
klose,4,KV000802,,,allowed,learning::klose::third-party-primary,002594,add-allowed,1,1,2,preserve-existing-allowed-then-cross-source-prevalence-v1,resolved-third-party-learner-identity
klose,4,KV000806,allowed,000012,allowed,learning::klose::third-party-primary,000012,preserve-allowed,18,27,1,preserve-existing-allowed-then-cross-source-prevalence-v1,already-admitted-current-curriculum
klose,4,KV000807,allowed,000014,allowed,learning::klose::third-party-primary,000014,preserve-allowed,4,4,2,preserve-existing-allowed-then-cross-source-prevalence-v1,already-admitted-current-curriculum
klose,4,KV000808,allowed,000015,allowed,learning::klose::third-party-primary,000015,preserve-allowed,3,3,1,preserve-existing-allowed-then-cross-source-prevalence-v1,already-admitted-current-curriculum
klose,4,KV000812,allowed,000027,allowed,learning::klose::third-party-primary,000027,preserve-allowed,19,31,1,preserve-existing-allowed-then-cross-source-prevalence-v1,already-admitted-current-curriculum
klose,4,KV000815,allowed,000031,allowed,learning::klose::third-party-primary,000031,preserve-allowed,16,18,1,preserve-existing-allowed-then-cross-source-prevalence-v1,already-admitted-current-curriculum
klose,4,KV000817,allowed,000042,allowed,learning::klose::third-party-primary,000042,preserve-allowed,8,8,2,preserve-existing-allowed-then-cross-source-prevalence-v1,already-admitted-current-curriculum
klose,4,KV000818,allowed,000044,allowed,learning::klose::third-party-primary,000044,preserve-allowed,14,15,1,preserve-existing-allowed-then-cross-source-prevalence-v1,already-admitted-current-curriculum
klose,4,KV000819,allowed,000045,allowed,learning::klose::third-party-primary,000045,preserve-allowed,18,20,1,preserve-existing-allowed-then-cross-source-prevalence-v1,already-admitted-current-curriculum
klose,4,KV000821,allowed,000049,allowed,learning::klose::third-party-primary,000049,preserve-allowed,17,19,1,preserve-existing-allowed-then-cross-source-prevalence-v1,already-admitted-current-curriculum
klose,4,KV000822,allowed,000052,allowed,learning::klose::third-party-primary,000052,preserve-allowed,4,4,1,preserve-existing-allowed-then-cross-source-prevalence-v1,already-admitted-current-curriculum
klose,4,KV000823,allowed,000054,allowed,learning::klose::third-party-primary,000054,preserve-allowed,15,16,1,preserve-existing-allowed-then-cross-source-prevalence-v1,already-admitted-current-curriculum
klose,4,KV000824,allowed,000055,allowed,learning::klose::third-party-primary,000055,preserve-allowed,2,2,1,preserve-existing-allowed-then-cross-source-prevalence-v1,already-admitted-current-curriculum
klose,4,KV000826,allowed,000060,allowed,learning::klose::third-party-primary,000060,preserve-allowed,17,18,1,preserve-existing-allowed-then-cross-source-prevalence-v1,already-admitted-current-curriculum
klose,4,KV000827,allowed,000063,allowed,learning::klose::third-party-primary,000063,preserve-allowed,15,22,1,preserve-existing-allowed-then-cross-source-prevalence-v1,already-admitted-current-curriculum
klose,4,KV000828,allowed,000065,allowed,learning::klose::third-party-primary,000065,preserve-allowed,12,12,1,preserve-existing-allowed-then-cross-source-prevalence-v1,already-admitted-current-curriculum
klose,4,KV000829,allowed,000079,allowed,learning::klose::third-party-primary,000079,preserve-allowed,17,18,1,preserve-existing-allowed-then-cross-source-prevalence-v1,already-admitted-current-curriculum
klose,4,KV000831,allowed,000083,allowed,learning::klose::third-party-primary,000083,preserve-allowed,17,31,1,preserve-existing-allowed-then-cross-source-prevalence-v1,already-admitted-current-curriculum
klose,4,KV000832,allowed,000084,allowed,learning::klose::third-party-primary,000084,preserve-allowed,18,21,1,preserve-existing-allowed-then-cross-source-prevalence-v1,already-admitted-current-curriculum
klose,4,KV000833,allowed,000085,allowed,learning::klose::third-party-primary,000085,preserve-allowed,7,7,1,preserve-existing-allowed-then-cross-source-prevalence-v1,already-admitted-current-curriculum
klose,4,KV000834,allowed,000090,allowed,learning::klose::third-party-primary,000090,preserve-allowed,18,18,1,preserve-existing-allowed-then-cross-source-prevalence-v1,already-admitted-current-curriculum
klose,4,KV000835,allowed,000093,allowed,learning::klose::third-party-primary,000093,preserve-allowed,6,7,1,preserve-existing-allowed-then-cross-source-prevalence-v1,already-admitted-current-curriculum
klose,4,KV000836,allowed,000098,allowed,learning::klose::third-party-primary,000098,preserve-allowed,11,11,1,preserve-existing-allowed-then-cross-source-prevalence-v1,already-admitted-current-curriculum
klose,4,KV000837,allowed,000102,allowed,learning::klose::third-party-primary,000102,preserve-allowed,3,3,2,preserve-existing-allowed-then-cross-source-prevalence-v1,already-admitted-current-curriculum
klose,4,KV000838,allowed,000108,allowed,learning::klose::third-party-primary,000108,preserve-allowed,9,12,1,preserve-existing-allowed-then-cross-source-prevalence-v1,already-admitted-current-curriculum
klose,4,KV000839,allowed,000110,allowed,learning::klose::third-party-primary,000110,preserve-allowed,16,23,1,preserve-existing-allowed-then-cross-source-prevalence-v1,already-admitted-current-curriculum
klose,4,KV000841,allowed,000115,allowed,learning::klose::third-party-primary,000115,preserve-allowed,10,10,1,preserve-existing-allowed-then-cross-source-prevalence-v1,already-admitted-current-curriculum
klose,4,KV000842,allowed,000116,allowed,learning::klose::third-party-primary,000116,preserve-allowed,6,6,1,preserve-existing-allowed-then-cross-source-prevalence-v1,already-admitted-current-curriculum
klose,4,KV000843,allowed,000118,allowed,learning::klose::third-party-primary,000118,preserve-allowed,6,6,2,preserve-existing-allowed-then-cross-source-prevalence-v1,already-admitted-current-curriculum
klose,4,KV000845,allowed,000126,allowed,learning::klose::third-party-primary,000126,preserve-allowed,19,23,1,preserve-existing-allowed-then-cross-source-prevalence-v1,already-admitted-current-curriculum
klose,4,KV000846,allowed,000129,allowed,learning::klose::third-party-primary,000129,preserve-allowed,7,8,1,preserve-existing-allowed-then-cross-source-prevalence-v1,already-admitted-current-curriculum
klose,4,KV000847,allowed,000130,allowed,learning::klose::third-party-primary,000130,preserve-allowed,11,12,1,preserve-existing-allowed-then-cross-source-prevalence-v1,already-admitted-current-curriculum
klose,4,KV000848,allowed,000131,allowed,learning::klose::third-party-primary,000131,preserve-allowed,6,6,1,preserve-existing-allowed-then-cross-source-prevalence-v1,already-admitted-current-curriculum
klose,4,KV000852,allowed,000135,allowed,learning::klose::third-party-primary,000135,preserve-allowed,16,21,1,preserve-existing-allowed-then-cross-source-prevalence-v1,already-admitted-current-curriculum
klose,4,KV000853,allowed,000136,allowed,learning::klose::third-party-primary,000136,preserve-allowed,16,16,1,preserve-existing-allowed-then-cross-source-prevalence-v1,already-admitted-current-curriculum
klose,4,KV000855,allowed,000143,allowed,learning::klose::third-party-primary,000143,preserve-allowed,17,22,1,preserve-existing-allowed-then-cross-source-prevalence-v1,already-admitted-current-curriculum
klose,4,KV000856,allowed,000145,allowed,learning::klose::third-party-primary,000145,preserve-allowed,4,4,1,preserve-existing-allowed-then-cross-source-prevalence-v1,already-admitted-current-curriculum
klose,4,KV000857,allowed,000146,allowed,learning::klose::third-party-primary,000146,preserve-allowed,20,24,1,preserve-existing-allowed-then-cross-source-prevalence-v1,already-admitted-current-curriculum
klose,4,KV000864,allowed,000157,allowed,learning::klose::third-party-primary,000157,preserve-allowed,15,16,1,preserve-existing-allowed-then-cross-source-prevalence-v1,already-admitted-current-curriculum
klose,4,KV000865,allowed,000158,allowed,learning::klose::third-party-primary,000158,preserve-allowed,18,19,1,preserve-existing-allowed-then-cross-source-prevalence-v1,already-admitted-current-curriculum
klose,4,KV000866,allowed,000160,allowed,learning::klose::third-party-primary,000160,preserve-allowed,17,17,1,preserve-existing-allowed-then-cross-source-prevalence-v1,already-admitted-current-curriculum
klose,4,KV000867,allowed,000169,allowed,learning::klose::third-party-primary,000169,preserve-allowed,14,14,1,preserve-existing-allowed-then-cross-source-prevalence-v1,already-admitted-current-curriculum
klose,4,KV000868,allowed,000171,allowed,learning::klose::third-party-primary,000171,preserve-allowed,6,7,1,preserve-existing-allowed-then-cross-source-prevalence-v1,already-admitted-current-curriculum
klose,4,KV000869,allowed,000172,allowed,learning::klose::third-party-primary,000172,preserve-allowed,17,17,1,preserve-existing-allowed-then-cross-source-prevalence-v1,already-admitted-current-curriculum
klose,4,KV000870,allowed,000173,allowed,learning::klose::third-party-primary,000173,preserve-allowed,16,16,1,preserve-existing-allowed-then-cross-source-prevalence-v1,already-admitted-current-curriculum
klose,4,KV000871,allowed,000178,allowed,learning::klose::third-party-primary,000178,preserve-allowed,7,8,1,preserve-existing-allowed-then-cross-source-prevalence-v1,already-admitted-current-curriculum
klose,4,KV000873,allowed,000180,allowed,learning::klose::third-party-primary,000180,preserve-allowed,7,7,1,preserve-existing-allowed-then-cross-source-prevalence-v1,already-admitted-current-curriculum
klose,4,KV000874,allowed,000183,allowed,learning::klose::third-party-primary,000183,preserve-allowed,13,16,1,preserve-existing-allowed-then-cross-source-prevalence-v1,already-admitted-current-curriculum
klose,4,KV000875,allowed,000184,allowed,learning::klose::third-party-primary,000184,preserve-allowed,5,5,1,preserve-existing-allowed-then-cross-source-prevalence-v1,already-admitted-current-curriculum
klose,4,KV000879,allowed,000188,allowed,learning::klose::third-party-primary,000188,preserve-allowed,2,2,1,preserve-existing-allowed-then-cross-source-prevalence-v1,already-admitted-current-curriculum
klose,4,KV000880,allowed,000189,allowed,learning::klose::third-party-primary,000189,preserve-allowed,5,5,2,preserve-existing-allowed-then-cross-source-prevalence-v1,already-admitted-current-curriculum
klose,4,KV000881,allowed,000190,allowed,learning::klose::third-party-primary,000190,preserve-allowed,18,19,1,preserve-existing-allowed-then-cross-source-prevalence-v1,already-admitted-current-curriculum
klose,4,KV000883,allowed,000199,allowed,learning::klose::third-party-primary,000199,preserve-allowed,7,8,1,preserve-existing-allowed-then-cross-source-prevalence-v1,already-admitted-current-curriculum
klose,4,KV000887,allowed,000204,allowed,learning::klose::third-party-primary,000204,preserve-allowed,7,7,1,preserve-existing-allowed-then-cross-source-prevalence-v1,already-admitted-current-curriculum
klose,4,KV000891,allowed,000209,allowed,learning::klose::third-party-primary,000209,preserve-allowed,6,6,1,preserve-existing-allowed-then-cross-source-prevalence-v1,already-admitted-current-curriculum
klose,4,KV000893,allowed,000212,allowed,learning::klose::third-party-primary,000212,preserve-allowed,18,19,1,preserve-existing-allowed-then-cross-source-prevalence-v1,already-admitted-current-curriculum
klose,4,KV000896,allowed,000216,allowed,learning::klose::third-party-primary,000216,preserve-allowed,5,5,1,preserve-existing-allowed-then-cross-source-prevalence-v1,already-admitted-current-curriculum
klose,4,KV000897,allowed,000217,allowed,learning::klose::third-party-primary,000217,preserve-allowed,5,5,1,preserve-existing-allowed-then-cross-source-prevalence-v1,already-admitted-current-curriculum
klose,4,KV000898,allowed,000219,allowed,learning::klose::third-party-primary,000219,preserve-allowed,3,3,1,preserve-existing-allowed-then-cross-source-prevalence-v1,already-admitted-current-curriculum
klose,4,KV000902,allowed,000222,allowed,learning::klose::third-party-primary,000222,preserve-allowed,8,8,1,preserve-existing-allowed-then-cross-source-prevalence-v1,already-admitted-current-curriculum
klose,4,KV000903,allowed,000223,allowed,learning::klose::third-party-primary,000223,preserve-allowed,5,5,1,preserve-existing-allowed-then-cross-source-prevalence-v1,already-admitted-current-curriculum
klose,4,KV000904,allowed,000224,allowed,learning::klose::third-party-primary,000224,preserve-allowed,13,13,1,preserve-existing-allowed-then-cross-source-prevalence-v1,already-admitted-current-curriculum
klose,4,KV000905,allowed,000228,allowed,learning::klose::third-party-primary,000228,preserve-allowed,2,2,2,preserve-existing-allowed-then-cross-source-prevalence-v1,already-admitted-current-curriculum
klose,4,KV000906,allowed,000230,allowed,learning::klose::third-party-primary,000230,preserve-allowed,12,13,1,preserve-existing-allowed-then-cross-source-prevalence-v1,already-admitted-current-curriculum
klose,4,KV000907,allowed,000231,allowed,learning::klose::third-party-primary,000231,preserve-allowed,19,19,1,preserve-existing-allowed-then-cross-source-prevalence-v1,already-admitted-current-curriculum
klose,4,KV000908,allowed,000232,allowed,learning::klose::third-party-primary,000232,preserve-allowed,2,2,1,preserve-existing-allowed-then-cross-source-prevalence-v1,already-admitted-current-curriculum
klose,4,KV000909,allowed,000233,allowed,learning::klose::third-party-primary,000233,preserve-allowed,10,11,1,preserve-existing-allowed-then-cross-source-prevalence-v1,already-admitted-current-curriculum
klose,4,KV000910,allowed,000234,allowed,learning::klose::third-party-primary,000234,preserve-allowed,6,6,1,preserve-existing-allowed-then-cross-source-prevalence-v1,already-admitted-current-curriculum
klose,4,KV000911,allowed,000235,allowed,learning::klose::third-party-primary,000235,preserve-allowed,4,4,1,preserve-existing-allowed-then-cross-source-prevalence-v1,already-admitted-current-curriculum
klose,4,KV000912,allowed,000236,allowed,learning::klose::third-party-primary,000236,preserve-allowed,18,19,1,preserve-existing-allowed-then-cross-source-prevalence-v1,already-admitted-current-curriculum
klose,4,KV000914,allowed,000241,allowed,learning::klose::third-party-primary,000241,preserve-allowed,6,6,1,preserve-existing-allowed-then-cross-source-prevalence-v1,already-admitted-current-curriculum
klose,4,KV000915,allowed,000242,allowed,learning::klose::third-party-primary,000242,preserve-allowed,4,4,1,preserve-existing-allowed-then-cross-source-prevalence-v1,already-admitted-current-curriculum
klose,4,KV000916,allowed,000243,allowed,learning::klose::third-party-primary,000243,preserve-allowed,7,7,1,preserve-existing-allowed-then-cross-source-prevalence-v1,already-admitted-current-curriculum
klose,4,KV000917,allowed,000244,allowed,learning::klose::third-party-primary,000244,preserve-allowed,3,3,1,preserve-existing-allowed-then-cross-source-prevalence-v1,already-admitted-current-curriculum
klose,4,KV000918,allowed,000245,allowed,learning::klose::third-party-primary,000245,preserve-allowed,9,10,1,preserve-existing-allowed-then-cross-source-prevalence-v1,already-admitted-current-curriculum
klose,4,KV000919,allowed,000247,allowed,learning::klose::third-party-primary,000247,preserve-allowed,8,8,1,preserve-existing-allowed-then-cross-source-prevalence-v1,already-admitted-current-curriculum
klose,4,KV000920,allowed,000249,allowed,learning::klose::third-party-primary,000249,preserve-allowed,15,15,1,preserve-existing-allowed-then-cross-source-prevalence-v1,already-admitted-current-curriculum
klose,4,KV000921,allowed,000251,allowed,learning::klose::third-party-primary,000251,preserve-allowed,15,15,1,preserve-existing-allowed-then-cross-source-prevalence-v1,already-admitted-current-curriculum
klose,4,KV000922,allowed,000252,allowed,learning::klose::third-party-primary,000252,preserve-allowed,18,19,1,preserve-existing-allowed-then-cross-source-prevalence-v1,already-admitted-current-curriculum
klose,4,KV000923,allowed,000253,allowed,learning::klose::third-party-primary,000253,preserve-allowed,16,18,1,preserve-existing-allowed-then-cross-source-prevalence-v1,already-admitted-current-curriculum
klose,4,KV000924,allowed,000254,allowed,learning::klose::third-party-primary,000254,preserve-allowed,10,10,1,preserve-existing-allowed-then-cross-source-prevalence-v1,already-admitted-current-curriculum
klose,4,KV000925,allowed,000255,allowed,learning::klose::third-party-primary,000255,preserve-allowed,8,9,1,preserve-existing-allowed-then-cross-source-prevalence-v1,already-admitted-current-curriculum
klose,4,KV000927,allowed,000265,allowed,learning::klose::third-party-primary,000265,preserve-allowed,13,14,1,preserve-existing-allowed-then-cross-source-prevalence-v1,already-admitted-current-curriculum
klose,4,KV000928,allowed,000269,allowed,learning::klose::third-party-primary,000269,preserve-allowed,16,16,1,preserve-existing-allowed-then-cross-source-prevalence-v1,already-admitted-current-curriculum
klose,4,KV000929,allowed,000271,allowed,learning::klose::third-party-primary,000271,preserve-allowed,11,12,1,preserve-existing-allowed-then-cross-source-prevalence-v1,already-admitted-current-curriculum
klose,4,KV000930,allowed,000273,allowed,learning::klose::third-party-primary,000273,preserve-allowed,15,16,1,preserve-existing-allowed-then-cross-source-prevalence-v1,already-admitted-current-curriculum
klose,4,KV000931,allowed,000274,allowed,learning::klose::third-party-primary,000274,preserve-allowed,17,21,1,preserve-existing-allowed-then-cross-source-prevalence-v1,already-admitted-current-curriculum
klose,4,KV000932,allowed,000275,allowed,learning::klose::third-party-primary,000275,preserve-allowed,10,10,1,preserve-existing-allowed-then-cross-source-prevalence-v1,already-admitted-current-curriculum
klose,4,KV000933,allowed,000277,allowed,learning::klose::third-party-primary,000277,preserve-allowed,1,1,1,preserve-existing-allowed-then-cross-source-prevalence-v1,already-admitted-current-curriculum
klose,4,KV000934,allowed,000278,allowed,learning::klose::third-party-primary,000278,preserve-allowed,7,7,1,preserve-existing-allowed-then-cross-source-prevalence-v1,already-admitted-current-curriculum
klose,4,KV000935,allowed,000280,allowed,learning::klose::third-party-primary,000280,preserve-allowed,11,11,1,preserve-existing-allowed-then-cross-source-prevalence-v1,already-admitted-current-curriculum
klose,4,KV000936,allowed,000281,allowed,learning::klose::third-party-primary,000281,preserve-allowed,3,3,1,preserve-existing-allowed-then-cross-source-prevalence-v1,already-admitted-current-curriculum
klose,4,KV000939,allowed,000287,allowed,learning::klose::third-party-primary,000287,preserve-allowed,8,8,1,preserve-existing-allowed-then-cross-source-prevalence-v1,already-admitted-current-curriculum
klose,4,KV000940,allowed,000288,allowed,learning::klose::third-party-primary,000288,preserve-allowed,5,5,3,preserve-existing-allowed-then-cross-source-prevalence-v1,already-admitted-current-curriculum
klose,4,KV000941,allowed,000289,allowed,learning::klose::third-party-primary,000289,preserve-allowed,5,7,1,preserve-existing-allowed-then-cross-source-prevalence-v1,already-admitted-current-curriculum
klose,4,KV000943,allowed,000292,allowed,learning::klose::third-party-primary,000292,preserve-allowed,6,6,1,preserve-existing-allowed-then-cross-source-prevalence-v1,already-admitted-current-curriculum
klose,4,KV000944,allowed,000293,allowed,learning::klose::third-party-primary,000293,preserve-allowed,6,6,1,preserve-existing-allowed-then-cross-source-prevalence-v1,already-admitted-current-curriculum
klose,4,KV000945,allowed,000294,allowed,learning::klose::third-party-primary,000294,preserve-allowed,12,12,1,preserve-existing-allowed-then-cross-source-prevalence-v1,already-admitted-current-curriculum
klose,4,KV000946,allowed,000297,allowed,learning::klose::third-party-primary,000297,preserve-allowed,5,5,1,preserve-existing-allowed-then-cross-source-prevalence-v1,already-admitted-current-curriculum
klose,4,KV000948,allowed,000303,allowed,learning::klose::third-party-primary,000303,preserve-allowed,16,16,1,preserve-existing-allowed-then-cross-source-prevalence-v1,already-admitted-current-curriculum
klose,4,KV000949,allowed,000304,allowed,learning::klose::third-party-primary,000304,preserve-allowed,1,1,1,preserve-existing-allowed-then-cross-source-prevalence-v1,already-admitted-current-curriculum
klose,4,KV000950,allowed,000306,allowed,learning::klose::third-party-primary,000306,preserve-allowed,5,5,1,preserve-existing-allowed-then-cross-source-prevalence-v1,already-admitted-current-curriculum
klose,4,KV000953,allowed,000309,allowed,learning::klose::third-party-primary,000309,preserve-allowed,1,1,1,preserve-existing-allowed-then-cross-source-prevalence-v1,already-admitted-current-curriculum
klose,4,KV000954,allowed,000310,allowed,learning::klose::third-party-primary,000310,preserve-allowed,1,1,1,preserve-existing-allowed-then-cross-source-prevalence-v1,already-admitted-current-curriculum
klose,4,KV000955,allowed,000312,allowed,learning::klose::third-party-primary,000312,preserve-allowed,10,10,1,preserve-existing-allowed-then-cross-source-prevalence-v1,already-admitted-current-curriculum
klose,4,KV000956,allowed,000313,allowed,learning::klose::third-party-primary,000313,preserve-allowed,6,7,1,preserve-existing-allowed-then-cross-source-prevalence-v1,already-admitted-current-curriculum
klose,4,KV000958,allowed,000316,allowed,learning::klose::third-party-primary,000316,preserve-allowed,16,17,1,preserve-existing-allowed-then-cross-source-prevalence-v1,already-admitted-current-curriculum
klose,4,KV000959,allowed,000317,allowed,learning::klose::third-party-primary,000317,preserve-allowed,3,3,1,preserve-existing-allowed-then-cross-source-prevalence-v1,already-admitted-current-curriculum
klose,4,KV000960,allowed,000318,allowed,learning::klose::third-party-primary,000318,preserve-allowed,1,1,1,preserve-existing-allowed-then-cross-source-prevalence-v1,already-admitted-current-curriculum
klose,4,KV000962,allowed,000322,allowed,learning::klose::third-party-primary,000322,preserve-allowed,5,5,1,preserve-existing-allowed-then-cross-source-prevalence-v1,already-admitted-current-curriculum
klose,4,KV000963,allowed,000323,allowed,learning::klose::third-party-primary,000323,preserve-allowed,11,14,1,preserve-existing-allowed-then-cross-source-prevalence-v1,already-admitted-current-curriculum
klose,4,KV000965,allowed,000327,allowed,learning::klose::third-party-primary,000327,preserve-allowed,17,20,1,preserve-existing-allowed-then-cross-source-prevalence-v1,already-admitted-current-curriculum
klose,4,KV000966,allowed,000329,allowed,learning::klose::third-party-primary,000329,preserve-allowed,8,8,1,preserve-existing-allowed-then-cross-source-prevalence-v1,already-admitted-current-curriculum
klose,4,KV000967,allowed,000330,allowed,learning::klose::third-party-primary,000330,preserve-allowed,18,18,1,preserve-existing-allowed-then-cross-source-prevalence-v1,already-admitted-current-curriculum
klose,4,KV000969,allowed,000332,allowed,learning::klose::third-party-primary,000332,preserve-allowed,1,1,1,preserve-existing-allowed-then-cross-source-prevalence-v1,already-admitted-current-curriculum
klose,4,KV000971,allowed,000334,allowed,learning::klose::third-party-primary,000334,preserve-allowed,3,5,1,preserve-existing-allowed-then-cross-source-prevalence-v1,already-admitted-current-curriculum
klose,4,KV000973,allowed,000341,allowed,learning::klose::third-party-primary,000341,preserve-allowed,2,3,3,preserve-existing-allowed-then-cross-source-prevalence-v1,already-admitted-current-curriculum
klose,4,KV000975,allowed,000344,allowed,learning::klose::third-party-primary,000344,preserve-allowed,3,3,4,preserve-existing-allowed-then-cross-source-prevalence-v1,already-admitted-current-curriculum
klose,4,KV000976,allowed,000345,allowed,learning::klose::third-party-primary,000345,preserve-allowed,11,12,2,preserve-existing-allowed-then-cross-source-prevalence-v1,already-admitted-current-curriculum
klose,4,KV000978,allowed,000348,allowed,learning::klose::third-party-primary,000348,preserve-allowed,1,1,4,preserve-existing-allowed-then-cross-source-prevalence-v1,already-admitted-current-curriculum
klose,4,KV000979,allowed,000349,allowed,learning::klose::third-party-primary,000349,preserve-allowed,16,16,1,preserve-existing-allowed-then-cross-source-prevalence-v1,already-admitted-current-curriculum
klose,4,KV000980,allowed,000350,allowed,learning::klose::third-party-primary,000350,preserve-allowed,1,1,1,preserve-existing-allowed-then-cross-source-prevalence-v1,already-admitted-current-curriculum
klose,4,KV000981,allowed,000351,allowed,learning::klose::third-party-primary,000351,preserve-allowed,3,3,2,preserve-existing-allowed-then-cross-source-prevalence-v1,already-admitted-current-curriculum
klose,4,KV000982,allowed,000352,allowed,learning::klose::third-party-primary,000352,preserve-allowed,3,3,2,preserve-existing-allowed-then-cross-source-prevalence-v1,already-admitted-current-curriculum
klose,4,KV000984,allowed,000355,allowed,learning::klose::third-party-primary,000355,preserve-allowed,13,13,1,preserve-existing-allowed-then-cross-source-prevalence-v1,already-admitted-current-curriculum
klose,4,KV000987,allowed,000359,allowed,learning::klose::third-party-primary,000359,preserve-allowed,7,7,1,preserve-existing-allowed-then-cross-source-prevalence-v1,already-admitted-current-curriculum
klose,4,KV000988,allowed,000360,allowed,learning::klose::third-party-primary,000360,preserve-allowed,2,2,1,preserve-existing-allowed-then-cross-source-prevalence-v1,already-admitted-current-curriculum
klose,4,KV000989,allowed,000361,allowed,learning::klose::third-party-primary,000361,preserve-allowed,9,10,2,preserve-existing-allowed-then-cross-source-prevalence-v1,already-admitted-current-curriculum
klose,4,KV000990,allowed,000363,allowed,learning::klose::third-party-primary,000363,preserve-allowed,10,10,1,preserve-existing-allowed-then-cross-source-prevalence-v1,already-admitted-current-curriculum
klose,4,KV000991,allowed,000364,allowed,learning::klose::third-party-primary,000364,preserve-allowed,2,2,4,preserve-existing-allowed-then-cross-source-prevalence-v1,already-admitted-current-curriculum
klose,4,KV000992,allowed,000365,allowed,learning::klose::third-party-primary,000365,preserve-allowed,1,1,2,preserve-existing-allowed-then-cross-source-prevalence-v1,already-admitted-current-curriculum
klose,4,KV000994,allowed,000370,allowed,learning::klose::third-party-primary,000370,preserve-allowed,10,12,1,preserve-existing-allowed-then-cross-source-prevalence-v1,already-admitted-current-curriculum
klose,4,KV000996,allowed,000384,allowed,learning::klose::third-party-primary,000384,preserve-allowed,4,4,1,preserve-existing-allowed-then-cross-source-prevalence-v1,already-admitted-current-curriculum
klose,4,KV000997,allowed,000385,allowed,learning::klose::third-party-primary,000385,preserve-allowed,7,7,2,preserve-existing-allowed-then-cross-source-prevalence-v1,already-admitted-current-curriculum
klose,4,KV000998,allowed,000388,allowed,learning::klose::third-party-primary,000388,preserve-allowed,1,1,2,preserve-existing-allowed-then-cross-source-prevalence-v1,already-admitted-current-curriculum
klose,4,KV000999,allowed,000391,allowed,learning::klose::third-party-primary,000391,preserve-allowed,2,2,1,preserve-existing-allowed-then-cross-source-prevalence-v1,already-admitted-current-curriculum
klose,4,KV001000,allowed,000392,allowed,learning::klose::third-party-primary,000392,preserve-allowed,1,1,1,preserve-existing-allowed-then-cross-source-prevalence-v1,already-admitted-current-curriculum
klose,4,KV001001,allowed,000393,allowed,learning::klose::third-party-primary,000393,preserve-allowed,1,1,2,preserve-existing-allowed-then-cross-source-prevalence-v1,already-admitted-current-curriculum
klose,4,KV001002,allowed,000395,allowed,learning::klose::third-party-primary,000395,preserve-allowed,5,5,1,preserve-existing-allowed-then-cross-source-prevalence-v1,already-admitted-current-curriculum
klose,4,KV001003,allowed,000400,allowed,learning::klose::third-party-primary,000400,preserve-allowed,1,1,1,preserve-existing-allowed-then-cross-source-prevalence-v1,already-admitted-current-curriculum
klose,4,KV001004,allowed,000401,allowed,learning::klose::third-party-primary,000401,preserve-allowed,3,3,1,preserve-existing-allowed-then-cross-source-prevalence-v1,already-admitted-current-curriculum
klose,4,KV001013,allowed,000414,allowed,learning::klose::third-party-primary,000414,preserve-allowed,11,11,1,preserve-existing-allowed-then-cross-source-prevalence-v1,already-admitted-current-curriculum
klose,4,KV001015,allowed,000417,allowed,learning::klose::third-party-primary,000417,preserve-allowed,9,10,1,preserve-existing-allowed-then-cross-source-prevalence-v1,already-admitted-current-curriculum
klose,4,KV001016,allowed,000418,allowed,learning::klose::third-party-primary,000418,preserve-allowed,3,3,1,preserve-existing-allowed-then-cross-source-prevalence-v1,already-admitted-current-curriculum
klose,4,KV001017,allowed,000419,allowed,learning::klose::third-party-primary,000419,preserve-allowed,5,5,1,preserve-existing-allowed-then-cross-source-prevalence-v1,already-admitted-current-curriculum
klose,4,KV001018,allowed,000420,allowed,learning::klose::third-party-primary,000420,preserve-allowed,10,10,1,preserve-existing-allowed-then-cross-source-prevalence-v1,already-admitted-current-curriculum
klose,4,KV001019,allowed,000421,allowed,learning::klose::third-party-primary,000421,preserve-allowed,7,7,1,preserve-existing-allowed-then-cross-source-prevalence-v1,already-admitted-current-curriculum
klose,4,KV001020,allowed,000422,allowed,learning::klose::third-party-primary,000422,preserve-allowed,4,4,1,preserve-existing-allowed-then-cross-source-prevalence-v1,already-admitted-current-curriculum
klose,4,KV001022,allowed,000424,allowed,learning::klose::third-party-primary,000424,preserve-allowed,7,10,1,preserve-existing-allowed-then-cross-source-prevalence-v1,already-admitted-current-curriculum
klose,4,KV001023,allowed,000425,allowed,learning::klose::third-party-primary,000425,preserve-allowed,4,4,1,preserve-existing-allowed-then-cross-source-prevalence-v1,already-admitted-current-curriculum
klose,4,KV001024,allowed,000426,allowed,learning::klose::third-party-primary,000426,preserve-allowed,3,3,1,preserve-existing-allowed-then-cross-source-prevalence-v1,already-admitted-current-curriculum
klose,4,KV001025,allowed,000427,allowed,learning::klose::third-party-primary,000427,preserve-allowed,2,2,1,preserve-existing-allowed-then-cross-source-prevalence-v1,already-admitted-current-curriculum
klose,4,KV001026,allowed,000428,allowed,learning::klose::third-party-primary,000428,preserve-allowed,6,6,1,preserve-existing-allowed-then-cross-source-prevalence-v1,already-admitted-current-curriculum
klose,4,KV001027,allowed,000429,allowed,learning::klose::third-party-primary,000429,preserve-allowed,8,9,2,preserve-existing-allowed-then-cross-source-prevalence-v1,already-admitted-current-curriculum
klose,4,KV001036,allowed,000439,allowed,learning::klose::third-party-primary,000439,preserve-allowed,1,1,2,preserve-existing-allowed-then-cross-source-prevalence-v1,already-admitted-current-curriculum
klose,4,KV001037,allowed,000440,allowed,learning::klose::third-party-primary,000440,preserve-allowed,6,6,1,preserve-existing-allowed-then-cross-source-prevalence-v1,already-admitted-current-curriculum
klose,4,KV001038,allowed,000441,allowed,learning::klose::third-party-primary,000441,preserve-allowed,12,12,1,preserve-existing-allowed-then-cross-source-prevalence-v1,already-admitted-current-curriculum
klose,4,KV001040,allowed,000443,allowed,learning::klose::third-party-primary,000443,preserve-allowed,9,9,1,preserve-existing-allowed-then-cross-source-prevalence-v1,already-admitted-current-curriculum
klose,4,KV001041,allowed,000444,allowed,learning::klose::third-party-primary,000444,preserve-allowed,2,2,1,preserve-existing-allowed-then-cross-source-prevalence-v1,already-admitted-current-curriculum
klose,4,KV001042,allowed,000446,allowed,learning::klose::third-party-primary,000446,preserve-allowed,6,6,3,preserve-existing-allowed-then-cross-source-prevalence-v1,already-admitted-current-curriculum
klose,4,KV001043,allowed,000447,allowed,learning::klose::third-party-primary,000447,preserve-allowed,3,3,1,preserve-existing-allowed-then-cross-source-prevalence-v1,already-admitted-current-curriculum
klose,4,KV001046,allowed,000452,allowed,learning::klose::third-party-primary,000452,preserve-allowed,13,13,1,preserve-existing-allowed-then-cross-source-prevalence-v1,already-admitted-current-curriculum
klose,4,KV001047,allowed,000453,allowed,learning::klose::third-party-primary,000453,preserve-allowed,4,4,1,preserve-existing-allowed-then-cross-source-prevalence-v1,already-admitted-current-curriculum
klose,4,KV001049,allowed,000457,allowed,learning::klose::third-party-primary,000457,preserve-allowed,5,5,1,preserve-existing-allowed-then-cross-source-prevalence-v1,already-admitted-current-curriculum
klose,4,KV001050,allowed,000458,allowed,learning::klose::third-party-primary,000458,preserve-allowed,2,2,1,preserve-existing-allowed-then-cross-source-prevalence-v1,already-admitted-current-curriculum
klose,4,KV001051,allowed,000459,allowed,learning::klose::third-party-primary,000459,preserve-allowed,16,26,1,preserve-existing-allowed-then-cross-source-prevalence-v1,already-admitted-current-curriculum
klose,4,KV001052,allowed,000460,allowed,learning::klose::third-party-primary,000460,preserve-allowed,10,10,1,preserve-existing-allowed-then-cross-source-prevalence-v1,already-admitted-current-curriculum
klose,4,KV001053,allowed,000461,allowed,learning::klose::third-party-primary,000461,preserve-allowed,19,38,1,preserve-existing-allowed-then-cross-source-prevalence-v1,already-admitted-current-curriculum
klose,4,KV001054,allowed,000462,allowed,learning::klose::third-party-primary,000462,preserve-allowed,7,8,1,preserve-existing-allowed-then-cross-source-prevalence-v1,already-admitted-current-curriculum
klose,4,KV001059,allowed,000469,allowed,learning::klose::third-party-primary,000469,preserve-allowed,1,1,2,preserve-existing-allowed-then-cross-source-prevalence-v1,already-admitted-current-curriculum
klose,4,KV001061,allowed,000471,allowed,learning::klose::third-party-primary,000471,preserve-allowed,2,2,1,preserve-existing-allowed-then-cross-source-prevalence-v1,already-admitted-current-curriculum
klose,4,KV001071,allowed,000481,allowed,learning::klose::third-party-primary,000481,preserve-allowed,5,6,1,preserve-existing-allowed-then-cross-source-prevalence-v1,already-admitted-current-curriculum
klose,4,KV001072,allowed,000483,allowed,learning::klose::third-party-primary,000483,preserve-allowed,2,2,1,preserve-existing-allowed-then-cross-source-prevalence-v1,already-admitted-current-curriculum
klose,4,KV001073,allowed,000484,allowed,learning::klose::third-party-primary,000484,preserve-allowed,1,1,2,preserve-existing-allowed-then-cross-source-prevalence-v1,already-admitted-current-curriculum
klose,4,KV001074,allowed,000486,allowed,learning::klose::third-party-primary,000486,preserve-allowed,18,27,1,preserve-existing-allowed-then-cross-source-prevalence-v1,already-admitted-current-curriculum
klose,4,KV001075,allowed,000487,allowed,learning::klose::third-party-primary,000487,preserve-allowed,19,21,1,preserve-existing-allowed-then-cross-source-prevalence-v1,already-admitted-current-curriculum
klose,4,KV001076,allowed,000488,allowed,learning::klose::third-party-primary,000488,preserve-allowed,17,18,1,preserve-existing-allowed-then-cross-source-prevalence-v1,already-admitted-current-curriculum
klose,4,KV001077,allowed,000489,allowed,learning::klose::third-party-primary,000489,preserve-allowed,1,1,1,preserve-existing-allowed-then-cross-source-prevalence-v1,already-admitted-current-curriculum
klose,4,KV001079,allowed,000491,allowed,learning::klose::third-party-primary,000491,preserve-allowed,9,9,1,preserve-existing-allowed-then-cross-source-prevalence-v1,already-admitted-current-curriculum
klose,4,KV001081,allowed,000493,allowed,learning::klose::third-party-primary,000493,preserve-allowed,13,15,1,preserve-existing-allowed-then-cross-source-prevalence-v1,already-admitted-current-curriculum
klose,4,KV001082,allowed,000494,allowed,learning::klose::third-party-primary,000494,preserve-allowed,7,7,1,preserve-existing-allowed-then-cross-source-prevalence-v1,already-admitted-current-curriculum
klose,4,KV001083,allowed,000495,allowed,learning::klose::third-party-primary,000495,preserve-allowed,2,2,1,preserve-existing-allowed-then-cross-source-prevalence-v1,already-admitted-current-curriculum
klose,4,KV001084,allowed,000496,allowed,learning::klose::third-party-primary,000496,preserve-allowed,8,8,1,preserve-existing-allowed-then-cross-source-prevalence-v1,already-admitted-current-curriculum
klose,4,KV001086,allowed,000500,allowed,learning::klose::third-party-primary,000500,preserve-allowed,1,1,2,preserve-existing-allowed-then-cross-source-prevalence-v1,already-admitted-current-curriculum
klose,4,KV001087,allowed,000502,allowed,learning::klose::third-party-primary,000502,preserve-allowed,12,13,1,preserve-existing-allowed-then-cross-source-prevalence-v1,already-admitted-current-curriculum
klose,4,KV001088,allowed,000503,allowed,learning::klose::third-party-primary,000503,preserve-allowed,9,10,1,preserve-existing-allowed-then-cross-source-prevalence-v1,already-admitted-current-curriculum
klose,4,KV001089,allowed,000504,allowed,learning::klose::third-party-primary,000504,preserve-allowed,1,1,1,preserve-existing-allowed-then-cross-source-prevalence-v1,already-admitted-current-curriculum
klose,4,KV001090,allowed,000505,allowed,learning::klose::third-party-primary,000505,preserve-allowed,3,3,1,preserve-existing-allowed-then-cross-source-prevalence-v1,already-admitted-current-curriculum
klose,4,KV001092,allowed,000508,allowed,learning::klose::third-party-primary,000508,preserve-allowed,9,9,1,preserve-existing-allowed-then-cross-source-prevalence-v1,already-admitted-current-curriculum
klose,4,KV001094,allowed,000511,allowed,learning::klose::third-party-primary,000511,preserve-allowed,3,3,1,preserve-existing-allowed-then-cross-source-prevalence-v1,already-admitted-current-curriculum
klose,4,KV001096,allowed,000513,allowed,learning::klose::third-party-primary,000513,preserve-allowed,1,1,1,preserve-existing-allowed-then-cross-source-prevalence-v1,already-admitted-current-curriculum
klose,4,KV001097,allowed,000514,allowed,learning::klose::third-party-primary,000514,preserve-allowed,2,2,1,preserve-existing-allowed-then-cross-source-prevalence-v1,already-admitted-current-curriculum
klose,4,KV001103,allowed,000523,allowed,learning::klose::third-party-primary,000523,preserve-allowed,6,6,1,preserve-existing-allowed-then-cross-source-prevalence-v1,already-admitted-current-curriculum
klose,4,KV001104,allowed,000524,allowed,learning::klose::third-party-primary,000524,preserve-allowed,12,12,1,preserve-existing-allowed-then-cross-source-prevalence-v1,already-admitted-current-curriculum
klose,4,KV001106,allowed,000526,allowed,learning::klose::third-party-primary,000526,preserve-allowed,2,2,1,preserve-existing-allowed-then-cross-source-prevalence-v1,already-admitted-current-curriculum
klose,4,KV001107,allowed,000527,allowed,learning::klose::third-party-primary,000527,preserve-allowed,9,10,1,preserve-existing-allowed-then-cross-source-prevalence-v1,already-admitted-current-curriculum
klose,4,KV001109,allowed,000529,allowed,learning::klose::third-party-primary,000529,preserve-allowed,7,8,1,preserve-existing-allowed-then-cross-source-prevalence-v1,already-admitted-current-curriculum
klose,4,KV001111,allowed,000531,allowed,learning::klose::third-party-primary,000531,preserve-allowed,3,3,1,preserve-existing-allowed-then-cross-source-prevalence-v1,already-admitted-current-curriculum
klose,4,KV001112,allowed,000533,allowed,learning::klose::third-party-primary,000533,preserve-allowed,15,15,1,preserve-existing-allowed-then-cross-source-prevalence-v1,already-admitted-current-curriculum
klose,4,KV001114,allowed,000535,allowed,learning::klose::third-party-primary,000535,preserve-allowed,13,13,1,preserve-existing-allowed-then-cross-source-prevalence-v1,already-admitted-current-curriculum
klose,4,KV001115,allowed,000536,allowed,learning::klose::third-party-primary,000536,preserve-allowed,17,17,1,preserve-existing-allowed-then-cross-source-prevalence-v1,already-admitted-current-curriculum
klose,4,KV001116,allowed,000538,allowed,learning::klose::third-party-primary,000538,preserve-allowed,8,8,1,preserve-existing-allowed-then-cross-source-prevalence-v1,already-admitted-current-curriculum
klose,4,KV001119,allowed,000541,allowed,learning::klose::third-party-primary,000541,preserve-allowed,4,4,1,preserve-existing-allowed-then-cross-source-prevalence-v1,already-admitted-current-curriculum
klose,4,KV001122,allowed,000544,allowed,learning::klose::third-party-primary,000544,preserve-allowed,1,1,1,preserve-existing-allowed-then-cross-source-prevalence-v1,already-admitted-current-curriculum
klose,4,KV001126,allowed,000550,allowed,learning::klose::third-party-primary,000550,preserve-allowed,5,5,1,preserve-existing-allowed-then-cross-source-prevalence-v1,already-admitted-current-curriculum
klose,4,KV001127,allowed,000551,allowed,learning::klose::third-party-primary,000551,preserve-allowed,6,7,1,preserve-existing-allowed-then-cross-source-prevalence-v1,already-admitted-current-curriculum
klose,4,KV001128,allowed,000552,allowed,learning::klose::third-party-primary,000552,preserve-allowed,13,14,1,preserve-existing-allowed-then-cross-source-prevalence-v1,already-admitted-current-curriculum
klose,4,KV001129,allowed,000553,allowed,learning::klose::third-party-primary,000553,preserve-allowed,2,2,1,preserve-existing-allowed-then-cross-source-prevalence-v1,already-admitted-current-curriculum
klose,4,KV001130,allowed,000554,allowed,learning::klose::third-party-primary,000554,preserve-allowed,1,1,1,preserve-existing-allowed-then-cross-source-prevalence-v1,already-admitted-current-curriculum
klose,4,KV001139,allowed,000563,allowed,learning::klose::third-party-primary,000563,preserve-allowed,2,2,1,preserve-existing-allowed-then-cross-source-prevalence-v1,already-admitted-current-curriculum
klose,4,KV001146,allowed,000570,allowed,learning::klose::third-party-primary,000570,preserve-allowed,8,8,1,preserve-existing-allowed-then-cross-source-prevalence-v1,already-admitted-current-curriculum
klose,4,KV001147,allowed,000571,allowed,learning::klose::third-party-primary,000571,preserve-allowed,3,3,1,preserve-existing-allowed-then-cross-source-prevalence-v1,already-admitted-current-curriculum
klose,4,KV001148,allowed,000572,allowed,learning::klose::third-party-primary,000572,preserve-allowed,2,2,1,preserve-existing-allowed-then-cross-source-prevalence-v1,already-admitted-current-curriculum
klose,4,KV001153,allowed,000577,allowed,learning::klose::third-party-primary,000577,preserve-allowed,9,10,1,preserve-existing-allowed-then-cross-source-prevalence-v1,already-admitted-current-curriculum
klose,4,KV001154,allowed,000578,allowed,learning::klose::third-party-primary,000578,preserve-allowed,3,3,1,preserve-existing-allowed-then-cross-source-prevalence-v1,already-admitted-current-curriculum
klose,4,KV001156,allowed,000580,allowed,learning::klose::third-party-primary,000580,preserve-allowed,3,3,1,preserve-existing-allowed-then-cross-source-prevalence-v1,already-admitted-current-curriculum
klose,4,KV001157,allowed,000581,allowed,learning::klose::third-party-primary,000581,preserve-allowed,12,13,1,preserve-existing-allowed-then-cross-source-prevalence-v1,already-admitted-current-curriculum
klose,4,KV001159,allowed,000583,allowed,learning::klose::third-party-primary,000583,preserve-allowed,6,6,1,preserve-existing-allowed-then-cross-source-prevalence-v1,already-admitted-current-curriculum
klose,4,KV001160,allowed,000585,allowed,learning::klose::third-party-primary,000585,preserve-allowed,1,1,1,preserve-existing-allowed-then-cross-source-prevalence-v1,already-admitted-current-curriculum
klose,4,KV001161,allowed,000586,allowed,learning::klose::third-party-primary,000586,preserve-allowed,4,4,1,preserve-existing-allowed-then-cross-source-prevalence-v1,already-admitted-current-curriculum
klose,4,KV001163,allowed,000589,allowed,learning::klose::third-party-primary,000589,preserve-allowed,9,9,1,preserve-existing-allowed-then-cross-source-prevalence-v1,already-admitted-current-curriculum
klose,4,KV001164,allowed,000590,allowed,learning::klose::third-party-primary,000590,preserve-allowed,7,7,1,preserve-existing-allowed-then-cross-source-prevalence-v1,already-admitted-current-curriculum
klose,4,KV001165,allowed,000592,allowed,learning::klose::third-party-primary,000592,preserve-allowed,3,3,1,preserve-existing-allowed-then-cross-source-prevalence-v1,already-admitted-current-curriculum
klose,4,KV001166,allowed,000593,allowed,learning::klose::third-party-primary,000593,preserve-allowed,9,11,1,preserve-existing-allowed-then-cross-source-prevalence-v1,already-admitted-current-curriculum
klose,4,KV001168,allowed,000595,allowed,learning::klose::third-party-primary,000595,preserve-allowed,5,5,1,preserve-existing-allowed-then-cross-source-prevalence-v1,already-admitted-current-curriculum
klose,4,KV001169,allowed,000597,allowed,learning::klose::third-party-primary,000597,preserve-allowed,4,5,1,preserve-existing-allowed-then-cross-source-prevalence-v1,already-admitted-current-curriculum
klose,4,KV001172,allowed,000602,allowed,learning::klose::third-party-primary,000602,preserve-allowed,6,7,1,preserve-existing-allowed-then-cross-source-prevalence-v1,already-admitted-current-curriculum
klose,4,KV001175,allowed,000605,allowed,learning::klose::third-party-primary,000605,preserve-allowed,8,10,1,preserve-existing-allowed-then-cross-source-prevalence-v1,already-admitted-current-curriculum
klose,4,KV001176,allowed,000606,allowed,learning::klose::third-party-primary,000606,preserve-allowed,2,2,1,preserve-existing-allowed-then-cross-source-prevalence-v1,already-admitted-current-curriculum
klose,4,KV001177,allowed,000607,allowed,learning::klose::third-party-primary,000607,preserve-allowed,1,1,1,preserve-existing-allowed-then-cross-source-prevalence-v1,already-admitted-current-curriculum
klose,4,KV001178,allowed,000608,allowed,learning::klose::third-party-primary,000608,preserve-allowed,1,1,1,preserve-existing-allowed-then-cross-source-prevalence-v1,already-admitted-current-curriculum
klose,4,KV001179,allowed,000609,allowed,learning::klose::third-party-primary,000609,preserve-allowed,2,2,1,preserve-existing-allowed-then-cross-source-prevalence-v1,already-admitted-current-curriculum
klose,4,KV001180,allowed,000610,allowed,learning::klose::third-party-primary,000610,preserve-allowed,9,10,1,preserve-existing-allowed-then-cross-source-prevalence-v1,already-admitted-current-curriculum
klose,4,KV001181,allowed,000611,allowed,learning::klose::third-party-primary,000611,preserve-allowed,7,7,1,preserve-existing-allowed-then-cross-source-prevalence-v1,already-admitted-current-curriculum
klose,4,KV001183,allowed,000613,allowed,learning::klose::third-party-primary,000613,preserve-allowed,2,2,2,preserve-existing-allowed-then-cross-source-prevalence-v1,already-admitted-current-curriculum
klose,4,KV001185,allowed,000616,allowed,learning::klose::third-party-primary,000616,preserve-allowed,13,13,1,preserve-existing-allowed-then-cross-source-prevalence-v1,already-admitted-current-curriculum
klose,4,KV001186,allowed,000617,allowed,learning::klose::third-party-primary,000617,preserve-allowed,1,1,1,preserve-existing-allowed-then-cross-source-prevalence-v1,already-admitted-current-curriculum
klose,4,KV001187,allowed,000618,allowed,learning::klose::third-party-primary,000618,preserve-allowed,2,2,2,preserve-existing-allowed-then-cross-source-prevalence-v1,already-admitted-current-curriculum
klose,4,KV001188,allowed,000619,allowed,learning::klose::third-party-primary,000619,preserve-allowed,3,3,2,preserve-existing-allowed-then-cross-source-prevalence-v1,already-admitted-current-curriculum
klose,4,KV001189,allowed,000621,allowed,learning::klose::third-party-primary,000621,preserve-allowed,1,1,2,preserve-existing-allowed-then-cross-source-prevalence-v1,already-admitted-current-curriculum
klose,4,KV001190,allowed,000622,allowed,learning::klose::third-party-primary,000622,preserve-allowed,7,8,1,preserve-existing-allowed-then-cross-source-prevalence-v1,already-admitted-current-curriculum
klose,4,KV001191,allowed,000624,allowed,learning::klose::third-party-primary,000624,preserve-allowed,5,5,1,preserve-existing-allowed-then-cross-source-prevalence-v1,already-admitted-current-curriculum
klose,4,KV001192,allowed,000625,allowed,learning::klose::third-party-primary,000625,preserve-allowed,1,1,1,preserve-existing-allowed-then-cross-source-prevalence-v1,already-admitted-current-curriculum
klose,4,KV001195,,,allowed,learning::klose::third-party-primary,002776,add-allowed,1,1,3,preserve-existing-allowed-then-cross-source-prevalence-v1,resolved-third-party-learner-identity
klose,4,KV001196,,,allowed,learning::klose::third-party-primary,001881,add-allowed,1,1,1,preserve-existing-allowed-then-cross-source-prevalence-v1,resolved-third-party-learner-identity
klose,4,KV001197,,,allowed,learning::klose::third-party-primary,001882,add-allowed,1,1,1,preserve-existing-allowed-then-cross-source-prevalence-v1,resolved-third-party-learner-identity
klose,4,KV001198,,,allowed,learning::klose::third-party-primary,001883,add-allowed,1,1,1,preserve-existing-allowed-then-cross-source-prevalence-v1,resolved-third-party-learner-identity
klose,4,KV001199,,,allowed,learning::klose::third-party-primary,001884,add-allowed,1,1,1,preserve-existing-allowed-then-cross-source-prevalence-v1,resolved-third-party-learner-identity
klose,4,KV001200,,,allowed,learning::klose::third-party-primary,001885,add-allowed,1,1,1,preserve-existing-allowed-then-cross-source-prevalence-v1,resolved-third-party-learner-identity
klose,4,KV001201,,,allowed,learning::klose::third-party-primary,001886,add-allowed,1,1,1,preserve-existing-allowed-then-cross-source-prevalence-v1,resolved-third-party-learner-identity
klose,4,KV001202,,,allowed,learning::klose::third-party-primary,001887,add-allowed,1,1,1,preserve-existing-allowed-then-cross-source-prevalence-v1,resolved-third-party-learner-identity
klose,4,KV001203,,,allowed,learning::klose::third-party-primary,001888,add-allowed,1,1,1,preserve-existing-allowed-then-cross-source-prevalence-v1,resolved-third-party-learner-identity
klose,4,KV001204,,,allowed,learning::klose::third-party-primary,001889,add-allowed,1,1,1,preserve-existing-allowed-then-cross-source-prevalence-v1,resolved-third-party-learner-identity
klose,4,KV001205,,,allowed,learning::klose::third-party-primary,001764,add-allowed,2,2,2,preserve-existing-allowed-then-cross-source-prevalence-v1,resolved-third-party-learner-identity
klose,4,KV001206,,,allowed,learning::klose::third-party-primary,002864,add-allowed,1,1,4,preserve-existing-allowed-then-cross-source-prevalence-v1,resolved-third-party-learner-identity
klose,4,KV001207,,,allowed,learning::klose::third-party-primary,002865,add-allowed,1,1,4,preserve-existing-allowed-then-cross-source-prevalence-v1,resolved-third-party-learner-identity
klose,4,KV001208,,,allowed,learning::klose::third-party-primary,001019,add-allowed,7,8,2,preserve-existing-allowed-then-cross-source-prevalence-v1,resolved-third-party-learner-identity
klose,4,KV001209,,,allowed,learning::klose::third-party-primary,002866,add-allowed,1,1,4,preserve-existing-allowed-then-cross-source-prevalence-v1,resolved-third-party-learner-identity
klose,4,KV001210,,,allowed,learning::klose::third-party-primary,001219,add-allowed,5,5,3,preserve-existing-allowed-then-cross-source-prevalence-v1,resolved-third-party-learner-identity
klose,4,KV001211,,,allowed,learning::klose::third-party-primary,001499,add-allowed,3,3,3,preserve-existing-allowed-then-cross-source-prevalence-v1,resolved-third-party-learner-identity
klose,4,KV001212,,,allowed,learning::klose::third-party-primary,001890,add-allowed,1,1,1,preserve-existing-allowed-then-cross-source-prevalence-v1,resolved-third-party-learner-identity
klose,4,KV001213,,,allowed,learning::klose::third-party-primary,001891,add-allowed,1,1,1,preserve-existing-allowed-then-cross-source-prevalence-v1,resolved-third-party-learner-identity
klose,4,KV001214,,,allowed,learning::klose::third-party-primary,001892,add-allowed,1,1,1,preserve-existing-allowed-then-cross-source-prevalence-v1,resolved-third-party-learner-identity
klose,4,KV001215,,,allowed,learning::klose::third-party-primary,000817,add-allowed,15,18,1,preserve-existing-allowed-then-cross-source-prevalence-v1,resolved-third-party-learner-identity
klose,4,KV001216,,,allowed,learning::klose::third-party-primary,001534,add-allowed,2,2,1,preserve-existing-allowed-then-cross-source-prevalence-v1,resolved-third-party-learner-identity
klose,4,KV001217,,,allowed,learning::klose::third-party-primary,001893,add-allowed,1,1,1,preserve-existing-allowed-then-cross-source-prevalence-v1,resolved-third-party-learner-identity
klose,4,KV001218,,,allowed,learning::klose::third-party-primary,001894,add-allowed,1,1,1,preserve-existing-allowed-then-cross-source-prevalence-v1,resolved-third-party-learner-identity
klose,4,KV001219,,,allowed,learning::klose::third-party-primary,001535,add-allowed,2,2,1,preserve-existing-allowed-then-cross-source-prevalence-v1,resolved-third-party-learner-identity
klose,4,KV001220,,,allowed,learning::klose::third-party-primary,001536,add-allowed,2,2,1,preserve-existing-allowed-then-cross-source-prevalence-v1,resolved-third-party-learner-identity
klose,4,KV001221,,,allowed,learning::klose::third-party-primary,001143,add-allowed,5,5,1,preserve-existing-allowed-then-cross-source-prevalence-v1,resolved-third-party-learner-identity
klose,4,KV001222,,,allowed,learning::klose::third-party-primary,001144,add-allowed,5,5,1,preserve-existing-allowed-then-cross-source-prevalence-v1,resolved-third-party-learner-identity
klose,4,KV001223,,,allowed,learning::klose::third-party-primary,001145,add-allowed,5,5,1,preserve-existing-allowed-then-cross-source-prevalence-v1,resolved-third-party-learner-identity
klose,4,KV001224,,,allowed,learning::klose::third-party-primary,001537,add-allowed,2,2,1,preserve-existing-allowed-then-cross-source-prevalence-v1,resolved-third-party-learner-identity
klose,4,KV001225,,,allowed,learning::klose::third-party-primary,001895,add-allowed,1,1,1,preserve-existing-allowed-then-cross-source-prevalence-v1,resolved-third-party-learner-identity
klose,4,KV001226,,,allowed,learning::klose::third-party-primary,001896,add-allowed,1,1,1,preserve-existing-allowed-then-cross-source-prevalence-v1,resolved-third-party-learner-identity
klose,4,KV001227,,,allowed,learning::klose::third-party-primary,001897,add-allowed,1,1,1,preserve-existing-allowed-then-cross-source-prevalence-v1,resolved-third-party-learner-identity
klose,4,KV001228,,,allowed,learning::klose::third-party-primary,001203,add-allowed,5,5,2,preserve-existing-allowed-then-cross-source-prevalence-v1,resolved-third-party-learner-identity
klose,4,KV001229,,,allowed,learning::klose::third-party-primary,000833,add-allowed,15,15,1,preserve-existing-allowed-then-cross-source-prevalence-v1,resolved-third-party-learner-identity
klose,4,KV001230,,,allowed,learning::klose::third-party-primary,001538,add-allowed,2,2,1,preserve-existing-allowed-then-cross-source-prevalence-v1,resolved-third-party-learner-identity
klose,4,KV001231,,,allowed,learning::klose::third-party-primary,000954,add-allowed,9,9,1,preserve-existing-allowed-then-cross-source-prevalence-v1,resolved-third-party-learner-identity
klose,4,KV001232,,,allowed,learning::klose::third-party-primary,002494,add-allowed,1,1,2,preserve-existing-allowed-then-cross-source-prevalence-v1,resolved-third-party-learner-identity
klose,4,KV001233,,,allowed,learning::klose::third-party-primary,001898,add-allowed,1,1,1,preserve-existing-allowed-then-cross-source-prevalence-v1,resolved-third-party-learner-identity
klose,4,KV001234,,,allowed,learning::klose::third-party-primary,002495,add-allowed,1,1,2,preserve-existing-allowed-then-cross-source-prevalence-v1,resolved-third-party-learner-identity
klose,4,KV001235,,,allowed,learning::klose::third-party-primary,001899,add-allowed,1,1,1,preserve-existing-allowed-then-cross-source-prevalence-v1,resolved-third-party-learner-identity
klose,4,KV001236,,,allowed,learning::klose::third-party-primary,001900,add-allowed,1,1,1,preserve-existing-allowed-then-cross-source-prevalence-v1,resolved-third-party-learner-identity
klose,4,KV001237,,,allowed,learning::klose::third-party-primary,002496,add-allowed,1,1,2,preserve-existing-allowed-then-cross-source-prevalence-v1,resolved-third-party-learner-identity
klose,4,KV001238,,,allowed,learning::klose::third-party-primary,001766,add-allowed,2,2,2,preserve-existing-allowed-then-cross-source-prevalence-v1,resolved-third-party-learner-identity
klose,4,KV001239,,,allowed,learning::klose::third-party-primary,001858,add-allowed,2,2,4,preserve-existing-allowed-then-cross-source-prevalence-v1,resolved-third-party-learner-identity
klose,4,KV001240,,,allowed,learning::klose::third-party-primary,002777,add-allowed,1,1,3,preserve-existing-allowed-then-cross-source-prevalence-v1,resolved-third-party-learner-identity
klose,4,KV001241,,,allowed,learning::klose::third-party-primary,002778,add-allowed,1,1,3,preserve-existing-allowed-then-cross-source-prevalence-v1,resolved-third-party-learner-identity
klose,4,KV001242,,,allowed,learning::klose::third-party-primary,001234,add-allowed,4,4,1,preserve-existing-allowed-then-cross-source-prevalence-v1,resolved-third-party-learner-identity
klose,4,KV001243,,,allowed,learning::klose::third-party-primary,001901,add-allowed,1,1,1,preserve-existing-allowed-then-cross-source-prevalence-v1,resolved-third-party-learner-identity
klose,4,KV001244,,,allowed,learning::klose::third-party-primary,000931,add-allowed,10,10,1,preserve-existing-allowed-then-cross-source-prevalence-v1,resolved-third-party-learner-identity
klose,4,KV001245,,,allowed,learning::klose::third-party-primary,001539,add-allowed,2,2,1,preserve-existing-allowed-then-cross-source-prevalence-v1,resolved-third-party-learner-identity
klose,4,KV001246,,,allowed,learning::klose::third-party-primary,001902,add-allowed,1,1,1,preserve-existing-allowed-then-cross-source-prevalence-v1,resolved-third-party-learner-identity
klose,4,KV001247,,,allowed,learning::klose::third-party-primary,001342,add-allowed,3,3,1,preserve-existing-allowed-then-cross-source-prevalence-v1,resolved-third-party-learner-identity
klose,4,KV001248,,,allowed,learning::klose::third-party-primary,001903,add-allowed,1,1,1,preserve-existing-allowed-then-cross-source-prevalence-v1,resolved-third-party-learner-identity
klose,4,KV001249,,,allowed,learning::klose::third-party-primary,000864,add-allowed,13,20,1,preserve-existing-allowed-then-cross-source-prevalence-v1,resolved-third-party-learner-identity
klose,4,KV001250,,,allowed,learning::klose::third-party-primary,001904,add-allowed,1,1,1,preserve-existing-allowed-then-cross-source-prevalence-v1,resolved-third-party-learner-identity
klose,4,KV001251,,,allowed,learning::klose::third-party-primary,001905,add-allowed,1,1,1,preserve-existing-allowed-then-cross-source-prevalence-v1,resolved-third-party-learner-identity
klose,4,KV001252,,,allowed,learning::klose::third-party-primary,002497,add-allowed,1,1,2,preserve-existing-allowed-then-cross-source-prevalence-v1,resolved-third-party-learner-identity
klose,4,KV001253,,,allowed,learning::klose::third-party-primary,002498,add-allowed,1,1,2,preserve-existing-allowed-then-cross-source-prevalence-v1,resolved-third-party-learner-identity
klose,4,KV001254,,,allowed,learning::klose::third-party-primary,001906,add-allowed,1,1,1,preserve-existing-allowed-then-cross-source-prevalence-v1,resolved-third-party-learner-identity
klose,4,KV001255,,,allowed,learning::klose::third-party-primary,001020,add-allowed,7,7,1,preserve-existing-allowed-then-cross-source-prevalence-v1,resolved-third-party-learner-identity
klose,4,KV001256,,,allowed,learning::klose::third-party-primary,001907,add-allowed,1,1,1,preserve-existing-allowed-then-cross-source-prevalence-v1,resolved-third-party-learner-identity
klose,4,KV001257,,,allowed,learning::klose::third-party-primary,001908,add-allowed,1,1,1,preserve-existing-allowed-then-cross-source-prevalence-v1,resolved-third-party-learner-identity
klose,4,KV001258,,,allowed,learning::klose::third-party-primary,001540,add-allowed,2,2,1,preserve-existing-allowed-then-cross-source-prevalence-v1,resolved-third-party-learner-identity
klose,4,KV001259,,,allowed,learning::klose::third-party-primary,001344,add-allowed,3,3,1,preserve-existing-allowed-then-cross-source-prevalence-v1,resolved-third-party-learner-identity
klose,4,KV001260,,,allowed,learning::klose::third-party-primary,001345,add-allowed,3,3,1,preserve-existing-allowed-then-cross-source-prevalence-v1,resolved-third-party-learner-identity
klose,4,KV001261,,,allowed,learning::klose::third-party-primary,001909,add-allowed,1,1,1,preserve-existing-allowed-then-cross-source-prevalence-v1,resolved-third-party-learner-identity
klose,4,KV001262,,,allowed,learning::klose::third-party-primary,001328,add-allowed,3,6,2,preserve-existing-allowed-then-cross-source-prevalence-v1,resolved-third-party-learner-identity
klose,4,KV001263,,,allowed,learning::klose::third-party-primary,001910,add-allowed,1,1,1,preserve-existing-allowed-then-cross-source-prevalence-v1,resolved-third-party-learner-identity
klose,4,KV001264,,,allowed,learning::klose::third-party-primary,001911,add-allowed,1,1,1,preserve-existing-allowed-then-cross-source-prevalence-v1,resolved-third-party-learner-identity
klose,4,KV001265,,,allowed,learning::klose::third-party-primary,001912,add-allowed,1,1,1,preserve-existing-allowed-then-cross-source-prevalence-v1,resolved-third-party-learner-identity
klose,4,KV001266,,,allowed,learning::klose::third-party-primary,002500,add-allowed,1,1,2,preserve-existing-allowed-then-cross-source-prevalence-v1,resolved-third-party-learner-identity
klose,4,KV001267,,,allowed,learning::klose::third-party-primary,001459,add-allowed,3,3,2,preserve-existing-allowed-then-cross-source-prevalence-v1,resolved-third-party-learner-identity
klose,4,KV001268,,,allowed,learning::klose::third-party-primary,002501,add-allowed,1,1,2,preserve-existing-allowed-then-cross-source-prevalence-v1,resolved-third-party-learner-identity
klose,4,KV001269,,,allowed,learning::klose::third-party-primary,001541,add-allowed,2,2,1,preserve-existing-allowed-then-cross-source-prevalence-v1,resolved-third-party-learner-identity
klose,4,KV001270,,,allowed,learning::klose::third-party-primary,001913,add-allowed,1,1,1,preserve-existing-allowed-then-cross-source-prevalence-v1,resolved-third-party-learner-identity
klose,4,KV001271,,,allowed,learning::klose::third-party-primary,002502,add-allowed,1,1,2,preserve-existing-allowed-then-cross-source-prevalence-v1,resolved-third-party-learner-identity
klose,4,KV001272,,,allowed,learning::klose::third-party-primary,001460,add-allowed,3,3,2,preserve-existing-allowed-then-cross-source-prevalence-v1,resolved-third-party-learner-identity
klose,4,KV001273,,,allowed,learning::klose::third-party-primary,001306,add-allowed,4,4,2,preserve-existing-allowed-then-cross-source-prevalence-v1,resolved-third-party-learner-identity
klose,4,KV001274,,,allowed,learning::klose::third-party-primary,001768,add-allowed,2,2,2,preserve-existing-allowed-then-cross-source-prevalence-v1,resolved-third-party-learner-identity
klose,4,KV001275,,,allowed,learning::klose::third-party-primary,001461,add-allowed,3,3,2,preserve-existing-allowed-then-cross-source-prevalence-v1,resolved-third-party-learner-identity
klose,4,KV001276,,,allowed,learning::klose::third-party-primary,001770,add-allowed,2,2,2,preserve-existing-allowed-then-cross-source-prevalence-v1,resolved-third-party-learner-identity
klose,4,KV001277,,,allowed,learning::klose::third-party-primary,002868,add-allowed,1,1,4,preserve-existing-allowed-then-cross-source-prevalence-v1,resolved-third-party-learner-identity
klose,4,KV001278,,,allowed,learning::klose::third-party-primary,001511,add-allowed,3,3,4,preserve-existing-allowed-then-cross-source-prevalence-v1,resolved-third-party-learner-identity
klose,4,KV001279,,,allowed,learning::klose::third-party-primary,002869,add-allowed,1,1,4,preserve-existing-allowed-then-cross-source-prevalence-v1,resolved-third-party-learner-identity
klose,4,KV001280,,,allowed,learning::klose::third-party-primary,002779,add-allowed,1,1,3,preserve-existing-allowed-then-cross-source-prevalence-v1,resolved-third-party-learner-identity
klose,4,KV001281,,,allowed,learning::klose::third-party-primary,002503,add-allowed,1,1,2,preserve-existing-allowed-then-cross-source-prevalence-v1,resolved-third-party-learner-identity
klose,4,KV001282,,,allowed,learning::klose::third-party-primary,001914,add-allowed,1,1,1,preserve-existing-allowed-then-cross-source-prevalence-v1,resolved-third-party-learner-identity
klose,4,KV001283,,,allowed,learning::klose::third-party-primary,001915,add-allowed,1,1,1,preserve-existing-allowed-then-cross-source-prevalence-v1,resolved-third-party-learner-identity
klose,4,KV001284,,,allowed,learning::klose::third-party-primary,001542,add-allowed,2,2,1,preserve-existing-allowed-then-cross-source-prevalence-v1,resolved-third-party-learner-identity
klose,4,KV001285,,,allowed,learning::klose::third-party-primary,002504,add-allowed,1,1,2,preserve-existing-allowed-then-cross-source-prevalence-v1,resolved-third-party-learner-identity
klose,4,KV001286,,,allowed,learning::klose::third-party-primary,001347,add-allowed,3,3,1,preserve-existing-allowed-then-cross-source-prevalence-v1,resolved-third-party-learner-identity
klose,4,KV001287,,,allowed,learning::klose::third-party-primary,002505,add-allowed,1,1,2,preserve-existing-allowed-then-cross-source-prevalence-v1,resolved-third-party-learner-identity
klose,4,KV001288,,,allowed,learning::klose::third-party-primary,001916,add-allowed,1,1,1,preserve-existing-allowed-then-cross-source-prevalence-v1,resolved-third-party-learner-identity
klose,4,KV001289,,,allowed,learning::klose::third-party-primary,001917,add-allowed,1,1,1,preserve-existing-allowed-then-cross-source-prevalence-v1,resolved-third-party-learner-identity
klose,4,KV001290,,,allowed,learning::klose::third-party-primary,001235,add-allowed,4,4,1,preserve-existing-allowed-then-cross-source-prevalence-v1,resolved-third-party-learner-identity
klose,4,KV001291,,,allowed,learning::klose::third-party-primary,001918,add-allowed,1,1,1,preserve-existing-allowed-then-cross-source-prevalence-v1,resolved-third-party-learner-identity
klose,4,KV001292,,,allowed,learning::klose::third-party-primary,001919,add-allowed,1,1,1,preserve-existing-allowed-then-cross-source-prevalence-v1,resolved-third-party-learner-identity
klose,4,KV001293,,,allowed,learning::klose::third-party-primary,000867,add-allowed,13,15,1,preserve-existing-allowed-then-cross-source-prevalence-v1,resolved-third-party-learner-identity
klose,4,KV001294,,,allowed,learning::klose::third-party-primary,002506,add-allowed,1,1,2,preserve-existing-allowed-then-cross-source-prevalence-v1,resolved-third-party-learner-identity
klose,4,KV001295,,,allowed,learning::klose::third-party-primary,000894,add-allowed,11,15,1,preserve-existing-allowed-then-cross-source-prevalence-v1,resolved-third-party-learner-identity
klose,4,KV001296,,,allowed,learning::klose::third-party-primary,001920,add-allowed,1,1,1,preserve-existing-allowed-then-cross-source-prevalence-v1,resolved-third-party-learner-identity
klose,4,KV001297,,,allowed,learning::klose::third-party-primary,001921,add-allowed,1,1,1,preserve-existing-allowed-then-cross-source-prevalence-v1,resolved-third-party-learner-identity
klose,4,KV001298,,,allowed,learning::klose::third-party-primary,001543,add-allowed,2,2,1,preserve-existing-allowed-then-cross-source-prevalence-v1,resolved-third-party-learner-identity
klose,4,KV001299,,,allowed,learning::klose::third-party-primary,000682,add-allowed,19,23,1,preserve-existing-allowed-then-cross-source-prevalence-v1,resolved-third-party-learner-identity
klose,4,KV001300,,,allowed,learning::klose::third-party-primary,001348,add-allowed,3,3,1,preserve-existing-allowed-then-cross-source-prevalence-v1,resolved-third-party-learner-identity
klose,4,KV001301,,,allowed,learning::klose::third-party-primary,001922,add-allowed,1,1,1,preserve-existing-allowed-then-cross-source-prevalence-v1,resolved-third-party-learner-identity
klose,4,KV001302,,,allowed,learning::klose::third-party-primary,001863,add-allowed,1,2,1,preserve-existing-allowed-then-cross-source-prevalence-v1,resolved-third-party-learner-identity
klose,4,KV001303,,,allowed,learning::klose::third-party-primary,000945,add-allowed,9,11,1,preserve-existing-allowed-then-cross-source-prevalence-v1,resolved-third-party-learner-identity
klose,4,KV001304,,,allowed,learning::klose::third-party-primary,001516,add-allowed,2,3,1,preserve-existing-allowed-then-cross-source-prevalence-v1,resolved-third-party-learner-identity
klose,4,KV001305,,,allowed,learning::klose::third-party-primary,001923,add-allowed,1,1,1,preserve-existing-allowed-then-cross-source-prevalence-v1,resolved-third-party-learner-identity
klose,4,KV001306,,,allowed,learning::klose::third-party-primary,001924,add-allowed,1,1,1,preserve-existing-allowed-then-cross-source-prevalence-v1,resolved-third-party-learner-identity
klose,4,KV001307,,,allowed,learning::klose::third-party-primary,001925,add-allowed,1,1,1,preserve-existing-allowed-then-cross-source-prevalence-v1,resolved-third-party-learner-identity
klose,4,KV001308,,,allowed,learning::klose::third-party-primary,001926,add-allowed,1,1,1,preserve-existing-allowed-then-cross-source-prevalence-v1,resolved-third-party-learner-identity
klose,4,KV001309,,,allowed,learning::klose::third-party-primary,001075,add-allowed,6,6,1,preserve-existing-allowed-then-cross-source-prevalence-v1,resolved-third-party-learner-identity
klose,4,KV001310,,,allowed,learning::klose::third-party-primary,001544,add-allowed,2,2,1,preserve-existing-allowed-then-cross-source-prevalence-v1,resolved-third-party-learner-identity
klose,4,KV001311,,,allowed,learning::klose::third-party-primary,001927,add-allowed,1,1,1,preserve-existing-allowed-then-cross-source-prevalence-v1,resolved-third-party-learner-identity
klose,4,KV001312,,,allowed,learning::klose::third-party-primary,001928,add-allowed,1,1,1,preserve-existing-allowed-then-cross-source-prevalence-v1,resolved-third-party-learner-identity
klose,4,KV001313,,,allowed,learning::klose::third-party-primary,001021,add-allowed,7,7,1,preserve-existing-allowed-then-cross-source-prevalence-v1,resolved-third-party-learner-identity
klose,4,KV001314,,,allowed,learning::klose::third-party-primary,002780,add-allowed,1,1,3,preserve-existing-allowed-then-cross-source-prevalence-v1,resolved-third-party-learner-identity
klose,4,KV001315,,,allowed,learning::klose::third-party-primary,001125,add-allowed,5,7,2,preserve-existing-allowed-then-cross-source-prevalence-v1,resolved-third-party-learner-identity
klose,4,KV001316,,,allowed,learning::klose::third-party-primary,002781,add-allowed,1,1,3,preserve-existing-allowed-then-cross-source-prevalence-v1,resolved-third-party-learner-identity
klose,4,KV001317,,,allowed,learning::klose::third-party-primary,002782,add-allowed,1,1,3,preserve-existing-allowed-then-cross-source-prevalence-v1,resolved-third-party-learner-identity
klose,4,KV001318,,,allowed,learning::klose::third-party-primary,001835,add-allowed,2,2,3,preserve-existing-allowed-then-cross-source-prevalence-v1,resolved-third-party-learner-identity
klose,4,KV001319,,,allowed,learning::klose::third-party-primary,002783,add-allowed,1,1,3,preserve-existing-allowed-then-cross-source-prevalence-v1,resolved-third-party-learner-identity
klose,4,KV001320,,,allowed,learning::klose::third-party-primary,002784,add-allowed,1,1,3,preserve-existing-allowed-then-cross-source-prevalence-v1,resolved-third-party-learner-identity
klose,4,KV001321,,,allowed,learning::klose::third-party-primary,001545,add-allowed,2,2,1,preserve-existing-allowed-then-cross-source-prevalence-v1,resolved-third-party-learner-identity
klose,4,KV001322,,,allowed,learning::klose::third-party-primary,001546,add-allowed,2,2,1,preserve-existing-allowed-then-cross-source-prevalence-v1,resolved-third-party-learner-identity
klose,4,KV001323,,,allowed,learning::klose::third-party-primary,001929,add-allowed,1,1,1,preserve-existing-allowed-then-cross-source-prevalence-v1,resolved-third-party-learner-identity
klose,4,KV001324,,,allowed,learning::klose::third-party-primary,001930,add-allowed,1,1,1,preserve-existing-allowed-then-cross-source-prevalence-v1,resolved-third-party-learner-identity
klose,4,KV001325,,,allowed,learning::klose::third-party-primary,001547,add-allowed,2,2,1,preserve-existing-allowed-then-cross-source-prevalence-v1,resolved-third-party-learner-identity
klose,4,KV001326,,,allowed,learning::klose::third-party-primary,001932,add-allowed,1,1,1,preserve-existing-allowed-then-cross-source-prevalence-v1,resolved-third-party-learner-identity
klose,4,KV001327,,,allowed,learning::klose::third-party-primary,002508,add-allowed,1,1,2,preserve-existing-allowed-then-cross-source-prevalence-v1,resolved-third-party-learner-identity
klose,4,KV001328,,,allowed,learning::klose::third-party-primary,001146,add-allowed,5,5,1,preserve-existing-allowed-then-cross-source-prevalence-v1,resolved-third-party-learner-identity
klose,4,KV001329,,,allowed,learning::klose::third-party-primary,001076,add-allowed,6,6,1,preserve-existing-allowed-then-cross-source-prevalence-v1,resolved-third-party-learner-identity
klose,4,KV001330,,,allowed,learning::klose::third-party-primary,001350,add-allowed,3,3,1,preserve-existing-allowed-then-cross-source-prevalence-v1,resolved-third-party-learner-identity
klose,4,KV001331,,,allowed,learning::klose::third-party-primary,001548,add-allowed,2,2,1,preserve-existing-allowed-then-cross-source-prevalence-v1,resolved-third-party-learner-identity
klose,4,KV001332,,,allowed,learning::klose::third-party-primary,001351,add-allowed,3,3,1,preserve-existing-allowed-then-cross-source-prevalence-v1,resolved-third-party-learner-identity
klose,4,KV001333,,,allowed,learning::klose::third-party-primary,000834,add-allowed,15,15,1,preserve-existing-allowed-then-cross-source-prevalence-v1,resolved-third-party-learner-identity
klose,4,KV001334,,,allowed,learning::klose::third-party-primary,002785,add-allowed,1,1,3,preserve-existing-allowed-then-cross-source-prevalence-v1,resolved-third-party-learner-identity
klose,4,KV001335,,,allowed,learning::klose::third-party-primary,001329,add-allowed,3,4,1,preserve-existing-allowed-then-cross-source-prevalence-v1,resolved-third-party-learner-identity
klose,4,KV001336,,,allowed,learning::klose::third-party-primary,001352,add-allowed,3,3,1,preserve-existing-allowed-then-cross-source-prevalence-v1,resolved-third-party-learner-identity
klose,4,KV001337,,,allowed,learning::klose::third-party-primary,000747,add-allowed,18,19,1,preserve-existing-allowed-then-cross-source-prevalence-v1,resolved-third-party-learner-identity
klose,4,KV001338,,,allowed,learning::klose::third-party-primary,002509,add-allowed,1,1,2,preserve-existing-allowed-then-cross-source-prevalence-v1,resolved-third-party-learner-identity
klose,4,KV001339,,,allowed,learning::klose::third-party-primary,001549,add-allowed,2,2,1,preserve-existing-allowed-then-cross-source-prevalence-v1,resolved-third-party-learner-identity
klose,4,KV001340,,,allowed,learning::klose::third-party-primary,001330,add-allowed,3,4,1,preserve-existing-allowed-then-cross-source-prevalence-v1,resolved-third-party-learner-identity
klose,4,KV001341,,,allowed,learning::klose::third-party-primary,001864,add-allowed,1,2,1,preserve-existing-allowed-then-cross-source-prevalence-v1,resolved-third-party-learner-identity
klose,4,KV001342,,,allowed,learning::klose::third-party-primary,002510,add-allowed,1,1,2,preserve-existing-allowed-then-cross-source-prevalence-v1,resolved-third-party-learner-identity
klose,4,KV001343,,,allowed,learning::klose::third-party-primary,001933,add-allowed,1,1,1,preserve-existing-allowed-then-cross-source-prevalence-v1,resolved-third-party-learner-identity
klose,4,KV001344,,,allowed,learning::klose::third-party-primary,001934,add-allowed,1,1,1,preserve-existing-allowed-then-cross-source-prevalence-v1,resolved-third-party-learner-identity
klose,4,KV001345,,,allowed,learning::klose::third-party-primary,001935,add-allowed,1,1,1,preserve-existing-allowed-then-cross-source-prevalence-v1,resolved-third-party-learner-identity
klose,4,KV001346,,,allowed,learning::klose::third-party-primary,001936,add-allowed,1,1,1,preserve-existing-allowed-then-cross-source-prevalence-v1,resolved-third-party-learner-identity
klose,4,KV001347,,,allowed,learning::klose::third-party-primary,001937,add-allowed,1,1,1,preserve-existing-allowed-then-cross-source-prevalence-v1,resolved-third-party-learner-identity
klose,4,KV001348,,,allowed,learning::klose::third-party-primary,001223,add-allowed,4,6,1,preserve-existing-allowed-then-cross-source-prevalence-v1,resolved-third-party-learner-identity
klose,4,KV001349,,,allowed,learning::klose::third-party-primary,001236,add-allowed,4,4,1,preserve-existing-allowed-then-cross-source-prevalence-v1,resolved-third-party-learner-identity
klose,4,KV001350,,,allowed,learning::klose::third-party-primary,002511,add-allowed,1,1,2,preserve-existing-allowed-then-cross-source-prevalence-v1,resolved-third-party-learner-identity
klose,4,KV001351,,,allowed,learning::klose::third-party-primary,002512,add-allowed,1,1,2,preserve-existing-allowed-then-cross-source-prevalence-v1,resolved-third-party-learner-identity
klose,4,KV001352,,,allowed,learning::klose::third-party-primary,001938,add-allowed,1,1,1,preserve-existing-allowed-then-cross-source-prevalence-v1,resolved-third-party-learner-identity
klose,4,KV001353,,,allowed,learning::klose::third-party-primary,001939,add-allowed,1,1,1,preserve-existing-allowed-then-cross-source-prevalence-v1,resolved-third-party-learner-identity
klose,4,KV001354,,,allowed,learning::klose::third-party-primary,001353,add-allowed,3,3,1,preserve-existing-allowed-then-cross-source-prevalence-v1,resolved-third-party-learner-identity
klose,4,KV001355,,,allowed,learning::klose::third-party-primary,002513,add-allowed,1,1,2,preserve-existing-allowed-then-cross-source-prevalence-v1,resolved-third-party-learner-identity
klose,4,KV001356,,,allowed,learning::klose::third-party-primary,002514,add-allowed,1,1,2,preserve-existing-allowed-then-cross-source-prevalence-v1,resolved-third-party-learner-identity
klose,4,KV001357,,,allowed,learning::klose::third-party-primary,001940,add-allowed,1,1,1,preserve-existing-allowed-then-cross-source-prevalence-v1,resolved-third-party-learner-identity
klose,4,KV001358,,,allowed,learning::klose::third-party-primary,001517,add-allowed,2,3,1,preserve-existing-allowed-then-cross-source-prevalence-v1,resolved-third-party-learner-identity
klose,4,KV001359,,,allowed,learning::klose::third-party-primary,001551,add-allowed,2,2,1,preserve-existing-allowed-then-cross-source-prevalence-v1,resolved-third-party-learner-identity
klose,4,KV001360,,,allowed,learning::klose::third-party-primary,001552,add-allowed,2,2,1,preserve-existing-allowed-then-cross-source-prevalence-v1,resolved-third-party-learner-identity
klose,4,KV001361,,,allowed,learning::klose::third-party-primary,001354,add-allowed,3,3,1,preserve-existing-allowed-then-cross-source-prevalence-v1,resolved-third-party-learner-identity
klose,4,KV001362,,,allowed,learning::klose::third-party-primary,001941,add-allowed,1,1,1,preserve-existing-allowed-then-cross-source-prevalence-v1,resolved-third-party-learner-identity
klose,4,KV001363,,,allowed,learning::klose::third-party-primary,001553,add-allowed,2,2,1,preserve-existing-allowed-then-cross-source-prevalence-v1,resolved-third-party-learner-identity
klose,4,KV001364,,,allowed,learning::klose::third-party-primary,001011,add-allowed,7,8,1,preserve-existing-allowed-then-cross-source-prevalence-v1,resolved-third-party-learner-identity
klose,4,KV001365,,,allowed,learning::klose::third-party-primary,001148,add-allowed,5,5,1,preserve-existing-allowed-then-cross-source-prevalence-v1,resolved-third-party-learner-identity
klose,4,KV001366,,,allowed,learning::klose::third-party-primary,001942,add-allowed,1,1,1,preserve-existing-allowed-then-cross-source-prevalence-v1,resolved-third-party-learner-identity
klose,4,KV001367,,,allowed,learning::klose::third-party-primary,001943,add-allowed,1,1,1,preserve-existing-allowed-then-cross-source-prevalence-v1,resolved-third-party-learner-identity
klose,4,KV001368,,,allowed,learning::klose::third-party-primary,002786,add-allowed,1,1,3,preserve-existing-allowed-then-cross-source-prevalence-v1,resolved-third-party-learner-identity
klose,4,KV001369,,,allowed,learning::klose::third-party-primary,001944,add-allowed,1,1,1,preserve-existing-allowed-then-cross-source-prevalence-v1,resolved-third-party-learner-identity
klose,4,KV001370,,,allowed,learning::klose::third-party-primary,001945,add-allowed,1,1,1,preserve-existing-allowed-then-cross-source-prevalence-v1,resolved-third-party-learner-identity
klose,4,KV001371,,,allowed,learning::klose::third-party-primary,001946,add-allowed,1,1,1,preserve-existing-allowed-then-cross-source-prevalence-v1,resolved-third-party-learner-identity
klose,4,KV001372,,,allowed,learning::klose::third-party-primary,001237,add-allowed,4,4,1,preserve-existing-allowed-then-cross-source-prevalence-v1,resolved-third-party-learner-identity
klose,4,KV001373,,,allowed,learning::klose::third-party-primary,001947,add-allowed,1,1,1,preserve-existing-allowed-then-cross-source-prevalence-v1,resolved-third-party-learner-identity
klose,4,KV001374,,,allowed,learning::klose::third-party-primary,000779,add-allowed,17,17,1,preserve-existing-allowed-then-cross-source-prevalence-v1,resolved-third-party-learner-identity
klose,4,KV001375,,,allowed,learning::klose::third-party-primary,001948,add-allowed,1,1,1,preserve-existing-allowed-then-cross-source-prevalence-v1,resolved-third-party-learner-identity
klose,4,KV001376,,,allowed,learning::klose::third-party-primary,001077,add-allowed,6,6,1,preserve-existing-allowed-then-cross-source-prevalence-v1,resolved-third-party-learner-identity
klose,4,KV001377,,,allowed,learning::klose::third-party-primary,001149,add-allowed,5,5,1,preserve-existing-allowed-then-cross-source-prevalence-v1,resolved-third-party-learner-identity
klose,4,KV001378,,,allowed,learning::klose::third-party-primary,001949,add-allowed,1,1,1,preserve-existing-allowed-then-cross-source-prevalence-v1,resolved-third-party-learner-identity
klose,4,KV001379,,,allowed,learning::klose::third-party-primary,002515,add-allowed,1,1,2,preserve-existing-allowed-then-cross-source-prevalence-v1,resolved-third-party-learner-identity
klose,4,KV001380,,,allowed,learning::klose::third-party-primary,001950,add-allowed,1,1,1,preserve-existing-allowed-then-cross-source-prevalence-v1,resolved-third-party-learner-identity
klose,4,KV001381,,,allowed,learning::klose::third-party-primary,001355,add-allowed,3,3,1,preserve-existing-allowed-then-cross-source-prevalence-v1,resolved-third-party-learner-identity
klose,4,KV001382,,,allowed,learning::klose::third-party-primary,001951,add-allowed,1,1,1,preserve-existing-allowed-then-cross-source-prevalence-v1,resolved-third-party-learner-identity
klose,4,KV001383,,,allowed,learning::klose::third-party-primary,000740,add-allowed,18,20,1,preserve-existing-allowed-then-cross-source-prevalence-v1,resolved-third-party-learner-identity
klose,4,KV001384,,,allowed,learning::klose::third-party-primary,001022,add-allowed,7,7,1,preserve-existing-allowed-then-cross-source-prevalence-v1,resolved-third-party-learner-identity
klose,4,KV001385,,,allowed,learning::klose::third-party-primary,001952,add-allowed,1,1,1,preserve-existing-allowed-then-cross-source-prevalence-v1,resolved-third-party-learner-identity
klose,4,KV001386,,,allowed,learning::klose::third-party-primary,001953,add-allowed,1,1,1,preserve-existing-allowed-then-cross-source-prevalence-v1,resolved-third-party-learner-identity
klose,4,KV001387,,,allowed,learning::klose::third-party-primary,000980,add-allowed,8,8,1,preserve-existing-allowed-then-cross-source-prevalence-v1,resolved-third-party-learner-identity
klose,4,KV001388,,,allowed,learning::klose::third-party-primary,001954,add-allowed,1,1,1,preserve-existing-allowed-then-cross-source-prevalence-v1,resolved-third-party-learner-identity
klose,4,KV001389,,,allowed,learning::klose::third-party-primary,000896,add-allowed,11,12,1,preserve-existing-allowed-then-cross-source-prevalence-v1,resolved-third-party-learner-identity
klose,4,KV001390,,,allowed,learning::klose::third-party-primary,001955,add-allowed,1,1,1,preserve-existing-allowed-then-cross-source-prevalence-v1,resolved-third-party-learner-identity
klose,4,KV001391,,,allowed,learning::klose::third-party-primary,001956,add-allowed,1,1,1,preserve-existing-allowed-then-cross-source-prevalence-v1,resolved-third-party-learner-identity
klose,4,KV001392,,,allowed,learning::klose::third-party-primary,001554,add-allowed,2,2,1,preserve-existing-allowed-then-cross-source-prevalence-v1,resolved-third-party-learner-identity
klose,4,KV001393,,,allowed,learning::klose::third-party-primary,002516,add-allowed,1,1,2,preserve-existing-allowed-then-cross-source-prevalence-v1,resolved-third-party-learner-identity
klose,4,KV001394,,,allowed,learning::klose::third-party-primary,001555,add-allowed,2,2,1,preserve-existing-allowed-then-cross-source-prevalence-v1,resolved-third-party-learner-identity
klose,4,KV001395,,,allowed,learning::klose::third-party-primary,001957,add-allowed,1,1,1,preserve-existing-allowed-then-cross-source-prevalence-v1,resolved-third-party-learner-identity
klose,4,KV001396,,,allowed,learning::klose::third-party-primary,001958,add-allowed,1,1,1,preserve-existing-allowed-then-cross-source-prevalence-v1,resolved-third-party-learner-identity
klose,4,KV001397,,,allowed,learning::klose::third-party-primary,001959,add-allowed,1,1,1,preserve-existing-allowed-then-cross-source-prevalence-v1,resolved-third-party-learner-identity
klose,4,KV001398,,,allowed,learning::klose::third-party-primary,002517,add-allowed,1,1,2,preserve-existing-allowed-then-cross-source-prevalence-v1,resolved-third-party-learner-identity
klose,4,KV001399,,,allowed,learning::klose::third-party-primary,000734,add-allowed,18,21,1,preserve-existing-allowed-then-cross-source-prevalence-v1,resolved-third-party-learner-identity
klose,4,KV001400,,,allowed,learning::klose::third-party-primary,001960,add-allowed,1,1,1,preserve-existing-allowed-then-cross-source-prevalence-v1,resolved-third-party-learner-identity
klose,4,KV001401,,,allowed,learning::klose::third-party-primary,001556,add-allowed,2,2,1,preserve-existing-allowed-then-cross-source-prevalence-v1,resolved-third-party-learner-identity
klose,4,KV001402,,,allowed,learning::klose::third-party-primary,001557,add-allowed,2,2,1,preserve-existing-allowed-then-cross-source-prevalence-v1,resolved-third-party-learner-identity
klose,4,KV001403,,,allowed,learning::klose::third-party-primary,001558,add-allowed,2,2,1,preserve-existing-allowed-then-cross-source-prevalence-v1,resolved-third-party-learner-identity
klose,4,KV001404,,,allowed,learning::klose::third-party-primary,001961,add-allowed,1,1,1,preserve-existing-allowed-then-cross-source-prevalence-v1,resolved-third-party-learner-identity
klose,4,KV001405,,,allowed,learning::klose::third-party-primary,000816,add-allowed,15,19,1,preserve-existing-allowed-then-cross-source-prevalence-v1,resolved-third-party-learner-identity
klose,4,KV001406,,,allowed,learning::klose::third-party-primary,002520,add-allowed,1,1,2,preserve-existing-allowed-then-cross-source-prevalence-v1,resolved-third-party-learner-identity
klose,4,KV001407,,,allowed,learning::klose::third-party-primary,000981,add-allowed,8,8,1,preserve-existing-allowed-then-cross-source-prevalence-v1,resolved-third-party-learner-identity
klose,4,KV001408,,,allowed,learning::klose::third-party-primary,001865,add-allowed,1,2,1,preserve-existing-allowed-then-cross-source-prevalence-v1,resolved-third-party-learner-identity
klose,4,KV001409,,,allowed,learning::klose::third-party-primary,001559,add-allowed,2,2,1,preserve-existing-allowed-then-cross-source-prevalence-v1,resolved-third-party-learner-identity
klose,4,KV001410,,,allowed,learning::klose::third-party-primary,001962,add-allowed,1,1,1,preserve-existing-allowed-then-cross-source-prevalence-v1,resolved-third-party-learner-identity
klose,4,KV001411,,,allowed,learning::klose::third-party-primary,001963,add-allowed,1,1,1,preserve-existing-allowed-then-cross-source-prevalence-v1,resolved-third-party-learner-identity
klose,4,KV001412,,,allowed,learning::klose::third-party-primary,001964,add-allowed,1,1,1,preserve-existing-allowed-then-cross-source-prevalence-v1,resolved-third-party-learner-identity
klose,4,KV001413,,,allowed,learning::klose::third-party-primary,001356,add-allowed,3,3,1,preserve-existing-allowed-then-cross-source-prevalence-v1,resolved-third-party-learner-identity
klose,4,KV001414,,,allowed,learning::klose::third-party-primary,001965,add-allowed,1,1,1,preserve-existing-allowed-then-cross-source-prevalence-v1,resolved-third-party-learner-identity
klose,4,KV001415,,,allowed,learning::klose::third-party-primary,000904,add-allowed,11,11,1,preserve-existing-allowed-then-cross-source-prevalence-v1,resolved-third-party-learner-identity
klose,4,KV001416,,,allowed,learning::klose::third-party-primary,001966,add-allowed,1,1,1,preserve-existing-allowed-then-cross-source-prevalence-v1,resolved-third-party-learner-identity
klose,4,KV001417,,,allowed,learning::klose::third-party-primary,001561,add-allowed,2,2,1,preserve-existing-allowed-then-cross-source-prevalence-v1,resolved-third-party-learner-identity
klose,4,KV001418,,,allowed,learning::klose::third-party-primary,001151,add-allowed,5,5,1,preserve-existing-allowed-then-cross-source-prevalence-v1,resolved-third-party-learner-identity
klose,4,KV001419,,,allowed,learning::klose::third-party-primary,002522,add-allowed,1,1,2,preserve-existing-allowed-then-cross-source-prevalence-v1,resolved-third-party-learner-identity
klose,4,KV001420,,,allowed,learning::klose::third-party-primary,001518,add-allowed,2,3,1,preserve-existing-allowed-then-cross-source-prevalence-v1,resolved-third-party-learner-identity
klose,4,KV001421,,,allowed,learning::klose::third-party-primary,001023,add-allowed,7,7,1,preserve-existing-allowed-then-cross-source-prevalence-v1,resolved-third-party-learner-identity
klose,4,KV001422,,,allowed,learning::klose::third-party-primary,001967,add-allowed,1,1,1,preserve-existing-allowed-then-cross-source-prevalence-v1,resolved-third-party-learner-identity
klose,4,KV001423,,,allowed,learning::klose::third-party-primary,001774,add-allowed,2,2,2,preserve-existing-allowed-then-cross-source-prevalence-v1,resolved-third-party-learner-identity
klose,4,KV001424,,,allowed,learning::klose::third-party-primary,001968,add-allowed,1,1,1,preserve-existing-allowed-then-cross-source-prevalence-v1,resolved-third-party-learner-identity
klose,4,KV001425,,,allowed,learning::klose::third-party-primary,001969,add-allowed,1,1,1,preserve-existing-allowed-then-cross-source-prevalence-v1,resolved-third-party-learner-identity
klose,4,KV001426,,,allowed,learning::klose::third-party-primary,001562,add-allowed,2,2,1,preserve-existing-allowed-then-cross-source-prevalence-v1,resolved-third-party-learner-identity
klose,4,KV001427,,,allowed,learning::klose::third-party-primary,000905,add-allowed,11,11,1,preserve-existing-allowed-then-cross-source-prevalence-v1,resolved-third-party-learner-identity
klose,4,KV001428,,,allowed,learning::klose::third-party-primary,001563,add-allowed,2,2,1,preserve-existing-allowed-then-cross-source-prevalence-v1,resolved-third-party-learner-identity
klose,4,KV001429,,,allowed,learning::klose::third-party-primary,001970,add-allowed,1,1,1,preserve-existing-allowed-then-cross-source-prevalence-v1,resolved-third-party-learner-identity
klose,4,KV001430,,,allowed,learning::klose::third-party-primary,000920,add-allowed,10,13,1,preserve-existing-allowed-then-cross-source-prevalence-v1,resolved-third-party-learner-identity
klose,4,KV001431,,,allowed,learning::klose::third-party-primary,001152,add-allowed,5,5,1,preserve-existing-allowed-then-cross-source-prevalence-v1,resolved-third-party-learner-identity
klose,4,KV001432,,,allowed,learning::klose::third-party-primary,001565,add-allowed,2,2,1,preserve-existing-allowed-then-cross-source-prevalence-v1,resolved-third-party-learner-identity
klose,4,KV001433,,,allowed,learning::klose::third-party-primary,001971,add-allowed,1,1,1,preserve-existing-allowed-then-cross-source-prevalence-v1,resolved-third-party-learner-identity
klose,4,KV001434,,,allowed,learning::klose::third-party-primary,001566,add-allowed,2,2,1,preserve-existing-allowed-then-cross-source-prevalence-v1,resolved-third-party-learner-identity
klose,4,KV001435,,,allowed,learning::klose::third-party-primary,002523,add-allowed,1,1,2,preserve-existing-allowed-then-cross-source-prevalence-v1,resolved-third-party-learner-identity
klose,4,KV001436,,,allowed,learning::klose::third-party-primary,001972,add-allowed,1,1,1,preserve-existing-allowed-then-cross-source-prevalence-v1,resolved-third-party-learner-identity
klose,4,KV001437,,,allowed,learning::klose::third-party-primary,001078,add-allowed,6,6,1,preserve-existing-allowed-then-cross-source-prevalence-v1,resolved-third-party-learner-identity
klose,4,KV001438,,,allowed,learning::klose::third-party-primary,002524,add-allowed,1,1,2,preserve-existing-allowed-then-cross-source-prevalence-v1,resolved-third-party-learner-identity
klose,4,KV001439,,,allowed,learning::klose::third-party-primary,002525,add-allowed,1,1,2,preserve-existing-allowed-then-cross-source-prevalence-v1,resolved-third-party-learner-identity
klose,4,KV001440,,,allowed,learning::klose::third-party-primary,001973,add-allowed,1,1,1,preserve-existing-allowed-then-cross-source-prevalence-v1,resolved-third-party-learner-identity
klose,4,KV001441,,,allowed,learning::klose::third-party-primary,001974,add-allowed,1,1,1,preserve-existing-allowed-then-cross-source-prevalence-v1,resolved-third-party-learner-identity
klose,4,KV001442,,,allowed,learning::klose::third-party-primary,001567,add-allowed,2,2,1,preserve-existing-allowed-then-cross-source-prevalence-v1,resolved-third-party-learner-identity
klose,4,KV001443,,,allowed,learning::klose::third-party-primary,001058,add-allowed,6,8,1,preserve-existing-allowed-then-cross-source-prevalence-v1,resolved-third-party-learner-identity
klose,4,KV001444,,,allowed,learning::klose::third-party-primary,001975,add-allowed,1,1,1,preserve-existing-allowed-then-cross-source-prevalence-v1,resolved-third-party-learner-identity
klose,4,KV001445,,,allowed,learning::klose::third-party-primary,001976,add-allowed,1,1,1,preserve-existing-allowed-then-cross-source-prevalence-v1,resolved-third-party-learner-identity
klose,4,KV001446,,,allowed,learning::klose::third-party-primary,001977,add-allowed,1,1,1,preserve-existing-allowed-then-cross-source-prevalence-v1,resolved-third-party-learner-identity
klose,4,KV001447,,,allowed,learning::klose::third-party-primary,001978,add-allowed,1,1,1,preserve-existing-allowed-then-cross-source-prevalence-v1,resolved-third-party-learner-identity
klose,4,KV001448,,,allowed,learning::klose::third-party-primary,001979,add-allowed,1,1,1,preserve-existing-allowed-then-cross-source-prevalence-v1,resolved-third-party-learner-identity
klose,4,KV001449,,,allowed,learning::klose::third-party-primary,001980,add-allowed,1,1,1,preserve-existing-allowed-then-cross-source-prevalence-v1,resolved-third-party-learner-identity
klose,4,KV001450,,,allowed,learning::klose::third-party-primary,001569,add-allowed,2,2,1,preserve-existing-allowed-then-cross-source-prevalence-v1,resolved-third-party-learner-identity
klose,4,KV001451,,,allowed,learning::klose::third-party-primary,001981,add-allowed,1,1,1,preserve-existing-allowed-then-cross-source-prevalence-v1,resolved-third-party-learner-identity
klose,4,KV001452,,,allowed,learning::klose::third-party-primary,001982,add-allowed,1,1,1,preserve-existing-allowed-then-cross-source-prevalence-v1,resolved-third-party-learner-identity
klose,4,KV001453,,,allowed,learning::klose::third-party-primary,002526,add-allowed,1,1,2,preserve-existing-allowed-then-cross-source-prevalence-v1,resolved-third-party-learner-identity
klose,4,KV001454,,,allowed,learning::klose::third-party-primary,001983,add-allowed,1,1,1,preserve-existing-allowed-then-cross-source-prevalence-v1,resolved-third-party-learner-identity
klose,4,KV001455,,,allowed,learning::klose::third-party-primary,002527,add-allowed,1,1,2,preserve-existing-allowed-then-cross-source-prevalence-v1,resolved-third-party-learner-identity
klose,4,KV001456,,,allowed,learning::klose::third-party-primary,001153,add-allowed,5,5,1,preserve-existing-allowed-then-cross-source-prevalence-v1,resolved-third-party-learner-identity
klose,4,KV001457,,,allowed,learning::klose::third-party-primary,001357,add-allowed,3,3,1,preserve-existing-allowed-then-cross-source-prevalence-v1,resolved-third-party-learner-identity
klose,4,KV001458,,,allowed,learning::klose::third-party-primary,001239,add-allowed,4,4,1,preserve-existing-allowed-then-cross-source-prevalence-v1,resolved-third-party-learner-identity
klose,4,KV001459,,,allowed,learning::klose::third-party-primary,002528,add-allowed,1,1,2,preserve-existing-allowed-then-cross-source-prevalence-v1,resolved-third-party-learner-identity
klose,4,KV001460,,,allowed,learning::klose::third-party-primary,001331,add-allowed,3,4,1,preserve-existing-allowed-then-cross-source-prevalence-v1,resolved-third-party-learner-identity
klose,4,KV001461,,,allowed,learning::klose::third-party-primary,000880,add-allowed,12,13,1,preserve-existing-allowed-then-cross-source-prevalence-v1,resolved-third-party-learner-identity
klose,4,KV001462,,,allowed,learning::klose::third-party-primary,001984,add-allowed,1,1,1,preserve-existing-allowed-then-cross-source-prevalence-v1,resolved-third-party-learner-identity
klose,4,KV001463,,,allowed,learning::klose::third-party-primary,002788,add-allowed,1,1,3,preserve-existing-allowed-then-cross-source-prevalence-v1,resolved-third-party-learner-identity
klose,4,KV001464,,,allowed,learning::klose::third-party-primary,002789,add-allowed,1,1,3,preserve-existing-allowed-then-cross-source-prevalence-v1,resolved-third-party-learner-identity
klose,4,KV001465,,,allowed,learning::klose::third-party-primary,001985,add-allowed,1,1,1,preserve-existing-allowed-then-cross-source-prevalence-v1,resolved-third-party-learner-identity
klose,4,KV001466,,,allowed,learning::klose::third-party-primary,001986,add-allowed,1,1,1,preserve-existing-allowed-then-cross-source-prevalence-v1,resolved-third-party-learner-identity
klose,4,KV001467,,,allowed,learning::klose::third-party-primary,001987,add-allowed,1,1,1,preserve-existing-allowed-then-cross-source-prevalence-v1,resolved-third-party-learner-identity
klose,4,KV001468,,,allowed,learning::klose::third-party-primary,001358,add-allowed,3,3,1,preserve-existing-allowed-then-cross-source-prevalence-v1,resolved-third-party-learner-identity
klose,4,KV001469,,,allowed,learning::klose::third-party-primary,002529,add-allowed,1,1,2,preserve-existing-allowed-then-cross-source-prevalence-v1,resolved-third-party-learner-identity
klose,4,KV001470,,,allowed,learning::klose::third-party-primary,001775,add-allowed,2,2,2,preserve-existing-allowed-then-cross-source-prevalence-v1,resolved-third-party-learner-identity
klose,4,KV001471,,,allowed,learning::klose::third-party-primary,002790,add-allowed,1,1,3,preserve-existing-allowed-then-cross-source-prevalence-v1,resolved-third-party-learner-identity
klose,4,KV001472,,,allowed,learning::klose::third-party-primary,002530,add-allowed,1,1,2,preserve-existing-allowed-then-cross-source-prevalence-v1,resolved-third-party-learner-identity
klose,4,KV001473,,,allowed,learning::klose::third-party-primary,002791,add-allowed,1,1,3,preserve-existing-allowed-then-cross-source-prevalence-v1,resolved-third-party-learner-identity
klose,4,KV001474,,,allowed,learning::klose::third-party-primary,002891,add-allowed,1,1,5,preserve-existing-allowed-then-cross-source-prevalence-v1,resolved-third-party-learner-identity
klose,4,KV001475,,,allowed,learning::klose::third-party-primary,002892,add-allowed,1,1,5,preserve-existing-allowed-then-cross-source-prevalence-v1,resolved-third-party-learner-identity
klose,4,KV001476,,,allowed,learning::klose::third-party-primary,001359,add-allowed,3,3,1,preserve-existing-allowed-then-cross-source-prevalence-v1,resolved-third-party-learner-identity
klose,4,KV001477,,,allowed,learning::klose::third-party-primary,000906,add-allowed,11,11,1,preserve-existing-allowed-then-cross-source-prevalence-v1,resolved-third-party-learner-identity
klose,4,KV001478,,,allowed,learning::klose::third-party-primary,001988,add-allowed,1,1,1,preserve-existing-allowed-then-cross-source-prevalence-v1,resolved-third-party-learner-identity
klose,4,KV001479,,,allowed,learning::klose::third-party-primary,002531,add-allowed,1,1,2,preserve-existing-allowed-then-cross-source-prevalence-v1,resolved-third-party-learner-identity
klose,4,KV001480,,,allowed,learning::klose::third-party-primary,001332,add-allowed,3,4,1,preserve-existing-allowed-then-cross-source-prevalence-v1,resolved-third-party-learner-identity
klose,4,KV001481,,,allowed,learning::klose::third-party-primary,001570,add-allowed,2,2,1,preserve-existing-allowed-then-cross-source-prevalence-v1,resolved-third-party-learner-identity
klose,4,KV001482,,,allowed,learning::klose::third-party-primary,001989,add-allowed,1,1,1,preserve-existing-allowed-then-cross-source-prevalence-v1,resolved-third-party-learner-identity
klose,4,KV001483,,,allowed,learning::klose::third-party-primary,002532,add-allowed,1,1,2,preserve-existing-allowed-then-cross-source-prevalence-v1,resolved-third-party-learner-identity
klose,4,KV001484,,,allowed,learning::klose::third-party-primary,001990,add-allowed,1,1,1,preserve-existing-allowed-then-cross-source-prevalence-v1,resolved-third-party-learner-identity
klose,4,KV001485,,,allowed,learning::klose::third-party-primary,001991,add-allowed,1,1,1,preserve-existing-allowed-then-cross-source-prevalence-v1,resolved-third-party-learner-identity
klose,4,KV001486,,,allowed,learning::klose::third-party-primary,000771,add-allowed,17,18,1,preserve-existing-allowed-then-cross-source-prevalence-v1,resolved-third-party-learner-identity
klose,4,KV001487,,,allowed,learning::klose::third-party-primary,000955,add-allowed,9,9,1,preserve-existing-allowed-then-cross-source-prevalence-v1,resolved-third-party-learner-identity
klose,4,KV001488,,,allowed,learning::klose::third-party-primary,001992,add-allowed,1,1,1,preserve-existing-allowed-then-cross-source-prevalence-v1,resolved-third-party-learner-identity
klose,4,KV001489,,,allowed,learning::klose::third-party-primary,001571,add-allowed,2,2,1,preserve-existing-allowed-then-cross-source-prevalence-v1,resolved-third-party-learner-identity
klose,4,KV001490,,,allowed,learning::klose::third-party-primary,002533,add-allowed,1,1,2,preserve-existing-allowed-then-cross-source-prevalence-v1,resolved-third-party-learner-identity
klose,4,KV001491,,,allowed,learning::klose::third-party-primary,002792,add-allowed,1,1,3,preserve-existing-allowed-then-cross-source-prevalence-v1,resolved-third-party-learner-identity
klose,4,KV001492,,,allowed,learning::klose::third-party-primary,001154,add-allowed,5,5,1,preserve-existing-allowed-then-cross-source-prevalence-v1,resolved-third-party-learner-identity
klose,4,KV001493,,,allowed,learning::klose::third-party-primary,001572,add-allowed,2,2,1,preserve-existing-allowed-then-cross-source-prevalence-v1,resolved-third-party-learner-identity
klose,4,KV001494,,,allowed,learning::klose::third-party-primary,002534,add-allowed,1,1,2,preserve-existing-allowed-then-cross-source-prevalence-v1,resolved-third-party-learner-identity
klose,4,KV001495,,,allowed,learning::klose::third-party-primary,001360,add-allowed,3,3,1,preserve-existing-allowed-then-cross-source-prevalence-v1,resolved-third-party-learner-identity
klose,4,KV001496,,,allowed,learning::klose::third-party-primary,000970,add-allowed,8,9,1,preserve-existing-allowed-then-cross-source-prevalence-v1,resolved-third-party-learner-identity
klose,4,KV001497,,,allowed,learning::klose::third-party-primary,001993,add-allowed,1,1,1,preserve-existing-allowed-then-cross-source-prevalence-v1,resolved-third-party-learner-identity
klose,4,KV001498,,,allowed,learning::klose::third-party-primary,001994,add-allowed,1,1,1,preserve-existing-allowed-then-cross-source-prevalence-v1,resolved-third-party-learner-identity
klose,4,KV001499,,,allowed,learning::klose::third-party-primary,001995,add-allowed,1,1,1,preserve-existing-allowed-then-cross-source-prevalence-v1,resolved-third-party-learner-identity
klose,4,KV001500,,,allowed,learning::klose::third-party-primary,000982,add-allowed,8,8,1,preserve-existing-allowed-then-cross-source-prevalence-v1,resolved-third-party-learner-identity
klose,4,KV001501,,,allowed,learning::klose::third-party-primary,001361,add-allowed,3,3,1,preserve-existing-allowed-then-cross-source-prevalence-v1,resolved-third-party-learner-identity
klose,4,KV001502,,,allowed,learning::klose::third-party-primary,001240,add-allowed,4,4,1,preserve-existing-allowed-then-cross-source-prevalence-v1,resolved-third-party-learner-identity
klose,4,KV001503,,,allowed,learning::klose::third-party-primary,001996,add-allowed,1,1,1,preserve-existing-allowed-then-cross-source-prevalence-v1,resolved-third-party-learner-identity
klose,4,KV001504,,,allowed,learning::klose::third-party-primary,000956,add-allowed,9,9,1,preserve-existing-allowed-then-cross-source-prevalence-v1,resolved-third-party-learner-identity
klose,4,KV001505,,,allowed,learning::klose::third-party-primary,001997,add-allowed,1,1,1,preserve-existing-allowed-then-cross-source-prevalence-v1,resolved-third-party-learner-identity
klose,4,KV001506,,,allowed,learning::klose::third-party-primary,001998,add-allowed,1,1,1,preserve-existing-allowed-then-cross-source-prevalence-v1,resolved-third-party-learner-identity
klose,4,KV001507,,,allowed,learning::klose::third-party-primary,001999,add-allowed,1,1,1,preserve-existing-allowed-then-cross-source-prevalence-v1,resolved-third-party-learner-identity
klose,4,KV001508,,,allowed,learning::klose::third-party-primary,001362,add-allowed,3,3,1,preserve-existing-allowed-then-cross-source-prevalence-v1,resolved-third-party-learner-identity
klose,4,KV001509,,,allowed,learning::klose::third-party-primary,002000,add-allowed,1,1,1,preserve-existing-allowed-then-cross-source-prevalence-v1,resolved-third-party-learner-identity
klose,4,KV001510,,,allowed,learning::klose::third-party-primary,001208,add-allowed,5,5,2,preserve-existing-allowed-then-cross-source-prevalence-v1,resolved-third-party-learner-identity
klose,4,KV001511,,,allowed,learning::klose::third-party-primary,001463,add-allowed,3,3,2,preserve-existing-allowed-then-cross-source-prevalence-v1,resolved-third-party-learner-identity
klose,4,KV001512,,,allowed,learning::klose::third-party-primary,002794,add-allowed,1,1,3,preserve-existing-allowed-then-cross-source-prevalence-v1,resolved-third-party-learner-identity
klose,4,KV001513,,,allowed,learning::klose::third-party-primary,002001,add-allowed,1,1,1,preserve-existing-allowed-then-cross-source-prevalence-v1,resolved-third-party-learner-identity
klose,4,KV001514,,,allowed,learning::klose::third-party-primary,001573,add-allowed,2,2,1,preserve-existing-allowed-then-cross-source-prevalence-v1,resolved-third-party-learner-identity
klose,4,KV001515,,,allowed,learning::klose::third-party-primary,002535,add-allowed,1,1,2,preserve-existing-allowed-then-cross-source-prevalence-v1,resolved-third-party-learner-identity
klose,4,KV001516,,,allowed,learning::klose::third-party-primary,002002,add-allowed,1,1,1,preserve-existing-allowed-then-cross-source-prevalence-v1,resolved-third-party-learner-identity
klose,4,KV001517,,,allowed,learning::klose::third-party-primary,002003,add-allowed,1,1,1,preserve-existing-allowed-then-cross-source-prevalence-v1,resolved-third-party-learner-identity
klose,4,KV001518,,,allowed,learning::klose::third-party-primary,000799,add-allowed,16,17,1,preserve-existing-allowed-then-cross-source-prevalence-v1,resolved-third-party-learner-identity
klose,4,KV001519,,,allowed,learning::klose::third-party-primary,001778,add-allowed,2,2,2,preserve-existing-allowed-then-cross-source-prevalence-v1,resolved-third-party-learner-identity
klose,4,KV001520,,,allowed,learning::klose::third-party-primary,002537,add-allowed,1,1,2,preserve-existing-allowed-then-cross-source-prevalence-v1,resolved-third-party-learner-identity
klose,4,KV001521,,,allowed,learning::klose::third-party-primary,002538,add-allowed,1,1,2,preserve-existing-allowed-then-cross-source-prevalence-v1,resolved-third-party-learner-identity
klose,4,KV001522,,,allowed,learning::klose::third-party-primary,002539,add-allowed,1,1,2,preserve-existing-allowed-then-cross-source-prevalence-v1,resolved-third-party-learner-identity
klose,4,KV001523,,,allowed,learning::klose::third-party-primary,001079,add-allowed,6,6,1,preserve-existing-allowed-then-cross-source-prevalence-v1,resolved-third-party-learner-identity
klose,4,KV001524,,,allowed,learning::klose::third-party-primary,002004,add-allowed,1,1,1,preserve-existing-allowed-then-cross-source-prevalence-v1,resolved-third-party-learner-identity
klose,4,KV001525,,,allowed,learning::klose::third-party-primary,002005,add-allowed,1,1,1,preserve-existing-allowed-then-cross-source-prevalence-v1,resolved-third-party-learner-identity
klose,4,KV001526,,,allowed,learning::klose::third-party-primary,002006,add-allowed,1,1,1,preserve-existing-allowed-then-cross-source-prevalence-v1,resolved-third-party-learner-identity
klose,4,KV001527,,,allowed,learning::klose::third-party-primary,001155,add-allowed,5,5,1,preserve-existing-allowed-then-cross-source-prevalence-v1,resolved-third-party-learner-identity
klose,4,KV001528,,,allowed,learning::klose::third-party-primary,001242,add-allowed,4,4,1,preserve-existing-allowed-then-cross-source-prevalence-v1,resolved-third-party-learner-identity
klose,4,KV001529,,,allowed,learning::klose::third-party-primary,002870,add-allowed,1,1,4,preserve-existing-allowed-then-cross-source-prevalence-v1,resolved-third-party-learner-identity
klose,4,KV001530,,,allowed,learning::klose::third-party-primary,001574,add-allowed,2,2,1,preserve-existing-allowed-then-cross-source-prevalence-v1,resolved-third-party-learner-identity
klose,4,KV001531,,,allowed,learning::klose::third-party-primary,002540,add-allowed,1,1,2,preserve-existing-allowed-then-cross-source-prevalence-v1,resolved-third-party-learner-identity
klose,4,KV001532,,,allowed,learning::klose::third-party-primary,002007,add-allowed,1,1,1,preserve-existing-allowed-then-cross-source-prevalence-v1,resolved-third-party-learner-identity
klose,4,KV001533,,,allowed,learning::klose::third-party-primary,002008,add-allowed,1,1,1,preserve-existing-allowed-then-cross-source-prevalence-v1,resolved-third-party-learner-identity
klose,4,KV001534,,,allowed,learning::klose::third-party-primary,001243,add-allowed,4,4,1,preserve-existing-allowed-then-cross-source-prevalence-v1,resolved-third-party-learner-identity
klose,4,KV001535,,,allowed,learning::klose::third-party-primary,002009,add-allowed,1,1,1,preserve-existing-allowed-then-cross-source-prevalence-v1,resolved-third-party-learner-identity
klose,4,KV001536,,,allowed,learning::klose::third-party-primary,000983,add-allowed,8,8,1,preserve-existing-allowed-then-cross-source-prevalence-v1,resolved-third-party-learner-identity
klose,4,KV001537,,,allowed,learning::klose::third-party-primary,002795,add-allowed,1,1,3,preserve-existing-allowed-then-cross-source-prevalence-v1,resolved-third-party-learner-identity
klose,4,KV001538,,,allowed,learning::klose::third-party-primary,002010,add-allowed,1,1,1,preserve-existing-allowed-then-cross-source-prevalence-v1,resolved-third-party-learner-identity
klose,4,KV001539,,,allowed,learning::klose::third-party-primary,002011,add-allowed,1,1,1,preserve-existing-allowed-then-cross-source-prevalence-v1,resolved-third-party-learner-identity
klose,4,KV001540,,,allowed,learning::klose::third-party-primary,002541,add-allowed,1,1,2,preserve-existing-allowed-then-cross-source-prevalence-v1,resolved-third-party-learner-identity
klose,4,KV001541,,,allowed,learning::klose::third-party-primary,001575,add-allowed,2,2,1,preserve-existing-allowed-then-cross-source-prevalence-v1,resolved-third-party-learner-identity
klose,4,KV001542,,,allowed,learning::klose::third-party-primary,002012,add-allowed,1,1,1,preserve-existing-allowed-then-cross-source-prevalence-v1,resolved-third-party-learner-identity
klose,4,KV001543,,,allowed,learning::klose::third-party-primary,001576,add-allowed,2,2,1,preserve-existing-allowed-then-cross-source-prevalence-v1,resolved-third-party-learner-identity
klose,4,KV001544,,,allowed,learning::klose::third-party-primary,002013,add-allowed,1,1,1,preserve-existing-allowed-then-cross-source-prevalence-v1,resolved-third-party-learner-identity
klose,4,KV001545,,,allowed,learning::klose::third-party-primary,002014,add-allowed,1,1,1,preserve-existing-allowed-then-cross-source-prevalence-v1,resolved-third-party-learner-identity
klose,4,KV001546,,,allowed,learning::klose::third-party-primary,002015,add-allowed,1,1,1,preserve-existing-allowed-then-cross-source-prevalence-v1,resolved-third-party-learner-identity
klose,4,KV001547,,,allowed,learning::klose::third-party-primary,001333,add-allowed,3,4,1,preserve-existing-allowed-then-cross-source-prevalence-v1,resolved-third-party-learner-identity
klose,4,KV001548,,,allowed,learning::klose::third-party-primary,002016,add-allowed,1,1,1,preserve-existing-allowed-then-cross-source-prevalence-v1,resolved-third-party-learner-identity
klose,4,KV001549,,,allowed,learning::klose::third-party-primary,000871,add-allowed,13,13,1,preserve-existing-allowed-then-cross-source-prevalence-v1,resolved-third-party-learner-identity
klose,4,KV001550,,,allowed,learning::klose::third-party-primary,001227,add-allowed,4,5,1,preserve-existing-allowed-then-cross-source-prevalence-v1,resolved-third-party-learner-identity
klose,4,KV001551,,,allowed,learning::klose::third-party-primary,002018,add-allowed,1,1,1,preserve-existing-allowed-then-cross-source-prevalence-v1,resolved-third-party-learner-identity
klose,4,KV001552,,,allowed,learning::klose::third-party-primary,002019,add-allowed,1,1,1,preserve-existing-allowed-then-cross-source-prevalence-v1,resolved-third-party-learner-identity
klose,4,KV001553,,,allowed,learning::klose::third-party-primary,002020,add-allowed,1,1,1,preserve-existing-allowed-then-cross-source-prevalence-v1,resolved-third-party-learner-identity
klose,4,KV001554,,,allowed,learning::klose::third-party-primary,002021,add-allowed,1,1,1,preserve-existing-allowed-then-cross-source-prevalence-v1,resolved-third-party-learner-identity
klose,4,KV001555,,,allowed,learning::klose::third-party-primary,001577,add-allowed,2,2,1,preserve-existing-allowed-then-cross-source-prevalence-v1,resolved-third-party-learner-identity
klose,4,KV001556,,,allowed,learning::klose::third-party-primary,002022,add-allowed,1,1,1,preserve-existing-allowed-then-cross-source-prevalence-v1,resolved-third-party-learner-identity
klose,4,KV001557,,,allowed,learning::klose::third-party-primary,000946,add-allowed,9,11,1,preserve-existing-allowed-then-cross-source-prevalence-v1,resolved-third-party-learner-identity
klose,4,KV001558,,,allowed,learning::klose::third-party-primary,002023,add-allowed,1,1,1,preserve-existing-allowed-then-cross-source-prevalence-v1,resolved-third-party-learner-identity
klose,4,KV001559,,,allowed,learning::klose::third-party-primary,002025,add-allowed,1,1,1,preserve-existing-allowed-then-cross-source-prevalence-v1,resolved-third-party-learner-identity
klose,4,KV001560,,,allowed,learning::klose::third-party-primary,002026,add-allowed,1,1,1,preserve-existing-allowed-then-cross-source-prevalence-v1,resolved-third-party-learner-identity
klose,4,KV001561,,,allowed,learning::klose::third-party-primary,001578,add-allowed,2,2,1,preserve-existing-allowed-then-cross-source-prevalence-v1,resolved-third-party-learner-identity
klose,4,KV001562,,,allowed,learning::klose::third-party-primary,001012,add-allowed,7,8,1,preserve-existing-allowed-then-cross-source-prevalence-v1,resolved-third-party-learner-identity
klose,4,KV001563,,,allowed,learning::klose::third-party-primary,002027,add-allowed,1,1,1,preserve-existing-allowed-then-cross-source-prevalence-v1,resolved-third-party-learner-identity
klose,4,KV001564,,,allowed,learning::klose::third-party-primary,002542,add-allowed,1,1,2,preserve-existing-allowed-then-cross-source-prevalence-v1,resolved-third-party-learner-identity
klose,4,KV001565,,,allowed,learning::klose::third-party-primary,002543,add-allowed,1,1,2,preserve-existing-allowed-then-cross-source-prevalence-v1,resolved-third-party-learner-identity
klose,4,KV001566,,,allowed,learning::klose::third-party-primary,002028,add-allowed,1,1,1,preserve-existing-allowed-then-cross-source-prevalence-v1,resolved-third-party-learner-identity
klose,4,KV001567,,,allowed,learning::klose::third-party-primary,002029,add-allowed,1,1,1,preserve-existing-allowed-then-cross-source-prevalence-v1,resolved-third-party-learner-identity
klose,4,KV001568,,,allowed,learning::klose::third-party-primary,002030,add-allowed,1,1,1,preserve-existing-allowed-then-cross-source-prevalence-v1,resolved-third-party-learner-identity
klose,4,KV001569,,,allowed,learning::klose::third-party-primary,001080,add-allowed,6,6,1,preserve-existing-allowed-then-cross-source-prevalence-v1,resolved-third-party-learner-identity
klose,4,KV001570,,,allowed,learning::klose::third-party-primary,001363,add-allowed,3,3,1,preserve-existing-allowed-then-cross-source-prevalence-v1,resolved-third-party-learner-identity
klose,4,KV001571,,,allowed,learning::klose::third-party-primary,002031,add-allowed,1,1,1,preserve-existing-allowed-then-cross-source-prevalence-v1,resolved-third-party-learner-identity
klose,4,KV001572,,,allowed,learning::klose::third-party-primary,001062,add-allowed,6,7,1,preserve-existing-allowed-then-cross-source-prevalence-v1,resolved-third-party-learner-identity
klose,4,KV001573,,,allowed,learning::klose::third-party-primary,002032,add-allowed,1,1,1,preserve-existing-allowed-then-cross-source-prevalence-v1,resolved-third-party-learner-identity
klose,4,KV001574,,,allowed,learning::klose::third-party-primary,000984,add-allowed,8,8,1,preserve-existing-allowed-then-cross-source-prevalence-v1,resolved-third-party-learner-identity
klose,4,KV001575,,,allowed,learning::klose::third-party-primary,001081,add-allowed,6,6,1,preserve-existing-allowed-then-cross-source-prevalence-v1,resolved-third-party-learner-identity
klose,4,KV001576,,,allowed,learning::klose::third-party-primary,001364,add-allowed,3,3,1,preserve-existing-allowed-then-cross-source-prevalence-v1,resolved-third-party-learner-identity
klose,4,KV001577,,,allowed,learning::klose::third-party-primary,001334,add-allowed,3,4,1,preserve-existing-allowed-then-cross-source-prevalence-v1,resolved-third-party-learner-identity
klose,4,KV001578,,,allowed,learning::klose::third-party-primary,001579,add-allowed,2,2,1,preserve-existing-allowed-then-cross-source-prevalence-v1,resolved-third-party-learner-identity
klose,4,KV001579,,,allowed,learning::klose::third-party-primary,001156,add-allowed,5,5,1,preserve-existing-allowed-then-cross-source-prevalence-v1,resolved-third-party-learner-identity
klose,4,KV001580,,,allowed,learning::klose::third-party-primary,001024,add-allowed,7,7,1,preserve-existing-allowed-then-cross-source-prevalence-v1,resolved-third-party-learner-identity
klose,4,KV001581,,,allowed,learning::klose::third-party-primary,001365,add-allowed,3,3,1,preserve-existing-allowed-then-cross-source-prevalence-v1,resolved-third-party-learner-identity
klose,4,KV001582,,,allowed,learning::klose::third-party-primary,001245,add-allowed,4,4,1,preserve-existing-allowed-then-cross-source-prevalence-v1,resolved-third-party-learner-identity
klose,4,KV001583,,,allowed,learning::klose::third-party-primary,001464,add-allowed,3,3,2,preserve-existing-allowed-then-cross-source-prevalence-v1,resolved-third-party-learner-identity
klose,4,KV001584,,,allowed,learning::klose::third-party-primary,002033,add-allowed,1,1,1,preserve-existing-allowed-then-cross-source-prevalence-v1,resolved-third-party-learner-identity
klose,4,KV001585,,,allowed,learning::klose::third-party-primary,002034,add-allowed,1,1,1,preserve-existing-allowed-then-cross-source-prevalence-v1,resolved-third-party-learner-identity
klose,4,KV001586,,,allowed,learning::klose::third-party-primary,001866,add-allowed,1,2,1,preserve-existing-allowed-then-cross-source-prevalence-v1,resolved-third-party-learner-identity
klose,4,KV001587,,,allowed,learning::klose::third-party-primary,001580,add-allowed,2,2,1,preserve-existing-allowed-then-cross-source-prevalence-v1,resolved-third-party-learner-identity
klose,4,KV001588,,,allowed,learning::klose::third-party-primary,002035,add-allowed,1,1,1,preserve-existing-allowed-then-cross-source-prevalence-v1,resolved-third-party-learner-identity
klose,4,KV001589,,,allowed,learning::klose::third-party-primary,002036,add-allowed,1,1,1,preserve-existing-allowed-then-cross-source-prevalence-v1,resolved-third-party-learner-identity
klose,4,KV001590,,,allowed,learning::klose::third-party-primary,002037,add-allowed,1,1,1,preserve-existing-allowed-then-cross-source-prevalence-v1,resolved-third-party-learner-identity
klose,4,KV001591,,,allowed,learning::klose::third-party-primary,002038,add-allowed,1,1,1,preserve-existing-allowed-then-cross-source-prevalence-v1,resolved-third-party-learner-identity
klose,4,KV001592,,,allowed,learning::klose::third-party-primary,001157,add-allowed,5,5,1,preserve-existing-allowed-then-cross-source-prevalence-v1,resolved-third-party-learner-identity
klose,4,KV001593,,,allowed,learning::klose::third-party-primary,001158,add-allowed,5,5,1,preserve-existing-allowed-then-cross-source-prevalence-v1,resolved-third-party-learner-identity
klose,4,KV001594,,,allowed,learning::klose::third-party-primary,000858,add-allowed,14,14,1,preserve-existing-allowed-then-cross-source-prevalence-v1,resolved-third-party-learner-identity
klose,4,KV001595,,,allowed,learning::klose::third-party-primary,001366,add-allowed,3,3,1,preserve-existing-allowed-then-cross-source-prevalence-v1,resolved-third-party-learner-identity
klose,4,KV001596,,,allowed,learning::klose::third-party-primary,002039,add-allowed,1,1,1,preserve-existing-allowed-then-cross-source-prevalence-v1,resolved-third-party-learner-identity
klose,4,KV001597,,,allowed,learning::klose::third-party-primary,002040,add-allowed,1,1,1,preserve-existing-allowed-then-cross-source-prevalence-v1,resolved-third-party-learner-identity
klose,4,KV001598,,,allowed,learning::klose::third-party-primary,001581,add-allowed,2,2,1,preserve-existing-allowed-then-cross-source-prevalence-v1,resolved-third-party-learner-identity
klose,4,KV001599,,,allowed,learning::klose::third-party-primary,002041,add-allowed,1,1,1,preserve-existing-allowed-then-cross-source-prevalence-v1,resolved-third-party-learner-identity
klose,4,KV001600,,,allowed,learning::klose::third-party-primary,002042,add-allowed,1,1,1,preserve-existing-allowed-then-cross-source-prevalence-v1,resolved-third-party-learner-identity
klose,4,KV001601,,,allowed,learning::klose::third-party-primary,002043,add-allowed,1,1,1,preserve-existing-allowed-then-cross-source-prevalence-v1,resolved-third-party-learner-identity
klose,4,KV001602,,,allowed,learning::klose::third-party-primary,000720,add-allowed,18,41,1,preserve-existing-allowed-then-cross-source-prevalence-v1,resolved-third-party-learner-identity
klose,4,KV001603,,,allowed,learning::klose::third-party-primary,002796,add-allowed,1,1,3,preserve-existing-allowed-then-cross-source-prevalence-v1,resolved-third-party-learner-identity
klose,4,KV001604,,,allowed,learning::klose::third-party-primary,001779,add-allowed,2,2,2,preserve-existing-allowed-then-cross-source-prevalence-v1,resolved-third-party-learner-identity
klose,4,KV001605,,,allowed,learning::klose::third-party-primary,001465,add-allowed,3,3,2,preserve-existing-allowed-then-cross-source-prevalence-v1,resolved-third-party-learner-identity
klose,4,KV001606,,,allowed,learning::klose::third-party-primary,002797,add-allowed,1,1,3,preserve-existing-allowed-then-cross-source-prevalence-v1,resolved-third-party-learner-identity
klose,4,KV001607,,,allowed,learning::klose::third-party-primary,002798,add-allowed,1,1,3,preserve-existing-allowed-then-cross-source-prevalence-v1,resolved-third-party-learner-identity
klose,4,KV001608,,,allowed,learning::klose::third-party-primary,002544,add-allowed,1,1,2,preserve-existing-allowed-then-cross-source-prevalence-v1,resolved-third-party-learner-identity
klose,4,KV001609,,,allowed,learning::klose::third-party-primary,002545,add-allowed,1,1,2,preserve-existing-allowed-then-cross-source-prevalence-v1,resolved-third-party-learner-identity
klose,4,KV001610,,,allowed,learning::klose::third-party-primary,002044,add-allowed,1,1,1,preserve-existing-allowed-then-cross-source-prevalence-v1,resolved-third-party-learner-identity
klose,4,KV001611,,,allowed,learning::klose::third-party-primary,001025,add-allowed,7,7,1,preserve-existing-allowed-then-cross-source-prevalence-v1,resolved-third-party-learner-identity
klose,4,KV001612,,,allowed,learning::klose::third-party-primary,002045,add-allowed,1,1,1,preserve-existing-allowed-then-cross-source-prevalence-v1,resolved-third-party-learner-identity
klose,4,KV001613,,,allowed,learning::klose::third-party-primary,002546,add-allowed,1,1,2,preserve-existing-allowed-then-cross-source-prevalence-v1,resolved-third-party-learner-identity
klose,4,KV001614,,,allowed,learning::klose::third-party-primary,002046,add-allowed,1,1,1,preserve-existing-allowed-then-cross-source-prevalence-v1,resolved-third-party-learner-identity
klose,4,KV001615,,,allowed,learning::klose::third-party-primary,002047,add-allowed,1,1,1,preserve-existing-allowed-then-cross-source-prevalence-v1,resolved-third-party-learner-identity
klose,4,KV001616,,,allowed,learning::klose::third-party-primary,002048,add-allowed,1,1,1,preserve-existing-allowed-then-cross-source-prevalence-v1,resolved-third-party-learner-identity
klose,4,KV001617,,,allowed,learning::klose::third-party-primary,002547,add-allowed,1,1,2,preserve-existing-allowed-then-cross-source-prevalence-v1,resolved-third-party-learner-identity
klose,4,KV001618,,,allowed,learning::klose::third-party-primary,002800,add-allowed,1,1,3,preserve-existing-allowed-then-cross-source-prevalence-v1,resolved-third-party-learner-identity
klose,4,KV001619,,,allowed,learning::klose::third-party-primary,002548,add-allowed,1,1,2,preserve-existing-allowed-then-cross-source-prevalence-v1,resolved-third-party-learner-identity
klose,4,KV001620,,,allowed,learning::klose::third-party-primary,000895,add-allowed,11,13,1,preserve-existing-allowed-then-cross-source-prevalence-v1,resolved-third-party-learner-identity
klose,4,KV001621,,,allowed,learning::klose::third-party-primary,002049,add-allowed,1,1,1,preserve-existing-allowed-then-cross-source-prevalence-v1,resolved-third-party-learner-identity
klose,4,KV001622,,,allowed,learning::klose::third-party-primary,001246,add-allowed,4,4,1,preserve-existing-allowed-then-cross-source-prevalence-v1,resolved-third-party-learner-identity
klose,4,KV001623,,,allowed,learning::klose::third-party-primary,001780,add-allowed,2,2,2,preserve-existing-allowed-then-cross-source-prevalence-v1,resolved-third-party-learner-identity
klose,4,KV001624,,,allowed,learning::klose::third-party-primary,001500,add-allowed,3,3,3,preserve-existing-allowed-then-cross-source-prevalence-v1,resolved-third-party-learner-identity
klose,4,KV001625,,,allowed,learning::klose::third-party-primary,002801,add-allowed,1,1,3,preserve-existing-allowed-then-cross-source-prevalence-v1,resolved-third-party-learner-identity
klose,4,KV001626,,,allowed,learning::klose::third-party-primary,002549,add-allowed,1,1,2,preserve-existing-allowed-then-cross-source-prevalence-v1,resolved-third-party-learner-identity
klose,4,KV001627,,,allowed,learning::klose::third-party-primary,002051,add-allowed,1,1,1,preserve-existing-allowed-then-cross-source-prevalence-v1,resolved-third-party-learner-identity
klose,4,KV001628,,,allowed,learning::klose::third-party-primary,000683,add-allowed,19,23,1,preserve-existing-allowed-then-cross-source-prevalence-v1,resolved-third-party-learner-identity
klose,4,KV001629,,,allowed,learning::klose::third-party-primary,002550,add-allowed,1,1,2,preserve-existing-allowed-then-cross-source-prevalence-v1,resolved-third-party-learner-identity
klose,4,KV001630,,,allowed,learning::klose::third-party-primary,001247,add-allowed,4,4,1,preserve-existing-allowed-then-cross-source-prevalence-v1,resolved-third-party-learner-identity
klose,4,KV001631,,,allowed,learning::klose::third-party-primary,002052,add-allowed,1,1,1,preserve-existing-allowed-then-cross-source-prevalence-v1,resolved-third-party-learner-identity
klose,4,KV001632,,,allowed,learning::klose::third-party-primary,002053,add-allowed,1,1,1,preserve-existing-allowed-then-cross-source-prevalence-v1,resolved-third-party-learner-identity
klose,4,KV001633,,,allowed,learning::klose::third-party-primary,002802,add-allowed,1,1,3,preserve-existing-allowed-then-cross-source-prevalence-v1,resolved-third-party-learner-identity
klose,4,KV001634,,,allowed,learning::klose::third-party-primary,002054,add-allowed,1,1,1,preserve-existing-allowed-then-cross-source-prevalence-v1,resolved-third-party-learner-identity
klose,4,KV001635,,,allowed,learning::klose::third-party-primary,002551,add-allowed,1,1,2,preserve-existing-allowed-then-cross-source-prevalence-v1,resolved-third-party-learner-identity
klose,4,KV001636,,,allowed,learning::klose::third-party-primary,001026,add-allowed,7,7,1,preserve-existing-allowed-then-cross-source-prevalence-v1,resolved-third-party-learner-identity
klose,4,KV001637,,,allowed,learning::klose::third-party-primary,002055,add-allowed,1,1,1,preserve-existing-allowed-then-cross-source-prevalence-v1,resolved-third-party-learner-identity
klose,4,KV001638,,,allowed,learning::klose::third-party-primary,001519,add-allowed,2,3,1,preserve-existing-allowed-then-cross-source-prevalence-v1,resolved-third-party-learner-identity
klose,4,KV001639,,,allowed,learning::klose::third-party-primary,002552,add-allowed,1,1,2,preserve-existing-allowed-then-cross-source-prevalence-v1,resolved-third-party-learner-identity
klose,4,KV001640,,,allowed,learning::klose::third-party-primary,001027,add-allowed,7,7,1,preserve-existing-allowed-then-cross-source-prevalence-v1,resolved-third-party-learner-identity
klose,4,KV001641,,,allowed,learning::klose::third-party-primary,001582,add-allowed,2,2,1,preserve-existing-allowed-then-cross-source-prevalence-v1,resolved-third-party-learner-identity
klose,4,KV001642,,,allowed,learning::klose::third-party-primary,001368,add-allowed,3,3,1,preserve-existing-allowed-then-cross-source-prevalence-v1,resolved-third-party-learner-identity
klose,4,KV001643,,,allowed,learning::klose::third-party-primary,001782,add-allowed,2,2,2,preserve-existing-allowed-then-cross-source-prevalence-v1,resolved-third-party-learner-identity
klose,4,KV001644,,,allowed,learning::klose::third-party-primary,002553,add-allowed,1,1,2,preserve-existing-allowed-then-cross-source-prevalence-v1,resolved-third-party-learner-identity
klose,4,KV001645,,,allowed,learning::klose::third-party-primary,001783,add-allowed,2,2,2,preserve-existing-allowed-then-cross-source-prevalence-v1,resolved-third-party-learner-identity
klose,4,KV001646,,,allowed,learning::klose::third-party-primary,001520,add-allowed,2,3,1,preserve-existing-allowed-then-cross-source-prevalence-v1,resolved-third-party-learner-identity
klose,4,KV001647,,,allowed,learning::klose::third-party-primary,001159,add-allowed,5,5,1,preserve-existing-allowed-then-cross-source-prevalence-v1,resolved-third-party-learner-identity
klose,4,KV001648,,,allowed,learning::klose::third-party-primary,001784,add-allowed,2,2,2,preserve-existing-allowed-then-cross-source-prevalence-v1,resolved-third-party-learner-identity
klose,4,KV001649,,,allowed,learning::klose::third-party-primary,002554,add-allowed,1,1,2,preserve-existing-allowed-then-cross-source-prevalence-v1,resolved-third-party-learner-identity
klose,4,KV001650,,,allowed,learning::klose::third-party-primary,002056,add-allowed,1,1,1,preserve-existing-allowed-then-cross-source-prevalence-v1,resolved-third-party-learner-identity
klose,4,KV001651,,,allowed,learning::klose::third-party-primary,002057,add-allowed,1,1,1,preserve-existing-allowed-then-cross-source-prevalence-v1,resolved-third-party-learner-identity
klose,4,KV001652,,,allowed,learning::klose::third-party-primary,002058,add-allowed,1,1,1,preserve-existing-allowed-then-cross-source-prevalence-v1,resolved-third-party-learner-identity
klose,4,KV001653,,,allowed,learning::klose::third-party-primary,002059,add-allowed,1,1,1,preserve-existing-allowed-then-cross-source-prevalence-v1,resolved-third-party-learner-identity
klose,4,KV001654,,,allowed,learning::klose::third-party-primary,000806,add-allowed,16,16,1,preserve-existing-allowed-then-cross-source-prevalence-v1,resolved-third-party-learner-identity
klose,4,KV001655,,,allowed,learning::klose::third-party-primary,002060,add-allowed,1,1,1,preserve-existing-allowed-then-cross-source-prevalence-v1,resolved-third-party-learner-identity
klose,4,KV001656,,,allowed,learning::klose::third-party-primary,000985,add-allowed,8,8,1,preserve-existing-allowed-then-cross-source-prevalence-v1,resolved-third-party-learner-identity
klose,4,KV001657,,,allowed,learning::klose::third-party-primary,000859,add-allowed,14,14,1,preserve-existing-allowed-then-cross-source-prevalence-v1,resolved-third-party-learner-identity
klose,4,KV001658,,,allowed,learning::klose::third-party-primary,001160,add-allowed,5,5,1,preserve-existing-allowed-then-cross-source-prevalence-v1,resolved-third-party-learner-identity
klose,4,KV001659,,,allowed,learning::klose::third-party-primary,002061,add-allowed,1,1,1,preserve-existing-allowed-then-cross-source-prevalence-v1,resolved-third-party-learner-identity
klose,4,KV001660,,,allowed,learning::klose::third-party-primary,002556,add-allowed,1,1,2,preserve-existing-allowed-then-cross-source-prevalence-v1,resolved-third-party-learner-identity
klose,4,KV001661,,,allowed,learning::klose::third-party-primary,001583,add-allowed,2,2,1,preserve-existing-allowed-then-cross-source-prevalence-v1,resolved-third-party-learner-identity
klose,4,KV001662,,,allowed,learning::klose::third-party-primary,002062,add-allowed,1,1,1,preserve-existing-allowed-then-cross-source-prevalence-v1,resolved-third-party-learner-identity
klose,4,KV001663,,,allowed,learning::klose::third-party-primary,002063,add-allowed,1,1,1,preserve-existing-allowed-then-cross-source-prevalence-v1,resolved-third-party-learner-identity
klose,4,KV001664,,,allowed,learning::klose::third-party-primary,001013,add-allowed,7,8,1,preserve-existing-allowed-then-cross-source-prevalence-v1,resolved-third-party-learner-identity
klose,4,KV001665,,,allowed,learning::klose::third-party-primary,001521,add-allowed,2,3,1,preserve-existing-allowed-then-cross-source-prevalence-v1,resolved-third-party-learner-identity
klose,4,KV001666,,,allowed,learning::klose::third-party-primary,002064,add-allowed,1,1,1,preserve-existing-allowed-then-cross-source-prevalence-v1,resolved-third-party-learner-identity
klose,4,KV001667,,,allowed,learning::klose::third-party-primary,002557,add-allowed,1,1,2,preserve-existing-allowed-then-cross-source-prevalence-v1,resolved-third-party-learner-identity
klose,4,KV001668,,,allowed,learning::klose::third-party-primary,002558,add-allowed,1,1,2,preserve-existing-allowed-then-cross-source-prevalence-v1,resolved-third-party-learner-identity
klose,4,KV001669,,,allowed,learning::klose::third-party-primary,001584,add-allowed,2,2,1,preserve-existing-allowed-then-cross-source-prevalence-v1,resolved-third-party-learner-identity
klose,4,KV001670,,,allowed,learning::klose::third-party-primary,001867,add-allowed,1,2,1,preserve-existing-allowed-then-cross-source-prevalence-v1,resolved-third-party-learner-identity
klose,4,KV001671,,,allowed,learning::klose::third-party-primary,002065,add-allowed,1,1,1,preserve-existing-allowed-then-cross-source-prevalence-v1,resolved-third-party-learner-identity
klose,4,KV001672,,,allowed,learning::klose::third-party-primary,001585,add-allowed,2,2,1,preserve-existing-allowed-then-cross-source-prevalence-v1,resolved-third-party-learner-identity
klose,4,KV001673,,,allowed,learning::klose::third-party-primary,002066,add-allowed,1,1,1,preserve-existing-allowed-then-cross-source-prevalence-v1,resolved-third-party-learner-identity
klose,4,KV001674,,,allowed,learning::klose::third-party-primary,002067,add-allowed,1,1,1,preserve-existing-allowed-then-cross-source-prevalence-v1,resolved-third-party-learner-identity
klose,4,KV001675,,,allowed,learning::klose::third-party-primary,002068,add-allowed,1,1,1,preserve-existing-allowed-then-cross-source-prevalence-v1,resolved-third-party-learner-identity
klose,4,KV001676,,,allowed,learning::klose::third-party-primary,001586,add-allowed,2,2,1,preserve-existing-allowed-then-cross-source-prevalence-v1,resolved-third-party-learner-identity
klose,4,KV001677,,,allowed,learning::klose::third-party-primary,001369,add-allowed,3,3,1,preserve-existing-allowed-then-cross-source-prevalence-v1,resolved-third-party-learner-identity
klose,4,KV001678,,,allowed,learning::klose::third-party-primary,000807,add-allowed,16,16,1,preserve-existing-allowed-then-cross-source-prevalence-v1,resolved-third-party-learner-identity
klose,4,KV001679,,,allowed,learning::klose::third-party-primary,002559,add-allowed,1,1,2,preserve-existing-allowed-then-cross-source-prevalence-v1,resolved-third-party-learner-identity
klose,4,KV001680,,,allowed,learning::klose::third-party-primary,001587,add-allowed,2,2,1,preserve-existing-allowed-then-cross-source-prevalence-v1,resolved-third-party-learner-identity
klose,4,KV001681,,,allowed,learning::klose::third-party-primary,001028,add-allowed,7,7,1,preserve-existing-allowed-then-cross-source-prevalence-v1,resolved-third-party-learner-identity
klose,4,KV001682,,,allowed,learning::klose::third-party-primary,001588,add-allowed,2,2,1,preserve-existing-allowed-then-cross-source-prevalence-v1,resolved-third-party-learner-identity
klose,4,KV001683,,,allowed,learning::klose::third-party-primary,002069,add-allowed,1,1,1,preserve-existing-allowed-then-cross-source-prevalence-v1,resolved-third-party-learner-identity
klose,4,KV001684,,,allowed,learning::klose::third-party-primary,001589,add-allowed,2,2,1,preserve-existing-allowed-then-cross-source-prevalence-v1,resolved-third-party-learner-identity
klose,4,KV001685,,,allowed,learning::klose::third-party-primary,001868,add-allowed,1,2,1,preserve-existing-allowed-then-cross-source-prevalence-v1,resolved-third-party-learner-identity
klose,4,KV001686,,,allowed,learning::klose::third-party-primary,002070,add-allowed,1,1,1,preserve-existing-allowed-then-cross-source-prevalence-v1,resolved-third-party-learner-identity
klose,4,KV001687,,,allowed,learning::klose::third-party-primary,002071,add-allowed,1,1,1,preserve-existing-allowed-then-cross-source-prevalence-v1,resolved-third-party-learner-identity
klose,4,KV001688,,,allowed,learning::klose::third-party-primary,002072,add-allowed,1,1,1,preserve-existing-allowed-then-cross-source-prevalence-v1,resolved-third-party-learner-identity
klose,4,KV001689,,,allowed,learning::klose::third-party-primary,002073,add-allowed,1,1,1,preserve-existing-allowed-then-cross-source-prevalence-v1,resolved-third-party-learner-identity
klose,4,KV001690,,,allowed,learning::klose::third-party-primary,002074,add-allowed,1,1,1,preserve-existing-allowed-then-cross-source-prevalence-v1,resolved-third-party-learner-identity
klose,4,KV001691,,,allowed,learning::klose::third-party-primary,002075,add-allowed,1,1,1,preserve-existing-allowed-then-cross-source-prevalence-v1,resolved-third-party-learner-identity
klose,4,KV001692,,,allowed,learning::klose::third-party-primary,001082,add-allowed,6,6,1,preserve-existing-allowed-then-cross-source-prevalence-v1,resolved-third-party-learner-identity
klose,4,KV001693,,,allowed,learning::klose::third-party-primary,002076,add-allowed,1,1,1,preserve-existing-allowed-then-cross-source-prevalence-v1,resolved-third-party-learner-identity
klose,4,KV001694,,,allowed,learning::klose::third-party-primary,002077,add-allowed,1,1,1,preserve-existing-allowed-then-cross-source-prevalence-v1,resolved-third-party-learner-identity
klose,4,KV001695,,,allowed,learning::klose::third-party-primary,001590,add-allowed,2,2,1,preserve-existing-allowed-then-cross-source-prevalence-v1,resolved-third-party-learner-identity
klose,4,KV001696,,,allowed,learning::klose::third-party-primary,002561,add-allowed,1,1,2,preserve-existing-allowed-then-cross-source-prevalence-v1,resolved-third-party-learner-identity
klose,4,KV001697,,,allowed,learning::klose::third-party-primary,001785,add-allowed,2,2,2,preserve-existing-allowed-then-cross-source-prevalence-v1,resolved-third-party-learner-identity
klose,4,KV001698,,,allowed,learning::klose::third-party-primary,001466,add-allowed,3,3,2,preserve-existing-allowed-then-cross-source-prevalence-v1,resolved-third-party-learner-identity
klose,4,KV001699,,,allowed,learning::klose::third-party-primary,001786,add-allowed,2,2,2,preserve-existing-allowed-then-cross-source-prevalence-v1,resolved-third-party-learner-identity
klose,4,KV001700,,,allowed,learning::klose::third-party-primary,002562,add-allowed,1,1,2,preserve-existing-allowed-then-cross-source-prevalence-v1,resolved-third-party-learner-identity
klose,4,KV001701,,,allowed,learning::klose::third-party-primary,001787,add-allowed,2,2,2,preserve-existing-allowed-then-cross-source-prevalence-v1,resolved-third-party-learner-identity
klose,4,KV001702,,,allowed,learning::klose::third-party-primary,002563,add-allowed,1,1,2,preserve-existing-allowed-then-cross-source-prevalence-v1,resolved-third-party-learner-identity
klose,4,KV001703,,,allowed,learning::klose::third-party-primary,000886,add-allowed,12,12,1,preserve-existing-allowed-then-cross-source-prevalence-v1,resolved-third-party-learner-identity
klose,4,KV001704,,,allowed,learning::klose::third-party-primary,001309,add-allowed,4,4,2,preserve-existing-allowed-then-cross-source-prevalence-v1,resolved-third-party-learner-identity
klose,4,KV001705,,,allowed,learning::klose::third-party-primary,002078,add-allowed,1,1,1,preserve-existing-allowed-then-cross-source-prevalence-v1,resolved-third-party-learner-identity
klose,4,KV001706,,,allowed,learning::klose::third-party-primary,002564,add-allowed,1,1,2,preserve-existing-allowed-then-cross-source-prevalence-v1,resolved-third-party-learner-identity
klose,4,KV001707,,,allowed,learning::klose::third-party-primary,001788,add-allowed,2,2,2,preserve-existing-allowed-then-cross-source-prevalence-v1,resolved-third-party-learner-identity
klose,4,KV001708,,,allowed,learning::klose::third-party-primary,002079,add-allowed,1,1,1,preserve-existing-allowed-then-cross-source-prevalence-v1,resolved-third-party-learner-identity
klose,4,KV001709,,,allowed,learning::klose::third-party-primary,000882,add-allowed,12,13,1,preserve-existing-allowed-then-cross-source-prevalence-v1,resolved-third-party-learner-identity
klose,4,KV001710,,,allowed,learning::klose::third-party-primary,002080,add-allowed,1,1,1,preserve-existing-allowed-then-cross-source-prevalence-v1,resolved-third-party-learner-identity
klose,4,KV001711,,,allowed,learning::klose::third-party-primary,002804,add-allowed,1,1,3,preserve-existing-allowed-then-cross-source-prevalence-v1,resolved-third-party-learner-identity
klose,4,KV001712,,,allowed,learning::klose::third-party-primary,002081,add-allowed,1,1,1,preserve-existing-allowed-then-cross-source-prevalence-v1,resolved-third-party-learner-identity
klose,4,KV001713,,,allowed,learning::klose::third-party-primary,001591,add-allowed,2,2,1,preserve-existing-allowed-then-cross-source-prevalence-v1,resolved-third-party-learner-identity
klose,4,KV001714,,,allowed,learning::klose::third-party-primary,002082,add-allowed,1,1,1,preserve-existing-allowed-then-cross-source-prevalence-v1,resolved-third-party-learner-identity
klose,4,KV001715,,,allowed,learning::klose::third-party-primary,001228,add-allowed,4,5,1,preserve-existing-allowed-then-cross-source-prevalence-v1,resolved-third-party-learner-identity
klose,4,KV001716,,,allowed,learning::klose::third-party-primary,002083,add-allowed,1,1,1,preserve-existing-allowed-then-cross-source-prevalence-v1,resolved-third-party-learner-identity
klose,4,KV001717,,,allowed,learning::klose::third-party-primary,002565,add-allowed,1,1,2,preserve-existing-allowed-then-cross-source-prevalence-v1,resolved-third-party-learner-identity
klose,4,KV001718,,,allowed,learning::klose::third-party-primary,001370,add-allowed,3,3,1,preserve-existing-allowed-then-cross-source-prevalence-v1,resolved-third-party-learner-identity
klose,4,KV001719,,,allowed,learning::klose::third-party-primary,002084,add-allowed,1,1,1,preserve-existing-allowed-then-cross-source-prevalence-v1,resolved-third-party-learner-identity
klose,4,KV001720,,,allowed,learning::klose::third-party-primary,002566,add-allowed,1,1,2,preserve-existing-allowed-then-cross-source-prevalence-v1,resolved-third-party-learner-identity
klose,4,KV001721,,,allowed,learning::klose::third-party-primary,002085,add-allowed,1,1,1,preserve-existing-allowed-then-cross-source-prevalence-v1,resolved-third-party-learner-identity
klose,4,KV001722,,,allowed,learning::klose::third-party-primary,001014,add-allowed,7,8,1,preserve-existing-allowed-then-cross-source-prevalence-v1,resolved-third-party-learner-identity
klose,4,KV001723,,,allowed,learning::klose::third-party-primary,001467,add-allowed,3,3,2,preserve-existing-allowed-then-cross-source-prevalence-v1,resolved-third-party-learner-identity
klose,4,KV001724,,,allowed,learning::klose::third-party-primary,000794,add-allowed,16,19,1,preserve-existing-allowed-then-cross-source-prevalence-v1,resolved-third-party-learner-identity
klose,4,KV001725,,,allowed,learning::klose::third-party-primary,001029,add-allowed,7,7,1,preserve-existing-allowed-then-cross-source-prevalence-v1,resolved-third-party-learner-identity
klose,4,KV001726,,,allowed,learning::klose::third-party-primary,001161,add-allowed,5,5,1,preserve-existing-allowed-then-cross-source-prevalence-v1,resolved-third-party-learner-identity
klose,4,KV001727,,,allowed,learning::klose::third-party-primary,001371,add-allowed,3,3,1,preserve-existing-allowed-then-cross-source-prevalence-v1,resolved-third-party-learner-identity
klose,4,KV001728,,,allowed,learning::klose::third-party-primary,001248,add-allowed,4,4,1,preserve-existing-allowed-then-cross-source-prevalence-v1,resolved-third-party-learner-identity
klose,4,KV001729,,,allowed,learning::klose::third-party-primary,002567,add-allowed,1,1,2,preserve-existing-allowed-then-cross-source-prevalence-v1,resolved-third-party-learner-identity
klose,4,KV001730,,,allowed,learning::klose::third-party-primary,001502,add-allowed,3,3,3,preserve-existing-allowed-then-cross-source-prevalence-v1,resolved-third-party-learner-identity
klose,4,KV001731,,,allowed,learning::klose::third-party-primary,001592,add-allowed,2,2,1,preserve-existing-allowed-then-cross-source-prevalence-v1,resolved-third-party-learner-identity
klose,4,KV001732,,,allowed,learning::klose::third-party-primary,001162,add-allowed,5,5,1,preserve-existing-allowed-then-cross-source-prevalence-v1,resolved-third-party-learner-identity
klose,4,KV001733,,,allowed,learning::klose::third-party-primary,001163,add-allowed,5,5,1,preserve-existing-allowed-then-cross-source-prevalence-v1,resolved-third-party-learner-identity
klose,4,KV001734,,,allowed,learning::klose::third-party-primary,002568,add-allowed,1,1,2,preserve-existing-allowed-then-cross-source-prevalence-v1,resolved-third-party-learner-identity
klose,4,KV001735,,,allowed,learning::klose::third-party-primary,002569,add-allowed,1,1,2,preserve-existing-allowed-then-cross-source-prevalence-v1,resolved-third-party-learner-identity
klose,4,KV001736,,,allowed,learning::klose::third-party-primary,001083,add-allowed,6,6,1,preserve-existing-allowed-then-cross-source-prevalence-v1,resolved-third-party-learner-identity
klose,4,KV001737,,,allowed,learning::klose::third-party-primary,001064,add-allowed,6,7,1,preserve-existing-allowed-then-cross-source-prevalence-v1,resolved-third-party-learner-identity
klose,4,KV001738,,,allowed,learning::klose::third-party-primary,002570,add-allowed,1,1,2,preserve-existing-allowed-then-cross-source-prevalence-v1,resolved-third-party-learner-identity
klose,4,KV001739,,,allowed,learning::klose::third-party-primary,001372,add-allowed,3,3,1,preserve-existing-allowed-then-cross-source-prevalence-v1,resolved-third-party-learner-identity
klose,4,KV001740,,,allowed,learning::klose::third-party-primary,002086,add-allowed,1,1,1,preserve-existing-allowed-then-cross-source-prevalence-v1,resolved-third-party-learner-identity
klose,4,KV001741,,,allowed,learning::klose::third-party-primary,002087,add-allowed,1,1,1,preserve-existing-allowed-then-cross-source-prevalence-v1,resolved-third-party-learner-identity
klose,4,KV001742,,,allowed,learning::klose::third-party-primary,002088,add-allowed,1,1,1,preserve-existing-allowed-then-cross-source-prevalence-v1,resolved-third-party-learner-identity
klose,4,KV001743,,,allowed,learning::klose::third-party-primary,001593,add-allowed,2,2,1,preserve-existing-allowed-then-cross-source-prevalence-v1,resolved-third-party-learner-identity
klose,4,KV001744,,,allowed,learning::klose::third-party-primary,002571,add-allowed,1,1,2,preserve-existing-allowed-then-cross-source-prevalence-v1,resolved-third-party-learner-identity
klose,4,KV001745,,,allowed,learning::klose::third-party-primary,001249,add-allowed,4,4,1,preserve-existing-allowed-then-cross-source-prevalence-v1,resolved-third-party-learner-identity
klose,4,KV001746,,,allowed,learning::klose::third-party-primary,001468,add-allowed,3,3,2,preserve-existing-allowed-then-cross-source-prevalence-v1,resolved-third-party-learner-identity
klose,4,KV001747,,,allowed,learning::klose::third-party-primary,001373,add-allowed,3,3,1,preserve-existing-allowed-then-cross-source-prevalence-v1,resolved-third-party-learner-identity
klose,4,KV001748,,,allowed,learning::klose::third-party-primary,002089,add-allowed,1,1,1,preserve-existing-allowed-then-cross-source-prevalence-v1,resolved-third-party-learner-identity
klose,4,KV001749,,,allowed,learning::klose::third-party-primary,001595,add-allowed,2,2,1,preserve-existing-allowed-then-cross-source-prevalence-v1,resolved-third-party-learner-identity
klose,4,KV001750,,,allowed,learning::klose::third-party-primary,002090,add-allowed,1,1,1,preserve-existing-allowed-then-cross-source-prevalence-v1,resolved-third-party-learner-identity
klose,4,KV001751,,,allowed,learning::klose::third-party-primary,002091,add-allowed,1,1,1,preserve-existing-allowed-then-cross-source-prevalence-v1,resolved-third-party-learner-identity
klose,4,KV001752,,,allowed,learning::klose::third-party-primary,001789,add-allowed,2,2,2,preserve-existing-allowed-then-cross-source-prevalence-v1,resolved-third-party-learner-identity
klose,4,KV001753,,,allowed,learning::klose::third-party-primary,002092,add-allowed,1,1,1,preserve-existing-allowed-then-cross-source-prevalence-v1,resolved-third-party-learner-identity
klose,4,KV001754,,,allowed,learning::klose::third-party-primary,002093,add-allowed,1,1,1,preserve-existing-allowed-then-cross-source-prevalence-v1,resolved-third-party-learner-identity
klose,4,KV001755,,,allowed,learning::klose::third-party-primary,002094,add-allowed,1,1,1,preserve-existing-allowed-then-cross-source-prevalence-v1,resolved-third-party-learner-identity
klose,4,KV001756,,,allowed,learning::klose::third-party-primary,002095,add-allowed,1,1,1,preserve-existing-allowed-then-cross-source-prevalence-v1,resolved-third-party-learner-identity
klose,4,KV001757,,,allowed,learning::klose::third-party-primary,001164,add-allowed,5,5,1,preserve-existing-allowed-then-cross-source-prevalence-v1,resolved-third-party-learner-identity
klose,4,KV001758,,,allowed,learning::klose::third-party-primary,002096,add-allowed,1,1,1,preserve-existing-allowed-then-cross-source-prevalence-v1,resolved-third-party-learner-identity
klose,4,KV001759,,,allowed,learning::klose::third-party-primary,002574,add-allowed,1,1,2,preserve-existing-allowed-then-cross-source-prevalence-v1,resolved-third-party-learner-identity
klose,4,KV001760,,,allowed,learning::klose::third-party-primary,002575,add-allowed,1,1,2,preserve-existing-allowed-then-cross-source-prevalence-v1,resolved-third-party-learner-identity
klose,4,KV001761,,,allowed,learning::klose::third-party-primary,002097,add-allowed,1,1,1,preserve-existing-allowed-then-cross-source-prevalence-v1,resolved-third-party-learner-identity
klose,4,KV001762,,,allowed,learning::klose::third-party-primary,002576,add-allowed,1,1,2,preserve-existing-allowed-then-cross-source-prevalence-v1,resolved-third-party-learner-identity
klose,4,KV001763,,,allowed,learning::klose::third-party-primary,001596,add-allowed,2,2,1,preserve-existing-allowed-then-cross-source-prevalence-v1,resolved-third-party-learner-identity
klose,4,KV001764,,,allowed,learning::klose::third-party-primary,000933,add-allowed,10,10,1,preserve-existing-allowed-then-cross-source-prevalence-v1,resolved-third-party-learner-identity
klose,4,KV001765,,,allowed,learning::klose::third-party-primary,000987,add-allowed,8,8,1,preserve-existing-allowed-then-cross-source-prevalence-v1,resolved-third-party-learner-identity
klose,4,KV001766,,,allowed,learning::klose::third-party-primary,001250,add-allowed,4,4,1,preserve-existing-allowed-then-cross-source-prevalence-v1,resolved-third-party-learner-identity
klose,4,KV001767,,,allowed,learning::klose::third-party-primary,001030,add-allowed,7,7,1,preserve-existing-allowed-then-cross-source-prevalence-v1,resolved-third-party-learner-identity
klose,4,KV001768,,,allowed,learning::klose::third-party-primary,001251,add-allowed,4,4,1,preserve-existing-allowed-then-cross-source-prevalence-v1,resolved-third-party-learner-identity
klose,4,KV001769,,,allowed,learning::klose::third-party-primary,002577,add-allowed,1,1,2,preserve-existing-allowed-then-cross-source-prevalence-v1,resolved-third-party-learner-identity
klose,4,KV001770,,,allowed,learning::klose::third-party-primary,002098,add-allowed,1,1,1,preserve-existing-allowed-then-cross-source-prevalence-v1,resolved-third-party-learner-identity
klose,4,KV001771,,,allowed,learning::klose::third-party-primary,001597,add-allowed,2,2,1,preserve-existing-allowed-then-cross-source-prevalence-v1,resolved-third-party-learner-identity
klose,4,KV001772,,,allowed,learning::klose::third-party-primary,000827,add-allowed,15,16,1,preserve-existing-allowed-then-cross-source-prevalence-v1,resolved-third-party-learner-identity
klose,4,KV001773,,,allowed,learning::klose::third-party-primary,002099,add-allowed,1,1,1,preserve-existing-allowed-then-cross-source-prevalence-v1,resolved-third-party-learner-identity
klose,4,KV001774,,,allowed,learning::klose::third-party-primary,002100,add-allowed,1,1,1,preserve-existing-allowed-then-cross-source-prevalence-v1,resolved-third-party-learner-identity
klose,4,KV001775,,,allowed,learning::klose::third-party-primary,000947,add-allowed,9,11,1,preserve-existing-allowed-then-cross-source-prevalence-v1,resolved-third-party-learner-identity
klose,4,KV001776,,,allowed,learning::klose::third-party-primary,002578,add-allowed,1,1,2,preserve-existing-allowed-then-cross-source-prevalence-v1,resolved-third-party-learner-identity
klose,4,KV001777,,,allowed,learning::klose::third-party-primary,000878,add-allowed,12,14,1,preserve-existing-allowed-then-cross-source-prevalence-v1,resolved-third-party-learner-identity
klose,4,KV001778,,,allowed,learning::klose::third-party-primary,001522,add-allowed,2,3,1,preserve-existing-allowed-then-cross-source-prevalence-v1,resolved-third-party-learner-identity
klose,4,KV001779,,,allowed,learning::klose::third-party-primary,001015,add-allowed,7,8,1,preserve-existing-allowed-then-cross-source-prevalence-v1,resolved-third-party-learner-identity
klose,4,KV001780,,,allowed,learning::klose::third-party-primary,002579,add-allowed,1,1,2,preserve-existing-allowed-then-cross-source-prevalence-v1,resolved-third-party-learner-identity
klose,4,KV001781,,,allowed,learning::klose::third-party-primary,002101,add-allowed,1,1,1,preserve-existing-allowed-then-cross-source-prevalence-v1,resolved-third-party-learner-identity
klose,4,KV001782,,,allowed,learning::klose::third-party-primary,002102,add-allowed,1,1,1,preserve-existing-allowed-then-cross-source-prevalence-v1,resolved-third-party-learner-identity
klose,4,KV001783,,,allowed,learning::klose::third-party-primary,002103,add-allowed,1,1,1,preserve-existing-allowed-then-cross-source-prevalence-v1,resolved-third-party-learner-identity
klose,4,KV001784,,,allowed,learning::klose::third-party-primary,002104,add-allowed,1,1,1,preserve-existing-allowed-then-cross-source-prevalence-v1,resolved-third-party-learner-identity
klose,4,KV001785,,,allowed,learning::klose::third-party-primary,002105,add-allowed,1,1,1,preserve-existing-allowed-then-cross-source-prevalence-v1,resolved-third-party-learner-identity
klose,4,KV001786,,,allowed,learning::klose::third-party-primary,002106,add-allowed,1,1,1,preserve-existing-allowed-then-cross-source-prevalence-v1,resolved-third-party-learner-identity
klose,4,KV001787,,,allowed,learning::klose::third-party-primary,001523,add-allowed,2,3,1,preserve-existing-allowed-then-cross-source-prevalence-v1,resolved-third-party-learner-identity
klose,4,KV001788,,,allowed,learning::klose::third-party-primary,001166,add-allowed,5,5,1,preserve-existing-allowed-then-cross-source-prevalence-v1,resolved-third-party-learner-identity
klose,4,KV001789,,,allowed,learning::klose::third-party-primary,001598,add-allowed,2,2,1,preserve-existing-allowed-then-cross-source-prevalence-v1,resolved-third-party-learner-identity
klose,4,KV001790,,,allowed,learning::klose::third-party-primary,001790,add-allowed,2,2,2,preserve-existing-allowed-then-cross-source-prevalence-v1,resolved-third-party-learner-identity
klose,4,KV001791,,,allowed,learning::klose::third-party-primary,001209,add-allowed,5,5,2,preserve-existing-allowed-then-cross-source-prevalence-v1,resolved-third-party-learner-identity
klose,4,KV001792,,,allowed,learning::klose::third-party-primary,001112,add-allowed,6,6,2,preserve-existing-allowed-then-cross-source-prevalence-v1,resolved-third-party-learner-identity
klose,4,KV001793,,,allowed,learning::klose::third-party-primary,001312,add-allowed,4,4,2,preserve-existing-allowed-then-cross-source-prevalence-v1,resolved-third-party-learner-identity
klose,4,KV001794,,,allowed,learning::klose::third-party-primary,002580,add-allowed,1,1,2,preserve-existing-allowed-then-cross-source-prevalence-v1,resolved-third-party-learner-identity
klose,4,KV001795,,,allowed,learning::klose::third-party-primary,001469,add-allowed,3,3,2,preserve-existing-allowed-then-cross-source-prevalence-v1,resolved-third-party-learner-identity
klose,4,KV001796,,,allowed,learning::klose::third-party-primary,002107,add-allowed,1,1,1,preserve-existing-allowed-then-cross-source-prevalence-v1,resolved-third-party-learner-identity
klose,4,KV001797,,,allowed,learning::klose::third-party-primary,001599,add-allowed,2,2,1,preserve-existing-allowed-then-cross-source-prevalence-v1,resolved-third-party-learner-identity
klose,4,KV001798,,,allowed,learning::klose::third-party-primary,002581,add-allowed,1,1,2,preserve-existing-allowed-then-cross-source-prevalence-v1,resolved-third-party-learner-identity
klose,4,KV001799,,,allowed,learning::klose::third-party-primary,002108,add-allowed,1,1,1,preserve-existing-allowed-then-cross-source-prevalence-v1,resolved-third-party-learner-identity
klose,4,KV001800,,,allowed,learning::klose::third-party-primary,000988,add-allowed,8,8,1,preserve-existing-allowed-then-cross-source-prevalence-v1,resolved-third-party-learner-identity
klose,4,KV001801,,,allowed,learning::klose::third-party-primary,000787,add-allowed,16,26,1,preserve-existing-allowed-then-cross-source-prevalence-v1,resolved-third-party-learner-identity
klose,4,KV001802,,,allowed,learning::klose::third-party-primary,002582,add-allowed,1,1,2,preserve-existing-allowed-then-cross-source-prevalence-v1,resolved-third-party-learner-identity
klose,4,KV001803,,,allowed,learning::klose::third-party-primary,002583,add-allowed,1,1,2,preserve-existing-allowed-then-cross-source-prevalence-v1,resolved-third-party-learner-identity
klose,4,KV001804,,,allowed,learning::klose::third-party-primary,001031,add-allowed,7,7,1,preserve-existing-allowed-then-cross-source-prevalence-v1,resolved-third-party-learner-identity
klose,4,KV001805,,,allowed,learning::klose::third-party-primary,002109,add-allowed,1,1,1,preserve-existing-allowed-then-cross-source-prevalence-v1,resolved-third-party-learner-identity
klose,4,KV001806,,,allowed,learning::klose::third-party-primary,000934,add-allowed,10,10,1,preserve-existing-allowed-then-cross-source-prevalence-v1,resolved-third-party-learner-identity
klose,4,KV001807,,,allowed,learning::klose::third-party-primary,000907,add-allowed,11,11,1,preserve-existing-allowed-then-cross-source-prevalence-v1,resolved-third-party-learner-identity
klose,4,KV001808,,,allowed,learning::klose::third-party-primary,001032,add-allowed,7,7,1,preserve-existing-allowed-then-cross-source-prevalence-v1,resolved-third-party-learner-identity
klose,4,KV001809,,,allowed,learning::klose::third-party-primary,001085,add-allowed,6,6,1,preserve-existing-allowed-then-cross-source-prevalence-v1,resolved-third-party-learner-identity
klose,4,KV001810,,,allowed,learning::klose::third-party-primary,001113,add-allowed,6,6,2,preserve-existing-allowed-then-cross-source-prevalence-v1,resolved-third-party-learner-identity
klose,4,KV001811,,,allowed,learning::klose::third-party-primary,001791,add-allowed,2,2,2,preserve-existing-allowed-then-cross-source-prevalence-v1,resolved-third-party-learner-identity
klose,4,KV001812,,,allowed,learning::klose::third-party-primary,002872,add-allowed,1,1,4,preserve-existing-allowed-then-cross-source-prevalence-v1,resolved-third-party-learner-identity
klose,4,KV001813,,,allowed,learning::klose::third-party-primary,001470,add-allowed,3,3,2,preserve-existing-allowed-then-cross-source-prevalence-v1,resolved-third-party-learner-identity
klose,4,KV001814,,,allowed,learning::klose::third-party-primary,002873,add-allowed,1,1,4,preserve-existing-allowed-then-cross-source-prevalence-v1,resolved-third-party-learner-identity
klose,4,KV001815,,,allowed,learning::klose::third-party-primary,002874,add-allowed,1,1,4,preserve-existing-allowed-then-cross-source-prevalence-v1,resolved-third-party-learner-identity
klose,4,KV001816,,,allowed,learning::klose::third-party-primary,001836,add-allowed,2,2,3,preserve-existing-allowed-then-cross-source-prevalence-v1,resolved-third-party-learner-identity
klose,4,KV001817,,,allowed,learning::klose::third-party-primary,001252,add-allowed,4,4,1,preserve-existing-allowed-then-cross-source-prevalence-v1,resolved-third-party-learner-identity
klose,4,KV001818,,,allowed,learning::klose::third-party-primary,001600,add-allowed,2,2,1,preserve-existing-allowed-then-cross-source-prevalence-v1,resolved-third-party-learner-identity
klose,4,KV001819,,,allowed,learning::klose::third-party-primary,001167,add-allowed,5,5,1,preserve-existing-allowed-then-cross-source-prevalence-v1,resolved-third-party-learner-identity
klose,4,KV001820,,,allowed,learning::klose::third-party-primary,001230,add-allowed,4,5,1,preserve-existing-allowed-then-cross-source-prevalence-v1,resolved-third-party-learner-identity
klose,4,KV001821,,,allowed,learning::klose::third-party-primary,002110,add-allowed,1,1,1,preserve-existing-allowed-then-cross-source-prevalence-v1,resolved-third-party-learner-identity
klose,4,KV001822,,,allowed,learning::klose::third-party-primary,002111,add-allowed,1,1,1,preserve-existing-allowed-then-cross-source-prevalence-v1,resolved-third-party-learner-identity
klose,4,KV001823,,,allowed,learning::klose::third-party-primary,002112,add-allowed,1,1,1,preserve-existing-allowed-then-cross-source-prevalence-v1,resolved-third-party-learner-identity
klose,4,KV001824,,,allowed,learning::klose::third-party-primary,000765,add-allowed,17,36,1,preserve-existing-allowed-then-cross-source-prevalence-v1,resolved-third-party-learner-identity
klose,4,KV001825,,,allowed,learning::klose::third-party-primary,002585,add-allowed,1,1,2,preserve-existing-allowed-then-cross-source-prevalence-v1,resolved-third-party-learner-identity
klose,4,KV001826,,,allowed,learning::klose::third-party-primary,000810,add-allowed,16,16,1,preserve-existing-allowed-then-cross-source-prevalence-v1,resolved-third-party-learner-identity
klose,4,KV001827,,,allowed,learning::klose::third-party-primary,001869,add-allowed,1,2,1,preserve-existing-allowed-then-cross-source-prevalence-v1,resolved-third-party-learner-identity
klose,4,KV001828,,,allowed,learning::klose::third-party-primary,002113,add-allowed,1,1,1,preserve-existing-allowed-then-cross-source-prevalence-v1,resolved-third-party-learner-identity
klose,4,KV001829,,,allowed,learning::klose::third-party-primary,002114,add-allowed,1,1,1,preserve-existing-allowed-then-cross-source-prevalence-v1,resolved-third-party-learner-identity
klose,4,KV001830,,,allowed,learning::klose::third-party-primary,002115,add-allowed,1,1,1,preserve-existing-allowed-then-cross-source-prevalence-v1,resolved-third-party-learner-identity
klose,4,KV001831,,,allowed,learning::klose::third-party-primary,002116,add-allowed,1,1,1,preserve-existing-allowed-then-cross-source-prevalence-v1,resolved-third-party-learner-identity
klose,4,KV001832,,,allowed,learning::klose::third-party-primary,002117,add-allowed,1,1,1,preserve-existing-allowed-then-cross-source-prevalence-v1,resolved-third-party-learner-identity
klose,4,KV001833,,,allowed,learning::klose::third-party-primary,002118,add-allowed,1,1,1,preserve-existing-allowed-then-cross-source-prevalence-v1,resolved-third-party-learner-identity
klose,4,KV001834,,,allowed,learning::klose::third-party-primary,000835,add-allowed,15,15,1,preserve-existing-allowed-then-cross-source-prevalence-v1,resolved-third-party-learner-identity
klose,4,KV001835,,,allowed,learning::klose::third-party-primary,000872,add-allowed,13,13,1,preserve-existing-allowed-then-cross-source-prevalence-v1,resolved-third-party-learner-identity
klose,4,KV001836,,,allowed,learning::klose::third-party-primary,002119,add-allowed,1,1,1,preserve-existing-allowed-then-cross-source-prevalence-v1,resolved-third-party-learner-identity
klose,4,KV001837,,,allowed,learning::klose::third-party-primary,002120,add-allowed,1,1,1,preserve-existing-allowed-then-cross-source-prevalence-v1,resolved-third-party-learner-identity
klose,4,KV001838,,,allowed,learning::klose::third-party-primary,000908,add-allowed,11,11,1,preserve-existing-allowed-then-cross-source-prevalence-v1,resolved-third-party-learner-identity
klose,4,KV001839,,,allowed,learning::klose::third-party-primary,002121,add-allowed,1,1,1,preserve-existing-allowed-then-cross-source-prevalence-v1,resolved-third-party-learner-identity
klose,4,KV001840,,,allowed,learning::klose::third-party-primary,002122,add-allowed,1,1,1,preserve-existing-allowed-then-cross-source-prevalence-v1,resolved-third-party-learner-identity
klose,4,KV001841,,,allowed,learning::klose::third-party-primary,002586,add-allowed,1,1,2,preserve-existing-allowed-then-cross-source-prevalence-v1,resolved-third-party-learner-identity
klose,4,KV001842,,,allowed,learning::klose::third-party-primary,001792,add-allowed,2,2,2,preserve-existing-allowed-then-cross-source-prevalence-v1,resolved-third-party-learner-identity
klose,4,KV001843,,,allowed,learning::klose::third-party-primary,002587,add-allowed,1,1,2,preserve-existing-allowed-then-cross-source-prevalence-v1,resolved-third-party-learner-identity
klose,4,KV001844,,,allowed,learning::klose::third-party-primary,002123,add-allowed,1,1,1,preserve-existing-allowed-then-cross-source-prevalence-v1,resolved-third-party-learner-identity
klose,4,KV001845,,,allowed,learning::klose::third-party-primary,001601,add-allowed,2,2,1,preserve-existing-allowed-then-cross-source-prevalence-v1,resolved-third-party-learner-identity
klose,4,KV001846,,,allowed,learning::klose::third-party-primary,001253,add-allowed,4,4,1,preserve-existing-allowed-then-cross-source-prevalence-v1,resolved-third-party-learner-identity
klose,4,KV001847,,,allowed,learning::klose::third-party-primary,002124,add-allowed,1,1,1,preserve-existing-allowed-then-cross-source-prevalence-v1,resolved-third-party-learner-identity
klose,4,KV001848,,,allowed,learning::klose::third-party-primary,000949,add-allowed,9,10,1,preserve-existing-allowed-then-cross-source-prevalence-v1,resolved-third-party-learner-identity
klose,4,KV001849,,,allowed,learning::klose::third-party-primary,001168,add-allowed,5,5,1,preserve-existing-allowed-then-cross-source-prevalence-v1,resolved-third-party-learner-identity
klose,4,KV001850,,,allowed,learning::klose::third-party-primary,001065,add-allowed,6,7,1,preserve-existing-allowed-then-cross-source-prevalence-v1,resolved-third-party-learner-identity
klose,4,KV001851,,,allowed,learning::klose::third-party-primary,002588,add-allowed,1,1,2,preserve-existing-allowed-then-cross-source-prevalence-v1,resolved-third-party-learner-identity
klose,4,KV001852,,,allowed,learning::klose::third-party-primary,001793,add-allowed,2,2,2,preserve-existing-allowed-then-cross-source-prevalence-v1,resolved-third-party-learner-identity
klose,4,KV001853,,,allowed,learning::klose::third-party-primary,002589,add-allowed,1,1,2,preserve-existing-allowed-then-cross-source-prevalence-v1,resolved-third-party-learner-identity
klose,4,KV001854,,,allowed,learning::klose::third-party-primary,001602,add-allowed,2,2,1,preserve-existing-allowed-then-cross-source-prevalence-v1,resolved-third-party-learner-identity
klose,4,KV001855,,,allowed,learning::klose::third-party-primary,000989,add-allowed,8,8,1,preserve-existing-allowed-then-cross-source-prevalence-v1,resolved-third-party-learner-identity
klose,4,KV001856,,,allowed,learning::klose::third-party-primary,002125,add-allowed,1,1,1,preserve-existing-allowed-then-cross-source-prevalence-v1,resolved-third-party-learner-identity
klose,4,KV001857,,,allowed,learning::klose::third-party-primary,001603,add-allowed,2,2,1,preserve-existing-allowed-then-cross-source-prevalence-v1,resolved-third-party-learner-identity
klose,4,KV001858,,,allowed,learning::klose::third-party-primary,002126,add-allowed,1,1,1,preserve-existing-allowed-then-cross-source-prevalence-v1,resolved-third-party-learner-identity
klose,4,KV001859,,,allowed,learning::klose::third-party-primary,001169,add-allowed,5,5,1,preserve-existing-allowed-then-cross-source-prevalence-v1,resolved-third-party-learner-identity
klose,4,KV001860,,,allowed,learning::klose::third-party-primary,001604,add-allowed,2,2,1,preserve-existing-allowed-then-cross-source-prevalence-v1,resolved-third-party-learner-identity
klose,4,KV001861,,,allowed,learning::klose::third-party-primary,002127,add-allowed,1,1,1,preserve-existing-allowed-then-cross-source-prevalence-v1,resolved-third-party-learner-identity
klose,4,KV001862,,,allowed,learning::klose::third-party-primary,002128,add-allowed,1,1,1,preserve-existing-allowed-then-cross-source-prevalence-v1,resolved-third-party-learner-identity
klose,4,KV001863,,,allowed,learning::klose::third-party-primary,001374,add-allowed,3,3,1,preserve-existing-allowed-then-cross-source-prevalence-v1,resolved-third-party-learner-identity
klose,4,KV001864,,,allowed,learning::klose::third-party-primary,002590,add-allowed,1,1,2,preserve-existing-allowed-then-cross-source-prevalence-v1,resolved-third-party-learner-identity
klose,4,KV001865,,,allowed,learning::klose::third-party-primary,000897,add-allowed,11,12,1,preserve-existing-allowed-then-cross-source-prevalence-v1,resolved-third-party-learner-identity
klose,4,KV001866,,,allowed,learning::klose::third-party-primary,001016,add-allowed,7,8,1,preserve-existing-allowed-then-cross-source-prevalence-v1,resolved-third-party-learner-identity
klose,4,KV001867,,,allowed,learning::klose::third-party-primary,001605,add-allowed,2,2,1,preserve-existing-allowed-then-cross-source-prevalence-v1,resolved-third-party-learner-identity
klose,4,KV001868,,,allowed,learning::klose::third-party-primary,002129,add-allowed,1,1,1,preserve-existing-allowed-then-cross-source-prevalence-v1,resolved-third-party-learner-identity
klose,4,KV001869,,,allowed,learning::klose::third-party-primary,002130,add-allowed,1,1,1,preserve-existing-allowed-then-cross-source-prevalence-v1,resolved-third-party-learner-identity
klose,4,KV001870,,,allowed,learning::klose::third-party-primary,002131,add-allowed,1,1,1,preserve-existing-allowed-then-cross-source-prevalence-v1,resolved-third-party-learner-identity
klose,4,KV001871,,,allowed,learning::klose::third-party-primary,002591,add-allowed,1,1,2,preserve-existing-allowed-then-cross-source-prevalence-v1,resolved-third-party-learner-identity
klose,4,KV001872,,,allowed,learning::klose::third-party-primary,001606,add-allowed,2,2,1,preserve-existing-allowed-then-cross-source-prevalence-v1,resolved-third-party-learner-identity
klose,4,KV001873,,,allowed,learning::klose::third-party-primary,001335,add-allowed,3,4,1,preserve-existing-allowed-then-cross-source-prevalence-v1,resolved-third-party-learner-identity
klose,4,KV001874,,,allowed,learning::klose::third-party-primary,001220,add-allowed,5,5,3,preserve-existing-allowed-then-cross-source-prevalence-v1,resolved-third-party-learner-identity
klose,4,KV001875,,,allowed,learning::klose::third-party-primary,001837,add-allowed,2,2,3,preserve-existing-allowed-then-cross-source-prevalence-v1,resolved-third-party-learner-identity
klose,4,KV001876,,,allowed,learning::klose::third-party-primary,001057,add-allowed,7,7,4,preserve-existing-allowed-then-cross-source-prevalence-v1,resolved-third-party-learner-identity
klose,4,KV001877,,,allowed,learning::klose::third-party-primary,001838,add-allowed,2,2,3,preserve-existing-allowed-then-cross-source-prevalence-v1,resolved-third-party-learner-identity
klose,4,KV001878,,,allowed,learning::klose::third-party-primary,002805,add-allowed,1,1,3,preserve-existing-allowed-then-cross-source-prevalence-v1,resolved-third-party-learner-identity
klose,4,KV001879,,,allowed,learning::klose::third-party-primary,001503,add-allowed,3,3,3,preserve-existing-allowed-then-cross-source-prevalence-v1,resolved-third-party-learner-identity
klose,4,KV001880,,,allowed,learning::klose::third-party-primary,001221,add-allowed,5,5,3,preserve-existing-allowed-then-cross-source-prevalence-v1,resolved-third-party-learner-identity
klose,4,KV001881,,,allowed,learning::klose::third-party-primary,001839,add-allowed,2,2,3,preserve-existing-allowed-then-cross-source-prevalence-v1,resolved-third-party-learner-identity
klose,4,KV001882,,,allowed,learning::klose::third-party-primary,001211,add-allowed,5,5,2,preserve-existing-allowed-then-cross-source-prevalence-v1,resolved-third-party-learner-identity
klose,4,KV001883,,,allowed,learning::klose::third-party-primary,001315,add-allowed,4,4,2,preserve-existing-allowed-then-cross-source-prevalence-v1,resolved-third-party-learner-identity
klose,4,KV001884,,,allowed,learning::klose::third-party-primary,001471,add-allowed,3,3,2,preserve-existing-allowed-then-cross-source-prevalence-v1,resolved-third-party-learner-identity
klose,4,KV001885,,,allowed,learning::klose::third-party-primary,001052,add-allowed,7,7,2,preserve-existing-allowed-then-cross-source-prevalence-v1,resolved-third-party-learner-identity
klose,4,KV001886,,,allowed,learning::klose::third-party-primary,001114,add-allowed,6,6,2,preserve-existing-allowed-then-cross-source-prevalence-v1,resolved-third-party-learner-identity
klose,4,KV001887,,,allowed,learning::klose::third-party-primary,002132,add-allowed,1,1,1,preserve-existing-allowed-then-cross-source-prevalence-v1,resolved-third-party-learner-identity
klose,4,KV001888,,,allowed,learning::klose::third-party-primary,002133,add-allowed,1,1,1,preserve-existing-allowed-then-cross-source-prevalence-v1,resolved-third-party-learner-identity
klose,4,KV001889,,,allowed,learning::klose::third-party-primary,001472,add-allowed,3,3,2,preserve-existing-allowed-then-cross-source-prevalence-v1,resolved-third-party-learner-identity
klose,4,KV001890,,,allowed,learning::klose::third-party-primary,001254,add-allowed,4,4,1,preserve-existing-allowed-then-cross-source-prevalence-v1,resolved-third-party-learner-identity
klose,4,KV001891,,,allowed,learning::klose::third-party-primary,000774,add-allowed,17,18,1,preserve-existing-allowed-then-cross-source-prevalence-v1,resolved-third-party-learner-identity
klose,4,KV001892,,,allowed,learning::klose::third-party-primary,001607,add-allowed,2,2,1,preserve-existing-allowed-then-cross-source-prevalence-v1,resolved-third-party-learner-identity
klose,4,KV001893,,,allowed,learning::klose::third-party-primary,002134,add-allowed,1,1,1,preserve-existing-allowed-then-cross-source-prevalence-v1,resolved-third-party-learner-identity
klose,4,KV001894,,,allowed,learning::klose::third-party-primary,002135,add-allowed,1,1,1,preserve-existing-allowed-then-cross-source-prevalence-v1,resolved-third-party-learner-identity
klose,4,KV001895,,,allowed,learning::klose::third-party-primary,000791,add-allowed,16,20,1,preserve-existing-allowed-then-cross-source-prevalence-v1,resolved-third-party-learner-identity
klose,4,KV001896,,,allowed,learning::klose::third-party-primary,001608,add-allowed,2,2,1,preserve-existing-allowed-then-cross-source-prevalence-v1,resolved-third-party-learner-identity
klose,4,KV001897,,,allowed,learning::klose::third-party-primary,001609,add-allowed,2,2,1,preserve-existing-allowed-then-cross-source-prevalence-v1,resolved-third-party-learner-identity
klose,4,KV001898,,,allowed,learning::klose::third-party-primary,000792,add-allowed,16,20,1,preserve-existing-allowed-then-cross-source-prevalence-v1,resolved-third-party-learner-identity
klose,4,KV001899,,,allowed,learning::klose::third-party-primary,001375,add-allowed,3,3,1,preserve-existing-allowed-then-cross-source-prevalence-v1,resolved-third-party-learner-identity
klose,4,KV001900,,,allowed,learning::klose::third-party-primary,001066,add-allowed,6,7,1,preserve-existing-allowed-then-cross-source-prevalence-v1,resolved-third-party-learner-identity
klose,4,KV001901,,,allowed,learning::klose::third-party-primary,001610,add-allowed,2,2,1,preserve-existing-allowed-then-cross-source-prevalence-v1,resolved-third-party-learner-identity
klose,4,KV001902,,,allowed,learning::klose::third-party-primary,002136,add-allowed,1,1,1,preserve-existing-allowed-then-cross-source-prevalence-v1,resolved-third-party-learner-identity
klose,4,KV001903,,,allowed,learning::klose::third-party-primary,000795,add-allowed,16,18,1,preserve-existing-allowed-then-cross-source-prevalence-v1,resolved-third-party-learner-identity
klose,4,KV001904,,,allowed,learning::klose::third-party-primary,001170,add-allowed,5,5,1,preserve-existing-allowed-then-cross-source-prevalence-v1,resolved-third-party-learner-identity
klose,4,KV001905,,,allowed,learning::klose::third-party-primary,001504,add-allowed,3,3,3,preserve-existing-allowed-then-cross-source-prevalence-v1,resolved-third-party-learner-identity
klose,4,KV001906,,,allowed,learning::klose::third-party-primary,002137,add-allowed,1,1,1,preserve-existing-allowed-then-cross-source-prevalence-v1,resolved-third-party-learner-identity
klose,4,KV001907,,,allowed,learning::klose::third-party-primary,000793,add-allowed,16,20,1,preserve-existing-allowed-then-cross-source-prevalence-v1,resolved-third-party-learner-identity
klose,4,KV001908,,,allowed,learning::klose::third-party-primary,001115,add-allowed,6,6,2,preserve-existing-allowed-then-cross-source-prevalence-v1,resolved-third-party-learner-identity
klose,4,KV001909,,,allowed,learning::klose::third-party-primary,001611,add-allowed,2,2,1,preserve-existing-allowed-then-cross-source-prevalence-v1,resolved-third-party-learner-identity
klose,4,KV001910,,,allowed,learning::klose::third-party-primary,001376,add-allowed,3,3,1,preserve-existing-allowed-then-cross-source-prevalence-v1,resolved-third-party-learner-identity
klose,4,KV001911,,,allowed,learning::klose::third-party-primary,000990,add-allowed,8,8,1,preserve-existing-allowed-then-cross-source-prevalence-v1,resolved-third-party-learner-identity
klose,4,KV001912,,,allowed,learning::klose::third-party-primary,002592,add-allowed,1,1,2,preserve-existing-allowed-then-cross-source-prevalence-v1,resolved-third-party-learner-identity
klose,4,KV001913,,,allowed,learning::klose::third-party-primary,001377,add-allowed,3,3,1,preserve-existing-allowed-then-cross-source-prevalence-v1,resolved-third-party-learner-identity
klose,4,KV001914,,,allowed,learning::klose::third-party-primary,001255,add-allowed,4,4,1,preserve-existing-allowed-then-cross-source-prevalence-v1,resolved-third-party-learner-identity
klose,4,KV001915,,,allowed,learning::klose::third-party-primary,001171,add-allowed,5,5,1,preserve-existing-allowed-then-cross-source-prevalence-v1,resolved-third-party-learner-identity
klose,4,KV001916,,,allowed,learning::klose::third-party-primary,000811,add-allowed,16,16,1,preserve-existing-allowed-then-cross-source-prevalence-v1,resolved-third-party-learner-identity
klose,4,KV001917,,,allowed,learning::klose::third-party-primary,002139,add-allowed,1,1,1,preserve-existing-allowed-then-cross-source-prevalence-v1,resolved-third-party-learner-identity
klose,4,KV001918,,,allowed,learning::klose::third-party-primary,001378,add-allowed,3,3,1,preserve-existing-allowed-then-cross-source-prevalence-v1,resolved-third-party-learner-identity
klose,4,KV001919,,,allowed,learning::klose::third-party-primary,001612,add-allowed,2,2,1,preserve-existing-allowed-then-cross-source-prevalence-v1,resolved-third-party-learner-identity
klose,4,KV001920,,,allowed,learning::klose::third-party-primary,001794,add-allowed,2,2,2,preserve-existing-allowed-then-cross-source-prevalence-v1,resolved-third-party-learner-identity
klose,4,KV001921,,,allowed,learning::klose::third-party-primary,002140,add-allowed,1,1,1,preserve-existing-allowed-then-cross-source-prevalence-v1,resolved-third-party-learner-identity
klose,4,KV001922,,,allowed,learning::klose::third-party-primary,002141,add-allowed,1,1,1,preserve-existing-allowed-then-cross-source-prevalence-v1,resolved-third-party-learner-identity
klose,4,KV001923,,,allowed,learning::klose::third-party-primary,002142,add-allowed,1,1,1,preserve-existing-allowed-then-cross-source-prevalence-v1,resolved-third-party-learner-identity
klose,4,KV001924,,,allowed,learning::klose::third-party-primary,002143,add-allowed,1,1,1,preserve-existing-allowed-then-cross-source-prevalence-v1,resolved-third-party-learner-identity
klose,4,KV001925,,,allowed,learning::klose::third-party-primary,002593,add-allowed,1,1,2,preserve-existing-allowed-then-cross-source-prevalence-v1,resolved-third-party-learner-identity
klose,4,KV001926,,,allowed,learning::klose::third-party-primary,001116,add-allowed,6,6,2,preserve-existing-allowed-then-cross-source-prevalence-v1,resolved-third-party-learner-identity
klose,4,KV001927,,,allowed,learning::klose::third-party-primary,000991,add-allowed,8,8,1,preserve-existing-allowed-then-cross-source-prevalence-v1,resolved-third-party-learner-identity
klose,4,KV001928,,,allowed,learning::klose::third-party-primary,002595,add-allowed,1,1,2,preserve-existing-allowed-then-cross-source-prevalence-v1,resolved-third-party-learner-identity
klose,4,KV001929,,,allowed,learning::klose::third-party-primary,002144,add-allowed,1,1,1,preserve-existing-allowed-then-cross-source-prevalence-v1,resolved-third-party-learner-identity
klose,4,KV001930,,,allowed,learning::klose::third-party-primary,001613,add-allowed,2,2,1,preserve-existing-allowed-then-cross-source-prevalence-v1,resolved-third-party-learner-identity
klose,4,KV001931,,,allowed,learning::klose::third-party-primary,000873,add-allowed,13,13,1,preserve-existing-allowed-then-cross-source-prevalence-v1,resolved-third-party-learner-identity
klose,4,KV001932,,,allowed,learning::klose::third-party-primary,002145,add-allowed,1,1,1,preserve-existing-allowed-then-cross-source-prevalence-v1,resolved-third-party-learner-identity
klose,4,KV001933,,,allowed,learning::klose::third-party-primary,001086,add-allowed,6,6,1,preserve-existing-allowed-then-cross-source-prevalence-v1,resolved-third-party-learner-identity
klose,4,KV001934,,,allowed,learning::klose::third-party-primary,001614,add-allowed,2,2,1,preserve-existing-allowed-then-cross-source-prevalence-v1,resolved-third-party-learner-identity
klose,4,KV001935,,,allowed,learning::klose::third-party-primary,002596,add-allowed,1,1,2,preserve-existing-allowed-then-cross-source-prevalence-v1,resolved-third-party-learner-identity
klose,4,KV001936,,,allowed,learning::klose::third-party-primary,002597,add-allowed,1,1,2,preserve-existing-allowed-then-cross-source-prevalence-v1,resolved-third-party-learner-identity
klose,4,KV001937,,,allowed,learning::klose::third-party-primary,001127,add-allowed,5,6,1,preserve-existing-allowed-then-cross-source-prevalence-v1,resolved-third-party-learner-identity
klose,4,KV001938,,,allowed,learning::klose::third-party-primary,002875,add-allowed,1,1,4,preserve-existing-allowed-then-cross-source-prevalence-v1,resolved-third-party-learner-identity
klose,4,KV001939,,,allowed,learning::klose::third-party-primary,002598,add-allowed,1,1,2,preserve-existing-allowed-then-cross-source-prevalence-v1,resolved-third-party-learner-identity
klose,4,KV001940,,,allowed,learning::klose::third-party-primary,002599,add-allowed,1,1,2,preserve-existing-allowed-then-cross-source-prevalence-v1,resolved-third-party-learner-identity
klose,4,KV001941,,,allowed,learning::klose::third-party-primary,002601,add-allowed,1,1,2,preserve-existing-allowed-then-cross-source-prevalence-v1,resolved-third-party-learner-identity
klose,4,KV001942,,,allowed,learning::klose::third-party-primary,002602,add-allowed,1,1,2,preserve-existing-allowed-then-cross-source-prevalence-v1,resolved-third-party-learner-identity
klose,4,KV001943,,,allowed,learning::klose::third-party-primary,002146,add-allowed,1,1,1,preserve-existing-allowed-then-cross-source-prevalence-v1,resolved-third-party-learner-identity
klose,4,KV001944,,,allowed,learning::klose::third-party-primary,001615,add-allowed,2,2,1,preserve-existing-allowed-then-cross-source-prevalence-v1,resolved-third-party-learner-identity
klose,4,KV001945,,,allowed,learning::klose::third-party-primary,002147,add-allowed,1,1,1,preserve-existing-allowed-then-cross-source-prevalence-v1,resolved-third-party-learner-identity
klose,4,KV001946,,,allowed,learning::klose::third-party-primary,002148,add-allowed,1,1,1,preserve-existing-allowed-then-cross-source-prevalence-v1,resolved-third-party-learner-identity
klose,4,KV001947,,,allowed,learning::klose::third-party-primary,001172,add-allowed,5,5,1,preserve-existing-allowed-then-cross-source-prevalence-v1,resolved-third-party-learner-identity
klose,4,KV001948,,,allowed,learning::klose::third-party-primary,002876,add-allowed,1,1,4,preserve-existing-allowed-then-cross-source-prevalence-v1,resolved-third-party-learner-identity
klose,4,KV001949,,,allowed,learning::klose::third-party-primary,001473,add-allowed,3,3,2,preserve-existing-allowed-then-cross-source-prevalence-v1,resolved-third-party-learner-identity
klose,4,KV001950,,,allowed,learning::klose::third-party-primary,000884,add-allowed,12,13,3,preserve-existing-allowed-then-cross-source-prevalence-v1,resolved-third-party-learner-identity
klose,4,KV001951,,,allowed,learning::klose::third-party-primary,002807,add-allowed,1,1,3,preserve-existing-allowed-then-cross-source-prevalence-v1,resolved-third-party-learner-identity
klose,4,KV001952,,,allowed,learning::klose::third-party-primary,001841,add-allowed,2,2,3,preserve-existing-allowed-then-cross-source-prevalence-v1,resolved-third-party-learner-identity
klose,4,KV001953,,,allowed,learning::klose::third-party-primary,002808,add-allowed,1,1,3,preserve-existing-allowed-then-cross-source-prevalence-v1,resolved-third-party-learner-identity
klose,4,KV001954,,,allowed,learning::klose::third-party-primary,001616,add-allowed,2,2,1,preserve-existing-allowed-then-cross-source-prevalence-v1,resolved-third-party-learner-identity
klose,4,KV001955,,,allowed,learning::klose::third-party-primary,002149,add-allowed,1,1,1,preserve-existing-allowed-then-cross-source-prevalence-v1,resolved-third-party-learner-identity
klose,4,KV001956,,,allowed,learning::klose::third-party-primary,001087,add-allowed,6,6,1,preserve-existing-allowed-then-cross-source-prevalence-v1,resolved-third-party-learner-identity
klose,4,KV001957,,,allowed,learning::klose::third-party-primary,002150,add-allowed,1,1,1,preserve-existing-allowed-then-cross-source-prevalence-v1,resolved-third-party-learner-identity
klose,4,KV001958,,,allowed,learning::klose::third-party-primary,002151,add-allowed,1,1,1,preserve-existing-allowed-then-cross-source-prevalence-v1,resolved-third-party-learner-identity
klose,4,KV001959,,,allowed,learning::klose::third-party-primary,001795,add-allowed,2,2,2,preserve-existing-allowed-then-cross-source-prevalence-v1,resolved-third-party-learner-identity
klose,4,KV001960,,,allowed,learning::klose::third-party-primary,001088,add-allowed,6,6,1,preserve-existing-allowed-then-cross-source-prevalence-v1,resolved-third-party-learner-identity
klose,4,KV001961,,,allowed,learning::klose::third-party-primary,002152,add-allowed,1,1,1,preserve-existing-allowed-then-cross-source-prevalence-v1,resolved-third-party-learner-identity
klose,4,KV001962,,,allowed,learning::klose::third-party-primary,002153,add-allowed,1,1,1,preserve-existing-allowed-then-cross-source-prevalence-v1,resolved-third-party-learner-identity
klose,4,KV001963,,,allowed,learning::klose::third-party-primary,001379,add-allowed,3,3,1,preserve-existing-allowed-then-cross-source-prevalence-v1,resolved-third-party-learner-identity
klose,4,KV001964,,,allowed,learning::klose::third-party-primary,002877,add-allowed,1,1,4,preserve-existing-allowed-then-cross-source-prevalence-v1,resolved-third-party-learner-identity
klose,4,KV001965,,,allowed,learning::klose::third-party-primary,002154,add-allowed,1,1,1,preserve-existing-allowed-then-cross-source-prevalence-v1,resolved-third-party-learner-identity
klose,4,KV001966,,,allowed,learning::klose::third-party-primary,002155,add-allowed,1,1,1,preserve-existing-allowed-then-cross-source-prevalence-v1,resolved-third-party-learner-identity
klose,4,KV001967,,,allowed,learning::klose::third-party-primary,001380,add-allowed,3,3,1,preserve-existing-allowed-then-cross-source-prevalence-v1,resolved-third-party-learner-identity
klose,4,KV001968,,,allowed,learning::klose::third-party-primary,002156,add-allowed,1,1,1,preserve-existing-allowed-then-cross-source-prevalence-v1,resolved-third-party-learner-identity
klose,4,KV001969,,,allowed,learning::klose::third-party-primary,001257,add-allowed,4,4,1,preserve-existing-allowed-then-cross-source-prevalence-v1,resolved-third-party-learner-identity
klose,4,KV001970,,,allowed,learning::klose::third-party-primary,001174,add-allowed,5,5,1,preserve-existing-allowed-then-cross-source-prevalence-v1,resolved-third-party-learner-identity
klose,4,KV001971,,,allowed,learning::klose::third-party-primary,002157,add-allowed,1,1,1,preserve-existing-allowed-then-cross-source-prevalence-v1,resolved-third-party-learner-identity
klose,4,KV001972,,,allowed,learning::klose::third-party-primary,002158,add-allowed,1,1,1,preserve-existing-allowed-then-cross-source-prevalence-v1,resolved-third-party-learner-identity
klose,4,KV001973,,,allowed,learning::klose::third-party-primary,002159,add-allowed,1,1,1,preserve-existing-allowed-then-cross-source-prevalence-v1,resolved-third-party-learner-identity
klose,4,KV001974,,,allowed,learning::klose::third-party-primary,002160,add-allowed,1,1,1,preserve-existing-allowed-then-cross-source-prevalence-v1,resolved-third-party-learner-identity
klose,4,KV001975,,,allowed,learning::klose::third-party-primary,002161,add-allowed,1,1,1,preserve-existing-allowed-then-cross-source-prevalence-v1,resolved-third-party-learner-identity
klose,4,KV001976,,,allowed,learning::klose::third-party-primary,001618,add-allowed,2,2,1,preserve-existing-allowed-then-cross-source-prevalence-v1,resolved-third-party-learner-identity
klose,4,KV001977,,,allowed,learning::klose::third-party-primary,002809,add-allowed,1,1,3,preserve-existing-allowed-then-cross-source-prevalence-v1,resolved-third-party-learner-identity
klose,4,KV001978,,,allowed,learning::klose::third-party-primary,001382,add-allowed,3,3,1,preserve-existing-allowed-then-cross-source-prevalence-v1,resolved-third-party-learner-identity
klose,4,KV001979,,,allowed,learning::klose::third-party-primary,001175,add-allowed,5,5,1,preserve-existing-allowed-then-cross-source-prevalence-v1,resolved-third-party-learner-identity
klose,4,KV001980,,,allowed,learning::klose::third-party-primary,002162,add-allowed,1,1,1,preserve-existing-allowed-then-cross-source-prevalence-v1,resolved-third-party-learner-identity
klose,4,KV001981,,,allowed,learning::klose::third-party-primary,002163,add-allowed,1,1,1,preserve-existing-allowed-then-cross-source-prevalence-v1,resolved-third-party-learner-identity
klose,4,KV001982,,,allowed,learning::klose::third-party-primary,001089,add-allowed,6,6,1,preserve-existing-allowed-then-cross-source-prevalence-v1,resolved-third-party-learner-identity
klose,4,KV001983,,,allowed,learning::klose::third-party-primary,001619,add-allowed,2,2,1,preserve-existing-allowed-then-cross-source-prevalence-v1,resolved-third-party-learner-identity
klose,4,KV001984,,,allowed,learning::klose::third-party-primary,001620,add-allowed,2,2,1,preserve-existing-allowed-then-cross-source-prevalence-v1,resolved-third-party-learner-identity
klose,4,KV001985,,,allowed,learning::klose::third-party-primary,002164,add-allowed,1,1,1,preserve-existing-allowed-then-cross-source-prevalence-v1,resolved-third-party-learner-identity
klose,4,KV001986,,,allowed,learning::klose::third-party-primary,002604,add-allowed,1,1,2,preserve-existing-allowed-then-cross-source-prevalence-v1,resolved-third-party-learner-identity
klose,4,KV001987,,,allowed,learning::klose::third-party-primary,002165,add-allowed,1,1,1,preserve-existing-allowed-then-cross-source-prevalence-v1,resolved-third-party-learner-identity
klose,4,KV001988,,,allowed,learning::klose::third-party-primary,002166,add-allowed,1,1,1,preserve-existing-allowed-then-cross-source-prevalence-v1,resolved-third-party-learner-identity
klose,4,KV001989,,,allowed,learning::klose::third-party-primary,000909,add-allowed,11,11,1,preserve-existing-allowed-then-cross-source-prevalence-v1,resolved-third-party-learner-identity
klose,4,KV001990,,,allowed,learning::klose::third-party-primary,001383,add-allowed,3,3,1,preserve-existing-allowed-then-cross-source-prevalence-v1,resolved-third-party-learner-identity
klose,4,KV001991,,,allowed,learning::klose::third-party-primary,002167,add-allowed,1,1,1,preserve-existing-allowed-then-cross-source-prevalence-v1,resolved-third-party-learner-identity
klose,4,KV001992,,,allowed,learning::klose::third-party-primary,001384,add-allowed,3,3,1,preserve-existing-allowed-then-cross-source-prevalence-v1,resolved-third-party-learner-identity
klose,4,KV001993,,,allowed,learning::klose::third-party-primary,002168,add-allowed,1,1,1,preserve-existing-allowed-then-cross-source-prevalence-v1,resolved-third-party-learner-identity
klose,4,KV001994,,,allowed,learning::klose::third-party-primary,001621,add-allowed,2,2,1,preserve-existing-allowed-then-cross-source-prevalence-v1,resolved-third-party-learner-identity
klose,4,KV001995,,,allowed,learning::klose::third-party-primary,002169,add-allowed,1,1,1,preserve-existing-allowed-then-cross-source-prevalence-v1,resolved-third-party-learner-identity
klose,4,KV001996,,,allowed,learning::klose::third-party-primary,002810,add-allowed,1,1,3,preserve-existing-allowed-then-cross-source-prevalence-v1,resolved-third-party-learner-identity
klose,4,KV001997,,,allowed,learning::klose::third-party-primary,002605,add-allowed,1,1,2,preserve-existing-allowed-then-cross-source-prevalence-v1,resolved-third-party-learner-identity
klose,4,KV001998,,,allowed,learning::klose::third-party-primary,002170,add-allowed,1,1,1,preserve-existing-allowed-then-cross-source-prevalence-v1,resolved-third-party-learner-identity
klose,4,KV001999,,,allowed,learning::klose::third-party-primary,001796,add-allowed,2,2,2,preserve-existing-allowed-then-cross-source-prevalence-v1,resolved-third-party-learner-identity
klose,4,KV002000,,,allowed,learning::klose::third-party-primary,002606,add-allowed,1,1,2,preserve-existing-allowed-then-cross-source-prevalence-v1,resolved-third-party-learner-identity
klose,4,KV002001,,,allowed,learning::klose::third-party-primary,000951,add-allowed,9,10,1,preserve-existing-allowed-then-cross-source-prevalence-v1,resolved-third-party-learner-identity
klose,4,KV002002,,,allowed,learning::klose::third-party-primary,002171,add-allowed,1,1,1,preserve-existing-allowed-then-cross-source-prevalence-v1,resolved-third-party-learner-identity
klose,4,KV002003,,,allowed,learning::klose::third-party-primary,001622,add-allowed,2,2,1,preserve-existing-allowed-then-cross-source-prevalence-v1,resolved-third-party-learner-identity
klose,4,KV002004,,,allowed,learning::klose::third-party-primary,002172,add-allowed,1,1,1,preserve-existing-allowed-then-cross-source-prevalence-v1,resolved-third-party-learner-identity
klose,4,KV002005,,,allowed,learning::klose::third-party-primary,002173,add-allowed,1,1,1,preserve-existing-allowed-then-cross-source-prevalence-v1,resolved-third-party-learner-identity
klose,4,KV002006,,,allowed,learning::klose::third-party-primary,001623,add-allowed,2,2,1,preserve-existing-allowed-then-cross-source-prevalence-v1,resolved-third-party-learner-identity
klose,4,KV002007,,,allowed,learning::klose::third-party-primary,002174,add-allowed,1,1,1,preserve-existing-allowed-then-cross-source-prevalence-v1,resolved-third-party-learner-identity
klose,4,KV002008,,,allowed,learning::klose::third-party-primary,001092,add-allowed,6,6,1,preserve-existing-allowed-then-cross-source-prevalence-v1,resolved-third-party-learner-identity
klose,4,KV002009,,,allowed,learning::klose::third-party-primary,001624,add-allowed,2,2,1,preserve-existing-allowed-then-cross-source-prevalence-v1,resolved-third-party-learner-identity
klose,4,KV002010,,,allowed,learning::klose::third-party-primary,002607,add-allowed,1,1,2,preserve-existing-allowed-then-cross-source-prevalence-v1,resolved-third-party-learner-identity
klose,4,KV002011,,,allowed,learning::klose::third-party-primary,001474,add-allowed,3,3,2,preserve-existing-allowed-then-cross-source-prevalence-v1,resolved-third-party-learner-identity
klose,4,KV002012,,,allowed,learning::klose::third-party-primary,002811,add-allowed,1,1,3,preserve-existing-allowed-then-cross-source-prevalence-v1,resolved-third-party-learner-identity
klose,4,KV002013,,,allowed,learning::klose::third-party-primary,002812,add-allowed,1,1,3,preserve-existing-allowed-then-cross-source-prevalence-v1,resolved-third-party-learner-identity
klose,4,KV002014,,,allowed,learning::klose::third-party-primary,002608,add-allowed,1,1,2,preserve-existing-allowed-then-cross-source-prevalence-v1,resolved-third-party-learner-identity
klose,4,KV002015,,,allowed,learning::klose::third-party-primary,001625,add-allowed,2,2,1,preserve-existing-allowed-then-cross-source-prevalence-v1,resolved-third-party-learner-identity
klose,4,KV002016,,,allowed,learning::klose::third-party-primary,002609,add-allowed,1,1,2,preserve-existing-allowed-then-cross-source-prevalence-v1,resolved-third-party-learner-identity
klose,4,KV002017,,,allowed,learning::klose::third-party-primary,002175,add-allowed,1,1,1,preserve-existing-allowed-then-cross-source-prevalence-v1,resolved-third-party-learner-identity
klose,4,KV002018,,,allowed,learning::klose::third-party-primary,001385,add-allowed,3,3,1,preserve-existing-allowed-then-cross-source-prevalence-v1,resolved-third-party-learner-identity
klose,4,KV002019,,,allowed,learning::klose::third-party-primary,001626,add-allowed,2,2,1,preserve-existing-allowed-then-cross-source-prevalence-v1,resolved-third-party-learner-identity
klose,4,KV002020,,,allowed,learning::klose::third-party-primary,001093,add-allowed,6,6,1,preserve-existing-allowed-then-cross-source-prevalence-v1,resolved-third-party-learner-identity
klose,4,KV002021,,,allowed,learning::klose::third-party-primary,001386,add-allowed,3,3,1,preserve-existing-allowed-then-cross-source-prevalence-v1,resolved-third-party-learner-identity
klose,4,KV002022,,,allowed,learning::klose::third-party-primary,001387,add-allowed,3,3,1,preserve-existing-allowed-then-cross-source-prevalence-v1,resolved-third-party-learner-identity
klose,4,KV002023,,,allowed,learning::klose::third-party-primary,001212,add-allowed,5,5,2,preserve-existing-allowed-then-cross-source-prevalence-v1,resolved-third-party-learner-identity
klose,4,KV002024,,,allowed,learning::klose::third-party-primary,002176,add-allowed,1,1,1,preserve-existing-allowed-then-cross-source-prevalence-v1,resolved-third-party-learner-identity
klose,4,KV002025,,,allowed,learning::klose::third-party-primary,001475,add-allowed,3,3,2,preserve-existing-allowed-then-cross-source-prevalence-v1,resolved-third-party-learner-identity
klose,4,KV002026,,,allowed,learning::klose::third-party-primary,002177,add-allowed,1,1,1,preserve-existing-allowed-then-cross-source-prevalence-v1,resolved-third-party-learner-identity
klose,4,KV002027,,,allowed,learning::klose::third-party-primary,001388,add-allowed,3,3,1,preserve-existing-allowed-then-cross-source-prevalence-v1,resolved-third-party-learner-identity
klose,4,KV002028,,,allowed,learning::klose::third-party-primary,002178,add-allowed,1,1,1,preserve-existing-allowed-then-cross-source-prevalence-v1,resolved-third-party-learner-identity
klose,4,KV002029,,,allowed,learning::klose::third-party-primary,002179,add-allowed,1,1,1,preserve-existing-allowed-then-cross-source-prevalence-v1,resolved-third-party-learner-identity
klose,4,KV002030,,,allowed,learning::klose::third-party-primary,000848,add-allowed,14,16,1,preserve-existing-allowed-then-cross-source-prevalence-v1,resolved-third-party-learner-identity
klose,4,KV002031,,,allowed,learning::klose::third-party-primary,002180,add-allowed,1,1,1,preserve-existing-allowed-then-cross-source-prevalence-v1,resolved-third-party-learner-identity
klose,4,KV002032,,,allowed,learning::klose::third-party-primary,000820,add-allowed,15,17,1,preserve-existing-allowed-then-cross-source-prevalence-v1,resolved-third-party-learner-identity
klose,4,KV002033,,,allowed,learning::klose::third-party-primary,001128,add-allowed,5,6,1,preserve-existing-allowed-then-cross-source-prevalence-v1,resolved-third-party-learner-identity
klose,4,KV002034,,,allowed,learning::klose::third-party-primary,002181,add-allowed,1,1,1,preserve-existing-allowed-then-cross-source-prevalence-v1,resolved-third-party-learner-identity
klose,4,KV002035,,,allowed,learning::klose::third-party-primary,002182,add-allowed,1,1,1,preserve-existing-allowed-then-cross-source-prevalence-v1,resolved-third-party-learner-identity
klose,4,KV002036,,,allowed,learning::klose::third-party-primary,000992,add-allowed,8,8,1,preserve-existing-allowed-then-cross-source-prevalence-v1,resolved-third-party-learner-identity
klose,4,KV002037,,,allowed,learning::klose::third-party-primary,001627,add-allowed,2,2,1,preserve-existing-allowed-then-cross-source-prevalence-v1,resolved-third-party-learner-identity
klose,4,KV002038,,,allowed,learning::klose::third-party-primary,002611,add-allowed,1,1,2,preserve-existing-allowed-then-cross-source-prevalence-v1,resolved-third-party-learner-identity
klose,4,KV002039,,,allowed,learning::klose::third-party-primary,001389,add-allowed,3,3,1,preserve-existing-allowed-then-cross-source-prevalence-v1,resolved-third-party-learner-identity
klose,4,KV002040,,,allowed,learning::klose::third-party-primary,000952,add-allowed,9,10,1,preserve-existing-allowed-then-cross-source-prevalence-v1,resolved-third-party-learner-identity
klose,4,KV002041,,,allowed,learning::klose::third-party-primary,002183,add-allowed,1,1,1,preserve-existing-allowed-then-cross-source-prevalence-v1,resolved-third-party-learner-identity
klose,4,KV002042,,,allowed,learning::klose::third-party-primary,002184,add-allowed,1,1,1,preserve-existing-allowed-then-cross-source-prevalence-v1,resolved-third-party-learner-identity
klose,4,KV002043,,,allowed,learning::klose::third-party-primary,002185,add-allowed,1,1,1,preserve-existing-allowed-then-cross-source-prevalence-v1,resolved-third-party-learner-identity
klose,4,KV002044,,,allowed,learning::klose::third-party-primary,002612,add-allowed,1,1,2,preserve-existing-allowed-then-cross-source-prevalence-v1,resolved-third-party-learner-identity
klose,4,KV002045,,,allowed,learning::klose::third-party-primary,002613,add-allowed,1,1,2,preserve-existing-allowed-then-cross-source-prevalence-v1,resolved-third-party-learner-identity
klose,4,KV002046,,,allowed,learning::klose::third-party-primary,000853,add-allowed,14,15,1,preserve-existing-allowed-then-cross-source-prevalence-v1,resolved-third-party-learner-identity
klose,4,KV002047,,,allowed,learning::klose::third-party-primary,001476,add-allowed,3,3,2,preserve-existing-allowed-then-cross-source-prevalence-v1,resolved-third-party-learner-identity
klose,4,KV002048,,,allowed,learning::klose::third-party-primary,000854,add-allowed,14,15,1,preserve-existing-allowed-then-cross-source-prevalence-v1,resolved-third-party-learner-identity
klose,4,KV002049,,,allowed,learning::klose::third-party-primary,001213,add-allowed,5,5,2,preserve-existing-allowed-then-cross-source-prevalence-v1,resolved-third-party-learner-identity
klose,4,KV002050,,,allowed,learning::klose::third-party-primary,001094,add-allowed,6,6,1,preserve-existing-allowed-then-cross-source-prevalence-v1,resolved-third-party-learner-identity
klose,4,KV002051,,,allowed,learning::klose::third-party-primary,002878,add-allowed,1,1,4,preserve-existing-allowed-then-cross-source-prevalence-v1,resolved-third-party-learner-identity
klose,4,KV002052,,,allowed,learning::klose::third-party-primary,002614,add-allowed,1,1,2,preserve-existing-allowed-then-cross-source-prevalence-v1,resolved-third-party-learner-identity
klose,4,KV002053,,,allowed,learning::klose::third-party-primary,001628,add-allowed,2,2,1,preserve-existing-allowed-then-cross-source-prevalence-v1,resolved-third-party-learner-identity
klose,4,KV002054,,,allowed,learning::klose::third-party-primary,001629,add-allowed,2,2,1,preserve-existing-allowed-then-cross-source-prevalence-v1,resolved-third-party-learner-identity
klose,4,KV002055,,,allowed,learning::klose::third-party-primary,002186,add-allowed,1,1,1,preserve-existing-allowed-then-cross-source-prevalence-v1,resolved-third-party-learner-identity
klose,4,KV002056,,,allowed,learning::klose::third-party-primary,002615,add-allowed,1,1,2,preserve-existing-allowed-then-cross-source-prevalence-v1,resolved-third-party-learner-identity
klose,4,KV002057,,,allowed,learning::klose::third-party-primary,002616,add-allowed,1,1,2,preserve-existing-allowed-then-cross-source-prevalence-v1,resolved-third-party-learner-identity
klose,4,KV002058,,,allowed,learning::klose::third-party-primary,001477,add-allowed,3,3,2,preserve-existing-allowed-then-cross-source-prevalence-v1,resolved-third-party-learner-identity
klose,4,KV002059,,,allowed,learning::klose::third-party-primary,001117,add-allowed,6,6,2,preserve-existing-allowed-then-cross-source-prevalence-v1,resolved-third-party-learner-identity
klose,4,KV002060,,,allowed,learning::klose::third-party-primary,002617,add-allowed,1,1,2,preserve-existing-allowed-then-cross-source-prevalence-v1,resolved-third-party-learner-identity
klose,4,KV002061,,,allowed,learning::klose::third-party-primary,001630,add-allowed,2,2,1,preserve-existing-allowed-then-cross-source-prevalence-v1,resolved-third-party-learner-identity
klose,4,KV002062,,,allowed,learning::klose::third-party-primary,000916,add-allowed,11,11,2,preserve-existing-allowed-then-cross-source-prevalence-v1,resolved-third-party-learner-identity
klose,4,KV002063,,,allowed,learning::klose::third-party-primary,001478,add-allowed,3,3,2,preserve-existing-allowed-then-cross-source-prevalence-v1,resolved-third-party-learner-identity
klose,4,KV002064,,,allowed,learning::klose::third-party-primary,002187,add-allowed,1,1,1,preserve-existing-allowed-then-cross-source-prevalence-v1,resolved-third-party-learner-identity
klose,4,KV002065,,,allowed,learning::klose::third-party-primary,002618,add-allowed,1,1,2,preserve-existing-allowed-then-cross-source-prevalence-v1,resolved-third-party-learner-identity
klose,4,KV002066,,,allowed,learning::klose::third-party-primary,000959,add-allowed,9,9,1,preserve-existing-allowed-then-cross-source-prevalence-v1,resolved-third-party-learner-identity
klose,4,KV002067,,,allowed,learning::klose::third-party-primary,001053,add-allowed,7,7,2,preserve-existing-allowed-then-cross-source-prevalence-v1,resolved-third-party-learner-identity
klose,4,KV002068,,,allowed,learning::klose::third-party-primary,001176,add-allowed,5,5,1,preserve-existing-allowed-then-cross-source-prevalence-v1,resolved-third-party-learner-identity
klose,4,KV002069,,,allowed,learning::klose::third-party-primary,002188,add-allowed,1,1,1,preserve-existing-allowed-then-cross-source-prevalence-v1,resolved-third-party-learner-identity
klose,4,KV002070,,,allowed,learning::klose::third-party-primary,001095,add-allowed,6,6,1,preserve-existing-allowed-then-cross-source-prevalence-v1,resolved-third-party-learner-identity
klose,4,KV002071,,,allowed,learning::klose::third-party-primary,001797,add-allowed,2,2,2,preserve-existing-allowed-then-cross-source-prevalence-v1,resolved-third-party-learner-identity
klose,4,KV002072,,,allowed,learning::klose::third-party-primary,001631,add-allowed,2,2,1,preserve-existing-allowed-then-cross-source-prevalence-v1,resolved-third-party-learner-identity
klose,4,KV002073,,,allowed,learning::klose::third-party-primary,002619,add-allowed,1,1,2,preserve-existing-allowed-then-cross-source-prevalence-v1,resolved-third-party-learner-identity
klose,4,KV002074,,,allowed,learning::klose::third-party-primary,002189,add-allowed,1,1,1,preserve-existing-allowed-then-cross-source-prevalence-v1,resolved-third-party-learner-identity
klose,4,KV002075,,,allowed,learning::klose::third-party-primary,001260,add-allowed,4,4,1,preserve-existing-allowed-then-cross-source-prevalence-v1,resolved-third-party-learner-identity
klose,4,KV002076,,,allowed,learning::klose::third-party-primary,001034,add-allowed,7,7,1,preserve-existing-allowed-then-cross-source-prevalence-v1,resolved-third-party-learner-identity
klose,4,KV002077,,,allowed,learning::klose::third-party-primary,002190,add-allowed,1,1,1,preserve-existing-allowed-then-cross-source-prevalence-v1,resolved-third-party-learner-identity
klose,4,KV002078,,,allowed,learning::klose::third-party-primary,001632,add-allowed,2,2,1,preserve-existing-allowed-then-cross-source-prevalence-v1,resolved-third-party-learner-identity
klose,4,KV002079,,,allowed,learning::klose::third-party-primary,002191,add-allowed,1,1,1,preserve-existing-allowed-then-cross-source-prevalence-v1,resolved-third-party-learner-identity
klose,4,KV002080,,,allowed,learning::klose::third-party-primary,002620,add-allowed,1,1,2,preserve-existing-allowed-then-cross-source-prevalence-v1,resolved-third-party-learner-identity
klose,4,KV002081,,,allowed,learning::klose::third-party-primary,001798,add-allowed,2,2,2,preserve-existing-allowed-then-cross-source-prevalence-v1,resolved-third-party-learner-identity
klose,4,KV002082,,,allowed,learning::klose::third-party-primary,001799,add-allowed,2,2,2,preserve-existing-allowed-then-cross-source-prevalence-v1,resolved-third-party-learner-identity
klose,4,KV002083,,,allowed,learning::klose::third-party-primary,002621,add-allowed,1,1,2,preserve-existing-allowed-then-cross-source-prevalence-v1,resolved-third-party-learner-identity
klose,4,KV002084,,,allowed,learning::klose::third-party-primary,002622,add-allowed,1,1,2,preserve-existing-allowed-then-cross-source-prevalence-v1,resolved-third-party-learner-identity
klose,4,KV002085,,,allowed,learning::klose::third-party-primary,002815,add-allowed,1,1,3,preserve-existing-allowed-then-cross-source-prevalence-v1,resolved-third-party-learner-identity
klose,4,KV002086,,,allowed,learning::klose::third-party-primary,002816,add-allowed,1,1,3,preserve-existing-allowed-then-cross-source-prevalence-v1,resolved-third-party-learner-identity
klose,4,KV002087,,,allowed,learning::klose::third-party-primary,002192,add-allowed,1,1,1,preserve-existing-allowed-then-cross-source-prevalence-v1,resolved-third-party-learner-identity
klose,4,KV002088,,,allowed,learning::klose::third-party-primary,002194,add-allowed,1,1,1,preserve-existing-allowed-then-cross-source-prevalence-v1,resolved-third-party-learner-identity
klose,4,KV002089,,,allowed,learning::klose::third-party-primary,001633,add-allowed,2,2,1,preserve-existing-allowed-then-cross-source-prevalence-v1,resolved-third-party-learner-identity
klose,4,KV002090,,,allowed,learning::klose::third-party-primary,002195,add-allowed,1,1,1,preserve-existing-allowed-then-cross-source-prevalence-v1,resolved-third-party-learner-identity
klose,4,KV002091,,,allowed,learning::klose::third-party-primary,002196,add-allowed,1,1,1,preserve-existing-allowed-then-cross-source-prevalence-v1,resolved-third-party-learner-identity
klose,4,KV002092,,,allowed,learning::klose::third-party-primary,002197,add-allowed,1,1,1,preserve-existing-allowed-then-cross-source-prevalence-v1,resolved-third-party-learner-identity
klose,4,KV002093,,,allowed,learning::klose::third-party-primary,001634,add-allowed,2,2,1,preserve-existing-allowed-then-cross-source-prevalence-v1,resolved-third-party-learner-identity
klose,4,KV002094,,,allowed,learning::klose::third-party-primary,002199,add-allowed,1,1,1,preserve-existing-allowed-then-cross-source-prevalence-v1,resolved-third-party-learner-identity
klose,4,KV002095,,,allowed,learning::klose::third-party-primary,001635,add-allowed,2,2,1,preserve-existing-allowed-then-cross-source-prevalence-v1,resolved-third-party-learner-identity
klose,4,KV002096,,,allowed,learning::klose::third-party-primary,002200,add-allowed,1,1,1,preserve-existing-allowed-then-cross-source-prevalence-v1,resolved-third-party-learner-identity
klose,4,KV002097,,,allowed,learning::klose::third-party-primary,002201,add-allowed,1,1,1,preserve-existing-allowed-then-cross-source-prevalence-v1,resolved-third-party-learner-identity
klose,4,KV002098,,,allowed,learning::klose::third-party-primary,002624,add-allowed,1,1,2,preserve-existing-allowed-then-cross-source-prevalence-v1,resolved-third-party-learner-identity
klose,4,KV002099,,,allowed,learning::klose::third-party-primary,002625,add-allowed,1,1,2,preserve-existing-allowed-then-cross-source-prevalence-v1,resolved-third-party-learner-identity
klose,4,KV002100,,,allowed,learning::klose::third-party-primary,001261,add-allowed,4,4,1,preserve-existing-allowed-then-cross-source-prevalence-v1,resolved-third-party-learner-identity
klose,4,KV002101,,,allowed,learning::klose::third-party-primary,000777,add-allowed,17,18,1,preserve-existing-allowed-then-cross-source-prevalence-v1,resolved-third-party-learner-identity
klose,4,KV002102,,,allowed,learning::klose::third-party-primary,001096,add-allowed,6,6,1,preserve-existing-allowed-then-cross-source-prevalence-v1,resolved-third-party-learner-identity
klose,4,KV002103,,,allowed,learning::klose::third-party-primary,001262,add-allowed,4,4,1,preserve-existing-allowed-then-cross-source-prevalence-v1,resolved-third-party-learner-identity
klose,4,KV002104,,,allowed,learning::klose::third-party-primary,002202,add-allowed,1,1,1,preserve-existing-allowed-then-cross-source-prevalence-v1,resolved-third-party-learner-identity
klose,4,KV002105,,,allowed,learning::klose::third-party-primary,000910,add-allowed,11,11,1,preserve-existing-allowed-then-cross-source-prevalence-v1,resolved-third-party-learner-identity
klose,4,KV002106,,,allowed,learning::klose::third-party-primary,001263,add-allowed,4,4,1,preserve-existing-allowed-then-cross-source-prevalence-v1,resolved-third-party-learner-identity
klose,4,KV002107,,,allowed,learning::klose::third-party-primary,002627,add-allowed,1,1,2,preserve-existing-allowed-then-cross-source-prevalence-v1,resolved-third-party-learner-identity
klose,4,KV002108,,,allowed,learning::klose::third-party-primary,001636,add-allowed,2,2,1,preserve-existing-allowed-then-cross-source-prevalence-v1,resolved-third-party-learner-identity
klose,4,KV002109,,,allowed,learning::klose::third-party-primary,001800,add-allowed,2,2,2,preserve-existing-allowed-then-cross-source-prevalence-v1,resolved-third-party-learner-identity
klose,4,KV002110,,,allowed,learning::klose::third-party-primary,002203,add-allowed,1,1,1,preserve-existing-allowed-then-cross-source-prevalence-v1,resolved-third-party-learner-identity
klose,4,KV002111,,,allowed,learning::klose::third-party-primary,000993,add-allowed,8,8,1,preserve-existing-allowed-then-cross-source-prevalence-v1,resolved-third-party-learner-identity
klose,4,KV002112,,,allowed,learning::klose::third-party-primary,001264,add-allowed,4,4,1,preserve-existing-allowed-then-cross-source-prevalence-v1,resolved-third-party-learner-identity
klose,4,KV002113,,,allowed,learning::klose::third-party-primary,001390,add-allowed,3,3,1,preserve-existing-allowed-then-cross-source-prevalence-v1,resolved-third-party-learner-identity
klose,4,KV002114,,,allowed,learning::klose::third-party-primary,001265,add-allowed,4,4,1,preserve-existing-allowed-then-cross-source-prevalence-v1,resolved-third-party-learner-identity
klose,4,KV002115,,,allowed,learning::klose::third-party-primary,001391,add-allowed,3,3,1,preserve-existing-allowed-then-cross-source-prevalence-v1,resolved-third-party-learner-identity
klose,4,KV002116,,,allowed,learning::klose::third-party-primary,002204,add-allowed,1,1,1,preserve-existing-allowed-then-cross-source-prevalence-v1,resolved-third-party-learner-identity
klose,4,KV002117,,,allowed,learning::klose::third-party-primary,002205,add-allowed,1,1,1,preserve-existing-allowed-then-cross-source-prevalence-v1,resolved-third-party-learner-identity
klose,4,KV002118,,,allowed,learning::klose::third-party-primary,002206,add-allowed,1,1,1,preserve-existing-allowed-then-cross-source-prevalence-v1,resolved-third-party-learner-identity
klose,4,KV002119,,,allowed,learning::klose::third-party-primary,002207,add-allowed,1,1,1,preserve-existing-allowed-then-cross-source-prevalence-v1,resolved-third-party-learner-identity
klose,4,KV002120,,,allowed,learning::klose::third-party-primary,001266,add-allowed,4,4,1,preserve-existing-allowed-then-cross-source-prevalence-v1,resolved-third-party-learner-identity
klose,4,KV002121,,,allowed,learning::klose::third-party-primary,002628,add-allowed,1,1,2,preserve-existing-allowed-then-cross-source-prevalence-v1,resolved-third-party-learner-identity
klose,4,KV002122,,,allowed,learning::klose::third-party-primary,001122,add-allowed,6,6,3,preserve-existing-allowed-then-cross-source-prevalence-v1,resolved-third-party-learner-identity
klose,4,KV002123,,,allowed,learning::klose::third-party-primary,001036,add-allowed,7,7,1,preserve-existing-allowed-then-cross-source-prevalence-v1,resolved-third-party-learner-identity
klose,4,KV002124,,,allowed,learning::klose::third-party-primary,001316,add-allowed,4,4,2,preserve-existing-allowed-then-cross-source-prevalence-v1,resolved-third-party-learner-identity
klose,4,KV002125,,,allowed,learning::klose::third-party-primary,002208,add-allowed,1,1,1,preserve-existing-allowed-then-cross-source-prevalence-v1,resolved-third-party-learner-identity
klose,4,KV002126,,,allowed,learning::klose::third-party-primary,002209,add-allowed,1,1,1,preserve-existing-allowed-then-cross-source-prevalence-v1,resolved-third-party-learner-identity
klose,4,KV002127,,,allowed,learning::klose::third-party-primary,001637,add-allowed,2,2,1,preserve-existing-allowed-then-cross-source-prevalence-v1,resolved-third-party-learner-identity
klose,4,KV002128,,,allowed,learning::klose::third-party-primary,002210,add-allowed,1,1,1,preserve-existing-allowed-then-cross-source-prevalence-v1,resolved-third-party-learner-identity
klose,4,KV002129,,,allowed,learning::klose::third-party-primary,002211,add-allowed,1,1,1,preserve-existing-allowed-then-cross-source-prevalence-v1,resolved-third-party-learner-identity
klose,4,KV002130,,,allowed,learning::klose::third-party-primary,001392,add-allowed,3,3,1,preserve-existing-allowed-then-cross-source-prevalence-v1,resolved-third-party-learner-identity
klose,4,KV002131,,,allowed,learning::klose::third-party-primary,000812,add-allowed,16,16,1,preserve-existing-allowed-then-cross-source-prevalence-v1,resolved-third-party-learner-identity
klose,4,KV002132,,,allowed,learning::klose::third-party-primary,000953,add-allowed,9,10,1,preserve-existing-allowed-then-cross-source-prevalence-v1,resolved-third-party-learner-identity
klose,4,KV002133,,,allowed,learning::klose::third-party-primary,002212,add-allowed,1,1,1,preserve-existing-allowed-then-cross-source-prevalence-v1,resolved-third-party-learner-identity
klose,4,KV002134,,,allowed,learning::klose::third-party-primary,001393,add-allowed,3,3,1,preserve-existing-allowed-then-cross-source-prevalence-v1,resolved-third-party-learner-identity
klose,4,KV002135,,,allowed,learning::klose::third-party-primary,002213,add-allowed,1,1,1,preserve-existing-allowed-then-cross-source-prevalence-v1,resolved-third-party-learner-identity
klose,4,KV002136,,,allowed,learning::klose::third-party-primary,001638,add-allowed,2,2,1,preserve-existing-allowed-then-cross-source-prevalence-v1,resolved-third-party-learner-identity
klose,4,KV002137,,,allowed,learning::klose::third-party-primary,001214,add-allowed,5,5,2,preserve-existing-allowed-then-cross-source-prevalence-v1,resolved-third-party-learner-identity
klose,4,KV002138,,,allowed,learning::klose::third-party-primary,001097,add-allowed,6,6,1,preserve-existing-allowed-then-cross-source-prevalence-v1,resolved-third-party-learner-identity
klose,4,KV002139,,,allowed,learning::klose::third-party-primary,002629,add-allowed,1,1,2,preserve-existing-allowed-then-cross-source-prevalence-v1,resolved-third-party-learner-identity
klose,4,KV002140,,,allowed,learning::klose::third-party-primary,002630,add-allowed,1,1,2,preserve-existing-allowed-then-cross-source-prevalence-v1,resolved-third-party-learner-identity
klose,4,KV002141,,,allowed,learning::klose::third-party-primary,001479,add-allowed,3,3,2,preserve-existing-allowed-then-cross-source-prevalence-v1,resolved-third-party-learner-identity
klose,4,KV002142,,,allowed,learning::klose::third-party-primary,001394,add-allowed,3,3,1,preserve-existing-allowed-then-cross-source-prevalence-v1,resolved-third-party-learner-identity
klose,4,KV002143,,,allowed,learning::klose::third-party-primary,001037,add-allowed,7,7,1,preserve-existing-allowed-then-cross-source-prevalence-v1,resolved-third-party-learner-identity
klose,4,KV002144,,,allowed,learning::klose::third-party-primary,002214,add-allowed,1,1,1,preserve-existing-allowed-then-cross-source-prevalence-v1,resolved-third-party-learner-identity
klose,4,KV002145,,,allowed,learning::klose::third-party-primary,002631,add-allowed,1,1,2,preserve-existing-allowed-then-cross-source-prevalence-v1,resolved-third-party-learner-identity
klose,4,KV002146,,,allowed,learning::klose::third-party-primary,001177,add-allowed,5,5,1,preserve-existing-allowed-then-cross-source-prevalence-v1,resolved-third-party-learner-identity
klose,4,KV002147,,,allowed,learning::klose::third-party-primary,001317,add-allowed,4,4,2,preserve-existing-allowed-then-cross-source-prevalence-v1,resolved-third-party-learner-identity
klose,4,KV002148,,,allowed,learning::klose::third-party-primary,001178,add-allowed,5,5,1,preserve-existing-allowed-then-cross-source-prevalence-v1,resolved-third-party-learner-identity
klose,4,KV002149,,,allowed,learning::klose::third-party-primary,001801,add-allowed,2,2,2,preserve-existing-allowed-then-cross-source-prevalence-v1,resolved-third-party-learner-identity
klose,4,KV002150,,,allowed,learning::klose::third-party-primary,002632,add-allowed,1,1,2,preserve-existing-allowed-then-cross-source-prevalence-v1,resolved-third-party-learner-identity
klose,4,KV002151,,,allowed,learning::klose::third-party-primary,002216,add-allowed,1,1,1,preserve-existing-allowed-then-cross-source-prevalence-v1,resolved-third-party-learner-identity
klose,4,KV002152,,,allowed,learning::klose::third-party-primary,001067,add-allowed,6,7,1,preserve-existing-allowed-then-cross-source-prevalence-v1,resolved-third-party-learner-identity
klose,4,KV002153,,,allowed,learning::klose::third-party-primary,002217,add-allowed,1,1,1,preserve-existing-allowed-then-cross-source-prevalence-v1,resolved-third-party-learner-identity
klose,4,KV002154,,,allowed,learning::klose::third-party-primary,002218,add-allowed,1,1,1,preserve-existing-allowed-then-cross-source-prevalence-v1,resolved-third-party-learner-identity
klose,4,KV002155,,,allowed,learning::klose::third-party-primary,002634,add-allowed,1,1,2,preserve-existing-allowed-then-cross-source-prevalence-v1,resolved-third-party-learner-identity
klose,4,KV002156,,,allowed,learning::klose::third-party-primary,002635,add-allowed,1,1,2,preserve-existing-allowed-then-cross-source-prevalence-v1,resolved-third-party-learner-identity
klose,4,KV002157,,,allowed,learning::klose::third-party-primary,001639,add-allowed,2,2,1,preserve-existing-allowed-then-cross-source-prevalence-v1,resolved-third-party-learner-identity
klose,4,KV002158,,,allowed,learning::klose::third-party-primary,002636,add-allowed,1,1,2,preserve-existing-allowed-then-cross-source-prevalence-v1,resolved-third-party-learner-identity
klose,4,KV002159,,,allowed,learning::klose::third-party-primary,000837,add-allowed,15,15,1,preserve-existing-allowed-then-cross-source-prevalence-v1,resolved-third-party-learner-identity
klose,4,KV002160,,,allowed,learning::klose::third-party-primary,000937,add-allowed,10,10,1,preserve-existing-allowed-then-cross-source-prevalence-v1,resolved-third-party-learner-identity
klose,4,KV002161,,,allowed,learning::klose::third-party-primary,001640,add-allowed,2,2,1,preserve-existing-allowed-then-cross-source-prevalence-v1,resolved-third-party-learner-identity
klose,4,KV002162,,,allowed,learning::klose::third-party-primary,000911,add-allowed,11,11,1,preserve-existing-allowed-then-cross-source-prevalence-v1,resolved-third-party-learner-identity
klose,4,KV002163,,,allowed,learning::klose::third-party-primary,002219,add-allowed,1,1,1,preserve-existing-allowed-then-cross-source-prevalence-v1,resolved-third-party-learner-identity
klose,4,KV002164,,,allowed,learning::klose::third-party-primary,002220,add-allowed,1,1,1,preserve-existing-allowed-then-cross-source-prevalence-v1,resolved-third-party-learner-identity
klose,4,KV002165,,,allowed,learning::klose::third-party-primary,001641,add-allowed,2,2,1,preserve-existing-allowed-then-cross-source-prevalence-v1,resolved-third-party-learner-identity
klose,4,KV002166,,,allowed,learning::klose::third-party-primary,002637,add-allowed,1,1,2,preserve-existing-allowed-then-cross-source-prevalence-v1,resolved-third-party-learner-identity
klose,4,KV002167,,,allowed,learning::klose::third-party-primary,001802,add-allowed,2,2,2,preserve-existing-allowed-then-cross-source-prevalence-v1,resolved-third-party-learner-identity
klose,4,KV002168,,,allowed,learning::klose::third-party-primary,002221,add-allowed,1,1,1,preserve-existing-allowed-then-cross-source-prevalence-v1,resolved-third-party-learner-identity
klose,4,KV002169,,,allowed,learning::klose::third-party-primary,000960,add-allowed,9,9,1,preserve-existing-allowed-then-cross-source-prevalence-v1,resolved-third-party-learner-identity
klose,4,KV002170,,,allowed,learning::klose::third-party-primary,002222,add-allowed,1,1,1,preserve-existing-allowed-then-cross-source-prevalence-v1,resolved-third-party-learner-identity
klose,4,KV002171,,,allowed,learning::klose::third-party-primary,002638,add-allowed,1,1,2,preserve-existing-allowed-then-cross-source-prevalence-v1,resolved-third-party-learner-identity
klose,4,KV002172,,,allowed,learning::klose::third-party-primary,002639,add-allowed,1,1,2,preserve-existing-allowed-then-cross-source-prevalence-v1,resolved-third-party-learner-identity
klose,4,KV002173,,,allowed,learning::klose::third-party-primary,002640,add-allowed,1,1,2,preserve-existing-allowed-then-cross-source-prevalence-v1,resolved-third-party-learner-identity
klose,4,KV002174,,,allowed,learning::klose::third-party-primary,002223,add-allowed,1,1,1,preserve-existing-allowed-then-cross-source-prevalence-v1,resolved-third-party-learner-identity
klose,4,KV002175,,,allowed,learning::klose::third-party-primary,001267,add-allowed,4,4,1,preserve-existing-allowed-then-cross-source-prevalence-v1,resolved-third-party-learner-identity
klose,4,KV002176,,,allowed,learning::klose::third-party-primary,001179,add-allowed,5,5,1,preserve-existing-allowed-then-cross-source-prevalence-v1,resolved-third-party-learner-identity
klose,4,KV002177,,,allowed,learning::klose::third-party-primary,002224,add-allowed,1,1,1,preserve-existing-allowed-then-cross-source-prevalence-v1,resolved-third-party-learner-identity
klose,4,KV002178,,,allowed,learning::klose::third-party-primary,001180,add-allowed,5,5,1,preserve-existing-allowed-then-cross-source-prevalence-v1,resolved-third-party-learner-identity
klose,4,KV002179,,,allowed,learning::klose::third-party-primary,002225,add-allowed,1,1,1,preserve-existing-allowed-then-cross-source-prevalence-v1,resolved-third-party-learner-identity
klose,4,KV002180,,,allowed,learning::klose::third-party-primary,001099,add-allowed,6,6,1,preserve-existing-allowed-then-cross-source-prevalence-v1,resolved-third-party-learner-identity
klose,4,KV002181,,,allowed,learning::klose::third-party-primary,002226,add-allowed,1,1,1,preserve-existing-allowed-then-cross-source-prevalence-v1,resolved-third-party-learner-identity
klose,4,KV002182,,,allowed,learning::klose::third-party-primary,002227,add-allowed,1,1,1,preserve-existing-allowed-then-cross-source-prevalence-v1,resolved-third-party-learner-identity
klose,4,KV002183,,,allowed,learning::klose::third-party-primary,001396,add-allowed,3,3,1,preserve-existing-allowed-then-cross-source-prevalence-v1,resolved-third-party-learner-identity
klose,4,KV002184,,,allowed,learning::klose::third-party-primary,002228,add-allowed,1,1,1,preserve-existing-allowed-then-cross-source-prevalence-v1,resolved-third-party-learner-identity
klose,4,KV002185,,,allowed,learning::klose::third-party-primary,001224,add-allowed,4,6,1,preserve-existing-allowed-then-cross-source-prevalence-v1,resolved-third-party-learner-identity
klose,4,KV002186,,,allowed,learning::klose::third-party-primary,001397,add-allowed,3,3,1,preserve-existing-allowed-then-cross-source-prevalence-v1,resolved-third-party-learner-identity
klose,4,KV002187,,,allowed,learning::klose::third-party-primary,002817,add-allowed,1,1,3,preserve-existing-allowed-then-cross-source-prevalence-v1,resolved-third-party-learner-identity
klose,4,KV002188,,,allowed,learning::klose::third-party-primary,001481,add-allowed,3,3,2,preserve-existing-allowed-then-cross-source-prevalence-v1,resolved-third-party-learner-identity
klose,4,KV002189,,,allowed,learning::klose::third-party-primary,001398,add-allowed,3,3,1,preserve-existing-allowed-then-cross-source-prevalence-v1,resolved-third-party-learner-identity
klose,4,KV002190,,,allowed,learning::klose::third-party-primary,000844,add-allowed,14,19,1,preserve-existing-allowed-then-cross-source-prevalence-v1,resolved-third-party-learner-identity
klose,4,KV002191,,,allowed,learning::klose::third-party-primary,001215,add-allowed,5,5,2,preserve-existing-allowed-then-cross-source-prevalence-v1,resolved-third-party-learner-identity
klose,4,KV002192,,,allowed,learning::klose::third-party-primary,001803,add-allowed,2,2,2,preserve-existing-allowed-then-cross-source-prevalence-v1,resolved-third-party-learner-identity
klose,4,KV002193,,,allowed,learning::klose::third-party-primary,002229,add-allowed,1,1,1,preserve-existing-allowed-then-cross-source-prevalence-v1,resolved-third-party-learner-identity
klose,4,KV002194,,,allowed,learning::klose::third-party-primary,000838,add-allowed,15,15,1,preserve-existing-allowed-then-cross-source-prevalence-v1,resolved-third-party-learner-identity
klose,4,KV002195,,,allowed,learning::klose::third-party-primary,001642,add-allowed,2,2,1,preserve-existing-allowed-then-cross-source-prevalence-v1,resolved-third-party-learner-identity
klose,4,KV002196,,,allowed,learning::klose::third-party-primary,000912,add-allowed,11,11,1,preserve-existing-allowed-then-cross-source-prevalence-v1,resolved-third-party-learner-identity
klose,4,KV002197,,,allowed,learning::klose::third-party-primary,002230,add-allowed,1,1,1,preserve-existing-allowed-then-cross-source-prevalence-v1,resolved-third-party-learner-identity
klose,4,KV002198,,,allowed,learning::klose::third-party-primary,001100,add-allowed,6,6,1,preserve-existing-allowed-then-cross-source-prevalence-v1,resolved-third-party-learner-identity
klose,4,KV002199,,,allowed,learning::klose::third-party-primary,002643,add-allowed,1,1,2,preserve-existing-allowed-then-cross-source-prevalence-v1,resolved-third-party-learner-identity
klose,4,KV002200,,,allowed,learning::klose::third-party-primary,002644,add-allowed,1,1,2,preserve-existing-allowed-then-cross-source-prevalence-v1,resolved-third-party-learner-identity
klose,4,KV002201,,,allowed,learning::klose::third-party-primary,002645,add-allowed,1,1,2,preserve-existing-allowed-then-cross-source-prevalence-v1,resolved-third-party-learner-identity
klose,4,KV002202,,,allowed,learning::klose::third-party-primary,002231,add-allowed,1,1,1,preserve-existing-allowed-then-cross-source-prevalence-v1,resolved-third-party-learner-identity
klose,4,KV002203,,,allowed,learning::klose::third-party-primary,002232,add-allowed,1,1,1,preserve-existing-allowed-then-cross-source-prevalence-v1,resolved-third-party-learner-identity
klose,4,KV002204,,,allowed,learning::klose::third-party-primary,001181,add-allowed,5,5,1,preserve-existing-allowed-then-cross-source-prevalence-v1,resolved-third-party-learner-identity
klose,4,KV002205,,,allowed,learning::klose::third-party-primary,001643,add-allowed,2,2,1,preserve-existing-allowed-then-cross-source-prevalence-v1,resolved-third-party-learner-identity
klose,4,KV002206,,,allowed,learning::klose::third-party-primary,002233,add-allowed,1,1,1,preserve-existing-allowed-then-cross-source-prevalence-v1,resolved-third-party-learner-identity
klose,4,KV002207,,,allowed,learning::klose::third-party-primary,000642,add-allowed,20,24,1,preserve-existing-allowed-then-cross-source-prevalence-v1,resolved-third-party-learner-identity
klose,4,KV002208,,,allowed,learning::klose::third-party-primary,001644,add-allowed,2,2,1,preserve-existing-allowed-then-cross-source-prevalence-v1,resolved-third-party-learner-identity
klose,4,KV002209,,,allowed,learning::klose::third-party-primary,002646,add-allowed,1,1,2,preserve-existing-allowed-then-cross-source-prevalence-v1,resolved-third-party-learner-identity
klose,4,KV002210,,,allowed,learning::klose::third-party-primary,002647,add-allowed,1,1,2,preserve-existing-allowed-then-cross-source-prevalence-v1,resolved-third-party-learner-identity
klose,4,KV002211,,,allowed,learning::klose::third-party-primary,002648,add-allowed,1,1,2,preserve-existing-allowed-then-cross-source-prevalence-v1,resolved-third-party-learner-identity
klose,4,KV002212,,,allowed,learning::klose::third-party-primary,002234,add-allowed,1,1,1,preserve-existing-allowed-then-cross-source-prevalence-v1,resolved-third-party-learner-identity
klose,4,KV002213,,,allowed,learning::klose::third-party-primary,002235,add-allowed,1,1,1,preserve-existing-allowed-then-cross-source-prevalence-v1,resolved-third-party-learner-identity
klose,4,KV002214,,,allowed,learning::klose::third-party-primary,000860,add-allowed,14,14,1,preserve-existing-allowed-then-cross-source-prevalence-v1,resolved-third-party-learner-identity
klose,4,KV002215,,,allowed,learning::klose::third-party-primary,001645,add-allowed,2,2,1,preserve-existing-allowed-then-cross-source-prevalence-v1,resolved-third-party-learner-identity
klose,4,KV002216,,,allowed,learning::klose::third-party-primary,002649,add-allowed,1,1,2,preserve-existing-allowed-then-cross-source-prevalence-v1,resolved-third-party-learner-identity
klose,4,KV002217,,,allowed,learning::klose::third-party-primary,001182,add-allowed,5,5,1,preserve-existing-allowed-then-cross-source-prevalence-v1,resolved-third-party-learner-identity
klose,4,KV002218,,,allowed,learning::klose::third-party-primary,002236,add-allowed,1,1,1,preserve-existing-allowed-then-cross-source-prevalence-v1,resolved-third-party-learner-identity
klose,4,KV002219,,,allowed,learning::klose::third-party-primary,002237,add-allowed,1,1,1,preserve-existing-allowed-then-cross-source-prevalence-v1,resolved-third-party-learner-identity
klose,4,KV002220,,,allowed,learning::klose::third-party-primary,002238,add-allowed,1,1,1,preserve-existing-allowed-then-cross-source-prevalence-v1,resolved-third-party-learner-identity
klose,4,KV002221,,,allowed,learning::klose::third-party-primary,000919,add-allowed,10,14,1,preserve-existing-allowed-then-cross-source-prevalence-v1,resolved-third-party-learner-identity
klose,4,KV002222,,,allowed,learning::klose::third-party-primary,001129,add-allowed,5,6,1,preserve-existing-allowed-then-cross-source-prevalence-v1,resolved-third-party-learner-identity
klose,4,KV002223,,,allowed,learning::klose::third-party-primary,000841,add-allowed,15,15,2,preserve-existing-allowed-then-cross-source-prevalence-v1,resolved-third-party-learner-identity
klose,4,KV002224,,,allowed,learning::klose::third-party-primary,002239,add-allowed,1,1,1,preserve-existing-allowed-then-cross-source-prevalence-v1,resolved-third-party-learner-identity
klose,4,KV002225,,,allowed,learning::klose::third-party-primary,002240,add-allowed,1,1,1,preserve-existing-allowed-then-cross-source-prevalence-v1,resolved-third-party-learner-identity
klose,4,KV002226,,,allowed,learning::klose::third-party-primary,002650,add-allowed,1,1,2,preserve-existing-allowed-then-cross-source-prevalence-v1,resolved-third-party-learner-identity
klose,4,KV002227,,,allowed,learning::klose::third-party-primary,002241,add-allowed,1,1,1,preserve-existing-allowed-then-cross-source-prevalence-v1,resolved-third-party-learner-identity
klose,4,KV002228,,,allowed,learning::klose::third-party-primary,001101,add-allowed,6,6,1,preserve-existing-allowed-then-cross-source-prevalence-v1,resolved-third-party-learner-identity
klose,4,KV002229,,,allowed,learning::klose::third-party-primary,002651,add-allowed,1,1,2,preserve-existing-allowed-then-cross-source-prevalence-v1,resolved-third-party-learner-identity
klose,4,KV002230,,,allowed,learning::klose::third-party-primary,002242,add-allowed,1,1,1,preserve-existing-allowed-then-cross-source-prevalence-v1,resolved-third-party-learner-identity
klose,4,KV002231,,,allowed,learning::klose::third-party-primary,001183,add-allowed,5,5,1,preserve-existing-allowed-then-cross-source-prevalence-v1,resolved-third-party-learner-identity
klose,4,KV002232,,,allowed,learning::klose::third-party-primary,002652,add-allowed,1,1,2,preserve-existing-allowed-then-cross-source-prevalence-v1,resolved-third-party-learner-identity
klose,4,KV002233,,,allowed,learning::klose::third-party-primary,002243,add-allowed,1,1,1,preserve-existing-allowed-then-cross-source-prevalence-v1,resolved-third-party-learner-identity
klose,4,KV002234,,,allowed,learning::klose::third-party-primary,002244,add-allowed,1,1,1,preserve-existing-allowed-then-cross-source-prevalence-v1,resolved-third-party-learner-identity
klose,4,KV002235,,,allowed,learning::klose::third-party-primary,002245,add-allowed,1,1,1,preserve-existing-allowed-then-cross-source-prevalence-v1,resolved-third-party-learner-identity
klose,4,KV002236,,,allowed,learning::klose::third-party-primary,002653,add-allowed,1,1,2,preserve-existing-allowed-then-cross-source-prevalence-v1,resolved-third-party-learner-identity
klose,4,KV002237,,,allowed,learning::klose::third-party-primary,001318,add-allowed,4,4,2,preserve-existing-allowed-then-cross-source-prevalence-v1,resolved-third-party-learner-identity
klose,4,KV002238,,,allowed,learning::klose::third-party-primary,001505,add-allowed,3,3,3,preserve-existing-allowed-then-cross-source-prevalence-v1,resolved-third-party-learner-identity
klose,4,KV002239,,,allowed,learning::klose::third-party-primary,002818,add-allowed,1,1,3,preserve-existing-allowed-then-cross-source-prevalence-v1,resolved-third-party-learner-identity
klose,4,KV002240,,,allowed,learning::klose::third-party-primary,001506,add-allowed,3,3,3,preserve-existing-allowed-then-cross-source-prevalence-v1,resolved-third-party-learner-identity
klose,4,KV002241,,,allowed,learning::klose::third-party-primary,001843,add-allowed,2,2,3,preserve-existing-allowed-then-cross-source-prevalence-v1,resolved-third-party-learner-identity
klose,4,KV002242,,,allowed,learning::klose::third-party-primary,001017,add-allowed,7,8,1,preserve-existing-allowed-then-cross-source-prevalence-v1,resolved-third-party-learner-identity
klose,4,KV002243,,,allowed,learning::klose::third-party-primary,001861,add-allowed,2,2,4,preserve-existing-allowed-then-cross-source-prevalence-v1,resolved-third-party-learner-identity
klose,4,KV002244,,,allowed,learning::klose::third-party-primary,002821,add-allowed,1,1,3,preserve-existing-allowed-then-cross-source-prevalence-v1,resolved-third-party-learner-identity
klose,4,KV002245,,,allowed,learning::klose::third-party-primary,001804,add-allowed,2,2,2,preserve-existing-allowed-then-cross-source-prevalence-v1,resolved-third-party-learner-identity
klose,4,KV002246,,,allowed,learning::klose::third-party-primary,001268,add-allowed,4,4,1,preserve-existing-allowed-then-cross-source-prevalence-v1,resolved-third-party-learner-identity
klose,4,KV002247,,,allowed,learning::klose::third-party-primary,002246,add-allowed,1,1,1,preserve-existing-allowed-then-cross-source-prevalence-v1,resolved-third-party-learner-identity
klose,4,KV002248,,,allowed,learning::klose::third-party-primary,002654,add-allowed,1,1,2,preserve-existing-allowed-then-cross-source-prevalence-v1,resolved-third-party-learner-identity
klose,4,KV002249,,,allowed,learning::klose::third-party-primary,002247,add-allowed,1,1,1,preserve-existing-allowed-then-cross-source-prevalence-v1,resolved-third-party-learner-identity
klose,4,KV002250,,,allowed,learning::klose::third-party-primary,002655,add-allowed,1,1,2,preserve-existing-allowed-then-cross-source-prevalence-v1,resolved-third-party-learner-identity
klose,4,KV002251,,,allowed,learning::klose::third-party-primary,001646,add-allowed,2,2,1,preserve-existing-allowed-then-cross-source-prevalence-v1,resolved-third-party-learner-identity
klose,4,KV002252,,,allowed,learning::klose::third-party-primary,002248,add-allowed,1,1,1,preserve-existing-allowed-then-cross-source-prevalence-v1,resolved-third-party-learner-identity
klose,4,KV002253,,,allowed,learning::klose::third-party-primary,001647,add-allowed,2,2,1,preserve-existing-allowed-then-cross-source-prevalence-v1,resolved-third-party-learner-identity
klose,4,KV002254,,,allowed,learning::klose::third-party-primary,002249,add-allowed,1,1,1,preserve-existing-allowed-then-cross-source-prevalence-v1,resolved-third-party-learner-identity
klose,4,KV002255,,,allowed,learning::klose::third-party-primary,001399,add-allowed,3,3,1,preserve-existing-allowed-then-cross-source-prevalence-v1,resolved-third-party-learner-identity
klose,4,KV002256,,,allowed,learning::klose::third-party-primary,000938,add-allowed,10,10,1,preserve-existing-allowed-then-cross-source-prevalence-v1,resolved-third-party-learner-identity
klose,4,KV002257,,,allowed,learning::klose::third-party-primary,002250,add-allowed,1,1,1,preserve-existing-allowed-then-cross-source-prevalence-v1,resolved-third-party-learner-identity
klose,4,KV002258,,,allowed,learning::klose::third-party-primary,002251,add-allowed,1,1,1,preserve-existing-allowed-then-cross-source-prevalence-v1,resolved-third-party-learner-identity
klose,4,KV002259,,,allowed,learning::klose::third-party-primary,001648,add-allowed,2,2,1,preserve-existing-allowed-then-cross-source-prevalence-v1,resolved-third-party-learner-identity
klose,4,KV002260,,,allowed,learning::klose::third-party-primary,001649,add-allowed,2,2,1,preserve-existing-allowed-then-cross-source-prevalence-v1,resolved-third-party-learner-identity
klose,4,KV002261,,,allowed,learning::klose::third-party-primary,001068,add-allowed,6,7,1,preserve-existing-allowed-then-cross-source-prevalence-v1,resolved-third-party-learner-identity
klose,4,KV002262,,,allowed,learning::klose::third-party-primary,000925,add-allowed,10,12,1,preserve-existing-allowed-then-cross-source-prevalence-v1,resolved-third-party-learner-identity
klose,4,KV002263,,,allowed,learning::klose::third-party-primary,002657,add-allowed,1,1,2,preserve-existing-allowed-then-cross-source-prevalence-v1,resolved-third-party-learner-identity
klose,4,KV002264,,,allowed,learning::klose::third-party-primary,000918,add-allowed,11,11,2,preserve-existing-allowed-then-cross-source-prevalence-v1,resolved-third-party-learner-identity
klose,4,KV002265,,,allowed,learning::klose::third-party-primary,001650,add-allowed,2,2,1,preserve-existing-allowed-then-cross-source-prevalence-v1,resolved-third-party-learner-identity
klose,4,KV002266,,,allowed,learning::klose::third-party-primary,001525,add-allowed,2,3,1,preserve-existing-allowed-then-cross-source-prevalence-v1,resolved-third-party-learner-identity
klose,4,KV002267,,,allowed,learning::klose::third-party-primary,002252,add-allowed,1,1,1,preserve-existing-allowed-then-cross-source-prevalence-v1,resolved-third-party-learner-identity
klose,4,KV002268,,,allowed,learning::klose::third-party-primary,001184,add-allowed,5,5,1,preserve-existing-allowed-then-cross-source-prevalence-v1,resolved-third-party-learner-identity
klose,4,KV002269,,,allowed,learning::klose::third-party-primary,001651,add-allowed,2,2,1,preserve-existing-allowed-then-cross-source-prevalence-v1,resolved-third-party-learner-identity
klose,4,KV002270,,,allowed,learning::klose::third-party-primary,001652,add-allowed,2,2,1,preserve-existing-allowed-then-cross-source-prevalence-v1,resolved-third-party-learner-identity
klose,4,KV002271,,,allowed,learning::klose::third-party-primary,001653,add-allowed,2,2,1,preserve-existing-allowed-then-cross-source-prevalence-v1,resolved-third-party-learner-identity
klose,4,KV002272,,,allowed,learning::klose::third-party-primary,002253,add-allowed,1,1,1,preserve-existing-allowed-then-cross-source-prevalence-v1,resolved-third-party-learner-identity
klose,4,KV002273,,,allowed,learning::klose::third-party-primary,002254,add-allowed,1,1,1,preserve-existing-allowed-then-cross-source-prevalence-v1,resolved-third-party-learner-identity
klose,4,KV002274,,,allowed,learning::klose::third-party-primary,002255,add-allowed,1,1,1,preserve-existing-allowed-then-cross-source-prevalence-v1,resolved-third-party-learner-identity
klose,4,KV002275,,,allowed,learning::klose::third-party-primary,001130,add-allowed,5,6,1,preserve-existing-allowed-then-cross-source-prevalence-v1,resolved-third-party-learner-identity
klose,4,KV002276,,,allowed,learning::klose::third-party-primary,001269,add-allowed,4,4,1,preserve-existing-allowed-then-cross-source-prevalence-v1,resolved-third-party-learner-identity
klose,4,KV002277,,,allowed,learning::klose::third-party-primary,002658,add-allowed,1,1,2,preserve-existing-allowed-then-cross-source-prevalence-v1,resolved-third-party-learner-identity
klose,4,KV002278,,,allowed,learning::klose::third-party-primary,002256,add-allowed,1,1,1,preserve-existing-allowed-then-cross-source-prevalence-v1,resolved-third-party-learner-identity
klose,4,KV002279,,,allowed,learning::klose::third-party-primary,001400,add-allowed,3,3,1,preserve-existing-allowed-then-cross-source-prevalence-v1,resolved-third-party-learner-identity
klose,4,KV002280,,,allowed,learning::klose::third-party-primary,001270,add-allowed,4,4,1,preserve-existing-allowed-then-cross-source-prevalence-v1,resolved-third-party-learner-identity
klose,4,KV002281,,,allowed,learning::klose::third-party-primary,002659,add-allowed,1,1,2,preserve-existing-allowed-then-cross-source-prevalence-v1,resolved-third-party-learner-identity
klose,4,KV002282,,,allowed,learning::klose::third-party-primary,002660,add-allowed,1,1,2,preserve-existing-allowed-then-cross-source-prevalence-v1,resolved-third-party-learner-identity
klose,4,KV002283,,,allowed,learning::klose::third-party-primary,002661,add-allowed,1,1,2,preserve-existing-allowed-then-cross-source-prevalence-v1,resolved-third-party-learner-identity
klose,4,KV002284,,,allowed,learning::klose::third-party-primary,001654,add-allowed,2,2,1,preserve-existing-allowed-then-cross-source-prevalence-v1,resolved-third-party-learner-identity
klose,4,KV002285,,,allowed,learning::klose::third-party-primary,002662,add-allowed,1,1,2,preserve-existing-allowed-then-cross-source-prevalence-v1,resolved-third-party-learner-identity
klose,4,KV002286,,,allowed,learning::klose::third-party-primary,001655,add-allowed,2,2,1,preserve-existing-allowed-then-cross-source-prevalence-v1,resolved-third-party-learner-identity
klose,4,KV002287,,,allowed,learning::klose::third-party-primary,001185,add-allowed,5,5,1,preserve-existing-allowed-then-cross-source-prevalence-v1,resolved-third-party-learner-identity
klose,4,KV002288,,,allowed,learning::klose::third-party-primary,001271,add-allowed,4,4,1,preserve-existing-allowed-then-cross-source-prevalence-v1,resolved-third-party-learner-identity
klose,4,KV002289,,,allowed,learning::klose::third-party-primary,002257,add-allowed,1,1,1,preserve-existing-allowed-then-cross-source-prevalence-v1,resolved-third-party-learner-identity
klose,4,KV002290,,,allowed,learning::klose::third-party-primary,002258,add-allowed,1,1,1,preserve-existing-allowed-then-cross-source-prevalence-v1,resolved-third-party-learner-identity
klose,4,KV002291,,,allowed,learning::klose::third-party-primary,002259,add-allowed,1,1,1,preserve-existing-allowed-then-cross-source-prevalence-v1,resolved-third-party-learner-identity
klose,4,KV002292,,,allowed,learning::klose::third-party-primary,001272,add-allowed,4,4,1,preserve-existing-allowed-then-cross-source-prevalence-v1,resolved-third-party-learner-identity
klose,4,KV002293,,,allowed,learning::klose::third-party-primary,002260,add-allowed,1,1,1,preserve-existing-allowed-then-cross-source-prevalence-v1,resolved-third-party-learner-identity
klose,4,KV002294,,,allowed,learning::klose::third-party-primary,001186,add-allowed,5,5,1,preserve-existing-allowed-then-cross-source-prevalence-v1,resolved-third-party-learner-identity
klose,4,KV002295,,,allowed,learning::klose::third-party-primary,001401,add-allowed,3,3,1,preserve-existing-allowed-then-cross-source-prevalence-v1,resolved-third-party-learner-identity
klose,4,KV002296,,,allowed,learning::klose::third-party-primary,001656,add-allowed,2,2,1,preserve-existing-allowed-then-cross-source-prevalence-v1,resolved-third-party-learner-identity
klose,4,KV002297,,,allowed,learning::klose::third-party-primary,001870,add-allowed,1,2,1,preserve-existing-allowed-then-cross-source-prevalence-v1,resolved-third-party-learner-identity
klose,4,KV002298,,,allowed,learning::klose::third-party-primary,001402,add-allowed,3,3,1,preserve-existing-allowed-then-cross-source-prevalence-v1,resolved-third-party-learner-identity
klose,4,KV002299,,,allowed,learning::klose::third-party-primary,002261,add-allowed,1,1,1,preserve-existing-allowed-then-cross-source-prevalence-v1,resolved-third-party-learner-identity
klose,4,KV002300,,,allowed,learning::klose::third-party-primary,001526,add-allowed,2,3,1,preserve-existing-allowed-then-cross-source-prevalence-v1,resolved-third-party-learner-identity
klose,4,KV002301,,,allowed,learning::klose::third-party-primary,002262,add-allowed,1,1,1,preserve-existing-allowed-then-cross-source-prevalence-v1,resolved-third-party-learner-identity
klose,4,KV002302,,,allowed,learning::klose::third-party-primary,002822,add-allowed,1,1,3,preserve-existing-allowed-then-cross-source-prevalence-v1,resolved-third-party-learner-identity
klose,4,KV002303,,,allowed,learning::klose::third-party-primary,002663,add-allowed,1,1,2,preserve-existing-allowed-then-cross-source-prevalence-v1,resolved-third-party-learner-identity
klose,4,KV002304,,,allowed,learning::klose::third-party-primary,002263,add-allowed,1,1,1,preserve-existing-allowed-then-cross-source-prevalence-v1,resolved-third-party-learner-identity
klose,4,KV002305,,,allowed,learning::klose::third-party-primary,001657,add-allowed,2,2,1,preserve-existing-allowed-then-cross-source-prevalence-v1,resolved-third-party-learner-identity
klose,4,KV002306,,,allowed,learning::klose::third-party-primary,001069,add-allowed,6,7,1,preserve-existing-allowed-then-cross-source-prevalence-v1,resolved-third-party-learner-identity
klose,4,KV002307,,,allowed,learning::klose::third-party-primary,001871,add-allowed,1,2,1,preserve-existing-allowed-then-cross-source-prevalence-v1,resolved-third-party-learner-identity
klose,4,KV002308,,,allowed,learning::klose::third-party-primary,002664,add-allowed,1,1,2,preserve-existing-allowed-then-cross-source-prevalence-v1,resolved-third-party-learner-identity
klose,4,KV002309,,,allowed,learning::klose::third-party-primary,002665,add-allowed,1,1,2,preserve-existing-allowed-then-cross-source-prevalence-v1,resolved-third-party-learner-identity
klose,4,KV002310,,,allowed,learning::klose::third-party-primary,001054,add-allowed,7,7,2,preserve-existing-allowed-then-cross-source-prevalence-v1,resolved-third-party-learner-identity
klose,4,KV002311,,,allowed,learning::klose::third-party-primary,002265,add-allowed,1,1,1,preserve-existing-allowed-then-cross-source-prevalence-v1,resolved-third-party-learner-identity
klose,4,KV002312,,,allowed,learning::klose::third-party-primary,002266,add-allowed,1,1,1,preserve-existing-allowed-then-cross-source-prevalence-v1,resolved-third-party-learner-identity
klose,4,KV002313,,,allowed,learning::klose::third-party-primary,002267,add-allowed,1,1,1,preserve-existing-allowed-then-cross-source-prevalence-v1,resolved-third-party-learner-identity
klose,4,KV002314,,,allowed,learning::klose::third-party-primary,002268,add-allowed,1,1,1,preserve-existing-allowed-then-cross-source-prevalence-v1,resolved-third-party-learner-identity
klose,4,KV002315,,,allowed,learning::klose::third-party-primary,002269,add-allowed,1,1,1,preserve-existing-allowed-then-cross-source-prevalence-v1,resolved-third-party-learner-identity
klose,4,KV002316,,,allowed,learning::klose::third-party-primary,001403,add-allowed,3,3,1,preserve-existing-allowed-then-cross-source-prevalence-v1,resolved-third-party-learner-identity
klose,4,KV002317,,,allowed,learning::klose::third-party-primary,002270,add-allowed,1,1,1,preserve-existing-allowed-then-cross-source-prevalence-v1,resolved-third-party-learner-identity
klose,4,KV002318,,,allowed,learning::klose::third-party-primary,002271,add-allowed,1,1,1,preserve-existing-allowed-then-cross-source-prevalence-v1,resolved-third-party-learner-identity
klose,4,KV002319,,,allowed,learning::klose::third-party-primary,002667,add-allowed,1,1,2,preserve-existing-allowed-then-cross-source-prevalence-v1,resolved-third-party-learner-identity
klose,4,KV002320,,,allowed,learning::klose::third-party-primary,001805,add-allowed,2,2,2,preserve-existing-allowed-then-cross-source-prevalence-v1,resolved-third-party-learner-identity
klose,4,KV002321,,,allowed,learning::klose::third-party-primary,002668,add-allowed,1,1,2,preserve-existing-allowed-then-cross-source-prevalence-v1,resolved-third-party-learner-identity
klose,4,KV002322,,,allowed,learning::klose::third-party-primary,002272,add-allowed,1,1,1,preserve-existing-allowed-then-cross-source-prevalence-v1,resolved-third-party-learner-identity
klose,4,KV002323,,,allowed,learning::klose::third-party-primary,002273,add-allowed,1,1,1,preserve-existing-allowed-then-cross-source-prevalence-v1,resolved-third-party-learner-identity
klose,4,KV002324,,,allowed,learning::klose::third-party-primary,000694,add-allowed,19,22,2,preserve-existing-allowed-then-cross-source-prevalence-v1,resolved-third-party-learner-identity
klose,4,KV002325,,,allowed,learning::klose::third-party-primary,001404,add-allowed,3,3,1,preserve-existing-allowed-then-cross-source-prevalence-v1,resolved-third-party-learner-identity
klose,4,KV002326,,,allowed,learning::klose::third-party-primary,001658,add-allowed,2,2,1,preserve-existing-allowed-then-cross-source-prevalence-v1,resolved-third-party-learner-identity
klose,4,KV002327,,,allowed,learning::klose::third-party-primary,002274,add-allowed,1,1,1,preserve-existing-allowed-then-cross-source-prevalence-v1,resolved-third-party-learner-identity
klose,4,KV002328,,,allowed,learning::klose::third-party-primary,000913,add-allowed,11,11,1,preserve-existing-allowed-then-cross-source-prevalence-v1,resolved-third-party-learner-identity
klose,4,KV002329,,,allowed,learning::klose::third-party-primary,001055,add-allowed,7,7,2,preserve-existing-allowed-then-cross-source-prevalence-v1,resolved-third-party-learner-identity
klose,4,KV002330,,,allowed,learning::klose::third-party-primary,000759,add-allowed,18,18,1,preserve-existing-allowed-then-cross-source-prevalence-v1,resolved-third-party-learner-identity
klose,4,KV002331,,,allowed,learning::klose::third-party-primary,001188,add-allowed,5,5,1,preserve-existing-allowed-then-cross-source-prevalence-v1,resolved-third-party-learner-identity
klose,4,KV002332,,,allowed,learning::klose::third-party-primary,001189,add-allowed,5,5,1,preserve-existing-allowed-then-cross-source-prevalence-v1,resolved-third-party-learner-identity
klose,4,KV002333,,,allowed,learning::klose::third-party-primary,002275,add-allowed,1,1,1,preserve-existing-allowed-then-cross-source-prevalence-v1,resolved-third-party-learner-identity
klose,4,KV002334,,,allowed,learning::klose::third-party-primary,002276,add-allowed,1,1,1,preserve-existing-allowed-then-cross-source-prevalence-v1,resolved-third-party-learner-identity
klose,4,KV002335,,,allowed,learning::klose::third-party-primary,001059,add-allowed,6,8,1,preserve-existing-allowed-then-cross-source-prevalence-v1,resolved-third-party-learner-identity
klose,4,KV002336,,,allowed,learning::klose::third-party-primary,001190,add-allowed,5,5,1,preserve-existing-allowed-then-cross-source-prevalence-v1,resolved-third-party-learner-identity
klose,4,KV002337,,,allowed,learning::klose::third-party-primary,002277,add-allowed,1,1,1,preserve-existing-allowed-then-cross-source-prevalence-v1,resolved-third-party-learner-identity
klose,4,KV002338,,,allowed,learning::klose::third-party-primary,001038,add-allowed,7,7,1,preserve-existing-allowed-then-cross-source-prevalence-v1,resolved-third-party-learner-identity
klose,4,KV002339,,,allowed,learning::klose::third-party-primary,002823,add-allowed,1,1,3,preserve-existing-allowed-then-cross-source-prevalence-v1,resolved-third-party-learner-identity
klose,4,KV002340,,,allowed,learning::klose::third-party-primary,002824,add-allowed,1,1,3,preserve-existing-allowed-then-cross-source-prevalence-v1,resolved-third-party-learner-identity
klose,4,KV002341,,,allowed,learning::klose::third-party-primary,000898,add-allowed,11,12,1,preserve-existing-allowed-then-cross-source-prevalence-v1,resolved-third-party-learner-identity
klose,4,KV002342,,,allowed,learning::klose::third-party-primary,001806,add-allowed,2,2,2,preserve-existing-allowed-then-cross-source-prevalence-v1,resolved-third-party-learner-identity
klose,4,KV002343,,,allowed,learning::klose::third-party-primary,002279,add-allowed,1,1,1,preserve-existing-allowed-then-cross-source-prevalence-v1,resolved-third-party-learner-identity
klose,4,KV002344,,,allowed,learning::klose::third-party-primary,001405,add-allowed,3,3,1,preserve-existing-allowed-then-cross-source-prevalence-v1,resolved-third-party-learner-identity
klose,4,KV002345,,,allowed,learning::klose::third-party-primary,002670,add-allowed,1,1,2,preserve-existing-allowed-then-cross-source-prevalence-v1,resolved-third-party-learner-identity
klose,4,KV002346,,,allowed,learning::klose::third-party-primary,001039,add-allowed,7,7,1,preserve-existing-allowed-then-cross-source-prevalence-v1,resolved-third-party-learner-identity
klose,4,KV002347,,,allowed,learning::klose::third-party-primary,001141,add-allowed,5,6,2,preserve-existing-allowed-then-cross-source-prevalence-v1,resolved-third-party-learner-identity
klose,4,KV002348,,,allowed,learning::klose::third-party-primary,001483,add-allowed,3,3,2,preserve-existing-allowed-then-cross-source-prevalence-v1,resolved-third-party-learner-identity
klose,4,KV002349,,,allowed,learning::klose::third-party-primary,001326,add-allowed,4,4,3,preserve-existing-allowed-then-cross-source-prevalence-v1,resolved-third-party-learner-identity
klose,4,KV002350,,,allowed,learning::klose::third-party-primary,002671,add-allowed,1,1,2,preserve-existing-allowed-then-cross-source-prevalence-v1,resolved-third-party-learner-identity
klose,4,KV002351,,,allowed,learning::klose::third-party-primary,001845,add-allowed,2,2,3,preserve-existing-allowed-then-cross-source-prevalence-v1,resolved-third-party-learner-identity
klose,4,KV002352,,,allowed,learning::klose::third-party-primary,001846,add-allowed,2,2,3,preserve-existing-allowed-then-cross-source-prevalence-v1,resolved-third-party-learner-identity
klose,4,KV002353,,,allowed,learning::klose::third-party-primary,002825,add-allowed,1,1,3,preserve-existing-allowed-then-cross-source-prevalence-v1,resolved-third-party-learner-identity
klose,4,KV002354,,,allowed,learning::klose::third-party-primary,001807,add-allowed,2,2,2,preserve-existing-allowed-then-cross-source-prevalence-v1,resolved-third-party-learner-identity
klose,4,KV002355,,,allowed,learning::klose::third-party-primary,002281,add-allowed,1,1,1,preserve-existing-allowed-then-cross-source-prevalence-v1,resolved-third-party-learner-identity
klose,4,KV002356,,,allowed,learning::klose::third-party-primary,002282,add-allowed,1,1,1,preserve-existing-allowed-then-cross-source-prevalence-v1,resolved-third-party-learner-identity
klose,4,KV002357,,,allowed,learning::klose::third-party-primary,001659,add-allowed,2,2,1,preserve-existing-allowed-then-cross-source-prevalence-v1,resolved-third-party-learner-identity
klose,4,KV002358,,,allowed,learning::klose::third-party-primary,001660,add-allowed,2,2,1,preserve-existing-allowed-then-cross-source-prevalence-v1,resolved-third-party-learner-identity
klose,4,KV002359,,,allowed,learning::klose::third-party-primary,001661,add-allowed,2,2,1,preserve-existing-allowed-then-cross-source-prevalence-v1,resolved-third-party-learner-identity
klose,4,KV002360,,,allowed,learning::klose::third-party-primary,001274,add-allowed,4,4,1,preserve-existing-allowed-then-cross-source-prevalence-v1,resolved-third-party-learner-identity
klose,4,KV002361,,,allowed,learning::klose::third-party-primary,002283,add-allowed,1,1,1,preserve-existing-allowed-then-cross-source-prevalence-v1,resolved-third-party-learner-identity
klose,4,KV002362,,,allowed,learning::klose::third-party-primary,002672,add-allowed,1,1,2,preserve-existing-allowed-then-cross-source-prevalence-v1,resolved-third-party-learner-identity
klose,4,KV002363,,,allowed,learning::klose::third-party-primary,001040,add-allowed,7,7,1,preserve-existing-allowed-then-cross-source-prevalence-v1,resolved-third-party-learner-identity
klose,4,KV002364,,,allowed,learning::klose::third-party-primary,001484,add-allowed,3,3,2,preserve-existing-allowed-then-cross-source-prevalence-v1,resolved-third-party-learner-identity
klose,4,KV002365,,,allowed,learning::klose::third-party-primary,000845,add-allowed,14,17,1,preserve-existing-allowed-then-cross-source-prevalence-v1,resolved-third-party-learner-identity
klose,4,KV002366,,,allowed,learning::klose::third-party-primary,001275,add-allowed,4,4,1,preserve-existing-allowed-then-cross-source-prevalence-v1,resolved-third-party-learner-identity
klose,4,KV002367,,,allowed,learning::klose::third-party-primary,002285,add-allowed,1,1,1,preserve-existing-allowed-then-cross-source-prevalence-v1,resolved-third-party-learner-identity
klose,4,KV002368,,,allowed,learning::klose::third-party-primary,002286,add-allowed,1,1,1,preserve-existing-allowed-then-cross-source-prevalence-v1,resolved-third-party-learner-identity
klose,4,KV002369,,,allowed,learning::klose::third-party-primary,001662,add-allowed,2,2,1,preserve-existing-allowed-then-cross-source-prevalence-v1,resolved-third-party-learner-identity
klose,4,KV002370,,,allowed,learning::klose::third-party-primary,001663,add-allowed,2,2,1,preserve-existing-allowed-then-cross-source-prevalence-v1,resolved-third-party-learner-identity
klose,4,KV002371,,,allowed,learning::klose::third-party-primary,001408,add-allowed,3,3,1,preserve-existing-allowed-then-cross-source-prevalence-v1,resolved-third-party-learner-identity
klose,4,KV002372,,,allowed,learning::klose::third-party-primary,002287,add-allowed,1,1,1,preserve-existing-allowed-then-cross-source-prevalence-v1,resolved-third-party-learner-identity
klose,4,KV002373,,,allowed,learning::klose::third-party-primary,001337,add-allowed,3,4,1,preserve-existing-allowed-then-cross-source-prevalence-v1,resolved-third-party-learner-identity
klose,4,KV002374,,,allowed,learning::klose::third-party-primary,001276,add-allowed,4,4,1,preserve-existing-allowed-then-cross-source-prevalence-v1,resolved-third-party-learner-identity
klose,4,KV002375,,,allowed,learning::klose::third-party-primary,001664,add-allowed,2,2,1,preserve-existing-allowed-then-cross-source-prevalence-v1,resolved-third-party-learner-identity
klose,4,KV002376,,,allowed,learning::klose::third-party-primary,002288,add-allowed,1,1,1,preserve-existing-allowed-then-cross-source-prevalence-v1,resolved-third-party-learner-identity
klose,4,KV002377,,,allowed,learning::klose::third-party-primary,002289,add-allowed,1,1,1,preserve-existing-allowed-then-cross-source-prevalence-v1,resolved-third-party-learner-identity
klose,4,KV002378,,,allowed,learning::klose::third-party-primary,001666,add-allowed,2,2,1,preserve-existing-allowed-then-cross-source-prevalence-v1,resolved-third-party-learner-identity
klose,4,KV002379,,,allowed,learning::klose::third-party-primary,002290,add-allowed,1,1,1,preserve-existing-allowed-then-cross-source-prevalence-v1,resolved-third-party-learner-identity
klose,4,KV002380,,,allowed,learning::klose::third-party-primary,002291,add-allowed,1,1,1,preserve-existing-allowed-then-cross-source-prevalence-v1,resolved-third-party-learner-identity
klose,4,KV002381,,,allowed,learning::klose::third-party-primary,002292,add-allowed,1,1,1,preserve-existing-allowed-then-cross-source-prevalence-v1,resolved-third-party-learner-identity
klose,4,KV002382,,,allowed,learning::klose::third-party-primary,001191,add-allowed,5,5,1,preserve-existing-allowed-then-cross-source-prevalence-v1,resolved-third-party-learner-identity
klose,4,KV002383,,,allowed,learning::klose::third-party-primary,001131,add-allowed,5,6,1,preserve-existing-allowed-then-cross-source-prevalence-v1,resolved-third-party-learner-identity
klose,4,KV002384,,,allowed,learning::klose::third-party-primary,001277,add-allowed,4,4,1,preserve-existing-allowed-then-cross-source-prevalence-v1,resolved-third-party-learner-identity
klose,4,KV002385,,,allowed,learning::klose::third-party-primary,002293,add-allowed,1,1,1,preserve-existing-allowed-then-cross-source-prevalence-v1,resolved-third-party-learner-identity
klose,4,KV002386,,,allowed,learning::klose::third-party-primary,001278,add-allowed,4,4,1,preserve-existing-allowed-then-cross-source-prevalence-v1,resolved-third-party-learner-identity
klose,4,KV002387,,,allowed,learning::klose::third-party-primary,002294,add-allowed,1,1,1,preserve-existing-allowed-then-cross-source-prevalence-v1,resolved-third-party-learner-identity
klose,4,KV002388,,,allowed,learning::klose::third-party-primary,002295,add-allowed,1,1,1,preserve-existing-allowed-then-cross-source-prevalence-v1,resolved-third-party-learner-identity
klose,4,KV002389,,,allowed,learning::klose::third-party-primary,001527,add-allowed,2,3,1,preserve-existing-allowed-then-cross-source-prevalence-v1,resolved-third-party-learner-identity
klose,4,KV002390,,,allowed,learning::klose::third-party-primary,001279,add-allowed,4,4,1,preserve-existing-allowed-then-cross-source-prevalence-v1,resolved-third-party-learner-identity
klose,4,KV002391,,,allowed,learning::klose::third-party-primary,002296,add-allowed,1,1,1,preserve-existing-allowed-then-cross-source-prevalence-v1,resolved-third-party-learner-identity
klose,4,KV002392,,,allowed,learning::klose::third-party-primary,002297,add-allowed,1,1,1,preserve-existing-allowed-then-cross-source-prevalence-v1,resolved-third-party-learner-identity
klose,4,KV002393,,,allowed,learning::klose::third-party-primary,002298,add-allowed,1,1,1,preserve-existing-allowed-then-cross-source-prevalence-v1,resolved-third-party-learner-identity
klose,4,KV002394,,,allowed,learning::klose::third-party-primary,002299,add-allowed,1,1,1,preserve-existing-allowed-then-cross-source-prevalence-v1,resolved-third-party-learner-identity
klose,4,KV002395,,,allowed,learning::klose::third-party-primary,001667,add-allowed,2,2,1,preserve-existing-allowed-then-cross-source-prevalence-v1,resolved-third-party-learner-identity
klose,4,KV002396,,,allowed,learning::klose::third-party-primary,001668,add-allowed,2,2,1,preserve-existing-allowed-then-cross-source-prevalence-v1,resolved-third-party-learner-identity
klose,4,KV002397,,,allowed,learning::klose::third-party-primary,001669,add-allowed,2,2,1,preserve-existing-allowed-then-cross-source-prevalence-v1,resolved-third-party-learner-identity
klose,4,KV002398,,,allowed,learning::klose::third-party-primary,001670,add-allowed,2,2,1,preserve-existing-allowed-then-cross-source-prevalence-v1,resolved-third-party-learner-identity
klose,4,KV002399,,,allowed,learning::klose::third-party-primary,002300,add-allowed,1,1,1,preserve-existing-allowed-then-cross-source-prevalence-v1,resolved-third-party-learner-identity
klose,4,KV002400,,,allowed,learning::klose::third-party-primary,001671,add-allowed,2,2,1,preserve-existing-allowed-then-cross-source-prevalence-v1,resolved-third-party-learner-identity
klose,4,KV002401,,,allowed,learning::klose::third-party-primary,001485,add-allowed,3,3,2,preserve-existing-allowed-then-cross-source-prevalence-v1,resolved-third-party-learner-identity
klose,4,KV002402,,,allowed,learning::klose::third-party-primary,001672,add-allowed,2,2,1,preserve-existing-allowed-then-cross-source-prevalence-v1,resolved-third-party-learner-identity
klose,4,KV002403,,,allowed,learning::klose::third-party-primary,001409,add-allowed,3,3,1,preserve-existing-allowed-then-cross-source-prevalence-v1,resolved-third-party-learner-identity
klose,4,KV002404,,,allowed,learning::klose::third-party-primary,001673,add-allowed,2,2,1,preserve-existing-allowed-then-cross-source-prevalence-v1,resolved-third-party-learner-identity
klose,4,KV002405,,,allowed,learning::klose::third-party-primary,002301,add-allowed,1,1,1,preserve-existing-allowed-then-cross-source-prevalence-v1,resolved-third-party-learner-identity
klose,4,KV002406,,,allowed,learning::klose::third-party-primary,002302,add-allowed,1,1,1,preserve-existing-allowed-then-cross-source-prevalence-v1,resolved-third-party-learner-identity
klose,4,KV002407,,,allowed,learning::klose::third-party-primary,000994,add-allowed,8,8,1,preserve-existing-allowed-then-cross-source-prevalence-v1,resolved-third-party-learner-identity
klose,4,KV002408,,,allowed,learning::klose::third-party-primary,001103,add-allowed,6,6,1,preserve-existing-allowed-then-cross-source-prevalence-v1,resolved-third-party-learner-identity
klose,4,KV002409,,,allowed,learning::klose::third-party-primary,002303,add-allowed,1,1,1,preserve-existing-allowed-then-cross-source-prevalence-v1,resolved-third-party-learner-identity
klose,4,KV002410,,,allowed,learning::klose::third-party-primary,001410,add-allowed,3,3,1,preserve-existing-allowed-then-cross-source-prevalence-v1,resolved-third-party-learner-identity
klose,4,KV002411,,,allowed,learning::klose::third-party-primary,002304,add-allowed,1,1,1,preserve-existing-allowed-then-cross-source-prevalence-v1,resolved-third-party-learner-identity
klose,4,KV002412,,,allowed,learning::klose::third-party-primary,002305,add-allowed,1,1,1,preserve-existing-allowed-then-cross-source-prevalence-v1,resolved-third-party-learner-identity
klose,4,KV002413,,,allowed,learning::klose::third-party-primary,002306,add-allowed,1,1,1,preserve-existing-allowed-then-cross-source-prevalence-v1,resolved-third-party-learner-identity
klose,4,KV002414,,,allowed,learning::klose::third-party-primary,002307,add-allowed,1,1,1,preserve-existing-allowed-then-cross-source-prevalence-v1,resolved-third-party-learner-identity
klose,4,KV002415,,,allowed,learning::klose::third-party-primary,001674,add-allowed,2,2,1,preserve-existing-allowed-then-cross-source-prevalence-v1,resolved-third-party-learner-identity
klose,4,KV002416,,,allowed,learning::klose::third-party-primary,002308,add-allowed,1,1,1,preserve-existing-allowed-then-cross-source-prevalence-v1,resolved-third-party-learner-identity
klose,4,KV002417,,,allowed,learning::klose::third-party-primary,002674,add-allowed,1,1,2,preserve-existing-allowed-then-cross-source-prevalence-v1,resolved-third-party-learner-identity
klose,4,KV002418,,,allowed,learning::klose::third-party-primary,001675,add-allowed,2,2,1,preserve-existing-allowed-then-cross-source-prevalence-v1,resolved-third-party-learner-identity
klose,4,KV002419,,,allowed,learning::klose::third-party-primary,000996,add-allowed,8,8,1,preserve-existing-allowed-then-cross-source-prevalence-v1,resolved-third-party-learner-identity
klose,4,KV002420,,,allowed,learning::klose::third-party-primary,001192,add-allowed,5,5,1,preserve-existing-allowed-then-cross-source-prevalence-v1,resolved-third-party-learner-identity
klose,4,KV002421,,,allowed,learning::klose::third-party-primary,000866,add-allowed,13,16,1,preserve-existing-allowed-then-cross-source-prevalence-v1,resolved-third-party-learner-identity
klose,4,KV002422,,,allowed,learning::klose::third-party-primary,000851,add-allowed,14,16,2,preserve-existing-allowed-then-cross-source-prevalence-v1,resolved-third-party-learner-identity
klose,4,KV002423,,,allowed,learning::klose::third-party-primary,002827,add-allowed,1,1,3,preserve-existing-allowed-then-cross-source-prevalence-v1,resolved-third-party-learner-identity
klose,4,KV002424,,,allowed,learning::klose::third-party-primary,001280,add-allowed,4,4,1,preserve-existing-allowed-then-cross-source-prevalence-v1,resolved-third-party-learner-identity
klose,4,KV002425,,,allowed,learning::klose::third-party-primary,002309,add-allowed,1,1,1,preserve-existing-allowed-then-cross-source-prevalence-v1,resolved-third-party-learner-identity
klose,4,KV002426,,,allowed,learning::klose::third-party-primary,002310,add-allowed,1,1,1,preserve-existing-allowed-then-cross-source-prevalence-v1,resolved-third-party-learner-identity
klose,4,KV002427,,,allowed,learning::klose::third-party-primary,001411,add-allowed,3,3,1,preserve-existing-allowed-then-cross-source-prevalence-v1,resolved-third-party-learner-identity
klose,4,KV002428,,,allowed,learning::klose::third-party-primary,001676,add-allowed,2,2,1,preserve-existing-allowed-then-cross-source-prevalence-v1,resolved-third-party-learner-identity
klose,4,KV002429,,,allowed,learning::klose::third-party-primary,001193,add-allowed,5,5,1,preserve-existing-allowed-then-cross-source-prevalence-v1,resolved-third-party-learner-identity
klose,4,KV002430,,,allowed,learning::klose::third-party-primary,000974,add-allowed,8,9,1,preserve-existing-allowed-then-cross-source-prevalence-v1,resolved-third-party-learner-identity
klose,4,KV002431,,,allowed,learning::klose::third-party-primary,000899,add-allowed,11,12,1,preserve-existing-allowed-then-cross-source-prevalence-v1,resolved-third-party-learner-identity
klose,4,KV002432,,,allowed,learning::klose::third-party-primary,002311,add-allowed,1,1,1,preserve-existing-allowed-then-cross-source-prevalence-v1,resolved-third-party-learner-identity
klose,4,KV002433,,,allowed,learning::klose::third-party-primary,002312,add-allowed,1,1,1,preserve-existing-allowed-then-cross-source-prevalence-v1,resolved-third-party-learner-identity
klose,4,KV002434,,,allowed,learning::klose::third-party-primary,002313,add-allowed,1,1,1,preserve-existing-allowed-then-cross-source-prevalence-v1,resolved-third-party-learner-identity
klose,4,KV002435,,,allowed,learning::klose::third-party-primary,002675,add-allowed,1,1,2,preserve-existing-allowed-then-cross-source-prevalence-v1,resolved-third-party-learner-identity
klose,4,KV002436,,,allowed,learning::klose::third-party-primary,001194,add-allowed,5,5,1,preserve-existing-allowed-then-cross-source-prevalence-v1,resolved-third-party-learner-identity
klose,4,KV002437,,,allowed,learning::klose::third-party-primary,002315,add-allowed,1,1,1,preserve-existing-allowed-then-cross-source-prevalence-v1,resolved-third-party-learner-identity
klose,4,KV002438,,,allowed,learning::klose::third-party-primary,002676,add-allowed,1,1,2,preserve-existing-allowed-then-cross-source-prevalence-v1,resolved-third-party-learner-identity
klose,4,KV002439,,,allowed,learning::klose::third-party-primary,002677,add-allowed,1,1,2,preserve-existing-allowed-then-cross-source-prevalence-v1,resolved-third-party-learner-identity
klose,4,KV002440,,,allowed,learning::klose::third-party-primary,002678,add-allowed,1,1,2,preserve-existing-allowed-then-cross-source-prevalence-v1,resolved-third-party-learner-identity
klose,4,KV002441,,,allowed,learning::klose::third-party-primary,001677,add-allowed,2,2,1,preserve-existing-allowed-then-cross-source-prevalence-v1,resolved-third-party-learner-identity
klose,4,KV002442,,,allowed,learning::klose::third-party-primary,001678,add-allowed,2,2,1,preserve-existing-allowed-then-cross-source-prevalence-v1,resolved-third-party-learner-identity
klose,4,KV002443,,,allowed,learning::klose::third-party-primary,002316,add-allowed,1,1,1,preserve-existing-allowed-then-cross-source-prevalence-v1,resolved-third-party-learner-identity
klose,4,KV002444,,,allowed,learning::klose::third-party-primary,001412,add-allowed,3,3,1,preserve-existing-allowed-then-cross-source-prevalence-v1,resolved-third-party-learner-identity
klose,4,KV002445,,,allowed,learning::klose::third-party-primary,002317,add-allowed,1,1,1,preserve-existing-allowed-then-cross-source-prevalence-v1,resolved-third-party-learner-identity
klose,4,KV002446,,,allowed,learning::klose::third-party-primary,001680,add-allowed,2,2,1,preserve-existing-allowed-then-cross-source-prevalence-v1,resolved-third-party-learner-identity
klose,4,KV002447,,,allowed,learning::klose::third-party-primary,001681,add-allowed,2,2,1,preserve-existing-allowed-then-cross-source-prevalence-v1,resolved-third-party-learner-identity
klose,4,KV002448,,,allowed,learning::klose::third-party-primary,002318,add-allowed,1,1,1,preserve-existing-allowed-then-cross-source-prevalence-v1,resolved-third-party-learner-identity
klose,4,KV002449,,,allowed,learning::klose::third-party-primary,002319,add-allowed,1,1,1,preserve-existing-allowed-then-cross-source-prevalence-v1,resolved-third-party-learner-identity
klose,4,KV002450,,,allowed,learning::klose::third-party-primary,001282,add-allowed,4,4,1,preserve-existing-allowed-then-cross-source-prevalence-v1,resolved-third-party-learner-identity
klose,4,KV002451,,,allowed,learning::klose::third-party-primary,002320,add-allowed,1,1,1,preserve-existing-allowed-then-cross-source-prevalence-v1,resolved-third-party-learner-identity
klose,4,KV002452,,,allowed,learning::klose::third-party-primary,001808,add-allowed,2,2,2,preserve-existing-allowed-then-cross-source-prevalence-v1,resolved-third-party-learner-identity
klose,4,KV002453,,,allowed,learning::klose::third-party-primary,001195,add-allowed,5,5,1,preserve-existing-allowed-then-cross-source-prevalence-v1,resolved-third-party-learner-identity
klose,4,KV002454,,,allowed,learning::klose::third-party-primary,002321,add-allowed,1,1,1,preserve-existing-allowed-then-cross-source-prevalence-v1,resolved-third-party-learner-identity
klose,4,KV002455,,,allowed,learning::klose::third-party-primary,000961,add-allowed,9,9,1,preserve-existing-allowed-then-cross-source-prevalence-v1,resolved-third-party-learner-identity
klose,4,KV002456,,,allowed,learning::klose::third-party-primary,002322,add-allowed,1,1,1,preserve-existing-allowed-then-cross-source-prevalence-v1,resolved-third-party-learner-identity
klose,4,KV002457,,,allowed,learning::klose::third-party-primary,001231,add-allowed,4,5,1,preserve-existing-allowed-then-cross-source-prevalence-v1,resolved-third-party-learner-identity
klose,4,KV002458,,,allowed,learning::klose::third-party-primary,001283,add-allowed,4,4,1,preserve-existing-allowed-then-cross-source-prevalence-v1,resolved-third-party-learner-identity
klose,4,KV002459,,,allowed,learning::klose::third-party-primary,002324,add-allowed,1,1,1,preserve-existing-allowed-then-cross-source-prevalence-v1,resolved-third-party-learner-identity
klose,4,KV002460,,,allowed,learning::klose::third-party-primary,002325,add-allowed,1,1,1,preserve-existing-allowed-then-cross-source-prevalence-v1,resolved-third-party-learner-identity
klose,4,KV002461,,,allowed,learning::klose::third-party-primary,001413,add-allowed,3,3,1,preserve-existing-allowed-then-cross-source-prevalence-v1,resolved-third-party-learner-identity
klose,4,KV002462,,,allowed,learning::klose::third-party-primary,002326,add-allowed,1,1,1,preserve-existing-allowed-then-cross-source-prevalence-v1,resolved-third-party-learner-identity
klose,4,KV002463,,,allowed,learning::klose::third-party-primary,001682,add-allowed,2,2,1,preserve-existing-allowed-then-cross-source-prevalence-v1,resolved-third-party-learner-identity
klose,4,KV002464,,,allowed,learning::klose::third-party-primary,002679,add-allowed,1,1,2,preserve-existing-allowed-then-cross-source-prevalence-v1,resolved-third-party-learner-identity
klose,4,KV002465,,,allowed,learning::klose::third-party-primary,001486,add-allowed,3,3,2,preserve-existing-allowed-then-cross-source-prevalence-v1,resolved-third-party-learner-identity
klose,4,KV002466,,,allowed,learning::klose::third-party-primary,001683,add-allowed,2,2,1,preserve-existing-allowed-then-cross-source-prevalence-v1,resolved-third-party-learner-identity
klose,4,KV002467,,,allowed,learning::klose::third-party-primary,000815,add-allowed,15,20,1,preserve-existing-allowed-then-cross-source-prevalence-v1,resolved-third-party-learner-identity
klose,4,KV002468,,,allowed,learning::klose::third-party-primary,002327,add-allowed,1,1,1,preserve-existing-allowed-then-cross-source-prevalence-v1,resolved-third-party-learner-identity
klose,4,KV002469,,,allowed,learning::klose::third-party-primary,002680,add-allowed,1,1,2,preserve-existing-allowed-then-cross-source-prevalence-v1,resolved-third-party-learner-identity
klose,4,KV002470,,,allowed,learning::klose::third-party-primary,001070,add-allowed,6,7,1,preserve-existing-allowed-then-cross-source-prevalence-v1,resolved-third-party-learner-identity
klose,4,KV002471,,,allowed,learning::klose::third-party-primary,001684,add-allowed,2,2,1,preserve-existing-allowed-then-cross-source-prevalence-v1,resolved-third-party-learner-identity
klose,4,KV002472,,,allowed,learning::klose::third-party-primary,002328,add-allowed,1,1,1,preserve-existing-allowed-then-cross-source-prevalence-v1,resolved-third-party-learner-identity
klose,4,KV002473,,,allowed,learning::klose::third-party-primary,000997,add-allowed,8,8,1,preserve-existing-allowed-then-cross-source-prevalence-v1,resolved-third-party-learner-identity
klose,4,KV002474,,,allowed,learning::klose::third-party-primary,001685,add-allowed,2,2,1,preserve-existing-allowed-then-cross-source-prevalence-v1,resolved-third-party-learner-identity
klose,4,KV002475,,,allowed,learning::klose::third-party-primary,002329,add-allowed,1,1,1,preserve-existing-allowed-then-cross-source-prevalence-v1,resolved-third-party-learner-identity
klose,4,KV002476,,,allowed,learning::klose::third-party-primary,001872,add-allowed,1,2,1,preserve-existing-allowed-then-cross-source-prevalence-v1,resolved-third-party-learner-identity
klose,4,KV002477,,,allowed,learning::klose::third-party-primary,002829,add-allowed,1,1,3,preserve-existing-allowed-then-cross-source-prevalence-v1,resolved-third-party-learner-identity
klose,4,KV002478,,,allowed,learning::klose::third-party-primary,002330,add-allowed,1,1,1,preserve-existing-allowed-then-cross-source-prevalence-v1,resolved-third-party-learner-identity
klose,4,KV002479,,,allowed,learning::klose::third-party-primary,002682,add-allowed,1,1,2,preserve-existing-allowed-then-cross-source-prevalence-v1,resolved-third-party-learner-identity
klose,4,KV002480,,,allowed,learning::klose::third-party-primary,001686,add-allowed,2,2,1,preserve-existing-allowed-then-cross-source-prevalence-v1,resolved-third-party-learner-identity
klose,4,KV002481,,,allowed,learning::klose::third-party-primary,002683,add-allowed,1,1,2,preserve-existing-allowed-then-cross-source-prevalence-v1,resolved-third-party-learner-identity
klose,4,KV002482,,,allowed,learning::klose::third-party-primary,002331,add-allowed,1,1,1,preserve-existing-allowed-then-cross-source-prevalence-v1,resolved-third-party-learner-identity
klose,4,KV002483,,,allowed,learning::klose::third-party-primary,002332,add-allowed,1,1,1,preserve-existing-allowed-then-cross-source-prevalence-v1,resolved-third-party-learner-identity
klose,4,KV002484,,,allowed,learning::klose::third-party-primary,002333,add-allowed,1,1,1,preserve-existing-allowed-then-cross-source-prevalence-v1,resolved-third-party-learner-identity
klose,4,KV002485,,,allowed,learning::klose::third-party-primary,002334,add-allowed,1,1,1,preserve-existing-allowed-then-cross-source-prevalence-v1,resolved-third-party-learner-identity
klose,4,KV002486,,,allowed,learning::klose::third-party-primary,001873,add-allowed,1,2,1,preserve-existing-allowed-then-cross-source-prevalence-v1,resolved-third-party-learner-identity
klose,4,KV002487,,,allowed,learning::klose::third-party-primary,002335,add-allowed,1,1,1,preserve-existing-allowed-then-cross-source-prevalence-v1,resolved-third-party-learner-identity
klose,4,KV002488,,,allowed,learning::klose::third-party-primary,001414,add-allowed,3,3,1,preserve-existing-allowed-then-cross-source-prevalence-v1,resolved-third-party-learner-identity
klose,4,KV002489,,,allowed,learning::klose::third-party-primary,001284,add-allowed,4,4,1,preserve-existing-allowed-then-cross-source-prevalence-v1,resolved-third-party-learner-identity
klose,4,KV002490,,,allowed,learning::klose::third-party-primary,001415,add-allowed,3,3,1,preserve-existing-allowed-then-cross-source-prevalence-v1,resolved-third-party-learner-identity
klose,4,KV002491,,,allowed,learning::klose::third-party-primary,001809,add-allowed,2,2,2,preserve-existing-allowed-then-cross-source-prevalence-v1,resolved-third-party-learner-identity
klose,4,KV002492,,,allowed,learning::klose::third-party-primary,001847,add-allowed,2,2,3,preserve-existing-allowed-then-cross-source-prevalence-v1,resolved-third-party-learner-identity
klose,4,KV002493,,,allowed,learning::klose::third-party-primary,001487,add-allowed,3,3,2,preserve-existing-allowed-then-cross-source-prevalence-v1,resolved-third-party-learner-identity
klose,4,KV002494,,,allowed,learning::klose::third-party-primary,002336,add-allowed,1,1,1,preserve-existing-allowed-then-cross-source-prevalence-v1,resolved-third-party-learner-identity
klose,4,KV002495,,,allowed,learning::klose::third-party-primary,002685,add-allowed,1,1,2,preserve-existing-allowed-then-cross-source-prevalence-v1,resolved-third-party-learner-identity
klose,4,KV002496,,,allowed,learning::klose::third-party-primary,001687,add-allowed,2,2,1,preserve-existing-allowed-then-cross-source-prevalence-v1,resolved-third-party-learner-identity
klose,4,KV002497,,,allowed,learning::klose::third-party-primary,002337,add-allowed,1,1,1,preserve-existing-allowed-then-cross-source-prevalence-v1,resolved-third-party-learner-identity
klose,4,KV002498,,,allowed,learning::klose::third-party-primary,002338,add-allowed,1,1,1,preserve-existing-allowed-then-cross-source-prevalence-v1,resolved-third-party-learner-identity
klose,4,KV002499,,,allowed,learning::klose::third-party-primary,002686,add-allowed,1,1,2,preserve-existing-allowed-then-cross-source-prevalence-v1,resolved-third-party-learner-identity
klose,4,KV002500,,,allowed,learning::klose::third-party-primary,002339,add-allowed,1,1,1,preserve-existing-allowed-then-cross-source-prevalence-v1,resolved-third-party-learner-identity
klose,4,KV002501,,,allowed,learning::klose::third-party-primary,001196,add-allowed,5,5,1,preserve-existing-allowed-then-cross-source-prevalence-v1,resolved-third-party-learner-identity
klose,4,KV002502,,,allowed,learning::klose::third-party-primary,001810,add-allowed,2,2,2,preserve-existing-allowed-then-cross-source-prevalence-v1,resolved-third-party-learner-identity
klose,4,KV002503,,,allowed,learning::klose::third-party-primary,002340,add-allowed,1,1,1,preserve-existing-allowed-then-cross-source-prevalence-v1,resolved-third-party-learner-identity
klose,4,KV002504,,,allowed,learning::klose::third-party-primary,001232,add-allowed,4,5,1,preserve-existing-allowed-then-cross-source-prevalence-v1,resolved-third-party-learner-identity
klose,4,KV002505,,,allowed,learning::klose::third-party-primary,001528,add-allowed,2,3,1,preserve-existing-allowed-then-cross-source-prevalence-v1,resolved-third-party-learner-identity
klose,4,KV002506,,,allowed,learning::klose::third-party-primary,000975,add-allowed,8,9,1,preserve-existing-allowed-then-cross-source-prevalence-v1,resolved-third-party-learner-identity
klose,4,KV002507,,,allowed,learning::klose::third-party-primary,002688,add-allowed,1,1,2,preserve-existing-allowed-then-cross-source-prevalence-v1,resolved-third-party-learner-identity
klose,4,KV002508,,,allowed,learning::klose::third-party-primary,001688,add-allowed,2,2,1,preserve-existing-allowed-then-cross-source-prevalence-v1,resolved-third-party-learner-identity
klose,4,KV002509,,,allowed,learning::klose::third-party-primary,002689,add-allowed,1,1,2,preserve-existing-allowed-then-cross-source-prevalence-v1,resolved-third-party-learner-identity
klose,4,KV002510,,,allowed,learning::klose::third-party-primary,002342,add-allowed,1,1,1,preserve-existing-allowed-then-cross-source-prevalence-v1,resolved-third-party-learner-identity
klose,4,KV002511,,,allowed,learning::klose::third-party-primary,002343,add-allowed,1,1,1,preserve-existing-allowed-then-cross-source-prevalence-v1,resolved-third-party-learner-identity
klose,4,KV002512,,,allowed,learning::klose::third-party-primary,002344,add-allowed,1,1,1,preserve-existing-allowed-then-cross-source-prevalence-v1,resolved-third-party-learner-identity
klose,4,KV002513,,,allowed,learning::klose::third-party-primary,002690,add-allowed,1,1,2,preserve-existing-allowed-then-cross-source-prevalence-v1,resolved-third-party-learner-identity
klose,4,KV002514,,,allowed,learning::klose::third-party-primary,001689,add-allowed,2,2,1,preserve-existing-allowed-then-cross-source-prevalence-v1,resolved-third-party-learner-identity
klose,4,KV002515,,,allowed,learning::klose::third-party-primary,001417,add-allowed,3,3,1,preserve-existing-allowed-then-cross-source-prevalence-v1,resolved-third-party-learner-identity
klose,4,KV002516,,,allowed,learning::klose::third-party-primary,001418,add-allowed,3,3,1,preserve-existing-allowed-then-cross-source-prevalence-v1,resolved-third-party-learner-identity
klose,4,KV002517,,,allowed,learning::klose::third-party-primary,002345,add-allowed,1,1,1,preserve-existing-allowed-then-cross-source-prevalence-v1,resolved-third-party-learner-identity
klose,4,KV002518,,,allowed,learning::klose::third-party-primary,002830,add-allowed,1,1,3,preserve-existing-allowed-then-cross-source-prevalence-v1,resolved-third-party-learner-identity
klose,4,KV002519,,,allowed,learning::klose::third-party-primary,002346,add-allowed,1,1,1,preserve-existing-allowed-then-cross-source-prevalence-v1,resolved-third-party-learner-identity
klose,4,KV002520,,,allowed,learning::klose::third-party-primary,001690,add-allowed,2,2,1,preserve-existing-allowed-then-cross-source-prevalence-v1,resolved-third-party-learner-identity
klose,4,KV002521,,,allowed,learning::klose::third-party-primary,002347,add-allowed,1,1,1,preserve-existing-allowed-then-cross-source-prevalence-v1,resolved-third-party-learner-identity
klose,4,KV002522,,,allowed,learning::klose::third-party-primary,002348,add-allowed,1,1,1,preserve-existing-allowed-then-cross-source-prevalence-v1,resolved-third-party-learner-identity
klose,4,KV002523,,,allowed,learning::klose::third-party-primary,001811,add-allowed,2,2,2,preserve-existing-allowed-then-cross-source-prevalence-v1,resolved-third-party-learner-identity
klose,4,KV002524,,,allowed,learning::klose::third-party-primary,002691,add-allowed,1,1,2,preserve-existing-allowed-then-cross-source-prevalence-v1,resolved-third-party-learner-identity
klose,4,KV002525,,,allowed,learning::klose::third-party-primary,002692,add-allowed,1,1,2,preserve-existing-allowed-then-cross-source-prevalence-v1,resolved-third-party-learner-identity
klose,4,KV002526,,,allowed,learning::klose::third-party-primary,001812,add-allowed,2,2,2,preserve-existing-allowed-then-cross-source-prevalence-v1,resolved-third-party-learner-identity
klose,4,KV002527,,,allowed,learning::klose::third-party-primary,001691,add-allowed,2,2,1,preserve-existing-allowed-then-cross-source-prevalence-v1,resolved-third-party-learner-identity
klose,4,KV002528,,,allowed,learning::klose::third-party-primary,002349,add-allowed,1,1,1,preserve-existing-allowed-then-cross-source-prevalence-v1,resolved-third-party-learner-identity
klose,4,KV002529,,,allowed,learning::klose::third-party-primary,002350,add-allowed,1,1,1,preserve-existing-allowed-then-cross-source-prevalence-v1,resolved-third-party-learner-identity
klose,4,KV002530,,,allowed,learning::klose::third-party-primary,002693,add-allowed,1,1,2,preserve-existing-allowed-then-cross-source-prevalence-v1,resolved-third-party-learner-identity
klose,4,KV002531,,,allowed,learning::klose::third-party-primary,001692,add-allowed,2,2,1,preserve-existing-allowed-then-cross-source-prevalence-v1,resolved-third-party-learner-identity
klose,4,KV002532,,,allowed,learning::klose::third-party-primary,001693,add-allowed,2,2,1,preserve-existing-allowed-then-cross-source-prevalence-v1,resolved-third-party-learner-identity
klose,4,KV002533,,,allowed,learning::klose::third-party-primary,002351,add-allowed,1,1,1,preserve-existing-allowed-then-cross-source-prevalence-v1,resolved-third-party-learner-identity
klose,4,KV002534,,,allowed,learning::klose::third-party-primary,002352,add-allowed,1,1,1,preserve-existing-allowed-then-cross-source-prevalence-v1,resolved-third-party-learner-identity
klose,4,KV002535,,,allowed,learning::klose::third-party-primary,002353,add-allowed,1,1,1,preserve-existing-allowed-then-cross-source-prevalence-v1,resolved-third-party-learner-identity
klose,4,KV002536,,,allowed,learning::klose::third-party-primary,001198,add-allowed,5,5,1,preserve-existing-allowed-then-cross-source-prevalence-v1,resolved-third-party-learner-identity
klose,4,KV002537,,,allowed,learning::klose::third-party-primary,002354,add-allowed,1,1,1,preserve-existing-allowed-then-cross-source-prevalence-v1,resolved-third-party-learner-identity
klose,4,KV002538,,,allowed,learning::klose::third-party-primary,002694,add-allowed,1,1,2,preserve-existing-allowed-then-cross-source-prevalence-v1,resolved-third-party-learner-identity
klose,4,KV002539,,,allowed,learning::klose::third-party-primary,001694,add-allowed,2,2,1,preserve-existing-allowed-then-cross-source-prevalence-v1,resolved-third-party-learner-identity
klose,4,KV002540,,,allowed,learning::klose::third-party-primary,001695,add-allowed,2,2,1,preserve-existing-allowed-then-cross-source-prevalence-v1,resolved-third-party-learner-identity
klose,4,KV002541,,,allowed,learning::klose::third-party-primary,002355,add-allowed,1,1,1,preserve-existing-allowed-then-cross-source-prevalence-v1,resolved-third-party-learner-identity
klose,4,KV002542,,,allowed,learning::klose::third-party-primary,001848,add-allowed,2,2,3,preserve-existing-allowed-then-cross-source-prevalence-v1,resolved-third-party-learner-identity
klose,4,KV002543,,,allowed,learning::klose::third-party-primary,002831,add-allowed,1,1,3,preserve-existing-allowed-then-cross-source-prevalence-v1,resolved-third-party-learner-identity
klose,4,KV002544,,,allowed,learning::klose::third-party-primary,002356,add-allowed,1,1,1,preserve-existing-allowed-then-cross-source-prevalence-v1,resolved-third-party-learner-identity
klose,4,KV002545,,,allowed,learning::klose::third-party-primary,002357,add-allowed,1,1,1,preserve-existing-allowed-then-cross-source-prevalence-v1,resolved-third-party-learner-identity
klose,4,KV002546,,,allowed,learning::klose::third-party-primary,002358,add-allowed,1,1,1,preserve-existing-allowed-then-cross-source-prevalence-v1,resolved-third-party-learner-identity
klose,4,KV002547,,,allowed,learning::klose::third-party-primary,002359,add-allowed,1,1,1,preserve-existing-allowed-then-cross-source-prevalence-v1,resolved-third-party-learner-identity
klose,4,KV002548,,,allowed,learning::klose::third-party-primary,001696,add-allowed,2,2,1,preserve-existing-allowed-then-cross-source-prevalence-v1,resolved-third-party-learner-identity
klose,4,KV002549,,,allowed,learning::klose::third-party-primary,000861,add-allowed,14,14,1,preserve-existing-allowed-then-cross-source-prevalence-v1,resolved-third-party-learner-identity
klose,4,KV002550,,,allowed,learning::klose::third-party-primary,002360,add-allowed,1,1,1,preserve-existing-allowed-then-cross-source-prevalence-v1,resolved-third-party-learner-identity
klose,4,KV002551,,,allowed,learning::klose::third-party-primary,001285,add-allowed,4,4,1,preserve-existing-allowed-then-cross-source-prevalence-v1,resolved-third-party-learner-identity
klose,4,KV002552,,,allowed,learning::klose::third-party-primary,000890,add-allowed,12,12,1,preserve-existing-allowed-then-cross-source-prevalence-v1,resolved-third-party-learner-identity
klose,4,KV002553,,,allowed,learning::klose::third-party-primary,001697,add-allowed,2,2,1,preserve-existing-allowed-then-cross-source-prevalence-v1,resolved-third-party-learner-identity
klose,4,KV002554,,,allowed,learning::klose::third-party-primary,002361,add-allowed,1,1,1,preserve-existing-allowed-then-cross-source-prevalence-v1,resolved-third-party-learner-identity
klose,4,KV002555,,,allowed,learning::klose::third-party-primary,000891,add-allowed,12,12,1,preserve-existing-allowed-then-cross-source-prevalence-v1,resolved-third-party-learner-identity
klose,4,KV002556,,,allowed,learning::klose::third-party-primary,002695,add-allowed,1,1,2,preserve-existing-allowed-then-cross-source-prevalence-v1,resolved-third-party-learner-identity
klose,4,KV002557,,,allowed,learning::klose::third-party-primary,001419,add-allowed,3,3,1,preserve-existing-allowed-then-cross-source-prevalence-v1,resolved-third-party-learner-identity
klose,4,KV002558,,,allowed,learning::klose::third-party-primary,001420,add-allowed,3,3,1,preserve-existing-allowed-then-cross-source-prevalence-v1,resolved-third-party-learner-identity
klose,4,KV002559,,,allowed,learning::klose::third-party-primary,001286,add-allowed,4,4,1,preserve-existing-allowed-then-cross-source-prevalence-v1,resolved-third-party-learner-identity
klose,4,KV002560,,,allowed,learning::klose::third-party-primary,002362,add-allowed,1,1,1,preserve-existing-allowed-then-cross-source-prevalence-v1,resolved-third-party-learner-identity
klose,4,KV002561,,,allowed,learning::klose::third-party-primary,001421,add-allowed,3,3,1,preserve-existing-allowed-then-cross-source-prevalence-v1,resolved-third-party-learner-identity
klose,4,KV002562,,,allowed,learning::klose::third-party-primary,002363,add-allowed,1,1,1,preserve-existing-allowed-then-cross-source-prevalence-v1,resolved-third-party-learner-identity
klose,4,KV002563,,,allowed,learning::klose::third-party-primary,002364,add-allowed,1,1,1,preserve-existing-allowed-then-cross-source-prevalence-v1,resolved-third-party-learner-identity
klose,4,KV002564,,,allowed,learning::klose::third-party-primary,002696,add-allowed,1,1,2,preserve-existing-allowed-then-cross-source-prevalence-v1,resolved-third-party-learner-identity
klose,4,KV002565,,,allowed,learning::klose::third-party-primary,001105,add-allowed,6,6,1,preserve-existing-allowed-then-cross-source-prevalence-v1,resolved-third-party-learner-identity
klose,4,KV002566,,,allowed,learning::klose::third-party-primary,000823,add-allowed,15,17,1,preserve-existing-allowed-then-cross-source-prevalence-v1,resolved-third-party-learner-identity
klose,4,KV002567,,,allowed,learning::klose::third-party-primary,002697,add-allowed,1,1,2,preserve-existing-allowed-then-cross-source-prevalence-v1,resolved-third-party-learner-identity
klose,4,KV002568,,,allowed,learning::klose::third-party-primary,002365,add-allowed,1,1,1,preserve-existing-allowed-then-cross-source-prevalence-v1,resolved-third-party-learner-identity
klose,4,KV002569,,,allowed,learning::klose::third-party-primary,000700,add-allowed,19,21,1,preserve-existing-allowed-then-cross-source-prevalence-v1,resolved-third-party-learner-identity
klose,4,KV002570,,,allowed,learning::klose::third-party-primary,002698,add-allowed,1,1,2,preserve-existing-allowed-then-cross-source-prevalence-v1,resolved-third-party-learner-identity
klose,4,KV002571,,,allowed,learning::klose::third-party-primary,001699,add-allowed,2,2,1,preserve-existing-allowed-then-cross-source-prevalence-v1,resolved-third-party-learner-identity
klose,4,KV002572,,,allowed,learning::klose::third-party-primary,002699,add-allowed,1,1,2,preserve-existing-allowed-then-cross-source-prevalence-v1,resolved-third-party-learner-identity
klose,4,KV002573,,,allowed,learning::klose::third-party-primary,002700,add-allowed,1,1,2,preserve-existing-allowed-then-cross-source-prevalence-v1,resolved-third-party-learner-identity
klose,4,KV002574,,,allowed,learning::klose::third-party-primary,002701,add-allowed,1,1,2,preserve-existing-allowed-then-cross-source-prevalence-v1,resolved-third-party-learner-identity
klose,4,KV002575,,,allowed,learning::klose::third-party-primary,001700,add-allowed,2,2,1,preserve-existing-allowed-then-cross-source-prevalence-v1,resolved-third-party-learner-identity
klose,4,KV002576,,,allowed,learning::klose::third-party-primary,002366,add-allowed,1,1,1,preserve-existing-allowed-then-cross-source-prevalence-v1,resolved-third-party-learner-identity
klose,4,KV002577,,,allowed,learning::klose::third-party-primary,001287,add-allowed,4,4,1,preserve-existing-allowed-then-cross-source-prevalence-v1,resolved-third-party-learner-identity
klose,4,KV002578,,,allowed,learning::klose::third-party-primary,000962,add-allowed,9,9,1,preserve-existing-allowed-then-cross-source-prevalence-v1,resolved-third-party-learner-identity
klose,4,KV002579,,,allowed,learning::klose::third-party-primary,001043,add-allowed,7,7,1,preserve-existing-allowed-then-cross-source-prevalence-v1,resolved-third-party-learner-identity
klose,4,KV002580,,,allowed,learning::klose::third-party-primary,001044,add-allowed,7,7,1,preserve-existing-allowed-then-cross-source-prevalence-v1,resolved-third-party-learner-identity
klose,4,KV002581,,,allowed,learning::klose::third-party-primary,002368,add-allowed,1,1,1,preserve-existing-allowed-then-cross-source-prevalence-v1,resolved-third-party-learner-identity
klose,4,KV002582,,,allowed,learning::klose::third-party-primary,001701,add-allowed,2,2,1,preserve-existing-allowed-then-cross-source-prevalence-v1,resolved-third-party-learner-identity
klose,4,KV002583,,,allowed,learning::klose::third-party-primary,002369,add-allowed,1,1,1,preserve-existing-allowed-then-cross-source-prevalence-v1,resolved-third-party-learner-identity
klose,4,KV002584,,,allowed,learning::klose::third-party-primary,002370,add-allowed,1,1,1,preserve-existing-allowed-then-cross-source-prevalence-v1,resolved-third-party-learner-identity
klose,4,KV002585,,,allowed,learning::klose::third-party-primary,002833,add-allowed,1,1,3,preserve-existing-allowed-then-cross-source-prevalence-v1,resolved-third-party-learner-identity
klose,4,KV002586,,,allowed,learning::klose::third-party-primary,002371,add-allowed,1,1,1,preserve-existing-allowed-then-cross-source-prevalence-v1,resolved-third-party-learner-identity
klose,4,KV002587,,,allowed,learning::klose::third-party-primary,000998,add-allowed,8,8,1,preserve-existing-allowed-then-cross-source-prevalence-v1,resolved-third-party-learner-identity
klose,4,KV002588,,,allowed,learning::klose::third-party-primary,002702,add-allowed,1,1,2,preserve-existing-allowed-then-cross-source-prevalence-v1,resolved-third-party-learner-identity
klose,4,KV002589,,,allowed,learning::klose::third-party-primary,002373,add-allowed,1,1,1,preserve-existing-allowed-then-cross-source-prevalence-v1,resolved-third-party-learner-identity
klose,4,KV002590,,,allowed,learning::klose::third-party-primary,001288,add-allowed,4,4,1,preserve-existing-allowed-then-cross-source-prevalence-v1,resolved-third-party-learner-identity
klose,4,KV002591,,,allowed,learning::klose::third-party-primary,000829,add-allowed,15,16,1,preserve-existing-allowed-then-cross-source-prevalence-v1,resolved-third-party-learner-identity
klose,4,KV002592,,,allowed,learning::klose::third-party-primary,002703,add-allowed,1,1,2,preserve-existing-allowed-then-cross-source-prevalence-v1,resolved-third-party-learner-identity
klose,4,KV002593,,,allowed,learning::klose::third-party-primary,002374,add-allowed,1,1,1,preserve-existing-allowed-then-cross-source-prevalence-v1,resolved-third-party-learner-identity
klose,4,KV002594,,,allowed,learning::klose::third-party-primary,000813,add-allowed,16,16,1,preserve-existing-allowed-then-cross-source-prevalence-v1,resolved-third-party-learner-identity
klose,4,KV002595,,,allowed,learning::klose::third-party-primary,001045,add-allowed,7,7,1,preserve-existing-allowed-then-cross-source-prevalence-v1,resolved-third-party-learner-identity
klose,4,KV002596,,,allowed,learning::klose::third-party-primary,000892,add-allowed,12,12,1,preserve-existing-allowed-then-cross-source-prevalence-v1,resolved-third-party-learner-identity
klose,4,KV002597,,,allowed,learning::klose::third-party-primary,001106,add-allowed,6,6,1,preserve-existing-allowed-then-cross-source-prevalence-v1,resolved-third-party-learner-identity
klose,4,KV002598,,,allowed,learning::klose::third-party-primary,000964,add-allowed,9,9,1,preserve-existing-allowed-then-cross-source-prevalence-v1,resolved-third-party-learner-identity
klose,4,KV002599,,,allowed,learning::klose::third-party-primary,001702,add-allowed,2,2,1,preserve-existing-allowed-then-cross-source-prevalence-v1,resolved-third-party-learner-identity
klose,4,KV002600,,,allowed,learning::klose::third-party-primary,001703,add-allowed,2,2,1,preserve-existing-allowed-then-cross-source-prevalence-v1,resolved-third-party-learner-identity
klose,4,KV002601,,,allowed,learning::klose::third-party-primary,002376,add-allowed,1,1,1,preserve-existing-allowed-then-cross-source-prevalence-v1,resolved-third-party-learner-identity
klose,4,KV002602,,,allowed,learning::klose::third-party-primary,002377,add-allowed,1,1,1,preserve-existing-allowed-then-cross-source-prevalence-v1,resolved-third-party-learner-identity
klose,4,KV002603,,,allowed,learning::klose::third-party-primary,002378,add-allowed,1,1,1,preserve-existing-allowed-then-cross-source-prevalence-v1,resolved-third-party-learner-identity
klose,4,KV002604,,,allowed,learning::klose::third-party-primary,001132,add-allowed,5,6,1,preserve-existing-allowed-then-cross-source-prevalence-v1,resolved-third-party-learner-identity
klose,4,KV002605,,,allowed,learning::klose::third-party-primary,001816,add-allowed,2,2,2,preserve-existing-allowed-then-cross-source-prevalence-v1,resolved-third-party-learner-identity
klose,4,KV002606,,,allowed,learning::klose::third-party-primary,002379,add-allowed,1,1,1,preserve-existing-allowed-then-cross-source-prevalence-v1,resolved-third-party-learner-identity
klose,4,KV002607,,,allowed,learning::klose::third-party-primary,002380,add-allowed,1,1,1,preserve-existing-allowed-then-cross-source-prevalence-v1,resolved-third-party-learner-identity
klose,4,KV002608,,,allowed,learning::klose::third-party-primary,002381,add-allowed,1,1,1,preserve-existing-allowed-then-cross-source-prevalence-v1,resolved-third-party-learner-identity
klose,4,KV002609,,,allowed,learning::klose::third-party-primary,002704,add-allowed,1,1,2,preserve-existing-allowed-then-cross-source-prevalence-v1,resolved-third-party-learner-identity
klose,4,KV002610,,,allowed,learning::klose::third-party-primary,002382,add-allowed,1,1,1,preserve-existing-allowed-then-cross-source-prevalence-v1,resolved-third-party-learner-identity
klose,4,KV002611,,,allowed,learning::klose::third-party-primary,002383,add-allowed,1,1,1,preserve-existing-allowed-then-cross-source-prevalence-v1,resolved-third-party-learner-identity
klose,4,KV002612,,,allowed,learning::klose::third-party-primary,002384,add-allowed,1,1,1,preserve-existing-allowed-then-cross-source-prevalence-v1,resolved-third-party-learner-identity
klose,4,KV002613,,,allowed,learning::klose::third-party-primary,002385,add-allowed,1,1,1,preserve-existing-allowed-then-cross-source-prevalence-v1,resolved-third-party-learner-identity
klose,4,KV002614,,,allowed,learning::klose::third-party-primary,002386,add-allowed,1,1,1,preserve-existing-allowed-then-cross-source-prevalence-v1,resolved-third-party-learner-identity
klose,4,KV002615,,,allowed,learning::klose::third-party-primary,002387,add-allowed,1,1,1,preserve-existing-allowed-then-cross-source-prevalence-v1,resolved-third-party-learner-identity
klose,4,KV002616,,,allowed,learning::klose::third-party-primary,002388,add-allowed,1,1,1,preserve-existing-allowed-then-cross-source-prevalence-v1,resolved-third-party-learner-identity
klose,4,KV002617,,,allowed,learning::klose::third-party-primary,000869,add-allowed,13,14,1,preserve-existing-allowed-then-cross-source-prevalence-v1,resolved-third-party-learner-identity
klose,4,KV002618,,,allowed,learning::klose::third-party-primary,002705,add-allowed,1,1,2,preserve-existing-allowed-then-cross-source-prevalence-v1,resolved-third-party-learner-identity
klose,4,KV002619,,,allowed,learning::klose::third-party-primary,001133,add-allowed,5,6,1,preserve-existing-allowed-then-cross-source-prevalence-v1,resolved-third-party-learner-identity
klose,4,KV002620,,,allowed,learning::klose::third-party-primary,001705,add-allowed,2,2,1,preserve-existing-allowed-then-cross-source-prevalence-v1,resolved-third-party-learner-identity
klose,4,KV002621,,,allowed,learning::klose::third-party-primary,001134,add-allowed,5,6,1,preserve-existing-allowed-then-cross-source-prevalence-v1,resolved-third-party-learner-identity
klose,4,KV002622,,,allowed,learning::klose::third-party-primary,000939,add-allowed,10,10,1,preserve-existing-allowed-then-cross-source-prevalence-v1,resolved-third-party-learner-identity
klose,4,KV002623,,,allowed,learning::klose::third-party-primary,001225,add-allowed,4,6,1,preserve-existing-allowed-then-cross-source-prevalence-v1,resolved-third-party-learner-identity
klose,4,KV002624,,,allowed,learning::klose::third-party-primary,001423,add-allowed,3,3,1,preserve-existing-allowed-then-cross-source-prevalence-v1,resolved-third-party-learner-identity
klose,4,KV002625,,,allowed,learning::klose::third-party-primary,001874,add-allowed,1,2,1,preserve-existing-allowed-then-cross-source-prevalence-v1,resolved-third-party-learner-identity
klose,4,KV002626,,,allowed,learning::klose::third-party-primary,002389,add-allowed,1,1,1,preserve-existing-allowed-then-cross-source-prevalence-v1,resolved-third-party-learner-identity
klose,4,KV002627,,,allowed,learning::klose::third-party-primary,001817,add-allowed,2,2,2,preserve-existing-allowed-then-cross-source-prevalence-v1,resolved-third-party-learner-identity
klose,4,KV002628,,,allowed,learning::klose::third-party-primary,002390,add-allowed,1,1,1,preserve-existing-allowed-then-cross-source-prevalence-v1,resolved-third-party-learner-identity
klose,4,KV002629,,,allowed,learning::klose::third-party-primary,002391,add-allowed,1,1,1,preserve-existing-allowed-then-cross-source-prevalence-v1,resolved-third-party-learner-identity
klose,4,KV002630,,,allowed,learning::klose::third-party-primary,001875,add-allowed,1,2,1,preserve-existing-allowed-then-cross-source-prevalence-v1,resolved-third-party-learner-identity
klose,4,KV002631,,,allowed,learning::klose::third-party-primary,002392,add-allowed,1,1,1,preserve-existing-allowed-then-cross-source-prevalence-v1,resolved-third-party-learner-identity
klose,4,KV002632,,,allowed,learning::klose::third-party-primary,000843,add-allowed,14,22,1,preserve-existing-allowed-then-cross-source-prevalence-v1,resolved-third-party-learner-identity
klose,4,KV002633,,,allowed,learning::klose::third-party-primary,001818,add-allowed,2,2,2,preserve-existing-allowed-then-cross-source-prevalence-v1,resolved-third-party-learner-identity
klose,4,KV002634,,,allowed,learning::klose::third-party-primary,002393,add-allowed,1,1,1,preserve-existing-allowed-then-cross-source-prevalence-v1,resolved-third-party-learner-identity
klose,4,KV002635,,,allowed,learning::klose::third-party-primary,001424,add-allowed,3,3,1,preserve-existing-allowed-then-cross-source-prevalence-v1,resolved-third-party-learner-identity
klose,4,KV002636,,,allowed,learning::klose::third-party-primary,000746,add-allowed,18,20,1,preserve-existing-allowed-then-cross-source-prevalence-v1,resolved-third-party-learner-identity
klose,4,KV002637,,,allowed,learning::klose::third-party-primary,001338,add-allowed,3,4,1,preserve-existing-allowed-then-cross-source-prevalence-v1,resolved-third-party-learner-identity
klose,4,KV002638,,,allowed,learning::klose::third-party-primary,002706,add-allowed,1,1,2,preserve-existing-allowed-then-cross-source-prevalence-v1,resolved-third-party-learner-identity
klose,4,KV002639,,,allowed,learning::klose::third-party-primary,002394,add-allowed,1,1,1,preserve-existing-allowed-then-cross-source-prevalence-v1,resolved-third-party-learner-identity
klose,4,KV002640,,,allowed,learning::klose::third-party-primary,002395,add-allowed,1,1,1,preserve-existing-allowed-then-cross-source-prevalence-v1,resolved-third-party-learner-identity
klose,4,KV002641,,,allowed,learning::klose::third-party-primary,000760,add-allowed,18,18,1,preserve-existing-allowed-then-cross-source-prevalence-v1,resolved-third-party-learner-identity
klose,4,KV002642,,,allowed,learning::klose::third-party-primary,002707,add-allowed,1,1,2,preserve-existing-allowed-then-cross-source-prevalence-v1,resolved-third-party-learner-identity
klose,4,KV002643,,,allowed,learning::klose::third-party-primary,001425,add-allowed,3,3,1,preserve-existing-allowed-then-cross-source-prevalence-v1,resolved-third-party-learner-identity
klose,4,KV002644,,,allowed,learning::klose::third-party-primary,001706,add-allowed,2,2,1,preserve-existing-allowed-then-cross-source-prevalence-v1,resolved-third-party-learner-identity
klose,4,KV002645,,,allowed,learning::klose::third-party-primary,000900,add-allowed,11,12,1,preserve-existing-allowed-then-cross-source-prevalence-v1,resolved-third-party-learner-identity
klose,4,KV002646,,,allowed,learning::klose::third-party-primary,001707,add-allowed,2,2,1,preserve-existing-allowed-then-cross-source-prevalence-v1,resolved-third-party-learner-identity
klose,4,KV002647,,,allowed,learning::klose::third-party-primary,002396,add-allowed,1,1,1,preserve-existing-allowed-then-cross-source-prevalence-v1,resolved-third-party-learner-identity
klose,4,KV002648,,,allowed,learning::klose::third-party-primary,001071,add-allowed,6,7,1,preserve-existing-allowed-then-cross-source-prevalence-v1,resolved-third-party-learner-identity
klose,4,KV002649,,,allowed,learning::klose::third-party-primary,000874,add-allowed,13,13,1,preserve-existing-allowed-then-cross-source-prevalence-v1,resolved-third-party-learner-identity
klose,4,KV002650,,,allowed,learning::klose::third-party-primary,001708,add-allowed,2,2,1,preserve-existing-allowed-then-cross-source-prevalence-v1,resolved-third-party-learner-identity
klose,4,KV002651,,,allowed,learning::klose::third-party-primary,002397,add-allowed,1,1,1,preserve-existing-allowed-then-cross-source-prevalence-v1,resolved-third-party-learner-identity
klose,4,KV002652,,,allowed,learning::klose::third-party-primary,001135,add-allowed,5,6,1,preserve-existing-allowed-then-cross-source-prevalence-v1,resolved-third-party-learner-identity
klose,4,KV002653,,,allowed,learning::klose::third-party-primary,002708,add-allowed,1,1,2,preserve-existing-allowed-then-cross-source-prevalence-v1,resolved-third-party-learner-identity
klose,4,KV002654,,,allowed,learning::klose::third-party-primary,001849,add-allowed,2,2,3,preserve-existing-allowed-then-cross-source-prevalence-v1,resolved-third-party-learner-identity
klose,4,KV002655,,,allowed,learning::klose::third-party-primary,002709,add-allowed,1,1,2,preserve-existing-allowed-then-cross-source-prevalence-v1,resolved-third-party-learner-identity
klose,4,KV002656,,,allowed,learning::klose::third-party-primary,001819,add-allowed,2,2,2,preserve-existing-allowed-then-cross-source-prevalence-v1,resolved-third-party-learner-identity
klose,4,KV002657,,,allowed,learning::klose::third-party-primary,001820,add-allowed,2,2,2,preserve-existing-allowed-then-cross-source-prevalence-v1,resolved-third-party-learner-identity
klose,4,KV002658,,,allowed,learning::klose::third-party-primary,002710,add-allowed,1,1,2,preserve-existing-allowed-then-cross-source-prevalence-v1,resolved-third-party-learner-identity
klose,4,KV002659,,,allowed,learning::klose::third-party-primary,001709,add-allowed,2,2,1,preserve-existing-allowed-then-cross-source-prevalence-v1,resolved-third-party-learner-identity
klose,4,KV002660,,,allowed,learning::klose::third-party-primary,002398,add-allowed,1,1,1,preserve-existing-allowed-then-cross-source-prevalence-v1,resolved-third-party-learner-identity
klose,4,KV002661,,,allowed,learning::klose::third-party-primary,002711,add-allowed,1,1,2,preserve-existing-allowed-then-cross-source-prevalence-v1,resolved-third-party-learner-identity
klose,4,KV002662,,,allowed,learning::klose::third-party-primary,001710,add-allowed,2,2,1,preserve-existing-allowed-then-cross-source-prevalence-v1,resolved-third-party-learner-identity
klose,4,KV002663,,,allowed,learning::klose::third-party-primary,001711,add-allowed,2,2,1,preserve-existing-allowed-then-cross-source-prevalence-v1,resolved-third-party-learner-identity
klose,4,KV002664,,,allowed,learning::klose::third-party-primary,001712,add-allowed,2,2,1,preserve-existing-allowed-then-cross-source-prevalence-v1,resolved-third-party-learner-identity
klose,4,KV002665,,,allowed,learning::klose::third-party-primary,002399,add-allowed,1,1,1,preserve-existing-allowed-then-cross-source-prevalence-v1,resolved-third-party-learner-identity
klose,4,KV002666,,,allowed,learning::klose::third-party-primary,002400,add-allowed,1,1,1,preserve-existing-allowed-then-cross-source-prevalence-v1,resolved-third-party-learner-identity
klose,4,KV002667,,,allowed,learning::klose::third-party-primary,002712,add-allowed,1,1,2,preserve-existing-allowed-then-cross-source-prevalence-v1,resolved-third-party-learner-identity
klose,4,KV002668,,,allowed,learning::klose::third-party-primary,001490,add-allowed,3,3,2,preserve-existing-allowed-then-cross-source-prevalence-v1,resolved-third-party-learner-identity
klose,4,KV002669,,,allowed,learning::klose::third-party-primary,002714,add-allowed,1,1,2,preserve-existing-allowed-then-cross-source-prevalence-v1,resolved-third-party-learner-identity
klose,4,KV002670,,,allowed,learning::klose::third-party-primary,002715,add-allowed,1,1,2,preserve-existing-allowed-then-cross-source-prevalence-v1,resolved-third-party-learner-identity
klose,4,KV002671,,,allowed,learning::klose::third-party-primary,002716,add-allowed,1,1,2,preserve-existing-allowed-then-cross-source-prevalence-v1,resolved-third-party-learner-identity
klose,4,KV002672,,,allowed,learning::klose::third-party-primary,002401,add-allowed,1,1,1,preserve-existing-allowed-then-cross-source-prevalence-v1,resolved-third-party-learner-identity
klose,4,KV002673,,,allowed,learning::klose::third-party-primary,001319,add-allowed,4,4,2,preserve-existing-allowed-then-cross-source-prevalence-v1,resolved-third-party-learner-identity
klose,4,KV002674,,,allowed,learning::klose::third-party-primary,002717,add-allowed,1,1,2,preserve-existing-allowed-then-cross-source-prevalence-v1,resolved-third-party-learner-identity
klose,4,KV002675,,,allowed,learning::klose::third-party-primary,001713,add-allowed,2,2,1,preserve-existing-allowed-then-cross-source-prevalence-v1,resolved-third-party-learner-identity
klose,4,KV002676,,,allowed,learning::klose::third-party-primary,002403,add-allowed,1,1,1,preserve-existing-allowed-then-cross-source-prevalence-v1,resolved-third-party-learner-identity
klose,4,KV002677,,,allowed,learning::klose::third-party-primary,001714,add-allowed,2,2,1,preserve-existing-allowed-then-cross-source-prevalence-v1,resolved-third-party-learner-identity
klose,4,KV002678,,,allowed,learning::klose::third-party-primary,002404,add-allowed,1,1,1,preserve-existing-allowed-then-cross-source-prevalence-v1,resolved-third-party-learner-identity
klose,4,KV002679,,,allowed,learning::klose::third-party-primary,000914,add-allowed,11,11,1,preserve-existing-allowed-then-cross-source-prevalence-v1,resolved-third-party-learner-identity
klose,4,KV002680,,,allowed,learning::klose::third-party-primary,002834,add-allowed,1,1,3,preserve-existing-allowed-then-cross-source-prevalence-v1,resolved-third-party-learner-identity
klose,4,KV002681,,,allowed,learning::klose::third-party-primary,001427,add-allowed,3,3,1,preserve-existing-allowed-then-cross-source-prevalence-v1,resolved-third-party-learner-identity
klose,4,KV002682,,,allowed,learning::klose::third-party-primary,002405,add-allowed,1,1,1,preserve-existing-allowed-then-cross-source-prevalence-v1,resolved-third-party-learner-identity
klose,4,KV002683,,,allowed,learning::klose::third-party-primary,001850,add-allowed,2,2,3,preserve-existing-allowed-then-cross-source-prevalence-v1,resolved-third-party-learner-identity
klose,4,KV002684,,,allowed,learning::klose::third-party-primary,002406,add-allowed,1,1,1,preserve-existing-allowed-then-cross-source-prevalence-v1,resolved-third-party-learner-identity
klose,4,KV002685,,,allowed,learning::klose::third-party-primary,001715,add-allowed,2,2,1,preserve-existing-allowed-then-cross-source-prevalence-v1,resolved-third-party-learner-identity
klose,4,KV002686,,,allowed,learning::klose::third-party-primary,002407,add-allowed,1,1,1,preserve-existing-allowed-then-cross-source-prevalence-v1,resolved-third-party-learner-identity
klose,4,KV002687,,,allowed,learning::klose::third-party-primary,001233,add-allowed,4,5,1,preserve-existing-allowed-then-cross-source-prevalence-v1,resolved-third-party-learner-identity
klose,4,KV002688,,,allowed,learning::klose::third-party-primary,001716,add-allowed,2,2,1,preserve-existing-allowed-then-cross-source-prevalence-v1,resolved-third-party-learner-identity
klose,4,KV002689,,,allowed,learning::klose::third-party-primary,002408,add-allowed,1,1,1,preserve-existing-allowed-then-cross-source-prevalence-v1,resolved-third-party-learner-identity
klose,4,KV002690,,,allowed,learning::klose::third-party-primary,001428,add-allowed,3,3,1,preserve-existing-allowed-then-cross-source-prevalence-v1,resolved-third-party-learner-identity
klose,4,KV002691,,,allowed,learning::klose::third-party-primary,002409,add-allowed,1,1,1,preserve-existing-allowed-then-cross-source-prevalence-v1,resolved-third-party-learner-identity
klose,4,KV002692,,,allowed,learning::klose::third-party-primary,001290,add-allowed,4,4,1,preserve-existing-allowed-then-cross-source-prevalence-v1,resolved-third-party-learner-identity
klose,4,KV002693,,,allowed,learning::klose::third-party-primary,002410,add-allowed,1,1,1,preserve-existing-allowed-then-cross-source-prevalence-v1,resolved-third-party-learner-identity
klose,4,KV002694,,,allowed,learning::klose::third-party-primary,002411,add-allowed,1,1,1,preserve-existing-allowed-then-cross-source-prevalence-v1,resolved-third-party-learner-identity
klose,4,KV002695,,,allowed,learning::klose::third-party-primary,002718,add-allowed,1,1,2,preserve-existing-allowed-then-cross-source-prevalence-v1,resolved-third-party-learner-identity
klose,4,KV002696,,,allowed,learning::klose::third-party-primary,001002,add-allowed,8,8,1,preserve-existing-allowed-then-cross-source-prevalence-v1,resolved-third-party-learner-identity
klose,4,KV002697,,,allowed,learning::klose::third-party-primary,002412,add-allowed,1,1,1,preserve-existing-allowed-then-cross-source-prevalence-v1,resolved-third-party-learner-identity
klose,4,KV002698,,,allowed,learning::klose::third-party-primary,002413,add-allowed,1,1,1,preserve-existing-allowed-then-cross-source-prevalence-v1,resolved-third-party-learner-identity
klose,4,KV002699,,,allowed,learning::klose::third-party-primary,001003,add-allowed,8,8,1,preserve-existing-allowed-then-cross-source-prevalence-v1,resolved-third-party-learner-identity
klose,4,KV002700,,,allowed,learning::klose::third-party-primary,002414,add-allowed,1,1,1,preserve-existing-allowed-then-cross-source-prevalence-v1,resolved-third-party-learner-identity
klose,4,KV002701,,,allowed,learning::klose::third-party-primary,002719,add-allowed,1,1,2,preserve-existing-allowed-then-cross-source-prevalence-v1,resolved-third-party-learner-identity
klose,4,KV002702,,,allowed,learning::klose::third-party-primary,002720,add-allowed,1,1,2,preserve-existing-allowed-then-cross-source-prevalence-v1,resolved-third-party-learner-identity
klose,4,KV002703,,,allowed,learning::klose::third-party-primary,002415,add-allowed,1,1,1,preserve-existing-allowed-then-cross-source-prevalence-v1,resolved-third-party-learner-identity
klose,4,KV002704,,,allowed,learning::klose::third-party-primary,001717,add-allowed,2,2,1,preserve-existing-allowed-then-cross-source-prevalence-v1,resolved-third-party-learner-identity
klose,4,KV002705,,,allowed,learning::klose::third-party-primary,002416,add-allowed,1,1,1,preserve-existing-allowed-then-cross-source-prevalence-v1,resolved-third-party-learner-identity
klose,4,KV002706,,,allowed,learning::klose::third-party-primary,001718,add-allowed,2,2,1,preserve-existing-allowed-then-cross-source-prevalence-v1,resolved-third-party-learner-identity
klose,4,KV002707,,,allowed,learning::klose::third-party-primary,002721,add-allowed,1,1,2,preserve-existing-allowed-then-cross-source-prevalence-v1,resolved-third-party-learner-identity
klose,4,KV002708,,,allowed,learning::klose::third-party-primary,002417,add-allowed,1,1,1,preserve-existing-allowed-then-cross-source-prevalence-v1,resolved-third-party-learner-identity
klose,4,KV002709,,,allowed,learning::klose::third-party-primary,001719,add-allowed,2,2,1,preserve-existing-allowed-then-cross-source-prevalence-v1,resolved-third-party-learner-identity
klose,4,KV002710,,,allowed,learning::klose::third-party-primary,002418,add-allowed,1,1,1,preserve-existing-allowed-then-cross-source-prevalence-v1,resolved-third-party-learner-identity
klose,4,KV002711,,,allowed,learning::klose::third-party-primary,000915,add-allowed,11,11,1,preserve-existing-allowed-then-cross-source-prevalence-v1,resolved-third-party-learner-identity
klose,4,KV002712,,,allowed,learning::klose::third-party-primary,002419,add-allowed,1,1,1,preserve-existing-allowed-then-cross-source-prevalence-v1,resolved-third-party-learner-identity
klose,4,KV002713,,,allowed,learning::klose::third-party-primary,002420,add-allowed,1,1,1,preserve-existing-allowed-then-cross-source-prevalence-v1,resolved-third-party-learner-identity
klose,4,KV002714,,,allowed,learning::klose::third-party-primary,001430,add-allowed,3,3,1,preserve-existing-allowed-then-cross-source-prevalence-v1,resolved-third-party-learner-identity
klose,4,KV002715,,,allowed,learning::klose::third-party-primary,002421,add-allowed,1,1,1,preserve-existing-allowed-then-cross-source-prevalence-v1,resolved-third-party-learner-identity
klose,4,KV002716,,,allowed,learning::klose::third-party-primary,001720,add-allowed,2,2,1,preserve-existing-allowed-then-cross-source-prevalence-v1,resolved-third-party-learner-identity
klose,4,KV002717,,,allowed,learning::klose::third-party-primary,001199,add-allowed,5,5,1,preserve-existing-allowed-then-cross-source-prevalence-v1,resolved-third-party-learner-identity
klose,4,KV002718,,,allowed,learning::klose::third-party-primary,001431,add-allowed,3,3,1,preserve-existing-allowed-then-cross-source-prevalence-v1,resolved-third-party-learner-identity
klose,4,KV002719,,,allowed,learning::klose::third-party-primary,002422,add-allowed,1,1,1,preserve-existing-allowed-then-cross-source-prevalence-v1,resolved-third-party-learner-identity
klose,4,KV002720,,,allowed,learning::klose::third-party-primary,001721,add-allowed,2,2,1,preserve-existing-allowed-then-cross-source-prevalence-v1,resolved-third-party-learner-identity
klose,4,KV002721,,,allowed,learning::klose::third-party-primary,001491,add-allowed,3,3,2,preserve-existing-allowed-then-cross-source-prevalence-v1,resolved-third-party-learner-identity
klose,4,KV002722,,,allowed,learning::klose::third-party-primary,002722,add-allowed,1,1,2,preserve-existing-allowed-then-cross-source-prevalence-v1,resolved-third-party-learner-identity
klose,4,KV002723,,,allowed,learning::klose::third-party-primary,002723,add-allowed,1,1,2,preserve-existing-allowed-then-cross-source-prevalence-v1,resolved-third-party-learner-identity
klose,4,KV002724,,,allowed,learning::klose::third-party-primary,000824,add-allowed,15,17,1,preserve-existing-allowed-then-cross-source-prevalence-v1,resolved-third-party-learner-identity
klose,4,KV002725,,,allowed,learning::klose::third-party-primary,002835,add-allowed,1,1,3,preserve-existing-allowed-then-cross-source-prevalence-v1,resolved-third-party-learner-identity
klose,4,KV002726,,,allowed,learning::klose::third-party-primary,001722,add-allowed,2,2,1,preserve-existing-allowed-then-cross-source-prevalence-v1,resolved-third-party-learner-identity
klose,4,KV002727,,,allowed,learning::klose::third-party-primary,002424,add-allowed,1,1,1,preserve-existing-allowed-then-cross-source-prevalence-v1,resolved-third-party-learner-identity
klose,4,KV002728,,,allowed,learning::klose::third-party-primary,002425,add-allowed,1,1,1,preserve-existing-allowed-then-cross-source-prevalence-v1,resolved-third-party-learner-identity
klose,4,KV002729,,,allowed,learning::klose::third-party-primary,002426,add-allowed,1,1,1,preserve-existing-allowed-then-cross-source-prevalence-v1,resolved-third-party-learner-identity
klose,4,KV002730,,,allowed,learning::klose::third-party-primary,001723,add-allowed,2,2,1,preserve-existing-allowed-then-cross-source-prevalence-v1,resolved-third-party-learner-identity
klose,4,KV002731,,,allowed,learning::klose::third-party-primary,000840,add-allowed,15,15,1,preserve-existing-allowed-then-cross-source-prevalence-v1,resolved-third-party-learner-identity
klose,4,KV002732,,,allowed,learning::klose::third-party-primary,002427,add-allowed,1,1,1,preserve-existing-allowed-then-cross-source-prevalence-v1,resolved-third-party-learner-identity
klose,4,KV002733,,,allowed,learning::klose::third-party-primary,001200,add-allowed,5,5,1,preserve-existing-allowed-then-cross-source-prevalence-v1,resolved-third-party-learner-identity
klose,4,KV002734,,,allowed,learning::klose::third-party-primary,001291,add-allowed,4,4,1,preserve-existing-allowed-then-cross-source-prevalence-v1,resolved-third-party-learner-identity
klose,4,KV002735,,,allowed,learning::klose::third-party-primary,002428,add-allowed,1,1,1,preserve-existing-allowed-then-cross-source-prevalence-v1,resolved-third-party-learner-identity
klose,4,KV002736,,,allowed,learning::klose::third-party-primary,000944,add-allowed,9,14,1,preserve-existing-allowed-then-cross-source-prevalence-v1,resolved-third-party-learner-identity
klose,4,KV002737,,,allowed,learning::klose::third-party-primary,001821,add-allowed,2,2,2,preserve-existing-allowed-then-cross-source-prevalence-v1,resolved-third-party-learner-identity
klose,4,KV002738,,,allowed,learning::klose::third-party-primary,001724,add-allowed,2,2,1,preserve-existing-allowed-then-cross-source-prevalence-v1,resolved-third-party-learner-identity
klose,4,KV002739,,,allowed,learning::klose::third-party-primary,001514,add-allowed,2,4,1,preserve-existing-allowed-then-cross-source-prevalence-v1,resolved-third-party-learner-identity
klose,4,KV002740,,,allowed,learning::klose::third-party-primary,001292,add-allowed,4,4,1,preserve-existing-allowed-then-cross-source-prevalence-v1,resolved-third-party-learner-identity
klose,4,KV002741,,,allowed,learning::klose::third-party-primary,002725,add-allowed,1,1,2,preserve-existing-allowed-then-cross-source-prevalence-v1,resolved-third-party-learner-identity
klose,4,KV002742,,,allowed,learning::klose::third-party-primary,002726,add-allowed,1,1,2,preserve-existing-allowed-then-cross-source-prevalence-v1,resolved-third-party-learner-identity
klose,4,KV002743,,,allowed,learning::klose::third-party-primary,001320,add-allowed,4,4,2,preserve-existing-allowed-then-cross-source-prevalence-v1,resolved-third-party-learner-identity
klose,4,KV002744,,,allowed,learning::klose::third-party-primary,001725,add-allowed,2,2,1,preserve-existing-allowed-then-cross-source-prevalence-v1,resolved-third-party-learner-identity
klose,4,KV002745,,,allowed,learning::klose::third-party-primary,001433,add-allowed,3,3,1,preserve-existing-allowed-then-cross-source-prevalence-v1,resolved-third-party-learner-identity
klose,4,KV002746,,,allowed,learning::klose::third-party-primary,002429,add-allowed,1,1,1,preserve-existing-allowed-then-cross-source-prevalence-v1,resolved-third-party-learner-identity
klose,4,KV002747,,,allowed,learning::klose::third-party-primary,002836,add-allowed,1,1,3,preserve-existing-allowed-then-cross-source-prevalence-v1,resolved-third-party-learner-identity
klose,4,KV002748,,,allowed,learning::klose::third-party-primary,002837,add-allowed,1,1,3,preserve-existing-allowed-then-cross-source-prevalence-v1,resolved-third-party-learner-identity
klose,4,KV002749,,,allowed,learning::klose::third-party-primary,000855,add-allowed,14,15,1,preserve-existing-allowed-then-cross-source-prevalence-v1,resolved-third-party-learner-identity
klose,4,KV002750,,,allowed,learning::klose::third-party-primary,001006,add-allowed,8,8,2,preserve-existing-allowed-then-cross-source-prevalence-v1,resolved-third-party-learner-identity
klose,4,KV002751,,,allowed,learning::klose::third-party-primary,002430,add-allowed,1,1,1,preserve-existing-allowed-then-cross-source-prevalence-v1,resolved-third-party-learner-identity
klose,4,KV002752,,,allowed,learning::klose::third-party-primary,000679,add-allowed,19,36,1,preserve-existing-allowed-then-cross-source-prevalence-v1,resolved-third-party-learner-identity
klose,4,KV002753,,,allowed,learning::klose::third-party-primary,002882,add-allowed,1,1,4,preserve-existing-allowed-then-cross-source-prevalence-v1,resolved-third-party-learner-identity
klose,4,KV002754,,,allowed,learning::klose::third-party-primary,002838,add-allowed,1,1,3,preserve-existing-allowed-then-cross-source-prevalence-v1,resolved-third-party-learner-identity
klose,4,KV002755,,,allowed,learning::klose::third-party-primary,002839,add-allowed,1,1,3,preserve-existing-allowed-then-cross-source-prevalence-v1,resolved-third-party-learner-identity
klose,4,KV002756,,,allowed,learning::klose::third-party-primary,002840,add-allowed,1,1,3,preserve-existing-allowed-then-cross-source-prevalence-v1,resolved-third-party-learner-identity
klose,4,KV002757,,,allowed,learning::klose::third-party-primary,001327,add-allowed,4,4,3,preserve-existing-allowed-then-cross-source-prevalence-v1,resolved-third-party-learner-identity
klose,4,KV002758,,,allowed,learning::klose::third-party-primary,002727,add-allowed,1,1,2,preserve-existing-allowed-then-cross-source-prevalence-v1,resolved-third-party-learner-identity
klose,4,KV002759,,,allowed,learning::klose::third-party-primary,002728,add-allowed,1,1,2,preserve-existing-allowed-then-cross-source-prevalence-v1,resolved-third-party-learner-identity
klose,4,KV002760,,,allowed,learning::klose::third-party-primary,001217,add-allowed,5,5,2,preserve-existing-allowed-then-cross-source-prevalence-v1,resolved-third-party-learner-identity
klose,4,KV002761,,,allowed,learning::klose::third-party-primary,001851,add-allowed,2,2,3,preserve-existing-allowed-then-cross-source-prevalence-v1,resolved-third-party-learner-identity
klose,4,KV002762,,,allowed,learning::klose::third-party-primary,001822,add-allowed,2,2,2,preserve-existing-allowed-then-cross-source-prevalence-v1,resolved-third-party-learner-identity
klose,4,KV002763,,,allowed,learning::klose::third-party-primary,002431,add-allowed,1,1,1,preserve-existing-allowed-then-cross-source-prevalence-v1,resolved-third-party-learner-identity
klose,4,KV002764,,,allowed,learning::klose::third-party-primary,002729,add-allowed,1,1,2,preserve-existing-allowed-then-cross-source-prevalence-v1,resolved-third-party-learner-identity
klose,4,KV002765,,,allowed,learning::klose::third-party-primary,002730,add-allowed,1,1,2,preserve-existing-allowed-then-cross-source-prevalence-v1,resolved-third-party-learner-identity
klose,4,KV002766,,,allowed,learning::klose::third-party-primary,001726,add-allowed,2,2,1,preserve-existing-allowed-then-cross-source-prevalence-v1,resolved-third-party-learner-identity
klose,4,KV002767,,,allowed,learning::klose::third-party-primary,002432,add-allowed,1,1,1,preserve-existing-allowed-then-cross-source-prevalence-v1,resolved-third-party-learner-identity
klose,4,KV002768,,,allowed,learning::klose::third-party-primary,001727,add-allowed,2,2,1,preserve-existing-allowed-then-cross-source-prevalence-v1,resolved-third-party-learner-identity
klose,4,KV002769,,,allowed,learning::klose::third-party-primary,001728,add-allowed,2,2,1,preserve-existing-allowed-then-cross-source-prevalence-v1,resolved-third-party-learner-identity
klose,4,KV002770,,,allowed,learning::klose::third-party-primary,001434,add-allowed,3,3,1,preserve-existing-allowed-then-cross-source-prevalence-v1,resolved-third-party-learner-identity
klose,4,KV002771,,,allowed,learning::klose::third-party-primary,001729,add-allowed,2,2,1,preserve-existing-allowed-then-cross-source-prevalence-v1,resolved-third-party-learner-identity
klose,4,KV002772,,,allowed,learning::klose::third-party-primary,000856,add-allowed,14,15,1,preserve-existing-allowed-then-cross-source-prevalence-v1,resolved-third-party-learner-identity
klose,4,KV002773,,,allowed,learning::klose::third-party-primary,002731,add-allowed,1,1,2,preserve-existing-allowed-then-cross-source-prevalence-v1,resolved-third-party-learner-identity
klose,4,KV002774,,,allowed,learning::klose::third-party-primary,002841,add-allowed,1,1,3,preserve-existing-allowed-then-cross-source-prevalence-v1,resolved-third-party-learner-identity
klose,4,KV002775,,,allowed,learning::klose::third-party-primary,002842,add-allowed,1,1,3,preserve-existing-allowed-then-cross-source-prevalence-v1,resolved-third-party-learner-identity
klose,4,KV002776,,,allowed,learning::klose::third-party-primary,001493,add-allowed,3,3,2,preserve-existing-allowed-then-cross-source-prevalence-v1,resolved-third-party-learner-identity
klose,4,KV002777,,,allowed,learning::klose::third-party-primary,002732,add-allowed,1,1,2,preserve-existing-allowed-then-cross-source-prevalence-v1,resolved-third-party-learner-identity
klose,4,KV002778,,,allowed,learning::klose::third-party-primary,001494,add-allowed,3,3,2,preserve-existing-allowed-then-cross-source-prevalence-v1,resolved-third-party-learner-identity
klose,4,KV002779,,,allowed,learning::klose::third-party-primary,001293,add-allowed,4,4,1,preserve-existing-allowed-then-cross-source-prevalence-v1,resolved-third-party-learner-identity
klose,4,KV002780,,,allowed,learning::klose::third-party-primary,001005,add-allowed,8,8,1,preserve-existing-allowed-then-cross-source-prevalence-v1,resolved-third-party-learner-identity
klose,4,KV002781,,,allowed,learning::klose::third-party-primary,002843,add-allowed,1,1,3,preserve-existing-allowed-then-cross-source-prevalence-v1,resolved-third-party-learner-identity
klose,4,KV002782,,,allowed,learning::klose::third-party-primary,002433,add-allowed,1,1,1,preserve-existing-allowed-then-cross-source-prevalence-v1,resolved-third-party-learner-identity
klose,4,KV002783,,,allowed,learning::klose::third-party-primary,002434,add-allowed,1,1,1,preserve-existing-allowed-then-cross-source-prevalence-v1,resolved-third-party-learner-identity
klose,4,KV002784,,,allowed,learning::klose::third-party-primary,001108,add-allowed,6,6,1,preserve-existing-allowed-then-cross-source-prevalence-v1,resolved-third-party-learner-identity
klose,4,KV002785,,,allowed,learning::klose::third-party-primary,002435,add-allowed,1,1,1,preserve-existing-allowed-then-cross-source-prevalence-v1,resolved-third-party-learner-identity
klose,4,KV002786,,,allowed,learning::klose::third-party-primary,001730,add-allowed,2,2,1,preserve-existing-allowed-then-cross-source-prevalence-v1,resolved-third-party-learner-identity
klose,4,KV002787,,,allowed,learning::klose::third-party-primary,001436,add-allowed,3,3,1,preserve-existing-allowed-then-cross-source-prevalence-v1,resolved-third-party-learner-identity
klose,4,KV002788,,,allowed,learning::klose::third-party-primary,002436,add-allowed,1,1,1,preserve-existing-allowed-then-cross-source-prevalence-v1,resolved-third-party-learner-identity
klose,4,KV002789,,,allowed,learning::klose::third-party-primary,001731,add-allowed,2,2,1,preserve-existing-allowed-then-cross-source-prevalence-v1,resolved-third-party-learner-identity
klose,4,KV002790,,,allowed,learning::klose::third-party-primary,001824,add-allowed,2,2,2,preserve-existing-allowed-then-cross-source-prevalence-v1,resolved-third-party-learner-identity
klose,4,KV002791,,,allowed,learning::klose::third-party-primary,002733,add-allowed,1,1,2,preserve-existing-allowed-then-cross-source-prevalence-v1,resolved-third-party-learner-identity
klose,4,KV002792,,,allowed,learning::klose::third-party-primary,002884,add-allowed,1,1,4,preserve-existing-allowed-then-cross-source-prevalence-v1,resolved-third-party-learner-identity
klose,4,KV002793,,,allowed,learning::klose::third-party-primary,001862,add-allowed,2,2,4,preserve-existing-allowed-then-cross-source-prevalence-v1,resolved-third-party-learner-identity
klose,4,KV002794,,,allowed,learning::klose::third-party-primary,002845,add-allowed,1,1,3,preserve-existing-allowed-then-cross-source-prevalence-v1,resolved-third-party-learner-identity
klose,4,KV002795,,,allowed,learning::klose::third-party-primary,002885,add-allowed,1,1,4,preserve-existing-allowed-then-cross-source-prevalence-v1,resolved-third-party-learner-identity
klose,4,KV002796,,,allowed,learning::klose::third-party-primary,002894,add-allowed,1,1,5,preserve-existing-allowed-then-cross-source-prevalence-v1,resolved-third-party-learner-identity
klose,4,KV002797,,,allowed,learning::klose::third-party-primary,002846,add-allowed,1,1,3,preserve-existing-allowed-then-cross-source-prevalence-v1,resolved-third-party-learner-identity
klose,4,KV002798,,,allowed,learning::klose::third-party-primary,002734,add-allowed,1,1,2,preserve-existing-allowed-then-cross-source-prevalence-v1,resolved-third-party-learner-identity
klose,4,KV002799,,,allowed,learning::klose::third-party-primary,001853,add-allowed,2,2,3,preserve-existing-allowed-then-cross-source-prevalence-v1,resolved-third-party-learner-identity
klose,4,KV002800,,,allowed,learning::klose::third-party-primary,002847,add-allowed,1,1,3,preserve-existing-allowed-then-cross-source-prevalence-v1,resolved-third-party-learner-identity
klose,4,KV002801,,,allowed,learning::klose::third-party-primary,002735,add-allowed,1,1,2,preserve-existing-allowed-then-cross-source-prevalence-v1,resolved-third-party-learner-identity
klose,4,KV002802,,,allowed,learning::klose::third-party-primary,001513,add-allowed,3,3,4,preserve-existing-allowed-then-cross-source-prevalence-v1,resolved-third-party-learner-identity
klose,4,KV002803,,,allowed,learning::klose::third-party-primary,002848,add-allowed,1,1,3,preserve-existing-allowed-then-cross-source-prevalence-v1,resolved-third-party-learner-identity
klose,4,KV002804,,,allowed,learning::klose::third-party-primary,002849,add-allowed,1,1,3,preserve-existing-allowed-then-cross-source-prevalence-v1,resolved-third-party-learner-identity
klose,4,KV002805,,,allowed,learning::klose::third-party-primary,001124,add-allowed,6,6,3,preserve-existing-allowed-then-cross-source-prevalence-v1,resolved-third-party-learner-identity
klose,4,KV002806,,,allowed,learning::klose::third-party-primary,002736,add-allowed,1,1,2,preserve-existing-allowed-then-cross-source-prevalence-v1,resolved-third-party-learner-identity
klose,4,KV002807,,,allowed,learning::klose::third-party-primary,002886,add-allowed,1,1,4,preserve-existing-allowed-then-cross-source-prevalence-v1,resolved-third-party-learner-identity
klose,4,KV002808,,,allowed,learning::klose::third-party-primary,002853,add-allowed,1,1,3,preserve-existing-allowed-then-cross-source-prevalence-v1,resolved-third-party-learner-identity
klose,4,KV002809,,,allowed,learning::klose::third-party-primary,002854,add-allowed,1,1,3,preserve-existing-allowed-then-cross-source-prevalence-v1,resolved-third-party-learner-identity
klose,4,KV002810,,,allowed,learning::klose::third-party-primary,000783,add-allowed,17,17,1,preserve-existing-allowed-then-cross-source-prevalence-v1,resolved-third-party-learner-identity
klose,4,KV002811,,,allowed,learning::klose::third-party-primary,001437,add-allowed,3,3,1,preserve-existing-allowed-then-cross-source-prevalence-v1,resolved-third-party-learner-identity
klose,4,KV002812,,,allowed,learning::klose::third-party-primary,000754,add-allowed,18,19,1,preserve-existing-allowed-then-cross-source-prevalence-v1,resolved-third-party-learner-identity
klose,4,KV002813,,,allowed,learning::klose::third-party-primary,001294,add-allowed,4,4,1,preserve-existing-allowed-then-cross-source-prevalence-v1,resolved-third-party-learner-identity
klose,4,KV002814,,,allowed,learning::klose::third-party-primary,001732,add-allowed,2,2,1,preserve-existing-allowed-then-cross-source-prevalence-v1,resolved-third-party-learner-identity
klose,4,KV002815,,,allowed,learning::klose::third-party-primary,002437,add-allowed,1,1,1,preserve-existing-allowed-then-cross-source-prevalence-v1,resolved-third-party-learner-identity
klose,4,KV002816,,,allowed,learning::klose::third-party-primary,001733,add-allowed,2,2,1,preserve-existing-allowed-then-cross-source-prevalence-v1,resolved-third-party-learner-identity
klose,4,KV002817,,,allowed,learning::klose::third-party-primary,001734,add-allowed,2,2,1,preserve-existing-allowed-then-cross-source-prevalence-v1,resolved-third-party-learner-identity
klose,4,KV002818,,,allowed,learning::klose::third-party-primary,002737,add-allowed,1,1,2,preserve-existing-allowed-then-cross-source-prevalence-v1,resolved-third-party-learner-identity
klose,4,KV002819,,,allowed,learning::klose::third-party-primary,002738,add-allowed,1,1,2,preserve-existing-allowed-then-cross-source-prevalence-v1,resolved-third-party-learner-identity
klose,4,KV002820,,,allowed,learning::klose::third-party-primary,002739,add-allowed,1,1,2,preserve-existing-allowed-then-cross-source-prevalence-v1,resolved-third-party-learner-identity
klose,4,KV002821,,,allowed,learning::klose::third-party-primary,001735,add-allowed,2,2,1,preserve-existing-allowed-then-cross-source-prevalence-v1,resolved-third-party-learner-identity
klose,4,KV002822,,,allowed,learning::klose::third-party-primary,001295,add-allowed,4,4,1,preserve-existing-allowed-then-cross-source-prevalence-v1,resolved-third-party-learner-identity
klose,4,KV002823,,,allowed,learning::klose::third-party-primary,000977,add-allowed,8,9,1,preserve-existing-allowed-then-cross-source-prevalence-v1,resolved-third-party-learner-identity
klose,4,KV002824,,,allowed,learning::klose::third-party-primary,001825,add-allowed,2,2,2,preserve-existing-allowed-then-cross-source-prevalence-v1,resolved-third-party-learner-identity
klose,4,KV002825,,,allowed,learning::klose::third-party-primary,002438,add-allowed,1,1,1,preserve-existing-allowed-then-cross-source-prevalence-v1,resolved-third-party-learner-identity
klose,4,KV002826,,,allowed,learning::klose::third-party-primary,002856,add-allowed,1,1,3,preserve-existing-allowed-then-cross-source-prevalence-v1,resolved-third-party-learner-identity
klose,4,KV002827,,,allowed,learning::klose::third-party-primary,002439,add-allowed,1,1,1,preserve-existing-allowed-then-cross-source-prevalence-v1,resolved-third-party-learner-identity
klose,4,KV002828,,,allowed,learning::klose::third-party-primary,002740,add-allowed,1,1,2,preserve-existing-allowed-then-cross-source-prevalence-v1,resolved-third-party-learner-identity
klose,4,KV002829,,,allowed,learning::klose::third-party-primary,002741,add-allowed,1,1,2,preserve-existing-allowed-then-cross-source-prevalence-v1,resolved-third-party-learner-identity
klose,4,KV002830,,,allowed,learning::klose::third-party-primary,001826,add-allowed,2,2,2,preserve-existing-allowed-then-cross-source-prevalence-v1,resolved-third-party-learner-identity
klose,4,KV002831,,,allowed,learning::klose::third-party-primary,001296,add-allowed,4,4,1,preserve-existing-allowed-then-cross-source-prevalence-v1,resolved-third-party-learner-identity
klose,4,KV002832,,,allowed,learning::klose::third-party-primary,001736,add-allowed,2,2,1,preserve-existing-allowed-then-cross-source-prevalence-v1,resolved-third-party-learner-identity
klose,4,KV002833,,,allowed,learning::klose::third-party-primary,002440,add-allowed,1,1,1,preserve-existing-allowed-then-cross-source-prevalence-v1,resolved-third-party-learner-identity
klose,4,KV002834,,,allowed,learning::klose::third-party-primary,001438,add-allowed,3,3,1,preserve-existing-allowed-then-cross-source-prevalence-v1,resolved-third-party-learner-identity
klose,4,KV002835,,,allowed,learning::klose::third-party-primary,002441,add-allowed,1,1,1,preserve-existing-allowed-then-cross-source-prevalence-v1,resolved-third-party-learner-identity
klose,4,KV002836,,,allowed,learning::klose::third-party-primary,002742,add-allowed,1,1,2,preserve-existing-allowed-then-cross-source-prevalence-v1,resolved-third-party-learner-identity
klose,4,KV002837,,,allowed,learning::klose::third-party-primary,002442,add-allowed,1,1,1,preserve-existing-allowed-then-cross-source-prevalence-v1,resolved-third-party-learner-identity
klose,4,KV002838,,,allowed,learning::klose::third-party-primary,001827,add-allowed,2,2,2,preserve-existing-allowed-then-cross-source-prevalence-v1,resolved-third-party-learner-identity
klose,4,KV002839,,,allowed,learning::klose::third-party-primary,002443,add-allowed,1,1,1,preserve-existing-allowed-then-cross-source-prevalence-v1,resolved-third-party-learner-identity
klose,4,KV002840,,,allowed,learning::klose::third-party-primary,001737,add-allowed,2,2,1,preserve-existing-allowed-then-cross-source-prevalence-v1,resolved-third-party-learner-identity
klose,4,KV002841,,,allowed,learning::klose::third-party-primary,002444,add-allowed,1,1,1,preserve-existing-allowed-then-cross-source-prevalence-v1,resolved-third-party-learner-identity
klose,4,KV002842,,,allowed,learning::klose::third-party-primary,001738,add-allowed,2,2,1,preserve-existing-allowed-then-cross-source-prevalence-v1,resolved-third-party-learner-identity
klose,4,KV002843,,,allowed,learning::klose::third-party-primary,002445,add-allowed,1,1,1,preserve-existing-allowed-then-cross-source-prevalence-v1,resolved-third-party-learner-identity
klose,4,KV002844,,,allowed,learning::klose::third-party-primary,001109,add-allowed,6,6,1,preserve-existing-allowed-then-cross-source-prevalence-v1,resolved-third-party-learner-identity
klose,4,KV002845,,,allowed,learning::klose::third-party-primary,002446,add-allowed,1,1,1,preserve-existing-allowed-then-cross-source-prevalence-v1,resolved-third-party-learner-identity
klose,4,KV002846,,,allowed,learning::klose::third-party-primary,002447,add-allowed,1,1,1,preserve-existing-allowed-then-cross-source-prevalence-v1,resolved-third-party-learner-identity
klose,4,KV002847,,,allowed,learning::klose::third-party-primary,002448,add-allowed,1,1,1,preserve-existing-allowed-then-cross-source-prevalence-v1,resolved-third-party-learner-identity
klose,4,KV002848,,,allowed,learning::klose::third-party-primary,001741,add-allowed,2,2,1,preserve-existing-allowed-then-cross-source-prevalence-v1,resolved-third-party-learner-identity
klose,4,KV002849,,,allowed,learning::klose::third-party-primary,000901,add-allowed,11,12,1,preserve-existing-allowed-then-cross-source-prevalence-v1,resolved-third-party-learner-identity
klose,4,KV002850,,,allowed,learning::klose::third-party-primary,002743,add-allowed,1,1,2,preserve-existing-allowed-then-cross-source-prevalence-v1,resolved-third-party-learner-identity
klose,4,KV002851,,,allowed,learning::klose::third-party-primary,001439,add-allowed,3,3,1,preserve-existing-allowed-then-cross-source-prevalence-v1,resolved-third-party-learner-identity
klose,4,KV002852,,,allowed,learning::klose::third-party-primary,002744,add-allowed,1,1,2,preserve-existing-allowed-then-cross-source-prevalence-v1,resolved-third-party-learner-identity
klose,4,KV002853,,,allowed,learning::klose::third-party-primary,002449,add-allowed,1,1,1,preserve-existing-allowed-then-cross-source-prevalence-v1,resolved-third-party-learner-identity
klose,4,KV002854,,,allowed,learning::klose::third-party-primary,001440,add-allowed,3,3,1,preserve-existing-allowed-then-cross-source-prevalence-v1,resolved-third-party-learner-identity
klose,4,KV002855,,,allowed,learning::klose::third-party-primary,001049,add-allowed,7,7,1,preserve-existing-allowed-then-cross-source-prevalence-v1,resolved-third-party-learner-identity
klose,4,KV002856,,,allowed,learning::klose::third-party-primary,002745,add-allowed,1,1,2,preserve-existing-allowed-then-cross-source-prevalence-v1,resolved-third-party-learner-identity
klose,4,KV002857,,,allowed,learning::klose::third-party-primary,001496,add-allowed,3,3,2,preserve-existing-allowed-then-cross-source-prevalence-v1,resolved-third-party-learner-identity
klose,4,KV002858,,,allowed,learning::klose::third-party-primary,002746,add-allowed,1,1,2,preserve-existing-allowed-then-cross-source-prevalence-v1,resolved-third-party-learner-identity
klose,4,KV002859,,,allowed,learning::klose::third-party-primary,002747,add-allowed,1,1,2,preserve-existing-allowed-then-cross-source-prevalence-v1,resolved-third-party-learner-identity
klose,4,KV002860,,,allowed,learning::klose::third-party-primary,002450,add-allowed,1,1,1,preserve-existing-allowed-then-cross-source-prevalence-v1,resolved-third-party-learner-identity
klose,4,KV002861,,,allowed,learning::klose::third-party-primary,001742,add-allowed,2,2,1,preserve-existing-allowed-then-cross-source-prevalence-v1,resolved-third-party-learner-identity
klose,4,KV002862,,,allowed,learning::klose::third-party-primary,001297,add-allowed,4,4,1,preserve-existing-allowed-then-cross-source-prevalence-v1,resolved-third-party-learner-identity
klose,4,KV002863,,,allowed,learning::klose::third-party-primary,002748,add-allowed,1,1,2,preserve-existing-allowed-then-cross-source-prevalence-v1,resolved-third-party-learner-identity
klose,4,KV002864,,,allowed,learning::klose::third-party-primary,001828,add-allowed,2,2,2,preserve-existing-allowed-then-cross-source-prevalence-v1,resolved-third-party-learner-identity
klose,4,KV002865,,,allowed,learning::klose::third-party-primary,001829,add-allowed,2,2,2,preserve-existing-allowed-then-cross-source-prevalence-v1,resolved-third-party-learner-identity
klose,4,KV002866,,,allowed,learning::klose::third-party-primary,001322,add-allowed,4,4,2,preserve-existing-allowed-then-cross-source-prevalence-v1,resolved-third-party-learner-identity
klose,4,KV002867,,,allowed,learning::klose::third-party-primary,002451,add-allowed,1,1,1,preserve-existing-allowed-then-cross-source-prevalence-v1,resolved-third-party-learner-identity
klose,4,KV002868,,,allowed,learning::klose::third-party-primary,001515,add-allowed,2,4,1,preserve-existing-allowed-then-cross-source-prevalence-v1,resolved-third-party-learner-identity
klose,4,KV002869,,,allowed,learning::klose::third-party-primary,002452,add-allowed,1,1,1,preserve-existing-allowed-then-cross-source-prevalence-v1,resolved-third-party-learner-identity
klose,4,KV002870,,,allowed,learning::klose::third-party-primary,002453,add-allowed,1,1,1,preserve-existing-allowed-then-cross-source-prevalence-v1,resolved-third-party-learner-identity
klose,4,KV002871,,,allowed,learning::klose::third-party-primary,002454,add-allowed,1,1,1,preserve-existing-allowed-then-cross-source-prevalence-v1,resolved-third-party-learner-identity
klose,4,KV002872,,,allowed,learning::klose::third-party-primary,001137,add-allowed,5,6,1,preserve-existing-allowed-then-cross-source-prevalence-v1,resolved-third-party-learner-identity
klose,4,KV002873,,,allowed,learning::klose::third-party-primary,001876,add-allowed,1,2,1,preserve-existing-allowed-then-cross-source-prevalence-v1,resolved-third-party-learner-identity
klose,4,KV002874,,,allowed,learning::klose::third-party-primary,002455,add-allowed,1,1,1,preserve-existing-allowed-then-cross-source-prevalence-v1,resolved-third-party-learner-identity
klose,4,KV002875,,,allowed,learning::klose::third-party-primary,002456,add-allowed,1,1,1,preserve-existing-allowed-then-cross-source-prevalence-v1,resolved-third-party-learner-identity
klose,4,KV002876,,,allowed,learning::klose::third-party-primary,002457,add-allowed,1,1,1,preserve-existing-allowed-then-cross-source-prevalence-v1,resolved-third-party-learner-identity
klose,4,KV002877,,,allowed,learning::klose::third-party-primary,001298,add-allowed,4,4,1,preserve-existing-allowed-then-cross-source-prevalence-v1,resolved-third-party-learner-identity
klose,4,KV002878,,,allowed,learning::klose::third-party-primary,002458,add-allowed,1,1,1,preserve-existing-allowed-then-cross-source-prevalence-v1,resolved-third-party-learner-identity
klose,4,KV002879,,,allowed,learning::klose::third-party-primary,000814,add-allowed,16,16,1,preserve-existing-allowed-then-cross-source-prevalence-v1,resolved-third-party-learner-identity
klose,4,KV002880,,,allowed,learning::klose::third-party-primary,002749,add-allowed,1,1,2,preserve-existing-allowed-then-cross-source-prevalence-v1,resolved-third-party-learner-identity
klose,4,KV002881,,,allowed,learning::klose::third-party-primary,001744,add-allowed,2,2,1,preserve-existing-allowed-then-cross-source-prevalence-v1,resolved-third-party-learner-identity
klose,4,KV002882,,,allowed,learning::klose::third-party-primary,001745,add-allowed,2,2,1,preserve-existing-allowed-then-cross-source-prevalence-v1,resolved-third-party-learner-identity
klose,4,KV002883,,,allowed,learning::klose::third-party-primary,001138,add-allowed,5,6,1,preserve-existing-allowed-then-cross-source-prevalence-v1,resolved-third-party-learner-identity
klose,4,KV002884,,,allowed,learning::klose::third-party-primary,000790,add-allowed,16,21,1,preserve-existing-allowed-then-cross-source-prevalence-v1,resolved-third-party-learner-identity
klose,4,KV002885,,,allowed,learning::klose::third-party-primary,002750,add-allowed,1,1,2,preserve-existing-allowed-then-cross-source-prevalence-v1,resolved-third-party-learner-identity
klose,4,KV002886,,,allowed,learning::klose::third-party-primary,002751,add-allowed,1,1,2,preserve-existing-allowed-then-cross-source-prevalence-v1,resolved-third-party-learner-identity
klose,4,KV002887,,,allowed,learning::klose::third-party-primary,001120,add-allowed,6,6,2,preserve-existing-allowed-then-cross-source-prevalence-v1,resolved-third-party-learner-identity
klose,4,KV002888,,,allowed,learning::klose::third-party-primary,001442,add-allowed,3,3,1,preserve-existing-allowed-then-cross-source-prevalence-v1,resolved-third-party-learner-identity
klose,4,KV002889,,,allowed,learning::klose::third-party-primary,001746,add-allowed,2,2,1,preserve-existing-allowed-then-cross-source-prevalence-v1,resolved-third-party-learner-identity
klose,4,KV002890,,,allowed,learning::klose::third-party-primary,002752,add-allowed,1,1,2,preserve-existing-allowed-then-cross-source-prevalence-v1,resolved-third-party-learner-identity
klose,4,KV002891,,,allowed,learning::klose::third-party-primary,002753,add-allowed,1,1,2,preserve-existing-allowed-then-cross-source-prevalence-v1,resolved-third-party-learner-identity
klose,4,KV002892,,,allowed,learning::klose::third-party-primary,002754,add-allowed,1,1,2,preserve-existing-allowed-then-cross-source-prevalence-v1,resolved-third-party-learner-identity
klose,4,KV002893,,,allowed,learning::klose::third-party-primary,002755,add-allowed,1,1,2,preserve-existing-allowed-then-cross-source-prevalence-v1,resolved-third-party-learner-identity
klose,4,KV002894,,,allowed,learning::klose::third-party-primary,001830,add-allowed,2,2,2,preserve-existing-allowed-then-cross-source-prevalence-v1,resolved-third-party-learner-identity
klose,4,KV002895,,,allowed,learning::klose::third-party-primary,002460,add-allowed,1,1,1,preserve-existing-allowed-then-cross-source-prevalence-v1,resolved-third-party-learner-identity
klose,4,KV002896,,,allowed,learning::klose::third-party-primary,002756,add-allowed,1,1,2,preserve-existing-allowed-then-cross-source-prevalence-v1,resolved-third-party-learner-identity
klose,4,KV002897,,,allowed,learning::klose::third-party-primary,002461,add-allowed,1,1,1,preserve-existing-allowed-then-cross-source-prevalence-v1,resolved-third-party-learner-identity
klose,4,KV002898,,,allowed,learning::klose::third-party-primary,002462,add-allowed,1,1,1,preserve-existing-allowed-then-cross-source-prevalence-v1,resolved-third-party-learner-identity
klose,4,KV002899,,,allowed,learning::klose::third-party-primary,001747,add-allowed,2,2,1,preserve-existing-allowed-then-cross-source-prevalence-v1,resolved-third-party-learner-identity
klose,4,KV002900,,,allowed,learning::klose::third-party-primary,002463,add-allowed,1,1,1,preserve-existing-allowed-then-cross-source-prevalence-v1,resolved-third-party-learner-identity
klose,4,KV002901,,,allowed,learning::klose::third-party-primary,001110,add-allowed,6,6,1,preserve-existing-allowed-then-cross-source-prevalence-v1,resolved-third-party-learner-identity
klose,4,KV002902,,,allowed,learning::klose::third-party-primary,001443,add-allowed,3,3,1,preserve-existing-allowed-then-cross-source-prevalence-v1,resolved-third-party-learner-identity
klose,4,KV002903,,,allowed,learning::klose::third-party-primary,001444,add-allowed,3,3,1,preserve-existing-allowed-then-cross-source-prevalence-v1,resolved-third-party-learner-identity
klose,4,KV002904,,,allowed,learning::klose::third-party-primary,001339,add-allowed,3,4,1,preserve-existing-allowed-then-cross-source-prevalence-v1,resolved-third-party-learner-identity
klose,4,KV002905,,,allowed,learning::klose::third-party-primary,001445,add-allowed,3,3,1,preserve-existing-allowed-then-cross-source-prevalence-v1,resolved-third-party-learner-identity
klose,4,KV002906,,,allowed,learning::klose::third-party-primary,000941,add-allowed,10,10,1,preserve-existing-allowed-then-cross-source-prevalence-v1,resolved-third-party-learner-identity
klose,4,KV002907,,,allowed,learning::klose::third-party-primary,002859,add-allowed,1,1,3,preserve-existing-allowed-then-cross-source-prevalence-v1,resolved-third-party-learner-identity
klose,4,KV002908,,,allowed,learning::klose::third-party-primary,001749,add-allowed,2,2,1,preserve-existing-allowed-then-cross-source-prevalence-v1,resolved-third-party-learner-identity
klose,4,KV002909,,,allowed,learning::klose::third-party-primary,001750,add-allowed,2,2,1,preserve-existing-allowed-then-cross-source-prevalence-v1,resolved-third-party-learner-identity
klose,4,KV002910,,,allowed,learning::klose::third-party-primary,000883,add-allowed,12,13,1,preserve-existing-allowed-then-cross-source-prevalence-v1,resolved-third-party-learner-identity
klose,4,KV002911,,,allowed,learning::klose::third-party-primary,001299,add-allowed,4,4,1,preserve-existing-allowed-then-cross-source-prevalence-v1,resolved-third-party-learner-identity
klose,4,KV002912,,,allowed,learning::klose::third-party-primary,002464,add-allowed,1,1,1,preserve-existing-allowed-then-cross-source-prevalence-v1,resolved-third-party-learner-identity
klose,4,KV002913,,,allowed,learning::klose::third-party-primary,001751,add-allowed,2,2,1,preserve-existing-allowed-then-cross-source-prevalence-v1,resolved-third-party-learner-identity
klose,4,KV002914,,,allowed,learning::klose::third-party-primary,002465,add-allowed,1,1,1,preserve-existing-allowed-then-cross-source-prevalence-v1,resolved-third-party-learner-identity
klose,4,KV002915,,,allowed,learning::klose::third-party-primary,001752,add-allowed,2,2,1,preserve-existing-allowed-then-cross-source-prevalence-v1,resolved-third-party-learner-identity
klose,4,KV002916,,,allowed,learning::klose::third-party-primary,000862,add-allowed,14,14,1,preserve-existing-allowed-then-cross-source-prevalence-v1,resolved-third-party-learner-identity
klose,4,KV002917,,,allowed,learning::klose::third-party-primary,001056,add-allowed,7,7,2,preserve-existing-allowed-then-cross-source-prevalence-v1,resolved-third-party-learner-identity
klose,4,KV002918,,,allowed,learning::klose::third-party-primary,001446,add-allowed,3,3,1,preserve-existing-allowed-then-cross-source-prevalence-v1,resolved-third-party-learner-identity
klose,4,KV002919,,,allowed,learning::klose::third-party-primary,001447,add-allowed,3,3,1,preserve-existing-allowed-then-cross-source-prevalence-v1,resolved-third-party-learner-identity
klose,4,KV002920,,,allowed,learning::klose::third-party-primary,002757,add-allowed,1,1,2,preserve-existing-allowed-then-cross-source-prevalence-v1,resolved-third-party-learner-identity
klose,4,KV002921,,,allowed,learning::klose::third-party-primary,000902,add-allowed,11,12,1,preserve-existing-allowed-then-cross-source-prevalence-v1,resolved-third-party-learner-identity
klose,4,KV002922,,,allowed,learning::klose::third-party-primary,001877,add-allowed,1,2,1,preserve-existing-allowed-then-cross-source-prevalence-v1,resolved-third-party-learner-identity
klose,4,KV002923,,,allowed,learning::klose::third-party-primary,001753,add-allowed,2,2,1,preserve-existing-allowed-then-cross-source-prevalence-v1,resolved-third-party-learner-identity
klose,4,KV002924,,,allowed,learning::klose::third-party-primary,001754,add-allowed,2,2,1,preserve-existing-allowed-then-cross-source-prevalence-v1,resolved-third-party-learner-identity
klose,4,KV002925,,,allowed,learning::klose::third-party-primary,001300,add-allowed,4,4,1,preserve-existing-allowed-then-cross-source-prevalence-v1,resolved-third-party-learner-identity
klose,4,KV002926,,,allowed,learning::klose::third-party-primary,002466,add-allowed,1,1,1,preserve-existing-allowed-then-cross-source-prevalence-v1,resolved-third-party-learner-identity
klose,4,KV002927,,,allowed,learning::klose::third-party-primary,000784,add-allowed,17,17,1,preserve-existing-allowed-then-cross-source-prevalence-v1,resolved-third-party-learner-identity
klose,4,KV002928,,,allowed,learning::klose::third-party-primary,002860,add-allowed,1,1,3,preserve-existing-allowed-then-cross-source-prevalence-v1,resolved-third-party-learner-identity
klose,4,KV002929,,,allowed,learning::klose::third-party-primary,002758,add-allowed,1,1,2,preserve-existing-allowed-then-cross-source-prevalence-v1,resolved-third-party-learner-identity
klose,4,KV002930,,,allowed,learning::klose::third-party-primary,001755,add-allowed,2,2,1,preserve-existing-allowed-then-cross-source-prevalence-v1,resolved-third-party-learner-identity
klose,4,KV002931,,,allowed,learning::klose::third-party-primary,002467,add-allowed,1,1,1,preserve-existing-allowed-then-cross-source-prevalence-v1,resolved-third-party-learner-identity
klose,4,KV002932,,,allowed,learning::klose::third-party-primary,002759,add-allowed,1,1,2,preserve-existing-allowed-then-cross-source-prevalence-v1,resolved-third-party-learner-identity
klose,4,KV002933,,,allowed,learning::klose::third-party-primary,001831,add-allowed,2,2,2,preserve-existing-allowed-then-cross-source-prevalence-v1,resolved-third-party-learner-identity
klose,4,KV002934,,,allowed,learning::klose::third-party-primary,001756,add-allowed,2,2,1,preserve-existing-allowed-then-cross-source-prevalence-v1,resolved-third-party-learner-identity
klose,4,KV002935,,,allowed,learning::klose::third-party-primary,002760,add-allowed,1,1,2,preserve-existing-allowed-then-cross-source-prevalence-v1,resolved-third-party-learner-identity
klose,4,KV002936,,,allowed,learning::klose::third-party-primary,002861,add-allowed,1,1,3,preserve-existing-allowed-then-cross-source-prevalence-v1,resolved-third-party-learner-identity
klose,4,KV002937,,,allowed,learning::klose::third-party-primary,000903,add-allowed,11,12,2,preserve-existing-allowed-then-cross-source-prevalence-v1,resolved-third-party-learner-identity
klose,4,KV002938,,,allowed,learning::klose::third-party-primary,002468,add-allowed,1,1,1,preserve-existing-allowed-then-cross-source-prevalence-v1,resolved-third-party-learner-identity
klose,4,KV002939,,,allowed,learning::klose::third-party-primary,002862,add-allowed,1,1,3,preserve-existing-allowed-then-cross-source-prevalence-v1,resolved-third-party-learner-identity
klose,4,KV002940,,,allowed,learning::klose::third-party-primary,000967,add-allowed,9,9,1,preserve-existing-allowed-then-cross-source-prevalence-v1,resolved-third-party-learner-identity
klose,4,KV002941,,,allowed,learning::klose::third-party-primary,000850,add-allowed,14,16,1,preserve-existing-allowed-then-cross-source-prevalence-v1,resolved-third-party-learner-identity
klose,4,KV002942,,,allowed,learning::klose::third-party-primary,001878,add-allowed,1,2,2,preserve-existing-allowed-then-cross-source-prevalence-v1,resolved-third-party-learner-identity
klose,4,KV002943,,,allowed,learning::klose::third-party-primary,001757,add-allowed,2,2,1,preserve-existing-allowed-then-cross-source-prevalence-v1,resolved-third-party-learner-identity
klose,4,KV002944,,,allowed,learning::klose::third-party-primary,001497,add-allowed,3,3,2,preserve-existing-allowed-then-cross-source-prevalence-v1,resolved-third-party-learner-identity
klose,4,KV002945,,,allowed,learning::klose::third-party-primary,002469,add-allowed,1,1,1,preserve-existing-allowed-then-cross-source-prevalence-v1,resolved-third-party-learner-identity
klose,4,KV002946,,,allowed,learning::klose::third-party-primary,002470,add-allowed,1,1,1,preserve-existing-allowed-then-cross-source-prevalence-v1,resolved-third-party-learner-identity
klose,4,KV002947,,,allowed,learning::klose::third-party-primary,001449,add-allowed,3,3,1,preserve-existing-allowed-then-cross-source-prevalence-v1,resolved-third-party-learner-identity
klose,4,KV002948,,,allowed,learning::klose::third-party-primary,001301,add-allowed,4,4,1,preserve-existing-allowed-then-cross-source-prevalence-v1,resolved-third-party-learner-identity
klose,4,KV002949,,,allowed,learning::klose::third-party-primary,001450,add-allowed,3,3,1,preserve-existing-allowed-then-cross-source-prevalence-v1,resolved-third-party-learner-identity
klose,4,KV002950,,,allowed,learning::klose::third-party-primary,000724,add-allowed,18,27,1,preserve-existing-allowed-then-cross-source-prevalence-v1,resolved-third-party-learner-identity
klose,4,KV002951,,,allowed,learning::klose::third-party-primary,002761,add-allowed,1,1,2,preserve-existing-allowed-then-cross-source-prevalence-v1,resolved-third-party-learner-identity
klose,4,KV002952,,,allowed,learning::klose::third-party-primary,002471,add-allowed,1,1,1,preserve-existing-allowed-then-cross-source-prevalence-v1,resolved-third-party-learner-identity
klose,4,KV002953,,,allowed,learning::klose::third-party-primary,001758,add-allowed,2,2,1,preserve-existing-allowed-then-cross-source-prevalence-v1,resolved-third-party-learner-identity
klose,4,KV002954,,,allowed,learning::klose::third-party-primary,002472,add-allowed,1,1,1,preserve-existing-allowed-then-cross-source-prevalence-v1,resolved-third-party-learner-identity
klose,4,KV002955,,,allowed,learning::klose::third-party-primary,002473,add-allowed,1,1,1,preserve-existing-allowed-then-cross-source-prevalence-v1,resolved-third-party-learner-identity
klose,4,KV002956,,,allowed,learning::klose::third-party-primary,001759,add-allowed,2,2,1,preserve-existing-allowed-then-cross-source-prevalence-v1,resolved-third-party-learner-identity
klose,4,KV002957,,,allowed,learning::klose::third-party-primary,002474,add-allowed,1,1,1,preserve-existing-allowed-then-cross-source-prevalence-v1,resolved-third-party-learner-identity
klose,4,KV002958,,,allowed,learning::klose::third-party-primary,000709,add-allowed,19,20,1,preserve-existing-allowed-then-cross-source-prevalence-v1,resolved-third-party-learner-identity
klose,4,KV002959,,,allowed,learning::klose::third-party-primary,002763,add-allowed,1,1,2,preserve-existing-allowed-then-cross-source-prevalence-v1,resolved-third-party-learner-identity
klose,4,KV002960,,,allowed,learning::klose::third-party-primary,002475,add-allowed,1,1,1,preserve-existing-allowed-then-cross-source-prevalence-v1,resolved-third-party-learner-identity
klose,4,KV002961,,,allowed,learning::klose::third-party-primary,002764,add-allowed,1,1,2,preserve-existing-allowed-then-cross-source-prevalence-v1,resolved-third-party-learner-identity
klose,4,KV002962,,,allowed,learning::klose::third-party-primary,001452,add-allowed,3,3,1,preserve-existing-allowed-then-cross-source-prevalence-v1,resolved-third-party-learner-identity
klose,4,KV002963,,,allowed,learning::klose::third-party-primary,001760,add-allowed,2,2,1,preserve-existing-allowed-then-cross-source-prevalence-v1,resolved-third-party-learner-identity
klose,4,KV002964,,,allowed,learning::klose::third-party-primary,001453,add-allowed,3,3,1,preserve-existing-allowed-then-cross-source-prevalence-v1,resolved-third-party-learner-identity
klose,4,KV002965,,,allowed,learning::klose::third-party-primary,002765,add-allowed,1,1,2,preserve-existing-allowed-then-cross-source-prevalence-v1,resolved-third-party-learner-identity
klose,4,KV002966,,,allowed,learning::klose::third-party-primary,000857,add-allowed,14,15,1,preserve-existing-allowed-then-cross-source-prevalence-v1,resolved-third-party-learner-identity
klose,4,KV002967,,,allowed,learning::klose::third-party-primary,002766,add-allowed,1,1,2,preserve-existing-allowed-then-cross-source-prevalence-v1,resolved-third-party-learner-identity
klose,4,KV002968,,,allowed,learning::klose::third-party-primary,002476,add-allowed,1,1,1,preserve-existing-allowed-then-cross-source-prevalence-v1,resolved-third-party-learner-identity
klose,4,KV002969,,,allowed,learning::klose::third-party-primary,002477,add-allowed,1,1,1,preserve-existing-allowed-then-cross-source-prevalence-v1,resolved-third-party-learner-identity
klose,4,KV002970,,,allowed,learning::klose::third-party-primary,001454,add-allowed,3,3,1,preserve-existing-allowed-then-cross-source-prevalence-v1,resolved-third-party-learner-identity
klose,4,KV002971,,,allowed,learning::klose::third-party-primary,002767,add-allowed,1,1,2,preserve-existing-allowed-then-cross-source-prevalence-v1,resolved-third-party-learner-identity
klose,4,KV002972,,,allowed,learning::klose::third-party-primary,002768,add-allowed,1,1,2,preserve-existing-allowed-then-cross-source-prevalence-v1,resolved-third-party-learner-identity
klose,4,KV002973,,,allowed,learning::klose::third-party-primary,002478,add-allowed,1,1,1,preserve-existing-allowed-then-cross-source-prevalence-v1,resolved-third-party-learner-identity
klose,4,KV002974,,,allowed,learning::klose::third-party-primary,001018,add-allowed,7,8,1,preserve-existing-allowed-then-cross-source-prevalence-v1,resolved-third-party-learner-identity
klose,4,KV002975,,,allowed,learning::klose::third-party-primary,001111,add-allowed,6,6,1,preserve-existing-allowed-then-cross-source-prevalence-v1,resolved-third-party-learner-identity
klose,4,KV002976,,,allowed,learning::klose::third-party-primary,002479,add-allowed,1,1,1,preserve-existing-allowed-then-cross-source-prevalence-v1,resolved-third-party-learner-identity
klose,4,KV002977,,,allowed,learning::klose::third-party-primary,001302,add-allowed,4,4,1,preserve-existing-allowed-then-cross-source-prevalence-v1,resolved-third-party-learner-identity
klose,4,KV002978,,,allowed,learning::klose::third-party-primary,002480,add-allowed,1,1,1,preserve-existing-allowed-then-cross-source-prevalence-v1,resolved-third-party-learner-identity
klose,4,KV002979,,,allowed,learning::klose::third-party-primary,001050,add-allowed,7,7,1,preserve-existing-allowed-then-cross-source-prevalence-v1,resolved-third-party-learner-identity
klose,4,KV002980,,,allowed,learning::klose::third-party-primary,001139,add-allowed,5,6,1,preserve-existing-allowed-then-cross-source-prevalence-v1,resolved-third-party-learner-identity
klose,4,KV002981,,,allowed,learning::klose::third-party-primary,002481,add-allowed,1,1,1,preserve-existing-allowed-then-cross-source-prevalence-v1,resolved-third-party-learner-identity
klose,4,KV002982,,,allowed,learning::klose::third-party-primary,001455,add-allowed,3,3,1,preserve-existing-allowed-then-cross-source-prevalence-v1,resolved-third-party-learner-identity
klose,4,KV002983,,,allowed,learning::klose::third-party-primary,001456,add-allowed,3,3,1,preserve-existing-allowed-then-cross-source-prevalence-v1,resolved-third-party-learner-identity
klose,4,KV002984,,,allowed,learning::klose::third-party-primary,002482,add-allowed,1,1,1,preserve-existing-allowed-then-cross-source-prevalence-v1,resolved-third-party-learner-identity
klose,4,KV002985,,,allowed,learning::klose::third-party-primary,002483,add-allowed,1,1,1,preserve-existing-allowed-then-cross-source-prevalence-v1,resolved-third-party-learner-identity
klose,4,KV002986,,,allowed,learning::klose::third-party-primary,002769,add-allowed,1,1,2,preserve-existing-allowed-then-cross-source-prevalence-v1,resolved-third-party-learner-identity
klose,4,KV002987,,,allowed,learning::klose::third-party-primary,002770,add-allowed,1,1,2,preserve-existing-allowed-then-cross-source-prevalence-v1,resolved-third-party-learner-identity
klose,4,KV002988,,,allowed,learning::klose::third-party-primary,002890,add-allowed,1,1,4,preserve-existing-allowed-then-cross-source-prevalence-v1,resolved-third-party-learner-identity
klose,4,KV002989,,,allowed,learning::klose::third-party-primary,002771,add-allowed,1,1,2,preserve-existing-allowed-then-cross-source-prevalence-v1,resolved-third-party-learner-identity
klose,4,KV002990,,,allowed,learning::klose::third-party-primary,001324,add-allowed,4,4,2,preserve-existing-allowed-then-cross-source-prevalence-v1,resolved-third-party-learner-identity
klose,4,KV002991,,,allowed,learning::klose::third-party-primary,002484,add-allowed,1,1,1,preserve-existing-allowed-then-cross-source-prevalence-v1,resolved-third-party-learner-identity
klose,4,KV002992,,,allowed,learning::klose::third-party-primary,002772,add-allowed,1,1,2,preserve-existing-allowed-then-cross-source-prevalence-v1,resolved-third-party-learner-identity
klose,4,KV002993,,,allowed,learning::klose::third-party-primary,002485,add-allowed,1,1,1,preserve-existing-allowed-then-cross-source-prevalence-v1,resolved-third-party-learner-identity
klose,4,KV002994,,,allowed,learning::klose::third-party-primary,000721,add-allowed,18,29,1,preserve-existing-allowed-then-cross-source-prevalence-v1,resolved-third-party-learner-identity
klose,4,KV002995,,,allowed,learning::klose::third-party-primary,001498,add-allowed,3,3,2,preserve-existing-allowed-then-cross-source-prevalence-v1,resolved-third-party-learner-identity
klose,4,KV002996,,,allowed,learning::klose::third-party-primary,001457,add-allowed,3,3,1,preserve-existing-allowed-then-cross-source-prevalence-v1,resolved-third-party-learner-identity
klose,4,KV002997,,,allowed,learning::klose::third-party-primary,002773,add-allowed,1,1,2,preserve-existing-allowed-then-cross-source-prevalence-v1,resolved-third-party-learner-identity
klose,4,KV002998,,,allowed,learning::klose::third-party-primary,002486,add-allowed,1,1,1,preserve-existing-allowed-then-cross-source-prevalence-v1,resolved-third-party-learner-identity
klose,4,KV002999,,,allowed,learning::klose::third-party-primary,001834,add-allowed,2,2,2,preserve-existing-allowed-then-cross-source-prevalence-v1,resolved-third-party-learner-identity
klose,4,KV003000,,,allowed,learning::klose::third-party-primary,001761,add-allowed,2,2,1,preserve-existing-allowed-then-cross-source-prevalence-v1,resolved-third-party-learner-identity
klose,4,KV003001,,,allowed,learning::klose::third-party-primary,002487,add-allowed,1,1,1,preserve-existing-allowed-then-cross-source-prevalence-v1,resolved-third-party-learner-identity
klose,4,KV003002,,,allowed,learning::klose::third-party-primary,001303,add-allowed,4,4,1,preserve-existing-allowed-then-cross-source-prevalence-v1,resolved-third-party-learner-identity
klose,4,KV003003,,,allowed,learning::klose::third-party-primary,002488,add-allowed,1,1,1,preserve-existing-allowed-then-cross-source-prevalence-v1,resolved-third-party-learner-identity
klose,4,KV003004,,,allowed,learning::klose::third-party-primary,001304,add-allowed,4,4,1,preserve-existing-allowed-then-cross-source-prevalence-v1,resolved-third-party-learner-identity
klose,4,KV003005,,,allowed,learning::klose::third-party-primary,002489,add-allowed,1,1,1,preserve-existing-allowed-then-cross-source-prevalence-v1,resolved-third-party-learner-identity
klose,4,KV003006,,,allowed,learning::klose::third-party-primary,002490,add-allowed,1,1,1,preserve-existing-allowed-then-cross-source-prevalence-v1,resolved-third-party-learner-identity
klose,4,KV003007,,,allowed,learning::klose::third-party-primary,001762,add-allowed,2,2,1,preserve-existing-allowed-then-cross-source-prevalence-v1,resolved-third-party-learner-identity
klose,4,KV003008,,,allowed,learning::klose::third-party-primary,001458,add-allowed,3,3,1,preserve-existing-allowed-then-cross-source-prevalence-v1,resolved-third-party-learner-identity
klose,4,KV003009,,,allowed,learning::klose::third-party-primary,001140,add-allowed,5,6,1,preserve-existing-allowed-then-cross-source-prevalence-v1,resolved-third-party-learner-identity
klose,4,KV003010,,,allowed,learning::klose::third-party-primary,002774,add-allowed,1,1,2,preserve-existing-allowed-then-cross-source-prevalence-v1,resolved-third-party-learner-identity
klose,4,KV003011,,,allowed,learning::klose::third-party-primary,001763,add-allowed,2,2,1,preserve-existing-allowed-then-cross-source-prevalence-v1,resolved-third-party-learner-identity
klose,4,KV003012,,,allowed,learning::klose::third-party-primary,002491,add-allowed,1,1,1,preserve-existing-allowed-then-cross-source-prevalence-v1,resolved-third-party-learner-identity
klose,4,KV003013,,,allowed,learning::klose::third-party-primary,002775,add-allowed,1,1,2,preserve-existing-allowed-then-cross-source-prevalence-v1,resolved-third-party-learner-identity
klose,4,KV003014,,,allowed,learning::klose::third-party-primary,002492,add-allowed,1,1,1,preserve-existing-allowed-then-cross-source-prevalence-v1,resolved-third-party-learner-identity
klose,4,KV003015,,,allowed,learning::klose::third-party-primary,002493,add-allowed,1,1,1,preserve-existing-allowed-then-cross-source-prevalence-v1,resolved-third-party-learner-identity
