LearnerProfile,LearnerLevel,NoteID,ContentFingerprint,ReviewStatus,ReviewedAt,ReviewerType,ReviewNote
klose,4,KV000001,d684ac55bd4867b7f089170f36b1bf2182f751068441450ee4d505ba804080c1,model-reviewed,2026-09-05,model,PromptHint migration reviewed: cook noun/verb and over location/finished receive minimal front-side disambiguation; all other PromptHint values remain blank and prior release-visible content is unchanged.
klose,4,KV000002,4bb9b62fe5c3aec83c379b1f3405810f71d529f9a9d882b5a8ce3c3db9d88bd4,model-reviewed,2026-09-05,model,PromptHint migration reviewed: cook noun/verb and over location/finished receive minimal front-side disambiguation; all other PromptHint values remain blank and prior release-visible content is unchanged.
klose,4,KV000003,22f611a3e898c2680e375f7bef64ad6d0983cdddc8e5318671888ebf9582608c,model-reviewed,2026-09-05,model,PromptHint migration reviewed: cook noun/verb and over location/finished receive minimal front-side disambiguation; all other PromptHint values remain blank and prior release-visible content is unchanged.
klose,4,KV000004,834e5fd5aaff7ced7273bdda66beae828c06510b86a14a78ecda9331d30b0b1f,model-reviewed,2026-09-05,model,PromptHint migration reviewed: cook noun/verb and over location/finished receive minimal front-side disambiguation; all other PromptHint values remain blank and prior release-visible content is unchanged.
klose,4,KV000005,7644fc145acfb76664ef2af0ac4601ab6ef9d2b5155da825f5bc8cd58b7d3b61,model-reviewed,2026-09-05,model,PromptHint migration reviewed: cook noun/verb and over location/finished receive minimal front-side disambiguation; all other PromptHint values remain blank and prior release-visible content is unchanged.
klose,4,KV000006,b8ce8aa8fd1055bd1e3eddb6d4a00c8ef240e83bdcc9bc5d04c903cdca6fbe9b,model-reviewed,2026-09-05,model,PromptHint migration reviewed: cook noun/verb and over location/finished receive minimal front-side disambiguation; all other PromptHint values remain blank and prior release-visible content is unchanged.
klose,4,KV000007,192b96c641d01ad476b675e3c13cd9ed9fd3546e59971943e676878581e4fd14,model-reviewed,2026-09-05,model,PromptHint migration reviewed: cook noun/verb and over location/finished receive minimal front-side disambiguation; all other PromptHint values remain blank and prior release-visible content is unchanged.
klose,4,KV000008,14bf4fba482d1db4c85fe7b3bf1bdf20369d3f44677164b2c3db017e87b005e7,model-reviewed,2026-09-05,model,PromptHint migration reviewed: cook noun/verb and over location/finished receive minimal front-side disambiguation; all other PromptHint values remain blank and prior release-visible content is unchanged.
klose,4,KV000009,e4ea0e5d7dc933424fb9d89e2ef8c02eb7508162905f8410a8ac34b80b0f6198,model-reviewed,2026-09-05,model,PromptHint migration reviewed: cook noun/verb and over location/finished receive minimal front-side disambiguation; all other PromptHint values remain blank and prior release-visible content is unchanged.
klose,4,KV000010,4fcf0faca677648159d13a6731d5fce8622242eb469c3457a299abf220909a83,model-reviewed,2026-09-05,model,PromptHint migration reviewed: cook noun/verb and over location/finished receive minimal front-side disambiguation; all other PromptHint values remain blank and prior release-visible content is unchanged.
klose,4,KV000011,5d18b0a1c1609b119f40d6b8ffdd945800583597af1738881499bf4cda637fb0,model-reviewed,2026-09-05,model,PromptHint migration reviewed: cook noun/verb and over location/finished receive minimal front-side disambiguation; all other PromptHint values remain blank and prior release-visible content is unchanged.
klose,4,KV000012,686fc49cb856cdadb0a36e5a60c384df135b3efc2a7f8e7c7744737615e2dfde,model-reviewed,2026-09-05,model,PromptHint migration reviewed: cook noun/verb and over location/finished receive minimal front-side disambiguation; all other PromptHint values remain blank and prior release-visible content is unchanged.
klose,4,KV000013,56515e8bd746c3916891f2f5c48cc5078c5cad91b97ef73c3d6062e19bef4bd0,model-reviewed,2026-09-05,model,PromptHint migration reviewed: cook noun/verb and over location/finished receive minimal front-side disambiguation; all other PromptHint values remain blank and prior release-visible content is unchanged.
klose,4,KV000014,34e5ee5ac8118cbe07ec4702a64ae81dac480beb4e08135cd8f61f1ba1695c30,model-reviewed,2026-09-05,model,PromptHint migration reviewed: cook noun/verb and over location/finished receive minimal front-side disambiguation; all other PromptHint values remain blank and prior release-visible content is unchanged.
klose,4,KV000015,505f66fa377da60bf71b2b74d4c80279fef3b344d787fcd3537c51d8c1c90607,model-reviewed,2026-09-05,model,PromptHint migration reviewed: cook noun/verb and over location/finished receive minimal front-side disambiguation; all other PromptHint values remain blank and prior release-visible content is unchanged.
klose,4,KV000016,ce6587d8b6f6a7b7ed3c6e29b7fb124a4a81d437a885c9ff01b72adb3a5f008d,model-reviewed,2026-09-05,model,PromptHint migration reviewed: cook noun/verb and over location/finished receive minimal front-side disambiguation; all other PromptHint values remain blank and prior release-visible content is unchanged.
klose,4,KV000017,b0fd10cef36ebe88bab72a062bd044f8d0fab4c7fd5e96b7591ff71bfd92c531,model-reviewed,2026-09-05,model,PromptHint migration reviewed: cook noun/verb and over location/finished receive minimal front-side disambiguation; all other PromptHint values remain blank and prior release-visible content is unchanged.
klose,4,KV000018,c5f691d6ef42a2791c95b54b46f2814e03bd0fc6398e1b7f8edc0a1edd0b12ed,model-reviewed,2026-09-05,model,PromptHint migration reviewed: cook noun/verb and over location/finished receive minimal front-side disambiguation; all other PromptHint values remain blank and prior release-visible content is unchanged.
klose,4,KV000019,b009b67706671d3b28be83434d043cc2b2cfb0d2e09f141e7f174432862604fb,model-reviewed,2026-09-05,model,PromptHint migration reviewed: cook noun/verb and over location/finished receive minimal front-side disambiguation; all other PromptHint values remain blank and prior release-visible content is unchanged.
klose,4,KV000020,4bdbe1f982c7d06d8e187d18bc2303b36ccc3e6576ca8950df5ba9cb938d63de,model-reviewed,2026-09-05,model,PromptHint migration reviewed: cook noun/verb and over location/finished receive minimal front-side disambiguation; all other PromptHint values remain blank and prior release-visible content is unchanged.
klose,4,KV000021,55615f11e83e703a2bfa651007b335bf4e13efb41c4715529de6cfe2494aecc4,model-reviewed,2026-09-05,model,PromptHint migration reviewed: cook noun/verb and over location/finished receive minimal front-side disambiguation; all other PromptHint values remain blank and prior release-visible content is unchanged.
klose,4,KV000022,839bf7daedd7555680cbcd2422c1b4d4c25e669e6de2138910b9edd28aaee105,model-reviewed,2026-09-05,model,PromptHint migration reviewed: cook noun/verb and over location/finished receive minimal front-side disambiguation; all other PromptHint values remain blank and prior release-visible content is unchanged.
klose,4,KV000023,33316e812a20152a2cf960a3076b889c87a326ddd8b92606844ae951d38cd5f4,model-reviewed,2026-09-05,model,PromptHint migration reviewed: cook noun/verb and over location/finished receive minimal front-side disambiguation; all other PromptHint values remain blank and prior release-visible content is unchanged.
klose,4,KV000024,2f917a7bb68f7f2d13eab5f3964cddac304bf06a0001b9b30b2a5aea93557443,model-reviewed,2026-09-05,model,PromptHint migration reviewed: cook noun/verb and over location/finished receive minimal front-side disambiguation; all other PromptHint values remain blank and prior release-visible content is unchanged.
klose,4,KV000025,dffcec2789b6c056438d799cc271b87428a53fd9fc34fd5c6df3af186c3999ef,model-reviewed,2026-09-05,model,PromptHint migration reviewed: cook noun/verb and over location/finished receive minimal front-side disambiguation; all other PromptHint values remain blank and prior release-visible content is unchanged.
klose,4,KV000026,85a513e86f3e141d2a718a284981e6be303002d19e1faeb12a76ec978560737d,model-reviewed,2026-09-05,model,PromptHint migration reviewed: cook noun/verb and over location/finished receive minimal front-side disambiguation; all other PromptHint values remain blank and prior release-visible content is unchanged.
klose,4,KV000027,a937edc54d07fcc68c18872fedc3f562ec1258eda394d99040aea20b43e1c738,model-reviewed,2026-09-05,model,PromptHint migration reviewed: cook noun/verb and over location/finished receive minimal front-side disambiguation; all other PromptHint values remain blank and prior release-visible content is unchanged.
klose,4,KV000028,d002ca48ce7479fc9b551197716c68ff18e9d6e5c269db8bb619d1035876b8d7,model-reviewed,2026-09-05,model,PromptHint migration reviewed: cook noun/verb and over location/finished receive minimal front-side disambiguation; all other PromptHint values remain blank and prior release-visible content is unchanged.
klose,4,KV000029,c77ff294128051fb7181e62d29d36f2194112a7fadc1d5405b4f59fdf8374994,model-reviewed,2026-09-05,model,PromptHint migration reviewed: cook noun/verb and over location/finished receive minimal front-side disambiguation; all other PromptHint values remain blank and prior release-visible content is unchanged.
klose,4,KV000030,494ec0d673b5e7595dc82cdd50b84449a1b999cc0642383166fc77b4ee4ec1ed,model-reviewed,2026-09-05,model,PromptHint migration reviewed: cook noun/verb and over location/finished receive minimal front-side disambiguation; all other PromptHint values remain blank and prior release-visible content is unchanged.
klose,4,KV000031,13a354cb39109eb6cd29fd704c4296fea8811cea1e5d7ab70d8c75ff747b2d93,model-reviewed,2026-09-05,model,PromptHint migration reviewed: cook noun/verb and over location/finished receive minimal front-side disambiguation; all other PromptHint values remain blank and prior release-visible content is unchanged.
klose,4,KV000032,403770928581ccb3b78355a7850310fa163d12459109fd344ff46eff6ec0217b,model-reviewed,2026-09-05,model,PromptHint migration reviewed: cook noun/verb and over location/finished receive minimal front-side disambiguation; all other PromptHint values remain blank and prior release-visible content is unchanged.
klose,4,KV000033,754eb4742d657a3afbca0de24c7e415c367861b7b4b591abc9f9cbcdb7f06531,model-reviewed,2026-09-05,model,PromptHint migration reviewed: cook noun/verb and over location/finished receive minimal front-side disambiguation; all other PromptHint values remain blank and prior release-visible content is unchanged.
klose,4,KV000034,c029debac38bc346183b1152122951376b5a100a97b523afdbad0ebe5ae7434d,model-reviewed,2026-09-05,model,PromptHint migration reviewed: cook noun/verb and over location/finished receive minimal front-side disambiguation; all other PromptHint values remain blank and prior release-visible content is unchanged.
klose,4,KV000035,caa6121512506837b4922b4ea5dfb0b68810d300215ca58b83556d05c515cbce,model-reviewed,2026-09-05,model,PromptHint migration reviewed: cook noun/verb and over location/finished receive minimal front-side disambiguation; all other PromptHint values remain blank and prior release-visible content is unchanged.
klose,4,KV000036,f91992775d84cd1e262beb0a457b96de631ceabf53f060c353428c8f5216e3bb,model-reviewed,2026-09-05,model,PromptHint migration reviewed: cook noun/verb and over location/finished receive minimal front-side disambiguation; all other PromptHint values remain blank and prior release-visible content is unchanged.
klose,4,KV000037,98599afde71eb7654d634706069ab133e367bd14a4056c2d10a4b393247fb39f,model-reviewed,2026-09-05,model,PromptHint migration reviewed: cook noun/verb and over location/finished receive minimal front-side disambiguation; all other PromptHint values remain blank and prior release-visible content is unchanged.
klose,4,KV000038,53dd8b95e6b54fe9b3961828add2139e267baaac50ba28ec8241b62947639e15,model-reviewed,2026-09-05,model,PromptHint migration reviewed: cook noun/verb and over location/finished receive minimal front-side disambiguation; all other PromptHint values remain blank and prior release-visible content is unchanged.
klose,4,KV000039,7a2449de0c531a1427f423f4d342006b6d8fd1b5a304e7377764639f6b5cf985,model-reviewed,2026-09-05,model,PromptHint migration reviewed: cook noun/verb and over location/finished receive minimal front-side disambiguation; all other PromptHint values remain blank and prior release-visible content is unchanged.
klose,4,KV000040,34a495c9076d385c8e951da6ca01c5d14a78483bfcff5ec3ab11849fd55e9d79,model-reviewed,2026-09-05,model,PromptHint migration reviewed: cook noun/verb and over location/finished receive minimal front-side disambiguation; all other PromptHint values remain blank and prior release-visible content is unchanged.
klose,4,KV000041,b6231762ec7796acddd6a3e9d50245f1ef083b52dd4a13318c0bc301a0abc4e3,model-reviewed,2026-09-05,model,PromptHint migration reviewed: cook noun/verb and over location/finished receive minimal front-side disambiguation; all other PromptHint values remain blank and prior release-visible content is unchanged.
klose,4,KV000042,9ca9b7776380bd5a480bbd1884b24d893e7bdf217803f1bfff7e7129252287bf,model-reviewed,2026-09-05,model,PromptHint migration reviewed: cook noun/verb and over location/finished receive minimal front-side disambiguation; all other PromptHint values remain blank and prior release-visible content is unchanged.
klose,4,KV000043,4eb955dd76ead574c62e1b75c179ef43d1b9485e52038c5dd24a24cbd61297a5,model-reviewed,2026-09-05,model,PromptHint migration reviewed: cook noun/verb and over location/finished receive minimal front-side disambiguation; all other PromptHint values remain blank and prior release-visible content is unchanged.
klose,4,KV000044,65f8f0dcbb390a6c1f473cc235a90a3eeed09684f16927402f563a334f6e9587,model-reviewed,2026-09-05,model,PromptHint migration reviewed: cook noun/verb and over location/finished receive minimal front-side disambiguation; all other PromptHint values remain blank and prior release-visible content is unchanged.
klose,4,KV000045,45a24821357851205f9484dde4379046f19caf455645bef5def5f2387201863f,model-reviewed,2026-09-05,model,PromptHint migration reviewed: cook noun/verb and over location/finished receive minimal front-side disambiguation; all other PromptHint values remain blank and prior release-visible content is unchanged.
klose,4,KV000046,a160cdbdf8655cb4663e73c9286f5e4ae16fab2eb0400d4441b3ded4a5a4b892,model-reviewed,2026-09-05,model,PromptHint migration reviewed: cook noun/verb and over location/finished receive minimal front-side disambiguation; all other PromptHint values remain blank and prior release-visible content is unchanged.
klose,4,KV000047,57229638c4d7e0463c6ce1405dd784f13f00a07fb30bf15c55af64ce0c86ffc0,model-reviewed,2026-09-05,model,PromptHint migration reviewed: cook noun/verb and over location/finished receive minimal front-side disambiguation; all other PromptHint values remain blank and prior release-visible content is unchanged.
klose,4,KV000048,5e767073c4341f2053c72db8c36d62f04532a5599745b6d3e7587f06377705cc,model-reviewed,2026-09-05,model,PromptHint migration reviewed: cook noun/verb and over location/finished receive minimal front-side disambiguation; all other PromptHint values remain blank and prior release-visible content is unchanged.
klose,4,KV000049,637c45d6375e7a810ade52a2ceaae430e55cb29afcd4847539b6b5deab197ebe,model-reviewed,2026-09-05,model,PromptHint migration reviewed: cook noun/verb and over location/finished receive minimal front-side disambiguation; all other PromptHint values remain blank and prior release-visible content is unchanged.
klose,4,KV000050,33ab47052d6ce84baecd93e6a70d1cf28b22083e7a974782c97c0c9680adc4e0,model-reviewed,2026-09-05,model,PromptHint migration reviewed: cook noun/verb and over location/finished receive minimal front-side disambiguation; all other PromptHint values remain blank and prior release-visible content is unchanged.
klose,4,KV000051,20ac09a36814a68cfd2f045a895fc3de979183afb2b8ffed4034823ce7aba176,model-reviewed,2026-09-05,model,PromptHint migration reviewed: cook noun/verb and over location/finished receive minimal front-side disambiguation; all other PromptHint values remain blank and prior release-visible content is unchanged.
klose,4,KV000052,0cde8ad9335bfc5ed12b412346664834bee06f33ae017935ae0ba8c92d930456,model-reviewed,2026-09-05,model,PromptHint migration reviewed: cook noun/verb and over location/finished receive minimal front-side disambiguation; all other PromptHint values remain blank and prior release-visible content is unchanged.
klose,4,KV000053,8675dd97d4059fae74c1af0c24d2a2437a875c6e629b3a3fbbca47a458e8aa74,model-reviewed,2026-09-05,model,PromptHint migration reviewed: cook noun/verb and over location/finished receive minimal front-side disambiguation; all other PromptHint values remain blank and prior release-visible content is unchanged.
klose,4,KV000054,223fe36829af9808be7320e7ee2150b6631952de9a1a7977e3ca2dd38c8998dd,model-reviewed,2026-09-05,model,PromptHint migration reviewed: cook noun/verb and over location/finished receive minimal front-side disambiguation; all other PromptHint values remain blank and prior release-visible content is unchanged.
klose,4,KV000055,cf0aa6b1644d99f738dc47b97811b6e8452e65d7b4afdfe77b63cc2c759bf6fd,model-reviewed,2026-09-05,model,PromptHint migration reviewed: cook noun/verb and over location/finished receive minimal front-side disambiguation; all other PromptHint values remain blank and prior release-visible content is unchanged.
klose,4,KV000056,fc5776b424289c5bb2683693439eac1e1ba75c9c8998ba301c8a85761970c542,model-reviewed,2026-09-05,model,PromptHint migration reviewed: cook noun/verb and over location/finished receive minimal front-side disambiguation; all other PromptHint values remain blank and prior release-visible content is unchanged.
klose,4,KV000057,0d1d05b64fbc9748b9c1dba78fdc37dff334a73aece494e926b8c9fdc3c9b179,model-reviewed,2026-09-05,model,PromptHint migration reviewed: cook noun/verb and over location/finished receive minimal front-side disambiguation; all other PromptHint values remain blank and prior release-visible content is unchanged.
klose,4,KV000058,b4207071b80c1b9227b4a4a85e18381390157c1cea16051f98ed732d72772654,model-reviewed,2026-09-05,model,PromptHint migration reviewed: cook noun/verb and over location/finished receive minimal front-side disambiguation; all other PromptHint values remain blank and prior release-visible content is unchanged.
klose,4,KV000059,22fca99c72b648543ecd3a9b2661f146768a9aff89b01c66a87f9c4fe3b70176,model-reviewed,2026-09-05,model,PromptHint migration reviewed: cook noun/verb and over location/finished receive minimal front-side disambiguation; all other PromptHint values remain blank and prior release-visible content is unchanged.
klose,4,KV000060,9100062e231f47b0493d7d72c99c08b2a400ddee88c7f29c4f36ef977a0e6df2,model-reviewed,2026-09-05,model,PromptHint migration reviewed: cook noun/verb and over location/finished receive minimal front-side disambiguation; all other PromptHint values remain blank and prior release-visible content is unchanged.
klose,4,KV000061,3b2cb1212a9c3c56a2b09248a45ef1e5bd64b77b9f2dfff94229dd1465981e8e,model-reviewed,2026-09-05,model,PromptHint migration reviewed: cook noun/verb and over location/finished receive minimal front-side disambiguation; all other PromptHint values remain blank and prior release-visible content is unchanged.
klose,4,KV000062,315e88227dd871d4cf5668ee248379407b9e16274e02310391618284bce419ee,model-reviewed,2026-09-05,model,PromptHint migration reviewed: cook noun/verb and over location/finished receive minimal front-side disambiguation; all other PromptHint values remain blank and prior release-visible content is unchanged.
klose,4,KV000063,690d5a26725b70ebe0e7496a0868fe518384b95cdc071de8a16c78ff0ef09799,model-reviewed,2026-09-05,model,PromptHint migration reviewed: cook noun/verb and over location/finished receive minimal front-side disambiguation; all other PromptHint values remain blank and prior release-visible content is unchanged.
klose,4,KV000064,482fcab84fbcde234721fbc948b22094cea0e488ee03c75d3a60dd56a12d3144,model-reviewed,2026-09-05,model,PromptHint migration reviewed: cook noun/verb and over location/finished receive minimal front-side disambiguation; all other PromptHint values remain blank and prior release-visible content is unchanged.
klose,4,KV000065,be792001e4ae6e3eccf2fea27faef53fedc5f2bc6ed657773c7b6b47973e38b7,model-reviewed,2026-09-05,model,PromptHint migration reviewed: cook noun/verb and over location/finished receive minimal front-side disambiguation; all other PromptHint values remain blank and prior release-visible content is unchanged.
klose,4,KV000066,4d5cc459e8ed5474fbc1e80f6b478ca4fc5c0105e4325d1920e1a80c70b1d907,model-reviewed,2026-09-05,model,PromptHint migration reviewed: cook noun/verb and over location/finished receive minimal front-side disambiguation; all other PromptHint values remain blank and prior release-visible content is unchanged.
klose,4,KV000067,5489fd48e54ae44a378ef5482614258008a47d0949f404b22ab7298e1b48e4e5,model-reviewed,2026-09-05,model,PromptHint migration reviewed: cook noun/verb and over location/finished receive minimal front-side disambiguation; all other PromptHint values remain blank and prior release-visible content is unchanged.
klose,4,KV000068,4777fbaeb6f1cbfcab9e548806a1884585d6065c63c508c03856a8ad552e84e1,model-reviewed,2026-09-05,model,PromptHint migration reviewed: cook noun/verb and over location/finished receive minimal front-side disambiguation; all other PromptHint values remain blank and prior release-visible content is unchanged.
klose,4,KV000069,eac3057161e9d2f5c504c4014bf6709b27288973c4aa4aefb087f8381dcbc8ab,model-reviewed,2026-09-05,model,PromptHint migration reviewed: cook noun/verb and over location/finished receive minimal front-side disambiguation; all other PromptHint values remain blank and prior release-visible content is unchanged.
klose,4,KV000070,01ef4ebf5606a0fd27bf34e0f79d9ca55ad02bf36e3e4657df9c6903e5371854,model-reviewed,2026-09-05,model,PromptHint migration reviewed: cook noun/verb and over location/finished receive minimal front-side disambiguation; all other PromptHint values remain blank and prior release-visible content is unchanged.
klose,4,KV000071,31aa9050369b3bfe08f788239da3b31aeb882bfc18fbdfd64753074b0a39d8b4,model-reviewed,2026-09-05,model,PromptHint migration reviewed: cook noun/verb and over location/finished receive minimal front-side disambiguation; all other PromptHint values remain blank and prior release-visible content is unchanged.
klose,4,KV000072,159d4b62a100f81677f1a2f2d702b3d2d8fdfcb419103fe5e2996e9eed78cab8,model-reviewed,2026-09-05,model,PromptHint migration reviewed: cook noun/verb and over location/finished receive minimal front-side disambiguation; all other PromptHint values remain blank and prior release-visible content is unchanged.
klose,4,KV000073,2a7bf8c8ccadd1fd7d3f6bc9a6c3e8ceb75d2f6cd706449290e2cc1207e90003,model-reviewed,2026-09-05,model,PromptHint migration reviewed: cook noun/verb and over location/finished receive minimal front-side disambiguation; all other PromptHint values remain blank and prior release-visible content is unchanged.
klose,4,KV000074,b4bb148628a5da2e3a7d7c4a0a7e0751cbd096012631118872d3a343fdf702fe,model-reviewed,2026-09-05,model,PromptHint migration reviewed: cook noun/verb and over location/finished receive minimal front-side disambiguation; all other PromptHint values remain blank and prior release-visible content is unchanged.
klose,4,KV000075,eafcbdb11513ca552848295a0e4f7471e2c92c3e218ddb9c28800056df20cbc7,model-reviewed,2026-09-05,model,PromptHint migration reviewed: cook noun/verb and over location/finished receive minimal front-side disambiguation; all other PromptHint values remain blank and prior release-visible content is unchanged.
klose,4,KV000076,1e76e94e80f89f355999147c1a000c45508a9a63406ca460b2f50a1e0548f2b9,model-reviewed,2026-09-05,model,PromptHint migration reviewed: cook noun/verb and over location/finished receive minimal front-side disambiguation; all other PromptHint values remain blank and prior release-visible content is unchanged.
klose,4,KV000077,7d165e0836cfb140df055b3e2635304e20e9e0ad287a08c4efc8d24387f4189e,model-reviewed,2026-09-05,model,PromptHint migration reviewed: cook noun/verb and over location/finished receive minimal front-side disambiguation; all other PromptHint values remain blank and prior release-visible content is unchanged.
klose,4,KV000078,64c2c7b2c120b0913bbf938e69658c8cb927800a6b3892dc52b2d9a1b9a9fcda,model-reviewed,2026-09-05,model,PromptHint migration reviewed: cook noun/verb and over location/finished receive minimal front-side disambiguation; all other PromptHint values remain blank and prior release-visible content is unchanged.
klose,4,KV000079,bffb57c3dd0420ff04f8f478f5af47850d8cd3fe76739611743d64afbeb375f0,model-reviewed,2026-09-05,model,PromptHint migration reviewed: cook noun/verb and over location/finished receive minimal front-side disambiguation; all other PromptHint values remain blank and prior release-visible content is unchanged.
klose,4,KV000080,83a3cab31628e266e6e4e83fc57aec7b801788fca1b9f5b1c18db0cc4376b32f,model-reviewed,2026-09-05,model,PromptHint migration reviewed: cook noun/verb and over location/finished receive minimal front-side disambiguation; all other PromptHint values remain blank and prior release-visible content is unchanged.
klose,4,KV000081,c75b773d28feb6b6de814dfc4ecd2d5e9dfaf8ef76d21ad3d5f2b92633e1a56f,model-reviewed,2026-09-05,model,PromptHint migration reviewed: cook noun/verb and over location/finished receive minimal front-side disambiguation; all other PromptHint values remain blank and prior release-visible content is unchanged.
klose,4,KV000082,55a6c97efb8d1f345be86929a7d9eb5ede68a58bea20915cf48d39c809fc3c9f,model-reviewed,2026-09-05,model,PromptHint migration reviewed: cook noun/verb and over location/finished receive minimal front-side disambiguation; all other PromptHint values remain blank and prior release-visible content is unchanged.
klose,4,KV000083,a4e5ee6fb67f080a34ac3c5c8a97fd0b6976c1924c2045930cc878d6eb6eca80,model-reviewed,2026-09-05,model,PromptHint migration reviewed: cook noun/verb and over location/finished receive minimal front-side disambiguation; all other PromptHint values remain blank and prior release-visible content is unchanged.
klose,4,KV000084,1bfaed7a298bd2a3c7922416cb8a5971a673f2322ae1a8c0716bd58bbf48e546,model-reviewed,2026-09-05,model,PromptHint migration reviewed: cook noun/verb and over location/finished receive minimal front-side disambiguation; all other PromptHint values remain blank and prior release-visible content is unchanged.
klose,4,KV000085,6bd4719f90d5d77903674b4960016763b5d286ccb3a4298ce7e3051c6b85125e,model-reviewed,2026-09-05,model,PromptHint migration reviewed: cook noun/verb and over location/finished receive minimal front-side disambiguation; all other PromptHint values remain blank and prior release-visible content is unchanged.
klose,4,KV000086,43547dde87ed77a5180e113afaab7f0504dfb1f723457356747a779a388b0dd3,model-reviewed,2026-09-05,model,PromptHint migration reviewed: cook noun/verb and over location/finished receive minimal front-side disambiguation; all other PromptHint values remain blank and prior release-visible content is unchanged.
klose,4,KV000087,3f7ec5ead1c752ccf78b05e513d770a6b1eb466e878be877695519df03bae5a9,model-reviewed,2026-09-05,model,PromptHint migration reviewed: cook noun/verb and over location/finished receive minimal front-side disambiguation; all other PromptHint values remain blank and prior release-visible content is unchanged.
klose,4,KV000088,be812c8e0f9d0f9de231716db4e0ca90fc2056d52206f703e210a5c16aecf68b,model-reviewed,2026-09-05,model,PromptHint migration reviewed: cook noun/verb and over location/finished receive minimal front-side disambiguation; all other PromptHint values remain blank and prior release-visible content is unchanged.
klose,4,KV000089,6919a21e4575063e9521042f86b067c3b378b14b5d6b84a6ec3eb21114c56507,model-reviewed,2026-09-05,model,PromptHint migration reviewed: cook noun/verb and over location/finished receive minimal front-side disambiguation; all other PromptHint values remain blank and prior release-visible content is unchanged.
klose,4,KV000090,3683f6078ba91d2eed9dc00c571ccd004436c9852f8d7a346c29df3c13b9fb55,model-reviewed,2026-09-05,model,PromptHint migration reviewed: cook noun/verb and over location/finished receive minimal front-side disambiguation; all other PromptHint values remain blank and prior release-visible content is unchanged.
klose,4,KV000091,d6413009794f24f626af9f51be6219e1370b5f9c93145b748641537a316875cc,model-reviewed,2026-09-05,model,PromptHint migration reviewed: cook noun/verb and over location/finished receive minimal front-side disambiguation; all other PromptHint values remain blank and prior release-visible content is unchanged.
klose,4,KV000092,e61295cb022dde0b2fa9f1946f7e76157980e79e3c1621885d7119e9a5b5fe4f,model-reviewed,2026-09-05,model,PromptHint migration reviewed: cook noun/verb and over location/finished receive minimal front-side disambiguation; all other PromptHint values remain blank and prior release-visible content is unchanged.
klose,4,KV000093,3edb5f155b2a98866571d6750eb525ddf804c1cea0ce0000aa265c9f7ccf64af,model-reviewed,2026-09-05,model,PromptHint migration reviewed: cook noun/verb and over location/finished receive minimal front-side disambiguation; all other PromptHint values remain blank and prior release-visible content is unchanged.
klose,4,KV000094,01412539f113a0149511ddfb3de95aa7e34b4c7acb5098b4b5eb160482667990,model-reviewed,2026-09-05,model,PromptHint migration reviewed: cook noun/verb and over location/finished receive minimal front-side disambiguation; all other PromptHint values remain blank and prior release-visible content is unchanged.
klose,4,KV000095,062a3d4e9a2ad824f090adaa88bcd3b022a352d6bfb2fd38d0de15303d4044b0,model-reviewed,2026-09-05,model,PromptHint migration reviewed: cook noun/verb and over location/finished receive minimal front-side disambiguation; all other PromptHint values remain blank and prior release-visible content is unchanged.
klose,4,KV000096,92ed72bb07ba92d24d634243f5461dfffccaa6db31620a1c0c6931d9a161d83e,model-reviewed,2026-09-05,model,PromptHint migration reviewed: cook noun/verb and over location/finished receive minimal front-side disambiguation; all other PromptHint values remain blank and prior release-visible content is unchanged.
klose,4,KV000097,1536fcccd4e88179a976e2f75df373713f312cfedfcdc18c54ca252fab70355f,model-reviewed,2026-09-05,model,PromptHint migration reviewed: cook noun/verb and over location/finished receive minimal front-side disambiguation; all other PromptHint values remain blank and prior release-visible content is unchanged.
klose,4,KV000098,96e555c0f26421e1406c74f99d305e486f6ff27cba19bacdc638273152fa0722,model-reviewed,2026-09-05,model,PromptHint migration reviewed: cook noun/verb and over location/finished receive minimal front-side disambiguation; all other PromptHint values remain blank and prior release-visible content is unchanged.
klose,4,KV000099,8e44956bcfc109fc603c8b26a53da959ceea48394e37e409bf68a056a114671b,model-reviewed,2026-09-05,model,PromptHint migration reviewed: cook noun/verb and over location/finished receive minimal front-side disambiguation; all other PromptHint values remain blank and prior release-visible content is unchanged.
klose,4,KV000100,351f5bb50c18662f9fb67655e33e35ea8ab78ee4074ad153a2ec1bab07ccc8c1,model-reviewed,2026-09-05,model,PromptHint migration reviewed: cook noun/verb and over location/finished receive minimal front-side disambiguation; all other PromptHint values remain blank and prior release-visible content is unchanged.
klose,4,KV000101,77d102d34410210b8a059db133b5afea045fa7212b7ca0ee88c7b2d8078e1ffd,model-reviewed,2026-09-05,model,PromptHint migration reviewed: cook noun/verb and over location/finished receive minimal front-side disambiguation; all other PromptHint values remain blank and prior release-visible content is unchanged.
klose,4,KV000102,01abad324c35797d8eabfb18dbda1b534a9ace7d196d8be3dd442a37589f1f0d,model-reviewed,2026-09-05,model,PromptHint migration reviewed: cook noun/verb and over location/finished receive minimal front-side disambiguation; all other PromptHint values remain blank and prior release-visible content is unchanged.
klose,4,KV000103,86f1fefc198ac02591528f55ff3c427c4e51d2d9681d3745567b1a6f0c5f52b8,model-reviewed,2026-09-05,model,PromptHint migration reviewed: cook noun/verb and over location/finished receive minimal front-side disambiguation; all other PromptHint values remain blank and prior release-visible content is unchanged.
klose,4,KV000104,b25b7d852f1dd4132ef0a7e63af216024d5e0dd9ad04ecf7c07b1056d126eb03,model-reviewed,2026-09-05,model,PromptHint migration reviewed: cook noun/verb and over location/finished receive minimal front-side disambiguation; all other PromptHint values remain blank and prior release-visible content is unchanged.
klose,4,KV000105,8378c4a2bd50ad1331cd47eb920db4527acc066157f30dae452c73d99d9f53c5,model-reviewed,2026-09-05,model,PromptHint migration reviewed: cook noun/verb and over location/finished receive minimal front-side disambiguation; all other PromptHint values remain blank and prior release-visible content is unchanged.
klose,4,KV000106,8528ae1fe058210d1087ad834bd070920679cbdb2fea2d60e1a5cba4b4757de0,model-reviewed,2026-09-05,model,PromptHint migration reviewed: cook noun/verb and over location/finished receive minimal front-side disambiguation; all other PromptHint values remain blank and prior release-visible content is unchanged.
klose,4,KV000107,20ee1e64c9a375b0d3c1c49bd3c22b02a2891b9479cf37d17bb87f275a31f324,model-reviewed,2026-09-05,model,PromptHint migration reviewed: cook noun/verb and over location/finished receive minimal front-side disambiguation; all other PromptHint values remain blank and prior release-visible content is unchanged.
klose,4,KV000108,0563ca6468f3965675a6730fea41731bcbb15464a147f1ee6c3f4a58b7422c8d,model-reviewed,2026-09-05,model,PromptHint migration reviewed: cook noun/verb and over location/finished receive minimal front-side disambiguation; all other PromptHint values remain blank and prior release-visible content is unchanged.
klose,4,KV000109,3d40d9ca6237e8a918c257a6260b8536a7c0efb4df9fa33ecd7a5140c4052b9d,model-reviewed,2026-09-05,model,PromptHint migration reviewed: cook noun/verb and over location/finished receive minimal front-side disambiguation; all other PromptHint values remain blank and prior release-visible content is unchanged.
klose,4,KV000110,ea764b6aee3cf499f4ade61d76a7f9da7756a8c784a8f570e3b2aa410f5636a3,model-reviewed,2026-09-05,model,PromptHint migration reviewed: cook noun/verb and over location/finished receive minimal front-side disambiguation; all other PromptHint values remain blank and prior release-visible content is unchanged.
klose,4,KV000111,5a170e367d2741e6e7eae0aef54ef2e7c105f7720b3f0742fc89b1e41a9a1398,model-reviewed,2026-09-05,model,PromptHint migration reviewed: cook noun/verb and over location/finished receive minimal front-side disambiguation; all other PromptHint values remain blank and prior release-visible content is unchanged.
klose,4,KV000112,706bac458605882bbff46a28f9f691059028178c03f00a3b224e760dbaee0726,model-reviewed,2026-09-05,model,PromptHint migration reviewed: cook noun/verb and over location/finished receive minimal front-side disambiguation; all other PromptHint values remain blank and prior release-visible content is unchanged.
klose,4,KV000113,b916318c459c0f5c9e779a071da504281c1c877047b0afd44ce6a564253dd59e,model-reviewed,2026-09-05,model,PromptHint migration reviewed: cook noun/verb and over location/finished receive minimal front-side disambiguation; all other PromptHint values remain blank and prior release-visible content is unchanged.
klose,4,KV000114,882f124973fe4bae7d5b1baa7d7bfdba84f26a3a6f10d32c848a45fa97ed4ac6,model-reviewed,2026-09-05,model,PromptHint migration reviewed: cook noun/verb and over location/finished receive minimal front-side disambiguation; all other PromptHint values remain blank and prior release-visible content is unchanged.
klose,4,KV000115,f6c3d669bb5622f32c5a646025afe2e671d110de88fd505008c6cddfba63e6ea,model-reviewed,2026-09-05,model,PromptHint migration reviewed: cook noun/verb and over location/finished receive minimal front-side disambiguation; all other PromptHint values remain blank and prior release-visible content is unchanged.
klose,4,KV000116,0650d4dfa7af341b468a0f32eaea681de9d8ee930a7801b8ebb69628e36b3271,model-reviewed,2026-09-05,model,PromptHint migration reviewed: cook noun/verb and over location/finished receive minimal front-side disambiguation; all other PromptHint values remain blank and prior release-visible content is unchanged.
klose,4,KV000117,b8382b4704667548bd0da18280859ad371d902b48a21f3130e136eb7bfd82a64,model-reviewed,2026-09-05,model,PromptHint migration reviewed: cook noun/verb and over location/finished receive minimal front-side disambiguation; all other PromptHint values remain blank and prior release-visible content is unchanged.
klose,4,KV000118,9936e2834aa4f6834e3d5390ba035bd3ded655329eeb2f33e129cda411cdc93f,model-reviewed,2026-09-05,model,PromptHint migration reviewed: cook noun/verb and over location/finished receive minimal front-side disambiguation; all other PromptHint values remain blank and prior release-visible content is unchanged.
klose,4,KV000119,3fafaf9bf865458d89d57b7c6711d8cda52417a2d7c1dff80bc99f988bcf5898,model-reviewed,2026-09-05,model,PromptHint migration reviewed: cook noun/verb and over location/finished receive minimal front-side disambiguation; all other PromptHint values remain blank and prior release-visible content is unchanged.
klose,4,KV000120,3f90a12dfe864251ac26f5c5381abbf70e488d9fb0a0e9075275346dc372a247,model-reviewed,2026-09-05,model,PromptHint migration reviewed: cook noun/verb and over location/finished receive minimal front-side disambiguation; all other PromptHint values remain blank and prior release-visible content is unchanged.
klose,4,KV000121,8d356098ef5c185f738c9cb799f691789eddcd4dfa3fd3f6ca3b70fa80ea631f,model-reviewed,2026-09-05,model,PromptHint migration reviewed: cook noun/verb and over location/finished receive minimal front-side disambiguation; all other PromptHint values remain blank and prior release-visible content is unchanged.
klose,4,KV000122,c2436279f287d488167a1724357d31e5555468985dcffdf3b42b701d0e41ede6,model-reviewed,2026-09-05,model,PromptHint migration reviewed: cook noun/verb and over location/finished receive minimal front-side disambiguation; all other PromptHint values remain blank and prior release-visible content is unchanged.
klose,4,KV000123,7991d1e775e6ee83bc471ba91cf3845aeee9ceef7a622d5b4cc2782c65f209e1,model-reviewed,2026-09-05,model,PromptHint migration reviewed: cook noun/verb and over location/finished receive minimal front-side disambiguation; all other PromptHint values remain blank and prior release-visible content is unchanged.
klose,4,KV000124,2823873d5711214359644e7c42b46ee461f0d5dfb52ea9d5338e8e7038bf1d77,model-reviewed,2026-09-05,model,PromptHint migration reviewed: cook noun/verb and over location/finished receive minimal front-side disambiguation; all other PromptHint values remain blank and prior release-visible content is unchanged.
klose,4,KV000125,2b74755dc5c8afa51c0bb2205ad3cc7373d9e9acc1c8515f2ba0b754ba6028ea,model-reviewed,2026-09-05,model,PromptHint migration reviewed: cook noun/verb and over location/finished receive minimal front-side disambiguation; all other PromptHint values remain blank and prior release-visible content is unchanged.
klose,4,KV000126,11a1bc8c2fbc990c93b0cde8ee44fa87b2a6b247fbb9553783978ebd85f2bef5,model-reviewed,2026-09-05,model,PromptHint migration reviewed: cook noun/verb and over location/finished receive minimal front-side disambiguation; all other PromptHint values remain blank and prior release-visible content is unchanged.
klose,4,KV000127,d0d8cada9087d8aa9dec91b11f272743cf3cb4fde47f98158d823593d583112d,model-reviewed,2026-09-05,model,PromptHint migration reviewed: cook noun/verb and over location/finished receive minimal front-side disambiguation; all other PromptHint values remain blank and prior release-visible content is unchanged.
klose,4,KV000128,507aaf7481e3df025155c3c82bf028dfdb7568b0e4dc9de2e1262248779c2e77,model-reviewed,2026-09-05,model,PromptHint migration reviewed: cook noun/verb and over location/finished receive minimal front-side disambiguation; all other PromptHint values remain blank and prior release-visible content is unchanged.
klose,4,KV000129,5be8e14294ff4fcea68ac67059167cc641b911c90a1a6eedf13f64dfeeff042e,model-reviewed,2026-09-05,model,PromptHint migration reviewed: cook noun/verb and over location/finished receive minimal front-side disambiguation; all other PromptHint values remain blank and prior release-visible content is unchanged.
klose,4,KV000130,ea2531161af1adb352a149202904d0c895f3f96d337b46f806514270637a6324,model-reviewed,2026-09-05,model,PromptHint migration reviewed: cook noun/verb and over location/finished receive minimal front-side disambiguation; all other PromptHint values remain blank and prior release-visible content is unchanged.
klose,4,KV000131,7545b3297e7ba03d6c1b7aca96399bcffa93de6cbe7c39fc63d0bdc30226809b,model-reviewed,2026-09-05,model,PromptHint migration reviewed: cook noun/verb and over location/finished receive minimal front-side disambiguation; all other PromptHint values remain blank and prior release-visible content is unchanged.
klose,4,KV000132,4d6a1b8457f3cd72137ca57392f913b0440cd92905df2cdab78b7a19e4aeef5c,model-reviewed,2026-09-05,model,PromptHint migration reviewed: cook noun/verb and over location/finished receive minimal front-side disambiguation; all other PromptHint values remain blank and prior release-visible content is unchanged.
klose,4,KV000133,5dabf457c0979a7968c42a400e12a1db281949ee759662e72d516c01e4f7b559,model-reviewed,2026-09-05,model,PromptHint migration reviewed: cook noun/verb and over location/finished receive minimal front-side disambiguation; all other PromptHint values remain blank and prior release-visible content is unchanged.
klose,4,KV000134,7e867f3a5cd6d83aaa7ce8250d2964249f60f866d30f2f3e661fca8d47fc107d,model-reviewed,2026-09-05,model,PromptHint migration reviewed: cook noun/verb and over location/finished receive minimal front-side disambiguation; all other PromptHint values remain blank and prior release-visible content is unchanged.
klose,4,KV000135,324b916c02c5b32ff0dc8ea575b196863854ce9326ea8aea0172a7f48e498566,model-reviewed,2026-09-05,model,PromptHint migration reviewed: cook noun/verb and over location/finished receive minimal front-side disambiguation; all other PromptHint values remain blank and prior release-visible content is unchanged.
klose,4,KV000136,163883edaabbe743a0d73595070576532a9a0cbc9304f26f891d58204f268e04,model-reviewed,2026-09-05,model,PromptHint migration reviewed: cook noun/verb and over location/finished receive minimal front-side disambiguation; all other PromptHint values remain blank and prior release-visible content is unchanged.
klose,4,KV000137,23198a3aa22bc2071b022f35a86d15cdb947369795ffb63216a61ca07fe2993b,model-reviewed,2026-09-05,model,PromptHint migration reviewed: cook noun/verb and over location/finished receive minimal front-side disambiguation; all other PromptHint values remain blank and prior release-visible content is unchanged.
klose,4,KV000138,10f30c66d33e8dec9922c402fb53139c06b161676ead06237ce6a5fe58000ac0,model-reviewed,2026-09-05,model,PromptHint migration reviewed: cook noun/verb and over location/finished receive minimal front-side disambiguation; all other PromptHint values remain blank and prior release-visible content is unchanged.
klose,4,KV000139,bce7e5692ba1586951dc6b17cceac87ac43a3d3b3692639e472a974c478b1501,model-reviewed,2026-09-05,model,PromptHint migration reviewed: cook noun/verb and over location/finished receive minimal front-side disambiguation; all other PromptHint values remain blank and prior release-visible content is unchanged.
klose,4,KV000140,c9833e9a6e0e24556211eb8841cd79ebcb3a161a2bc2eafbf9fb54bfe2a767c6,model-reviewed,2026-09-05,model,PromptHint migration reviewed: cook noun/verb and over location/finished receive minimal front-side disambiguation; all other PromptHint values remain blank and prior release-visible content is unchanged.
klose,4,KV000141,98e33f7d3feab7488abeec53c9425deb53d8a055d53006341fc234c25f5b6ab8,model-reviewed,2026-09-05,model,PromptHint migration reviewed: cook noun/verb and over location/finished receive minimal front-side disambiguation; all other PromptHint values remain blank and prior release-visible content is unchanged.
klose,4,KV000142,c8322475251e5ae22a171fa5ac93e0a7968ec45fa34d2ead3fc7f45248fa6ed9,model-reviewed,2026-09-05,model,PromptHint migration reviewed: cook noun/verb and over location/finished receive minimal front-side disambiguation; all other PromptHint values remain blank and prior release-visible content is unchanged.
klose,4,KV000143,55a0c02ae8fceb6982e2f92efc264a2b91a194ac79096b29a0a070895fac08e4,model-reviewed,2026-09-05,model,PromptHint migration reviewed: cook noun/verb and over location/finished receive minimal front-side disambiguation; all other PromptHint values remain blank and prior release-visible content is unchanged.
klose,4,KV000144,e6cfa2a6eb2e1ae6799f0860896096c8410c9b700a61ec7af1a3b2ef33dd5f76,model-reviewed,2026-09-05,model,PromptHint migration reviewed: cook noun/verb and over location/finished receive minimal front-side disambiguation; all other PromptHint values remain blank and prior release-visible content is unchanged.
klose,4,KV000145,f1fd4ab70393df572cad777913f81685f536afafd6f5d2df503ffaf965543148,model-reviewed,2026-09-05,model,PromptHint migration reviewed: cook noun/verb and over location/finished receive minimal front-side disambiguation; all other PromptHint values remain blank and prior release-visible content is unchanged.
klose,4,KV000146,acad123a16798e23ba5a78d493c94657b4dfb929188f20ad5f6c13d1d9dc2f82,model-reviewed,2026-09-05,model,PromptHint migration reviewed: cook noun/verb and over location/finished receive minimal front-side disambiguation; all other PromptHint values remain blank and prior release-visible content is unchanged.
klose,4,KV000147,03241991fc6c0dce50d0c5c4553123ac90bbf2e3dfcf8596fb20b0113f189b98,model-reviewed,2026-09-05,model,PromptHint migration reviewed: cook noun/verb and over location/finished receive minimal front-side disambiguation; all other PromptHint values remain blank and prior release-visible content is unchanged.
klose,4,KV000148,6e9f1df56a251515fb69f740071d25b7e8967af12ef8b37c9fe690f13dbd757a,model-reviewed,2026-09-05,model,PromptHint migration reviewed: cook noun/verb and over location/finished receive minimal front-side disambiguation; all other PromptHint values remain blank and prior release-visible content is unchanged.
klose,4,KV000149,8fb72cd07836570f677a964c0e396b5240054fe524e25f8cac1446de81469077,model-reviewed,2026-09-05,model,PromptHint migration reviewed: cook noun/verb and over location/finished receive minimal front-side disambiguation; all other PromptHint values remain blank and prior release-visible content is unchanged.
klose,4,KV000150,3fdbb6846f93d6c198c22211ccc7788a6d982a17fe1869d01a3a68d26f802c83,model-reviewed,2026-09-05,model,PromptHint migration reviewed: cook noun/verb and over location/finished receive minimal front-side disambiguation; all other PromptHint values remain blank and prior release-visible content is unchanged.
klose,4,KV000151,91a5f1f0c42cf50e85362dc1cba1064cfa7a272b2ec4b8bde175ad96bf69c687,model-reviewed,2026-09-05,model,PromptHint migration reviewed: cook noun/verb and over location/finished receive minimal front-side disambiguation; all other PromptHint values remain blank and prior release-visible content is unchanged.
klose,4,KV000152,fa8f4cda6406181d0c8f204fdbec50dccc67ae481291cc9609badc653a233dc4,model-reviewed,2026-09-05,model,PromptHint migration reviewed: cook noun/verb and over location/finished receive minimal front-side disambiguation; all other PromptHint values remain blank and prior release-visible content is unchanged.
klose,4,KV000153,666005d5e017e00b6095c3e8af884ec60f90f3f512c98a9089a43263464d52f8,model-reviewed,2026-09-05,model,PromptHint migration reviewed: cook noun/verb and over location/finished receive minimal front-side disambiguation; all other PromptHint values remain blank and prior release-visible content is unchanged.
klose,4,KV000154,f098bc404392461b8883509ffa7102c218fb5eecd01ccaf8e3b522e7025d9529,model-reviewed,2026-09-05,model,PromptHint migration reviewed: cook noun/verb and over location/finished receive minimal front-side disambiguation; all other PromptHint values remain blank and prior release-visible content is unchanged.
klose,4,KV000155,d6e85fc91c44d63d65bada73fb2574cccaf94fcbe8ddfb0d8cd4e584d639ebde,model-reviewed,2026-09-05,model,PromptHint migration reviewed: cook noun/verb and over location/finished receive minimal front-side disambiguation; all other PromptHint values remain blank and prior release-visible content is unchanged.
klose,4,KV000156,18824a557bcdeb1d6ca7bd0a2cc24ef62cc66d52c9ab856c9327af27ed545ca3,model-reviewed,2026-09-05,model,PromptHint migration reviewed: cook noun/verb and over location/finished receive minimal front-side disambiguation; all other PromptHint values remain blank and prior release-visible content is unchanged.
klose,4,KV000157,f5b30122b667852129d4f8592f1b3b23c2a129844f1f484284c0db5da1a5bbfb,model-reviewed,2026-09-05,model,PromptHint migration reviewed: cook noun/verb and over location/finished receive minimal front-side disambiguation; all other PromptHint values remain blank and prior release-visible content is unchanged.
klose,4,KV000158,67409d7ace2cead3fccbf5ce7514d884145939a4d5989fb7bb5f2f270c658439,model-reviewed,2026-09-10,model,"Full model semantic review of 288 active Grade 5-6 new Notes plus 55 focused reused/fingerprint-invalidated Notes; review corrections validated by learner-content, auxiliary-vocabulary, current-merge and full Vocabulary gates."
klose,4,KV000159,553458b982b6e70db9ccbac0f58955f5850a7a53177854519db517c916f79b26,model-reviewed,2026-09-05,model,PromptHint migration reviewed: cook noun/verb and over location/finished receive minimal front-side disambiguation; all other PromptHint values remain blank and prior release-visible content is unchanged.
klose,4,KV000160,db0430daa8600ed231e971768184e1070fd3d664972a3ce06b6fe9ba6c7953e3,model-reviewed,2026-09-05,model,PromptHint migration reviewed: cook noun/verb and over location/finished receive minimal front-side disambiguation; all other PromptHint values remain blank and prior release-visible content is unchanged.
klose,4,KV000161,e233e4b4fe414f41162390dbf5c87d63c034324c64d2dc7676c570d00847809e,model-reviewed,2026-09-05,model,PromptHint migration reviewed: cook noun/verb and over location/finished receive minimal front-side disambiguation; all other PromptHint values remain blank and prior release-visible content is unchanged.
klose,4,KV000162,4017312c061004e13843e6775164168cf22aeb4d31296d572b854850fe5ff5c6,model-reviewed,2026-09-05,model,PromptHint migration reviewed: cook noun/verb and over location/finished receive minimal front-side disambiguation; all other PromptHint values remain blank and prior release-visible content is unchanged.
klose,4,KV000163,1a2403e14a1e2bf1ad258315902a8fc5c940efb26403d21a05a58b8fac1f2d65,model-reviewed,2026-09-05,model,PromptHint migration reviewed: cook noun/verb and over location/finished receive minimal front-side disambiguation; all other PromptHint values remain blank and prior release-visible content is unchanged.
klose,4,KV000164,7485bcf6ef993fa8919aeb6038a112c292c2a8b6cc6cf5dac0d4f02183908eee,model-reviewed,2026-09-05,model,PromptHint migration reviewed: cook noun/verb and over location/finished receive minimal front-side disambiguation; all other PromptHint values remain blank and prior release-visible content is unchanged.
klose,4,KV000165,c4df8cc51da48ea897ef6a2e39f42df28393fc7c61d9f2ca74e9d2ea26de53a1,model-reviewed,2026-09-05,model,PromptHint migration reviewed: cook noun/verb and over location/finished receive minimal front-side disambiguation; all other PromptHint values remain blank and prior release-visible content is unchanged.
klose,4,KV000166,17198fdad57c5bcf76060d81562488298461cdc420e91fbccc6ca056bb0e6213,model-reviewed,2026-09-05,model,PromptHint migration reviewed: cook noun/verb and over location/finished receive minimal front-side disambiguation; all other PromptHint values remain blank and prior release-visible content is unchanged.
klose,4,KV000167,41c4532c706c274727fbb654e39676250956e08c518dc87e71dbaa9706736c68,model-reviewed,2026-09-05,model,PromptHint migration reviewed: cook noun/verb and over location/finished receive minimal front-side disambiguation; all other PromptHint values remain blank and prior release-visible content is unchanged.
klose,4,KV000168,58396e7f5966f90b83cae308757d91b5a244c4287a5f7d050f0a65c4813515dc,model-reviewed,2026-09-05,model,PromptHint migration reviewed: cook noun/verb and over location/finished receive minimal front-side disambiguation; all other PromptHint values remain blank and prior release-visible content is unchanged.
klose,4,KV000169,7dc78be2f7e6901030585b2e614006f7e4cb2a00e7f0749d3d1bfbfea802702e,model-reviewed,2026-09-05,model,PromptHint migration reviewed: cook noun/verb and over location/finished receive minimal front-side disambiguation; all other PromptHint values remain blank and prior release-visible content is unchanged.
klose,4,KV000170,77805ca1310370b34b9d60fceb082bdb5ce41be81f8aaf514adfa707a2436689,model-reviewed,2026-09-05,model,PromptHint migration reviewed: cook noun/verb and over location/finished receive minimal front-side disambiguation; all other PromptHint values remain blank and prior release-visible content is unchanged.
klose,4,KV000171,daf40eb5f9f641cc386871e13f583d44446d443408b72f7e4cdc4506b6a5856f,model-reviewed,2026-09-05,model,PromptHint migration reviewed: cook noun/verb and over location/finished receive minimal front-side disambiguation; all other PromptHint values remain blank and prior release-visible content is unchanged.
klose,4,KV000172,fe1c8697e9c6542c6f5521b04496803204764528e5190c54b64c3a9fa127f50d,model-reviewed,2026-09-05,model,PromptHint migration reviewed: cook noun/verb and over location/finished receive minimal front-side disambiguation; all other PromptHint values remain blank and prior release-visible content is unchanged.
klose,4,KV000173,6992e4a1ebad668fbdb3a30309137568e681df4a5e495ea0f392c1a654ee2f7a,model-reviewed,2026-09-05,model,PromptHint migration reviewed: cook noun/verb and over location/finished receive minimal front-side disambiguation; all other PromptHint values remain blank and prior release-visible content is unchanged.
klose,4,KV000174,26be33cd24be67188327ba8e213f6ef24e2c56cf05b4eb15ca94f9695e46efb8,model-reviewed,2026-09-05,model,PromptHint migration reviewed: cook noun/verb and over location/finished receive minimal front-side disambiguation; all other PromptHint values remain blank and prior release-visible content is unchanged.
klose,4,KV000175,b0fad4bbd5ba545c68a8e147a80593ec10a41b982e6890339baac4639459e496,model-reviewed,2026-09-05,model,PromptHint migration reviewed: cook noun/verb and over location/finished receive minimal front-side disambiguation; all other PromptHint values remain blank and prior release-visible content is unchanged.
klose,4,KV000176,66e0d6405b2dbdc1d67ebe751980a6ab09a5d3473bf33675831eaa346727965b,model-reviewed,2026-09-05,model,PromptHint migration reviewed: cook noun/verb and over location/finished receive minimal front-side disambiguation; all other PromptHint values remain blank and prior release-visible content is unchanged.
klose,4,KV000177,d086c56f108052fff12505a7ab47dd4caf6a734422e84befcab3586ac00ebf9a,model-reviewed,2026-09-05,model,PromptHint migration reviewed: cook noun/verb and over location/finished receive minimal front-side disambiguation; all other PromptHint values remain blank and prior release-visible content is unchanged.
klose,4,KV000178,9eb179890c1ae8c72da9fedb4cfecf9019980d2d1174ddff8c8946fc292a1aa5,model-reviewed,2026-09-05,model,PromptHint migration reviewed: cook noun/verb and over location/finished receive minimal front-side disambiguation; all other PromptHint values remain blank and prior release-visible content is unchanged.
klose,4,KV000179,8dae92999cdcab5f17f2c691d373f0b8990cbb8046d73242daf08a5ee19a76a4,model-reviewed,2026-09-05,model,PromptHint migration reviewed: cook noun/verb and over location/finished receive minimal front-side disambiguation; all other PromptHint values remain blank and prior release-visible content is unchanged.
klose,4,KV000180,e48c891a285321c41bfafa4bb49fd60c9f7bf3aa35f08946b557bbc2714d7cb0,model-reviewed,2026-09-05,model,PromptHint migration reviewed: cook noun/verb and over location/finished receive minimal front-side disambiguation; all other PromptHint values remain blank and prior release-visible content is unchanged.
klose,4,KV000181,6751b0e80dc3d5ae16b30fd24881733116a4f9f1d8f6f67ca5ca5943b83f5f9f,model-reviewed,2026-09-05,model,PromptHint migration reviewed: cook noun/verb and over location/finished receive minimal front-side disambiguation; all other PromptHint values remain blank and prior release-visible content is unchanged.
klose,4,KV000182,5b57cfc40f750cb765df1353571ef59cb33143f7d56fcaa7c0c56207da46748d,model-reviewed,2026-09-05,model,PromptHint migration reviewed: cook noun/verb and over location/finished receive minimal front-side disambiguation; all other PromptHint values remain blank and prior release-visible content is unchanged.
klose,4,KV000183,4bce3c5d4c706565ec7b100e6c0b289937ee1e69229114b0fa40dc88e8094189,model-reviewed,2026-09-05,model,PromptHint migration reviewed: cook noun/verb and over location/finished receive minimal front-side disambiguation; all other PromptHint values remain blank and prior release-visible content is unchanged.
klose,4,KV000184,db1e53bee15efd1b3395592712427adb3d15618e16024a597f247f2348d3d6ae,model-reviewed,2026-09-05,model,PromptHint migration reviewed: cook noun/verb and over location/finished receive minimal front-side disambiguation; all other PromptHint values remain blank and prior release-visible content is unchanged.
klose,4,KV000185,ede5356810302df2c04ceef42b8ca08a22e427ec466416cdddc1e91b7e2b96c0,model-reviewed,2026-09-05,model,PromptHint migration reviewed: cook noun/verb and over location/finished receive minimal front-side disambiguation; all other PromptHint values remain blank and prior release-visible content is unchanged.
klose,4,KV000186,c7701bc74372d1c5f3be8c17265694db47b45e9141ca326df86bccf858877b57,model-reviewed,2026-09-05,model,PromptHint migration reviewed: cook noun/verb and over location/finished receive minimal front-side disambiguation; all other PromptHint values remain blank and prior release-visible content is unchanged.
klose,4,KV000187,f69290bd7f8abe51b20f061916670dfb73d083b26a5f6741ee0f4cefdeb84b7d,model-reviewed,2026-09-05,model,PromptHint migration reviewed: cook noun/verb and over location/finished receive minimal front-side disambiguation; all other PromptHint values remain blank and prior release-visible content is unchanged.
klose,4,KV000188,41e73e4c6a5760eab30ada31aeec393e2546ea4a5e6effcc79dd92d30081a5aa,model-reviewed,2026-09-05,model,PromptHint migration reviewed: cook noun/verb and over location/finished receive minimal front-side disambiguation; all other PromptHint values remain blank and prior release-visible content is unchanged.
klose,4,KV000189,08e399d94d7ca0d84d8a7feafca45aa4522bb7c2c3950e1be3551e896ac63fa1,model-reviewed,2026-09-05,model,PromptHint migration reviewed: cook noun/verb and over location/finished receive minimal front-side disambiguation; all other PromptHint values remain blank and prior release-visible content is unchanged.
klose,4,KV000190,33790e4c569a4e9bd0e31939fe92151edc61f8943ef397800122d82cc4e91ce6,model-reviewed,2026-09-05,model,PromptHint migration reviewed: cook noun/verb and over location/finished receive minimal front-side disambiguation; all other PromptHint values remain blank and prior release-visible content is unchanged.
klose,4,KV000191,aadae3f640ae65210a6fd275c48f6186e747e8afd3bad8d999799717b3fbdb91,model-reviewed,2026-09-05,model,PromptHint migration reviewed: cook noun/verb and over location/finished receive minimal front-side disambiguation; all other PromptHint values remain blank and prior release-visible content is unchanged.
klose,4,KV000192,bb7175bb1ae7c759e1fd8f3336eb24b19c86e60e22151e3aad1ee15bda7cdd08,model-reviewed,2026-09-05,model,PromptHint migration reviewed: cook noun/verb and over location/finished receive minimal front-side disambiguation; all other PromptHint values remain blank and prior release-visible content is unchanged.
klose,4,KV000193,96848e02b4986efa6326ea4c085771c37fa35e55e049535a168b5011e09f9da8,model-reviewed,2026-09-10,model,"Full model semantic review of 288 active Grade 5-6 new Notes plus 55 focused reused/fingerprint-invalidated Notes; review corrections validated by learner-content, auxiliary-vocabulary, current-merge and full Vocabulary gates."
klose,4,KV000194,1f523617775f549b0c91859259f136d5a9448e0eabf4e9040a3c862c73e5c82e,model-reviewed,2026-09-05,model,PromptHint migration reviewed: cook noun/verb and over location/finished receive minimal front-side disambiguation; all other PromptHint values remain blank and prior release-visible content is unchanged.
klose,4,KV000195,49a9ea4cfa9fb865f84b859d668e3d1c4f0452bffe241b895188c03bffab8e07,model-reviewed,2026-09-10,model,"Full model semantic review of 288 active Grade 5-6 new Notes plus 55 focused reused/fingerprint-invalidated Notes; review corrections validated by learner-content, auxiliary-vocabulary, current-merge and full Vocabulary gates."
klose,4,KV000196,a98ce8c16f04b300de0346b73c34c331ffd43f4dde4d2fd81adaedfe7660581f,model-reviewed,2026-09-05,model,PromptHint migration reviewed: cook noun/verb and over location/finished receive minimal front-side disambiguation; all other PromptHint values remain blank and prior release-visible content is unchanged.
klose,4,KV000197,6cdb4a1aa3442537d68e7748361181ddd75e0faefb1ea51e7a0ebddcdc5afd01,model-reviewed,2026-09-05,model,PromptHint migration reviewed: cook noun/verb and over location/finished receive minimal front-side disambiguation; all other PromptHint values remain blank and prior release-visible content is unchanged.
klose,4,KV000198,d915dcdfa6ee7210bd889c75287f1bd0f0f5786f117d7c4114cab24a7a05bf52,model-reviewed,2026-09-05,model,PromptHint migration reviewed: cook noun/verb and over location/finished receive minimal front-side disambiguation; all other PromptHint values remain blank and prior release-visible content is unchanged.
klose,4,KV000199,68fdecab20b1ab6fb4b99f6af73d18543a4710d4f495536782708300a1b698ea,model-reviewed,2026-09-05,model,PromptHint migration reviewed: cook noun/verb and over location/finished receive minimal front-side disambiguation; all other PromptHint values remain blank and prior release-visible content is unchanged.
klose,4,KV000200,cfbcc460c4f1d4bead6785eda8e8584e06dd79561072b495e7ec02d4aaaddaeb,model-reviewed,2026-09-05,model,PromptHint migration reviewed: cook noun/verb and over location/finished receive minimal front-side disambiguation; all other PromptHint values remain blank and prior release-visible content is unchanged.
klose,4,KV000201,c9835fa652c12300eb516e072fafa046f39125872c724299a9faa18387ae6caa,model-reviewed,2026-09-05,model,PromptHint migration reviewed: cook noun/verb and over location/finished receive minimal front-side disambiguation; all other PromptHint values remain blank and prior release-visible content is unchanged.
klose,4,KV000202,c81c20d563108de296ed6053579d98066ff7e33a117df5aef65a6809518b7463,model-reviewed,2026-09-05,model,PromptHint migration reviewed: cook noun/verb and over location/finished receive minimal front-side disambiguation; all other PromptHint values remain blank and prior release-visible content is unchanged.
klose,4,KV000203,a5d3b7bd1f30218d2cf8cd0790106924f0b0827fc7c7d3ae5030ce700562b62d,model-reviewed,2026-09-05,model,PromptHint migration reviewed: cook noun/verb and over location/finished receive minimal front-side disambiguation; all other PromptHint values remain blank and prior release-visible content is unchanged.
klose,4,KV000204,db53d43e0e9f73328ae972ecf2f811f358ba7350cd608dd9c4bea9b86229654a,model-reviewed,2026-09-05,model,PromptHint migration reviewed: cook noun/verb and over location/finished receive minimal front-side disambiguation; all other PromptHint values remain blank and prior release-visible content is unchanged.
klose,4,KV000205,f8cb0250606ee3e8f13e6d4b4fd46f0bf3ea145abb93c34bf3f5c7c5a1b13188,model-reviewed,2026-09-05,model,PromptHint migration reviewed: cook noun/verb and over location/finished receive minimal front-side disambiguation; all other PromptHint values remain blank and prior release-visible content is unchanged.
klose,4,KV000206,5cd51e6932032d5b7ec137eab2ecd3066ff59c2a1b8a535d0a4a655a31845640,model-reviewed,2026-09-05,model,PromptHint migration reviewed: cook noun/verb and over location/finished receive minimal front-side disambiguation; all other PromptHint values remain blank and prior release-visible content is unchanged.
klose,4,KV000207,28c5496604085707998d67eb1f95039598aecc9e6e657757c4ff2b8ef74c2098,model-reviewed,2026-09-05,model,PromptHint migration reviewed: cook noun/verb and over location/finished receive minimal front-side disambiguation; all other PromptHint values remain blank and prior release-visible content is unchanged.
klose,4,KV000208,0ddb5ab6ae6956b7ba3e1fcc9eafc78249b9250e13893dff58fc2a93a2aefff1,model-reviewed,2026-09-05,model,PromptHint migration reviewed: cook noun/verb and over location/finished receive minimal front-side disambiguation; all other PromptHint values remain blank and prior release-visible content is unchanged.
klose,4,KV000209,453f4bae1dd4562fcbc8e0341cc8a51a96fdc1689c76b65a69d341e8444cfc67,model-reviewed,2026-09-05,model,PromptHint migration reviewed: cook noun/verb and over location/finished receive minimal front-side disambiguation; all other PromptHint values remain blank and prior release-visible content is unchanged.
klose,4,KV000210,be0d0ef51825a3196dce3a75237a0ecf5820929a417c1d67c8129e96b19af7a5,model-reviewed,2026-09-05,model,PromptHint migration reviewed: cook noun/verb and over location/finished receive minimal front-side disambiguation; all other PromptHint values remain blank and prior release-visible content is unchanged.
klose,4,KV000211,658000bb13c69e4550a3143fa5f57f84335ba7f659f00f962ccd8e2ef67fbb52,model-reviewed,2026-09-05,model,PromptHint migration reviewed: cook noun/verb and over location/finished receive minimal front-side disambiguation; all other PromptHint values remain blank and prior release-visible content is unchanged.
klose,4,KV000212,4856dbae188766ef2aa7731cdce05c8f93269b3b63e6ae2c3282df00af3b36db,model-reviewed,2026-09-05,model,PromptHint migration reviewed: cook noun/verb and over location/finished receive minimal front-side disambiguation; all other PromptHint values remain blank and prior release-visible content is unchanged.
klose,4,KV000213,ce233a0faebaecf904e42306e20765fcdd071260da5d91058614fe82554fc683,model-reviewed,2026-09-05,model,PromptHint migration reviewed: cook noun/verb and over location/finished receive minimal front-side disambiguation; all other PromptHint values remain blank and prior release-visible content is unchanged.
klose,4,KV000214,0a2b5d63af467d429dd9da4e8df8f337e8f62d852716f9c210d9ab7ec32a02ce,model-reviewed,2026-09-05,model,PromptHint migration reviewed: cook noun/verb and over location/finished receive minimal front-side disambiguation; all other PromptHint values remain blank and prior release-visible content is unchanged.
klose,4,KV000215,4b04211c650f62e1d123432e11c33f28507822eb3d6947fca5bf4594531b6901,model-reviewed,2026-09-05,model,PromptHint migration reviewed: cook noun/verb and over location/finished receive minimal front-side disambiguation; all other PromptHint values remain blank and prior release-visible content is unchanged.
klose,4,KV000216,8bd425f0a44069c2a348d7e2215ea649561b8983cd24c369a81604a6cccf9000,model-reviewed,2026-09-05,model,PromptHint migration reviewed: cook noun/verb and over location/finished receive minimal front-side disambiguation; all other PromptHint values remain blank and prior release-visible content is unchanged.
klose,4,KV000217,136e15a0fff6322b22fc4436389c74a78a580a9ec2738e5262aebe6d64aed020,model-reviewed,2026-09-05,model,PromptHint migration reviewed: cook noun/verb and over location/finished receive minimal front-side disambiguation; all other PromptHint values remain blank and prior release-visible content is unchanged.
klose,4,KV000218,fe4bbdda22a87838fa9815180e13d57c9fa3762f0bf67912ae7f0650c75bfe0e,model-reviewed,2026-09-05,model,PromptHint migration reviewed: cook noun/verb and over location/finished receive minimal front-side disambiguation; all other PromptHint values remain blank and prior release-visible content is unchanged.
klose,4,KV000219,42ab5eef8e9853b03235b2366a2a1e47ad944be94ce38b148243026e5243079c,model-reviewed,2026-09-05,model,PromptHint migration reviewed: cook noun/verb and over location/finished receive minimal front-side disambiguation; all other PromptHint values remain blank and prior release-visible content is unchanged.
klose,4,KV000220,588582027fab99a53798a5407b7e719a1a7e25b0c627fa261c61fc324449d758,model-reviewed,2026-09-05,model,PromptHint migration reviewed: cook noun/verb and over location/finished receive minimal front-side disambiguation; all other PromptHint values remain blank and prior release-visible content is unchanged.
klose,4,KV000221,a63291016b3831d7dcec3fa36efcd865390d6e3b1c93eb70493374e79ef66dcf,model-reviewed,2026-09-05,model,PromptHint migration reviewed: cook noun/verb and over location/finished receive minimal front-side disambiguation; all other PromptHint values remain blank and prior release-visible content is unchanged.
klose,4,KV000222,1d9c272a3f9e38372d0d1bffd15c4b722214350a23e3fbf90c333f1f2726e2ac,model-reviewed,2026-09-05,model,PromptHint migration reviewed: cook noun/verb and over location/finished receive minimal front-side disambiguation; all other PromptHint values remain blank and prior release-visible content is unchanged.
klose,4,KV000223,8e0165776eebe908715a71b709efcb68f709da418abf3b0580301fcaccf55a0e,model-reviewed,2026-09-05,model,PromptHint migration reviewed: cook noun/verb and over location/finished receive minimal front-side disambiguation; all other PromptHint values remain blank and prior release-visible content is unchanged.
klose,4,KV000224,e3bdaadbd4185e23d724ebf5b120b1afdea99feb12776fa093f164c4acea0d19,model-reviewed,2026-09-05,model,PromptHint migration reviewed: cook noun/verb and over location/finished receive minimal front-side disambiguation; all other PromptHint values remain blank and prior release-visible content is unchanged.
klose,4,KV000225,8ef52168cd8df9a27903b27b8479802a6c2830d4027468a750a627660c7ee88f,model-reviewed,2026-09-05,model,PromptHint migration reviewed: cook noun/verb and over location/finished receive minimal front-side disambiguation; all other PromptHint values remain blank and prior release-visible content is unchanged.
klose,4,KV000226,9fd728ed01364e75d4271e6a5086e033a6fa5d624965fb5857005bb31781d544,model-reviewed,2026-09-05,model,PromptHint migration reviewed: cook noun/verb and over location/finished receive minimal front-side disambiguation; all other PromptHint values remain blank and prior release-visible content is unchanged.
klose,4,KV000227,dcbf4ebff55a4125ec826727fbec8bc93f0fde388f726ebf2c9e7280efb2886c,model-reviewed,2026-09-05,model,PromptHint migration reviewed: cook noun/verb and over location/finished receive minimal front-side disambiguation; all other PromptHint values remain blank and prior release-visible content is unchanged.
klose,4,KV000228,f2db08fd1fefce280c199e62b731230f1be26d41ac79fd39ccd8eaf94a4fa78e,model-reviewed,2026-09-05,model,PromptHint migration reviewed: cook noun/verb and over location/finished receive minimal front-side disambiguation; all other PromptHint values remain blank and prior release-visible content is unchanged.
klose,4,KV000229,c391b218645770028bdb988292b53c9f468ea8a7306e01ea5d242c3ee83a486a,model-reviewed,2026-09-05,model,PromptHint migration reviewed: cook noun/verb and over location/finished receive minimal front-side disambiguation; all other PromptHint values remain blank and prior release-visible content is unchanged.
klose,4,KV000230,58c39f79a0d7fb9fcd457b45f55f8d08bb68ca6aee5c3a1d4618f0c58ae614e0,model-reviewed,2026-09-05,model,PromptHint migration reviewed: cook noun/verb and over location/finished receive minimal front-side disambiguation; all other PromptHint values remain blank and prior release-visible content is unchanged.
klose,4,KV000231,78e4d6f38bb02261160829e4ce1c89ab96d7439288996c83fa3da12771c0f3df,model-reviewed,2026-09-05,model,PromptHint migration reviewed: cook noun/verb and over location/finished receive minimal front-side disambiguation; all other PromptHint values remain blank and prior release-visible content is unchanged.
klose,4,KV000232,a24c26e6ab983db47e50010c2b6f6623698a1f411305ccfc5b7cbb68523670c7,model-reviewed,2026-09-05,model,PromptHint migration reviewed: cook noun/verb and over location/finished receive minimal front-side disambiguation; all other PromptHint values remain blank and prior release-visible content is unchanged.
klose,4,KV000233,b5059bb60cc53043c808b52060b98871f1162de6a4e7de35d0ffb584d6553b46,model-reviewed,2026-09-05,model,PromptHint migration reviewed: cook noun/verb and over location/finished receive minimal front-side disambiguation; all other PromptHint values remain blank and prior release-visible content is unchanged.
klose,4,KV000234,e1cfb054987c126df144a9ccf53524c869ede9e486e74d2178c2d1a69cf39e66,model-reviewed,2026-09-05,model,PromptHint migration reviewed: cook noun/verb and over location/finished receive minimal front-side disambiguation; all other PromptHint values remain blank and prior release-visible content is unchanged.
klose,4,KV000235,10d3b8113fd2c48c048eb6220056b5e390f414376abd91f7a735505844047354,model-reviewed,2026-09-05,model,PromptHint migration reviewed: cook noun/verb and over location/finished receive minimal front-side disambiguation; all other PromptHint values remain blank and prior release-visible content is unchanged.
klose,4,KV000236,5c7fce40caa682f504ccf3c900c65eb440f959830c38e64d2f37ca85abe110ec,model-reviewed,2026-09-05,model,PromptHint migration reviewed: cook noun/verb and over location/finished receive minimal front-side disambiguation; all other PromptHint values remain blank and prior release-visible content is unchanged.
klose,4,KV000237,68110bb67ae273f235b7dd6f92f95f2c408a4c4f10809c0803f625652db5e78b,model-reviewed,2026-09-05,model,PromptHint migration reviewed: cook noun/verb and over location/finished receive minimal front-side disambiguation; all other PromptHint values remain blank and prior release-visible content is unchanged.
klose,4,KV000238,ee599b0f3b929dbf04c7091885923ec11bf19e96d1398b5654bcf8e8a700d881,model-reviewed,2026-09-05,model,PromptHint migration reviewed: cook noun/verb and over location/finished receive minimal front-side disambiguation; all other PromptHint values remain blank and prior release-visible content is unchanged.
klose,4,KV000239,7e472a6aa18f46f922695b0330e4b8fa7d3c46702987e769080df606b55673f5,model-reviewed,2026-09-05,model,PromptHint migration reviewed: cook noun/verb and over location/finished receive minimal front-side disambiguation; all other PromptHint values remain blank and prior release-visible content is unchanged.
klose,4,KV000240,a2263acd48528a59b1bb8a232aca773b92bb8d10eeba1403e7054f76af305f10,model-reviewed,2026-09-05,model,PromptHint migration reviewed: cook noun/verb and over location/finished receive minimal front-side disambiguation; all other PromptHint values remain blank and prior release-visible content is unchanged.
klose,4,KV000241,09f6b1bba9035134f36e2ad9d157e018612686232f04209d21c78cff30d27f04,model-reviewed,2026-09-05,model,PromptHint migration reviewed: cook noun/verb and over location/finished receive minimal front-side disambiguation; all other PromptHint values remain blank and prior release-visible content is unchanged.
klose,4,KV000242,26220c2315df1138e930ff15adc5097f6ff82f01abc00b2c9b6570cfc3cea6a3,model-reviewed,2026-09-05,model,PromptHint migration reviewed: cook noun/verb and over location/finished receive minimal front-side disambiguation; all other PromptHint values remain blank and prior release-visible content is unchanged.
klose,4,KV000243,7eb62a551ff46159d9d50860e5d26a6bfbe4781e9ef27f386ed689fd11e26e47,model-reviewed,2026-09-05,model,PromptHint migration reviewed: cook noun/verb and over location/finished receive minimal front-side disambiguation; all other PromptHint values remain blank and prior release-visible content is unchanged.
klose,4,KV000244,f43fa48b46decbd3f1f5151fb6a2e7dfb287079d485c94dbe89b9ed35bc84d2a,model-reviewed,2026-09-05,model,PromptHint migration reviewed: cook noun/verb and over location/finished receive minimal front-side disambiguation; all other PromptHint values remain blank and prior release-visible content is unchanged.
klose,4,KV000245,0a16c0dd988147e43d85f4089c5eca8e52623d56e06bf7056b3805faacebdf65,model-reviewed,2026-09-05,model,PromptHint migration reviewed: cook noun/verb and over location/finished receive minimal front-side disambiguation; all other PromptHint values remain blank and prior release-visible content is unchanged.
klose,4,KV000246,413fbf89928f317fd641d99dc6c62fc02d42a7de761c8b56da89bf0edbae8bea,model-reviewed,2026-09-05,model,PromptHint migration reviewed: cook noun/verb and over location/finished receive minimal front-side disambiguation; all other PromptHint values remain blank and prior release-visible content is unchanged.
klose,4,KV000247,e2ec79a4ebb2445a30e2abe2059b2a7953580092f989fe2d98c7453a4ecd6b58,model-reviewed,2026-09-05,model,PromptHint migration reviewed: cook noun/verb and over location/finished receive minimal front-side disambiguation; all other PromptHint values remain blank and prior release-visible content is unchanged.
klose,4,KV000248,ffbd1e2cb85d7538db223e5b3598b46beffe6f00ee94767ac0f1d9b9e890e120,model-reviewed,2026-09-05,model,PromptHint migration reviewed: cook noun/verb and over location/finished receive minimal front-side disambiguation; all other PromptHint values remain blank and prior release-visible content is unchanged.
klose,4,KV000249,3541f792dab5357517eb46be39b45ea5efef44af860235908956e62061ef91e7,model-reviewed,2026-09-05,model,PromptHint migration reviewed: cook noun/verb and over location/finished receive minimal front-side disambiguation; all other PromptHint values remain blank and prior release-visible content is unchanged.
klose,4,KV000250,e5130212f236f87e888746275313413648877f53082700cb67e68a942b1c52f4,model-reviewed,2026-09-05,model,PromptHint migration reviewed: cook noun/verb and over location/finished receive minimal front-side disambiguation; all other PromptHint values remain blank and prior release-visible content is unchanged.
klose,4,KV000251,02642694eed97fb8898d7065e1a7572b4476d6a0c8797e83fc878abcc1f6ae1a,model-reviewed,2026-09-05,model,PromptHint migration reviewed: cook noun/verb and over location/finished receive minimal front-side disambiguation; all other PromptHint values remain blank and prior release-visible content is unchanged.
klose,4,KV000252,eadc7bf522b8f4e948fb6d8842e5b7eb83a854a49b422ccb1770dab3acc29c78,model-reviewed,2026-09-05,model,PromptHint migration reviewed: cook noun/verb and over location/finished receive minimal front-side disambiguation; all other PromptHint values remain blank and prior release-visible content is unchanged.
klose,4,KV000253,b9e92e7263e2d626a7c9dcbeb7094f8c1a93949e6a8a1a4a4f639990204d5dee,model-reviewed,2026-09-05,model,PromptHint migration reviewed: cook noun/verb and over location/finished receive minimal front-side disambiguation; all other PromptHint values remain blank and prior release-visible content is unchanged.
klose,4,KV000254,4933da0c79f46d73ab480836f323709c53da0034bbdfef2bb314e05436f96a98,model-reviewed,2026-09-05,model,PromptHint migration reviewed: cook noun/verb and over location/finished receive minimal front-side disambiguation; all other PromptHint values remain blank and prior release-visible content is unchanged.
klose,4,KV000255,91f68352d62d3daf40242063bfbf65be2174aa0be205bbdfeba8775454d4435b,model-reviewed,2026-09-05,model,PromptHint migration reviewed: cook noun/verb and over location/finished receive minimal front-side disambiguation; all other PromptHint values remain blank and prior release-visible content is unchanged.
klose,4,KV000256,971f958a746ecf27907adb530483722f9c244b41825645488294d1531f855edc,model-reviewed,2026-09-05,model,PromptHint migration reviewed: cook noun/verb and over location/finished receive minimal front-side disambiguation; all other PromptHint values remain blank and prior release-visible content is unchanged.
klose,4,KV000257,0d2047452a52216e28e1d969ef3b90b62e13fc164a5dc28c407019e82247d908,model-reviewed,2026-09-05,model,PromptHint migration reviewed: cook noun/verb and over location/finished receive minimal front-side disambiguation; all other PromptHint values remain blank and prior release-visible content is unchanged.
klose,4,KV000258,f3f2ec9683ad124950e43b52adf110cd5093a42ab55fcbb6b391e057f8e6e493,model-reviewed,2026-09-05,model,PromptHint migration reviewed: cook noun/verb and over location/finished receive minimal front-side disambiguation; all other PromptHint values remain blank and prior release-visible content is unchanged.
klose,4,KV000259,d85a553cec3734939692f78343b04aef185bc711f5bda23defb5ef7ea31ab496,model-reviewed,2026-09-05,model,PromptHint migration reviewed: cook noun/verb and over location/finished receive minimal front-side disambiguation; all other PromptHint values remain blank and prior release-visible content is unchanged.
klose,4,KV000260,efa9ac85137859d1321551415b3c37b9e304560a38c7eb05785e43398ce56890,model-reviewed,2026-09-05,model,PromptHint migration reviewed: cook noun/verb and over location/finished receive minimal front-side disambiguation; all other PromptHint values remain blank and prior release-visible content is unchanged.
klose,4,KV000261,21510260ceeffd0d5aea72932ead23e2e0228ac9f354914b110d82b04e5a96b8,model-reviewed,2026-09-05,model,PromptHint migration reviewed: cook noun/verb and over location/finished receive minimal front-side disambiguation; all other PromptHint values remain blank and prior release-visible content is unchanged.
klose,4,KV000262,158080b125461e359dc63f1a7853af44a0e29f330c225bb01b0db5276ae4c0e1,model-reviewed,2026-09-05,model,PromptHint migration reviewed: cook noun/verb and over location/finished receive minimal front-side disambiguation; all other PromptHint values remain blank and prior release-visible content is unchanged.
klose,4,KV000263,aaa2f4b808c85ca2b793c3cb5b2acfc1610f477d0addcf3fbc7cab0f0d9968f9,model-reviewed,2026-09-05,model,PromptHint migration reviewed: cook noun/verb and over location/finished receive minimal front-side disambiguation; all other PromptHint values remain blank and prior release-visible content is unchanged.
klose,4,KV000264,c5f54877a0659f0f2ebed1aa290415bd98972f0e68a3093cfb13149991aab199,model-reviewed,2026-09-05,model,PromptHint migration reviewed: cook noun/verb and over location/finished receive minimal front-side disambiguation; all other PromptHint values remain blank and prior release-visible content is unchanged.
klose,4,KV000265,54897603afc24ab8f7e1f4b44e8cfecf84abf9653ad2d7b5d6970bdfe65c20aa,model-reviewed,2026-09-05,model,PromptHint migration reviewed: cook noun/verb and over location/finished receive minimal front-side disambiguation; all other PromptHint values remain blank and prior release-visible content is unchanged.
klose,4,KV000266,7790cb23b382cd764a6651f98e43616cbf3d18718a9fab289eeaa26b4a4a6927,model-reviewed,2026-09-05,model,PromptHint migration reviewed: cook noun/verb and over location/finished receive minimal front-side disambiguation; all other PromptHint values remain blank and prior release-visible content is unchanged.
klose,4,KV000267,477f44cba8d6c80c713834ee1f5ffe0c83ff2e39dcdb016c2d2caebf69b8ae9e,model-reviewed,2026-09-05,model,PromptHint migration reviewed: cook noun/verb and over location/finished receive minimal front-side disambiguation; all other PromptHint values remain blank and prior release-visible content is unchanged.
klose,4,KV000268,6c85e1583ab2ac7c80fd1c3a20f624ebd635d6c9fa8e0be825515b53683874cf,model-reviewed,2026-09-05,model,PromptHint migration reviewed: cook noun/verb and over location/finished receive minimal front-side disambiguation; all other PromptHint values remain blank and prior release-visible content is unchanged.
klose,4,KV000269,8e6fd9b735555c74f7737b11ccba1b03b5c351aeae5be2b292d70b1a044a5fa1,model-reviewed,2026-09-05,model,PromptHint migration reviewed: cook noun/verb and over location/finished receive minimal front-side disambiguation; all other PromptHint values remain blank and prior release-visible content is unchanged.
klose,4,KV000270,224b18406b566506dcc48fb77eb140960cdf409a95b8c8bbe64f26ef7876b1b1,model-reviewed,2026-09-05,model,PromptHint migration reviewed: cook noun/verb and over location/finished receive minimal front-side disambiguation; all other PromptHint values remain blank and prior release-visible content is unchanged.
klose,4,KV000271,45db44d983087688cdc1495acc1e862240652527f9c957b1db1e531fc9fb543d,model-reviewed,2026-09-05,model,PromptHint migration reviewed: cook noun/verb and over location/finished receive minimal front-side disambiguation; all other PromptHint values remain blank and prior release-visible content is unchanged.
klose,4,KV000272,593d06b9c39eaa5f8e02a549e0f6904a7bf7a8544eae3de8f4c1c767a2f8f6a9,model-reviewed,2026-09-05,model,PromptHint migration reviewed: cook noun/verb and over location/finished receive minimal front-side disambiguation; all other PromptHint values remain blank and prior release-visible content is unchanged.
klose,4,KV000273,1fa14cdb241109dc5b0ea6bf3af138b188bb4cd40557e219bba1f8fe1a103e88,model-reviewed,2026-09-05,model,PromptHint migration reviewed: cook noun/verb and over location/finished receive minimal front-side disambiguation; all other PromptHint values remain blank and prior release-visible content is unchanged.
klose,4,KV000274,413b984d39f50bcc4cfadd3ece340935d698e5633e34ee19b5f022ef7b8b85de,model-reviewed,2026-09-05,model,PromptHint migration reviewed: cook noun/verb and over location/finished receive minimal front-side disambiguation; all other PromptHint values remain blank and prior release-visible content is unchanged.
klose,4,KV000275,440ce1ceef2a557ba205700c14a24e0dfb54baa1bcf4540191c8e666d1642bab,model-reviewed,2026-09-05,model,PromptHint migration reviewed: cook noun/verb and over location/finished receive minimal front-side disambiguation; all other PromptHint values remain blank and prior release-visible content is unchanged.
klose,4,KV000276,cb0b0f299256f9150c78beba154c2d958d10bd803116d8241797054968248468,model-reviewed,2026-09-05,model,PromptHint migration reviewed: cook noun/verb and over location/finished receive minimal front-side disambiguation; all other PromptHint values remain blank and prior release-visible content is unchanged.
klose,4,KV000277,41c74aa86096bef16e74b351b8f7a156d18b013f9d195bdbee3aea0fdcf3b649,model-reviewed,2026-09-05,model,PromptHint migration reviewed: cook noun/verb and over location/finished receive minimal front-side disambiguation; all other PromptHint values remain blank and prior release-visible content is unchanged.
klose,4,KV000278,d60df158f4e3f63043bb3ac6ce36e55e7522c3b3cb1679890f353725816a3dee,model-reviewed,2026-09-05,model,PromptHint migration reviewed: cook noun/verb and over location/finished receive minimal front-side disambiguation; all other PromptHint values remain blank and prior release-visible content is unchanged.
klose,4,KV000279,cbc564abd29e79cadb6b42597cfef9d0c9cb4ef609fbb4a1cd09ab22ac946a13,model-reviewed,2026-09-05,model,PromptHint migration reviewed: cook noun/verb and over location/finished receive minimal front-side disambiguation; all other PromptHint values remain blank and prior release-visible content is unchanged.
klose,4,KV000280,7618f387386021506931b95869892633820a15a2d280c70ac8532c927b77d975,model-reviewed,2026-09-05,model,PromptHint migration reviewed: cook noun/verb and over location/finished receive minimal front-side disambiguation; all other PromptHint values remain blank and prior release-visible content is unchanged.
klose,4,KV000281,21610958c8ae70d29a8d023c290b7642eedecd76fb145266866c0ce44cd5a454,model-reviewed,2026-09-05,model,PromptHint migration reviewed: cook noun/verb and over location/finished receive minimal front-side disambiguation; all other PromptHint values remain blank and prior release-visible content is unchanged.
klose,4,KV000282,6c302c1b8623c8b2bb38ea03d01751c4443e81714a24e522d0db657b09d2a018,model-reviewed,2026-09-05,model,PromptHint migration reviewed: cook noun/verb and over location/finished receive minimal front-side disambiguation; all other PromptHint values remain blank and prior release-visible content is unchanged.
klose,4,KV000283,8512ee31c4992eab88ab63fc9a1ec1df019c29020da06277a2ca43a4ee510062,model-reviewed,2026-09-05,model,PromptHint migration reviewed: cook noun/verb and over location/finished receive minimal front-side disambiguation; all other PromptHint values remain blank and prior release-visible content is unchanged.
klose,4,KV000284,7a828909db86e66fd9c929265d18ca9a2102a4c616ae18f74a96555c8a8ddc78,model-reviewed,2026-09-05,model,PromptHint migration reviewed: cook noun/verb and over location/finished receive minimal front-side disambiguation; all other PromptHint values remain blank and prior release-visible content is unchanged.
klose,4,KV000285,ab9f23b1023a5e17a7173390d8f9f49828bc80b04867fd16c048ee3d4ef76d34,model-reviewed,2026-09-05,model,PromptHint migration reviewed: cook noun/verb and over location/finished receive minimal front-side disambiguation; all other PromptHint values remain blank and prior release-visible content is unchanged.
klose,4,KV000286,acec3aa8451b3dbe91da55418ad1e6c8edccc325ac32392fb5d098adc888f6ed,model-reviewed,2026-09-05,model,PromptHint migration reviewed: cook noun/verb and over location/finished receive minimal front-side disambiguation; all other PromptHint values remain blank and prior release-visible content is unchanged.
klose,4,KV000287,029eb48392f499b9249c94730ffd3f3533a203682a683cc56d0b34f6fc130e66,model-reviewed,2026-09-05,model,PromptHint migration reviewed: cook noun/verb and over location/finished receive minimal front-side disambiguation; all other PromptHint values remain blank and prior release-visible content is unchanged.
klose,4,KV000288,320ac428dfdde0ffeef9f682344d58905a1812322733eaaa76d23c7da31c384d,model-reviewed,2026-09-05,model,PromptHint migration reviewed: cook noun/verb and over location/finished receive minimal front-side disambiguation; all other PromptHint values remain blank and prior release-visible content is unchanged.
klose,4,KV000289,d90861f650712bd169b531c50d90947d30f01f9b90d0d6981fde7d6912ea822b,model-reviewed,2026-09-05,model,PromptHint migration reviewed: cook noun/verb and over location/finished receive minimal front-side disambiguation; all other PromptHint values remain blank and prior release-visible content is unchanged.
klose,4,KV000290,bdc2dfc3e04ffa1e195c6952065e7ec2ff4e42b05aea348761761d1c02db1c9c,model-reviewed,2026-09-05,model,PromptHint migration reviewed: cook noun/verb and over location/finished receive minimal front-side disambiguation; all other PromptHint values remain blank and prior release-visible content is unchanged.
klose,4,KV000291,c4e3d79cec5ea5ef0c62538b7226e549154fadc058523b42dcff42b126705f6c,model-reviewed,2026-09-05,model,PromptHint migration reviewed: cook noun/verb and over location/finished receive minimal front-side disambiguation; all other PromptHint values remain blank and prior release-visible content is unchanged.
klose,4,KV000292,486306464a5d183db5d9ee7fc19c284195dc609bc5e6e43926a8a21ebb054379,model-reviewed,2026-09-05,model,PromptHint migration reviewed: cook noun/verb and over location/finished receive minimal front-side disambiguation; all other PromptHint values remain blank and prior release-visible content is unchanged.
klose,4,KV000293,837ed2c7dd7d15320dd2917d91a289474241f962537a2a407967df68f6421838,model-reviewed,2026-09-05,model,PromptHint migration reviewed: cook noun/verb and over location/finished receive minimal front-side disambiguation; all other PromptHint values remain blank and prior release-visible content is unchanged.
klose,4,KV000294,f5a92a7939d85557869cea7284f70c1496ee6897ee17c01e41daee5b09a02a11,model-reviewed,2026-09-05,model,PromptHint migration reviewed: cook noun/verb and over location/finished receive minimal front-side disambiguation; all other PromptHint values remain blank and prior release-visible content is unchanged.
klose,4,KV000295,4c824b548cd17a19905f9ce6b1a4a21b27ddcfa8052aef6f983f51b848982d50,model-reviewed,2026-09-05,model,PromptHint migration reviewed: cook noun/verb and over location/finished receive minimal front-side disambiguation; all other PromptHint values remain blank and prior release-visible content is unchanged.
klose,4,KV000296,10bb8f6f6810474a811a87760c87bafed9df53a8c2cdef7237136b6622f17db5,model-reviewed,2026-09-05,model,PromptHint migration reviewed: cook noun/verb and over location/finished receive minimal front-side disambiguation; all other PromptHint values remain blank and prior release-visible content is unchanged.
klose,4,KV000297,dbc9480cc814343ac20bb88c51535058a88a7fd08ee567721d4ca9c307208260,model-reviewed,2026-09-05,model,PromptHint migration reviewed: cook noun/verb and over location/finished receive minimal front-side disambiguation; all other PromptHint values remain blank and prior release-visible content is unchanged.
klose,4,KV000298,5ed0f5388bfbd4dc444ab27b9f631779e4f4cef372416f1395162016caf5fb3a,model-reviewed,2026-09-05,model,PromptHint migration reviewed: cook noun/verb and over location/finished receive minimal front-side disambiguation; all other PromptHint values remain blank and prior release-visible content is unchanged.
klose,4,KV000299,2b706709efb275820ff15c7308233e131ca47ad9aca8de11643d872bbd42d518,model-reviewed,2026-09-05,model,PromptHint migration reviewed: cook noun/verb and over location/finished receive minimal front-side disambiguation; all other PromptHint values remain blank and prior release-visible content is unchanged.
klose,4,KV000300,08ab46b9753a3882f53523558407b89ec68623dd64a09e3821e099788bc8b4a3,model-reviewed,2026-09-05,model,PromptHint migration reviewed: cook noun/verb and over location/finished receive minimal front-side disambiguation; all other PromptHint values remain blank and prior release-visible content is unchanged.
klose,4,KV000301,19c4d7bcb2c8ef21581fa21ac3e09f47f583223d1b0ecd54dc35ebece54bd056,model-reviewed,2026-09-05,model,PromptHint migration reviewed: cook noun/verb and over location/finished receive minimal front-side disambiguation; all other PromptHint values remain blank and prior release-visible content is unchanged.
klose,4,KV000302,63b911c93298531fe370d638fdb38cadabe9ce79c1145953a5f94ad2a8c04b03,model-reviewed,2026-09-05,model,PromptHint migration reviewed: cook noun/verb and over location/finished receive minimal front-side disambiguation; all other PromptHint values remain blank and prior release-visible content is unchanged.
klose,4,KV000303,c1835716c642cfada78d210bc22dd875feeb16885e8418b033fd266e62010185,model-reviewed,2026-09-10,model,"Full model semantic review of 288 active Grade 5-6 new Notes plus 55 focused reused/fingerprint-invalidated Notes; review corrections validated by learner-content, auxiliary-vocabulary, current-merge and full Vocabulary gates."
klose,4,KV000304,260c74888ef2f714693aca555fadb46858b2352c048d3c78f6132e8ce34b5738,model-reviewed,2026-09-05,model,PromptHint migration reviewed: cook noun/verb and over location/finished receive minimal front-side disambiguation; all other PromptHint values remain blank and prior release-visible content is unchanged.
klose,4,KV000305,2143d059eb382c4dbf47dfc676c7ac6e98572f3fa9f54289478ce66658e52515,model-reviewed,2026-09-05,model,PromptHint migration reviewed: cook noun/verb and over location/finished receive minimal front-side disambiguation; all other PromptHint values remain blank and prior release-visible content is unchanged.
klose,4,KV000306,b7550d3777f60cb23b9b7e2a3de5cd909e3e0c39e57237b23163a4426b82d529,model-reviewed,2026-09-05,model,PromptHint migration reviewed: cook noun/verb and over location/finished receive minimal front-side disambiguation; all other PromptHint values remain blank and prior release-visible content is unchanged.
klose,4,KV000307,366ad5c38d4d5e37573527e44342d72cf0aa2001ece3681e51cd983465d5229c,model-reviewed,2026-09-10,model,"Full model semantic review of 288 active Grade 5-6 new Notes plus 55 focused reused/fingerprint-invalidated Notes; review corrections validated by learner-content, auxiliary-vocabulary, current-merge and full Vocabulary gates."
klose,4,KV000308,5c4277d42ff3ce4d4c15315cf195d899caf0914da9e70f4b8835b571a65af40a,model-reviewed,2026-09-05,model,PromptHint migration reviewed: cook noun/verb and over location/finished receive minimal front-side disambiguation; all other PromptHint values remain blank and prior release-visible content is unchanged.
klose,4,KV000309,268280e0d7777ec456736378ca91fa0494caca11841bce68d993d888a959a91f,model-reviewed,2026-09-05,model,PromptHint migration reviewed: cook noun/verb and over location/finished receive minimal front-side disambiguation; all other PromptHint values remain blank and prior release-visible content is unchanged.
klose,4,KV000310,007059cfb64944b07beca499fb1fd0eb789034c8cc27188c4b5d366927706430,model-reviewed,2026-09-05,model,PromptHint migration reviewed: cook noun/verb and over location/finished receive minimal front-side disambiguation; all other PromptHint values remain blank and prior release-visible content is unchanged.
klose,4,KV000311,9e73f145ab6e8e85ef9ae9fb2b43a4d0d93b8f33012a8df98b1f1083af93cac0,model-reviewed,2026-09-05,model,PromptHint migration reviewed: cook noun/verb and over location/finished receive minimal front-side disambiguation; all other PromptHint values remain blank and prior release-visible content is unchanged.
klose,4,KV000312,a1fdde0aa835e9a9be4b9380918071e5c554a562b18bd2866383f6a7479a753a,model-reviewed,2026-09-05,model,PromptHint migration reviewed: cook noun/verb and over location/finished receive minimal front-side disambiguation; all other PromptHint values remain blank and prior release-visible content is unchanged.
klose,4,KV000313,e3752d5e41eddccebb51af2f8d62b5a2addda5fb4e84d9ada7be3bb57f3f0130,model-reviewed,2026-09-05,model,PromptHint migration reviewed: cook noun/verb and over location/finished receive minimal front-side disambiguation; all other PromptHint values remain blank and prior release-visible content is unchanged.
klose,4,KV000314,77a6300fdebaa9956cb1fe416a2c74f9fdb7bc81f006a513166c76b36cb84b05,model-reviewed,2026-09-05,model,PromptHint migration reviewed: cook noun/verb and over location/finished receive minimal front-side disambiguation; all other PromptHint values remain blank and prior release-visible content is unchanged.
klose,4,KV000315,956ae187c68019368a5fd2e468938ef770d8951f407c94d09421cef8a7e6ddfd,model-reviewed,2026-09-05,model,PromptHint migration reviewed: cook noun/verb and over location/finished receive minimal front-side disambiguation; all other PromptHint values remain blank and prior release-visible content is unchanged.
klose,4,KV000316,39397f12493f4646c989daf3e2afcf464c11db5063783fc27b7e23c34d76987c,model-reviewed,2026-09-05,model,PromptHint migration reviewed: cook noun/verb and over location/finished receive minimal front-side disambiguation; all other PromptHint values remain blank and prior release-visible content is unchanged.
klose,4,KV000317,8992caf1a8eb98fad18c7e2c5c718f3c7f12b03819adb369072cd758b04ef507,model-reviewed,2026-09-05,model,PromptHint migration reviewed: cook noun/verb and over location/finished receive minimal front-side disambiguation; all other PromptHint values remain blank and prior release-visible content is unchanged.
klose,4,KV000318,3c4f607774dc1195d0cd44551bca039c237fc881f69fcecd17f2ad0644b79bc3,model-reviewed,2026-09-05,model,PromptHint migration reviewed: cook noun/verb and over location/finished receive minimal front-side disambiguation; all other PromptHint values remain blank and prior release-visible content is unchanged.
klose,4,KV000319,11c35d2adeb5db0d7251ff60d8d0ad9aafd4539f4af1453280ea6a0c03d89c5a,model-reviewed,2026-09-05,model,PromptHint migration reviewed: cook noun/verb and over location/finished receive minimal front-side disambiguation; all other PromptHint values remain blank and prior release-visible content is unchanged.
klose,4,KV000320,9c84c73445dde00a152750c347207bb1a6c5d08670b7f54a33b19bd81eea5ad2,model-reviewed,2026-09-05,model,PromptHint migration reviewed: cook noun/verb and over location/finished receive minimal front-side disambiguation; all other PromptHint values remain blank and prior release-visible content is unchanged.
klose,4,KV000321,44c33bf27a9a5a78b4a1f4d94e0c4f8062dc2e0698a9c9962782b8d3727b5249,model-reviewed,2026-09-05,model,PromptHint migration reviewed: cook noun/verb and over location/finished receive minimal front-side disambiguation; all other PromptHint values remain blank and prior release-visible content is unchanged.
klose,4,KV000322,b4f3f3db76bcb55c700da6ea3557f0ca653f060b4952b06cfe52ae109119fc45,model-reviewed,2026-09-05,model,PromptHint migration reviewed: cook noun/verb and over location/finished receive minimal front-side disambiguation; all other PromptHint values remain blank and prior release-visible content is unchanged.
klose,4,KV000323,94d6d026b90f6f9c3eba75c2ab3c4a79e1fb923e3c40436032ac65fb2260f672,model-reviewed,2026-09-05,model,PromptHint migration reviewed: cook noun/verb and over location/finished receive minimal front-side disambiguation; all other PromptHint values remain blank and prior release-visible content is unchanged.
klose,4,KV000324,9a86c860eaaab646a6c8f00fbefa7cea6d088ad84786ae8bb72720f246b33907,model-reviewed,2026-09-05,model,PromptHint migration reviewed: cook noun/verb and over location/finished receive minimal front-side disambiguation; all other PromptHint values remain blank and prior release-visible content is unchanged.
klose,4,KV000325,d73b0afc0414ae58ad0f268926407d65d9fab293bb74d499061190a5dcba8580,model-reviewed,2026-09-05,model,PromptHint migration reviewed: cook noun/verb and over location/finished receive minimal front-side disambiguation; all other PromptHint values remain blank and prior release-visible content is unchanged.
klose,4,KV000326,5bf24519635f57c5a405b51e2098d228fdcfd9abfe06551126b351118327274e,model-reviewed,2026-09-05,model,PromptHint migration reviewed: cook noun/verb and over location/finished receive minimal front-side disambiguation; all other PromptHint values remain blank and prior release-visible content is unchanged.
klose,4,KV000327,c89dae857d8e741487694246bfe733ff59c6e3f0767f8290221f6e3c9ff61b59,model-reviewed,2026-09-10,model,"Full model semantic review of 288 active Grade 5-6 new Notes plus 55 focused reused/fingerprint-invalidated Notes; review corrections validated by learner-content, auxiliary-vocabulary, current-merge and full Vocabulary gates."
klose,4,KV000328,b4f11472fa14d665d6fc184f916e90b3106b26a25c034c093fcebd80c006ac72,model-reviewed,2026-09-05,model,PromptHint migration reviewed: cook noun/verb and over location/finished receive minimal front-side disambiguation; all other PromptHint values remain blank and prior release-visible content is unchanged.
klose,4,KV000329,6cb3bcc85ca813f9ec3d6b70486591d5f18f07eaeabfd714069b4ca560454ec5,model-reviewed,2026-09-05,model,PromptHint migration reviewed: cook noun/verb and over location/finished receive minimal front-side disambiguation; all other PromptHint values remain blank and prior release-visible content is unchanged.
klose,4,KV000330,986640007c9975669bf422e7c39107cbf6d4578deaca5280cef8c062515bd426,model-reviewed,2026-09-05,model,PromptHint migration reviewed: cook noun/verb and over location/finished receive minimal front-side disambiguation; all other PromptHint values remain blank and prior release-visible content is unchanged.
klose,4,KV000331,0e924513c31c2624573dc0756f7811df40f0a238779e8d8f1a16d0fd4350fb83,model-reviewed,2026-09-05,model,PromptHint migration reviewed: cook noun/verb and over location/finished receive minimal front-side disambiguation; all other PromptHint values remain blank and prior release-visible content is unchanged.
klose,4,KV000332,6432b433e5ab4aaa9d5566ac997ff275c7d8917611d85598317ffa4dc05ca0a3,model-reviewed,2026-09-05,model,PromptHint migration reviewed: cook noun/verb and over location/finished receive minimal front-side disambiguation; all other PromptHint values remain blank and prior release-visible content is unchanged.
klose,4,KV000333,7d5043264dde23db2ca90d4127782e2442d923749b709a0cb3dcdbffeddee158,model-reviewed,2026-09-05,model,PromptHint migration reviewed: cook noun/verb and over location/finished receive minimal front-side disambiguation; all other PromptHint values remain blank and prior release-visible content is unchanged.
klose,4,KV000334,3d4ac9b9e3fffdae7bec2539bc34e03225153905607f13a57acb27de956d2d59,model-reviewed,2026-09-05,model,PromptHint migration reviewed: cook noun/verb and over location/finished receive minimal front-side disambiguation; all other PromptHint values remain blank and prior release-visible content is unchanged.
klose,4,KV000335,a01d4640b6e063dfe8fbb08a73524021cc6ea79b69c82b8352201db0deb3e2b5,model-reviewed,2026-09-05,model,PromptHint migration reviewed: cook noun/verb and over location/finished receive minimal front-side disambiguation; all other PromptHint values remain blank and prior release-visible content is unchanged.
klose,4,KV000336,28132a304bfd3737da3d85df07e5863cc2d9fe73eb48485e05fa31284357bb5a,model-reviewed,2026-09-05,model,PromptHint migration reviewed: cook noun/verb and over location/finished receive minimal front-side disambiguation; all other PromptHint values remain blank and prior release-visible content is unchanged.
klose,4,KV000337,748bebf02d992b94e888978b63af1f3bf91cc7d86285e676712f53ad64c37387,model-reviewed,2026-09-05,model,PromptHint migration reviewed: cook noun/verb and over location/finished receive minimal front-side disambiguation; all other PromptHint values remain blank and prior release-visible content is unchanged.
klose,4,KV000338,234389031b7496ce5c20734267c1ee758a8bb84971ec2e31d39ea442a3bec147,model-reviewed,2026-09-05,model,PromptHint migration reviewed: cook noun/verb and over location/finished receive minimal front-side disambiguation; all other PromptHint values remain blank and prior release-visible content is unchanged.
klose,4,KV000339,6ec3e2157710cc5f86399bdbf384af6414b36d0c6eba31c6eca0c339636ce6c7,model-reviewed,2026-09-05,model,PromptHint migration reviewed: cook noun/verb and over location/finished receive minimal front-side disambiguation; all other PromptHint values remain blank and prior release-visible content is unchanged.
klose,4,KV000340,6680e9e2d73ffd1a80c25c23fd0ef514e8fd7335dfcdea33a66e646abc13dc95,model-reviewed,2026-09-05,model,PromptHint migration reviewed: cook noun/verb and over location/finished receive minimal front-side disambiguation; all other PromptHint values remain blank and prior release-visible content is unchanged.
klose,4,KV000341,7fed7240a5a5f2c84d9d7b3700e04c1ec0348b12c76d1e636e994e53bfba4a8d,model-reviewed,2026-09-05,model,PromptHint migration reviewed: cook noun/verb and over location/finished receive minimal front-side disambiguation; all other PromptHint values remain blank and prior release-visible content is unchanged.
klose,4,KV000342,7973a21a16900192ffd987c319891ec88a525f1f420da247fff5d0ee01b1a5ff,model-reviewed,2026-09-05,model,PromptHint migration reviewed: cook noun/verb and over location/finished receive minimal front-side disambiguation; all other PromptHint values remain blank and prior release-visible content is unchanged.
klose,4,KV000343,e38155c4a0aa7c7fb01290f894f7e6d018ddb1792494cc4bfa3e2a6612e3cad3,model-reviewed,2026-09-05,model,PromptHint migration reviewed: cook noun/verb and over location/finished receive minimal front-side disambiguation; all other PromptHint values remain blank and prior release-visible content is unchanged.
klose,4,KV000344,7bb215e70ad9a2d20cb13e2b009aefed4dedb6753099b2bb6bfa53bf92c4b99e,model-reviewed,2026-09-05,model,PromptHint migration reviewed: cook noun/verb and over location/finished receive minimal front-side disambiguation; all other PromptHint values remain blank and prior release-visible content is unchanged.
klose,4,KV000345,cdecec72225ac4815efdbd9cf69f5b490d9cc898ff004636ce9d6f519df89d44,model-reviewed,2026-09-05,model,PromptHint migration reviewed: cook noun/verb and over location/finished receive minimal front-side disambiguation; all other PromptHint values remain blank and prior release-visible content is unchanged.
klose,4,KV000346,526d3e01595ae228eed0fb199aece5f31c2f8c82e7a866b14c574c74e22b3378,model-reviewed,2026-09-05,model,PromptHint migration reviewed: cook noun/verb and over location/finished receive minimal front-side disambiguation; all other PromptHint values remain blank and prior release-visible content is unchanged.
klose,4,KV000347,7d2235d378b5076981a893f5eac6a181f37814a76a367ebb41a9a2863c9ec0a8,model-reviewed,2026-09-05,model,PromptHint migration reviewed: cook noun/verb and over location/finished receive minimal front-side disambiguation; all other PromptHint values remain blank and prior release-visible content is unchanged.
klose,4,KV000348,a2c94c612d7a1913e4a9cf5bfb81ab136e8c27c45ff6cca921d1d7c74c2c9a7a,model-reviewed,2026-09-05,model,PromptHint migration reviewed: cook noun/verb and over location/finished receive minimal front-side disambiguation; all other PromptHint values remain blank and prior release-visible content is unchanged.
klose,4,KV000349,e015acb98fce5b46fc9856a01e36ead357f37fd63f25f0c9475ef6e83cef1ad1,model-reviewed,2026-09-05,model,PromptHint migration reviewed: cook noun/verb and over location/finished receive minimal front-side disambiguation; all other PromptHint values remain blank and prior release-visible content is unchanged.
klose,4,KV000350,638351859bd9e380e929e2ad00caf5d79a165eaaad762b95418a3de8632c51ee,model-reviewed,2026-09-05,model,PromptHint migration reviewed: cook noun/verb and over location/finished receive minimal front-side disambiguation; all other PromptHint values remain blank and prior release-visible content is unchanged.
klose,4,KV000351,00438d2d507ad830d627da24b17b3dfd89e0833d4b718b0a346bc2811991960c,model-reviewed,2026-09-05,model,PromptHint migration reviewed: cook noun/verb and over location/finished receive minimal front-side disambiguation; all other PromptHint values remain blank and prior release-visible content is unchanged.
klose,4,KV000352,494dfedc45acaf60a3d711742bc95f0bb58b4ba7267e7ade4961d34fc0a40735,model-reviewed,2026-09-05,model,PromptHint migration reviewed: cook noun/verb and over location/finished receive minimal front-side disambiguation; all other PromptHint values remain blank and prior release-visible content is unchanged.
klose,4,KV000353,34e6fec44a81eacc7031810235596c6409874583779715b26adb47e9f94cfeab,model-reviewed,2026-09-05,model,PromptHint migration reviewed: cook noun/verb and over location/finished receive minimal front-side disambiguation; all other PromptHint values remain blank and prior release-visible content is unchanged.
klose,4,KV000354,ab44c6d8294c13096b4f6265af3fe919aea0dff116fd0a4bf185c33c2d215496,model-reviewed,2026-09-05,model,PromptHint migration reviewed: cook noun/verb and over location/finished receive minimal front-side disambiguation; all other PromptHint values remain blank and prior release-visible content is unchanged.
klose,4,KV000355,5be596237ed2cf2eb605dacad2d6cda00ea4253691dd3701ae5c15841a1fa5a2,model-reviewed,2026-09-05,model,PromptHint migration reviewed: cook noun/verb and over location/finished receive minimal front-side disambiguation; all other PromptHint values remain blank and prior release-visible content is unchanged.
klose,4,KV000356,3519f145c0c72f57834dc764a0f3fdd010cce7527899539974a14212e155ab77,model-reviewed,2026-09-05,model,PromptHint migration reviewed: cook noun/verb and over location/finished receive minimal front-side disambiguation; all other PromptHint values remain blank and prior release-visible content is unchanged.
klose,4,KV000357,1a3f6480f2b4cb5433cfd1151cfd12e43999245dd515adb5cf0c1defc2c6b67b,model-reviewed,2026-09-05,model,PromptHint migration reviewed: cook noun/verb and over location/finished receive minimal front-side disambiguation; all other PromptHint values remain blank and prior release-visible content is unchanged.
klose,4,KV000358,063db4ddf5fad54aeba7fb76d5b5b7d001a4f5f31a14eed4e86ab5071f02c0a4,model-reviewed,2026-09-05,model,PromptHint migration reviewed: cook noun/verb and over location/finished receive minimal front-side disambiguation; all other PromptHint values remain blank and prior release-visible content is unchanged.
klose,4,KV000359,6696f0cd2a961e96f3dcef3ba84e4ecca8e82df642c9d5db01fa8eb958efff28,model-reviewed,2026-09-10,model,"Full model semantic review of 288 active Grade 5-6 new Notes plus 55 focused reused/fingerprint-invalidated Notes; review corrections validated by learner-content, auxiliary-vocabulary, current-merge and full Vocabulary gates."
klose,4,KV000360,e0e57308cc437c8798c80355b39d0bd3fc745508d06affa832b01b1cb9e80005,model-reviewed,2026-09-05,model,PromptHint migration reviewed: cook noun/verb and over location/finished receive minimal front-side disambiguation; all other PromptHint values remain blank and prior release-visible content is unchanged.
klose,4,KV000361,120067bc8463c3358f3bcc06b0f8b8e32ebfe7f0588b9e1460275178eaf9553a,model-reviewed,2026-09-05,model,PromptHint migration reviewed: cook noun/verb and over location/finished receive minimal front-side disambiguation; all other PromptHint values remain blank and prior release-visible content is unchanged.
klose,4,KV000362,c07e8d848f050c10400a03c8252236a1eb157727a2b39708f81959386030d273,model-reviewed,2026-09-05,model,PromptHint migration reviewed: cook noun/verb and over location/finished receive minimal front-side disambiguation; all other PromptHint values remain blank and prior release-visible content is unchanged.
klose,4,KV000363,f2ecec0f49517d06729042a3ec5be27a2fae72081bd46864718747b4a4eabb7d,model-reviewed,2026-09-05,model,PromptHint migration reviewed: cook noun/verb and over location/finished receive minimal front-side disambiguation; all other PromptHint values remain blank and prior release-visible content is unchanged.
klose,4,KV000364,c1f4571beb46f81197153ef009c24e7da555a1831b06ae425ff29f19bd52f576,model-reviewed,2026-09-05,model,PromptHint migration reviewed: cook noun/verb and over location/finished receive minimal front-side disambiguation; all other PromptHint values remain blank and prior release-visible content is unchanged.
klose,4,KV000365,9ad17d4beff67edb04ca60330af910cb1162ea4fc506145c65fd194274dff2ac,model-reviewed,2026-09-05,model,PromptHint migration reviewed: cook noun/verb and over location/finished receive minimal front-side disambiguation; all other PromptHint values remain blank and prior release-visible content is unchanged.
klose,4,KV000366,b0564ce9d7cbdd89f5ff7ca2135b4b3f0641d43b78a071b51f364adf3afc7455,model-reviewed,2026-09-05,model,PromptHint migration reviewed: cook noun/verb and over location/finished receive minimal front-side disambiguation; all other PromptHint values remain blank and prior release-visible content is unchanged.
klose,4,KV000367,b45b6dbe155fae46d370f60dfea185519827bd8b13c0ae8a5d92f9f75028f4db,model-reviewed,2026-09-05,model,PromptHint migration reviewed: cook noun/verb and over location/finished receive minimal front-side disambiguation; all other PromptHint values remain blank and prior release-visible content is unchanged.
klose,4,KV000368,33ff9ad72ca4d938b8f0d7e4292e5999531113db0328947f8632b411e7ce52ff,model-reviewed,2026-09-05,model,PromptHint migration reviewed: cook noun/verb and over location/finished receive minimal front-side disambiguation; all other PromptHint values remain blank and prior release-visible content is unchanged.
klose,4,KV000369,8bec0fc662350c0ca9625d136288a0c4bc8513bcf679e0ba3d42a181b41c2be5,model-reviewed,2026-09-05,model,PromptHint migration reviewed: cook noun/verb and over location/finished receive minimal front-side disambiguation; all other PromptHint values remain blank and prior release-visible content is unchanged.
klose,4,KV000370,069291f1fe9582c63d196c1921b61bbf81827a5f662fadd06cd0c845e8f6f1eb,model-reviewed,2026-09-05,model,PromptHint migration reviewed: cook noun/verb and over location/finished receive minimal front-side disambiguation; all other PromptHint values remain blank and prior release-visible content is unchanged.
klose,4,KV000371,dd3d3fb2c5d08e464cc6d20b298872a04815f833cdb578f7b8ed16f3e53fd209,model-reviewed,2026-09-05,model,PromptHint migration reviewed: cook noun/verb and over location/finished receive minimal front-side disambiguation; all other PromptHint values remain blank and prior release-visible content is unchanged.
klose,4,KV000372,fac325b72c675776ab361217934fdda709cdcb47c9a60165a2e73d49d510a9dd,model-reviewed,2026-09-05,model,PromptHint migration reviewed: cook noun/verb and over location/finished receive minimal front-side disambiguation; all other PromptHint values remain blank and prior release-visible content is unchanged.
klose,4,KV000373,919b7213dce42f8e050d55c8f3d493ff16387a03ad57d815832bae056761ac6b,model-reviewed,2026-09-05,model,PromptHint migration reviewed: cook noun/verb and over location/finished receive minimal front-side disambiguation; all other PromptHint values remain blank and prior release-visible content is unchanged.
klose,4,KV000374,ecc54016ba025a4924a2ccbaaaacb58ed4b7fc7ca692dd49aadf8faeb91db17e,model-reviewed,2026-09-05,model,PromptHint migration reviewed: cook noun/verb and over location/finished receive minimal front-side disambiguation; all other PromptHint values remain blank and prior release-visible content is unchanged.
klose,4,KV000375,7281b8c5a08cc3a2e06457b764adc0978b0174e21239f275d53f4173f293bfc1,model-reviewed,2026-09-05,model,PromptHint migration reviewed: cook noun/verb and over location/finished receive minimal front-side disambiguation; all other PromptHint values remain blank and prior release-visible content is unchanged.
klose,4,KV000376,0b8119e86c65a0fcb98b1eed459b9be08cd08b389d3b333eee880c53fd88aa77,model-reviewed,2026-09-05,model,PromptHint migration reviewed: cook noun/verb and over location/finished receive minimal front-side disambiguation; all other PromptHint values remain blank and prior release-visible content is unchanged.
klose,4,KV000377,83bfe764f9f47c37cb0e5427c6db8c2b7aa68c9234404414675f2775741db6ca,model-reviewed,2026-09-05,model,PromptHint migration reviewed: cook noun/verb and over location/finished receive minimal front-side disambiguation; all other PromptHint values remain blank and prior release-visible content is unchanged.
klose,4,KV000378,65c8174769bdf19469297111db6b1cf3ec796228f103c2e4efde6ad2e32755ca,model-reviewed,2026-09-05,model,PromptHint migration reviewed: cook noun/verb and over location/finished receive minimal front-side disambiguation; all other PromptHint values remain blank and prior release-visible content is unchanged.
klose,4,KV000379,a106341756094c50aff3e73504d75df7524e031b9efad5e667b994e9428525fd,model-reviewed,2026-09-05,model,PromptHint migration reviewed: cook noun/verb and over location/finished receive minimal front-side disambiguation; all other PromptHint values remain blank and prior release-visible content is unchanged.
klose,4,KV000380,c22bf6bc1a90ca2294dd9322d2205841fe2d556032519bb12e88d935460f97ac,model-reviewed,2026-09-05,model,PromptHint migration reviewed: cook noun/verb and over location/finished receive minimal front-side disambiguation; all other PromptHint values remain blank and prior release-visible content is unchanged.
klose,4,KV000381,135296e3fa091341696682e0434e1452f5aacfdcad1abe2d6ce4f89224b47a30,model-reviewed,2026-09-05,model,PromptHint migration reviewed: cook noun/verb and over location/finished receive minimal front-side disambiguation; all other PromptHint values remain blank and prior release-visible content is unchanged.
klose,4,KV000382,c8aca967c1cb8a0544e784f379b87341bf9e9d83d9e4798f3e9e7eefff0bd41a,model-reviewed,2026-09-05,model,PromptHint migration reviewed: cook noun/verb and over location/finished receive minimal front-side disambiguation; all other PromptHint values remain blank and prior release-visible content is unchanged.
klose,4,KV000383,dd4ff0505f44b26863750131a07db9b5581f387783922d47c03a2020085d79d7,model-reviewed,2026-09-05,model,PromptHint migration reviewed: cook noun/verb and over location/finished receive minimal front-side disambiguation; all other PromptHint values remain blank and prior release-visible content is unchanged.
klose,4,KV000384,6d46b8fa4f8f41a47c817646e2985b7e553f75de8cd2dd1ce0cd30444ce1bb0d,model-reviewed,2026-09-05,model,PromptHint migration reviewed: cook noun/verb and over location/finished receive minimal front-side disambiguation; all other PromptHint values remain blank and prior release-visible content is unchanged.
klose,4,KV000385,58d21a6f39187a46b060b6a5d2f86287583ee6464f588e86b482e3acc989e6a0,model-reviewed,2026-09-05,model,PromptHint migration reviewed: cook noun/verb and over location/finished receive minimal front-side disambiguation; all other PromptHint values remain blank and prior release-visible content is unchanged.
klose,4,KV000386,f17bed90b2f9307a6cc05f320afb3c74a8a8e3edba0e3510e0744101b8946f3b,model-reviewed,2026-09-05,model,PromptHint migration reviewed: cook noun/verb and over location/finished receive minimal front-side disambiguation; all other PromptHint values remain blank and prior release-visible content is unchanged.
klose,4,KV000387,dbf2c8b7e3bcda8396737d6a677e003634a343368fdd2d8fce2829f716552adc,model-reviewed,2026-09-05,model,PromptHint migration reviewed: cook noun/verb and over location/finished receive minimal front-side disambiguation; all other PromptHint values remain blank and prior release-visible content is unchanged.
klose,4,KV000388,ae312ad70761ba3c0db509ad5361bb53c737d8019cba766d8284d398cb7a58d3,model-reviewed,2026-09-05,model,PromptHint migration reviewed: cook noun/verb and over location/finished receive minimal front-side disambiguation; all other PromptHint values remain blank and prior release-visible content is unchanged.
klose,4,KV000389,3af8c3e471934cbc8065fe2b998975d323a36b4d755acb2a4c2e15d6416098a9,model-reviewed,2026-09-05,model,PromptHint migration reviewed: cook noun/verb and over location/finished receive minimal front-side disambiguation; all other PromptHint values remain blank and prior release-visible content is unchanged.
klose,4,KV000390,6b53c52b8886b395cf5ddcaffbb67f082ff5c103db1dab3a82961cf1c1ef9f3a,model-reviewed,2026-09-05,model,PromptHint migration reviewed: cook noun/verb and over location/finished receive minimal front-side disambiguation; all other PromptHint values remain blank and prior release-visible content is unchanged.
klose,4,KV000391,1af8612c01bb5e5e1e9d3f035ae8d303e587af9f28145119208a43553d2f2fdd,model-reviewed,2026-09-05,model,PromptHint migration reviewed: cook noun/verb and over location/finished receive minimal front-side disambiguation; all other PromptHint values remain blank and prior release-visible content is unchanged.
klose,4,KV000392,83f4c432fa0ec48577777bd84063cadfc6b5b2b174ae4ef69eddc0a01fb3fc2b,model-reviewed,2026-09-05,model,PromptHint migration reviewed: cook noun/verb and over location/finished receive minimal front-side disambiguation; all other PromptHint values remain blank and prior release-visible content is unchanged.
klose,4,KV000393,f9c30aa09c3097826e6e8887bf1cdbc0ef518072f304610aaaa022b5d20c6658,model-reviewed,2026-09-05,model,PromptHint migration reviewed: cook noun/verb and over location/finished receive minimal front-side disambiguation; all other PromptHint values remain blank and prior release-visible content is unchanged.
klose,4,KV000394,aa7d5371f639624d9b7d87f52a00c73d5f75e90612995fa1fa94993ec472751a,model-reviewed,2026-09-05,model,PromptHint migration reviewed: cook noun/verb and over location/finished receive minimal front-side disambiguation; all other PromptHint values remain blank and prior release-visible content is unchanged.
klose,4,KV000395,06c914fe7eed5099ec60f7de2c4dea23fdf57089509c4d6ee0e977baf88a1e21,model-reviewed,2026-09-05,model,PromptHint migration reviewed: cook noun/verb and over location/finished receive minimal front-side disambiguation; all other PromptHint values remain blank and prior release-visible content is unchanged.
klose,4,KV000396,c0f8c10b637a4c62ccd36230a4e89d06a4db54ee405e64028832f9da1d454cc0,model-reviewed,2026-09-05,model,PromptHint migration reviewed: cook noun/verb and over location/finished receive minimal front-side disambiguation; all other PromptHint values remain blank and prior release-visible content is unchanged.
klose,4,KV000397,e545bad00af80d64b227a0d923377c00a503e1a15c00b6a1c91f39b47234ad2f,model-reviewed,2026-09-05,model,PromptHint migration reviewed: cook noun/verb and over location/finished receive minimal front-side disambiguation; all other PromptHint values remain blank and prior release-visible content is unchanged.
klose,4,KV000398,570589b1eaf441188e3ed2db2195f531edd35140f109f86762fe3a13828d0224,model-reviewed,2026-09-05,model,PromptHint migration reviewed: cook noun/verb and over location/finished receive minimal front-side disambiguation; all other PromptHint values remain blank and prior release-visible content is unchanged.
klose,4,KV000399,0c05f404c9784c271e41a5ccb62dc2daad6633570d84a22ae873e9c9c6afd969,model-reviewed,2026-09-05,model,PromptHint migration reviewed: cook noun/verb and over location/finished receive minimal front-side disambiguation; all other PromptHint values remain blank and prior release-visible content is unchanged.
klose,4,KV000400,2237a743660d2143e98ca0ff39f5cebb5ac804dc653e842a0e035547ef7b0af2,model-reviewed,2026-09-05,model,PromptHint migration reviewed: cook noun/verb and over location/finished receive minimal front-side disambiguation; all other PromptHint values remain blank and prior release-visible content is unchanged.
klose,4,KV000401,6517e42626e0ee7487876f7c255d3660b687a0ab75ee23f45244a66bcb676864,model-reviewed,2026-09-05,model,PromptHint migration reviewed: cook noun/verb and over location/finished receive minimal front-side disambiguation; all other PromptHint values remain blank and prior release-visible content is unchanged.
klose,4,KV000402,8f2dddc9a5b445f03e4a95a0aa19f515c53c9b68d9cf40d7821a322c0e68c7ac,model-reviewed,2026-09-05,model,PromptHint migration reviewed: cook noun/verb and over location/finished receive minimal front-side disambiguation; all other PromptHint values remain blank and prior release-visible content is unchanged.
klose,4,KV000403,6ad1ac9c766489347bfe066cda9bc5b3d97b49b576468da87f9e3e64d8dddc0b,model-reviewed,2026-09-05,model,PromptHint migration reviewed: cook noun/verb and over location/finished receive minimal front-side disambiguation; all other PromptHint values remain blank and prior release-visible content is unchanged.
klose,4,KV000404,0ab35e8f1779848b3373fb0e6aeed58219f78fe20a4eae029d895676c1356327,model-reviewed,2026-09-05,model,PromptHint migration reviewed: cook noun/verb and over location/finished receive minimal front-side disambiguation; all other PromptHint values remain blank and prior release-visible content is unchanged.
klose,4,KV000405,e58eecb9d2c435c76e1c0bfbb95416af115d4165cb19acadfd6941f380a06556,model-reviewed,2026-09-05,model,PromptHint migration reviewed: cook noun/verb and over location/finished receive minimal front-side disambiguation; all other PromptHint values remain blank and prior release-visible content is unchanged.
klose,4,KV000406,9be3e4a07a07b4bdd7f8322a69172b2276d6dba32a2a349ce45fb361ef803aab,model-reviewed,2026-09-05,model,PromptHint migration reviewed: cook noun/verb and over location/finished receive minimal front-side disambiguation; all other PromptHint values remain blank and prior release-visible content is unchanged.
klose,4,KV000407,e541c52a968e37b44e8e351ad855fab34bab9b359355c8b3e604257b4325edfd,model-reviewed,2026-09-05,model,PromptHint migration reviewed: cook noun/verb and over location/finished receive minimal front-side disambiguation; all other PromptHint values remain blank and prior release-visible content is unchanged.
klose,4,KV000408,6b2d9b8b91e44f83a4fbf4b5e09827bc99a16cd0423aada997f9198f2eeb67a2,model-reviewed,2026-09-05,model,PromptHint migration reviewed: cook noun/verb and over location/finished receive minimal front-side disambiguation; all other PromptHint values remain blank and prior release-visible content is unchanged.
klose,4,KV000409,cbd5b001bb0f9744a736b38dd2e64f5c7c79d33ddc9e31d2a6a2f7cebea37ec1,model-reviewed,2026-09-05,model,PromptHint migration reviewed: cook noun/verb and over location/finished receive minimal front-side disambiguation; all other PromptHint values remain blank and prior release-visible content is unchanged.
klose,4,KV000410,778f42cb42c22e4967a276d386c45c6bcbdf1e044ae53ae81624c0ec2877f333,model-reviewed,2026-09-05,model,PromptHint migration reviewed: cook noun/verb and over location/finished receive minimal front-side disambiguation; all other PromptHint values remain blank and prior release-visible content is unchanged.
klose,4,KV000411,7bd1cadedae34e8906b31ce19583b2a6e7d4bec40022297914be0eeaa531ace2,model-reviewed,2026-09-05,model,PromptHint migration reviewed: cook noun/verb and over location/finished receive minimal front-side disambiguation; all other PromptHint values remain blank and prior release-visible content is unchanged.
klose,4,KV000412,e66f276ff38d7f2f5e817a6c37e18a6e61702b0fa7b714de616097eaed2227a2,model-reviewed,2026-09-05,model,PromptHint migration reviewed: cook noun/verb and over location/finished receive minimal front-side disambiguation; all other PromptHint values remain blank and prior release-visible content is unchanged.
klose,4,KV000413,88f9664efbba3f71e6a3db808849945741838298fa31f1c8d1d1aa4c6c52c306,model-reviewed,2026-09-05,model,PromptHint migration reviewed: cook noun/verb and over location/finished receive minimal front-side disambiguation; all other PromptHint values remain blank and prior release-visible content is unchanged.
klose,4,KV000414,602afcad5c4a95b38bb77d385e72a2c968a73027bdf3894c3aa24c7ae0a2a2e2,model-reviewed,2026-09-05,model,PromptHint migration reviewed: cook noun/verb and over location/finished receive minimal front-side disambiguation; all other PromptHint values remain blank and prior release-visible content is unchanged.
klose,4,KV000415,667709f84705c93a8340a9b9cdd77a234247b36e5cf9e7a81926c82c17442646,model-reviewed,2026-09-05,model,PromptHint migration reviewed: cook noun/verb and over location/finished receive minimal front-side disambiguation; all other PromptHint values remain blank and prior release-visible content is unchanged.
klose,4,KV000416,863cefd1e1e655c23aa95588711746d4ee9efda5124a7bce55a0ade86fea0681,model-reviewed,2026-09-05,model,PromptHint migration reviewed: cook noun/verb and over location/finished receive minimal front-side disambiguation; all other PromptHint values remain blank and prior release-visible content is unchanged.
klose,4,KV000417,4de357ce9ab9182361c3d847905d29d273a8f051ce9ced4906fe426ad70c4f8f,model-reviewed,2026-09-05,model,PromptHint migration reviewed: cook noun/verb and over location/finished receive minimal front-side disambiguation; all other PromptHint values remain blank and prior release-visible content is unchanged.
klose,4,KV000418,08f91ef5c0908fa1e9bcdfebc704ab3ad5d815866b17619546d9ea4bcbda8ce8,model-reviewed,2026-09-05,model,PromptHint migration reviewed: cook noun/verb and over location/finished receive minimal front-side disambiguation; all other PromptHint values remain blank and prior release-visible content is unchanged.
klose,4,KV000419,918e8c085a678c721f7d89c1602e0e18da6e052ac606d3e3fe40070f126c3a01,model-reviewed,2026-09-05,model,PromptHint migration reviewed: cook noun/verb and over location/finished receive minimal front-side disambiguation; all other PromptHint values remain blank and prior release-visible content is unchanged.
klose,4,KV000420,eafed688624221f66737e7c77685c0fde6387c9c3c83d4c030835f169de69fc1,model-reviewed,2026-09-05,model,PromptHint migration reviewed: cook noun/verb and over location/finished receive minimal front-side disambiguation; all other PromptHint values remain blank and prior release-visible content is unchanged.
klose,4,KV000421,0f193e7b4e5bff66f728e98af0b97e515dc770ca93bbb8240ff658ea8ab9d891,model-reviewed,2026-09-05,model,PromptHint migration reviewed: cook noun/verb and over location/finished receive minimal front-side disambiguation; all other PromptHint values remain blank and prior release-visible content is unchanged.
klose,4,KV000422,e4ae3dfcb66d3c60b42522c8878329d05c0351d013c4ef8f78cc4485f44b004c,model-reviewed,2026-09-05,model,PromptHint migration reviewed: cook noun/verb and over location/finished receive minimal front-side disambiguation; all other PromptHint values remain blank and prior release-visible content is unchanged.
klose,4,KV000423,19ed6af6afdb21fd5ad06ab56dbf8d87fb7fa170c625adb2c743b6577f063361,model-reviewed,2026-09-05,model,PromptHint migration reviewed: cook noun/verb and over location/finished receive minimal front-side disambiguation; all other PromptHint values remain blank and prior release-visible content is unchanged.
klose,4,KV000424,d4acc3bf5335cb7b4681cdb6722125f2c1f6c200ff83f219150704870fb90868,model-reviewed,2026-09-05,model,PromptHint migration reviewed: cook noun/verb and over location/finished receive minimal front-side disambiguation; all other PromptHint values remain blank and prior release-visible content is unchanged.
klose,4,KV000425,78c693d5c926c795d588fb1d1c3dd7c0f888c9d886e2eda764f4b8114d546620,model-reviewed,2026-09-05,model,PromptHint migration reviewed: cook noun/verb and over location/finished receive minimal front-side disambiguation; all other PromptHint values remain blank and prior release-visible content is unchanged.
klose,4,KV000426,e9122fc940d07e7a7bd2eed85d04689e6b8b2b486ce2e3c16d1b25012cb3b289,model-reviewed,2026-09-05,model,PromptHint migration reviewed: cook noun/verb and over location/finished receive minimal front-side disambiguation; all other PromptHint values remain blank and prior release-visible content is unchanged.
klose,4,KV000427,25fb71bf98be89c71608c6fcc59ee563bd955317370b9ef8370a1a1158df2a9a,model-reviewed,2026-09-05,model,PromptHint migration reviewed: cook noun/verb and over location/finished receive minimal front-side disambiguation; all other PromptHint values remain blank and prior release-visible content is unchanged.
klose,4,KV000428,3df090a8fa30204e5575af41fc3cc3a8ad2500ab9f878e164af2033419ff119b,model-reviewed,2026-09-05,model,PromptHint migration reviewed: cook noun/verb and over location/finished receive minimal front-side disambiguation; all other PromptHint values remain blank and prior release-visible content is unchanged.
klose,4,KV000429,96adc4f033534dfc6323fd7bd635b061a38e58dbde8103f9d9f1a1e831a4b508,model-reviewed,2026-09-05,model,PromptHint migration reviewed: cook noun/verb and over location/finished receive minimal front-side disambiguation; all other PromptHint values remain blank and prior release-visible content is unchanged.
klose,4,KV000430,6cac45fa9b70e4c9f79ae4b7db1205e9c8516d7b8e5d4c3aad5efb78d64e8978,model-reviewed,2026-09-05,model,PromptHint migration reviewed: cook noun/verb and over location/finished receive minimal front-side disambiguation; all other PromptHint values remain blank and prior release-visible content is unchanged.
klose,4,KV000431,05eff017eccc129db5e163c65d85c9730b1fd64a2ba339d95bb45369a13ba865,model-reviewed,2026-09-05,model,PromptHint migration reviewed: cook noun/verb and over location/finished receive minimal front-side disambiguation; all other PromptHint values remain blank and prior release-visible content is unchanged.
klose,4,KV000432,09f1b3b6d677ca280a9b2ceeb2018636836acaa9df451ec5386baf14bf0bd682,model-reviewed,2026-09-05,model,PromptHint migration reviewed: cook noun/verb and over location/finished receive minimal front-side disambiguation; all other PromptHint values remain blank and prior release-visible content is unchanged.
klose,4,KV000433,17f65c2b4f16a6e3e1d15e30714af5dd894bdf75a7eb293be7cf231476274f71,model-reviewed,2026-09-05,model,PromptHint migration reviewed: cook noun/verb and over location/finished receive minimal front-side disambiguation; all other PromptHint values remain blank and prior release-visible content is unchanged.
klose,4,KV000434,bc2eb21e059eef98a454e122883a49f5a826f4c6f055bc8497648d3bcbc69490,model-reviewed,2026-09-05,model,PromptHint migration reviewed: cook noun/verb and over location/finished receive minimal front-side disambiguation; all other PromptHint values remain blank and prior release-visible content is unchanged.
klose,4,KV000435,9ae8ab492244601aba67e884ac5f25f7e9e32c38309c693d5dedb71ff6e6b896,model-reviewed,2026-09-05,model,PromptHint migration reviewed: cook noun/verb and over location/finished receive minimal front-side disambiguation; all other PromptHint values remain blank and prior release-visible content is unchanged.
klose,4,KV000436,a27cb172d6b9a9f972a99a3f94b430899dd60c708d085e6fd8b5907399302601,model-reviewed,2026-09-05,model,PromptHint migration reviewed: cook noun/verb and over location/finished receive minimal front-side disambiguation; all other PromptHint values remain blank and prior release-visible content is unchanged.
klose,4,KV000437,d9ca935b28e025fc11b83a0ed39e9c6bb46c71fd86b4c6debc7a63cc2643cb92,model-reviewed,2026-09-05,model,PromptHint migration reviewed: cook noun/verb and over location/finished receive minimal front-side disambiguation; all other PromptHint values remain blank and prior release-visible content is unchanged.
klose,4,KV000438,90276a2c2dce0c0c9f2c59e3f140ee125164eebc559af4964f795c8c27be64dc,model-reviewed,2026-09-05,model,PromptHint migration reviewed: cook noun/verb and over location/finished receive minimal front-side disambiguation; all other PromptHint values remain blank and prior release-visible content is unchanged.
klose,4,KV000439,8e0f35b92919e3e745edea34be8019acae9866912fb81b14b090d9b121475b1f,model-reviewed,2026-09-05,model,PromptHint migration reviewed: cook noun/verb and over location/finished receive minimal front-side disambiguation; all other PromptHint values remain blank and prior release-visible content is unchanged.
klose,4,KV000440,16ea221024e2a2892eea50671bc006f062c79da744be2c8522f1f7898c994ef8,model-reviewed,2026-09-05,model,PromptHint migration reviewed: cook noun/verb and over location/finished receive minimal front-side disambiguation; all other PromptHint values remain blank and prior release-visible content is unchanged.
klose,4,KV000441,431bf5a534c8c75ca8ac110e3f5c9cac1c1c15c68d6c3151bb5df661537d935d,model-reviewed,2026-09-05,model,PromptHint migration reviewed: cook noun/verb and over location/finished receive minimal front-side disambiguation; all other PromptHint values remain blank and prior release-visible content is unchanged.
klose,4,KV000442,9bafe437e27ca1b15dd3679db4c5891f0de11178bb099e422dcddef62dd2702c,model-reviewed,2026-09-05,model,PromptHint migration reviewed: cook noun/verb and over location/finished receive minimal front-side disambiguation; all other PromptHint values remain blank and prior release-visible content is unchanged.
klose,4,KV000443,b39aab87af766b83ff87bd1092379044cac1a5ee290db9b675783dbdefc3e769,model-reviewed,2026-09-05,model,PromptHint migration reviewed: cook noun/verb and over location/finished receive minimal front-side disambiguation; all other PromptHint values remain blank and prior release-visible content is unchanged.
klose,4,KV000444,94b78d7d8a76c3d0870416ca5af5b8c265b1cedf7ab0633a2afd33883f933e00,model-reviewed,2026-09-05,model,PromptHint migration reviewed: cook noun/verb and over location/finished receive minimal front-side disambiguation; all other PromptHint values remain blank and prior release-visible content is unchanged.
klose,4,KV000445,0d04cca4d2b4f1501da76f00bb7b237a4758b93b6c33de0f2e1c6b1260dcffa5,model-reviewed,2026-09-05,model,PromptHint migration reviewed: cook noun/verb and over location/finished receive minimal front-side disambiguation; all other PromptHint values remain blank and prior release-visible content is unchanged.
klose,4,KV000446,4fab902141f3a83078e12f459b2b8366bf4f82507054b6e8253cf219b272f069,model-reviewed,2026-09-05,model,PromptHint migration reviewed: cook noun/verb and over location/finished receive minimal front-side disambiguation; all other PromptHint values remain blank and prior release-visible content is unchanged.
klose,4,KV000447,4a5ba61eed9d88f72a53665937b599f7cb831eee3e2083685923ba028ad21e43,model-reviewed,2026-09-05,model,PromptHint migration reviewed: cook noun/verb and over location/finished receive minimal front-side disambiguation; all other PromptHint values remain blank and prior release-visible content is unchanged.
klose,4,KV000448,f4873384f2c5dbde9be2c92955c2a3a225292610138ef1650b18dd8bc8112ec6,model-reviewed,2026-09-05,model,PromptHint migration reviewed: cook noun/verb and over location/finished receive minimal front-side disambiguation; all other PromptHint values remain blank and prior release-visible content is unchanged.
klose,4,KV000449,e8cb7cfe9b48d71d6d35f797887e1109c697e4f4248851756294c62492b2c9a3,model-reviewed,2026-09-05,model,PromptHint migration reviewed: cook noun/verb and over location/finished receive minimal front-side disambiguation; all other PromptHint values remain blank and prior release-visible content is unchanged.
klose,4,KV000450,0bc39350e7baa9f405446d05e74f4b0b726f510ebc1bef211574719627439610,model-reviewed,2026-09-05,model,PromptHint migration reviewed: cook noun/verb and over location/finished receive minimal front-side disambiguation; all other PromptHint values remain blank and prior release-visible content is unchanged.
klose,4,KV000451,45d3394c0395c8a230196a8ac7dd61d0578d1f92d234bad57c59129412351078,model-reviewed,2026-09-05,model,PromptHint migration reviewed: cook noun/verb and over location/finished receive minimal front-side disambiguation; all other PromptHint values remain blank and prior release-visible content is unchanged.
klose,4,KV000452,364e39ec8292e197018258975e35efa79a634788e7e9677ed103c531bce2df4e,model-reviewed,2026-09-05,model,PromptHint migration reviewed: cook noun/verb and over location/finished receive minimal front-side disambiguation; all other PromptHint values remain blank and prior release-visible content is unchanged.
klose,4,KV000453,e4ebdd499683e1dbb8c2893f922c5869e157714365ebea9f90e1677769123092,model-reviewed,2026-09-05,model,PromptHint migration reviewed: cook noun/verb and over location/finished receive minimal front-side disambiguation; all other PromptHint values remain blank and prior release-visible content is unchanged.
klose,4,KV000454,ca6d940aa1e4c3a2abbcebeea109e9dd34388d560388ea03489c4fd38adb8ec1,model-reviewed,2026-09-05,model,PromptHint migration reviewed: cook noun/verb and over location/finished receive minimal front-side disambiguation; all other PromptHint values remain blank and prior release-visible content is unchanged.
klose,4,KV000455,32d30f8ebdd5eb752e5cbe1475443a94c89809c9fbcd61328e78d0631168a040,model-reviewed,2026-09-05,model,PromptHint migration reviewed: cook noun/verb and over location/finished receive minimal front-side disambiguation; all other PromptHint values remain blank and prior release-visible content is unchanged.
klose,4,KV000456,afdc6b2a6658cd42fa0d1c0f5125b6d597ca91e6388d2bc1e5bfe31f2ac3616f,model-reviewed,2026-09-05,model,PromptHint migration reviewed: cook noun/verb and over location/finished receive minimal front-side disambiguation; all other PromptHint values remain blank and prior release-visible content is unchanged.
klose,4,KV000457,3e6c567c22ee79b2d684ce723731750fdac6383e9a4e510fb19712ad527e1ab4,model-reviewed,2026-09-05,model,PromptHint migration reviewed: cook noun/verb and over location/finished receive minimal front-side disambiguation; all other PromptHint values remain blank and prior release-visible content is unchanged.
klose,4,KV000458,f9e0a12dd09c60974ee0d04af1611ae00c1c55cfa4b23cb230ffad3af40d6243,model-reviewed,2026-09-05,model,PromptHint migration reviewed: cook noun/verb and over location/finished receive minimal front-side disambiguation; all other PromptHint values remain blank and prior release-visible content is unchanged.
klose,4,KV000459,d59a30325ec645ff4dd41008ba51295c4d4f4c28d225b0f0dbc42d01491249a2,model-reviewed,2026-09-05,model,PromptHint migration reviewed: cook noun/verb and over location/finished receive minimal front-side disambiguation; all other PromptHint values remain blank and prior release-visible content is unchanged.
klose,4,KV000460,ca3658310aec83e173702b13749ffc98cefdcd198759cc74098dd96ea5a8ae13,model-reviewed,2026-09-05,model,PromptHint migration reviewed: cook noun/verb and over location/finished receive minimal front-side disambiguation; all other PromptHint values remain blank and prior release-visible content is unchanged.
klose,4,KV000461,8183e0b1651daaf4e5cb6791209c4f4fceb2a503ae3eba173e2d0e656ed764b1,model-reviewed,2026-09-05,model,PromptHint migration reviewed: cook noun/verb and over location/finished receive minimal front-side disambiguation; all other PromptHint values remain blank and prior release-visible content is unchanged.
klose,4,KV000462,5377c203ad151b0f615407f030335ed95e6e46925f402ca1bdd039c74a0252d9,model-reviewed,2026-09-05,model,PromptHint migration reviewed: cook noun/verb and over location/finished receive minimal front-side disambiguation; all other PromptHint values remain blank and prior release-visible content is unchanged.
klose,4,KV000463,6c4db7d878262d8161c5072cd3c6c545a7d0c97fd8f7fb286457ead2023cb6b6,model-reviewed,2026-09-05,model,PromptHint migration reviewed: cook noun/verb and over location/finished receive minimal front-side disambiguation; all other PromptHint values remain blank and prior release-visible content is unchanged.
klose,4,KV000464,e6b2cb7e940c1ef3246cc68b67bbca5e972c49c4132982782bd3762c39226ff2,model-reviewed,2026-09-05,model,PromptHint migration reviewed: cook noun/verb and over location/finished receive minimal front-side disambiguation; all other PromptHint values remain blank and prior release-visible content is unchanged.
klose,4,KV000465,263244610396c7fff064f8dd0bd346cec0367052983cf388566f3a723b37530e,model-reviewed,2026-09-05,model,PromptHint migration reviewed: cook noun/verb and over location/finished receive minimal front-side disambiguation; all other PromptHint values remain blank and prior release-visible content is unchanged.
klose,4,KV000466,ccbbe0896390b2efb7f2372a385c2b6671ab532e5c8a8dd6eb52a85404cf8c54,model-reviewed,2026-09-05,model,PromptHint migration reviewed: cook noun/verb and over location/finished receive minimal front-side disambiguation; all other PromptHint values remain blank and prior release-visible content is unchanged.
klose,4,KV000467,a977a4cb91d30571c843da15b0793c2cd85a65f5744e431080bce3c54c7b5a23,model-reviewed,2026-09-05,model,PromptHint migration reviewed: cook noun/verb and over location/finished receive minimal front-side disambiguation; all other PromptHint values remain blank and prior release-visible content is unchanged.
klose,4,KV000468,e1b75823df7437230d6ae4c87f9c68fb3651903774dac2673041136f67ae259d,model-reviewed,2026-09-05,model,PromptHint migration reviewed: cook noun/verb and over location/finished receive minimal front-side disambiguation; all other PromptHint values remain blank and prior release-visible content is unchanged.
klose,4,KV000469,553b31b3083b2f0a444452c0f718b7d4fc78730957a07232d4915b3535a6e31b,model-reviewed,2026-09-05,model,PromptHint migration reviewed: cook noun/verb and over location/finished receive minimal front-side disambiguation; all other PromptHint values remain blank and prior release-visible content is unchanged.
klose,4,KV000470,3867e0ecc4f66c5d80cea38344923374b9d00882f17555b4d7118475e1cf52ce,model-reviewed,2026-09-05,model,PromptHint migration reviewed: cook noun/verb and over location/finished receive minimal front-side disambiguation; all other PromptHint values remain blank and prior release-visible content is unchanged.
klose,4,KV000471,008d22732caa8ba4517a46076304e2f8ed13c3bd553ce82ceb8b39022a8dbb8e,model-reviewed,2026-09-05,model,PromptHint migration reviewed: cook noun/verb and over location/finished receive minimal front-side disambiguation; all other PromptHint values remain blank and prior release-visible content is unchanged.
klose,4,KV000472,642164f53c878a315113aaab5b81abab5c2ce0578604a4f65ce342471313bc96,model-reviewed,2026-09-05,model,PromptHint migration reviewed: cook noun/verb and over location/finished receive minimal front-side disambiguation; all other PromptHint values remain blank and prior release-visible content is unchanged.
klose,4,KV000473,4abdddc81bff6d8a14759f9a93eefc2495682df8de8b68b5395ebcbd0404496b,model-reviewed,2026-09-05,model,PromptHint migration reviewed: cook noun/verb and over location/finished receive minimal front-side disambiguation; all other PromptHint values remain blank and prior release-visible content is unchanged.
klose,4,KV000474,db30839cbe254517163ceeda63234b425589275f1ae56a75772520b281aeff77,model-reviewed,2026-09-05,model,PromptHint migration reviewed: cook noun/verb and over location/finished receive minimal front-side disambiguation; all other PromptHint values remain blank and prior release-visible content is unchanged.
klose,4,KV000475,b172b275027a0b219a0ce1f1ec906ebdfba21c1b82f7b006bc7701e087975698,model-reviewed,2026-09-05,model,PromptHint migration reviewed: cook noun/verb and over location/finished receive minimal front-side disambiguation; all other PromptHint values remain blank and prior release-visible content is unchanged.
klose,4,KV000476,a36844264a2fe244866bd27f994aafffffcd168e7e8ada8643b34502dbd91c0c,model-reviewed,2026-09-05,model,PromptHint migration reviewed: cook noun/verb and over location/finished receive minimal front-side disambiguation; all other PromptHint values remain blank and prior release-visible content is unchanged.
klose,4,KV000477,82311a07dfd52098f587b83b56534276ab158a7ca7ebd3b9f8ac4e5b14f71319,model-reviewed,2026-09-05,model,PromptHint migration reviewed: cook noun/verb and over location/finished receive minimal front-side disambiguation; all other PromptHint values remain blank and prior release-visible content is unchanged.
klose,4,KV000478,b221d9bac6fc47864d933e8d35851241234b6bd92fc35afd638d39ac736133ba,model-reviewed,2026-09-05,model,PromptHint migration reviewed: cook noun/verb and over location/finished receive minimal front-side disambiguation; all other PromptHint values remain blank and prior release-visible content is unchanged.
klose,4,KV000479,842a0de53f65ac72ed65750c1da69e5c258a40570dc665d4eff3624d1c4c8dd9,model-reviewed,2026-09-05,model,PromptHint migration reviewed: cook noun/verb and over location/finished receive minimal front-side disambiguation; all other PromptHint values remain blank and prior release-visible content is unchanged.
klose,4,KV000480,c1dd648fe8c0563352d5efdeba38744caba55bd9f712f161491f8bf568eeb9fb,model-reviewed,2026-09-05,model,PromptHint migration reviewed: cook noun/verb and over location/finished receive minimal front-side disambiguation; all other PromptHint values remain blank and prior release-visible content is unchanged.
klose,4,KV000481,3add1ddf978e13322e131a5e0b10e1fd8686ae68c3082b4095b8c2c252c6f159,model-reviewed,2026-09-05,model,PromptHint migration reviewed: cook noun/verb and over location/finished receive minimal front-side disambiguation; all other PromptHint values remain blank and prior release-visible content is unchanged.
klose,4,KV000482,34dd52434994c58ca0b9d1c057fb7a3c631fca0c529b6a67b5326ba2e540b878,model-reviewed,2026-09-05,model,PromptHint migration reviewed: cook noun/verb and over location/finished receive minimal front-side disambiguation; all other PromptHint values remain blank and prior release-visible content is unchanged.
klose,4,KV000483,e90893977fa81b053e6f594e7d11ad3fbde2708b9f3ed07ae1d0f447b75a71b0,model-reviewed,2026-09-10,model,"Full model semantic review of 288 active Grade 5-6 new Notes plus 55 focused reused/fingerprint-invalidated Notes; review corrections validated by learner-content, auxiliary-vocabulary, current-merge and full Vocabulary gates."
klose,4,KV000484,353dd66c3283d004ac9b13cb469beb2762461133c613723d92423d0ffb1ce12f,model-reviewed,2026-09-05,model,PromptHint migration reviewed: cook noun/verb and over location/finished receive minimal front-side disambiguation; all other PromptHint values remain blank and prior release-visible content is unchanged.
klose,4,KV000485,76fb2bc105e5b36b0a6b589c35e5a572eb5ac5f27d13c1f2ae4954973ec1f980,model-reviewed,2026-09-05,model,PromptHint migration reviewed: cook noun/verb and over location/finished receive minimal front-side disambiguation; all other PromptHint values remain blank and prior release-visible content is unchanged.
klose,4,KV000486,61709f0d4a1cd09dac08e3a9cdc20c2313dd834b972660dd0e0b71c8e9a52a69,model-reviewed,2026-09-05,model,PromptHint migration reviewed: cook noun/verb and over location/finished receive minimal front-side disambiguation; all other PromptHint values remain blank and prior release-visible content is unchanged.
klose,4,KV000487,e4c47092875c2f3a1cafd33ebaf22b5d15b871d79671423d626e1c27daef7cd2,model-reviewed,2026-09-05,model,PromptHint migration reviewed: cook noun/verb and over location/finished receive minimal front-side disambiguation; all other PromptHint values remain blank and prior release-visible content is unchanged.
klose,4,KV000488,2b02fcd39eb0d129f1f1e7961c3b6844c932856b67d64c432da70d4ad73b342c,model-reviewed,2026-09-05,model,PromptHint migration reviewed: cook noun/verb and over location/finished receive minimal front-side disambiguation; all other PromptHint values remain blank and prior release-visible content is unchanged.
klose,4,KV000489,4cc037049bea293aa9470fe33c0d792bada9e6adb7e67267e93659076479d042,model-reviewed,2026-09-05,model,PromptHint migration reviewed: cook noun/verb and over location/finished receive minimal front-side disambiguation; all other PromptHint values remain blank and prior release-visible content is unchanged.
klose,4,KV000490,5b6ae2068701d03f4dc8974c2ba35e85e95d70efc4c987ea7282d73075614d2a,model-reviewed,2026-09-05,model,PromptHint migration reviewed: cook noun/verb and over location/finished receive minimal front-side disambiguation; all other PromptHint values remain blank and prior release-visible content is unchanged.
klose,4,KV000491,d008f9cf0506a9306302a09f8d22c1a9938560ef471d5a9183a50bd5933d2a53,model-reviewed,2026-09-05,model,PromptHint migration reviewed: cook noun/verb and over location/finished receive minimal front-side disambiguation; all other PromptHint values remain blank and prior release-visible content is unchanged.
klose,4,KV000492,4270307aab0032c6ad2ed63591e95cc66637be32521063ec34e2eb53c531738a,model-reviewed,2026-09-05,model,PromptHint migration reviewed: cook noun/verb and over location/finished receive minimal front-side disambiguation; all other PromptHint values remain blank and prior release-visible content is unchanged.
klose,4,KV000493,a459b3578c0837c3e83726e37b1fb5d3301e4504a301860e18184978e9301dc0,model-reviewed,2026-09-05,model,PromptHint migration reviewed: cook noun/verb and over location/finished receive minimal front-side disambiguation; all other PromptHint values remain blank and prior release-visible content is unchanged.
klose,4,KV000494,8161c775672dc8c64c7e5b03b41d3c588919163e6ab92a5fa7eed5c85945f7fa,model-reviewed,2026-09-05,model,PromptHint migration reviewed: cook noun/verb and over location/finished receive minimal front-side disambiguation; all other PromptHint values remain blank and prior release-visible content is unchanged.
klose,4,KV000495,fb403f7f35b3e910f20ed450ca299b7e2f3a50f67aed5762212b3930824fed9f,model-reviewed,2026-09-05,model,PromptHint migration reviewed: cook noun/verb and over location/finished receive minimal front-side disambiguation; all other PromptHint values remain blank and prior release-visible content is unchanged.
klose,4,KV000496,4931522b08f3446d21c5e77608415780d5c66866524fb24dcb6c220d6c3366a5,model-reviewed,2026-09-05,model,PromptHint migration reviewed: cook noun/verb and over location/finished receive minimal front-side disambiguation; all other PromptHint values remain blank and prior release-visible content is unchanged.
klose,4,KV000497,782348936e7e0dabdbf7493a64fabf03b670ceee33dbbd929f2920b7bbe0fc3f,model-reviewed,2026-09-05,model,PromptHint migration reviewed: cook noun/verb and over location/finished receive minimal front-side disambiguation; all other PromptHint values remain blank and prior release-visible content is unchanged.
klose,4,KV000498,8608e94ecaeff5f81d1eed42f1821da843fb7d6a0d3e33d985b9a54f576b060d,model-reviewed,2026-09-05,model,PromptHint migration reviewed: cook noun/verb and over location/finished receive minimal front-side disambiguation; all other PromptHint values remain blank and prior release-visible content is unchanged.
klose,4,KV000499,7cb475577256e8303ea1f70ed6537f6e5e82959f21d9997aeeda117179f24d04,model-reviewed,2026-09-05,model,PromptHint migration reviewed: cook noun/verb and over location/finished receive minimal front-side disambiguation; all other PromptHint values remain blank and prior release-visible content is unchanged.
klose,4,KV000500,da0986f229e2524e76f2d2baed2e92cc732a8a20dcfedcbd5da2655e9f564b74,model-reviewed,2026-09-10,model,"Full model semantic review of 288 active Grade 5-6 new Notes plus 55 focused reused/fingerprint-invalidated Notes; review corrections validated by learner-content, auxiliary-vocabulary, current-merge and full Vocabulary gates."
klose,4,KV000501,25d5a1dd9947c9bbc73636309e8f1b92a4c6fd972dd5fd2ea3f64794d6730bb6,model-reviewed,2026-09-05,model,PromptHint migration reviewed: cook noun/verb and over location/finished receive minimal front-side disambiguation; all other PromptHint values remain blank and prior release-visible content is unchanged.
klose,4,KV000502,78bd033d5878e615e70c052f4792834390599f3cc58f2c1422e37e76b4eda804,model-reviewed,2026-09-05,model,PromptHint migration reviewed: cook noun/verb and over location/finished receive minimal front-side disambiguation; all other PromptHint values remain blank and prior release-visible content is unchanged.
klose,4,KV000503,0ea8aaa197d5a71c476d97422ed9072f8f741b21bdcb458abf4214451f76af22,model-reviewed,2026-09-05,model,PromptHint migration reviewed: cook noun/verb and over location/finished receive minimal front-side disambiguation; all other PromptHint values remain blank and prior release-visible content is unchanged.
klose,4,KV000504,ba18c3dbc2a501383795794e3307c1516f599716077adf10c6a5334b89a0ab78,model-reviewed,2026-09-05,model,PromptHint migration reviewed: cook noun/verb and over location/finished receive minimal front-side disambiguation; all other PromptHint values remain blank and prior release-visible content is unchanged.
klose,4,KV000505,b115de51038e2b0f68b2353f79ac6a48603d7b61ee7b65a1c1a68c100ce8856a,model-reviewed,2026-09-05,model,PromptHint migration reviewed: cook noun/verb and over location/finished receive minimal front-side disambiguation; all other PromptHint values remain blank and prior release-visible content is unchanged.
klose,4,KV000506,9331cb1ec6882748b4a23bf21cbcbb618d4956f723a6206235a88c3f86d3163b,model-reviewed,2026-09-05,model,PromptHint migration reviewed: cook noun/verb and over location/finished receive minimal front-side disambiguation; all other PromptHint values remain blank and prior release-visible content is unchanged.
klose,4,KV000507,0659ec1cceeb9a84ffa2d679c95e203fa7fd2a07837be8545147aa958f933c39,model-reviewed,2026-09-05,model,PromptHint migration reviewed: cook noun/verb and over location/finished receive minimal front-side disambiguation; all other PromptHint values remain blank and prior release-visible content is unchanged.
klose,4,KV000508,3b2ee15f8834a82671786e0847a8bf98bb709b495a8a77315c482c0e5225f9d8,model-reviewed,2026-09-05,model,PromptHint migration reviewed: cook noun/verb and over location/finished receive minimal front-side disambiguation; all other PromptHint values remain blank and prior release-visible content is unchanged.
klose,4,KV000509,6160d4d70e927f0977c185d8b191c5d209cb910be1d6ecee621cf87ee4e7921e,model-reviewed,2026-09-05,model,PromptHint migration reviewed: cook noun/verb and over location/finished receive minimal front-side disambiguation; all other PromptHint values remain blank and prior release-visible content is unchanged.
klose,4,KV000510,e13a99387dc9cae4917bb24b301cb3085aa8351b52052159fb51a46db6693145,model-reviewed,2026-09-05,model,PromptHint migration reviewed: cook noun/verb and over location/finished receive minimal front-side disambiguation; all other PromptHint values remain blank and prior release-visible content is unchanged.
klose,4,KV000511,85010a84c4cece1bf5902c972943f456ae8c29288fce01ade565c8cdc9c23e88,model-reviewed,2026-09-05,model,PromptHint migration reviewed: cook noun/verb and over location/finished receive minimal front-side disambiguation; all other PromptHint values remain blank and prior release-visible content is unchanged.
klose,4,KV000512,6c0ac41d2cb7878e7b40e11f4eddca8ee4687ba0a92119bb391a975879505ada,model-reviewed,2026-09-05,model,PromptHint migration reviewed: cook noun/verb and over location/finished receive minimal front-side disambiguation; all other PromptHint values remain blank and prior release-visible content is unchanged.
klose,4,KV000513,f48235e7dba46179dcdbd9f17d8c9004ff0c77e00119d719fa196a418c8d72b3,model-reviewed,2026-09-05,model,PromptHint migration reviewed: cook noun/verb and over location/finished receive minimal front-side disambiguation; all other PromptHint values remain blank and prior release-visible content is unchanged.
klose,4,KV000514,509183436e3fb3e1dca6dbc681f7c51e42b883acf7117fba2144cb6691193d71,model-reviewed,2026-09-05,model,PromptHint migration reviewed: cook noun/verb and over location/finished receive minimal front-side disambiguation; all other PromptHint values remain blank and prior release-visible content is unchanged.
klose,4,KV000515,ebd7940835db79c4d94b6ab51b7e6411095974775c0275dbe665a8a39a8cb3ac,model-reviewed,2026-09-05,model,PromptHint migration reviewed: cook noun/verb and over location/finished receive minimal front-side disambiguation; all other PromptHint values remain blank and prior release-visible content is unchanged.
klose,4,KV000516,ec596b7f3c61eb25391adb1e48c83a2e6b8ad89cc11ebcbac4021f440b2d1269,model-reviewed,2026-09-05,model,PromptHint migration reviewed: cook noun/verb and over location/finished receive minimal front-side disambiguation; all other PromptHint values remain blank and prior release-visible content is unchanged.
klose,4,KV000517,649d24db520b60a9e0da037ce5664cc0192233a338c424cdba89d8befc36535f,model-reviewed,2026-09-05,model,PromptHint migration reviewed: cook noun/verb and over location/finished receive minimal front-side disambiguation; all other PromptHint values remain blank and prior release-visible content is unchanged.
klose,4,KV000518,5507cf4f15fb563a04bc33f4500a66ee72c080856baf2985a64c6e4d37ed1dc7,model-reviewed,2026-09-05,model,PromptHint migration reviewed: cook noun/verb and over location/finished receive minimal front-side disambiguation; all other PromptHint values remain blank and prior release-visible content is unchanged.
klose,4,KV000519,0f2f7f368c5257c9c0ca88428d292e8be66dba25e6a22d9dbc1b62bb7bcd3e36,model-reviewed,2026-09-10,model,"Full model semantic review of 288 active Grade 5-6 new Notes plus 55 focused reused/fingerprint-invalidated Notes; review corrections validated by learner-content, auxiliary-vocabulary, current-merge and full Vocabulary gates."
klose,4,KV000520,0638b5aceba990d52aac1af5e7924db4e40ff365242317e702f29cbfb2d469c5,pending,,,awaiting explicit learner-level review before release
klose,4,KV000521,47daf112af85a1d9782d21d6f641a056297654542dcb98e2bc0fc3eb5f5e240b,pending,,,awaiting explicit learner-level review before release
klose,4,KV000522,bf93ece036a6c5951fc7c7832899e14dd8bcbb744c80725637fc312f463c9582,model-reviewed,2026-09-05,model,PromptHint migration reviewed: cook noun/verb and over location/finished receive minimal front-side disambiguation; all other PromptHint values remain blank and prior release-visible content is unchanged.
klose,4,KV000523,d58a4ee11a8cff73d56d54a0288baa959e0a58fca5979edb8e4547c55132ed26,pending,,,awaiting explicit learner-level review before release
klose,4,KV000524,8efc172e500ec22051e6cfb185a99e39acedc7be94a3f99a3aafbd925fce84a3,model-reviewed,2026-09-05,model,PromptHint migration reviewed: cook noun/verb and over location/finished receive minimal front-side disambiguation; all other PromptHint values remain blank and prior release-visible content is unchanged.
klose,4,KV000525,5e097899ae33333f81583bfa303a6deeb4248c6119cd963d7b4f57d0f6bddb87,model-reviewed,2026-09-10,model,"Full model semantic review of 288 active Grade 5-6 new Notes plus 55 focused reused/fingerprint-invalidated Notes; review corrections validated by learner-content, auxiliary-vocabulary, current-merge and full Vocabulary gates."
klose,4,KV000526,001e27525f5a03bbcbcc65478a101dd85a9a0ed50e54e99afdd1fcd3013f7300,pending,,,awaiting explicit learner-level review before release
klose,4,KV000527,4ce8f1ac3d776bd50dfd0135ce06a3ac20594b26828af1bfa452c66b2842a72f,pending,,,awaiting explicit learner-level review before release
klose,4,KV000528,77bba06224c6051aaad748902128d288fdd4544668570845d20b7ef002791abb,model-reviewed,2026-09-10,model,"Full model semantic review of 288 active Grade 5-6 new Notes plus 55 focused reused/fingerprint-invalidated Notes; review corrections validated by learner-content, auxiliary-vocabulary, current-merge and full Vocabulary gates."
klose,4,KV000529,ba65a2649877869f6df7bed687dd778f26747b1838073560fbd5b5dd47c28b78,pending,,,awaiting explicit learner-level review before release
klose,4,KV000530,ca7767eee5548fb2a97302128c048f20b32ded9dbefc8bf15baaf770ac87554d,model-reviewed,2026-09-10,model,"Full model semantic review of 288 active Grade 5-6 new Notes plus 55 focused reused/fingerprint-invalidated Notes; review corrections validated by learner-content, auxiliary-vocabulary, current-merge and full Vocabulary gates."
klose,4,KV000531,5aa1c6b989dc02ca7fc2f80547a70f23eff66de15ab2342da1550cba0fcd1675,pending,,,awaiting explicit learner-level review before release
klose,4,KV000532,9cf827886b47d4a4e0d840adebc5365a1b42f9ad3806848950cf601a7fd4747a,pending,,,awaiting explicit learner-level review before release
klose,4,KV000534,abe74f2918204577610eaced40f4e953c2a3c15a42cb0b3ae3b32c7d117a6b51,pending,,,awaiting explicit learner-level review before release
klose,4,KV000535,58ccec3c9b43c4a78c94eec026951db76c2aab2b06e20e5eed3e1ca2c0790ddf,pending,,,awaiting explicit learner-level review before release
klose,4,KV000536,3d2a3d39c237eeca80ac5ada07bf8c7044460eca6f6ec55228287e1b061a880f,pending,,,awaiting explicit learner-level review before release
klose,4,KV000537,dc58ba49ecb9b4d61f2d76273c2e79bbfdbb36781df8d6da9e70a24a301ffb94,pending,,,awaiting explicit learner-level review before release
klose,4,KV000538,17811656cdb27584e152fd8bb48d015f5dbcb1b1f5054bf6da6612b5cadd0d9b,pending,,,awaiting explicit learner-level review before release
klose,4,KV000539,29419bd3d28b44924119fb5a2fb1f022b3ae1a0cdabc369999763c2bdb2d0d1c,model-reviewed,2026-09-10,model,"Full model semantic review of 288 active Grade 5-6 new Notes plus 55 focused reused/fingerprint-invalidated Notes; review corrections validated by learner-content, auxiliary-vocabulary, current-merge and full Vocabulary gates."
klose,4,KV000540,da34e396ab0ee32658b0e9edd9c5a8b87858dd1013a8098670305c51244d9991,pending,,,awaiting explicit learner-level review before release
klose,4,KV000541,2287fac17597ee07ec7c347f82e65f5cc18f2dea609e9e7c565943539825cd79,pending,,,awaiting explicit learner-level review before release
klose,4,KV000542,60c8c7bf77e1788e6507d26ae4eb4e5d588d50724c69d31ec0428052bbf197a7,pending,,,awaiting explicit learner-level review before release
klose,4,KV000543,c36b271278a7f9edc73a67a656616c904bd0c5677b73b26d2bf485371647fe8b,pending,,,awaiting explicit learner-level review before release
klose,4,KV000544,1f4c0733042ec9025a5f1089a61eeabd3f0760581f462a0e5e6b3cbfddff000c,pending,,,awaiting explicit learner-level review before release
klose,4,KV000545,02e1a08c87edd2f9deb39e9431a0e19b2fa4cfa43339b7a5f162f1e0daecead2,model-reviewed,2026-09-05,model,PromptHint migration reviewed: cook noun/verb and over location/finished receive minimal front-side disambiguation; all other PromptHint values remain blank and prior release-visible content is unchanged.
klose,4,KV000546,702e5c4bfa7865cdac92892418fa8b03daa92c212c1688b5d78d00801832a77f,model-reviewed,2026-09-05,model,PromptHint migration reviewed: cook noun/verb and over location/finished receive minimal front-side disambiguation; all other PromptHint values remain blank and prior release-visible content is unchanged.
klose,4,KV000547,3cbb2deca018435695df77a593f7f21b37134cb26a22807165094d7ae850f322,model-reviewed,2026-09-05,model,PromptHint migration reviewed: cook noun/verb and over location/finished receive minimal front-side disambiguation; all other PromptHint values remain blank and prior release-visible content is unchanged.
klose,4,KV000548,2d88a14432ae07af4af3f8ce9a34ca27368cbd377818c77f6a5c1f719863ad65,model-reviewed,2026-09-05,model,PromptHint migration reviewed: cook noun/verb and over location/finished receive minimal front-side disambiguation; all other PromptHint values remain blank and prior release-visible content is unchanged.
klose,4,KV000549,fba15d8bb8eafe24a70d29e0c4105c5ce19062418111578e71dc2b89d37e6d61,model-reviewed,2026-09-05,model,PromptHint migration reviewed: cook noun/verb and over location/finished receive minimal front-side disambiguation; all other PromptHint values remain blank and prior release-visible content is unchanged.
klose,4,KV000550,77171ca678d73c5d7c0046df0a8192014067f4f8425d0d6c6828745ae358b8d1,pending,,,awaiting explicit learner-level review before release
klose,4,KV000551,9fcab3f11aac13863d0dac6be9409e3801b4989a446a13d057c8cb07cff02300,pending,,,awaiting explicit learner-level review before release
klose,4,KV000552,d8dff313277f71f7a03e06f8732b8e7493b6e131beb66f4356ae1187fb2bca74,model-reviewed,2026-09-05,model,PromptHint migration reviewed: cook noun/verb and over location/finished receive minimal front-side disambiguation; all other PromptHint values remain blank and prior release-visible content is unchanged.
klose,4,KV000553,508fad65d2d4c4d461daefbbf39756156a6087f5ca1b48c6dc43e974a94b7f0c,model-reviewed,2026-09-10,model,"Full model semantic review of 288 active Grade 5-6 new Notes plus 55 focused reused/fingerprint-invalidated Notes; review corrections validated by learner-content, auxiliary-vocabulary, current-merge and full Vocabulary gates."
klose,4,KV000554,97ab456ada29fea952d093ffd56110938aacca563b44463a5995791f39167c8f,pending,,,awaiting explicit learner-level review before release
klose,4,KV000555,ff9fa5468d6f19d1d6fc1cea5469d69603db641bcd8b85aaa9ce1d5b3d91b94e,pending,,,awaiting explicit learner-level review before release
klose,4,KV000556,393d15bee142f78ba2d3ceece29d516f00eb0cf6f603424a3c15beb46535ae12,pending,,,awaiting explicit learner-level review before release
klose,4,KV000557,af27ac31e49d47a021180ed3e11300132a5152c2abf4c1037fde42f7975014b0,pending,,,awaiting explicit learner-level review before release
klose,4,KV000558,2ff5367bc81c8bfc72c0415b4cd9e4a0aa95ee1a6afee3db34e10081357776e9,pending,,,awaiting explicit learner-level review before release
klose,4,KV000559,b65fb9c71497f139e954665f6c30dc85fba85b7e6f07f3d242760e84abd5a4fb,pending,,,awaiting explicit learner-level review before release
klose,4,KV000561,af99390948d9811c92300551a991981a15845a95f53b7796d617cf4dda8c3875,model-reviewed,2026-09-05,model,PromptHint migration reviewed: cook noun/verb and over location/finished receive minimal front-side disambiguation; all other PromptHint values remain blank and prior release-visible content is unchanged.
klose,4,KV000562,cabc7d24a7f7e792aae5c0aa2516aa47505b8883ffd033acdf9732b0fd70f424,pending,,,awaiting explicit learner-level review before release
klose,4,KV000563,6b8b01d1dfc3a5c78a0f177a8efd543869b327993d0b9feb1f881a2380e23cd5,pending,,,awaiting explicit learner-level review before release
klose,4,KV000565,bd19928e98be64f9fc1a3e09f27f951b19c7f697fd8932944494c7a3b9272621,pending,,,awaiting explicit learner-level review before release
klose,4,KV000566,2849497b7dc89baa2a86ce1eb43ed236579d970651bff33b23ef1434c5ce6d14,model-reviewed,2026-09-10,model,"Full model semantic review of 288 active Grade 5-6 new Notes plus 55 focused reused/fingerprint-invalidated Notes; review corrections validated by learner-content, auxiliary-vocabulary, current-merge and full Vocabulary gates."
klose,4,KV000567,afa97f392b4493e46c97e4e05ff41a83ab5c84a2bed13ac89e1fe739b42609ec,pending,,,awaiting explicit learner-level review before release
klose,4,KV000569,60ebd87a0271e2c601bc65aeb687aa3f7442c80fc514945549c5c47cc05a8875,pending,,,awaiting explicit learner-level review before release
klose,4,KV000570,1b248df0aaac8808b7d0701dda4aafec3f8f47aba68ea435800fc23531cb84ed,pending,,,awaiting explicit learner-level review before release
klose,4,KV000571,64769855765b5a0985fc9e46a9df5061a17859edd48ade4a365d71e7915978ee,model-reviewed,2026-09-05,model,PromptHint migration reviewed: cook noun/verb and over location/finished receive minimal front-side disambiguation; all other PromptHint values remain blank and prior release-visible content is unchanged.
klose,4,KV000572,5b3de476ed0ab462ad20813ff0d6ebf48fd00de7fcd899138c73cfc35b1fefc4,model-reviewed,2026-09-10,model,"Full model semantic review of 288 active Grade 5-6 new Notes plus 55 focused reused/fingerprint-invalidated Notes; review corrections validated by learner-content, auxiliary-vocabulary, current-merge and full Vocabulary gates."
klose,4,KV000573,01c60687a4a28cd1586a9fb49e2f615d6fe9e5e62b2ac1a520b763c87d5c977b,model-reviewed,2026-09-05,model,PromptHint migration reviewed: cook noun/verb and over location/finished receive minimal front-side disambiguation; all other PromptHint values remain blank and prior release-visible content is unchanged.
klose,4,KV000574,44df057d76d4787fb482d80d53d213f90c827f20d129cc81d03e73ccb2e45ec7,pending,,,awaiting explicit learner-level review before release
klose,4,KV000575,27c7809e1a1a6a9d6e38b15138c41d0e8ec0bd8642c98695e137634a4b4f806f,pending,,,awaiting explicit learner-level review before release
klose,4,KV000576,3efd0ecef13d06357715045f67d3caf81c032b27cc775a67eae99a865d5f3b24,pending,,,awaiting explicit learner-level review before release
klose,4,KV000577,c62ea67e862f9c95ebc5165e5908523e9ff948828c7ba39b808600b56a5efa61,pending,,,awaiting explicit learner-level review before release
klose,4,KV000578,2940541b0e208447d028a0f8599181fa6376d95e5c881d854024e66d75c95654,model-reviewed,2026-09-10,model,"Full model semantic review of 288 active Grade 5-6 new Notes plus 55 focused reused/fingerprint-invalidated Notes; review corrections validated by learner-content, auxiliary-vocabulary, current-merge and full Vocabulary gates."
klose,4,KV000579,6505e70524b3be1ade8d6474335d1c6483483394a8a02d92db2eaeaedbd08957,pending,,,awaiting explicit learner-level review before release
klose,4,KV000580,d1d5a70c9df573a15e4ac055feea1d81262eef1af03ac8a97e93d911f63e5887,pending,,,awaiting explicit learner-level review before release
klose,4,KV000581,ae005415a5c8a5ad69f3d4e81848d59de433d116c8480c83ca54c95e97ceb540,pending,,,awaiting explicit learner-level review before release
klose,4,KV000582,5990ab4b2a793b07eb8b6bb6f12587b36ec3c37a806b43c9925f84d540a8e1c2,model-reviewed,2026-09-10,model,"Full model semantic review of 288 active Grade 5-6 new Notes plus 55 focused reused/fingerprint-invalidated Notes; review corrections validated by learner-content, auxiliary-vocabulary, current-merge and full Vocabulary gates."
klose,4,KV000583,8cb55a27a9e05c8b7f22aff59acb90448fa759b5029a797eb50749248f3921be,model-reviewed,2026-09-05,model,PromptHint migration reviewed: cook noun/verb and over location/finished receive minimal front-side disambiguation; all other PromptHint values remain blank and prior release-visible content is unchanged.
klose,4,KV000584,e10cdb906752dfc2e8fc7441e683b28b2b584c90a4e25ef938282e362d667125,model-reviewed,2026-09-10,model,"Full model semantic review of 288 active Grade 5-6 new Notes plus 55 focused reused/fingerprint-invalidated Notes; review corrections validated by learner-content, auxiliary-vocabulary, current-merge and full Vocabulary gates."
klose,4,KV000585,96d5268f79745e84f05f7070da2a8488e370a40192f2363919b8eb6eb9cd7579,pending,,,awaiting explicit learner-level review before release
klose,4,KV000586,531f102267f356be3792e854aaf5dbde3b2f21ef6c15d608709d207879d0b4f9,pending,,,awaiting explicit learner-level review before release
klose,4,KV000587,e8966cfdf4239feaa3dba7c5728080d73e6e94839dba145566e00c5ef3efce9d,pending,,,awaiting explicit learner-level review before release
klose,4,KV000588,e4aed54e9a7e067bce0e2be966fd05ae8ae03cbec7e18cac1ea4fb2c0118d2ed,model-reviewed,2026-09-05,model,PromptHint migration reviewed: cook noun/verb and over location/finished receive minimal front-side disambiguation; all other PromptHint values remain blank and prior release-visible content is unchanged.
klose,4,KV000589,67d01806167402724669919f41a2c6d87d3ebf6c305c95d6f560e136e4100ba3,pending,,,awaiting explicit learner-level review before release
klose,4,KV000590,386557c6bfbe1398ae3b5497754d862d111e5987edd7766bddd2c357e9dfb4fc,model-reviewed,2026-09-10,model,"Full model semantic review of 288 active Grade 5-6 new Notes plus 55 focused reused/fingerprint-invalidated Notes; review corrections validated by learner-content, auxiliary-vocabulary, current-merge and full Vocabulary gates."
klose,4,KV000591,a53861153a0eab6ce960c70f89f755f415f5e76c8d1cd43f2e92ae32cf1c20c5,pending,,,awaiting explicit learner-level review before release
klose,4,KV000592,e71347a6e05a92418e7b69c672e131cffb3408968dac6b371c2764ef02aa5e57,pending,,,awaiting explicit learner-level review before release
klose,4,KV000593,5d0eef0a8a589c56257a0dad7c4b609ddd22964fa43046056e6cd92c4a10689e,pending,,,awaiting explicit learner-level review before release
klose,4,KV000594,df770c113ca183ac30e2e8df4c8f485434fa23282182c54dee23930636868b95,pending,,,awaiting explicit learner-level review before release
klose,4,KV000595,57f4d5baa06c6074e58fff3830038167911c01be71e115d27f0a96fef04fb5a1,pending,,,awaiting explicit learner-level review before release
klose,4,KV000596,7b3b435fae1b40237d4516b7d09c436a4c451da3f7ed88e3e1d535bd9a3f3dc4,pending,,,awaiting explicit learner-level review before release
klose,4,KV000597,f60a659a930c506ad19f143064a29c1a367fb898530f1234b803b92a24a786e2,pending,,,awaiting explicit learner-level review before release
klose,4,KV000598,830ab1ad1fe67a1e5ac34c02ed7e240e9a9cd8a44d17d09ab33f544c8b8d60f5,pending,,,awaiting explicit learner-level review before release
klose,4,KV000599,ee53241c965d9464da8a3ae613d40e67f132ddb6d6aea4516e0cb4357bc7dfe4,pending,,,awaiting explicit learner-level review before release
klose,4,KV000600,00e6d6da0d4fee627ed118811bbc1b8c8d377aa38960a41db1e9d3d192c2b80e,model-reviewed,2026-09-10,model,"Full model semantic review of 288 active Grade 5-6 new Notes plus 55 focused reused/fingerprint-invalidated Notes; review corrections validated by learner-content, auxiliary-vocabulary, current-merge and full Vocabulary gates."
klose,4,KV000601,8e4c5d18d4a2505dbf26eecf4fb72bd31b7121a9e424cc8013b60141d4c07613,pending,,,awaiting explicit learner-level review before release
klose,4,KV000602,3f62b2c323c6e4dd4e9dee7dfe63409d19db580d5025cf831b6597988246ed3b,model-reviewed,2026-09-10,model,"Full model semantic review of 288 active Grade 5-6 new Notes plus 55 focused reused/fingerprint-invalidated Notes; review corrections validated by learner-content, auxiliary-vocabulary, current-merge and full Vocabulary gates."
klose,4,KV000604,812bdebfc16a1207d734c80b35d9e51961dd3b1fa3f1a0085625dff8c356b3e2,pending,,,awaiting explicit learner-level review before release
klose,4,KV000606,1dc23e244feaaaedb3e7c0fd8353552bf81e822cba71669607b2bd3e7a8c1edf,model-reviewed,2026-09-10,model,"Full model semantic review of 288 active Grade 5-6 new Notes plus 55 focused reused/fingerprint-invalidated Notes; review corrections validated by learner-content, auxiliary-vocabulary, current-merge and full Vocabulary gates."
klose,4,KV000608,b6f14383f6cbdbc4536e7fc52be6419a84f5a0aea61fb90119c6215fc2f59674,pending,,,awaiting explicit learner-level review before release
klose,4,KV000610,d49eb12e506a5a4b15f59501f1c504af3257355d823928514411ddbd9e0396e7,model-reviewed,2026-09-10,model,"Full model semantic review of 288 active Grade 5-6 new Notes plus 55 focused reused/fingerprint-invalidated Notes; review corrections validated by learner-content, auxiliary-vocabulary, current-merge and full Vocabulary gates."
klose,4,KV000611,768834307f7a5237400690dff9e375267e5fffd51e523d9392092cb3e01c35cc,pending,,,awaiting explicit learner-level review before release
klose,4,KV000612,f6f99a1ec91a055b7653288ea1f5b8b428cb796d14af49f32773f05bd43929a8,pending,,,awaiting explicit learner-level review before release
klose,4,KV000613,1d3f5bc58d28b80833656798a18ce82054c9db956ad6681268ed0a7d2ab67ce7,pending,,,awaiting explicit learner-level review before release
klose,4,KV000614,4a6ace34d894ac24480dc40ac57750963e56dbfecb8d2172f280c66aadfa33b8,pending,,,awaiting explicit learner-level review before release
klose,4,KV000615,dd251a0e4f90395aed90ec99df7558ae4bb7b1f5022aac289476524f7af22b18,model-reviewed,2026-09-05,model,PromptHint migration reviewed: cook noun/verb and over location/finished receive minimal front-side disambiguation; all other PromptHint values remain blank and prior release-visible content is unchanged.
klose,4,KV000616,2dda545279e0523143381e4e9a2341027cb9323e033da4f95b4b26205b16cf92,model-reviewed,2026-09-10,model,"Full model semantic review of 288 active Grade 5-6 new Notes plus 55 focused reused/fingerprint-invalidated Notes; review corrections validated by learner-content, auxiliary-vocabulary, current-merge and full Vocabulary gates."
klose,4,KV000617,95f578616c47f3c735cb2515b977f7612c41ddf57a884d66f08fbd0abc97820b,pending,,,awaiting explicit learner-level review before release
klose,4,KV000618,6a6635c1fad8b7c620e4f9255918ef69df7e514f97fd91bf2cf1999d52c33061,pending,,,awaiting explicit learner-level review before release
klose,4,KV000619,d46b3031fa566f3bf22f0918f34e3d98c8c76ddd16ca77d45c2e4a39303f14f5,pending,,,awaiting explicit learner-level review before release
klose,4,KV000620,b822f3e0c3de811fdfad0020cea645045642a1f1ceb0bc07d92312fbbcbaa177,pending,,,awaiting explicit learner-level review before release
klose,4,KV000621,43b3c259e2595c4baa6c19f343740685c9dde36c71b3b007578753be1b19c471,pending,,,awaiting explicit learner-level review before release
klose,4,KV000622,84cfb78ddb7acec59f12e313e04f18d23066d128594116dc53b7df3edd2f9786,pending,,,awaiting explicit learner-level review before release
klose,4,KV000623,34308cc0c7b5ac8f0dbd597896439795d7825f43f34be7147873ea218abe363c,model-reviewed,2026-09-10,model,"Full model semantic review of 288 active Grade 5-6 new Notes plus 55 focused reused/fingerprint-invalidated Notes; review corrections validated by learner-content, auxiliary-vocabulary, current-merge and full Vocabulary gates."
klose,4,KV000624,308f0d620f5fa5549a833e910f52bc150c4d91dc302a5b45697fc5527cd3f96d,pending,,,awaiting explicit learner-level review before release
klose,4,KV000625,1644ad440ff85e8454c5965aea315537b793af229c416820b1500c3a1b1c3d56,pending,,,awaiting explicit learner-level review before release
klose,4,KV000626,59564f8083f890e678123a9b3ddfdf42e1bf75a17865b681c851918bde45ebdd,pending,,,awaiting explicit learner-level review before release
klose,4,KV000640,9a2e89ab32ac3396cc2e267d5d9f98337c6fdc0b8a2d02347f401e1669214428,pending,,,awaiting explicit learner-level review before release
klose,4,KV000641,6ff2ff01a892a37f8c6c771978ce6a75e5280e03dfb323bb244286e9f136dace,model-reviewed,2026-09-10,model,"Full model semantic review of 288 active Grade 5-6 new Notes plus 55 focused reused/fingerprint-invalidated Notes; review corrections validated by learner-content, auxiliary-vocabulary, current-merge and full Vocabulary gates."
klose,4,KV000647,b6102ea4517e0f506f9f611c437467830f9050db49adeb794947f1cdb7594d91,pending,,,awaiting explicit learner-level review before release
klose,4,KV000653,68409a0f58d6388f7d3cb9161a437688f1d1e67620d481fbdc87dc4b3d01517e,model-reviewed,2026-09-10,model,"Full model semantic review of 288 active Grade 5-6 new Notes plus 55 focused reused/fingerprint-invalidated Notes; review corrections validated by learner-content, auxiliary-vocabulary, current-merge and full Vocabulary gates."
klose,4,KV000655,26e9081af5a035ef53c2ef3cf2b8628c7b69d251e037a575c4392a09f864856c,pending,,,awaiting explicit learner-level review before release
klose,4,KV000664,1eda063582c7f5acc8eea4f6f4b557b729887a05f7731acae859774abdbb47b7,pending,,,awaiting explicit learner-level review before release
klose,4,KV000669,857ba344c95ed5237879b47051991fdb497efc7c39361a5f66544af29586a3db,pending,,,awaiting explicit learner-level review before release
klose,4,KV000670,8dd2c715cb7ba046fbe1e8c2538ff902ffaa18b3f611f366de90651ed8efb80d,pending,,,awaiting explicit learner-level review before release
klose,4,KV000671,3d6d75e6fa0753a0ab2236cde2da47aac7c613b9a43eab2f179ecba40ca2b362,model-reviewed,2026-09-10,model,"Full model semantic review of 288 active Grade 5-6 new Notes plus 55 focused reused/fingerprint-invalidated Notes; review corrections validated by learner-content, auxiliary-vocabulary, current-merge and full Vocabulary gates."
klose,4,KV000672,a64cea19840c9cdb10f9a09c2b13ad4565c01aa46950dd7d90ea3ca995b04498,model-reviewed,2026-09-05,model,PromptHint migration reviewed: cook noun/verb and over location/finished receive minimal front-side disambiguation; all other PromptHint values remain blank and prior release-visible content is unchanged.
klose,4,KV000673,406e5e28bb8e4d2bd0ea332bbe0ace75178630f62d164c6b459c8eb15dca4bbe,model-reviewed,2026-09-05,model,PromptHint migration reviewed: cook noun/verb and over location/finished receive minimal front-side disambiguation; all other PromptHint values remain blank and prior release-visible content is unchanged.
klose,4,KV000674,7ec25356a6753a97f8d94940b6c2cd8acabc745d3f466f17e3f567a86d4c4899,pending,,,awaiting explicit learner-level review before release
klose,4,KV000675,64bea25ca3c3b333d0380476db3f58b37f6aa046c21f2b6f7ed70547484d85f4,pending,,,awaiting explicit learner-level review before release
klose,4,KV000676,06649487b9234a0b86d0b13ebab30e4c909e32ff99be814e7cd10e170576e71b,pending,,,awaiting explicit learner-level review before release
klose,4,KV000677,8b9c3f48bb8170f39106ad67e6ec1ecc3dbe2807386531387ee43254ced45bed,pending,,,awaiting explicit learner-level review before release
klose,4,KV000678,2441f5279b4723c3bb04cfa4af58f5bed8c6143d28627eb856b2914e369cbacf,pending,,,awaiting explicit learner-level review before release
klose,4,KV000679,e7fb80f472d287e98565cff1c203c8c46f422d9a3e66d011bb3c00595505d1a4,model-reviewed,2026-09-10,model,"Full model semantic review of 288 active Grade 5-6 new Notes plus 55 focused reused/fingerprint-invalidated Notes; review corrections validated by learner-content, auxiliary-vocabulary, current-merge and full Vocabulary gates."
klose,4,KV000681,bf2615820f07dae9351cbf48add0cc12ad06a65570d91ab1d7ad0b300f7e7d11,pending,,,awaiting explicit learner-level review before release
klose,4,KV000682,4e6f864e1ef28f5d0a268322b4e3fc0d11faf8805a69504f04d7d26f75faa5be,pending,,,awaiting explicit learner-level review before release
klose,4,KV000683,6bedcc9238e53c2194266d24781d7950b5f412ab05a6fae35f45192260624e18,pending,,,awaiting explicit learner-level review before release
klose,4,KV000684,3f8553b78a02ce9ce0f437e84699fc98e1f1eb43c56fae7dee921c948c43aeb6,pending,,,awaiting explicit learner-level review before release
klose,4,KV000685,0987e4408dd68d792448adcc2e8f9868bf2a9fa28ba7849e82c4aba559c15f47,pending,,,awaiting explicit learner-level review before release
klose,4,KV000686,4efbfc6f242c90845c33b73755b3209f17c82841f82bf39eab032cc47f38ee22,model-reviewed,2026-09-10,model,"Full model semantic review of 288 active Grade 5-6 new Notes plus 55 focused reused/fingerprint-invalidated Notes; review corrections validated by learner-content, auxiliary-vocabulary, current-merge and full Vocabulary gates."
klose,4,KV000687,2eee53a8f8c1a6294444ce052ba76164df9d6ab977c2eaecd6a5d2aaf0f9d8e3,pending,,,awaiting explicit learner-level review before release
klose,4,KV000689,e1f8f69d31c357eb118dc1c51dbbdddc6e393fc1b186dc719aaf9e5c5437c3dd,pending,,,awaiting explicit learner-level review before release
klose,4,KV000690,a5e8e13bf2af483b3ab30d3ce20bf8c4e895b6e88eb2b7d11f0705cc2fae2f9f,pending,,,awaiting explicit learner-level review before release
klose,4,KV000691,d56687d266ccba0a74a0a8245ebfad4785ad8382c0e1e6c43a9b41ba9c5a74ea,pending,,,awaiting explicit learner-level review before release
klose,4,KV000693,ebb1a95aa6efe944af35b0604abfb5b59d7e09b10aa260c82a1e0fb3d8d15f3a,model-reviewed,2026-09-10,model,"Full model semantic review of 288 active Grade 5-6 new Notes plus 55 focused reused/fingerprint-invalidated Notes; review corrections validated by learner-content, auxiliary-vocabulary, current-merge and full Vocabulary gates."
klose,4,KV000694,6a73a9659ef40b64e917e6cbef2495bf676e89c229b41bfef6cfca44828ea504,pending,,,awaiting explicit learner-level review before release
klose,4,KV000695,a65d0fc7d3916ac2d1f368d6c6eac6f0739780af0be0508f42243b63d4dd2c1d,pending,,,awaiting explicit learner-level review before release
klose,4,KV000696,b25e996803e903b8f4d95032c0684e4bd6cd8f773eb978fb1fa917e8be8ba6f0,pending,,,awaiting explicit learner-level review before release
klose,4,KV000697,3584e953cfe3cdfadfce09323fda7d70e815195d882b4c32e30c273f0f382309,model-reviewed,2026-09-05,model,PromptHint migration reviewed: cook noun/verb and over location/finished receive minimal front-side disambiguation; all other PromptHint values remain blank and prior release-visible content is unchanged.
klose,4,KV000698,d61400fad5ad8fbd3361f0a9e489ef3f9a1e0b54b6aba7fe761dc5662d5f094c,pending,,,awaiting explicit learner-level review before release
klose,4,KV000699,355b2745f58e375391250b180821f4c1078fb1c2d28e46117bafbf7540daaf8f,pending,,,awaiting explicit learner-level review before release
klose,4,KV000700,6fb94e950801a3afa17951970fcf24ff6ad4e7957bd2161fd32e90b8341eec1f,pending,,,awaiting explicit learner-level review before release
klose,4,KV000701,07dc3d473bc68f43a81c58561dd2e6d812bc3a965bc661bd0326afb2b1bb6493,pending,,,awaiting explicit learner-level review before release
klose,4,KV000703,1b692311d664fd1a825ab98ff3932aa364059f62cec48503a64dc6b8c2434a89,pending,,,awaiting explicit learner-level review before release
klose,4,KV000704,e4011c4382ed333b4b0d3cd04771d6571eac4428c9f73efeeea7628db02b0b0c,model-reviewed,2026-09-05,model,PromptHint migration reviewed: cook noun/verb and over location/finished receive minimal front-side disambiguation; all other PromptHint values remain blank and prior release-visible content is unchanged.
klose,4,KV000705,22873dfc1a1ece87cccc2d5980fdd63c9674fdd2eb4e1fc65c48012ca5ed6c47,pending,,,awaiting explicit learner-level review
klose,4,KV000707,2ca9f171f4f43c61b5de15ffec6818e6b01079b4c9c1f62e182e9067c42cb0a8,pending,,,awaiting explicit learner-level review before release
klose,4,KV000708,8b68e8d788aeaeadc844e22056ccfbf9a97745d14d4840fb25c971b027897de1,pending,,,awaiting explicit learner-level review before release
klose,4,KV000709,8d8c61a9c81e33a84359128d946421b2ce0f4602589f0795586c1b48bb3e27b5,pending,,,awaiting explicit learner-level review before release
klose,4,KV000710,e3aab123c0d526bbf771b2d467b136c915bb55fe468fdfb06abf1c2e3161a363,model-reviewed,2026-09-10,model,"Full model semantic review of 288 active Grade 5-6 new Notes plus 55 focused reused/fingerprint-invalidated Notes; review corrections validated by learner-content, auxiliary-vocabulary, current-merge and full Vocabulary gates."
klose,4,KV000712,dd155b90c36c21719d97851cb49e1bf93766f12266647ebf836f6d2185e64826,pending,,,awaiting explicit learner-level review before release
klose,4,KV000713,41c4ee9ef25b865f893f73c794ad2db440b3078e379572cb3a4bdc4bec0c9a35,pending,,,awaiting explicit learner-level review before release
klose,4,KV000714,45017cdf97ed1b00e5555dc286d53495a6d78fff801aefb6e0d8853c71fe9527,pending,,,awaiting explicit learner-level review before release
klose,4,KV000715,0ab849efba61023f128b6c6df17767252c61f6f4da1129759563578521491333,pending,,,awaiting explicit learner-level review before release
klose,4,KV000716,e6ed1d378cea4ea1897d1007dd16d58be0aa82696ed08676d30bd268edfe1240,pending,,,awaiting explicit learner-level review before release
klose,4,KV000717,e82d6633d86ec46bf19611e2daecf6d52a389afdf50031fdc2e23f0c083576fe,pending,,,awaiting explicit learner-level review before release
klose,4,KV000719,02ebe18d9372b2b7c4657554a15ff9cda82565d4a8ccc0ae753450aba3f9d0fd,model-reviewed,2026-09-10,model,"Full model semantic review of 288 active Grade 5-6 new Notes plus 55 focused reused/fingerprint-invalidated Notes; review corrections validated by learner-content, auxiliary-vocabulary, current-merge and full Vocabulary gates."
klose,4,KV000720,98b6c81fa6b6be014fae02d0c1c6cddd02d28e9ec06a28b7706085868524fa18,pending,,,awaiting explicit learner-level review before release
klose,4,KV000722,211b580fda492465ccbe5c856f294db2ba393ec03b762513457549d32081fa44,pending,,,awaiting explicit learner-level review before release
klose,4,KV000723,6b578d3ff060a4eb8a28a51f8c1c7aa05964fdac8a22f9ef77f71532e9044d6d,pending,,,awaiting explicit learner-level review
klose,4,KV000724,528011c147118a18ed06eed06a8bbcf39d1dd84aaafb0ee5ed05fba5a5f973d5,pending,,,awaiting explicit learner-level review before release
klose,4,KV000725,b686512725082d9b44cf70874dde9c34bc12f57b7106f4d5426859a571315cad,pending,,,awaiting explicit learner-level review before release
klose,4,KV000726,b5317de3731bad678a305babf56db9462b7cfd3bd80be64a038e49ce885edeff,pending,,,awaiting explicit learner-level review before release
klose,4,KV000727,1aa7313ee3822e0095a4260d87aef8a3ded4e97ac34a18c73530b0d95b1b446d,pending,,,awaiting explicit learner-level review before release
klose,4,KV000728,73f9f59d2e1b49dcedabe6e88bcf79460ffd056f14fbf554dffb4a42bdf456b5,pending,,,awaiting explicit learner-level review before release
klose,4,KV000729,8797e6eeb2fb9f58a19684d35d98eb23a4ce36f497316e8cc6e5397ea27c58d2,model-reviewed,2026-09-10,model,"Full model semantic review of 288 active Grade 5-6 new Notes plus 55 focused reused/fingerprint-invalidated Notes; review corrections validated by learner-content, auxiliary-vocabulary, current-merge and full Vocabulary gates."
klose,4,KV000730,42e6d3031f64076a2ff31aaba048f278ec316ca8c14f163e01fa4d1c812ac3cc,model-reviewed,2026-09-10,model,"Full model semantic review of 288 active Grade 5-6 new Notes plus 55 focused reused/fingerprint-invalidated Notes; review corrections validated by learner-content, auxiliary-vocabulary, current-merge and full Vocabulary gates."
klose,4,KV000731,0d28a8dab06dea8d4ee2d2bea54806c2e262137bb72746a283c794396434dd35,pending,,,awaiting explicit learner-level review before release
klose,4,KV000732,3c15ef69db60eaa20c37c7147fa19bf735d847522540fccea85ac3e249def69f,model-reviewed,2026-09-10,model,"Full model semantic review of 288 active Grade 5-6 new Notes plus 55 focused reused/fingerprint-invalidated Notes; review corrections validated by learner-content, auxiliary-vocabulary, current-merge and full Vocabulary gates."
klose,4,KV000733,23d00ce0e51860e39c53560e99e3c0ffb7ee47cd4857e54fad2b7f003b2f56a0,model-reviewed,2026-09-10,model,"Full model semantic review of 288 active Grade 5-6 new Notes plus 55 focused reused/fingerprint-invalidated Notes; review corrections validated by learner-content, auxiliary-vocabulary, current-merge and full Vocabulary gates."
klose,4,KV000734,d0c85b2590cead6e422538951e02d48c4facb8d8974ea70aeba18ed7a18ed050,model-reviewed,2026-09-10,model,"Full model semantic review of 288 active Grade 5-6 new Notes plus 55 focused reused/fingerprint-invalidated Notes; review corrections validated by learner-content, auxiliary-vocabulary, current-merge and full Vocabulary gates."
klose,4,KV000735,7a62b11c955f9121066bdfb99f18cb21698b85cfcd043a284ed413fd8e3b7aaa,model-reviewed,2026-09-10,model,"Full model semantic review of 288 active Grade 5-6 new Notes plus 55 focused reused/fingerprint-invalidated Notes; review corrections validated by learner-content, auxiliary-vocabulary, current-merge and full Vocabulary gates."
klose,4,KV000736,e43234cda5f174b7c90343502de86e0483734ff6506e3fc33b78f184190133cd,model-reviewed,2026-09-10,model,"Full model semantic review of 288 active Grade 5-6 new Notes plus 55 focused reused/fingerprint-invalidated Notes; review corrections validated by learner-content, auxiliary-vocabulary, current-merge and full Vocabulary gates."
klose,4,KV000737,34b9fb8ae1583246f715206c204b97da7e5a51f51e454c933ad8bd8585b2a378,model-reviewed,2026-09-10,model,"Full model semantic review of 288 active Grade 5-6 new Notes plus 55 focused reused/fingerprint-invalidated Notes; review corrections validated by learner-content, auxiliary-vocabulary, current-merge and full Vocabulary gates."
klose,4,KV000738,6705d8392f2d6b8bc1dcc40a2acabddf5cc4d93805f980245df5c6148b4e2cec,pending,,,awaiting explicit learner-level review before release
klose,4,KV000739,f98108cfea137f7d1fec5a100aa08b1c9e8e2c1f66bdf7a17500ee4bc1af47b9,pending,,,awaiting explicit learner-level review before release
klose,4,KV000740,b2bb86d06957cc50c1f7f4d55057836bc50cac6f1a1b4e3cc2c17e1fa397c91b,pending,,,awaiting explicit learner-level review before release
klose,4,KV000741,93465d26e48f6264d42f122de78b1cace0960c5d8140da1f767a9424e2959fbf,pending,,,awaiting explicit learner-level review before release
klose,4,KV000742,adf57dfb882ec791937a10c937ff28ff12ceb0dfc0101c767625f516b5c6b1d1,pending,,,awaiting explicit learner-level review before release
klose,4,KV000743,8125c81bee56e654418ff6228ff5de2f55e644798bbabcd7e49c8be524ca5c28,pending,,,awaiting explicit learner-level review before release
klose,4,KV000744,f9aa7959b3a4d963f0f849664b71ebaeda7ad5d89060a7371b848221fa714d57,model-reviewed,2026-09-10,model,"Full model semantic review of 288 active Grade 5-6 new Notes plus 55 focused reused/fingerprint-invalidated Notes; review corrections validated by learner-content, auxiliary-vocabulary, current-merge and full Vocabulary gates."
klose,4,KV000745,338b1014e362963f1db77a4ff272924293fa8c9cca1988753855c7806af6dcda,model-reviewed,2026-09-10,model,"Full model semantic review of 288 active Grade 5-6 new Notes plus 55 focused reused/fingerprint-invalidated Notes; review corrections validated by learner-content, auxiliary-vocabulary, current-merge and full Vocabulary gates."
klose,4,KV000747,0637569b0163bd2137fe9ad5c40579a533eb6b78313ebf2a5db5e53a668a04ce,pending,,,awaiting explicit learner-level review before release
klose,4,KV000748,0d3d709ec50040c20f8f605316e4636219c169159f8d9f97084bd71be6856066,pending,,,awaiting explicit learner-level review before release
klose,4,KV000749,80ed03915c32953adc4db5bf76f7667c3e37b124ccc46abad8ec2f8fa43ed603,pending,,,awaiting explicit learner-level review before release
klose,4,KV000750,908b6e038c7af3b7c0e8aac75eff21d92f4e34d68d1a204d62b9bb9c102d7965,model-reviewed,2026-09-05,model,PromptHint migration reviewed: cook noun/verb and over location/finished receive minimal front-side disambiguation; all other PromptHint values remain blank and prior release-visible content is unchanged.
klose,4,KV000751,c86a77669f895909294a816835b22be34f87a39f3b665fa3562db09799279571,pending,,,awaiting explicit learner-level review before release
klose,4,KV000752,52cb3c7f0d5adb2c5681e1880f35e78c3b250402e82a09dec7de99b73220a533,pending,,,awaiting explicit learner-level review before release
klose,4,KV000753,0250e5f463e2c72709c4a90a137d758f51c03eaaa1716d5556af9118005eae29,pending,,,awaiting explicit learner-level review before release
klose,4,KV000754,cc5e0c8b5534b4b131d063146337ac66836009ba3a8b1b817e2070ba11ec3992,model-reviewed,2026-09-05,model,PromptHint migration reviewed: cook noun/verb and over location/finished receive minimal front-side disambiguation; all other PromptHint values remain blank and prior release-visible content is unchanged.
klose,4,KV000755,268b11885d1a86d0da0ae9640b991a679c427bcd79faac51e1a296df8efbb7a2,model-reviewed,2026-09-10,model,"Full model semantic review of 288 active Grade 5-6 new Notes plus 55 focused reused/fingerprint-invalidated Notes; review corrections validated by learner-content, auxiliary-vocabulary, current-merge and full Vocabulary gates."
klose,4,KV000756,67df70971c66c5bff68cd9876cdbac772a3f43437433c783de61c3def8cb004c,pending,,,awaiting explicit learner-level review before release
klose,4,KV000757,3d99c8fcb0ed6f49bcdfc4c8e57fc042bc6b54b952496fd45cab14a8c32eced8,model-reviewed,2026-09-10,model,"Full model semantic review of 288 active Grade 5-6 new Notes plus 55 focused reused/fingerprint-invalidated Notes; review corrections validated by learner-content, auxiliary-vocabulary, current-merge and full Vocabulary gates."
klose,4,KV000759,1fd00b577a93cc340686c70ee5ab34d208ca59fa4cd075b617d0ee5966afa19d,pending,,,awaiting explicit learner-level review before release
klose,4,KV000760,d3c9b746bad553d6ec147874665d6c8c3f37fc3d2c29e9952471e195dbed714f,pending,,,awaiting explicit learner-level review before release
klose,4,KV000761,d12edec7b654b9df8775f9732c1ff9dddbc2cdce25126114e14a63487237c6a8,model-reviewed,2026-09-10,model,"Full model semantic review of 288 active Grade 5-6 new Notes plus 55 focused reused/fingerprint-invalidated Notes; review corrections validated by learner-content, auxiliary-vocabulary, current-merge and full Vocabulary gates."
klose,4,KV000762,72b53ee8ad9517adbc3584a369db5c4231074de459a3926addc8b1e91e531a73,pending,,,awaiting explicit learner-level review before release
klose,4,KV000763,5f6ea4c1d6f6dbe20c01b9c3b5ad7e49aad719053a934a65164e3445aad5e3ac,pending,,,awaiting explicit learner-level review before release
klose,4,KV000764,2612c8c5ff01ef8eaf6fb99a7e164de4aa640b7eb89081f57e6b0ae4dc301f84,model-reviewed,2026-09-10,model,"Full model semantic review of 288 active Grade 5-6 new Notes plus 55 focused reused/fingerprint-invalidated Notes; review corrections validated by learner-content, auxiliary-vocabulary, current-merge and full Vocabulary gates."
klose,4,KV000765,efac61c18bd2a38d43d3fff2da3f02a4c8f1e2c482c87a3eca16aa8fca4f8f1a,pending,,,awaiting explicit learner-level review before release
klose,4,KV000766,fb9b2bdb4018b036bf034b3f4a63ebddc54d2e8ad87c0da0185a02ac60e7332b,pending,,,awaiting explicit learner-level review before release
klose,4,KV000767,678028ddd91a79d00b1592753db2e4e20be8971ea39e87d70f1b3087d0eb40a9,model-reviewed,2026-09-10,model,"Full model semantic review of 288 active Grade 5-6 new Notes plus 55 focused reused/fingerprint-invalidated Notes; review corrections validated by learner-content, auxiliary-vocabulary, current-merge and full Vocabulary gates."
klose,4,KV000768,d9ce3f9a47a464314a22134812cfc1b5efad60c8dd51c7b4442675614a40d006,pending,,,awaiting explicit learner-level review before release
klose,4,KV000769,b21601279b3aa74d2f1dbae127ecf73cd00212782842826fb73bf752f357a040,pending,,,awaiting explicit learner-level review before release
klose,4,KV000770,cd38c64cc3cd51fefaecb6c76fdbf1838a38457ed6499d7e0ce1b70e74f3aec0,model-reviewed,2026-09-10,model,"Full model semantic review of 288 active Grade 5-6 new Notes plus 55 focused reused/fingerprint-invalidated Notes; review corrections validated by learner-content, auxiliary-vocabulary, current-merge and full Vocabulary gates."
klose,4,KV000771,4afd9057c11f79fdc2a7d4d634df405d03e31cc81077cf3ddb34c9d51e736762,pending,,,awaiting explicit learner-level review before release
klose,4,KV000772,9451a963125221c5f0b889ed20b078c615311371b9dad4e82073eb0a10a8cd90,pending,,,awaiting explicit learner-level review before release
klose,4,KV000773,abf80d66e8c72894d44ca67fbd31a51d285b62d293b0d60efffce1060a20889f,pending,,,awaiting explicit learner-level review before release
klose,4,KV000774,25eb6bb75ef7ea2ff68841722b808df296a37aa592a8f8845c6eb8e0a34de1c2,pending,,,awaiting explicit learner-level review before release
klose,4,KV000775,4bb3da0d48ee2444d287efc32ffe81ffe04150b53739960f34c040d73fe86fe0,pending,,,awaiting explicit learner-level review before release
klose,4,KV000776,c3e38ba3975ab2cc93c06b4a84653fb9de0a99ad3f430aa7bfd98094275ece8b,pending,,,awaiting explicit learner-level review before release
klose,4,KV000777,50af5a416315aa305e9a9b79a9521e157fc065aea248e761598f7aee97259c1b,pending,,,awaiting explicit learner-level review before release
klose,4,KV000778,7510ef3f358425653e228d19e86d93210d70fb400653c38b2dd92f09b382ba23,pending,,,awaiting explicit learner-level review before release
klose,4,KV000780,e942f520d9a12b8b9fd5cd090fbb6dbf6310543ee06563521b926abb90714f82,pending,,,awaiting explicit learner-level review before release
klose,4,KV000781,fbca11fb749976358b0561b6753243fd1dd18dd1deb8990e8f861126882f03ae,pending,,,awaiting explicit learner-level review before release
klose,4,KV000782,7f0114464d0ef7ecbee80e58ad08cb6c924ed1daac638befac52d0229345debc,model-reviewed,2026-09-10,model,"Full model semantic review of 288 active Grade 5-6 new Notes plus 55 focused reused/fingerprint-invalidated Notes; review corrections validated by learner-content, auxiliary-vocabulary, current-merge and full Vocabulary gates."
klose,4,KV000783,c72b266b71739e0a1e86f2452e14f0b12b60fa2e70621bed1822be50f5d0a916,model-reviewed,2026-09-05,model,PromptHint migration reviewed: cook noun/verb and over location/finished receive minimal front-side disambiguation; all other PromptHint values remain blank and prior release-visible content is unchanged.
klose,4,KV000784,938173bf1f2e15a07d1957380c04b59e21b80dc6e6da35c84b9c1e26b4521d81,model-reviewed,2026-09-10,model,"Full model semantic review of 288 active Grade 5-6 new Notes plus 55 focused reused/fingerprint-invalidated Notes; review corrections validated by learner-content, auxiliary-vocabulary, current-merge and full Vocabulary gates."
klose,4,KV000785,088ba66572969fffa5da5951235f866ae441ad0b2bbd6db32dd9e2c1ce0edd7b,pending,,,awaiting explicit learner-level review before release
klose,4,KV000786,d495b01f85aedfcc85ec6ba0ca3c6778cb52834e3cf4af53cbc9c1674fafb683,pending,,,awaiting explicit learner-level review before release
klose,4,KV000787,76408eedd8ff06dc222123a2df82f7d5a81ae543edbf6823963e6db1fac9025a,pending,,,awaiting explicit learner-level review before release
klose,4,KV000788,14a2429072717545171ed4b5e0a15ff1b1ad28502cdb3c8a1f3fea591ef339fd,pending,,,awaiting explicit learner-level review before release
klose,4,KV000789,ec0fd2332508c4a0635cbd7151e85771bda9f71c78d22b894c3b558768bec8ed,pending,,,awaiting explicit learner-level review before release
klose,4,KV000790,b63abc145fd78060dc635e3057de6e6610b40a57ec9ae82edd22041cecf11be6,pending,,,awaiting explicit learner-level review before release
klose,4,KV000791,fb76a3ae189c3490c82a0a0da3529b53a98cf21cd5c8e4d9985dd8c5efe08b97,model-reviewed,2026-09-10,model,"Full model semantic review of 288 active Grade 5-6 new Notes plus 55 focused reused/fingerprint-invalidated Notes; review corrections validated by learner-content, auxiliary-vocabulary, current-merge and full Vocabulary gates."
klose,4,KV000792,c7806c2da084caf24c0384903c7e9f04ee6c65bb472643f2f37db740721ffd71,model-reviewed,2026-09-10,model,"Full model semantic review of 288 active Grade 5-6 new Notes plus 55 focused reused/fingerprint-invalidated Notes; review corrections validated by learner-content, auxiliary-vocabulary, current-merge and full Vocabulary gates."
klose,4,KV000793,5744e7879eea3485a6efd267100a4be0145923245b93a2cd59d9c00a94f3e427,pending,,,awaiting explicit learner-level review before release
klose,4,KV000794,fda7943913cd0f95b75ac8eb49d0be22f7851ec71523fbd3c49c16b22d9a5176,pending,,,awaiting explicit learner-level review before release
klose,4,KV000795,36943be6bb7d3868aebd1d24ae7fa98a75c5cffac6688a97e2c8520011391fa9,pending,,,awaiting explicit learner-level review before release
klose,4,KV000796,a7184f0b4b02ae2b382af7bf1bd9258ea9d560ea181a5ffbb4a48ec62a4fec0d,pending,,,awaiting explicit learner-level review before release
klose,4,KV000797,4ee6f3d8416ce9c21a3140600ca089e4126f49678ed0430389b1b7ff584a2e41,pending,,,awaiting explicit learner-level review before release
klose,4,KV000798,ff6539dcfcef5bfe9fc50af1e6f20bbc0b6b5c15e4fbcaef0faa43ed7c7d09c8,pending,,,awaiting explicit learner-level review before release
klose,4,KV000799,a9c47c6ad3559df3b2f74376cbe27612f7159e39733fa4a75855b99f67263da5,pending,,,awaiting explicit learner-level review before release
klose,4,KV000800,71af9c51812e16756e8aa39356f051dbdbdd963134a173190dc137740b7972b6,pending,,,awaiting explicit learner-level review before release
klose,4,KV000801,154e9a8bdd6dd088de208449dec5c0de848e84c6454c0669479906abe075e2bf,pending,,,awaiting explicit learner-level review before release
klose,4,KV000802,0199265c5bac0f4eaae00cad91fff5e311e4316053d03bc24041660f3f290571,pending,,,awaiting explicit learner-level review before release
klose,4,KV000803,7cd3f8038bac7ea86cb1f3874dde5f2c4381b9a8d14678e37a8c6e7af4c0de79,model-reviewed,2026-09-05,model,PromptHint migration reviewed: cook noun/verb and over location/finished receive minimal front-side disambiguation; all other PromptHint values remain blank and prior release-visible content is unchanged.
klose,4,KV000804,09d734c79c4f47254b7404c5dacc5afc5d88a3e852bb1ae371f665b1faf8edbf,model-reviewed,2026-09-05,model,PromptHint migration reviewed: cook noun/verb and over location/finished receive minimal front-side disambiguation; all other PromptHint values remain blank and prior release-visible content is unchanged.
klose,4,KV000805,f11f2e3063dea29e7a39bae9149ca09cfd36e27e617cd9032e8f206004926458,model-reviewed,2026-09-05,model,PromptHint migration reviewed: cook noun/verb and over location/finished receive minimal front-side disambiguation; all other PromptHint values remain blank and prior release-visible content is unchanged.
klose,4,KV000806,bb3a729ae97cae5c94215b536e686f9b605859335239e9f9d3221e76ddd6da4c,model-reviewed,2026-09-05,model,PromptHint migration reviewed: cook noun/verb and over location/finished receive minimal front-side disambiguation; all other PromptHint values remain blank and prior release-visible content is unchanged.
klose,4,KV000807,1c290fb830d1cbae5de6af488e8fc3da318aa94084a8c5276d2ad83cc0deb5f2,model-reviewed,2026-09-05,model,PromptHint migration reviewed: cook noun/verb and over location/finished receive minimal front-side disambiguation; all other PromptHint values remain blank and prior release-visible content is unchanged.
klose,4,KV000808,ac914b161ccf72d009b4096a2ec83616edd4e7992e60082b45afc725dd69f7a9,model-reviewed,2026-09-05,model,PromptHint migration reviewed: cook noun/verb and over location/finished receive minimal front-side disambiguation; all other PromptHint values remain blank and prior release-visible content is unchanged.
klose,4,KV000809,9be03535d38d9b754770ddef1a90934052389820bc56e4cc97e13006dedfa72a,model-reviewed,2026-09-05,model,PromptHint migration reviewed: cook noun/verb and over location/finished receive minimal front-side disambiguation; all other PromptHint values remain blank and prior release-visible content is unchanged.
klose,4,KV000810,fd4018805a29f9afa0184efc46ef159305d16f66ef2c501e0c23e59ad7469123,model-reviewed,2026-09-05,model,PromptHint migration reviewed: cook noun/verb and over location/finished receive minimal front-side disambiguation; all other PromptHint values remain blank and prior release-visible content is unchanged.
klose,4,KV000811,a3ae68432e7b9ca41429630594a8e01e476c0e39d9c54eac88ba2c687eab0114,model-reviewed,2026-09-05,model,PromptHint migration reviewed: cook noun/verb and over location/finished receive minimal front-side disambiguation; all other PromptHint values remain blank and prior release-visible content is unchanged.
klose,4,KV000812,2cc3f27c8cf2418d9cb2e7c6d7fd355850c2f5d0693b2574108350a2dcf72ee7,model-reviewed,2026-09-05,model,PromptHint migration reviewed: cook noun/verb and over location/finished receive minimal front-side disambiguation; all other PromptHint values remain blank and prior release-visible content is unchanged.
klose,4,KV000813,a16032fd4cb8a62d19948427e5fb3b4781a2cabc840fb0997d601584c1f71a34,model-reviewed,2026-09-05,model,PromptHint migration reviewed: cook noun/verb and over location/finished receive minimal front-side disambiguation; all other PromptHint values remain blank and prior release-visible content is unchanged.
klose,4,KV000814,3f63dbce77e5e5bbfe494d39192c7f1fda99cb2143ab668139cbf89232f52817,model-reviewed,2026-09-05,model,PromptHint migration reviewed: cook noun/verb and over location/finished receive minimal front-side disambiguation; all other PromptHint values remain blank and prior release-visible content is unchanged.
klose,4,KV000815,eb9c3e851d893ce01d96359efff3c9b2a43f59b6a0f990d13ce2f0a1cbbab209,model-reviewed,2026-09-05,model,PromptHint migration reviewed: cook noun/verb and over location/finished receive minimal front-side disambiguation; all other PromptHint values remain blank and prior release-visible content is unchanged.
klose,4,KV000816,c28561ace36c789b04cba29ae58cad2d306543d6d3488ef2d2e96f423f48433d,model-reviewed,2026-09-05,model,PromptHint migration reviewed: cook noun/verb and over location/finished receive minimal front-side disambiguation; all other PromptHint values remain blank and prior release-visible content is unchanged.
klose,4,KV000817,d57bf897aac2d4b50e7f2ee5ead69e059e4ea7b014440a508a8e9f9f7429ee7b,model-reviewed,2026-09-05,model,PromptHint migration reviewed: cook noun/verb and over location/finished receive minimal front-side disambiguation; all other PromptHint values remain blank and prior release-visible content is unchanged.
klose,4,KV000818,93f54e0a5d9ec18b5e1c5b6fc66fcbdad6b7291e6d89e20f994d6ee8b3cdecac,model-reviewed,2026-09-05,model,PromptHint migration reviewed: cook noun/verb and over location/finished receive minimal front-side disambiguation; all other PromptHint values remain blank and prior release-visible content is unchanged.
klose,4,KV000819,e179b78da4186f657afe6aa389ca1258dc24a91b87bb85e4c278a9c112ecf99e,model-reviewed,2026-09-05,model,PromptHint migration reviewed: cook noun/verb and over location/finished receive minimal front-side disambiguation; all other PromptHint values remain blank and prior release-visible content is unchanged.
klose,4,KV000820,f80a50c6dd09533fd74d5b8adb370227d344d6ec534fc4fb786578d201e9266b,model-reviewed,2026-09-05,model,PromptHint migration reviewed: cook noun/verb and over location/finished receive minimal front-side disambiguation; all other PromptHint values remain blank and prior release-visible content is unchanged.
klose,4,KV000821,b46af934989e77b80df383fc7346b510ef4a7df304a3fd71acf5cd0324d23985,model-reviewed,2026-09-05,model,PromptHint migration reviewed: cook noun/verb and over location/finished receive minimal front-side disambiguation; all other PromptHint values remain blank and prior release-visible content is unchanged.
klose,4,KV000822,d0a5b7533e3015eef7965797717aeace8d0218a86097d1fca35812c8d9b2d209,model-reviewed,2026-09-05,model,PromptHint migration reviewed: cook noun/verb and over location/finished receive minimal front-side disambiguation; all other PromptHint values remain blank and prior release-visible content is unchanged.
klose,4,KV000823,220ab20fa45fddd86267a726d87385e3f30c27b7d8ed7455954b427af7038fc6,model-reviewed,2026-09-05,model,PromptHint migration reviewed: cook noun/verb and over location/finished receive minimal front-side disambiguation; all other PromptHint values remain blank and prior release-visible content is unchanged.
klose,4,KV000824,b7b9002f6f9257c406223cda3db3b8465ff4a8784cc563512a8f2367e58401e8,model-reviewed,2026-09-05,model,PromptHint migration reviewed: cook noun/verb and over location/finished receive minimal front-side disambiguation; all other PromptHint values remain blank and prior release-visible content is unchanged.
klose,4,KV000825,d2283802f1bc04e0710c8df19f6ebf5cd46bfd8756fab5e56e537840e9abf9a4,model-reviewed,2026-09-05,model,PromptHint migration reviewed: cook noun/verb and over location/finished receive minimal front-side disambiguation; all other PromptHint values remain blank and prior release-visible content is unchanged.
klose,4,KV000826,a7a5d604a3001d8c39d0334941bc6ef28ef6f4289cc972f690a6c5b92a92347f,model-reviewed,2026-09-05,model,PromptHint migration reviewed: cook noun/verb and over location/finished receive minimal front-side disambiguation; all other PromptHint values remain blank and prior release-visible content is unchanged.
klose,4,KV000827,e21383b9620a8245aa0769e5ce8cf1a70a28649c86088d0cfdc6231602975f25,model-reviewed,2026-09-05,model,PromptHint migration reviewed: cook noun/verb and over location/finished receive minimal front-side disambiguation; all other PromptHint values remain blank and prior release-visible content is unchanged.
klose,4,KV000828,fe8b313acaf0273933b196a6b1be048f75322725330b191a6d85f02d5a5e5eaf,model-reviewed,2026-09-05,model,PromptHint migration reviewed: cook noun/verb and over location/finished receive minimal front-side disambiguation; all other PromptHint values remain blank and prior release-visible content is unchanged.
klose,4,KV000829,d57a0708cc4ee59359ef2be158802cd1cc485a11876ca2a7c24c71c1350fff09,model-reviewed,2026-09-05,model,PromptHint migration reviewed: cook noun/verb and over location/finished receive minimal front-side disambiguation; all other PromptHint values remain blank and prior release-visible content is unchanged.
klose,4,KV000830,b7a235cf9b30f414bb294de823b7590d3be2f51b468348b64dd1a4c596029181,model-reviewed,2026-09-05,model,PromptHint migration reviewed: cook noun/verb and over location/finished receive minimal front-side disambiguation; all other PromptHint values remain blank and prior release-visible content is unchanged.
klose,4,KV000831,42aa7f8d8a969a77c6179d41766c4a8857cb46aa3fa405647ec1b569e3dd9e9b,model-reviewed,2026-09-05,model,PromptHint migration reviewed: cook noun/verb and over location/finished receive minimal front-side disambiguation; all other PromptHint values remain blank and prior release-visible content is unchanged.
klose,4,KV000832,f62839bdd6d9892a0a5976b509377e7af3e1355be30046ce81496f1dce6ad7bb,model-reviewed,2026-09-05,model,PromptHint migration reviewed: cook noun/verb and over location/finished receive minimal front-side disambiguation; all other PromptHint values remain blank and prior release-visible content is unchanged.
klose,4,KV000833,815aba4166a90aa21c49514954f3fb36652b38d5332b17751ee96b792955394f,model-reviewed,2026-09-05,model,PromptHint migration reviewed: cook noun/verb and over location/finished receive minimal front-side disambiguation; all other PromptHint values remain blank and prior release-visible content is unchanged.
klose,4,KV000834,ba38c7e82cf7cdf93227ef152d748c14f401c64d351335837cd482205d4f5b33,model-reviewed,2026-09-05,model,PromptHint migration reviewed: cook noun/verb and over location/finished receive minimal front-side disambiguation; all other PromptHint values remain blank and prior release-visible content is unchanged.
klose,4,KV000835,323c3db03face054c1279f59170ee1724a2ee2d4af2008df17ede81d6a120348,model-reviewed,2026-09-05,model,PromptHint migration reviewed: cook noun/verb and over location/finished receive minimal front-side disambiguation; all other PromptHint values remain blank and prior release-visible content is unchanged.
klose,4,KV000836,109254e837c432cb4f09807726510fc51a02346baf67523dbc0e069f4525d855,model-reviewed,2026-09-05,model,PromptHint migration reviewed: cook noun/verb and over location/finished receive minimal front-side disambiguation; all other PromptHint values remain blank and prior release-visible content is unchanged.
klose,4,KV000837,77874972d8851fd2b5e1bd6559340cdb1a8cfdb83c1229a93de1e428ef1de194,model-reviewed,2026-09-05,model,PromptHint migration reviewed: cook noun/verb and over location/finished receive minimal front-side disambiguation; all other PromptHint values remain blank and prior release-visible content is unchanged.
klose,4,KV000838,1820d82a53f638c631eeeef24d48ff45384cfdb29fd0aae1ea09eb9f27633280,model-reviewed,2026-09-05,model,PromptHint migration reviewed: cook noun/verb and over location/finished receive minimal front-side disambiguation; all other PromptHint values remain blank and prior release-visible content is unchanged.
klose,4,KV000839,21e5bd131c01dfd23497b95c8335951f94f20beaf239cdc41698149eec359fc5,model-reviewed,2026-09-05,model,PromptHint migration reviewed: cook noun/verb and over location/finished receive minimal front-side disambiguation; all other PromptHint values remain blank and prior release-visible content is unchanged.
klose,4,KV000840,52b76dfebd97d4e31ada5fc34259353a3ee31aa164da799ee2e96b68c1e45677,model-reviewed,2026-09-05,model,PromptHint migration reviewed: cook noun/verb and over location/finished receive minimal front-side disambiguation; all other PromptHint values remain blank and prior release-visible content is unchanged.
klose,4,KV000841,691ece038502ceb0ccb94b2f35129ab9982d52ddddbfa62f7847d2fbc2f3ec61,model-reviewed,2026-09-05,model,PromptHint migration reviewed: cook noun/verb and over location/finished receive minimal front-side disambiguation; all other PromptHint values remain blank and prior release-visible content is unchanged.
klose,4,KV000842,673809329d973687d81b8d4911e497ea410f142d65274893774ceaafc074fe66,model-reviewed,2026-09-05,model,PromptHint migration reviewed: cook noun/verb and over location/finished receive minimal front-side disambiguation; all other PromptHint values remain blank and prior release-visible content is unchanged.
klose,4,KV000843,fd88f6f2b0e930aff55709528c01327da62856ca4e08428585b3459a46281927,model-reviewed,2026-09-05,model,PromptHint migration reviewed: cook noun/verb and over location/finished receive minimal front-side disambiguation; all other PromptHint values remain blank and prior release-visible content is unchanged.
klose,4,KV000844,0db6134336bd95bb8632de893d1a02585d4b802c3dd8e72c98c8cf5cfa00ce58,model-reviewed,2026-09-05,model,PromptHint migration reviewed: cook noun/verb and over location/finished receive minimal front-side disambiguation; all other PromptHint values remain blank and prior release-visible content is unchanged.
klose,4,KV000845,d19065cedb3cf5a73f3acc75f15ed818df9be5e3aa121a65811258c040aa676d,model-reviewed,2026-09-05,model,PromptHint migration reviewed: cook noun/verb and over location/finished receive minimal front-side disambiguation; all other PromptHint values remain blank and prior release-visible content is unchanged.
klose,4,KV000846,28372f361e7b9836f9debc16ab5b9acd0473fe2957f9581c7546da04dc3155f5,model-reviewed,2026-09-05,model,PromptHint migration reviewed: cook noun/verb and over location/finished receive minimal front-side disambiguation; all other PromptHint values remain blank and prior release-visible content is unchanged.
klose,4,KV000847,8d0f46b273052e897633a2b6d9969997cf00e237fa6121bc6bbb67035521989c,model-reviewed,2026-09-05,model,PromptHint migration reviewed: cook noun/verb and over location/finished receive minimal front-side disambiguation; all other PromptHint values remain blank and prior release-visible content is unchanged.
klose,4,KV000848,7eba5c4339a4cb22366b2117bfa981e32c665ad3a90f628da37772fb0130414c,model-reviewed,2026-09-05,model,PromptHint migration reviewed: cook noun/verb and over location/finished receive minimal front-side disambiguation; all other PromptHint values remain blank and prior release-visible content is unchanged.
klose,4,KV000849,19806a054464c6705fa211475e636e153bf4a6cea5ee83a2e620979c37590876,model-reviewed,2026-09-05,model,PromptHint migration reviewed: cook noun/verb and over location/finished receive minimal front-side disambiguation; all other PromptHint values remain blank and prior release-visible content is unchanged.
klose,4,KV000850,3b5253228488037ca7d327209a6c854f0be28e09f5dc12a6b4defbfda817b992,model-reviewed,2026-09-05,model,PromptHint migration reviewed: cook noun/verb and over location/finished receive minimal front-side disambiguation; all other PromptHint values remain blank and prior release-visible content is unchanged.
klose,4,KV000851,c32949be43fed4e955d547763d72a4001d4dce4fd3f837db980f132f5407b180,model-reviewed,2026-09-05,model,PromptHint migration reviewed: cook noun/verb and over location/finished receive minimal front-side disambiguation; all other PromptHint values remain blank and prior release-visible content is unchanged.
klose,4,KV000852,6dba133e1ea0b707e5d51f50afeb0ae0127d07140e21b94cec12acd25daca7d5,model-reviewed,2026-09-05,model,PromptHint migration reviewed: cook noun/verb and over location/finished receive minimal front-side disambiguation; all other PromptHint values remain blank and prior release-visible content is unchanged.
klose,4,KV000853,02dc721abd664b7e25997563e87b7804301cf8a9d81a3f231efe07eb973c51db,model-reviewed,2026-09-05,model,PromptHint migration reviewed: cook noun/verb and over location/finished receive minimal front-side disambiguation; all other PromptHint values remain blank and prior release-visible content is unchanged.
klose,4,KV000854,1d90c50281139b64e7cdd25ac8c1d9699904b216000532a10c448e8ff0f91d53,model-reviewed,2026-09-05,model,PromptHint migration reviewed: cook noun/verb and over location/finished receive minimal front-side disambiguation; all other PromptHint values remain blank and prior release-visible content is unchanged.
klose,4,KV000855,9b78fd23ce17d5f703db326c474655810c2d13e8545c4aeccf155f3fe8e162fc,model-reviewed,2026-09-05,model,PromptHint migration reviewed: cook noun/verb and over location/finished receive minimal front-side disambiguation; all other PromptHint values remain blank and prior release-visible content is unchanged.
klose,4,KV000856,46331f15d157c1bb3f1aaf94f223f03d67e843041cec15f3c8d3f98bc2c33820,model-reviewed,2026-09-05,model,PromptHint migration reviewed: cook noun/verb and over location/finished receive minimal front-side disambiguation; all other PromptHint values remain blank and prior release-visible content is unchanged.
klose,4,KV000857,d1cae2e4996d5245e3418086b2d14c0f37c937ef471ea5891f5cab4f2c9cdd98,model-reviewed,2026-09-05,model,PromptHint migration reviewed: cook noun/verb and over location/finished receive minimal front-side disambiguation; all other PromptHint values remain blank and prior release-visible content is unchanged.
klose,4,KV000858,473b7201323546b7d81856e555a742ce172cfc7d11d771e85a37b0f8771858df,model-reviewed,2026-09-05,model,PromptHint migration reviewed: cook noun/verb and over location/finished receive minimal front-side disambiguation; all other PromptHint values remain blank and prior release-visible content is unchanged.
klose,4,KV000859,bbd3848285bd49e3f1cca24001cb22e188c94e3200b4fd8db7435d3a2d9ed577,model-reviewed,2026-09-05,model,PromptHint migration reviewed: cook noun/verb and over location/finished receive minimal front-side disambiguation; all other PromptHint values remain blank and prior release-visible content is unchanged.
klose,4,KV000860,c45efdcf51896e0a7661fd9cee4eca4bc4f166bf143f11eb66a5fa1fb9817a48,model-reviewed,2026-09-05,model,PromptHint migration reviewed: cook noun/verb and over location/finished receive minimal front-side disambiguation; all other PromptHint values remain blank and prior release-visible content is unchanged.
klose,4,KV000861,a3a89f2022f4f550072daef407bacf86f7f495a53deea9f5fc6e27c76f6d16cc,model-reviewed,2026-09-05,model,PromptHint migration reviewed: cook noun/verb and over location/finished receive minimal front-side disambiguation; all other PromptHint values remain blank and prior release-visible content is unchanged.
klose,4,KV000862,a0d1b9ca084988cb3b0508590a3753fb5beac24adb62a6c5c49aafd679fad881,model-reviewed,2026-09-05,model,PromptHint migration reviewed: cook noun/verb and over location/finished receive minimal front-side disambiguation; all other PromptHint values remain blank and prior release-visible content is unchanged.
klose,4,KV000863,9cdef31ea3875652522189f0ac338f3f8adca727303cc749c8ea288b76195e3b,model-reviewed,2026-09-05,model,PromptHint migration reviewed: cook noun/verb and over location/finished receive minimal front-side disambiguation; all other PromptHint values remain blank and prior release-visible content is unchanged.
klose,4,KV000864,97bf33006348b7f37546dd42662bf4b12d77d5a2c439462e517e3c77377e1077,model-reviewed,2026-09-05,model,PromptHint migration reviewed: cook noun/verb and over location/finished receive minimal front-side disambiguation; all other PromptHint values remain blank and prior release-visible content is unchanged.
klose,4,KV000865,d6c847408b4ba682d327743fb46ab15e3fca2462b65c87f47702d9add8449be1,model-reviewed,2026-09-05,model,PromptHint migration reviewed: cook noun/verb and over location/finished receive minimal front-side disambiguation; all other PromptHint values remain blank and prior release-visible content is unchanged.
klose,4,KV000866,2366379e2029c1323463d2edd45667d0529f715452d1674fccfd6837e42ad700,model-reviewed,2026-09-05,model,PromptHint migration reviewed: cook noun/verb and over location/finished receive minimal front-side disambiguation; all other PromptHint values remain blank and prior release-visible content is unchanged.
klose,4,KV000867,6be5b25aeadbe4ac0b75d2e66d877792a1e45d7f6dc139eda3569da82355eb6f,model-reviewed,2026-09-05,model,PromptHint migration reviewed: cook noun/verb and over location/finished receive minimal front-side disambiguation; all other PromptHint values remain blank and prior release-visible content is unchanged.
klose,4,KV000868,4553e6c61d520848a12a5df826d16838b728d507b024b38cca3a5ef4dd4433b6,model-reviewed,2026-09-05,model,PromptHint migration reviewed: cook noun/verb and over location/finished receive minimal front-side disambiguation; all other PromptHint values remain blank and prior release-visible content is unchanged.
klose,4,KV000869,ad2d598b09c6aac7fbb8d8f085ff3f2f8c7452e72f3ddacf70493c13ac177789,model-reviewed,2026-09-05,model,PromptHint migration reviewed: cook noun/verb and over location/finished receive minimal front-side disambiguation; all other PromptHint values remain blank and prior release-visible content is unchanged.
klose,4,KV000870,f4ec2dcd9f4626cea181d2d0e0ac7289ec2b3df3ca1d5ee984fda4207f702861,model-reviewed,2026-09-05,model,PromptHint migration reviewed: cook noun/verb and over location/finished receive minimal front-side disambiguation; all other PromptHint values remain blank and prior release-visible content is unchanged.
klose,4,KV000871,067952f5b7c2697fabd5034b86a00f92e3852c7080fca71968886b12ae08bc5c,model-reviewed,2026-09-05,model,PromptHint migration reviewed: cook noun/verb and over location/finished receive minimal front-side disambiguation; all other PromptHint values remain blank and prior release-visible content is unchanged.
klose,4,KV000872,131125ba88bfa5d9cb4ce526efe76a95a5cfacf64fb3ab5511c5f588a14eeb3d,model-reviewed,2026-09-05,model,PromptHint migration reviewed: cook noun/verb and over location/finished receive minimal front-side disambiguation; all other PromptHint values remain blank and prior release-visible content is unchanged.
klose,4,KV000873,8e6a36875aa0091c50b466278736f4d6481c9c79fbffb0577eb6fb815ebf9891,model-reviewed,2026-09-05,model,PromptHint migration reviewed: cook noun/verb and over location/finished receive minimal front-side disambiguation; all other PromptHint values remain blank and prior release-visible content is unchanged.
klose,4,KV000874,3599c878c58e60bc3415a505eaf4db1276dccbadf62667480dc4b82b9189a7eb,model-reviewed,2026-09-05,model,PromptHint migration reviewed: cook noun/verb and over location/finished receive minimal front-side disambiguation; all other PromptHint values remain blank and prior release-visible content is unchanged.
klose,4,KV000875,df78f98499cfd6ef4a797b7f402b726245afd2f1e1f121563988aac8a70f89f5,model-reviewed,2026-09-05,model,PromptHint migration reviewed: cook noun/verb and over location/finished receive minimal front-side disambiguation; all other PromptHint values remain blank and prior release-visible content is unchanged.
klose,4,KV000876,dc6dc26780016ecc1a5cd2682e80bded2a1d1e6090fe1e1fa5e2486942412f88,model-reviewed,2026-09-05,model,PromptHint migration reviewed: cook noun/verb and over location/finished receive minimal front-side disambiguation; all other PromptHint values remain blank and prior release-visible content is unchanged.
klose,4,KV000877,3150b59fc56e03606de576bdcc4f3b1bf82d1926dac28939866b174f808d4585,model-reviewed,2026-09-05,model,PromptHint migration reviewed: cook noun/verb and over location/finished receive minimal front-side disambiguation; all other PromptHint values remain blank and prior release-visible content is unchanged.
klose,4,KV000878,3029b9581a4dba763fe282770b855ccf7ae9b9af6e2d754f729ecb364c344ad9,model-reviewed,2026-09-05,model,PromptHint migration reviewed: cook noun/verb and over location/finished receive minimal front-side disambiguation; all other PromptHint values remain blank and prior release-visible content is unchanged.
klose,4,KV000879,3a92d2ac86284c3b73c8cd63e42f14dd256f1b5302f692856d720d25ae21fbd6,model-reviewed,2026-09-05,model,PromptHint migration reviewed: cook noun/verb and over location/finished receive minimal front-side disambiguation; all other PromptHint values remain blank and prior release-visible content is unchanged.
klose,4,KV000880,d98ffd4efdcb64f328b65f60a837e850e6f315c957d3331ffb0ede6f538db01a,model-reviewed,2026-09-05,model,PromptHint migration reviewed: cook noun/verb and over location/finished receive minimal front-side disambiguation; all other PromptHint values remain blank and prior release-visible content is unchanged.
klose,4,KV000881,0cf586ba11be3bda546b5d911b0d817bae69529e42a8f4871b624a9091f67fbf,model-reviewed,2026-09-05,model,PromptHint migration reviewed: cook noun/verb and over location/finished receive minimal front-side disambiguation; all other PromptHint values remain blank and prior release-visible content is unchanged.
klose,4,KV000882,2800c394cd5c0b9d59d4efa3c35f05197262522ee11935986b288a626abdfad8,model-reviewed,2026-09-05,model,PromptHint migration reviewed: cook noun/verb and over location/finished receive minimal front-side disambiguation; all other PromptHint values remain blank and prior release-visible content is unchanged.
klose,4,KV000883,a6478ab417b2dc1f8ae4f4c188e6b595bf495409d270d0b61665484583d27a9c,model-reviewed,2026-09-05,model,PromptHint migration reviewed: cook noun/verb and over location/finished receive minimal front-side disambiguation; all other PromptHint values remain blank and prior release-visible content is unchanged.
klose,4,KV000884,edeb8ce6673d71c11b1307046fa44e97c55557450627f43ddb2b2bdae6153f9a,model-reviewed,2026-09-05,model,PromptHint migration reviewed: cook noun/verb and over location/finished receive minimal front-side disambiguation; all other PromptHint values remain blank and prior release-visible content is unchanged.
klose,4,KV000885,4af4baa27cd2d26a2db6c03ad407774a30ae6707511acc6e78c8be730704cef3,model-reviewed,2026-09-05,model,PromptHint migration reviewed: cook noun/verb and over location/finished receive minimal front-side disambiguation; all other PromptHint values remain blank and prior release-visible content is unchanged.
klose,4,KV000886,8d1836d2ba94ec8f0e00f89d6fd818e8f8156df304e18513d561957341710811,model-reviewed,2026-09-05,model,PromptHint migration reviewed: cook noun/verb and over location/finished receive minimal front-side disambiguation; all other PromptHint values remain blank and prior release-visible content is unchanged.
klose,4,KV000887,532f79a59094dc025f03c03b4a3cb6846f6950156fe123a3be4fd4a8dc4b3fab,model-reviewed,2026-09-05,model,PromptHint migration reviewed: cook noun/verb and over location/finished receive minimal front-side disambiguation; all other PromptHint values remain blank and prior release-visible content is unchanged.
klose,4,KV000888,e17e4a80fed514219a02ac5089c6657496727b170b9a3cc171e70fc340df93b2,model-reviewed,2026-09-05,model,PromptHint migration reviewed: cook noun/verb and over location/finished receive minimal front-side disambiguation; all other PromptHint values remain blank and prior release-visible content is unchanged.
klose,4,KV000889,f984a7f63374a5bb30215e74120ca1e6fa6c6155c8b84575d5933af8bbc73f63,model-reviewed,2026-09-05,model,PromptHint migration reviewed: cook noun/verb and over location/finished receive minimal front-side disambiguation; all other PromptHint values remain blank and prior release-visible content is unchanged.
klose,4,KV000890,cf3f1d3b803311483de83a840f3d3eaacc6796868889d43dfbe8affc43ea0a49,model-reviewed,2026-09-05,model,PromptHint migration reviewed: cook noun/verb and over location/finished receive minimal front-side disambiguation; all other PromptHint values remain blank and prior release-visible content is unchanged.
klose,4,KV000891,ea2b2dbf2c90895d4c5cb1ed2207c019dee5132f44035e09542dc1cfa1a6c578,model-reviewed,2026-09-05,model,PromptHint migration reviewed: cook noun/verb and over location/finished receive minimal front-side disambiguation; all other PromptHint values remain blank and prior release-visible content is unchanged.
klose,4,KV000892,9d6765d6e7acbcd541c16dc1ec8d32511f5108e1e0078fddd3bede0e6ac0051c,model-reviewed,2026-09-05,model,PromptHint migration reviewed: cook noun/verb and over location/finished receive minimal front-side disambiguation; all other PromptHint values remain blank and prior release-visible content is unchanged.
klose,4,KV000893,3b9baca7d5b82b0e081fe4f1a0e6b1127e5f4a71023a1724bc3ccc87971532ba,model-reviewed,2026-09-05,model,PromptHint migration reviewed: cook noun/verb and over location/finished receive minimal front-side disambiguation; all other PromptHint values remain blank and prior release-visible content is unchanged.
klose,4,KV000894,a433ae5c278125af941385deacecb44591cd7408e9a7ed23270208af828d4ae9,model-reviewed,2026-09-05,model,PromptHint migration reviewed: cook noun/verb and over location/finished receive minimal front-side disambiguation; all other PromptHint values remain blank and prior release-visible content is unchanged.
klose,4,KV000895,063f1673c9a3bdcce09bea59bd10eeacca8349d8e6d6ed660cf9dc3c558a2a8a,model-reviewed,2026-09-05,model,PromptHint migration reviewed: cook noun/verb and over location/finished receive minimal front-side disambiguation; all other PromptHint values remain blank and prior release-visible content is unchanged.
klose,4,KV000896,b82bd63f18d087832b93d285bd9628f40419c437881220becc5c7a12ffd74e18,model-reviewed,2026-09-05,model,PromptHint migration reviewed: cook noun/verb and over location/finished receive minimal front-side disambiguation; all other PromptHint values remain blank and prior release-visible content is unchanged.
klose,4,KV000897,9b29545e412c002b4623bc488861844a7f0023b5080ee1d03152a9e5b22fee4a,model-reviewed,2026-09-05,model,PromptHint migration reviewed: cook noun/verb and over location/finished receive minimal front-side disambiguation; all other PromptHint values remain blank and prior release-visible content is unchanged.
klose,4,KV000898,00c42bfe2e495bb70a7e576db676b2b29f8dbe96f13a39f0ba9874ad17b1de89,model-reviewed,2026-09-05,model,PromptHint migration reviewed: cook noun/verb and over location/finished receive minimal front-side disambiguation; all other PromptHint values remain blank and prior release-visible content is unchanged.
klose,4,KV000899,36d145b8904309a355b5865fff4d2fb4d939af0a0c3d434a3828a1a8c3d8f065,model-reviewed,2026-09-05,model,PromptHint migration reviewed: cook noun/verb and over location/finished receive minimal front-side disambiguation; all other PromptHint values remain blank and prior release-visible content is unchanged.
klose,4,KV000900,5f8281c22cc296279beccbaaef2f8e7d33b4ad5e0851ac1a03b301f3d7522e72,model-reviewed,2026-09-05,model,PromptHint migration reviewed: cook noun/verb and over location/finished receive minimal front-side disambiguation; all other PromptHint values remain blank and prior release-visible content is unchanged.
klose,4,KV000901,8ecf5b13a67acb8ed50c7ff302e58c14198b3a98c0dd9be7f291eac3dbe7d526,model-reviewed,2026-09-05,model,PromptHint migration reviewed: cook noun/verb and over location/finished receive minimal front-side disambiguation; all other PromptHint values remain blank and prior release-visible content is unchanged.
klose,4,KV000902,7e07c77da06a015ccd06eeaab2421b52c49f0ee6c84938d016d910c55109250e,model-reviewed,2026-09-10,model,"Full model semantic review of 288 active Grade 5-6 new Notes plus 55 focused reused/fingerprint-invalidated Notes; review corrections validated by learner-content, auxiliary-vocabulary, current-merge and full Vocabulary gates."
klose,4,KV000903,f2bc86878284c7763064d8caf272361cc704edf4edbdd2e86e6398d640b823fc,model-reviewed,2026-09-10,model,"Full model semantic review of 288 active Grade 5-6 new Notes plus 55 focused reused/fingerprint-invalidated Notes; review corrections validated by learner-content, auxiliary-vocabulary, current-merge and full Vocabulary gates."
klose,4,KV000904,f068c7ba8e81e781d3fe4744e328b424435ba416020252f8c08b969d8f6f5d67,model-reviewed,2026-09-10,model,"Full model semantic review of 288 active Grade 5-6 new Notes plus 55 focused reused/fingerprint-invalidated Notes; review corrections validated by learner-content, auxiliary-vocabulary, current-merge and full Vocabulary gates."
klose,4,KV000905,38a0c0803e7b5cfbb12b3f30e855344e5c985f4eb41322572abc6117721c3387,model-reviewed,2026-09-10,model,"Full model semantic review of 288 active Grade 5-6 new Notes plus 55 focused reused/fingerprint-invalidated Notes; review corrections validated by learner-content, auxiliary-vocabulary, current-merge and full Vocabulary gates."
klose,4,KV000906,a171745977a3e5f805ac8e360378ebb859d8aff59b605ee79ac4c58a9d1f3ccc,model-reviewed,2026-09-10,model,"Full model semantic review of 288 active Grade 5-6 new Notes plus 55 focused reused/fingerprint-invalidated Notes; review corrections validated by learner-content, auxiliary-vocabulary, current-merge and full Vocabulary gates."
klose,4,KV000907,793c1fc90a67dbbe07f7698aa17b28db70c71db654a51620cb901b827c952624,model-reviewed,2026-09-10,model,"Full model semantic review of 288 active Grade 5-6 new Notes plus 55 focused reused/fingerprint-invalidated Notes; review corrections validated by learner-content, auxiliary-vocabulary, current-merge and full Vocabulary gates."
klose,4,KV000908,9487788610f5301c64cbfbe1ab560077119175aff21431037dbded58de5ca3c8,model-reviewed,2026-09-10,model,"Full model semantic review of 288 active Grade 5-6 new Notes plus 55 focused reused/fingerprint-invalidated Notes; review corrections validated by learner-content, auxiliary-vocabulary, current-merge and full Vocabulary gates."
klose,4,KV000909,28d6dd2998f84f2612df7a3461d81effea1643ac4f5ba6376e2f6b4aed5bcc22,model-reviewed,2026-09-10,model,"Full model semantic review of 288 active Grade 5-6 new Notes plus 55 focused reused/fingerprint-invalidated Notes; review corrections validated by learner-content, auxiliary-vocabulary, current-merge and full Vocabulary gates."
klose,4,KV000910,6a6a0b556048137e3d212f4ec9dd7e55951c171a84b5ddad097c0a0e9809c83a,model-reviewed,2026-09-10,model,"Full model semantic review of 288 active Grade 5-6 new Notes plus 55 focused reused/fingerprint-invalidated Notes; review corrections validated by learner-content, auxiliary-vocabulary, current-merge and full Vocabulary gates."
klose,4,KV000911,50d3df634a5b4311c657cb56b9a62e5a3c0ace1957a4b24fd8e676aa67676464,model-reviewed,2026-09-10,model,"Full model semantic review of 288 active Grade 5-6 new Notes plus 55 focused reused/fingerprint-invalidated Notes; review corrections validated by learner-content, auxiliary-vocabulary, current-merge and full Vocabulary gates."
klose,4,KV000912,a9262fa1220fa9b50143574875049e667905f7ff91cebbe3721756bb1251a399,model-reviewed,2026-09-10,model,"Full model semantic review of 288 active Grade 5-6 new Notes plus 55 focused reused/fingerprint-invalidated Notes; review corrections validated by learner-content, auxiliary-vocabulary, current-merge and full Vocabulary gates."
klose,4,KV000913,23fcb51bae129cf1287d4364fffac49a39e607f61689bb13f6a048785766fd08,model-reviewed,2026-09-10,model,"Full model semantic review of 288 active Grade 5-6 new Notes plus 55 focused reused/fingerprint-invalidated Notes; review corrections validated by learner-content, auxiliary-vocabulary, current-merge and full Vocabulary gates."
klose,4,KV000914,f5091c93a25df87572b1f4877e03d3684bbb74619cf836a9c05770de3ef27f27,model-reviewed,2026-09-10,model,"Full model semantic review of 288 active Grade 5-6 new Notes plus 55 focused reused/fingerprint-invalidated Notes; review corrections validated by learner-content, auxiliary-vocabulary, current-merge and full Vocabulary gates."
klose,4,KV000915,feef9421f7afb53c1e574880dc4ac1f5f39fd84ee463a0a9e3f40951ea8cdb28,model-reviewed,2026-09-10,model,"Full model semantic review of 288 active Grade 5-6 new Notes plus 55 focused reused/fingerprint-invalidated Notes; review corrections validated by learner-content, auxiliary-vocabulary, current-merge and full Vocabulary gates."
klose,4,KV000916,523d0939b7c3d3bc5aba7a6d59d2df9cbcb8f37092203501b75e76c858d7c42f,model-reviewed,2026-09-10,model,"Full model semantic review of 288 active Grade 5-6 new Notes plus 55 focused reused/fingerprint-invalidated Notes; review corrections validated by learner-content, auxiliary-vocabulary, current-merge and full Vocabulary gates."
klose,4,KV000917,2c873b3c6cfba56fe779138ffa5b92df2c2e6a31098893aded5217b132c5f4df,model-reviewed,2026-09-10,model,"Full model semantic review of 288 active Grade 5-6 new Notes plus 55 focused reused/fingerprint-invalidated Notes; review corrections validated by learner-content, auxiliary-vocabulary, current-merge and full Vocabulary gates."
klose,4,KV000918,51bb1c0e3cb79728633e9f17f24f912a320b305c83a4ec8182f98c6efd9d7686,model-reviewed,2026-09-10,model,"Full model semantic review of 288 active Grade 5-6 new Notes plus 55 focused reused/fingerprint-invalidated Notes; review corrections validated by learner-content, auxiliary-vocabulary, current-merge and full Vocabulary gates."
klose,4,KV000919,856fd4eb96e89007de50b786075a7268a1871f16be0bc37fa791e6b49a3b7023,model-reviewed,2026-09-10,model,"Full model semantic review of 288 active Grade 5-6 new Notes plus 55 focused reused/fingerprint-invalidated Notes; review corrections validated by learner-content, auxiliary-vocabulary, current-merge and full Vocabulary gates."
klose,4,KV000920,f59bf048e38ed555f9f73aa2140ce6a0c64acc153a2411e2e8da66991d62db38,model-reviewed,2026-09-10,model,"Full model semantic review of 288 active Grade 5-6 new Notes plus 55 focused reused/fingerprint-invalidated Notes; review corrections validated by learner-content, auxiliary-vocabulary, current-merge and full Vocabulary gates."
klose,4,KV000921,527424e35cff336d62285c6fbf541a8f54b0335396aad661cb11c7341c65cbce,model-reviewed,2026-09-10,model,"Full model semantic review of 288 active Grade 5-6 new Notes plus 55 focused reused/fingerprint-invalidated Notes; review corrections validated by learner-content, auxiliary-vocabulary, current-merge and full Vocabulary gates."
klose,4,KV000922,d34198059dc0bda6e9c69c0bf225022a5b6683b0021f7dcf3fdede192cb8240f,model-reviewed,2026-09-10,model,"Full model semantic review of 288 active Grade 5-6 new Notes plus 55 focused reused/fingerprint-invalidated Notes; review corrections validated by learner-content, auxiliary-vocabulary, current-merge and full Vocabulary gates."
klose,4,KV000923,0780f24c2d80c89fd887d47608f5bf2b354dadce95a354738f871bb3451e7042,model-reviewed,2026-09-10,model,"Full model semantic review of 288 active Grade 5-6 new Notes plus 55 focused reused/fingerprint-invalidated Notes; review corrections validated by learner-content, auxiliary-vocabulary, current-merge and full Vocabulary gates."
klose,4,KV000924,51a9bf869b55d44335d30de9c4cb67a5b17f0c88064273fb285950015638cb5b,model-reviewed,2026-09-10,model,"Full model semantic review of 288 active Grade 5-6 new Notes plus 55 focused reused/fingerprint-invalidated Notes; review corrections validated by learner-content, auxiliary-vocabulary, current-merge and full Vocabulary gates."
klose,4,KV000925,2dc9b4de51aab2276d03ab2ad2efe18a6a2af35aaf3d65ed9576363d7e7257c6,model-reviewed,2026-09-10,model,"Full model semantic review of 288 active Grade 5-6 new Notes plus 55 focused reused/fingerprint-invalidated Notes; review corrections validated by learner-content, auxiliary-vocabulary, current-merge and full Vocabulary gates."
klose,4,KV000926,5967afbcc4b0da223e06529f92c176670b3002633bcf395142e1b4fb545a910a,model-reviewed,2026-09-10,model,"Full model semantic review of 288 active Grade 5-6 new Notes plus 55 focused reused/fingerprint-invalidated Notes; review corrections validated by learner-content, auxiliary-vocabulary, current-merge and full Vocabulary gates."
klose,4,KV000927,1fc3dd05232b9b2575904919c70a84e7b52f25048bc3fc69f83f94c636e415f4,model-reviewed,2026-09-10,model,"Full model semantic review of 288 active Grade 5-6 new Notes plus 55 focused reused/fingerprint-invalidated Notes; review corrections validated by learner-content, auxiliary-vocabulary, current-merge and full Vocabulary gates."
klose,4,KV000928,989c40bdb6a5a1334729b25fe8bf877934e465e9d0974c3e476ee8be9ef3b57f,model-reviewed,2026-09-10,model,"Full model semantic review of 288 active Grade 5-6 new Notes plus 55 focused reused/fingerprint-invalidated Notes; review corrections validated by learner-content, auxiliary-vocabulary, current-merge and full Vocabulary gates."
klose,4,KV000929,17c26bf59bd47deb91bca7afed266a857e66786c494e6fbb80bbbdeeac3ba3f1,model-reviewed,2026-09-10,model,"Full model semantic review of 288 active Grade 5-6 new Notes plus 55 focused reused/fingerprint-invalidated Notes; review corrections validated by learner-content, auxiliary-vocabulary, current-merge and full Vocabulary gates."
klose,4,KV000930,1079c5aa89f4585a06c5d6c5431c55f7c54e36414a69b5807dfce8bd62e405ea,model-reviewed,2026-09-10,model,"Full model semantic review of 288 active Grade 5-6 new Notes plus 55 focused reused/fingerprint-invalidated Notes; review corrections validated by learner-content, auxiliary-vocabulary, current-merge and full Vocabulary gates."
klose,4,KV000931,47f8293e7d7a133f42f7e8a94fdeea20293b3888960873d87f3b48e64be99c98,model-reviewed,2026-09-10,model,"Full model semantic review of 288 active Grade 5-6 new Notes plus 55 focused reused/fingerprint-invalidated Notes; review corrections validated by learner-content, auxiliary-vocabulary, current-merge and full Vocabulary gates."
klose,4,KV000932,97267628c1ff3f6afd3ecac1b203a65e3ecf5c3ae66b796573283b665892497b,model-reviewed,2026-09-10,model,"Full model semantic review of 288 active Grade 5-6 new Notes plus 55 focused reused/fingerprint-invalidated Notes; review corrections validated by learner-content, auxiliary-vocabulary, current-merge and full Vocabulary gates."
klose,4,KV000933,a264e485b504b6a6fd30234f67bd5c0ada2b2bc1729633336d7984e4a86f5698,model-reviewed,2026-09-10,model,"Full model semantic review of 288 active Grade 5-6 new Notes plus 55 focused reused/fingerprint-invalidated Notes; review corrections validated by learner-content, auxiliary-vocabulary, current-merge and full Vocabulary gates."
klose,4,KV000934,152c81247384578d0252583a4086dfb9fad90cfc05a5938bb935e9086b096f92,model-reviewed,2026-09-10,model,"Full model semantic review of 288 active Grade 5-6 new Notes plus 55 focused reused/fingerprint-invalidated Notes; review corrections validated by learner-content, auxiliary-vocabulary, current-merge and full Vocabulary gates."
klose,4,KV000935,e8c541891d9c1518ec99c7c4243de45c96bccc04c028513eaa3bc257c819ea17,model-reviewed,2026-09-10,model,"Full model semantic review of 288 active Grade 5-6 new Notes plus 55 focused reused/fingerprint-invalidated Notes; review corrections validated by learner-content, auxiliary-vocabulary, current-merge and full Vocabulary gates."
klose,4,KV000936,3c72269bc7acba1ac260d797625043e49884d6678aa82081c5f37957781f602b,model-reviewed,2026-09-10,model,"Full model semantic review of 288 active Grade 5-6 new Notes plus 55 focused reused/fingerprint-invalidated Notes; review corrections validated by learner-content, auxiliary-vocabulary, current-merge and full Vocabulary gates."
klose,4,KV000937,0d829e0f06277e45cb1159251ea6c1ed1f72b27eed7161e6c51f2279f5182fcb,model-reviewed,2026-09-10,model,"Full model semantic review of 288 active Grade 5-6 new Notes plus 55 focused reused/fingerprint-invalidated Notes; review corrections validated by learner-content, auxiliary-vocabulary, current-merge and full Vocabulary gates."
klose,4,KV000938,2c54f504f98e745451775ca96a82b392e98272646d8b34437ba4f3cf9d43cb45,model-reviewed,2026-09-10,model,"Full model semantic review of 288 active Grade 5-6 new Notes plus 55 focused reused/fingerprint-invalidated Notes; review corrections validated by learner-content, auxiliary-vocabulary, current-merge and full Vocabulary gates."
klose,4,KV000939,8cdfc66cbe3338ac8502304f95be8a921ea4f54104f8ca503d99879f44dd8697,model-reviewed,2026-09-10,model,"Full model semantic review of 288 active Grade 5-6 new Notes plus 55 focused reused/fingerprint-invalidated Notes; review corrections validated by learner-content, auxiliary-vocabulary, current-merge and full Vocabulary gates."
klose,4,KV000940,397a003ad14aaab4995ae0835aceb4502dfc6ce643e129c9a4223d9bec73ff9c,model-reviewed,2026-09-10,model,"Full model semantic review of 288 active Grade 5-6 new Notes plus 55 focused reused/fingerprint-invalidated Notes; review corrections validated by learner-content, auxiliary-vocabulary, current-merge and full Vocabulary gates."
klose,4,KV000941,18c7370ebedcedbd5a2df0c887f3773a773373c7fe415c75e80679082d9ea3c5,model-reviewed,2026-09-10,model,"Full model semantic review of 288 active Grade 5-6 new Notes plus 55 focused reused/fingerprint-invalidated Notes; review corrections validated by learner-content, auxiliary-vocabulary, current-merge and full Vocabulary gates."
klose,4,KV000942,54dc23dd75971591357cff8693309d524f3b79cc5412685556353e8af1c22f6d,model-reviewed,2026-09-10,model,"Full model semantic review of 288 active Grade 5-6 new Notes plus 55 focused reused/fingerprint-invalidated Notes; review corrections validated by learner-content, auxiliary-vocabulary, current-merge and full Vocabulary gates."
klose,4,KV000943,73d38ac2f067180b4c4afd2f323deba79e62d149609c693abd1bbd0fc6ea32ec,model-reviewed,2026-09-10,model,"Full model semantic review of 288 active Grade 5-6 new Notes plus 55 focused reused/fingerprint-invalidated Notes; review corrections validated by learner-content, auxiliary-vocabulary, current-merge and full Vocabulary gates."
klose,4,KV000944,1b68760cdd45c71f2fc6b5231c95a6307a99062841507620985bd6d6a4376fd6,model-reviewed,2026-09-10,model,"Full model semantic review of 288 active Grade 5-6 new Notes plus 55 focused reused/fingerprint-invalidated Notes; review corrections validated by learner-content, auxiliary-vocabulary, current-merge and full Vocabulary gates."
klose,4,KV000945,f6075e5928324fff079883959ad27da22905d4040d3393e48177341477cb14cd,model-reviewed,2026-09-10,model,"Full model semantic review of 288 active Grade 5-6 new Notes plus 55 focused reused/fingerprint-invalidated Notes; review corrections validated by learner-content, auxiliary-vocabulary, current-merge and full Vocabulary gates."
klose,4,KV000946,73ce070702106ace3f7e0d6b1593bb195078dfc9a9913e7ed9f5b501da42138f,model-reviewed,2026-09-10,model,"Full model semantic review of 288 active Grade 5-6 new Notes plus 55 focused reused/fingerprint-invalidated Notes; review corrections validated by learner-content, auxiliary-vocabulary, current-merge and full Vocabulary gates."
klose,4,KV000947,32ce387d2ef9a748a419a230b5d193e8827c43d4e2eb105171108bd70de195b6,model-reviewed,2026-09-10,model,"Full model semantic review of 288 active Grade 5-6 new Notes plus 55 focused reused/fingerprint-invalidated Notes; review corrections validated by learner-content, auxiliary-vocabulary, current-merge and full Vocabulary gates."
klose,4,KV000948,6b989a8f082dcc9a1f54af4a7bdf32368cb211d3d647d21aba192be78178098d,model-reviewed,2026-09-10,model,"Full model semantic review of 288 active Grade 5-6 new Notes plus 55 focused reused/fingerprint-invalidated Notes; review corrections validated by learner-content, auxiliary-vocabulary, current-merge and full Vocabulary gates."
klose,4,KV000949,e6203a7456430bd7e953f34ae02405f228dcb4c843120c1124e32b6ccba3567c,model-reviewed,2026-09-10,model,"Full model semantic review of 288 active Grade 5-6 new Notes plus 55 focused reused/fingerprint-invalidated Notes; review corrections validated by learner-content, auxiliary-vocabulary, current-merge and full Vocabulary gates."
klose,4,KV000950,678c53540c126ba89f0a05250b3315d0de739d713a652504f39c3b0731b8b799,model-reviewed,2026-09-10,model,"Full model semantic review of 288 active Grade 5-6 new Notes plus 55 focused reused/fingerprint-invalidated Notes; review corrections validated by learner-content, auxiliary-vocabulary, current-merge and full Vocabulary gates."
klose,4,KV000951,90db16e0531c46b1d5c11c7700d057f7ae1f267658166e2fa317f2c6b2d873fd,model-reviewed,2026-09-10,model,"Full model semantic review of 288 active Grade 5-6 new Notes plus 55 focused reused/fingerprint-invalidated Notes; review corrections validated by learner-content, auxiliary-vocabulary, current-merge and full Vocabulary gates."
klose,4,KV000952,6312a92564cf3823e2dc58544e3a56820c5a04550a62936694a7a5d2112585f9,model-reviewed,2026-09-10,model,"Full model semantic review of 288 active Grade 5-6 new Notes plus 55 focused reused/fingerprint-invalidated Notes; review corrections validated by learner-content, auxiliary-vocabulary, current-merge and full Vocabulary gates."
klose,4,KV000953,787cb8aefb6a6064e4f2376b7099b0f646bde8b500bd04e5f8cb205280633fe8,model-reviewed,2026-09-10,model,"Full model semantic review of 288 active Grade 5-6 new Notes plus 55 focused reused/fingerprint-invalidated Notes; review corrections validated by learner-content, auxiliary-vocabulary, current-merge and full Vocabulary gates."
klose,4,KV000954,0da4f25b53d17c7dc55ada99f7a4a6861dd4da67a8d089935f3547e0ca78565f,model-reviewed,2026-09-10,model,"Full model semantic review of 288 active Grade 5-6 new Notes plus 55 focused reused/fingerprint-invalidated Notes; review corrections validated by learner-content, auxiliary-vocabulary, current-merge and full Vocabulary gates."
klose,4,KV000955,f5fedc879dbdafa5441483674f98e6fd78944004259c4a831e312e48ffbcb81e,model-reviewed,2026-09-10,model,"Full model semantic review of 288 active Grade 5-6 new Notes plus 55 focused reused/fingerprint-invalidated Notes; review corrections validated by learner-content, auxiliary-vocabulary, current-merge and full Vocabulary gates."
klose,4,KV000956,422ed35c44e356b4863f321c135ae40148f8482f359194bfd7cc0899ef58dae8,model-reviewed,2026-09-10,model,"Full model semantic review of 288 active Grade 5-6 new Notes plus 55 focused reused/fingerprint-invalidated Notes; review corrections validated by learner-content, auxiliary-vocabulary, current-merge and full Vocabulary gates."
klose,4,KV000957,e94640a4f877d189f8e80bb7f28ccfff02ce94078d74ae18be18a2d978ae7990,model-reviewed,2026-09-10,model,"Full model semantic review of 288 active Grade 5-6 new Notes plus 55 focused reused/fingerprint-invalidated Notes; review corrections validated by learner-content, auxiliary-vocabulary, current-merge and full Vocabulary gates."
klose,4,KV000958,a39b3a9b604dbcc05638604dfb73c577be2b409241a9a78d629cd35ef67b3dd5,model-reviewed,2026-09-10,model,"Full model semantic review of 288 active Grade 5-6 new Notes plus 55 focused reused/fingerprint-invalidated Notes; review corrections validated by learner-content, auxiliary-vocabulary, current-merge and full Vocabulary gates."
klose,4,KV000959,397022748b5b3a11c20d70232ea54ab6808120a9e92e3e822293beb7735985dc,model-reviewed,2026-09-10,model,"Full model semantic review of 288 active Grade 5-6 new Notes plus 55 focused reused/fingerprint-invalidated Notes; review corrections validated by learner-content, auxiliary-vocabulary, current-merge and full Vocabulary gates."
klose,4,KV000960,5837677ac88382aaebcace7b2abb2e1b2c40c83f414fe2ae76e225f7c84902bf,model-reviewed,2026-09-10,model,"Full model semantic review of 288 active Grade 5-6 new Notes plus 55 focused reused/fingerprint-invalidated Notes; review corrections validated by learner-content, auxiliary-vocabulary, current-merge and full Vocabulary gates."
klose,4,KV000961,7c2d8c5f7f77a7c9b336d01c07ef1db62d0f0ccf31298a39d30463c1176c7189,model-reviewed,2026-09-10,model,"Full model semantic review of 288 active Grade 5-6 new Notes plus 55 focused reused/fingerprint-invalidated Notes; review corrections validated by learner-content, auxiliary-vocabulary, current-merge and full Vocabulary gates."
klose,4,KV000962,cba4da6b7f650b88a2e964c3b4a840f533191cac36206109e1553c09d2e6c312,model-reviewed,2026-09-10,model,"Full model semantic review of 288 active Grade 5-6 new Notes plus 55 focused reused/fingerprint-invalidated Notes; review corrections validated by learner-content, auxiliary-vocabulary, current-merge and full Vocabulary gates."
klose,4,KV000963,92d8edc12fddc3b45bfd31f6ebe7cb7bf990e59b066efed193c501152cfdb186,model-reviewed,2026-09-10,model,"Full model semantic review of 288 active Grade 5-6 new Notes plus 55 focused reused/fingerprint-invalidated Notes; review corrections validated by learner-content, auxiliary-vocabulary, current-merge and full Vocabulary gates."
klose,4,KV000964,33fb8242a9cb5ee02f2a684356cc9727e3f60b8ceea4bd9b52dc5c9247a356ac,model-reviewed,2026-09-10,model,"Full model semantic review of 288 active Grade 5-6 new Notes plus 55 focused reused/fingerprint-invalidated Notes; review corrections validated by learner-content, auxiliary-vocabulary, current-merge and full Vocabulary gates."
klose,4,KV000965,067e18a89a9b09fb589600e70f919da2b88766ae28ea96750eec032430381fb9,model-reviewed,2026-09-10,model,"Full model semantic review of 288 active Grade 5-6 new Notes plus 55 focused reused/fingerprint-invalidated Notes; review corrections validated by learner-content, auxiliary-vocabulary, current-merge and full Vocabulary gates."
klose,4,KV000966,6c358646293be22733b6d47a027a7da8d5dde2425ce10ab4971506d4298eb885,model-reviewed,2026-09-10,model,"Full model semantic review of 288 active Grade 5-6 new Notes plus 55 focused reused/fingerprint-invalidated Notes; review corrections validated by learner-content, auxiliary-vocabulary, current-merge and full Vocabulary gates."
klose,4,KV000967,845ab38a9fb229d7541c8b3cb99803f206580955f00743a5d32c518d2568f97c,model-reviewed,2026-09-10,model,"Full model semantic review of 288 active Grade 5-6 new Notes plus 55 focused reused/fingerprint-invalidated Notes; review corrections validated by learner-content, auxiliary-vocabulary, current-merge and full Vocabulary gates."
klose,4,KV000968,d28824c6eb12b2300e22a79b9b1f17665e8e680ec11e20815f4c25c2dfbc418d,model-reviewed,2026-09-10,model,"Full model semantic review of 288 active Grade 5-6 new Notes plus 55 focused reused/fingerprint-invalidated Notes; review corrections validated by learner-content, auxiliary-vocabulary, current-merge and full Vocabulary gates."
klose,4,KV000969,752d2a5d27b728413946abb0004c3e48fb35a349fcb8d266f26fc1af0826bd15,model-reviewed,2026-09-10,model,"Full model semantic review of 288 active Grade 5-6 new Notes plus 55 focused reused/fingerprint-invalidated Notes; review corrections validated by learner-content, auxiliary-vocabulary, current-merge and full Vocabulary gates."
klose,4,KV000970,d12ee760c2d9b2f2b8814bc0db9e201b0048294ea627b812198a0d615b5598ef,model-reviewed,2026-09-10,model,"Full model semantic review of 288 active Grade 5-6 new Notes plus 55 focused reused/fingerprint-invalidated Notes; review corrections validated by learner-content, auxiliary-vocabulary, current-merge and full Vocabulary gates."
klose,4,KV000971,51859722249f86cc2ac8c71014e555d68d0a771c9fb98705d806574b713047ff,model-reviewed,2026-09-10,model,"Full model semantic review of 288 active Grade 5-6 new Notes plus 55 focused reused/fingerprint-invalidated Notes; review corrections validated by learner-content, auxiliary-vocabulary, current-merge and full Vocabulary gates."
klose,4,KV000972,a38d02d97f55fc3716348f4a52215aa9581460c67387c2fb1ba11cee37f0dc7e,model-reviewed,2026-09-10,model,"Full model semantic review of 288 active Grade 5-6 new Notes plus 55 focused reused/fingerprint-invalidated Notes; review corrections validated by learner-content, auxiliary-vocabulary, current-merge and full Vocabulary gates."
klose,4,KV000973,d1c35f51216db0e3f36d8c7affd63bdf5d4eda24f70edae8e8e6fa786087adce,model-reviewed,2026-09-10,model,"Full model semantic review of 288 active Grade 5-6 new Notes plus 55 focused reused/fingerprint-invalidated Notes; review corrections validated by learner-content, auxiliary-vocabulary, current-merge and full Vocabulary gates."
klose,4,KV000975,3115df6f71e75485dbc744f3c04e2fba30d7234529e20e966cfeb05734fdef9f,model-reviewed,2026-09-10,model,"Full model semantic review of 288 active Grade 5-6 new Notes plus 55 focused reused/fingerprint-invalidated Notes; review corrections validated by learner-content, auxiliary-vocabulary, current-merge and full Vocabulary gates."
klose,4,KV000976,c7406da30c2db637e32891d52a992f578c301197eb8b129c6b165a44ae7c6b1e,model-reviewed,2026-09-10,model,"Full model semantic review of 288 active Grade 5-6 new Notes plus 55 focused reused/fingerprint-invalidated Notes; review corrections validated by learner-content, auxiliary-vocabulary, current-merge and full Vocabulary gates."
klose,4,KV000977,8eab7aa541d9e30f61baaf8946a680140c90fe88c2d1a2c6bccd1167036445af,model-reviewed,2026-09-10,model,"Full model semantic review of 288 active Grade 5-6 new Notes plus 55 focused reused/fingerprint-invalidated Notes; review corrections validated by learner-content, auxiliary-vocabulary, current-merge and full Vocabulary gates."
klose,4,KV000978,c1aa11a3e1f076b1859b3d8828d8207cf42a52222e4b04e17dbc24b92f175dc1,model-reviewed,2026-09-10,model,"Full model semantic review of 288 active Grade 5-6 new Notes plus 55 focused reused/fingerprint-invalidated Notes; review corrections validated by learner-content, auxiliary-vocabulary, current-merge and full Vocabulary gates."
klose,4,KV000979,fdf8453a295af5603be736076eea787c3ddceff6b7774c51bec48ec8632f2b1a,model-reviewed,2026-09-10,model,"Full model semantic review of 288 active Grade 5-6 new Notes plus 55 focused reused/fingerprint-invalidated Notes; review corrections validated by learner-content, auxiliary-vocabulary, current-merge and full Vocabulary gates."
klose,4,KV000980,f875278ee2332b680243255c67c668cafdd94bb45dc3f2d03e1ce421f7a2f8df,model-reviewed,2026-09-10,model,"Full model semantic review of 288 active Grade 5-6 new Notes plus 55 focused reused/fingerprint-invalidated Notes; review corrections validated by learner-content, auxiliary-vocabulary, current-merge and full Vocabulary gates."
klose,4,KV000981,2b9f5b3b178c4962cbc6b4c73f4acb1a134e73dc3bde90ff1019dbbe43821efa,model-reviewed,2026-09-10,model,"Full model semantic review of 288 active Grade 5-6 new Notes plus 55 focused reused/fingerprint-invalidated Notes; review corrections validated by learner-content, auxiliary-vocabulary, current-merge and full Vocabulary gates."
klose,4,KV000982,91256e47312fa44232e08aaba3d20ee005be6ddf72d10b1dd7ba0ca468a87ccc,model-reviewed,2026-09-10,model,"Full model semantic review of 288 active Grade 5-6 new Notes plus 55 focused reused/fingerprint-invalidated Notes; review corrections validated by learner-content, auxiliary-vocabulary, current-merge and full Vocabulary gates."
klose,4,KV000983,407321e832f1a7ea33ebf7c573c437ddf92463354f439bcf407b755d889b6eb7,model-reviewed,2026-09-10,model,"Full model semantic review of 288 active Grade 5-6 new Notes plus 55 focused reused/fingerprint-invalidated Notes; review corrections validated by learner-content, auxiliary-vocabulary, current-merge and full Vocabulary gates."
klose,4,KV000984,9d9dbfc8804285c25f84e097f66663962fb45cbd98474a3934a67a0b75c9eb87,model-reviewed,2026-09-10,model,"Full model semantic review of 288 active Grade 5-6 new Notes plus 55 focused reused/fingerprint-invalidated Notes; review corrections validated by learner-content, auxiliary-vocabulary, current-merge and full Vocabulary gates."
klose,4,KV000985,7cfe848b6a4cf620c09455a99c1bf296d2a896bea5034974595c279502bd032a,model-reviewed,2026-09-10,model,"Full model semantic review of 288 active Grade 5-6 new Notes plus 55 focused reused/fingerprint-invalidated Notes; review corrections validated by learner-content, auxiliary-vocabulary, current-merge and full Vocabulary gates."
klose,4,KV000986,f0622f22ce30e7820bb918f405eb50d91f7d964b87cd3ac67607ae32394fed01,model-reviewed,2026-09-10,model,"Full model semantic review of 288 active Grade 5-6 new Notes plus 55 focused reused/fingerprint-invalidated Notes; review corrections validated by learner-content, auxiliary-vocabulary, current-merge and full Vocabulary gates."
klose,4,KV000987,06405d7b813324737a937d7e664accf51791a574da54481a42777caaa391aac1,model-reviewed,2026-09-10,model,"Full model semantic review of 288 active Grade 5-6 new Notes plus 55 focused reused/fingerprint-invalidated Notes; review corrections validated by learner-content, auxiliary-vocabulary, current-merge and full Vocabulary gates."
klose,4,KV000988,f243b3e7e864975459c7e736711f27b157baf6ff3b2d88e088eb9dc21729c600,model-reviewed,2026-09-10,model,"Full model semantic review of 288 active Grade 5-6 new Notes plus 55 focused reused/fingerprint-invalidated Notes; review corrections validated by learner-content, auxiliary-vocabulary, current-merge and full Vocabulary gates."
klose,4,KV000989,e20ce4c4dabf138863bbea83b890f36aa4dea6da07db43ea98efa15af7d15ae8,model-reviewed,2026-09-10,model,"Full model semantic review of 288 active Grade 5-6 new Notes plus 55 focused reused/fingerprint-invalidated Notes; review corrections validated by learner-content, auxiliary-vocabulary, current-merge and full Vocabulary gates."
klose,4,KV000990,3fac2ece6316616031da02ebbc696af58bb1eec5824cff91b32acf4b5211ad14,model-reviewed,2026-09-10,model,"Full model semantic review of 288 active Grade 5-6 new Notes plus 55 focused reused/fingerprint-invalidated Notes; review corrections validated by learner-content, auxiliary-vocabulary, current-merge and full Vocabulary gates."
klose,4,KV000991,3f1f3d817d8e1f188955ab485e05687c3f39719f32ee12d98ea5ed58b41d2fac,model-reviewed,2026-09-10,model,"Full model semantic review of 288 active Grade 5-6 new Notes plus 55 focused reused/fingerprint-invalidated Notes; review corrections validated by learner-content, auxiliary-vocabulary, current-merge and full Vocabulary gates."
klose,4,KV000992,b4394564791213f9dc38f76be7ef810fb6f0e92dd59fd6657fa4e309b4f56135,model-reviewed,2026-09-10,model,"Full model semantic review of 288 active Grade 5-6 new Notes plus 55 focused reused/fingerprint-invalidated Notes; review corrections validated by learner-content, auxiliary-vocabulary, current-merge and full Vocabulary gates."
klose,4,KV000993,19d98fcc13b31055d0c787fb8d352525f56e438c6ad4b7eea07468da41dac8d6,model-reviewed,2026-09-10,model,"Full model semantic review of 288 active Grade 5-6 new Notes plus 55 focused reused/fingerprint-invalidated Notes; review corrections validated by learner-content, auxiliary-vocabulary, current-merge and full Vocabulary gates."
klose,4,KV000994,1ef0c8572ae559e99a920b872aeae828a6d0b052034f3975446a7c659b25f524,model-reviewed,2026-09-10,model,"Full model semantic review of 288 active Grade 5-6 new Notes plus 55 focused reused/fingerprint-invalidated Notes; review corrections validated by learner-content, auxiliary-vocabulary, current-merge and full Vocabulary gates."
klose,4,KV000995,4821a0298d5fb21d5f67727b55e947e163d9b8ac9d52e2a49d424221adc51140,model-reviewed,2026-09-10,model,"Full model semantic review of 288 active Grade 5-6 new Notes plus 55 focused reused/fingerprint-invalidated Notes; review corrections validated by learner-content, auxiliary-vocabulary, current-merge and full Vocabulary gates."
klose,4,KV000996,3c0cb4904a335ba5f382346422116ceb80329778340a0c6cb6fec17ab2207d4d,model-reviewed,2026-09-10,model,"Full model semantic review of 288 active Grade 5-6 new Notes plus 55 focused reused/fingerprint-invalidated Notes; review corrections validated by learner-content, auxiliary-vocabulary, current-merge and full Vocabulary gates."
klose,4,KV000997,364b684ae2be7b01ea006bcd98f15b092315dbfb19ebdea754517af04bc6c106,model-reviewed,2026-09-10,model,"Full model semantic review of 288 active Grade 5-6 new Notes plus 55 focused reused/fingerprint-invalidated Notes; review corrections validated by learner-content, auxiliary-vocabulary, current-merge and full Vocabulary gates."
klose,4,KV000998,01831dc3342db1957e09979b2687fa297a3363d18ae0c3dd8a1011e74a3e34a7,model-reviewed,2026-09-10,model,"Full model semantic review of 288 active Grade 5-6 new Notes plus 55 focused reused/fingerprint-invalidated Notes; review corrections validated by learner-content, auxiliary-vocabulary, current-merge and full Vocabulary gates."
klose,4,KV000999,13db38aa7b4b8978f485eb72a45ad1c9f2a3a9d2c89b142022f8f32bb8a75e7b,model-reviewed,2026-09-10,model,"Full model semantic review of 288 active Grade 5-6 new Notes plus 55 focused reused/fingerprint-invalidated Notes; review corrections validated by learner-content, auxiliary-vocabulary, current-merge and full Vocabulary gates."
klose,4,KV001000,16656c23b03671cd08da6323366fb2409f43802e203e9ba806a29b7ce14e0367,model-reviewed,2026-09-10,model,"Full model semantic review of 288 active Grade 5-6 new Notes plus 55 focused reused/fingerprint-invalidated Notes; review corrections validated by learner-content, auxiliary-vocabulary, current-merge and full Vocabulary gates."
klose,4,KV001001,ec743c9dfb7812026286724c9d72dbfd57ca92a05e893c2bd52c22cee6b5b55d,model-reviewed,2026-09-10,model,"Full model semantic review of 288 active Grade 5-6 new Notes plus 55 focused reused/fingerprint-invalidated Notes; review corrections validated by learner-content, auxiliary-vocabulary, current-merge and full Vocabulary gates."
klose,4,KV001002,82218133d54a65f5ff85deaf16440ac3d558c4a8f20f0105dd82cd386ab91bc2,model-reviewed,2026-09-10,model,"Full model semantic review of 288 active Grade 5-6 new Notes plus 55 focused reused/fingerprint-invalidated Notes; review corrections validated by learner-content, auxiliary-vocabulary, current-merge and full Vocabulary gates."
klose,4,KV001003,a9c8da8c0aed7d0101c3701d294ed8875144967832241a32867b4c1b2a156bbd,model-reviewed,2026-09-10,model,"Full model semantic review of 288 active Grade 5-6 new Notes plus 55 focused reused/fingerprint-invalidated Notes; review corrections validated by learner-content, auxiliary-vocabulary, current-merge and full Vocabulary gates."
klose,4,KV001004,50b5a4bc5439ee49b97305e1a1ec327e78b7b775a7dbbf8ce7fd8b612710b546,model-reviewed,2026-09-10,model,"Full model semantic review of 288 active Grade 5-6 new Notes plus 55 focused reused/fingerprint-invalidated Notes; review corrections validated by learner-content, auxiliary-vocabulary, current-merge and full Vocabulary gates."
klose,4,KV001005,77148ccd7a865eb1c591e2e8c7c164423770d6923d75bf5ec0f542fcc08c5432,model-reviewed,2026-09-10,model,"Full model semantic review of 288 active Grade 5-6 new Notes plus 55 focused reused/fingerprint-invalidated Notes; review corrections validated by learner-content, auxiliary-vocabulary, current-merge and full Vocabulary gates."
klose,4,KV001006,95376bb37602ee8762252b929906037184644c9dfdc8fe1933a9264d524f3a4c,model-reviewed,2026-09-10,model,"Full model semantic review of 288 active Grade 5-6 new Notes plus 55 focused reused/fingerprint-invalidated Notes; review corrections validated by learner-content, auxiliary-vocabulary, current-merge and full Vocabulary gates."
klose,4,KV001007,a839c55c02b1061a2b3036e864f420347b43da6165a33a691dc0cbc874220ea3,model-reviewed,2026-09-10,model,"Full model semantic review of 288 active Grade 5-6 new Notes plus 55 focused reused/fingerprint-invalidated Notes; review corrections validated by learner-content, auxiliary-vocabulary, current-merge and full Vocabulary gates."
klose,4,KV001008,7a4304f36436e8a39d857c713b112b25eb8e55e7e4aa9c564b246d7d564a9f28,model-reviewed,2026-09-10,model,"Full model semantic review of 288 active Grade 5-6 new Notes plus 55 focused reused/fingerprint-invalidated Notes; review corrections validated by learner-content, auxiliary-vocabulary, current-merge and full Vocabulary gates."
klose,4,KV001009,d6fff1188d9477e10155a19e99c87eb716416a09c35ea3608e34237e6cef456d,model-reviewed,2026-09-10,model,"Full model semantic review of 288 active Grade 5-6 new Notes plus 55 focused reused/fingerprint-invalidated Notes; review corrections validated by learner-content, auxiliary-vocabulary, current-merge and full Vocabulary gates."
klose,4,KV001010,c0dd596c97acf726c8969928cfed7e8dd5c3acd5d5b8c0a4f97c434c40e41679,model-reviewed,2026-09-10,model,"Full model semantic review of 288 active Grade 5-6 new Notes plus 55 focused reused/fingerprint-invalidated Notes; review corrections validated by learner-content, auxiliary-vocabulary, current-merge and full Vocabulary gates."
klose,4,KV001011,5533060862230b839135a8f37cb4993c4868a45b709493b6f744daa28f547fa5,model-reviewed,2026-09-10,model,"Full model semantic review of 288 active Grade 5-6 new Notes plus 55 focused reused/fingerprint-invalidated Notes; review corrections validated by learner-content, auxiliary-vocabulary, current-merge and full Vocabulary gates."
klose,4,KV001012,b8a3e42ffeca4dc14f8549ad210c758e0a40e7cd85bc892c443d4a037531d88d,model-reviewed,2026-09-10,model,"Full model semantic review of 288 active Grade 5-6 new Notes plus 55 focused reused/fingerprint-invalidated Notes; review corrections validated by learner-content, auxiliary-vocabulary, current-merge and full Vocabulary gates."
klose,4,KV001013,f3526f8ea512ab31039ffb8d2ab51a5a591f574a68f883dfaa20f62af5ecfee8,model-reviewed,2026-09-10,model,"Full model semantic review of 288 active Grade 5-6 new Notes plus 55 focused reused/fingerprint-invalidated Notes; review corrections validated by learner-content, auxiliary-vocabulary, current-merge and full Vocabulary gates."
klose,4,KV001014,be0b5fc9ae22aa11471acf3fd7d3e07d38b0c5a3ca9ece72375834f6441217a4,model-reviewed,2026-09-10,model,"Full model semantic review of 288 active Grade 5-6 new Notes plus 55 focused reused/fingerprint-invalidated Notes; review corrections validated by learner-content, auxiliary-vocabulary, current-merge and full Vocabulary gates."
klose,4,KV001015,7e1ab9d35603c0d7c3d8177ebf27a2e05c0f8fa38ca17914011622cbe56acac1,model-reviewed,2026-09-10,model,"Full model semantic review of 288 active Grade 5-6 new Notes plus 55 focused reused/fingerprint-invalidated Notes; review corrections validated by learner-content, auxiliary-vocabulary, current-merge and full Vocabulary gates."
klose,4,KV001016,6c32595f7aa12bfd37233d0c802b80b259ef8e8ccf30a5cd8deb4961cb7f9d73,model-reviewed,2026-09-10,model,"Full model semantic review of 288 active Grade 5-6 new Notes plus 55 focused reused/fingerprint-invalidated Notes; review corrections validated by learner-content, auxiliary-vocabulary, current-merge and full Vocabulary gates."
klose,4,KV001017,4c9aa9becfcff1891156ec452b67ce30bd17434f342af56b8db8171963d34bf1,model-reviewed,2026-09-10,model,"Full model semantic review of 288 active Grade 5-6 new Notes plus 55 focused reused/fingerprint-invalidated Notes; review corrections validated by learner-content, auxiliary-vocabulary, current-merge and full Vocabulary gates."
klose,4,KV001018,463ad8907abc09d53473147194933c7e74dcc19ddb104524cac7ee4e140be24e,model-reviewed,2026-09-10,model,"Full model semantic review of 288 active Grade 5-6 new Notes plus 55 focused reused/fingerprint-invalidated Notes; review corrections validated by learner-content, auxiliary-vocabulary, current-merge and full Vocabulary gates."
klose,4,KV001019,cecaca6b627706b311c282fc800c417dd57d033fab56b266b0c636972405673d,model-reviewed,2026-09-10,model,"Full model semantic review of 288 active Grade 5-6 new Notes plus 55 focused reused/fingerprint-invalidated Notes; review corrections validated by learner-content, auxiliary-vocabulary, current-merge and full Vocabulary gates."
klose,4,KV001020,4020ced6eb57fc3be0c16fd18373928cf6b8485b5ca5c3bdc3d82db0e84f311b,model-reviewed,2026-09-10,model,"Full model semantic review of 288 active Grade 5-6 new Notes plus 55 focused reused/fingerprint-invalidated Notes; review corrections validated by learner-content, auxiliary-vocabulary, current-merge and full Vocabulary gates."
klose,4,KV001021,47195350519528734018cd520febeedae38511a62a48ed90517b91e1dfa775da,model-reviewed,2026-09-10,model,"Full model semantic review of 288 active Grade 5-6 new Notes plus 55 focused reused/fingerprint-invalidated Notes; review corrections validated by learner-content, auxiliary-vocabulary, current-merge and full Vocabulary gates."
klose,4,KV001022,c28cbb0c7d2015dca226e5e97be337c44aeebcf24ba6216268243dd7ab471968,model-reviewed,2026-09-10,model,"Full model semantic review of 288 active Grade 5-6 new Notes plus 55 focused reused/fingerprint-invalidated Notes; review corrections validated by learner-content, auxiliary-vocabulary, current-merge and full Vocabulary gates."
klose,4,KV001023,87dcaa08850639ff992475e748358b5d6257a8239c450938b875444b5d6cd60b,model-reviewed,2026-09-10,model,"Full model semantic review of 288 active Grade 5-6 new Notes plus 55 focused reused/fingerprint-invalidated Notes; review corrections validated by learner-content, auxiliary-vocabulary, current-merge and full Vocabulary gates."
klose,4,KV001024,748c9a642056850100114c66ffb0dcbe7e51db8774df4d636fee08f3fa0005f9,model-reviewed,2026-09-10,model,"Full model semantic review of 288 active Grade 5-6 new Notes plus 55 focused reused/fingerprint-invalidated Notes; review corrections validated by learner-content, auxiliary-vocabulary, current-merge and full Vocabulary gates."
klose,4,KV001025,bed4eeb3782e67ae15fea892acc59749ac31165f2e3208a9f3a3229d59d83c80,model-reviewed,2026-09-10,model,"Full model semantic review of 288 active Grade 5-6 new Notes plus 55 focused reused/fingerprint-invalidated Notes; review corrections validated by learner-content, auxiliary-vocabulary, current-merge and full Vocabulary gates."
klose,4,KV001026,318725d2931eb56e8639d0f412485eda797838dd4aa4b52d9940a305772ae8fb,model-reviewed,2026-09-10,model,"Full model semantic review of 288 active Grade 5-6 new Notes plus 55 focused reused/fingerprint-invalidated Notes; review corrections validated by learner-content, auxiliary-vocabulary, current-merge and full Vocabulary gates."
klose,4,KV001027,7d2904793358f1bbb93a40455f6922e21cacb002f05d762f7dff0a8584956a9c,model-reviewed,2026-09-10,model,"Full model semantic review of 288 active Grade 5-6 new Notes plus 55 focused reused/fingerprint-invalidated Notes; review corrections validated by learner-content, auxiliary-vocabulary, current-merge and full Vocabulary gates."
klose,4,KV001028,bd8c39f83ceee0f60813b9407ca27013e92ade5583ac9c5567a9f03eeb8ca662,model-reviewed,2026-09-10,model,"Full model semantic review of 288 active Grade 5-6 new Notes plus 55 focused reused/fingerprint-invalidated Notes; review corrections validated by learner-content, auxiliary-vocabulary, current-merge and full Vocabulary gates."
klose,4,KV001031,36c9264bb083150e6cbc133e458e37bff3ad1deb9e04b781330172be15f3cbf5,model-reviewed,2026-09-10,model,"Full model semantic review of 288 active Grade 5-6 new Notes plus 55 focused reused/fingerprint-invalidated Notes; review corrections validated by learner-content, auxiliary-vocabulary, current-merge and full Vocabulary gates."
klose,4,KV001032,b5898ef42151d1b67a2d6b4941dbf019687119bd476ce2d01bec2c922426c34d,model-reviewed,2026-09-10,model,"Full model semantic review of 288 active Grade 5-6 new Notes plus 55 focused reused/fingerprint-invalidated Notes; review corrections validated by learner-content, auxiliary-vocabulary, current-merge and full Vocabulary gates."
klose,4,KV001033,ef7b11cf33a12e67d9c733e4199cb6aeab78b6266531d602c2f03f0e77332c6e,model-reviewed,2026-09-10,model,"Full model semantic review of 288 active Grade 5-6 new Notes plus 55 focused reused/fingerprint-invalidated Notes; review corrections validated by learner-content, auxiliary-vocabulary, current-merge and full Vocabulary gates."
klose,4,KV001034,080ffda411457180e2322085095d60092b169ba064ab8f2827182a3f0eb1f90f,model-reviewed,2026-09-10,model,"Full model semantic review of 288 active Grade 5-6 new Notes plus 55 focused reused/fingerprint-invalidated Notes; review corrections validated by learner-content, auxiliary-vocabulary, current-merge and full Vocabulary gates."
klose,4,KV001035,03b298c86d9e0900a4aaad28be873ad524845bfe5270348f674c666d33ff8a66,model-reviewed,2026-09-10,model,"Full model semantic review of 288 active Grade 5-6 new Notes plus 55 focused reused/fingerprint-invalidated Notes; review corrections validated by learner-content, auxiliary-vocabulary, current-merge and full Vocabulary gates."
klose,4,KV001036,698a7dd46bb2812659dc68266058ea0c841ef42ef98403003bbee688255b3462,model-reviewed,2026-09-10,model,"Full model semantic review of 288 active Grade 5-6 new Notes plus 55 focused reused/fingerprint-invalidated Notes; review corrections validated by learner-content, auxiliary-vocabulary, current-merge and full Vocabulary gates."
klose,4,KV001037,0bc46d61a0e98c431914234fbe32014adbf8ae61133931129251e00b67b6ddb2,model-reviewed,2026-09-10,model,"Full model semantic review of 288 active Grade 5-6 new Notes plus 55 focused reused/fingerprint-invalidated Notes; review corrections validated by learner-content, auxiliary-vocabulary, current-merge and full Vocabulary gates."
klose,4,KV001038,4e52fb2e0052a51ff4ce49c1b2afa846a23cdf29b42b15239af5a7c6524d26cd,model-reviewed,2026-09-10,model,"Full model semantic review of 288 active Grade 5-6 new Notes plus 55 focused reused/fingerprint-invalidated Notes; review corrections validated by learner-content, auxiliary-vocabulary, current-merge and full Vocabulary gates."
klose,4,KV001039,cd650587d6beaff5a472ca1dd1ed4731f246399c8eb5791a3ba14f7095ff962f,model-reviewed,2026-09-10,model,"Full model semantic review of 288 active Grade 5-6 new Notes plus 55 focused reused/fingerprint-invalidated Notes; review corrections validated by learner-content, auxiliary-vocabulary, current-merge and full Vocabulary gates."
klose,4,KV001040,aaa7a9da228ddaa78556e7cac762e60bf5850e127ba8f6ba223a7610c624597c,model-reviewed,2026-09-10,model,"Full model semantic review of 288 active Grade 5-6 new Notes plus 55 focused reused/fingerprint-invalidated Notes; review corrections validated by learner-content, auxiliary-vocabulary, current-merge and full Vocabulary gates."
klose,4,KV001041,646b2b7ed9f0ef04d0ec44d9e8b7c7ddd0ed067bdfddc1cb82f00eb2e7ca840a,model-reviewed,2026-09-10,model,"Full model semantic review of 288 active Grade 5-6 new Notes plus 55 focused reused/fingerprint-invalidated Notes; review corrections validated by learner-content, auxiliary-vocabulary, current-merge and full Vocabulary gates."
klose,4,KV001042,3e21764bac04cbacbd4aabb2027d806c0bdfd78b2d38fbd9d626be7959f4198c,model-reviewed,2026-09-10,model,"Full model semantic review of 288 active Grade 5-6 new Notes plus 55 focused reused/fingerprint-invalidated Notes; review corrections validated by learner-content, auxiliary-vocabulary, current-merge and full Vocabulary gates."
klose,4,KV001043,6fbc2fd656ecead0d8dbb81f6377421775a4c5518c835332b68cff296fc7e60e,model-reviewed,2026-09-10,model,"Full model semantic review of 288 active Grade 5-6 new Notes plus 55 focused reused/fingerprint-invalidated Notes; review corrections validated by learner-content, auxiliary-vocabulary, current-merge and full Vocabulary gates."
klose,4,KV001044,f75cdacd66e11df8f09690919e1acd4662e2d4aba03c3c4048a29e5530c11112,model-reviewed,2026-09-10,model,"Full model semantic review of 288 active Grade 5-6 new Notes plus 55 focused reused/fingerprint-invalidated Notes; review corrections validated by learner-content, auxiliary-vocabulary, current-merge and full Vocabulary gates."
klose,4,KV001045,82357f7b8215300c3203bc7a1436a5419eb5b61e3ee9fc5ad23975cac398af93,model-reviewed,2026-09-10,model,"Full model semantic review of 288 active Grade 5-6 new Notes plus 55 focused reused/fingerprint-invalidated Notes; review corrections validated by learner-content, auxiliary-vocabulary, current-merge and full Vocabulary gates."
klose,4,KV001046,2e056869df94788c1e08c9a2f53f8be1ccb9fe78c58b6ad526d9c7ea60c300e5,model-reviewed,2026-09-10,model,"Full model semantic review of 288 active Grade 5-6 new Notes plus 55 focused reused/fingerprint-invalidated Notes; review corrections validated by learner-content, auxiliary-vocabulary, current-merge and full Vocabulary gates."
klose,4,KV001047,9747d5b1c5c7ae4b21f9aca60f88ced511ea43e27e3927faee62b87878ba6172,model-reviewed,2026-09-10,model,"Full model semantic review of 288 active Grade 5-6 new Notes plus 55 focused reused/fingerprint-invalidated Notes; review corrections validated by learner-content, auxiliary-vocabulary, current-merge and full Vocabulary gates."
klose,4,KV001048,9c2ee749e45af619f0db53058650663b3306e4a7a680a5f78b0d1e4f15927dae,model-reviewed,2026-09-10,model,"Full model semantic review of 288 active Grade 5-6 new Notes plus 55 focused reused/fingerprint-invalidated Notes; review corrections validated by learner-content, auxiliary-vocabulary, current-merge and full Vocabulary gates."
klose,4,KV001049,53608c4d93d19d50323768a9170fb51fbe74c54ebb89c6fe43fab9be1cea5081,model-reviewed,2026-09-10,model,"Full model semantic review of 288 active Grade 5-6 new Notes plus 55 focused reused/fingerprint-invalidated Notes; review corrections validated by learner-content, auxiliary-vocabulary, current-merge and full Vocabulary gates."
klose,4,KV001050,15739b7b840218deefacad32454253fbfcd4808786ec033dbcf86930349b5d72,model-reviewed,2026-09-10,model,"Full model semantic review of 288 active Grade 5-6 new Notes plus 55 focused reused/fingerprint-invalidated Notes; review corrections validated by learner-content, auxiliary-vocabulary, current-merge and full Vocabulary gates."
klose,4,KV001051,8525713ab1afe707830e57fff88796e38b5fd6aeff4eef921a82aaa6610675e7,model-reviewed,2026-09-10,model,"Full model semantic review of 288 active Grade 5-6 new Notes plus 55 focused reused/fingerprint-invalidated Notes; review corrections validated by learner-content, auxiliary-vocabulary, current-merge and full Vocabulary gates."
klose,4,KV001052,a2c41fd4aef024e258e87ce195b0c16d614d7c4afd03ff328949e963caf109c7,model-reviewed,2026-09-10,model,"Full model semantic review of 288 active Grade 5-6 new Notes plus 55 focused reused/fingerprint-invalidated Notes; review corrections validated by learner-content, auxiliary-vocabulary, current-merge and full Vocabulary gates."
klose,4,KV001053,64afd3d25a1c180adc598c352c1bd12e2c8b19362ad23c80a93273a5cdcd34f8,model-reviewed,2026-09-10,model,"Full model semantic review of 288 active Grade 5-6 new Notes plus 55 focused reused/fingerprint-invalidated Notes; review corrections validated by learner-content, auxiliary-vocabulary, current-merge and full Vocabulary gates."
klose,4,KV001054,188ad45d04ec98d1e0a8d97e7393624048a3de0b0f05d614ec5ee009012d0a6c,model-reviewed,2026-09-10,model,"Full model semantic review of 288 active Grade 5-6 new Notes plus 55 focused reused/fingerprint-invalidated Notes; review corrections validated by learner-content, auxiliary-vocabulary, current-merge and full Vocabulary gates."
klose,4,KV001055,20f2598e0ddef4269f4957e5518ff6b0d3055bfdd7549a232a1b73e27d930b43,model-reviewed,2026-09-10,model,"Full model semantic review of 288 active Grade 5-6 new Notes plus 55 focused reused/fingerprint-invalidated Notes; review corrections validated by learner-content, auxiliary-vocabulary, current-merge and full Vocabulary gates."
klose,4,KV001056,b1bf8a443a7a77b3ad74725f8339c23c26b600ad32e8a2be2ff0cfddbca84f19,model-reviewed,2026-09-10,model,"Full model semantic review of 288 active Grade 5-6 new Notes plus 55 focused reused/fingerprint-invalidated Notes; review corrections validated by learner-content, auxiliary-vocabulary, current-merge and full Vocabulary gates."
klose,4,KV001057,1f4d4f33a80f1d7ae812b34e98d86489e3536176deeb5b80b1d66a5c5a99b2c9,model-reviewed,2026-09-10,model,"Full model semantic review of 288 active Grade 5-6 new Notes plus 55 focused reused/fingerprint-invalidated Notes; review corrections validated by learner-content, auxiliary-vocabulary, current-merge and full Vocabulary gates."
klose,4,KV001058,2d014875b326a35526a71e0f64f797e5a35197552d54b42464b540ea614d1a3d,model-reviewed,2026-09-10,model,"Full model semantic review of 288 active Grade 5-6 new Notes plus 55 focused reused/fingerprint-invalidated Notes; review corrections validated by learner-content, auxiliary-vocabulary, current-merge and full Vocabulary gates."
klose,4,KV001059,dce48a95d16f92247bb80fddd2647f355b184e1f8134eda3e7b26d035b562b68,model-reviewed,2026-09-10,model,"Full model semantic review of 288 active Grade 5-6 new Notes plus 55 focused reused/fingerprint-invalidated Notes; review corrections validated by learner-content, auxiliary-vocabulary, current-merge and full Vocabulary gates."
klose,4,KV001060,d4bccf7ccaf1f4d8adba049e8c25602d0a0b6ef2e2952cab02393c529621e596,model-reviewed,2026-09-10,model,"Full model semantic review of 288 active Grade 5-6 new Notes plus 55 focused reused/fingerprint-invalidated Notes; review corrections validated by learner-content, auxiliary-vocabulary, current-merge and full Vocabulary gates."
klose,4,KV001061,92ac349e01f50b982c083dad4bf766f30b20be0410269885799ef5afc809cd45,model-reviewed,2026-09-10,model,"Full model semantic review of 288 active Grade 5-6 new Notes plus 55 focused reused/fingerprint-invalidated Notes; review corrections validated by learner-content, auxiliary-vocabulary, current-merge and full Vocabulary gates."
klose,4,KV001062,67ee7d92705e57c31aae1368144cf4f879c9718d234ddab6e92155672879a870,model-reviewed,2026-09-10,model,"Full model semantic review of 288 active Grade 5-6 new Notes plus 55 focused reused/fingerprint-invalidated Notes; review corrections validated by learner-content, auxiliary-vocabulary, current-merge and full Vocabulary gates."
klose,4,KV001063,e23286f1eee18a861245867f91838f4ccf34b1480fc418282dd0a5713b24634b,model-reviewed,2026-09-10,model,"Full model semantic review of 288 active Grade 5-6 new Notes plus 55 focused reused/fingerprint-invalidated Notes; review corrections validated by learner-content, auxiliary-vocabulary, current-merge and full Vocabulary gates."
klose,4,KV001064,885213762d3d3a2faf5f34a9daff774e296dac9fd5775e3501222a825613c113,model-reviewed,2026-09-10,model,"Full model semantic review of 288 active Grade 5-6 new Notes plus 55 focused reused/fingerprint-invalidated Notes; review corrections validated by learner-content, auxiliary-vocabulary, current-merge and full Vocabulary gates."
klose,4,KV001065,39d643b3014e908c3ef08eac8acd76fb359087ffc436125c49f0a5d0e1353712,model-reviewed,2026-09-10,model,"Full model semantic review of 288 active Grade 5-6 new Notes plus 55 focused reused/fingerprint-invalidated Notes; review corrections validated by learner-content, auxiliary-vocabulary, current-merge and full Vocabulary gates."
klose,4,KV001066,5bd53d8716738252fc0b0aeb1797bc2b6c2a0e3f7f8570bffd39e381668ed5bf,model-reviewed,2026-09-10,model,"Full model semantic review of 288 active Grade 5-6 new Notes plus 55 focused reused/fingerprint-invalidated Notes; review corrections validated by learner-content, auxiliary-vocabulary, current-merge and full Vocabulary gates."
klose,4,KV001067,c18ff727fd29da9068f77b1e7d2c0306ffa62819b5586f2e32ba1b93f92069f1,model-reviewed,2026-09-10,model,"Full model semantic review of 288 active Grade 5-6 new Notes plus 55 focused reused/fingerprint-invalidated Notes; review corrections validated by learner-content, auxiliary-vocabulary, current-merge and full Vocabulary gates."
klose,4,KV001068,a31f4356ab01e5097d860676e220dcef1b2579220d57c215da9cc21dd66b17cf,model-reviewed,2026-09-10,model,"Full model semantic review of 288 active Grade 5-6 new Notes plus 55 focused reused/fingerprint-invalidated Notes; review corrections validated by learner-content, auxiliary-vocabulary, current-merge and full Vocabulary gates."
klose,4,KV001069,f3872e391f2afd1ad80d76d87d025b403c8208a7b7f7dd9e0d0ece5da7ce219e,model-reviewed,2026-09-10,model,"Full model semantic review of 288 active Grade 5-6 new Notes plus 55 focused reused/fingerprint-invalidated Notes; review corrections validated by learner-content, auxiliary-vocabulary, current-merge and full Vocabulary gates."
klose,4,KV001070,65794633e11d0e3a5cdc6d816df80798c4a42fd5b6b2293fc51fba9001fd91b1,model-reviewed,2026-09-10,model,"Full model semantic review of 288 active Grade 5-6 new Notes plus 55 focused reused/fingerprint-invalidated Notes; review corrections validated by learner-content, auxiliary-vocabulary, current-merge and full Vocabulary gates."
klose,4,KV001071,1deb4e2aa8b175af618b785a4369a464d0565f3a60e07a147abba8d1413c6358,model-reviewed,2026-09-10,model,"Full model semantic review of 288 active Grade 5-6 new Notes plus 55 focused reused/fingerprint-invalidated Notes; review corrections validated by learner-content, auxiliary-vocabulary, current-merge and full Vocabulary gates."
klose,4,KV001072,a44d193a32d28fdcdd3a694bb339f0ea172a45fbaf37781023be006b0ca8ac31,model-reviewed,2026-09-10,model,"Full model semantic review of 288 active Grade 5-6 new Notes plus 55 focused reused/fingerprint-invalidated Notes; review corrections validated by learner-content, auxiliary-vocabulary, current-merge and full Vocabulary gates."
klose,4,KV001073,77afb25aaf6a17bc0b618e59a4c84f9a418a157b7b8a8ac7645365b8cc97fd92,model-reviewed,2026-09-10,model,"Full model semantic review of 288 active Grade 5-6 new Notes plus 55 focused reused/fingerprint-invalidated Notes; review corrections validated by learner-content, auxiliary-vocabulary, current-merge and full Vocabulary gates."
klose,4,KV001074,5c6198032ab4ed469179a8ecf47b426320f6050a684788541d3101f0da1a699b,model-reviewed,2026-09-10,model,"Full model semantic review of 288 active Grade 5-6 new Notes plus 55 focused reused/fingerprint-invalidated Notes; review corrections validated by learner-content, auxiliary-vocabulary, current-merge and full Vocabulary gates."
klose,4,KV001075,847fe0ac44b48b861b142314b13affe5979c5e9bb97c6ef6c4f2e59e312ce71d,model-reviewed,2026-09-10,model,"Full model semantic review of 288 active Grade 5-6 new Notes plus 55 focused reused/fingerprint-invalidated Notes; review corrections validated by learner-content, auxiliary-vocabulary, current-merge and full Vocabulary gates."
klose,4,KV001076,de6c65dfa0d50fbcb9cad403ea09851dfbec9da7561340731a2d6ef764568246,model-reviewed,2026-09-10,model,"Full model semantic review of 288 active Grade 5-6 new Notes plus 55 focused reused/fingerprint-invalidated Notes; review corrections validated by learner-content, auxiliary-vocabulary, current-merge and full Vocabulary gates."
klose,4,KV001077,ca7a1c300281b59e4a775d60ee9b579bd783b28b8468bae02ddc30c7191b50a0,model-reviewed,2026-09-10,model,"Full model semantic review of 288 active Grade 5-6 new Notes plus 55 focused reused/fingerprint-invalidated Notes; review corrections validated by learner-content, auxiliary-vocabulary, current-merge and full Vocabulary gates."
klose,4,KV001078,31b6fe1d3d1db89ca48d96994c6b5bf004363f8c04b44aba3283e58489937f0f,model-reviewed,2026-09-10,model,"Full model semantic review of 288 active Grade 5-6 new Notes plus 55 focused reused/fingerprint-invalidated Notes; review corrections validated by learner-content, auxiliary-vocabulary, current-merge and full Vocabulary gates."
klose,4,KV001079,dfe1693698a39fa20f1d2bf4a2e72181105de55d1374e47da3a331e986a90d2f,model-reviewed,2026-09-10,model,"Full model semantic review of 288 active Grade 5-6 new Notes plus 55 focused reused/fingerprint-invalidated Notes; review corrections validated by learner-content, auxiliary-vocabulary, current-merge and full Vocabulary gates."
klose,4,KV001080,e85aff9991c6e05a3d07c3b2bd397278244b54d787f1ccefd1fb18d2ec4bb68c,model-reviewed,2026-09-10,model,"Full model semantic review of 288 active Grade 5-6 new Notes plus 55 focused reused/fingerprint-invalidated Notes; review corrections validated by learner-content, auxiliary-vocabulary, current-merge and full Vocabulary gates."
klose,4,KV001081,77cdb703272d51e47089a851458e6fb650c079370d00871d540651940abccd15,model-reviewed,2026-09-10,model,"Full model semantic review of 288 active Grade 5-6 new Notes plus 55 focused reused/fingerprint-invalidated Notes; review corrections validated by learner-content, auxiliary-vocabulary, current-merge and full Vocabulary gates."
klose,4,KV001082,4842e5d75cdd6ec30d1199f061020124d7fda807d3f7ebf2ae66b7f04581f114,model-reviewed,2026-09-10,model,"Full model semantic review of 288 active Grade 5-6 new Notes plus 55 focused reused/fingerprint-invalidated Notes; review corrections validated by learner-content, auxiliary-vocabulary, current-merge and full Vocabulary gates."
klose,4,KV001083,d226ecc46025f5736f5ce407404996499db560145c4f61145169c73703539e12,model-reviewed,2026-09-10,model,"Full model semantic review of 288 active Grade 5-6 new Notes plus 55 focused reused/fingerprint-invalidated Notes; review corrections validated by learner-content, auxiliary-vocabulary, current-merge and full Vocabulary gates."
klose,4,KV001084,5e2dd85429246157f8b11220ceb994266b3a2f14f3cc99aca6782ab9fba5638d,model-reviewed,2026-09-10,model,"Full model semantic review of 288 active Grade 5-6 new Notes plus 55 focused reused/fingerprint-invalidated Notes; review corrections validated by learner-content, auxiliary-vocabulary, current-merge and full Vocabulary gates."
klose,4,KV001085,5c836dd9402f5ee8a0a9cc08854fbaa48c73fb54acbd6b4fb5ba6f87d74f9dc7,model-reviewed,2026-09-10,model,"Full model semantic review of 288 active Grade 5-6 new Notes plus 55 focused reused/fingerprint-invalidated Notes; review corrections validated by learner-content, auxiliary-vocabulary, current-merge and full Vocabulary gates."
klose,4,KV001086,5387a86dcc331847cef44d6544eefd57fcb656e8321c1dfa60f725e9c4cd4026,model-reviewed,2026-09-10,model,"Full model semantic review of 288 active Grade 5-6 new Notes plus 55 focused reused/fingerprint-invalidated Notes; review corrections validated by learner-content, auxiliary-vocabulary, current-merge and full Vocabulary gates."
klose,4,KV001087,7483ce9a1c6ea816b1d2df7a3f6af05d59d997db0314b73e9e2d09ebe52b0849,model-reviewed,2026-09-10,model,"Full model semantic review of 288 active Grade 5-6 new Notes plus 55 focused reused/fingerprint-invalidated Notes; review corrections validated by learner-content, auxiliary-vocabulary, current-merge and full Vocabulary gates."
klose,4,KV001088,4ef8a7c848ab67246ac959cf907d17b4a6d6f7624652191c79531f3b1706cba0,model-reviewed,2026-09-10,model,"Full model semantic review of 288 active Grade 5-6 new Notes plus 55 focused reused/fingerprint-invalidated Notes; review corrections validated by learner-content, auxiliary-vocabulary, current-merge and full Vocabulary gates."
klose,4,KV001089,8a93625f6f6b3ff848087570c5f758f6bd2f1f6757f38a66c1a0beacb89e183b,model-reviewed,2026-09-10,model,"Full model semantic review of 288 active Grade 5-6 new Notes plus 55 focused reused/fingerprint-invalidated Notes; review corrections validated by learner-content, auxiliary-vocabulary, current-merge and full Vocabulary gates."
klose,4,KV001090,2c8bfddd33cb46bfb6aec319e5a3a7eb5f33835ee944fea40d637498000bc32a,model-reviewed,2026-09-10,model,"Full model semantic review of 288 active Grade 5-6 new Notes plus 55 focused reused/fingerprint-invalidated Notes; review corrections validated by learner-content, auxiliary-vocabulary, current-merge and full Vocabulary gates."
klose,4,KV001091,16c0bcfc9af1c1c7b37eb5cdce20c5c96107d16c74145302e47fc2e2cccb0023,model-reviewed,2026-09-10,model,"Full model semantic review of 288 active Grade 5-6 new Notes plus 55 focused reused/fingerprint-invalidated Notes; review corrections validated by learner-content, auxiliary-vocabulary, current-merge and full Vocabulary gates."
klose,4,KV001092,c98fe2e84d856a9ee53032cc5539625d0929718f4f9a77367430f6cfe933f71f,model-reviewed,2026-09-10,model,"Full model semantic review of 288 active Grade 5-6 new Notes plus 55 focused reused/fingerprint-invalidated Notes; review corrections validated by learner-content, auxiliary-vocabulary, current-merge and full Vocabulary gates."
klose,4,KV001093,d98543c0c10ecc641aeb0e3b2aa125cfe720b631446c6b2ab5b01eba26b6ffd3,model-reviewed,2026-09-10,model,"Full model semantic review of 288 active Grade 5-6 new Notes plus 55 focused reused/fingerprint-invalidated Notes; review corrections validated by learner-content, auxiliary-vocabulary, current-merge and full Vocabulary gates."
klose,4,KV001094,18c98339b94ea2b893f98b7a75be07299d08f8e6bfee4ec80a61b894424aee37,model-reviewed,2026-09-10,model,"Full model semantic review of 288 active Grade 5-6 new Notes plus 55 focused reused/fingerprint-invalidated Notes; review corrections validated by learner-content, auxiliary-vocabulary, current-merge and full Vocabulary gates."
klose,4,KV001095,47931ed429f9ca0db0f4323072f27cde19b34443b6298bf5a9b55c68cc73e859,model-reviewed,2026-09-10,model,"Full model semantic review of 288 active Grade 5-6 new Notes plus 55 focused reused/fingerprint-invalidated Notes; review corrections validated by learner-content, auxiliary-vocabulary, current-merge and full Vocabulary gates."
klose,4,KV001096,b4c07e5e7f9be8bcb734a9b74c68983ab3b08e6b405e1f9aae2b60405446df94,model-reviewed,2026-09-10,model,"Full model semantic review of 288 active Grade 5-6 new Notes plus 55 focused reused/fingerprint-invalidated Notes; review corrections validated by learner-content, auxiliary-vocabulary, current-merge and full Vocabulary gates."
klose,4,KV001097,4773f08d3a31b8c7ecdcd5a906d3c05af9339e6b808b24ebf82134f0d3640904,model-reviewed,2026-09-10,model,"Full model semantic review of 288 active Grade 5-6 new Notes plus 55 focused reused/fingerprint-invalidated Notes; review corrections validated by learner-content, auxiliary-vocabulary, current-merge and full Vocabulary gates."
klose,4,KV001098,58460b3d61c7c4227a92d8d6da7b2dac8f4b5e700187f4b2e2d385150354f0bc,model-reviewed,2026-09-10,model,"Full model semantic review of 288 active Grade 5-6 new Notes plus 55 focused reused/fingerprint-invalidated Notes; review corrections validated by learner-content, auxiliary-vocabulary, current-merge and full Vocabulary gates."
klose,4,KV001099,f1b095ba9c558df8e5e445ab1465c2cd8ac25f152d4bf1b75fba502da1e5830c,model-reviewed,2026-09-10,model,"Full model semantic review of 288 active Grade 5-6 new Notes plus 55 focused reused/fingerprint-invalidated Notes; review corrections validated by learner-content, auxiliary-vocabulary, current-merge and full Vocabulary gates."
klose,4,KV001100,8e85dc81ef078bd3cb8f3b46fffdf5bff52d45c07a2fdc504c7b4a4e3e7d4bff,model-reviewed,2026-09-10,model,"Full model semantic review of 288 active Grade 5-6 new Notes plus 55 focused reused/fingerprint-invalidated Notes; review corrections validated by learner-content, auxiliary-vocabulary, current-merge and full Vocabulary gates."
klose,4,KV001101,78af144fae329e2640f9b37eec87b3abaf07bf7ac0550f8ccc6da945f012255f,model-reviewed,2026-09-10,model,"Full model semantic review of 288 active Grade 5-6 new Notes plus 55 focused reused/fingerprint-invalidated Notes; review corrections validated by learner-content, auxiliary-vocabulary, current-merge and full Vocabulary gates."
klose,4,KV001102,06210d199651177784e80826a570b1b5d0b047fe48e98f361f50d0ebd2ced7b7,model-reviewed,2026-09-10,model,"Full model semantic review of 288 active Grade 5-6 new Notes plus 55 focused reused/fingerprint-invalidated Notes; review corrections validated by learner-content, auxiliary-vocabulary, current-merge and full Vocabulary gates."
klose,4,KV001103,d2fe53e0637c0267536104acabff7647d122f2bc239f5e76794a0fed968e039a,model-reviewed,2026-09-10,model,"Full model semantic review of 288 active Grade 5-6 new Notes plus 55 focused reused/fingerprint-invalidated Notes; review corrections validated by learner-content, auxiliary-vocabulary, current-merge and full Vocabulary gates."
klose,4,KV001104,e4a20e4f4fc5c5b43b915330cbbf2d27baa68522f7cae6bfa2dbaf4c8dc7f065,model-reviewed,2026-09-10,model,"Full model semantic review of 288 active Grade 5-6 new Notes plus 55 focused reused/fingerprint-invalidated Notes; review corrections validated by learner-content, auxiliary-vocabulary, current-merge and full Vocabulary gates."
klose,4,KV001105,5180bf1d49c5cb135a2d27e6d64b322c2fb9c2084dbcbf07e578121cbfd98295,model-reviewed,2026-09-10,model,"Full model semantic review of 288 active Grade 5-6 new Notes plus 55 focused reused/fingerprint-invalidated Notes; review corrections validated by learner-content, auxiliary-vocabulary, current-merge and full Vocabulary gates."
klose,4,KV001106,d0695ccbe28604296f741b09ab10f64ef7f1c2351c8243feaf7fd93ffa849928,model-reviewed,2026-09-10,model,"Full model semantic review of 288 active Grade 5-6 new Notes plus 55 focused reused/fingerprint-invalidated Notes; review corrections validated by learner-content, auxiliary-vocabulary, current-merge and full Vocabulary gates."
klose,4,KV001107,b34b9c351e4a0d47801bf39915c666c0eddf36957d8f3bf664665b5635448892,model-reviewed,2026-09-10,model,"Full model semantic review of 288 active Grade 5-6 new Notes plus 55 focused reused/fingerprint-invalidated Notes; review corrections validated by learner-content, auxiliary-vocabulary, current-merge and full Vocabulary gates."
klose,4,KV001108,fb1246356f643ce2390fd23651726765008687e2eb5cfd72146ff6899c4826dc,model-reviewed,2026-09-10,model,"Full model semantic review of 288 active Grade 5-6 new Notes plus 55 focused reused/fingerprint-invalidated Notes; review corrections validated by learner-content, auxiliary-vocabulary, current-merge and full Vocabulary gates."
klose,4,KV001109,8897c9b20ab196e798ee80d35da0357ef9c8a3d709f19093a096e173aa5ad91a,model-reviewed,2026-09-10,model,"Full model semantic review of 288 active Grade 5-6 new Notes plus 55 focused reused/fingerprint-invalidated Notes; review corrections validated by learner-content, auxiliary-vocabulary, current-merge and full Vocabulary gates."
klose,4,KV001110,da8910a868cab78a501ea2c42993f6088a914a38a81771f7b05ba893d6896c85,model-reviewed,2026-09-10,model,"Full model semantic review of 288 active Grade 5-6 new Notes plus 55 focused reused/fingerprint-invalidated Notes; review corrections validated by learner-content, auxiliary-vocabulary, current-merge and full Vocabulary gates."
klose,4,KV001111,e5a9ec266feb87bad8f8099bf0aa332dc8358122ef4402bfb124aa0ca6d3146e,model-reviewed,2026-09-10,model,"Full model semantic review of 288 active Grade 5-6 new Notes plus 55 focused reused/fingerprint-invalidated Notes; review corrections validated by learner-content, auxiliary-vocabulary, current-merge and full Vocabulary gates."
klose,4,KV001112,cf8efdd7224adf2a3ebe9e693c26bfbfc22a98261e2bab4c11b306761ffa474e,model-reviewed,2026-09-10,model,"Full model semantic review of 288 active Grade 5-6 new Notes plus 55 focused reused/fingerprint-invalidated Notes; review corrections validated by learner-content, auxiliary-vocabulary, current-merge and full Vocabulary gates."
klose,4,KV001113,c07505795dd11cdc5d11cf1c70f07c8339c3d8e03ea603e551e76739997efa51,model-reviewed,2026-09-10,model,"Full model semantic review of 288 active Grade 5-6 new Notes plus 55 focused reused/fingerprint-invalidated Notes; review corrections validated by learner-content, auxiliary-vocabulary, current-merge and full Vocabulary gates."
klose,4,KV001114,89c866c8aa6bb8eaf87b41e6a27222dfb9ef675b210b3c0f744266bb8bfcc05d,model-reviewed,2026-09-10,model,"Full model semantic review of 288 active Grade 5-6 new Notes plus 55 focused reused/fingerprint-invalidated Notes; review corrections validated by learner-content, auxiliary-vocabulary, current-merge and full Vocabulary gates."
klose,4,KV001115,e51199bac87756b80e845f7a76c7f5fce12512e50f96383e8a61641affe99f2f,model-reviewed,2026-09-10,model,"Full model semantic review of 288 active Grade 5-6 new Notes plus 55 focused reused/fingerprint-invalidated Notes; review corrections validated by learner-content, auxiliary-vocabulary, current-merge and full Vocabulary gates."
klose,4,KV001116,ef9e618302103c6c0ad16a81f69233d5d4ced5bbf586afceb3ad196f44960bd1,model-reviewed,2026-09-10,model,"Full model semantic review of 288 active Grade 5-6 new Notes plus 55 focused reused/fingerprint-invalidated Notes; review corrections validated by learner-content, auxiliary-vocabulary, current-merge and full Vocabulary gates."
klose,4,KV001117,c2ca8d72fa8cd6fe8bcc7407551313a04811e2596f9811a17ae6803be2c99a49,model-reviewed,2026-09-10,model,"Full model semantic review of 288 active Grade 5-6 new Notes plus 55 focused reused/fingerprint-invalidated Notes; review corrections validated by learner-content, auxiliary-vocabulary, current-merge and full Vocabulary gates."
klose,4,KV001118,79a0ae1b9a063b9371fa48d51a0dfeb4b684e7550524589668229387134641d7,model-reviewed,2026-09-10,model,"Full model semantic review of 288 active Grade 5-6 new Notes plus 55 focused reused/fingerprint-invalidated Notes; review corrections validated by learner-content, auxiliary-vocabulary, current-merge and full Vocabulary gates."
klose,4,KV001119,1dc7d60ee773e68911838310dddcd08f68848f35d01aa94c5ec4517b28b63b89,model-reviewed,2026-09-10,model,"Full model semantic review of 288 active Grade 5-6 new Notes plus 55 focused reused/fingerprint-invalidated Notes; review corrections validated by learner-content, auxiliary-vocabulary, current-merge and full Vocabulary gates."
klose,4,KV001120,350ff34609f7bf3ed3a95e87df0b6817ca4acc3db6018a23523c86140efd7226,model-reviewed,2026-09-10,model,"Full model semantic review of 288 active Grade 5-6 new Notes plus 55 focused reused/fingerprint-invalidated Notes; review corrections validated by learner-content, auxiliary-vocabulary, current-merge and full Vocabulary gates."
klose,4,KV001121,4b2daa3e726900dd591572221fc5d284a1adc8050b7eba2d23fe093f65825baf,model-reviewed,2026-09-10,model,"Full model semantic review of 288 active Grade 5-6 new Notes plus 55 focused reused/fingerprint-invalidated Notes; review corrections validated by learner-content, auxiliary-vocabulary, current-merge and full Vocabulary gates."
klose,4,KV001122,bd3b98870adcf2ed6aca3a4404ae3758a5d1de234680f864c6a0d97a2cea8141,model-reviewed,2026-09-10,model,"Full model semantic review of 288 active Grade 5-6 new Notes plus 55 focused reused/fingerprint-invalidated Notes; review corrections validated by learner-content, auxiliary-vocabulary, current-merge and full Vocabulary gates."
klose,4,KV001123,69c2c800511c4036bdf6ad319b15a293f1ce521b5833f67bdd4ebbab92ce2e60,model-reviewed,2026-09-10,model,"Full model semantic review of 288 active Grade 5-6 new Notes plus 55 focused reused/fingerprint-invalidated Notes; review corrections validated by learner-content, auxiliary-vocabulary, current-merge and full Vocabulary gates."
klose,4,KV001124,abee448245bb8b2a08bb46869d1bacacd0390db4ae96680a692d72b25633afc8,model-reviewed,2026-09-10,model,"Full model semantic review of 288 active Grade 5-6 new Notes plus 55 focused reused/fingerprint-invalidated Notes; review corrections validated by learner-content, auxiliary-vocabulary, current-merge and full Vocabulary gates."
klose,4,KV001125,dadd1384af8ba32dfee59a026608da1cd4de1300a5b504fc37609251e01bc4f5,model-reviewed,2026-09-10,model,"Full model semantic review of 288 active Grade 5-6 new Notes plus 55 focused reused/fingerprint-invalidated Notes; review corrections validated by learner-content, auxiliary-vocabulary, current-merge and full Vocabulary gates."
klose,4,KV001126,dbbb23e412c083e15e4d4ce1deba125f1a20420fccd8fc27620d9b433d64ef72,model-reviewed,2026-09-10,model,"Full model semantic review of 288 active Grade 5-6 new Notes plus 55 focused reused/fingerprint-invalidated Notes; review corrections validated by learner-content, auxiliary-vocabulary, current-merge and full Vocabulary gates."
klose,4,KV001127,ac80cab705c43933531e29ec8153a5b4db9b7921363f0e3bc0eb52f6be5ba3bd,model-reviewed,2026-09-10,model,"Full model semantic review of 288 active Grade 5-6 new Notes plus 55 focused reused/fingerprint-invalidated Notes; review corrections validated by learner-content, auxiliary-vocabulary, current-merge and full Vocabulary gates."
klose,4,KV001128,d286a2de05037d36c438b4e3c4c7cc968afcd652c6e9640ad1fcbf630629b830,model-reviewed,2026-09-10,model,"Full model semantic review of 288 active Grade 5-6 new Notes plus 55 focused reused/fingerprint-invalidated Notes; review corrections validated by learner-content, auxiliary-vocabulary, current-merge and full Vocabulary gates."
klose,4,KV001129,389d8e1ba4f36227b6dad769b8f51ed14c91c48b515f908f6f71bbf8fb5d0e41,model-reviewed,2026-09-10,model,"Full model semantic review of 288 active Grade 5-6 new Notes plus 55 focused reused/fingerprint-invalidated Notes; review corrections validated by learner-content, auxiliary-vocabulary, current-merge and full Vocabulary gates."
klose,4,KV001130,3a9db91af478c113c8b01fb2f8f0146b2fd090aa308e8b0652a6f71a1ce8cede,model-reviewed,2026-09-10,model,"Full model semantic review of 288 active Grade 5-6 new Notes plus 55 focused reused/fingerprint-invalidated Notes; review corrections validated by learner-content, auxiliary-vocabulary, current-merge and full Vocabulary gates."
klose,4,KV001131,1180428040ba7effa54af5d18021d19d0829149edcbc165ff48994a9e37bdce5,model-reviewed,2026-09-10,model,"Full model semantic review of 288 active Grade 5-6 new Notes plus 55 focused reused/fingerprint-invalidated Notes; review corrections validated by learner-content, auxiliary-vocabulary, current-merge and full Vocabulary gates."
klose,4,KV001132,6264e5c1ce8ab6ec17d6a8ddefc17383968caf80e6664f80424e3a4ccc190bbe,model-reviewed,2026-09-10,model,"Full model semantic review of 288 active Grade 5-6 new Notes plus 55 focused reused/fingerprint-invalidated Notes; review corrections validated by learner-content, auxiliary-vocabulary, current-merge and full Vocabulary gates."
klose,4,KV001133,4e5381abd384c5f83cbeb947044cc648dbd75d5ef3276e4e269cac612b4cccb9,model-reviewed,2026-09-10,model,"Full model semantic review of 288 active Grade 5-6 new Notes plus 55 focused reused/fingerprint-invalidated Notes; review corrections validated by learner-content, auxiliary-vocabulary, current-merge and full Vocabulary gates."
klose,4,KV001134,364fb1d9aef90ee65d076c4c0a8a28bee0e8e5dbc0f01ff839fd92219b9e44d6,model-reviewed,2026-09-10,model,"Full model semantic review of 288 active Grade 5-6 new Notes plus 55 focused reused/fingerprint-invalidated Notes; review corrections validated by learner-content, auxiliary-vocabulary, current-merge and full Vocabulary gates."
klose,4,KV001135,0d26f62c02824517bd7e8c8b01d271101d122ab3ffe2be83e7d8e47240f1ba15,model-reviewed,2026-09-10,model,"Full model semantic review of 288 active Grade 5-6 new Notes plus 55 focused reused/fingerprint-invalidated Notes; review corrections validated by learner-content, auxiliary-vocabulary, current-merge and full Vocabulary gates."
klose,4,KV001136,a9b16f0bf83b3d39fdbed4ab4b69f0a74e9252018d85c5a34edf91ea738225f5,model-reviewed,2026-09-10,model,"Full model semantic review of 288 active Grade 5-6 new Notes plus 55 focused reused/fingerprint-invalidated Notes; review corrections validated by learner-content, auxiliary-vocabulary, current-merge and full Vocabulary gates."
klose,4,KV001137,7bc1c5c1f49670a7e140da99e3388813c41941731eac24ed6b80a5f89258ef94,model-reviewed,2026-09-10,model,"Full model semantic review of 288 active Grade 5-6 new Notes plus 55 focused reused/fingerprint-invalidated Notes; review corrections validated by learner-content, auxiliary-vocabulary, current-merge and full Vocabulary gates."
klose,4,KV001138,56130b62aed01d9fbbfba0ec00a6556de8214afaff2c3912db02891cf80b517b,model-reviewed,2026-09-10,model,"Full model semantic review of 288 active Grade 5-6 new Notes plus 55 focused reused/fingerprint-invalidated Notes; review corrections validated by learner-content, auxiliary-vocabulary, current-merge and full Vocabulary gates."
klose,4,KV001139,39ee200f7f23e3aec54e9bf4434c9ed3a1182c4d1f16638bbe9ef220e6fb6652,model-reviewed,2026-09-10,model,"Full model semantic review of 288 active Grade 5-6 new Notes plus 55 focused reused/fingerprint-invalidated Notes; review corrections validated by learner-content, auxiliary-vocabulary, current-merge and full Vocabulary gates."
klose,4,KV001140,a61a02c9f2f232073861726a166993223af876a31bc7aa59a0e357fc27e59b29,model-reviewed,2026-09-10,model,"Full model semantic review of 288 active Grade 5-6 new Notes plus 55 focused reused/fingerprint-invalidated Notes; review corrections validated by learner-content, auxiliary-vocabulary, current-merge and full Vocabulary gates."
klose,4,KV001141,67ee326511608c505e8463c6db6f8a2cb4110f45edf7efbef419c6fd58ca358b,model-reviewed,2026-09-10,model,"Full model semantic review of 288 active Grade 5-6 new Notes plus 55 focused reused/fingerprint-invalidated Notes; review corrections validated by learner-content, auxiliary-vocabulary, current-merge and full Vocabulary gates."
klose,4,KV001142,a14062ed0cd944001e5405bb51f2b715e56d675f022234a814671e58f580403d,model-reviewed,2026-09-10,model,"Full model semantic review of 288 active Grade 5-6 new Notes plus 55 focused reused/fingerprint-invalidated Notes; review corrections validated by learner-content, auxiliary-vocabulary, current-merge and full Vocabulary gates."
klose,4,KV001143,0a53414c1a66b67d42d8cb0d872d2466aebe82a5743be0ad2e78da7e7026e597,model-reviewed,2026-09-10,model,"Full model semantic review of 288 active Grade 5-6 new Notes plus 55 focused reused/fingerprint-invalidated Notes; review corrections validated by learner-content, auxiliary-vocabulary, current-merge and full Vocabulary gates."
klose,4,KV001144,a545f1c04b7e039d4bf91868f2ff29e24ba838e477559a6935fdacc209e2900e,model-reviewed,2026-09-10,model,"Full model semantic review of 288 active Grade 5-6 new Notes plus 55 focused reused/fingerprint-invalidated Notes; review corrections validated by learner-content, auxiliary-vocabulary, current-merge and full Vocabulary gates."
klose,4,KV001145,83afe00116d9e51cd70977f34b19dd0e270fb9fdc5283ded4500e279eb06b09e,model-reviewed,2026-09-10,model,"Full model semantic review of 288 active Grade 5-6 new Notes plus 55 focused reused/fingerprint-invalidated Notes; review corrections validated by learner-content, auxiliary-vocabulary, current-merge and full Vocabulary gates."
klose,4,KV001146,e7de03c070102f5025c80c2aac9268d66f75bfa9d8ce2434cb26954f25c9723b,model-reviewed,2026-09-10,model,"Full model semantic review of 288 active Grade 5-6 new Notes plus 55 focused reused/fingerprint-invalidated Notes; review corrections validated by learner-content, auxiliary-vocabulary, current-merge and full Vocabulary gates."
klose,4,KV001147,5bffaeb08b24ec7a1ca41087213c0e9bb0e1c83dadf67d2e9e7d4e88c3530e6c,model-reviewed,2026-09-10,model,"Full model semantic review of 288 active Grade 5-6 new Notes plus 55 focused reused/fingerprint-invalidated Notes; review corrections validated by learner-content, auxiliary-vocabulary, current-merge and full Vocabulary gates."
klose,4,KV001148,e0b916a21cccb68e16887861066ff009e84de396c41de01aba0357e302179557,model-reviewed,2026-09-10,model,"Full model semantic review of 288 active Grade 5-6 new Notes plus 55 focused reused/fingerprint-invalidated Notes; review corrections validated by learner-content, auxiliary-vocabulary, current-merge and full Vocabulary gates."
klose,4,KV001149,451e6cf0c36f6c20c01db64cb9ec9ce54f1c41539f60113412936fde36865db4,model-reviewed,2026-09-10,model,"Full model semantic review of 288 active Grade 5-6 new Notes plus 55 focused reused/fingerprint-invalidated Notes; review corrections validated by learner-content, auxiliary-vocabulary, current-merge and full Vocabulary gates."
klose,4,KV001150,c63ea77d0587a2ad5b5fcf91c5991656df86e2a7a03f45c163dac85bef508c05,model-reviewed,2026-09-10,model,"Full model semantic review of 288 active Grade 5-6 new Notes plus 55 focused reused/fingerprint-invalidated Notes; review corrections validated by learner-content, auxiliary-vocabulary, current-merge and full Vocabulary gates."
klose,4,KV001151,14008004c0e9d738a42ef38859894033e673cb69f0c13dd3ab8f94db95b7059f,model-reviewed,2026-09-10,model,"Full model semantic review of 288 active Grade 5-6 new Notes plus 55 focused reused/fingerprint-invalidated Notes; review corrections validated by learner-content, auxiliary-vocabulary, current-merge and full Vocabulary gates."
klose,4,KV001152,bcfee8e5de0d8e101982db990a8a7de70aed803a06ef853923e207e7c1c660d7,model-reviewed,2026-09-10,model,"Full model semantic review of 288 active Grade 5-6 new Notes plus 55 focused reused/fingerprint-invalidated Notes; review corrections validated by learner-content, auxiliary-vocabulary, current-merge and full Vocabulary gates."
klose,4,KV001153,9dffa97f68e21f0cde46b9520cd85325fa0523d69cbde753becc3556ee921977,model-reviewed,2026-09-10,model,"Full model semantic review of 288 active Grade 5-6 new Notes plus 55 focused reused/fingerprint-invalidated Notes; review corrections validated by learner-content, auxiliary-vocabulary, current-merge and full Vocabulary gates."
klose,4,KV001154,32fec70288f1743ba94ef8c40eb04404c41c17b1ebd6c509148af4362091eea7,model-reviewed,2026-09-10,model,"Full model semantic review of 288 active Grade 5-6 new Notes plus 55 focused reused/fingerprint-invalidated Notes; review corrections validated by learner-content, auxiliary-vocabulary, current-merge and full Vocabulary gates."
klose,4,KV001155,b967c2bb2fc5f93cc4286ea0890f8dcc74962bc3f6ef5442ac384dcad1c23790,model-reviewed,2026-09-10,model,"Full model semantic review of 288 active Grade 5-6 new Notes plus 55 focused reused/fingerprint-invalidated Notes; review corrections validated by learner-content, auxiliary-vocabulary, current-merge and full Vocabulary gates."
klose,4,KV001156,af4c7e2180d02b0a2e3eca91d92e1ee14835d70590d7307ca4c32bf228cc555f,model-reviewed,2026-09-10,model,"Full model semantic review of 288 active Grade 5-6 new Notes plus 55 focused reused/fingerprint-invalidated Notes; review corrections validated by learner-content, auxiliary-vocabulary, current-merge and full Vocabulary gates."
klose,4,KV001157,a0ad22ef28b5f930dde02224c3c8c87dff062748bb7e38bb520a196b1fd11b56,model-reviewed,2026-09-10,model,"Full model semantic review of 288 active Grade 5-6 new Notes plus 55 focused reused/fingerprint-invalidated Notes; review corrections validated by learner-content, auxiliary-vocabulary, current-merge and full Vocabulary gates."
klose,4,KV001158,02bf23d4f2ee4586561d4af4b1798a5a82222fd1305ddf8e6724c1e38e5e93c1,model-reviewed,2026-09-10,model,"Full model semantic review of 288 active Grade 5-6 new Notes plus 55 focused reused/fingerprint-invalidated Notes; review corrections validated by learner-content, auxiliary-vocabulary, current-merge and full Vocabulary gates."
klose,4,KV001159,ec9fc49f6460753e6d0ed1b281e81b941c328ffe02cfe7adde883057b32f614b,model-reviewed,2026-09-10,model,"Full model semantic review of 288 active Grade 5-6 new Notes plus 55 focused reused/fingerprint-invalidated Notes; review corrections validated by learner-content, auxiliary-vocabulary, current-merge and full Vocabulary gates."
klose,4,KV001160,6cfa6825c51b0ec9c24f08960ad362a9203b1383c9b3aad5953cce75a225dcd9,model-reviewed,2026-09-10,model,"Full model semantic review of 288 active Grade 5-6 new Notes plus 55 focused reused/fingerprint-invalidated Notes; review corrections validated by learner-content, auxiliary-vocabulary, current-merge and full Vocabulary gates."
klose,4,KV001161,98bcb5e68f605cc0798f50b74113ac580539dd49c57c4632c8d536305dde5c60,model-reviewed,2026-09-10,model,"Full model semantic review of 288 active Grade 5-6 new Notes plus 55 focused reused/fingerprint-invalidated Notes; review corrections validated by learner-content, auxiliary-vocabulary, current-merge and full Vocabulary gates."
klose,4,KV001162,8f75065e7b7da74f323e5b963f0d7047646287b75c683d34f8f23df6e2cdfd78,model-reviewed,2026-09-10,model,"Full model semantic review of 288 active Grade 5-6 new Notes plus 55 focused reused/fingerprint-invalidated Notes; review corrections validated by learner-content, auxiliary-vocabulary, current-merge and full Vocabulary gates."
klose,4,KV001163,01342d6c027ce483a1aaac525bb6e0eed5ebdb96d92b86c07c95bfa8d211997b,model-reviewed,2026-09-10,model,"Full model semantic review of 288 active Grade 5-6 new Notes plus 55 focused reused/fingerprint-invalidated Notes; review corrections validated by learner-content, auxiliary-vocabulary, current-merge and full Vocabulary gates."
klose,4,KV001164,de01b5f0b3d8f9295f714b8b0b295995d861e28ad9ed9016f6a2c7eb4af63819,model-reviewed,2026-09-10,model,"Full model semantic review of 288 active Grade 5-6 new Notes plus 55 focused reused/fingerprint-invalidated Notes; review corrections validated by learner-content, auxiliary-vocabulary, current-merge and full Vocabulary gates."
klose,4,KV001165,aba1b79beabdaf0a9c49b2565152ce25ccc9796cf2f2025272066b845ec7b518,model-reviewed,2026-09-10,model,"Full model semantic review of 288 active Grade 5-6 new Notes plus 55 focused reused/fingerprint-invalidated Notes; review corrections validated by learner-content, auxiliary-vocabulary, current-merge and full Vocabulary gates."
klose,4,KV001166,0160ebf77f01375c8df01899cec866c5ff6f3bb61dcf16629b04f68148f0c770,model-reviewed,2026-09-10,model,"Full model semantic review of 288 active Grade 5-6 new Notes plus 55 focused reused/fingerprint-invalidated Notes; review corrections validated by learner-content, auxiliary-vocabulary, current-merge and full Vocabulary gates."
klose,4,KV001167,d252435878aebdf2c12623260ba6c4b3b841c212bf9ba6bd5fa12e4414ac9358,model-reviewed,2026-09-10,model,"Full model semantic review of 288 active Grade 5-6 new Notes plus 55 focused reused/fingerprint-invalidated Notes; review corrections validated by learner-content, auxiliary-vocabulary, current-merge and full Vocabulary gates."
klose,4,KV001168,15112870dbfa0ae6df9ab36476c2932e303839e1a72aedfc4485f5575aa8096f,model-reviewed,2026-09-10,model,"Full model semantic review of 288 active Grade 5-6 new Notes plus 55 focused reused/fingerprint-invalidated Notes; review corrections validated by learner-content, auxiliary-vocabulary, current-merge and full Vocabulary gates."
klose,4,KV001169,8e88a835d5751ba25a5ce98ce3d6aa45266e559f4cee5453b565de15d012b9bd,model-reviewed,2026-09-10,model,"Full model semantic review of 288 active Grade 5-6 new Notes plus 55 focused reused/fingerprint-invalidated Notes; review corrections validated by learner-content, auxiliary-vocabulary, current-merge and full Vocabulary gates."
klose,4,KV001170,d59f6a4a8495558a56969196e85e30677e6c961d37ac37e736b6f0ea42e1870c,model-reviewed,2026-09-10,model,"Full model semantic review of 288 active Grade 5-6 new Notes plus 55 focused reused/fingerprint-invalidated Notes; review corrections validated by learner-content, auxiliary-vocabulary, current-merge and full Vocabulary gates."
klose,4,KV001172,de4f59fd6cc488efed337c944ab06da9e9f2d8156e3b87b9cb7dd0a4c8d51889,model-reviewed,2026-09-10,model,"Full model semantic review of 288 active Grade 5-6 new Notes plus 55 focused reused/fingerprint-invalidated Notes; review corrections validated by learner-content, auxiliary-vocabulary, current-merge and full Vocabulary gates."
klose,4,KV001174,ed1eb364eb57ee5acb1f90d3b5eb949734cbaf1522352c26fef1f4e743560acf,model-reviewed,2026-09-10,model,"Full model semantic review of 288 active Grade 5-6 new Notes plus 55 focused reused/fingerprint-invalidated Notes; review corrections validated by learner-content, auxiliary-vocabulary, current-merge and full Vocabulary gates."
klose,4,KV001175,651d880fa54ce3ec3bc1cd5ea3d074e6c72a4ed8f25312fec4cb91945118c997,model-reviewed,2026-09-10,model,"Full model semantic review of 288 active Grade 5-6 new Notes plus 55 focused reused/fingerprint-invalidated Notes; review corrections validated by learner-content, auxiliary-vocabulary, current-merge and full Vocabulary gates."
klose,4,KV001176,0eba83e1c8b6e358a3519178a15f2f68d14f8294fe0972be2d09c4a3d54fad96,model-reviewed,2026-09-10,model,"Full model semantic review of 288 active Grade 5-6 new Notes plus 55 focused reused/fingerprint-invalidated Notes; review corrections validated by learner-content, auxiliary-vocabulary, current-merge and full Vocabulary gates."
klose,4,KV001177,abb6e54a7ee43c50ee1dfb019eff01c92a6d7f5cf4ecde8ff09ad3780412ad45,model-reviewed,2026-09-10,model,"Full model semantic review of 288 active Grade 5-6 new Notes plus 55 focused reused/fingerprint-invalidated Notes; review corrections validated by learner-content, auxiliary-vocabulary, current-merge and full Vocabulary gates."
klose,4,KV001178,e1674075e658757d88e90a72e2392e608740e0b9f4e4bab3f34070b93d3a3b51,model-reviewed,2026-09-10,model,"Full model semantic review of 288 active Grade 5-6 new Notes plus 55 focused reused/fingerprint-invalidated Notes; review corrections validated by learner-content, auxiliary-vocabulary, current-merge and full Vocabulary gates."
klose,4,KV001179,5eb168e896215b9fea7013853fdf34811ed74a308c4867ae678a52ba59da7407,model-reviewed,2026-09-10,model,"Full model semantic review of 288 active Grade 5-6 new Notes plus 55 focused reused/fingerprint-invalidated Notes; review corrections validated by learner-content, auxiliary-vocabulary, current-merge and full Vocabulary gates."
klose,4,KV001180,25333db7815c6240164bda989760de37596fa3952c34e64bf99801c5a355efc8,model-reviewed,2026-09-10,model,"Full model semantic review of 288 active Grade 5-6 new Notes plus 55 focused reused/fingerprint-invalidated Notes; review corrections validated by learner-content, auxiliary-vocabulary, current-merge and full Vocabulary gates."
klose,4,KV001181,02bcee418f709538847a58b97182a6ef7f0b34eabd4e0f8e6994f879293f9ac0,model-reviewed,2026-09-10,model,"Full model semantic review of 288 active Grade 5-6 new Notes plus 55 focused reused/fingerprint-invalidated Notes; review corrections validated by learner-content, auxiliary-vocabulary, current-merge and full Vocabulary gates."
klose,4,KV001182,40b6c5584c3cb2ab3731f13d6e9fd5d3c5ffb7f27c91429e1305779f38eed18f,model-reviewed,2026-09-10,model,"Full model semantic review of 288 active Grade 5-6 new Notes plus 55 focused reused/fingerprint-invalidated Notes; review corrections validated by learner-content, auxiliary-vocabulary, current-merge and full Vocabulary gates."
klose,4,KV001183,a782ca1439c429feaf44dd94ff051d34d9a659623f6a6cba7db908161af413f4,model-reviewed,2026-09-10,model,"Full model semantic review of 288 active Grade 5-6 new Notes plus 55 focused reused/fingerprint-invalidated Notes; review corrections validated by learner-content, auxiliary-vocabulary, current-merge and full Vocabulary gates."
klose,4,KV001184,1880806c49f576a3e774bd439cac590fa98bec05cc3dd23fb2b9df20a1d5e536,model-reviewed,2026-09-10,model,"Full model semantic review of 288 active Grade 5-6 new Notes plus 55 focused reused/fingerprint-invalidated Notes; review corrections validated by learner-content, auxiliary-vocabulary, current-merge and full Vocabulary gates."
klose,4,KV001185,2d4c9489d71c5623e8e9c61ab87be760b907280b363b4db247545f6599dfe93b,model-reviewed,2026-09-10,model,"Full model semantic review of 288 active Grade 5-6 new Notes plus 55 focused reused/fingerprint-invalidated Notes; review corrections validated by learner-content, auxiliary-vocabulary, current-merge and full Vocabulary gates."
klose,4,KV001186,9aa155b02a56d1b082fdd688d9b3773b1b6c351977afcdc2d244e97e2367cdfa,model-reviewed,2026-09-10,model,"Full model semantic review of 288 active Grade 5-6 new Notes plus 55 focused reused/fingerprint-invalidated Notes; review corrections validated by learner-content, auxiliary-vocabulary, current-merge and full Vocabulary gates."
klose,4,KV001187,9eb052a1b5a23739f30b6d92339dd31cbe246853fcdffba303fa90a010c33790,model-reviewed,2026-09-10,model,"Full model semantic review of 288 active Grade 5-6 new Notes plus 55 focused reused/fingerprint-invalidated Notes; review corrections validated by learner-content, auxiliary-vocabulary, current-merge and full Vocabulary gates."
klose,4,KV001188,75ea7b6a19f8be97d0bdf8871aeae92b7a46bc95605ceabb5ae07244fabe7f37,model-reviewed,2026-09-10,model,"Full model semantic review of 288 active Grade 5-6 new Notes plus 55 focused reused/fingerprint-invalidated Notes; review corrections validated by learner-content, auxiliary-vocabulary, current-merge and full Vocabulary gates."
klose,4,KV001189,a1ad01d827f2bc2c4728e250c299d41a53b889d80de4239e9efa2eac1d194286,model-reviewed,2026-09-10,model,"Full model semantic review of 288 active Grade 5-6 new Notes plus 55 focused reused/fingerprint-invalidated Notes; review corrections validated by learner-content, auxiliary-vocabulary, current-merge and full Vocabulary gates."
klose,4,KV001190,f94ea11422fd321e3b179d3a3ee8dbc23cf85c010a3fe107014801cda2a681bd,model-reviewed,2026-09-10,model,"Full model semantic review of 288 active Grade 5-6 new Notes plus 55 focused reused/fingerprint-invalidated Notes; review corrections validated by learner-content, auxiliary-vocabulary, current-merge and full Vocabulary gates."
klose,4,KV001191,d2baf152e03c53f069c72e311bc2951c6b23b181b9267e1661f7c34906c8ee97,model-reviewed,2026-09-10,model,"Full model semantic review of 288 active Grade 5-6 new Notes plus 55 focused reused/fingerprint-invalidated Notes; review corrections validated by learner-content, auxiliary-vocabulary, current-merge and full Vocabulary gates."
klose,4,KV001192,ced8b7bd26e69e147f2c84eba7f3f8cd4aff2316d06bb5e07d4df1cd5f7a4d51,model-reviewed,2026-09-10,model,"Full model semantic review of 288 active Grade 5-6 new Notes plus 55 focused reused/fingerprint-invalidated Notes; review corrections validated by learner-content, auxiliary-vocabulary, current-merge and full Vocabulary gates."
klose,4,KV001193,5633cb4e9a6b3ac1b669162ab5bd930d33492568c14eaeb05d0750ecf09985d5,model-reviewed,2026-09-10,model,"Full model semantic review of 288 active Grade 5-6 new Notes plus 55 focused reused/fingerprint-invalidated Notes; review corrections validated by learner-content, auxiliary-vocabulary, current-merge and full Vocabulary gates."
klose,4,KV001194,ccac9aeef2226772968a7ccf390267994e8ca48283cb18f1d3c68d57cecb3809,model-reviewed,2026-09-10,model,"Full model semantic review of 288 active Grade 5-6 new Notes plus 55 focused reused/fingerprint-invalidated Notes; review corrections validated by learner-content, auxiliary-vocabulary, current-merge and full Vocabulary gates."
klose,4,KV001195,92316a0bf498e6047d05dd5d845544d2d776503ac8197431f0ff886a0cce5a31,pending,,,awaiting explicit learner-level review before release
klose,4,KV001196,ec655a903576ad1c78699712513c3f1a873a460d034be992d6cc0cd8b0f4432a,pending,,,awaiting explicit learner-level review before release
klose,4,KV001197,2505b84b21fbddc5a6ddde12ca6d491e7b8baa5fb153d82ec6c88de4d1a3a699,pending,,,awaiting explicit learner-level review before release
klose,4,KV001198,22f05e6b21a6c0381cfc46e5c39d7f1247fb3b10d46db8371250b9580826ad8e,pending,,,awaiting explicit learner-level review before release
klose,4,KV001199,a486e27d125479e0d02bd095d3f8059ca4f4801255b2726e9236ee5f359c4070,pending,,,awaiting explicit learner-level review before release
klose,4,KV001200,0a588b596552f2df2bb4fab4402b291b77eca9e0274904a32ad82d015d1a38fe,pending,,,awaiting explicit learner-level review before release
klose,4,KV001201,f7711554a86e71b22272e81c7224cd1f8c63038aa4ec0cd1892dc9453f54934d,pending,,,awaiting explicit learner-level review before release
klose,4,KV001202,4dc7442be0e483a80e439c82b50f2d6987eebc8210bb41fae381e5bdc4211d65,pending,,,awaiting explicit learner-level review before release
klose,4,KV001203,e9801989d364f0175498aabccfb56abd14e60caae7bd17d99db5c28e4360a14c,pending,,,awaiting explicit learner-level review before release
klose,4,KV001204,da6b384587eee7410bd3947ae0b78817ead2d97c7ea4e3b0955ec404db233ba5,pending,,,awaiting explicit learner-level review before release
klose,4,KV001205,254b87763be124e3c010d4b6c90ec0a075b1aca06a11a0e3598d5adaed530410,pending,,,awaiting explicit learner-level review before release
klose,4,KV001206,1ae282bb28c9923a02cfed6c29514e4541607efdc5e3cf2d295366d0c0e070ac,pending,,,awaiting explicit learner-level review before release
klose,4,KV001207,2a8aae01da9ffa0e9f5fb309be2f1ddc7e21bb2ca2a884bf8bc803a257ddcc42,pending,,,awaiting explicit learner-level review before release
klose,4,KV001208,6345468bc0ed8c401687d93a6ccea50c676b25a5d18d426e6b10fed2b62ac72b,pending,,,awaiting explicit learner-level review before release
klose,4,KV001209,7fb29ec0a55448f495a67267702785512649ee1863019bb7b5d9e089575a051f,pending,,,awaiting explicit learner-level review before release
klose,4,KV001210,c13429770ce95c054b5c3113d1941f98aa57866cc06124c64c032caab70cd451,pending,,,awaiting explicit learner-level review before release
klose,4,KV001211,3eb87ede9b104002e50962dfec69dff3cab866c3802da36d0b802afa68d3eb99,pending,,,awaiting explicit learner-level review before release
klose,4,KV001212,63ce50189119679a268a00b4da05103f3f2d91a5caa537fd2095feb752f424ef,pending,,,awaiting explicit learner-level review before release
klose,4,KV001213,ce5ad8ac3b1970ccd7d0b9f887b8d48221436a5677282169d1a8980670ad43e3,pending,,,awaiting explicit learner-level review before release
klose,4,KV001214,327b09683c3b874c8893c66dac91dade8656e1ff733efa3751dca9929abb59f2,pending,,,awaiting explicit learner-level review before release
klose,4,KV001215,09d23464b2f51b9311edeb52344612a58eb5f7b84606e8cb17b36d5c53ade5b8,pending,,,awaiting explicit learner-level review before release
klose,4,KV001216,418714b618771354823c6e70c849ecd891bb08508ce7ba90ab97f33b9065d358,pending,,,awaiting explicit learner-level review before release
klose,4,KV001217,992c1b480b92f3f20af7c460ad39a44cc767460d7afc34a1a23d212a7049ff92,pending,,,awaiting explicit learner-level review before release
klose,4,KV001218,2cae9a1e9884f9f20b70c87f39796f77ac97584790d17b7d66b53b0608a90f37,pending,,,awaiting explicit learner-level review before release
klose,4,KV001219,2cadb2cdeee1510d9b55851c72dacc53065a935fad9062247d35de18495ab229,pending,,,awaiting explicit learner-level review before release
klose,4,KV001220,a17b8bdb0257e9db1b2bbafa5d307653c5aafee9adb40fe782b2e24a35251873,pending,,,awaiting explicit learner-level review before release
klose,4,KV001221,1d95447bdf4a7fe7b52263fa91430c8edf03a8c5abd6bf4af0f12da8eb45f80b,pending,,,awaiting explicit learner-level review before release
klose,4,KV001222,7d71dfa3d417ba987efb8d9fa7c6aab74c80b078508fb5c77b10758e4284c2aa,pending,,,awaiting explicit learner-level review before release
klose,4,KV001223,bc18fac8f98b85634dfc9fd3c82edc1ec10be99a38246f56f7c14172064d4ccc,pending,,,awaiting explicit learner-level review before release
klose,4,KV001224,e2b71b2d2612f67a7f4be98f276bb1c70d61012962726dee2d466103c877c888,pending,,,awaiting explicit learner-level review before release
klose,4,KV001225,757810da0c366ee29654dda32e7039acb3c4a0b7c3a9cb11138bb9a27031c9d3,pending,,,awaiting explicit learner-level review before release
klose,4,KV001226,90d09f0e2d36f1055fb9e8b63a598302bc07b05d05c93239e5cdce20c4f9ac9c,pending,,,awaiting explicit learner-level review before release
klose,4,KV001227,144a0ce589e234882151208b0d310b21916738f0b34f44af4abf48861275384e,pending,,,awaiting explicit learner-level review before release
klose,4,KV001228,7fb3250cf476925f8a9b6fea7a35cdab159fa068fb1e425e2d9de49141f82f97,pending,,,awaiting explicit learner-level review before release
klose,4,KV001229,c0957911bb339bb2c1c538167c698c962843bfdec8a40e77d93facb80aa4df18,pending,,,awaiting explicit learner-level review before release
klose,4,KV001230,e892d9ff920d4255a90dd1af4fdb0f4dfe2f73d21c306aaf3e800b28bea501d2,pending,,,awaiting explicit learner-level review before release
klose,4,KV001231,67e565c3047ad6d40d295656ec1c0a4bd6c1d3fdff1e1a3cf375676ef2f9d7fc,pending,,,awaiting explicit learner-level review before release
klose,4,KV001232,43928e6e5bf5c9a6cd0edf6e1d531a861d9f6b4c2bc8bfa8170ce94eda25929d,pending,,,awaiting explicit learner-level review before release
klose,4,KV001233,43835b2aecba0de74c03990740fc23a1106e617d3d0c00ba2e0c4b12d543504b,pending,,,awaiting explicit learner-level review before release
klose,4,KV001234,cc401986104c8128eecccb461019c0341652228fa35ce9c323390fd3feeed48c,pending,,,awaiting explicit learner-level review before release
klose,4,KV001235,fa3e6349d537b2925fde6629bbad871281c4d0e3af786c867558c1051a57d301,pending,,,awaiting explicit learner-level review before release
klose,4,KV001236,64c07fb720acdc304f6981a868ca0dc5a1d21673ff0c654f19bf912e9ee39742,pending,,,awaiting explicit learner-level review before release
klose,4,KV001237,2123c2c61861a5b24f3df7dfbb4a43f5df30d158126aaad46cbd7cc3a4239275,pending,,,awaiting explicit learner-level review before release
klose,4,KV001238,27fe7b3278ec835955ba0b984610d7ee5525c89834a8bee32c8f0c51b29c1248,pending,,,awaiting explicit learner-level review before release
klose,4,KV001239,75d13fb03565a2bb6a1c49d8f59a9715b3da319fb88f12487b50421306e57fd2,pending,,,awaiting explicit learner-level review before release
klose,4,KV001240,9d0c2d7462b69daa6705d46fde5ee2940bc44dcaf14559430b589c7f615c65ff,pending,,,awaiting explicit learner-level review before release
klose,4,KV001241,18d4ea4f71b67a9c0e405fb831444721ab0abd5b8eebf3893e953c9bedeaa267,pending,,,awaiting explicit learner-level review before release
klose,4,KV001242,ab084645e87de7787b4961f8fbfbc9f6cd3d3d68142abcc4c2bddf1695b1ac88,pending,,,awaiting explicit learner-level review before release
klose,4,KV001243,e3beec8bb710211348a4d4e28eed486a309922aa1776314c1e86923b3cca0f72,pending,,,awaiting explicit learner-level review before release
klose,4,KV001244,22f1a028118e9ceddb9216d331d719885440b3b6a346def729a60461e854aba9,pending,,,awaiting explicit learner-level review before release
klose,4,KV001245,4f23dfbf02c1398c459ff841ffb956f9ad27a245957312dc475a21afc3f3bae7,pending,,,awaiting explicit learner-level review before release
klose,4,KV001246,e280b3c0c571eb1bf19928f8257344e13b42e880070a4671f1207d1939e46022,pending,,,awaiting explicit learner-level review before release
klose,4,KV001247,5f85d455d850c9db890d9e1ec004f3829e5c70c2c091ee90fec0de12bbfedec6,pending,,,awaiting explicit learner-level review before release
klose,4,KV001248,a755fdd3042ab80f4a45f6e1ef62f9a24178ad5f467d1ddfe3be068051cc61f2,pending,,,awaiting explicit learner-level review before release
klose,4,KV001249,e010fb978e7422810a921da39b4bf01841b72499044e2431b3c84e9b3c6bcb19,pending,,,awaiting explicit learner-level review before release
klose,4,KV001250,c117fa4fc030d8b21023e7fab056fb8da26973df354b3fc0dfeff1f5518ab319,pending,,,awaiting explicit learner-level review before release
klose,4,KV001251,333ebd49c6d736027d1140fbe6c81fa176a75c514aff3e6d42bc438d4bc5eef3,pending,,,awaiting explicit learner-level review before release
klose,4,KV001252,c327914ede50119f34d1a5159a45b525c0a9dcf5cdbc4eaeecc778bb6ed0dca2,pending,,,awaiting explicit learner-level review before release
klose,4,KV001253,33798c67b0016c1331f434024ec0c4f557fc405d08028e55e711e153f5c544cb,pending,,,awaiting explicit learner-level review before release
klose,4,KV001254,a5a9b57762fa92cebc1b77bdb7360df1669331cb9b8bf7f51ca678e481c94e40,pending,,,awaiting explicit learner-level review before release
klose,4,KV001255,62367a2fd44c26f092a693fb1c6b8bee02bc19f2d54bbe9fc63922843bccb070,pending,,,awaiting explicit learner-level review before release
klose,4,KV001256,23872c23a2e507c8fc7a738c5857ffe52dd66e89d9c6fc67776a3bd34f0c4cae,pending,,,awaiting explicit learner-level review before release
klose,4,KV001257,d3c9fa107aa0fd6c9af8e4fb683a4be86be5f004012990c5819660c938ea00e7,pending,,,awaiting explicit learner-level review before release
klose,4,KV001258,6c3937dd2c7f5c9fe5334da3c7aff7942f44bc7912dd9ff0ff969a196bd1e5ae,pending,,,awaiting explicit learner-level review before release
klose,4,KV001259,ecd5bed8abef217cfae2e50a007309a8aafb895105b354014dcaebb749dc75d2,pending,,,awaiting explicit learner-level review before release
klose,4,KV001260,29d10d23ff29a48c017815261a537534f5e3f5b4062d529d53820cd5ad6c40ac,pending,,,awaiting explicit learner-level review before release
klose,4,KV001261,e3bc9ff47fa181b1ba1325eb1519c57f92c62a5ed4549073c91785f21e6c9af5,pending,,,awaiting explicit learner-level review before release
klose,4,KV001262,e247c1f411b3293ca54340312cbbdb0684447211f095e71a5651c100fbdfd8c8,pending,,,awaiting explicit learner-level review before release
klose,4,KV001263,8a0eae24d17982e85db793153e937d5030b3a9c59d405c3af33ce23270219482,pending,,,awaiting explicit learner-level review before release
klose,4,KV001264,e4f6be7ce4b138befbd0d695e6a22980534368f5b5b2c913a6e72d6c2f16ad76,pending,,,awaiting explicit learner-level review before release
klose,4,KV001265,4b4ed583e490e88f17edc8384c38f03da85832e275e17e5376ac2fac5faf7f9b,pending,,,awaiting explicit learner-level review before release
klose,4,KV001266,63273083a3babd8d4338df75ae64b4e11bcb45d625720d10a0be34b16686bf41,pending,,,awaiting explicit learner-level review before release
klose,4,KV001267,e5899cf0b5719dad94b66df5a0de4b15245b6f80cf61d774a94d8d69e150a0c4,pending,,,awaiting explicit learner-level review before release
klose,4,KV001268,105be55ffac74427b4e41021e3ea883c7ad196c5c00f31e9da05ecba7c205ed6,pending,,,awaiting explicit learner-level review before release
klose,4,KV001269,2738c4f49781f3ee7ff5376961b90d68804fadf22cf19c80fc5841d7ee69ce58,pending,,,awaiting explicit learner-level review before release
klose,4,KV001270,7888078bf38f37c6cfb2ce855833273828d22c72a9ec169bed70e23c474a26e2,pending,,,awaiting explicit learner-level review before release
klose,4,KV001271,736ea31bb2c197b67dfc6afbb5542c825bc33aa156d82b3920687539c376e5f1,pending,,,awaiting explicit learner-level review before release
klose,4,KV001272,d1135ac958f69dad5cd669935eff45d4e858cea8e59dc21019f5105465d7b491,pending,,,awaiting explicit learner-level review before release
klose,4,KV001273,5b79ff79aa6efb3a903751c92be146eed3a012d8c930df3abcf0400acc6ddb0e,pending,,,awaiting explicit learner-level review before release
klose,4,KV001274,7cb8fc44078bda2a288370dcf2cfcdb24674d6d947f62a9e95cbecd2ee30fadc,pending,,,awaiting explicit learner-level review before release
klose,4,KV001275,7b01917b22761be2ae34815c73030a491ad3950714e5dd7ffd75279bf9b136c1,pending,,,awaiting explicit learner-level review before release
klose,4,KV001276,c4f262a560876cffc7989c98c03ee6fc4c0484b691f90ad28f63106a2d9811aa,pending,,,awaiting explicit learner-level review before release
klose,4,KV001277,07be60c8a45b8916470747b0c7e268080d5fe956979d8f0733b0a79ae0620da0,pending,,,awaiting explicit learner-level review before release
klose,4,KV001278,05481626a2911af46da1ae80f523ab12cf4abe946acb34724e44ee349c382fd1,pending,,,awaiting explicit learner-level review before release
klose,4,KV001279,ae84f386946ed7e0d770f84234d41c7cc7dd8385c253a566594595f814be813b,pending,,,awaiting explicit learner-level review before release
klose,4,KV001280,435c88ae28684a2674b473e3a334f54d80cfd2bf20a14c194099907b7d93366c,pending,,,awaiting explicit learner-level review before release
klose,4,KV001281,806d5c9ad5428a6e45e5f23740638e313e97a4b584e35684a6aea1afbc9bcd9b,pending,,,awaiting explicit learner-level review before release
klose,4,KV001282,b76cf3855afcb24bc7cf6bcfb45280f0ec3a91d1e3cccbe95bae11b12e8e50a4,pending,,,awaiting explicit learner-level review before release
klose,4,KV001283,f877d3dbdf029d5ee5be9f6e464ab6898247d7e1c84ca55a1a17f9ba1e049ef6,pending,,,awaiting explicit learner-level review before release
klose,4,KV001284,adc745ae158c28a66a02bdac1a1f18c0b9d1156c3fa3fa34d54d38b9109b3284,pending,,,awaiting explicit learner-level review before release
klose,4,KV001285,268e563573cdb444a6a4f70e46425e3a89d495affbfe9f2180614d4f21ea3993,pending,,,awaiting explicit learner-level review before release
klose,4,KV001286,a87db200a3f4d2fa80a24a769c0b2f2db87746e020561fbe378fb228478091b1,pending,,,awaiting explicit learner-level review before release
klose,4,KV001287,1c972574006ac502861dbd12e7a8076bec4b374c18f03cc2af82b239f5920fb1,pending,,,awaiting explicit learner-level review before release
klose,4,KV001288,edb61bc83b95942917fd9c5830011cde31bbe86ea9d617c577c7e01a203da910,pending,,,awaiting explicit learner-level review before release
klose,4,KV001289,659ad6559a508e1fd0f63dbf8267051ee2231eaa66221e62a7f8ce2ffdf5869e,pending,,,awaiting explicit learner-level review before release
klose,4,KV001290,93b19bac670285ecefaeaf3dd98086e13ad3166998c19efefbf7f749db5c8a39,pending,,,awaiting explicit learner-level review before release
klose,4,KV001291,7e3fdd7deb592ee944b9a424cf2dfb9f7642266ff64b7cdfd971e5fdc02374e2,pending,,,awaiting explicit learner-level review before release
klose,4,KV001292,45fc66139a85c4e69b42e6e6d91df394294a7f3a955a6f3fca61902cc32222aa,pending,,,awaiting explicit learner-level review before release
klose,4,KV001293,822d195be9fb3b11a7670eb2ffb36407f4b947e4f58669abaf60698c24390084,pending,,,awaiting explicit learner-level review before release
klose,4,KV001294,e79b757adbaa133d6cfd55e16c6ed6dc9c5f70144b458e8b9c6dec931e1387b3,pending,,,awaiting explicit learner-level review before release
klose,4,KV001295,463bbd8b8f946055d88afceeefb3dc9b0c42a0271998b2d555d632cf85fa80e4,pending,,,awaiting explicit learner-level review before release
klose,4,KV001296,6c8841bfdb0413e013cee4b79d78e58414d9fc99b4de3fac0fa3d645e7f6c7b5,pending,,,awaiting explicit learner-level review before release
klose,4,KV001297,ba71a7e2e49e7e1c4aeffd84f982b0e70508d3d12a7d749361b204c41179d6fb,pending,,,awaiting explicit learner-level review before release
klose,4,KV001298,76161c0fdca953826a655808d738a6c4ed39a53432badb2021bdd10e7540668c,pending,,,awaiting explicit learner-level review before release
klose,4,KV001299,a2f6a89ca9dce1f7aa367f35cadd41868d78d6fc5ab3143f376b0b69d1b4c870,pending,,,awaiting explicit learner-level review before release
klose,4,KV001300,997c0ecfadf3a2ad66fcf340472b64699e2156691ed23f98936053cdd71b4cf8,pending,,,awaiting explicit learner-level review before release
klose,4,KV001301,bfbae5e387fb598687d16bf058376fc958f7a2b0161b9b516ab852cae6de5fa7,pending,,,awaiting explicit learner-level review before release
klose,4,KV001302,b49948fe28cb047cae5ad66ad4a3235ad4e5bbea04cf63b0c4b0b4cbef52668d,pending,,,awaiting explicit learner-level review before release
klose,4,KV001303,9244fd7e036b887591dbf9a1130342c9188755c1b3d2cf0c72306e8cf9a08265,pending,,,awaiting explicit learner-level review before release
klose,4,KV001304,d96043374a160d68b6e41220d7bdd4b3ece05eaf4684cf425eaea59565cbbd14,pending,,,awaiting explicit learner-level review before release
klose,4,KV001305,2640952e67c4f6a433fc1703fcea5c0ff18bc97d1e5026f0d5e8ca29dcc633b2,pending,,,awaiting explicit learner-level review before release
klose,4,KV001306,0d283418f1cb846c8daaf10fc9d329b4bcf94c77865e2ef1b5f7590f4dca6476,pending,,,awaiting explicit learner-level review before release
klose,4,KV001307,bd4e5573a6be454066c14d2e1ac5846875ae407f7db5e141d695a794c9412d69,pending,,,awaiting explicit learner-level review before release
klose,4,KV001308,5f691506df42851b1ba8fbcb3eab5bc4a8083ce8e0351d12d21507c103391ca6,pending,,,awaiting explicit learner-level review before release
klose,4,KV001309,c6a113d46ce1fe90cfd1f93c7f2902c959c9a1a794e86c31c73a7249a5d7081c,pending,,,awaiting explicit learner-level review before release
klose,4,KV001310,0f14aa4b8820083a0590b3d75f6e3597ed9e558acfd1a3e5b7f9b67e24873f1b,pending,,,awaiting explicit learner-level review before release
klose,4,KV001311,86b0b6dc6d6680554af067b95d7aafe30be71c8a788481dd6579d14c4452970d,pending,,,awaiting explicit learner-level review before release
klose,4,KV001312,321a6de47a755a0063b6ca934fcee68cbe06a6c3912aa24dfb1997eb89a288a7,pending,,,awaiting explicit learner-level review before release
klose,4,KV001313,15c5fc906226175883aae3ffab713d6a06af89381ef23a4c00358bff459aa06a,pending,,,awaiting explicit learner-level review before release
klose,4,KV001314,f2cf98e7b4ed5ecbc8402338ed16b7a7c9d43d3604ffa3d4783b0ce402e95018,pending,,,awaiting explicit learner-level review before release
klose,4,KV001315,c02fd1bc9fab72ba7d933687e3e578e640d23d083ad7401a7fd0e0eb84e52b8b,pending,,,awaiting explicit learner-level review before release
klose,4,KV001316,3bc5f8feb57aac48ac59f7d959076d9fc8d9d4d8567adc52ed11fdf06d839b5c,pending,,,awaiting explicit learner-level review before release
klose,4,KV001317,8832a18e1f7d776e856f6b8e1de22e1dbcdb0b23b61992c0742103679cb5b32e,pending,,,awaiting explicit learner-level review before release
klose,4,KV001318,3030b7e973c7acb9b9f87d9529a3fd81082a280fa88a23aa5d1ce6b8ff951380,pending,,,awaiting explicit learner-level review before release
klose,4,KV001319,e437944e2abf74b8d3fc14d53257a48adfc1e97cdb99d40d08bf9905a4899e32,pending,,,awaiting explicit learner-level review before release
klose,4,KV001320,0dcce7421b3951b9fd89d9b1d4b5e457da01ec2c58d59c53ee38b8d5b310c198,pending,,,awaiting explicit learner-level review before release
klose,4,KV001321,bfb266190819623b939b31688a7ecfddaa36f2d87bfa4eda947ec4d2155c4794,pending,,,awaiting explicit learner-level review before release
klose,4,KV001322,8962cc8514a354897b7cf7ce22c0c3d63cae4f8878301c07686e6d8f80bdde84,pending,,,awaiting explicit learner-level review before release
klose,4,KV001323,1f8bf4439c1cdc22a494f791a4a9db59504db3c00b4fb2de3f1a82be6e7cdfe7,pending,,,awaiting explicit learner-level review before release
klose,4,KV001324,b79e4a8e1ffe1c19ab48cf172ddf4cf0d5ca1d0572ae319cd3db575045041053,pending,,,awaiting explicit learner-level review before release
klose,4,KV001325,f44272faeb5b356ea2f805c915cad026569f781dc40f7c8f6477ba59c580a232,pending,,,awaiting explicit learner-level review before release
klose,4,KV001326,89b5f7121fee68f84da077e67644da6fb977f6e66845073cec75b56151feec4f,pending,,,awaiting explicit learner-level review before release
klose,4,KV001327,f8b8a20fafec85fda62b6a16cb0ca4625fe07f7381a7b4fe6c6ec73db3374fab,pending,,,awaiting explicit learner-level review before release
klose,4,KV001328,fbcac8168bc99afdb14fb23e37584eafa23f3f70565bc38082f4874cdc53cc26,pending,,,awaiting explicit learner-level review before release
klose,4,KV001329,b2828233bb5ce9b24241f89ce3bd98064bb32855ff621833bd86228ccaced6ac,pending,,,awaiting explicit learner-level review before release
klose,4,KV001330,3f78f8d4bc5b0fbe2d7749b61d9eb5b0d46cc943c4b3b636638f0bfad565d5e4,pending,,,awaiting explicit learner-level review before release
klose,4,KV001331,2aebe946ed02a59a1151da875d953eb0f7027c6668baab8f2e0558e528564984,pending,,,awaiting explicit learner-level review before release
klose,4,KV001332,81830393dfee1a647ffeca24dcc5e875c88e9d194851583c91c2f7a523d16bbf,pending,,,awaiting explicit learner-level review before release
klose,4,KV001333,956cf7c1708e56f22c2ccb5877231f5ef64713efd02aa90af6a4e8007ea93ebb,pending,,,awaiting explicit learner-level review before release
klose,4,KV001334,3641f824c32870228f02cac8cff3a8eb1abc59bf406798e1328c1f35c89e9db4,pending,,,awaiting explicit learner-level review before release
klose,4,KV001335,5a1f934df5dd0be5768341d7d6797b0b43b274b949f29a0f2cb0ca5b9070960c,pending,,,awaiting explicit learner-level review before release
klose,4,KV001336,72a2506d61bc06f3de81a0cf373d3fb727adb5929bd095c867ddbc17a8188a30,pending,,,awaiting explicit learner-level review before release
klose,4,KV001337,db9df86af7e907eb3f1f58acdb979dbd13cb616d92b20ac30ab126f380bb82f3,pending,,,awaiting explicit learner-level review before release
klose,4,KV001338,c60463585ee689f0f45279700a5b31d87aea586e73623be7e52c3247ecaf09d4,pending,,,awaiting explicit learner-level review before release
klose,4,KV001339,636045de285607dbd686c1523ae7bfc5ef523d2864f74b7fbde76c83c1a6f82d,pending,,,awaiting explicit learner-level review before release
klose,4,KV001340,063560cd50fca5355b6d6c4ff99f4371fab84968f589be751ce598e94bd4ec83,pending,,,awaiting explicit learner-level review before release
klose,4,KV001341,52394870d2e6051cd594127614f119e113f39be2bf5d2476e690a4a75e6a4ea1,pending,,,awaiting explicit learner-level review before release
klose,4,KV001342,249a1428b555a40774d648f1c80f470e1ef0534037e1bf78a3d2043d84aff77b,pending,,,awaiting explicit learner-level review before release
klose,4,KV001343,0733ba2043de122350f0102bbc16eb91a8f02f5cb88c6e3e59ba200d41981ba8,pending,,,awaiting explicit learner-level review before release
klose,4,KV001344,868e44d0642d12a74eb8f0180c8e4f3ffccd6b371b59a264a78e0f13ebb79d82,pending,,,awaiting explicit learner-level review before release
klose,4,KV001345,a6fc7d49b3caf4545cc7e1797d92b53710b209c3e8594bb9ed6f5c2ca020404a,pending,,,awaiting explicit learner-level review before release
klose,4,KV001346,c6f71a3230bb1d1289b0ac44003c076ae45b7dcee00ef9cf1aab07d7632cf313,pending,,,awaiting explicit learner-level review before release
klose,4,KV001347,8e034882a4e8074d9dfe0019e6e3e10a8979cb1daa6038336c57d9b14035c65f,pending,,,awaiting explicit learner-level review before release
klose,4,KV001348,4c225e94978244a6e8fcaec634eabdd583fa0c283df69ada9f4ed5d58ee3b05b,pending,,,awaiting explicit learner-level review before release
klose,4,KV001349,54eb2d47ac4db3a7a46b773c703ddc78ae17109dddc2a6bca94d2e348658a524,pending,,,awaiting explicit learner-level review before release
klose,4,KV001350,fdc43535057b6e50011d35ed1eb01b7944a1533b6e00d0100cbcd59f8a69ad19,pending,,,awaiting explicit learner-level review before release
klose,4,KV001351,37f6530e4ffa5bfeba4d2f4979531b0841e69f5f8a6ad0123d72606f19040e04,pending,,,awaiting explicit learner-level review before release
klose,4,KV001352,c1219c8cdbe00c1489a15e0921df653308e152ecdb6faa27c9e6c53e9eaca6e9,pending,,,awaiting explicit learner-level review before release
klose,4,KV001353,f89af5d079ef5fee91303db58536efaa2561288919d4cde0b42e1ae569862816,pending,,,awaiting explicit learner-level review before release
klose,4,KV001354,b091df3d761b3bbdfc6cf44ed6a7ef93c4a84e906d6d4aef4e11e33b371b3df2,pending,,,awaiting explicit learner-level review before release
klose,4,KV001355,331b648a983e8fd370a0367880565b60ff6b92899c4aa8a2af51c1d546271b54,pending,,,awaiting explicit learner-level review before release
klose,4,KV001356,fcbc3a5cff39f6499ec4e8d982c52a04fe7d9896e1da30cb8ad1fda2b1701ba2,pending,,,awaiting explicit learner-level review before release
klose,4,KV001357,339ed9fe016d6aa0534377561ce0e18e8388f7a16a7fc5339fb5cc3ff579656f,pending,,,awaiting explicit learner-level review before release
klose,4,KV001358,8ba64df0f1e252a58c32c57fc01c035b21b8d07ace40ba39a592feb80ed19e37,pending,,,awaiting explicit learner-level review before release
klose,4,KV001359,774c47a50b6408abedb26bf2e7b551d6f465fea2c6c0ccfbc3a07fcd7aa4b002,pending,,,awaiting explicit learner-level review before release
klose,4,KV001360,f7838a99a5e2911c91123791e3915f8830ebdbba69720bfc663a6121cb735786,pending,,,awaiting explicit learner-level review before release
klose,4,KV001361,aae53511ac34d228e1b2b428375b1bad4a2b93b513a1b38d8126531d41ea2755,pending,,,awaiting explicit learner-level review before release
klose,4,KV001362,82c733018a026b1b057cdbb4a73baa8956a072d04d30368b1ea26160b791f76d,pending,,,awaiting explicit learner-level review before release
klose,4,KV001363,70dea023beb2191242c8ca45c412ac6362687cf0b708903ee8c6323f238fac7d,pending,,,awaiting explicit learner-level review before release
klose,4,KV001364,e0134b6e5937b889ddeafeda0d9309055af5aceb70f75908db5a531568fb8eca,pending,,,awaiting explicit learner-level review before release
klose,4,KV001365,b0c86e8409d2d095efbf109d0630bc025f28857cd6537f37dd487bd123cd91e8,pending,,,awaiting explicit learner-level review before release
klose,4,KV001366,1c28256f165952e87d174027f78a72cbc9ebd7fc67c13a2f4ea64890eac4da8b,pending,,,awaiting explicit learner-level review before release
klose,4,KV001367,ff07969b8b10a38792bff3683002c0c1c6db9caea2756f90dad3c37c0ec4047e,pending,,,awaiting explicit learner-level review before release
klose,4,KV001368,5d7f6afc2f11521a37d2326401a535396c94e70d40f2308f57f61be83219d2a3,pending,,,awaiting explicit learner-level review before release
klose,4,KV001369,c7d489b193471b5b5cb895e3303e1194bb5e849ab32aa3ec728328edce6f45d1,pending,,,awaiting explicit learner-level review before release
klose,4,KV001370,cc5446ab82afcb8d93e5dc06e42fe2ab0e4dd4561df9ec25423754cdc120e32c,pending,,,awaiting explicit learner-level review before release
klose,4,KV001371,5ba07b388e5bd545f755d8a5ae045f27184c0a991dbfa126513c3cc85929c053,pending,,,awaiting explicit learner-level review before release
klose,4,KV001372,01023492c829585211a59feb29b90331a7263af018f5cbeef765390c82833663,pending,,,awaiting explicit learner-level review before release
klose,4,KV001373,ae0fe115e44b86a4248f8a1ae2cceb154299be5d187a7f5aff0c8ff9bcf22f1b,pending,,,awaiting explicit learner-level review before release
klose,4,KV001374,6512576b99eededfacfb1304b5f6607556e321808625d7593f378246b8b92072,pending,,,awaiting explicit learner-level review before release
klose,4,KV001375,5abe7faa64c7754d6ff3171bed111e975a70674da697082699bc328144575895,pending,,,awaiting explicit learner-level review before release
klose,4,KV001376,9f7c72dd965c6540ba955b49d6e67f8216bd79da989125b0b4e3d281f320f679,pending,,,awaiting explicit learner-level review before release
klose,4,KV001377,ec0d9a7c97b2ab1fde09baad6b0e112425d5e8cd089261a03f828c987dd42572,pending,,,awaiting explicit learner-level review before release
klose,4,KV001378,02638b21d5625c1b600420a84940f5100e58a36081730115e80d5006e320338e,pending,,,awaiting explicit learner-level review before release
klose,4,KV001379,b01d6a5362613236c34cc4cef1d37604768c1b0756bed35acc0e6ffdd9852c91,pending,,,awaiting explicit learner-level review before release
klose,4,KV001380,b22a0ce29406888f9544dc6f0124c50f35e29183cf9ecbf6efa34345af2e9691,pending,,,awaiting explicit learner-level review before release
klose,4,KV001381,640a5fc81f52ffbbad37ea4e8eb5592b71381f916c94f0c2ecf22573f6231b5a,pending,,,awaiting explicit learner-level review before release
klose,4,KV001382,f5049992174cb4b4f0425fc7916454d7b9143ef0d54013117f0318a5c757776e,pending,,,awaiting explicit learner-level review before release
klose,4,KV001383,b7000e9f237106d4b72d55856cd7c20ea9501bef50330d36f4506aab8f4503fa,pending,,,awaiting explicit learner-level review before release
klose,4,KV001384,8470de4544be54c91772ea0ac0e78828b5273fb7b376b50d806fe9ea1b58ac0e,pending,,,awaiting explicit learner-level review before release
klose,4,KV001385,193180ceb69d089bb25e9deea4591f7dadabb8a203f608cd5cac30f375d97509,pending,,,awaiting explicit learner-level review before release
klose,4,KV001386,c81fe1458faa94316820711211d2d925116e99d55e9018a72006e644eab04bad,pending,,,awaiting explicit learner-level review before release
klose,4,KV001387,414b0d370f7f3e5513979da6cdbd0a7c0b69f49c0ad8827e7c72bbaf5eeb0c0b,pending,,,awaiting explicit learner-level review before release
klose,4,KV001388,bcf69fdd0b136e27d49a447f82c1e3f891ac481a1ded6bf58427285de723cb66,pending,,,awaiting explicit learner-level review before release
klose,4,KV001389,2ef115267938f5a02f6defae1eceb9f1832dbbf66bc7a27599bcfa0dcbf2baa9,pending,,,awaiting explicit learner-level review before release
klose,4,KV001390,94f8e72208fca4bb81ae25798878ab839197ab63fbd3cf43df799f9dadb7165f,pending,,,awaiting explicit learner-level review before release
klose,4,KV001391,fdf4fb9a29ac5fb559253254ee650200cdf3131ce13f4f9d5fd3a30f8388ccbb,pending,,,awaiting explicit learner-level review before release
klose,4,KV001392,6fe4b6d6ce13ec79e68380d2b41c941dd7e0243c8174277241d37c61d041b733,pending,,,awaiting explicit learner-level review before release
klose,4,KV001393,2d98e299f494c7b5201e5ea29ee0e94ae939a4f3717f7b1d352c97e6e06ca33b,pending,,,awaiting explicit learner-level review before release
klose,4,KV001394,57637b30cfab6e60c9f7b7318fbac0c8bde780af2b052c2715657e49b27996fa,pending,,,awaiting explicit learner-level review before release
klose,4,KV001395,59709b671a53c53cd898d6af904d98f10daa2493ed0742be67091068bcf5c6e8,pending,,,awaiting explicit learner-level review before release
klose,4,KV001396,5f58d76c936385d0e2922ef9f71e5e97c6a5a68ebbb3d3b50360c41f1e1e6b70,pending,,,awaiting explicit learner-level review before release
klose,4,KV001397,25053af3096c50905b24d18c3a6e70b0562b8bb2c3e3cb6f537aa078eab531c6,pending,,,awaiting explicit learner-level review before release
klose,4,KV001398,b2864af00d09fedde28c1400e01c1be7b5dd92de1a4c050fb4a3eb001db9a802,pending,,,awaiting explicit learner-level review before release
klose,4,KV001399,511cca2ea5090b1a39606bfb2775edae627e8685bc96634f20fc769726dd8f4d,pending,,,awaiting explicit learner-level review before release
klose,4,KV001400,3e2c30f0db45012575d406ef7fd71d800d316db299b13e8d3b08e0747d02b99c,pending,,,awaiting explicit learner-level review before release
klose,4,KV001401,f2675ae96acab549075389d01054bc98023fa1732a4f61afb25e36428290f93d,pending,,,awaiting explicit learner-level review before release
klose,4,KV001402,c7ad24e26b1cddc036a08283e1288f9f5d29013d9bad3ff73f3371429bfb1040,pending,,,awaiting explicit learner-level review before release
klose,4,KV001403,3f76f2d349706d592ca2d90913983b1eaaf4612a403bdefdea43f84c0df42ff0,pending,,,awaiting explicit learner-level review before release
klose,4,KV001404,9cc981f1d727866dd3fc6d014119e177f415e565b40ca01c09e8dfe7f31c88c6,pending,,,awaiting explicit learner-level review before release
klose,4,KV001405,96644476bed53d1846a877b9c7cdfefae68a096d389b68874005f8742c0c5fe2,pending,,,awaiting explicit learner-level review before release
klose,4,KV001406,0eb746d050e7958757e9ae5b229076c49176f810df566b7fa6151a156761023e,pending,,,awaiting explicit learner-level review before release
klose,4,KV001407,c0fcedf1973ba8db5bb15d5f5098d0fc5489342a5c7c70e2a43fc751f4bae352,pending,,,awaiting explicit learner-level review before release
klose,4,KV001408,c8ea0a5686b84cf8c8aa92b874c9849d951178382c5a24f203c2180aca8f96ba,pending,,,awaiting explicit learner-level review before release
klose,4,KV001409,33d6a6ce1ec0aabc71eeb158f7348d1533a036f12944745a8e91f9b59eee86b2,pending,,,awaiting explicit learner-level review before release
klose,4,KV001410,700e05a9c841d6c55a1f81f2c3c41a13cfd079116ae986db4717f1339d4759c5,pending,,,awaiting explicit learner-level review before release
klose,4,KV001411,c1f8d2b7d13f4a76e6317b0efee498e4f0d0fc234092f1229d4249e8ae9e5677,pending,,,awaiting explicit learner-level review before release
klose,4,KV001412,822a78727bad5eb6196b368ad48b5f78ab388f53b15b7c77c1fbf5c76aa77f97,pending,,,awaiting explicit learner-level review before release
klose,4,KV001413,0ca9ef66be64322d922ed73f385f7ae3f60acb432f3dddabbbbfd29255496536,pending,,,awaiting explicit learner-level review before release
klose,4,KV001414,8f8401428db3c56f80cf01f844d79ece0cac129c3117cc9ec02f68961832c69e,pending,,,awaiting explicit learner-level review before release
klose,4,KV001415,65f87e4dae46f42681f33d93d4d7d8ae77b92f3ca70aaf26b020348246d07fe7,pending,,,awaiting explicit learner-level review before release
klose,4,KV001416,7ea48de2d1bcf78a39868ba77a9b7da3dc80111e15eb83a8cb31277ba3a9c7ae,pending,,,awaiting explicit learner-level review before release
klose,4,KV001417,5ffd1d307310ae0c631e89c052f41530e9decd9a7fce29ceb0e9664a2609d709,pending,,,awaiting explicit learner-level review before release
klose,4,KV001418,de37027ae9853a23fa5a338a809c9238d40e2f68625c82d92424800cfd0a1ed8,pending,,,awaiting explicit learner-level review before release
klose,4,KV001419,822d040bfa39ef56a69d93787ae893a54b2e9a95701ded194402ab2255de1ad3,pending,,,awaiting explicit learner-level review before release
klose,4,KV001420,e3f1efc5ee7d94e3ef2603dd4672e54804121bd2f800e9957aa4aa890e0804f1,pending,,,awaiting explicit learner-level review before release
klose,4,KV001421,b82035a0106b5153a99817f6c08b829d95a4093f5307c6e6fa2b5fd89d790943,pending,,,awaiting explicit learner-level review before release
klose,4,KV001422,1f936d809fb3b47ae6f3325d84c46c7b4794a4eb49731332af8a635025a27f32,pending,,,awaiting explicit learner-level review before release
klose,4,KV001423,d2d8304941068df019af5bd330c0a40654b76aea5143c112281fbca0745b0ae7,pending,,,awaiting explicit learner-level review before release
klose,4,KV001424,f8bc0d0a9d360f3e667d79aace05135d8c69879bdae211956b5994fee50de0b7,pending,,,awaiting explicit learner-level review before release
klose,4,KV001425,f36c1b58c25035dff634bcb8cdf5d2ddb730a5e71241eba0b62cad75711e1d6f,pending,,,awaiting explicit learner-level review before release
klose,4,KV001426,d0942dd9c177beb9a784b2d84427a4ececae0f76cefc18e53df636122bb9617e,pending,,,awaiting explicit learner-level review before release
klose,4,KV001427,18d1dab849e15dd05a0cf6274e7533ab86173809ae11e1a0d62b691b3872e083,pending,,,awaiting explicit learner-level review before release
klose,4,KV001428,e72436aa446efa8ccd119b2ac041a5dfec810161a7fcf874d9d6fecc1e50ef82,pending,,,awaiting explicit learner-level review before release
klose,4,KV001429,e87a4434a1c1b128bee15245cc480d9c36d1c0171f260dde57a098695f8a14c5,pending,,,awaiting explicit learner-level review before release
klose,4,KV001430,d9990732b4cd21e14a3395415e101807e13a59045af3de19f51df5f290381324,pending,,,awaiting explicit learner-level review before release
klose,4,KV001431,fb875536713bc9a11f4d8315dc3677bcb60fb232ef8c778e23fccfcfb14b497b,pending,,,awaiting explicit learner-level review before release
klose,4,KV001432,410131a040db1a3a39c12e5fa1979edae2e0e447929998e5692fc9d08d0bdf19,pending,,,awaiting explicit learner-level review before release
klose,4,KV001433,b439ed7a3a19614aea06379e0ec4645aef3804b0d1649e7294063f9a31c6e722,pending,,,awaiting explicit learner-level review before release
klose,4,KV001434,1d799951f798e582599a532dae9fee84a2e616253f85c75c4fd0c6de55d58f2e,pending,,,awaiting explicit learner-level review before release
klose,4,KV001435,14270226b09f1807cf5760929a8202f3f04998d66bca663152587f0b66c26c95,pending,,,awaiting explicit learner-level review before release
klose,4,KV001436,d98432348684810c61616fa08dcbdddbbda12fe6c1dd2d9fec08ebf57854e3c4,pending,,,awaiting explicit learner-level review before release
klose,4,KV001437,f6a021dafff743a98b09b63f2885a9470a3ad69d1f7bcc44a595bff515e98fff,pending,,,awaiting explicit learner-level review before release
klose,4,KV001438,70cdd3179087d9293472341a5eab7b851d839efb5fb2be64499bdffcf0ce0aca,pending,,,awaiting explicit learner-level review before release
klose,4,KV001439,c4477658834cc0325f646810a284520247ee712886d8fdbc17ea871b668da4da,pending,,,awaiting explicit learner-level review before release
klose,4,KV001440,9285924370fbd334acffa3a5b8e634a06343604df16a00002367949f9df5960a,pending,,,awaiting explicit learner-level review before release
klose,4,KV001441,58e01a38b12754378c94e106045ee08358836a7dc5fb0108566470918aaa0d41,pending,,,awaiting explicit learner-level review before release
klose,4,KV001442,1219f70ad113cf5141bb20ab41211464f462f4bb66b635662c32c2dd8c81d5ad,pending,,,awaiting explicit learner-level review before release
klose,4,KV001443,7b1da0d84a4eeac091c593716fe6fb372a7947d874be66f2a7a47d1c1955d68f,pending,,,awaiting explicit learner-level review before release
klose,4,KV001444,51f08596686b90821aa8c1dc219e73575c7001608234e189bccad66a5cec20b3,pending,,,awaiting explicit learner-level review before release
klose,4,KV001445,9d045b9cf4a9f487d0ae066cd9a58978d4ba0fc7c8222459becb09f3d4185f1a,pending,,,awaiting explicit learner-level review before release
klose,4,KV001446,72146b72e839aa143c1edd7d1eefbf2e824c7b62ef83e71a4f5313cbee4b0028,pending,,,awaiting explicit learner-level review before release
klose,4,KV001447,78a0f3fb24d2f7ba897d24fd017dad10adfe10fdaa3eb2390b7ed7f255cd172a,pending,,,awaiting explicit learner-level review before release
klose,4,KV001448,d2715aa2ce6366c6725f235a9f02fdc2a0c97af617f43a054a23214ad1fbd765,pending,,,awaiting explicit learner-level review before release
klose,4,KV001449,ef6f09c24466cd0fa7350463bc4511a6284e727cfb1d6bdbf2c0dbe1bef55de0,pending,,,awaiting explicit learner-level review before release
klose,4,KV001450,9eace14a76b5c67b485d53641ef4e4f5248ad4bf9223bca0eb056e302b902ff8,pending,,,awaiting explicit learner-level review before release
klose,4,KV001451,6fb7a22b9568d2b50177142da3c066598d56125e11353f54a412db7ba35c2cd7,pending,,,awaiting explicit learner-level review before release
klose,4,KV001452,d1b0ef654a0e6b58c371bf16dd8785b70cd06c22313e8dd88ad941aae03e457a,pending,,,awaiting explicit learner-level review before release
klose,4,KV001453,474935abb00385dcb9b059950a41dbcc0e1dff90bae9f062bdd3e5d34b6315b9,pending,,,awaiting explicit learner-level review before release
klose,4,KV001454,62d6ba229887811b8a5b8682f9556f2b417441fcc5878ab10bde2e9a5b622425,pending,,,awaiting explicit learner-level review before release
klose,4,KV001455,10b0b61160ed9ac3d1e1b6bd948b214300b35d534addea659dd9245da33f7263,pending,,,awaiting explicit learner-level review before release
klose,4,KV001456,21d83b6582bbc93e2298c374472aaf0db9873c4f5a3e3dc0f8279a6c32170d15,pending,,,awaiting explicit learner-level review before release
klose,4,KV001457,5bead922fbd555b5b3667525d50c49780de6f09c95d20d2325ea934719543967,pending,,,awaiting explicit learner-level review before release
klose,4,KV001458,eaffc6857c34a623beae05ddbdd3fc73bb64209691791d49c6a514280a66b1af,pending,,,awaiting explicit learner-level review before release
klose,4,KV001459,7209c227cfc85ab7bbfb417f0eb6ec0b00576cd37fca1732b5d044bbfb8b10eb,pending,,,awaiting explicit learner-level review before release
klose,4,KV001460,41aa918d74752a00cbe450a5643c491c1fd0ed6d938c921d938a34423e847500,pending,,,awaiting explicit learner-level review before release
klose,4,KV001461,4f731cf62fcc77204f851aa413f32cb17cc17a6694f12eecbef968b5cee3e2a3,pending,,,awaiting explicit learner-level review before release
klose,4,KV001462,03769d41ce52114922ab50e9fb30987df4124f2088a4e95bcf2bca83a6fc5871,pending,,,awaiting explicit learner-level review before release
klose,4,KV001463,21d2fd955c49aaf4239ccf51c12e43b5d9ef2616bcf801b9ee6ae7ef0f613a14,pending,,,awaiting explicit learner-level review before release
klose,4,KV001464,e3e51445f9089bdb78119e4141a9a705ab4febe5682814749ef6efe6ade3b0f8,pending,,,awaiting explicit learner-level review before release
klose,4,KV001465,a0f74814d84666e3c4c441c51edc24dfd6e7993508120d85f6734d59022f049a,pending,,,awaiting explicit learner-level review before release
klose,4,KV001466,a9ce2fbf099de71c11aa4dc4cdfcc22773b6b7f6b8186b8e6b008ca5b2488756,pending,,,awaiting explicit learner-level review before release
klose,4,KV001467,9364e5758833f7c12941cc21f53cf93201ca5f8f8e16eb72a9f195ce0adb7623,pending,,,awaiting explicit learner-level review before release
klose,4,KV001468,41aee07c0c43b9710fba09d93ad0c153c8a3c2b118282287f4376f4320ec01e9,pending,,,awaiting explicit learner-level review before release
klose,4,KV001469,e36e24a2f422985147ff5a140ed824e53d0616e7bca47cfc69c56f527c299dd7,pending,,,awaiting explicit learner-level review before release
klose,4,KV001470,7bf1e342c40d0960e1f3f075840ca3f3767c8c6f8f82ac9850eab11b4a016611,pending,,,awaiting explicit learner-level review before release
klose,4,KV001471,b8275bf829911793d440dae27aa42bacb0d96bc0b515b4a8a80fee72139b4367,pending,,,awaiting explicit learner-level review before release
klose,4,KV001472,28a01ea202e7541ea53105c62d09f83ab2ddf4e3297c61946dc7c45b97e37797,pending,,,awaiting explicit learner-level review before release
klose,4,KV001473,3e4184c121e44240350d62494e948afa2209dbb39974947bf8ff334a325a7258,pending,,,awaiting explicit learner-level review before release
klose,4,KV001474,f368063daf5af6a185a36330f3bb31a3195d47b1cfa80d8328b897f6ea0704bb,pending,,,awaiting explicit learner-level review before release
klose,4,KV001475,b3df2daec446a2e50c9c3a75250c308141d97bbd75b8daa0b3d8e41ee46e3680,pending,,,awaiting explicit learner-level review before release
klose,4,KV001476,afdbbffa570b46c4259522c730e1255f8e42fcc4025b31f2a24feac204ba192e,pending,,,awaiting explicit learner-level review before release
klose,4,KV001477,12e023d6ac23fa36eaf3c2a7f50256c68e7327a29a886f2b8b06f0a03cd78395,pending,,,awaiting explicit learner-level review before release
klose,4,KV001478,49aae1f1356338dc8e40acc44f55a7ba7faf17679a5a505e051cf93d4a47183e,pending,,,awaiting explicit learner-level review before release
klose,4,KV001479,115b144f1390514f09e3a3af9c2477974358a8db16cf7e8bed7b6f75c36d3d2e,pending,,,awaiting explicit learner-level review before release
klose,4,KV001480,7ed0980d02041fa9beaee74476ec37cdad6f7d9e3c7b8ffde70c4a6bb78048eb,pending,,,awaiting explicit learner-level review before release
klose,4,KV001481,31a226b4fc6df48a354cf737ddf0e3d3824f021e7b87271b70e0ec2c0035c645,pending,,,awaiting explicit learner-level review before release
klose,4,KV001482,fd644ec4f9d4d05ea0f76aef10e67978a62915e05646552ca85420f98447be68,pending,,,awaiting explicit learner-level review before release
klose,4,KV001483,57aefd833280107ebde5f51cd3b156773eb57b333644f9750ca87a6f25906ebf,pending,,,awaiting explicit learner-level review before release
klose,4,KV001484,78b32719a22f8cd01eec43fd0b0ea44449ccd33814d9cd71e1cade60dcc6e485,pending,,,awaiting explicit learner-level review before release
klose,4,KV001485,2833b27be9addeff1bdf652c07ea21e9c4caa4429b5deda5537ec623501afa0d,pending,,,awaiting explicit learner-level review before release
klose,4,KV001486,75595721f12c387c72847dc72b05ab43eed6ead4ab069fbf134f92519938ff93,pending,,,awaiting explicit learner-level review before release
klose,4,KV001487,d0f7ce1045e9c18c64553d1a8fc8e975024479aa24c997d4cfe427f754fdd3d2,pending,,,awaiting explicit learner-level review before release
klose,4,KV001488,594d4d7d4eb17d8fa2ac9d594e199be7131d6143c2a0b736e230ad1b7b3962e7,pending,,,awaiting explicit learner-level review before release
klose,4,KV001489,df42d0f3cd87b3e96ee2eaf530aae0fd9aa29f5df57d5db43fa0b52852b98d05,pending,,,awaiting explicit learner-level review before release
klose,4,KV001490,53b432abf6044833ef28a3e5ab3403cf02c854d7436384905525cb842d671a7b,pending,,,awaiting explicit learner-level review before release
klose,4,KV001491,2f30d6e03cedbe5f78a85f9c848764edb7e74ca96122469ac24d967224370c52,pending,,,awaiting explicit learner-level review before release
klose,4,KV001492,ab2b2197ae9cfa02e135e4a931dbec099489b1ca77d8a94abf1be28b8935414e,pending,,,awaiting explicit learner-level review before release
klose,4,KV001493,784db0a7e0c1e3849703b55698ac3a3150f0ef70bc8fa3df80234bbfcf15e690,pending,,,awaiting explicit learner-level review before release
klose,4,KV001494,4813d85751355597aa8400b7e115d65157c5b77935614686aaf5474f58c58fce,pending,,,awaiting explicit learner-level review before release
klose,4,KV001495,922413e029011f905ee9a1bd3dffd94275016c09d0a5375ab8333d6e0c3ec8c5,pending,,,awaiting explicit learner-level review before release
klose,4,KV001496,bbba208fc9a3bb3f552eb613cb1fe025ee95c85240abb0b8e37182807301c064,pending,,,awaiting explicit learner-level review before release
klose,4,KV001497,0c5c4f3dee10207952b3095f1d549e39796209e443c41bdfb9ca044a3a4c1b63,pending,,,awaiting explicit learner-level review before release
klose,4,KV001498,c584bd603861f3c9c9fc4514913a4ffc177d824a2db02d801018d2577b776377,pending,,,awaiting explicit learner-level review before release
klose,4,KV001499,797b64b55d929e59a11a449158b5f4b677f6048b8e426ae3e4cb499793303a06,pending,,,awaiting explicit learner-level review before release
klose,4,KV001500,f165c730f7cf08e870daf7d7cc9b796ef51e1363083c01b2ced2dc1d48e08942,pending,,,awaiting explicit learner-level review before release
klose,4,KV001501,4aece28bde55dc56ebb79d2f54051e04efe386048ff4461799a8a98502bec977,pending,,,awaiting explicit learner-level review before release
klose,4,KV001502,88c49337db711496a630d69f743d7e2c2559d361ec1e4d86f8626dd5da8a014a,pending,,,awaiting explicit learner-level review before release
klose,4,KV001503,71e1735e1cf78ec1164cd62392333c6c008586b5a0784aced604d4086454dab3,pending,,,awaiting explicit learner-level review before release
klose,4,KV001504,c181b7828fef846113efcd11339a56f59597e48a7007b681a6c9b7ef9a05a824,pending,,,awaiting explicit learner-level review before release
klose,4,KV001505,3202614b60d7bba68e0545b9218080782613cb4b710dc59f67e93dc66d252e9b,pending,,,awaiting explicit learner-level review before release
klose,4,KV001506,552ab68994ee00340eeb53d352bacee378cbdf92fed045d71dc76f9976cc35e2,pending,,,awaiting explicit learner-level review before release
klose,4,KV001507,dccdc2439656a6fa90610f0f79b5427f199cc923876e8d5849f29f8614e18aa6,pending,,,awaiting explicit learner-level review before release
klose,4,KV001508,56de28dfbcc80c0d69150f26fe5eeba05e4d3110f2337d73b23fe4acdf7cfc8e,pending,,,awaiting explicit learner-level review before release
klose,4,KV001509,3df19a9b8ab33c41e5da2e28c5077e0f56a03ff053a10d7dfdf0477dcd22efdf,pending,,,awaiting explicit learner-level review before release
klose,4,KV001510,86c6930ce08da83fca1cc5d2811d12a57f52c54fa4b4672e2de5586c9ef9e53c,pending,,,awaiting explicit learner-level review before release
klose,4,KV001511,91f7fc185961d82f180479514b96990ee302d428daacd392b2eabfa6c40eeab9,pending,,,awaiting explicit learner-level review before release
klose,4,KV001512,a534c0c49e23f4249d1a88d64b9f85f8471e553175a9441a03d6e1e5ee5aab8c,pending,,,awaiting explicit learner-level review before release
klose,4,KV001513,0a92bab4c6686f17118f76e5a69993f85f1b536f6c536647e2f49b23bc89a76a,pending,,,awaiting explicit learner-level review before release
klose,4,KV001514,0e1d3a0167b6b666c7ede4d430a6f079652996e8ef02ac310c42ad63a5096088,pending,,,awaiting explicit learner-level review before release
klose,4,KV001515,050b58c499323a607e3ec9689a03bb5134f8fdff8cbd1ade7519958b1a1a1781,pending,,,awaiting explicit learner-level review before release
klose,4,KV001516,dcb3646b1081780fa7a8fd7fd8464df7f624aeda8618c2cc4a4b3224310d4425,pending,,,awaiting explicit learner-level review before release
klose,4,KV001517,31a8cc16c2505734f3850a7899aa2cfceeac4c7ac190eed8c4097eea61975fd1,pending,,,awaiting explicit learner-level review before release
klose,4,KV001518,adf75d227bb804004bfaa38ad5dc462bb30f8e8de75ab85572992b3021100f38,pending,,,awaiting explicit learner-level review before release
klose,4,KV001519,7411220569e222ef4546b988c7faec033505a72f68818c044a5ec517d6f69ad2,pending,,,awaiting explicit learner-level review before release
klose,4,KV001520,5e3d4fea6ef7f7abc870cdd72c72e2bbbfbdc5d94e130047b3b5755d07d95de9,pending,,,awaiting explicit learner-level review before release
klose,4,KV001521,7deae7a74aa25806fc9ae112859e1bb6a71ce35dd1e25bcc00f79f9b10b34681,pending,,,awaiting explicit learner-level review before release
klose,4,KV001522,d050163266cf35032e462d6481d90f428cf9da78f34370c0aa7c9464ce60cc1f,pending,,,awaiting explicit learner-level review before release
klose,4,KV001523,a2e76629fef20beb18593c111e1427796f09ff6b22e5619dea68216638c891b5,pending,,,awaiting explicit learner-level review before release
klose,4,KV001524,b8aa215202105e2adabf12c68ebe8613c3edb4cb8b1ea4d5441d6b9671d45ada,pending,,,awaiting explicit learner-level review before release
klose,4,KV001525,e64ee73d55b090fd5119d0fd95df1d8674e710f31db696d92f98e42422fb5b86,pending,,,awaiting explicit learner-level review before release
klose,4,KV001526,8ae891183b97cc136787d7965ba180e53a894e56ad7adb7eefbdf81b04137635,pending,,,awaiting explicit learner-level review before release
klose,4,KV001527,7afb26d44b76f5de63281b29df0a2a80a97fa4fb39e8c127bdbb0a87a63ed3db,pending,,,awaiting explicit learner-level review before release
klose,4,KV001528,2ee1c77f5ee95c66821a9b226bad11a3006241ae418aa8ab8b89bcf6d7eeb923,pending,,,awaiting explicit learner-level review before release
klose,4,KV001529,04aa47c679876b4aec2eae4b5d5a1385504e41dd614bb2d18673f4a0cc91554a,pending,,,awaiting explicit learner-level review before release
klose,4,KV001530,95dc7a57cacb9246517e962fbd5395df1c1908b99ec9520a29901163cc028a0b,pending,,,awaiting explicit learner-level review before release
klose,4,KV001531,0dd26ca67b33fd8728a0f0de4ea4f4b15a516f51f81e62470441f02aae6a6554,pending,,,awaiting explicit learner-level review before release
klose,4,KV001532,585d835897f6e1ee7eca87f2296188d4af814bbf6eb8dcb6e887c33e7caaf669,pending,,,awaiting explicit learner-level review before release
klose,4,KV001533,8788724f363c051781930c372b27b39fdae401e85eeaae14ffc39e7289fc70fe,pending,,,awaiting explicit learner-level review before release
klose,4,KV001534,3c1d8ade19fd5e07fa4d9e3d5e214ab8b075cf6bd2aae4ca79a8f6c22e26ee10,pending,,,awaiting explicit learner-level review before release
klose,4,KV001535,8f9afdbb890a3c822656373aeaad7803100e0e4a17b84f6af30517df02628a5c,pending,,,awaiting explicit learner-level review before release
klose,4,KV001536,328712f7bbb64e2bc4e8d92afd1ada6962e4a0ae2adbf333f7ef154511535270,pending,,,awaiting explicit learner-level review before release
klose,4,KV001537,e7d593bb907330918035c25299abc2592fd161184a0abbe4d43a2850f0f48e8f,pending,,,awaiting explicit learner-level review before release
klose,4,KV001538,ab9da16c9371069a8cb3b4afddcf98636ca73ce67156146cf5bd16c48c2c67a2,pending,,,awaiting explicit learner-level review before release
klose,4,KV001539,d3ff7414fa85013180b4da034bfe37e8ea08af07c76b6dbbb4b605338611efa1,pending,,,awaiting explicit learner-level review before release
klose,4,KV001540,bd31d56d948e79b21e3a43006606f6052e459484ff4ad95553c2e38e6da962d6,pending,,,awaiting explicit learner-level review before release
klose,4,KV001541,c293c35454af93d0c86bd4de0059643d51a31e19dcd95c3afde331df1de9efbb,pending,,,awaiting explicit learner-level review before release
klose,4,KV001542,2211d2d501a037abae14ceec1812004799fd01026c540743157e5f6b2923b8a5,pending,,,awaiting explicit learner-level review before release
klose,4,KV001543,a48041bb70b2ddabe6ce59d9456448bec038f31317fd708b267fba68e2ec9c85,pending,,,awaiting explicit learner-level review before release
klose,4,KV001544,97c57abf92d7b6c38b02c23d815191d0e602aad5a718f8af119276ebee336fdd,pending,,,awaiting explicit learner-level review before release
klose,4,KV001545,37f2a08d7f2a35cda62bac0659dcb05eab2bcc0bf59ff118cd5b76c93ce79652,pending,,,awaiting explicit learner-level review before release
klose,4,KV001546,b0290d30c095ab23679439cb3fac5cd00d1106fb759b316ff51a4a5e821c9be6,pending,,,awaiting explicit learner-level review before release
klose,4,KV001547,c12dc4e88e86725b7ee8de4f36b716fe68882b2e9c374ffaf48c8cfaf131d6da,pending,,,awaiting explicit learner-level review before release
klose,4,KV001548,0b853063b28a9b09053e8e4218f35c1f310cc6ff71fb9e6233533c87559214c6,pending,,,awaiting explicit learner-level review before release
klose,4,KV001549,7d3e8143c1d736fa8ad4455c1e7d39402c3f1c9165ce171db8bcce7e8c01d0b1,pending,,,awaiting explicit learner-level review before release
klose,4,KV001550,0a5a48bf2f9a21d913f4a77fd519cfc2604a5dd67c5f5f8e0091e170aa428683,pending,,,awaiting explicit learner-level review before release
klose,4,KV001551,a525712604053ed3dd98b0313ca602198959158a428151a5f7ff720ecfb85887,pending,,,awaiting explicit learner-level review before release
klose,4,KV001552,272953cec47f320c948fa9bb443c4aa3b717e08ca70dc028545d5979cba2168b,pending,,,awaiting explicit learner-level review before release
klose,4,KV001553,39b546972afe6b199aaa138a026991a4f2b8328bbaabf5a1d719edd2c67982df,pending,,,awaiting explicit learner-level review before release
klose,4,KV001554,94096f1c472eaec9f3b15a72b20a9345f775abfe41b66e16507936dc93a5f0a7,pending,,,awaiting explicit learner-level review before release
klose,4,KV001555,be1e25bc13def5dc7fc3b2f7d0976b3ea69a1e200ee9097aa025c14386f27a49,pending,,,awaiting explicit learner-level review before release
klose,4,KV001556,d9d20b9ad5b625fd26ec88e0e8e3c234b71c66872089725647db9487a30b9379,pending,,,awaiting explicit learner-level review before release
klose,4,KV001557,2ce5ca57b428c86c739c837a1b1f668421734a9cc5a4ad4bc5914a904bdbde20,pending,,,awaiting explicit learner-level review before release
klose,4,KV001558,bf3e9be656b4a6cb77d4cf3efaa2114f427123ff38ee204802aee7e6a2c82966,pending,,,awaiting explicit learner-level review before release
klose,4,KV001559,9494c51982d89c6924e9f4192bd1a1fb6e8bce8653da5e438ca3169293751b16,pending,,,awaiting explicit learner-level review before release
klose,4,KV001560,8cc7e7a7742a7f7c3b4909f125048f3af2fea15f10996bcab93a1685617ec01c,pending,,,awaiting explicit learner-level review before release
klose,4,KV001561,41fa9aa27c1c9e90a8a1d000c524e96c13c570ec7412038d984e415beb6cf22a,pending,,,awaiting explicit learner-level review before release
klose,4,KV001562,976f9e3e131d4d890f5f0aca1e984ac69aa4d98ef466ffc3a1ab04a127492b5f,pending,,,awaiting explicit learner-level review before release
klose,4,KV001563,f362eb3dc8b47595a026d3475eb22439cc809ba631a2e5e4c296a1e8dfb2f5e6,pending,,,awaiting explicit learner-level review before release
klose,4,KV001564,49bdeb74799a59914577420eeb3b2bbdc91f06f1e6d3cc689ecaeadcc7017de9,pending,,,awaiting explicit learner-level review before release
klose,4,KV001565,6f131e57d028730231cc5d3aa58d0e29dc52f2a4aa4d557e91652932cde38e8e,pending,,,awaiting explicit learner-level review before release
klose,4,KV001566,7fefee26986aee116225952b54ad8dfd87a5c46d71c9c3364e2d4f43af5ccc60,pending,,,awaiting explicit learner-level review before release
klose,4,KV001567,2e8a9e5cee6b925c5f156ecaba765c1e1777ff225da3e6ed1d9168db9e18936a,pending,,,awaiting explicit learner-level review before release
klose,4,KV001568,68a42639c7f339ee660f9445bf257e2b88f7914a8a43e4e19ace740bff3c0e68,pending,,,awaiting explicit learner-level review before release
klose,4,KV001569,0587d63d861f3fab676a8e8df65bfc97e0f354f911aa9de2973f8758ad02316f,pending,,,awaiting explicit learner-level review before release
klose,4,KV001570,0975a4fddfb985dff1e15e065fafb9ce605fa5f53f92689a423ea8f759962aa0,pending,,,awaiting explicit learner-level review before release
klose,4,KV001571,5074fbf28ad5e60ddd58b6459af0044ba7c8a265d33df92c1b2590ddbe93c330,pending,,,awaiting explicit learner-level review before release
klose,4,KV001572,20a4034979c6853b4aeb6b3ad537c466115df183dba94a44f7064bf974fc31ae,pending,,,awaiting explicit learner-level review before release
klose,4,KV001573,0b81c7383946c74549b484df9f1d2f6193c428411b362c5620aa39ee77c9f48a,pending,,,awaiting explicit learner-level review before release
klose,4,KV001574,3a038316904386d475db364636aa695820c2da6b9174fb9da57d9dab401d95ba,pending,,,awaiting explicit learner-level review before release
klose,4,KV001575,6e718eb483f2a434b58a01e7ef95d5419a466daa4f7fcddec4420e494b1a827b,pending,,,awaiting explicit learner-level review before release
klose,4,KV001576,885a9c54377906be9e05fcb191831049e229d335ac7257d86ae6406610ea49b5,pending,,,awaiting explicit learner-level review before release
klose,4,KV001577,8de88bd22bc550e0700a1aabb54ae04eae7cf49937ee9d94f40472f47a6db2bc,pending,,,awaiting explicit learner-level review before release
klose,4,KV001578,f351c2136c2471bfbddf949cff57111a6f55b5f16b092e01de4779f2ea35de9d,pending,,,awaiting explicit learner-level review before release
klose,4,KV001579,47e0f25c81a34a18829beec41bdc93f7b095fadd841ae42e0d1d0a2bca1b6d3a,pending,,,awaiting explicit learner-level review before release
klose,4,KV001580,a08932f77867f8be6c567fe7bec60d4a92fc643597b474f4e16856552603d4cb,pending,,,awaiting explicit learner-level review before release
klose,4,KV001581,70c088f8f6648e2896a9268e68e59871287f09e48319dee5ec1659b292d425d7,pending,,,awaiting explicit learner-level review before release
klose,4,KV001582,21a00af068a17659ffc87ba776a06ce0ffa14b8747f685a50bfb5f522c6d358f,pending,,,awaiting explicit learner-level review before release
klose,4,KV001583,a31867f81a3a5927b45c5eaa70f906cf5edf8ae6313190e23f8fe73399a56e72,pending,,,awaiting explicit learner-level review before release
klose,4,KV001584,f984beab8e26e26b17612db12646d502a52b84c405c66cf031074d710d59ee90,pending,,,awaiting explicit learner-level review before release
klose,4,KV001585,130876b283d7ea65a19fede077f3e5f17ca18d24e76de521d2c5058f200fbd08,pending,,,awaiting explicit learner-level review before release
klose,4,KV001586,1c32c584b1429a43a85cd3fc9483ab4f6f08c3740bd31b21f065c707faa0648a,pending,,,awaiting explicit learner-level review before release
klose,4,KV001587,c6762e546e190b2ca2c14b4359595032425ee5bcf640cc83016f61fe8a3a6e37,pending,,,awaiting explicit learner-level review before release
klose,4,KV001588,9dfeac6d3117c82a083e6d427594803d801f670aa90a846acab85f899881ae9a,pending,,,awaiting explicit learner-level review before release
klose,4,KV001589,806cdd398b6790a45ffc4b6e37666272fc2f442d736f32dbb57d82e3fc99d05a,pending,,,awaiting explicit learner-level review before release
klose,4,KV001590,7b1f08286fdee7789ddf2c6b70c703a353f9a954dfa52e9df6bc3373e9697533,pending,,,awaiting explicit learner-level review before release
klose,4,KV001591,88a487afae967179ce0131cdebb1460e738aa4893ce329d97c0c22476f15e471,pending,,,awaiting explicit learner-level review before release
klose,4,KV001592,56e603f7458bd4cb2afb550b08400b732ba305b69528e9f5fc095588411101b9,pending,,,awaiting explicit learner-level review before release
klose,4,KV001593,f3804dfd292a7d6b7ad9b4222775f8fc16fbf40a753d05ca78413a27407f76f0,pending,,,awaiting explicit learner-level review before release
klose,4,KV001594,febffc4a9662fff1edf0cf76f517fd00e1a8a834cc6f864bbfeae057abec1894,pending,,,awaiting explicit learner-level review before release
klose,4,KV001595,da4bec227bf2412ad052869d6dd18f0cd3efe92934987493c71b484084256e69,pending,,,awaiting explicit learner-level review before release
klose,4,KV001596,a4d42b7a60e54abe09d89515b94b33d750dd217bccfcc53c231e579326846aea,pending,,,awaiting explicit learner-level review before release
klose,4,KV001597,e40200e0e82553bb1967dd6919f99281237ca6c3d2531c20f701fde5e43afe65,pending,,,awaiting explicit learner-level review before release
klose,4,KV001598,f6f7e10417da71f0310fe5c1fff0e79eeff1c9f8fb53a0fad9cdc87f2a09b393,pending,,,awaiting explicit learner-level review before release
klose,4,KV001599,6ae86128a1659ff74610658e49dca5b7bd04d0ea465890c65d3fa5ad117dbb55,pending,,,awaiting explicit learner-level review before release
klose,4,KV001600,f1f9c99133028f502d170f05bd7114cd3e4f408a4844cd464dfcbfd14c380637,pending,,,awaiting explicit learner-level review before release
klose,4,KV001601,258940b3be6fb4d78b73fa70381a5c9c6533704cbd495321c1dc54e26ddc7ab8,pending,,,awaiting explicit learner-level review before release
klose,4,KV001602,3a22358f8b709bfe9ea164b8e311a22437d8c444d08f056361bf699ca9bd7b11,pending,,,awaiting explicit learner-level review before release
klose,4,KV001603,be0580015dc1a4af7650f85801a54b05182aa1834098511dd408b1bc523b0899,pending,,,awaiting explicit learner-level review before release
klose,4,KV001604,5698a07a73762011e73ceaa7b4b7eb421c4001cdb18263816bb76d48b3f7e850,pending,,,awaiting explicit learner-level review before release
klose,4,KV001605,7893847f65105495524ddd6c915a8a047b0352987ad4608d2daa24550a5df922,pending,,,awaiting explicit learner-level review before release
klose,4,KV001606,62d213a292e14c945f7d73ec4c4763a930ea73c1798fe5346c1d9c0c9084a76d,pending,,,awaiting explicit learner-level review before release
klose,4,KV001607,dc878efa459149e80036ab1d088ccdf8d026f557bdf0d0bfa7d3961aaed4a257,pending,,,awaiting explicit learner-level review before release
klose,4,KV001608,038a4003e22ec408df154d3eff04e6a53a8b1bd28e3e17e5ed731a9b717eac31,pending,,,awaiting explicit learner-level review before release
klose,4,KV001609,7c849b07d69851f8b7e5052406e19853033485684d020d7d16588fb4367cc1d7,pending,,,awaiting explicit learner-level review before release
klose,4,KV001610,cd8d7dd7ac8e949ecca128971aef112f58e9472e6c86c0cd9e3704a2add797ff,pending,,,awaiting explicit learner-level review before release
klose,4,KV001611,7a0f523e126a64f13afd2b7fca7beccdccefc76b86f4ce6eba604b10c2cfb806,pending,,,awaiting explicit learner-level review before release
klose,4,KV001612,737523984cbe008d54bad3df20b5e6e7711f2cd5a9eee7a49be95ae3c0ed3c38,pending,,,awaiting explicit learner-level review before release
klose,4,KV001613,33df513fa7799c4212477d3409286eb806b744b7594d3783aacec26e7a657e65,pending,,,awaiting explicit learner-level review before release
klose,4,KV001614,962861dcce58fd31a4e6d4cb4bc93f025d1d4eaee01a403c4ca785f24fa4afa3,pending,,,awaiting explicit learner-level review before release
klose,4,KV001615,9d36fc30a485168faa3f525b5f6eb2c1cd173323ee04bc73b6e08bee44992f07,pending,,,awaiting explicit learner-level review before release
klose,4,KV001616,c8577c01f9d561825b80f44228681834533a2dae08d98a6475f7f0d526cf7943,pending,,,awaiting explicit learner-level review before release
klose,4,KV001617,74e9f332b5d6029ab27bf7720a8524bc91df6349561c285385ac7d5daeac7cb2,pending,,,awaiting explicit learner-level review before release
klose,4,KV001618,ea82cc4fe897f2d64a7a899dac1712e003dc81a15da45c6032b7fdf3ae0c652d,pending,,,awaiting explicit learner-level review before release
klose,4,KV001619,6a2338a5283dfb6440948b9e58692e0018038f3022d5abe408524d221e636a0f,pending,,,awaiting explicit learner-level review before release
klose,4,KV001620,53139acd4944c2b800db77b2e7e59bc25d0b7222b41b2fbe8e8a95ebbb4da927,pending,,,awaiting explicit learner-level review before release
klose,4,KV001621,1cfc7e4108acf988b219142e121afd6c77044d928b23d6bd58cbdb1221ccdd3a,pending,,,awaiting explicit learner-level review before release
klose,4,KV001622,c485a6d8ec949f9769f86227c9ed458a176b1fa2dc2262d795ae0ecedc5b37d2,pending,,,awaiting explicit learner-level review before release
klose,4,KV001623,b7547fe4e28963ec3152470cc23043e2f303de020f2a480104d866dfd080fc1e,pending,,,awaiting explicit learner-level review before release
klose,4,KV001624,fbdf530b35d02ec95460b775196a1836be8414cf8033b0cc4381ea166f70c785,pending,,,awaiting explicit learner-level review before release
klose,4,KV001625,54ebea533e79f89392231c57d73f69c1c59f259f5ba57d8eff8972773369b8c2,pending,,,awaiting explicit learner-level review before release
klose,4,KV001626,8362f4612899a98c9e1fc81ac9dd4fbb73d0899126184571bb030e3c1a689b97,pending,,,awaiting explicit learner-level review before release
klose,4,KV001627,d45e96c39bed558ebdf8279b2e8e9b56ea199524fc07220c2fce696903b86209,pending,,,awaiting explicit learner-level review before release
klose,4,KV001628,4406ccbd7665d5591b5d9e2368c29fd4ec57adc6d43b0424cfe2d04a1f1fc66c,pending,,,awaiting explicit learner-level review before release
klose,4,KV001629,062fff5391f32976a247317f559d002b656cab3618306ac7e6ad025d998896db,pending,,,awaiting explicit learner-level review before release
klose,4,KV001630,bb696fe22f3861368181a16d193483ea2d65623c472eb8df1a29e825a6a0ea51,pending,,,awaiting explicit learner-level review before release
klose,4,KV001631,80f4ca66096d47eca054a6d6de6293ba1800ff3d60a7ec09ed8bbd7c36e4514b,pending,,,awaiting explicit learner-level review before release
klose,4,KV001632,438b96b66a6b1f6664fda3f7bb1a7cf7c9a67a6ca35ec82749c6d4f2917ba70f,pending,,,awaiting explicit learner-level review before release
klose,4,KV001633,f77c20494aeb6d3347a3248ab32380ab59512e3889664e4aa08e97d38470ef33,pending,,,awaiting explicit learner-level review before release
klose,4,KV001634,4abe4dc9e0bd4dc12afdca27503e668bca8490a74567107925d212b55a2b560c,pending,,,awaiting explicit learner-level review before release
klose,4,KV001635,66794d40245c0bc298cadd6ec196145ac6028fd4cc6c23da4c94492c7eae329b,pending,,,awaiting explicit learner-level review before release
klose,4,KV001636,e6ccc28de65c79668a82bb49b9355dbf6489553f378f169f2b98cd9d67ebd757,pending,,,awaiting explicit learner-level review before release
klose,4,KV001637,1f5507980cfafdd817364436b268fdf8a09a550e7a1e43d8c7828dc866445a1c,pending,,,awaiting explicit learner-level review before release
klose,4,KV001638,127856c277c94122a3d60ae71c2d46c7de93ab1569847722f96ed07e45d5f12c,pending,,,awaiting explicit learner-level review before release
klose,4,KV001639,188e62133aeec153f0a3f38e516834b0290803a33e96eae78bc8b1188fdec341,pending,,,awaiting explicit learner-level review before release
klose,4,KV001640,851f533521ace72603eeb26fe1daf5efee7c6f64f05c3f7550e756bcd3c34c67,pending,,,awaiting explicit learner-level review before release
klose,4,KV001641,53f798e0d5d5dbc0c6388090d3bba63fb1835b573b7d275cd058528f5502b054,pending,,,awaiting explicit learner-level review before release
klose,4,KV001642,7e57ce7626e47009652247eb7710088e3c31d15b855d80ad6e984a25ba663204,pending,,,awaiting explicit learner-level review before release
klose,4,KV001643,46db2f1b7f55b6d8887db548fca3d62b131d2553cce2fe06fee215fbf3bba333,pending,,,awaiting explicit learner-level review before release
klose,4,KV001644,e02ce94fa5e82da31b542dcad9ee3b1b2d2fb46107582be04e0ade49e21f4f9e,pending,,,awaiting explicit learner-level review before release
klose,4,KV001645,c962fb78621cd5184a7bddb7655ec1af1800d57426cd4b57c41d69fa5bd8a1fb,pending,,,awaiting explicit learner-level review before release
klose,4,KV001646,45c1eb913d025f2c0668b373d36d023307dad7203aca29a8c52c8d468ef37640,pending,,,awaiting explicit learner-level review before release
klose,4,KV001647,3e2dfec3d95a93e8107de6e4f96233e35093cba517f74682c8f15ffd507c7607,pending,,,awaiting explicit learner-level review before release
klose,4,KV001648,e536796f2a25eff70158115834772021aed523fb9e85a2c3e672832af9771a40,pending,,,awaiting explicit learner-level review before release
klose,4,KV001649,9a5b7bad6f99e796aa80d1f17621144ade2237c5a074564a23dff3e9001305cb,pending,,,awaiting explicit learner-level review before release
klose,4,KV001650,c7a29f0c151a10a246afd3019b1ed729475482c309261a056a7158c0a72a0226,pending,,,awaiting explicit learner-level review before release
klose,4,KV001651,690ef775280b5e364eb3ce3c611ddd0f4e14008a766855424590d69c03399eac,pending,,,awaiting explicit learner-level review before release
klose,4,KV001652,b8c681c7ebf084d3c6f1f8c59369f9a19b8e74a0bb8266b073da489669c889c9,pending,,,awaiting explicit learner-level review before release
klose,4,KV001653,7dbf2b0b9735fa15ba1b1e19e495dc72892165b2ec8d085c7f5f7f6ba6e516c5,pending,,,awaiting explicit learner-level review before release
klose,4,KV001654,dbc817bc6fbb40f7869093a93c25ee7542d58dc6b3f3b50d67cc81deddd0c0df,pending,,,awaiting explicit learner-level review before release
klose,4,KV001655,f530388471df02819f7eddbde2965af66de02e5d0023e5c0b8cc091ee182a352,pending,,,awaiting explicit learner-level review before release
klose,4,KV001656,a3a9fc7e6af3c1cc93488b9becd3b58ebc13306565b9e2aa2af7021a643df719,pending,,,awaiting explicit learner-level review before release
klose,4,KV001657,d7e3c7b2aee0651d5cd119dc07dea24de1de202fd0093188dd53050cd24087ab,pending,,,awaiting explicit learner-level review before release
klose,4,KV001658,83b0b378d5870236d1f03e432f91bddaa8c5b64ceabab4cafd751ff3f13a944c,pending,,,awaiting explicit learner-level review before release
klose,4,KV001659,c4a51763beb9bab95c1a5f505be10f8f37911fb90e3d97a7c862a1839608fd40,pending,,,awaiting explicit learner-level review before release
klose,4,KV001660,5c7518ff3e6c1f0bca210e15626db88ef08219a8775fb2dfd8e48183561dda2d,pending,,,awaiting explicit learner-level review before release
klose,4,KV001661,85befdd485f0cd78d0a2891982cf53f82e1ba63f329d3a138fb262153920794c,pending,,,awaiting explicit learner-level review before release
klose,4,KV001662,72c695822ae54858fe32ca4258453ac6d4055bb5dd5a3d0ef2bbeb5ba6276161,pending,,,awaiting explicit learner-level review before release
klose,4,KV001663,c6947b9e439951b253f61b94ae0e5c3d680b2aad9968579df5fde1060a68875c,pending,,,awaiting explicit learner-level review before release
klose,4,KV001664,a70b0a8020bcd1c81a359c5d4a091ccc929a5a4f948e72bc35793c2b373aaeec,pending,,,awaiting explicit learner-level review before release
klose,4,KV001665,fc2ccc788339054b84ffff7294527c2fa5c2f5e9c3782bde0af163a762211811,pending,,,awaiting explicit learner-level review before release
klose,4,KV001666,e33cb1b6b0725360c708a7dad98a0ea4275ae78a2222aec4af06eb831870c860,pending,,,awaiting explicit learner-level review before release
klose,4,KV001667,4385d10023f23033799a31b9057fa91d0972371f03df4154d3666b586d04bdaa,pending,,,awaiting explicit learner-level review before release
klose,4,KV001668,49f391b78321c18911e877cfeda180bb56af76865a938d4b14bfee89722b0f4b,pending,,,awaiting explicit learner-level review before release
klose,4,KV001669,d6847c7756717901e90bd6163a5d74c81deb73b9174dd86798d35f2610857d1c,pending,,,awaiting explicit learner-level review before release
klose,4,KV001670,44b24c397e12173db5cd46bd9b5e11c33d4f55f2cd8d6cf6d8c2990698bfcc7b,pending,,,awaiting explicit learner-level review before release
klose,4,KV001671,db7808226c64259efb4c015b6208a1c325d4428e8df3467a69d2590c8f112164,pending,,,awaiting explicit learner-level review before release
klose,4,KV001672,8998c409408bfc78cb807ed9bdbee0d97900b01c97135523ba878058a1d760ae,pending,,,awaiting explicit learner-level review before release
klose,4,KV001673,d98c642466ad587a6da3a72d2cc97281bfb089baca51d5478e2aecffa25c3cd6,pending,,,awaiting explicit learner-level review before release
klose,4,KV001674,a885919e0e2a921e307620f157d3c90564d49c9eda96e67a024f0891bb473d7b,pending,,,awaiting explicit learner-level review before release
klose,4,KV001675,50cff0d592aae24d193d264a8856a8602a58c73ad3fe628b4754d13dad30c71f,pending,,,awaiting explicit learner-level review before release
klose,4,KV001676,c5cc4ccc0e48beb6fd42d7c41946623c745783c5ef94a6b413f7f5ac9c954335,pending,,,awaiting explicit learner-level review before release
klose,4,KV001677,ee2926adf3d4b8324dd9ea82a2ffb96bed547ac4ea86aa28fee73c60434f8b03,pending,,,awaiting explicit learner-level review before release
klose,4,KV001678,2059125d46a93516032b1163e33973370f63221f2cb70f11dade4ac6a8983661,pending,,,awaiting explicit learner-level review before release
klose,4,KV001679,070bb303279c278fc3444af2390e5eb8a72f6f29c498f2ef14e805955bc53761,pending,,,awaiting explicit learner-level review before release
klose,4,KV001680,e31a0cc0a07418c7e15b3c6617ca3bb48f8192576339a4df0c75feed080bfe88,pending,,,awaiting explicit learner-level review before release
klose,4,KV001681,0c8999e98bcf97d653caaf40e7fbc2f1148636d83c77b6645501783564a05f93,pending,,,awaiting explicit learner-level review before release
klose,4,KV001682,8b3bf118d5fdce42f188bd1f0dcaa52b916657d8b61d3cfd5c28f4dbe3b316a1,pending,,,awaiting explicit learner-level review before release
klose,4,KV001683,8921bb685e1a1d20da9a2029d035119ee3066d5f011658300fde618aae62a4c0,pending,,,awaiting explicit learner-level review before release
klose,4,KV001684,4cde3bc86119ba5f8c9755aea36829b828db11f0f6d690753ffb663946c0a494,pending,,,awaiting explicit learner-level review before release
klose,4,KV001685,b9726e0d124f347893a9e2abbdc8f7ab1f9f1c93ae979888d3953c9100e97ae8,pending,,,awaiting explicit learner-level review before release
klose,4,KV001686,ffc8c02c2b3fa68a8ae5307f0215485c596e1bfd4fa358573d0644ca82adcf4c,pending,,,awaiting explicit learner-level review before release
klose,4,KV001687,f5a5e636bc2d48971c2b8beb2608774147afb3098727db48670d1058f6795e97,pending,,,awaiting explicit learner-level review before release
klose,4,KV001688,1a8c201a1b75700f1870bd92495c5a10d3c51a0d4e780a368e39e0df40e598b8,pending,,,awaiting explicit learner-level review before release
klose,4,KV001689,976c519af3c855af418d00593d082da3ac6931b19093d7662df0febfa0870f8b,pending,,,awaiting explicit learner-level review before release
klose,4,KV001690,a4e3a8e874094fdb1a4237809c783d04772da7d63c055e26e5d4dcca98e98ff9,pending,,,awaiting explicit learner-level review before release
klose,4,KV001691,7d085e12532e38ee82d6780f98b67b71e7a56d494d5cef1912c5a57a7a873d7d,pending,,,awaiting explicit learner-level review before release
klose,4,KV001692,8475d616b1c6ec89829d4c0233dfdddb6ea46e50fd74de0b1d30b34dead961d9,pending,,,awaiting explicit learner-level review before release
klose,4,KV001693,eaf04709148d088553876ca8baa291781caf70a50e44e0f87d47d2e1cb28122e,pending,,,awaiting explicit learner-level review before release
klose,4,KV001694,70255010e76789fd3d8b10642ed12cd71eb557317a79f771a9aef52ac3965e19,pending,,,awaiting explicit learner-level review before release
klose,4,KV001695,5c657782c884ba70c918fe3a7c93423cf3a80cce133c1453f0f006e2f924fadd,pending,,,awaiting explicit learner-level review before release
klose,4,KV001696,d90aa85ce2efe85b5f3d7329de2a93b98dca528608ae87e76b706002488917f2,pending,,,awaiting explicit learner-level review before release
klose,4,KV001697,eb611c2613e44b60e7001afa6e28bb9bc09199a5e55e3f67be1da859b1d893a2,pending,,,awaiting explicit learner-level review before release
klose,4,KV001698,cd9a487629cf11b8d4d9b20158fb0e74f15bad2c1c16e315f63f198c55a5aa8c,pending,,,awaiting explicit learner-level review before release
klose,4,KV001699,4a16f9aff4fc03680340ed17f254339dd4e9b5a31ae8c667ce7b5bbcad013397,pending,,,awaiting explicit learner-level review before release
klose,4,KV001700,9b4ee432b17c9a700db12859671892fef423a1dfb36ef61403d1bc3031b843fe,pending,,,awaiting explicit learner-level review before release
klose,4,KV001701,63c3dccea986f7bda9c0736f23e879a5828d84694fdd4086470b8775f1c70438,pending,,,awaiting explicit learner-level review before release
klose,4,KV001702,88fe8de8907957baa5775877ff295c7f9471bfe7256efc010503e264477e0588,pending,,,awaiting explicit learner-level review before release
klose,4,KV001703,12f8b718fcbdb9d6d85c825f81393f4dd414c55786b560ce82bf4d127477fadf,pending,,,awaiting explicit learner-level review before release
klose,4,KV001704,31c45dcad488d7afdaf300d0848fcec6534eeb1fe3aeb0a4ce582c554772cddf,pending,,,awaiting explicit learner-level review before release
klose,4,KV001705,0945b2875e45158aeea92d2bb0b011798a639d488fa3595cf2c50882c28bcee2,pending,,,awaiting explicit learner-level review before release
klose,4,KV001706,49045bf1761bb5b8f0ae9c67df9e3bfc7a7f017cd33295b2c622de28b654ae65,pending,,,awaiting explicit learner-level review before release
klose,4,KV001707,bece608266bdf8b60c949b8f095a8af9d34b76c1cbc9e7139bf4f5bcaf030214,pending,,,awaiting explicit learner-level review before release
klose,4,KV001708,5e6421c2f6552530bf97380cd4d3acad0c7845aa070fb64b5672b49b80595f7a,pending,,,awaiting explicit learner-level review before release
klose,4,KV001709,33c753752fbcaf372e6bf8fccfeec1a812def326501f631a39ee8b98c832ff01,pending,,,awaiting explicit learner-level review before release
klose,4,KV001710,8f2cabc77189a5205772dc508812c93922e8d466799f564a92d867ee2d19118f,pending,,,awaiting explicit learner-level review before release
klose,4,KV001711,e9c771186fc79c4e773596a775cd645ff0d32380cd6c33eccfd389924b52ca81,pending,,,awaiting explicit learner-level review before release
klose,4,KV001712,d3ce61b0c0b1d86ad4ba1345c0f78832e7e28f3ad3d0ff34ffee0757a8e2cf42,pending,,,awaiting explicit learner-level review before release
klose,4,KV001713,94f31a5912c11f962be31aabcb462eecf2dbc365ba13bd5b0012e6b62709b21c,pending,,,awaiting explicit learner-level review before release
klose,4,KV001714,2e20e8ec8bbaa6d2c20346a26e07ef7826f8d70674bb6e5530e06ddf451a126a,pending,,,awaiting explicit learner-level review before release
klose,4,KV001715,ded7b331e6ac5d39a9d8aac0c733e75cb873f8be27aff913e28657118bcf7690,pending,,,awaiting explicit learner-level review before release
klose,4,KV001716,c19cd083590dbb70bb7ad6276410890b127bed3c1698f5014af0b7ec59ca6c03,pending,,,awaiting explicit learner-level review before release
klose,4,KV001717,9ff773619d96b11aa2666b0753bf84358b71bcd7da6a6ebf7c947bfc2f2d105e,pending,,,awaiting explicit learner-level review before release
klose,4,KV001718,1b5df3a938dd7c1dcf8180f1fda6d5922148eba7da09756067f8f0da2301c754,pending,,,awaiting explicit learner-level review before release
klose,4,KV001719,bcd972ee2f5fab26c78df5577ee4e930e2f465f282d89728829c2c5eb4685e64,pending,,,awaiting explicit learner-level review before release
klose,4,KV001720,f4e552b3c6ce8b64fc1ab30754473bf9677370424cc37ec4933913e3e3fec3e8,pending,,,awaiting explicit learner-level review before release
klose,4,KV001721,d8e260956d99e75c67a3aa328d2f62e541b92b0602776dbf7de5ad16cda43074,pending,,,awaiting explicit learner-level review before release
klose,4,KV001722,b0a2965d9c4ed6d9f4a3363965bf33e94d0e57a600eb8ceca2d3e30783a0ce70,pending,,,awaiting explicit learner-level review before release
klose,4,KV001723,bb5a928254cef96d9fdc95b3c47a455dd391931d0724004931f6b37ebac9f177,pending,,,awaiting explicit learner-level review before release
klose,4,KV001724,3325a88d21a995ea6ffc508cbec5f482b714e320b61bca7d3a920380f8166e2f,pending,,,awaiting explicit learner-level review before release
klose,4,KV001725,b2a0ac823c516a6faffa72e39f8928a252c1a456f956606480dd14ca4084dda0,pending,,,awaiting explicit learner-level review before release
klose,4,KV001726,747180914302b0ee8d4c8b3e29afab6844e737a9e1b381fdc18346e1f7e303bc,pending,,,awaiting explicit learner-level review before release
klose,4,KV001727,2d27722a49e798d83d915823d7249b7eee3408d2b729cefb81ca1f8a93ceecd4,pending,,,awaiting explicit learner-level review before release
klose,4,KV001728,8a0a33174dc96589afbf4203405d570fdbdbbf801d978ee80a54c1992f485017,pending,,,awaiting explicit learner-level review before release
klose,4,KV001729,11c556dbf2985820ca58cffbef7419e5c7bfccc7532b3497adc2aa06acd7a603,pending,,,awaiting explicit learner-level review before release
klose,4,KV001730,6958fbfef5b28c134818a57dd8200b1412f332f89464cb1116b3145ff7e7cbfb,pending,,,awaiting explicit learner-level review before release
klose,4,KV001731,4a6ccd5772a3bdcce6c0e10d3c90dc8a15aafa04575d782765f44ff5e0f9278e,pending,,,awaiting explicit learner-level review before release
klose,4,KV001732,cd6a462984938293f2233e71c4666312b7a4c0bbe2b5da4806b2b5ceec5bb1c4,pending,,,awaiting explicit learner-level review before release
klose,4,KV001733,07e3c19ead004ad4ef75353bf1e21428ffef9dde0a08a63f79c717d3fc49167f,pending,,,awaiting explicit learner-level review before release
klose,4,KV001734,6cfadde4ea03c6861eb1cbfd8cdc651b8a348744bb6c3ddceafa80b94262699e,pending,,,awaiting explicit learner-level review before release
klose,4,KV001735,98c42dfe4d8c28dd115844bf3b751397e1a86f0155ebb26914475b288a424a50,pending,,,awaiting explicit learner-level review before release
klose,4,KV001736,cf7477c03048637a8872ca08491ef26a0ac75b8a3b6f5c73bcc5128d8f351367,pending,,,awaiting explicit learner-level review before release
klose,4,KV001737,9431af1e5c5fd456d470affaf56d4f4634715d1a6b047ac6ec5922896829df7e,pending,,,awaiting explicit learner-level review before release
klose,4,KV001738,0ddf035f83f4a25f32f25250cf369ad7851b84801637c5b522fb9876d730afdf,pending,,,awaiting explicit learner-level review before release
klose,4,KV001739,c6d08fbfe02ee8498f6654903bb86bf83ea8190e27c636e5c5c02663c560e100,pending,,,awaiting explicit learner-level review before release
klose,4,KV001740,34cfcd876be9a5e39f1273067ca6d0f3d7f2a3951c832abb772bacc8529ba8b9,pending,,,awaiting explicit learner-level review before release
klose,4,KV001741,2e2c69c536fc174b07e21bc85102d4656349bf62e41c9d34dddd68756cf1e5f2,pending,,,awaiting explicit learner-level review before release
klose,4,KV001742,56d7b8b14e45fb44f38dabc175b7ac95f7475e93554d4167eb7e12cf7c4f019f,pending,,,awaiting explicit learner-level review before release
klose,4,KV001743,05556cc35b7b8c4d5f979549dcfbb485a731970c1023af37f2758a8961c21d53,pending,,,awaiting explicit learner-level review before release
klose,4,KV001744,992bac785d95b0f4e6f61703501a6cc87a314725bc76d5a0bbbd456029a9d971,pending,,,awaiting explicit learner-level review before release
klose,4,KV001745,3b498c48ce54ef6778e17f9f8d50060c8c4c445638dae98abcb0cccf5ebb8fee,pending,,,awaiting explicit learner-level review before release
klose,4,KV001746,05de20f107bd3e388ce54db0c148cc43eb5566de15fcfc5d93224eb9676d97e4,pending,,,awaiting explicit learner-level review before release
klose,4,KV001747,633c706b1415e7d284e6898a42ff8dae09ba13557c8d6501944e22ad0c597e2a,pending,,,awaiting explicit learner-level review before release
klose,4,KV001748,cdb65e870d12417c9c8c63c296c264a4be59a8212851d29e34054c1153916d4b,pending,,,awaiting explicit learner-level review before release
klose,4,KV001749,dd736f44ca3a18a506fba5460593c441cf29b9889f34897a5fe96e771ce1364a,pending,,,awaiting explicit learner-level review before release
klose,4,KV001750,0607d836cb51a06d2c1bf2ba964888890e94f690bbf1551e6e664c62874414fc,pending,,,awaiting explicit learner-level review before release
klose,4,KV001751,f59adda236a2a12fecd153e832242770c7e87e12714a135c9f26cbcdec11a7c0,pending,,,awaiting explicit learner-level review before release
klose,4,KV001752,d1dc78a2be39bb3911ee52b081b70c50b597ebd8eabb0cda0aa880fcafa0cc2a,pending,,,awaiting explicit learner-level review before release
klose,4,KV001753,a06cedc94aecfec57e4cc4a4e569a92ae161bebe7edd5f7019a26246b70db3e9,pending,,,awaiting explicit learner-level review before release
klose,4,KV001754,e100981c7e0d2bce329f12dcd2aac217a249460429630f5dc52aa395e33e006e,pending,,,awaiting explicit learner-level review before release
klose,4,KV001755,275fadbb25fc24b51adc16df45897d3e04e13433c1a42a3bcba9548c65f7d704,pending,,,awaiting explicit learner-level review before release
klose,4,KV001756,867249534f896c05a99a6198e874e9c25ee45b3e33cecf0e2462261fdfb961e9,pending,,,awaiting explicit learner-level review before release
klose,4,KV001757,b4096876fb204c10a319cc4d11c3648c0c08f901a2544b521c6a8e1f6ebaa0c2,pending,,,awaiting explicit learner-level review before release
klose,4,KV001758,a3d254bdef92c17f0021f92ba7ec5cb63d8402b15150ed1c58e1fc82da0353ac,pending,,,awaiting explicit learner-level review before release
klose,4,KV001759,9d9c28fe6e224a0e9e7ae964c8622e736828ec8a116af8ec4168ede004a75337,pending,,,awaiting explicit learner-level review before release
klose,4,KV001760,0599dea228efb062f18e2343fc685f73d264bec1e0f08f145f5f4d47d824c8fc,pending,,,awaiting explicit learner-level review before release
klose,4,KV001761,980958d321e16ad4b77bd8b24a2c2048d6f793f21cc743e842e357a1e36c037f,pending,,,awaiting explicit learner-level review before release
klose,4,KV001762,4b07aefa63fc08ec1d3b48ee0fb8e0994b450352832ccfd22368ffde7d63b54b,pending,,,awaiting explicit learner-level review before release
klose,4,KV001763,81a96360e20c949659a14b252ab534f97346bc4adbb189635ac56f19cb8f3420,pending,,,awaiting explicit learner-level review before release
klose,4,KV001764,8cca4d946a0a095469716b11281f3d15a3597bb66a9e0ace92fef484bb19eae9,pending,,,awaiting explicit learner-level review before release
klose,4,KV001765,eca124391433fa500f7f0d2f9146d03fcdabc72eb16c8c28773ece6a38b404ff,pending,,,awaiting explicit learner-level review before release
klose,4,KV001766,4695a6d460cc2fd02aba1052cf744fbe3d14f2d08587b878f428ecb5ac498c32,pending,,,awaiting explicit learner-level review before release
klose,4,KV001767,2b682ec81aace1a0ccc02f094a9e2e819ba43fa8bc5c7d381a27d7f69e1d0d40,pending,,,awaiting explicit learner-level review before release
klose,4,KV001768,851f82e9b08943737473151f5ff40d4ff9bc4d35113d01d6c6f68387e39deff4,pending,,,awaiting explicit learner-level review before release
klose,4,KV001769,5fb960fd656aaf017a29c4449e87122c79003faf78ae7991f3547c9d90faf52c,pending,,,awaiting explicit learner-level review before release
klose,4,KV001770,4e22a076b8e6aa4a1a48f402fed30ba1ae06f3ffe5b13c6219f7ff90bd578cf4,pending,,,awaiting explicit learner-level review before release
klose,4,KV001771,8d742dea814029600f9b7a37788b1f2c26abf235ac282f5c281a7652d30897d2,pending,,,awaiting explicit learner-level review before release
klose,4,KV001772,102fa5e8b9d78cbb4158db36cb77181f48962e4d187d41edef07474df8bc264d,pending,,,awaiting explicit learner-level review before release
klose,4,KV001773,af84c14e16b26e8b52facaa49df234cc5bb59c28284ac90a5df6142ba541bd0c,pending,,,awaiting explicit learner-level review before release
klose,4,KV001774,47c25a4b2033276bacbb16842721369d5c321c00ffdb79cf79002fce24e08e13,pending,,,awaiting explicit learner-level review before release
klose,4,KV001775,347e3a01aa3dcca52f4b74c71089a8f63b0d8c7ecc371f7a4c3d5b955cd23224,pending,,,awaiting explicit learner-level review before release
klose,4,KV001776,04c2e2acf234d396288e3f7df08be5ff707f08f6d86a2571c41c8c4aa20a0400,pending,,,awaiting explicit learner-level review before release
klose,4,KV001777,f39b95ca52838220d9272acf82436956f79a8cee852cdda5ffd61f844744adc4,pending,,,awaiting explicit learner-level review before release
klose,4,KV001778,aec4d61a5aac6f515764c864bf89895946b5994fb8d3b60646e925d74568fa92,pending,,,awaiting explicit learner-level review before release
klose,4,KV001779,c9f9d3cf9aa93e2b228b10b54d4f76e30c2f51d6412d4e9c94f9ec5928674e4e,pending,,,awaiting explicit learner-level review before release
klose,4,KV001780,4610184d6abd595fae15c6dbddc98ea3c3fe8ecb9e57cec65c07567147defa8a,pending,,,awaiting explicit learner-level review before release
klose,4,KV001781,1c29b681fa74aea2566f956bb40381441f916357193e75fe6fd938f314ec50d2,pending,,,awaiting explicit learner-level review before release
klose,4,KV001782,fcee22df2593a3b28346fe3e51af587aa95cdc17e36bcc9bd16d62aba108f21f,pending,,,awaiting explicit learner-level review before release
klose,4,KV001783,2f908b92ad4da5a5e7bf9725fa9f309f7c832394c6dfd8bba1bf87b875f97c46,pending,,,awaiting explicit learner-level review before release
klose,4,KV001784,4d4a8d360fdc95fce275cd048ec21a9a9452a83ff6cd9cb65506dbdb9ad2af05,pending,,,awaiting explicit learner-level review before release
klose,4,KV001785,20e474666120afea71ffdac9d402db66764533378ae36bbb55088016b12ea629,pending,,,awaiting explicit learner-level review before release
klose,4,KV001786,ca4b1c9c13122a582c1cc414b31fcb6d678347a624731f199b7fd8b023ee8da5,pending,,,awaiting explicit learner-level review before release
klose,4,KV001787,af306bb0200f1c3ee41a3e1c4fd98fcd8107711025ea436cf9f7164522ca2c3c,pending,,,awaiting explicit learner-level review before release
klose,4,KV001788,6627fbed991e4db1a545ed43d1bfbc3e71ad39a827815dbb8b1c3f70dd4699bc,pending,,,awaiting explicit learner-level review before release
klose,4,KV001789,74672f05c068442440c7a3413f9ce0ce75637effe2347b0905e5202c2aba8fee,pending,,,awaiting explicit learner-level review before release
klose,4,KV001790,af57f87c1f383de1715483217520fe29ce0421085a1dd583537d77459de935de,pending,,,awaiting explicit learner-level review before release
klose,4,KV001791,2ceab8d1bfe51bef09288287789cd4dd2185295b1e5be65db8615636a7677f7e,pending,,,awaiting explicit learner-level review before release
klose,4,KV001792,eae439418991ac79d44122c140a8dc28586e19bd8672ccd69f6b14fc9639acc5,pending,,,awaiting explicit learner-level review before release
klose,4,KV001793,7decc81506039d3307c2814564c1a6350bd79b4b290e566f0eaf6222022dc985,pending,,,awaiting explicit learner-level review before release
klose,4,KV001794,720242895a7815cdfc49a61a165c5ff9736efd6942b60b54b9ed9347956707bf,pending,,,awaiting explicit learner-level review before release
klose,4,KV001795,7a1c580718fdec060fbb603d39f93dd4e66f96087637ff5688a610e8689397c8,pending,,,awaiting explicit learner-level review before release
klose,4,KV001796,f19c9c450c4db0b1cdf367f7a93f3e4349e6d8a4d169876e410d8efe2e22fba5,pending,,,awaiting explicit learner-level review before release
klose,4,KV001797,9bb4db591855393451c3fa90a2a2454684ab4623b57427e7cea3599572032dd0,pending,,,awaiting explicit learner-level review before release
klose,4,KV001798,6eaf7b5e2b1234fa855a8fc8d9bec3bcb0141f316162cf431dd50365a3e4f2a0,pending,,,awaiting explicit learner-level review before release
klose,4,KV001799,53e661ced3984cb7199c74777135a2b5a35959bdb6c70e7087af8abf44bb8197,pending,,,awaiting explicit learner-level review before release
klose,4,KV001800,6800eaaf808d8a35da02a3cd10c895c510c2cb072f558a120d718c2b948d97de,pending,,,awaiting explicit learner-level review before release
klose,4,KV001801,259074cff787a21c27956b271445767017ce114c22c948ca6b97ba599d063f0f,pending,,,awaiting explicit learner-level review before release
klose,4,KV001802,9e97d57b1e04306f4b94cd73df6ec4623c29fc8d8fc91e42a2f9ef482ac3c297,pending,,,awaiting explicit learner-level review before release
klose,4,KV001803,8bd66cf8ec7eac08ba1be6e145bb220d9a6275a06fa5e6e5bdab5d1219239c51,pending,,,awaiting explicit learner-level review before release
klose,4,KV001804,68201131fd081460ff993015793c7e711c627a95f64dbf3570260b91200a01cd,pending,,,awaiting explicit learner-level review before release
klose,4,KV001805,98815e87eab0eb9c9826e321e2e4267f1e5d2ca2edb088a2a464bb1060562f19,pending,,,awaiting explicit learner-level review before release
klose,4,KV001806,cd7e1e7deb390ffefde2262bbcff1e74098608aa6f829dcb90c852902e903276,pending,,,awaiting explicit learner-level review before release
klose,4,KV001807,769249d66f3b12f05a7c7bc521672d1b700477175c0d7f4f1fab2da8ce832733,pending,,,awaiting explicit learner-level review before release
klose,4,KV001808,249907e3b6e81672929aa4b9b5a633ff4140b6278f39c1a2bc1bf4bf04122116,pending,,,awaiting explicit learner-level review before release
klose,4,KV001809,ddb850ac867d07986f74be96d3dc245fdf9d8c26c51f20ae5f783c9a51ef99e5,pending,,,awaiting explicit learner-level review before release
klose,4,KV001810,97eea01394857f9e8751acf83978d136de8c81e968de8453ae9be03d5055e73d,pending,,,awaiting explicit learner-level review before release
klose,4,KV001811,845629f417df61dc8771fe1cd9c5ce6a4825b60b7affce1db5c4dc6f7436db3f,pending,,,awaiting explicit learner-level review before release
klose,4,KV001812,69e1ec6f35a6dcf42e29ef3a924f802c450210bf09d0d6e2dcdfdcf2a79ab69e,pending,,,awaiting explicit learner-level review before release
klose,4,KV001813,39183f699a71cac6f0a475de8f34aeba29c09a6b3f15d6ce36aa45ca52e4974e,pending,,,awaiting explicit learner-level review before release
klose,4,KV001814,287421a5f7a7fdfc8a012618cd88d731dd7595b06e65db0b20c145fc75479ccf,pending,,,awaiting explicit learner-level review before release
klose,4,KV001815,be4e05a7e31198167e552451bb660181d1cf01fe6d7d1141e79aaa429621fa11,pending,,,awaiting explicit learner-level review before release
klose,4,KV001816,f7b6b418ea5429161677124e92f6fe6822ed7df17ec735e4c8fa9860fff703dc,pending,,,awaiting explicit learner-level review before release
klose,4,KV001817,f46da6ed84227b80ada3387ca0364e551827c48044d422f0435fd2b3e0296e23,pending,,,awaiting explicit learner-level review before release
klose,4,KV001818,3282b5aa96d7d95099b47095459149f162b812763ba3afacc8904758cf61f0ce,pending,,,awaiting explicit learner-level review before release
klose,4,KV001819,1c38971697d0454cb7e01d4eecf107d88b18f98e93fe6b2a75d8a35e02a6986a,pending,,,awaiting explicit learner-level review before release
klose,4,KV001820,19cf355c5f898d4aebf087e18cf3c1fab5314cc7814d0964f14c5fdb3e02bd0b,pending,,,awaiting explicit learner-level review before release
klose,4,KV001821,496759d50daca29f692d3cfff97e1c6979492f19d6671b58753b07e79aac0b45,pending,,,awaiting explicit learner-level review before release
klose,4,KV001822,91c1b09c9cce21ea41e8da74dcc859d1e03c748f6f17fd1f99b445d61d16583d,pending,,,awaiting explicit learner-level review before release
klose,4,KV001823,6c4f52546daa61b431130de41315a9515f6ead65acbd3f234c0d29ac2e4d95a7,pending,,,awaiting explicit learner-level review before release
klose,4,KV001824,f5f76aba3a4d7a4e9007bcf59fb64e4d6b12955d7e9ce39d262bf0931b388ffa,pending,,,awaiting explicit learner-level review before release
klose,4,KV001825,718c3719c91ea1d2f21edf0a4d0979799c5ea46c39c96b9c2a5ec97728dd6a8c,pending,,,awaiting explicit learner-level review before release
klose,4,KV001826,230b82d1b3e5f077b923cc0cc1a35fbf89666903213a42a82ec1e4dc311fed01,pending,,,awaiting explicit learner-level review before release
klose,4,KV001827,c9d806e731e7c6a77db799acf989086c5f1990000766da4e6924fd551bf3edaa,pending,,,awaiting explicit learner-level review before release
klose,4,KV001828,f85bd1c78de29e3af84fffc3254b50c5a56900ac97e9bc46df364c975aecf34c,pending,,,awaiting explicit learner-level review before release
klose,4,KV001829,1f2b02d06003b903a4539202b75d117c930bbd9122b6a964fbf66f1990dfb1ce,pending,,,awaiting explicit learner-level review before release
klose,4,KV001830,52fdfa16b870f7032daf2089768bcfd4c56611aaf69780102afd96d0f325f99f,pending,,,awaiting explicit learner-level review before release
klose,4,KV001831,b874f3fb3fc81ae739f69fd546f901c16221a32038f24fafc2a5782cf68b17ab,pending,,,awaiting explicit learner-level review before release
klose,4,KV001832,97b33783d3a2473550c1bb6d160a47c0cd53501e0e9d6897429477fc4211849d,pending,,,awaiting explicit learner-level review before release
klose,4,KV001833,04435cb20dbc2e15aeb62f526513a3293a32fdb718f3a9f0c81652c77855438b,pending,,,awaiting explicit learner-level review before release
klose,4,KV001834,7c3a7c71344ad6af0e6a3b4b7fbaccc44203277f11cbc407839c01b4ceee39e4,pending,,,awaiting explicit learner-level review before release
klose,4,KV001835,d1018a1f1b077a02ad30f697bd24fd11fa9f9b45f74ff402da68b8146e92a9af,pending,,,awaiting explicit learner-level review before release
klose,4,KV001836,adac9a1782c78ea9ae3eccb459bba4085b92139d3f026b6bc9b6345fa2b752a5,pending,,,awaiting explicit learner-level review before release
klose,4,KV001837,53036238658802a06990e364d8f136e6f72d4fe23f6eff242b4069392fa3ea65,pending,,,awaiting explicit learner-level review before release
klose,4,KV001838,f0bdd40a077d22f0f989d40d585480b3ffb3a6597005d921ad70df24590fb009,pending,,,awaiting explicit learner-level review before release
klose,4,KV001839,73f900fdad8006ffd5bd7adaaf5d6a889e51218040c5a3a3a0596f76aea2935b,pending,,,awaiting explicit learner-level review before release
klose,4,KV001840,a4265faea05f273115a873b730b64b6e74cebc4390bfa26702f10a26adda6dfd,pending,,,awaiting explicit learner-level review before release
klose,4,KV001841,75acfd3455657f4a514d914e1e306beea194e4beaecdc5fb989564cd37a39550,pending,,,awaiting explicit learner-level review before release
klose,4,KV001842,d862b0b4876956e46a0860311a35f99a3333c58a718578df6a88d3b142b9357e,pending,,,awaiting explicit learner-level review before release
klose,4,KV001843,68297090540337afd76e4123bbf2d562fa2d2685d391c94f283f35fdde492a2d,pending,,,awaiting explicit learner-level review before release
klose,4,KV001844,053d2a1e05d8ef95600ade244f9b0849c4bbfd7c5f24cacaf6abc56f745e487a,pending,,,awaiting explicit learner-level review before release
klose,4,KV001845,1cb0bb0a4862248e984194c981a53eb4b7baa641afcff5c06808307edab42e51,pending,,,awaiting explicit learner-level review before release
klose,4,KV001846,3f12c1516875dd56a262799b18288a1bd415f3b523afeff3dc8591b79c159370,pending,,,awaiting explicit learner-level review before release
klose,4,KV001847,85f83b4e7fab7adb134cf0e3ffe5a215511252ca70f554438f58578507e93293,pending,,,awaiting explicit learner-level review before release
klose,4,KV001848,afdd0ba933e38f6144ef1d5f3ffa7a95dca708b77e08633428d3177301e91799,pending,,,awaiting explicit learner-level review before release
klose,4,KV001849,c2f721b243f754e4244cb445ce5300b18b7b9723580bbb5061411ef52255e622,pending,,,awaiting explicit learner-level review before release
klose,4,KV001850,804f5ecfa0955edb138a189408a30ae98b24709c4f5f513851cd6abe05f83065,pending,,,awaiting explicit learner-level review before release
klose,4,KV001851,35956b048ba868161d28991f6da42d24923fe893640f668f43a1af20353ccc3b,pending,,,awaiting explicit learner-level review before release
klose,4,KV001852,e569081618639ffa9a24d282b347a19621d2c3583cdf36e74daf800b2c26a769,pending,,,awaiting explicit learner-level review before release
klose,4,KV001853,3a1adb4d5a66342bd02aa59cf2cbf14d2b1ccd46900279dc61cac34eb268481d,pending,,,awaiting explicit learner-level review before release
klose,4,KV001854,557035a6f5cd9c07937261bd3d9c0f2e1d2c381bec10c06c4f115d1bcf809cfb,pending,,,awaiting explicit learner-level review before release
klose,4,KV001855,8c2c4185e8107c26a418548fe51df2fe1d300d0320b9aa09829ab09158f0b2ab,pending,,,awaiting explicit learner-level review before release
klose,4,KV001856,b531a3c42d6484d33dea0f64d59f7b8be338811dde44d766e981d3c121a5a69a,pending,,,awaiting explicit learner-level review before release
klose,4,KV001857,177cd99915effc31abb67ad29704e08e71721414fab89bd12d7cd002b1ecccb6,pending,,,awaiting explicit learner-level review before release
klose,4,KV001858,ed58382759c76a964a5db89798404f4c90b258961f66a3c1e7a1b6d687531b33,pending,,,awaiting explicit learner-level review before release
klose,4,KV001859,cb5712852dc20419bdc7710b206cf34a74ea616cb57d1ddf486553c849486787,pending,,,awaiting explicit learner-level review before release
klose,4,KV001860,ac337fe8327c146fcbd9444f6af1325f5a07a07952babefc56edee3614bde75c,pending,,,awaiting explicit learner-level review before release
klose,4,KV001861,805c2d82b79af0031d8a758ad2d6a9c1157028867564f5a7fb4ada9b5adb66a3,pending,,,awaiting explicit learner-level review before release
klose,4,KV001862,0fe9bf1ca1c753ab63f5952faaa7b5f8504ff1938d523a070400cd4445d1b4c1,pending,,,awaiting explicit learner-level review before release
klose,4,KV001863,0fe0716fa2056f46e0c5ff43629ac25a3067e109f16c31d1692ad64f8d948062,pending,,,awaiting explicit learner-level review before release
klose,4,KV001864,e5c99a71b994c789f3ee3b3964e076c76199a11f1464b17bb0f73d795aa506df,pending,,,awaiting explicit learner-level review before release
klose,4,KV001865,513650a1f4c89f49003a8d868339230ccd86edafd0e388208eb2582e2d33a24c,pending,,,awaiting explicit learner-level review before release
klose,4,KV001866,67396ec3938edb3d099434c93ed650266d57230e9b8ae3d979eb876cdfeac175,pending,,,awaiting explicit learner-level review before release
klose,4,KV001867,3f8a152fb28c0a24f678ec27cbf0d8439fff41df918f78aaab36c966cfcf94bc,pending,,,awaiting explicit learner-level review before release
klose,4,KV001868,4788e88c92489e770d1600cbb080aceb28136b52def63f3ce888cee841237305,pending,,,awaiting explicit learner-level review before release
klose,4,KV001869,acac3822ad7fa0db2529c18c461e03aed462a6b7183fbcb7b0a48e8a005ba15a,pending,,,awaiting explicit learner-level review before release
klose,4,KV001870,632e1f807910000047b7035fe94f1c12d2c61ae921c95eada0ba8bfc7fe3cd67,pending,,,awaiting explicit learner-level review before release
klose,4,KV001871,ff4679cb877ba58dbb6038825af03161b6f8f7fda3b404346082a7528a311ab1,pending,,,awaiting explicit learner-level review before release
klose,4,KV001872,addbd068d641ccf590ec4d154cca9da5db1f20e1bda904c336af2d3981fe5f31,pending,,,awaiting explicit learner-level review before release
klose,4,KV001873,0d57f797b6a730929537ca2becbfbdbfca4588bd4cebdef4e965ad360112ea8e,pending,,,awaiting explicit learner-level review before release
klose,4,KV001874,7f7c675909a3c3e3241ff04e1ff6f8cfe38c19cdb229f8c009b7b83083bee029,pending,,,awaiting explicit learner-level review before release
klose,4,KV001875,1850eaa0d08d57608de58372446c758eeb65cf3eea8d583805f01552d0bfdd5b,pending,,,awaiting explicit learner-level review before release
klose,4,KV001876,2b8383baf7c74972954fd2124677383a68ce97fe708db55c502d4ae77e958633,pending,,,awaiting explicit learner-level review before release
klose,4,KV001877,a17178372abc9b016f8cc8c74200d03db766c557553ce82381d14612ec311e8a,pending,,,awaiting explicit learner-level review before release
klose,4,KV001878,459612041e645194600469fdb8a01449b0f46b2c66de985c479ab24ac47e6cd4,pending,,,awaiting explicit learner-level review before release
klose,4,KV001879,a93d24bae79101eef31a13504770fdeab73dc17fcbe06a675ee779a61e581164,pending,,,awaiting explicit learner-level review before release
klose,4,KV001880,7d530ef37bdba7e36c4dd542aa21fc7bd9c836132f52e7319b330323841b9ec7,pending,,,awaiting explicit learner-level review before release
klose,4,KV001881,9917f4ce29d74ae53c0aa878ad9443b907bef44cc0c7d86e2b29519930d56ad2,pending,,,awaiting explicit learner-level review before release
klose,4,KV001882,f02b18ad20516d67c3857cd44296203e75f2dbee2bdf8edf1414adc3f4a78086,pending,,,awaiting explicit learner-level review before release
klose,4,KV001883,7468781b2ccdcc9a1ad2a3b9f6b1782e18e545ed56d8842fe2d4699a99544f70,pending,,,awaiting explicit learner-level review before release
klose,4,KV001884,2a0849caebc5d8fb245e3a9ea65dd63ab783311f2dd90811b6383182a2d7e715,pending,,,awaiting explicit learner-level review before release
klose,4,KV001885,004404828aa1362d12b482c5de96b6ba28d8264e03d724863d0297b6a604fab0,pending,,,awaiting explicit learner-level review before release
klose,4,KV001886,890c2ac510d5572bff730898e12a86126ce6f8195d84892d099781bd23c73282,pending,,,awaiting explicit learner-level review before release
klose,4,KV001887,625e72eb319ba555813e3577b3bc077e31c268153965e3a8bf3485d69f1f8118,pending,,,awaiting explicit learner-level review before release
klose,4,KV001888,7def1be0052d511f10e15edaf05aa5601a5b77fb38504275ac8055445f085b1e,pending,,,awaiting explicit learner-level review before release
klose,4,KV001889,6e18a255002da95c988dc28a084bb1538372319a446f3ceab0c8afc9117d0397,pending,,,awaiting explicit learner-level review before release
klose,4,KV001890,120b5c27339bb9d821a97b55560efc6c93702e58fc3f93479d867d9a4b5b85d1,pending,,,awaiting explicit learner-level review before release
klose,4,KV001891,c895c0e26cc054eac37eb309e01538983df57592213f99db75e1c827f221a30a,pending,,,awaiting explicit learner-level review before release
klose,4,KV001892,34500dae5e34ef8a9b1260f9959b3eaea574eccdad63fefc34da395b34f2ce03,pending,,,awaiting explicit learner-level review before release
klose,4,KV001893,86161fd9d61a869167309ecc09e3248472ec804c16344ac5e58dcc72c36e211f,pending,,,awaiting explicit learner-level review before release
klose,4,KV001894,1b39c39f42bd64058075dff2a0140b0f375a8421c5fa2f8926665ac21798b126,pending,,,awaiting explicit learner-level review before release
klose,4,KV001895,ba34044b454ac3f2b5d968f0478feed110799459046b90ac590517af2f51ba16,pending,,,awaiting explicit learner-level review before release
klose,4,KV001896,b543199eb8eddc5be43fae38976c1efec4fc0be894384ce22159a874db6f2fad,pending,,,awaiting explicit learner-level review before release
klose,4,KV001897,286434cb9c7477f98d70e392275cbb95b6ab5488b2c3785cf4381d98df187682,pending,,,awaiting explicit learner-level review before release
klose,4,KV001898,72fc17f1a56d37a44df9873afb3f6ef2f4dba77c425029e7958707b16be3d552,pending,,,awaiting explicit learner-level review before release
klose,4,KV001899,dbec7416a145c02535d4f911336c3dbd9c992d8c8c9e8d85bf6ffc07ad9cc193,pending,,,awaiting explicit learner-level review before release
klose,4,KV001900,183fe64e6aed9a0a2d389415eb8fc602794ee69a72ebedd5e19490c271cb7909,pending,,,awaiting explicit learner-level review before release
klose,4,KV001901,38e8dc1b8f92e5114e1ee30f4e52b6ef47293107be2c532912da6d84382206e8,pending,,,awaiting explicit learner-level review before release
klose,4,KV001902,c8274dc2272526df869282b93898d9ef49ad0b365e6abc792244dc1a7f22bfad,pending,,,awaiting explicit learner-level review before release
klose,4,KV001903,f6e2ad44f80a6c006d6dfe033033fd67c87fed7f118225898c5dc601803e20fc,pending,,,awaiting explicit learner-level review before release
klose,4,KV001904,94a07f4432457b409b6c1eb56cba0c4318da59868ee0d61c816ee8e8a30d84c3,pending,,,awaiting explicit learner-level review before release
klose,4,KV001905,4ade91b9d274405af44804f12b80a0b1e7168ba08c1f097b5cd918264581c607,pending,,,awaiting explicit learner-level review before release
klose,4,KV001906,8c3840523c0ba6af2ad9b9579f4421bfaebb1c0038feec1f94309bd6ba8eaa62,pending,,,awaiting explicit learner-level review before release
klose,4,KV001907,db42e026ab1789f4f4857b9ba9a321ccbca2d63bb70d693f8348cd88d1545519,pending,,,awaiting explicit learner-level review before release
klose,4,KV001908,12f1e5bcaad66ac466a35cdffadb4a016b4ae1bc77ef7ccde60d9fc5ca2d9578,pending,,,awaiting explicit learner-level review before release
klose,4,KV001909,280175a09163449301026700cdd31e374aa03a0d18f818c97c9b665e8b816d70,pending,,,awaiting explicit learner-level review before release
klose,4,KV001910,906896d6efeda4b2c54ec5f4262d8ea2b3cb3156c0dde3fb038dcf032a54cca8,pending,,,awaiting explicit learner-level review before release
klose,4,KV001911,52a7e7b865bfecdd2e7636368acab914f0fbb4558ad1b478587e8e93ec551761,pending,,,awaiting explicit learner-level review before release
klose,4,KV001912,30ab129f65843186a9032becd37b11035edfe513251c9912aff385cf32556b43,pending,,,awaiting explicit learner-level review before release
klose,4,KV001913,0eeaf91668f5c550423ff50a5fcce2ff66faa69f6733d80df05a39dc656b390a,pending,,,awaiting explicit learner-level review before release
klose,4,KV001914,550d15359006fad5390db2d4d03610e90b7007400a3e32f9db6cae40d062fb1c,pending,,,awaiting explicit learner-level review before release
klose,4,KV001915,ca69c3e6d4e774afcb78afaf2eb28a7be23f052ef2e4c280ad03b6a51f953fc7,pending,,,awaiting explicit learner-level review before release
klose,4,KV001916,ea3e789bda1ca3c34a0a29f2a288de924bc9166e2de82e19ca6566ccc9e579f1,pending,,,awaiting explicit learner-level review before release
klose,4,KV001917,05eee1413b5d4517880ae9bb69cc1937c1e057725d317d3598a4549f286cfb8c,pending,,,awaiting explicit learner-level review before release
klose,4,KV001918,c082d95d5b443ebb0113c0690f77a73189fe1686d4de54a97513d5067b6c2bd9,pending,,,awaiting explicit learner-level review before release
klose,4,KV001919,17f6a623ad09444402451288300ae50342a52d63e99ac65ca6e2f6579190294f,pending,,,awaiting explicit learner-level review before release
klose,4,KV001920,7336704f1c259437e7441757b36dce706139e8e8d247a40defd5fb4c1d05a713,pending,,,awaiting explicit learner-level review before release
klose,4,KV001921,54248397ba9318fbec263c6b242bff7c8f06dc5256d75e235b4804370b31fa4f,pending,,,awaiting explicit learner-level review before release
klose,4,KV001922,b0abb8cd32da9d2d516fd043d55b733a93c69cb214b54da20d0647ad8b940202,pending,,,awaiting explicit learner-level review before release
klose,4,KV001923,ad2d2d2d30b85962e286ee96de9180a10122a17535b0acae7363ee22d5498179,pending,,,awaiting explicit learner-level review before release
klose,4,KV001924,ce620f06a5f0d8217fc1fd29b82f4521150999efb1a9c5c8179f0ffe94c67483,pending,,,awaiting explicit learner-level review before release
klose,4,KV001925,05d9f25e7a52583d11a8794233f1cad02826cd3032a52f499d98459f735f8759,pending,,,awaiting explicit learner-level review before release
klose,4,KV001926,46ee5580596ad1282161ce95d7ca60402d4f743c161fa5771d4e370b6a9e5a5a,pending,,,awaiting explicit learner-level review before release
klose,4,KV001927,c53a983b243006cd19fab4d61dc26a782ba0fd2c8fb79be61e480a617c3efc8f,pending,,,awaiting explicit learner-level review before release
klose,4,KV001928,dcd0c0afe44733027fb9d52708832ac16b34229b1a613f62e3011058e9c25080,pending,,,awaiting explicit learner-level review before release
klose,4,KV001929,6bb4fd7213bc2bf6b4034c317de20621f7d2bb3b9a49d333ed7424bcdcef1921,pending,,,awaiting explicit learner-level review before release
klose,4,KV001930,623d968a9ef14091914c7f5adb877d4c1f6af8b147ae05bb42211fd31025a2a4,pending,,,awaiting explicit learner-level review before release
klose,4,KV001931,8807974ce2c9ab7ba1c6d00f9d5ae3e1040550b2eeb845a6141f023f0dafec7a,pending,,,awaiting explicit learner-level review before release
klose,4,KV001932,2243812062e0612116b0732d01b2c5f6918051dea8edaef861ab4b9ae4a93c76,pending,,,awaiting explicit learner-level review before release
klose,4,KV001933,b95bba672ea1b8cd51412cd99d43cbc1a1ca17f3038acfb1bd49b0aef88d4c28,pending,,,awaiting explicit learner-level review before release
klose,4,KV001934,ac064388a13abe2b2834f7871955b84dd1b52885885e09ec65f5d32b5e4caf11,pending,,,awaiting explicit learner-level review before release
klose,4,KV001935,6be86585529084893c74207225e5200389e431a78bd18d7245939571c351e1e5,pending,,,awaiting explicit learner-level review before release
klose,4,KV001936,e23e7afa666d224846bca373b5ba3d288cf96a25da9b8cb500f25843b4e0e636,pending,,,awaiting explicit learner-level review before release
klose,4,KV001937,69b642468a069759ded614b3f34441e7d2c4243b15806bdd9c13c248e396a319,pending,,,awaiting explicit learner-level review before release
klose,4,KV001938,dacead1c8cee7bca3f16e83f8f7b3361d5c4d57c571f9a4bac5ee367352914eb,pending,,,awaiting explicit learner-level review before release
klose,4,KV001939,f0077182936423b3bc5d8a15a0718a91d31f6c93e56f55926dc432c251710f37,pending,,,awaiting explicit learner-level review before release
klose,4,KV001940,b2ba9690a54558235b375240c5e0b9f312e8f48c0329d6ecd9a26378a3f0f4ae,pending,,,awaiting explicit learner-level review before release
klose,4,KV001941,3f3e32b1b0eaf382fc557715a5dab0b716978a7808b86ae83dede0e401ac8fba,pending,,,awaiting explicit learner-level review before release
klose,4,KV001942,78808910a79043a34e8b2d12b0e6c3ad512f82d567da3e7432b8faed292fdb65,pending,,,awaiting explicit learner-level review before release
klose,4,KV001943,c6119da2000792f944280e08866bf9094afb7350529e240ac8e74d02687f17ce,pending,,,awaiting explicit learner-level review before release
klose,4,KV001944,b5783ce389b42b6c511c99d171c1124b8876eca7b55ee368d12e792efee59c89,pending,,,awaiting explicit learner-level review before release
klose,4,KV001945,fe0f3563ef1c3f7930798b7fdbfd146c87d687bda15d35e05fd98eb5b8055a26,pending,,,awaiting explicit learner-level review before release
klose,4,KV001946,3780f86f65f18c92ca4f2cd2c8245610e481e52894e01c21e8317e338fac0b0f,pending,,,awaiting explicit learner-level review before release
klose,4,KV001947,87b8136bfc50025f053a8b04b5c62b086c53924c47f3a634a04bf8279ff1fb3f,pending,,,awaiting explicit learner-level review before release
klose,4,KV001948,953938affd1e99771579ca533d2dbd8acc8846e0b7a4601dbe94c999f0cce49c,pending,,,awaiting explicit learner-level review before release
klose,4,KV001949,2a6e14982d3a2d3550cc6639f07fde3f73744ed9d2da5ef03d70c0001ace8350,pending,,,awaiting explicit learner-level review before release
klose,4,KV001950,75b9dbcbfae5c44ccb2e60609e1f2c1a4840b45cd2a7eee74d65bc93ef30c3fb,pending,,,awaiting explicit learner-level review before release
klose,4,KV001951,5e205d88c0bdcfee2ba3c91621679231e3c90278ae14cefba56532d532b07e70,pending,,,awaiting explicit learner-level review before release
klose,4,KV001952,7388f5f8ee166854903bb736707a8fc4a93a74154714742b423aae9a678b97da,pending,,,awaiting explicit learner-level review before release
klose,4,KV001953,80d1a11f250d7fd7e343e8ea9d20e28c78a51562036a52410d09f1e3e5fd311b,pending,,,awaiting explicit learner-level review before release
klose,4,KV001954,e92ea1b3b42d1eb67039e268c867ac06f0495e2152c6bda83f39a0efe2fbfc14,pending,,,awaiting explicit learner-level review before release
klose,4,KV001955,fa6509d8197251dd0b18e54496c294071585d50580d5dcff6530cf34db297809,pending,,,awaiting explicit learner-level review before release
klose,4,KV001956,de8c572a0ca3e367456e4013eb99a573d20a50d3b168c801f44c8230115a6478,pending,,,awaiting explicit learner-level review before release
klose,4,KV001957,1a804c8cd7d6cb9778cbf94c7bf525a02ebbb0d87a1441546ee770c7b037a9e0,pending,,,awaiting explicit learner-level review before release
klose,4,KV001958,270e50763c094761c32cecc75f0a6afd9b5f309ee1e8d891d50d0fe3c52a0679,pending,,,awaiting explicit learner-level review before release
klose,4,KV001959,1e8a4a6ffb57ac497dc920d7d660cd946682fcf2257450363c6d4b4919a50f18,pending,,,awaiting explicit learner-level review before release
klose,4,KV001960,6a7b8028360633cbbab196d8f7464aea788e0c5c50d51c0e6bfe202df8058a80,pending,,,awaiting explicit learner-level review before release
klose,4,KV001961,80bac008381f54c62bed677cf75337f01f109364ce4a466a08c49cdc9608cb2e,pending,,,awaiting explicit learner-level review before release
klose,4,KV001962,d49a89cd96486a256427a3d1048dfbcec21ffaa65f268147cf73e6f881ee52d5,pending,,,awaiting explicit learner-level review before release
klose,4,KV001963,80ee225ebd05808f67add26e259dadd867e02958f9c54ffd9065ce27581af319,pending,,,awaiting explicit learner-level review before release
klose,4,KV001964,e80130514d9407a52b9ed536e232fa0c9cf1978e74ce2c2f8807393b956bbe9a,pending,,,awaiting explicit learner-level review before release
klose,4,KV001965,82c1a31b31099831026d1c5eac49b0f88affb825b22bd99b69a46a160491cdc4,pending,,,awaiting explicit learner-level review before release
klose,4,KV001966,4aae14b362dd551dcf2269da42768cdca06fa35af2681380ca8e8f602982125e,pending,,,awaiting explicit learner-level review before release
klose,4,KV001967,2a86036d2853b3a135042b29f6f05e8af22889d781e342ab4c171535a5bda310,pending,,,awaiting explicit learner-level review before release
klose,4,KV001968,a6da1698aa1a96d29898ab263210854c5c10b4164c22b3787a2f578d55035afa,pending,,,awaiting explicit learner-level review before release
klose,4,KV001969,b563e0e9120a66c7ce9e904dae38a27b9cf9b6910353a2555d28883e49d61460,pending,,,awaiting explicit learner-level review before release
klose,4,KV001970,3a8b094526d5da353fc0aa8c2e520091dc44caff8a9d81fba50b7051e38eb634,pending,,,awaiting explicit learner-level review before release
klose,4,KV001971,1f634b443f0b52b4628483d57b6e5fff0672aadaeed12e385051767547449311,pending,,,awaiting explicit learner-level review before release
klose,4,KV001972,b29a45d59bbcc81756ee26d6b8b7f101e03096e5d8b66eecef33dbb15fd3f8c6,pending,,,awaiting explicit learner-level review before release
klose,4,KV001973,ede7974b75848bff8f268e278ae00a7e19f48d445e63c10ab3ea92bb1ab9aa07,pending,,,awaiting explicit learner-level review before release
klose,4,KV001974,c917b4843a6216587254210d49f2b55c3b20d1df0c588a8ea1406f8580ae79fc,pending,,,awaiting explicit learner-level review before release
klose,4,KV001975,b775f8956e0a38002f49fec5754ff53c66ea6cb444142c1fa98ba37fa7fa1ccf,pending,,,awaiting explicit learner-level review before release
klose,4,KV001976,c6c186a9ed4784acbc6e60c433ef9db213ef1b9f06ba5d8e66783f970078a633,pending,,,awaiting explicit learner-level review before release
klose,4,KV001977,c8471e277d1f428c590c0205d307dfa75cfdc17eb00586450d2daf363a57de03,pending,,,awaiting explicit learner-level review before release
klose,4,KV001978,2e99b74c4c940d53a42594928cd6849e6bfa1b12aa1c3719041f66d2f9c3eac4,pending,,,awaiting explicit learner-level review before release
klose,4,KV001979,f96a155a493bf1e8a1551428c0ded86ea17687bd2c5902b3ffe22a281ee4da36,pending,,,awaiting explicit learner-level review before release
klose,4,KV001980,ed5dc1041d1b88e998e9887a242e610fe0ece0596cb9e83cedad587171dbdc78,pending,,,awaiting explicit learner-level review before release
klose,4,KV001981,2d5f616180627806f261601180f4639e8fcf0da2bf646755d84f4ed7c0f5d910,pending,,,awaiting explicit learner-level review before release
klose,4,KV001982,62860ee63d4b83175a89674c0d03b74ca5db65475bb36ef5aa70292357663cc6,pending,,,awaiting explicit learner-level review before release
klose,4,KV001983,fe4002687537ac25dc647d1a4f25eb468893ca6ca36dc4ed6688bd051f6c105c,pending,,,awaiting explicit learner-level review before release
klose,4,KV001984,44c08d3532b8b84b7fe36b3e6a7f64711b001db9d013c86f0181d10ac6cb3bcf,pending,,,awaiting explicit learner-level review before release
klose,4,KV001985,970bd1760a5becc312bad0661377ba8b22f0ded0b7cbfe609945b1f65516adf3,pending,,,awaiting explicit learner-level review before release
klose,4,KV001986,02e932d3b68cb164cc74aec418b2a6e6591e0ea6611445e435ab436254f4f368,pending,,,awaiting explicit learner-level review before release
klose,4,KV001987,d6ca9f1cde2536930ca9b58821792584acf1c38d76719934740ebf97af721064,pending,,,awaiting explicit learner-level review before release
klose,4,KV001988,d62857429bc0b6bb62a2d9d3439c2edcfa1f4f14365171a5f9f9ef6979747f3a,pending,,,awaiting explicit learner-level review before release
klose,4,KV001989,628badd9b00817a5ff73b388da713bae9ebd89679993efa40b04f56820cf63d3,pending,,,awaiting explicit learner-level review before release
klose,4,KV001990,157870bd367500dc38d088b31b24937f8073e79f8211ee35425e1c90451c433a,pending,,,awaiting explicit learner-level review before release
klose,4,KV001991,d0e9d88a66700f0cb3465242bb50501db0711932fa7a7af4e67d696f64867b5e,pending,,,awaiting explicit learner-level review before release
klose,4,KV001992,15a9f8fd257a7b336a8ea467f8bdd14ce04ec49f85d709a97499ceeab5b0ff9e,pending,,,awaiting explicit learner-level review before release
klose,4,KV001993,503ee17cebaf17d54dc7b54bfaff21550bde49efb6bdd2c679c732612108cb0c,pending,,,awaiting explicit learner-level review before release
klose,4,KV001994,fe4f014e08e08f708518a0aa5ddc28cc910cc82956a757b6b2c689710aff45ba,pending,,,awaiting explicit learner-level review before release
klose,4,KV001995,3e552ff527a9d71c7b2cfc32c99ed776f27a0657eb7af2ea3758e20a9fd69c6e,pending,,,awaiting explicit learner-level review before release
klose,4,KV001996,52d4f166019f5847c9c73299bbd58de3be5bf9a193ff07281223d639309a16ca,pending,,,awaiting explicit learner-level review before release
klose,4,KV001997,55491add358033e7a2bc4d2a86764d79b846fd7b8107063d3e87f58e6882a215,pending,,,awaiting explicit learner-level review before release
klose,4,KV001998,3931fd50e4c1586dbcbf61fb80eddc3074017f40e47bba9451ffd654b9cefdcf,pending,,,awaiting explicit learner-level review before release
klose,4,KV001999,c5b5fa0406e6581c0dcee57cd39bf440da696934c20b216ad82d73c04162b402,pending,,,awaiting explicit learner-level review before release
klose,4,KV002000,eebfe694ef2ed260b3a630ff2c6aa349514152aec645291394221b5f48789300,pending,,,awaiting explicit learner-level review before release
klose,4,KV002001,fadcfdd8ec37a7a6b81b8b9be2228dddbeeafc9468e17e065c2d6d7a01735622,pending,,,awaiting explicit learner-level review before release
klose,4,KV002002,d204f9918d6dc0bdc9e354924c235aae00a77d4c55c9553f9bcab86bfdff99ef,pending,,,awaiting explicit learner-level review before release
klose,4,KV002003,2cc07f25d38a5bca3644a6b2d4640a85d6f06f4c7f2e6998b6760a9834dc2e47,pending,,,awaiting explicit learner-level review before release
klose,4,KV002004,04c5dcb33739e8fdb52bf1c2e5d77e0dce482efe793b2739fee23622adc10e89,pending,,,awaiting explicit learner-level review before release
klose,4,KV002005,9af0e2ca0826b186cd3fe484dea643ddb500dd4726b4238e3f553144a957f9b2,pending,,,awaiting explicit learner-level review before release
klose,4,KV002006,0b9e9d4f9fc96420979b1f533acf327e0cd036e58e7ac76d516e2c8e1118b462,pending,,,awaiting explicit learner-level review before release
klose,4,KV002007,708add8e7a1923e1bc8eb2d369f4f10ec7be10542b292d213ccfa7ad2b205e37,pending,,,awaiting explicit learner-level review before release
klose,4,KV002008,d8d61362228af0a65e6c1b65fedd2511fe21f4f3be8246c6f902c24c5c8e4cfc,pending,,,awaiting explicit learner-level review before release
klose,4,KV002009,af34540d1ab7a12675e909fba1e98fc784bfcb6f8bf2c951b84e910d9f89ff4f,pending,,,awaiting explicit learner-level review before release
klose,4,KV002010,44f984afe7c0ece0b8cfda092ffb187f0066aa762c84790cef71e37ba65a3b6e,pending,,,awaiting explicit learner-level review before release
klose,4,KV002011,b38baebb78059a14e0aa0596fa33db7cdeb3e925ce57c5b96c7a4bc7123fe0fb,pending,,,awaiting explicit learner-level review before release
klose,4,KV002012,15033c35c154c3f961daffe4d828bbb3c8d085af1d3aed6f5a7899182b007c8c,pending,,,awaiting explicit learner-level review before release
klose,4,KV002013,b1fdc85f2dcc37fe5eb1163b7e7f930f0d6b0ce14290be273c866762cb311e9f,pending,,,awaiting explicit learner-level review before release
klose,4,KV002014,9d88a4e20c14c1990e575f62742fb84c2f1fc69f8797acfe54d30ed7bc2bfced,pending,,,awaiting explicit learner-level review before release
klose,4,KV002015,83005b4c48f7fdf3e64ec035cf78d7886a558cb8aa31e77ec0f941da33554f36,pending,,,awaiting explicit learner-level review before release
klose,4,KV002016,7a1741d67be4cd42d0b8abd1d37369dc21c1949575d11df48c736aad825decf7,pending,,,awaiting explicit learner-level review before release
klose,4,KV002017,274b2cded86836abfdeac9ad99f40448cfec11c8dda619590b2a75eb459f8937,pending,,,awaiting explicit learner-level review before release
klose,4,KV002018,3cc1b84ae5c981fb7b5a83491fc430798900c55f87c10126f3c598bfc4504a88,pending,,,awaiting explicit learner-level review before release
klose,4,KV002019,6816d73a6826bc58be41c6a9caa89cd2eae6ef1b83c59793fd7fa8072f389544,pending,,,awaiting explicit learner-level review before release
klose,4,KV002020,c60fe0ac658a9ccd12699540afeca5571c56abfbcb6a5dde80b1732dbb9314a9,pending,,,awaiting explicit learner-level review before release
klose,4,KV002021,1cec31527e921137e70981ea3e8e865b3f94460c41c2ef6dea8ee09cfcf3d289,pending,,,awaiting explicit learner-level review before release
klose,4,KV002022,b480433d426d3da3e81c7471c06330322ad1d34870a6afec65de983bf93029f3,pending,,,awaiting explicit learner-level review before release
klose,4,KV002023,62a12375d78ecd96cd76e54d276e2ab90b3cb34fb06472f5b542078f1776d32a,pending,,,awaiting explicit learner-level review before release
klose,4,KV002024,8de95a3c2ef8a3228ae6a74d4d2c1ad7d63d99d4d4689e48143278fd89b537d6,pending,,,awaiting explicit learner-level review before release
klose,4,KV002025,9003354fa6423be11c438ac3efb71d34c30312ebaa7afd8b2f2ce26302c4c3f3,pending,,,awaiting explicit learner-level review before release
klose,4,KV002026,ccd2394239cb4d3e6b2f6f8b89e657bb1a68665417f092ea1f80ddaabc443f89,pending,,,awaiting explicit learner-level review before release
klose,4,KV002027,97d23a7d2c68f0445c9dd2389f896f451ad52e2bd731b0e2cb845a23c4eee6ee,pending,,,awaiting explicit learner-level review before release
klose,4,KV002028,7af994b9e50bac8761989bde12a9e7bc1ae1ca8051e51675e3d0a41cbdbf6c57,pending,,,awaiting explicit learner-level review before release
klose,4,KV002029,02bc0475df2fb6842cebe4b6d045d47ac5bc766d8358501a1c31947d160ed891,pending,,,awaiting explicit learner-level review before release
klose,4,KV002030,1070e0f2e3f8af0ed834c61250daec61af501735b5af1c2c341968900874549f,pending,,,awaiting explicit learner-level review before release
klose,4,KV002031,c36ea6b83476280da7193e0477e82f3ce6b4f903822e82e4b21f09f7d0e3cf29,pending,,,awaiting explicit learner-level review before release
klose,4,KV002032,d80be1e959c736609369358ef2ad9a7d6d6bb40cbb2e490304f8bb72f6e4919b,pending,,,awaiting explicit learner-level review before release
klose,4,KV002033,a639024c16c648aef558397eee1fb13dde535006ce356e70d795bc2b181126b1,pending,,,awaiting explicit learner-level review before release
klose,4,KV002034,3967c48a76d065c684a6f53074a54b14a117e20954d21bbc6d9b0df950759179,pending,,,awaiting explicit learner-level review before release
klose,4,KV002035,d6cf5650819d957dbcdde78d99a2ca180c3b019e44e61e20a0b2f6a066d1e256,pending,,,awaiting explicit learner-level review before release
klose,4,KV002036,e18f8b83c7f053098731f1b7d35591105d5d406a5aae4c89b8263f64174b3f23,pending,,,awaiting explicit learner-level review before release
klose,4,KV002037,9b77d7f530aa1d655a608dae71b5eb4a7b528a2d915458bb52dd13775831540c,pending,,,awaiting explicit learner-level review before release
klose,4,KV002038,eb80b317a9f7b912df42bb45b3f7baa1fc9147b5a25b08d59f4f65ae7b9fc00c,pending,,,awaiting explicit learner-level review before release
klose,4,KV002039,8aafb65ab22edb2bd298668935541a27eefc7f736068ae154bc5c40c282aa479,pending,,,awaiting explicit learner-level review before release
klose,4,KV002040,ff30d2807594e9a07271f6ea0d0745f9e752206f16aea92ce63616830b34e5c8,pending,,,awaiting explicit learner-level review before release
klose,4,KV002041,25f4f4c0b5f820593212db6630759d847ded1ad2664f5c70210b1c038c3dcd95,pending,,,awaiting explicit learner-level review before release
klose,4,KV002042,d44b6fb05ac3c75bd590461da29e0dd6584404a74ec0dc328fde2512dbb5a504,pending,,,awaiting explicit learner-level review before release
klose,4,KV002043,ca5c0777759ce4f32bb32a420832961f989bd9cf012e08ccc02d5d79c58f91c1,pending,,,awaiting explicit learner-level review before release
klose,4,KV002044,db29de520629d09355f95c5c37fecb07d4aa84771b2feb1893d3f9688d5e1815,pending,,,awaiting explicit learner-level review before release
klose,4,KV002045,a3e2aa0dffc08f55b4d4e6a6692c8e09c801419a44d429c314503b6b763a18b5,pending,,,awaiting explicit learner-level review before release
klose,4,KV002046,d46c14835b2c4aacf35ad495dc711ccad589526eb7e6c3796f2848f1799f23fc,pending,,,awaiting explicit learner-level review before release
klose,4,KV002047,fa565a226f6bfa677c72981aabff0752f4532eacd02bb1204da90068abc1dedf,pending,,,awaiting explicit learner-level review before release
klose,4,KV002048,18b1f99b0f08bff793508fabb63293dccb5a6ae9683b027104192295df069ec4,pending,,,awaiting explicit learner-level review before release
klose,4,KV002049,ea6e95245b3579379d252ff35cb4f50f55a8581ec60d8fb94a4c7d8d2cbfe621,pending,,,awaiting explicit learner-level review before release
klose,4,KV002050,d188adb30bf7f9cf3f3da5ce491a38f21c4eea1516bbef74609992bfa95199b2,pending,,,awaiting explicit learner-level review before release
klose,4,KV002051,d289bab282e4c89747e2d20479dcaf3f2a3533c56241d54068ffc1142ac793f3,pending,,,awaiting explicit learner-level review before release
klose,4,KV002052,65346d301d0172bcee9f4ebb0668c093508cace3ee8a1f7dbc4ecf73537d0399,pending,,,awaiting explicit learner-level review before release
klose,4,KV002053,04b6bec54b6b79b5e5520374aa602e80bdb6526fe3754b370b96c93b12117ef6,pending,,,awaiting explicit learner-level review before release
klose,4,KV002054,539440a137851c2e96bf1a73e9196075cc2fac5c88adcd795954dc466cbffbe1,pending,,,awaiting explicit learner-level review before release
klose,4,KV002055,9ff0cf4e903dac63b744b1f521db7be22e58fae054c45ab1e90aa44f19920521,pending,,,awaiting explicit learner-level review before release
klose,4,KV002056,88b409333a8340f71c5ebedf1833d11000d6781beafdcb93cccb77cef13c1b61,pending,,,awaiting explicit learner-level review before release
klose,4,KV002057,5022e10bd7cc663cc5b0d378ab53c636783ed239d555184fb606bbc114f950f4,pending,,,awaiting explicit learner-level review before release
klose,4,KV002058,9ecc4547a9b10d389856bcb6bd73c18b79c02f9b14ed51891c9dac9ef7a3d3a9,pending,,,awaiting explicit learner-level review before release
klose,4,KV002059,cb245035fdf8119a7fe4ba8ac5646da047740e1f1890efb073938401dd721617,pending,,,awaiting explicit learner-level review before release
klose,4,KV002060,ef0197a70ebd8de08b93907936afda0db63baef25716841c9692f6c26a6b3dd0,pending,,,awaiting explicit learner-level review before release
klose,4,KV002061,6627c84e9f384e351549383f9cb63c7e7547b9ec8448efd550684e247d24db4b,pending,,,awaiting explicit learner-level review before release
klose,4,KV002062,b09ee99adf55430d9d8de07be410ac473a9510e2dc1f4d099182c04dd3191854,pending,,,awaiting explicit learner-level review before release
klose,4,KV002063,078b45d6076243d7f526ad3e682e679a3baf2ae02abf1d555b7204aeb912d0a4,pending,,,awaiting explicit learner-level review before release
klose,4,KV002064,834e2721931286ca95c2ef04e0db39b8e6e4362c761af75083f83a3701c8c29f,pending,,,awaiting explicit learner-level review before release
klose,4,KV002065,4d9495172d343498ee64ae036dd9ccd969fa9e78e3fa7611af61721f58d3c96b,pending,,,awaiting explicit learner-level review before release
klose,4,KV002066,57315a8b2644763d85e538a17a56cd5448d9f8d5aa22fab7b49f2121dcd08f89,pending,,,awaiting explicit learner-level review before release
klose,4,KV002067,1dced54312b39b662dddf4f0b3b2b9a78caa21e7794270a8d4fd147a85f9a31f,pending,,,awaiting explicit learner-level review before release
klose,4,KV002068,a82412365c1e5780df8e6c4e526e4aaf15f0d26e6667939a3706aa19f4004280,pending,,,awaiting explicit learner-level review before release
klose,4,KV002069,08af14b7afac6652f82c07dbf6866874caff50b2ba059a58456166449a877097,pending,,,awaiting explicit learner-level review before release
klose,4,KV002070,b0727975e6dc804e38b512690aa19889846ae18d9bc3547635edcb98b0934de2,pending,,,awaiting explicit learner-level review before release
klose,4,KV002071,888c357e827f6b10173edadb774c4faad029a141df2ace180ed47ade99512b80,pending,,,awaiting explicit learner-level review before release
klose,4,KV002072,48784424cf77ee0993e856bf144c23c8587670684aa4787e8668d841875b7c9b,pending,,,awaiting explicit learner-level review before release
klose,4,KV002073,8917e0310bf201eebe7fc89063949e8bb6bd02cb5b35e21385c5de15628deca2,pending,,,awaiting explicit learner-level review before release
klose,4,KV002074,b439ef9ee8c96c29655db2cfe7c9a7e592e9dc2d37ad3148c71e4229d9ebf639,pending,,,awaiting explicit learner-level review before release
klose,4,KV002075,9c4b4b05105dd0cc2fefe70334e55456637c228eb955caa749be6411395202a7,pending,,,awaiting explicit learner-level review before release
klose,4,KV002076,0da00527730d6309b1dcadb9f5d6281ed7812de05194085d5798010134ca6fd7,pending,,,awaiting explicit learner-level review before release
klose,4,KV002077,3004fddac783dec300ee749246addf2eb240a9559b67b31af40e08c595f78d31,pending,,,awaiting explicit learner-level review before release
klose,4,KV002078,1474cfc34a9edd5409add500eba7638776833cad9f93b42f7966263433a4aa5f,pending,,,awaiting explicit learner-level review before release
klose,4,KV002079,f1b10cac5c5b011adb0c0fbc06f31f4406f1b1421650aa309f834de04221d0d1,pending,,,awaiting explicit learner-level review before release
klose,4,KV002080,7916dbd8fb24cfa4d0b1c39f2c50a7e40877621836f09624f9495e11331e7cd1,pending,,,awaiting explicit learner-level review before release
klose,4,KV002081,937bb4afe57c6c86cfce895b72a2aa3d34741c4c0c76180dd09e9239bd2cfdcd,pending,,,awaiting explicit learner-level review before release
klose,4,KV002082,8f6fbfe7b02aff46e4da57dbd2140d5c8a6eae5c4997568a4cf6405a0b0dd7cd,pending,,,awaiting explicit learner-level review before release
klose,4,KV002083,9fbf51d5496b1c56cad801240b22f9130484f796136a08d49ecda6e1eba69008,pending,,,awaiting explicit learner-level review before release
klose,4,KV002084,3ef1dae7361b8c3aa04291359ecac8f7ce8d146897987539ed7ed254c81e6c7a,pending,,,awaiting explicit learner-level review before release
klose,4,KV002085,70416fc095be26d62aba6d10bffb16a26b0c3c2db3b865e77b7518c2b560cfba,pending,,,awaiting explicit learner-level review before release
klose,4,KV002086,a85710bc1fb2758f99d907a88aa0f38ebca3dad7fd9a4a13fab7ce61eef18a6a,pending,,,awaiting explicit learner-level review before release
klose,4,KV002087,1d9da2f8bb620d95b92a88e29a0b7dd841c4c1f370e26b409fd98480bf1d5d73,pending,,,awaiting explicit learner-level review before release
klose,4,KV002088,9beb150cf3859d1f4d7ec5df2536dee28272d6f8b5960688c084bbfbbd75ab28,pending,,,awaiting explicit learner-level review before release
klose,4,KV002089,7ded314eff94ae7598ab49a1c5cad0b75e17df5f2170226415808eccd8a14947,pending,,,awaiting explicit learner-level review before release
klose,4,KV002090,fa89c17ea13aacaae353d5dbe2976ef2d6c6e34f6affdd92380981416992079f,pending,,,awaiting explicit learner-level review before release
klose,4,KV002091,06b27b0e2590026e742cde434486ed69452cee171be5fe256a326b78a879b806,pending,,,awaiting explicit learner-level review before release
klose,4,KV002092,66cb5c5b98efee88bbcf01e0bb9d299e77561cfb2b97e8ced7a729b447bec77e,pending,,,awaiting explicit learner-level review before release
klose,4,KV002093,e1c02549114646b34ff64054dce8881566708a7cf311a122563a89757c8cce0c,pending,,,awaiting explicit learner-level review before release
klose,4,KV002094,913f235a6980a67daf2c1f2554c71403b7566f7a9307d0f6ff4502b3de5b15de,pending,,,awaiting explicit learner-level review before release
klose,4,KV002095,69bbf3b79a27abcf7102baa5a87ba77cb018b4f9d6516b4f0d298d4a3191e1b4,pending,,,awaiting explicit learner-level review before release
klose,4,KV002096,c91b50e5faad15d0468057a1088d68de7d6ee21ca12b18293f61b56fae6e13d6,pending,,,awaiting explicit learner-level review before release
klose,4,KV002097,001f4186fdb459653ff8d55e0d6ee863eb59a1417edf63403708a539f581a03e,pending,,,awaiting explicit learner-level review before release
klose,4,KV002098,3879ac7bb7055f6886c9df2f035d052a212aaee60f4f0037abd77f2334788836,pending,,,awaiting explicit learner-level review before release
klose,4,KV002099,799cdf6e0e359328a040278ff3b9c48f1c44006f7e9577890032044a304eddef,pending,,,awaiting explicit learner-level review before release
klose,4,KV002100,71c17ecae038c896fa5e9a45cc2fb6f34d2dc19a0f5beb3b126a165700ce3a12,pending,,,awaiting explicit learner-level review before release
klose,4,KV002101,2b8ecce024e9fa7942101accc903a699ec3f17aef6858fd7b8218f4d973c550d,pending,,,awaiting explicit learner-level review before release
klose,4,KV002102,b6095e29404ccd1005e81d029ff347626788909b6cff9afb0024908f7af44f8f,pending,,,awaiting explicit learner-level review before release
klose,4,KV002103,8998d86b1d928e81ee20848ecae18ff65a9d79c521fbed5b6b8d01e28236d0c9,pending,,,awaiting explicit learner-level review before release
klose,4,KV002104,c744a1be5ef8e93415c9fa76154198701ab09a2e746104995971d4c17a11ed78,pending,,,awaiting explicit learner-level review before release
klose,4,KV002105,933727d8f4feb0ae6ef951809132eb3d30e0dc9e747956f10c9969ff2ee9ccb7,pending,,,awaiting explicit learner-level review before release
klose,4,KV002106,20ffd37a9724fff7f33ab07e0b613b1c6af0b78d68f32a73a5ceecfa1dfa2bbe,pending,,,awaiting explicit learner-level review before release
klose,4,KV002107,1e8965512be0131b9f5235d3c384c6928fc635f2cb00d21d748b9d6b125edfce,pending,,,awaiting explicit learner-level review before release
klose,4,KV002108,db0262bfbd1c77f1dedb2b21ffda13aec2b70ca4b726aa4f07bd003aea69b732,pending,,,awaiting explicit learner-level review before release
klose,4,KV002109,92ad7b2e02f549e2461757183039501873929dedb26b698a3f7d2b5215295a71,pending,,,awaiting explicit learner-level review before release
klose,4,KV002110,7b3a531926e047a4651d053661f7341e2de560e66b95f02a2e0034356e993305,pending,,,awaiting explicit learner-level review before release
klose,4,KV002111,f46a840d9edd4b0dfcb281968eda1dfc86b0f2f2b18922e97261a19f71a74df7,pending,,,awaiting explicit learner-level review before release
klose,4,KV002112,ba33bcf4ea2a601d2b598be418562926e3aab85defe5c9b96f77764c83810ceb,pending,,,awaiting explicit learner-level review before release
klose,4,KV002113,5ab94c6cc5c679f67b98b2259af00660771cd3663fef20c1ad9e6ead041514bc,pending,,,awaiting explicit learner-level review before release
klose,4,KV002114,7ba501d03c5edd8a2ac544a8966b5c9e82fc4ca4ed6c923eee597022f95b93c9,pending,,,awaiting explicit learner-level review before release
klose,4,KV002115,a2787a501143afa92813afb03f6a926abc1459d4bccc58e137effbf3eced37c4,pending,,,awaiting explicit learner-level review before release
klose,4,KV002116,73e46a7485da1d2bd66aa03067693df8116581645ad194124c57dbb759d3f035,pending,,,awaiting explicit learner-level review before release
klose,4,KV002117,21bc9ea29b13f2357a599b26347266368eb7f185a9d1594fdf8afd74c5095e2f,pending,,,awaiting explicit learner-level review before release
klose,4,KV002118,f25d89671fdda98189475d53127714ad084aceee9a1c05fe48ef15cb8a4f0339,pending,,,awaiting explicit learner-level review before release
klose,4,KV002119,ddc784673301dd2d1e0527482353ba7d5c2079fa3be46d76337146ace95f6039,pending,,,awaiting explicit learner-level review before release
klose,4,KV002120,8781322fbc0015bbdb8e8b19a8afab41ab7a03795bbf2e26df93067cdb1c4a0f,pending,,,awaiting explicit learner-level review before release
klose,4,KV002121,8c2f1e0f6a6986064e9409ec27fd073ac51cd47959149dea8439359dd5cf9ae8,pending,,,awaiting explicit learner-level review before release
klose,4,KV002122,c3ecc355b02214d308c3462499728dafa000749191784cc01494d5371617608b,pending,,,awaiting explicit learner-level review before release
klose,4,KV002123,604df663cd6d6361ca539d219abb032336f006162e20456fd3f5f29ae1b94efe,pending,,,awaiting explicit learner-level review before release
klose,4,KV002124,5a05dc6374b99cc2892fed0a192b97cfe9358771da40aca3e57280705fece6e5,pending,,,awaiting explicit learner-level review before release
klose,4,KV002125,7e0927f3551f1f9ac29bab57f67e82bb645c1bff9ea04f0c4818d333c3192752,pending,,,awaiting explicit learner-level review before release
klose,4,KV002126,b481387a90e83e618a350a96efb64589100fb7c45d5b56951ff503f7c1704db2,pending,,,awaiting explicit learner-level review before release
klose,4,KV002127,40b2645b6ebf6b67a6b1c3a27b2f6c8ff1f02f97bd4b23f98c2977a3f71fd9ef,pending,,,awaiting explicit learner-level review before release
klose,4,KV002128,9ee1109e5fe17d4cbf7c606417ab20767670e2efa60e36c834183916440d34f0,pending,,,awaiting explicit learner-level review before release
klose,4,KV002129,3b60a9a210c95ab15edfe478e84b3d7c2743da6c5368d6882eb5400705f41242,pending,,,awaiting explicit learner-level review before release
klose,4,KV002130,9508e7b56f54906f6a886f449e8bcc675637c6a105128b64a6cf7f47bfb5d9f7,pending,,,awaiting explicit learner-level review before release
klose,4,KV002131,9f03525bcaf9d3adea132dd32da7883bbe683b69d8b5feb7edf4c9841a586c64,pending,,,awaiting explicit learner-level review before release
klose,4,KV002132,c3b13d2671cf545a1cbb11db707ed9d9c999570cc972e7cca9d95ef5d55e4a6c,pending,,,awaiting explicit learner-level review before release
klose,4,KV002133,efa73722b14e77176ae4270483a3684a4f81fa37376485fe40884f47f69b2ba4,pending,,,awaiting explicit learner-level review before release
klose,4,KV002134,9b92699d8f37e444cf9dd4166ccd292464923c5242d0c6095a4cd106109c4650,pending,,,awaiting explicit learner-level review before release
klose,4,KV002135,7196d6e516977e6ec8decdf1170b2c705c021126f753ed3ae920e0281b2d5645,pending,,,awaiting explicit learner-level review before release
klose,4,KV002136,0d748651272d79849a88541cfb4f7ff72aa48e3cc9a56368a9aca916fdfd5070,pending,,,awaiting explicit learner-level review before release
klose,4,KV002137,d5fad8c94795116cb2366597f95a154a522d38847cc991c534bcff1b8433d038,pending,,,awaiting explicit learner-level review before release
klose,4,KV002138,6678197b18313df28ca80aa9a7a866de6e762a794193819089d4cf9c9fb2a601,pending,,,awaiting explicit learner-level review before release
klose,4,KV002139,8c304df98bf5c37d72fa04999dab6997bc55f5eddd4ee975f9d7ee784cb67c79,pending,,,awaiting explicit learner-level review before release
klose,4,KV002140,1b8e1ee4c1061636857cdd9a81ebd03f0ec11f2454d99ad8ae29a39da30dc117,pending,,,awaiting explicit learner-level review before release
klose,4,KV002141,f106d5f8a790eb60291786fe54a7db7846207756544d411749b6271a8d5e986e,pending,,,awaiting explicit learner-level review before release
klose,4,KV002142,3bbc91c3e9a817fa6c95cb7b4a4de1e15c4bd22932f9d72ee77cbda7a1922970,pending,,,awaiting explicit learner-level review before release
klose,4,KV002143,8a638d1e9be0f550f2e6d93b8f2acd2ffa2cc4ad36b5a83788eee3c2a98d7798,pending,,,awaiting explicit learner-level review before release
klose,4,KV002144,f7241012421506ddb866c5962e8aa200dffe67374795cda03d7f4db51ffef99c,pending,,,awaiting explicit learner-level review before release
klose,4,KV002145,e55c33f6839a03d19dd2a46980885d3460930f6b03ddf467bbf5bca64e290367,pending,,,awaiting explicit learner-level review before release
klose,4,KV002146,b672ac1499d64f2fdfadd19fdc42cc0bff618905d5005aedcbd2f3ef4dffe762,pending,,,awaiting explicit learner-level review before release
klose,4,KV002147,b958b28ce14abbbf9f01a193559dbde3f2cc85168181fb86e3f06e6cc1923a52,pending,,,awaiting explicit learner-level review before release
klose,4,KV002148,2766ccc68df5d40c8ac88e51be06b2ecfe21752968a7397049dd0871ac8655c6,pending,,,awaiting explicit learner-level review before release
klose,4,KV002149,44c1626e2ad6de4563b859abcda529ea8ffc9deb2e4d8cfad2ff12ffac4c3ca6,pending,,,awaiting explicit learner-level review before release
klose,4,KV002150,345a6b6a6816fac351e16973295ae4150bedcdb2aa6d67c1773bf271e9927299,pending,,,awaiting explicit learner-level review before release
klose,4,KV002151,513f50adb44eeacaf138cd0072526e574c372ff6746d9b15059bc044b57ea8c5,pending,,,awaiting explicit learner-level review before release
klose,4,KV002152,971867ac4e241221a046905e62c51f6a62f170a697c5c3e16ea07c3f8278aec9,pending,,,awaiting explicit learner-level review before release
klose,4,KV002153,d60020d8ad177e3190718241d0db7ae6b1b212bde8579e5831a9c265b988aa93,pending,,,awaiting explicit learner-level review before release
klose,4,KV002154,8692ebf93913c7f9e16565c7e7c174287201cd1e61a5b8146f561b8c05af6c61,pending,,,awaiting explicit learner-level review before release
klose,4,KV002155,712717a30581ae76abe6a84a0ade38e17d6ef0603952700962750e1c3736c88d,pending,,,awaiting explicit learner-level review before release
klose,4,KV002156,33d291f12e417f98ae8a7947648d998698af322eeb72dabb1a9068ecbe6458d7,pending,,,awaiting explicit learner-level review before release
klose,4,KV002157,9365f5773d02394b0d47df3308a5c5f9de2628827e1c66ff7ce9791ac0351fde,pending,,,awaiting explicit learner-level review before release
klose,4,KV002158,58be443609f9c40115bf8d4d376e0a06bc7761db3a56cbe59d4938d181c5a68a,pending,,,awaiting explicit learner-level review before release
klose,4,KV002159,eda4e0bd816a9d766c6e19fa1e6acb1d6d1b02b807f528207e4fc2ebaa8046c8,pending,,,awaiting explicit learner-level review before release
klose,4,KV002160,9d2320c3568a31d3bb82e692d826ca222a482daa1d7bfc04df3a754937dcd957,pending,,,awaiting explicit learner-level review before release
klose,4,KV002161,f7aae9245c9485613b0190fe0141230a01106f4eaecdb3454626bf00a6b8da99,pending,,,awaiting explicit learner-level review before release
klose,4,KV002162,c115f35303a39c7e8274e34057888745369f484b32433b8f01e90b77f4d5c726,pending,,,awaiting explicit learner-level review before release
klose,4,KV002163,424c8b03bc54c23fb87335928e3742fdb95bb83354d1c66d9338951c7acf5169,pending,,,awaiting explicit learner-level review before release
klose,4,KV002164,d2bbaf91d333e75015c7000428783ce6dc573b44475045864e2879fc6f191b36,pending,,,awaiting explicit learner-level review before release
klose,4,KV002165,c4570a1bfe9013791b11e5173b51bb48e34c08ff3fe71b239fa12a955d3beb5a,pending,,,awaiting explicit learner-level review before release
klose,4,KV002166,17b8e71066b63c110a9aa6719e58a32223f726f6e6ea13664248e1ae80ddc541,pending,,,awaiting explicit learner-level review before release
klose,4,KV002167,baeb126a75a991fc09445707bc80e54bbe2cf80f2c8ea73df959aae42b8ca259,pending,,,awaiting explicit learner-level review before release
klose,4,KV002168,84fa7e49a25914e141226944e6f6b7e058a93ce5c4dea95763c2076fa2cdfaf9,pending,,,awaiting explicit learner-level review before release
klose,4,KV002169,b5f6d1ee25bf776b28be866da86cb9f5b042c570e6461a1bbfa0bc017eac6858,pending,,,awaiting explicit learner-level review before release
klose,4,KV002170,92baa3e7998743ed893a88d13cf6519778497376d97da469fabd617accf35614,pending,,,awaiting explicit learner-level review before release
klose,4,KV002171,277242b5b94e8d7a61dd32b8523963e702d394a19346934ca6240ecc48bbf0f4,pending,,,awaiting explicit learner-level review before release
klose,4,KV002172,691341ad4e77207a77e5d6e6dc44d64f51454307083b015ee02951358c61c706,pending,,,awaiting explicit learner-level review before release
klose,4,KV002173,47a15adc3c3afe29a08aba5af4a96e38a114463029202d9b001907ba7aa0e787,pending,,,awaiting explicit learner-level review before release
klose,4,KV002174,50efe3d629b2ad9fd1eae28a8f479ee13650f7d61a12048aea31ecb9f76ed1b9,pending,,,awaiting explicit learner-level review before release
klose,4,KV002175,b57d93d0b7fc3fc1d7f0a99de7e07b6719a0863c15081a17dcd8448e21d51b68,pending,,,awaiting explicit learner-level review before release
klose,4,KV002176,0912b8e3ed20f186415db668b764e527542825148c4a89de9b70488f614593aa,pending,,,awaiting explicit learner-level review before release
klose,4,KV002177,bedac403ba892171bb3921c908cc3747b5a5deb441676e508e9da5c33039b681,pending,,,awaiting explicit learner-level review before release
klose,4,KV002178,e603e69afca91fe595899bdfa817dc1c822cb117c8ba4e59ea3eb80bd816dbc3,pending,,,awaiting explicit learner-level review before release
klose,4,KV002179,1903f8d7b19931cb1d3effe64ca7131eda67eed2e7586deb783b328855993d58,pending,,,awaiting explicit learner-level review before release
klose,4,KV002180,54120b17c9d2ab2d0b76572e94abb52507cc5e8ed393337bd568ec583f858796,pending,,,awaiting explicit learner-level review before release
klose,4,KV002181,af7d45b39b7bcae4374f05063f6d34256f260f6840d3f8755f754533b1d2adf6,pending,,,awaiting explicit learner-level review before release
klose,4,KV002182,33f2149e66d60cb5397486d22c7e28636cd49d287b40cb1112e4f84547fc1f2a,pending,,,awaiting explicit learner-level review before release
klose,4,KV002183,48fad18bcbd44d5a83a4bc3c972a4eb9baa4ffe0c61d77bbbfb4f1688a06a132,pending,,,awaiting explicit learner-level review before release
klose,4,KV002184,718cf356fe0b1ebaeb1d82aee5a75c0dfe07d6a6beec24332745bbacfb2fa21d,pending,,,awaiting explicit learner-level review before release
klose,4,KV002185,f840888945eba9f6360d1eb4aea8a92866a6ea03921aee34e99843560ffe1ba6,pending,,,awaiting explicit learner-level review before release
klose,4,KV002186,b109eeee24919c673fa5705e5d044269885f67476be32c5110947f72157f9967,pending,,,awaiting explicit learner-level review before release
klose,4,KV002187,c65f08b2b92ab2f7998d4aa60212bb0c63cea6eab679bbb5f9e09f259754d8da,pending,,,awaiting explicit learner-level review before release
klose,4,KV002188,c913f37976a43ae35710c64be7ba783d68b314693d3a17d764008c75ab04b0ec,pending,,,awaiting explicit learner-level review before release
klose,4,KV002189,4e24bc2ff3ddb069b966dac874e4a5c41afd78c96966395ccaeb6bcdca904457,pending,,,awaiting explicit learner-level review before release
klose,4,KV002190,cf70a293bb714647c3a7fd446d399eb718c08ba9592fe065497e12fd07229a3b,pending,,,awaiting explicit learner-level review before release
klose,4,KV002191,e42922ba18dce85d6fad413803bd8a20f9a214ad98fe4d7bd88c449e62942dae,pending,,,awaiting explicit learner-level review before release
klose,4,KV002192,4482e3b8f9073c43f03498c505f252e4ad673d82e10748c470dbf0b45657220e,pending,,,awaiting explicit learner-level review before release
klose,4,KV002193,caa10c96c4d9264df3f1a92ff7af7ca552fef97e6a5a1887b283919175f26a6a,pending,,,awaiting explicit learner-level review before release
klose,4,KV002194,ff63073d6804b85b49ad2d7a9947c313e0e58844806b06abd0b4374e95baa297,pending,,,awaiting explicit learner-level review before release
klose,4,KV002195,a3ea3633e6eed331af5276295d26f1f85c3e04778214b280d2995ea64a6e2542,pending,,,awaiting explicit learner-level review before release
klose,4,KV002196,b99ec435737f87ee202d9231dfc80899fd3cd38ded92670b0142d874af21b94b,pending,,,awaiting explicit learner-level review before release
klose,4,KV002197,f85d64638675128c22020e60380c4bf64cbf77f76a47296b303a69c58994d3c6,pending,,,awaiting explicit learner-level review before release
klose,4,KV002198,632fff6a90b9dec71f33aed6e2919a38446c277853751ae2dfd72e3521abdc10,pending,,,awaiting explicit learner-level review before release
klose,4,KV002199,f901fee1cc1630b0a04269b0cff1a68f0d46e5bd8334650430a4024667484d2d,pending,,,awaiting explicit learner-level review before release
klose,4,KV002200,5f2bb00efe92beea79fabae1a3f982a2cd6e7839898c5afcc71a1006a896b6b5,pending,,,awaiting explicit learner-level review before release
klose,4,KV002201,b8a2f8bc2a5e910b0cb48c07ed41f63b2f41bdef17c91e8e1db101e5e5c04619,pending,,,awaiting explicit learner-level review before release
klose,4,KV002202,b8a7b28cd7162e270e6902137c8d77673dd645b46d499224f87c4c8ff715b7a7,pending,,,awaiting explicit learner-level review before release
klose,4,KV002203,cef4cc5431a58e8795016be257367cb3083aa04cb25b7a6a963f472566f277ac,pending,,,awaiting explicit learner-level review before release
klose,4,KV002204,2b6d2434b466f5fe85285af901efc3ac5415d68c895c466344322c24aed7fff4,pending,,,awaiting explicit learner-level review before release
klose,4,KV002205,c8947ae9759b102ebb60c7afd9b72406c7a4dfd100ac59d269794628265c2e72,pending,,,awaiting explicit learner-level review before release
klose,4,KV002206,714cc99253d67d8999e6b2ddd762f8badfbbd34bac7f3c66a501e3ff081586f6,pending,,,awaiting explicit learner-level review before release
klose,4,KV002207,e6dc43bbe93451dcc4383e2f22f57a6fd78c26772b6cd2577cb90cb8de9dd190,pending,,,awaiting explicit learner-level review before release
klose,4,KV002208,d5641fe86e726d30082c1b72f9c825e013217caf4bfd3cd10c9308d45e617c7c,pending,,,awaiting explicit learner-level review before release
klose,4,KV002209,585d4c714c32e2bfa1fe4eb5f56c9419c862f94dafa2f811a443c0fc88a827fd,pending,,,awaiting explicit learner-level review before release
klose,4,KV002210,8420c9b497d2c0bd9f2945ab1e157e33d3c1b20261cef0104c66ba45e8dd61e1,pending,,,awaiting explicit learner-level review before release
klose,4,KV002211,cd9c40b5db43074f8866e7618af059dbf7eeca246cc9485b89f40bd70ec66ba8,pending,,,awaiting explicit learner-level review before release
klose,4,KV002212,354f0b4c6fedbe6ad2e495750aead181ce7fbd38e1b2b85723296fe00d4b6525,pending,,,awaiting explicit learner-level review before release
klose,4,KV002213,795ae3e97076b76c683f557a7a3d7f2cb6184e518633ecbd72dd213b231ae36a,pending,,,awaiting explicit learner-level review before release
klose,4,KV002214,59ee7559c98d7a8a43f5c5ad9e705bbe52706e37eba7e80ceda066f4000e88a1,pending,,,awaiting explicit learner-level review before release
klose,4,KV002215,9b3b42bda358b0d9cb52300d498bfc31acbc47690d69c0cc6ed6f1830f487fd5,pending,,,awaiting explicit learner-level review before release
klose,4,KV002216,3e6263a0281210bb737f192fba50ba12a71b45767b4e466565d1eee7482a721b,pending,,,awaiting explicit learner-level review before release
klose,4,KV002217,c34e849fcc156de901b5a7bf1f93f2773911a87c54788cc55cda6aeccf118ff9,pending,,,awaiting explicit learner-level review before release
klose,4,KV002218,89f4c31cb8c065d1bf5f31d57fa435ed98cb2b0c1e262794725e86130ed4b8c3,pending,,,awaiting explicit learner-level review before release
klose,4,KV002219,7723775c2e30138f550035d28718df46f4f473998209a8166e70e78be6f191a1,pending,,,awaiting explicit learner-level review before release
klose,4,KV002220,987d3d51c4524be7b0f0d3b007e5f705d9facb06ab6d79bec8e4b3e4e3679056,pending,,,awaiting explicit learner-level review before release
klose,4,KV002221,e2d2d8d0944ebe34b12a5813bca9a0ca50657128c15d295dbde073df62ab4b56,pending,,,awaiting explicit learner-level review before release
klose,4,KV002222,3c78e846529afa40607dfd41f93055eaa4279fb8f51e15552e8be9b6cf1c5b4d,pending,,,awaiting explicit learner-level review before release
klose,4,KV002223,39c8989b66e795d2bc2eb3778e25a8d4f9457149d659ecc53efd370bfed69328,pending,,,awaiting explicit learner-level review before release
klose,4,KV002224,c7d82b747d8543bf09593be7e1e9427e1049a1995fd55c3944b9da7e0518a903,pending,,,awaiting explicit learner-level review before release
klose,4,KV002225,a5a7b60af5666456cda0f8048202853b2870a3a9a618b7218bdaaee93690c43a,pending,,,awaiting explicit learner-level review before release
klose,4,KV002226,b120ba54d98f82c5de977c231856e59d64fab6ec411ba1f534d60106aab4607d,pending,,,awaiting explicit learner-level review before release
klose,4,KV002227,a549266c80aa025e4358807b787fdb63a0e0447b717882db30670db3c420e29e,pending,,,awaiting explicit learner-level review before release
klose,4,KV002228,ff5a6dd0a2057c4adaddda36e8c10ef14531d876b410a33a80be4d1f68c70114,pending,,,awaiting explicit learner-level review before release
klose,4,KV002229,9390f5a9a11172bacd0c9568c180751cb70e44fc86633cfe3fab5025f3ac215c,pending,,,awaiting explicit learner-level review before release
klose,4,KV002230,6c11513ce6c282f5a29fc4d0254766c6ec74b545add5510293ebe43448d7cdda,pending,,,awaiting explicit learner-level review before release
klose,4,KV002231,5f0f67e825a63fa5bc53da6228b3d93db9d98c0f9019f81e88c0757d37ecdac9,pending,,,awaiting explicit learner-level review before release
klose,4,KV002232,050ed047d2702a65349307e69c3de15004407d7612119285950d9cc3e63014d6,pending,,,awaiting explicit learner-level review before release
klose,4,KV002233,7fd6bbdd646cc8e675fda725a24971c76160a33ea8f6730abcce01a43e7437c3,pending,,,awaiting explicit learner-level review before release
klose,4,KV002234,1ce9defdc266c608455a3575d863d88bc16527dc0f103baf9d587505d0c59d2f,pending,,,awaiting explicit learner-level review before release
klose,4,KV002235,0d4199b4210e0f7c9d5ce630cf2168851fe881174b5daf4687e271c5c55a09d5,pending,,,awaiting explicit learner-level review before release
klose,4,KV002236,315214f0d2d969e9355b23cc9c0f33be76fecd304c07922a72262f577cec23b7,pending,,,awaiting explicit learner-level review before release
klose,4,KV002237,3e009d8b017c405e2280e305dadffd8596bfef2cc597ca3f6433c38b424afe99,pending,,,awaiting explicit learner-level review before release
klose,4,KV002238,af71e93d1bcd84ecd8622aee1c01135a81ac369f4881220d50fe73a93a3bf3a8,pending,,,awaiting explicit learner-level review before release
klose,4,KV002239,fca3fcddc51a7c5e6f4cebe9ee90d5b8d918620de630339f92975ef462567836,pending,,,awaiting explicit learner-level review before release
klose,4,KV002240,426f3ee816dee75dbcad56a760353a736f43509be2804d51d2a129d6f3194fd9,pending,,,awaiting explicit learner-level review before release
klose,4,KV002241,570f05e266978d6d460a3d75ac397868d6fc9e1187dbeb51fb168aecd92c4afb,pending,,,awaiting explicit learner-level review before release
klose,4,KV002242,3a384d0d1ca17d2ec9a0c47626b015838dea92b315db6253686b95ca7250f7d9,pending,,,awaiting explicit learner-level review before release
klose,4,KV002243,ee32e81a0e1e32a8f523a73c544253ff921fdf5f630879725fa6caa07e3d80b7,pending,,,awaiting explicit learner-level review before release
klose,4,KV002244,b97bd28cbafef96b95781e31fe63f0476227d80c6414894ae908eb79a610acdc,pending,,,awaiting explicit learner-level review before release
klose,4,KV002245,2b71036cd4510f080636b126b0008d0c1a74d1bcc3375f6dd3ce2af1d26ea530,pending,,,awaiting explicit learner-level review before release
klose,4,KV002246,386f6550b1472ef7ef95b5d44382eadae586bc82a4430d3c41b117aac466464d,pending,,,awaiting explicit learner-level review before release
klose,4,KV002247,2916bcb558cbbc416e43b989ee1fa78e844618dc3102ebfedbbdbc96c84b5bd9,pending,,,awaiting explicit learner-level review before release
klose,4,KV002248,512f9dbda47295d2c325224a7f47677bc77c753f4a0bb28cbe22b5fdf30a0fb1,pending,,,awaiting explicit learner-level review before release
klose,4,KV002249,73d821a3761e70b1631e38ae543194a471a7b9968f28834a53d9a7dcb1657bdf,pending,,,awaiting explicit learner-level review before release
klose,4,KV002250,0c8a03d48a26c71657433f8c20449bd1ca4e63b90f364c09f4111ec665e042e6,pending,,,awaiting explicit learner-level review before release
klose,4,KV002251,d4c7547c5aea59acfec62df57c33dd6092c5bfa997ba725759b0ec502e163185,pending,,,awaiting explicit learner-level review before release
klose,4,KV002252,9c5ea1480d91703c85c53b7534e86554b8e39bb4550310960e86dc0f90bb14fa,pending,,,awaiting explicit learner-level review before release
klose,4,KV002253,b4e7426a4be00903faa355bc08f6d435dfa6153838db09e7693758cc8652453c,pending,,,awaiting explicit learner-level review before release
klose,4,KV002254,e938cbed9d5ed9e6c39a49a92a6b429c98e256605753fcff7fc280bd88ccfaf1,pending,,,awaiting explicit learner-level review before release
klose,4,KV002255,1b64645918b43ac6fd79d01fe18f8e2f0d9593afa1519809db2511c51e6b6a15,pending,,,awaiting explicit learner-level review before release
klose,4,KV002256,9525f99834c19d3fce1c33b4c67ebbdfcc2ae47f13a5b8397c4b4628e03d4ab9,pending,,,awaiting explicit learner-level review before release
klose,4,KV002257,d06c980ffeb44233955ab9ca71156cebe13b6b6b28906de2ca872f3047cd640c,pending,,,awaiting explicit learner-level review before release
klose,4,KV002258,ef5eb2b6a7ebc4ac00ac7dc025b5774823872ae39968949fff3d4af20d1e2496,pending,,,awaiting explicit learner-level review before release
klose,4,KV002259,46698820c1a7a36069ab30b8336f02db1aaab679b2506f069f746a728354145c,pending,,,awaiting explicit learner-level review before release
klose,4,KV002260,540fbee052682a15d406d9c910e16864ed24c4f488080b330c26b6dbddcdf205,pending,,,awaiting explicit learner-level review before release
klose,4,KV002261,22cbea32cc164888093d1ac0be2c313f6019dc73869749020a5b6800cba177f6,pending,,,awaiting explicit learner-level review before release
klose,4,KV002262,47ff4a366e259a33799e376d122b422eb392c3f62a54c91d66569c7d5a9de3ae,pending,,,awaiting explicit learner-level review before release
klose,4,KV002263,2c85ee17ab38a91afcbf5688b316044c5397181997808d2c29feb53a4fc26def,pending,,,awaiting explicit learner-level review before release
klose,4,KV002264,611a5a0b9fe2233a7cbdb75d316bc6043063bacc98d6ea2328ac8a28f3686fb4,pending,,,awaiting explicit learner-level review before release
klose,4,KV002265,0f1080baeac19f84af97018a275dd317f7287e4bb5e83e013193d83a20a46961,pending,,,awaiting explicit learner-level review before release
klose,4,KV002266,2910e68811b7a777046dcaf022f4e63278a8df6c4d3f102db4b863ea5157c8bd,pending,,,awaiting explicit learner-level review before release
klose,4,KV002267,16f9040e5417aa76989865c505da5e7626ed9f59f4a7431fbe4b330bc43687cb,pending,,,awaiting explicit learner-level review before release
klose,4,KV002268,83172485f34b81d599ba6c47e57cfba307fe27017a302c52b127669398c70015,pending,,,awaiting explicit learner-level review before release
klose,4,KV002269,8cfd54a62a259c793ddf22504ec91b92e791a63c5ca5a0817277d34435c0b951,pending,,,awaiting explicit learner-level review before release
klose,4,KV002270,2713fe9f4585c4d731d8407d7da4d5daad6eb8c7a5ecc4721e902c4165e2b4a3,pending,,,awaiting explicit learner-level review before release
klose,4,KV002271,e72d55e9899391c48f11adea4cda6b610e0ca9b60f224dbd473c3d449207a2ea,pending,,,awaiting explicit learner-level review before release
klose,4,KV002272,2ec94089ba3092edd31ebf4a92579f2d55fc5242803f23b1c4f5c77ac3b2c068,pending,,,awaiting explicit learner-level review before release
klose,4,KV002273,1b61fc79a23f2ea67b6920c953814b8ae08f7aa810a22dce4438c84168282ed3,pending,,,awaiting explicit learner-level review before release
klose,4,KV002274,f3758809f3aa194bd90eb7904c984a7e055b903c2f2f21166674f7286d49c897,pending,,,awaiting explicit learner-level review before release
klose,4,KV002275,4c2c76fe67c0a90555d717f0b0e3c7ee65206fe2e47a4fb29c3167cdfcf81998,pending,,,awaiting explicit learner-level review before release
klose,4,KV002276,0e89416d4de7596ecb231780b5e1f59035afdaf42ccfa393fa1d938ed7198e73,pending,,,awaiting explicit learner-level review before release
klose,4,KV002277,2f1794773d051f9fc472bcba54a3fe3710d3fa83c01d128bd8356991ffc96016,pending,,,awaiting explicit learner-level review before release
klose,4,KV002278,2b34a6426106d4ec8fd0a175565d42eeba4b667578c996b37116a362cf39ae1f,pending,,,awaiting explicit learner-level review before release
klose,4,KV002279,a27281e785c1fed22907ee6b951bac7e3e12ccc67af4a540edacd33b181d846b,pending,,,awaiting explicit learner-level review before release
klose,4,KV002280,f617d5a4672d1e209b4fa5ecc2aba82721834144c74743a8e8988eb58bab9c51,pending,,,awaiting explicit learner-level review before release
klose,4,KV002281,70bd175cd9870f3751e224a917cb26da1878fe66d5963eb79459b3d518bfe67a,pending,,,awaiting explicit learner-level review before release
klose,4,KV002282,b4f71519c8daf3e007a85a9e2a9d707b36153ef0df5f6c3646e84b6e80101fcd,pending,,,awaiting explicit learner-level review before release
klose,4,KV002283,1316854d1dec7f9ed997dcafc5cc6f63a55d928014b4b4c0ec54aaa8810761d9,pending,,,awaiting explicit learner-level review before release
klose,4,KV002284,9ecce0414af6b2ea85ddcb3be9ea5a80e81069f8a1c04b6995bb9664b1b4e08e,pending,,,awaiting explicit learner-level review before release
klose,4,KV002285,4ef8a746d958c01c86d548717d5fdd38529859edba14ff131032e316fdb488f4,pending,,,awaiting explicit learner-level review before release
klose,4,KV002286,16c9a531a69c6b891a6eb11fe404869b726b641d3c6b01c6cd307dd2c969feca,pending,,,awaiting explicit learner-level review before release
klose,4,KV002287,c0f0d916f6c972fe31a858877e6e0bb7fd7ea78d160916b3cc5ceae85a4623c6,pending,,,awaiting explicit learner-level review before release
klose,4,KV002288,e37c6dec8121a86ab9ff2cb1a423bd774cffa56ceb836661127f4761ec705fd1,pending,,,awaiting explicit learner-level review before release
klose,4,KV002289,0722aed6f004d6f30ba28f1ff4666700dc2cb392308176a5d30b08f343b52cda,pending,,,awaiting explicit learner-level review before release
klose,4,KV002290,c881358677b4bf712d95066ad2c67218966e79c01571f931127d7ac72fc0450f,pending,,,awaiting explicit learner-level review before release
klose,4,KV002291,e36372320853ed796c3ac2dea04267a71ab437f7267a5bdd6dda857086e414f0,pending,,,awaiting explicit learner-level review before release
klose,4,KV002292,072fdc0325065823dd0966167263b4330cf84f986ff7cf7d48004377a5720d65,pending,,,awaiting explicit learner-level review before release
klose,4,KV002293,865218a738ddc484479c239e78d910ac16ecab07022dca41e2c1e5130f351e7c,pending,,,awaiting explicit learner-level review before release
klose,4,KV002294,cfb2d9bb143bec9c228628f924bfae8dc6fc49ce78e134247b690c7444ab2090,pending,,,awaiting explicit learner-level review before release
klose,4,KV002295,e1e02c38790083158760287878925f996e89c3281fa7a0c79d0be8487c426bb8,pending,,,awaiting explicit learner-level review before release
klose,4,KV002296,463456018d99576ec0c4a49ef146f21d549b06b20e8df72c8928e74bc1c94da0,pending,,,awaiting explicit learner-level review before release
klose,4,KV002297,e72734e050c6ee8af020b6de55ec574acbd872692e752f976adb70ea430183bc,pending,,,awaiting explicit learner-level review before release
klose,4,KV002298,8218301ee2f098c8882434fff0a315c7b718288115a8ab1352bcb38ba6a24425,pending,,,awaiting explicit learner-level review before release
klose,4,KV002299,c5e4fdb247066cb6431e3e5239ff741f2a65138727822f576bf1b2c513c5f479,pending,,,awaiting explicit learner-level review before release
klose,4,KV002300,ab191cd58b7c03e7b8c53a00e0c63abf3493bd9eaf51d8a4a396c7b3c1a3ffbc,pending,,,awaiting explicit learner-level review before release
klose,4,KV002301,a036b8bcda0530a01e5dff309737b31f37d39c553326db65dceaf50c98fbfafe,pending,,,awaiting explicit learner-level review before release
klose,4,KV002302,f0e87857c3792c0faa70dbcbfa163d2a5f466765b6c1a38fca95d70f98313008,pending,,,awaiting explicit learner-level review before release
klose,4,KV002303,cd1bc43357ea6a4cbb3308086a3cda70636eba98a28a9566f52f8db980cd22fa,pending,,,awaiting explicit learner-level review before release
klose,4,KV002304,58397f37516c062fb89541d1d4deb11d155619dfd0456179508547c763c69275,pending,,,awaiting explicit learner-level review before release
klose,4,KV002305,3a18a0885e521b684e5df19cda84e9a697c2b68ca4cf3c52d73370953ea30011,pending,,,awaiting explicit learner-level review before release
klose,4,KV002306,fa65ba0b554afa9c53269ef26b968b9cde5aa04e026c9c65052da63ab19fb4c8,pending,,,awaiting explicit learner-level review before release
klose,4,KV002307,ae8101ed9b37744e862c5b41f3d0c3e41d7e354be32ea649cbb640aa6a26a0ef,pending,,,awaiting explicit learner-level review before release
klose,4,KV002308,a9f805baddd5412c30f89466426d5f00df68d2fe587054351b47dbf0c1623e90,pending,,,awaiting explicit learner-level review before release
klose,4,KV002309,3735afd5d789c9d0ad6b3b7a9762cf1b71b290456874ad55a67fefebf1da3d40,pending,,,awaiting explicit learner-level review before release
klose,4,KV002310,34310d8f40c10df3c16aa0b4dae024a42a65e5aa17c1249143e2c55c3fabb6e9,pending,,,awaiting explicit learner-level review before release
klose,4,KV002311,033104bf98d819bd185b042a18eb94f50cd78bb836752f24fa49ddf4d60a096c,pending,,,awaiting explicit learner-level review before release
klose,4,KV002312,4e9d73b3af9882de0299c548eea72a2709c463e4387170531277690dcf23cb66,pending,,,awaiting explicit learner-level review before release
klose,4,KV002313,a04454f85acbe8d18183f17d0ed2b2482b0945427125e71d722166a67e4d7ee9,pending,,,awaiting explicit learner-level review before release
klose,4,KV002314,00af980375374cf366e5b451b141ff953dfdd86df387133f5b88457edaaea5d2,pending,,,awaiting explicit learner-level review before release
klose,4,KV002315,5239f22e864c6391c723c188f755fa3e601acbf9902c7cf60db058bcda76f602,pending,,,awaiting explicit learner-level review before release
klose,4,KV002316,7af1560264e2f9e9bc2a6c2b1bbeff2363a83326f67c74a929c9bfa081cb36dc,pending,,,awaiting explicit learner-level review before release
klose,4,KV002317,89dbb142f110c88c92ceccbf48e321dcffb305ffd69d19f283fc0ed05fbc392a,pending,,,awaiting explicit learner-level review before release
klose,4,KV002318,8882fb062787e6274bd339c7381ba4440b5c07a1c0e0534bae96ee7d72fc2e00,pending,,,awaiting explicit learner-level review before release
klose,4,KV002319,70ad006ab9c54cc94c52ef99b8fb6bf4f88f737c2f952cd2e22fbb96c145f338,pending,,,awaiting explicit learner-level review before release
klose,4,KV002320,85b40c7c4dc1727d64567b4c212a8cfdf85f295b3a86c6b38452f1487cfc3929,pending,,,awaiting explicit learner-level review before release
klose,4,KV002321,a50044d98f6d1f3e3fe5a7dc6290faacdbef7a7d1e2f9d8d31faa8ab018347ca,pending,,,awaiting explicit learner-level review before release
klose,4,KV002322,6dd2425b67b20f814e0ea005e6d2a88ac05bbe93f115c2c028a45a9e5256e01d,pending,,,awaiting explicit learner-level review before release
klose,4,KV002323,ccb52801a80f3f59da7bad384d4023994f2dc4fbde4439fa86d41caa4db4dc1e,pending,,,awaiting explicit learner-level review before release
klose,4,KV002324,f5fe5821bc3dba99ec945af2f0fe14747f6f11f1da990a42818f2975cd3177df,pending,,,awaiting explicit learner-level review before release
klose,4,KV002325,d865149dc0637f182a2503422294d512e563e28997a9d154ba7f39a807738700,pending,,,awaiting explicit learner-level review before release
klose,4,KV002326,493cb1bd6848aed26e25be62eb7e9a88bd12aed200bd3ab33b25d69227f7fa93,pending,,,awaiting explicit learner-level review before release
klose,4,KV002327,74281aa415e7e0c7fc936c91eda492da0764742ab27fc89246bd63d0db38423e,pending,,,awaiting explicit learner-level review before release
klose,4,KV002328,dbb1fb1f3f6c4813cbaa11874f9d7b1ff383aa89100ef3eea2bc5202c8d8dbfa,pending,,,awaiting explicit learner-level review before release
klose,4,KV002329,66c613c37121465df82c8775cf3190738277b688caa75ccc7009de4d412b663f,pending,,,awaiting explicit learner-level review before release
klose,4,KV002330,23ded3f8d9eee8758ef4e1566aa0540d3c452b170bf7185a6cde049c76e679a2,pending,,,awaiting explicit learner-level review before release
klose,4,KV002331,efa021de434806c5d9b0d780eb601a991bcc943153dbf23ca25e067008e1fcf3,pending,,,awaiting explicit learner-level review before release
klose,4,KV002332,37990f4f285106ddd6c7bb0e74693b0b1260ec1eafaff1d35d4985bfd9fdfc5e,pending,,,awaiting explicit learner-level review before release
klose,4,KV002333,add2cb7b17141b1e69d477f7ce582a6ffec90db8e4da871a837ad3e403f83c27,pending,,,awaiting explicit learner-level review before release
klose,4,KV002334,03065bd2e88a71beba75e86fe548de8b11e79853090cad6b19953bcdf0c43b9a,pending,,,awaiting explicit learner-level review before release
klose,4,KV002335,7e774e86f3f7cae8d48576f4772331d8615ddaaafc1d75f4e89fa8dc87c1f2f1,pending,,,awaiting explicit learner-level review before release
klose,4,KV002336,41b104010e796d8291c3281ae45554b2cd285d54b5a17aeb463a1862efbab490,pending,,,awaiting explicit learner-level review before release
klose,4,KV002337,e11427a4562a399ed671e891d04c35e628980c77b26785651f68a2fafd4b7710,pending,,,awaiting explicit learner-level review before release
klose,4,KV002338,3c9fc79a974c29af6534786f39bfa7403235bf8e6c8bfd3245e658191c86a257,pending,,,awaiting explicit learner-level review before release
klose,4,KV002339,98c419907dc630d23844c041f28f1a0ecf2f7dd16097494fa46c85ef01217375,pending,,,awaiting explicit learner-level review before release
klose,4,KV002340,b3618c67091f11396a6e785f42cd17584e295428321cbe9e25a2ad5ac95205ff,pending,,,awaiting explicit learner-level review before release
klose,4,KV002341,a7827541f2f2e8bb14309638e2888533866446ad0893281802785dbe6ec5ec1e,pending,,,awaiting explicit learner-level review before release
klose,4,KV002342,3f2fbc5126d1f61e67abc7f71bcc405a60f6c4929f84e619c1c41167b00dfda4,pending,,,awaiting explicit learner-level review before release
klose,4,KV002343,98e33e21bdbddb2393b40663d17b740c08dfce23fe68d3c96853073daa32fb4a,pending,,,awaiting explicit learner-level review before release
klose,4,KV002344,450048351771c8d27713ac9a721e47dddf6121bda54b6ef3adf86505e1bf11ee,pending,,,awaiting explicit learner-level review before release
klose,4,KV002345,b9ef1ecf06605193c980b60f772460971c395e524b85566baeccf20436139f24,pending,,,awaiting explicit learner-level review before release
klose,4,KV002346,b4749ce4f0c9200bd2e41ddf21164d0da76cd3bdb46fa18b8b3888dadc0ff79d,pending,,,awaiting explicit learner-level review before release
klose,4,KV002347,9e905e2c70b08ddbdea8e4495fa8e2a2307e8679bb3a3397a6f685bf98c9b0c6,pending,,,awaiting explicit learner-level review before release
klose,4,KV002348,54f0930181675fa48be41013aac0d8af43ff652364b2ea0aa475c4bfe808176b,pending,,,awaiting explicit learner-level review before release
klose,4,KV002349,b153521f50392d4af0a0b722d1319d243726b93ca92ef9fa127a7c217d0be88c,pending,,,awaiting explicit learner-level review before release
klose,4,KV002350,1071189821ea39dac2477a63e0fe56d6fbdf58354e43e825312ebbd3d7a53366,pending,,,awaiting explicit learner-level review before release
klose,4,KV002351,79b43dff3eb158ddf5b88b72bc1866e2eb9c1a47c7ebd988cd2a80cd63c4a41a,pending,,,awaiting explicit learner-level review before release
klose,4,KV002352,c31cb83ec857a036d70599c1e0cb6fc5337ea269b528b8e1f5af89c56351a5ce,pending,,,awaiting explicit learner-level review before release
klose,4,KV002353,1e63f87a9372b4970014342f7cd3f1adadc77b30a865624af48b51593c551645,pending,,,awaiting explicit learner-level review before release
klose,4,KV002354,61416452eb6bbc13780c3b8dc1007a642f715865875721c7c28f2b1107585043,pending,,,awaiting explicit learner-level review before release
klose,4,KV002355,46bf87f808b38f3ef38b90c2b874ebaee5fefdac4704f75b1150b0b657269f52,pending,,,awaiting explicit learner-level review before release
klose,4,KV002356,42258cbc5fa8b0ed6e463346f2a1a71972e897ba4fa0e01b287d85f0b896bc32,pending,,,awaiting explicit learner-level review before release
klose,4,KV002357,ca31ca6b58e29a39107c96e8a2ab1e51bbd44521eb16b2361d5b0a120e66b4aa,pending,,,awaiting explicit learner-level review before release
klose,4,KV002358,495976b19dcd9f0ee31b7e2374ea63dcab4d828fac66ea2b7f9cba41cada4fa3,pending,,,awaiting explicit learner-level review before release
klose,4,KV002359,6a9f816153beb58d2ac7a2684eaf9f45824d13634569333a5810c0b3ae4f3370,pending,,,awaiting explicit learner-level review before release
klose,4,KV002360,3b19877731b7c254724480ed7d960bd675a66781a724fc1167a89dee90a055aa,pending,,,awaiting explicit learner-level review before release
klose,4,KV002361,acb3abe080bd3cac128efb51e7bc95470869a66cb0e917f74538cb7bf9295cc8,pending,,,awaiting explicit learner-level review before release
klose,4,KV002362,11381ef4c2a1ce98e42ca69dd8a46c42e449f8c5723ae4d7718d4edc3a50d5e4,pending,,,awaiting explicit learner-level review before release
klose,4,KV002363,a6426b55ba934a72b18a831bdcba32cf7fcab950c29052fdd4dad434971e755e,pending,,,awaiting explicit learner-level review before release
klose,4,KV002364,5d07ccc8a095e44628645cf174db8bceefae531647c987d5964a5d8322dc328f,pending,,,awaiting explicit learner-level review before release
klose,4,KV002365,0ed22bac9e047fc7e360eb76e06d62e1a2151c49b40102db02b4b634e99deeb2,pending,,,awaiting explicit learner-level review before release
klose,4,KV002366,73a399a5fbe0a5b8335b8a42490e72583038cf6ff11771b904bb69b0a0547b2f,pending,,,awaiting explicit learner-level review before release
klose,4,KV002367,aa8a86834796a3e10dabd5d811e1d75a0d783e0aa063f54145c04ea91f32bfb4,pending,,,awaiting explicit learner-level review before release
klose,4,KV002368,39680fac02aadcb75bae3e65cc577713604c85008bae23b863a1175b43c20239,pending,,,awaiting explicit learner-level review before release
klose,4,KV002369,94f9e040e89a2ee737d782285981b412064e8f146a0bd7dfb10a79a86933f55a,pending,,,awaiting explicit learner-level review before release
klose,4,KV002370,6b538fe0789542e65c568b1bd2acbfea53067b33105ac1f1915fe7ae8e0c4ae9,pending,,,awaiting explicit learner-level review before release
klose,4,KV002371,03e2960bf355f25c8f21207316d9ae62f8e9b97b46cb933e1ffe24a57441bb71,pending,,,awaiting explicit learner-level review before release
klose,4,KV002372,907edeee77f4c7cdcb4d31cd3ec34e862f88be6fb9ff00a2c82568034b1c9017,pending,,,awaiting explicit learner-level review before release
klose,4,KV002373,3351fceacea3b840853c8af1d77b4f75c0cf19cd22587ad25101ecb42b76e5a8,pending,,,awaiting explicit learner-level review before release
klose,4,KV002374,87673b5e608e904d2b5ffb49c3013dbfda60b8adc372f1c508c2964eecc1f422,pending,,,awaiting explicit learner-level review before release
klose,4,KV002375,ec0c4e42e87a4bb61b0da64c462a3edfdb9cf07ae0ae3e123d3e8c3f7441f028,pending,,,awaiting explicit learner-level review before release
klose,4,KV002376,98fbe8544c3e0103743ea05ddcaaaa070b8fda177d43f79c439093b1d0215580,pending,,,awaiting explicit learner-level review before release
klose,4,KV002377,e9b2f00d42dbd2aa8e3b5872ca8567b1900a4ff55d6c0ad3f2acb67086084d7b,pending,,,awaiting explicit learner-level review before release
klose,4,KV002378,eb5763e52a01262ee31b197392d8858b5402ba34204bdc0830bff7d78ab41fd8,pending,,,awaiting explicit learner-level review before release
klose,4,KV002379,98fd2755c0ccfe4b4cb8c73dbb53c5335adc833d74e7c04c801504f3b975e2c7,pending,,,awaiting explicit learner-level review before release
klose,4,KV002380,cc7e547b2a4f4415e0768d62cd3ee00b6711502a476f3b8ea4fd8ebdc4ffc72c,pending,,,awaiting explicit learner-level review before release
klose,4,KV002381,87031c6bc22eec92a7531f8dfc2497c63f056a5601bb0c8f913e3dd941cf0564,pending,,,awaiting explicit learner-level review before release
klose,4,KV002382,b7298c48bbf02923633328644cb761405326f82d13218eb31e7e8e6ea3e87131,pending,,,awaiting explicit learner-level review before release
klose,4,KV002383,6a23ddc2116138b2837026ee40c44475e00a6127ef6558021abf418dddd5c80c,pending,,,awaiting explicit learner-level review before release
klose,4,KV002384,7ca0a8799f78c0bdf03f3fe19eb438d47b4bd68989bd4e3b9f65d6af05a4d8e7,pending,,,awaiting explicit learner-level review before release
klose,4,KV002385,0cde8e54c55261e8404b0ddc2dffeeb3d2852dc87db5a471191384cbb3dc3634,pending,,,awaiting explicit learner-level review before release
klose,4,KV002386,129133f04f99699394c8202cb66c515d5ac2c16dd18f73caab966efc6c1d3d8c,pending,,,awaiting explicit learner-level review before release
klose,4,KV002387,c56825c95899c95ad4e2b1431d9359b57a6a0e168fc44cad3b6281094ebf56c3,pending,,,awaiting explicit learner-level review before release
klose,4,KV002388,e5d3b372564c63fc7ddd0d5c079fd493e3f1411e91da581abb3dff2c2f42e78b,pending,,,awaiting explicit learner-level review before release
klose,4,KV002389,0ab345822581d1dffa6c9dc65d5f06fae3812f4d4bb667680d3d3ae6378ece28,pending,,,awaiting explicit learner-level review before release
klose,4,KV002390,8718a9e340bb725ad068e1ff48d1cc71fd8e103c42efaaa8875ae88cc305974b,pending,,,awaiting explicit learner-level review before release
klose,4,KV002391,02e869a71e9eb73609a76490a561b3f07723aef115eba85ac82250205a1d3101,pending,,,awaiting explicit learner-level review before release
klose,4,KV002392,5207944ab5d899aa6f93e5fea1ed1e3535262d993e0d37eaa8b4ada04384d9ef,pending,,,awaiting explicit learner-level review before release
klose,4,KV002393,04a7138b50128c0749470d1e6c13908340c23814c470c6e89437e57256c8278c,pending,,,awaiting explicit learner-level review before release
klose,4,KV002394,c2b77a1e97a29d344ab8378bacfa9257fa458d0d6b63a8339c25e04e8f4ebca8,pending,,,awaiting explicit learner-level review before release
klose,4,KV002395,a63051848893e4d19e8b93fbf910f2cb5c67bb55facdbfdbd16f5f055da7ee38,pending,,,awaiting explicit learner-level review before release
klose,4,KV002396,e6981716a6a37b97bee4c14c786d0afb4162ea12730f37bf42131341eb8010c4,pending,,,awaiting explicit learner-level review before release
klose,4,KV002397,f73ccb3b484d8373f7496da932a28713e5fc5959c380936077514cdd825c4b30,pending,,,awaiting explicit learner-level review before release
klose,4,KV002398,f1279a0a0d0d4de050248dfa115ad84144b97c55def63fdfc39343c84f23aa84,pending,,,awaiting explicit learner-level review before release
klose,4,KV002399,03e5d64b203149b1b7dadb0dab404cb0974175c4c1d04ff13303f15e2fee3ec5,pending,,,awaiting explicit learner-level review before release
klose,4,KV002400,8ecdc5f6c0ba3faf1d60f1358c82a3bc9a9f70fbe3421b933681ff7d583a0bb0,pending,,,awaiting explicit learner-level review before release
klose,4,KV002401,04973cec7a1888694b438d4fd299831d01ffc041e013b4399a237b9483e0893e,pending,,,awaiting explicit learner-level review before release
klose,4,KV002402,eebfacf337f61e12ecd244357fea878658cc73b739d2192d6bb7d81dc694a790,pending,,,awaiting explicit learner-level review before release
klose,4,KV002403,9f1db0e60722191a5d1e7be8b2479fb23ab0a45cda2d55f1f846ca246c1f9440,pending,,,awaiting explicit learner-level review before release
klose,4,KV002404,48bfe7e1181e27a0ab7bca98e9975fe170de162be830a3c34ee11628cb759126,pending,,,awaiting explicit learner-level review before release
klose,4,KV002405,ced2d1379164d4c7797ec77b34fefc569c47d93ffc324d5c5f4eca6004e3cb8e,pending,,,awaiting explicit learner-level review before release
klose,4,KV002406,d9ebea2ba15c20767ecfe25da35ffc912f7662f15403808a18824ce236479e12,pending,,,awaiting explicit learner-level review before release
klose,4,KV002407,6997094553ffb3ad546e129c362a0c5fb88fb411bbf20488e6e688889fc3fc7f,pending,,,awaiting explicit learner-level review before release
klose,4,KV002408,31a0860a00c65f7359357951327131f1b1bc6a30d71231c16fd6f811915bc6e4,pending,,,awaiting explicit learner-level review before release
klose,4,KV002409,947d4497893717b1f9597a6d76bac7e4ea1e27aa58b5f1f2d3800bff0b93c302,pending,,,awaiting explicit learner-level review before release
klose,4,KV002410,a4be4302ce5358ac7b40bebc3d566a1e6478f09fd90d01be8275600f9b133493,pending,,,awaiting explicit learner-level review before release
klose,4,KV002411,05baf4c5b43292b94ab89f9a4539d9bec5463bb72b0a21f6d113a873a6d3a69c,pending,,,awaiting explicit learner-level review before release
klose,4,KV002412,a559c2e693cb30a0445c371b4d3637e786d8495c61a486fa9cb08a4b4c53c22d,pending,,,awaiting explicit learner-level review before release
klose,4,KV002413,ed913d299d976f6482ce784f2cb8304d1ff7aa9cf5f119dd172213e7329921ec,pending,,,awaiting explicit learner-level review before release
klose,4,KV002414,d97d783bbd03f0d9c5ca7bc1b22170dc3adb0922f75de134d211caaa68c0f453,pending,,,awaiting explicit learner-level review before release
klose,4,KV002415,e9b6f6d927a58b81c8d64ee074294bd0d7fbbeb394b86f604b75f6e1d119b509,pending,,,awaiting explicit learner-level review before release
klose,4,KV002416,cb8b6b133b484f1fc488d43fec63dc72fb2cb531e8520ce6dd893f9b2f5384fd,pending,,,awaiting explicit learner-level review before release
klose,4,KV002417,a2190942a3a9e163c2ad396cf0c85b7a2b47bf515d7b3b019e26c896b0a98a06,pending,,,awaiting explicit learner-level review before release
klose,4,KV002418,2e09a3bf0de395e898ef649f113ff607b2add41c8e0f6e0349d3faa40fc9309b,pending,,,awaiting explicit learner-level review before release
klose,4,KV002419,011e504ab4f50645759ccbc4af2c673b9c770aa561c940a4bae5506ae3ce5ec9,pending,,,awaiting explicit learner-level review before release
klose,4,KV002420,afc9a2c409c3af318d74cdcc46948b8df612ed2f8eca1b0bddb0e802b6299985,pending,,,awaiting explicit learner-level review before release
klose,4,KV002421,42200f616db5e7fd5550e936d94502f1e53e5ace0957822b1c4d4c44c67ded96,pending,,,awaiting explicit learner-level review before release
klose,4,KV002422,c2b60c3c2ebf12c961143c1badcf19f84c4e833a35fdfec62070d5127d42a834,pending,,,awaiting explicit learner-level review before release
klose,4,KV002423,3abe1543f7008bae446b552dae291436b1903ea6f8a07ca3971fa2333bec5ef3,pending,,,awaiting explicit learner-level review before release
klose,4,KV002424,597daef855fbab645974d38eefcfcbef050220d2af2ce1632af406212635d690,pending,,,awaiting explicit learner-level review before release
klose,4,KV002425,493bab1276e1dfe6cfedc72f0342ef15e737f109d1e64094fb35e7e371d0ab9b,pending,,,awaiting explicit learner-level review before release
klose,4,KV002426,792601a1d62b244f690f0e8ca97369b2107a3947136a2362dc590d9affdc90db,pending,,,awaiting explicit learner-level review before release
klose,4,KV002427,f475392f44199fc652d72c7ba1e5b90387c0ca22f40415c3cbb573768cd46888,pending,,,awaiting explicit learner-level review before release
klose,4,KV002428,983dede23d6ada72f3dca5ed15ea56fce0d38df511e4f23924f8c8392edc4450,pending,,,awaiting explicit learner-level review before release
klose,4,KV002429,4051b699976b95eb41da78244c07366024bd756c67b1e57605a199acc27a1f15,pending,,,awaiting explicit learner-level review before release
klose,4,KV002430,ccaba7a6fa4d4fcb97c0cdc91a24d4518066ad1d0c2198cc695e39d6591918ef,pending,,,awaiting explicit learner-level review before release
klose,4,KV002431,5e974a0d9a10a1f6a9d00419471cd556954b633f95b7340827fdda36ad790cd1,pending,,,awaiting explicit learner-level review before release
klose,4,KV002432,b452d7e7dbe58e251d935fa42b97e2bb541e9d890ef208dfc6ee1eaedc34c11e,pending,,,awaiting explicit learner-level review before release
klose,4,KV002433,f1f2ba76764292bce9295596a87c52349f29ccf390635e488877ec2873197dcb,pending,,,awaiting explicit learner-level review before release
klose,4,KV002434,b189621e2af3da2fd48b74397fc6b8244fa2eac1aed9147525424c1f57bf7bad,pending,,,awaiting explicit learner-level review before release
klose,4,KV002435,48afae4193a16e65faca936902c0e1c963f2b0b97b11dc9424981c74c7b6f3e4,pending,,,awaiting explicit learner-level review before release
klose,4,KV002436,51a1ac2fd03b4acfcfbea53ae1549ef3c05d2640d46f8a7b84797e2a0b00fbb2,pending,,,awaiting explicit learner-level review before release
klose,4,KV002437,bfdd1ac1aa4f3baf722743de1357cadaa54bcf10350a229749bb7dd823ee43a0,pending,,,awaiting explicit learner-level review before release
klose,4,KV002438,a8aa245e4b873c06036d07343b2c68f385866c79d7e92fb7753ce569b5455903,pending,,,awaiting explicit learner-level review before release
klose,4,KV002439,21b648db1b26f84904d0775f9e6c772f42e04294612776ae9ea5d3bc82fd7477,pending,,,awaiting explicit learner-level review before release
klose,4,KV002440,f030e3804c2e8a1db8f1a9851df5adc3f4cff8f0bdb3481d33f62dd191e69d4e,pending,,,awaiting explicit learner-level review before release
klose,4,KV002441,0ab49738e6d2cbbedea9200a2ef9c94d75e55d53a7a25caba152d12ec6eac3b7,pending,,,awaiting explicit learner-level review before release
klose,4,KV002442,cc759f647e9bf5cefc6f58e8135330e41b32f295a86d199c69a1449a5a6ac376,pending,,,awaiting explicit learner-level review before release
klose,4,KV002443,e1655c29c2d64080aa702be1ae946e404e3e86d5f459ac1c8e8c8bf0f2f00b5e,pending,,,awaiting explicit learner-level review before release
klose,4,KV002444,78ef5845368440acfb433f9305a777e6d1643e32e93d9855ba5723937dfcf2de,pending,,,awaiting explicit learner-level review before release
klose,4,KV002445,9ac7189cd4ae416940e6b4c1e4d60939832bdcdc341cc2e27803a98488479063,pending,,,awaiting explicit learner-level review before release
klose,4,KV002446,ad04be8494c6f75e1625dd9fdb98fa40bfae4469a65d41585472ab4c7d090f14,pending,,,awaiting explicit learner-level review before release
klose,4,KV002447,bf74271f741c1485103a4ada8ef3e351d9c78eb7ba35eaaff215b1fa8b490b59,pending,,,awaiting explicit learner-level review before release
klose,4,KV002448,a6c3fd3f9f57e0d6eb381594a535705d1871f09a5fe6928e6d182f320454f4e5,pending,,,awaiting explicit learner-level review before release
klose,4,KV002449,758e1b5deae17210227b48f447a861da0f48c72ae4fa76cb8c4087d6d3ab078c,pending,,,awaiting explicit learner-level review before release
klose,4,KV002450,e1b4bf246a5ebcf8f642f226b22e74fc340309da94ea58be405c287472acff5e,pending,,,awaiting explicit learner-level review before release
klose,4,KV002451,b2cd5eb7e44b7eed73a16959655c9b1d15eaeccf2785ce940f18e5df88830b80,pending,,,awaiting explicit learner-level review before release
klose,4,KV002452,31a40aec7cff0268c51b41d9fcbf5038078a003a71de3b22e11c1052641186ea,pending,,,awaiting explicit learner-level review before release
klose,4,KV002453,6fedc404e6131e0a86ca0a664ccaac1a255f9d5c1936bd5606029dce3d60993c,pending,,,awaiting explicit learner-level review before release
klose,4,KV002454,910b1f019f88b2f23456ae89b26762307b0aa9d7ab05061cbaad7036600ec4e4,pending,,,awaiting explicit learner-level review before release
klose,4,KV002455,d35c19c3c825c79a31e2ceb44d9b340a55f0453157e819c702290d1747ba151f,pending,,,awaiting explicit learner-level review before release
klose,4,KV002456,bb4ec080cdfb92f26d3f01a011b0b93e926dca0ea7f5b0b8d5019a232b98dbae,pending,,,awaiting explicit learner-level review before release
klose,4,KV002457,506060a5d3c8ad5a23771dd3f29e5e63faa0de4cac47558fa67eabda034a4df3,pending,,,awaiting explicit learner-level review before release
klose,4,KV002458,354641acd2b7b1464a13bd77404df6e100d1023de54d76670f41a0224cd52094,pending,,,awaiting explicit learner-level review before release
klose,4,KV002459,39bf4271d18b3287879bf7911427519bed3fad4f8e189fb7cdc3c60ca39b6186,pending,,,awaiting explicit learner-level review before release
klose,4,KV002460,bad8790c11f922b261a45267dd8fb4929019d0b05ed85d718177b9ffa8f20a59,pending,,,awaiting explicit learner-level review before release
klose,4,KV002461,69ecc6f125f78401d3a4ec76252687a9bde4fa5c89dccbc9a4824cc47a9c27aa,pending,,,awaiting explicit learner-level review before release
klose,4,KV002462,7a434fad6032a00a737c65e7e2572983ad4d14da75c5f2297e8f38c4ef74f0a0,pending,,,awaiting explicit learner-level review before release
klose,4,KV002463,84ae14196e021dc9aa59063ae8d8b15f3a36623d3d1ddcff10e789917eb32b32,pending,,,awaiting explicit learner-level review before release
klose,4,KV002464,3570f92be2af91cc12e037bdb37aa256737de9aa7a23278dd5e57756e094d679,pending,,,awaiting explicit learner-level review before release
klose,4,KV002465,2c7452555d0b2a346b629e70942043bf7ec4b81f8ede3a703006f5155cdc1484,pending,,,awaiting explicit learner-level review before release
klose,4,KV002466,82e1df595f3116e05725e5d13e82c091e56af424a8d414ed25ca286bd4f12023,pending,,,awaiting explicit learner-level review before release
klose,4,KV002467,3ef647da09b5f27954e73c5de5286e4107480fbb20389580ac6a7305e4a0310c,pending,,,awaiting explicit learner-level review before release
klose,4,KV002468,40348d848326c429163c7303863fcfb546daebe34c89d218011feaa8299c8110,pending,,,awaiting explicit learner-level review before release
klose,4,KV002469,6554867a59e9572bea6525e0e80a6853176e3c441807362591422b4ec6d40224,pending,,,awaiting explicit learner-level review before release
klose,4,KV002470,5dafa23214e8e0abd8d670d9c31892302c776a3ac63b3d98d8e5d7ae8cf3ad1c,pending,,,awaiting explicit learner-level review before release
klose,4,KV002471,aaea1e372b38bbcf3ed6cf40fd2296b82e1815306210c958882ef0b1f1834743,pending,,,awaiting explicit learner-level review before release
klose,4,KV002472,756698ef75c26e57f7b79f4414fdc51856207748d8cfb4f6b70c15f21cd98eb2,pending,,,awaiting explicit learner-level review before release
klose,4,KV002473,724f2ed7aebf352099605cd44c0bf6bfbdad352e812cd9fe6a00369d003dc2c3,pending,,,awaiting explicit learner-level review before release
klose,4,KV002474,ba19bf1ffb6a20ebcc1b369ec33829a757e45c98acce7e34d718c909659eb41c,pending,,,awaiting explicit learner-level review before release
klose,4,KV002475,b080fe3f243a73908bf124f5d6e0fc1450bfb6950df8851dc0647b3bb4b97430,pending,,,awaiting explicit learner-level review before release
klose,4,KV002476,84d61dadeef467a4a7ad72256f109d8cf4a2ebd3a1e63cce9bb4f613169693a7,pending,,,awaiting explicit learner-level review before release
klose,4,KV002477,55c55677ba709ffe2202a1f790ed10a8d0bfb0dca735a3cca1e9611ae045bd41,pending,,,awaiting explicit learner-level review before release
klose,4,KV002478,9bb9bbf032a53f34cec6e18ab2f13dab07b58e8ec86150f340e55dc143ec204b,pending,,,awaiting explicit learner-level review before release
klose,4,KV002479,0cd87cf7688510e373b3cf6c91054dd35ed2d7cb9fa56abc93fb75cd793a088b,pending,,,awaiting explicit learner-level review before release
klose,4,KV002480,4ac9969c556aee9f7c5c1541f1792d36729c3909afc340fd9725a40d133d12ec,pending,,,awaiting explicit learner-level review before release
klose,4,KV002481,c0022bb28558664c5f1fd98862ccedb8fecb109126861de028f659ed561744ed,pending,,,awaiting explicit learner-level review before release
klose,4,KV002482,c0ab8edbc35778ca9e7a073e96bf74e4b0591ea6072d958e76e4ffe056f8cfa4,pending,,,awaiting explicit learner-level review before release
klose,4,KV002483,678a19ba8fc2b9caf7c00eb96e1007e12ac1e54329a8437df7a0d648665bccab,pending,,,awaiting explicit learner-level review before release
klose,4,KV002484,4a534894615b5797d6339ab4ec4d8dec539bfeeb11df0e22ad7f34af92394ba1,pending,,,awaiting explicit learner-level review before release
klose,4,KV002485,537abda7ef553c3252a6ef15788696ab2c5fa7aebda81583406aec9044d7ec61,pending,,,awaiting explicit learner-level review before release
klose,4,KV002486,6e975d1374e0badcc7a515b7ae30ba15887e53fb6cc7dbf5a415cde981d6c79e,pending,,,awaiting explicit learner-level review before release
klose,4,KV002487,28230cf4012dbbd42e5b268eb34a2681cde9d86239eb76e7d56de185fa89c26b,pending,,,awaiting explicit learner-level review before release
klose,4,KV002488,b0344dbc8947f5a70a10f27b3b8d15c4ea6d458dfebf6f38ba738a21d8dccc35,pending,,,awaiting explicit learner-level review before release
klose,4,KV002489,901eb9d141c92b2d33e48835bd71eabd43095ca1aa3d676062d96d684b09c6e1,pending,,,awaiting explicit learner-level review before release
klose,4,KV002490,50414bf537e7be4c858f2f805db37771785648c33dd3747fced4f2405a52d923,pending,,,awaiting explicit learner-level review before release
klose,4,KV002491,4b5ee23d8b55baaf4a3fa2cc9d6853a6ad5089bc4fa49ab273183362ac38f761,pending,,,awaiting explicit learner-level review before release
klose,4,KV002492,8c98e1c1eab15727ceaecf37fc537b96aff26ef25edd2cc76b2ecc227b396ff0,pending,,,awaiting explicit learner-level review before release
klose,4,KV002493,e6c734ebcaff32ece4407e655dbb5f7e3045b5205f14a8b1761a2b538854c081,pending,,,awaiting explicit learner-level review before release
klose,4,KV002494,d8255bd8005a15697ed99b16a6e460ffd1cc9c8084c807074a8d4efc43fe5844,pending,,,awaiting explicit learner-level review before release
klose,4,KV002495,90a616ef15985be38799e02a40242eb7a41e46a2b04599a8cb2b83b0b9cc2c41,pending,,,awaiting explicit learner-level review before release
klose,4,KV002496,f7886e523ff80e9fc3e069593719ee8d36187d4c83cfdb0cb007c52e05eba336,pending,,,awaiting explicit learner-level review before release
klose,4,KV002497,eefabad2ea76f971209e1c4afb861c49fe379d63370a14af83744417087f91b8,pending,,,awaiting explicit learner-level review before release
klose,4,KV002498,fb4b8af93a6929390e0136ab2d2a06583dfae85432499b16d709f15434e487f9,pending,,,awaiting explicit learner-level review before release
klose,4,KV002499,e966fec359acaf636e294dd190975741e8c6f78308ea51e0f985ca5f4cf8ed5b,pending,,,awaiting explicit learner-level review before release
klose,4,KV002500,665987237c67f81d7e3860fc11b5c0830cf1308486b95cbe3c3e1bf7830eace5,pending,,,awaiting explicit learner-level review before release
klose,4,KV002501,1b5f0255117c289ec02ffef4175f080fa2752e8c60d6782a85e844ae4a926144,pending,,,awaiting explicit learner-level review before release
klose,4,KV002502,ddc8ee3a8a2ba08a93aaecf1655b4ff136e53879a533ec9372fe5291f5bd7e8b,pending,,,awaiting explicit learner-level review before release
klose,4,KV002503,5e0eaeacc5d1417866657eeeb277ade1590167cf3229a60a7488183792b5e812,pending,,,awaiting explicit learner-level review before release
klose,4,KV002504,38791471b3f9ed41422dcab7ce81886dcd37e56c1a69c85d4e234fbf803fbdcf,pending,,,awaiting explicit learner-level review before release
klose,4,KV002505,7097a1f6739b88433da92357af5aa92025ea5f8ee074d50f7b87517a135d3832,pending,,,awaiting explicit learner-level review before release
klose,4,KV002506,fcdd79d274c7356b2ca6d3832e72a1771b1ea96966f060915202fa843f65ce5a,pending,,,awaiting explicit learner-level review before release
klose,4,KV002507,184ffab2ebf6c2ec0c7f7d841dc432e59b041dfb881ae389d045b4d5d5b0ffaf,pending,,,awaiting explicit learner-level review before release
klose,4,KV002508,e6155788534a3bbc9db75a80cd83102a247046b35b8c0fe21f589c707f672c30,pending,,,awaiting explicit learner-level review before release
klose,4,KV002509,735fba4a5405850e545fc504abba9b9543e3fa041ebf4758287ce0337a6086f8,pending,,,awaiting explicit learner-level review before release
klose,4,KV002510,19450a5756b25c82eb21ac220e1d84827114c2e11e872483a23ee7df9a27826d,pending,,,awaiting explicit learner-level review before release
klose,4,KV002511,38a95b2e226b0d44962cc0aeadd8106641cb7db39a25b618b5be0607b87ff5f1,pending,,,awaiting explicit learner-level review before release
klose,4,KV002512,ef6d205c1a1dd62b7d320281cbbe167fdb5e40a700808e63ae828c6a1fb7042a,pending,,,awaiting explicit learner-level review before release
klose,4,KV002513,b42f6905232a53af1bb584545756fb41feba8c4b1888387992cfb493dcfa139b,pending,,,awaiting explicit learner-level review before release
klose,4,KV002514,d442f34e5db464bbb4187c0f214fd09175896aa44e5c4506aba45a8c360787ba,pending,,,awaiting explicit learner-level review before release
klose,4,KV002515,2d9c93070bc9c4dc0535b82acc8df43da4e20938fac4b8d1a935281b6cce0124,pending,,,awaiting explicit learner-level review before release
klose,4,KV002516,990aa69a49c8516ad92c942a7c52f543a83901441e973ef156be5fdd31f1ea66,pending,,,awaiting explicit learner-level review before release
klose,4,KV002517,d3294143f35fb1447a0b6d6c5efa0d3b655be31530f84b537f253b050c797af8,pending,,,awaiting explicit learner-level review before release
klose,4,KV002518,d9756e8f7d17c11d19b2dcb26c132454bf1b76df6630e511e0336f54cbf45f60,pending,,,awaiting explicit learner-level review before release
klose,4,KV002519,eef9eafe7f978740bd52e933a4919cf6fa97695a2b0f8ae609b01ea14631f9d5,pending,,,awaiting explicit learner-level review before release
klose,4,KV002520,fa5f4c616bf4db7da5eb72e7ef53d5f96ce76c65aa4c9c1f2196400d36ddad19,pending,,,awaiting explicit learner-level review before release
klose,4,KV002521,712412f9442dfff0bb5b1e26d152a5a8a5de2711c2534906520a107f34ce9cfb,pending,,,awaiting explicit learner-level review before release
klose,4,KV002522,9e9f3f589e875c71a53bd13b6ebd1654436345a61ad426114e158ced80d456d2,pending,,,awaiting explicit learner-level review before release
klose,4,KV002523,bf0e308cd3624f2a089d0b04574e4a1e4837c7f470a4525251dd29152cc1ae5a,pending,,,awaiting explicit learner-level review before release
klose,4,KV002524,3fb8453ba0b8654eb1ca20c2fdddcc01466528759c42173627d2d921725c8c94,pending,,,awaiting explicit learner-level review before release
klose,4,KV002525,1b3a67e42db9cb7f581000f5ef9dc89419778c736a0a375576e9032e07e2e49c,pending,,,awaiting explicit learner-level review before release
klose,4,KV002526,843a026e112df3b552f928988f5711dfe54e152badb94a8f0f1458aba9b6f99b,pending,,,awaiting explicit learner-level review before release
klose,4,KV002527,f18e1f2c8aa7f9ff41d45471f8492ceeb40587f3a422a6411faf4359ee1daa7f,pending,,,awaiting explicit learner-level review before release
klose,4,KV002528,5db65774400745e07031541d12c5ab648901380819b58d13e5a61e53dfd8b105,pending,,,awaiting explicit learner-level review before release
klose,4,KV002529,e1cc299258c4cbc7cc56941e168f72d9b9d661921052b243f0272413575c5a1f,pending,,,awaiting explicit learner-level review before release
klose,4,KV002530,8420b995cdc65d9388e50372a22b23e37a73297006da59e53021244f352d8109,pending,,,awaiting explicit learner-level review before release
klose,4,KV002531,edd76bb1032b252a8b09821e2ab91f36de5a73494f7e3c898636ba4ced07788c,pending,,,awaiting explicit learner-level review before release
klose,4,KV002532,8b5b911de2c273b590ed8776ab21e86fdff112627fa46b9370369ba5a81f8488,pending,,,awaiting explicit learner-level review before release
klose,4,KV002533,ed32150c84173e1fa14c6169d8a175736a1b698a523f55a5e7eca72a60911cbe,pending,,,awaiting explicit learner-level review before release
klose,4,KV002534,76170c9c7a808bf13904362635623efb88d02878925578972366368247aee1bf,pending,,,awaiting explicit learner-level review before release
klose,4,KV002535,cbbca651ca490a0e09c08dd1c7919f2f5dcbc5c8dd88689836c87090e17f6428,pending,,,awaiting explicit learner-level review before release
klose,4,KV002536,1cfa663f13f22a0a3103a161f18d0fb1fb1d35bebaff94cfed02275cb17de6a6,pending,,,awaiting explicit learner-level review before release
klose,4,KV002537,c754b27db54613ab5bb584a47bdb1f3eddfe99ee289b1058b96fc8847f0ac770,pending,,,awaiting explicit learner-level review before release
klose,4,KV002538,ce9cc686e30cf7fd54798aea0d8e534f52983ecc9842980551c9b1d8f426546d,pending,,,awaiting explicit learner-level review before release
klose,4,KV002539,359aef8f27abc3f9a86e535285bb89c6c2d8b183a9f3062c0a963885c35d110b,pending,,,awaiting explicit learner-level review before release
klose,4,KV002540,9a19fed440974438bde3948d4b5ffafc3171e6b589c122f3a79c582503c0b37b,pending,,,awaiting explicit learner-level review before release
klose,4,KV002541,b662220cd0575479f59d3068fc0a6d75a2f8cc4acf52ab774915cb1512b18e8d,pending,,,awaiting explicit learner-level review before release
klose,4,KV002542,64886010a73d8037e075ed46b3663e48b12652bf220f50dd9153c61f81c6f432,pending,,,awaiting explicit learner-level review before release
klose,4,KV002543,ebb3c2d270e2fe0dc083e76edb70182b201c6214fbd646b763c6e8a9ddc13d1a,pending,,,awaiting explicit learner-level review before release
klose,4,KV002544,1a23ed29d97a983d485f473f7b82b066215f4c5dad09a7825d5421e661e7fc9d,pending,,,awaiting explicit learner-level review before release
klose,4,KV002545,7500ec898b9844f0dfebb403217ae034dbe4fe21db9a36b228b1887e3be6b528,pending,,,awaiting explicit learner-level review before release
klose,4,KV002546,8b5950f73fbc69b1a8c8fa3640003a1f1e02c5f46e489b6a70a83125f190fa70,pending,,,awaiting explicit learner-level review before release
klose,4,KV002547,48636a1ce24437d4c9b86d4ce2664075bfbd585eaf61dd4ba288bc7b80d259a6,pending,,,awaiting explicit learner-level review before release
klose,4,KV002548,663f26060430b7d50f0db53e4ad4d7273907c0785d8d2ce49bc445256dd79523,pending,,,awaiting explicit learner-level review before release
klose,4,KV002549,9a698e34ebf701220bce8c4ed002b950f1e8575701fafe9411e9c724062af1c3,pending,,,awaiting explicit learner-level review before release
klose,4,KV002550,c07a263072ebe07409150907e4cabf6b1ae949e294c434d537446c8eab257ce4,pending,,,awaiting explicit learner-level review before release
klose,4,KV002551,3965c349bda69d00e6393424352ef8744adcc71755c23331e1a7f270fd6051ba,pending,,,awaiting explicit learner-level review before release
klose,4,KV002552,45f302afa5714fb4c6a78c332c5ef95e15706386fb136e7af9984ac434f41f98,pending,,,awaiting explicit learner-level review before release
klose,4,KV002553,c9b410b72146c9382f2c6b8911044ffc77ba0beed93d6da66674d6f73a02c239,pending,,,awaiting explicit learner-level review before release
klose,4,KV002554,739ea599c5915fd348a2237861f4d180d0d78aa0e7ec2f4f958a0bb9d2d38198,pending,,,awaiting explicit learner-level review before release
klose,4,KV002555,7b4de9a034b37f0c8de706fcd128ecc6b3e437248791dfb44c3d2d26b49ee95b,pending,,,awaiting explicit learner-level review before release
klose,4,KV002556,0a32dc6770ade6dc1f8d34520d09d7b62d510d31118d1cd43fd4d31e334eae2c,pending,,,awaiting explicit learner-level review before release
klose,4,KV002557,ff6d89561295cd72d71149567d6c952d17f3793987a2a5363bfa540a831f37d3,pending,,,awaiting explicit learner-level review before release
klose,4,KV002558,1b73370fe8418f1b6b46763ece6e1bf5241a7e58cdce7dea1fc955ebf5187ab1,pending,,,awaiting explicit learner-level review before release
klose,4,KV002559,f4d99bc685c0a364d933747bb7221ef889f3ceee789306ac747e07375125fe74,pending,,,awaiting explicit learner-level review before release
klose,4,KV002560,1fdf2f44dbe37f75364f52e389e6d176616652db7e8c68e86ea6f5cf4896d776,pending,,,awaiting explicit learner-level review before release
klose,4,KV002561,05370ab334f504b0d1e92d10999836397e0958ee9d756f01992d9b7194ba5feb,pending,,,awaiting explicit learner-level review before release
klose,4,KV002562,95864810fca708cf4907e0458ab6d1fc5a402f4f0adbe584409d06b3ede9c73c,pending,,,awaiting explicit learner-level review before release
klose,4,KV002563,fea7cb5311f1d43f9dc366435f3d575c0e2254ab910c9656da67d7e157d21ebe,pending,,,awaiting explicit learner-level review before release
klose,4,KV002564,0e561e2d5e669d996528e3def36782ddb609eed0d32ff3531316a5e200b2bff6,pending,,,awaiting explicit learner-level review before release
klose,4,KV002565,2b688bb9b38a12575d23b91b6af9213289bdc56151ab6912bccc2f29416b6e11,pending,,,awaiting explicit learner-level review before release
klose,4,KV002566,7b40510f20cbcdc738e9a4efafb256af5966710926e3a7883b1049b830a42e49,pending,,,awaiting explicit learner-level review before release
klose,4,KV002567,aa76bb9f7504c75e289cdc146946ce132d736756bd8ae45a7ffc9bf07b4131be,pending,,,awaiting explicit learner-level review before release
klose,4,KV002568,bda2b6b10ebfd12d6c5ee1abf2c245add0793d36c47fe7f27d8da46f9a02e13b,pending,,,awaiting explicit learner-level review before release
klose,4,KV002569,64865564d4f91124742afedf8df25fa15d69efe089d3490e43cf74aefb5ab4dc,pending,,,awaiting explicit learner-level review before release
klose,4,KV002570,c6f2ad3d80cb597f5a5428a3b266e273b0a728501ca44f907860e6ef470e8cf3,pending,,,awaiting explicit learner-level review before release
klose,4,KV002571,142b07e4dae79f53f8c2e923075292361d73334180b1b0afc36503c47ce06a24,pending,,,awaiting explicit learner-level review before release
klose,4,KV002572,16a86c7bcce114266bc02f35cf0d0593b8db9286ddc486aa785661b20c507e0f,pending,,,awaiting explicit learner-level review before release
klose,4,KV002573,2be437be42031fc6b9f08b6001e9b7c83e7e913896b71407a3d9baa8154d6f0c,pending,,,awaiting explicit learner-level review before release
klose,4,KV002574,6f7487f81f4e1746667f4111f2bf21d28c57d28663cba2aa933373381ebd4519,pending,,,awaiting explicit learner-level review before release
klose,4,KV002575,f64938d8dae1bd5fadb71fcec673dd9a3933a1eceb88f871867941d623d32150,pending,,,awaiting explicit learner-level review before release
klose,4,KV002576,3d1970690c10fd6c8266713075caa002838ef7593930a111f35a940f4056f922,pending,,,awaiting explicit learner-level review before release
klose,4,KV002577,67ef7a0dbf0e4ee70abfe06f4403c38a7b8c544ba36e98ba86acb27dcc8192e3,pending,,,awaiting explicit learner-level review before release
klose,4,KV002578,3145fa7cda84861c60546cca4b2ad40d6c28f0ed50d47bdd7d9c4a61f0271c73,pending,,,awaiting explicit learner-level review before release
klose,4,KV002579,f9f0193e4eaff19dd59cd2344b70e33239095563aa15b2c8676a557e366f892f,pending,,,awaiting explicit learner-level review before release
klose,4,KV002580,570c973e906c9f753b0c1b416f07f214afd6324929c1408c56d6f0e400c32cee,pending,,,awaiting explicit learner-level review before release
klose,4,KV002581,d5e9004a519c5d18da96a936af317a62c9b644ef9dd140c6e1648f7ab52e68b3,pending,,,awaiting explicit learner-level review before release
klose,4,KV002582,48a7d2f2be571152e16f68bcd5ddfac4091d21fe69fa107364262beed8f306f6,pending,,,awaiting explicit learner-level review before release
klose,4,KV002583,bd8519928df6d9ce87206f1d8af006a07a9f758e6d6028f234f5c5d575b67f24,pending,,,awaiting explicit learner-level review before release
klose,4,KV002584,d0d72005cd80f16357455718741bb6133909224caf9cedcaf46d27b18196c7e4,pending,,,awaiting explicit learner-level review before release
klose,4,KV002585,f2e963f8c5f8f8b90ad489f69b498c93a64aa95ba6d3adf936759d03f265cdcd,pending,,,awaiting explicit learner-level review before release
klose,4,KV002586,76f391464ec9088eedfc44322aa5774911a08150b54f80862786d950cea5aa8c,pending,,,awaiting explicit learner-level review before release
klose,4,KV002587,61dcf2b857c8e768943b44e024705b41125f78ae7c5295b66485ba572eb82a33,pending,,,awaiting explicit learner-level review before release
klose,4,KV002588,9be3c10b1aaa239c881c00d86949379a98afd6eab807583a3267c1367cde781c,pending,,,awaiting explicit learner-level review before release
klose,4,KV002589,cd3d7ab79bd085fead25bfa9554a4b79d6aa4e5f5e9f4a3e47aea44edc6bb446,pending,,,awaiting explicit learner-level review before release
klose,4,KV002590,a0fe79c45451b156f7690b5436d12108c1eb0aa5476315691aa841098ed5def5,pending,,,awaiting explicit learner-level review before release
klose,4,KV002591,471e101efcc95701c66972fae9d7cd82e9bf353cf8c39ad6e4dcdedeac4cbec4,pending,,,awaiting explicit learner-level review before release
klose,4,KV002592,43b161eae2be4c810b4b1a1522d31940934e0c4e50505666b0949223ffdc5ae7,pending,,,awaiting explicit learner-level review before release
klose,4,KV002593,7b7334a1d776320b5de78110f0fd63c9ae28cdf35aba022d0cf544b8b372f37a,pending,,,awaiting explicit learner-level review before release
klose,4,KV002594,bc370cd1a0c7450f7de86257aa6153986098098fbc5af3bd718eb3514f1f5f98,pending,,,awaiting explicit learner-level review before release
klose,4,KV002595,48c3df358a8353a24922f40081613a323b1c1293f4125358b0964facddf0c6d7,pending,,,awaiting explicit learner-level review before release
klose,4,KV002596,0d0d26fd1edf8c92e8f18ec47da30a2d8fd7ce9d91ba436efd257f36e72bff3d,pending,,,awaiting explicit learner-level review before release
klose,4,KV002597,ac356506aac7facd15c9734be8439349c861513a977895f465413837602a0b55,pending,,,awaiting explicit learner-level review before release
klose,4,KV002598,138e55524bd73cdbc80bfe95fa2c05d984ab6a931c69b9209e0878b73b8f16e3,pending,,,awaiting explicit learner-level review before release
klose,4,KV002599,dab9ac9df4c6367148aea919db86699c08982aab69c49bc61b5e9aa7a53e89f0,pending,,,awaiting explicit learner-level review before release
klose,4,KV002600,4ac6418ad9ada7e374bf3eac7ca6a6111bdafbfbed3419693a1fb4ae47a7d89c,pending,,,awaiting explicit learner-level review before release
klose,4,KV002601,d2f6442977a9993f54dd3648623befb93f1fcfd2b4792fbe7aca597de07b28c2,pending,,,awaiting explicit learner-level review before release
klose,4,KV002602,edcede096635718dd5b0dfd4625a8165be528c4ef9d86af6164ec655f7d43ded,pending,,,awaiting explicit learner-level review before release
klose,4,KV002603,d8b72bb7061c09ffd16ab05e02ec854b5eafd96c30e2e910f9900dbd9bda19ac,pending,,,awaiting explicit learner-level review before release
klose,4,KV002604,c5845c86dde979e96899a0029fbd84558142f8c3e2448e455473df1b35572093,pending,,,awaiting explicit learner-level review before release
klose,4,KV002605,0f36ebfabb46a3e0f5ef6318e189d49262f612e7b572686c6a086e4ac7e8c82f,pending,,,awaiting explicit learner-level review before release
klose,4,KV002606,7e7c84db276fc4b61a5d2e1dc356507fd616c8e8bf1b7a05e0ce65e059c33910,pending,,,awaiting explicit learner-level review before release
klose,4,KV002607,d42d7965764e9ed927cb7339f2d9c9fcf38c03996d9dacdd8530cad6f3445c2f,pending,,,awaiting explicit learner-level review before release
klose,4,KV002608,12db00f4d116248442d0de9bc43b1c8535babdc77a104c845f09c109581b2d8a,pending,,,awaiting explicit learner-level review before release
klose,4,KV002609,460a8631e758fc67b03389895f8b24e62c68718d11ea927a34f47db26d87b04d,pending,,,awaiting explicit learner-level review before release
klose,4,KV002610,072d99f1fea3fd8e36936c282362aae4b21bac30fff14db0b73c8de55f380d3c,pending,,,awaiting explicit learner-level review before release
klose,4,KV002611,c8b224912f774af6c86ca16b5e7f32fa082cafd76ed8bf3c77349489519e5e0a,pending,,,awaiting explicit learner-level review before release
klose,4,KV002612,9486ede11efd98d972849e704b347c32988b016dcedf0f8a9ae60831f122a677,pending,,,awaiting explicit learner-level review before release
klose,4,KV002613,befa996f9bc20cd07ba80c5b883429eee8be5aaab6c681088a20e962e4fa163f,pending,,,awaiting explicit learner-level review before release
klose,4,KV002614,c31107879662c3b53ac5d3b1032c4ccbe0aaffe170685fc5e799e1a90db597f0,pending,,,awaiting explicit learner-level review before release
klose,4,KV002615,c27e6e01c1a888a46b6bc042eabb1eb6255efe8f5e42453a03c5de0b79151171,pending,,,awaiting explicit learner-level review before release
klose,4,KV002616,3fd40ca46ea2db1279aabb1d870a6932eeb4807127f13138c8826a3198749197,pending,,,awaiting explicit learner-level review before release
klose,4,KV002617,7565faddb188d85ae9e7765f5988e3fcaf2c43a34a6af04bbde323a07fb3b236,pending,,,awaiting explicit learner-level review before release
klose,4,KV002618,e939d6ce215d3be7515b38b6e9b07874bb6c0746839c19a935728d53ba6e2482,pending,,,awaiting explicit learner-level review before release
klose,4,KV002619,55e79feddfa726683ad6e4809d1fd6f8249ab4bcd864c6328535395d61b54f43,pending,,,awaiting explicit learner-level review before release
klose,4,KV002620,0af464146639aa4a3785692d6043c8e3e1f2686a9b22f10d6d2134c8257168d0,pending,,,awaiting explicit learner-level review before release
klose,4,KV002621,0b0d49b967853214368de2ae51f8f2fb6fa0915ae7cfbab4419548c992a9d32e,pending,,,awaiting explicit learner-level review before release
klose,4,KV002622,6f78af8ab3da9f205f99b71725be9d8e8c5115427069a20f38d11378f4940158,pending,,,awaiting explicit learner-level review before release
klose,4,KV002623,eba0d287188d9fa8bcdf1d53bff6108475cbc0aae1f28c7191753a05903a0e46,pending,,,awaiting explicit learner-level review before release
klose,4,KV002624,c9dd2f1fa3f884ab86bdd54be99ef5de1764989de811c050194ecbfcf5944226,pending,,,awaiting explicit learner-level review before release
klose,4,KV002625,256ef18584fdb1699ba15ba9c8c4c11ac7ba6e782fcafc7f1a2fcc944bdfb70a,pending,,,awaiting explicit learner-level review before release
klose,4,KV002626,94c7a460d1fb5e52b19710c607612a6780de423617bfbec869aacad1faeb4be1,pending,,,awaiting explicit learner-level review before release
klose,4,KV002627,7f5af60a1186584ed2b92b89f1f92872e1aab7118ac49b6750e2acf006c20ed9,pending,,,awaiting explicit learner-level review before release
klose,4,KV002628,ea9f5a9281247c5cf1f4734a58750fee81e4b6034df31fa2a8a9e1a8380e1cef,pending,,,awaiting explicit learner-level review before release
klose,4,KV002629,9bf92fc118c2e0f769aa3d2932f183f38303f7dc06c24579412981cee4bec24a,pending,,,awaiting explicit learner-level review before release
klose,4,KV002630,0aac2ae30f66ca9c20766661aa3c2a88d7404d0d8e6014102701781b36ebabfd,pending,,,awaiting explicit learner-level review before release
klose,4,KV002631,20040084d95c749c8853646f98c257ba30f214ecdb792aaf9411acea08efbcea,pending,,,awaiting explicit learner-level review before release
klose,4,KV002632,bcf51c5db75d08a9f9052deb6ade9384bd7d706cbb0f24639d15eea562b22965,pending,,,awaiting explicit learner-level review before release
klose,4,KV002633,52d228b4545d74312bdba2697a13db1323e9e51d920df056df7d648b70055f9a,pending,,,awaiting explicit learner-level review before release
klose,4,KV002634,93dd8ee94fbefa4d1fd078f3acab6fe85716aba323faa6659d4a2493f53bf973,pending,,,awaiting explicit learner-level review before release
klose,4,KV002635,8299e4272277df94aa6dcbac86fee0de696b052f1d828605525894e5143b7b56,pending,,,awaiting explicit learner-level review before release
klose,4,KV002636,70762f4b81615b03f26ca1bea3bca211bd98ec323a0d52e2480262710a5a3a12,pending,,,awaiting explicit learner-level review before release
klose,4,KV002637,7f87d35379aacc017578826dbd48ce7dba460397cf5fb6299b5eb1cf9e08fd18,pending,,,awaiting explicit learner-level review before release
klose,4,KV002638,4933414308b3f418fc428e9bccebea51e82cd0a3d24793be888a734e66750968,pending,,,awaiting explicit learner-level review before release
klose,4,KV002639,c08eae64a0cdde00262678ba0a4841d97657b445448e7d9c3ebc30bb88f48466,pending,,,awaiting explicit learner-level review before release
klose,4,KV002640,2bbe2ae89dcd081184c18c9ace2665af9c24447aac63b733258ccd319a4a0cb5,pending,,,awaiting explicit learner-level review before release
klose,4,KV002641,618065a7dfc468c6782a67b9230d6bec0eeb6da3de5c3fc1133997beb17a76fb,pending,,,awaiting explicit learner-level review before release
klose,4,KV002642,f07f5054ab03970696148d5dee858587562df6e0e45b817dc41286b3b01f455b,pending,,,awaiting explicit learner-level review before release
klose,4,KV002643,07da66a47043a07db2be2f70dde01c308dc2345ec8173993e43f6ca1d024b7cf,pending,,,awaiting explicit learner-level review before release
klose,4,KV002644,f53662b920c62e65970fead2acc6c4b0180188297be7092c61b3cf949a61ea21,pending,,,awaiting explicit learner-level review before release
klose,4,KV002645,bb98574e7b5f853077074614838e700e70540fb63694cf63b1d413a692b03b7e,pending,,,awaiting explicit learner-level review before release
klose,4,KV002646,9214c3c3334394c17a7ac12c9c369b16874466080bcb34f3019a771c3290c063,pending,,,awaiting explicit learner-level review before release
klose,4,KV002647,4a33b0e549ca259e0376adcb4b73dff74e74ab722ed809ba614e561bb60721a2,pending,,,awaiting explicit learner-level review before release
klose,4,KV002648,2bb5280bdf3006082623515a3ea60b635ec18536cecc8a6100587a8e2f0708dc,pending,,,awaiting explicit learner-level review before release
klose,4,KV002649,49f5fcf02d7c253ffafcc98473096b1fc35836512149b8a0c5f945f5772cca01,pending,,,awaiting explicit learner-level review before release
klose,4,KV002650,68ac8dd61e246dd4b17e0e07f616a2be82f95d9acf1054d1421ba87799ae4ea6,pending,,,awaiting explicit learner-level review before release
klose,4,KV002651,3826356769ca34e2c1e65e3a12857f214b6659cde8769e36f187bd55aacfd734,pending,,,awaiting explicit learner-level review before release
klose,4,KV002652,5b6d3ec93982ae214a4ea6a77c6c82ebbd4435527914774ad54322de0517063a,pending,,,awaiting explicit learner-level review before release
klose,4,KV002653,8b5c3e548e70d1f3bc9ef608ed8d4bce9da7e83c344b7a19561dc60b99b7cef7,pending,,,awaiting explicit learner-level review before release
klose,4,KV002654,5c1d2e8c0d7cf79f9967c40f41b2f8732b6385ec59f722fbf1968a28d92cb1ac,pending,,,awaiting explicit learner-level review before release
klose,4,KV002655,7c68130aa6b08ad571418d259e38887a89a29d82edaf7123f0a1ddf9d2c9cbb2,pending,,,awaiting explicit learner-level review before release
klose,4,KV002656,b803bc28ff2ba97db7e151dafad102a37fbc29913c57accbb0e1a17d58433431,pending,,,awaiting explicit learner-level review before release
klose,4,KV002657,44a663574d330f6dc5250cb6b9761136d2e104f26da5fabca93249d87e82d30a,pending,,,awaiting explicit learner-level review before release
klose,4,KV002658,4fd74fa25584b949ba5e6bc8811aa0f92702fe68f35abc0469a433f87a3afcaf,pending,,,awaiting explicit learner-level review before release
klose,4,KV002659,206a689ddf85e8d7404b6c98fb896c959efab66fdc02372ec8a20dee73bff295,pending,,,awaiting explicit learner-level review before release
klose,4,KV002660,20184712e2bbfe93cf2bd10afc6d34d08a90acb7e27085657615ac040cc24479,pending,,,awaiting explicit learner-level review before release
klose,4,KV002661,dda7d4b0c782d2b7db5d09afd2841b48bc0e84bc4b593bc6180933f456fa296a,pending,,,awaiting explicit learner-level review before release
klose,4,KV002662,fcbd95dd7ae646d876a62d928c060e668eea3273ceac116673924aca1bfda0d5,pending,,,awaiting explicit learner-level review before release
klose,4,KV002663,9f211d48890cc3dcdc76101f46a7e80097b974ce24539e12fd52bf671c8239ca,pending,,,awaiting explicit learner-level review before release
klose,4,KV002664,034938e8995e581df2403b116370656821d8010ffbc811402006349132a135ff,pending,,,awaiting explicit learner-level review before release
klose,4,KV002665,b1a201d9a1e4462c8ceb0475b750f88bda27a3bd1a26c599e4d135525e0acf50,pending,,,awaiting explicit learner-level review before release
klose,4,KV002666,2865a543c0bcc5faafb852128f3665c0c030c53e023e534fec66fa148f3bb32c,pending,,,awaiting explicit learner-level review before release
klose,4,KV002667,81538f73acf1c05e6e556c117df050418f2b0c3dc74fda14244722101641dffd,pending,,,awaiting explicit learner-level review before release
klose,4,KV002668,7625cf27cc63eefc8dea98804d972860d9f88301b392739b1da78889f99307e9,pending,,,awaiting explicit learner-level review before release
klose,4,KV002669,ff8e3e900d859f733ec6166cfd56749a048f5187047b80ab58585621c36f94c6,pending,,,awaiting explicit learner-level review before release
klose,4,KV002670,83fe8865b55c6f56e77a4c3bcfa17fbb0da6225c6a942b497ff4243aeb271b6b,pending,,,awaiting explicit learner-level review before release
klose,4,KV002671,2ee619714b2571ccca2a045843458a2f3983262c54b956952877515df89bd84e,pending,,,awaiting explicit learner-level review before release
klose,4,KV002672,1c1d91cbe1a2c7a26ac5c3e3306ed4b461f7d13022f0367fa5c15a63ea768b4b,pending,,,awaiting explicit learner-level review before release
klose,4,KV002673,62441bc0e5b6a3c64265535f8f7c3f32e4c2577ee957c970a3699797165a1b27,pending,,,awaiting explicit learner-level review before release
klose,4,KV002674,bbf8ec7a076b934a67475cccb252644446d392ac1984a8fa9220407843a6f711,pending,,,awaiting explicit learner-level review before release
klose,4,KV002675,430190e29d57a42ecfa4a84ed16b4889c8e48948d3cb3f23f38398015ba90d6b,pending,,,awaiting explicit learner-level review before release
klose,4,KV002676,58c361698deb33eb1e3a4ee15dca78fe3acf62c7924d0d2715061900a5d725ca,pending,,,awaiting explicit learner-level review before release
klose,4,KV002677,81b8bb4f4f3eeb98499d2eb3796e15545e67ce0b03fdfbfa4571efa078d1ce94,pending,,,awaiting explicit learner-level review before release
klose,4,KV002678,e717720d51580967865f35ca106a56ad60b7badcd90a1619452434b111285da8,pending,,,awaiting explicit learner-level review before release
klose,4,KV002679,16263f5e39bd11db613c02f3c7be24bcb6c60f898eec665b161d9eb8dfe4ac41,pending,,,awaiting explicit learner-level review before release
klose,4,KV002680,8c7dd9d23dead4cbe97519fb523417e9fcbc4e8a22f36aaa4502a34d611fd641,pending,,,awaiting explicit learner-level review before release
klose,4,KV002681,d57e6b4f4c578e945d6186a928bbfc23a9a3fdc59b9c4eec81d00791c769a157,pending,,,awaiting explicit learner-level review before release
klose,4,KV002682,769f1dc6f4b44b4b88b0ca408d2148863e8ad5e1b0a91aa46beab0476d0b6391,pending,,,awaiting explicit learner-level review before release
klose,4,KV002683,501b28b394b1b68981bde67bb0d402895736422a0b00aad2d48b0adec29f6e75,pending,,,awaiting explicit learner-level review before release
klose,4,KV002684,7562f89b6689674bb29b1b6df390899ca13b832486f8b83a83970f72a44598ed,pending,,,awaiting explicit learner-level review before release
klose,4,KV002685,c183c97032117be4ac37224d0bf66238d6652abb4e14ea469ab44c489a2e83b6,pending,,,awaiting explicit learner-level review before release
klose,4,KV002686,befeea013d642ef9f579a24cf73100b3a254c89bd442cdf36c726ebe4c70ce38,pending,,,awaiting explicit learner-level review before release
klose,4,KV002687,17fed3d31470d2dde691d1271acbf417dad1a0c77d490310207c3ad3163cb540,pending,,,awaiting explicit learner-level review before release
klose,4,KV002688,d6640d4d0df10552e22ed8b9e7afea738fbb486131f86bca0dd0ac22b03cd64a,pending,,,awaiting explicit learner-level review before release
klose,4,KV002689,b159d3c1e1cec9f4ade19a1e94674b690077f8dc805948b3fec1c12b06cccdc5,pending,,,awaiting explicit learner-level review before release
klose,4,KV002690,1c133d0b5995eea83a1234505d26c2885156661a1f75d240dbb1b6edbe1cb023,pending,,,awaiting explicit learner-level review before release
klose,4,KV002691,2329467522988cafae3d19e8680c9c75c89245a59846fb44c8cd7759a6db0cae,pending,,,awaiting explicit learner-level review before release
klose,4,KV002692,0922c157dc1e551c47039ccab61d35dffefbe4a7a019b6be0e19c0b3035a0709,pending,,,awaiting explicit learner-level review before release
klose,4,KV002693,d2581217be616b98ba84d0b0f3497686552c2647e102b168a0b41ad42142c176,pending,,,awaiting explicit learner-level review before release
klose,4,KV002694,9fdc5cf5acaca41a20eb7df5c579f7c0281ccc56e3b13a338d813d21f110d112,pending,,,awaiting explicit learner-level review before release
klose,4,KV002695,ee2f30054d65f4740d14038edc236d4c13129c5b01eb50484831e4a49ccb3cc2,pending,,,awaiting explicit learner-level review before release
klose,4,KV002696,07d7a52a35f34e231f92d1b4a4b2652ec134778a6d99f73bece9798a1cd940a7,pending,,,awaiting explicit learner-level review before release
klose,4,KV002697,155d4d1e750013b16af0f4ab39023b4bc2a671bb5ff4f8c83e6dfdadba2d2c79,pending,,,awaiting explicit learner-level review before release
klose,4,KV002698,9e12dc1792150eaefaaa02a5bb6836fedf53dba2bf408f0670d4a3f07b32a64b,pending,,,awaiting explicit learner-level review before release
klose,4,KV002699,458a70f244a0c1aabb1a7ed29c03a96151bcedf65aec847382cf83a64633bcc8,pending,,,awaiting explicit learner-level review before release
klose,4,KV002700,5471bb7b823f606b82b8579cd8612193ff7260ec0a9698878333013a1031b69d,pending,,,awaiting explicit learner-level review before release
klose,4,KV002701,66b6f52be98eddd1620e324684c5fa2551df2b7c4c2f50b8fc94bde93188139d,pending,,,awaiting explicit learner-level review before release
klose,4,KV002702,5b552441b4926db75b3839c67bca61348708b09ffd268007ef5d50b7705574d1,pending,,,awaiting explicit learner-level review before release
klose,4,KV002703,922118f22a9c7cd403489750d38db953992133a90d645f13bb689fb47fecee88,pending,,,awaiting explicit learner-level review before release
klose,4,KV002704,4366681c778d80a6656c638031518f80b9120df84500ae9c0d426ea04c49e973,pending,,,awaiting explicit learner-level review before release
klose,4,KV002705,2d45770049b612422d40b04fa1ff73dcda5dccdeb70e83a82abf7f4ee35d9d46,pending,,,awaiting explicit learner-level review before release
klose,4,KV002706,28f5b040d4a6dceda3de6688dfef8506b81644589619e345b7d8697f01dcebdb,pending,,,awaiting explicit learner-level review before release
klose,4,KV002707,e4f104ad93719396cfb56d99e79595aabca87d0eeb7a0f9f95a9430bf439158a,pending,,,awaiting explicit learner-level review before release
klose,4,KV002708,20ed9fcebdf676f380b88fc1175a320617cec670249d7b1a85e38f1d568676cf,pending,,,awaiting explicit learner-level review before release
klose,4,KV002709,10ca36a28b94110ca1bdac69c3543ffb3fcd3f12e6dc1358b10b50e4b4e55956,pending,,,awaiting explicit learner-level review before release
klose,4,KV002710,c152135ddabf2e061241d13c549cdeeea6ffeefe26b2847a5f213e1122126591,pending,,,awaiting explicit learner-level review before release
klose,4,KV002711,59a091e0ddea6f8cdaf6e26456492e5ced642b66a4dcfc3efbee040d6f05bde3,pending,,,awaiting explicit learner-level review before release
klose,4,KV002712,0eb758e9b2979c552ac270c7c2aded95049ce1780762deb58063c87275f31743,pending,,,awaiting explicit learner-level review before release
klose,4,KV002713,4d916a953951af1bb214b4712c746a980ee019784dee52862f998f2fea4e956e,pending,,,awaiting explicit learner-level review before release
klose,4,KV002714,79d838a1eebd46f4037f5e79fc5019f7b97b52f401dadb49773af0af3ee2aab6,pending,,,awaiting explicit learner-level review before release
klose,4,KV002715,10fdc46190a834bcfb591387aa4c2557f631ad46241af8428eebb19286f6d121,pending,,,awaiting explicit learner-level review before release
klose,4,KV002716,d8c3aad5eb9d5e5d04513eab7b5053bf3ab9b84f2234730503ae9c94a039c9f7,pending,,,awaiting explicit learner-level review before release
klose,4,KV002717,d8bcc7ed050bf3f24b502e3d3cee0d31f22a696798c28cf9d5741527a723d8f7,pending,,,awaiting explicit learner-level review before release
klose,4,KV002718,1c2dbd5cff60f3628d42a0b54852eaf5f5ef7d2639b1eb12891e8539bf01fb67,pending,,,awaiting explicit learner-level review before release
klose,4,KV002719,87d6d08cabfbd30e6142611eacf49f3a29714224384fa1788ce9394f883922f0,pending,,,awaiting explicit learner-level review before release
klose,4,KV002720,3be7419ef41d956a9ee37862bc24d97afab7027c2fbb091d413f337510a6a04d,pending,,,awaiting explicit learner-level review before release
klose,4,KV002721,c53574c7a75a93e99e4cd8f84ba41c462b52d76e4428f613c2c5f8e68b6d8adf,pending,,,awaiting explicit learner-level review before release
klose,4,KV002722,2b809d41e8ee036c8814eee467268e9db07c41559536f5432a6431bbce104f12,pending,,,awaiting explicit learner-level review before release
klose,4,KV002723,55fcfb3dda07f9b19fe347c9045a126355607cf5cc1024134f0d7657b3a6889b,pending,,,awaiting explicit learner-level review before release
klose,4,KV002724,24b2708cf9161c817b0e2c60b781d02753ab9ea8a1b60848974560adcc339ccc,pending,,,awaiting explicit learner-level review before release
klose,4,KV002725,a6da3eaa06cd2ba516e1d60be9417c6afcee824ffdf2d8f5fb785f279529f9c0,pending,,,awaiting explicit learner-level review before release
klose,4,KV002726,ba2d9208d7f20d0fb3717fd5ea91076a02d6ea47f6e5418d6cbb7ffe4142f8fb,pending,,,awaiting explicit learner-level review before release
klose,4,KV002727,a24ec8ce68eba728e5d826800741a22425f7c916cc4fc980049239019cfaa68e,pending,,,awaiting explicit learner-level review before release
klose,4,KV002728,8ae48949f09c9cba39d2ab85998eaf93583439cf1de1ac03b4704768cf6444cf,pending,,,awaiting explicit learner-level review before release
klose,4,KV002729,697f19e3423bd6f436bb0e54f39a99ec050d715f9cb811b4a6f1f0177208bb1d,pending,,,awaiting explicit learner-level review before release
klose,4,KV002730,a76396446fd9fcf28c6a203efb0a72920be719de77be7ccbb697e8d78a727f02,pending,,,awaiting explicit learner-level review before release
klose,4,KV002731,d4e57610608e265b057f871cefe835fe22f6b0694e83eb789d5a1c807dfd10b5,pending,,,awaiting explicit learner-level review before release
klose,4,KV002732,618e37b0c9bcb5708cb6b4d3276a09df3e67d6c3a774ddb9c0f49682835a8a58,pending,,,awaiting explicit learner-level review before release
klose,4,KV002733,bffe210a60e278c01fb6831e997c35f3889c96ae0906277966a99e08a29b9e06,pending,,,awaiting explicit learner-level review before release
klose,4,KV002734,621be480916867526286b36c09d96d1b5c2b2f5c7b9709dc72c372ecce84e734,pending,,,awaiting explicit learner-level review before release
klose,4,KV002735,392dd87696952f03efc57219017e06df88f08570253ed6eee51548ff1b2cc776,pending,,,awaiting explicit learner-level review before release
klose,4,KV002736,de232318f32aee0fcdbe85994132a8c26d1c41544c08ae3f8dfb0e62672898b5,pending,,,awaiting explicit learner-level review before release
klose,4,KV002737,e8c9712a8a6509ae8b5e6bab1a5f42ba92d078d316b68f4fd4760399277b6c5b,pending,,,awaiting explicit learner-level review before release
klose,4,KV002738,a923e3595e658a44ce4c12fe0010dddd07f6426906037f8ecebe50898d5b752f,pending,,,awaiting explicit learner-level review before release
klose,4,KV002739,6cdf95a7e8ab0355430ebf4e371c409b430e737a929e6c2a030f6e5735cba2ac,pending,,,awaiting explicit learner-level review before release
klose,4,KV002740,2b4132ab8b8ed77deeff7f33fcd3f7457bf9bdf207d23013e60c762217d2a17f,pending,,,awaiting explicit learner-level review before release
klose,4,KV002741,04e7bf7cb9fec96ce32e4857383c2601abccb336308650a93e61e52355ef7f1d,pending,,,awaiting explicit learner-level review before release
klose,4,KV002742,f68a2c44390c6a9843cdf410f1dab8dff8eab53ff94df7b00357d7453db242a1,pending,,,awaiting explicit learner-level review before release
klose,4,KV002743,084d9feb22cae83e9eb2fb55114c20de754b8fe7416f31c8740646e5f95e76fc,pending,,,awaiting explicit learner-level review before release
klose,4,KV002744,3e48a26b02f3a656032d5a2150c68465c774590cb8a541b689a0f2cae1e8fd21,pending,,,awaiting explicit learner-level review before release
klose,4,KV002745,74c56be1f8e30236096f231c0a8e6ab7b13f6ca546d234548b210f82e1450453,pending,,,awaiting explicit learner-level review before release
klose,4,KV002746,8e99aad54bebae7bb27a72fc9c91a083e7d6161eb2aa09390105ba4813b10623,pending,,,awaiting explicit learner-level review before release
klose,4,KV002747,a4a0f401e2588ce522bd33c78eaeffd9c1e9e6b63d4b56f1aad4dac9a1900c61,pending,,,awaiting explicit learner-level review before release
klose,4,KV002748,62f989c104629bb106f721a7271674a1277c8f4bfe476ceff81fd9a2b18941f3,pending,,,awaiting explicit learner-level review before release
klose,4,KV002749,f11baf752b9c08eb83433d7593ca10c3b4693b006e6467a696808a20a063a9ca,pending,,,awaiting explicit learner-level review before release
klose,4,KV002750,e0c524c9df846dd4dba1d7436a49cb476810c061af5fcf0848b0acb66768aa0f,pending,,,awaiting explicit learner-level review before release
klose,4,KV002751,04d95d5bf36b63b8d2219827bcec7a8f2e5ca151751772b8108cc7a2df851c9b,pending,,,awaiting explicit learner-level review before release
klose,4,KV002752,7ce0935197e9b90af2158c8554cbca518dceb4050817871fefb3443f00d295a1,pending,,,awaiting explicit learner-level review before release
klose,4,KV002753,f64038e4be08023c3cdf560ca7a552fbc0ec4bb48a27d30aaca21c00abcd5977,pending,,,awaiting explicit learner-level review before release
klose,4,KV002754,b5d03cdb49e4d398ec683391153ea638a16a10bdb4014cf5970be6b505c531d7,pending,,,awaiting explicit learner-level review before release
klose,4,KV002755,eeb863da3d557b574a1a099a9d1a20b209572b0cc29e9837251e5a66f709cc56,pending,,,awaiting explicit learner-level review before release
klose,4,KV002756,22c1b08dc74d4c6d6a9092b83b8c8581b4634352e9978b2cd265312900e89a62,pending,,,awaiting explicit learner-level review before release
klose,4,KV002757,95cfc39e48097927d99d13f76abab909ba457e576d2e46a3b6a8be6556150283,pending,,,awaiting explicit learner-level review before release
klose,4,KV002758,35c16ffc8afa4942797ecf9ccadce56026aeebace2a3254fa2bb4656495ab678,pending,,,awaiting explicit learner-level review before release
klose,4,KV002759,2e0e8bb7cdd81437b1c24bdde991ccb90245e2856e71d313f6fd23a21bf5bc17,pending,,,awaiting explicit learner-level review before release
klose,4,KV002760,e896ac562ddc85cafad39493284bf3d1d0daf65d1516ce898d242b6884bbfd25,pending,,,awaiting explicit learner-level review before release
klose,4,KV002761,fa09887317f17e86f5a964783a3a352846aa41235599c705acf8a410907c795e,pending,,,awaiting explicit learner-level review before release
klose,4,KV002762,d59f7d59f8b26defd81e9642c6adef5359260ee030e8281d174ceaec99e7821d,pending,,,awaiting explicit learner-level review before release
klose,4,KV002763,68f32865babec46a52e3024a75d8391c4e2c8d8f999c77c0b70fb0787c6b0a84,pending,,,awaiting explicit learner-level review before release
klose,4,KV002764,8e583d15d9e91bea98d609728ae6ea3204da0d04742d6ee1543f35d08f72e46b,pending,,,awaiting explicit learner-level review before release
klose,4,KV002765,96d639a9fdb08549c754b3f5d13abaa8af25b1b7a6439590badeab5edc9ebae7,pending,,,awaiting explicit learner-level review before release
klose,4,KV002766,ab362bc118fd74adca81c266f703fa7e9e0bfef15fc9558c8f0a8aafd8f109be,pending,,,awaiting explicit learner-level review before release
klose,4,KV002767,a980cc8d778e8cb73db6acc34052aa19d724b3e4f59ac4fc6caa42725976cb22,pending,,,awaiting explicit learner-level review before release
klose,4,KV002768,73d50c30407ed302d2cce47d6845a333cb5a9d882a6d11e5da4bcd5d9e9f80db,pending,,,awaiting explicit learner-level review before release
klose,4,KV002769,a9466993e094db09e3c67d6b70ad0c80ecb1cfcfba7acb36fc9e08bd7937e827,pending,,,awaiting explicit learner-level review before release
klose,4,KV002770,e1aa605d57b6ed563dc58479de56aa8ebd13bae505dbd3242a3ba5da25cc157c,pending,,,awaiting explicit learner-level review before release
klose,4,KV002771,fd65c7ed8dc080b5ed0ceddedc18d4136e0c9888005138931e49f6863b21a947,pending,,,awaiting explicit learner-level review before release
klose,4,KV002772,d4a410ac0df45b99d8f341c3d97e19ed6f6e61d64995c08bf67bb2a10a78c4ef,pending,,,awaiting explicit learner-level review before release
klose,4,KV002773,87eb77451575f72e6ca2ba96681fd394bb0e0133236f803a3aa9b99d7f6f3754,pending,,,awaiting explicit learner-level review before release
klose,4,KV002774,f70b8a832b791be6e6939534c062078300bae4a516e0cf168ed57d9dbee1bf4c,pending,,,awaiting explicit learner-level review before release
klose,4,KV002775,b88b31b55ffba9e612fc8d9a5ee78ec4383ff818e8d4e295f7f082961769dd50,pending,,,awaiting explicit learner-level review before release
klose,4,KV002776,ed7d880d92b3e6ab9a907fa7c8229116b988e9cc148cae0504ff33fa947ece63,pending,,,awaiting explicit learner-level review before release
klose,4,KV002777,52aed71652775097c389ae1d4f73e4a8815cc6e860caa33698741b9c0ffc617d,pending,,,awaiting explicit learner-level review before release
klose,4,KV002778,daf0980d2e002782900af1b745bc827a110694d288b0f581a1d0ef89b187cb48,pending,,,awaiting explicit learner-level review before release
klose,4,KV002779,2e6c48aab5165230843671396a81fb669c433422611011d4da8654fe4bac6015,pending,,,awaiting explicit learner-level review before release
klose,4,KV002780,e6d52d4b1e4658256a527c5f6308b2f9748e380e2c9f0f757c3985fb4ebca94f,pending,,,awaiting explicit learner-level review before release
klose,4,KV002781,c968487711e1268bd75200b3f663c9b170075416e5db6b7791d856f7e727226c,pending,,,awaiting explicit learner-level review before release
klose,4,KV002782,6c6ed05a7be9a9b2c7a3f88804c4250c7c91a3fceb32f339cedd7554a3260faf,pending,,,awaiting explicit learner-level review before release
klose,4,KV002783,af1d84e76a0f89c8af6191c48010949abdecd972c36da6e7647be68bdaf81b2d,pending,,,awaiting explicit learner-level review before release
klose,4,KV002784,55efb30bc3ce78dfd9953d56f66adcd6d1d044f9879753b5cc22bd5e2906934f,pending,,,awaiting explicit learner-level review before release
klose,4,KV002785,6b8229617f704c1d9c87377f4d8f62d71269cb4d69c9c63748781c41d1c82872,pending,,,awaiting explicit learner-level review before release
klose,4,KV002786,9957d5a6b46e8163b784bb74959ec2a4828419fca6dc3046e2fe9a1326d6781c,pending,,,awaiting explicit learner-level review before release
klose,4,KV002787,02631f00c0520573c3d39a5c4d6b4b40de19ec7e3ec7f32fa56b8b11f1c0b082,pending,,,awaiting explicit learner-level review before release
klose,4,KV002788,2f7f5c9ce5512d3cb6d7eb2cb51a7fd1e5eb9941d307a58c815122e5391bc3ba,pending,,,awaiting explicit learner-level review before release
klose,4,KV002789,791854006d33ccef0cd90c9d00c9178979a8242ab98e257a3aeb2bfb7419ed55,pending,,,awaiting explicit learner-level review before release
klose,4,KV002790,fbf17a1527dda1476c1d1f2b7527b4eb35eb247f87e80247b338a6fdebf6142d,pending,,,awaiting explicit learner-level review before release
klose,4,KV002791,db52d685ec53aa385e3879904dd091c1b21fa74930cdcdae94ccb6c680593075,pending,,,awaiting explicit learner-level review before release
klose,4,KV002792,535d8dcf264df4e374babf0b37b4236ee0fa01fb64980c1bf60d683a2d7ea1b8,pending,,,awaiting explicit learner-level review before release
klose,4,KV002793,c5d9f8f51039a1d5da6636c4311131645396188a97f1d3ee479971ea8c5cc14a,pending,,,awaiting explicit learner-level review before release
klose,4,KV002794,71a4d78f029706f7e0ec377522a80eeba8dcc351eda297b73aa25d22fe0aec26,pending,,,awaiting explicit learner-level review before release
klose,4,KV002795,8a1a0f6eddb94997baa06d0e72fc30b2c2d733c80f8a9dcbcb79a2389a93788c,pending,,,awaiting explicit learner-level review before release
klose,4,KV002796,f51815625b4cfb9a94b6c5d37d2da64085cb1202b34ff5b712e2d68d9b46793f,pending,,,awaiting explicit learner-level review before release
klose,4,KV002797,bc98eb9e4057aabfcfbf678af016e369d77b868f6a69961da5b7e8950769b04b,pending,,,awaiting explicit learner-level review before release
klose,4,KV002798,9c38ad8d1647cf38b4db83fb050e6c040437ec846dda33fbab1c3a7b5bc86b94,pending,,,awaiting explicit learner-level review before release
klose,4,KV002799,a7580ac5ebfe4cb59dfe6424fa62d6c898bf5f57983911f950f162f9d1496079,pending,,,awaiting explicit learner-level review before release
klose,4,KV002800,7744958fcbf713f247917876331dd41bcd9a5aa5254e9276f9ed96fd30cbf672,pending,,,awaiting explicit learner-level review before release
klose,4,KV002801,b2e7ac596b6032591edd7c0dcd57732f0eda586a8223044aad7bf70950fe1291,pending,,,awaiting explicit learner-level review before release
klose,4,KV002802,e6c17102d485bc0f405dcdfd14f75a65ba0d7620a94a9aef9c02c21b833b3858,pending,,,awaiting explicit learner-level review before release
klose,4,KV002803,117a447efc0be7cf619457047b81643f2b2941e4955dbc3301602ab5eaaa8a82,pending,,,awaiting explicit learner-level review before release
klose,4,KV002804,9eed42d69330c4a439e9d5cef5ca094bc70fe27f61e1c47a4fa7bf566cdef32e,pending,,,awaiting explicit learner-level review before release
klose,4,KV002805,5b10f3b53db49b182938d0a3b9f3aa9e522d872ba97ef69956e205a28f321c12,pending,,,awaiting explicit learner-level review before release
klose,4,KV002806,f5d8e47c874e8c6ecca43eac0ec1ddd44b75a0c0e18867afb152b6f11c7e1171,pending,,,awaiting explicit learner-level review before release
klose,4,KV002807,ee0e2fd2a1ed6297a11503bd9c2f663e0297bcbccad0952ce6bfd811009926db,pending,,,awaiting explicit learner-level review before release
klose,4,KV002808,62ba00121135f1d7fa586d4d7cdcac7e39ba9df223aa80062d05aba77834ec82,pending,,,awaiting explicit learner-level review before release
klose,4,KV002809,031675473274e025d946de75d91faba4466b13d0e7be5304b65bc2d64ec9e7c1,pending,,,awaiting explicit learner-level review before release
klose,4,KV002810,9e954cbef846ced9f072a85dc067e427219e9dce4ee09ea5c02d88f16a8da414,pending,,,awaiting explicit learner-level review before release
klose,4,KV002811,07798b6e85783a671664ed6a18a44437832bcab59957e5652ffef05aef77b00f,pending,,,awaiting explicit learner-level review before release
klose,4,KV002812,9c3cec8fdfbcdad6f7a55a91bf3f7dcc61e73600ce2aa4963ead143c0f9865fb,pending,,,awaiting explicit learner-level review before release
klose,4,KV002813,00cb02777a05e726ec46a7a4298b5edde51f444067d9ad382d1dafcf0ef67ff9,pending,,,awaiting explicit learner-level review before release
klose,4,KV002814,8e14605451209797d8909413521bfc77ab7daf9dd252a80a9cd20f6237316c3c,pending,,,awaiting explicit learner-level review before release
klose,4,KV002815,2f681c4bf564fa8206017dde105eb20bee80e1809397c47cf124325c84accd55,pending,,,awaiting explicit learner-level review before release
klose,4,KV002816,7713d9034a881e7cbae22a1029880331d0f251d037cc63fff435ffc860f57874,pending,,,awaiting explicit learner-level review before release
klose,4,KV002817,dcf157b83f1e37776b540aa261b5d2476816cf11c5d60cb751e38f0caa33db2d,pending,,,awaiting explicit learner-level review before release
klose,4,KV002818,8cb9e3c8ed6cced9c8c6640da5b0bb2118e54836040b90dd888fc9c8be5f2048,pending,,,awaiting explicit learner-level review before release
klose,4,KV002819,14bda5aff0093178d7e0b5d57330a87d7d55a3eff150a28b4bdd970216b03d94,pending,,,awaiting explicit learner-level review before release
klose,4,KV002820,4854e0a3ec3e91626a959a327e8e7990f1f5c34221835fa7aea43c59bac7f0e6,pending,,,awaiting explicit learner-level review before release
klose,4,KV002821,32a3428974a0ce45d7d299c735a4187b18dba8ac07e1f357b7f541c16db5ff60,pending,,,awaiting explicit learner-level review before release
klose,4,KV002822,4ba379d0250d784001c12e31105055cde75bfec9736fcaf2a5099170d97b8c37,pending,,,awaiting explicit learner-level review before release
klose,4,KV002823,21f012d8fb49249256da49df16a97eb85923260b4dc42028177bfd5383e6e8bf,pending,,,awaiting explicit learner-level review before release
klose,4,KV002824,0974f682b7153dededd5e5c26bbceddbe0c7800575a28b2261a026df99981e09,pending,,,awaiting explicit learner-level review before release
klose,4,KV002825,345e73b5a1034894b2ae2d1eff76fd7b15f8085ec3c9ebeccb737c4683554bd4,pending,,,awaiting explicit learner-level review before release
klose,4,KV002826,26b389310250435781a71de518e1f0c10b44932c4c37eb2e7c467b88c47fc32c,pending,,,awaiting explicit learner-level review before release
klose,4,KV002827,2f36e64cd1ed652d263ad2d8590e49fe44d26888921e28af0deb401f9962cc41,pending,,,awaiting explicit learner-level review before release
klose,4,KV002828,79fcf6c1c6f867c89f18b4fa7a9ea111ce7a914d167d73266df15a2f25b27c6d,pending,,,awaiting explicit learner-level review before release
klose,4,KV002829,dbe7916257141199f74dcd8da2b69c9ef042139089c1e6fec2a730a03f2f6a91,pending,,,awaiting explicit learner-level review before release
klose,4,KV002830,b0d95a3a371f0ee2ec17a2c6ebb1202da9ac6b59c9dfb34d6a7acb3084f4a9fa,pending,,,awaiting explicit learner-level review before release
klose,4,KV002831,4a32b540a770a817142702dab6f70ed18e00b67b050813e5b3bc2018551e0c23,pending,,,awaiting explicit learner-level review before release
klose,4,KV002832,90ffbefac94cd757c248d5a84ec80c550ad28673040420cc37001df0009ced9d,pending,,,awaiting explicit learner-level review before release
klose,4,KV002833,6a151899825b4b8d2bd2786266ce31d7259f3fdde6b1706d2eb40703c35b652e,pending,,,awaiting explicit learner-level review before release
klose,4,KV002834,01a76adbcebef856533e4d682861c3dbc41787f473d3d91ea6cf62c68f698809,pending,,,awaiting explicit learner-level review before release
klose,4,KV002835,0488712394bdfab34395f0e9c60b3dc5e27310d2d60d5b06b6acc200adb758e8,pending,,,awaiting explicit learner-level review before release
klose,4,KV002836,2698be21ba9dc9278526e96d443a2e8ab5ac19560b6e27a7cf5b77a29b8e8b37,pending,,,awaiting explicit learner-level review before release
klose,4,KV002837,e92c2e16063ca8936e528bbbe83e9a42a28ef8d22406de99155b0d6c6db99e73,pending,,,awaiting explicit learner-level review before release
klose,4,KV002838,9441edb15d2336cc45d9932ecf2194ac589cb1034a47e08b2776fb5172c5be42,pending,,,awaiting explicit learner-level review before release
klose,4,KV002839,266906d679fd4ed573fe2b13b1295d06ed184cae3f57b948e3bb11da9a255396,pending,,,awaiting explicit learner-level review before release
klose,4,KV002840,31ab0976612425bba1eaa5eaa190f1cd007999dee165af485cbc61eb7cdcaca2,pending,,,awaiting explicit learner-level review before release
klose,4,KV002841,4c255921a11e36153c4c0b1f2f270e3925cd58ca6029b416d285617d399a13e5,pending,,,awaiting explicit learner-level review before release
klose,4,KV002842,4a58076e0e773278b3d58d798c978ad11eac2ca333758e75973fb0f4f3e4945f,pending,,,awaiting explicit learner-level review before release
klose,4,KV002843,2c6fc57c2953137d7a5a5bf1810582d4729b9ed0dcc7892806c769a64f5af93d,pending,,,awaiting explicit learner-level review before release
klose,4,KV002844,b798c268e7ac0c4a2cf8e42b1502a8cb74588fa3564f014531ce76066694ff51,pending,,,awaiting explicit learner-level review before release
klose,4,KV002845,2193ea0551333a66268f7d7a2b5f7f63972ab776f32c7f162a06d08e801bdf63,pending,,,awaiting explicit learner-level review before release
klose,4,KV002846,32ccfe533308ab43020bbca65d7d9ec9cb1af6e2571c7aa709a770c4c831cafc,pending,,,awaiting explicit learner-level review before release
klose,4,KV002847,70822e6e09201b019bf266ed90995aa3803e7324d1be71e8d16ca11a9e7b9caf,pending,,,awaiting explicit learner-level review before release
klose,4,KV002848,6a71eef82a20489c269da346e7d16dfa5b3ddc5368b03995b9d9a9104960ace0,pending,,,awaiting explicit learner-level review before release
klose,4,KV002849,e55cc0f0941abf0d231a4376ab42f0d129dc7ab70c691515428a160cf7b15d6c,pending,,,awaiting explicit learner-level review before release
klose,4,KV002850,288c78a7ab5ccf7ba9deb163897c45e0f9187147952d1581155830b3337d3f5f,pending,,,awaiting explicit learner-level review before release
klose,4,KV002851,278bac883f617cb96fe49c3aa2574440a7f8678b4fa1e0515f8a42174c91ad28,pending,,,awaiting explicit learner-level review before release
klose,4,KV002852,ee3a4c9de5884974dce6cbdb859aebd39ffa637910de484dfe9b6d7c722b09f7,pending,,,awaiting explicit learner-level review before release
klose,4,KV002853,b0c6b2535cbdda833860063c0df82ec2c94eabcda658a4f927bf8270f7aa1339,pending,,,awaiting explicit learner-level review before release
klose,4,KV002854,a5db0bb120edb77641152957e5f2e03fb81c9598f4cd4829ac89f08e2e74d5b8,pending,,,awaiting explicit learner-level review before release
klose,4,KV002855,76d2b9ef06f91f0cf1c5dfe5b00d65efa0eb20ae962795afe08748995596d765,pending,,,awaiting explicit learner-level review before release
klose,4,KV002856,9f0ef611634a0b8aceeb375b2100c4d3f024004c7a0ba18f5c64c4cb155b4372,pending,,,awaiting explicit learner-level review before release
klose,4,KV002857,9492925120602a87971cedee881cc71d45c25d353b61f1d3e4ee050cef107b0e,pending,,,awaiting explicit learner-level review before release
klose,4,KV002858,ed5d4d5a831236ff1b2414e818fc9f13aad128abf8611e407df0d81b7e8a0245,pending,,,awaiting explicit learner-level review before release
klose,4,KV002859,c832e8efb8b9db2fc95273b1aeab97df8becd94f9269d2bbe385702306f74f03,pending,,,awaiting explicit learner-level review before release
klose,4,KV002860,817679dee6f35f9e8a28a2954a730cb0292f71b091ba70fb8539853ba343909a,pending,,,awaiting explicit learner-level review before release
klose,4,KV002861,c51d6101c6a9574e36932e41a10a4405ef4c4e981f801c6806598e792a9c1841,pending,,,awaiting explicit learner-level review before release
klose,4,KV002862,a0f175a27d98db84540fce0cdc6e7bb94c5ce1961d922b874d053fd2eb9feba5,pending,,,awaiting explicit learner-level review before release
klose,4,KV002863,d102a0df99733bf73a1d405b4b656f71a145a8c755eb8603a7d171384a3e9e81,pending,,,awaiting explicit learner-level review before release
klose,4,KV002864,62d9a382c4c08d23c7706e6bd5ec728fd7cac2d228e313d3d66f1344e997334a,pending,,,awaiting explicit learner-level review before release
klose,4,KV002865,a1ed6c81773a68cded549470d02fe3f9737813b5d7c74ffbd48bd19dd80531e6,pending,,,awaiting explicit learner-level review before release
klose,4,KV002866,9f83a36fe62ab8f896c9ef48f0c6c76d503cbcc6a32fe8c3e1e42e07b36b6260,pending,,,awaiting explicit learner-level review before release
klose,4,KV002867,c867f7ec3910c13f4ac2425a5ed357d9f20d57f000499345132534852fb8033e,pending,,,awaiting explicit learner-level review before release
klose,4,KV002868,290f990c19f6b98ac59775bfa35735b64974f250a8adbfc695939f98c17b48a3,pending,,,awaiting explicit learner-level review before release
klose,4,KV002869,faa329ab019f09b6787839de7507eb5c44b7356bbd31f9be4fadc79fac928967,pending,,,awaiting explicit learner-level review before release
klose,4,KV002870,532894441566c7736326cab1657b20784bedd8f1489020433cc40270d317687e,pending,,,awaiting explicit learner-level review before release
klose,4,KV002871,d1b386690a43b68e2f77dc6df1f024532dacb604dd26292fa8c25f2469566112,pending,,,awaiting explicit learner-level review before release
klose,4,KV002872,839f988540416c325f3f33223db9df11b93b99f941bf4eb8e46434f4d99d7e4e,pending,,,awaiting explicit learner-level review before release
klose,4,KV002873,a9422234cf59d18494e839ee2140f41d2216b67f505ce6d9f3c60c7df63bc3d1,pending,,,awaiting explicit learner-level review before release
klose,4,KV002874,15e9b7ed63f5aff9c152bad297b8b4ab015c0a52de782a0a74f049209d67b8ab,pending,,,awaiting explicit learner-level review before release
klose,4,KV002875,7482566f0225ed55da1192182ab4381ce0c3e9737706ec19d93eb776a42aadc0,pending,,,awaiting explicit learner-level review before release
klose,4,KV002876,3a1080ae4c7b70f37cfff0b25b906880ddf7b7bcb95ad2fe6920aa58ef517efe,pending,,,awaiting explicit learner-level review before release
klose,4,KV002877,811f3b1d9fe0f67efcfa967ccc85ea6272728277390c90ffff14669b30ddced2,pending,,,awaiting explicit learner-level review before release
klose,4,KV002878,91c64bec99d540d2ccaaa537abb095b168149bc3e3e94eb46827c01485ca6c0f,pending,,,awaiting explicit learner-level review before release
klose,4,KV002879,cfe170cdd9d7822e2e04889ffc34ec9223be74c2c972f744621a1a7436d55832,pending,,,awaiting explicit learner-level review before release
klose,4,KV002880,3d182efbe178b8057dc28f02ce8565039789f545d63b87732db6c0ad9d1776e6,pending,,,awaiting explicit learner-level review before release
klose,4,KV002881,06850f9b7f725b9d8652400cc781f9ccc0c17cb69b52e549477c2756ea4060b5,pending,,,awaiting explicit learner-level review before release
klose,4,KV002882,70b98b2c8c9f562a535c58b8aca370c2e4ab2fca36cfbde335170ca70feb4a69,pending,,,awaiting explicit learner-level review before release
klose,4,KV002883,c6655d366724527bed9d74d093740ae3a6f186a571269cb7fd6eef35453cf859,pending,,,awaiting explicit learner-level review before release
klose,4,KV002884,286d3e8636f390a2d830b141ca8e725871f7fb216d74107001a1e2de752ecdc5,pending,,,awaiting explicit learner-level review before release
klose,4,KV002885,2ef82f33ca2a1f7aa96b465a7da088e1f1871b1a4e20f13c4e5766c020919426,pending,,,awaiting explicit learner-level review before release
klose,4,KV002886,3e5054b898cf35e40231c470815db387672fa27106c1ee965665a6381485b8e1,pending,,,awaiting explicit learner-level review before release
klose,4,KV002887,28d62c739cc4624e1dfd7d8e0ec1ad8090a85274bcc04793d1786e9ecfabbf1e,pending,,,awaiting explicit learner-level review before release
klose,4,KV002888,b06887b9c6ec93aaa95bad0d6eb1bc40a8d1f0254912e5a265f56b3423326e64,pending,,,awaiting explicit learner-level review before release
klose,4,KV002889,9f4a361926506fb2afc48c0acaedf4bd9bec896d3ddfd7ed6b9d4ded9ced3e8f,pending,,,awaiting explicit learner-level review before release
klose,4,KV002890,6af1ee2a74fcde4de31a213d567c3ad106c452437421d2e341a3363061254274,pending,,,awaiting explicit learner-level review before release
klose,4,KV002891,1b97ef1843b18d2002d9d24eb271db9b845fa5a3fe81e0e9eb17636bb3a40508,pending,,,awaiting explicit learner-level review before release
klose,4,KV002892,b53a075651b254c6f7fed48e863c6884304514d1d071cda6eccbeda8237a754f,pending,,,awaiting explicit learner-level review before release
klose,4,KV002893,09d0a8e59146318caa70d0f4cabe24aeae79d0ab89920658ec1a4e7c7bd6d1c6,pending,,,awaiting explicit learner-level review before release
klose,4,KV002894,738df13ee04781cdbb236ed0203803e04fc50bbed5866f526e6bac882c706c91,pending,,,awaiting explicit learner-level review before release
klose,4,KV002895,3e898cb22f860cb93017f735f3fee6cd03d12705972fe4f291af875f869e853d,pending,,,awaiting explicit learner-level review before release
klose,4,KV002896,743c0fa8d4b5558dd13e70a1ba5eb7e4b65a7bce0fe7b52b3af176d791a669bc,pending,,,awaiting explicit learner-level review before release
klose,4,KV002897,8734f548ae62397ce3613e5d751779a09fb6ce73a06760b80182c36a51822b43,pending,,,awaiting explicit learner-level review before release
klose,4,KV002898,26ddb4ed7d9b05464f837d15e7032a25d3200b01c170f825cd5877706345c238,pending,,,awaiting explicit learner-level review before release
klose,4,KV002899,4464ca674260af3a5c2a67ddb67b5978e5b5106ca8effc4db691cd7b33e0b5c1,pending,,,awaiting explicit learner-level review before release
klose,4,KV002900,6db65d4070ba4483a693b2ea7af66904b8510fad81587a21e3fcd86d776ddc2a,pending,,,awaiting explicit learner-level review before release
klose,4,KV002901,54dae611757716525cd79b289baec989791d1acf19e78ff0a5b9c0b065d12958,pending,,,awaiting explicit learner-level review before release
klose,4,KV002902,2c78b318237a5c7b5bbcabe119bad70418e67d0f58751b1b4ecb8159804f7eef,pending,,,awaiting explicit learner-level review before release
klose,4,KV002903,7762c88a1dcbbd7f6cc7b0dec4e03bfa7706188b9b664a36d7f4579125439c4c,pending,,,awaiting explicit learner-level review before release
klose,4,KV002904,a123233b8ef228d30ed800fe59068d25bd12a62a0d96a31082158f7b499dad87,pending,,,awaiting explicit learner-level review before release
klose,4,KV002905,8529b53ec5fc321679c86b62a95dd6d3dee3e64830364031c709d249ecffa6b1,pending,,,awaiting explicit learner-level review before release
klose,4,KV002906,abe4c1e1dfbb6d9117b57f2da1bb0b58a8da7144944d68bcbf5b9c57a5624747,pending,,,awaiting explicit learner-level review before release
klose,4,KV002907,f4ff22d4c3be5b373172b8a300cd6de92d38d2a2feb6b99ae88ccdf8dd278fb5,pending,,,awaiting explicit learner-level review before release
klose,4,KV002908,370680ef8dba41789b1daeee01b7b9f1f5874049ac97b3686e90cba6a275161c,pending,,,awaiting explicit learner-level review before release
klose,4,KV002909,ce38909f3f83d683364c2f9b72eeb901865e2f32771edb9e57a961bebf360102,pending,,,awaiting explicit learner-level review before release
klose,4,KV002910,1cb92954b044b6256e7746cec87a64b1b566c14abc22e6a3b00957c9d291c737,pending,,,awaiting explicit learner-level review before release
klose,4,KV002911,62f5577c04a13453cd7c316b2ceebf8698ee56c409e362de384471911132d304,pending,,,awaiting explicit learner-level review before release
klose,4,KV002912,2a8e352662fbc664faebdb0092ae15589af13081d386aa7d854c8f1705f9bc59,pending,,,awaiting explicit learner-level review before release
klose,4,KV002913,430709b23ea6909fcb1c65804745fdfd66ed9cb7806d114b387653e8afdccd12,pending,,,awaiting explicit learner-level review before release
klose,4,KV002914,76bed224d8fc0266f0679d25aba8246bbe85f9e4e798e351dd5ae1255f269eaa,pending,,,awaiting explicit learner-level review before release
klose,4,KV002915,8c0b63a4c1cc3111c980f76d4351d7611f0b29e82cb54570318b885226e2d3f0,pending,,,awaiting explicit learner-level review before release
klose,4,KV002916,4efe21735915ee73916845dc2f35880acba52f410bd492952bd2bf1b4f78504a,pending,,,awaiting explicit learner-level review before release
klose,4,KV002917,e8f5878cd6d1f912360bfb5d0b930ea683c885bb227cbd2857061021f9d6957a,pending,,,awaiting explicit learner-level review before release
klose,4,KV002918,78c56a9780f588f88bea0a395575b79fa9d42bc771b3c6b2fca47968d78e31b2,pending,,,awaiting explicit learner-level review before release
klose,4,KV002919,e2a896bb1559eb301292b9f953ebd4b26d20261411baeb9769be0335af9185ee,pending,,,awaiting explicit learner-level review before release
klose,4,KV002920,64183765c3f9ca9663eac4b0f0dda80d4067d0bd01933ab844a5265ac70a94ee,pending,,,awaiting explicit learner-level review before release
klose,4,KV002921,6eb89b2ebd5c80d661241d73f20754224c3992eae3790adbac6b14c60adef04e,pending,,,awaiting explicit learner-level review before release
klose,4,KV002922,962a6c114a843179b6f75c14eb8ccc8c4ec9033016f15c5dffc655b573fba07c,pending,,,awaiting explicit learner-level review before release
klose,4,KV002923,060547fb34e34470e6c5a4e6847f1e0634fe8359e6a6a4c7d9918cd42fb3559d,pending,,,awaiting explicit learner-level review before release
klose,4,KV002924,c005afd4b908c2e27f9ed1602e4bd6a2278638cb2b026f81cfe7baa2f1a2a82a,pending,,,awaiting explicit learner-level review before release
klose,4,KV002925,9d5be04a84510815582d18372e868c92e625d2d5c14941f34211875dd37c3221,pending,,,awaiting explicit learner-level review before release
klose,4,KV002926,93393b5f5e5627b693c7377f0c9271d1bb86e4de02b3bbda4a0ae1f56b66d3ed,pending,,,awaiting explicit learner-level review before release
klose,4,KV002927,c110ef501af12f143e66b8928791b7427bfe63fe4693c8cb77f3d0435174bc4a,pending,,,awaiting explicit learner-level review before release
klose,4,KV002928,d9f97c9bc029d05a7dbad160e7c09f0da5ef870b5af359282e605cae2e89c7cf,pending,,,awaiting explicit learner-level review before release
klose,4,KV002929,31cda86325ff6451554e402967e1b9d0d1c41b1610dc9563454646fbf5082ee9,pending,,,awaiting explicit learner-level review before release
klose,4,KV002930,e45565ab382669f5f47d464690451e3862851db3f5dc96705431794a61786b2a,pending,,,awaiting explicit learner-level review before release
klose,4,KV002931,0accb15ffb8b3116fc20f56d214112f12a11a244e42141da51947151369b48ff,pending,,,awaiting explicit learner-level review before release
klose,4,KV002932,b50fcc88527fb456ea7c9bd96c2f4c5c8b475f32e3eebb0d57551655ec04ecfa,pending,,,awaiting explicit learner-level review before release
klose,4,KV002933,69f5c7edf0449321619b5a60a835c3fff7263e51553df568c688da1f5157fdbe,pending,,,awaiting explicit learner-level review before release
klose,4,KV002934,9c06c4192c8f10bd1fd9b7ff5a19c75dd50f2ecabf4a21463b49773a7f7532ac,pending,,,awaiting explicit learner-level review before release
klose,4,KV002935,fdb66c1458cbc0b23f00f822739b1f3f3d1ceb9d4c55724f5e862d1b2b0b703d,pending,,,awaiting explicit learner-level review before release
klose,4,KV002936,5b9a21cec531ac34142176a14200424b54adffb6545115d1d2889d2c29659706,pending,,,awaiting explicit learner-level review before release
klose,4,KV002937,e94d6154e684784ccea19961d4c9d0aef61b540062b30d6a7bffb2ae6928590b,pending,,,awaiting explicit learner-level review before release
klose,4,KV002938,0c6c14597abf7c7b9c1f5b80049b886c59e4a2d1e511ee65aca589e7d8421acd,pending,,,awaiting explicit learner-level review before release
klose,4,KV002939,5f2f6b9ca7cdf767d230df322091a1bb6af446e1399e07fcb2bc5b9a30ea22e7,pending,,,awaiting explicit learner-level review before release
klose,4,KV002940,241efc21806c21ea8fd595cd047a44a4f7e734eaa1098ef5764318f28605e088,pending,,,awaiting explicit learner-level review before release
klose,4,KV002941,57b735c2d8cba10044d2c1ef1771d1bf6e192311ff0aaf0146562b520ddf1eae,pending,,,awaiting explicit learner-level review before release
klose,4,KV002942,036e8493aee2dd3b7935c5124997bdacd235e2ee54d0c9c350da3aaf5c01fd6f,pending,,,awaiting explicit learner-level review before release
klose,4,KV002943,14d38c81f88de303c263b449458f4995fbcfcd649d366c4012a72ae27b50b81b,pending,,,awaiting explicit learner-level review before release
klose,4,KV002944,f86d79338164ff96d3d4faedc92db190c197d2907909cbcf966ed737b9f06e57,pending,,,awaiting explicit learner-level review before release
klose,4,KV002945,483ca6092ecb3dde1b432fa8c6b287183e509a3b7e07004686a627003d14d708,pending,,,awaiting explicit learner-level review before release
klose,4,KV002946,62f6d5ea06e9d73f8e33297628155b1f75a38857cf27498d8c6bd26c8686cca6,pending,,,awaiting explicit learner-level review before release
klose,4,KV002947,c9d7dbac0d49a93a2ccd60c5e00706867b57819c314c7b26882c6bc3e587aedc,pending,,,awaiting explicit learner-level review before release
klose,4,KV002948,26fe973776d3e2c53a4d7ba80ca4027b66738b11f8f0b6f2f316533d6f547198,pending,,,awaiting explicit learner-level review before release
klose,4,KV002949,dba958f44658caa913e701850d32fa99d08db17754d5f0cd08e7848260f77192,pending,,,awaiting explicit learner-level review before release
klose,4,KV002950,31190813a953edab619f955a5e7684a3be0a0432f2041acf165ff2c30c1ff537,pending,,,awaiting explicit learner-level review before release
klose,4,KV002951,10898e64892c3936b1e0fd1a4cc41570810dc7d25ecf04a70f433a2b9ba1e6d1,pending,,,awaiting explicit learner-level review before release
klose,4,KV002952,6d3f5a69732bf9e1561561094831a3d1ae2105ccc24d722dae46d942bd5bc270,pending,,,awaiting explicit learner-level review before release
klose,4,KV002953,0534502f2930c0253aaa440448297da3f47885883f9c653bb4eda2d4f65483ad,pending,,,awaiting explicit learner-level review before release
klose,4,KV002954,c14cac614ede85d5163c9a6c2bf62db0607af47f1472d213948b3fde3f0d38c2,pending,,,awaiting explicit learner-level review before release
klose,4,KV002955,cda7f5c814328c68ffcd6bca17b9fe3e54d597c90090e442b55ac736cf0e24fb,pending,,,awaiting explicit learner-level review before release
klose,4,KV002956,e0f5d2f48a31830d279b14009967ed3c4a91c5a058abcc6507c1348b238ba43d,pending,,,awaiting explicit learner-level review before release
klose,4,KV002957,a024e6da369ca21dc3f8b71032842f03c54272445e66a769b28fa56beb00a33b,pending,,,awaiting explicit learner-level review before release
klose,4,KV002958,18e17821f6dabe99130ae8afe99bd0f9bb2636c2bec8a979918fe02a3097f860,pending,,,awaiting explicit learner-level review before release
klose,4,KV002959,4e1ce833d5c48a778fcf290917fd47533c5d255fd2e3b1b18281f383435fff55,pending,,,awaiting explicit learner-level review before release
klose,4,KV002960,ad0371fd80eb6162a127d34a1c16c203012a6cb87a5f852b5b439d57f1456823,pending,,,awaiting explicit learner-level review before release
klose,4,KV002961,d125a045f428641ed9058b9c5858d63439b1250f8938c9bb4b74a6b6a8b11fe4,pending,,,awaiting explicit learner-level review before release
klose,4,KV002962,f1f0126a420e0ab0df885f650ca0d98f8f287f46ce28cc8e4c9631b9af1d539e,pending,,,awaiting explicit learner-level review before release
klose,4,KV002963,b6d4adc996ec2791dfeb2cae2742ddebe493fbe319b19fcce37cbc655857837a,pending,,,awaiting explicit learner-level review before release
klose,4,KV002964,d72f78498916bf742183df8454e08ce2436bec0ef9742e93a179cb2447be002d,pending,,,awaiting explicit learner-level review before release
klose,4,KV002965,41c070d7e70eaed4475bcff7f3a4898831c6bcf03dbea01b2b9e9b4478eaf06a,pending,,,awaiting explicit learner-level review before release
klose,4,KV002966,6bf9ad2cce4b447706440caf2cb5888fe10b7705416fa08ead34fefdd7e6a849,pending,,,awaiting explicit learner-level review before release
klose,4,KV002967,d6c543e2d539a1da96f198e9c2f516a0f175645b1cd62a53dd7ff3b78cc23362,pending,,,awaiting explicit learner-level review before release
klose,4,KV002968,6108c65fdb4e05c746f62ec6eca0c70607c3671bbe5c515070764566fbe3c6fd,pending,,,awaiting explicit learner-level review before release
klose,4,KV002969,86991f3bc88dab22e4e4a9cc34879c14e219235b0ef8ee60c8ae23677962d363,pending,,,awaiting explicit learner-level review before release
klose,4,KV002970,d3c15869ddc9b03b5656fb5e17306d92b5ac61e56bc8e65cdcb7545fef3cb5c8,pending,,,awaiting explicit learner-level review before release
klose,4,KV002971,495fa4c9efb1c3159ac7bd63c64ce4a4b67249a0eaba8ef04a4e84990f7cffe4,pending,,,awaiting explicit learner-level review before release
klose,4,KV002972,8b971e8029f6abeff70b1cb02bab962508e59d00b267bfbfcae3b1d8212523bb,pending,,,awaiting explicit learner-level review before release
klose,4,KV002973,17fc9d1a0ba907b9afe42e6aa21fa7457d09d30b49cb38c56883244c834c0646,pending,,,awaiting explicit learner-level review before release
klose,4,KV002974,d4b85e97b121279217fb9bb5836cc96df0d427e422821cc5679955154d159d5c,pending,,,awaiting explicit learner-level review before release
klose,4,KV002975,6b428914b91fa834526d0133cc238f9fdc38bd5f1b66b36ef4d2d6251688b79e,pending,,,awaiting explicit learner-level review before release
klose,4,KV002976,53bad44cc49f76aeb73befa7dbf5396e213f3845b9c8c572fbf27d76d4147d0f,pending,,,awaiting explicit learner-level review before release
klose,4,KV002977,f84e9879623df8159c945a2bbeea131d404b3f55b6419196fbc39f62c5b2efaf,pending,,,awaiting explicit learner-level review before release
klose,4,KV002978,c77692e6bebf57c594958c84ae1fdc71060f768f70a52ac7a25d078501520bad,pending,,,awaiting explicit learner-level review before release
klose,4,KV002979,16e447992057de5c5ea1786c81bfcba4a714bcc3591dbbfd34d1244312152819,pending,,,awaiting explicit learner-level review before release
klose,4,KV002980,68684c7774b219bc78ac522efad8b21c2c67057cc0c5d0ae2d8e8d38732745ff,pending,,,awaiting explicit learner-level review before release
klose,4,KV002981,8f7e9c703b690983112ace5d38b5a2e39b187f8d4267e85d731117b61d398e8b,pending,,,awaiting explicit learner-level review before release
klose,4,KV002982,155aa57705a98f0618d4b37fd59c497fd35323a0dd24a9ad8297c7248ce583fc,pending,,,awaiting explicit learner-level review before release
klose,4,KV002983,ddc26c5cbe702c5e9a76fbde1e5150a1530cbb5accef7a92b36d07963c9a07c2,pending,,,awaiting explicit learner-level review before release
klose,4,KV002984,4e92acea106e4217b99ff1e431581d56b78257a1b9d2499c012d5e650eb15169,pending,,,awaiting explicit learner-level review before release
klose,4,KV002985,8b55f440d12872a8dac7e8292ee3e5a2292f1d3221baf76e8a911eeb3abacfcd,pending,,,awaiting explicit learner-level review before release
klose,4,KV002986,f4f66a4bb04fc6db46c07531c4cbfe45ff0e85b29371e8ba2ccb65f5f43826f1,pending,,,awaiting explicit learner-level review before release
klose,4,KV002987,dd5f4fb3dafeac3e25689e1e23c5dc44f897e55ccb662780dec8c6f3b11670e1,pending,,,awaiting explicit learner-level review before release
klose,4,KV002988,e5fe3fc0b83a99dd577bdbb8c53b0d7bb1abe685c57bb695b9800f85f73c6027,pending,,,awaiting explicit learner-level review before release
klose,4,KV002989,1efb6fbf0b48f44d64614fd04a4554c2a45c9616335d1afec10cdee2a0db2929,pending,,,awaiting explicit learner-level review before release
klose,4,KV002990,1df2aa360de0525cedf3ee63c9209eb828c19cb3187dbccfba8116c760784368,pending,,,awaiting explicit learner-level review before release
klose,4,KV002991,e86a5cb1355f5eff5c33eab010e82109e017cfe22e2d19767a578a6ca0288acb,pending,,,awaiting explicit learner-level review before release
klose,4,KV002992,dd00d064aed6fbe2a36a76622cd8acd58d945a177345596dfe2cf82b7d977f9c,pending,,,awaiting explicit learner-level review before release
klose,4,KV002993,619daac4a6d3425479b13303c20ace3d51d6ed5bdda7299132abd8ebd77392b1,pending,,,awaiting explicit learner-level review before release
klose,4,KV002994,4a8ad8685e69a7d8df11d0ba7db6d0e25216b414ea4dd50cd4122c1b78627a3c,pending,,,awaiting explicit learner-level review before release
klose,4,KV002995,4ea56c9fc133bbe4cd0a4c090d82e811e40d6e3789ca288417dc7fe1c7fb1852,pending,,,awaiting explicit learner-level review before release
klose,4,KV002996,5b0143d444a88a65e7b801edbc92da2a5dfadcea0e9e4127669abcbcedd2cda9,pending,,,awaiting explicit learner-level review before release
klose,4,KV002997,9e6d10535e9faba34bd5ef244e5bf46c70a4a3e320fe725ff2ba0c4b5d7a638b,pending,,,awaiting explicit learner-level review before release
klose,4,KV002998,6674031a0b1ff3132533f4d070650100f57137113b674215c3710eb793ac173b,pending,,,awaiting explicit learner-level review before release
klose,4,KV002999,9fa00b09494f648630af0f1fc7237d97f6d24d5bb6c750bdf4f54867d042e881,pending,,,awaiting explicit learner-level review before release
klose,4,KV003000,dea4a5e25846ebaf89cf75e3a10d732fc3f13ed9ec5172e776586fc045ccd841,pending,,,awaiting explicit learner-level review before release
klose,4,KV003001,b00039b1e76ce621886677895594d18553e6dcb1ff8cb63b4fbeef080e6cf041,pending,,,awaiting explicit learner-level review before release
klose,4,KV003002,6f80ac96e7ed95c53c78af67bf293accba7c1b5e12a0436e6640880918a063f5,pending,,,awaiting explicit learner-level review before release
klose,4,KV003003,05bf2ce2c6bb01d9bfeadcb874756170edc5d401822c63f30cb97bc8c694f31f,pending,,,awaiting explicit learner-level review before release
klose,4,KV003004,41a51a85543bdac1c698f041a2c24d955066e8067267c04890028b2f55ac4283,pending,,,awaiting explicit learner-level review before release
klose,4,KV003005,6acbbe5be3e457e35c20a48c6afcf514ee0bfca6962bfc2ec8d80709daf9633c,pending,,,awaiting explicit learner-level review before release
klose,4,KV003006,4ff1b788d36bf7e8823c4329cee6f43582838f852ce9cdf983955a0f8ffc477c,pending,,,awaiting explicit learner-level review before release
klose,4,KV003007,bd5e1ea190a481ca20658f372388c1342670aa314d42ab3e05950761773a479c,pending,,,awaiting explicit learner-level review before release
klose,4,KV003008,8b93098cc3c55ff30ad8b3c981939568cfdd9b20fe2090459e6a5e9ab9089a63,pending,,,awaiting explicit learner-level review before release
klose,4,KV003009,d135ff78b610c8515800a1d038d7ab748bd1bfd79e6c5826bb357a3db9001811,pending,,,awaiting explicit learner-level review before release
klose,4,KV003010,ad1b4579b800f1d5f5319291138608eb69270a03dc0f164351ee31d865b96d4e,pending,,,awaiting explicit learner-level review before release
klose,4,KV003011,b8f4b43a4559f758e5f79df5a2909d6ce81094df10b0346e64891db2c73f010a,pending,,,awaiting explicit learner-level review before release
klose,4,KV003012,d6d37399abf68ef6c0fe2cd67670c83701543de77f5ebf027226919666244bc7,pending,,,awaiting explicit learner-level review before release
klose,4,KV003013,274c9b9afccd2567a93fdc728a045ca3041502f4c36b665e490682113204bdd6,pending,,,awaiting explicit learner-level review before release
klose,4,KV003014,a9109a154f893939246462924d77a4cdaab37d8f279e2790d307a920838c1eff,pending,,,awaiting explicit learner-level review before release
klose,4,KV003015,330b18cd70b31c84eda0fcf30b033779f4a27f74971e32eb7b25b8344ce82900,pending,,,awaiting explicit learner-level review before release
