SourceOccurrenceKey,SourceID,SourceBook,Grade,Semester,SourceRow,Word,MatchKey,British,American,Definition,SourceFile
kepu_start3|g3-upper|r002|hi,kepu_start3,3年级上,3,上,2,hi,hi,[haɪ],[haɪ],int. 嗨!(表示问候或用以唤起注意),科普版三年级起点三年级上.xlsx
kepu_start3|g3-upper|r003|hello,kepu_start3,3年级上,3,上,3,hello,hello,[həˈləʊ],[həˈləʊ],"n. 表示问候, 惊奇或唤起注意时的用语 int. 喂;哈罗",科普版三年级起点三年级上.xlsx
kepu_start3|g3-upper|r004|pig,kepu_start3,3年级上,3,上,4,pig,pig,[pɪɡ],[pɪɡ],"n. 猪;猪肉 vi. 生小猪;像猪一样过活 n. 警察(俚语,带有攻击性)",科普版三年级起点三年级上.xlsx
kepu_start3|g3-upper|r005|i,kepu_start3,3年级上,3,上,5,I,i,[aɪ],[aɪ],n. 碘元素;英语字母I pron. 我,科普版三年级起点三年级上.xlsx
kepu_start3|g3-upper|r006|am,kepu_start3,3年级上,3,上,6,am,am,[əm; æm],[əm; æm],abbr. 调幅 v. 是,科普版三年级起点三年级上.xlsx
kepu_start3|g3-upper|r007|a,kepu_start3,3年级上,3,上,7,a,a,[ə],[ə; eɪ],n. 字母A;第一流的;学业成绩达最高标准的评价符号 abbr. [物]安(ampere),科普版三年级起点三年级上.xlsx
kepu_start3|g3-upper|r008|cat,kepu_start3,3年级上,3,上,8,cat,cat,[kæt],[kæt],"n. 猫,猫科动物",科普版三年级起点三年级上.xlsx
kepu_start3|g3-upper|r009|dog,kepu_start3,3年级上,3,上,9,dog,dog,[dɒɡ],[dɔːɡ],n. 狗;丑女人;卑鄙的人;(俚)朋友 vt. 跟踪;尾随,科普版三年级起点三年级上.xlsx
kepu_start3|g3-upper|r010|fox,kepu_start3,3年级上,3,上,10,fox,fox,[fɒks],[fɑːks],n. 狐狸;狡猾的人 vt. 欺骗;使变酸 vi. 假装;耍狡猾手段,科普版三年级起点三年级上.xlsx
kepu_start3|g3-upper|r011|are,kepu_start3,3年级上,3,上,11,are,are,[ɑ:(r)],[ər; ɑːr; er],v. 是(be的第二人称单复数现在式) n. 公亩,科普版三年级起点三年级上.xlsx
kepu_start3|g3-upper|r012|you,kepu_start3,3年级上,3,上,12,you,you,[ju],[juː; jə],pron. 你;你们,科普版三年级起点三年级上.xlsx
kepu_start3|g3-upper|r013|yes,kepu_start3,3年级上,3,上,13,yes,yes,[jes],[jes],"n. 是(表示肯定) adv. 是, 是的",科普版三年级起点三年级上.xlsx
kepu_start3|g3-upper|r014|mr,kepu_start3,3年级上,3,上,14,Mr,mr,[ˈmɪstə(r)],[ˈmɪstər],abbr. 先生(Mister),科普版三年级起点三年级上.xlsx
kepu_start3|g3-upper|r015|no,kepu_start3,3年级上,3,上,15,no,no,[nəʊ],[noʊ],adv. 不 adj. 没有;不是 n. 不;否决票 abbr. 数字(number);元素锘(nobelium)的符号,科普版三年级起点三年级上.xlsx
kepu_start3|g3-upper|r016|miss,kepu_start3,3年级上,3,上,16,Miss,miss,,,"n. 女士,小姐,年轻未婚女子 vt. 错过,想念,缺(勤)",科普版三年级起点三年级上.xlsx
kepu_start3|g3-upper|r017|too,kepu_start3,3年级上,3,上,17,too,too,[tuː],[tuː],adv. 太;也;很;还;非常;过度,科普版三年级起点三年级上.xlsx
kepu_start3|g3-upper|r018|my,kepu_start3,3年级上,3,上,18,my,my,[maɪ],[maɪ],pron. 我的 int. 哎呀(表示惊奇等);喔唷,科普版三年级起点三年级上.xlsx
kepu_start3|g3-upper|r019|name,kepu_start3,3年级上,3,上,19,name,name,[neɪm],[neɪm],"n. 名称,名字;姓名;名誉 vt. 命名,任命;指定;称呼;提名;叫出 adj. 姓名的;据以取名的",科普版三年级起点三年级上.xlsx
kepu_start3|g3-upper|r020|is,kepu_start3,3年级上,3,上,20,is,is,[ɪz],[ɪz],v. 是(be的三单形式) n. 存在,科普版三年级起点三年级上.xlsx
kepu_start3|g3-upper|r021|goodbye,kepu_start3,3年级上,3,上,21,goodbye,goodbye,[ˌɡʊdˈbaɪ],[ˌɡʊdˈbaɪ],int. 再见 放弃 告别,科普版三年级起点三年级上.xlsx
kepu_start3|g3-upper|r022|bye,kepu_start3,3年级上,3,上,22,bye,bye,[baɪ],[baɪ],n. 轮空;次要的东西 int. 再见 adj. 次要的,科普版三年级起点三年级上.xlsx
kepu_start3|g3-upper|r023|what,kepu_start3,3年级上,3,上,23,what,what,[wɒt],[wʌt],"pron. 什么;多么;多少 adv. 到什么程度,在哪一方面 adj. 什么;多么;何等 int. 什么;多么",科普版三年级起点三年级上.xlsx
kepu_start3|g3-upper|r024|your,kepu_start3,3年级上,3,上,24,your,your,[jɔː(r); jə(r)],[jʊr; jər],"pron. 你的,你们的",科普版三年级起点三年级上.xlsx
kepu_start3|g3-upper|r025|please,kepu_start3,3年级上,3,上,25,please,please,[pliːz],[pliːz],"int. 请(礼貌用语) vt. 使喜欢;使高兴,使满意 vi. 讨人喜欢;令人高兴",科普版三年级起点三年级上.xlsx
kepu_start3|g3-upper|r026|sit,kepu_start3,3年级上,3,上,26,sit,sit,[sɪt],[sɪt],vi. 坐;位于 vt. 使就座,科普版三年级起点三年级上.xlsx
kepu_start3|g3-upper|r027|down,kepu_start3,3年级上,3,上,27,down,down,[daʊn],[daʊn],"prep. 沿着,往下 n. 软毛,绒毛;[地质] 开阔的高地 adj. 向下的 vt. 打倒,击败 adv. 向下,下去;在下面 vi. 下降;下去",科普版三年级起点三年级上.xlsx
kepu_start3|g3-upper|r028|how,kepu_start3,3年级上,3,上,28,how,how,[haʊ],[haʊ],adv. 如何;多少;多么 n. 方法;方式 conj. 如何,科普版三年级起点三年级上.xlsx
kepu_start3|g3-upper|r029|old,kepu_start3,3年级上,3,上,29,old,old,[əʊld],[oʊld],"adj. 陈旧的,古老的;年老的 n. 古时",科普版三年级起点三年级上.xlsx
kepu_start3|g3-upper|r030|five,kepu_start3,3年级上,3,上,30,five,five,[faɪv],[faɪv],"num. 五,五个 n. 五,五个;五美元钞票 adj. 五的;五个的",科普版三年级起点三年级上.xlsx
kepu_start3|g3-upper|r031|one,kepu_start3,3年级上,3,上,31,one,one,[wʌn],[wʌn],pron. 一个人;任何人 adj. 一的;唯一的 n. 一 num. 一;一个,科普版三年级起点三年级上.xlsx
kepu_start3|g3-upper|r032|nine,kepu_start3,3年级上,3,上,32,nine,nine,[naɪn],[naɪn],"n. 九,九个 num. 九;九个 adj. 九的,九个的",科普版三年级起点三年级上.xlsx
kepu_start3|g3-upper|r033|ten,kepu_start3,3年级上,3,上,33,ten,ten,[ten],[ten],"num. 十个,十",科普版三年级起点三年级上.xlsx
kepu_start3|g3-upper|r034|not,kepu_start3,3年级上,3,上,34,not,not,[nɒt],[nɑːt],"adv. 表示否定,不 n. “非”(计算机中逻辑运算的一种)",科普版三年级起点三年级上.xlsx
kepu_start3|g3-upper|r035|panda,kepu_start3,3年级上,3,上,35,panda,panda,[ˈpændə],[ˈpændə],n. 熊猫;猫熊,科普版三年级起点三年级上.xlsx
kepu_start3|g3-upper|r036|duck,kepu_start3,3年级上,3,上,36,duck,duck,[dʌk],[dʌk],n. 鸭子;鸭肉;(英)宝贝儿;零分 vt. 躲避;猛按...入水 vi. 闪避;没入水中,科普版三年级起点三年级上.xlsx
kepu_start3|g3-upper|r037|bear,kepu_start3,3年级上,3,上,37,bear,bear,[beə(r)],[ber],"n. 熊 vt. 结果实,开花(正式) vt. 忍受;承受;具有;支撑",科普版三年级起点三年级上.xlsx
kepu_start3|g3-upper|r038|it,kepu_start3,3年级上,3,上,38,it,it,[ɪt],[ɪt],abbr. 信息技术information technology abbr. 意大利Italy;意大利的Italian,科普版三年级起点三年级上.xlsx
kepu_start3|g3-upper|r039|thank,kepu_start3,3年级上,3,上,39,thank,thank,[θæŋk],[θæŋk],n. 感谢 vt. 感谢 int. 谢谢,科普版三年级起点三年级上.xlsx
kepu_start3|g3-upper|r040|letter,kepu_start3,3年级上,3,上,40,letter,letter,[ˈletə(r)],[ˈletər],"n. 信;字母,文字;证书;文学,学问;字面意义 vt. 写字母于 vi. 写印刷体字母",科普版三年级起点三年级上.xlsx
kepu_start3|g3-upper|r041|bird,kepu_start3,3年级上,3,上,41,bird,bird,[bɜːd],[bɜːrd],n. 鸟;家伙;羽毛球 vt. 向...喝倒彩;起哄 vi. 猎鸟;观察研究野鸟,科普版三年级起点三年级上.xlsx
kepu_start3|g3-upper|r042|fish,kepu_start3,3年级上,3,上,42,fish,fish,[fɪʃ],[fɪʃ],"n. 鱼,鱼类 vt. 钓鱼,捕鱼;搜寻 vi. 捕鱼,钓鱼;用钩捞取",科普版三年级起点三年级上.xlsx
kepu_start3|g3-upper|r043|look,kepu_start3,3年级上,3,上,43,look,look,[lʊk],[lʊk],vt. 看;期待;注意;面向;看上去像 vi. 看;看起来;注意;面向 n. 看;样子;面容,科普版三年级起点三年级上.xlsx
kepu_start3|g3-upper|r044|the,kepu_start3,3年级上,3,上,44,the,the,[ðə],[ðə; ði; ðiː],"art. 这;那 adv. 更加(用于比较级,最高级前)",科普版三年级起点三年级上.xlsx
kepu_start3|g3-upper|r045|fat,kepu_start3,3年级上,3,上,45,fat,fat,[fæt],[fæt],"n. 脂肪,肥肉 adj. 肥的,胖的;油腻的;丰满的 vt. 养肥;在...中加入脂肪 vi. 长肥",科普版三年级起点三年级上.xlsx
kepu_start3|g3-upper|r046|hen,kepu_start3,3年级上,3,上,46,hen,hen,[hen],[hen],n. 母鸡;女人;雌禽,科普版三年级起点三年级上.xlsx
kepu_start3|g3-upper|r047|bee,kepu_start3,3年级上,3,上,47,bee,bee,[biː],[biː],"n. 蜜蜂,蜂;勤劳的人",科普版三年级起点三年级上.xlsx
kepu_start3|g3-upper|r048|frog,kepu_start3,3年级上,3,上,48,frog,frog,[frɒɡ],[frɑːɡ],n. 青蛙;[铁路] 辙叉;饰扣 vi. 捕蛙,科普版三年级起点三年级上.xlsx
kepu_start3|g3-upper|r049|this,kepu_start3,3年级上,3,上,49,this,this,[ðɪs],[ðɪs],adj. 这;本;这个;今 pron. 这;这个;这里 adv. 这样地;这么,科普版三年级起点三年级上.xlsx
kepu_start3|g3-upper|r050|an,kepu_start3,3年级上,3,上,50,an,an,[ən],[ən; æn],art. 一(在元音音素前),科普版三年级起点三年级上.xlsx
kepu_start3|g3-upper|r051|egg,kepu_start3,3年级上,3,上,51,egg,egg,[eɡ],[eɡ],n. 蛋;卵子;家伙;鸡蛋 vt. 煽动;怂恿,科普版三年级起点三年级上.xlsx
kepu_start3|g3-upper|r052|red,kepu_start3,3年级上,3,上,52,red,red,[red],[red],"n. 红色,红颜料;赤字 adj. 红色的;红肿的,充血的",科普版三年级起点三年级上.xlsx
kepu_start3|g3-upper|r053|hot,kepu_start3,3年级上,3,上,53,hot,hot,[hɒt],[hɑːt],adj. 热的;辣的;热情的;激动的;紧迫的 vt. 增加;给...加温 adv. 热;紧迫地 vi. 变热,科普版三年级起点三年级上.xlsx
kepu_start3|g3-upper|r054|that,kepu_start3,3年级上,3,上,54,that,that,[ðæt],[ðæt],conj. 因为;以至于 adj. 那;那个 pron. 那;那个 adv. 那么;那样,科普版三年级起点三年级上.xlsx
kepu_start3|g3-upper|r055|bun,kepu_start3,3年级上,3,上,55,bun,bun,[bʌn],[bʌn],n. 小圆面包 屁股 圆髻,科普版三年级起点三年级上.xlsx
kepu_start3|g3-upper|r056|rat,kepu_start3,3年级上,3,上,56,rat,rat,[ræt],[ræt],"n. 鼠;卑鄙小人,叛徒 vi. 捕鼠;背叛,告密",科普版三年级起点三年级上.xlsx
kepu_start3|g3-upper|r057|bag,kepu_start3,3年级上,3,上,57,bag,bag,[bæɡ],[bæɡ],"n. 袋;猎获物;(俚)一瓶啤酒 vt. 猎获;把...装入袋中;占据,私吞;使膨大 vi. 松垂",科普版三年级起点三年级上.xlsx
kepu_start3|g3-upper|r058|in,kepu_start3,3年级上,3,上,58,in,in,[ɪn],[ɪn],prep. 按照(表示方式);从事于;在...之内 n. 执政者;门路;知情者 adj. 在里面的;时髦的 adv. 进入;当选;(服装等)时髦;在屋里,科普版三年级起点三年级上.xlsx
kepu_start3|g3-upper|r059|cap,kepu_start3,3年级上,3,上,59,cap,cap,[kæp],[kæp],n. 盖;帽子 vt. 覆盖;胜过;给...戴帽;加盖于 vi. 脱帽致意,科普版三年级起点三年级上.xlsx
kepu_start3|g3-upper|r060|colour,kepu_start3,3年级上,3,上,60,colour,colour,[ˈkʌlə(r)],[ˈkʌlər],"n. 颜色;风格;气色,面色;外貌 vt. 把...涂颜色,粉饰;歪曲;使脸红 vi. 变色",科普版三年级起点三年级上.xlsx
kepu_start3|g3-upper|r061|blue,kepu_start3,3年级上,3,上,61,blue,blue,[bluː],[bluː],"adj. 蓝色的;沮丧的,忧郁的;下流的 n. 蓝色;[复数](美国海、陆、空三军穿的)蓝色制服;蓝颜料;[the blue(s)][用作单数或复数]布鲁斯(歌曲)(一种伤感的美国黑人民歌 vi. 变成蓝色,呈蓝色 vt. 把...染成蓝色;使成蓝色;给...用上蓝剂;用上蓝剂于",科普版三年级起点三年级上.xlsx
kepu_start3|g3-upper|r062|and,kepu_start3,3年级上,3,上,62,and,and,[ənd],[ənd; ən; n; ænd],"conj. 和,与;就;而且;但是;然后",科普版三年级起点三年级上.xlsx
kepu_start3|g3-upper|r063|box,kepu_start3,3年级上,3,上,63,box,box,[bɒks],[bɑːks],"n. 箱,盒子;包厢;一拳 vt. 拳击;装...入盒中;打耳光 vi. 拳击",科普版三年级起点三年级上.xlsx
kepu_start3|g3-upper|r064|black,kepu_start3,3年级上,3,上,64,black,black,[blæk],[blæk],n. 黑色;黑人;黑颜料 adj. 黑色的;黑人的;邪恶的 vt. 使变黑;把鞋油等涂在...上;把(眼眶)打成青肿 vi. 变黑,科普版三年级起点三年级上.xlsx
kepu_start3|g3-upper|r065|white,kepu_start3,3年级上,3,上,65,white,white,[waɪt],[waɪt],n. 白色;洁白;白种人 adj. 白色的;白种的;纯洁的,科普版三年级起点三年级上.xlsx
kepu_start3|g3-upper|r066|hat,kepu_start3,3年级上,3,上,66,hat,hat,[hæt],[hæt],n. 帽子 vt. 给......戴上帽子 vi. 供应帽子;制造帽子,科普版三年级起点三年级上.xlsx
kepu_start3|g3-upper|r067|mrs,kepu_start3,3年级上,3,上,67,Mrs,mrs,[ˈmɪsɪz],[ˈmɪsɪz],n. 太太;夫人(用于已婚妇女姓名前的尊称),科普版三年级起点三年级上.xlsx
kepu_start3|g3-upper|r068|fine,kepu_start3,3年级上,3,上,68,fine,fine,[faɪn],[faɪn],"n. 罚款 adj. 好的;优良的;细小的,精美的;健康的;晴朗的 vt. 罚款;澄清 adv. 很好地;精巧地",科普版三年级起点三年级上.xlsx
kepu_start3|g3-upper|r069|mum,kepu_start3,3年级上,3,上,69,mum,mum,[mʌm],[mʌm],adj. 沉默的 n. 妈妈(口语);沉默;菊花 vi. 演哑剧 int. 别说话,科普版三年级起点三年级上.xlsx
kepu_start3|g3-upper|r070|nice,kepu_start3,3年级上,3,上,70,nice,nice,[naɪs],[naɪs],adj. 精密的;美好的;细微的;和蔼的,科普版三年级起点三年级上.xlsx
kepu_start3|g3-upper|r071|dad,kepu_start3,3年级上,3,上,71,dad,dad,[dæd],[dæd],n. 爸爸;爹爹,科普版三年级起点三年级上.xlsx
kepu_start3|g3-upper|r072|banana,kepu_start3,3年级上,3,上,72,banana,banana,[bəˈnɑːnə],[bəˈnænə],n. 香蕉;喜剧演员;大鹰钩鼻,科普版三年级起点三年级上.xlsx
kepu_start3|g3-upper|r073|for,kepu_start3,3年级上,3,上,73,for,for,[fə(r)],[fər; fɔːr],"prep. 为,为了;因为;给;对于;至于;适合于 conj. 因为",科普版三年级起点三年级上.xlsx
kepu_start3|g3-upper|r074|baby,kepu_start3,3年级上,3,上,74,baby,baby,[ˈbeɪbi],[ˈbeɪbi],"n. 婴儿,婴孩;孩子气的人 adj. 婴儿的;幼小的 vt. 纵容,娇纵;把......当婴儿般对待",科普版三年级起点三年级上.xlsx
kepu_start3|g3-upper|r075|apple,kepu_start3,3年级上,3,上,75,apple,apple,[ˈæp(ə)l],[ˈæpl],"n. 苹果,苹果树,苹果似的东西;[美俚]炸弹,手榴弹,(棒球的)球;[美俚]人,家伙。",科普版三年级起点三年级上.xlsx
kepu_start3|g3-upper|r076|chick,kepu_start3,3年级上,3,上,76,chick,chick,[tʃɪk],[tʃɪk],n. 小鸡;小鸟;少妇 adj. 胆小的;懦弱的,科普版三年级起点三年级上.xlsx
kepu_start3|g3-upper|r077|can,kepu_start3,3年级上,3,上,77,can,can,[kən; kæn],[kən; kæn],aux. 能; 能够; 可以; 可能 n. 罐头; (用金属或塑料制作的)容器; (马口铁或其他金属制作的)食品罐头 vt. 将...装入密封罐中保存,科普版三年级起点三年级上.xlsx
kepu_start3|g3-upper|r078|find,kepu_start3,3年级上,3,上,78,find,find,[faɪnd],[faɪnd],"n. 发现 vi. 裁决 vt. 查找,找到;发现;认为;感到;获得",科普版三年级起点三年级上.xlsx
kepu_start3|g3-upper|r079|sad,kepu_start3,3年级上,3,上,79,sad,sad,[sæd],[sæd],"adj. 难过的;悲哀的,令人悲痛的;凄惨的,阴郁的(形容颜色)",科普版三年级起点三年级上.xlsx
kepu_start3|g3-upper|r080|big,kepu_start3,3年级上,3,上,80,big,big,[bɪɡ],[bɪɡ],adj. 大的;重要的;量大的 adv. 大量地;顺利;夸大地,科普版三年级起点三年级上.xlsx
kepu_start3|g3-upper|r081|monkey,kepu_start3,3年级上,3,上,81,monkey,monkey,[ˈmʌŋki],[ˈmʌŋki],n. 猴子;顽童 vi. 胡闹;捣蛋 vt. 嘲弄,科普版三年级起点三年级上.xlsx
kepu_start3|g3-upper|r082|sorry,kepu_start3,3年级上,3,上,82,sorry,sorry,[ˈsɒri],[ˈsɑːri],"adj. 遗憾的;对不起的,抱歉的 int. 对不起,抱歉(表示委婉的拒绝等)",科普版三年级起点三年级上.xlsx
kepu_start3|g3-upper|r083|yellow,kepu_start3,3年级上,3,上,83,yellow,yellow,[ˈjeləʊ],[ˈjeloʊ],n. 黄色;黄种人;黄色颜料 adj. 黄色的;黄皮肤的 vt. 使变黄或发黄 vi. 变黄或发黄,科普版三年级起点三年级上.xlsx
kepu_start3|g3-lower|r002|again,kepu_start3,3年级下,3,下,2,again,again,[əˈɡen],[əˈɡen; əˈɡeɪn],"adv. 又,此外;再一次;再说;增加 n. (英、保)阿盖恩",科普版三年级起点三年级下.xlsx
kepu_start3|g3-lower|r003|me,kepu_start3,3年级下,3,下,3,me,me,[mi; miː],[mi; miː],pron. 我(宾格) n. 自我;极端自私的人;自我的一部分,科普版三年级起点三年级下.xlsx
kepu_start3|g3-lower|r004|bad,kepu_start3,3年级下,3,下,4,bad,bad,[bæd],[bæd],"n. 坏事;坏人 adj. 坏的;严重的;劣质的 adv. 很,非常;坏地;邪恶地",科普版三年级起点三年级下.xlsx
kepu_start3|g3-lower|r005|english,kepu_start3,3年级下,3,下,5,English,english,[ˈɪŋɡlɪʃ],[ˈɪŋɡlɪʃ],n. 英语;英国人;英文;英格兰人 adj. 英国人的;英国的;英文的 vt. 把...译成英语,科普版三年级起点三年级下.xlsx
kepu_start3|g3-lower|r006|help,kepu_start3,3年级下,3,下,6,help,help,[help],[help],n. 帮助;补救办法;帮忙者;有益的东西 vt. 帮助;促进;治疗;补救 vi. 帮助;有用;招待,科普版三年级起点三年级下.xlsx
kepu_start3|g3-lower|r007|glad,kepu_start3,3年级下,3,下,7,glad,glad,[ɡlæd],[ɡlæd],adj. 高兴的;乐意的;令人高兴的;灿烂美丽的 vt. 使高兴,科普版三年级起点三年级下.xlsx
kepu_start3|g3-lower|r008|be good at,kepu_start3,3年级下,3,下,8,be good at,be good at,,,v. 善于,科普版三年级起点三年级下.xlsx
kepu_start3|g3-lower|r009|dress,kepu_start3,3年级下,3,下,9,dress,dress,[dres],[dres],n. 连衣裙;女装 vt. 给...穿衣 vi. 穿衣,科普版三年级起点三年级下.xlsx
kepu_start3|g3-lower|r010|but,kepu_start3,3年级下,3,下,10,but,but,[bət],[bət; bʌt],"conj. 但是;而是;然而 adv. 仅仅,只 prep. 除...以外",科普版三年级起点三年级下.xlsx
kepu_start3|g3-lower|r011|short,kepu_start3,3年级下,3,下,11,short,short,[ʃɔːt],[ʃɔːrt],"n. 短;缺乏;短路;短裤 adj. 短的;不足的;矮的,低的 adv. 不足;突然;唐突地",科普版三年级起点三年级下.xlsx
kepu_start3|g3-lower|r012|then,kepu_start3,3年级下,3,下,12,then,then,[ðen],[ðen],"conj. 然后,当时 n. 那时 adv. 然后;那么;于是;当时;此外",科普版三年级起点三年级下.xlsx
kepu_start3|g3-lower|r013|let,kepu_start3,3年级下,3,下,13,let,let,[let],[let],"vt. 允许,让;出租;假设;妨碍 vi. 出租;被承包 n. 障碍;出租屋",科普版三年级起点三年级下.xlsx
kepu_start3|g3-lower|r014|us,kepu_start3,3年级下,3,下,14,us,us,[əs; ʌs],[əs; ʌs],pron. 我们,科普版三年级起点三年级下.xlsx
kepu_start3|g3-lower|r015|make,kepu_start3,3年级下,3,下,15,make,make,[meɪk],[meɪk],"vt. 使得;进行;布置,准备,整理;制造;认为;获得;形成;安排;引起;构成 vi. 开始;前进;增大;被制造 n. 制造;构造;性情",科普版三年级起点三年级下.xlsx
kepu_start3|g3-lower|r016|skirt,kepu_start3,3年级下,3,下,16,skirt,skirt,[skɜːt],[skɜːrt],"n. 裙子 vt. 绕过,回避;位于...边缘 vi. 沿边走,绕开;环绕",科普版三年级起点三年级下.xlsx
kepu_start3|g3-lower|r017|like,kepu_start3,3年级下,3,下,17,like,like,[laɪk],[laɪk],vt. 喜欢;想;愿意 vi. 喜欢;希望 prep. 像;如同 adj. 同样的;相似的 n. 爱好;同样的人或物 adv. 可能 conj. 好像,科普版三年级起点三年级下.xlsx
kepu_start3|g3-lower|r018|vest,kepu_start3,3年级下,3,下,18,vest,vest,[vest],[vest],n. 背心;汗衫 vt. 授予;使穿衣 vi. 归属;穿衣服,科普版三年级起点三年级下.xlsx
kepu_start3|g3-lower|r019|let's,kepu_start3,3年级下,3,下,19,let's,let's,,,让我们(let us的简写),科普版三年级起点三年级下.xlsx
kepu_start3|g3-lower|r020|let us,kepu_start3,3年级下,3,下,20,let us,let us,,,让我们;让我们自己;让我们一起,科普版三年级起点三年级下.xlsx
kepu_start3|g3-lower|r021|on,kepu_start3,3年级下,3,下,21,on,on,[ɒn],[ɑːn],"adv. 向前地;作用中,行动中;继续着 prep. 向,朝......;关于;在......之上;在......时候 adj. 开着的;发生着的,正在进行中",科普版三年级起点三年级下.xlsx
kepu_start3|g3-lower|r022|ship,kepu_start3,3年级下,3,下,22,ship,ship,[ʃɪp],[ʃɪp],"n. 船;舰;太空船 vt. 运送,乘船;以船运送 vi. 上船;乘船旅行;当船员",科普版三年级起点三年级下.xlsx
kepu_start3|g3-lower|r023|many,kepu_start3,3年级下,3,下,23,many,many,[ˈmeni],[ˈmeni],pron. 许多;许多人 adj. 许多的,科普版三年级起点三年级下.xlsx
kepu_start3|g3-lower|r024|animal,kepu_start3,3年级下,3,下,24,animal,animal,[ˈænɪm(ə)l],[ˈænɪm(ə)l],n. 动物 动物的,科普版三年级起点三年级下.xlsx
kepu_start3|g3-lower|r025|elephant,kepu_start3,3年级下,3,下,25,elephant,elephant,[ˈelɪfənt],[ˈelɪfənt],n. 象;大号图画纸,科普版三年级起点三年级下.xlsx
kepu_start3|g3-lower|r026|where,kepu_start3,3年级下,3,下,26,where,where,[weə(r)],[wer],conj. 在...的地方 n. 地点 adv. 在哪里 pron. 哪里,科普版三年级起点三年级下.xlsx
kepu_start3|g3-lower|r027|there,kepu_start3,3年级下,3,下,27,there,there,[ðeə(r)],[ðer],n. 那个地方 adv. 在那里;在那边;在那点上 int. 你瞧,科普版三年级起点三年级下.xlsx
kepu_start3|g3-lower|r028|so,kepu_start3,3年级下,3,下,28,so,so,[səʊ],[soʊ],"conj. 所以;因此 adv. 如此,这么;确是如此 pron. 这样",科普版三年级起点三年级下.xlsx
kepu_start3|g3-lower|r029|bed,kepu_start3,3年级下,3,下,29,bed,bed,[bed],[bed],"n. 床;基础;河底, 海底 vt. 使睡觉;安置,嵌入;栽种 vi. 上床;分层",科普版三年级起点三年级下.xlsx
kepu_start3|g3-lower|r030|see,kepu_start3,3年级下,3,下,30,see,see,[siː],[siː],vi. 看;看见;领会 vt. 看见;理解;领会,科普版三年级起点三年级下.xlsx
kepu_start3|g3-lower|r031|she,kepu_start3,3年级下,3,下,31,she,she,[ʃi],[ʃi; ʃiː],n. 女人;雌性动物 pron. 她(主格);它(用来指雌性动物或国家、船舶、地球、月亮等),科普版三年级起点三年级下.xlsx
kepu_start3|g3-lower|r032|with,kepu_start3,3年级下,3,下,32,with,with,[wɪð],[wɪð; wɪθ],prep. 用;随着;支持;和...在一起,科普版三年级起点三年级下.xlsx
kepu_start3|g3-lower|r033|doll,kepu_start3,3年级下,3,下,33,doll,doll,[dɒl],[dɑːl],n. 洋娃娃;玩偶;无头脑的美丽女人 vt. 把...打扮得花枝招展,科普版三年级起点三年级下.xlsx
kepu_start3|g3-lower|r034|day,kepu_start3,3年级下,3,下,34,day,day,[deɪ],[deɪ],n. 一天;时期;白昼 adj. 日间的;逐日的 adv. 每天;经常在白天地,科普版三年级起点三年级下.xlsx
kepu_start3|g3-lower|r035|sun,kepu_start3,3年级下,3,下,35,sun,sun,[sʌn],[sʌn],n. 太阳 vt. 使晒 vi. 晒太阳,科普版三年级起点三年级下.xlsx
kepu_start3|g3-lower|r036|play,kepu_start3,3年级下,3,下,36,play,play,[pleɪ],[pleɪ],n. 游戏;比赛;剧本 vt. 游戏;扮演;演奏;播放;同...比赛 vi. 演奏;玩耍;上演;参加比赛,科普版三年级起点三年级下.xlsx
kepu_start3|g3-lower|r037|game,kepu_start3,3年级下,3,下,37,game,game,[ɡeɪm],[ɡeɪm],n. 游戏;比赛 adj. 勇敢的 vi. 赌博,科普版三年级起点三年级下.xlsx
kepu_start3|g3-lower|r038|run,kepu_start3,3年级下,3,下,38,run,run,[rʌn],[rʌn],"n. 奔跑;赛跑;趋向;奔跑的路程 vt. 管理,经营;运行;参赛 vi. 经营;奔跑;运转",科普版三年级起点三年级下.xlsx
kepu_start3|g3-lower|r039|two,kepu_start3,3年级下,3,下,39,two,two,[tuː],[tuː],num. 二 n. 两个 adj. 两个的,科普版三年级起点三年级下.xlsx
kepu_start3|g3-lower|r040|fun,kepu_start3,3年级下,3,下,40,fun,fun,[fʌn],[fʌn],n. 乐趣;玩笑;有趣的人或事 adj. 供娱乐用的 vi. 开玩笑,科普版三年级起点三年级下.xlsx
kepu_start3|g3-lower|r041|race,kepu_start3,3年级下,3,下,41,race,race,[reɪs],[reɪs],"n. 属,种;种族,人种;家庭,门第 vt. 使参加比赛;和...竞赛;使急走,使全速行进 vi. 比速度,参加竞赛;全速行进",科普版三年级起点三年级下.xlsx
kepu_start3|g3-lower|r042|play a game,kepu_start3,3年级下,3,下,42,play a game,play a game,,,玩游戏;做游戏;玩一个游戏,科普版三年级起点三年级下.xlsx
kepu_start3|g3-lower|r043|run a race,kepu_start3,3年级下,3,下,43,run a race,run a race,,,na. 赛跑,科普版三年级起点三年级下.xlsx
kepu_start3|g3-lower|r044|hungry,kepu_start3,3年级下,3,下,44,hungry,hungry,[ˈhʌŋɡri],[ˈhʌŋɡri],adj. 饥饿的;渴望的;荒年的;不毛的,科普版三年级起点三年级下.xlsx
kepu_start3|g3-lower|r045|little,kepu_start3,3年级下,3,下,45,little,little,[ˈlɪt(ə)l],[ˈlɪtl],adj. 小的;很少的;短暂的;小巧可爱的 adv. 完全不 n. 少许;没有多少;短时间,科普版三年级起点三年级下.xlsx
kepu_start3|g3-lower|r046|open,kepu_start3,3年级下,3,下,46,open,open,[ˈəʊpən],[ˈoʊpən],adj. 公开的;敞开的;空旷的;坦率的;营业着的 vi. 开始;展现 vt. 公开;打开 n. 公开;空旷;户外,科普版三年级起点三年级下.xlsx
kepu_start3|g3-lower|r047|door,kepu_start3,3年级下,3,下,47,door,door,[dɔː(r)],[dɔːr],"n. 门;家,户;门口;通道",科普版三年级起点三年级下.xlsx
kepu_start3|g3-lower|r048|who,kepu_start3,3年级下,3,下,48,who,who,[huː],[huː],pron. 谁;什么人,科普版三年级起点三年级下.xlsx
kepu_start3|g3-lower|r049|grandma,kepu_start3,3年级下,3,下,49,grandma,grandma,[ˈɡrænmɑː],[ˈɡrænmɑː],n. 奶奶;外婆,科普版三年级起点三年级下.xlsx
kepu_start3|g3-lower|r050|wait,kepu_start3,3年级下,3,下,50,wait,wait,[weɪt],[weɪt],n. 等待;等候 vi. 等待;耽搁;伺候用餐 vt. 等候;推迟;延缓,科普版三年级起点三年级下.xlsx
kepu_start3|g3-lower|r051|we,kepu_start3,3年级下,3,下,51,we,we,[wi; wiː],[wi],"pron. 我们(主格);笔者,本人(作者或演讲人使用);朕,寡人",科普版三年级起点三年级下.xlsx
kepu_start3|g3-lower|r052|him,kepu_start3,3年级下,3,下,52,him,him,[hɪm; ɪm],[hɪm; ɪm],pron. 他(宾格),科普版三年级起点三年级下.xlsx
kepu_start3|g3-lower|r053|hut,kepu_start3,3年级下,3,下,53,hut,hut,[hʌt],[hʌt],n. 小屋;临时营房 vt. 使住在小屋中;驻扎 vi. 住在小屋中;驻扎,科普版三年级起点三年级下.xlsx
kepu_start3|g3-lower|r054|table,kepu_start3,3年级下,3,下,54,table,table,[ˈteɪb(ə)l],[ˈteɪbl],n. 桌子;表格;平地层 vt. 制表;搁置;嵌合 adj. 桌子的,科普版三年级起点三年级下.xlsx
kepu_start3|g3-lower|r055|some,kepu_start3,3年级下,3,下,55,some,some,[sʌm],[sʌm; səm],adj. 一些;某个;大约;相当多的 pron. 一些;若干;其中的一部分;(数量不确切时用)有些人 adv. 非常;相当;<美>稍微,科普版三年级起点三年级下.xlsx
kepu_start3|g3-lower|r056|cake,kepu_start3,3年级下,3,下,56,cake,cake,[keɪk],[keɪk],n. 蛋糕;块状物;利益总额 vt. 使结块 vi. 结成块状,科普版三年级起点三年级下.xlsx
kepu_start3|g3-lower|r057|have,kepu_start3,3年级下,3,下,57,have,have,[həv],[həv; əv; hæv],aux. 已经 vt. 有;让;拿;从事;允许,科普版三年级起点三年级下.xlsx
kepu_start3|g3-lower|r058|noodle,kepu_start3,3年级下,3,下,58,noodle,noodle,[ˈnuːd(ə)l],[ˈnuːd(ə)l],n. 面条;笨蛋,科普版三年级起点三年级下.xlsx
kepu_start3|g3-lower|r059|boy,kepu_start3,3年级下,3,下,59,boy,boy,[bɔɪ],[bɔɪ],n. 男孩;男人,科普版三年级起点三年级下.xlsx
kepu_start3|g3-lower|r060|he,kepu_start3,3年级下,3,下,60,he,he,[hi; iː; i; hiː],[hi; iː; i; hiː],"n. 男孩,男人;它(雄性动物) pron. 他",科普版三年级起点三年级下.xlsx
kepu_start3|g3-lower|r061|brother,kepu_start3,3年级下,3,下,61,brother,brother,[ˈbrʌðə(r)],[ˈbrʌðər],n. 兄弟;同事;战友 int. 我的老兄!,科普版三年级起点三年级下.xlsx
kepu_start3|g3-lower|r062|sister,kepu_start3,3年级下,3,下,62,sister,sister,[ˈsɪstə(r)],[ˈsɪstər],n. 姐妹;(称志同道合者)姐妹;修女;护士 adj. 姐妹般的;同类型的,科普版三年级起点三年级下.xlsx
kepu_start3|g3-lower|r063|three,kepu_start3,3年级下,3,下,63,three,three,[θriː],[θriː],"num. 三 n. 三,三个 adj. 三的,三个的",科普版三年级起点三年级下.xlsx
kepu_start3|g3-lower|r064|look like,kepu_start3,3年级下,3,下,64,look like,look like,,,看起来与(某人或某物)相像[相似]; 很可能出现[引起](某事、做某事); 伣; 似,科普版三年级起点三年级下.xlsx
kepu_start3|g3-lower|r065|kite,kepu_start3,3年级下,3,下,65,kite,kite,[kaɪt],[kaɪt],n. 风筝 vi. 使用空头支票;像风筝一样飞;轻快地移动 vt. 骗钱;涂改(支票),科普版三年级起点三年级下.xlsx
kepu_start3|g3-lower|r066|fly,kepu_start3,3年级下,3,下,66,fly,fly,[flaɪ],[flaɪ],n. 飞行;苍蝇;两翼昆虫 adj. 敏捷的 vi. 飞;驾驶飞机;飘扬 vt. 飞行;飞越;使飘扬,科普版三年级起点三年级下.xlsx
kepu_start3|g3-lower|r067|new,kepu_start3,3年级下,3,下,67,new,new,[njuː],[nuː],"adj. 新的,新鲜的;更新的;初见的 adv. 新近",科普版三年级起点三年级下.xlsx
kepu_start3|g3-lower|r068|bike,kepu_start3,3年级下,3,下,68,bike,bike,[baɪk],[baɪk],n. 自行车;脚踏车 vi. 骑自行车(或摩托车),科普版三年级起点三年级下.xlsx
kepu_start3|g3-lower|r069|great,kepu_start3,3年级下,3,下,69,great,great,[ɡreɪt],[ɡreɪt],"n. 大师;大人物;伟人们 adj. 伟大的,重大的;极好的,好的;主要的",科普版三年级起点三年级下.xlsx
kepu_start3|g3-lower|r070|why,kepu_start3,3年级下,3,下,70,why,why,[waɪ],[waɪ],int. 哎呀!什么? adv. 为什么,科普版三年级起点三年级下.xlsx
kepu_start3|g3-lower|r071|toy,kepu_start3,3年级下,3,下,71,toy,toy,[tɔɪ],[tɔɪ],n. 玩具;小装饰品;不值钱的东西 adj. 作为玩具的;玩物似的 vi. 玩弄;调情;随随便便地对待,科普版三年级起点三年级下.xlsx
kepu_start3|g3-lower|r072|ride,kepu_start3,3年级下,3,下,72,ride,ride,[raɪd],[raɪd],n. 骑;乘坐;交通工具;可供骑行的路;(乘坐汽车等的)旅行;乘骑;(乘车或骑车的)短途旅程;供乘骑的游乐设施 vi. 骑马;乘车;依靠;漂浮 vt. 骑;乘;控制;(骑马、自行车等)穿越;搭乘;飘浮,科普版三年级起点三年级下.xlsx
kepu_start3|g3-lower|r073|cold,kepu_start3,3年级下,3,下,73,cold,cold,[kəʊld],[kəʊld],"n. 寒冷;感冒 adj. 寒冷的;冷淡的,不热情的;失去知觉的 adv. 完全地",科普版三年级起点三年级下.xlsx
kepu_start3|g3-lower|r074|go,kepu_start3,3年级下,3,下,74,go,go,[ɡəʊ],[ɡoʊ],n. 去;进行;尝试 vi. 走;达到;运转;趋于 vt. 忍受;出产;以...打赌 [复数 goes 第三人称单数 goes 过去式 went 过去分词 gone 现在分词 going],科普版三年级起点三年级下.xlsx
kepu_start3|g3-lower|r075|home,kepu_start3,3年级下,3,下,75,home,home,[həʊm],[hoʊm],"n. 家,住宅;产地;家乡;避难所 adj. 国内的,家庭的;有效的 vt. 归巢,回家 adv. 在家,回家;深入地",科普版三年级起点三年级下.xlsx
kepu_start3|g3-lower|r076|nose,kepu_start3,3年级下,3,下,76,nose,nose,[nəʊz],[noʊz],n. 鼻子;嗅觉;突出的部分;探问 vt. 嗅;用鼻子触 vi. 小心探索着前进;探问,科普版三年级起点三年级下.xlsx
kepu_start3|g3-lower|r077|close,kepu_start3,3年级下,3,下,77,close,close,[kləʊz],[kloʊz; kloʊs],n. 结束 adj. 紧密的;亲密的;亲近的 vt. 关;结束;使靠近 vi. 关;结束;关闭 adv. 紧密地,科普版三年级起点三年级下.xlsx
kepu_start3|g3-lower|r078|still,kepu_start3,3年级下,3,下,78,still,still,[stɪl],[stɪl],"conj. 仍然;但是;尽管如此 n. 寂静;剧照;蒸馏室 adj. 静止的,不动的;寂静的,平静的;不起泡的 adv. 仍然;更;静止地 vt. 蒸馏;使...静止;使...平静下来 vi. 静止;平静;蒸馏",科普版三年级起点三年级下.xlsx
kepu_start3|g3-lower|r079|go home,kepu_start3,3年级下,3,下,79,go home,go home,,,na. 回家;〈口〉死;(忠告等)刻骨铭心;击中,科普版三年级起点三年级下.xlsx
kepu_start3|g3-lower|r080|come,kepu_start3,3年级下,3,下,80,come,come,[kʌm],[kʌm],vi. 来;开始;出现;发生;变成;到达 vt. 做;假装;将满(...岁) int. 嗨!,科普版三年级起点三年级下.xlsx
kepu_start3|g3-lower|r081|happy,kepu_start3,3年级下,3,下,81,happy,happy,[ˈhæpi],[ˈhæpi],adj. 幸福的;高兴的;巧妙的,科普版三年级起点三年级下.xlsx
kepu_start3|g3-lower|r082|birthday,kepu_start3,3年级下,3,下,82,birthday,birthday,[ˈbɜːθdeɪ],[ˈbɜːrθdeɪ],"n. 生日,诞辰;诞生的日子",科普版三年级起点三年级下.xlsx
kepu_start3|g3-lower|r083|pear,kepu_start3,3年级下,3,下,83,pear,pear,[peə(r)],[per],n. [园艺] 梨树;梨子,科普版三年级起点三年级下.xlsx
kepu_start3|g3-lower|r084|coke,kepu_start3,3年级下,3,下,84,coke,coke,[kəʊk],[koʊk],n. 可口可乐(等于Coca-Cola),科普版三年级起点三年级下.xlsx
kepu_start3|g3-lower|r085|come in,kepu_start3,3年级下,3,下,85,come in,come in,,,na. 进入;当选;上台;(党派)组阁,科普版三年级起点三年级下.xlsx
kepu_start3|g3-lower|r086|today,kepu_start3,3年级下,3,下,86,today,today,[təˈdeɪ],[təˈdeɪ],n. 今天;现今 adv. 今天;现今,科普版三年级起点三年级下.xlsx
kepu_start3|g3-lower|r087|warm,kepu_start3,3年级下,3,下,87,warm,warm,[wɔːm],[wɔːrm],n. 取暖;加热 adj. 温暖的;热情的 vt. 使...兴奋;使...温暖;使...感兴趣 vi. 同情;激动;变温暖,科普版三年级起点三年级下.xlsx
kepu_start3|g3-lower|r088|get,kepu_start3,3年级下,3,下,88,get,get,[ɡet],[ɡet],n. 生殖;幼兽 vi. 成为;变得;到达 vt. 使得;获得;受到;变成,科普版三年级起点三年级下.xlsx
kepu_start3|g3-lower|r089|her,kepu_start3,3年级下,3,下,89,her,her,[hə(r)],[hər; ɜːr; ər; hɜːr],pron. 她(she的宾格);她的(she的所有格);她(指某个国家;一艘船),科普版三年级起点三年级下.xlsx
kepu_start3|g3-lower|r090|seven,kepu_start3,3年级下,3,下,90,seven,seven,[ˈsev(ə)n],[ˈsev(ə)n],"num. 七个,七 n. 七个,七 adj. 七的;七个的",科普版三年级起点三年级下.xlsx
kepu_start3|g3-lower|r091|sing,kepu_start3,3年级下,3,下,91,sing,sing,[sɪŋ],[sɪŋ],n. 演唱;鸣声;呼啸声 vt. 唱;用诗赞颂;唱着使 vi. 唱歌;歌颂;鸣叫;呼号,科普版三年级起点三年级下.xlsx
kepu_start3|g3-lower|r092|candle,kepu_start3,3年级下,3,下,92,candle,candle,[ˈkænd(ə)l],[ˈkændl],n. 蜡烛;烛光;烛形物 vt. 对着光检查,科普版三年级起点三年级下.xlsx
kepu_start3|g4-upper|r002|friend,kepu_start3,4年级上,4,上,2,friend,friend,[frend],[frend],n. 朋友;助手;赞助者,科普版三年级起点四年级上.xlsx
kepu_start3|g4-upper|r003|swim,kepu_start3,4年级上,4,上,3,swim,swim,[swɪm],[swɪm],n. 游泳;漂浮;眩晕 adj. 游泳时穿戴的 vi. 游泳;漂浮;浸;眩晕 vt. 游过;使浮起,科普版三年级起点四年级上.xlsx
kepu_start3|g4-upper|r004|head,kepu_start3,4年级上,4,上,4,head,head,[hed],[hed],n. 头;头痛;上端;最前的部分;理解力 adj. 头的;主要的;在顶端的 vt. 前进;用头顶;作为...的首领;站在...的前头;给...加标题 vi. 出发;成头状物;船驶往,科普版三年级起点四年级上.xlsx
kepu_start3|g4-upper|r005|leg,kepu_start3,4年级上,4,上,5,leg,leg,[leɡ],[leɡ],n. 腿;支柱,科普版三年级起点四年级上.xlsx
kepu_start3|g4-upper|r006|dance,kepu_start3,4年级上,4,上,6,dance,dance,[dɑːns],[dæns],n. 舞蹈;舞会;舞曲 adj. 舞蹈的;用于跳舞的 vt. 跳舞;使跳跃 vi. 跳舞;跳跃;飘扬,科普版三年级起点四年级上.xlsx
kepu_start3|g4-upper|r007|touch,kepu_start3,4年级上,4,上,7,touch,touch,[tʌtʃ],[tʌtʃ],n. 接触;触觉;格调;少许 vt. 接触;触动;使轻度受害 vi. 触摸;涉及;接近;提到,科普版三年级起点四年级上.xlsx
kepu_start3|g4-upper|r008|bend,kepu_start3,4年级上,4,上,8,bend,bend,[bend],[bend],"n. 弯曲 vt. 使弯曲;使屈服;使致力;使朝向 vi. 弯曲,转弯;屈服;倾向;专心于",科普版三年级起点四年级上.xlsx
kepu_start3|g4-upper|r009|desk,kepu_start3,4年级上,4,上,9,desk,desk,[desk],[desk],n. 办公桌;服务台;编辑部;(美)讲道台;乐谱架 adj. 书桌的;桌上用的;伏案做的,科普版三年级起点四年级上.xlsx
kepu_start3|g4-upper|r010|cup,kepu_start3,4年级上,4,上,10,cup,cup,[kʌp],[kʌp],n. 杯子;奖杯;酒杯 vt. 使成杯状;为...拔火罐,科普版三年级起点四年级上.xlsx
kepu_start3|g4-upper|r011|clock,kepu_start3,4年级上,4,上,11,clock,clock,[klɒk],[klɑːk],n. 时钟;计时器 vt. 记录;记时 vi. 打卡;记录时间,科普版三年级起点四年级上.xlsx
kepu_start3|g4-upper|r012|guess,kepu_start3,4年级上,4,上,12,guess,guess,[ɡes],[ɡes],n. 猜测;推测 vi. 猜;推测;猜中 vt. 猜测;认为;推测;猜中 n. 盖尔斯(美国服装品牌),科普版三年级起点四年级上.xlsx
kepu_start3|g4-upper|r013|book,kepu_start3,4年级上,4,上,13,book,book,[bʊk],[bʊk],n. 书籍;卷;帐簿;名册;工作簿 vt. 预订;登记,科普版三年级起点四年级上.xlsx
kepu_start3|g4-upper|r014|good,kepu_start3,4年级上,4,上,14,good,good,[ɡʊd],[ɡʊd],n. 好处;善行;慷慨的行为 adj. 好的;优良的;愉快的;虔诚的 adv. 好,科普版三年级起点四年级上.xlsx
kepu_start3|g4-upper|r015|pen,kepu_start3,4年级上,4,上,15,pen,pen,[pen],[pen],n. 钢笔;作家;围栏 vt. 写;关入栏中,科普版三年级起点四年级上.xlsx
kepu_start3|g4-upper|r016|pencil,kepu_start3,4年级上,4,上,16,pencil,pencil,[ˈpens(ə)l],[ˈpensl],n. 铅笔;笔状物 vt. 用铅笔写;用眉笔涂 vi. 成铅笔状,科普版三年级起点四年级上.xlsx
kepu_start3|g4-upper|r017|pencil box,kepu_start3,4年级上,4,上,17,pencil box,pencil box,,,铅笔盒;文具盒;你的铅笔盒,科普版三年级起点四年级上.xlsx
kepu_start3|g4-upper|r018|family,kepu_start3,4年级上,4,上,18,family,family,[ˈfæməli],[ˈfæməli],n. 家庭;亲属;家族;子女;[生]科;语族;[化]族 adj. 家庭的;家族的;适合于全家的,科普版三年级起点四年级上.xlsx
kepu_start3|g4-upper|r019|mother,kepu_start3,4年级上,4,上,19,mother,mother,[ˈmʌðə(r)],[ˈmʌðər],n. 母亲;大娘;女修道院院长 vt. 生下;养育;像母亲般关怀或照管 adj. 母亲的;出生地的,科普版三年级起点四年级上.xlsx
kepu_start3|g4-upper|r020|father,kepu_start3,4年级上,4,上,20,father,father,[ˈfɑːðə(r)],[ˈfɑːðər],"n. 父亲,爸爸;神父;祖先;前辈 vt. 发明,创立;当...的父亲",科普版三年级起点四年级上.xlsx
kepu_start3|g4-upper|r021|girl,kepu_start3,4年级上,4,上,21,girl,girl,[ɡɜːl],[ɡɜːrl],"n. 女孩;姑娘,未婚女子;女职员,女演员;(男人的)女朋友 n. (捷)吉尔",科普版三年级起点四年级上.xlsx
kepu_start3|g4-upper|r022|room,kepu_start3,4年级上,4,上,22,room,room,[ruːm],[ruːm; rʊm],"n. 房间;空间;余地;机会;房间里所有的人 vt. 为...提供住处;租房,合住;投宿,住宿;留...住宿 vi. 居住;住宿",科普版三年级起点四年级上.xlsx
kepu_start3|g4-upper|r023|schoolbag,kepu_start3,4年级上,4,上,23,schoolbag,schoolbag,[ˈskuːlbæɡ],[ˈskuːlˌbæɡ],n. 书包,科普版三年级起点四年级上.xlsx
kepu_start3|g4-upper|r024|read,kepu_start3,4年级上,4,上,24,read,read,[riːd],[riːd],"n. 阅读;读物 adj. 有学问的 vi. 读;读起来 vt. 阅读;读懂,理解",科普版三年级起点四年级上.xlsx
kepu_start3|g4-upper|r025|green,kepu_start3,4年级上,4,上,25,green,green,[ɡriːn],[ɡriːn],n. 绿色;青春 adj. 绿色的;青春的 vt. 使...变绿色 vi. 变绿色,科普版三年级起点四年级上.xlsx
kepu_start3|g4-upper|r026|tree,kepu_start3,4年级上,4,上,26,tree,tree,[triː],[triː],n. 树;木料;树状物 vt. 把...赶上树 vi. 爬上树;逃上树,科普版三年级起点四年级上.xlsx
kepu_start3|g4-upper|r027|any,kepu_start3,4年级上,4,上,27,any,any,[ˈeni],[ˈeni],adj. 任何的;所有的;丝毫 pron. 任何;任何一个;若干 adv. 稍微;少许,科普版三年级起点四年级上.xlsx
kepu_start3|g4-upper|r028|four,kepu_start3,4年级上,4,上,28,four,four,[fɔː(r)],[fɔːr],num. 四;四个 adj. 四的;四个的,科普版三年级起点四年级上.xlsx
kepu_start3|g4-upper|r029|they,kepu_start3,4年级上,4,上,29,they,they,[ðeɪ],[ðeɪ],pron. 他们;它们;她们,科普版三年级起点四年级上.xlsx
kepu_start3|g4-upper|r030|sheep,kepu_start3,4年级上,4,上,30,sheep,sheep,[ʃiːp],[ʃiːp],"n. 羊,绵羊;胆小鬼",科普版三年级起点四年级上.xlsx
kepu_start3|g4-upper|r031|from,kepu_start3,4年级上,4,上,31,from,from,[frəm; frɒm],[frəm; frʌm; frɑːm],"prep. 来自,从;由于;今后",科普版三年级起点四年级上.xlsx
kepu_start3|g4-upper|r032|brown,kepu_start3,4年级上,4,上,32,brown,brown,[braʊn],[braʊn],"n. 褐色,棕色 adj. 棕色的,褐色的;太阳晒黑的 vt. 使变成褐色 vi. 变成褐色",科普版三年级起点四年级上.xlsx
kepu_start3|g4-upper|r033|now,kepu_start3,4年级上,4,上,33,now,now,[naʊ],[naʊ],adv. 现在;如今;立刻 adj. 现在的 n. 现在;目前 conj. 由于;既然,科普版三年级起点四年级上.xlsx
kepu_start3|g4-upper|r034|teacher,kepu_start3,4年级上,4,上,34,teacher,teacher,[ˈtiːtʃə(r)],[ˈtiːtʃər],n. 教师;导师,科普版三年级起点四年级上.xlsx
kepu_start3|g4-upper|r035|worker,kepu_start3,4年级上,4,上,35,worker,worker,[ˈwɜːkə(r)],[ˈwɜːrkər],n. 工人;劳动者;职蚁,科普版三年级起点四年级上.xlsx
kepu_start3|g4-upper|r036|woman,kepu_start3,4年级上,4,上,36,woman,woman,[ˈwʊmən],[ˈwʊmən],n. 妇女;女性;成年女子,科普版三年级起点四年级上.xlsx
kepu_start3|g4-upper|r037|doctor,kepu_start3,4年级上,4,上,37,doctor,doctor,[ˈdɒktə(r)],[ˈdɑːktər],"vt. 修理;篡改,伪造;为...治病;授以博士学位 n. 医生;博士 vi. 就医;行医",科普版三年级起点四年级上.xlsx
kepu_start3|g4-upper|r038|or,kepu_start3,4年级上,4,上,38,or,or,[ɔː(r)],[ɔːr],"conj. 或,或者;还是",科普版三年级起点四年级上.xlsx
kepu_start3|g4-upper|r039|nurse,kepu_start3,4年级上,4,上,39,nurse,nurse,[nɜːs],[nɜːrs],"vt. 看护,护理;照顾;培养;给...喂奶 vi. 照料,护理;喂奶;当保姆 n. 护士;奶妈,保姆",科普版三年级起点四年级上.xlsx
kepu_start3|g4-upper|r040|time,kepu_start3,4年级上,4,上,40,time,time,[taɪm],[taɪm],n. 时间;时代;次数;节拍;倍数 adj. 定时的;定期的;分期的 vt. 计时;测定...的时间;安排...的速度,科普版三年级起点四年级上.xlsx
kepu_start3|g4-upper|r041|eight,kepu_start3,4年级上,4,上,41,eight,eight,[eɪt],[eɪt],num. 八;八个;第八 n. 八字形 adj. 八的,科普版三年级起点四年级上.xlsx
kepu_start3|g4-upper|r042|late,kepu_start3,4年级上,4,上,42,late,late,[leɪt],[leɪt],adj. 晚的;迟的;已故的;最近的 adv. 晚;迟;最近;在晚期,科普版三年级起点四年级上.xlsx
kepu_start3|g4-upper|r043|sunday,kepu_start3,4年级上,4,上,43,Sunday,sunday,[ˈsʌndeɪ],[ˈsʌndeɪ],n. 星期日;礼拜日,科普版三年级起点四年级上.xlsx
kepu_start3|g4-upper|r044|o'clock,kepu_start3,4年级上,4,上,44,o'clock,o'clock,,,abbr. ...点钟(等于of the clock),科普版三年级起点四年级上.xlsx
kepu_start3|g4-upper|r045|house,kepu_start3,4年级上,4,上,45,house,house,[haʊs],[haʊs],n. 住宅;家庭;机构;议会;某种用途的建筑物 vt. 覆盖;给...房子住;把...储藏在房内 vi. 住,科普版三年级起点四年级上.xlsx
kepu_start3|g4-upper|r046|horse,kepu_start3,4年级上,4,上,46,horse,horse,[hɔːs],[hɔːrs],n. 马;骑兵;脚架;海洛因 vt. 使骑马;系马于;捉弄 vi. 骑马;作弄人,科普版三年级起点四年级上.xlsx
kepu_start3|g4-upper|r047|beside,kepu_start3,4年级上,4,上,47,beside,beside,[bɪˈsaɪd],[bɪˈsaɪd],prep. 在旁边;与...相比;和...无关,科普版三年级起点四年级上.xlsx
kepu_start3|g4-upper|r048|six,kepu_start3,4年级上,4,上,48,six,six,[sɪks],[sɪks],"num. 六,六个 n. 六,六个",科普版三年级起点四年级上.xlsx
kepu_start3|g4-upper|r049|cow,kepu_start3,4年级上,4,上,49,cow,cow,[kaʊ],[kaʊ],"n. 奶牛,母牛;母兽 vt. 威胁,恐吓",科普版三年级起点四年级上.xlsx
kepu_start3|g4-upper|r050|eleven,kepu_start3,4年级上,4,上,50,eleven,eleven,[ɪˈlev(ə)n],[ɪˈlevn],num. 十一;十一个 n. 十一;十一个 adj. 十一的;十一个的,科普版三年级起点四年级上.xlsx
kepu_start3|g4-upper|r051|twelve,kepu_start3,4年级上,4,上,51,twelve,twelve,[twelv],[twelv],num. 十二;十二个 n. 十二;十二个 adj. 十二的;十二个的,科普版三年级起点四年级上.xlsx
kepu_start3|g4-upper|r052|thirteen,kepu_start3,4年级上,4,上,52,thirteen,thirteen,[ˌθɜːˈtiːn],[ˌθɜːrˈtiːn],n. 十三;十三岁;十三个 num. 十三 adj. 十三的;十三个的,科普版三年级起点四年级上.xlsx
kepu_start3|g4-upper|r053|fifteen,kepu_start3,4年级上,4,上,53,fifteen,fifteen,[ˌfɪfˈtiːn],[ˌfɪfˈtiːn],n. 十五;十五个;十五人组成的橄榄球队 num. 十五 adj. 十五的,科普版三年级起点四年级上.xlsx
kepu_start3|g4-upper|r054|over,kepu_start3,4年级上,4,上,54,over,over,[ˈəʊvə(r)],[ˈoʊvər],adv. 结束;越过;从头到尾 prep. 越过;在...之上;遍于...之上 adj. 结束的;上面的 vt. 越过,科普版三年级起点四年级上.xlsx
kepu_start3|g4-upper|r055|goat,kepu_start3,4年级上,4,上,55,goat,goat,[ɡəʊt],[goʊt],n. 山羊;替罪羊(美俚);色鬼(美俚),科普版三年级起点四年级上.xlsx
kepu_start3|g4-upper|r056|over there,kepu_start3,4年级上,4,上,56,over there,over there,['əʊvə(r) ðeə(r)],[ˈəʊvər ðer],na. 在那边;〔美国〕在欧洲;〔大战用语〕在战地,科普版三年级起点四年级上.xlsx
kepu_start3|g4-upper|r057|how many,kepu_start3,4年级上,4,上,57,how many,how many,,,na. 多少,科普版三年级起点四年级上.xlsx
kepu_start3|g4-upper|r058|morning,kepu_start3,4年级上,4,上,58,morning,morning,[ˈmɔːnɪŋ],[ˈmɔːrnɪŋ],n. 早晨;黎明;初期,科普版三年级起点四年级上.xlsx
kepu_start3|g4-upper|r059|near,kepu_start3,4年级上,4,上,59,near,near,[nɪə(r)],[nɪr],adj. 近的;亲近的;近似的 adv. 近;接近 prep. 靠近;近似于,科普版三年级起点四年级上.xlsx
kepu_start3|g4-upper|r060|here,kepu_start3,4年级上,4,上,60,here,here,[hɪə(r)],[hɪr],n. 这里 adv. 在这里;此时 int. 嘿!;喂!,科普版三年级起点四年级上.xlsx
kepu_start3|g4-upper|r061|under,kepu_start3,4年级上,4,上,61,under,under,[ˈʌndə(r)],[ˈʌndər],"prep. 低于,少于;在...之下 adj. 下面的;从属的 adv. 在下面;在下方",科普版三年级起点四年级上.xlsx
kepu_start3|g4-upper|r062|chair,kepu_start3,4年级上,4,上,62,chair,chair,[tʃeə(r)],[tʃer],n. 椅子;讲座;(会议的)主席位;大学教授的职位 vt. 担任(会议的)主席;使...入座;使就任要职,科普版三年级起点四年级上.xlsx
kepu_start3|g4-upper|r063|dear,kepu_start3,4年级上,4,上,63,dear,dear,[dɪə(r)],[dɪr],n. 亲爱的人 adj. 亲爱的;尊敬的;昂贵的 adv. 高价地;疼爱地 int. 哎呀,科普版三年级起点四年级上.xlsx
kepu_start3|g4-upper|r064|bus,kepu_start3,4年级上,4,上,64,bus,bus,[bʌs],[bʌs],n. 公共汽车 乘公共汽车,科普版三年级起点四年级上.xlsx
kepu_start3|g4-upper|r065|car,kepu_start3,4年级上,4,上,65,car,car,[kɑː(r)],[kɑːr],n. 汽车;车厢,科普版三年级起点四年级上.xlsx
kepu_start3|g4-upper|r066|aunt,kepu_start3,4年级上,4,上,66,aunt,aunt,[ɑːnt],[ænt],n. 阿姨;姑妈;伯母;舅妈,科普版三年级起点四年级上.xlsx
kepu_start3|g4-upper|r067|plane,kepu_start3,4年级上,4,上,67,plane,plane,[pleɪn],[pleɪn],"n. 飞机;平面;程度,水平 adj. 平的;平面的 vt. 刨平;用刨子刨;掠过水面 vi. 刨;乘飞机旅行;翱翔",科普版三年级起点四年级上.xlsx
kepu_start3|g4-upper|r068|jeep,kepu_start3,4年级上,4,上,68,jeep,jeep,[dʒiːp],[dʒiːp],n. 吉普车,科普版三年级起点四年级上.xlsx
kepu_start3|g4-upper|r069|in english,kepu_start3,4年级上,4,上,69,in English,in english,,,用英语;用英语说;用英语表达,科普版三年级起点四年级上.xlsx
kepu_start3|g4-upper|r070|uncle,kepu_start3,4年级上,4,上,70,uncle,uncle,[ˈʌŋk(ə)l],[ˈʌŋkl],n. 叔叔;伯父;伯伯;舅父;姨丈;姑父,科普版三年级起点四年级上.xlsx
kepu_start3|g4-upper|r071|farmer,kepu_start3,4年级上,4,上,71,farmer,farmer,[ˈfɑːmə(r)],[ˈfɑːrmər],"n. 农夫,农民",科普版三年级起点四年级上.xlsx
kepu_start3|g4-upper|r072|work,kepu_start3,4年级上,4,上,72,work,work,[wɜːk],[wɜːrk],n. 工作;[物] 功;产品;操作;职业;行为;事业;工厂;著作;文学、音乐或艺术作品 vt. 使工作;操作;经营;使缓慢前进 vi. 工作;运作;起作用,科普版三年级起点四年级上.xlsx
kepu_start3|g4-upper|r073|want,kepu_start3,4年级上,4,上,73,want,want,[wɒnt],[wɑːnt],n. 需要;缺乏;贫困;必需品 vt. 需要;希望;应该;缺少 vi. 需要;缺少,科普版三年级起点四年级上.xlsx
kepu_start3|g4-upper|r074|plant,kepu_start3,4年级上,4,上,74,plant,plant,[plɑːnt],[plænt],"n. 工厂,车间;植物;设备;庄稼 vt. 种植;培养;栽培;安置 vi. 种植",科普版三年级起点四年级上.xlsx
kepu_start3|g4-upper|r075|do,kepu_start3,4年级上,4,上,75,do,do,[duː; də; du; dəʊ],[duː; də; du; doʊ],"vi. 行,足够;生长 n. 要求;规定;C大调音阶中的第一音 v. 做;干;学习;研究;进行;完成;解答;整理;算出;引起;行过 aux. 助动词(构成疑问句和否定句);(代替动词);(用于加强语气) n. (口语)事件;(主英国口语)诈骗;(主英国、新西兰口语)宴会;(口语)必须做到的事情",科普版三年级起点四年级上.xlsx
kepu_start3|g4-upper|r076|bread,kepu_start3,4年级上,4,上,76,bread,bread,[bred],[bred],n. 面包;生计 vt. 在...上洒面包屑,科普版三年级起点四年级上.xlsx
kepu_start3|g4-upper|r077|eat,kepu_start3,4年级上,4,上,77,eat,eat,[iːt],[iːt],"vt. 吃,喝;腐蚀;烦扰 vi. 进食;腐蚀,侵蚀",科普版三年级起点四年级上.xlsx
kepu_start3|g4-upper|r078|wheat,kepu_start3,4年级上,4,上,78,wheat,wheat,[wiːt],[wiːt],n. 小麦;小麦色,科普版三年级起点四年级上.xlsx
kepu_start3|g4-upper|r079|together,kepu_start3,4年级上,4,上,79,together,together,[təˈɡeðə(r)],[təˈɡeðər],"adj. 新潮的;情绪稳定的,做事有效率的 adv. 一起;同时;相互;连续地;总共",科普版三年级起点四年级上.xlsx
kepu_start3|g4-upper|r080|cut,kepu_start3,4年级上,4,上,80,cut,cut,[kʌt],[kʌt],n. 伤口;切口;削减;(服装等的)式样;削球;切入 adj. 割下的;雕过的;缩减的 vt. [机] 切割;削减;缩短;刺痛 vi. [机] 切割;相交;切牌;停拍;不出席,科普版三年级起点四年级上.xlsx
kepu_start3|g4-upper|r081|have to,kepu_start3,4年级上,4,上,81,have to,have to,[ˈhæv tu],[ˈhæv tə; ˈhæf tə],modalv. 不得不;必须;劝告或建议时用;表示一定真实或肯定发生 v. 不得不;必须;一定;应当,科普版三年级起点四年级上.xlsx
kepu_start3|g4-lower|r002|watch,kepu_start3,4年级下,4,下,2,watch,watch,[wɒtʃ],[wɑːtʃ],"n. 手表;监视;守护;值班人 vt. 观察;注视;看守;警戒 vi. 观看,注视;守侯,看守",科普版三年级起点四年级下.xlsx
kepu_start3|g4-lower|r003|whose,kepu_start3,4年级下,4,下,3,whose,whose,[huːz],[huːz],pron. 谁的(疑问代词),科普版三年级起点四年级下.xlsx
kepu_start3|g4-lower|r004|think,kepu_start3,4年级下,4,下,4,think,think,[θɪŋk],[θɪŋk],n. 想;想法 adj. 思想的 vi. 想;认为 vt. 想;认为;想起;想像;打算,科普版三年级起点四年级下.xlsx
kepu_start3|g4-lower|r005|man,kepu_start3,4年级下,4,下,5,man,man,[mæn],[mæn],n. 人;男人;人类;丈夫;雇工 vt. 操纵;给...配置人员;使增强勇气;在...就位,科普版三年级起点四年级下.xlsx
kepu_start3|g4-lower|r006|ask,kepu_start3,4年级下,4,下,6,ask,ask,[ɑːsk],[æsk],"vt. 问,询问;要求;需要;邀请;讨价 vi. 问,询问;要求",科普版三年级起点四年级下.xlsx
kepu_start3|g4-lower|r007|beautiful,kepu_start3,4年级下,4,下,7,beautiful,beautiful,[ˈbjuːtɪf(ə)l],[ˈbjuːtɪf(ə)l],adj. 美丽的 出色地 出色的 迷人的 迷人地,科普版三年级起点四年级下.xlsx
kepu_start3|g4-lower|r008|right,kepu_start3,4年级下,4,下,8,right,right,[raɪt],[raɪt],n. 正确;右边;正义 adj. 正确的;直接的;右方的 vt. 纠正 adv. 正确地;恰当地;彻底地 vi. 复正;恢复平稳,科普版三年级起点四年级下.xlsx
kepu_start3|g4-lower|r009|remember,kepu_start3,4年级下,4,下,9,remember,remember,[rɪˈmembə(r)],[rɪˈmembər],"vi. 记得,记起 vt. 记得;牢记;纪念;代...问好",科普版三年级起点四年级下.xlsx
kepu_start3|g4-lower|r010|very much,kepu_start3,4年级下,4,下,10,very much,very much,[ˈveri mʌtʃ],[ˈveri mʌtʃ],adv. 非常,科普版三年级起点四年级下.xlsx
kepu_start3|g4-lower|r011|shirt,kepu_start3,4年级下,4,下,11,shirt,shirt,[ʃɜːt],[ʃɜːrt],"n. 衬衫;汗衫,内衣",科普版三年级起点四年级下.xlsx
kepu_start3|g4-lower|r012|trousers,kepu_start3,4年级下,4,下,12,trousers,trousers,[ˈtraʊzəz],[ˈtraʊzərz],"n. 裤子,长裤",科普版三年级起点四年级下.xlsx
kepu_start3|g4-lower|r013|hair,kepu_start3,4年级下,4,下,13,hair,hair,[heə(r)],[her],n. 头发;毛发;些微 adj. 毛发的;护理毛发的;用毛发制成的 vt. 除去...的毛发 vi. 生长毛发;形成毛状纤维,科普版三年级起点四年级下.xlsx
kepu_start3|g4-lower|r014|sock,kepu_start3,4年级下,4,下,14,sock,sock,[sɒk],[sɑːk],vt. 重击;给......穿袜 n. 短袜;一击 adv. 正着地;不偏不倚地 adj. 非常成功的,科普版三年级起点四年级下.xlsx
kepu_start3|g4-lower|r015|his,kepu_start3,4年级下,4,下,15,his,his,[hɪz],[hɪz; ɪz],pron. 他的,科普版三年级起点四年级下.xlsx
kepu_start3|g4-lower|r016|shorts,kepu_start3,4年级下,4,下,16,shorts,shorts,[ʃɔːts],[ʃɔːrts],n. 短裤,科普版三年级起点四年级下.xlsx
kepu_start3|g4-lower|r017|orange,kepu_start3,4年级下,4,下,17,orange,orange,[ˈɒrɪndʒ],[ˈɔrɪndʒ],adj. 橙色的;橘色的 n. 橙;橙色;桔子,科普版三年级起点四年级下.xlsx
kepu_start3|g4-lower|r018|shoe,kepu_start3,4年级下,4,下,18,shoe,shoe,[ʃuː],[ʃuː],n. 鞋;蹄铁;外胎 vt. 给......穿上鞋;穿......鞋,科普版三年级起点四年级下.xlsx
kepu_start3|g4-lower|r019|term,kepu_start3,4年级下,4,下,19,term,term,[tɜːm],[tɜːrm],n. 术语;学期;期限;条款;(代数式等的)项 vt. 把...叫做,科普版三年级起点四年级下.xlsx
kepu_start3|g4-lower|r020|really,kepu_start3,4年级下,4,下,20,really,really,[ˈriːəli],[ˈriːəli],"adv. 实际上,事实上;真正地,真实地;真的吗?(表语气)",科普版三年级起点四年级下.xlsx
kepu_start3|g4-lower|r021|nut,kepu_start3,4年级下,4,下,21,nut,nut,[nʌt],[nʌt],"n. 螺母,螺帽;坚果;难对付的人,难解的问题 vi. 采坚果",科普版三年级起点四年级下.xlsx
kepu_start3|g4-lower|r022|a pair of,kepu_start3,4年级下,4,下,22,a pair of,a pair of,,,det. 一双,科普版三年级起点四年级下.xlsx
kepu_start3|g4-lower|r023|class,kepu_start3,4年级下,4,下,23,class,class,[klɑːs],[klæs],"n. 阶级;班级;种类;班;等级 adj. 极好的;很好的,优秀的,出色的 vt. 分类;把...分等级;把...归入某等级,把...看作(或分类、归类);把...编入某一班级 vi. 属于...类(或等级),被列为某类(或某级)",科普版三年级起点四年级下.xlsx
kepu_start3|g4-lower|r024|behind,kepu_start3,4年级下,4,下,24,behind,behind,[bɪˈhaɪnd],[bɪˈhaɪnd],prep. 落后于;支持;晚于 n. 屁股 adv. 在后地;在原处,科普版三年级起点四年级下.xlsx
kepu_start3|g4-lower|r025|grade,kepu_start3,4年级下,4,下,25,grade,grade,[ɡreɪd],[ɡreɪd],n. 年级;等级;成绩;级别;阶段 vt. 评分;把...分等级 vi. 分等级;逐渐变化,科普版三年级起点四年级下.xlsx
kepu_start3|g4-lower|r026|glass,kepu_start3,4年级下,4,下,26,glass,glass,[ɡlɑːs],[ɡlæs],n. 玻璃;玻璃制品;镜子 vt. 反映;给某物加玻璃 vi. 成玻璃状,科普版三年级起点四年级下.xlsx
kepu_start3|g4-lower|r027|glasses,kepu_start3,4年级下,4,下,27,glasses,glasses,[ˈɡlɑːsɪz],[ˈɡlæsɪz],n. [轻] 眼镜;玻璃(glass的复数形式);双筒望远镜 v. 把...装入玻璃容器内;给...装上玻璃(glass的第三人称单数形式),科普版三年级起点四年级下.xlsx
kepu_start3|g4-lower|r028|about,kepu_start3,4年级下,4,下,28,about,about,[əˈbaʊt],[əˈbaʊt],prep. 关于;大约 n. 大致;粗枝大叶;不拘小节的人 adj. 在附近的;四处走动的;在起作用的 adv. 大约;周围;到处,科普版三年级起点四年级下.xlsx
kepu_start3|g4-lower|r029|welcome,kepu_start3,4年级下,4,下,29,welcome,welcome,[ˈwelkəm],[ˈwelkəm],n. 欢迎 vt. 欢迎 adj. 受欢迎的 int. 欢迎,科普版三年级起点四年级下.xlsx
kepu_start3|g4-lower|r030|to,kepu_start3,4年级下,4,下,30,to,to,[tə],[tə; tu; tuː],prep. 到;向;(表示时间、方向)朝...方向 adv. 向前;(门等)关上,科普版三年级起点四年级下.xlsx
kepu_start3|g4-lower|r031|our,kepu_start3,4年级下,4,下,31,our,our,[ɑː(r)],[ɑːr],pron. 我们的,科普版三年级起点四年级下.xlsx
kepu_start3|g4-lower|r032|school,kepu_start3,4年级下,4,下,32,school,school,[skuːl],[skuːl],n. 学校;学院;学派;鱼群 vt. 教育,科普版三年级起点四年级下.xlsx
kepu_start3|g4-lower|r033|at,kepu_start3,4年级下,4,下,33,at,at,[ət],[ət; æt],prep. 在(表示存在或出现的地点、场所、位置、空间);以(某种价格、速度等);向;达;因为;朝;忙于 n. 阿特(老挝货币基本单位att);[化]砹(极不稳定放射性元素) abbr. 密封的(airtight);气温(air temperature),科普版三年级起点四年级下.xlsx
kepu_start3|g4-lower|r034|be,kepu_start3,4年级下,4,下,34,be,be,[bi],[bi; biː],"vt. 是; 有,存在; 做,成为; 发生",科普版三年级起点四年级下.xlsx
kepu_start3|g4-lower|r035|all,kepu_start3,4年级下,4,下,35,all,all,[ɔːl],[ɔːl],n. 全部 adj. 全部的 adv. 全然地;越发 pron. 全部,科普版三年级起点四年级下.xlsx
kepu_start3|g4-lower|r036|chinese,kepu_start3,4年级下,4,下,36,Chinese,chinese,[ˌtʃaɪˈniːz],[ˌtʃaɪˈniːz],"n. 中文,汉语;中国人 adj. 中国的,中国人的;中国话的",科普版三年级起点四年级下.xlsx
kepu_start3|g4-lower|r037|be from,kepu_start3,4年级下,4,下,37,be from,be from,,,na. 从...来;生在(某处),科普版三年级起点四年级下.xlsx
kepu_start3|g4-lower|r038|these,kepu_start3,4年级下,4,下,38,these,these,[ðiːz],[ðiːz],adj. 这些的 pron. 这些,科普版三年级起点四年级下.xlsx
kepu_start3|g4-lower|r039|those,kepu_start3,4年级下,4,下,39,those,those,[ðəʊz],[ðoʊz],adj. 那些的 pron. 那些(that的复数),科普版三年级起点四年级下.xlsx
kepu_start3|g4-lower|r040|tiger,kepu_start3,4年级下,4,下,40,tiger,tiger,[ˈtaɪɡə(r)],[ˈtaɪɡər],n. 老虎;凶暴的人,科普版三年级起点四年级下.xlsx
kepu_start3|g4-lower|r041|walk,kepu_start3,4年级下,4,下,41,walk,walk,[wɔːk],[wɔːk],"n. 步行,走;散步 vi. 走,步行;散步 vt. 散步;走过",科普版三年级起点四年级下.xlsx
kepu_start3|g4-lower|r042|jump,kepu_start3,4年级下,4,下,42,jump,jump,[dʒʌmp],[dʒʌmp],n. 跳跃;暴涨;惊跳 vt. 跳跃;使跳跃;跳过;突升 vi. 跳跃;暴涨;猛增,科普版三年级起点四年级下.xlsx
kepu_start3|g4-lower|r043|mom,kepu_start3,4年级下,4,下,43,mom,mom,[mɒm],[mɑːm],n. 妈妈,科普版三年级起点四年级下.xlsx
kepu_start3|g4-lower|r044|talk,kepu_start3,4年级下,4,下,44,talk,talk,[tɔːk],[tɔːk],n. 谈话;演讲;空谈 vi. 谈话;说闲话 vt. 说;谈话;讨论,科普版三年级起点四年级下.xlsx
kepu_start3|g4-lower|r045|parrot,kepu_start3,4年级下,4,下,45,parrot,parrot,[ˈpærət],[ˈpærət],"n. 鹦鹉;学舌者,应声虫;机械模仿别人的人 vt. 机械地模仿",科普版三年级起点四年级下.xlsx
kepu_start3|g4-lower|r046|sure,kepu_start3,4年级下,4,下,46,sure,sure,[ʃʊə(r)],[ʃʊr],adj. 确信的;可靠的;必定的 adv. 当然;的确,科普版三年级起点四年级下.xlsx
kepu_start3|g4-lower|r047|meet,kepu_start3,4年级下,4,下,47,meet,meet,[miːt],[miːt],vt. 满足;遇见;对付 vi. 相遇;接触 n. 集会 adj. 合适的;适宜的,科普版三年级起点四年级下.xlsx
kepu_start3|g4-lower|r048|friday,kepu_start3,4年级下,4,下,48,Friday,friday,[ˈfraɪdeɪ],[ˈfraɪdeɪ],n. 星期五,科普版三年级起点四年级下.xlsx
kepu_start3|g4-lower|r049|evening,kepu_start3,4年级下,4,下,49,evening,evening,[ˈiːvnɪŋ],[ˈiːvnɪŋ],n. 晚上;傍晚;(联欢性的)晚会;后期 adj. 在晚上的;为晚上的;晚上用的 int. 晚上好(等于good evening),科普版三年级起点四年级下.xlsx
kepu_start3|g4-lower|r050|call,kepu_start3,4年级下,4,下,50,call,call,[kɔːl],[kɔːl],n. 电话;呼叫;要求;访问 vi. 呼叫;拜访;叫牌 vt. 呼叫;称呼;召集,科普版三年级起点四年级下.xlsx
kepu_start3|g4-lower|r051|up,kepu_start3,4年级下,4,下,51,up,up,[ʌp],[ʌp],prep. 在...之上;向...的较高处 n. 上升;繁荣 adj. 涨的;起床的;向上的 adv. 起来;上涨;向上,科普版三年级起点四年级下.xlsx
kepu_start3|g4-lower|r052|very,kepu_start3,4年级下,4,下,52,very,very,[ˈveri],[ˈveri],"adv. 非常,很;完全 adj. 恰好是,正是;甚至;十足的;特有的",科普版三年级起点四年级下.xlsx
kepu_start3|g4-lower|r053|tomorrow,kepu_start3,4年级下,4,下,53,tomorrow,tomorrow,[təˈmɒrəʊ],[təˈmɑːroʊ],n. 明天;未来 adv. 明天;未来地(等于to-morrow),科普版三年级起点四年级下.xlsx
kepu_start3|g4-lower|r054|ill,kepu_start3,4年级下,4,下,54,ill,ill,[ɪl],[ɪl],n. 疾病;不幸 adj. 生病的;坏的;邪恶的;不吉利的 adv. 不利地;恶劣地;几乎不,科普版三年级起点四年级下.xlsx
kepu_start3|g4-lower|r055|study,kepu_start3,4年级下,4,下,55,study,study,[ˈstʌdi],[ˈstʌdi],"n. 学习,研究;课题;书房;学问 vt. 学习;考虑;攻读;细察 vi. 研究;用功",科普版三年级起点四年级下.xlsx
kepu_start3|g4-lower|r056|free,kepu_start3,4年级下,4,下,56,free,free,[friː],[friː],"adj. 免费的;自由的,不受约束的;[化学] 游离的 vt. 使自由,解放;释放 adv. 自由地;免费",科普版三年级起点四年级下.xlsx
kepu_start3|g4-lower|r057|shall,kepu_start3,4年级下,4,下,57,shall,shall,[ʃəl; ʃæl],[ʃəl; ʃæl],aux. 应;会;将;必须,科普版三年级起点四年级下.xlsx
kepu_start3|g4-lower|r058|homework,kepu_start3,4年级下,4,下,58,homework,homework,[ˈhəʊmwɜːk],[ˈhoʊmwɜːrk],"n. 家庭作业,课外作业",科普版三年级起点四年级下.xlsx
kepu_start3|g4-lower|r059|go swimming,kepu_start3,4年级下,4,下,59,go swimming,go swimming,,,na. 去游泳,科普版三年级起点四年级下.xlsx
kepu_start3|g4-lower|r060|do one's homework,kepu_start3,4年级下,4,下,60,do one's homework,do one's homework,,,na. 做功课,科普版三年级起点四年级下.xlsx
kepu_start3|g4-lower|r061|just then,kepu_start3,4年级下,4,下,61,just then,just then,,,na. 正在那时,科普版三年级起点四年级下.xlsx
kepu_start3|g4-lower|r062|call up,kepu_start3,4年级下,4,下,62,call up,call up,[ˈkɔːl ʌp],[kɔːl ʌp],na. 传;动员;打电话给;【电讯】呼唤,科普版三年级起点四年级下.xlsx
kepu_start3|g4-lower|r063|at home,kepu_start3,4年级下,4,下,63,at home,at home,,,na. 在家;安适;在家接待客人;在本国 (opp. abroad),科普版三年级起点四年级下.xlsx
kepu_start3|g4-lower|r064|of course,kepu_start3,4年级下,4,下,64,of course,of course,,,na. 当然,科普版三年级起点四年级下.xlsx
kepu_start3|g4-lower|r065|ruler,kepu_start3,4年级下,4,下,65,ruler,ruler,[ˈruːlə(r)],[ˈruːlər],"n. 尺;统治者;[测] 划线板,划线的人",科普版三年级起点四年级下.xlsx
kepu_start3|g4-lower|r066|long,kepu_start3,4年级下,4,下,66,long,long,[lɒŋ],[lɔːŋ],"n. 长时间;[语] 长音节;(服装的)长尺寸;长裤 adj. 长的;过长的;做多头的;长时间的;冗长的,长音 vi. 渴望;热望 adv. 长期地;始终",科普版三年级起点四年级下.xlsx
kepu_start3|g4-lower|r067|use,kepu_start3,4年级下,4,下,67,use,use,[juːz],[juːz],"n. 使用;用途;发挥 vt. 利用;耗费 vi. 使用,运用",科普版三年级起点四年级下.xlsx
kepu_start3|g4-lower|r068|say,kepu_start3,4年级下,4,下,68,say,say,[seɪ],[seɪ],vt. 讲;说明;例如;声称;假设;指明 vi. 讲;表示;念;假定;背诵,科普版三年级起点四年级下.xlsx
kepu_start3|g4-lower|r069|of,kepu_start3,4年级下,4,下,69,of,of,[əv; ɒv],[əv; ʌv],prep. 关于;属于;...的;由...组成的,科普版三年级起点四年级下.xlsx
kepu_start3|g4-lower|r070|foot,kepu_start3,4年级下,4,下,70,foot,foot,[fʊt],[fʊt],n. 脚;英尺;步调;末尾 vt. 支付;给......换底 vi. 步行;跳舞;总计,科普版三年级起点四年级下.xlsx
kepu_start3|g4-lower|r071|body,kepu_start3,4年级下,4,下,71,body,body,[ˈbɒdi],[ˈbɑːdi],n. 身体;主体;大量;团体;主要部分 vt. 赋以形体,科普版三年级起点四年级下.xlsx
kepu_start3|g4-lower|r072|people,kepu_start3,4年级下,4,下,72,people,people,[ˈpiːp(ə)l],[ˈpiːpl],n. 人;人类;民族;公民 vt. 居住于;使住满人,科普版三年级起点四年级下.xlsx
kepu_start3|g4-lower|r073|also,kepu_start3,4年级下,4,下,73,also,also,[ˈɔːlsəʊ],[ˈɔːlsoʊ],conj. 并且;另外 adv. 也;而且;同样,科普版三年级起点四年级下.xlsx
kepu_start3|g4-lower|r074|deer,kepu_start3,4年级下,4,下,74,deer,deer,[dɪə(r)],[dɪr],n. 鹿,科普版三年级起点四年级下.xlsx
kepu_start3|g4-lower|r075|donkey,kepu_start3,4年级下,4,下,75,donkey,donkey,[ˈdɒŋki],[ˈdɑːŋki],n. 驴子;傻瓜;顽固的人,科普版三年级起点四年级下.xlsx
kepu_start3|g4-lower|r076|come up,kepu_start3,4年级下,4,下,76,come up,come up,[kʌm ʌp],[kʌm ʌp],na. 走近;上升;抬头;(暴风雨等)起,科普版三年级起点四年级下.xlsx
kepu_start3|g4-lower|r077|snow,kepu_start3,4年级下,4,下,77,snow,snow,[snəʊ],[snoʊ],"n. 雪,积雪;下雪 vt. 使纷纷落下;使变白 vi. 降雪",科普版三年级起点四年级下.xlsx
kepu_start3|g4-lower|r078|winter,kepu_start3,4年级下,4,下,78,winter,winter,[ˈwɪntə(r)],[ˈwɪntər],n. 冬季;年岁;萧条期 adj. 冬天的;越冬的 vi. 过冬,科普版三年级起点四年级下.xlsx
kepu_start3|g4-lower|r079|favourite,kepu_start3,4年级下,4,下,79,favourite,favourite,[ˈfeɪvərɪt],[ˈfeɪvərɪt],n. 特别喜爱的人(或物) adj. 特别受喜爱的,科普版三年级起点四年级下.xlsx
kepu_start3|g4-lower|r080|season,kepu_start3,4年级下,4,下,80,season,season,[ˈsiːzn],[ˈsiːzn],n. 时期;季节;赛季 vt. 给...调味;使适应 vi. 变得成熟;变干燥,科普版三年级起点四年级下.xlsx
kepu_start3|g4-lower|r081|summer,kepu_start3,4年级下,4,下,81,summer,summer,[ˈsʌmə(r)],[ˈsʌmər],n. 夏季;全盛时期 adj. 夏季的 vi. 避暑;过夏天,科普版三年级起点四年级下.xlsx
kepu_start3|g4-lower|r082|spring,kepu_start3,4年级下,4,下,82,spring,spring,[sprɪŋ],[sprɪŋ],n. 春天;弹簧;泉水;活力;跳跃 adj. 春天的 vt. 使跳起;使爆炸;突然提出;使弹开 vi. 生长;涌出;跃出;裂开,科普版三年级起点四年级下.xlsx
kepu_start3|g4-lower|r083|autumn,kepu_start3,4年级下,4,下,83,autumn,autumn,[ˈɔːtəm],[ˈɔːtəm; ˈɑːtəm],"n. 秋天;成熟期;渐衰期,凋落期 adj. 秋天的,秋季的",科普版三年级起点四年级下.xlsx
kepu_start3|g4-lower|r084|busy,kepu_start3,4年级下,4,下,84,busy,busy,[ˈbɪzi],[ˈbɪzi],adj. 忙碌的;热闹的;正被占用的 vt. 使忙于,科普版三年级起点四年级下.xlsx
kepu_start3|g4-lower|r085|because,kepu_start3,4年级下,4,下,85,because,because,"[bɪˈkəz, bɪˈkɒz]","[bɪˈkəz, bɪˈkɔːz]",conj. 因为,科普版三年级起点四年级下.xlsx
kepu_start3|g4-lower|r086|wash,kepu_start3,4年级下,4,下,86,wash,wash,[wɒʃ],[wɑːʃ],n. 洗涤;洗的衣服;化妆水;冲积物 vt. 洗涤;洗刷;冲走;拍打 vi. 洗澡;被冲蚀,科普版三年级起点四年级下.xlsx
kepu_start3|g4-lower|r087|face,kepu_start3,4年级下,4,下,87,face,face,[feɪs],[feɪs],n. 脸;表面;面子;面容;外观;威信 vi. 向;朝 vt. 面对;面向;承认;抹盖,科普版三年级起点四年级下.xlsx
kepu_start3|g4-lower|r088|cook,kepu_start3,4年级下,4,下,88,cook,cook,[kʊk],[kʊk],"n. 厨师,厨子 vt. 烹调,煮 vi. 烹调,做菜",科普版三年级起点四年级下.xlsx
kepu_start3|g4-lower|r089|clean,kepu_start3,4年级下,4,下,89,clean,clean,[kliːn],[kliːn],"n. 打扫 adj. 清洁的,干净的;清白的 vt. 使干净 vi. 打扫,清扫 adv. 完全地",科普版三年级起点四年级下.xlsx
kepu_start3|g4-lower|r090|draw,kepu_start3,4年级下,4,下,90,draw,draw,[drɔː],[drɔː],n. 平局;抽签 vi. 拉;拖 vt. 画;拉;吸引,科普版三年级起点四年级下.xlsx
kepu_start3|g4-lower|r091|picture,kepu_start3,4年级下,4,下,91,picture,picture,[ˈpɪktʃə(r)],[ˈpɪktʃər],"n. 照片,图画;影片;景色;化身 vt. 画;想像;描写",科普版三年级起点四年级下.xlsx
kepu_start3|g4-lower|r092|supper,kepu_start3,4年级下,4,下,92,supper,supper,[ˈsʌpə(r)],[ˈsʌpər],"n. 晚餐,晚饭;夜宵",科普版三年级起点四年级下.xlsx
kepu_start3|g4-lower|r093|give,kepu_start3,4年级下,4,下,93,give,give,[ɡɪv],[ɡɪv],n. 弹性;弯曲;伸展性 vi. 捐赠;面向;有弹性;气候转暖 vt. 给;产生;让步;举办;授予,科普版三年级起点四年级下.xlsx
kepu_start3|g4-lower|r094|have supper,kepu_start3,4年级下,4,下,94,have supper,have supper,,,na. 吃晚饭,科普版三年级起点四年级下.xlsx
kepu_start3|g4-lower|r095|ball,kepu_start3,4年级下,4,下,95,ball,ball,[bɔːl],[bɔːl],n. 球;舞会 vt. 捏成球形 vi. 成团块,科普版三年级起点四年级下.xlsx
kepu_start3|g4-lower|r096|football,kepu_start3,4年级下,4,下,96,football,football,[ˈfʊtbɔːl],[ˈfʊtbɔːl],"n. 足球,橄榄球 vi. 踢足球;打橄榄球",科普版三年级起点四年级下.xlsx
kepu_start3|g4-lower|r097|basketball,kepu_start3,4年级下,4,下,97,basketball,basketball,[ˈbɑːskɪtbɔːl],[ˈbæskɪtbɔːl],n. 篮球;篮球运动,科普版三年级起点四年级下.xlsx
kepu_start3|g4-lower|r098|them,kepu_start3,4年级下,4,下,98,them,them,[ðəm; ðem],[ðəm; ðem],pron. 他们;它们;她们,科普版三年级起点四年级下.xlsx
kepu_start3|g4-lower|r099|their,kepu_start3,4年级下,4,下,99,their,their,[ðeə(r)],[ðer],"pron. 他们的,她们的;它们的",科普版三年级起点四年级下.xlsx
kepu_start3|g4-lower|r100|water,kepu_start3,4年级下,4,下,100,water,water,[ˈwɔːtə(r)],[ˈwɔːtər],"n. 水;海水;雨水;海域,大片的水 vt. 使湿;供以水;给...浇水 vi. 加水;流泪;流口水",科普版三年级起点四年级下.xlsx
kepu_start3|g4-lower|r101|heavy,kepu_start3,4年级下,4,下,101,heavy,heavy,[ˈhevi],[ˈhevi],"n. 重物;严肃角色 adj. 沉重的;繁重的,巨大的;拥挤的;阴沉的 adv. 大量地;笨重地",科普版三年级起点四年级下.xlsx
kepu_start3|g4-lower|r102|flower,kepu_start3,4年级下,4,下,102,flower,flower,[ˈflaʊə(r)],[ˈflaʊər],"n. 花;精华;开花植物 vt. 使开花;用花装饰 vi. 成熟,发育;开花;繁荣;旺盛",科普版三年级起点四年级下.xlsx
kepu_start3|g4-lower|r103|garden,kepu_start3,4年级下,4,下,103,garden,garden,[ˈɡɑːdn],[ˈɡɑːrdn],n. 花园;菜园 vt. 栽培花木 vi. 从事园艺;在园中种植,科普版三年级起点四年级下.xlsx
kepu_start3|g4-lower|r104|carry,kepu_start3,4年级下,4,下,104,carry,carry,[ˈkæri],[ˈkæri],"n. 运载;[计] 进位;射程 vi. 能达到;被携带;被搬运 vt. 拿,扛;携带;支持;搬运",科普版三年级起点四年级下.xlsx
kepu_start3|g4-lower|r105|idea,kepu_start3,4年级下,4,下,105,idea,idea,[aɪˈdɪə],[aɪˈdiːə],n. 想法;主意;概念,科普版三年级起点四年级下.xlsx
kepu_start3|g4-lower|r106|computer,kepu_start3,4年级下,4,下,106,computer,computer,[kəmˈpjuːtə(r)],[kəmˈpjuːtər],n. 计算机;电脑;电子计算机,科普版三年级起点四年级下.xlsx
kepu_start3|g4-lower|r107|lunch,kepu_start3,4年级下,4,下,107,lunch,lunch,[lʌntʃ],[lʌntʃ],n. 午餐 vt. 吃午餐;供给午餐 vi. 吃午餐;供给午餐,科普版三年级起点四年级下.xlsx
kepu_start3|g4-lower|r108|fast,kepu_start3,4年级下,4,下,108,fast,fast,[fɑːst],[fæst],"n. 斋戒;绝食 adj. 快速的,迅速的;紧的,稳固的 adv. 迅速地;紧紧地;彻底地 vi. 禁食,斋戒",科普版三年级起点四年级下.xlsx
kepu_start3|g4-lower|r109|outside,kepu_start3,4年级下,4,下,109,outside,outside,[ˌaʊtˈsaɪd],[ˌaʊtˈsaɪd],"adj. 外面的,外部的;外来的 n. 外部;外观 adv. 在外面,向外面;在室外 prep. 在...范围之外",科普版三年级起点四年级下.xlsx
kepu_start3|g4-lower|r110|rabbit,kepu_start3,4年级下,4,下,110,rabbit,rabbit,[ˈræbɪt],[ˈræbɪt],"n. 兔子,野兔 vt. 让...见鬼去吧 vi. 猎兔",科普版三年级起点四年级下.xlsx
kepu_start3|g4-lower|r111|catch,kepu_start3,4年级下,4,下,111,catch,catch,[kætʃ],[kætʃ],n. 捕捉;捕获物;窗钩 vt. 赶上;抓住;感染;了解 vi. 赶上;抓住,科普版三年级起点四年级下.xlsx
kepu_start3|g4-lower|r112|go away,kepu_start3,4年级下,4,下,112,go away,go away,,,na. 离开;带走,科普版三年级起点四年级下.xlsx
kepu_start3|g5-upper|r002|playground,kepu_start3,5年级上,5,上,2,playground,playground,[ˈpleɪɡraʊnd],[ˈpleɪɡraʊnd],"n. 运动场,操场;游乐场",科普版三年级起点五年级上.xlsx
kepu_start3|g5-upper|r003|sport,kepu_start3,5年级上,5,上,3,sport,sport,[spɔːt],[spɔːrt],n. 运动;游戏;娱乐;运动会;玩笑 adj. 运动的 vt. 游戏;参加体育运动;夸耀 vi. 游戏,科普版三年级起点五年级上.xlsx
kepu_start3|g5-upper|r004|love,kepu_start3,5年级上,5,上,4,love,love,[lʌv],[lʌv],"n. 恋爱;亲爱的;酷爱;喜爱的事物;爱情,爱意;疼爱;热爱;爱人,所爱之物 v. 爱,热爱;爱戴;赞美,称赞;喜爱;喜好;喜欢;爱慕",科普版三年级起点五年级上.xlsx
kepu_start3|g5-upper|r005|grandfather,kepu_start3,5年级上,5,上,5,grandfather,grandfather,[ˈɡrænfɑːðə(r)],[ˈɡrænfɑːðər],n. 祖父;始祖 vt. 不受新规定限制,科普版三年级起点五年级上.xlsx
kepu_start3|g5-upper|r006|grandmother,kepu_start3,5年级上,5,上,6,grandmother,grandmother,[ˈɡrænmʌðə(r)],[ˈɡrænmʌðər],n. 祖母;女祖先 vt. 当...的祖母 vi. 当祖母,科普版三年级起点五年级上.xlsx
kepu_start3|g5-upper|r007|next,kepu_start3,5年级上,5,上,7,next,next,[nekst],[nekst],adv. 然后;下次;其次 adj. 下一个的;其次的;贴近的 n. 下一个 prep. 靠近;居于...之后,科普版三年级起点五年级上.xlsx
kepu_start3|g5-upper|r008|week,kepu_start3,5年级上,5,上,8,week,week,[wiːk],[wiːk],"n. 周,星期",科普版三年级起点五年级上.xlsx
kepu_start3|g5-upper|r009|classroom,kepu_start3,5年级上,5,上,9,classroom,classroom,[ˈklɑːsruːm],[ˈklæsruːm; ˈklæsrʊm],n. 教室,科普版三年级起点五年级上.xlsx
kepu_start3|g5-upper|r010|centre,kepu_start3,5年级上,5,上,10,centre,centre,[ˈsentə(r)],[ˈsentər],n. 中心 adj. 中央的 vt. 集中;将...放在中央 vi. 以...为中心,科普版三年级起点五年级上.xlsx
kepu_start3|g5-upper|r011|ping-pong,kepu_start3,5年级上,5,上,11,ping-pong,ping-pong,[ˈpɪŋ pɒŋ],[ˈpɪŋ pɑːŋ],n. 乒乓球;桌球,科普版三年级起点五年级上.xlsx
kepu_start3|g5-upper|r012|tennis,kepu_start3,5年级上,5,上,12,tennis,tennis,[ˈtenɪs],[ˈtenɪs],n. 网球(运动),科普版三年级起点五年级上.xlsx
kepu_start3|g5-upper|r013|play football,kepu_start3,5年级上,5,上,13,play football,play football,,,na. 踢足球;对难办的事采取踢皮球的态度,科普版三年级起点五年级上.xlsx
kepu_start3|g5-upper|r014|play ping-pong,kepu_start3,5年级上,5,上,14,play ping-pong,play ping-pong,,,打乒乓球,科普版三年级起点五年级上.xlsx
kepu_start3|g5-upper|r015|have a match,kepu_start3,5年级上,5,上,15,have a match,have a match,[hæv ə mætʃ],[hæv ə mætʃ],进行比赛;举行一场比赛;进行一场比赛,科普版三年级起点五年级上.xlsx
kepu_start3|g5-upper|r016|may,kepu_start3,5年级上,5,上,16,may,may,[meɪ],[meɪ],"aux. 可以,能够;可能,也许;祝,愿;会,能",科普版三年级起点五年级上.xlsx
kepu_start3|g5-upper|r017|park,kepu_start3,5年级上,5,上,17,park,park,[pɑːk],[pɑːrk],n. 公园;[交] 停车场 vt. 停放;放置;寄存 vi. 停放车辆,科普版三年级起点五年级上.xlsx
kepu_start3|g5-upper|r018|grass,kepu_start3,5年级上,5,上,18,grass,grass,[ɡrɑːs],[ɡræs],"n. 草;草地,草坪 vt. 放牧;使......长满草;使......吃草 vi. 长草",科普版三年级起点五年级上.xlsx
kepu_start3|g5-upper|r019|thing,kepu_start3,5年级上,5,上,19,thing,thing,[θɪŋ],[θɪŋ],n. 事情;东西;事物;情况,科普版三年级起点五年级上.xlsx
kepu_start3|g5-upper|r020|seat,kepu_start3,5年级上,5,上,20,seat,seat,[siːt],[siːt],n. 座位;所在地;职位 vt. 使...坐下;可容纳...的;使就职,科普版三年级起点五年级上.xlsx
kepu_start3|g5-upper|r021|next time,kepu_start3,5年级上,5,上,21,next time,next time,,,adv. 下一次,科普版三年级起点五年级上.xlsx
kepu_start3|g5-upper|r022|tv,kepu_start3,5年级上,5,上,22,TV,tv,[ˌtiː ˈviː],[ˌtiː ˈviː],abbr. 电视(television),科普版三年级起点五年级上.xlsx
kepu_start3|g5-upper|r023|every,kepu_start3,5年级上,5,上,23,every,every,[ˈevri],[ˈevri],"adj. 每一的,每个的;每隔...的",科普版三年级起点五年级上.xlsx
kepu_start3|g5-upper|r024|tall,kepu_start3,5年级上,5,上,24,tall,tall,[tɔːl],[tɔːl],adj. 高的;长的;过分的;夸大的 adv. 夸大地,科普版三年级起点五年级上.xlsx
kepu_start3|g5-upper|r025|ear,kepu_start3,5年级上,5,上,25,ear,ear,[ɪə(r)],[ɪr],n. 耳朵;穗;听觉;倾听 vi. (美俚)听见;抽穗,科普版三年级起点五年级上.xlsx
kepu_start3|g5-upper|r026|eye,kepu_start3,5年级上,5,上,26,eye,eye,[aɪ],[aɪ],"n. 眼睛;视力;眼光;见解,观点 vt. 注视,看",科普版三年级起点五年级上.xlsx
kepu_start3|g5-upper|r027|mouth,kepu_start3,5年级上,5,上,27,mouth,mouth,[maʊθ],[maʊθ],"n. 口,嘴;河口 vt. 做作地说,装腔作势地说;喃喃地说出 vi. 装腔作势说话",科普版三年级起点五年级上.xlsx
kepu_start3|g5-upper|r028|hand,kepu_start3,5年级上,5,上,28,hand,hand,[hænd],[hænd],"n. 手,手艺;帮助;指针;插手 vt. 传递,交给;支持;搀扶",科普版三年级起点五年级上.xlsx
kepu_start3|g5-upper|r029|write,kepu_start3,5年级上,5,上,29,write,write,[raɪt],[raɪt],"vi. 写,写字;写作,作曲;写信 vt. 写,书写;写信给;著述",科普版三年级起点五年级上.xlsx
kepu_start3|g5-upper|r030|email,kepu_start3,5年级上,5,上,30,email,email,[ˈiːmeɪl],[ˈiːmeɪl],n. 电子信函 vt. 给...发电子邮件,科普版三年级起点五年级上.xlsx
kepu_start3|g5-upper|r031|keyboard,kepu_start3,5年级上,5,上,31,keyboard,keyboard,[ˈkiːbɔːd],[ˈkiːbɔːrd],n. 键盘 vt. 键入;用键盘式排字机排字 vi. 用键盘进行操作;作键盘式排字机排字,科普版三年级起点五年级上.xlsx
kepu_start3|g5-upper|r032|mouse,kepu_start3,5年级上,5,上,32,mouse,mouse,[maʊs],[maʊs],n. 鼠标;老鼠;胆小羞怯的人 vt. 探出 vi. 捕鼠;窥探,科普版三年级起点五年级上.xlsx
kepu_start3|g5-upper|r033|every day,kepu_start3,5年级上,5,上,33,every day,every day,,,na. 每日,科普版三年级起点五年级上.xlsx
kepu_start3|g5-upper|r034|card,kepu_start3,5年级上,5,上,34,card,card,[kɑːd],[kɑːrd],n. 卡片;纸牌;明信片 vt. 记于卡片上,科普版三年级起点五年级上.xlsx
kepu_start3|g5-upper|r035|sometimes,kepu_start3,5年级上,5,上,35,sometimes,sometimes,[ˈsʌmtaɪmz],[ˈsʌmtaɪmz],"adv. 有时,间或",科普版三年级起点五年级上.xlsx
kepu_start3|g5-upper|r036|often,kepu_start3,5年级上,5,上,36,often,often,[ˈɒf(ə)n],[ˈɔːf(ə)n],"adv. 常常,时常",科普版三年级起点五年级上.xlsx
kepu_start3|g5-upper|r037|well,kepu_start3,5年级上,5,上,37,well,well,[wel],[wel],n. 井;源泉 adj. 良好的;健康的;适宜的 adv. 很好地;充分地;满意地;适当地 v. 涌出,科普版三年级起点五年级上.xlsx
kepu_start3|g5-upper|r038|skate,kepu_start3,5年级上,5,上,38,skate,skate,[skeɪt],[skeɪt],n. 溜冰;冰鞋 vi. 滑冰;滑过,科普版三年级起点五年级上.xlsx
kepu_start3|g5-upper|r039|play basketball,kepu_start3,5年级上,5,上,39,play basketball,play basketball,,,打篮球;玩篮球;篮球锻炼知多少,科普版三年级起点五年级上.xlsx
kepu_start3|g5-upper|r040|go fishing,kepu_start3,5年级上,5,上,40,go fishing,go fishing,,,去钓鱼;垂钓;我以前常去钓鱼,科普版三年级起点五年级上.xlsx
kepu_start3|g5-upper|r041|listen,kepu_start3,5年级上,5,上,41,listen,listen,[ˈlɪs(ə)n],[ˈlɪsn],"vi. 听,倾听;听从,听信 n. 听,倾听",科普版三年级起点五年级上.xlsx
kepu_start3|g5-upper|r042|music,kepu_start3,5年级上,5,上,42,music,music,[ˈmjuːzɪk],[ˈmjuːzɪk],"n. 音乐,乐曲",科普版三年级起点五年级上.xlsx
kepu_start3|g5-upper|r043|film,kepu_start3,5年级上,5,上,43,film,film,[fɪlm],[fɪlm],n. 电影;薄膜;胶卷;轻烟 vt. 在...上覆以薄膜;把...拍成电影 vi. 摄制电影;生薄膜;变得朦胧,科普版三年级起点五年级上.xlsx
kepu_start3|g5-upper|r044|always,kepu_start3,5年级上,5,上,44,always,always,[ˈɔːlweɪz],[ˈɔːlweɪz],"adv. 永远,一直;总是;常常",科普版三年级起点五年级上.xlsx
kepu_start3|g5-upper|r045|only,kepu_start3,5年级上,5,上,45,only,only,[ˈəʊnli],[ˈoʊnli],"adv. 只,仅仅;不料 adj. 唯一的,仅有的;最合适的 conj. 但是;不过;可是",科普版三年级起点五年级上.xlsx
kepu_start3|g5-upper|r046|everyone,kepu_start3,5年级上,5,上,46,everyone,everyone,[ˈevriwʌn],[ˈevriwʌn],n. 每个人 pron. 每个人;人人,科普版三年级起点五年级上.xlsx
kepu_start3|g5-upper|r047|enjoy,kepu_start3,5年级上,5,上,47,enjoy,enjoy,[ɪnˈdʒɔɪ],[ɪnˈdʒɔɪ],"vt. 欣赏,享受;喜爱;使过得快活",科普版三年级起点五年级上.xlsx
kepu_start3|g5-upper|r048|listen to music,kepu_start3,5年级上,5,上,48,listen to music,listen to music,,,听音乐;听听音乐;听歌,科普版三年级起点五年级上.xlsx
kepu_start3|g5-upper|r049|see films,kepu_start3,5年级上,5,上,49,see films,see films,,,无,科普版三年级起点五年级上.xlsx
kepu_start3|g5-upper|r050|watch tv,kepu_start3,5年级上,5,上,50,watch TV,watch tv,,,v. 看电视,科普版三年级起点五年级上.xlsx
kepu_start3|g5-upper|r051|take,kepu_start3,5年级上,5,上,51,take,take,[teɪk],[teɪk],"vi. 拿;获得 vt. 拿,取;采取;接受(礼物等);买,花费;耗费(时间等) n. 捕获量;看法;利益,盈益;(入场券的)售得金额",科普版三年级起点五年级上.xlsx
kepu_start3|g5-upper|r052|take a look,kepu_start3,5年级上,5,上,52,take a look,take a look,,,v. 看看,科普版三年级起点五年级上.xlsx
kepu_start3|g5-upper|r053|shop,kepu_start3,5年级上,5,上,53,shop,shop,[ʃɒp],[ʃɑːp],n. 商店;店铺 vt. 购物 vi. 购物;买东西,科普版三年级起点五年级上.xlsx
kepu_start3|g5-upper|r054|buy,kepu_start3,5年级上,5,上,54,buy,buy,[baɪ],[baɪ],"n. 购买,买卖;所购的物品 vi. 买,采购 vt. 购买;获得;贿赂",科普版三年级起点五年级上.xlsx
kepu_start3|g5-upper|r055|drink,kepu_start3,5年级上,5,上,55,drink,drink,[drɪŋk],[drɪŋk],"n. 酒,饮料;喝酒 vt. 喝,饮;吸收;举杯庆贺 vi. 喝酒;饮水;干杯",科普版三年级起点五年级上.xlsx
kepu_start3|g5-upper|r056|tea,kepu_start3,5年级上,5,上,56,tea,tea,[tiː],[tiː],n. 茶叶;茶树;茶点 vt. 给...沏茶 vi. 喝茶;进茶点,科普版三年级起点五年级上.xlsx
kepu_start3|g5-upper|r057|juice,kepu_start3,5年级上,5,上,57,juice,juice,[dʒuːs],[dʒuːs],"n. (水果)汁,液;果汁",科普版三年级起点五年级上.xlsx
kepu_start3|g5-upper|r058|feel,kepu_start3,5年级上,5,上,58,feel,feel,[fiːl],[fiːl],n. 感觉;触摸 vi. 觉得;摸索 vt. 感觉;认为;触摸;试探,科普版三年级起点五年级上.xlsx
kepu_start3|g5-upper|r059|much,kepu_start3,5年级上,5,上,59,much,much,[mʌtʃ],[mʌtʃ],"adv. 非常,很 adj. 大量的 n. 许多,大量 pron. 许多,大量",科普版三年级起点五年级上.xlsx
kepu_start3|g5-upper|r060|something,kepu_start3,5年级上,5,上,60,something,something,[ˈsʌmθɪŋ],[ˈsʌmθɪŋ],n. 重要的人;值得重视的事 adj. 大约;有点象 adv. 非常;有点;大约 pron. 某事;某物,科普版三年级起点五年级上.xlsx
kepu_start3|g5-upper|r061|would,kepu_start3,5年级上,5,上,61,would,would,[wʊd],[wʊd],"aux. 将,将要;愿意 v. will的过去式",科普版三年级起点五年级上.xlsx
kepu_start3|g5-upper|r062|bottle,kepu_start3,5年级上,5,上,62,bottle,bottle,[ˈbɒt(ə)l],[ˈbɑːtl],n. 瓶子;一瓶的容量 vt. 控制;把...装入瓶中 vi. (街头艺人演出后)收拢钱币,科普版三年级起点五年级上.xlsx
kepu_start3|g5-upper|r063|carrot,kepu_start3,5年级上,5,上,63,carrot,carrot,[ˈkærət],[ˈkærət],n. 胡萝卜 诱饵,科普版三年级起点五年级上.xlsx
kepu_start3|g5-upper|r064|would like,kepu_start3,5年级上,5,上,64,would like,would like,,,v. 想要,科普版三年级起点五年级上.xlsx
kepu_start3|g5-upper|r065|a cup of,kepu_start3,5年级上,5,上,65,a cup of,a cup of,,,一杯;一茶怀;一茶杯,科普版三年级起点五年级上.xlsx
kepu_start3|g5-upper|r066|a bottle of,kepu_start3,5年级上,5,上,66,a bottle of,a bottle of,,,一瓶;一盒;一瓶是,科普版三年级起点五年级上.xlsx
kepu_start3|g5-upper|r067|vegetable,kepu_start3,5年级上,5,上,67,vegetable,vegetable,[ˈvedʒtəb(ə)l],[ˈvedʒtəbl],n. 蔬菜;植物;植物人 adj. 蔬菜的;植物的,科普版三年级起点五年级上.xlsx
kepu_start3|g5-upper|r068|potato,kepu_start3,5年级上,5,上,68,potato,potato,[pəˈteɪtəʊ],[pəˈteɪtoʊ],"n. [作物] 土豆,[作物] 马铃薯",科普版三年级起点五年级上.xlsx
kepu_start3|g5-upper|r069|tomato,kepu_start3,5年级上,5,上,69,tomato,tomato,[təˈmɑːtəʊ],[təˈmeɪtoʊ],"n. 番茄,西红柿",科普版三年级起点五年级上.xlsx
kepu_start3|g5-upper|r070|train,kepu_start3,5年级上,5,上,70,train,train,[treɪn],[treɪn],n. 火车;行列;长队;裙裾 v. 培养;训练;瞄准,科普版三年级起点五年级上.xlsx
kepu_start3|g5-upper|r071|arm,kepu_start3,5年级上,5,上,71,arm,arm,[ɑːm],[ɑːrm],n. 手臂;武器;袖子;装备;部门 vt. 武装;备战 vi. 武装起来,科普版三年级起点五年级上.xlsx
kepu_start3|g5-upper|r072|cry,kepu_start3,5年级上,5,上,72,cry,cry,[kraɪ],[kraɪ],n. 叫喊;叫声;口号;呼叫 vi. 哭;叫;喊 vt. 叫喊;哭出;大声说,科普版三年级起点五年级上.xlsx
kepu_start3|g5-upper|r073|wrong,kepu_start3,5年级上,5,上,73,wrong,wrong,[rɒŋ],[rɔːŋ],"n. 坏事;不公正 adj. 错误的;失常的;不适当的 vt. 委屈;无理地对待;诽谤 adv. 错误地;邪恶地,不正当地",科普版三年级起点五年级上.xlsx
kepu_start3|g5-upper|r074|worry,kepu_start3,5年级上,5,上,74,worry,worry,[ˈwʌri],[ˈwɜːri],n. 担心;烦恼;撕咬 vi. 担心;烦恼;撕咬 vt. 担心;发愁;折磨,科普版三年级起点五年级上.xlsx
kepu_start3|g5-upper|r075|could,kepu_start3,5年级上,5,上,75,could,could,[kəd],[kəd; kʊd],aux. 能够 v. 能(can的过去式),科普版三年级起点五年级上.xlsx
kepu_start3|g5-upper|r076|money,kepu_start3,5年级上,5,上,76,money,money,[ˈmʌni],[ˈmʌni],n. 钱;货币;财富,科普版三年级起点五年级上.xlsx
kepu_start3|g5-upper|r077|ticket,kepu_start3,5年级上,5,上,77,ticket,ticket,[ˈtɪkɪt],[ˈtɪkɪt],vt. 加标签于;指派;对...开出交通违规罚单,科普版三年级起点五年级上.xlsx
kepu_start3|g5-upper|r078|chicken,kepu_start3,5年级上,5,上,78,chicken,chicken,[ˈtʃɪkɪn],[ˈtʃɪkɪn],"n. 鸡肉;小鸡;胆小鬼,懦夫 adj. 鸡肉的;胆怯的;幼小的",科普版三年级起点五年级上.xlsx
kepu_start3|g5-upper|r079|half,kepu_start3,5年级上,5,上,79,half,half,[hɑːf],[hæf],n. 一半;半场;半学年 adj. 一半的;不完全的;半途的 adv. 一半地;部分地,科普版三年级起点五年级上.xlsx
kepu_start3|g5-upper|r080|twenty,kepu_start3,5年级上,5,上,80,twenty,twenty,[ˈtwenti],[ˈtwenti],num. 二十 n. 二十;二十年代 adj. 二十的,科普版三年级起点五年级上.xlsx
kepu_start3|g5-upper|r081|fruit,kepu_start3,5年级上,5,上,81,fruit,fruit,[fruːt],[fruːt],n. 水果;产物 vt. 使......结果实 vi. 结果实,科普版三年级起点五年级上.xlsx
kepu_start3|g5-upper|r082|know,kepu_start3,5年级上,5,上,82,know,know,[nəʊ],[noʊ],vt. 知道;认识;懂得 vi. 了解;熟悉;确信,科普版三年级起点五年级上.xlsx
kepu_start3|g5-upper|r083|clever,kepu_start3,5年级上,5,上,83,clever,clever,[ˈklevə(r)],[ˈklevər],adj. 聪明的;机灵的;熟练的 [ 比较级cleverer 最高级 cleverest ],科普版三年级起点五年级上.xlsx
kepu_start3|g5-upper|r084|anything,kepu_start3,5年级上,5,上,84,anything,anything,[ˈeniθɪŋ],[ˈeniθɪŋ],pron. 任何事,科普版三年级起点五年级上.xlsx
kepu_start3|g5-upper|r085|else,kepu_start3,5年级上,5,上,85,else,else,[els],[els],adj. 别的;其他的 adv. 其他;否则;另外,科普版三年级起点五年级上.xlsx
kepu_start3|g5-upper|r086|kilo,kepu_start3,5年级上,5,上,86,kilo,kilo,[ˈkiːləʊ],[ˈkilo],n. 千克,科普版三年级起点五年级上.xlsx
kepu_start3|g5-upper|r087|show,kepu_start3,5年级上,5,上,87,show,show,[ʃəʊ],[ʃoʊ],n. 显示;表演;炫耀 vt. 显示;说明;演出;展出 vi. 显示;说明;指示,科普版三年级起点五年级上.xlsx
kepu_start3|g5-upper|r088|how much,kepu_start3,5年级上,5,上,88,how much,how much,[haʊ mʌtʃ],[haʊ mʌtʃ],conj. 多少,科普版三年级起点五年级上.xlsx
kepu_start3|g5-upper|r089|child,kepu_start3,5年级上,5,上,89,child,child,[tʃaɪld],[tʃaɪld],"n. 儿童,小孩,孩子;产物;子孙;幼稚的人;弟子",科普版三年级起点五年级上.xlsx
kepu_start3|g5-upper|r090|small,kepu_start3,5年级上,5,上,90,small,small,[smɔːl],[smɔːl],"n. 小件物品;矮小的人 adj. 少的,小的;微弱的;几乎没有的;不重要的;幼小的 adv. 小小地;卑鄙地",科普版三年级起点五年级上.xlsx
kepu_start3|g5-upper|r091|food,kepu_start3,5年级上,5,上,91,food,food,[fuːd],[fuːd],n. 食物;养料,科普版三年级起点五年级上.xlsx
kepu_start3|g5-upper|r092|back,kepu_start3,5年级上,5,上,92,back,back,[bæk],[bæk],n. 后面;背部;靠背;足球等的后卫;书报等的末尾 adj. 后面的;过去的;拖欠的 vt. 支持;后退;背书;下赌注 adv. 以前;向后地;来回地;上溯;回来;回原处 vi. 后退;背靠;倒退,科普版三年级起点五年级上.xlsx
kepu_start3|g5-upper|r093|its,kepu_start3,5年级上,5,上,93,its,its,[ɪts],[ɪts],pron. 它的,科普版三年级起点五年级上.xlsx
kepu_start3|g5-upper|r094|forest,kepu_start3,5年级上,5,上,94,forest,forest,[ˈfɒrɪst],[ˈfɔːrɪst],"n. 森林 vt. 植树于,使成为森林",科普版三年级起点五年级上.xlsx
kepu_start3|g5-upper|r095|village,kepu_start3,5年级上,5,上,95,village,village,[ˈvɪlɪdʒ],[ˈvɪlɪdʒ],n. 村庄;村民;(动物的)群落,科普版三年级起点五年级上.xlsx
kepu_start3|g5-upper|r096|other,kepu_start3,5年级上,5,上,96,other,other,[ˈʌðə(r)],[ˈʌðər],"adj. 其他的,另外的 pron. 另外一个",科普版三年级起点五年级上.xlsx
kepu_start3|g5-upper|r097|in front of,kepu_start3,5年级上,5,上,97,in front of,in front of,[ɪn frʌnt əv],[ɪn frʌnt ʌv],na. 在...的前面,科普版三年级起点五年级上.xlsx
kepu_start3|g5-upper|r098|say goodbye to,kepu_start3,5年级上,5,上,98,say goodbye to,say goodbye to,,,告别;和......说再见;向......道别,科普版三年级起点五年级上.xlsx
kepu_start3|g5-upper|r099|tell,kepu_start3,5年级上,5,上,99,tell,tell,[tel],[tel],"vt. 告诉,说;辨别;吩咐;断定 vi. 讲述;告发,泄密;识别",科普版三年级起点五年级上.xlsx
kepu_start3|g5-upper|r100|story,kepu_start3,5年级上,5,上,100,story,story,[ˈstɔːri],[ˈstɔːri],n. 故事;小说;新闻报道;来历;假话 vt. 用历史故事画装饰 vi. 说谎,科普版三年级起点五年级上.xlsx
kepu_start3|g5-upper|r101|hear,kepu_start3,5年级上,5,上,101,hear,hear,[hɪə(r)],[hɪr],"vi. 听;听见 vt. 听到,听;听说;审理",科普版三年级起点五年级上.xlsx
kepu_start3|g5-upper|r102|fridge,kepu_start3,5年级上,5,上,102,fridge,fridge,[frɪdʒ],[frɪdʒ],n. 电冰箱,科普版三年级起点五年级上.xlsx
kepu_start3|g5-upper|r103|either,kepu_start3,5年级上,5,上,103,either,either,[ˈaɪðə(r)],[ˈiːðər],"conj. 也(用于否定句或否定词组后);根本 prep. 任何一个 adj. 两者之中任一的;两者之中每一的 pron. 任一,两方,随便哪一个;两者中的一个或另一个",科普版三年级起点五年级上.xlsx
kepu_start3|g5-upper|r104|hometown,kepu_start3,5年级上,5,上,104,hometown,hometown,[ˈhəʊmtaʊn],[ˈhoʊmtaʊn],n. 家乡;故乡,科普版三年级起点五年级上.xlsx
kepu_start3|g5-upper|r105|island,kepu_start3,5年级上,5,上,105,island,island,[ˈaɪlənd],[ˈaɪlənd],n. 岛;岛屿;安全岛;岛状物 adj. 岛的 vt. 孤立;使成岛状,科普版三年级起点五年级上.xlsx
kepu_start3|g5-upper|r106|sea,kepu_start3,5年级上,5,上,106,sea,sea,[siː],[siː],n. 海;海洋;许多;大量,科普版三年级起点五年级上.xlsx
kepu_start3|g5-upper|r107|piano,kepu_start3,5年级上,5,上,107,piano,piano,[piˈænəʊ],[piˈænoʊ],n. 钢琴,科普版三年级起点五年级上.xlsx
kepu_start3|g5-upper|r108|sound,kepu_start3,5年级上,5,上,108,sound,sound,[saʊnd],[saʊnd],"n. 声音,语音;噪音;海峡;吵闹;听力范围;[医] 探条 adj. 健全的,健康的;合理的;可靠的;有效彻底的 vt. 听(诊);测量,测...深;使发声;试探;宣告 vi. 听起来;发出声音;回响;测深 adv. 彻底地,充分地",科普版三年级起点五年级上.xlsx
kepu_start3|g5-upper|r109|everywhere,kepu_start3,5年级上,5,上,109,everywhere,everywhere,[ˈevriweə(r)],[ˈevriwer],n. 每个地方 adv. 到处,科普版三年级起点五年级上.xlsx
kepu_start3|g5-upper|r110|go shopping,kepu_start3,5年级上,5,上,110,go shopping,go shopping,,,na. 去买东西,科普版三年级起点五年级上.xlsx
kepu_start3|g5-upper|r111|lots of,kepu_start3,5年级上,5,上,111,lots of,lots of,,,adj. 许多;很多,科普版三年级起点五年级上.xlsx
kepu_start3|g5-upper|r112|ice cream,kepu_start3,5年级上,5,上,112,ice cream,ice cream,[ˈaɪs kriːm],[ˈaɪs kriːm],n. 【食】冰淇淋,科普版三年级起点五年级上.xlsx
kepu_start3|g5-upper|r113|milk,kepu_start3,5年级上,5,上,113,milk,milk,[mɪlk],[mɪlk],n. 牛奶;乳状物 vt. 榨取;挤...的奶 vi. 挤奶,科普版三年级起点五年级上.xlsx
kepu_start3|g5-upper|r114|police,kepu_start3,5年级上,5,上,114,police,police,[pəˈliːs],[pəˈliːs],"n. 警察,警方;治安 adj. 警察的;有关警察的 vt. 监督;管辖;维持治安;为...配备警察",科普版三年级起点五年级上.xlsx
kepu_start3|g5-upper|r115|stay,kepu_start3,5年级上,5,上,115,stay,stay,[steɪ],[steɪ],n. 逗留;停止;支柱 vi. 停留;坚持;暂住;停下 vt. 坚持;暂住;抑制,科普版三年级起点五年级上.xlsx
kepu_start3|g5-upper|r116|thief,kepu_start3,5年级上,5,上,116,thief,thief,[θiːf],[θiːf],"n. 小偷,贼",科普版三年级起点五年级上.xlsx
kepu_start3|g5-upper|r117|knock,kepu_start3,5年级上,5,上,117,knock,knock,[nɒk],[nɑːk],vi. 敲;打;敲击 vt. 敲;打;敲击;批评 n. 敲;敲打;爆震声,科普版三年级起点五年级上.xlsx
kepu_start3|g5-upper|r118|by the way,kepu_start3,5年级上,5,上,118,by the way,by the way,,,na. 见 way 条,科普版三年级起点五年级上.xlsx
kepu_start3|g5-lower|r002|speak,kepu_start3,5年级下,5,下,2,speak,speak,[spiːk],[spiːk],vi. 说话;演讲;表明;陈述 vt. 讲话;发言;讲演,科普版三年级起点五年级下.xlsx
kepu_start3|g5-lower|r003|afternoon,kepu_start3,5年级下,5,下,3,afternoon,afternoon,[ˌɑːftəˈnuːn],[ˌæftərˈnuːn],"n. 午后,下午",科普版三年级起点五年级下.xlsx
kepu_start3|g5-lower|r004|put,kepu_start3,5年级下,5,下,4,put,put,[pʊt],[pʊt],n. 掷;笨蛋;投击;怪人 adj. 固定不动的 vi. 出发;击;航行;发芽 vt. 放;表达;移动;安置;赋予,科普版三年级起点五年级下.xlsx
kepu_start3|g5-lower|r005|question,kepu_start3,5年级下,5,下,5,question,question,[ˈkwestʃən],[ˈkwestʃən],"n. 问题,疑问;询问;疑问句 vt. 询问;怀疑;审问 vi. 询问;怀疑;审问",科普版三年级起点五年级下.xlsx
kepu_start3|g5-lower|r006|number,kepu_start3,5年级下,5,下,6,number,number,[ˈnʌmbə(r)],[ˈnʌmbər],n. 数;(杂志等的)期;号码;数字;算术 vi. 计入;总数达到 vt. 编号;计入;数...的数目;使为数有限,科普版三年级起点五年级下.xlsx
kepu_start3|g5-lower|r007|certainly,kepu_start3,5年级下,5,下,7,certainly,certainly,[ˈsɜːt(ə)nli],[ˈsɜːrtnli],adv. 当然;行(用于回答);必定,科普版三年级起点五年级下.xlsx
kepu_start3|g5-lower|r008|learn,kepu_start3,5年级下,5,下,8,learn,learn,[lɜːn],[lɜːrn],vt. 学习;得知;认识到 vi. 学习;获悉,科普版三年级起点五年级下.xlsx
kepu_start3|g5-lower|r009|into,kepu_start3,5年级下,5,下,9,into,into,[ˈɪntə],[ˈɪntə; ˈɪntu; ˈɪntuː],prep. 到...里;深入...之中;成为...状况;进入到...之内,科普版三年级起点五年级下.xlsx
kepu_start3|g5-lower|r010|meat,kepu_start3,5年级下,5,下,10,meat,meat,[miːt],[miːt],"n. 肉,肉类(食用)",科普版三年级起点五年级下.xlsx
kepu_start3|g5-lower|r011|job,kepu_start3,5年级下,5,下,11,job,job,[dʒɒb],[dʒɑːb],n. 工作;职业 vt. 承包;代客买卖 vi. 做零工,科普版三年级起点五年级下.xlsx
kepu_start3|g5-lower|r012|must,kepu_start3,5年级下,5,下,12,must,must,[məst],[məst; mʌst],"aux. 必须,一定;可以,应当;很可能 n. 绝对必要的事物;未发酵葡萄汁",科普版三年级起点五年级下.xlsx
kepu_start3|g5-lower|r013|street,kepu_start3,5年级下,5,下,13,street,street,[striːt],[striːt],n. 街道 adj. 街道的,科普版三年级起点五年级下.xlsx
kepu_start3|g5-lower|r014|light,kepu_start3,5年级下,5,下,14,light,light,[laɪt],[laɪt],n. 光;光线;灯;打火机;领悟;浅色;天窗 adj. 轻的;浅色的;明亮的;轻松的;容易的;清淡的 vi. 点着;变亮;着火 vt. 照亮;点燃;着火 adv. 轻地;清楚地;轻便地,科普版三年级起点五年级下.xlsx
kepu_start3|g5-lower|r015|cousin,kepu_start3,5年级下,5,下,15,cousin,cousin,[ˈkʌzn],[ˈkʌzn],n. 堂兄弟姊妹;表兄弟姊妹,科普版三年级起点五年级下.xlsx
kepu_start3|g5-lower|r016|answer,kepu_start3,5年级下,5,下,16,answer,answer,[ˈɑːnsə(r)],[ˈænsər],n. 回答;答案;答辩 vt. 回答;符合 vi. 回答;符合,科普版三年级起点五年级下.xlsx
kepu_start3|g5-lower|r017|cross,kepu_start3,5年级下,5,下,17,cross,cross,[krɒs],[krɔːs],"n. 交叉,十字;十字架,十字形物 adj. 交叉的,相反的;乖戾的;生气的 vt. 杂交;渡过;使相交 vi. 交叉;杂交;横过",科普版三年级起点五年级下.xlsx
kepu_start3|g5-lower|r018|line,kepu_start3,5年级下,5,下,18,line,line,[laɪn],[laɪn],"n. 路线,航线;排;绳 vt. 排成一行;划线于;以线条标示;使...起皱纹 vi. 排队;站成一排",科普版三年级起点五年级下.xlsx
kepu_start3|g5-lower|r019|all right,kepu_start3,5年级下,5,下,19,all right,all right,[ˌɔːl ˈraɪt],[ɔːl raɪt],adj. 可接受(的);满意(的);安全健康(的);平安无恙(的) int. 是不是;(表示同意)好;没什么;(引起注意)哎,科普版三年级起点五年级下.xlsx
kepu_start3|g5-lower|r020|blackboard,kepu_start3,5年级下,5,下,20,blackboard,blackboard,[ˈblækbɔːd],[ˈblækbɔːrd],n. 黑板,科普版三年级起点五年级下.xlsx
kepu_start3|g5-lower|r021|pupil,kepu_start3,5年级下,5,下,21,pupil,pupil,[ˈpjuːp(ə)l],[ˈpjuːpl],n. 学生;[解剖] 瞳孔;未成年人,科普版三年级起点五年级下.xlsx
kepu_start3|g5-lower|r022|forty,kepu_start3,5年级下,5,下,22,forty,forty,[ˈfɔːti],[ˈfɔːrti],n. 四十 adj. 四十的;四十个的,科普版三年级起点五年级下.xlsx
kepu_start3|g5-lower|r023|paper,kepu_start3,5年级下,5,下,23,paper,paper,[ˈpeɪpə(r)],[ˈpeɪpər],n. 纸;论文;文件;报纸 adj. 纸做的 vt. 用纸糊;用纸包装 vi. 贴糊墙纸;发交通违章,科普版三年级起点五年级下.xlsx
kepu_start3|g5-lower|r024|dirty,kepu_start3,5年级下,5,下,24,dirty,dirty,[ˈdɜːti],[ˈdɜːrti],"adj. 下流的,卑鄙的;肮脏的;恶劣的;暗淡的 vt. 弄脏 vi. 变脏",科普版三年级起点五年级下.xlsx
kepu_start3|g5-lower|r025|drop,kepu_start3,5年级下,5,下,25,drop,drop,[drɒp],[drɑːp],n. 滴;落下;空投;微量;滴剂 vt. 滴;使降低;使终止;随口漏出 vi. 下降;终止,科普版三年级起点五年级下.xlsx
kepu_start3|g5-lower|r026|useful,kepu_start3,5年级下,5,下,26,useful,useful,[ˈjuːsf(ə)l],[ˈjuːsfl],"adj. 有用的,有益的;有帮助的",科普版三年级起点五年级下.xlsx
kepu_start3|g5-lower|r027|should,kepu_start3,5年级下,5,下,27,should,should,[ʃəd; ʃʊd],[ʃəd; ʃʊd],aux. 应该;就;可能;将要,科普版三年级起点五年级下.xlsx
kepu_start3|g5-lower|r028|throw,kepu_start3,5年级下,5,下,28,throw,throw,[θrəʊ],[θroʊ],n. 投掷;冒险 vt. 投;抛;掷 vi. 抛;投掷,科普版三年级起点五年级下.xlsx
kepu_start3|g5-lower|r029|pick,kepu_start3,5年级下,5,下,29,pick,pick,[pɪk],[pɪk],n. 选择;鹤嘴锄;挖;掩护 vi. 挑选;采摘;挖 vt. 拾取;精选;采摘;掘,科普版三年级起点五年级下.xlsx
kepu_start3|g5-lower|r030|throw away,kepu_start3,5年级下,5,下,30,throw away,throw away,"['θrəuə,wei]","['θrəuə,wei]",na. 抛弃;浪费;拒绝(劝告);失去(机会),科普版三年级起点五年级下.xlsx
kepu_start3|g5-lower|r031|pick up,kepu_start3,5年级下,5,下,31,pick up,pick up,,,v. 拾起;探出;重新开始,科普版三年级起点五年级下.xlsx
kepu_start3|g5-lower|r032|live,kepu_start3,5年级下,5,下,32,live,live,[lɪv; laɪv],[lɪv; laɪv],adj. 活的;生动的;实况转播的;精力充沛的 vt. 经历;度过 vi. 活;居住;生存,科普版三年级起点五年级下.xlsx
kepu_start3|g5-lower|r033|ms,kepu_start3,5年级下,5,下,33,Ms,ms,[mɪz],[mɪz],"abbr. 存贮系统(Memory System);主存储器(Main Storage);主程序装置(Master Sequecer);中速,平均速度(Medium Speed);主(总)开关(Master Switch)",科普版三年级起点五年级下.xlsx
kepu_start3|g5-lower|r034|town,kepu_start3,5年级下,5,下,34,town,town,[taʊn],[taʊn],"n. 城镇,市镇;市内商业区",科普版三年级起点五年级下.xlsx
kepu_start3|g5-lower|r035|ready,kepu_start3,5年级下,5,下,35,ready,ready,[ˈredi],[ˈredi],n. 现款;预备好的状态 adj. 准备好;现成的;迅速的;情愿的;快要...的 vt. 使准备好 adv. 迅速地;预先,科普版三年级起点五年级下.xlsx
kepu_start3|g5-lower|r036|office,kepu_start3,5年级下,5,下,36,office,office,[ˈɒfɪs],[ˈɑːfɪs],n. 办公室;政府机关;官职;营业处,科普版三年级起点五年级下.xlsx
kepu_start3|g5-lower|r037|wife,kepu_start3,5年级下,5,下,37,wife,wife,[waɪf],[waɪf],"n. 妻子,已婚妇女;夫人",科普版三年级起点五年级下.xlsx
kepu_start3|g5-lower|r038|sick,kepu_start3,5年级下,5,下,38,sick,sick,[sɪk],[sɪk],adj. 厌恶的;病态的;不舒服;渴望的;恶心的 ;生病的 n. 病人 vt. 使狗去咬;呕吐;追击,科普版三年级起点五年级下.xlsx
kepu_start3|g5-lower|r039|medicine,kepu_start3,5年级下,5,下,39,medicine,medicine,[ˈmedsn; ˈmedɪsn],[ˈmedɪsn],n. 药;医学;内科;巫术 vt. 用药物治疗;给...用药,科普版三年级起点五年级下.xlsx
kepu_start3|g5-lower|r040|out,kepu_start3,5年级下,5,下,40,out,out,[aʊt],[aʊt],adv. 出现;在外;出局;出声地;不流行地 adj. 外面的;出局的;下台的 n. 出局 prep. 向;离去 vi. 出来;暴露 vt. 使熄灭;驱逐,科普版三年级起点五年级下.xlsx
kepu_start3|g5-lower|r041|come from,kepu_start3,5年级下,5,下,41,come from,come from,,,v. 来自;出身;归因于,科普版三年级起点五年级下.xlsx
kepu_start3|g5-lower|r042|be ready to,kepu_start3,5年级下,5,下,42,be ready to,be ready to,,,准备好;准备做某事;预备,科普版三年级起点五年级下.xlsx
kepu_start3|g5-lower|r043|at once,kepu_start3,5年级下,5,下,43,at once,at once,[æt wʌns],[æt wʌns],na. 立刻;同时,科普版三年级起点五年级下.xlsx
kepu_start3|g5-lower|r044|take out,kepu_start3,5年级下,5,下,44,take out,take out,,,na. 取出;带出(散步等);除去(污点等);取得(专卖权等),科普版三年级起点五年级下.xlsx
kepu_start3|g5-lower|r045|farm,kepu_start3,5年级下,5,下,45,farm,farm,[fɑːm],[fɑːrm],"n. 农场;农家;畜牧场 vt. 养殖;耕种;佃出(土地) vi. 种田,务农;经营农场",科普版三年级起点五年级下.xlsx
kepu_start3|g5-lower|r046|easy,kepu_start3,5年级下,5,下,46,easy,easy,[ˈiːzi],[ˈiːzi],"adj. 容易的;舒适的 vt. 发出停划命令 adv. 不费力地,从容地 vi. 停止划桨",科普版三年级起点五年级下.xlsx
kepu_start3|g5-lower|r047|interesting,kepu_start3,5年级下,5,下,47,interesting,interesting,[ˈɪntrəstɪŋ],[ˈɪntrəstɪŋ; ˈɪntrestɪŋ],"adj. 有趣的;引起兴趣的,令人关注的",科普版三年级起点五年级下.xlsx
kepu_start3|g5-lower|r048|kind,kepu_start3,5年级下,5,下,48,kind,kind,[kaɪnd],[kaɪnd],n. 种类;性质 adj. 和蔼的;宽容的;令人感激的,科普版三年级起点五年级下.xlsx
kepu_start3|g5-lower|r049|policeman,kepu_start3,5年级下,5,下,49,policeman,policeman,[pəˈliːsmən],[pəˈliːsmən],"n. 警察,警员;[分化] 淀帚(橡皮头玻璃搅棒)",科普版三年级起点五年级下.xlsx
kepu_start3|g5-lower|r050|manager,kepu_start3,5年级下,5,下,50,manager,manager,[ˈmænɪdʒə(r)],[ˈmænɪdʒər],n. 经理;管理人员,科普版三年级起点五年级下.xlsx
kepu_start3|g5-lower|r051|choose,kepu_start3,5年级下,5,下,51,choose,choose,[tʃuːz],[tʃuːz],"vt. 选择,决定 vi. 选择,挑选",科普版三年级起点五年级下.xlsx
kepu_start3|g5-lower|r052|cleaner,kepu_start3,5年级下,5,下,52,cleaner,cleaner,[ˈkliːnə(r)],[ˈkliːnər],n. [化工] 清洁剂;清洁工;干洗店;干洗商;洗洁器,科普版三年级起点五年级下.xlsx
kepu_start3|g5-lower|r053|which,kepu_start3,5年级下,5,下,53,which,which,[wɪtʃ],[wɪtʃ],adj. 哪一个;哪一些 pron. 哪/那一个;哪/那一些,科普版三年级起点五年级下.xlsx
kepu_start3|g5-lower|r054|on a farm,kepu_start3,5年级下,5,下,54,on a farm,on a farm,,,在农场;动身前往某地;在农场上,科普版三年级起点五年级下.xlsx
kepu_start3|g5-lower|r055|hospital,kepu_start3,5年级下,5,下,55,hospital,hospital,[ˈhɒspɪt(ə)l],[ˈhɑːspɪtl],n. 医院,科普版三年级起点五年级下.xlsx
kepu_start3|g5-lower|r056|thirty,kepu_start3,5年级下,5,下,56,thirty,thirty,[ˈθɜːti],[ˈθɜːrti],num. 三十 n. 三十年代 adj. 三十个的,科普版三年级起点五年级下.xlsx
kepu_start3|g5-lower|r057|breakfast,kepu_start3,5年级下,5,下,57,breakfast,breakfast,[ˈbrekfəst],[ˈbrekfəst],n. 早餐;早饭 vt. 为...供应早餐 vi. 吃早餐,科普版三年级起点五年级下.xlsx
kepu_start3|g5-lower|r058|monday,kepu_start3,5年级下,5,下,58,Monday,monday,[ˈmʌndeɪ],[ˈmʌndeɪ],n. 星期一,科普版三年级起点五年级下.xlsx
kepu_start3|g5-lower|r059|fifty,kepu_start3,5年级下,5,下,59,fifty,fifty,[ˈfɪfti],[ˈfɪfti],n. 五十;五十个;编号为50的东西 adj. 五十的;五十个的;众多的,科普版三年级起点五年级下.xlsx
kepu_start3|g5-lower|r060|way,kepu_start3,5年级下,5,下,60,way,way,[weɪ],[weɪ],n. 方法;道路;方向;行业;习惯 adj. 途中的 adv. 大大地;远远地,科普版三年级起点五年级下.xlsx
kepu_start3|g5-lower|r061|try,kepu_start3,5年级下,5,下,61,try,try,[traɪ],[traɪ],"n. 尝试;努力;试验 vt. 试图,努力;试验;审判;考验 vi. 尝试;努力;试验",科普版三年级起点五年级下.xlsx
kepu_start3|g5-lower|r062|tuesday,kepu_start3,5年级下,5,下,62,Tuesday,tuesday,[ˈtjuːzdeɪ],[ˈtuːzdeɪ],n. 星期二,科普版三年级起点五年级下.xlsx
kepu_start3|g5-lower|r063|thursday,kepu_start3,5年级下,5,下,63,Thursday,thursday,[ˈθɜːzdeɪ],[ˈθɜːrzdeɪ],n. 星期四,科普版三年级起点五年级下.xlsx
kepu_start3|g5-lower|r064|wednesday,kepu_start3,5年级下,5,下,64,Wednesday,wednesday,[ˈwenzdeɪ],[ˈwenzdeɪ],n. 星期三,科普版三年级起点五年级下.xlsx
kepu_start3|g5-lower|r065|hole,kepu_start3,5年级下,5,下,65,hole,hole,[həʊl],[hoʊl],"n. 洞,孔;洞穴,穴;突破口 vt. 凿洞 vi. 凿洞,穿孔;(高尔夫球等)进洞",科普版三年级起点五年级下.xlsx
kepu_start3|g5-lower|r066|deep,kepu_start3,5年级下,5,下,66,deep,deep,[diːp],[diːp],n. 深处;深渊 adj. 深的;低沉的;深奥的 adv. 深入地;深深地;迟,科普版三年级起点五年级下.xlsx
kepu_start3|g5-lower|r067|fill,kepu_start3,5年级下,5,下,67,fill,fill,[fɪl],[fɪl],"n. 满足;填满的量;装填物 vt. 装满,使充满;满足;堵塞;任职 vi. 被充满,膨胀",科普版三年级起点五年级下.xlsx
kepu_start3|g5-lower|r068|smile,kepu_start3,5年级下,5,下,68,smile,smile,[smaɪl],[smaɪl],n. 微笑;笑容;喜色 vt. 微笑着表示 vi. 微笑,科普版三年级起点五年级下.xlsx
kepu_start3|g5-lower|r069|on the way,kepu_start3,5年级下,5,下,69,on the way,on the way,,,na. 在路上;在旅行中;“on/along the way”的变体,科普版三年级起点五年级下.xlsx
kepu_start3|g5-lower|r070|maths,kepu_start3,5年级下,5,下,70,maths,maths,[mæθs],[mæθs],n. 数学(等于mathematics),科普版三年级起点五年级下.xlsx
kepu_start3|g5-lower|r071|art,kepu_start3,5年级下,5,下,71,art,art,[ɑːt],[ɑːrt],n. 艺术;美术;艺术品 v. 是(be的变体) adj. 艺术的;艺术品的,科普版三年级起点五年级下.xlsx
kepu_start3|g5-lower|r072|lesson,kepu_start3,5年级下,5,下,72,lesson,lesson,[ˈlesn],[ˈlesn],n. 教训;课 vt. 教训;上课,科普版三年级起点五年级下.xlsx
kepu_start3|g5-lower|r073|when,kepu_start3,5年级下,5,下,73,when,when,[wen],[wen],"conj. 考虑到;既然;当...时;在...时;如果 n. 时间,时候;日期;场合 adv. 什么时候,何时;(用于时间的表达方式之后)在那时;其时;当时 pron. 那时;什么时侯",科普版三年级起点五年级下.xlsx
kepu_start3|g5-lower|r074|pe,kepu_start3,5年级下,5,下,74,PE,pe,[peɪ],[peɪ],"abbr. 体育课,体能训练(physical education)",科普版三年级起点五年级下.xlsx
kepu_start3|g5-lower|r075|song,kepu_start3,5年级下,5,下,75,song,song,[sɒŋ],[sɔŋ],n. 歌曲;歌唱;诗歌;鸣声,科普版三年级起点五年级下.xlsx
kepu_start3|g5-lower|r076|science,kepu_start3,5年级下,5,下,76,science,science,[ˈsaɪəns],[ˈsaɪəns],n. 科学;技术;学科;理科,科普版三年级起点五年级下.xlsx
kepu_start3|g5-lower|r077|subject,kepu_start3,5年级下,5,下,77,subject,subject,[ˈsʌbdʒɪkt; ˈsʌbdʒekt],[ˈsʌbdʒɪkt; ˈsʌbdʒekt],n. 主题;科目;[语] 主语;国民 adj. 服从的;易患...的;受制于...的 vt. 使...隶属;使屈从于...,科普版三年级起点五年级下.xlsx
kepu_start3|g5-lower|r078|american,kepu_start3,5年级下,5,下,78,American,american,[əˈmerɪkən],[əˈmerɪkən],"n. 美国人,美洲人;美国英语 adj. 美国的,美洲的;地道美国式的",科普版三年级起点五年级下.xlsx
kepu_start3|g5-lower|r079|hope,kepu_start3,5年级下,5,下,79,hope,hope,[həʊp],[hoʊp],n. 希望;期望;信心 vi. 希望;期待;信赖 vt. 希望;期望,科普版三年级起点五年级下.xlsx
kepu_start3|g5-lower|r080|soon,kepu_start3,5年级下,5,下,80,soon,soon,[suːn],[suːn],"adv. 快;不久,一会儿;立刻;宁愿",科普版三年级起点五年级下.xlsx
kepu_start3|g5-lower|r081|rice,kepu_start3,5年级下,5,下,81,rice,rice,[raɪs],[raɪs],n. 稻;米饭 vt. 把...捣成米糊状,科普版三年级起点五年级下.xlsx
kepu_start3|g5-lower|r082|soup,kepu_start3,5年级下,5,下,82,soup,soup,[suːp],[suːp],"n. 汤,羹;马力 vt. 加速;增加马力",科普版三年级起点五年级下.xlsx
kepu_start3|g5-lower|r083|exercise,kepu_start3,5年级下,5,下,83,exercise,exercise,[ˈeksəsaɪz],[ˈeksərsaɪz],n. 运动;练习;运用;操练;礼拜;典礼 vt. 锻炼;练习;使用;使忙碌;使惊恐 vi. 运动;练习,科普版三年级起点五年级下.xlsx
kepu_start3|g5-lower|r084|kitchen,kepu_start3,5年级下,5,下,84,kitchen,kitchen,[ˈkɪtʃɪn],[ˈkɪtʃɪn],n. 厨房;炊具;炊事人员,科普版三年级起点五年级下.xlsx
kepu_start3|g5-lower|r085|toilet,kepu_start3,5年级下,5,下,85,toilet,toilet,[ˈtɔɪlət],[ˈtɔɪlət],"n. 厕所,盥洗室;梳妆,打扮 vt. 给...梳妆打扮 vi. 梳妆,打扮",科普版三年级起点五年级下.xlsx
kepu_start3|g5-lower|r086|early,kepu_start3,5年级下,5,下,86,early,early,[ˈɜːli],[ˈɜːrli],adj. 早期的;早熟的 adv. 提早;在初期,科普版三年级起点五年级下.xlsx
kepu_start3|g5-lower|r087|usually,kepu_start3,5年级下,5,下,87,usually,usually,[ˈjuːʒuəli],[ˈjuːʒuəli; ˈjuːʒəli],"adv. 通常,经常",科普版三年级起点五年级下.xlsx
kepu_start3|g5-lower|r088|bedroom,kepu_start3,5年级下,5,下,88,bedroom,bedroom,[ˈbedruːm],[ˈbedruːm; ˈbedrʊm],n. 卧室 adj. 两性关系的;城郊住宅区的,科普版三年级起点五年级下.xlsx
kepu_start3|g5-lower|r089|have lunch,kepu_start3,5年级下,5,下,89,have lunch,have lunch,[hæv lʌntʃ],[hæv lʌntʃ],吃午饭;吃午餐;吃中饭,科普版三年级起点五年级下.xlsx
kepu_start3|g5-lower|r090|get up,kepu_start3,5年级下,5,下,90,get up,get up,[ɡet ʌp],[ɡet ʌp],na. 起床;起身;站起来;叫...起床,科普版三年级起点五年级下.xlsx
kepu_start3|g5-lower|r091|do morning exercises,kepu_start3,5年级下,5,下,91,do morning exercises,do morning exercises,,,做早操;晨练;做早操要说,科普版三年级起点五年级下.xlsx
kepu_start3|g5-lower|r092|before,kepu_start3,5年级下,5,下,92,before,before,[bɪˈfɔː(r)],[bɪˈfɔːr],"prep. 在...之前,先于 conj. 在...以前;在...之前 adv. 以前;在前",科普版三年级起点五年级下.xlsx
kepu_start3|g5-lower|r093|afraid,kepu_start3,5年级下,5,下,93,afraid,afraid,[əˈfreɪd],[əˈfreɪd],adj. 害怕的;恐怕;担心的,科普版三年级起点五年级下.xlsx
kepu_start3|g5-lower|r094|stand,kepu_start3,5年级下,5,下,94,stand,stand,[stænd],[stænd],n. 站立;立场;看台;停止 vi. 站立;位于;停滞 vt. 使站立;忍受;抵抗,科普版三年级起点五年级下.xlsx
kepu_start3|g5-lower|r095|suddenly,kepu_start3,5年级下,5,下,95,suddenly,suddenly,[ˈsʌd(ə)nli],[ˈsʌdənli],adv. 突然地;忽然,科普版三年级起点五年级下.xlsx
kepu_start3|g5-lower|r096|someone,kepu_start3,5年级下,5,下,96,someone,someone,[ˈsʌmwʌn],[ˈsʌmwʌn],"pron. 有人,某人",科普版三年级起点五年级下.xlsx
kepu_start3|g5-lower|r097|get out,kepu_start3,5年级下,5,下,97,get out,get out,[ˈɡet aʊt],[ɡet aʊt],na. 摆脱;走出;〔命令语气〕出去!,科普版三年级起点五年级下.xlsx
kepu_start3|g5-lower|r098|each other,kepu_start3,5年级下,5,下,98,each other,each other,,,pron. 彼此,科普版三年级起点五年级下.xlsx
kepu_start3|g5-lower|r099|far,kepu_start3,5年级下,5,下,99,far,far,[fɑː(r)],[fɑːr],n. 远方 adj. 远的;久远的 adv. 很;遥远地;久远地;到很远的距离;到很深的程度,科普版三年级起点五年级下.xlsx
kepu_start3|g5-lower|r100|minute,kepu_start3,5年级下,5,下,100,minute,minute,[ˈmɪnɪt],[ˈmɪnɪt],"n. 分,分钟;片刻,一会儿;备忘录,笔记;会议记录 vt. 将...记录下来 adj. 微小的,详细的 [maɪˈnjuːt; US -ˈnuːt; maɪˋnut]",科普版三年级起点五年级下.xlsx
kepu_start3|g5-lower|r101|by,kepu_start3,5年级下,5,下,101,by,by,[baɪ],[baɪ],prep. 通过;被;依据;经由;在附近;在......之前 adv. 通过;经过;附近;[互联网] 白俄罗斯的国家代码顶级域名,科普版三年级起点五年级下.xlsx
kepu_start3|g5-lower|r102|slow,kepu_start3,5年级下,5,下,102,slow,slow,[sləʊ],[sloʊ],adj. 慢的;减速的;迟钝的 vt. 放慢;阻碍 vi. 变慢;变萧条 adv. 慢慢地;迟缓地,科普版三年级起点五年级下.xlsx
kepu_start3|g5-lower|r103|daughter,kepu_start3,5年级下,5,下,103,daughter,daughter,[ˈdɔːtə(r)],[ˈdɔːtər],n. 女儿;[遗][农学] 子代 adj. 女儿的;子代的,科普版三年级起点五年级下.xlsx
kepu_start3|g5-lower|r104|telephone,kepu_start3,5年级下,5,下,104,telephone,telephone,[ˈtelɪfəʊn],[ˈtelɪfoʊn],n. (美)电话;电话机;电话耳机 vt. 打电话给... vi. 打电话,科普版三年级起点五年级下.xlsx
kepu_start3|g5-lower|r105|ring,kepu_start3,5年级下,5,下,105,ring,ring,[rɪŋ],[rɪŋ],"n. 戒指;铃声,钟声;拳击场;环形物 vi. 按铃;敲钟;回响;成环形 vt. 按铃;包围;敲钟;套住",科普版三年级起点五年级下.xlsx
kepu_start3|g5-lower|r106|by bike,kepu_start3,5年级下,5,下,106,by bike,by bike,,,骑自行车;骑车;骑单车,科普版三年级起点五年级下.xlsx
kepu_start3|g5-lower|r107|on foot,kepu_start3,5年级下,5,下,107,on foot,on foot,,,na. 步行;在进行中;徒步,科普版三年级起点五年级下.xlsx
kepu_start3|g5-lower|r108|have breakfast,kepu_start3,5年级下,5,下,108,have breakfast,have breakfast,[hæv 'brekfəst],[hæv ˈbrekfəst],吃早饭;吃早餐;吃早点,科普版三年级起点五年级下.xlsx
kepu_start3|g5-lower|r109|for a minute,kepu_start3,5年级下,5,下,109,for a minute,for a minute,,,一会儿;如果你不停留片刻,科普版三年级起点五年级下.xlsx
kepu_start3|g5-lower|r110|cinema,kepu_start3,5年级下,5,下,110,cinema,cinema,[ˈsɪnəmə],[ˈsɪnəmə],"n. 电影;电影院;电影业,电影制作术",科普版三年级起点五年级下.xlsx
kepu_start3|g5-lower|r111|after,kepu_start3,5年级下,5,下,111,after,after,[ˈɑːftə(r)],[ˈæftər],"conj. 在......之后 prep. 在......之后 adj. 以后的 adv. 后来,以后",科普版三年级起点五年级下.xlsx
kepu_start3|g5-lower|r112|fan,kepu_start3,5年级下,5,下,112,fan,fan,[fæn],[fæn],n. 迷;风扇;爱好者 vt. 煽动;刺激;吹拂 vi. 成扇形散开;飘动,科普版三年级起点五年级下.xlsx
kepu_start3|g5-lower|r113|thin,kepu_start3,5年级下,5,下,113,thin,thin,[θɪn],[θɪn],n. 细小部分 adj. 薄的;瘦的;稀薄的;微弱的 vt. 使瘦;使淡;使稀疏 vi. 变薄;变瘦;变淡 adv. 稀疏地;微弱地,科普版三年级起点五年级下.xlsx
kepu_start3|g5-lower|r114|wonderful,kepu_start3,5年级下,5,下,114,wonderful,wonderful,[ˈwʌndəf(ə)l],[ˈwʌndərf(ə)l],"adj. 极好的,精彩的,绝妙的;奇妙的;美妙;胜;神妙",科普版三年级起点五年级下.xlsx
kepu_start3|g5-lower|r115|machine,kepu_start3,5年级下,5,下,115,machine,machine,[məˈʃiːn],[məˈʃiːn],"n. 机械,机器;机构;机械般工作的人 vt. 用机器制造",科普版三年级起点五年级下.xlsx
kepu_start3|g5-lower|r116|wall,kepu_start3,5年级下,5,下,116,wall,wall,[wɔːl],[wɔːl],"n. 墙壁,围墙;似墙之物 adj. 墙壁的 vt. 用墙围住,围以墙",科普版三年级起点五年级下.xlsx
kepu_start3|g5-lower|r117|send,kepu_start3,5年级下,5,下,117,send,send,[send],[send],"n. 上升运动 vi. 派人;寄信 vt. 发送,寄;派遣;使进入;发射",科普版三年级起点五年级下.xlsx
kepu_start3|g5-lower|r118|mobile,kepu_start3,5年级下,5,下,118,mobile,mobile,[ˈməʊbaɪl],[ˈmoʊbl],adj. 可移动的;机动的;易变的;非固定的 n. 运动物体,科普版三年级起点五年级下.xlsx
kepu_start3|g6-upper|r002|party,kepu_start3,6年级上,6,上,2,party,party,[ˈpɑːti],[ˈpɑːrti],"n. 政党,党派;聚会,派对;当事人 [复数 parties] vi. 参加社交聚会 [ 过去式 partied 过去分词 partied 现在分词 partying ]",科普版三年级起点六年级上.xlsx
kepu_start3|g6-upper|r003|weather,kepu_start3,6年级上,6,上,3,weather,weather,[ˈweðə(r)],[ˈweðər],n. 天气;气象;气候;处境 vt. 经受住;使风化;侵蚀;使受风吹雨打 adj. 露天的;迎风的 vi. 风化;受侵蚀;经受风雨,科普版三年级起点六年级上.xlsx
kepu_start3|g6-upper|r004|sunny,kepu_start3,6年级上,6,上,4,sunny,sunny,[ˈsʌni],[ˈsʌni],"adj. 阳光充足的,和煦的;快活的;性情开朗的",科普版三年级起点六年级上.xlsx
kepu_start3|g6-upper|r005|will,kepu_start3,6年级上,6,上,5,will,will,[wɪl],[wɪl],n. 意志;决心;情感;遗嘱;意图;心愿 vt. 决心要;遗赠;用意志力使 vi. 愿意;下决心 aux. 将;愿意;必须,科普版三年级起点六年级上.xlsx
kepu_start3|g6-upper|r006|begin,kepu_start3,6年级上,6,上,6,begin,begin,[bɪˈɡɪn],[bɪˈɡɪn],vi. 开始;首先 vt. 开始,科普版三年级起点六年级上.xlsx
kepu_start3|g6-upper|r007|bring,kepu_start3,6年级上,6,上,7,bring,bring,[brɪŋ],[brɪŋ],vt. 带来;促使;引起;使某人处于某种情况或境地,科普版三年级起点六年级上.xlsx
kepu_start3|g6-upper|r008|do some shopping,kepu_start3,6年级上,6,上,8,do some shopping,do some shopping,,,购物;买东西;买些东西,科普版三年级起点六年级上.xlsx
kepu_start3|g6-upper|r009|map,kepu_start3,6年级上,6,上,9,map,map,[mæp],[mæp],vt. 映射;计划;绘制地图;确定基因在染色体中的位置 n. 地图;示意图;染色体图 vi. 基因被安置,科普版三年级起点六年级上.xlsx
kepu_start3|g6-upper|r010|china,kepu_start3,6年级上,6,上,10,China,china,[ˈtʃaɪnə],[ˈtʃaɪnə],"n. 中国 n. china,瓷器 adj. 中国的;中国制造的 adj. china,瓷制的",科普版三年级起点六年级上.xlsx
kepu_start3|g6-upper|r011|crayon,kepu_start3,6年级上,6,上,11,crayon,crayon,[ˈkreɪən; ˈkreɪɒn],[ˈkreɪən; ˈkreɪɑːn],"n. 蜡笔,有色粉笔 vt. 以蜡笔作画,用颜色粉笔画",科普版三年级起点六年级上.xlsx
kepu_start3|g6-upper|r012|saturday,kepu_start3,6年级上,6,上,12,Saturday,saturday,[ˈsætədeɪ],[ˈsætərdeɪ],n. 星期六,科普版三年级起点六年级上.xlsx
kepu_start3|g6-upper|r013|son,kepu_start3,6年级上,6,上,13,son,son,[sʌn],[sʌn],n. 儿子;孩子(对年轻人的称呼);男性后裔,科普版三年级起点六年级上.xlsx
kepu_start3|g6-upper|r014|never,kepu_start3,6年级上,6,上,14,never,never,[ˈnevə(r)],[ˈnevər],adv. 从未;决不,科普版三年级起点六年级上.xlsx
kepu_start3|g6-upper|r015|another,kepu_start3,6年级上,6,上,15,another,another,[əˈnʌðə(r)],[əˈnʌðər],"prep. 另一个;另一个人 adj. 又一,另一;另外的;不同的 pron. 另一个;又一个",科普版三年级起点六年级上.xlsx
kepu_start3|g6-upper|r016|cloudy,kepu_start3,6年级上,6,上,16,cloudy,cloudy,[ˈklaʊdi],[ˈklaʊdi],adj. 多云的;阴天的;愁容满面的,科普版三年级起点六年级上.xlsx
kepu_start3|g6-upper|r017|windy,kepu_start3,6年级上,6,上,17,windy,windy,[ˈwɪndi],[ˈwɪndi],"adj. 多风的,有风的;腹胀的;吹牛的",科普版三年级起点六年级上.xlsx
kepu_start3|g6-upper|r018|place,kepu_start3,6年级上,6,上,18,place,place,[pleɪs],[pleɪs],n. 地方;住所;座位 vt. 放置;任命;寄予 vi. 名列前茅;取得名次,科普版三年级起点六年级上.xlsx
kepu_start3|g6-upper|r019|strong,kepu_start3,6年级上,6,上,19,strong,strong,[strɒŋ],[strɔːŋ],adj. 坚强的;强壮的;牢固的;擅长的 adv. 强劲地;猛烈地,科普版三年级起点六年级上.xlsx
kepu_start3|g6-upper|r020|rain,kepu_start3,6年级上,6,上,20,rain,rain,[reɪn],[reɪn],n. 雨;下雨;雨天;雨季 vt. 大量地给;使大量落下 vi. 下雨;降雨,科普版三年级起点六年级上.xlsx
kepu_start3|g6-upper|r021|lake,kepu_start3,6年级上,6,上,21,lake,lake,[leɪk],[leɪk],n. 湖;深红色颜料;胭脂红 vt. (使)血球溶解 vi. (使)血球溶解,科普版三年级起点六年级上.xlsx
kepu_start3|g6-upper|r022|earth,kepu_start3,6年级上,6,上,22,earth,earth,[ɜːθ],[ɜːrθ],"n. 地球;地表,陆地;土地,土壤;尘事,俗事;兽穴 vt. 把(电线)[电] 接地;盖(土);追赶入洞穴 vi. 躲进地洞",科普版三年级起点六年级上.xlsx
kepu_start3|g6-upper|r023|change,kepu_start3,6年级上,6,上,23,change,change,[tʃeɪndʒ],[tʃeɪndʒ],n. 变化;找回的零钱 vt. 改变;交换 vi. 改变;兑换,科普版三年级起点六年级上.xlsx
kepu_start3|g6-upper|r024|wind,kepu_start3,6年级上,6,上,24,wind,wind,[wɪnd],[wɪnd],vi. 缠绕;上发条;吹响号角 n. 风;呼吸;气味;卷绕 vt. 缠绕;上发条;使弯曲;吹号角;绕住或缠住某人,科普版三年级起点六年级上.xlsx
kepu_start3|g6-upper|r025|dry,kepu_start3,6年级上,6,上,25,dry,dry,[draɪ],[draɪ],n. 干涸 adj. 干的;口渴的;枯燥无味的;禁酒的 vt. 把...弄干 vi. 变干,科普版三年级起点六年级上.xlsx
kepu_start3|g6-upper|r026|full,kepu_start3,6年级上,6,上,26,full,full,[fʊl],[fʊl],"n. 全部;完整 adj. 完全的,完整的;满的,充满的;丰富的;完美的;丰满的;详尽的 vt. 把衣服缝得宽大 adv. 十分,非常;完全地;整整",科普版三年级起点六年级上.xlsx
kepu_start3|g6-upper|r027|bring about,kepu_start3,6年级上,6,上,27,bring about,bring about,,,na. 造成;带来;【航】(使船)回转,科普版三年级起点六年级上.xlsx
kepu_start3|g6-upper|r028|be bad for,kepu_start3,6年级上,6,上,28,be bad for,be bad for,,,na. 对...有害,科普版三年级起点六年级上.xlsx
kepu_start3|g6-upper|r029|full of,kepu_start3,6年级上,6,上,29,full of,full of,,,un. 总的说来;堆满;尽是;都,科普版三年级起点六年级上.xlsx
kepu_start3|g6-upper|r030|difficult,kepu_start3,6年级上,6,上,30,difficult,difficult,[ˈdɪfɪkəlt],[ˈdɪfɪkəlt],adj. 困难的;不随和的;执拗的,科普版三年级起点六年级上.xlsx
kepu_start3|g6-upper|r031|healthy,kepu_start3,6年级上,6,上,31,healthy,healthy,[ˈhelθi],[ˈhelθi],"adj. 健康的,健全的;有益于健康的",科普版三年级起点六年级上.xlsx
kepu_start3|g6-upper|r032|bookshop,kepu_start3,6年级上,6,上,32,bookshop,bookshop,[ˈbʊkʃɒp],[ˈbʊkʃɑːp],n. 书店,科普版三年级起点六年级上.xlsx
kepu_start3|g6-upper|r033|hill,kepu_start3,6年级上,6,上,33,hill,hill,[hɪl],[hɪl],n. 小山;丘陵;斜坡;山冈,科普版三年级起点六年级上.xlsx
kepu_start3|g6-upper|r034|air,kepu_start3,6年级上,6,上,34,air,air,[eə(r)],[er],"n. 空气,大气;天空;样子;曲调 vt. 使通风,晾干;夸耀 vi. 通风",科普版三年级起点六年级上.xlsx
kepu_start3|g6-upper|r035|wet,kepu_start3,6年级上,6,上,35,wet,wet,[wet],[wet],n. 雨天;湿气 adj. [气象][物] 潮湿的;有雨的 vt. 弄湿 vi. 变湿,科普版三年级起点六年级上.xlsx
kepu_start3|g6-upper|r036|more,kepu_start3,6年级上,6,上,36,more,more,[mɔː(r)],[mɔːr],adv. 更多;此外;更大程度地 adj. 更多的;附加的 pron. 更多的数量 n. 更多,科普版三年级起点六年级上.xlsx
kepu_start3|g6-upper|r037|country,kepu_start3,6年级上,6,上,37,country,country,[ˈkʌntri],[ˈkʌntri],"n. 国家,国土;国民;乡下,农村;乡村;故乡 adj. 祖国的,故乡的;地方的,乡村的;国家的;粗鲁的;乡村音乐的",科普版三年级起点六年级上.xlsx
kepu_start3|g6-upper|r038|cut down,kepu_start3,6年级上,6,上,38,cut down,cut down,[ˌkʌt ˈdaʊn],[ˌkʌt ˈdaʊn],na. 砍倒;削减;减价;夺去...活动力,科普版三年级起点六年级上.xlsx
kepu_start3|g6-upper|r039|third,kepu_start3,6年级上,6,上,39,third,third,[θɜːd],[θɜːrd],num. 第三;三分之一 adj. 第三的;三分之一的,科普版三年级起点六年级上.xlsx
kepu_start3|g6-upper|r040|floor,kepu_start3,6年级上,6,上,40,floor,floor,[flɔː(r)],[flɔːr],"n. 地板,地面;楼层;基底;议员席 vt. 铺地板;打倒,击倒;(被困难)难倒",科普版三年级起点六年级上.xlsx
kepu_start3|g6-upper|r041|fifth,kepu_start3,6年级上,6,上,41,fifth,fifth,[fɪfθ],[fɪfθ],num. 第五 n. 第五;五分之一 adj. 第五的;五分之一的,科普版三年级起点六年级上.xlsx
kepu_start3|g6-upper|r042|second,kepu_start3,6年级上,6,上,42,second,second,[ˈsekənd],[ˈsekənd; sɪˈkɑːnd],num. 第二 n. 秒;第二名;瞬间;二等品 adj. 第二的;次要的;附加的 vt. 支持 adv. 第二;其次;居第二位,科普版三年级起点六年级上.xlsx
kepu_start3|g6-upper|r043|first,kepu_start3,6年级上,6,上,43,first,first,[fɜːst],[fɜːrst],num. 第一 n. 第一;开始;冠军 adj. 第一的;基本的;最早的 adv. 第一;首先;优先;宁愿,科普版三年级起点六年级上.xlsx
kepu_start3|g6-upper|r044|same,kepu_start3,6年级上,6,上,44,same,same,[seɪm],[seɪm],adj. 相同的;同一的;上述的(通常与the连用);无变化的 adv. 同样地(通常与the连用) pron. 同样的事物或人(通常与the连用),科普版三年级起点六年级上.xlsx
kepu_start3|g6-upper|r045|building,kepu_start3,6年级上,6,上,45,building,building,[ˈbɪldɪŋ],[ˈbɪldɪŋ],n. 建筑;建筑物 v. 建筑;建立;增加(build的ing形式),科普版三年级起点六年级上.xlsx
kepu_start3|g6-upper|r046|ground,kepu_start3,6年级上,6,上,46,ground,ground,[ɡraʊnd],[ɡraʊnd],n. 地面;土地;范围;战场;根据 v. 研磨(grind的过去分词);压迫 adj. 土地的;地面上的;磨碎的;磨过的 vt. 使接触地面;打基础;使搁浅 vi. 着陆;搁浅,科普版三年级起点六年级上.xlsx
kepu_start3|g6-upper|r047|april,kepu_start3,6年级上,6,上,47,April,april,[ˈeɪprəl],[ˈeɪprəl],n. 四月,科普版三年级起点六年级上.xlsx
kepu_start3|g6-upper|r048|may,kepu_start3,6年级上,6,上,48,May,may,[meɪ],[meɪ],"aux. 可以,能够;可能,也许;祝,愿;会,能",科普版三年级起点六年级上.xlsx
kepu_start3|g6-upper|r049|year,kepu_start3,6年级上,6,上,49,year,year,[jɪə(r)],[jɪr],n. 年;年度;历年;年纪;一年的期间;某年级的学生,科普版三年级起点六年级上.xlsx
kepu_start3|g6-upper|r050|dinner,kepu_start3,6年级上,6,上,50,dinner,dinner,[ˈdɪnə(r)],[ˈdɪnər],"n. 晚餐,晚宴;宴会;正餐",科普版三年级起点六年级上.xlsx
kepu_start3|g6-upper|r051|month,kepu_start3,6年级上,6,上,51,month,month,[mʌnθ],[mʌnθ],"n. 月,一个月的时间",科普版三年级起点六年级上.xlsx
kepu_start3|g6-upper|r052|night,kepu_start3,6年级上,6,上,52,night,night,[naɪt],[naɪt],"n. 夜晚,晚上;黑暗,黑夜 adj. 夜晚的,夜间的",科普版三年级起点六年级上.xlsx
kepu_start3|g6-upper|r053|date,kepu_start3,6年级上,6,上,53,date,date,[deɪt],[deɪt],n. 日期;约会;年代;枣椰子 vt. 确定...年代;和...约会 vi. 过时;注明日期;始于(某一历史时期),科普版三年级起点六年级上.xlsx
kepu_start3|g6-upper|r054|age,kepu_start3,6年级上,6,上,54,age,age,[eɪdʒ],[eɪdʒ],"n. 年龄;时代;寿命,使用年限;阶段 vt. 使成熟;使变老,使上年纪 vi. 成熟;变老",科普版三年级起点六年级上.xlsx
kepu_start3|g6-upper|r055|than,kepu_start3,6年级上,6,上,55,than,than,[ðən; ðæn],[ðən; ðæn],conj. 比(用于形容词、副词的比较级之后);除...外(用于other等之后);与其...(用于 rather等之后);一...就(用于 no sooner等之后) prep. 比;超过,科普版三年级起点六年级上.xlsx
kepu_start3|g6-upper|r056|around,kepu_start3,6年级上,6,上,56,around,around,[əˈraʊnd],[əˈraʊnd],prep. 四处;在...周围 adv. 大约;到处;在附近,科普版三年级起点六年级上.xlsx
kepu_start3|g6-upper|r057|count,kepu_start3,6年级上,6,上,57,count,count,[kaʊnt],[kaʊnt],n. 计数;计算;伯爵 vt. 计算;认为 vi. 计数;有价值,科普版三年级起点六年级上.xlsx
kepu_start3|g6-upper|r058|become,kepu_start3,6年级上,6,上,58,become,become,[bɪˈkʌm],[bɪˈkʌm],vt. 适合;相称 vi. 成为;变得;变成,科普版三年级起点六年级上.xlsx
kepu_start3|g6-upper|r059|for example,kepu_start3,6年级上,6,上,59,for example,for example,[fɔ: iɡˈzɑ:mpl],[fɔr ɪɡˈzæmpəl],na. 例如,科普版三年级起点六年级上.xlsx
kepu_start3|g6-upper|r060|have a good time,kepu_start3,6年级上,6,上,60,have a good time,have a good time,,,na. 过得愉快;很愉快,科普版三年级起点六年级上.xlsx
kepu_start3|g6-upper|r061|kid,kepu_start3,6年级上,6,上,61,kid,kid,[kɪd],[kɪd],n. 小孩;小山羊 vt. 欺骗;取笑;戏弄 vi. 欺骗;取笑;戏弄 adj. 小山羊皮制的;较年幼的,科普版三年级起点六年级上.xlsx
kepu_start3|g6-upper|r062|candy,kepu_start3,6年级上,6,上,62,candy,candy,[ˈkændi],[ˈkændi],"n. 糖果(等于sweets);冰糖(等于sugar candy,rock candy);毒品 adj. 新潮的(服饰);甜言蜜语的 vt. 用糖煮;使结晶为砂糖;美化 vi. 糖煮;成为结晶",科普版三年级起点六年级上.xlsx
kepu_start3|g6-upper|r063|december,kepu_start3,6年级上,6,上,63,December,december,[dɪˈsembə(r)],[dɪˈsembər],n. 十二月,科普版三年级起点六年级上.xlsx
kepu_start3|g6-upper|r064|christmas,kepu_start3,6年级上,6,上,64,Christmas,christmas,[ˈkrɪsməs],[ˈkrɪsməs],n. 圣诞节;圣诞节期间,科普版三年级起点六年级上.xlsx
kepu_start3|g6-upper|r065|merry,kepu_start3,6年级上,6,上,65,merry,merry,[ˈmeri],[ˈmeri],adj. 愉快的;微醉的;嬉戏作乐的 n. 甜樱桃,科普版三年级起点六年级上.xlsx
kepu_start3|g6-upper|r066|present,kepu_start3,6年级上,6,上,66,present,present,[ˈprez(ə)nt],[ˈpreznt],n. 现在;礼物;瞄准 adj. 现在的;出席的 vt. 提出;介绍;呈现;赠送 vi. 举枪瞄准,科普版三年级起点六年级上.xlsx
kepu_start3|g6-upper|r067|october,kepu_start3,6年级上,6,上,67,October,october,[ɒkˈtəʊbə(r)],[ɑːkˈtoʊbər],n. [天] 十月,科普版三年级起点六年级上.xlsx
kepu_start3|g6-upper|r068|just,kepu_start3,6年级上,6,上,68,just,just,[dʒʌst],[dʒʌst],"adv. 只是,仅仅;刚才,刚刚;正好,恰好;实在;刚要 adj. 公正的,合理的;正直的,正义的;正确的;公平的;应得的",科普版三年级起点六年级上.xlsx
kepu_start3|g6-upper|r069|laugh,kepu_start3,6年级上,6,上,69,laugh,laugh,[lɑːf],[læf],n. 笑;引人发笑的事或人 vi. 笑 vt. 以笑表示;使...笑得,科普版三年级起点六年级上.xlsx
kepu_start3|g6-upper|r070|dress up,kepu_start3,6年级上,6,上,70,dress up,dress up,[dres ʌp],[dres ʌp],na. 乔装;装扮;为...打扮;盛装打扮,科普版三年级起点六年级上.xlsx
kepu_start3|g6-upper|r071|from door to door,kepu_start3,6年级上,6,上,71,from door to door,from door to door,,,na. 挨门挨户;家家,科普版三年级起点六年级上.xlsx
kepu_start3|g6-upper|r072|run away,kepu_start3,6年级上,6,上,72,run away,run away,,,na. 私奔;逃;弄不好,科普版三年级起点六年级上.xlsx
kepu_start3|g6-upper|r073|yesterday,kepu_start3,6年级上,6,上,73,yesterday,yesterday,[ˈjestədeɪ],[ˈjestərdeɪ; ˈjestərdi],n. 昨天;往昔 adv. 昨天,科普版三年级起点六年级上.xlsx
kepu_start3|g6-upper|r074|june,kepu_start3,6年级上,6,上,74,June,june,[dʒuːn],[dʒuːn],"n. 六月;琼(人名,来源于拉丁语,含义是“年轻气盛的六月”)",科普版三年级起点六年级上.xlsx
kepu_start3|g6-upper|r075|road,kepu_start3,6年级上,6,上,75,road,road,[rəʊd],[roʊd],"n. 公路,马路;道路;手段 adj. (美)巡回的 vt. (狗)沿臭迹追逐(猎物)",科普版三年级起点六年级上.xlsx
kepu_start3|g6-upper|r076|stop,kepu_start3,6年级上,6,上,76,stop,stop,[stɒp],[stɑːp],n. 停止;车站;障碍;逗留 vi. 停止;中止;逗留;被塞住 vt. 停止;堵塞;断绝,科普版三年级起点六年级上.xlsx
kepu_start3|g6-upper|r077|driver,kepu_start3,6年级上,6,上,77,driver,driver,[ˈdraɪvə(r)],[ˈdraɪvər],n. 驾驶员;驱动程序;起子;传动器,科普版三年级起点六年级上.xlsx
kepu_start3|g6-upper|r078|turn,kepu_start3,6年级上,6,上,78,turn,turn,[tɜːn],[tɜːrn],"n. 转弯;变化;(损害或有益于别人的)行为,举动,举止 vi. 转向;转变;转动 vt. 转动,使旋转;转弯;翻过来;兑换",科普版三年级起点六年级上.xlsx
kepu_start3|g6-upper|r079|word,kepu_start3,6年级上,6,上,79,word,word,[wɜːd],[wɜːrd],n. [语] 单词;话语;消息;诺言;命令 vt. 用言辞表达,科普版三年级起点六年级上.xlsx
kepu_start3|g6-upper|r080|meeting,kepu_start3,6年级上,6,上,80,meeting,meeting,[ˈmiːtɪŋ],[ˈmiːtɪŋ],n. 会议;会见;集会;汇合点 v. 会面;会合(meet的ing形式),科普版三年级起点六年级上.xlsx
kepu_start3|g6-upper|r081|hard,kepu_start3,6年级上,6,上,81,hard,hard,[hɑːd],[hɑːrd],adj. 努力的;硬的;困难的;辛苦的;确实的;严厉的;猛烈的;冷酷无情的 adv. 努力地;困难地;辛苦地;接近地;猛烈地;牢固地,科普版三年级起点六年级上.xlsx
kepu_start3|g6-upper|r082|start,kepu_start3,6年级上,6,上,82,start,start,[stɑːt],[stɑːrt],n. 开始;起点 vt. 开始;启动 vi. 出发,科普版三年级起点六年级上.xlsx
kepu_start3|g6-upper|r083|sports meeting,kepu_start3,6年级上,6,上,83,sports meeting,sports meeting,,,n. 运动会,科普版三年级起点六年级上.xlsx
kepu_start3|g6-upper|r084|window,kepu_start3,6年级上,6,上,84,window,window,[ˈwɪndəʊ],[ˈwɪndoʊ],n. 窗;窗口;窗户,科普版三年级起点六年级上.xlsx
kepu_start3|g6-upper|r085|river,kepu_start3,6年级上,6,上,85,river,river,[ˈrɪvə(r)],[ˈrɪvər],"n. 河,江",科普版三年级起点六年级上.xlsx
kepu_start3|g6-upper|r086|city,kepu_start3,6年级上,6,上,86,city,city,[ˈsɪti],[ˈsɪti],"n. 城市,都市 adj. 城市的;都会的",科普版三年级起点六年级上.xlsx
kepu_start3|g6-upper|r087|star,kepu_start3,6年级上,6,上,87,star,star,[stɑː(r)],[stɑːr],"n. 星,恒星;明星;星形物 adj. 明星的,主角的;星形的 vt. 用星号标于;由...主演,由...担任主角 vi. 担任主角",科普版三年级起点六年级上.xlsx
kepu_start3|g6-upper|r088|join,kepu_start3,6年级上,6,上,88,join,join,[dʒɔɪn],[dʒɔɪn],vt. 参加;结合;连接 vi. 加入;参加;结合 n. 结合;连接;接合点,科普版三年级起点六年级上.xlsx
kepu_start3|g6-upper|r089|drive,kepu_start3,6年级上,6,上,89,drive,drive,[draɪv],[draɪv],"n. 驱动器;驾车;[心理] 内驱力,推进力;快车道 vi. 开车;猛击;飞跑 vt. 推动,发动(机器等);驾驶(马车,汽车等);驱赶",科普版三年级起点六年级上.xlsx
kepu_start3|g6-upper|r090|along,kepu_start3,6年级上,6,上,90,along,along,[əˈlɒŋ],[əˈlɔːŋ],prep. 沿着;顺着 adv. 一起;向前;来到,科普版三年级起点六年级上.xlsx
kepu_start3|g6-upper|r091|bridge,kepu_start3,6年级上,6,上,91,bridge,bridge,[brɪdʒ],[brɪdʒ],n. 桥;桥牌;桥接器;船桥 vt. 架桥;渡过,科普版三年级起点六年级上.xlsx
kepu_start3|g6-upper|r092|bright,kepu_start3,6年级上,6,上,92,bright,bright,[braɪt],[braɪt],"n. 车头灯光 adj. 明亮的,鲜明的;聪明的;愉快的 adv. 明亮地;光明地;欢快地",科普版三年级起点六年级上.xlsx
kepu_start3|g6-upper|r093|west,kepu_start3,6年级上,6,上,93,west,west,[west],[west],n. 西;西方;西部 adj. 西方的;朝西的 adv. 在西方;向西方;自西方,科普版三年级起点六年级上.xlsx
kepu_start3|g6-upper|r094|sky,kepu_start3,6年级上,6,上,94,sky,sky,[skaɪ],[skaɪ],n. 天空;顶点 vt. 把...投向空中;把...挂得过高 vi. 踢或击高空球;把桨叶翘得过高;飞涨,科普版三年级起点六年级上.xlsx
kepu_start3|g6-upper|r095|at last,kepu_start3,6年级上,6,上,95,at last,at last,,,na. 终于,科普版三年级起点六年级上.xlsx
kepu_start3|g6-lower|r002|wear,kepu_start3,6年级下,6,下,2,wear,wear,[weə(r)],[wer],n. 衣物;磨损;耐久性 v. 穿着;用旧;耗损;面露,科普版三年级起点六年级下.xlsx
kepu_start3|g6-lower|r003|coat,kepu_start3,6年级下,6,下,3,coat,coat,[kəʊt],[koʊt],n. 外套 vt. 覆盖...的表面,科普版三年级起点六年级下.xlsx
kepu_start3|g6-lower|r004|sleep,kepu_start3,6年级下,6,下,4,sleep,sleep,[sliːp],[sliːp],"n. 睡眠 vi. 睡,睡觉",科普版三年级起点六年级下.xlsx
kepu_start3|g6-lower|r005|tired,kepu_start3,6年级下,6,下,5,tired,tired,[ˈtaɪəd],[ˈtaɪərd],"v. 疲倦;对...腻烦(tire的过去分词形式) adj. 疲倦的;厌倦的,厌烦的",科普版三年级起点六年级下.xlsx
kepu_start3|g6-lower|r006|pass,kepu_start3,6年级下,6,下,6,pass,pass,[pɑːs],[pæs],n. 及格;经过;护照;途径;传球 vt. 通过;经过;传递 vi. 经过;传递;变化;终止,科普版三年级起点六年级下.xlsx
kepu_start3|g6-lower|r007|headache,kepu_start3,6年级下,6,下,7,headache,headache,[ˈhedeɪk],[ˈhedeɪk],n. 头痛;麻烦;令人头痛之事,科普版三年级起点六年级下.xlsx
kepu_start3|g6-lower|r008|habit,kepu_start3,6年级下,6,下,8,habit,habit,[ˈhæbɪt],[ˈhæbɪt],"n. 习惯,习性;嗜好 vt. 使穿衣",科普版三年级起点六年级下.xlsx
kepu_start3|g6-lower|r009|have a cold,kepu_start3,6年级下,6,下,9,have a cold,have a cold,,,na. 伤风,科普版三年级起点六年级下.xlsx
kepu_start3|g6-lower|r010|stay up,kepu_start3,6年级下,6,下,10,stay up,stay up,,,na. 不去睡觉;不沉,科普版三年级起点六年级下.xlsx
kepu_start3|g6-lower|r011|go to bed,kepu_start3,6年级下,6,下,11,go to bed,go to bed,,,na. 睡;同床;【印】付印,科普版三年级起点六年级下.xlsx
kepu_start3|g6-lower|r012|from then on,kepu_start3,6年级下,6,下,12,from then on,from then on,,,na. 从那时起,科普版三年级起点六年级下.xlsx
kepu_start3|g6-lower|r013|visit,kepu_start3,6年级下,6,下,13,visit,visit,[ˈvɪzɪt],[ˈvɪzɪt],n. 访问;参观;逗留 vt. 访问;参观;视察 vi. 访问;暂住;闲谈,科普版三年级起点六年级下.xlsx
kepu_start3|g6-lower|r014|photo,kepu_start3,6年级下,6,下,14,photo,photo,[ˈfəʊtəʊ],[ˈfoʊtoʊ],n. 照片,科普版三年级起点六年级下.xlsx
kepu_start3|g6-lower|r015|angry,kepu_start3,6年级下,6,下,15,angry,angry,[ˈæŋɡri],[ˈæŋɡri],adj. 生气的;愤怒的;狂暴的;(伤口等)发炎的,科普版三年级起点六年级下.xlsx
kepu_start3|g6-lower|r016|high,kepu_start3,6年级下,6,下,16,high,high,[haɪ],[haɪ],n. 高水平;天空;由麻醉品引起的快感;高压地带 adj. 高的;高级的;崇高的;高音调的 adv. 高;奢侈地,科普版三年级起点六年级下.xlsx
kepu_start3|g6-lower|r017|once,kepu_start3,6年级下,6,下,17,once,once,[wʌns],[wʌns],"adv. 一次;曾经 conj. 一旦 n. 一次,一回",科普版三年级起点六年级下.xlsx
kepu_start3|g6-lower|r018|trip,kepu_start3,6年级下,6,下,18,trip,trip,[trɪp],[trɪp],n. 旅行;绊倒;差错 vt. 绊倒;使犯错 vi. 绊倒;远足;犯错误;轻快地走,科普版三年级起点六年级下.xlsx
kepu_start3|g6-lower|r019|build,kepu_start3,6年级下,6,下,19,build,build,[bɪld],[bɪld],n. 构造;体形;体格 vi. 建筑;建造 vt. 建立;建筑,科普版三年级起点六年级下.xlsx
kepu_start3|g6-lower|r020|take photos,kepu_start3,6年级下,6,下,20,take photos,take photos,,,照相;拍照;拍照片,科普版三年级起点六年级下.xlsx
kepu_start3|g6-lower|r021|boat,kepu_start3,6年级下,6,下,21,boat,boat,[bəʊt],[boʊt],n. 小船;轮船 vi. 划船,科普版三年级起点六年级下.xlsx
kepu_start3|g6-lower|r022|zoo,kepu_start3,6年级下,6,下,22,zoo,zoo,[zuː],[zuː],n. 动物园; <美俚>(铁路货车的最后一节)守车; <美俚>核粒子园,科普版三年级起点六年级下.xlsx
kepu_start3|g6-lower|r023|last,kepu_start3,6年级下,6,下,23,last,last,[lɑːst],[læst],"n. 末尾,最后;上个;鞋楦(做鞋的模型) adj. 最后的;最近的,最新的;仅剩的;最不可能...的 vi. 持续;维持,够用;持久 vt. 度过,拖过;使维持 adv. 最后地;上次,最近;最后一点",科普版三年级起点六年级下.xlsx
kepu_start3|g6-lower|r024|life,kepu_start3,6年级下,6,下,24,life,life,[laɪf],[laɪf],"n. 生活,生存;寿命",科普版三年级起点六年级下.xlsx
kepu_start3|g6-lower|r025|protect,kepu_start3,6年级下,6,下,25,protect,protect,[prəˈtekt],[prəˈtekt],"vt. 保护,防卫;警戒",科普版三年级起点六年级下.xlsx
kepu_start3|g6-lower|r026|mine,kepu_start3,6年级下,6,下,26,mine,mine,[maɪn],[maɪn],"n. 矿,矿藏;矿山,矿井;地雷,水雷 vt. 开采,采掘;在...布雷 vi. 开矿,采矿;埋设地雷 pron. 我的",科普版三年级起点六年级下.xlsx
kepu_start3|g6-lower|r027|middle,kepu_start3,6年级下,6,下,27,middle,middle,[ˈmɪd(ə)l],[ˈmɪd(ə)l],"adj. 中间的,中部的;中级的,中等的 n. 中间,中央;腰部",科普版三年级起点六年级下.xlsx
kepu_start3|g6-lower|r028|off,kepu_start3,6年级下,6,下,28,off,off,[ɒf],[ɔːf],prep. 离开;脱落 adv. 切断;走开 adj. 远离的;空闲的,科普版三年级起点六年级下.xlsx
kepu_start3|g6-lower|r029|world,kepu_start3,6年级下,6,下,29,world,world,[wɜːld],[wɜːrld],n. 世界;领域;世俗;全人类;物质生活,科普版三年级起点六年级下.xlsx
kepu_start3|g6-lower|r030|have a good look at,kepu_start3,6年级下,6,下,30,have a good look at,have a good look at,,,na. (仔细)看一看,科普版三年级起点六年级下.xlsx
kepu_start3|g6-lower|r031|do one's best,kepu_start3,6年级下,6,下,31,do one's best,do one's best,,,na. 竭尽所能;尽力,科普版三年级起点六年级下.xlsx
kepu_start3|g6-lower|r032|wait for,kepu_start3,6年级下,6,下,32,wait for,wait for,,,na. 等;等待,科普版三年级起点六年级下.xlsx
kepu_start3|g6-lower|r033|in the middle of,kepu_start3,6年级下,6,下,33,in the middle of,in the middle of,,,na. 正在...当中;在...的中途;在...的中央;在...的中部,科普版三年级起点六年级下.xlsx
kepu_start3|g6-lower|r034|after some time,kepu_start3,6年级下,6,下,34,after some time,after some time,,,na. 不久之后,科普版三年级起点六年级下.xlsx
kepu_start3|g6-lower|r035|supermarket,kepu_start3,6年级下,6,下,35,supermarket,supermarket,[ˈsuːpəmɑːkɪt],[ˈsuːpərmɑːrkɪt],n. 超级市场;自助售货商店,科普版三年级起点六年级下.xlsx
kepu_start3|g6-lower|r036|taxi,kepu_start3,6年级下,6,下,36,taxi,taxi,[ˈtæksi],[ˈtæksi],n. 出租汽车 vt. 使滑行;用出租车送 vi. 乘出租车;滑行,科普版三年级起点六年级下.xlsx
kepu_start3|g6-lower|r037|sweater,kepu_start3,6年级下,6,下,37,sweater,sweater,[ˈswetə(r)],[ˈswetər],"n. 毛线衣,运动衫;大量出汗的人,发汗剂",科普版三年级起点六年级下.xlsx
kepu_start3|g6-lower|r038|cool,kepu_start3,6年级下,6,下,38,cool,cool,[kuːl],[kuːl],n. 凉爽;凉爽的空气 adj. 凉爽的;冷静的;出色的 vt. 使...冷却;使...平静下来 vi. 变凉;平息 adv. 冷静地,科普版三年级起点六年级下.xlsx
kepu_start3|g6-lower|r039|young,kepu_start3,6年级下,6,下,39,young,young,[jʌŋ],[jʌŋ],"n. 年轻人;(动物的)崽,仔 adj. 年轻的;初期的;没有经验的",科普版三年级起点六年级下.xlsx
kepu_start3|g6-lower|r040|clothes,kepu_start3,6年级下,6,下,40,clothes,clothes,[kləʊðz],[kloʊðz; kloʊz],n. 衣服,科普版三年级起点六年级下.xlsx
kepu_start3|g6-lower|r041|poor,kepu_start3,6年级下,6,下,41,poor,poor,[pɔː(r)],[pʊr; pɔːr],adj. 贫穷的;可怜的;贫乏的;卑鄙的,科普版三年级起点六年级下.xlsx
kepu_start3|g6-lower|r042|dead,kepu_start3,6年级下,6,下,42,dead,dead,[ded],[ded],n. 死者 adj. 无生命的;呆板的;废弃了的 adv. 完全地,科普版三年级起点六年级下.xlsx
kepu_start3|g6-lower|r043|quickly,kepu_start3,6年级下,6,下,43,quickly,quickly,[ˈkwɪkli],[ˈkwɪkli],adv. 迅速地;很快地,科普版三年级起点六年级下.xlsx
kepu_start3|g6-lower|r044|lose,kepu_start3,6年级下,6,下,44,lose,lose,[luːz],[luːz],vt. 浪费;使沉溺于;使迷路;遗失;错过 vi. 失败;受损失,科普版三年级起点六年级下.xlsx
kepu_start3|g6-lower|r045|try on,kepu_start3,6年级下,6,下,45,try on,try on,,,na. 试穿;〈非正式〉搞恶作剧(以试探能否被容忍);〈非正式〉耍花招,科普版三年级起点六年级下.xlsx
kepu_start3|g6-lower|r046|put on,kepu_start3,6年级下,6,下,46,put on,put on,[pʊt ɒn],[pʊt ɑːn],na. 假话,科普版三年级起点六年级下.xlsx
kepu_start3|g6-lower|r047|umbrella,kepu_start3,6年级下,6,下,47,umbrella,umbrella,[ʌmˈbrelə],[ʌmˈbrelə],n. 雨伞;保护伞;庇护;伞形结构,科普版三年级起点六年级下.xlsx
kepu_start3|g6-lower|r048|luck,kepu_start3,6年级下,6,下,48,luck,luck,[lʌk],[lʌk],"n. 运气;幸运;带来好运的东西 vi. 靠运气,走运;凑巧碰上",科普版三年级起点六年级下.xlsx
kepu_start3|g6-lower|r049|library,kepu_start3,6年级下,6,下,49,library,library,[ˈlaɪbrəri; ˈlaɪbri],[ˈlaɪbreri],"n. 图书馆,藏书室;文库",科普版三年级起点六年级下.xlsx
kepu_start3|g6-lower|r050|left,kepu_start3,6年级下,6,下,50,left,left,[left],[left],adj. 左边的;左派的;剩下的 adv. 在左面 n. 左边;左派;激进分子 v. 离开(leave的过去式),科普版三年级起点六年级下.xlsx
kepu_start3|g6-lower|r051|end,kepu_start3,6年级下,6,下,51,end,end,[end],[end],"n. 结束;目标;尽头;末端;死亡 vi. 结束,终止;终结 vt. 结束,终止;终结",科普版三年级起点六年级下.xlsx
kepu_start3|g6-lower|r052|surprised,kepu_start3,6年级下,6,下,52,surprised,surprised,[səˈpraɪzd],[sərˈpraɪzd],"v. 使惊奇(surprise的过去分词形式) adj. 感到惊讶的,出人意料的",科普版三年级起点六年级下.xlsx
kepu_start3|g6-lower|r053|at the end,kepu_start3,6年级下,6,下,53,at the end,at the end,[æt ði end],[æt ði end],na. 终于,科普版三年级起点六年级下.xlsx
kepu_start3|g6-lower|r054|on the right,kepu_start3,6年级下,6,下,54,on the right,on the right,,,在右边;在右侧;在右面,科普版三年级起点六年级下.xlsx
kepu_start3|g6-lower|r055|next to,kepu_start3,6年级下,6,下,55,next to,next to,,,prep. 紧邻;在...近旁;仅次于;紧接,科普版三年级起点六年级下.xlsx
kepu_start3|g6-lower|r056|look for,kepu_start3,6年级下,6,下,56,look for,look for,[ˈlʊk fɔː(r)],[ˈlʊk fɔːr],v. 寻找;探索;渴望;盼望,科普版三年级起点六年级下.xlsx
kepu_start3|g6-lower|r057|lovely,kepu_start3,6年级下,6,下,57,lovely,lovely,[ˈlʌvli],[ˈlʌvli],"adj. 可爱的;令人愉快的;爱恋的;秀丽的,优美的 n. 美女;可爱的东西",科普版三年级起点六年级下.xlsx
kepu_start3|g6-lower|r058|a lot of,kepu_start3,6年级下,6,下,58,a lot of,a lot of,,,det. 许多,科普版三年级起点六年级下.xlsx
kepu_start3|g6-lower|r059|between,kepu_start3,6年级下,6,下,59,between,between,[bɪˈtwiːn],[bɪˈtwiːn],prep. 在...之间 adv. 在中间,科普版三年级起点六年级下.xlsx
kepu_start3|g6-lower|r060|hour,kepu_start3,6年级下,6,下,60,hour,hour,[ˈaʊə(r)],[ˈaʊər],n. 小时;钟头;课时;...点钟,科普版三年级起点六年级下.xlsx
kepu_start3|g6-lower|r061|team,kepu_start3,6年级下,6,下,61,team,team,[tiːm],[tiːm],n. 队;组 vt. 使合作 vi. 合作,科普版三年级起点六年级下.xlsx
kepu_start3|g6-lower|r062|later,kepu_start3,6年级下,6,下,62,later,later,[ˈleɪtə(r)],[ˈleɪtər],adv. 后来;稍后;随后 adj. 更迟的;更后的,科普版三年级起点六年级下.xlsx
kepu_start3|g6-lower|r063|cloud,kepu_start3,6年级下,6,下,63,cloud,cloud,[klaʊd],[klaʊd],n. 云;阴云;云状物;一大群;黑斑 vt. 使混乱;以云遮敝;使忧郁;玷污 vi. 阴沉;乌云密布,科普版三年级起点六年级下.xlsx
kepu_start3|g6-lower|r064|clear,kepu_start3,6年级下,6,下,64,clear,clear,[klɪə(r)],[klɪr],n. 清除;空隙 adj. 清楚的;清澈的;晴朗的;无罪的 vt. 通过;清除;使干净;跳过 vi. 放晴;变清澈 adv. 清晰地;完全地,科普版三年级起点六年级下.xlsx
kepu_start3|g6-lower|r065|shine,kepu_start3,6年级下,6,下,65,shine,shine,[ʃaɪn],[ʃaɪn],"vt. 照射,擦亮;把...的光投向;(口)通过擦拭使...变得有光泽或光 vi. 发出光;反射光,闪耀;出类拔萃,表现突出;露出;照耀;显露;出众 n. 光亮,光泽;好天气;擦亮;晴天;擦皮鞋;鬼把戏或诡计",科普版三年级起点六年级下.xlsx
kepu_start3|g6-lower|r066|raincoat,kepu_start3,6年级下,6,下,66,raincoat,raincoat,[ˈreɪnkəʊt],[ˈreɪnkoʊt],n. (美)雨衣,科普版三年级起点六年级下.xlsx
kepu_start3|g6-lower|r067|talk about,kepu_start3,6年级下,6,下,67,talk about,talk about,,,na. 讲(某事),科普版三年级起点六年级下.xlsx
kepu_start3|g6-lower|r068|laugh at,kepu_start3,6年级下,6,下,68,laugh at,laugh at,,,na. 嘲笑;付之一笑;因...而发笑,科普版三年级起点六年级下.xlsx
kepu_start3|g6-lower|r069|deaf,kepu_start3,6年级下,6,下,69,deaf,deaf,[def],[def],adj. 聋的,科普版三年级起点六年级下.xlsx
kepu_start3|g6-lower|r070|queen,kepu_start3,6年级下,6,下,70,queen,queen,[kwiːn],[kwiːn],"n. 女王,王后;(纸牌中的)皇后;(蜜蜂等的)蜂王 vt. 使...成为女王或王后 vi. 做女王",科普版三年级起点六年级下.xlsx
kepu_start3|g6-lower|r071|holiday,kepu_start3,6年级下,6,下,71,holiday,holiday,[ˈhɒlədeɪ],[ˈhɑːlədeɪ],n. 假日;节日;休息日 vi. 外出度假,科普版三年级起点六年级下.xlsx
kepu_start3|g6-lower|r072|student,kepu_start3,6年级下,6,下,72,student,student,[ˈstjuːdnt],[ˈstuːdnt],n. 学生;学者,科普版三年级起点六年级下.xlsx
kepu_start3|g6-lower|r073|parent,kepu_start3,6年级下,6,下,73,parent,parent,[ˈpeərənt],[ˈperənt],n. 父亲(或母亲);父母亲;根源,科普版三年级起点六年级下.xlsx
kepu_start3|g6-lower|r074|travel,kepu_start3,6年级下,6,下,74,travel,travel,[ˈtræv(ə)l],[ˈtrævl],n. 旅行;游历;漫游 vt. 经过;在...旅行 vi. 旅行;行进;步行;交往,科普版三年级起点六年级下.xlsx
kepu_start3|g6-lower|r075|moon,kepu_start3,6年级下,6,下,75,moon,moon,[muːn],[muːn],n. 月亮;月球;月光;卫星 vi. 闲荡;出神 vt. 虚度,科普版三年级起点六年级下.xlsx
kepu_start3|g6-lower|r076|ago,kepu_start3,6年级下,6,下,76,ago,ago,[əˈɡəʊ],[əˈɡoʊ],"adj. 以前的;过去的 adv. 以前,以往",科普版三年级起点六年级下.xlsx
kepu_start3|g6-lower|r077|famous,kepu_start3,6年级下,6,下,77,famous,famous,[ˈfeɪməs],[ˈfeɪməs],"adj. 著名的;极好的,非常令人满意的",科普版三年级起点六年级下.xlsx
kepu_start3|g6-lower|r078|capital,kepu_start3,6年级下,6,下,78,capital,capital,[ˈkæpɪt(ə)l],[ˈkæpɪt(ə)l],"n. 首都,省会;资金;大写字母;资本家 adj. 首都的;重要的;大写的",科普版三年级起点六年级下.xlsx
kepu_start3|g6-lower|r079|climb,kepu_start3,6年级下,6,下,79,climb,climb,[klaɪm],[klaɪm],n. 爬;攀登 vi. 爬;攀登;上升 vt. 爬;攀登;上升,科普版三年级起点六年级下.xlsx
kepu_start3|g6-lower|r080|come to an end,kepu_start3,6年级下,6,下,80,come to an end,come to an end,,,na. 完结,科普版三年级起点六年级下.xlsx
kepu_start3|g6-lower|r081|some day,kepu_start3,6年级下,6,下,81,some day,some day,[ˈsʌm deɪ],[ˈsʌm ˌdeɪ],adv. 总有一天;有朝一日;将来,科普版三年级起点六年级下.xlsx
