SourceOccurrenceKey,SourceID,SourceBook,Grade,Semester,SourceRow,Word,MatchKey,British,American,Definition,SourceFile
guangdong_start3|g3-upper|r002|at,guangdong_start3,3年级上,3,上,2,at,at,[ət],[ət; æt],prep. 在(表示存在或出现的地点、场所、位置、空间);以(某种价格、速度等);向;达;因为;朝;忙于 n. 阿特(老挝货币基本单位att);[化]砹(极不稳定放射性元素) abbr. 密封的(airtight);气温(air temperature),广东版三年级起点三年级上.xlsx
guangdong_start3|g3-upper|r003|home,guangdong_start3,3年级上,3,上,3,home,home,[həʊm],[hoʊm],"n. 家,住宅;产地;家乡;避难所 adj. 国内的,家庭的;有效的 vt. 归巢,回家 adv. 在家,回家;深入地",广东版三年级起点三年级上.xlsx
guangdong_start3|g3-upper|r004|hello,guangdong_start3,3年级上,3,上,4,hello,hello,[həˈləʊ],[həˈləʊ],"n. 表示问候, 惊奇或唤起注意时的用语 int. 喂;哈罗",广东版三年级起点三年级上.xlsx
guangdong_start3|g3-upper|r005|hi,guangdong_start3,3年级上,3,上,5,hi,hi,[haɪ],[haɪ],int. 嗨!(表示问候或用以唤起注意),广东版三年级起点三年级上.xlsx
guangdong_start3|g3-upper|r006|i,guangdong_start3,3年级上,3,上,6,I,i,[aɪ],[aɪ],n. 碘元素;英语字母I pron. 我,广东版三年级起点三年级上.xlsx
guangdong_start3|g3-upper|r007|am,guangdong_start3,3年级上,3,上,7,am,am,[əm; æm],[əm; æm],abbr. 调幅 v. 是,广东版三年级起点三年级上.xlsx
guangdong_start3|g3-upper|r008|what,guangdong_start3,3年级上,3,上,8,what,what,[wɒt],[wʌt],"pron. 什么;多么;多少 adv. 到什么程度,在哪一方面 adj. 什么;多么;何等 int. 什么;多么",广东版三年级起点三年级上.xlsx
guangdong_start3|g3-upper|r009|is,guangdong_start3,3年级上,3,上,9,is,is,[ɪz],[ɪz],v. 是(be的三单形式) n. 存在,广东版三年级起点三年级上.xlsx
guangdong_start3|g3-upper|r010|your,guangdong_start3,3年级上,3,上,10,your,your,[jɔː(r); jə(r)],[jʊr; jər],"pron. 你的,你们的",广东版三年级起点三年级上.xlsx
guangdong_start3|g3-upper|r011|name,guangdong_start3,3年级上,3,上,11,name,name,[neɪm],[neɪm],"n. 名称,名字;姓名;名誉 vt. 命名,任命;指定;称呼;提名;叫出 adj. 姓名的;据以取名的",广东版三年级起点三年级上.xlsx
guangdong_start3|g3-upper|r012|nice,guangdong_start3,3年级上,3,上,12,nice,nice,[naɪs],[naɪs],adj. 精密的;美好的;细微的;和蔼的,广东版三年级起点三年级上.xlsx
guangdong_start3|g3-upper|r013|meet,guangdong_start3,3年级上,3,上,13,meet,meet,[miːt],[miːt],vt. 满足;遇见;对付 vi. 相遇;接触 n. 集会 adj. 合适的;适宜的,广东版三年级起点三年级上.xlsx
guangdong_start3|g3-upper|r014|you,guangdong_start3,3年级上,3,上,14,you,you,[ju],[juː; jə],pron. 你;你们,广东版三年级起点三年级上.xlsx
guangdong_start3|g3-upper|r015|goodbye,guangdong_start3,3年级上,3,上,15,goodbye,goodbye,[ˌɡʊdˈbaɪ],[ˌɡʊdˈbaɪ],int. 再见 放弃 告别,广东版三年级起点三年级上.xlsx
guangdong_start3|g3-upper|r016|bye,guangdong_start3,3年级上,3,上,16,bye,bye,[baɪ],[baɪ],n. 轮空;次要的东西 int. 再见 adj. 次要的,广东版三年级起点三年级上.xlsx
guangdong_start3|g3-upper|r017|in,guangdong_start3,3年级上,3,上,17,in,in,[ɪn],[ɪn],prep. 按照(表示方式);从事于;在...之内 n. 执政者;门路;知情者 adj. 在里面的;时髦的 adv. 进入;当选;(服装,广东版三年级起点三年级上.xlsx
guangdong_start3|g3-upper|r018|the,guangdong_start3,3年级上,3,上,18,the,the,[ðə],[ðə; ði; ðiː],"art. 这;那 adv. 更加(用于比较级,最高级前)",广东版三年级起点三年级上.xlsx
guangdong_start3|g3-upper|r019|classroom,guangdong_start3,3年级上,3,上,19,classroom,classroom,[ˈklɑːsruːm],[ˈklæsruːm; ˈklæsrʊm],n. 教室,广东版三年级起点三年级上.xlsx
guangdong_start3|g3-upper|r020|this,guangdong_start3,3年级上,3,上,20,this,this,[ðɪs],[ðɪs],adj. 这;本;这个;今 pron. 这;这个;这里 adv. 这样地;这么,广东版三年级起点三年级上.xlsx
guangdong_start3|g3-upper|r021|it,guangdong_start3,3年级上,3,上,21,it,it,[ɪt],[ɪt],abbr. 信息技术information technology abbr. 意大利Italy;意大利的Italian,广东版三年级起点三年级上.xlsx
guangdong_start3|g3-upper|r022|a,guangdong_start3,3年级上,3,上,22,a,a,[ə],[ə; eɪ],n. 字母A;第一流的;学业成绩达最高标准的评价符号 abbr. [物]安(ampere),广东版三年级起点三年级上.xlsx
guangdong_start3|g3-upper|r023|book,guangdong_start3,3年级上,3,上,23,book,book,[bʊk],[bʊk],n. 书籍;卷;帐簿;名册;工作簿 vt. 预订;登记,广东版三年级起点三年级上.xlsx
guangdong_start3|g3-upper|r024|pencil,guangdong_start3,3年级上,3,上,24,pencil,pencil,[ˈpens(ə)l],[ˈpensl],n. 铅笔;笔状物 vt. 用铅笔写;用眉笔涂 vi. 成铅笔状,广东版三年级起点三年级上.xlsx
guangdong_start3|g3-upper|r025|an,guangdong_start3,3年级上,3,上,25,an,an,[ən],[ən; æn],art. 一(在元音音素前),广东版三年级起点三年级上.xlsx
guangdong_start3|g3-upper|r026|apple,guangdong_start3,3年级上,3,上,26,apple,apple,[ˈæp(ə)l],[ˈæpl],"n. 苹果,苹果树,苹果似的东西;[美俚]炸弹,手榴弹,(棒球的)球;[美俚]人,家伙。",广东版三年级起点三年级上.xlsx
guangdong_start3|g3-upper|r027|table,guangdong_start3,3年级上,3,上,27,table,table,[ˈteɪb(ə)l],[ˈteɪbl],n. 桌子;表格;平地层 vt. 制表;搁置;嵌合 adj. 桌子的,广东版三年级起点三年级上.xlsx
guangdong_start3|g3-upper|r028|desk,guangdong_start3,3年级上,3,上,28,desk,desk,[desk],[desk],n. 办公桌;服务台;编辑部;(美)讲道台;乐谱架 adj. 书桌的;桌上用的;伏案做的,广东版三年级起点三年级上.xlsx
guangdong_start3|g3-upper|r029|chair,guangdong_start3,3年级上,3,上,29,chair,chair,[tʃeə(r)],[tʃer],n. 椅子;讲座;(会议的)主席位;大学教授的职位 vt. 担任(会议的)主席;使...入座;使就任要职,广东版三年级起点三年级上.xlsx
guangdong_start3|g3-upper|r030|ruler,guangdong_start3,3年级上,3,上,30,ruler,ruler,[ˈruːlə(r)],[ˈruːlər],"n. 尺;统治者;[测] 划线板,划线的人",广东版三年级起点三年级上.xlsx
guangdong_start3|g3-upper|r031|and,guangdong_start3,3年级上,3,上,31,and,and,[ənd],[ənd; ən; n; ænd],"conj. 和,与;就;而且;但是;然后",广东版三年级起点三年级上.xlsx
guangdong_start3|g3-upper|r032|cat,guangdong_start3,3年级上,3,上,32,cat,cat,[kæt],[kæt],"n. 猫,猫科动物",广东版三年级起点三年级上.xlsx
guangdong_start3|g3-upper|r033|banana,guangdong_start3,3年级上,3,上,33,banana,banana,[bəˈnɑːnə],[bəˈnænə],n. 香蕉;喜剧演员;大鹰钩鼻,广东版三年级起点三年级上.xlsx
guangdong_start3|g3-upper|r034|pen,guangdong_start3,3年级上,3,上,34,pen,pen,[pen],[pen],n. 钢笔;作家;围栏 vt. 写;关入栏中,广东版三年级起点三年级上.xlsx
guangdong_start3|g3-upper|r035|zoo,guangdong_start3,3年级上,3,上,35,zoo,zoo,[zuː],[zuː],n. 动物园; <美俚>(铁路货车的最后一节)守车; <美俚>核粒子园,广东版三年级起点三年级上.xlsx
guangdong_start3|g3-upper|r036|bird,guangdong_start3,3年级上,3,上,36,bird,bird,[bɜːd],[bɜːrd],n. 鸟;家伙;羽毛球 vt. 向...喝倒彩;起哄 vi. 猎鸟;观察研究野鸟,广东版三年级起点三年级上.xlsx
guangdong_start3|g3-upper|r037|yes,guangdong_start3,3年级上,3,上,37,yes,yes,[jes],[jes],"n. 是(表示肯定) adv. 是, 是的",广东版三年级起点三年级上.xlsx
guangdong_start3|g3-upper|r038|no,guangdong_start3,3年级上,3,上,38,no,no,[nəʊ],[noʊ],adv. 不 adj. 没有;不是 n. 不;否决票 abbr. 数字(number);元素锘(nobelium)的符号,广东版三年级起点三年级上.xlsx
guangdong_start3|g3-upper|r039|not,guangdong_start3,3年级上,3,上,39,not,not,[nɒt],[nɑːt],"adv. 表示否定,不 n. “非”(计算机中逻辑运算的一种)",广东版三年级起点三年级上.xlsx
guangdong_start3|g3-upper|r040|dog,guangdong_start3,3年级上,3,上,40,dog,dog,[dɒɡ],[dɔːɡ],n. 狗;丑女人;卑鄙的人;(俚)朋友 vt. 跟踪;尾随,广东版三年级起点三年级上.xlsx
guangdong_start3|g3-upper|r041|his,guangdong_start3,3年级上,3,上,41,his,his,[hɪz],[hɪz; ɪz],pron. 他的,广东版三年级起点三年级上.xlsx
guangdong_start3|g3-upper|r042|very,guangdong_start3,3年级上,3,上,42,very,very,[ˈveri],[ˈveri],"adv. 非常,很;完全 adj. 恰好是,正是;甚至;十足的;特有的",广东版三年级起点三年级上.xlsx
guangdong_start3|g3-upper|r043|good,guangdong_start3,3年级上,3,上,43,good,good,[ɡʊd],[ɡʊd],n. 好处;善行;慷慨的行为 adj. 好的;优良的;愉快的;虔诚的 adv. 好,广东版三年级起点三年级上.xlsx
guangdong_start3|g3-upper|r044|elephant,guangdong_start3,3年级上,3,上,44,elephant,elephant,[ˈelɪfənt],[ˈelɪfənt],n. 象;大号图画纸,广东版三年级起点三年级上.xlsx
guangdong_start3|g3-upper|r045|panda,guangdong_start3,3年级上,3,上,45,panda,panda,[ˈpændə],[ˈpændə],n. 熊猫;猫熊,广东版三年级起点三年级上.xlsx
guangdong_start3|g3-upper|r046|monkey,guangdong_start3,3年级上,3,上,46,monkey,monkey,[ˈmʌŋki],[ˈmʌŋki],n. 猴子;顽童 vi. 胡闹;捣蛋 vt. 嘲弄,广东版三年级起点三年级上.xlsx
guangdong_start3|g3-upper|r047|lion,guangdong_start3,3年级上,3,上,47,lion,lion,[ˈlaɪən],[ˈlaɪən],n. 狮子;名人;勇猛的人;社交场合的名流,广东版三年级起点三年级上.xlsx
guangdong_start3|g3-upper|r048|tiger,guangdong_start3,3年级上,3,上,48,tiger,tiger,[ˈtaɪɡə(r)],[ˈtaɪɡər],n. 老虎;凶暴的人,广东版三年级起点三年级上.xlsx
guangdong_start3|g3-upper|r049|rabbit,guangdong_start3,3年级上,3,上,49,rabbit,rabbit,[ˈræbɪt],[ˈræbɪt],"n. 兔子,野兔 vt. 让...见鬼去吧 vi. 猎兔",广东版三年级起点三年级上.xlsx
guangdong_start3|g3-upper|r050|who,guangdong_start3,3年级上,3,上,50,who,who,[huː],[huː],pron. 谁;什么人,广东版三年级起点三年级上.xlsx
guangdong_start3|g3-upper|r051|she,guangdong_start3,3年级上,3,上,51,she,she,[ʃi],[ʃi; ʃiː],n. 女人;雌性动物 pron. 她(主格);它(用来指雌性动物或国家、船舶、地球、月亮等),广东版三年级起点三年级上.xlsx
guangdong_start3|g3-upper|r052|how,guangdong_start3,3年级上,3,上,52,how,how,[haʊ],[haʊ],adv. 如何;多少;多么 n. 方法;方式 conj. 如何,广东版三年级起点三年级上.xlsx
guangdong_start3|g3-upper|r053|are,guangdong_start3,3年级上,3,上,53,are,are,[ɑ:(r)],[ər; ɑːr; er],v. 是(be的第二人称单复数现在式) n. 公亩,广东版三年级起点三年级上.xlsx
guangdong_start3|g3-upper|r054|fine,guangdong_start3,3年级上,3,上,54,fine,fine,[faɪn],[faɪn],"n. 罚款 adj. 好的;优良的;细小的,精美的;健康的;晴朗的 vt. 罚款;澄清 adv. 很好地;精巧地",广东版三年级起点三年级上.xlsx
guangdong_start3|g3-upper|r055|thank,guangdong_start3,3年级上,3,上,55,thank,thank,[θæŋk],[θæŋk],n. 感谢 vt. 感谢 int. 谢谢,广东版三年级起点三年级上.xlsx
guangdong_start3|g3-upper|r056|my,guangdong_start3,3年级上,3,上,56,my,my,[maɪ],[maɪ],pron. 我的 int. 哎呀(表示惊奇等);喔唷,广东版三年级起点三年级上.xlsx
guangdong_start3|g3-upper|r057|mother,guangdong_start3,3年级上,3,上,57,mother,mother,[ˈmʌðə(r)],[ˈmʌðər],n. 母亲;大娘;女修道院院长 vt. 生下;养育;像母亲般关怀或照管 adj. 母亲的;出生地的,广东版三年级起点三年级上.xlsx
guangdong_start3|g3-upper|r058|he,guangdong_start3,3年级上,3,上,58,he,he,[hi; iː; i; hiː],[hi; iː; i; hiː],"n. 男孩,男人;它(雄性动物) pron. 他",广东版三年级起点三年级上.xlsx
guangdong_start3|g3-upper|r059|father,guangdong_start3,3年级上,3,上,59,father,father,[ˈfɑːðə(r)],[ˈfɑːðər],"n. 父亲,爸爸;神父;祖先;前辈 vt. 发明,创立;当...的父亲",广东版三年级起点三年级上.xlsx
guangdong_start3|g3-upper|r060|brother,guangdong_start3,3年级上,3,上,60,brother,brother,[ˈbrʌðə(r)],[ˈbrʌðər],n. 兄弟;同事;战友 int. 我的老兄!,广东版三年级起点三年级上.xlsx
guangdong_start3|g3-upper|r061|about,guangdong_start3,3年级上,3,上,61,about,about,[əˈbaʊt],[əˈbaʊt],prep. 关于;大约 n. 大致;粗枝大叶;不拘小节的人 adj. 在附近的;四处走动的;在起作用的 adv. 大约;周围;到处,广东版三年级起点三年级上.xlsx
guangdong_start3|g3-upper|r062|me,guangdong_start3,3年级上,3,上,62,me,me,[mi; miː],[mi; miː],pron. 我(宾格) n. 自我;极端自私的人;自我的一部分,广东版三年级起点三年级上.xlsx
guangdong_start3|g3-upper|r063|friend,guangdong_start3,3年级上,3,上,63,friend,friend,[frend],[frend],n. 朋友;助手;赞助者,广东版三年级起点三年级上.xlsx
guangdong_start3|g3-upper|r064|sister,guangdong_start3,3年级上,3,上,64,sister,sister,[ˈsɪstə(r)],[ˈsɪstər],n. 姐妹;(称志同道合者)姐妹;修女;护士 adj. 姐妹般的;同类型的,广东版三年级起点三年级上.xlsx
guangdong_start3|g3-upper|r065|grandmother,guangdong_start3,3年级上,3,上,65,grandmother,grandmother,[ˈɡrænmʌðə(r)],[ˈɡrænmʌðər],n. 祖母;女祖先 vt. 当...的祖母 vi. 当祖母,广东版三年级起点三年级上.xlsx
guangdong_start3|g3-upper|r066|grandfather,guangdong_start3,3年级上,3,上,66,grandfather,grandfather,[ˈɡrænfɑːðə(r)],[ˈɡrænfɑːðər],n. 祖父;始祖 vt. 不受新规定限制,广东版三年级起点三年级上.xlsx
guangdong_start3|g3-upper|r067|draw,guangdong_start3,3年级上,3,上,67,draw,draw,[drɔː],[drɔː],n. 平局;抽签 vi. 拉;拖 vt. 画;拉;吸引,广东版三年级起点三年级上.xlsx
guangdong_start3|g3-upper|r068|family,guangdong_start3,3年级上,3,上,68,family,family,[ˈfæməli],[ˈfæməli],n. 家庭;亲属;家族;子女;[生]科;语族;[化]族 adj. 家庭的;家族的;适合于全家的,广东版三年级起点三年级上.xlsx
guangdong_start3|g3-upper|r069|birthday,guangdong_start3,3年级上,3,上,69,birthday,birthday,[ˈbɜːθdeɪ],[ˈbɜːrθdeɪ],"n. 生日,诞辰;诞生的日子",广东版三年级起点三年级上.xlsx
guangdong_start3|g3-upper|r070|old,guangdong_start3,3年级上,3,上,70,old,old,[əʊld],[oʊld],"adj. 陈旧的,古老的;年老的 n. 古时",广东版三年级起点三年级上.xlsx
guangdong_start3|g3-upper|r071|look,guangdong_start3,3年级上,3,上,71,look,look,[lʊk],[lʊk],vt. 看;期待;注意;面向;看上去像 vi. 看;看起来;注意;面向 n. 看;样子;面容,广东版三年级起点三年级上.xlsx
guangdong_start3|g3-upper|r072|candle,guangdong_start3,3年级上,3,上,72,candle,candle,[ˈkænd(ə)l],[ˈkændl],n. 蜡烛;烛光;烛形物 vt. 对着光检查,广东版三年级起点三年级上.xlsx
guangdong_start3|g3-upper|r073|that,guangdong_start3,3年级上,3,上,73,that,that,[ðæt],[ðæt],conj. 因为;以至于 adj. 那;那个 pron. 那;那个 adv. 那么;那样,广东版三年级起点三年级上.xlsx
guangdong_start3|g3-upper|r074|right,guangdong_start3,3年级上,3,上,74,right,right,[raɪt],[raɪt],n. 正确;右边;正义 adj. 正确的;直接的;右方的 vt. 纠正 adv. 正确地;恰当地;彻底地 vi. 复正;恢复平稳,广东版三年级起点三年级上.xlsx
guangdong_start3|g3-upper|r075|balloon,guangdong_start3,3年级上,3,上,75,balloon,balloon,[bəˈluːn],[bəˈluːn],n. 气球 adj. 像气球般鼓起的 vt. 使像气球般鼓起;使激增 vi. 激增;膨胀如气球,广东版三年级起点三年级上.xlsx
guangdong_start3|g3-upper|r076|present,guangdong_start3,3年级上,3,上,76,present,present,[ˈprez(ə)nt],[ˈpreznt],n. 现在;礼物;瞄准 adj. 现在的;出席的 vt. 提出;介绍;呈现;赠送 vi. 举枪瞄准,广东版三年级起点三年级上.xlsx
guangdong_start3|g3-upper|r077|cookie,guangdong_start3,3年级上,3,上,77,cookie,cookie,[ˈkʊki],[ˈkʊki],n. 饼干;小甜点,广东版三年级起点三年级上.xlsx
guangdong_start3|g3-upper|r078|one,guangdong_start3,3年级上,3,上,78,one,one,[wʌn],[wʌn],pron. 一个人;任何人 adj. 一的;唯一的 n. 一 num. 一;一个,广东版三年级起点三年级上.xlsx
guangdong_start3|g3-upper|r079|two,guangdong_start3,3年级上,3,上,79,two,two,[tuː],[tuː],num. 二 n. 两个 adj. 两个的,广东版三年级起点三年级上.xlsx
guangdong_start3|g3-upper|r080|three,guangdong_start3,3年级上,3,上,80,three,three,[θriː],[θriː],"num. 三 n. 三,三个 adj. 三的,三个的",广东版三年级起点三年级上.xlsx
guangdong_start3|g3-upper|r081|four,guangdong_start3,3年级上,3,上,81,four,four,[fɔː(r)],[fɔːr],num. 四;四个 adj. 四的;四个的,广东版三年级起点三年级上.xlsx
guangdong_start3|g3-upper|r082|five,guangdong_start3,3年级上,3,上,82,five,five,[faɪv],[faɪv],"num. 五,五个 n. 五,五个;五美元钞票 adj. 五的;五个的",广东版三年级起点三年级上.xlsx
guangdong_start3|g3-upper|r083|six,guangdong_start3,3年级上,3,上,83,six,six,[sɪks],[sɪks],"num. 六,六个 n. 六,六个",广东版三年级起点三年级上.xlsx
guangdong_start3|g3-upper|r084|seven,guangdong_start3,3年级上,3,上,84,seven,seven,[ˈsev(ə)n],[ˈsev(ə)n],"num. 七个,七 n. 七个,七 adj. 七的;七个的",广东版三年级起点三年级上.xlsx
guangdong_start3|g3-upper|r085|eight,guangdong_start3,3年级上,3,上,85,eight,eight,[eɪt],[eɪt],num. 八;八个;第八 n. 八字形 adj. 八的,广东版三年级起点三年级上.xlsx
guangdong_start3|g3-upper|r086|nine,guangdong_start3,3年级上,3,上,86,nine,nine,[naɪn],[naɪn],"n. 九,九个 num. 九;九个 adj. 九的,九个的",广东版三年级起点三年级上.xlsx
guangdong_start3|g3-upper|r087|ten,guangdong_start3,3年级上,3,上,87,ten,ten,[ten],[ten],"num. 十个,十",广东版三年级起点三年级上.xlsx
guangdong_start3|g3-upper|r088|can,guangdong_start3,3年级上,3,上,88,can,can,[kən; kæn],[kən; kæn],aux. 能; 能够; 可以; 可能 n. 罐头; (用金属或塑料制作的)容器; (马口铁或其他金属制作的)食品罐头 vt. 将...装入密封罐中保存,广东版三年级起点三年级上.xlsx
guangdong_start3|g3-upper|r089|read,guangdong_start3,3年级上,3,上,89,read,read,[riːd],[riːd],"n. 阅读;读物 adj. 有学问的 vi. 读;读起来 vt. 阅读;读懂,理解",广东版三年级起点三年级上.xlsx
guangdong_start3|g3-upper|r090|ok,guangdong_start3,3年级上,3,上,90,OK,ok,[əʊˈkeɪ],[ˌoʊ'keɪ],adj. 好的;不错的 adv. 行;很好 int. 好;可以 vt. 对...表示同意 n. 同意,广东版三年级起点三年级上.xlsx
guangdong_start3|g3-upper|r091|let's,guangdong_start3,3年级上,3,上,91,let's,let's,,,让我们(let us的简写),广东版三年级起点三年级上.xlsx
guangdong_start3|g3-upper|r092|let us,guangdong_start3,3年级上,3,上,92,let us,let us,,,让我们;让我们自己;让我们一起,广东版三年级起点三年级上.xlsx
guangdong_start3|g3-upper|r093|sing,guangdong_start3,3年级上,3,上,93,sing,sing,[sɪŋ],[sɪŋ],n. 演唱;鸣声;呼啸声 vt. 唱;用诗赞颂;唱着使 vi. 唱歌;歌颂;鸣叫;呼号,广东版三年级起点三年级上.xlsx
guangdong_start3|g3-upper|r094|fly,guangdong_start3,3年级上,3,上,94,fly,fly,[flaɪ],[flaɪ],n. 飞行;苍蝇;两翼昆虫 adj. 敏捷的 vi. 飞;驾驶飞机;飘扬 vt. 飞行;飞越;使飘扬,广东版三年级起点三年级上.xlsx
guangdong_start3|g3-upper|r095|swim,guangdong_start3,3年级上,3,上,95,swim,swim,[swɪm],[swɪm],n. 游泳;漂浮;眩晕 adj. 游泳时穿戴的 vi. 游泳;漂浮;浸;眩晕 vt. 游过;使浮起,广东版三年级起点三年级上.xlsx
guangdong_start3|g3-upper|r096|cook,guangdong_start3,3年级上,3,上,96,cook,cook,[kʊk],[kʊk],"n. 厨师,厨子 vt. 烹调,煮 vi. 烹调,做菜",广东版三年级起点三年级上.xlsx
guangdong_start3|g3-upper|r097|but,guangdong_start3,3年级上,3,上,97,but,but,[bət],[bət; bʌt],"conj. 但是;而是;然而 adv. 仅仅,只 prep. 除...以外",广东版三年级起点三年级上.xlsx
guangdong_start3|g3-upper|r098|park,guangdong_start3,3年级上,3,上,98,park,park,[pɑːk],[pɑːrk],n. 公园;[交] 停车场 vt. 停放;放置;寄存 vi. 停放车辆,广东版三年级起点三年级上.xlsx
guangdong_start3|g3-upper|r099|do,guangdong_start3,3年级上,3,上,99,do,do,[duː; də; du; dəʊ],[duː; də; du; doʊ],"vi. 行,足够;生长 n. 要求;规定;C大调音阶中的第一音 v. 做;干;学习;研究;进行;完成;解答;整理;算出;引起;行过 aux. 助动词(构成疑问句和否定句);(代替动词);(用于加强语气) n. (口语)事件;(主英国口语)诈骗;(主英国、新西兰口语)宴会;(口语)必须做到的事情",广东版三年级起点三年级上.xlsx
guangdong_start3|g3-upper|r100|like,guangdong_start3,3年级上,3,上,100,like,like,[laɪk],[laɪk],vt. 喜欢;想;愿意 vi. 喜欢;希望 prep. 像;如同 adj. 同样的;相似的 n. 爱好;同样的人或物 adv. 可能 conj. 好像,广东版三年级起点三年级上.xlsx
guangdong_start3|g3-upper|r101|juice,guangdong_start3,3年级上,3,上,101,juice,juice,[dʒuːs],[dʒuːs],"n. (水果)汁,液;果汁",广东版三年级起点三年级上.xlsx
guangdong_start3|g3-upper|r102|cake,guangdong_start3,3年级上,3,上,102,cake,cake,[keɪk],[keɪk],n. 蛋糕;块状物;利益总额 vt. 使结块 vi. 结成块状,广东版三年级起点三年级上.xlsx
guangdong_start3|g3-upper|r103|ice cream,guangdong_start3,3年级上,3,上,103,ice cream,ice cream,[ˈaɪs kriːm],[ˈaɪs kriːm],n. 【食】冰淇淋,广东版三年级起点三年级上.xlsx
guangdong_start3|g3-upper|r104|noodle,guangdong_start3,3年级上,3,上,104,noodle,noodle,[ˈnuːd(ə)l],[ˈnuːd(ə)l],n. 面条;笨蛋,广东版三年级起点三年级上.xlsx
guangdong_start3|g3-upper|r105|ant,guangdong_start3,3年级上,3,上,105,ant,ant,[ænt],[ænt],n. 蚂蚁,广东版三年级起点三年级上.xlsx
guangdong_start3|g3-upper|r106|go,guangdong_start3,3年级上,3,上,106,go,go,[ɡəʊ],[ɡoʊ],n. 去;进行;尝试 vi. 走;达到;运转;趋于 vt. 忍受;出产;以...打赌 [复数 goes 第三人称单数 goes 过去式 went 过去分词 gone 现在分词 going],广东版三年级起点三年级上.xlsx
guangdong_start3|g3-upper|r107|bread,guangdong_start3,3年级上,3,上,107,bread,bread,[bred],[bred],n. 面包;生计 vt. 在...上洒面包屑,广东版三年级起点三年级上.xlsx
guangdong_start3|g3-upper|r108|rice,guangdong_start3,3年级上,3,上,108,rice,rice,[raɪs],[raɪs],n. 稻;米饭 vt. 把...捣成米糊状,广东版三年级起点三年级上.xlsx
guangdong_start3|g3-upper|r109|milk,guangdong_start3,3年级上,3,上,109,milk,milk,[mɪlk],[mɪlk],n. 牛奶;乳状物 vt. 榨取;挤...的奶 vi. 挤奶,广东版三年级起点三年级上.xlsx
guangdong_start3|g3-upper|r110|kite,guangdong_start3,3年级上,3,上,110,kite,kite,[kaɪt],[kaɪt],n. 风筝 vi. 使用空头支票;像风筝一样飞;轻快地移动 vt. 骗钱;涂改(支票),广东版三年级起点三年级上.xlsx
guangdong_start3|g3-upper|r111|garden,guangdong_start3,3年级上,3,上,111,garden,garden,[ˈɡɑːdn],[ˈɡɑːrdn],n. 花园;菜园 vt. 栽培花木 vi. 从事园艺;在园中种植,广东版三年级起点三年级上.xlsx
guangdong_start3|g3-upper|r112|soccer,guangdong_start3,3年级上,3,上,112,soccer,soccer,[ˈsɒkə(r)],[ˈsɑːkər],"n. 英式足球,足球",广东版三年级起点三年级上.xlsx
guangdong_start3|g3-upper|r113|baseball,guangdong_start3,3年级上,3,上,113,baseball,baseball,[ˈbeɪsbɔːl],[ˈbeɪsbɔːl],n. 棒球;棒球运动,广东版三年级起点三年级上.xlsx
guangdong_start3|g3-upper|r114|we,guangdong_start3,3年级上,3,上,114,we,we,[wi; wiː],[wi],"pron. 我们(主格);笔者,本人(作者或演讲人使用);朕,寡人",广东版三年级起点三年级上.xlsx
guangdong_start3|g3-upper|r115|play,guangdong_start3,3年级上,3,上,115,play,play,[pleɪ],[pleɪ],n. 游戏;比赛;剧本 vt. 游戏;扮演;演奏;播放;同...比赛 vi. 演奏;玩耍;上演;参加比赛,广东版三年级起点三年级上.xlsx
guangdong_start3|g3-upper|r116|football,guangdong_start3,3年级上,3,上,116,football,football,[ˈfʊtbɔːl],[ˈfʊtbɔːl],"n. 足球,橄榄球 vi. 踢足球;打橄榄球",广东版三年级起点三年级上.xlsx
guangdong_start3|g3-upper|r117|tennis,guangdong_start3,3年级上,3,上,117,tennis,tennis,[ˈtenɪs],[ˈtenɪs],n. 网球(运动),广东版三年级起点三年级上.xlsx
guangdong_start3|g3-upper|r118|basketball,guangdong_start3,3年级上,3,上,118,basketball,basketball,[ˈbɑːskɪtbɔːl],[ˈbæskɪtbɔːl],n. 篮球;篮球运动,广东版三年级起点三年级上.xlsx
guangdong_start3|g3-upper|r119|ping-pong,guangdong_start3,3年级上,3,上,119,ping-pong,ping-pong,[ˈpɪŋ pɒŋ],[ˈpɪŋ pɑːŋ],n. 乒乓球;桌球,广东版三年级起点三年级上.xlsx
guangdong_start3|g3-lower|r002|big,guangdong_start3,3年级下,3,下,2,big,big,[bɪɡ],[bɪɡ],adj. 大的;重要的;量大的 adv. 大量地;顺利;夸大地,广东版三年级起点三年级下.xlsx
guangdong_start3|g3-lower|r003|small,guangdong_start3,3年级下,3,下,3,small,small,[smɔːl],[smɔːl],"n. 小件物品;矮小的人 adj. 少的,小的;微弱的;几乎没有的;不重要的;幼小的 adv. 小小地;卑鄙地",广东版三年级起点三年级下.xlsx
guangdong_start3|g3-lower|r004|they,guangdong_start3,3年级下,3,下,4,they,they,[ðeɪ],[ðeɪ],pron. 他们;它们;她们,广东版三年级起点三年级下.xlsx
guangdong_start3|g3-lower|r005|sad,guangdong_start3,3年级下,3,下,5,sad,sad,[sæd],[sæd],"adj. 难过的;悲哀的,令人悲痛的;凄惨的,阴郁的(形容颜色)",广东版三年级起点三年级下.xlsx
guangdong_start3|g3-lower|r006|happy,guangdong_start3,3年级下,3,下,6,happy,happy,[ˈhæpi],[ˈhæpi],adj. 幸福的;高兴的;巧妙的,广东版三年级起点三年级下.xlsx
guangdong_start3|g3-lower|r007|tall,guangdong_start3,3年级下,3,下,7,tall,tall,[tɔːl],[tɔːl],adj. 高的;长的;过分的;夸大的 adv. 夸大地,广东版三年级起点三年级下.xlsx
guangdong_start3|g3-lower|r008|short,guangdong_start3,3年级下,3,下,8,short,short,[ʃɔːt],[ʃɔːrt],"n. 短;缺乏;短路;短裤 adj. 短的;不足的;矮的,低的 adv. 不足;突然;唐突地",广东版三年级起点三年级下.xlsx
guangdong_start3|g3-lower|r009|hot,guangdong_start3,3年级下,3,下,9,hot,hot,[hɒt],[hɑːt],adj. 热的;辣的;热情的;激动的;紧迫的 vt. 增加;给...加温 adv. 热;紧迫地 vi. 变热,广东版三年级起点三年级下.xlsx
guangdong_start3|g3-lower|r010|cold,guangdong_start3,3年级下,3,下,10,cold,cold,[kəʊld],[kəʊld],"n. 寒冷;感冒 adj. 寒冷的;冷淡的,不热情的;失去知觉的 adv. 完全地",广东版三年级起点三年级下.xlsx
guangdong_start3|g3-lower|r011|many,guangdong_start3,3年级下,3,下,11,many,many,[ˈmeni],[ˈmeni],pron. 许多;许多人 adj. 许多的,广东版三年级起点三年级下.xlsx
guangdong_start3|g3-lower|r012|color,guangdong_start3,3年级下,3,下,12,color,color,[ˈkʌlə(r)],[ˈkʌlər],n. 颜色;肤色;颜料;脸色 vt. 粉饰;给...涂颜色;歪曲 vi. 变色;获得颜色,广东版三年级起点三年级下.xlsx
guangdong_start3|g3-lower|r013|red,guangdong_start3,3年级下,3,下,13,red,red,[red],[red],"n. 红色,红颜料;赤字 adj. 红色的;红肿的,充血的",广东版三年级起点三年级下.xlsx
guangdong_start3|g3-lower|r014|yellow,guangdong_start3,3年级下,3,下,14,yellow,yellow,[ˈjeləʊ],[ˈjeloʊ],n. 黄色;黄种人;黄色颜料 adj. 黄色的;黄皮肤的 vt. 使变黄或发黄 vi. 变黄或发黄,广东版三年级起点三年级下.xlsx
guangdong_start3|g3-lower|r015|blue,guangdong_start3,3年级下,3,下,15,blue,blue,[bluː],[bluː],"adj. 蓝色的;沮丧的,忧郁的;下流的 n. 蓝色;[复数](美国海、陆、空三军穿的)蓝色制服;蓝颜料;[the blue(s)][用作单数或复数]布鲁斯(歌曲)(一种伤感的美国黑人民歌 vi. 变成蓝色,呈蓝色 vt. 把...染成蓝色;使成蓝色;给...用上蓝剂;用上蓝剂于",广东版三年级起点三年级下.xlsx
guangdong_start3|g3-lower|r016|green,guangdong_start3,3年级下,3,下,16,green,green,[ɡriːn],[ɡriːn],n. 绿色;青春 adj. 绿色的;青春的 vt. 使...变绿色 vi. 变绿色,广东版三年级起点三年级下.xlsx
guangdong_start3|g3-lower|r017|orange,guangdong_start3,3年级下,3,下,17,orange,orange,[ˈɒrɪndʒ],[ˈɔrɪndʒ],adj. 橙色的;橘色的 n. 橙;橙色;桔子,广东版三年级起点三年级下.xlsx
guangdong_start3|g3-lower|r018|brown,guangdong_start3,3年级下,3,下,18,brown,brown,[braʊn],[braʊn],"n. 褐色,棕色 adj. 棕色的,褐色的;太阳晒黑的 vt. 使变成褐色 vi. 变成褐色",广东版三年级起点三年级下.xlsx
guangdong_start3|g3-lower|r019|pink,guangdong_start3,3年级下,3,下,19,pink,pink,[pɪŋk],[pɪŋk],"n. 粉红色;化身,典范;石竹花;头面人物 adj. 粉红的;比较激进的;石竹科的;脸色发红的 vt. 扎,刺,戳;使...变粉红色;使...面红耳赤 vi. 变粉红色",广东版三年级起点三年级下.xlsx
guangdong_start3|g3-lower|r020|purple,guangdong_start3,3年级下,3,下,20,purple,purple,[ˈpɜːp(ə)l],[ˈpɜːrpl],n. 紫色;紫袍 adj. 紫色的;帝王的;华而不实的 vt. 使成紫色 vi. 变成紫色,广东版三年级起点三年级下.xlsx
guangdong_start3|g3-lower|r021|bed,guangdong_start3,3年级下,3,下,21,bed,bed,[bed],[bed],"n. 床;基础;河底, 海底 vt. 使睡觉;安置,嵌入;栽种 vi. 上床;分层",广东版三年级起点三年级下.xlsx
guangdong_start3|g3-lower|r022|pillow,guangdong_start3,3年级下,3,下,22,pillow,pillow,[ˈpɪləʊ],[ˈpɪloʊ],n. 枕头 vt. 垫;枕于...;使...靠在 vi. 枕着头;靠在枕上,广东版三年级起点三年级下.xlsx
guangdong_start3|g3-lower|r023|window,guangdong_start3,3年级下,3,下,23,window,window,[ˈwɪndəʊ],[ˈwɪndoʊ],n. 窗;窗口;窗户,广东版三年级起点三年级下.xlsx
guangdong_start3|g3-lower|r024|door,guangdong_start3,3年级下,3,下,24,door,door,[dɔː(r)],[dɔːr],"n. 门;家,户;门口;通道",广东版三年级起点三年级下.xlsx
guangdong_start3|g3-lower|r025|clock,guangdong_start3,3年级下,3,下,25,clock,clock,[klɒk],[klɑːk],n. 时钟;计时器 vt. 记录;记时 vi. 打卡;记录时间,广东版三年级起点三年级下.xlsx
guangdong_start3|g3-lower|r026|lamp,guangdong_start3,3年级下,3,下,26,lamp,lamp,[læmp],[læmp],n. 灯;照射器 vt. 照亮 vi. 发亮,广东版三年级起点三年级下.xlsx
guangdong_start3|g3-lower|r027|black,guangdong_start3,3年级下,3,下,27,black,black,[blæk],[blæk],n. 黑色;黑人;黑颜料 adj. 黑色的;黑人的;邪恶的 vt. 使变黑;把鞋油等涂在...上;把(眼眶)打成青肿 vi. 变黑,广东版三年级起点三年级下.xlsx
guangdong_start3|g3-lower|r028|white,guangdong_start3,3年级下,3,下,28,white,white,[waɪt],[waɪt],n. 白色;洁白;白种人 adj. 白色的;白种的;纯洁的,广东版三年级起点三年级下.xlsx
guangdong_start3|g3-lower|r029|number,guangdong_start3,3年级下,3,下,29,number,number,[ˈnʌmbə(r)],[ˈnʌmbər],n. 数;(杂志等的)期;号码;数字;算术 vi. 计入;总数达到 vt. 编号;计入;数...的数目;使为数有限,广东版三年级起点三年级下.xlsx
guangdong_start3|g3-lower|r030|supermarket,guangdong_start3,3年级下,3,下,30,supermarket,supermarket,[ˈsuːpəmɑːkɪt],[ˈsuːpərmɑːrkɪt],n. 超级市场;自助售货商店,广东版三年级起点三年级下.xlsx
guangdong_start3|g3-lower|r031|these,guangdong_start3,3年级下,3,下,31,these,these,[ðiːz],[ðiːz],adj. 这些的 pron. 这些,广东版三年级起点三年级下.xlsx
guangdong_start3|g3-lower|r032|pear,guangdong_start3,3年级下,3,下,32,pear,pear,[peə(r)],[per],n. [园艺] 梨树;梨子,广东版三年级起点三年级下.xlsx
guangdong_start3|g3-lower|r033|watermelon,guangdong_start3,3年级下,3,下,33,watermelon,watermelon,[ˈwɔːtəmelən],[ˈwɔːtərmelən],n. 西瓜,广东版三年级起点三年级下.xlsx
guangdong_start3|g3-lower|r034|touch,guangdong_start3,3年级下,3,下,34,touch,touch,[tʌtʃ],[tʌtʃ],n. 接触;触觉;格调;少许 vt. 接触;触动;使轻度受害 vi. 触摸;涉及;接近;提到,广东版三年级起点三年级下.xlsx
guangdong_start3|g3-lower|r035|strawberry,guangdong_start3,3年级下,3,下,35,strawberry,strawberry,[ˈstrɔːbəri],[ˈstrɔːberi],n. 草莓;草莓色,广东版三年级起点三年级下.xlsx
guangdong_start3|g3-lower|r036|cherry,guangdong_start3,3年级下,3,下,36,cherry,cherry,[ˈtʃeri],[ˈtʃeri],"n. 樱桃;樱桃树;如樱桃的鲜红色;处女膜,处女",广东版三年级起点三年级下.xlsx
guangdong_start3|g3-lower|r037|orange,guangdong_start3,3年级下,3,下,37,orange,orange,[ˈɒrɪndʒ],[ˈɔrɪndʒ],adj. 橙色的;橘色的 n. 橙;橙色;桔子,广东版三年级起点三年级下.xlsx
guangdong_start3|g3-lower|r038|peach,guangdong_start3,3年级下,3,下,38,peach,peach,[piːtʃ],[piːtʃ],n. 桃子;桃树;桃红色;受人喜欢的人(或物) adj. 桃色的;用桃子制成的 vt. 告发 vi. 告密,广东版三年级起点三年级下.xlsx
guangdong_start3|g3-lower|r039|grape,guangdong_start3,3年级下,3,下,39,grape,grape,[ɡreɪp],[ɡreɪp],n. 葡萄;葡萄酒;葡萄树;葡萄色,广东版三年级起点三年级下.xlsx
guangdong_start3|g3-lower|r040|where,guangdong_start3,3年级下,3,下,40,where,where,[weə(r)],[wer],conj. 在...的地方 n. 地点 adv. 在哪里 pron. 哪里,广东版三年级起点三年级下.xlsx
guangdong_start3|g3-lower|r041|morning,guangdong_start3,3年级下,3,下,41,morning,morning,[ˈmɔːnɪŋ],[ˈmɔːrnɪŋ],n. 早晨;黎明;初期,广东版三年级起点三年级下.xlsx
guangdong_start3|g3-lower|r042|on,guangdong_start3,3年级下,3,下,42,on,on,[ɒn],[ɑːn],"adv. 向前地;作用中,行动中;继续着 prep. 向,朝......;关于;在......之上;在......时候 adj. 开着的;发生着的,正在进行中",广东版三年级起点三年级下.xlsx
guangdong_start3|g3-lower|r043|box,guangdong_start3,3年级下,3,下,43,box,box,[bɒks],[bɑːks],"n. 箱,盒子;包厢;一拳 vt. 拳击;装...入盒中;打耳光 vi. 拳击",广东版三年级起点三年级下.xlsx
guangdong_start3|g3-lower|r044|socks,guangdong_start3,3年级下,3,下,44,socks,socks,[sɒks],[sɑːks],n. 袜子(sock的复数),广东版三年级起点三年级下.xlsx
guangdong_start3|g3-lower|r045|under,guangdong_start3,3年级下,3,下,45,under,under,[ˈʌndə(r)],[ˈʌndər],"prep. 低于,少于;在...之下 adj. 下面的;从属的 adv. 在下面;在下方",广东版三年级起点三年级下.xlsx
guangdong_start3|g3-lower|r046|class,guangdong_start3,3年级下,3,下,46,class,class,[klɑːs],[klæs],"n. 阶级;班级;种类;班;等级 adj. 极好的;很好的,优秀的,出色的 vt. 分类;把...分等级;把...归入某等级,把...看作(或分类、归类);把...编入某一班级 vi. 属于...类(或等级),被列为某类(或某级)",广东版三年级起点三年级下.xlsx
guangdong_start3|g3-lower|r047|open,guangdong_start3,3年级下,3,下,47,open,open,[ˈəʊpən],[ˈoʊpən],adj. 公开的;敞开的;空旷的;坦率的;营业着的 vi. 开始;展现 vt. 公开;打开 n. 公开;空旷;户外,广东版三年级起点三年级下.xlsx
guangdong_start3|g3-lower|r048|please,guangdong_start3,3年级下,3,下,48,please,please,[pliːz],[pliːz],"int. 请(礼貌用语) vt. 使喜欢;使高兴,使满意 vi. 讨人喜欢;令人高兴",广东版三年级起点三年级下.xlsx
guangdong_start3|g3-lower|r049|pants,guangdong_start3,3年级下,3,下,49,pants,pants,[pænts],[pænts],n. 裤子,广东版三年级起点三年级下.xlsx
guangdong_start3|g3-lower|r050|between,guangdong_start3,3年级下,3,下,50,between,between,[bɪˈtwiːn],[bɪˈtwiːn],prep. 在...之间 adv. 在中间,广东版三年级起点三年级下.xlsx
guangdong_start3|g3-lower|r051|skirt,guangdong_start3,3年级下,3,下,51,skirt,skirt,[skɜːt],[skɜːrt],"n. 裙子 vt. 绕过,回避;位于...边缘 vi. 沿边走,绕开;环绕",广东版三年级起点三年级下.xlsx
guangdong_start3|g3-lower|r052|jacket,guangdong_start3,3年级下,3,下,52,jacket,jacket,[ˈdʒækɪt],[ˈdʒækɪt],"n. 羽绒滑雪衫;西装短外套;短上衣,夹克;土豆皮;书籍的护封;文件套,公文夹 vt. 给...穿夹克;给...装护套;给...包上护封;〈口〉打",广东版三年级起点三年级下.xlsx
guangdong_start3|g3-lower|r053|countryside,guangdong_start3,3年级下,3,下,53,countryside,countryside,[ˈkʌntrisaɪd],[ˈkʌntrisaɪd],"n. 农村,乡下;乡下的全体居民",广东版三年级起点三年级下.xlsx
guangdong_start3|g3-lower|r054|have,guangdong_start3,3年级下,3,下,54,have,have,[həv],[həv; əv; hæv],aux. 已经 vt. 有;让;拿;从事;允许,广东版三年级起点三年级下.xlsx
guangdong_start3|g3-lower|r055|has,guangdong_start3,3年级下,3,下,55,has,has,[həz],[həz; əz; hæz],"v. 有,吃,得到,从事,允许,雇用,享有(have的第三人称单数);(亲属关系中)接受;拿;买到",广东版三年级起点三年级下.xlsx
guangdong_start3|g3-lower|r056|fork,guangdong_start3,3年级下,3,下,56,fork,fork,[fɔːk],[fɔːrk],n. 叉;餐叉;耙 vt. 叉起;使成叉状 vi. 分叉;分歧,广东版三年级起点三年级下.xlsx
guangdong_start3|g3-lower|r057|spoon,guangdong_start3,3年级下,3,下,57,spoon,spoon,[spuːn],[spuːn],"n. 匙,勺子;一杓的量 vt. 用匙舀;使成匙状 vi. 轻轻向上击",广东版三年级起点三年级下.xlsx
guangdong_start3|g3-lower|r058|plate,guangdong_start3,3年级下,3,下,58,plate,plate,[pleɪt],[pleɪt],n. 碟;金属板;金属牌;感光底片 vt. 电镀;给...装甲,广东版三年级起点三年级下.xlsx
guangdong_start3|g3-lower|r059|here,guangdong_start3,3年级下,3,下,59,here,here,[hɪə(r)],[hɪr],n. 这里 adv. 在这里;此时 int. 嘿!;喂!,广东版三年级起点三年级下.xlsx
guangdong_start3|g3-lower|r060|excuse,guangdong_start3,3年级下,3,下,60,excuse,excuse,[ɪkˈskjuːs],[ɪkˈskjuːs],n. 借口;理由 vt. 原谅;为...申辩;给...免去 vi. 作为借口;请求宽恕;表示宽恕,广东版三年级起点三年级下.xlsx
guangdong_start3|g3-lower|r061|cup,guangdong_start3,3年级下,3,下,61,cup,cup,[kʌp],[kʌp],n. 杯子;奖杯;酒杯 vt. 使成杯状;为...拔火罐,广东版三年级起点三年级下.xlsx
guangdong_start3|g3-lower|r062|tent,guangdong_start3,3年级下,3,下,62,tent,tent,[tent],[tent],n. 帐篷;住处;帷幕 vt. 用帐篷遮盖;使在帐篷里住宿 vi. 住帐蓬;暂时居住,广东版三年级起点三年级下.xlsx
guangdong_start3|g3-lower|r063|glass,guangdong_start3,3年级下,3,下,63,glass,glass,[ɡlɑːs],[ɡlæs],n. 玻璃;玻璃制品;镜子 vt. 反映;给某物加玻璃 vi. 成玻璃状,广东版三年级起点三年级下.xlsx
guangdong_start3|g3-lower|r064|knife,guangdong_start3,3年级下,3,下,64,knife,knife,[naɪf],[naɪf],n. 刀;匕首 vt. 用刀切;(口)伤害 vi. 劈开;划过,广东版三年级起点三年级下.xlsx
guangdong_start3|g3-lower|r065|chopsticks,guangdong_start3,3年级下,3,下,65,chopsticks,chopsticks,[ˈtʃɒpstɪks],[ˈtʃɑːpstɪks],n. 筷子,广东版三年级起点三年级下.xlsx
guangdong_start3|g3-lower|r066|bowl,guangdong_start3,3年级下,3,下,66,bowl,bowl,[bəʊl],[boʊl],n. 碗;木球;大酒杯 vt. 投球;旋转;平稳快速移动 vi. 玩保龄球;滑动;平稳快速移动,广东版三年级起点三年级下.xlsx
guangdong_start3|g3-lower|r067|shop,guangdong_start3,3年级下,3,下,67,shop,shop,[ʃɒp],[ʃɑːp],n. 商店;店铺 vt. 购物 vi. 购物;买东西,广东版三年级起点三年级下.xlsx
guangdong_start3|g3-lower|r068|time,guangdong_start3,3年级下,3,下,68,time,time,[taɪm],[taɪm],n. 时间;时代;次数;节拍;倍数 adj. 定时的;定期的;分期的 vt. 计时;测定...的时间;安排...的速度,广东版三年级起点三年级下.xlsx
guangdong_start3|g3-lower|r069|o'clock,guangdong_start3,3年级下,3,下,69,o'clock,o'clock,,,abbr. ...点钟(等于of the clock),广东版三年级起点三年级下.xlsx
guangdong_start3|g3-lower|r070|eleven,guangdong_start3,3年级下,3,下,70,eleven,eleven,[ɪˈlev(ə)n],[ɪˈlevn],num. 十一;十一个 n. 十一;十一个 adj. 十一的;十一个的,广东版三年级起点三年级下.xlsx
guangdong_start3|g3-lower|r071|twelve,guangdong_start3,3年级下,3,下,71,twelve,twelve,[twelv],[twelv],num. 十二;十二个 n. 十二;十二个 adj. 十二的;十二个,广东版三年级起点三年级下.xlsx
guangdong_start3|g3-lower|r072|pupil,guangdong_start3,3年级下,3,下,72,pupil,pupil,[ˈpjuːp(ə)l],[ˈpjuːpl],n. 学生;[解剖] 瞳孔;未成年人,广东版三年级起点三年级下.xlsx
guangdong_start3|g3-lower|r073|there,guangdong_start3,3年级下,3,下,73,there,there,[ðeə(r)],[ðer],n. 那个地方 adv. 在那里;在那边;在那点上 int. 你瞧,广东版三年级起点三年级下.xlsx
guangdong_start3|g3-lower|r074|count,guangdong_start3,3年级下,3,下,74,count,count,[kaʊnt],[kaʊnt],n. 计数;计算;伯爵 vt. 计算;认为 vi. 计数;有价值,广东版三年级起点三年级下.xlsx
guangdong_start3|g3-lower|r075|eat,guangdong_start3,3年级下,3,下,75,eat,eat,[iːt],[iːt],"vt. 吃,喝;腐蚀;烦扰 vi. 进食;腐蚀,侵蚀",广东版三年级起点三年级下.xlsx
guangdong_start3|g3-lower|r076|sandwich,guangdong_start3,3年级下,3,下,76,sandwich,sandwich,[ˈsænwɪtʃ; ˈsænwɪdʒ],[ˈsænwɪtʃ; ˈsænwɪdʒ],n. 三明治;夹心面包 vt. 夹入;挤进;把...做成三明治,广东版三年级起点三年级下.xlsx
guangdong_start3|g3-lower|r077|thirteen,guangdong_start3,3年级下,3,下,77,thirteen,thirteen,[ˌθɜːˈtiːn],[ˌθɜːrˈtiːn],n. 十三;十三岁;十三个 num. 十三 adj. 十三的;十三个的,广东版三年级起点三年级下.xlsx
guangdong_start3|g3-lower|r078|fourteen,guangdong_start3,3年级下,3,下,78,fourteen,fourteen,[ˌfɔːˈtiːn],[ˌfɔːrˈtiːn],num. 十四;十四个;第十四 n. 十四的记号;十四岁;十四点钟;十五世纪,广东版三年级起点三年级下.xlsx
guangdong_start3|g3-lower|r079|fifteen,guangdong_start3,3年级下,3,下,79,fifteen,fifteen,[ˌfɪfˈtiːn],[ˌfɪfˈtiːn],n. 十五;十五个;十五人组成的橄榄球队 num. 十五 adj. 十五的,广东版三年级起点三年级下.xlsx
guangdong_start3|g3-lower|r080|sixteen,guangdong_start3,3年级下,3,下,80,sixteen,sixteen,[ˌsɪksˈtiːn],[ˌsɪksˈtiːn],"num. 十六 adj. 十六的,十六个的",广东版三年级起点三年级下.xlsx
guangdong_start3|g3-lower|r081|seventeen,guangdong_start3,3年级下,3,下,81,seventeen,seventeen,[ˌsev(ə)nˈtiːn],[ˌsevnˈtiːn],"n. 十七,十七个 num. 十七 adj. 十七岁的;十七的,十七个的",广东版三年级起点三年级下.xlsx
guangdong_start3|g3-lower|r082|eighteen,guangdong_start3,3年级下,3,下,82,eighteen,eighteen,[ˌeɪˈtiːn],[ˌeɪˈtiːn],"n. 十八,十八个 num. 十八 adj. 十八个的,十八的",广东版三年级起点三年级下.xlsx
guangdong_start3|g3-lower|r083|nineteen,guangdong_start3,3年级下,3,下,83,nineteen,nineteen,[ˌnaɪnˈtiːn],[ˌnaɪnˈtiːn],num. 十九,广东版三年级起点三年级下.xlsx
guangdong_start3|g3-lower|r084|twenty,guangdong_start3,3年级下,3,下,84,twenty,twenty,[ˈtwenti],[ˈtwenti],num. 二十 n. 二十;二十年代 adj. 二十的,广东版三年级起点三年级下.xlsx
guangdong_start3|g4-upper|r002|subject,guangdong_start3,4年级上,4,上,2,subject,subject,[ˈsʌbdʒɪkt; ˈsʌbdʒekt],[ˈsʌbdʒɪkt; ˈsʌbdʒekt],n. 主题;科目;[语] 主语;国民 adj. 服从的;易患...的;受制于...的 vt. 使...隶属;使屈从于...,广东版三年级起点四年级上.xlsx
guangdong_start3|g4-upper|r003|english,guangdong_start3,4年级上,4,上,3,English,english,[ˈɪŋɡlɪʃ],[ˈɪŋɡlɪʃ],n. 英语;英国人;英文;英格兰人 adj. 英国人的;英国的;英文的 vt. 把...译成英语,广东版三年级起点四年级上.xlsx
guangdong_start3|g4-upper|r004|chinese,guangdong_start3,4年级上,4,上,4,Chinese,chinese,[ˌtʃaɪˈniːz],[ˌtʃaɪˈniːz],"n. 中文,汉语;中国人 adj. 中国的,中国人的;中国话的",广东版三年级起点四年级上.xlsx
guangdong_start3|g4-upper|r005|music,guangdong_start3,4年级上,4,上,5,music,music,[ˈmjuːzɪk],[ˈmjuːzɪk],"n. 音乐,乐曲",广东版三年级起点四年级上.xlsx
guangdong_start3|g4-upper|r006|art,guangdong_start3,4年级上,4,上,6,art,art,[ɑːt],[ɑːrt],n. 艺术;美术;艺术品 v. 是(be的变体) adj. 艺术的;艺术品的,广东版三年级起点四年级上.xlsx
guangdong_start3|g4-upper|r007|math,guangdong_start3,4年级上,4,上,7,math,math,[mæθ],[mæθ],n. 数学(等于mathematics),广东版三年级起点四年级上.xlsx
guangdong_start3|g4-upper|r008|p.e.,guangdong_start3,4年级上,4,上,8,P.E.,p.e.,,,n. 体育(课)(全写为 physical education),广东版三年级起点四年级上.xlsx
guangdong_start3|g4-upper|r009|science,guangdong_start3,4年级上,4,上,9,science,science,[ˈsaɪəns],[ˈsaɪəns],n. 科学;技术;学科;理科,广东版三年级起点四年级上.xlsx
guangdong_start3|g4-upper|r010|like,guangdong_start3,4年级上,4,上,10,like,like,[laɪk],[laɪk],vt. 喜欢;想;愿意 vi. 喜欢;希望 prep. 像;如同 adj. 同样的;相似的 n. 爱好;同样的人或物 adv. 可能 conj. 好像,广东版三年级起点四年级上.xlsx
guangdong_start3|g4-upper|r011|and,guangdong_start3,4年级上,4,上,11,and,and,[ənd],[ənd; ən; n; ænd],"conj. 和,与;就;而且;但是;然后",广东版三年级起点四年级上.xlsx
guangdong_start3|g4-upper|r012|play,guangdong_start3,4年级上,4,上,12,play,play,[pleɪ],[pleɪ],n. 游戏;比赛;剧本 vt. 游戏;扮演;演奏;播放;同...比赛 vi. 演奏;玩耍;上演;参加比赛,广东版三年级起点四年级上.xlsx
guangdong_start3|g4-upper|r013|study,guangdong_start3,4年级上,4,上,13,study,study,[ˈstʌdi],[ˈstʌdi],"n. 学习,研究;课题;书房;学问 vt. 学习;考虑;攻读;细察 vi. 研究;用功",广东版三年级起点四年级上.xlsx
guangdong_start3|g4-upper|r014|paint,guangdong_start3,4年级上,4,上,14,paint,paint,[peɪnt],[peɪnt],"vt. 油漆;绘画;装饰;涂色于;描绘;(用语言,文字等)描写;擦脂粉等 vi. 油漆;描绘;绘画;化妆 n. 油漆;颜料,涂料;绘画作品;胭脂等化妆品;色彩,装饰",广东版三年级起点四年级上.xlsx
guangdong_start3|g4-upper|r015|sleep,guangdong_start3,4年级上,4,上,15,sleep,sleep,[sliːp],[sliːp],"n. 睡眠 vi. 睡,睡觉",广东版三年级起点四年级上.xlsx
guangdong_start3|g4-upper|r016|write,guangdong_start3,4年级上,4,上,16,write,write,[raɪt],[raɪt],"vi. 写,写字;写作,作曲;写信 vt. 写,书写;写信给;著述",广东版三年级起点四年级上.xlsx
guangdong_start3|g4-upper|r017|run,guangdong_start3,4年级上,4,上,17,run,run,[rʌn],[rʌn],"n. 奔跑;赛跑;趋向;奔跑的路程 vt. 管理,经",广东版三年级起点四年级上.xlsx
guangdong_start3|g4-upper|r018|read,guangdong_start3,4年级上,4,上,18,read,read,[riːd],[riːd],"n. 阅读;读物 adj. 有学问的 vi. 读;读起来 vt. 阅读;读懂,理解",广东版三年级起点四年级上.xlsx
guangdong_start3|g4-upper|r019|swim,guangdong_start3,4年级上,4,上,19,swim,swim,[swɪm],[swɪm],n. 游泳;漂浮;眩晕 adj. 游泳时穿戴的 vi. 游泳;漂浮;浸;眩晕 vt. 游过;使浮起,广东版三年级起点四年级上.xlsx
guangdong_start3|g4-upper|r020|do,guangdong_start3,4年级上,4,上,20,do,do,[duː; də; du; dəʊ],[duː; də; du; doʊ],"vi. 行,足够;生长 n. 要求;规定;C大调音阶中的第一音 v. 做;干;学习;研究;进行;完成;解答;整理;算出;引起;行过 aux. 助动词(构成疑问句和否定句);(代替动词);(用于加强语气) n. (口语)事件;(主英国口语)诈骗;(主英国、新西兰口语)宴会;(口语)必须做到的事情",广东版三年级起点四年级上.xlsx
guangdong_start3|g4-upper|r021|fish,guangdong_start3,4年级上,4,上,21,fish,fish,[fɪʃ],[fɪʃ],"n. 鱼,鱼类 vt. 钓鱼,捕鱼;搜寻 vi. 捕鱼,钓鱼;用钩捞取",广东版三年级起点四年级上.xlsx
guangdong_start3|g4-upper|r022|shh,guangdong_start3,4年级上,4,上,22,shh,shh,[ʃ],[ʃ],int. 嘘;安静一点,广东版三年级起点四年级上.xlsx
guangdong_start3|g4-upper|r023|sunday,guangdong_start3,4年级上,4,上,23,Sunday,sunday,[ˈsʌndeɪ],[ˈsʌndeɪ],n. 星期日;礼拜日,广东版三年级起点四年级上.xlsx
guangdong_start3|g4-upper|r024|monday,guangdong_start3,4年级上,4,上,24,Monday,monday,[ˈmʌndeɪ],[ˈmʌndeɪ],n. 星期一,广东版三年级起点四年级上.xlsx
guangdong_start3|g4-upper|r025|tuesday,guangdong_start3,4年级上,4,上,25,Tuesday,tuesday,[ˈtjuːzdeɪ],[ˈtuːzdeɪ],n. 星期二,广东版三年级起点四年级上.xlsx
guangdong_start3|g4-upper|r026|wednesday,guangdong_start3,4年级上,4,上,26,Wednesday,wednesday,[ˈwenzdeɪ],[ˈwenzdeɪ],n. 星期三,广东版三年级起点四年级上.xlsx
guangdong_start3|g4-upper|r027|thursday,guangdong_start3,4年级上,4,上,27,Thursday,thursday,[ˈθɜːzdeɪ],[ˈθɜːrzdeɪ],n. 星期四,广东版三年级起点四年级上.xlsx
guangdong_start3|g4-upper|r028|friday,guangdong_start3,4年级上,4,上,28,Friday,friday,[ˈfraɪdeɪ],[ˈfraɪdeɪ],n. 星期五,广东版三年级起点四年级上.xlsx
guangdong_start3|g4-upper|r029|saturday,guangdong_start3,4年级上,4,上,29,Saturday,saturday,[ˈsætədeɪ],[ˈsætərdeɪ],n. 星期六,广东版三年级起点四年级上.xlsx
guangdong_start3|g4-upper|r030|week,guangdong_start3,4年级上,4,上,30,week,week,[wiːk],[wiːk],"n. 周,星期",广东版三年级起点四年级上.xlsx
guangdong_start3|g4-upper|r031|today,guangdong_start3,4年级上,4,上,31,today,today,[təˈdeɪ],[təˈdeɪ],n. 今天;现今 adv. 今天;现今,广东版三年级起点四年级上.xlsx
guangdong_start3|g4-upper|r032|violin,guangdong_start3,4年级上,4,上,32,violin,violin,[ˌvaɪəˈlɪn],[ˌvaɪəˈlɪn],n. 小提琴;小提琴手,广东版三年级起点四年级上.xlsx
guangdong_start3|g4-upper|r033|ball,guangdong_start3,4年级上,4,上,33,ball,ball,[bɔːl],[bɔːl],n. 球;舞会 vt. 捏成球形 vi. 成团块,广东版三年级起点四年级上.xlsx
guangdong_start3|g4-upper|r034|mom,guangdong_start3,4年级上,4,上,34,mom,mom,[mɒm],[mɑːm],n. 妈妈,广东版三年级起点四年级上.xlsx
guangdong_start3|g4-upper|r035|birthday,guangdong_start3,4年级上,4,上,35,birthday,birthday,[ˈbɜːθdeɪ],[ˈbɜːrθdeɪ],"n. 生日,诞辰;诞生的日子",广东版三年级起点四年级上.xlsx
guangdong_start3|g4-upper|r036|get up,guangdong_start3,4年级上,4,上,36,get up,get up,[ɡet ʌp],[ɡet ʌp],na. 起床;起身;站起来;叫...起床,广东版三年级起点四年级上.xlsx
guangdong_start3|g4-upper|r037|have breakfast,guangdong_start3,4年级上,4,上,37,have breakfast,have breakfast,[hæv 'brekfəst],[hæv ˈbrekfəst],吃早饭;吃早餐;吃早点,广东版三年级起点四年级上.xlsx
guangdong_start3|g4-upper|r038|go to school,guangdong_start3,4年级上,4,上,38,go to school,go to school,,,na. 到校上课;上学去;开始求学,广东版三年级起点四年级上.xlsx
guangdong_start3|g4-upper|r039|have lunch,guangdong_start3,4年级上,4,上,39,have lunch,have lunch,[hæv lʌntʃ],[hæv lʌntʃ],吃午饭;吃午餐;吃中饭,广东版三年级起点四年级上.xlsx
guangdong_start3|g4-upper|r040|get home,guangdong_start3,4年级上,4,上,40,get home,get home,,,na. 到家;命中;回家;达到目的,广东版三年级起点四年级上.xlsx
guangdong_start3|g4-upper|r041|do homework,guangdong_start3,4年级上,4,上,41,do homework,do homework,,,做作业;做家庭作业;做功课,广东版三年级起点四年级上.xlsx
guangdong_start3|g4-upper|r042|have dinner,guangdong_start3,4年级上,4,上,42,have dinner,have dinner,,,吃晚饭;吃饭;吃正餐,广东版三年级起点四年级上.xlsx
guangdong_start3|g4-upper|r043|go to bed,guangdong_start3,4年级上,4,上,43,go to bed,go to bed,,,na. 睡;同床;【印】付印,广东版三年级起点四年级上.xlsx
guangdong_start3|g4-upper|r044|lake,guangdong_start3,4年级上,4,上,44,lake,lake,[leɪk],[leɪk],n. 湖;深红色颜料;胭脂红 vt. (使)血球溶解 vi. (使)血球溶解,广东版三年级起点四年级上.xlsx
guangdong_start3|g4-upper|r045|time,guangdong_start3,4年级上,4,上,45,time,time,[taɪm],[taɪm],n. 时间;时代;次数;节拍;倍数 adj. 定时的;定期的;分期的 vt. 计时;测定...的时间;安排...的速度,广东版三年级起点四年级上.xlsx
guangdong_start3|g4-upper|r046|tomorrow,guangdong_start3,4年级上,4,上,46,tomorrow,tomorrow,[təˈmɒrəʊ],[təˈmɑːroʊ],n. 明天;未来 adv. 明天;未来地(等于to-morrow),广东版三年级起点四年级上.xlsx
guangdong_start3|g4-upper|r047|wake up,guangdong_start3,4年级上,4,上,47,wake up,wake up,[ˈweɪk ˌʌp],[ˈweɪk ˌʌp],na. 同“wake”;叫醒;醒来;振作起来,广东版三年级起点四年级上.xlsx
guangdong_start3|g4-upper|r048|go to sleep,guangdong_start3,4年级上,4,上,48,go to sleep,go to sleep,,,na. 入睡,广东版三年级起点四年级上.xlsx
guangdong_start3|g4-upper|r049|twenty-one,guangdong_start3,4年级上,4,上,49,twenty-one,twenty-one,['twenti'wʌn],[ˈtwenti wʌn],n. 二十一点纸牌游戏 num. 二十一 adj. 二十一的,广东版三年级起点四年级上.xlsx
guangdong_start3|g4-upper|r050|thirty,guangdong_start3,4年级上,4,上,50,thirty,thirty,[ˈθɜːti],[ˈθɜːrti],num. 三十 n. 三十年代 adj. 三十个的,广东版三年级起点四年级上.xlsx
guangdong_start3|g4-upper|r051|forty,guangdong_start3,4年级上,4,上,51,forty,forty,[ˈfɔːti],[ˈfɔːrti],n. 四十 adj. 四十的;四十个的,广东版三年级起点四年级上.xlsx
guangdong_start3|g4-upper|r052|fifty,guangdong_start3,4年级上,4,上,52,fifty,fifty,[ˈfɪfti],[ˈfɪfti],n. 五十;五十个;编号为50的东西 adj. 五十的;五十个的;众多的,广东版三年级起点四年级上.xlsx
guangdong_start3|g4-upper|r053|eye,guangdong_start3,4年级上,4,上,53,eye,eye,[aɪ],[aɪ],"n. 眼睛;视力;眼光;见解,观点 vt. 注视,看",广东版三年级起点四年级上.xlsx
guangdong_start3|g4-upper|r054|ear,guangdong_start3,4年级上,4,上,54,ear,ear,[ɪə(r)],[ɪr],n. 耳朵;穗;听觉;倾听 vi. (美俚)听见;抽穗,广东版三年级起点四年级上.xlsx
guangdong_start3|g4-upper|r055|nose,guangdong_start3,4年级上,4,上,55,nose,nose,[nəʊz],[noʊz],n. 鼻子;嗅觉;突出的部分;探问 vt. 嗅;用鼻子触 vi. 小心探索着前进;探问,广东版三年级起点四年级上.xlsx
guangdong_start3|g4-upper|r056|mouth,guangdong_start3,4年级上,4,上,56,mouth,mouth,[maʊθ],[maʊθ],"n. 口,嘴;河口 vt. 做作地说,装腔作势地说;喃喃地说出 vi. 装腔作势说话",广东版三年级起点四年级上.xlsx
guangdong_start3|g4-upper|r057|hand,guangdong_start3,4年级上,4,上,57,hand,hand,[hænd],[hænd],"n. 手,手艺;帮助;指针;插手 vt. 传递,交给;支持;搀扶",广东版三年级起点四年级上.xlsx
guangdong_start3|g4-upper|r058|arm,guangdong_start3,4年级上,4,上,58,arm,arm,[ɑːm],[ɑːrm],n. 手臂;武器;袖子;装备;部门 vt. 武装;备战 vi. 武装起来,广东版三年级起点四年级上.xlsx
guangdong_start3|g4-upper|r059|leg,guangdong_start3,4年级上,4,上,59,leg,leg,[leɡ],[leɡ],n. 腿;支柱,广东版三年级起点四年级上.xlsx
guangdong_start3|g4-upper|r060|foot,guangdong_start3,4年级上,4,上,60,foot,foot,[fʊt],[fʊt],n. 脚;英尺;步调;末尾 vt. 支付;给......换底 vi. 步行;跳舞;总计,广东版三年级起点四年级上.xlsx
guangdong_start3|g4-upper|r061|touch,guangdong_start3,4年级上,4,上,61,touch,touch,[tʌtʃ],[tʌtʃ],n. 接触;触觉;格调;少许 vt. 接触;触动;使轻度受害 vi. 触摸;涉及;接近;提到,广东版三年级起点四年级上.xlsx
guangdong_start3|g4-upper|r062|open,guangdong_start3,4年级上,4,上,62,open,open,[ˈəʊpən],[ˈoʊpən],adj. 公开的;敞开的;空旷的;坦率的;营业着的 vi. 开始;展现 vt. 公开;打开 n. 公开;空旷;户外,广东版三年级起点四年级上.xlsx
guangdong_start3|g4-upper|r063|close,guangdong_start3,4年级上,4,上,63,close,close,[kləʊz],[kloʊz; kloʊs],n. 结束 adj. 紧密的;亲密的;亲近的 vt. 关;结束;使靠近 vi. 关;结束;关闭 adv. 紧密地,广东版三年级起点四年级上.xlsx
guangdong_start3|g4-upper|r064|body,guangdong_start3,4年级上,4,上,64,body,body,[ˈbɒdi],[ˈbɑːdi],n. 身体;主体;大量;团体;主要部分 vt. 赋以形体,广东版三年级起点四年级上.xlsx
guangdong_start3|g4-upper|r065|head,guangdong_start3,4年级上,4,上,65,head,head,[hed],[hed],n. 头;头痛;上端;最前的部分;理解力 adj. 头的;主要的;在顶端的 vt. 前进;用头顶;作为...的首领;站在...的前头;给...加标题 vi. 出发;成头状物;船驶往,广东版三年级起点四年级上.xlsx
guangdong_start3|g4-upper|r066|dance,guangdong_start3,4年级上,4,上,66,dance,dance,[dɑːns],[dæns],n. 舞蹈;舞会;舞曲 adj. 舞蹈的;用于跳舞的 vt. 跳舞;使跳跃 vi. 跳舞;跳跃;飘扬,广东版三年级起点四年级上.xlsx
guangdong_start3|g4-upper|r067|computer game,guangdong_start3,4年级上,4,上,67,computer game,computer game,[kəmˈpjuːtə ɡeɪm],[kəm'pju:tə geim],n. 电脑游戏,广东版三年级起点四年级上.xlsx
guangdong_start3|g4-upper|r068|puzzle,guangdong_start3,4年级上,4,上,68,puzzle,puzzle,[ˈpʌzl],[ˈpʌzl],n. 谜;难题;迷惑 vt. 使...困惑;使...为难;苦思而得出 vi. 迷惑;冥思苦想,广东版三年级起点四年级上.xlsx
guangdong_start3|g4-upper|r069|plane,guangdong_start3,4年级上,4,上,69,plane,plane,[pleɪn],[pleɪn],"n. 飞机;平面;程度,水平 adj. 平的;平面的 vt. 刨平;用刨子刨;掠过水面 vi. 刨;乘飞机旅行;翱翔",广东版三年级起点四年级上.xlsx
guangdong_start3|g4-upper|r070|toy car,guangdong_start3,4年级上,4,上,70,toy car,toy car,,,玩具车;玩具汽车;玩具小汽车,广东版三年级起点四年级上.xlsx
guangdong_start3|g4-upper|r071|doll,guangdong_start3,4年级上,4,上,71,doll,doll,[dɒl],[dɑːl],n. 洋娃娃;玩偶;无头脑的美丽女人 vt. 把...打扮得花枝招展,广东版三年级起点四年级上.xlsx
guangdong_start3|g4-upper|r072|bear,guangdong_start3,4年级上,4,上,72,bear,bear,[beə(r)],[ber],"n. 熊 vt. 结果实,开花(正式) vt. 忍受;承受;具有;支撑",广东版三年级起点四年级上.xlsx
guangdong_start3|g4-upper|r073|drum,guangdong_start3,4年级上,4,上,73,drum,drum,[drʌm],[drʌm],n. 鼓;鼓声 vi. 击鼓;大力争取 vt. 击鼓;大力争取,广东版三年级起点四年级上.xlsx
guangdong_start3|g4-upper|r074|guitar,guangdong_start3,4年级上,4,上,74,guitar,guitar,[ɡɪˈtɑː(r)],[ɡɪˈtɑːr],"n. 吉他,六弦琴 vi. 弹吉他",广东版三年级起点四年级上.xlsx
guangdong_start3|g4-upper|r075|want,guangdong_start3,4年级上,4,上,75,want,want,[wɒnt],[wɑːnt],n. 需要;缺乏;贫困;必需品 vt. 需要;希望;应该;缺少 vi. 需要;缺少,广东版三年级起点四年级上.xlsx
guangdong_start3|g4-upper|r076|work,guangdong_start3,4年级上,4,上,76,work,work,[wɜːk],[wɜːrk],n. 工作;[物] 功;产品;操作;职业;行为;事业;工厂;著作;文学、音乐或艺术作品 vt. 使工作;操作;经营;使缓慢前进 vi. 工作;运作;起作用,广东版三年级起点四年级上.xlsx
guangdong_start3|g4-upper|r077|shout,guangdong_start3,4年级上,4,上,77,shout,shout,[ʃaʊt],[ʃaʊt],n. 呼喊;呼叫 vi. 呼喊;喊叫;大声说 vt. 呼喊;大声说,广东版三年级起点四年级上.xlsx
guangdong_start3|g4-upper|r078|think,guangdong_start3,4年级上,4,上,78,think,think,[θɪŋk],[θɪŋk],n. 想;想法 adj. 思想的 vi. 想;认为 vt. 想;认为;想起;想像;打算,广东版三年级起点四年级上.xlsx
guangdong_start3|g4-upper|r079|exercise,guangdong_start3,4年级上,4,上,79,exercise,exercise,[ˈeksəsaɪz],[ˈeksərsaɪz],n. 运动;练习;运用;操练;礼拜;典礼 vt. 锻炼;练习;使用;使忙碌;使惊恐 vi. 运动;练习,广东版三年级起点四年级上.xlsx
guangdong_start3|g4-upper|r080|talk,guangdong_start3,4年级上,4,上,80,talk,talk,[tɔːk],[tɔːk],n. 谈话;演讲;空谈 vi. 谈话;说闲话 vt. 说;谈话;讨论,广东版三年级起点四年级上.xlsx
guangdong_start3|g4-upper|r081|color,guangdong_start3,4年级上,4,上,81,color,color,[ˈkʌlə(r)],[ˈkʌlər],n. 颜色;肤色;颜料;脸色 vt. 粉饰;给...涂颜色;歪曲 vi. 变色;获得颜色,广东版三年级起点四年级上.xlsx
guangdong_start3|g4-upper|r082|cut,guangdong_start3,4年级上,4,上,82,cut,cut,[kʌt],[kʌt],n. 伤口;切口;削减;(服装等的)式样;削球;切入 adj. 割下的;雕过的;缩减的 vt. [机] 切割;削减;缩短;刺痛 vi. [机] 切割;相交;切牌;停拍;不出席,广东版三年级起点四年级上.xlsx
guangdong_start3|g4-upper|r083|thump,guangdong_start3,4年级上,4,上,83,thump,thump,[θʌmp],[θʌmp],n. 重打;重击声 vi. 重击;狠打;砰然地响 vt. 重击;用拳头打;砰地撞到,广东版三年级起点四年级上.xlsx
guangdong_start3|g4-upper|r084|dad,guangdong_start3,4年级上,4,上,84,dad,dad,[dæd],[dæd],n. 爸爸;爹爹,广东版三年级起点四年级上.xlsx
guangdong_start3|g4-upper|r085|sweep,guangdong_start3,4年级上,4,上,85,sweep,sweep,[swiːp],[swiːp],"n. 打扫,扫除;范围;全胜 vt. 扫除;猛拉;掸去 vi. 扫,打扫;席卷;扫视;袭击",广东版三年级起点四年级上.xlsx
guangdong_start3|g4-upper|r086|floor,guangdong_start3,4年级上,4,上,86,floor,floor,[flɔː(r)],[flɔːr],"n. 地板,地面;楼层;基底;议员席 vt. 铺地板;打倒,击倒;(被困难)难倒",广东版三年级起点四年级上.xlsx
guangdong_start3|g4-upper|r087|clean,guangdong_start3,4年级上,4,上,87,clean,clean,[kliːn],[kliːn],"n. 打扫 adj. 清洁的,干净的;清白的 vt. 使干净 vi. 打扫,清扫 adv. 完全地",广东版三年级起点四年级上.xlsx
guangdong_start3|g4-upper|r088|window,guangdong_start3,4年级上,4,上,88,window,window,[ˈwɪndəʊ],[ˈwɪndoʊ],n. 窗;窗口;窗户,广东版三年级起点四年级上.xlsx
guangdong_start3|g4-upper|r089|wash,guangdong_start3,4年级上,4,上,89,wash,wash,[wɒʃ],[wɑːʃ],n. 洗涤;洗的衣服;化妆水;冲积物 vt. 洗涤;洗刷;冲走;拍打 vi. 洗澡;被冲蚀,广东版三年级起点四年级上.xlsx
guangdong_start3|g4-upper|r090|dish,guangdong_start3,4年级上,4,上,90,dish,dish,[dɪʃ],[dɪʃ],n. 盘;餐具;一盘食物;外貌有吸引力的人 vt. 盛于碟盘中;分发;使某人的希望破灭;说(某人)的闲话 vi. 成碟状;闲谈,广东版三年级起点四年级上.xlsx
guangdong_start3|g4-upper|r091|fold,guangdong_start3,4年级上,4,上,91,fold,fold,[fəʊld],[foʊld],n. 折痕;信徒;羊栏 vt. 折叠;合拢;抱住;笼罩 vi. 折叠起来;彻底失败,广东版三年级起点四年级上.xlsx
guangdong_start3|g4-upper|r092|clothes,guangdong_start3,4年级上,4,上,92,clothes,clothes,[kləʊðz],[kloʊðz; kloʊz],n. 衣服,广东版三年级起点四年级上.xlsx
guangdong_start3|g4-upper|r093|busy,guangdong_start3,4年级上,4,上,93,busy,busy,[ˈbɪzi],[ˈbɪzi],adj. 忙碌的;热闹的;正被占用的 vt. 使忙于,广东版三年级起点四年级上.xlsx
guangdong_start3|g4-upper|r094|cook,guangdong_start3,4年级上,4,上,94,cook,cook,[kʊk],[kʊk],"n. 厨师,厨子 vt. 烹调,煮 vi. 烹调,做菜",广东版三年级起点四年级上.xlsx
guangdong_start3|g4-upper|r095|wait,guangdong_start3,4年级上,4,上,95,wait,wait,[weɪt],[weɪt],n. 等待;等候 vi. 等待;耽搁;伺候用餐 vt. 等候;推迟;延缓,广东版三年级起点四年级上.xlsx
guangdong_start3|g4-lower|r002|teachers' office,guangdong_start3,4年级下,4,下,2,teachers' office,teachers' office,,,无,广东版三年级起点四年级下.xlsx
guangdong_start3|g4-lower|r003|classroom,guangdong_start3,4年级下,4,下,3,classroom,classroom,[ˈklɑːsruːm],[ˈklæsruːm; ˈklæsrʊm],n. 教室,广东版三年级起点四年级下.xlsx
guangdong_start3|g4-lower|r004|hall,guangdong_start3,4年级下,4,下,4,hall,hall,[hɔːl],[hɔːl],"n. 过道,门厅,走廊;会堂;食堂;学生宿舍;大厅,前厅;娱乐中心,会所",广东版三年级起点四年级下.xlsx
guangdong_start3|g4-lower|r005|library,guangdong_start3,4年级下,4,下,5,library,library,[ˈlaɪbrəri; ˈlaɪbri],[ˈlaɪbreri],"n. 图书馆,藏书室;文库",广东版三年级起点四年级下.xlsx
guangdong_start3|g4-lower|r006|music room,guangdong_start3,4年级下,4,下,6,music room,music room,,,音乐教室;音乐室;音乐厅,广东版三年级起点四年级下.xlsx
guangdong_start3|g4-lower|r007|art room,guangdong_start3,4年级下,4,下,7,art room,art room,,,绘画教室;美术室;美术教室,广东版三年级起点四年级下.xlsx
guangdong_start3|g4-lower|r008|gym,guangdong_start3,4年级下,4,下,8,gym,gym,[dʒɪm],[dʒɪm],n. 健身房;体育;体育馆,广东版三年级起点四年级下.xlsx
guangdong_start3|g4-lower|r009|playground,guangdong_start3,4年级下,4,下,9,playground,playground,[ˈpleɪɡraʊnd],[ˈpleɪɡraʊnd],"n. 运动场,操场;游乐场",广东版三年级起点四年级下.xlsx
guangdong_start3|g4-lower|r010|school,guangdong_start3,4年级下,4,下,10,school,school,[skuːl],[skuːl],n. 学校;学院;学派;鱼群 vt. 教育,广东版三年级起点四年级下.xlsx
guangdong_start3|g4-lower|r011|come,guangdong_start3,4年级下,4,下,11,come,come,[kʌm],[kʌm],vi. 来;开始;出现;发生;变成;到达 vt. 做;假装;将满(...岁) int. 嗨!,广东版三年级起点四年级下.xlsx
guangdong_start3|g4-lower|r012|too,guangdong_start3,4年级下,4,下,12,too,too,[tuː],[tuː],adv. 太;也;很;还;非常;过度,广东版三年级起点四年级下.xlsx
guangdong_start3|g4-lower|r013|of course,guangdong_start3,4年级下,4,下,13,of course,of course,,,na. 当然,广东版三年级起点四年级下.xlsx
guangdong_start3|g4-lower|r014|idea,guangdong_start3,4年级下,4,下,14,idea,idea,[aɪˈdɪə],[aɪˈdiːə],n. 想法;主意;概念,广东版三年级起点四年级下.xlsx
guangdong_start3|g4-lower|r015|living room,guangdong_start3,4年级下,4,下,15,living room,living room,['lɪvɪŋ ru:m],[ˈlɪvɪŋ ruːm],n. 客厅;起居室,广东版三年级起点四年级下.xlsx
guangdong_start3|g4-lower|r016|dining room,guangdong_start3,4年级下,4,下,16,dining room,dining room,,,n. 饭厅;餐厅,广东版三年级起点四年级下.xlsx
guangdong_start3|g4-lower|r017|bedroom,guangdong_start3,4年级下,4,下,17,bedroom,bedroom,[ˈbedruːm],[ˈbedruːm; ˈbedrʊm],n. 卧室 adj. 两性关系的;城郊住宅区的,广东版三年级起点四年级下.xlsx
guangdong_start3|g4-lower|r018|kitchen,guangdong_start3,4年级下,4,下,18,kitchen,kitchen,[ˈkɪtʃɪn],[ˈkɪtʃɪn],n. 厨房;炊具;炊事人员,广东版三年级起点四年级下.xlsx
guangdong_start3|g4-lower|r019|bathroom,guangdong_start3,4年级下,4,下,19,bathroom,bathroom,[ˈbɑːθruːm; ˈbɑːθrʊm],[ˈbæθruːm],n. 浴室;厕所;盥洗室,广东版三年级起点四年级下.xlsx
guangdong_start3|g4-lower|r020|garden,guangdong_start3,4年级下,4,下,20,garden,garden,[ˈɡɑːdn],[ˈɡɑːrdn],n. 花园;菜园 vt. 栽培花木 vi. 从事园艺;在园中种植,广东版三年级起点四年级下.xlsx
guangdong_start3|g4-lower|r021|new,guangdong_start3,4年级下,4,下,21,new,new,[njuː],[nuː],"adj. 新的,新鲜的;更新的;初见的 adv. 新近",广东版三年级起点四年级下.xlsx
guangdong_start3|g4-lower|r022|kid,guangdong_start3,4年级下,4,下,22,kid,kid,[kɪd],[kɪd],n. 小孩;小山羊 vt. 欺骗;取笑;戏弄 vi. 欺骗;取笑;戏弄 adj. 小山羊皮制的;较年幼的,广东版三年级起点四年级下.xlsx
guangdong_start3|g4-lower|r023|everyone,guangdong_start3,4年级下,4,下,23,everyone,everyone,[ˈevriwʌn],[ˈevriwʌn],n. 每个人 pron. 每个人;人人,广东版三年级起点四年级下.xlsx
guangdong_start3|g4-lower|r024|nice,guangdong_start3,4年级下,4,下,24,nice,nice,[naɪs],[naɪs],adj. 精密的;美好的;细微的;和蔼的,广东版三年级起点四年级下.xlsx
guangdong_start3|g4-lower|r025|movie theater,guangdong_start3,4年级下,4,下,25,movie theater,movie theater,,,n. 电影院,广东版三年级起点四年级下.xlsx
guangdong_start3|g4-lower|r026|swimming pool,guangdong_start3,4年级下,4,下,26,swimming pool,swimming pool,[ˈswɪmɪŋ puːl],[ˈswɪmɪŋ puːl],n. 游泳池;游泳场;游泳馆,广东版三年级起点四年级下.xlsx
guangdong_start3|g4-lower|r027|hospital,guangdong_start3,4年级下,4,下,27,hospital,hospital,[ˈhɒspɪt(ə)l],[ˈhɑːspɪtl],n. 医院,广东版三年级起点四年级下.xlsx
guangdong_start3|g4-lower|r028|bank,guangdong_start3,4年级下,4,下,28,bank,bank,[bæŋk],[bæŋk],n. 银行;岸;浅滩;储库 vt. 将...存入银行;倾斜转弯 vi. 堆积;倾斜转弯,广东版三年级起点四年级下.xlsx
guangdong_start3|g4-lower|r029|shopping mall,guangdong_start3,4年级下,4,下,29,shopping mall,shopping mall,,,un. 商业区林荫路,广东版三年级起点四年级下.xlsx
guangdong_start3|g4-lower|r030|restaurant,guangdong_start3,4年级下,4,下,30,restaurant,restaurant,[ˈrestrɒnt],[ˈrestrɑːnt; ˈrestərɑːnt],n. 餐馆;[经] 饭店,广东版三年级起点四年级下.xlsx
guangdong_start3|g4-lower|r031|park,guangdong_start3,4年级下,4,下,31,park,park,[pɑːk],[pɑːrk],n. 公园;[交] 停车场 vt. 停放;放置;寄存 vi. 停放车辆,广东版三年级起点四年级下.xlsx
guangdong_start3|g4-lower|r032|supermarket,guangdong_start3,4年级下,4,下,32,supermarket,supermarket,[ˈsuːpəmɑːkɪt],[ˈsuːpərmɑːrkɪt],n. 超级市场;自助售货商店,广东版三年级起点四年级下.xlsx
guangdong_start3|g4-lower|r033|beach,guangdong_start3,4年级下,4,下,33,beach,beach,[biːtʃ],[biːtʃ],n. 海滩;湖滨 vt. 将...拖上岸 vi. 搁浅;定居,广东版三年级起点四年级下.xlsx
guangdong_start3|g4-lower|r034|bus,guangdong_start3,4年级下,4,下,34,bus,bus,[bʌs],[bʌs],n. 公共汽车 乘公共汽车,广东版三年级起点四年级下.xlsx
guangdong_start3|g4-lower|r035|go to the zoo,guangdong_start3,4年级下,4,下,35,go to the zoo,go to the zoo,,,无,广东版三年级起点四年级下.xlsx
guangdong_start3|g4-lower|r036|buy an ice cream,guangdong_start3,4年级下,4,下,36,buy an ice cream,buy an ice cream,,,无,广东版三年级起点四年级下.xlsx
guangdong_start3|g4-lower|r037|call ... friend,guangdong_start3,4年级下,4,下,37,call ... friend,call ... friend,,,无,广东版三年级起点四年级下.xlsx
guangdong_start3|g4-lower|r038|call my friend,guangdong_start3,4年级下,4,下,38,call my friend,call my friend,,,无,广东版三年级起点四年级下.xlsx
guangdong_start3|g4-lower|r039|borrow a book,guangdong_start3,4年级下,4,下,39,borrow a book,borrow a book,,,无,广东版三年级起点四年级下.xlsx
guangdong_start3|g4-lower|r040|watch tv,guangdong_start3,4年级下,4,下,40,watch TV,watch tv,,,v. 看电视,广东版三年级起点四年级下.xlsx
guangdong_start3|g4-lower|r041|listen to a song,guangdong_start3,4年级下,4,下,41,listen to a song,listen to a song,,,无,广东版三年级起点四年级下.xlsx
guangdong_start3|g4-lower|r042|balloon,guangdong_start3,4年级下,4,下,42,balloon,balloon,[bəˈluːn],[bəˈluːn],n. 气球 adj. 像气球般鼓起的 vt. 使像气球般鼓起;使激增 vi. 激增;膨胀如气球,广东版三年级起点四年级下.xlsx
guangdong_start3|g4-lower|r043|like,guangdong_start3,4年级下,4,下,43,like,like,[laɪk],[laɪk],vt. 喜欢;想;愿意 vi. 喜欢;希望 prep. 像;如同 adj. 同样的;相似的 n. 爱好;同样的人或物 adv. 可能 conj. 好像,广东版三年级起点四年级下.xlsx
guangdong_start3|g4-lower|r044|come back,guangdong_start3,4年级下,4,下,44,come back,come back,[kʌm bæk],[kʌm bæk],na. 回来;想起来;〔口语〕复原;归,广东版三年级起点四年级下.xlsx
guangdong_start3|g4-lower|r045|coat,guangdong_start3,4年级下,4,下,45,coat,coat,[kəʊt],[koʊt],n. 外套 vt. 覆盖...的表面,广东版三年级起点四年级下.xlsx
guangdong_start3|g4-lower|r046|dress,guangdong_start3,4年级下,4,下,46,dress,dress,[dres],[dres],n. 连衣裙;女装 vt. 给...穿衣 vi. 穿衣,广东版三年级起点四年级下.xlsx
guangdong_start3|g4-lower|r047|sweater,guangdong_start3,4年级下,4,下,47,sweater,sweater,[ˈswetə(r)],[ˈswetər],"n. 毛线衣,运动衫;大量出汗的人,发汗剂",广东版三年级起点四年级下.xlsx
guangdong_start3|g4-lower|r048|cap,guangdong_start3,4年级下,4,下,48,cap,cap,[kæp],[kæp],n. 盖;帽子 vt. 覆盖;胜过;给...戴帽;加盖于 vi. 脱帽致意,广东版三年级起点四年级下.xlsx
guangdong_start3|g4-lower|r049|shorts,guangdong_start3,4年级下,4,下,49,shorts,shorts,[ʃɔːts],[ʃɔːrts],n. 短裤,广东版三年级起点四年级下.xlsx
guangdong_start3|g4-lower|r050|shirt,guangdong_start3,4年级下,4,下,50,shirt,shirt,[ʃɜːt],[ʃɜːrt],"n. 衬衫;汗衫,内衣",广东版三年级起点四年级下.xlsx
guangdong_start3|g4-lower|r051|t-shirt,guangdong_start3,4年级下,4,下,51,T-shirt,t-shirt,[ˈtiː ʃɜːt],[ˈtiː ʃɜːrt],n. 短袖圆领汗衫,广东版三年级起点四年级下.xlsx
guangdong_start3|g4-lower|r052|red,guangdong_start3,4年级下,4,下,52,red,red,[red],[red],"n. 红色,红颜料;赤字 adj. 红色的;红肿的,充血的",广东版三年级起点四年级下.xlsx
guangdong_start3|g4-lower|r053|blue,guangdong_start3,4年级下,4,下,53,blue,blue,[bluː],[bluː],"adj. 蓝色的;沮丧的,忧郁的;下流的 n. 蓝色;[复数](美国海、陆、空三军穿的)蓝色制服;蓝颜料;[the blue(s)][用作单数或复数]布鲁斯(歌曲)(一种伤感的美国黑人民歌 vi. 变成蓝色,呈蓝色 vt. 把...染成蓝色;使成蓝色;给...用上蓝剂;用上蓝剂于",广东版三年级起点四年级下.xlsx
guangdong_start3|g4-lower|r054|shoes,guangdong_start3,4年级下,4,下,54,shoes,shoes,['ʃu:z],[ʃuːz],n. 鞋子(shoe的复数) v. 穿鞋(shoe的第三人称单数),广东版三年级起点四年级下.xlsx
guangdong_start3|g4-lower|r055|whose,guangdong_start3,4年级下,4,下,55,whose,whose,[huːz],[huːz],pron. 谁的(疑问代词),广东版三年级起点四年级下.xlsx
guangdong_start3|g4-lower|r056|mine,guangdong_start3,4年级下,4,下,56,mine,mine,[maɪn],[maɪn],"n. 矿,矿藏;矿山,矿井;地雷,水雷 vt. 开采,采掘;在...布雷 vi. 开矿,采矿;埋设地雷 pron. 我的",广东版三年级起点四年级下.xlsx
guangdong_start3|g4-lower|r057|taxi,guangdong_start3,4年级下,4,下,57,taxi,taxi,[ˈtæksi],[ˈtæksi],n. 出租汽车 vt. 使滑行;用出租车送 vi. 乘出租车;滑行,广东版三年级起点四年级下.xlsx
guangdong_start3|g4-lower|r058|driver,guangdong_start3,4年级下,4,下,58,driver,driver,[ˈdraɪvə(r)],[ˈdraɪvər],n. 驾驶员;驱动程序;起子;传动器,广东版三年级起点四年级下.xlsx
guangdong_start3|g4-lower|r059|firefighter,guangdong_start3,4年级下,4,下,59,firefighter,firefighter,[ˈfaɪəfaɪtə(r)],[ˈfaɪərfaɪtər],n. 消防队员,广东版三年级起点四年级下.xlsx
guangdong_start3|g4-lower|r060|police officer,guangdong_start3,4年级下,4,下,60,police officer,police officer,[pəˈliːs ɒfɪsə(r)],[pəˈlis ˈɔfɪsɚ],n. 警官;警察;警务人员,广东版三年级起点四年级下.xlsx
guangdong_start3|g4-lower|r061|writer,guangdong_start3,4年级下,4,下,61,writer,writer,[ˈraɪtə(r)],[ˈraɪtər],n. 作家;作者,广东版三年级起点四年级下.xlsx
guangdong_start3|g4-lower|r062|office worker,guangdong_start3,4年级下,4,下,62,office worker,office worker,,,n. (公司、企业的)办事人员;公司职员;上班族,广东版三年级起点四年级下.xlsx
guangdong_start3|g4-lower|r063|doctor,guangdong_start3,4年级下,4,下,63,doctor,doctor,[ˈdɒktə(r)],[ˈdɑːktər],"vt. 修理;篡改,伪造;为...治病;授以博士学位 n. 医生;博士 vi. 就医;行医",广东版三年级起点四年级下.xlsx
guangdong_start3|g4-lower|r064|nurse,guangdong_start3,4年级下,4,下,64,nurse,nurse,[nɜːs],[nɜːrs],"vt. 看护,护理;照顾;培养;给...喂奶 vi. 照料,护理;喂奶;当保姆 n. 护士;奶妈,保姆",广东版三年级起点四年级下.xlsx
guangdong_start3|g4-lower|r065|teacher,guangdong_start3,4年级下,4,下,65,teacher,teacher,[ˈtiːtʃə(r)],[ˈtiːtʃər],n. 教师;导师,广东版三年级起点四年级下.xlsx
guangdong_start3|g4-lower|r066|magician,guangdong_start3,4年级下,4,下,66,magician,magician,[məˈdʒɪʃn],[məˈdʒɪʃn],"n. 魔术师,变戏法的人",广东版三年级起点四年级下.xlsx
guangdong_start3|g4-lower|r067|listen to music,guangdong_start3,4年级下,4,下,67,listen to music,listen to music,,,听音乐;听听音乐;听歌,广东版三年级起点四年级下.xlsx
guangdong_start3|g4-lower|r068|ride,guangdong_start3,4年级下,4,下,68,ride,ride,[raɪd],[raɪd],n. 骑;乘坐;交通工具;可供骑行的路;(乘坐汽车等的)旅行;乘骑;(乘车或骑车的)短途旅程;供乘骑的游乐设施 vi. 骑马;乘车;依靠;漂浮 vt. 骑;乘;控制;(骑马、自行车等)穿越;搭乘;飘浮,广东版三年级起点四年级下.xlsx
guangdong_start3|g4-lower|r069|play cards,guangdong_start3,4年级下,4,下,69,play cards,play cards,,,na. 打纸牌,广东版三年级起点四年级下.xlsx
guangdong_start3|g4-lower|r070|make models,guangdong_start3,4年级下,4,下,70,make models,make models,,,无,广东版三年级起点四年级下.xlsx
guangdong_start3|g4-lower|r071|hobby,guangdong_start3,4年级下,4,下,71,hobby,hobby,[ˈhɒbi],[ˈhɑːbi],n. 嗜好;业余爱好,广东版三年级起点四年级下.xlsx
guangdong_start3|g4-lower|r072|ice skate,guangdong_start3,4年级下,4,下,72,ice skate,ice skate,[ˈaɪs skeɪt],[aɪs skeɪt],n. 冰鞋;溜冰鞋,广东版三年级起点四年级下.xlsx
guangdong_start3|g4-lower|r073|go to the park,guangdong_start3,4年级下,4,下,73,go to the park,go to the park,,,无,广东版三年级起点四年级下.xlsx
guangdong_start3|g4-lower|r074|see a movie,guangdong_start3,4年级下,4,下,74,see a movie,see a movie,,,看电影;去看电影;看一场电影,广东版三年级起点四年级下.xlsx
guangdong_start3|g4-lower|r075|play outside,guangdong_start3,4年级下,4,下,75,play outside,play outside,,,出去玩;外出游玩;在外面玩,广东版三年级起点四年级下.xlsx
guangdong_start3|g4-lower|r076|read a story,guangdong_start3,4年级下,4,下,76,read a story,read a story,,,无,广东版三年级起点四年级下.xlsx
guangdong_start3|g4-lower|r077|surf the internet,guangdong_start3,4年级下,4,下,77,surf the Internet,surf the internet,,,上网;网上冲浪;上网冲浪,广东版三年级起点四年级下.xlsx
guangdong_start3|g4-lower|r078|bored,guangdong_start3,4年级下,4,下,78,bored,bored,[bɔːd],[bɔːrd],v. 使厌烦(bore的过去式);烦扰 adj. 无聊的;无趣的;烦人的,广东版三年级起点四年级下.xlsx
guangdong_start3|g4-lower|r079|make,guangdong_start3,4年级下,4,下,79,make,make,[meɪk],[meɪk],"vt. 使得;进行;布置,准备,整理;制造;认为;获得;形成;安排;引起;构成 vi. 开始;前进;增大;被制造 n. 制造;构造;性情",广东版三年级起点四年级下.xlsx
guangdong_start3|g4-lower|r080|snowman,guangdong_start3,4年级下,4,下,80,snowman,snowman,[ˈsnəʊmæn],[ˈsnoʊmæn],n. 雪人,广东版三年级起点四年级下.xlsx
guangdong_start3|g4-lower|r081|body,guangdong_start3,4年级下,4,下,81,body,body,[ˈbɒdi],[ˈbɑːdi],n. 身体;主体;大量;团体;主要部分 vt. 赋以形体,广东版三年级起点四年级下.xlsx
guangdong_start3|g4-lower|r082|head,guangdong_start3,4年级下,4,下,82,head,head,[hed],[hed],n. 头;头痛;上端;最前的部分;理解力 adj. 头的;主要的;在顶端的 vt. 前进;用头顶;作为...的首领;站在...的前头;给...加标题 vi. 出发;成头状物;船驶往,广东版三年级起点四年级下.xlsx
guangdong_start3|g4-lower|r083|wing,guangdong_start3,4年级下,4,下,83,wing,wing,[wɪŋ],[wɪŋ],"n. 翼;翅膀;飞翔;派别;侧厅,耳房,厢房 vt. 使飞;飞过;空运;增加...速度;装以翼 vi. 飞行",广东版三年级起点四年级下.xlsx
guangdong_start3|g4-lower|r084|sure,guangdong_start3,4年级下,4,下,84,sure,sure,[ʃʊə(r)],[ʃʊr],adj. 确信的;可靠的;必定的 adv. 当然;的确,广东版三年级起点四年级下.xlsx
guangdong_start3|g5-upper|r002|season,guangdong_start3,5年级上,5,上,2,season,season,[ˈsiːzn],[ˈsiːzn],n. 时期;季节;赛季 vt. 给...调味;使适应 vi. 变得成熟;变干燥,广东版三年级起点五年级上.xlsx
guangdong_start3|g5-upper|r003|spring,guangdong_start3,5年级上,5,上,3,spring,spring,[sprɪŋ],[sprɪŋ],n. 春天;弹簧;泉水;活力;跳跃 adj. 春天的 vt. 使跳起;使爆炸;突然提出;使弹开 vi. 生长;涌出;跃出;裂开,广东版三年级起点五年级上.xlsx
guangdong_start3|g5-upper|r004|summer,guangdong_start3,5年级上,5,上,4,summer,summer,[ˈsʌmə(r)],[ˈsʌmər],n. 夏季;全盛时期 adj. 夏季的 vi. 避暑;过夏天,广东版三年级起点五年级上.xlsx
guangdong_start3|g5-upper|r005|fall,guangdong_start3,5年级上,5,上,5,fall,fall,[fɔːl],[fɔːl],n. 下降;秋天;瀑布 adj. 秋天的 vi. 落下;变成;来临;减弱 vt. 砍倒;击倒,广东版三年级起点五年级上.xlsx
guangdong_start3|g5-upper|r006|winter,guangdong_start3,5年级上,5,上,6,winter,winter,[ˈwɪntə(r)],[ˈwɪntər],n. 冬季;年岁;萧条期 adj. 冬天的;越冬的 vi. 过冬,广东版三年级起点五年级上.xlsx
guangdong_start3|g5-upper|r007|sunny,guangdong_start3,5年级上,5,上,7,sunny,sunny,[ˈsʌni],[ˈsʌni],"adj. 阳光充足的,和煦的;快活的;性情开朗的",广东版三年级起点五年级上.xlsx
guangdong_start3|g5-upper|r008|rainy,guangdong_start3,5年级上,5,上,8,rainy,rainy,[ˈreɪni],[ˈreɪni],adj. 下雨的;多雨的,广东版三年级起点五年级上.xlsx
guangdong_start3|g5-upper|r009|windy,guangdong_start3,5年级上,5,上,9,windy,windy,[ˈwɪndi],[ˈwɪndi],"adj. 多风的,有风的;腹胀的;吹牛的",广东版三年级起点五年级上.xlsx
guangdong_start3|g5-upper|r010|cloudy,guangdong_start3,5年级上,5,上,10,cloudy,cloudy,[ˈklaʊdi],[ˈklaʊdi],adj. 多云的;阴天的;愁容满面的,广东版三年级起点五年级上.xlsx
guangdong_start3|g5-upper|r011|hot,guangdong_start3,5年级上,5,上,11,hot,hot,[hɒt],[hɑːt],adj. 热的;辣的;热情的;激动的;紧迫的 vt. 增加;给...加温 adv. 热;紧迫地 vi. 变热,广东版三年级起点五年级上.xlsx
guangdong_start3|g5-upper|r012|look at,guangdong_start3,5年级上,5,上,12,look at,look at,,,na. 看;考虑,广东版三年级起点五年级上.xlsx
guangdong_start3|g5-upper|r013|flower,guangdong_start3,5年级上,5,上,13,flower,flower,[ˈflaʊə(r)],[ˈflaʊər],"n. 花;精华;开花植物 vt. 使开花;用花装饰 vi. 成熟,发育;开花;繁荣;旺盛",广东版三年级起点五年级上.xlsx
guangdong_start3|g5-upper|r014|leaves,guangdong_start3,5年级上,5,上,14,leaves,leaves,[liːvz],[liːvz],n. 树叶;花瓣(leaf的复数) v. 离开(leave的第三人称单数),广东版三年级起点五年级上.xlsx
guangdong_start3|g5-upper|r015|cold,guangdong_start3,5年级上,5,上,15,cold,cold,[kəʊld],[kəʊld],"n. 寒冷;感冒 adj. 寒冷的;冷淡的,不热情的;失去知觉的 adv. 完全地",广东版三年级起点五年级上.xlsx
guangdong_start3|g5-upper|r016|weather,guangdong_start3,5年级上,5,上,16,weather,weather,[ˈweðə(r)],[ˈweðər],n. 天气;气象;气候;处境 vt. 经受住;使风化;侵蚀;使受风吹雨打 adj. 露天的;迎风的 vi. 风化;受侵蚀;经受风雨,广东版三年级起点五年级上.xlsx
guangdong_start3|g5-upper|r017|hang glider,guangdong_start3,5年级上,5,上,17,hang glider,hang glider,,,na. (从悬崖等处滑下的)滑翔风筝,广东版三年级起点五年级上.xlsx
guangdong_start3|g5-upper|r018|month,guangdong_start3,5年级上,5,上,18,month,month,[mʌnθ],[mʌnθ],"n. 月,一个月的时间",广东版三年级起点五年级上.xlsx
guangdong_start3|g5-upper|r019|january,guangdong_start3,5年级上,5,上,19,January,january,[ˈdʒænjuəri],[ˈdʒænjueri],n. 一月,广东版三年级起点五年级上.xlsx
guangdong_start3|g5-upper|r020|february,guangdong_start3,5年级上,5,上,20,February,february,[ˈfebruəri],[ˈfebrueri],n. 二月,广东版三年级起点五年级上.xlsx
guangdong_start3|g5-upper|r021|march,guangdong_start3,5年级上,5,上,21,March,march,[mɑːtʃ],[mɑːrtʃ],n. 三月,广东版三年级起点五年级上.xlsx
guangdong_start3|g5-upper|r022|april,guangdong_start3,5年级上,5,上,22,April,april,[ˈeɪprəl],[ˈeɪprəl],n. 四月,广东版三年级起点五年级上.xlsx
guangdong_start3|g5-upper|r023|may,guangdong_start3,5年级上,5,上,23,May,may,[meɪ],[meɪ],"aux. 可以,能够;可能,也许;祝,愿;会,能",广东版三年级起点五年级上.xlsx
guangdong_start3|g5-upper|r024|june,guangdong_start3,5年级上,5,上,24,June,june,[dʒuːn],[dʒuːn],"n. 六月;琼(人名,来源于拉丁语,含义是“年轻气盛的六月”)",广东版三年级起点五年级上.xlsx
guangdong_start3|g5-upper|r025|before,guangdong_start3,5年级上,5,上,25,before,before,[bɪˈfɔː(r)],[bɪˈfɔːr],"prep. 在...之前,先于 conj. 在...以前;在...之前 adv. 以前;在前",广东版三年级起点五年级上.xlsx
guangdong_start3|g5-upper|r026|after,guangdong_start3,5年级上,5,上,26,after,after,[ˈɑːftə(r)],[ˈæftər],"conj. 在......之后 prep. 在......之后 adj. 以后的 adv. 后来,以后",广东版三年级起点五年级上.xlsx
guangdong_start3|g5-upper|r027|when,guangdong_start3,5年级上,5,上,27,when,when,[wen],[wen],"conj. 考虑到;既然;当...时;在...时;如果 n. 时间,时候;日期;场合 adv. 什么时候,何时;(用于时间的表达方式之后)在那时;其时;当时 pron. 那时;什么时侯",广东版三年级起点五年级上.xlsx
guangdong_start3|g5-upper|r028|winter holiday,guangdong_start3,5年级上,5,上,28,winter holiday,winter holiday,,,寒假;冬季假期;冬季节日,广东版三年级起点五年级上.xlsx
guangdong_start3|g5-upper|r029|go ice-skating,guangdong_start3,5年级上,5,上,29,go ice-skating,go ice-skating,,,无,广东版三年级起点五年级上.xlsx
guangdong_start3|g5-upper|r030|now,guangdong_start3,5年级上,5,上,30,now,now,[naʊ],[naʊ],adv. 现在;如今;立刻 adj. 现在的 n. 现在;目前 conj. 由于;既然,广东版三年级起点五年级上.xlsx
guangdong_start3|g5-upper|r031|beach,guangdong_start3,5年级上,5,上,31,beach,beach,[biːtʃ],[biːtʃ],n. 海滩;湖滨 vt. 将...拖上岸 vi. 搁浅;定居,广东版三年级起点五年级上.xlsx
guangdong_start3|g5-upper|r032|today,guangdong_start3,5年级上,5,上,32,today,today,[təˈdeɪ],[təˈdeɪ],n. 今天;现今 adv. 今天;现今,广东版三年级起点五年级上.xlsx
guangdong_start3|g5-upper|r033|july,guangdong_start3,5年级上,5,上,33,July,july,[dʒʊˈlaɪ],[dʒʊˈlaɪ],n. 七月,广东版三年级起点五年级上.xlsx
guangdong_start3|g5-upper|r034|august,guangdong_start3,5年级上,5,上,34,August,august,[ˈɔːɡəst],[ˈɔːɡəst],n. 八月(简写为Aug) adj. 威严的;令人敬畏的,广东版三年级起点五年级上.xlsx
guangdong_start3|g5-upper|r035|september,guangdong_start3,5年级上,5,上,35,September,september,[sepˈtembə(r)],[sepˈtembər],n. 九月,广东版三年级起点五年级上.xlsx
guangdong_start3|g5-upper|r036|october,guangdong_start3,5年级上,5,上,36,October,october,[ɒkˈtəʊbə(r)],[ɑːkˈtoʊbər],n. [天] 十月,广东版三年级起点五年级上.xlsx
guangdong_start3|g5-upper|r037|november,guangdong_start3,5年级上,5,上,37,November,november,[nəʊˈvembə(r)],[noʊˈvembər],n. 十一月,广东版三年级起点五年级上.xlsx
guangdong_start3|g5-upper|r038|december,guangdong_start3,5年级上,5,上,38,December,december,[dɪˈsembə(r)],[dɪˈsembər],n. 十二月,广东版三年级起点五年级上.xlsx
guangdong_start3|g5-upper|r039|1st,guangdong_start3,5年级上,5,上,39,1st,1st,,,abbr. 第一(first),广东版三年级起点五年级上.xlsx
guangdong_start3|g5-upper|r040|2nd,guangdong_start3,5年级上,5,上,40,2nd,2nd,,,第二(second),广东版三年级起点五年级上.xlsx
guangdong_start3|g5-upper|r041|3rd,guangdong_start3,5年级上,5,上,41,3rd,3rd,,,第三(third),广东版三年级起点五年级上.xlsx
guangdong_start3|g5-upper|r042|4th,guangdong_start3,5年级上,5,上,42,4th,4th,,,第四(fourth),广东版三年级起点五年级上.xlsx
guangdong_start3|g5-upper|r043|20th,guangdong_start3,5年级上,5,上,43,20th,20th,,,无,广东版三年级起点五年级上.xlsx
guangdong_start3|g5-upper|r044|21st,guangdong_start3,5年级上,5,上,44,21st,21st,,,无,广东版三年级起点五年级上.xlsx
guangdong_start3|g5-upper|r045|22nd,guangdong_start3,5年级上,5,上,45,22nd,22nd,,,无,广东版三年级起点五年级上.xlsx
guangdong_start3|g5-upper|r046|23rd,guangdong_start3,5年级上,5,上,46,23rd,23rd,,,无,广东版三年级起点五年级上.xlsx
guangdong_start3|g5-upper|r047|30th,guangdong_start3,5年级上,5,上,47,30th,30th,,,无,广东版三年级起点五年级上.xlsx
guangdong_start3|g5-upper|r048|31st,guangdong_start3,5年级上,5,上,48,31st,31st,,,无,广东版三年级起点五年级上.xlsx
guangdong_start3|g5-upper|r049|birthday,guangdong_start3,5年级上,5,上,49,birthday,birthday,[ˈbɜːθdeɪ],[ˈbɜːrθdeɪ],"n. 生日,诞辰;诞生的日子",广东版三年级起点五年级上.xlsx
guangdong_start3|g5-upper|r050|date,guangdong_start3,5年级上,5,上,50,date,date,[deɪt],[deɪt],n. 日期;约会;年代;枣椰子 vt. 确定...年代;和...约会 vi. 过时;注明日期;始于(某一历史时期),广东版三年级起点五年级上.xlsx
guangdong_start3|g5-upper|r051|party,guangdong_start3,5年级上,5,上,51,party,party,[ˈpɑːti],[ˈpɑːrti],"n. 政党,党派;聚会,派对;当事人 [复数 parties] vi. 参加社交聚会 [ 过去式 partied 过去分词 partied 现在分词 partying ]",广东版三年级起点五年级上.xlsx
guangdong_start3|g5-upper|r052|grandma,guangdong_start3,5年级上,5,上,52,grandma,grandma,[ˈɡrænmɑː],[ˈɡrænmɑː],n. 奶奶;外婆,广东版三年级起点五年级上.xlsx
guangdong_start3|g5-upper|r053|bag,guangdong_start3,5年级上,5,上,53,bag,bag,[bæɡ],[bæɡ],"n. 袋;猎获物;(俚)一瓶啤酒 vt. 猎获;把...装入袋中;占据,私吞;使膨大 vi. 松垂",广东版三年级起点五年级上.xlsx
guangdong_start3|g5-upper|r054|map,guangdong_start3,5年级上,5,上,54,map,map,[mæp],[mæp],vt. 映射;计划;绘制地图;确定基因在染色体中的位置 n. 地图;示意图;染色体图 vi. 基因被安置,广东版三年级起点五年级上.xlsx
guangdong_start3|g5-upper|r055|pencil case,guangdong_start3,5年级上,5,上,55,pencil case,pencil case,[ˈpensl keɪs],[ˈpensl keɪs],n. 铅笔盒;铅笔袋,广东版三年级起点五年级上.xlsx
guangdong_start3|g5-upper|r056|picture,guangdong_start3,5年级上,5,上,56,picture,picture,[ˈpɪktʃə(r)],[ˈpɪktʃər],"n. 照片,图画;影片;景色;化身 vt. 画;想像;描写",广东版三年级起点五年级上.xlsx
guangdong_start3|g5-upper|r057|blackboard,guangdong_start3,5年级上,5,上,57,blackboard,blackboard,[ˈblækbɔːd],[ˈblækbɔːrd],n. 黑板,广东版三年级起点五年级上.xlsx
guangdong_start3|g5-upper|r058|crayon,guangdong_start3,5年级上,5,上,58,crayon,crayon,[ˈkreɪən; ˈkreɪɒn],[ˈkreɪən; ˈkreɪɑːn],"n. 蜡笔,有色粉笔 vt. 以蜡笔作画,用颜色粉笔画",广东版三年级起点五年级上.xlsx
guangdong_start3|g5-upper|r059|paper,guangdong_start3,5年级上,5,上,59,paper,paper,[ˈpeɪpə(r)],[ˈpeɪpər],n. 纸;论文;文件;报纸 adj. 纸做的 vt. 用纸糊;用纸包装 vi. 贴糊墙纸;发交通违章传票,广东版三年级起点五年级上.xlsx
guangdong_start3|g5-upper|r060|glue,guangdong_start3,5年级上,5,上,60,glue,glue,[ɡluː],[ɡluː],n. 胶;各种胶合物 vt. 粘合;似胶般固着于,广东版三年级起点五年级上.xlsx
guangdong_start3|g5-upper|r061|any,guangdong_start3,5年级上,5,上,61,any,any,[ˈeni],[ˈeni],adj. 任何的;所有的;丝毫 pron. 任何;任何一个;若干 adv. 稍微;少许,广东版三年级起点五年级上.xlsx
guangdong_start3|g5-upper|r062|but,guangdong_start3,5年级上,5,上,62,but,but,[bət],[bət; bʌt],"conj. 但是;而是;然而 adv. 仅仅,只 prep. 除...以外",广东版三年级起点五年级上.xlsx
guangdong_start3|g5-upper|r063|some,guangdong_start3,5年级上,5,上,63,some,some,[sʌm],[sʌm; səm],adj. 一些;某个;大约;相当多的 pron. 一些;若干;其中的一部分;(数量不确切时用)有些人 adv. 非常;相当;<美>稍微,广东版三年级起点五年级上.xlsx
guangdong_start3|g5-upper|r064|color,guangdong_start3,5年级上,5,上,64,color,color,[ˈkʌlə(r)],[ˈkʌlər],n. 颜色;肤色;颜料;脸色 vt. 粉饰;给...涂颜色;歪曲 vi. 变色;获得颜色,广东版三年级起点五年级上.xlsx
guangdong_start3|g5-upper|r065|juice,guangdong_start3,5年级上,5,上,65,juice,juice,[dʒuːs],[dʒuːs],"n. (水果)汁,液;果汁",广东版三年级起点五年级上.xlsx
guangdong_start3|g5-upper|r066|rice,guangdong_start3,5年级上,5,上,66,rice,rice,[raɪs],[raɪs],n. 稻;米饭 vt. 把...捣成米糊状,广东版三年级起点五年级上.xlsx
guangdong_start3|g5-upper|r067|salt,guangdong_start3,5年级上,5,上,67,salt,salt,[sɔːlt],[sɔːlt],"n. 盐;风趣,刺激性 adj. 咸水的;含盐的,咸味的;盐腌的;猥亵的 vt. 用盐腌;给...加盐;将盐撒在道路上使冰或雪融化",广东版三年级起点五年级上.xlsx
guangdong_start3|g5-upper|r068|sugar,guangdong_start3,5年级上,5,上,68,sugar,sugar,[ˈʃʊɡə(r)],[ˈʃʊɡər],n. 糖;食糖;甜言蜜语 vt. 加糖于;粉饰 vi. 形成糖,广东版三年级起点五年级上.xlsx
guangdong_start3|g5-upper|r069|meat,guangdong_start3,5年级上,5,上,69,meat,meat,[miːt],[miːt],"n. 肉,肉类(食用)",广东版三年级起点五年级上.xlsx
guangdong_start3|g5-upper|r070|vegetables,guangdong_start3,5年级上,5,上,70,vegetables,vegetables,[ˈvedʒtəb(ə)lz],[ˈvedʒtəb(ə)lz],n. [园艺] 蔬菜(vegetable的复数形式);菜类,广东版三年级起点五年级上.xlsx
guangdong_start3|g5-upper|r071|tofu,guangdong_start3,5年级上,5,上,71,tofu,tofu,[ˈtəʊfuː],[ˈtoʊfuː],n. 豆腐,广东版三年级起点五年级上.xlsx
guangdong_start3|g5-upper|r072|fruit,guangdong_start3,5年级上,5,上,72,fruit,fruit,[fruːt],[fruːt],n. 水果;产物 vt. 使......结果实 vi. 结果实,广东版三年级起点五年级上.xlsx
guangdong_start3|g5-upper|r073|need,guangdong_start3,5年级上,5,上,73,need,need,[niːd],[niːd],"n. 需要,要求;缺乏;必要之物 vt. 需要 vi. 需要",广东版三年级起点五年级上.xlsx
guangdong_start3|g5-upper|r074|cook,guangdong_start3,5年级上,5,上,74,cook,cook,[kʊk],[kʊk],"n. 厨师,厨子 vt. 烹调,煮 vi. 烹调,做菜",广东版三年级起点五年级上.xlsx
guangdong_start3|g5-upper|r075|and,guangdong_start3,5年级上,5,上,75,and,and,[ənd],[ənd; ən; n; ænd],"conj. 和,与;就;而且;但是;然后",广东版三年级起点五年级上.xlsx
guangdong_start3|g5-upper|r076|forty,guangdong_start3,5年级上,5,上,76,forty,forty,[ˈfɔːti],[ˈfɔːrti],n. 四十 adj. 四十的;四十个的,广东版三年级起点五年级上.xlsx
guangdong_start3|g5-upper|r077|fifty,guangdong_start3,5年级上,5,上,77,fifty,fifty,[ˈfɪfti],[ˈfɪfti],n. 五十;五十个;编号为50的东西 adj. 五十的;五十个的;众多的,广东版三年级起点五年级上.xlsx
guangdong_start3|g5-upper|r078|sixty,guangdong_start3,5年级上,5,上,78,sixty,sixty,[ˈsɪksti],[ˈsɪksti],num. 六十;六十个,广东版三年级起点五年级上.xlsx
guangdong_start3|g5-upper|r079|seventy,guangdong_start3,5年级上,5,上,79,seventy,seventy,[ˈsev(ə)nti],[ˈsev(ə)nti],n. 七十;七十个;七十岁;七十年代 num. 七十 adj. 七十的;七十个的;七十岁的,广东版三年级起点五年级上.xlsx
guangdong_start3|g5-upper|r080|eighty,guangdong_start3,5年级上,5,上,80,eighty,eighty,[ˈeɪti],[ˈeɪti],"num. 八十 n. 八十;八十岁;八十年代 adj. 八十的,八十个的;八十岁的",广东版三年级起点五年级上.xlsx
guangdong_start3|g5-upper|r081|ninety,guangdong_start3,5年级上,5,上,81,ninety,ninety,[ˈnaɪnti],[ˈnaɪnti],n. 九十 adj. 九十的;九十岁的 num. 九十,广东版三年级起点五年级上.xlsx
guangdong_start3|g5-upper|r082|hundred,guangdong_start3,5年级上,5,上,82,hundred,hundred,[ˈhʌndrəd],[ˈhʌndrəd],num. 百;百个 n. 一百;许多 adj. 一百的;许多的,广东版三年级起点五年级上.xlsx
guangdong_start3|g5-upper|r083|one hundred,guangdong_start3,5年级上,5,上,83,one hundred,one hundred,,,na. 一百,广东版三年级起点五年级上.xlsx
guangdong_start3|g5-upper|r084|cheap,guangdong_start3,5年级上,5,上,84,cheap,cheap,[tʃiːp],[tʃiːp],adj. 便宜的;小气的;不值钱的 adv. 便宜地,广东版三年级起点五年级上.xlsx
guangdong_start3|g5-upper|r085|expensive,guangdong_start3,5年级上,5,上,85,expensive,expensive,[ɪkˈspensɪv],[ɪkˈspensɪv],adj. 昂贵的;花钱的,广东版三年级起点五年级上.xlsx
guangdong_start3|g5-upper|r086|dollar,guangdong_start3,5年级上,5,上,86,dollar,dollar,[ˈdɒlə(r)],[ˈdɑːlər],n. 美元,广东版三年级起点五年级上.xlsx
guangdong_start3|g5-upper|r087|magic,guangdong_start3,5年级上,5,上,87,magic,magic,[ˈmædʒɪk],[ˈmædʒɪk],n. 巫术;魔法;戏法 adj. 不可思议的;有魔力的;魔术的,广东版三年级起点五年级上.xlsx
guangdong_start3|g5-upper|r088|try,guangdong_start3,5年级上,5,上,88,try,try,[traɪ],[traɪ],"n. 尝试;努力;试验 vt. 试图,努力;试验;审判;考验 vi. 尝试;努力;试验",广东版三年级起点五年级上.xlsx
guangdong_start3|g5-lower|r002|take a test,guangdong_start3,5年级下,5,下,2,take a test,take a test,,,参加考试;参加测验;测试一下,广东版三年级起点五年级下.xlsx
guangdong_start3|g5-lower|r003|play games,guangdong_start3,5年级下,5,下,3,play games,play games,,,做游戏;玩游戏;捣鬼,广东版三年级起点五年级下.xlsx
guangdong_start3|g5-lower|r004|get a haircut,guangdong_start3,5年级下,5,下,4,get a haircut,get a haircut,,,剪头发;理发;剪个短发,广东版三年级起点五年级下.xlsx
guangdong_start3|g5-lower|r005|see the doctor,guangdong_start3,5年级下,5,下,5,see the doctor,see the doctor,,,v. 看医生,广东版三年级起点五年级下.xlsx
guangdong_start3|g5-lower|r006|shop for clothes,guangdong_start3,5年级下,5,下,6,shop for clothes,shop for clothes,,,无,广东版三年级起点五年级下.xlsx
guangdong_start3|g5-lower|r007|have a party,guangdong_start3,5年级下,5,下,7,have a party,have a party,,,聚会;举行晚会;开聚会,广东版三年级起点五年级下.xlsx
guangdong_start3|g5-lower|r008|write a letter,guangdong_start3,5年级下,5,下,8,write a letter,write a letter,,,na. 写信,广东版三年级起点五年级下.xlsx
guangdong_start3|g5-lower|r009|meet some friends,guangdong_start3,5年级下,5,下,9,meet some friends,meet some friends,,,无,广东版三年级起点五年级下.xlsx
guangdong_start3|g5-lower|r010|tonight,guangdong_start3,5年级下,5,下,10,tonight,tonight,[təˈnaɪt],[təˈnaɪt],n. 今晚 adv. 在今晚,广东版三年级起点五年级下.xlsx
guangdong_start3|g5-lower|r011|tomorrow,guangdong_start3,5年级下,5,下,11,tomorrow,tomorrow,[təˈmɒrəʊ],[təˈmɑːroʊ],n. 明天;未来 adv. 明天;未来地(等于to-morrow),广东版三年级起点五年级下.xlsx
guangdong_start3|g5-lower|r012|bored,guangdong_start3,5年级下,5,下,12,bored,bored,[bɔːd],[bɔːrd],v. 使厌烦(bore的过去式);烦扰 adj. 无聊的;无趣的;烦人的,广东版三年级起点五年级下.xlsx
guangdong_start3|g5-lower|r013|vacation,guangdong_start3,5年级下,5,下,13,vacation,vacation,[veɪˈkeɪʃn; vəˈkeɪʃn],[veɪˈkeɪʃn; vəˈkeɪʃn],"n. 假期;(房屋)搬出 vi. 休假,度假",广东版三年级起点五年级下.xlsx
guangdong_start3|g5-lower|r014|go camping,guangdong_start3,5年级下,5,下,14,go camping,go camping,,,去野营;去露营;宿营,广东版三年级起点五年级下.xlsx
guangdong_start3|g5-lower|r015|like,guangdong_start3,5年级下,5,下,15,like,like,[laɪk],[laɪk],vt. 喜欢;想;愿意 vi. 喜欢;希望 prep. 像;如同 adj. 同样的;相似的 n. 爱好;同样的人或物 adv. 可能 conj. 好像,广东版三年级起点五年级下.xlsx
guangdong_start3|g5-lower|r016|take photos,guangdong_start3,5年级下,5,下,16,take photos,take photos,,,照相;拍照;拍照片,广东版三年级起点五年级下.xlsx
guangdong_start3|g5-lower|r017|plan,guangdong_start3,5年级下,5,下,17,plan,plan,[plæn],[plæn],n. 计划;平面图 vt. 计划;设计;打算 vi. 计划;打算,广东版三年级起点五年级下.xlsx
guangdong_start3|g5-lower|r018|love,guangdong_start3,5年级下,5,下,18,love,love,[lʌv],[lʌv],"n. 恋爱;亲爱的;酷爱;喜爱的事物;爱情,爱意;疼爱;热爱;爱人,所爱之物 v. 爱,热爱;爱戴;赞美,称赞;喜爱;喜好;喜欢;爱慕",广东版三年级起点五年级下.xlsx
guangdong_start3|g5-lower|r019|ship,guangdong_start3,5年级下,5,下,19,ship,ship,[ʃɪp],[ʃɪp],"n. 船;舰;太空船 vt. 运送,乘船;以船运送 vi. 上船;乘船旅行;当船员",广东版三年级起点五年级下.xlsx
guangdong_start3|g5-lower|r020|train,guangdong_start3,5年级下,5,下,20,train,train,[treɪn],[treɪn],n. 火车;行列;长队;裙裾 v. 培养;训练;瞄准,广东版三年级起点五年级下.xlsx
guangdong_start3|g5-lower|r021|bus,guangdong_start3,5年级下,5,下,21,bus,bus,[bʌs],[bʌs],n. 公共汽车 乘公共汽车,广东版三年级起点五年级下.xlsx
guangdong_start3|g5-lower|r022|by,guangdong_start3,5年级下,5,下,22,by,by,[baɪ],[baɪ],prep. 通过;被;依据;经由;在附近;在......之前 adv. 通过;经过;附近;[互联网] 白俄罗斯的国家代码顶级域名,广东版三年级起点五年级下.xlsx
guangdong_start3|g5-lower|r023|by ship,guangdong_start3,5年级下,5,下,23,by ship,by ship,,,乘船;乘轮船;坐轮船,广东版三年级起点五年级下.xlsx
guangdong_start3|g5-lower|r024|by plane,guangdong_start3,5年级下,5,下,24,by plane,by plane,,,adv. 乘飞机,广东版三年级起点五年级下.xlsx
guangdong_start3|g5-lower|r025|by bus,guangdong_start3,5年级下,5,下,25,by bus,by bus,,,na. 乘公共汽车,广东版三年级起点五年级下.xlsx
guangdong_start3|g5-lower|r026|by train,guangdong_start3,5年级下,5,下,26,by train,by train,,,na. 坐火车,广东版三年级起点五年级下.xlsx
guangdong_start3|g5-lower|r027|stay in a hotel,guangdong_start3,5年级下,5,下,27,stay in a hotel,stay in a hotel,,,无,广东版三年级起点五年级下.xlsx
guangdong_start3|g5-lower|r028|stay with my aunt and uncle,guangdong_start3,5年级下,5,下,28,stay with my aunt and uncle,stay with my aunt and uncle,,,无,广东版三年级起点五年级下.xlsx
guangdong_start3|g5-lower|r029|go sightseeing,guangdong_start3,5年级下,5,下,29,go sightseeing,go sightseeing,,,去观光;去观光旅行;出去观光,广东版三年级起点五年级下.xlsx
guangdong_start3|g5-lower|r030|tibet,guangdong_start3,5年级下,5,下,30,Tibet,tibet,,,n. 西藏(中国一自治区),广东版三年级起点五年级下.xlsx
guangdong_start3|g5-lower|r031|hurray,guangdong_start3,5年级下,5,下,31,hurray,hurray,[hʊˈreɪ],[huˈreɪ],n. 万岁呼声;狂热 vt. 向...欢呼(等于hurrah) int. 加油 vi. 欢呼,广东版三年级起点五年级下.xlsx
guangdong_start3|g5-lower|r032|wolves,guangdong_start3,5年级下,5,下,32,wolves,wolves,[wʊlvz],[wʊlvz],n. 狼;贪婪者;色狼(wolf的复数) v. 大口地快吃;狼吞虎咽(wolf的单三形式),广东版三年级起点五年级下.xlsx
guangdong_start3|g5-lower|r033|have a picnic,guangdong_start3,5年级下,5,下,33,have a picnic,have a picnic,,,举行野餐;去野餐;吃野餐,广东版三年级起点五年级下.xlsx
guangdong_start3|g5-lower|r034|visit,guangdong_start3,5年级下,5,下,34,visit,visit,[ˈvɪzɪt],[ˈvɪzɪt],n. 访问;参观;逗留 vt. 访问;参观;视察 vi. 访问;暂住;闲谈,广东版三年级起点五年级下.xlsx
guangdong_start3|g5-lower|r035|relatives,guangdong_start3,5年级下,5,下,35,relatives,relatives,[ˈrelətɪvz],[ˈrelətɪvz],n. 亲属;[语] 关系词(relative的复数),广东版三年级起点五年级下.xlsx
guangdong_start3|g5-lower|r036|help,guangdong_start3,5年级下,5,下,36,help,help,[help],[help],n. 帮助;补救办法;帮忙者;有益的东西 vt. 帮助;促进;治疗;补救 vi. 帮助;有用;招待,广东版三年级起点五年级下.xlsx
guangdong_start3|g5-lower|r037|play with friends,guangdong_start3,5年级下,5,下,37,play with friends,play with friends,,,无,广东版三年级起点五年级下.xlsx
guangdong_start3|g5-lower|r038|make models,guangdong_start3,5年级下,5,下,38,make models,make models,,,无,广东版三年级起点五年级下.xlsx
guangdong_start3|g5-lower|r039|surf the internet,guangdong_start3,5年级下,5,下,39,surf the Internet,surf the internet,,,上网;网上冲浪;上网冲浪,广东版三年级起点五年级下.xlsx
guangdong_start3|g5-lower|r040|read books,guangdong_start3,5年级下,5,下,40,read books,read books,,,读书;看书;阅读,广东版三年级起点五年级下.xlsx
guangdong_start3|g5-lower|r041|next,guangdong_start3,5年级下,5,下,41,next,next,[nekst],[nekst],adv. 然后;下次;其次 adj. 下一个的;其次的;贴近的 n. 下一个 prep. 靠近;居于...之后,广东版三年级起点五年级下.xlsx
guangdong_start3|g5-lower|r042|during,guangdong_start3,5年级下,5,下,42,during,during,[ˈdjʊərɪŋ],[ˈdʊrɪŋ],"prep. 在...的时候,在...的期间",广东版三年级起点五年级下.xlsx
guangdong_start3|g5-lower|r043|fruit,guangdong_start3,5年级下,5,下,43,fruit,fruit,[fruːt],[fruːt],n. 水果;产物 vt. 使......结果实 vi. 结果实,广东版三年级起点五年级下.xlsx
guangdong_start3|g5-lower|r044|the great wall of china,guangdong_start3,5年级下,5,下,44,the Great Wall of China,the great wall of china,,,无,广东版三年级起点五年级下.xlsx
guangdong_start3|g5-lower|r045|do tai chi,guangdong_start3,5年级下,5,下,45,do tai chi,do tai chi,,,无,广东版三年级起点五年级下.xlsx
guangdong_start3|g5-lower|r046|never,guangdong_start3,5年级下,5,下,46,never,never,[ˈnevə(r)],[ˈnevər],adv. 从未;决不,广东版三年级起点五年级下.xlsx
guangdong_start3|g5-lower|r047|sometimes,guangdong_start3,5年级下,5,下,47,sometimes,sometimes,[ˈsʌmtaɪmz],[ˈsʌmtaɪmz],"adv. 有时,间或",广东版三年级起点五年级下.xlsx
guangdong_start3|g5-lower|r048|usually,guangdong_start3,5年级下,5,下,48,usually,usually,[ˈjuːʒuəli],[ˈjuːʒuəli; ˈjuːʒəli],"adv. 通常,经常",广东版三年级起点五年级下.xlsx
guangdong_start3|g5-lower|r049|always,guangdong_start3,5年级下,5,下,49,always,always,[ˈɔːlweɪz],[ˈɔːlweɪz],"adv. 永远,一直;总是;常常",广东版三年级起点五年级下.xlsx
guangdong_start3|g5-lower|r050|subway,guangdong_start3,5年级下,5,下,50,subway,subway,[ˈsʌbweɪ],[ˈsʌbweɪ],n. 地铁;地道 vi. 乘地铁,广东版三年级起点五年级下.xlsx
guangdong_start3|g5-lower|r051|taxi,guangdong_start3,5年级下,5,下,51,taxi,taxi,[ˈtæksi],[ˈtæksi],n. 出租汽车 vt. 使滑行;用出租车送 vi. 乘出租车;滑行,广东版三年级起点五年级下.xlsx
guangdong_start3|g5-lower|r052|bike,guangdong_start3,5年级下,5,下,52,bike,bike,[baɪk],[baɪk],n. 自行车;脚踏车 vi. 骑自行车(或摩托车),广东版三年级起点五年级下.xlsx
guangdong_start3|g5-lower|r053|take,guangdong_start3,5年级下,5,下,53,take,take,[teɪk],[teɪk],"vi. 拿;获得 vt. 拿,取;采取;接受(礼物等);买,花费;耗费(时间等) n. 捕获量;看法;利益,盈益;(入场券的)售得金额",广东版三年级起点五年级下.xlsx
guangdong_start3|g5-lower|r054|drive,guangdong_start3,5年级下,5,下,54,drive,drive,[draɪv],[draɪv],"n. 驱动器;驾车;[心理] 内驱力,推进力;快车道 vi. 开车;猛击;飞跑 vt. 推动,发动(机器等);驾驶(马车,汽车等);驱赶",广东版三年级起点五年级下.xlsx
guangdong_start3|g5-lower|r055|walk,guangdong_start3,5年级下,5,下,55,walk,walk,[wɔːk],[wɔːk],"n. 步行,走;散步 vi. 走,步行;散步 vt. 散步;走过",广东版三年级起点五年级下.xlsx
guangdong_start3|g5-lower|r056|woods,guangdong_start3,5年级下,5,下,56,woods,woods,[wʊdz],[wʊdz],n. [林] 树林;森林;木头(wood的复数) v. 供以木材;用森林覆盖(wood的第三人称单数),广东版三年级起点五年级下.xlsx
guangdong_start3|g5-lower|r057|look for,guangdong_start3,5年级下,5,下,57,look for,look for,[ˈlʊk fɔː(r)],[ˈlʊk fɔːr],v. 寻找;探索;渴望;盼望,广东版三年级起点五年级下.xlsx
guangdong_start3|g5-lower|r058|candies,guangdong_start3,5年级下,5,下,58,candies,candies,[ˈkændɪz],[ˈkændiz],"n. 糖果,果饵(candy的复数)",广东版三年级起点五年级下.xlsx
guangdong_start3|g5-lower|r059|find,guangdong_start3,5年级下,5,下,59,find,find,[faɪnd],[faɪnd],"n. 发现 vi. 裁决 vt. 查找,找到;发现;认为;感到;获得",广东版三年级起点五年级下.xlsx
guangdong_start3|g5-lower|r060|lost,guangdong_start3,5年级下,5,下,60,lost,lost,[lɒst],[lɔːst],adj. 失去的;丧失的;迷惑的 v. 遗失(lose的过去分词);失败,广东版三年级起点五年级下.xlsx
guangdong_start3|g5-lower|r061|once,guangdong_start3,5年级下,5,下,61,once,once,[wʌns],[wʌns],"adv. 一次;曾经 conj. 一旦 n. 一次,一回",广东版三年级起点五年级下.xlsx
guangdong_start3|g5-lower|r062|twice,guangdong_start3,5年级下,5,下,62,twice,twice,[twaɪs],[twaɪs],adv. 两次;两倍,广东版三年级起点五年级下.xlsx
guangdong_start3|g5-lower|r063|three times,guangdong_start3,5年级下,5,下,63,three times,three times,,,最好的时光;三次;三倍,广东版三年级起点五年级下.xlsx
guangdong_start3|g5-lower|r064|go fishing,guangdong_start3,5年级下,5,下,64,go fishing,go fishing,,,去钓鱼;垂钓;我以前常去钓鱼,广东版三年级起点五年级下.xlsx
guangdong_start3|g5-lower|r065|go hiking,guangdong_start3,5年级下,5,下,65,go hiking,go hiking,,,去远足;去徒步旅行;去徒步远足,广东版三年级起点五年级下.xlsx
guangdong_start3|g5-lower|r066|go ice-skating,guangdong_start3,5年级下,5,下,66,go ice-skating,go ice-skating,,,无,广东版三年级起点五年级下.xlsx
guangdong_start3|g5-lower|r067|go swimming,guangdong_start3,5年级下,5,下,67,go swimming,go swimming,,,na. 去游泳,广东版三年级起点五年级下.xlsx
guangdong_start3|g5-lower|r068|often,guangdong_start3,5年级下,5,下,68,often,often,[ˈɒf(ə)n],[ˈɔːf(ə)n],"adv. 常常,时常",广东版三年级起点五年级下.xlsx
guangdong_start3|g5-lower|r069|fish,guangdong_start3,5年级下,5,下,69,fish,fish,[fɪʃ],[fɪʃ],"n. 鱼,鱼类 vt. 钓鱼,捕鱼;搜寻 vi. 捕鱼,钓鱼;用钩捞取",广东版三年级起点五年级下.xlsx
guangdong_start3|g5-lower|r070|favorite,guangdong_start3,5年级下,5,下,70,favorite,favorite,[ˈfeɪvərɪt],[ˈfeɪvərɪt],n. 幸运儿;喜欢的事物;特别喜欢的人 adj. 最喜爱的;中意的;宠爱的,广东版三年级起点五年级下.xlsx
guangdong_start3|g5-lower|r071|activity,guangdong_start3,5年级下,5,下,71,activity,activity,[ækˈtɪvəti],[ækˈtɪvəti],n. 活动;行动;活跃,广东版三年级起点五年级下.xlsx
guangdong_start3|g5-lower|r072|about,guangdong_start3,5年级下,5,下,72,about,about,[əˈbaʊt],[əˈbaʊt],prep. 关于;大约 n. 大致;粗枝大叶;不拘小节的人 adj. 在附近的;四处走动的;在起作用的 adv. 大约;周围;到处,广东版三年级起点五年级下.xlsx
guangdong_start3|g5-lower|r073|habit,guangdong_start3,5年级下,5,下,73,habit,habit,[ˈhæbɪt],[ˈhæbɪt],"n. 习惯,习性;嗜好 vt. 使穿衣",广东版三年级起点五年级下.xlsx
guangdong_start3|g5-lower|r074|brush,guangdong_start3,5年级下,5,下,74,brush,brush,[brʌʃ],[brʌʃ],n. 刷子;画笔;毛笔;争吵;与某人有效冲突;灌木丛地带;矮树丛;狐狸尾巴 vi. 刷;擦过;掠过;(经过时)轻触 vt. 刷;画;,广东版三年级起点五年级下.xlsx
guangdong_start3|g5-lower|r075|teeth,guangdong_start3,5年级下,5,下,75,teeth,teeth,[tiːθ],[tiːθ],n. 牙齿,广东版三年级起点五年级下.xlsx
guangdong_start3|g5-lower|r076|comb,guangdong_start3,5年级下,5,下,76,comb,comb,[kəʊm],[koʊm],n. 梳子;蜂巢;鸡冠 vt. 梳头发;梳毛 vi. (浪)涌起,广东版三年级起点五年级下.xlsx
guangdong_start3|g5-lower|r077|hair,guangdong_start3,5年级下,5,下,77,hair,hair,[heə(r)],[her],n. 头发;毛发;些微 adj. 毛发的;护理毛发的;用毛发制成的 vt. 除去...的毛发 vi. 生长毛发;形成毛状纤维,广东版三年级起点五年级下.xlsx
guangdong_start3|g5-lower|r078|finish,guangdong_start3,5年级下,5,下,78,finish,finish,[ˈfɪnɪʃ],[ˈfɪnɪʃ],"n. 结束;完美;回味(葡萄酒) vt. 完成;结束;用完 vi. 结束,终止;终结",广东版三年级起点五年级下.xlsx
guangdong_start3|g5-lower|r079|pack,guangdong_start3,5年级下,5,下,79,pack,pack,[pæk],[pæk],n. 包装;一群;背包;包裹;一副 vt. 包装;压紧;捆扎;挑选;塞满 vi. 挤;包装货物;被包装;群集,广东版三年级起点五年级下.xlsx
guangdong_start3|g5-lower|r080|schoolbag,guangdong_start3,5年级下,5,下,80,schoolbag,schoolbag,[ˈskuːlbæɡ],[ˈskuːlˌbæɡ],n. 书包,广东版三年级起点五年级下.xlsx
guangdong_start3|g5-lower|r081|hang up,guangdong_start3,5年级下,5,下,81,hang up,hang up,[ˈhæŋ ʌp],[hæŋ ʌp],v. 挂断电话;挂机;悬挂;耽搁,广东版三年级起点五年级下.xlsx
guangdong_start3|g5-lower|r082|take out,guangdong_start3,5年级下,5,下,82,take out,take out,,,na. 取出;带出(散步等);除去(污点等);取得(专卖权等),广东版三年级起点五年级下.xlsx
guangdong_start3|g5-lower|r083|trash,guangdong_start3,5年级下,5,下,83,trash,trash,[træʃ],[træʃ],n. 垃圾;废物 vt. 丢弃;修剪树枝,广东版三年级起点五年级下.xlsx
guangdong_start3|g5-lower|r084|clean up,guangdong_start3,5年级下,5,下,84,clean up,clean up,[ˈkliːn ʌp],[ˈkliːn ʌp],na. 收拾干净;【机械工程】改正;〔俚语〕赚厚利,广东版三年级起点五年级下.xlsx
guangdong_start3|g5-lower|r085|understand,guangdong_start3,5年级下,5,下,85,understand,understand,[ˌʌndəˈstænd],[ˌʌndərˈstænd],vi. 理解;懂得;熟悉 vt. 理解;懂;获悉;推断;省略,广东版三年级起点五年级下.xlsx
guangdong_start3|g6-upper|r002|headache,guangdong_start3,6年级上,6,上,2,headache,headache,[ˈhedeɪk],[ˈhedeɪk],n. 头痛;麻烦;令人头痛之事,广东版三年级起点六年级上.xlsx
guangdong_start3|g6-upper|r003|toothache,guangdong_start3,6年级上,6,上,3,toothache,toothache,[ˈtuːθeɪk],[ˈtuːθeɪk],n. [口腔] 牙痛,广东版三年级起点六年级上.xlsx
guangdong_start3|g6-upper|r004|cold,guangdong_start3,6年级上,6,上,4,cold,cold,[kəʊld],[kəʊld],"n. 寒冷;感冒 adj. 寒冷的;冷淡的,不热情的;失去知觉的 adv. 完全地",广东版三年级起点六年级上.xlsx
guangdong_start3|g6-upper|r005|fever,guangdong_start3,6年级上,6,上,5,fever,fever,[ˈfiːvə(r)],[ˈfiːvər],"n. 发烧,发热;狂热 vt. 使发烧;使狂热;使患热病 vi. 发烧;狂热;患热病",广东版三年级起点六年级上.xlsx
guangdong_start3|g6-upper|r006|stomachache,guangdong_start3,6年级上,6,上,6,stomachache,stomachache,[ˈstʌməkeɪk],[ˈstʌməkˌeɪk],"n. 腹痛,肚子痛;胃痛",广东版三年级起点六年级上.xlsx
guangdong_start3|g6-upper|r007|take some medicine,guangdong_start3,6年级上,6,上,7,take some medicine,take some medicine,,,吃药;吃一些药;吃些药,广东版三年级起点六年级上.xlsx
guangdong_start3|g6-upper|r008|see the dentist,guangdong_start3,6年级上,6,上,8,see the dentist,see the dentist,,,无,广东版三年级起点六年级上.xlsx
guangdong_start3|g6-upper|r009|stay in bed,guangdong_start3,6年级上,6,上,9,stay in bed,stay in bed,,,呆在床上;卧病在床;躺在床上,广东版三年级起点六年级上.xlsx
guangdong_start3|g6-upper|r010|should,guangdong_start3,6年级上,6,上,10,should,should,[ʃəd; ʃʊd],[ʃəd; ʃʊd],aux. 应该;就;可能;将要,广东版三年级起点六年级上.xlsx
guangdong_start3|g6-upper|r011|hurt,guangdong_start3,6年级上,6,上,11,hurt,hurt,[hɜːt],[hɜːrt],n. 痛苦;危害;痛苦的原因 vt. 使受伤;损害;使疼痛;使痛心 adj. 受伤的;痛苦的;受损的 vi. 感到疼痛;有坏处;带来痛苦,广东版三年级起点六年级上.xlsx
guangdong_start3|g6-upper|r012|be careful,guangdong_start3,6年级上,6,上,12,be careful,be careful,,,小心;当心;注意,广东版三年级起点六年级上.xlsx
guangdong_start3|g6-upper|r013|next time,guangdong_start3,6年级上,6,上,13,next time,next time,,,adv. 下一次,广东版三年级起点六年级上.xlsx
guangdong_start3|g6-upper|r014|dig,guangdong_start3,6年级上,6,上,14,dig,dig,[dɪɡ],[dɪɡ],"n. 戳,刺;挖苦 vi. 挖掘 vt. 挖,掘;探究",广东版三年级起点六年级上.xlsx
guangdong_start3|g6-upper|r015|well,guangdong_start3,6年级上,6,上,15,well,well,[wel],[wel],n. 井;源泉 adj. 良好的;健康的;适宜的 adv. 很好地;充分地;满意地;适当地 v. 涌出,广东版三年级起点六年级上.xlsx
guangdong_start3|g6-upper|r016|them,guangdong_start3,6年级上,6,上,16,them,them,[ðəm; ðem],[ðəm; ðem],pron. 他们;它们;她们,广东版三年级起点六年级上.xlsx
guangdong_start3|g6-upper|r017|worry,guangdong_start3,6年级上,6,上,17,worry,worry,[ˈwʌri],[ˈwɜːri],n. 担心;烦恼;撕咬 vi. 担心;烦恼;撕咬 vt. 担心;发愁;折磨,广东版三年级起点六年级上.xlsx
guangdong_start3|g6-upper|r018|easy,guangdong_start3,6年级上,6,上,18,easy,easy,[ˈiːzi],[ˈiːzi],"adj. 容易的;舒适的 vt. 发出停划命令 adv. 不费力地,从容地 vi. 停止划桨",广东版三年级起点六年级上.xlsx
guangdong_start3|g6-upper|r019|turn left,guangdong_start3,6年级上,6,上,19,turn left,turn left,[tɜ:n left],[tɝ​n lɛft],un. 向左转,广东版三年级起点六年级上.xlsx
guangdong_start3|g6-upper|r020|turn right,guangdong_start3,6年级上,6,上,20,turn right,turn right,,,na. 转往右面,广东版三年级起点六年级上.xlsx
guangdong_start3|g6-upper|r021|go straight,guangdong_start3,6年级上,6,上,21,go straight,go straight,,,na. 笔直走,广东版三年级起点六年级上.xlsx
guangdong_start3|g6-upper|r022|across from,guangdong_start3,6年级上,6,上,22,across from,across from,,,na. 在...的正对面,广东版三年级起点六年级上.xlsx
guangdong_start3|g6-upper|r023|street,guangdong_start3,6年级上,6,上,23,street,street,[striːt],[striːt],n. 街道 adj. 街道的,广东版三年级起点六年级上.xlsx
guangdong_start3|g6-upper|r024|corner,guangdong_start3,6年级上,6,上,24,corner,corner,[ˈkɔːnə(r)],[ˈkɔːrnər],"n. 角落,拐角处;地区,偏僻处;困境,窘境 vt. 垄断;迫至一隅;使陷入绝境;把...难住 vi. 囤积;相交成角",广东版三年级起点六年级上.xlsx
guangdong_start3|g6-upper|r025|traffic light,guangdong_start3,6年级上,6,上,25,traffic light,traffic light,['træfɪk'laɪt],[ˈtræfɪk laɪt],n. 交通信号灯;红绿灯,广东版三年级起点六年级上.xlsx
guangdong_start3|g6-upper|r026|bus stop,guangdong_start3,6年级上,6,上,26,bus stop,bus stop,,,n. 公共汽车停靠站,广东版三年级起点六年级上.xlsx
guangdong_start3|g6-upper|r027|find,guangdong_start3,6年级上,6,上,27,find,find,[faɪnd],[faɪnd],"n. 发现 vi. 裁决 vt. 查找,找到;发现;认为;感到;获得",广东版三年级起点六年级上.xlsx
guangdong_start3|g6-upper|r028|cross,guangdong_start3,6年级上,6,上,28,cross,cross,[krɒs],[krɔːs],"n. 交叉,十字;十字架,十字形物 adj. 交叉的,相反的;乖戾的;生气的 vt. 杂交;渡过;使相交 vi. 交叉;杂交;横过",广东版三年级起点六年级上.xlsx
guangdong_start3|g6-upper|r029|hamburger,guangdong_start3,6年级上,6,上,29,hamburger,hamburger,[ˈhæmbɜːɡə(r)],[ˈhæmbɜːrɡər],"n. 汉堡包,火腿汉堡;牛肉饼,肉饼;碎牛肉",广东版三年级起点六年级上.xlsx
guangdong_start3|g6-upper|r030|please,guangdong_start3,6年级上,6,上,30,please,please,[pliːz],[pliːz],"int. 请(礼貌用语) vt. 使喜欢;使高兴,使满意 vi. 讨人喜欢;令人高兴",广东版三年级起点六年级上.xlsx
guangdong_start3|g6-upper|r031|enough,guangdong_start3,6年级上,6,上,31,enough,enough,[ɪˈnʌf],[ɪˈnʌf],"n. 很多;充足 adj. 充足的 adv. 足够地,充足地 int. 够了!",广东版三年级起点六年级上.xlsx
guangdong_start3|g6-upper|r032|not enough,guangdong_start3,6年级上,6,上,32,not enough,not enough,,,爱不够;不足;还远远不够,广东版三年级起点六年级上.xlsx
guangdong_start3|g6-upper|r033|plenty of,guangdong_start3,6年级上,6,上,33,plenty of,plenty of,,,na. 很多的,广东版三年级起点六年级上.xlsx
guangdong_start3|g6-upper|r034|too much,guangdong_start3,6年级上,6,上,34,too much,too much,,,na. 太过份,广东版三年级起点六年级上.xlsx
guangdong_start3|g6-upper|r035|healthy,guangdong_start3,6年级上,6,上,35,healthy,healthy,[ˈhelθi],[ˈhelθi],"adj. 健康的,健全的;有益于健康的",广东版三年级起点六年级上.xlsx
guangdong_start3|g6-upper|r036|unhealthy,guangdong_start3,6年级上,6,上,36,unhealthy,unhealthy,[ʌnˈhelθi],[ʌnˈhelθi],adj. 不健康的;危险的;有害身心健康的,广东版三年级起点六年级上.xlsx
guangdong_start3|g6-upper|r037|chocolate,guangdong_start3,6年级上,6,上,37,chocolate,chocolate,[ˈtʃɒklət],[ˈtʃɔːklət],"n. 巧克力,巧克力糖;巧克力色 adj. 巧克力色的;巧克力口味的",广东版三年级起点六年级上.xlsx
guangdong_start3|g6-upper|r038|candy,guangdong_start3,6年级上,6,上,38,candy,candy,[ˈkændi],[ˈkændi],"n. 糖果(等于sweets);冰糖(等于sugar candy,rock candy);毒品 adj. 新潮的(服饰);甜言蜜语的 vt. 用糖煮;使结晶为砂糖;美化 vi. 糖煮;成为结晶",广东版三年级起点六年级上.xlsx
guangdong_start3|g6-upper|r039|cheese,guangdong_start3,6年级上,6,上,39,cheese,cheese,[tʃiːz],[tʃiːz],n. [食品] 奶酪;干酪;要人 adj. 叛变的;胆小的 vt. 停止,广东版三年级起点六年级上.xlsx
guangdong_start3|g6-upper|r040|jelly,guangdong_start3,6年级上,6,上,40,jelly,jelly,[ˈdʒeli],[ˈdʒeli],n. 果冻;胶状物 vi. 成胶状 vt. 使结冻,广东版三年级起点六年级上.xlsx
guangdong_start3|g6-upper|r041|all,guangdong_start3,6年级上,6,上,41,all,all,[ɔːl],[ɔːl],n. 全部 adj. 全部的 adv. 全然地;越发 pron. 全部,广东版三年级起点六年级上.xlsx
guangdong_start3|g6-upper|r042|a lot of,guangdong_start3,6年级上,6,上,42,a lot of,a lot of,,,det. 许多,广东版三年级起点六年级上.xlsx
guangdong_start3|g6-upper|r043|yuck,guangdong_start3,6年级上,6,上,43,yuck,yuck,[jʌk],[jʌk],"n. 讨厌的东西(等于yuk) adj. 令人反感的(等于yuk) int. 啐(表示反感等,等于yuk)",广东版三年级起点六年级上.xlsx
guangdong_start3|g6-upper|r044|from now on,guangdong_start3,6年级上,6,上,44,from now on,from now on,,,na. 从今以后,广东版三年级起点六年级上.xlsx
guangdong_start3|g6-upper|r045|only,guangdong_start3,6年级上,6,上,45,only,only,[ˈəʊnli],[ˈoʊnli],"adv. 只,仅仅;不料 adj. 唯一的,仅有的;最合适的 conj. 但是;不过;可是",广东版三年级起点六年级上.xlsx
guangdong_start3|g6-upper|r046|cola,guangdong_start3,6年级上,6,上,46,cola,cola,[ˈkəʊlə],[ˈkoʊlə],n. 可乐;可乐树(其子含咖啡碱),广东版三年级起点六年级上.xlsx
guangdong_start3|g6-upper|r047|else,guangdong_start3,6年级上,6,上,47,else,else,[els],[els],adj. 别的;其他的 adv. 其他;否则;另外,广东版三年级起点六年级上.xlsx
guangdong_start3|g6-upper|r048|water,guangdong_start3,6年级上,6,上,48,water,water,[ˈwɔːtə(r)],[ˈwɔːtər],"n. 水;海水;雨水;海域,大片的水 vt. 使湿;供以水;给...浇水 vi. 加水;流泪;流口水",广东版三年级起点六年级上.xlsx
guangdong_start3|g6-upper|r049|warm,guangdong_start3,6年级上,6,上,49,warm,warm,[wɔːm],[wɔːrm],n. 取暖;加热 adj. 温暖的;热情的 vt. 使...兴奋;使...温暖;使...感兴趣 vi. 同情;激动;变温暖,广东版三年级起点六年级上.xlsx
guangdong_start3|g6-upper|r050|cool,guangdong_start3,6年级上,6,上,50,cool,cool,[kuːl],[kuːl],n. 凉爽;凉爽的空气 adj. 凉爽的;冷静的;出色的 vt. 使...冷却;使...平静下来 vi. 变凉;平息 adv. 冷静地,广东版三年级起点六年级上.xlsx
guangdong_start3|g6-upper|r051|wet,guangdong_start3,6年级上,6,上,51,wet,wet,[wet],[wet],n. 雨天;湿气 adj. [气象][物] 潮湿的;有雨的 vt. 弄湿 vi. 变湿,广东版三年级起点六年级上.xlsx
guangdong_start3|g6-upper|r052|dry,guangdong_start3,6年级上,6,上,52,dry,dry,[draɪ],[draɪ],n. 干涸 adj. 干的;口渴的;枯燥无味的;禁酒的 vt. 把...弄干 vi. 变干,广东版三年级起点六年级上.xlsx
guangdong_start3|g6-upper|r053|clean,guangdong_start3,6年级上,6,上,53,clean,clean,[kliːn],[kliːn],"n. 打扫 adj. 清洁的,干净的;清白的 vt. 使干净 vi. 打扫,清扫 adv. 完全地",广东版三年级起点六年级上.xlsx
guangdong_start3|g6-upper|r054|dirty,guangdong_start3,6年级上,6,上,54,dirty,dirty,[ˈdɜːti],[ˈdɜːrti],"adj. 下流的,卑鄙的;肮脏的;恶劣的;暗淡的 vt. 弄脏 vi. 变脏",广东版三年级起点六年级上.xlsx
guangdong_start3|g6-upper|r055|tidy,guangdong_start3,6年级上,6,上,55,tidy,tidy,[ˈtaɪdi],[ˈtaɪdi],n. 椅子的背罩 adj. 整齐的;相当大的 vi. 整理;收拾 vt. 整理;收拾;弄整齐,广东版三年级起点六年级上.xlsx
guangdong_start3|g6-upper|r056|messy,guangdong_start3,6年级上,6,上,56,messy,messy,[ˈmesi],[ˈmesi],"adj. 凌乱的,散乱的;肮脏的,污秽的;麻烦的",广东版三年级起点六年级上.xlsx
guangdong_start3|g6-upper|r057|was,guangdong_start3,6年级上,6,上,57,was,was,[wəz; wɒz],[wəz; wʌz],be的第一和第三人称单数过去式,广东版三年级起点六年级上.xlsx
guangdong_start3|g6-upper|r058|were,guangdong_start3,6年级上,6,上,58,were,were,[wə(r); wɜː(r)],[wər; wɜːr],"v. 是,在(are的过去式)",广东版三年级起点六年级上.xlsx
guangdong_start3|g6-upper|r059|trash,guangdong_start3,6年级上,6,上,59,trash,trash,[træʃ],[træʃ],n. 垃圾;废物 vt. 丢弃;修剪树枝,广东版三年级起点六年级上.xlsx
guangdong_start3|g6-upper|r060|museum,guangdong_start3,6年级上,6,上,60,museum,museum,[mjuˈziːəm],[mjuˈziːəm],n. 博物馆,广东版三年级起点六年级上.xlsx
guangdong_start3|g6-upper|r061|yesterday,guangdong_start3,6年级上,6,上,61,yesterday,yesterday,[ˈjestədeɪ],[ˈjestərdeɪ; ˈjestərdi],n. 昨天;往昔 adv. 昨天,广东版三年级起点六年级上.xlsx
guangdong_start3|g6-upper|r062|good,guangdong_start3,6年级上,6,上,62,good,good,[ɡʊd],[ɡʊd],n. 好处;善行;慷慨的行为 adj. 好的;优良的;愉快的;虔诚的 adv. 好,广东版三年级起点六年级上.xlsx
guangdong_start3|g6-upper|r063|bad,guangdong_start3,6年级上,6,上,63,bad,bad,[bæd],[bæd],"n. 坏事;坏人 adj. 坏的;严重的;劣质的 adv. 很,非常;坏地;邪恶地",广东版三年级起点六年级上.xlsx
guangdong_start3|g6-upper|r064|tasty,guangdong_start3,6年级上,6,上,64,tasty,tasty,[ˈteɪsti],[ˈteɪsti],adj. 美味的;高雅的;有趣的 n. 可口的东西;引人入胜的东西,广东版三年级起点六年级上.xlsx
guangdong_start3|g6-upper|r065|yucky,guangdong_start3,6年级上,6,上,65,yucky,yucky,[ˈjʌki],[ˈjʌki],adj. 恶心的;讨人厌的;不愉快的,广东版三年级起点六年级上.xlsx
guangdong_start3|g6-upper|r066|snowy,guangdong_start3,6年级上,6,上,66,snowy,snowy,[ˈsnəʊi],[ˈsnoʊi],"adj. 下雪的,多雪的;被雪覆盖的;洁白无瑕的",广东版三年级起点六年级上.xlsx
guangdong_start3|g6-upper|r067|spicy,guangdong_start3,6年级上,6,上,67,spicy,spicy,[ˈspaɪsi],[ˈspaɪsi],"adj. 辛辣的;香的,多香料的;下流的",广东版三年级起点六年级上.xlsx
guangdong_start3|g6-upper|r068|canada,guangdong_start3,6年级上,6,上,68,Canada,canada,[ˈkænədə],[ˈkænədə],n. 加拿大(北美洲国家),广东版三年级起点六年级上.xlsx
guangdong_start3|g6-upper|r069|thailand,guangdong_start3,6年级上,6,上,69,Thailand,thailand,[ˈtaɪlænd],[ˈtaɪlænd],n. 泰国(东南亚国家名),广东版三年级起点六年级上.xlsx
guangdong_start3|g6-upper|r070|food,guangdong_start3,6年级上,6,上,70,food,food,[fuːd],[fuːd],n. 食物;养料,广东版三年级起点六年级上.xlsx
guangdong_start3|g6-upper|r071|here comes ...,guangdong_start3,6年级上,6,上,71,Here comes ...,here comes ...,,,来了;来这里;日出,广东版三年级起点六年级上.xlsx
guangdong_start3|g6-upper|r072|circus,guangdong_start3,6年级上,6,上,72,circus,circus,[ˈsɜːkəs],[ˈsɜːrkəs],n. 马戏;马戏团,广东版三年级起点六年级上.xlsx
guangdong_start3|g6-upper|r073|week,guangdong_start3,6年级上,6,上,73,week,week,[wiːk],[wiːk],"n. 周,星期",广东版三年级起点六年级上.xlsx
guangdong_start3|g6-upper|r074|month,guangdong_start3,6年级上,6,上,74,month,month,[mʌnθ],[mʌnθ],"n. 月,一个月的时间",广东版三年级起点六年级上.xlsx
guangdong_start3|g6-upper|r075|planted,guangdong_start3,6年级上,6,上,75,planted,planted,[ˈplɑːntɪd],[pla:ntid],vbl. 种植,广东版三年级起点六年级上.xlsx
guangdong_start3|g6-upper|r076|plant,guangdong_start3,6年级上,6,上,76,plant,plant,[plɑːnt],[plænt],"n. 工厂,车间;植物;设备;庄稼 vt. 种植;培养;栽培;安置 vi. 种植",广东版三年级起点六年级上.xlsx
guangdong_start3|g6-upper|r077|listened,guangdong_start3,6年级上,6,上,77,listened,listened,,,v. 倾听( listen的过去式和过去分词 ); 留心听; 听信; (让对方注意)听着,广东版三年级起点六年级上.xlsx
guangdong_start3|g6-upper|r078|listen,guangdong_start3,6年级上,6,上,78,listen,listen,[ˈlɪs(ə)n],[ˈlɪsn],"vi. 听,倾听;听从,听信 n. 听,倾听",广东版三年级起点六年级上.xlsx
guangdong_start3|g6-upper|r079|watched,guangdong_start3,6年级上,6,上,79,watched,watched,,,"vt. 观察;注视;看守;警戒 n. 手表;监视;守护;值班人 vi. 观看,注视;守侯,看守",广东版三年级起点六年级上.xlsx
guangdong_start3|g6-upper|r080|watch,guangdong_start3,6年级上,6,上,80,watch,watch,[wɒtʃ],[wɑːtʃ],"n. 手表;监视;守护;值班人 vt. 观察;注视;看守;警戒 vi. 观看,注视;守侯,看守",广东版三年级起点六年级上.xlsx
guangdong_start3|g6-upper|r081|helped,guangdong_start3,6年级上,6,上,81,helped,helped,[helpt],[helpt],v. 帮助(help的过去分词),广东版三年级起点六年级上.xlsx
guangdong_start3|g6-upper|r082|help,guangdong_start3,6年级上,6,上,82,help,help,[help],[help],n. 帮助;补救办法;帮忙者;有益的东西 vt. 帮助;促进;治疗;补救 vi. 帮助;有用;招待,广东版三年级起点六年级上.xlsx
guangdong_start3|g6-upper|r083|washed,guangdong_start3,6年级上,6,上,83,washed,washed,[wɒʃt],[wɑːʃt],"v. 洗,洗涤(wash的过去分词) adj. 洗过的",广东版三年级起点六年级上.xlsx
guangdong_start3|g6-upper|r084|wash,guangdong_start3,6年级上,6,上,84,wash,wash,[wɒʃ],[wɑːʃ],n. 洗涤;洗的衣服;化妆水;冲积物 vt. 洗涤;洗刷;冲走;拍打 vi. 洗澡;被冲蚀,广东版三年级起点六年级上.xlsx
guangdong_start3|g6-upper|r085|painted,guangdong_start3,6年级上,6,上,85,painted,painted,[ˈpeɪntɪd],[ˈpeɪntɪd],adj. 描画的;着色的;刷上油漆的 v. 油漆(paint的过去式和过去分词),广东版三年级起点六年级上.xlsx
guangdong_start3|g6-upper|r086|paint,guangdong_start3,6年级上,6,上,86,paint,paint,[peɪnt],[peɪnt],"vt. 油漆;绘画;装饰;涂色于;描绘;(用语言,文字等)描写;擦脂粉等 vi. 油漆;描绘;绘画;化妆 n. 油漆;颜料,涂料;绘画作品;胭脂等化妆品;色彩,装饰",广东版三年级起点六年级上.xlsx
guangdong_start3|g6-upper|r087|cooked,guangdong_start3,6年级上,6,上,87,cooked,cooked,[kʊkt],[kʊkt],adj. 煮熟的 v. 煮(cook的过去式、过去分词形式),广东版三年级起点六年级上.xlsx
guangdong_start3|g6-upper|r088|cook,guangdong_start3,6年级上,6,上,88,cook,cook,[kʊk],[kʊk],"n. 厨师,厨子 vt. 烹调,煮 vi. 烹调,做菜",广东版三年级起点六年级上.xlsx
guangdong_start3|g6-upper|r089|called,guangdong_start3,6年级上,6,上,89,called,called,[kɔːld],[kɔːld],v. 打电话、称呼(call的过去式);[通信] 呼叫;访问 adj. 被呼叫的,广东版三年级起点六年级上.xlsx
guangdong_start3|g6-upper|r090|call,guangdong_start3,6年级上,6,上,90,call,call,[kɔːl],[kɔːl],n. 电话;呼叫;要求;访问 vi. 呼叫;拜访;叫牌 vt. 呼叫;称呼;召集,广东版三年级起点六年级上.xlsx
guangdong_start3|g6-upper|r091|did,guangdong_start3,6年级上,6,上,91,did,did,[dɪd],[dɪd],v. 做(do的过去式),广东版三年级起点六年级上.xlsx
guangdong_start3|g6-upper|r092|do,guangdong_start3,6年级上,6,上,92,do,do,[duː; də; du; dəʊ],[duː; də; du; doʊ],"vi. 行,足够;生长 n. 要求;规定;C大调音阶中的第一音 v. 做;干;学习;研究;进行;完成;解答;整理;算出;引起;行过 aux. 助动词(构成疑问句和否定句);(代替动词);(用于加强语气) n. (口语)事件;(主英国口语)诈骗;(主英国、新西兰口语)宴会;(口语)必须做到的事情",广东版三年级起点六年级上.xlsx
guangdong_start3|g6-upper|r093|tree,guangdong_start3,6年级上,6,上,93,tree,tree,[triː],[triː],n. 树;木料;树状物 vt. 把...赶上树 vi. 爬上树;逃上树,广东版三年级起点六年级上.xlsx
guangdong_start3|g6-upper|r094|the tree planting day,guangdong_start3,6年级上,6,上,94,the Tree Planting Day,the tree planting day,,,无,广东版三年级起点六年级上.xlsx
guangdong_start3|g6-upper|r095|last,guangdong_start3,6年级上,6,上,95,last,last,[lɑːst],[læst],"n. 末尾,最后;上个;鞋楦(做鞋的模型) adj. 最后的;最近的,最新的;仅剩的;最不可能...的 vi. 持续;维持,够用;持久 vt. 度过,拖过;使维持 adv. 最后地;上次,最近;最后一点",广东版三年级起点六年级上.xlsx
guangdong_start3|g6-upper|r096|year,guangdong_start3,6年级上,6,上,96,year,year,[jɪə(r)],[jɪr],n. 年;年度;历年;年纪;一年的期间;某年级的学生,广东版三年级起点六年级上.xlsx
guangdong_start3|g6-upper|r097|walk,guangdong_start3,6年级上,6,上,97,walk,walk,[wɔːk],[wɔːk],"n. 步行,走;散步 vi. 走,步行;散步 vt. 散步;走过",广东版三年级起点六年级上.xlsx
guangdong_start3|g6-lower|r002|used,guangdong_start3,6年级下,6,下,2,used,used,[juːst],[juːst; juːzd],"v. 用(use的过去式);(used to)过去常做 adj. 习惯的;二手的,使用过的",广东版三年级起点六年级下.xlsx
guangdong_start3|g6-lower|r003|studied,guangdong_start3,6年级下,6,下,3,studied,studied,[ˈstʌdid],[ˈstʌdid],v. 学习(study的过去式) adj. 有计划的;故意的,广东版三年级起点六年级下.xlsx
guangdong_start3|g6-lower|r004|played,guangdong_start3,6年级下,6,下,4,played,played,[pleɪd],[pleɪd],v. 演奏;播放;玩耍;参加竞赛(play的过去分词) adj. 比赛的,广东版三年级起点六年级下.xlsx
guangdong_start3|g6-lower|r005|visited,guangdong_start3,6年级下,6,下,5,visited,visited,['vɪzɪtɪd],[ˈvɪzɪtɪd],"v. 拜访,访问(visit的过去式)",广东版三年级起点六年级下.xlsx
guangdong_start3|g6-lower|r006|ran,guangdong_start3,6年级下,6,下,6,ran,ran,[ræn],[ræn],v. 跑(run的过去式),广东版三年级起点六年级下.xlsx
guangdong_start3|g6-lower|r007|talked,guangdong_start3,6年级下,6,下,7,talked,talked,[tɔːkt],[tɔːkt],交谈,广东版三年级起点六年级下.xlsx
guangdong_start3|g6-lower|r008|jumped,guangdong_start3,6年级下,6,下,8,jumped,jumped,[dʒʌmpt],[dʒʌmpt],v. 跳跃(jump的过去分词),广东版三年级起点六年级下.xlsx
guangdong_start3|g6-lower|r009|cleaned,guangdong_start3,6年级下,6,下,9,cleaned,cleaned,[kliːnd],[kliːnd],v. 打扫(clean的过去式);把...弄干净 adj. 净化的,广东版三年级起点六年级下.xlsx
guangdong_start3|g6-lower|r010|watched,guangdong_start3,6年级下,6,下,10,watched,watched,,,"vt. 观察;注视;看守;警戒 n. 手表;监视;守护;值班人 vi. 观看,注视;守侯,看守",广东版三年级起点六年级下.xlsx
guangdong_start3|g6-lower|r011|clean up,guangdong_start3,6年级下,6,下,11,clean up,clean up,[ˈkliːn ʌp],[ˈkliːn ʌp],na. 收拾干净;【机械工程】改正;〔俚语〕赚厚利,广东版三年级起点六年级下.xlsx
guangdong_start3|g6-lower|r012|last night,guangdong_start3,6年级下,6,下,12,last night,last night,,,na. 昨晚;最后一夜,广东版三年级起点六年级下.xlsx
guangdong_start3|g6-lower|r013|the day before yesterday,guangdong_start3,6年级下,6,下,13,the day before yesterday,the day before yesterday,,,na. 前天,广东版三年级起点六年级下.xlsx
guangdong_start3|g6-lower|r014|parade,guangdong_start3,6年级下,6,下,14,parade,parade,[pəˈreɪd],[pəˈreɪd],n. 游行;阅兵;炫耀;行进;阅兵场 vt. 游行;炫耀;列队行进 vi. 游行;炫耀;列队行进,广东版三年级起点六年级下.xlsx
guangdong_start3|g6-lower|r015|trumpet,guangdong_start3,6年级下,6,下,15,trumpet,trumpet,[ˈtrʌmpɪt],[ˈtrʌmpɪt],n. 喇叭;喇叭声 vt. 吹喇叭;吹嘘 vi. 吹喇叭;发出喇叭般的声音,广东版三年级起点六年级下.xlsx
guangdong_start3|g6-lower|r016|went,guangdong_start3,6年级下,6,下,16,went,went,[went],[went],"v. 去,过去(go的过去式)",广东版三年级起点六年级下.xlsx
guangdong_start3|g6-lower|r017|ate,guangdong_start3,6年级下,6,下,17,ate,ate,[et; eɪt],[eɪt],v. 吃(eat的过去式),广东版三年级起点六年级下.xlsx
guangdong_start3|g6-lower|r018|wrote,guangdong_start3,6年级下,6,下,18,wrote,wrote,[rəʊt],[roʊt],v. 写(write的过去式),广东版三年级起点六年级下.xlsx
guangdong_start3|g6-lower|r019|read,guangdong_start3,6年级下,6,下,19,read,read,[riːd],[riːd],"n. 阅读;读物 adj. 有学问的 vi. 读;读起来 vt. 阅读;读懂,理解",广东版三年级起点六年级下.xlsx
guangdong_start3|g6-lower|r020|made,guangdong_start3,6年级下,6,下,20,made,made,[meɪd],[meɪd],"adj. 成功的;创造的 v. 做,使,安排(make的过去式和过去分词)",广东版三年级起点六年级下.xlsx
guangdong_start3|g6-lower|r021|rode,guangdong_start3,6年级下,6,下,21,rode,rode,[rəʊd],[roʊd],v. 骑(ride的过去式),广东版三年级起点六年级下.xlsx
guangdong_start3|g6-lower|r022|sang,guangdong_start3,6年级下,6,下,22,sang,sang,[sæŋ],[sæŋ],"v. 唱,唱歌(sing的过去式)",广东版三年级起点六年级下.xlsx
guangdong_start3|g6-lower|r023|drank,guangdong_start3,6年级下,6,下,23,drank,drank,[dræŋk],[dræŋk],v. 喝;喝酒(drink的过去式),广东版三年级起点六年级下.xlsx
guangdong_start3|g6-lower|r024|beautiful,guangdong_start3,6年级下,6,下,24,beautiful,beautiful,[ˈbjuːtɪf(ə)l],[ˈbjuːtɪf(ə)l],adj. 美丽的 出色地 出色的 迷人的 迷人地,广东版三年级起点六年级下.xlsx
guangdong_start3|g6-lower|r025|desert,guangdong_start3,6年级下,6,下,25,desert,desert,[ˈdezət],[ˈdezərt; dɪˈzɜːrt],n. 沙漠;荒原;应得的赏罚 vt. 遗弃;放弃;逃跑 adj. 沙漠的;荒凉的;不毛的 vi. 遗弃;开小差;逃掉,广东版三年级起点六年级下.xlsx
guangdong_start3|g6-lower|r026|feel,guangdong_start3,6年级下,6,下,26,feel,feel,[fiːl],[fiːl],n. 感觉;触摸 vi. 觉得;摸索 vt. 感觉;认为;触摸;试探,广东版三年级起点六年级下.xlsx
guangdong_start3|g6-lower|r027|chicken,guangdong_start3,6年级下,6,下,27,chicken,chicken,[ˈtʃɪkɪn],[ˈtʃɪkɪn],"n. 鸡肉;小鸡;胆小鬼,懦夫 adj. 鸡肉的;胆怯的;幼小的",广东版三年级起点六年级下.xlsx
guangdong_start3|g6-lower|r028|anything,guangdong_start3,6年级下,6,下,28,anything,anything,[ˈeniθɪŋ],[ˈeniθɪŋ],pron. 任何事,广东版三年级起点六年级下.xlsx
guangdong_start3|g6-lower|r029|bottle,guangdong_start3,6年级下,6,下,29,bottle,bottle,[ˈbɒt(ə)l],[ˈbɑːtl],n. 瓶子;一瓶的容量 vt. 控制;把...装入瓶中 vi. (街头艺人演出后)收拢钱币,广东版三年级起点六年级下.xlsx
guangdong_start3|g6-lower|r030|water,guangdong_start3,6年级下,6,下,30,water,water,[ˈwɔːtə(r)],[ˈwɔːtər],"n. 水;海水;雨水;海域,大片的水 vt. 使湿;供以水;给...浇水 vi. 加水;流泪;流口水",广东版三年级起点六年级下.xlsx
guangdong_start3|g6-lower|r031|lamp,guangdong_start3,6年级下,6,下,31,lamp,lamp,[læmp],[læmp],n. 灯;照射器 vt. 照亮 vi. 发亮,广东版三年级起点六年级下.xlsx
guangdong_start3|g6-lower|r032|won,guangdong_start3,6年级下,6,下,32,won,won,[wʌn],[wʌn],vt. 赢得(win的过去式和过去分词),广东版三年级起点六年级下.xlsx
guangdong_start3|g6-lower|r033|ate some cotton candy,guangdong_start3,6年级下,6,下,33,ate some cotton candy,ate some cotton candy,,,无,广东版三年级起点六年级下.xlsx
guangdong_start3|g6-lower|r034|had fun with friends,guangdong_start3,6年级下,6,下,34,had fun with friends,had fun with friends,,,无,广东版三年级起点六年级下.xlsx
guangdong_start3|g6-lower|r035|woke,guangdong_start3,6年级下,6,下,35,woke,woke,[wəʊk],[woʊk],v. 唤醒;激发;使...复活(wake的过去式),广东版三年级起点六年级下.xlsx
guangdong_start3|g6-lower|r036|missed,guangdong_start3,6年级下,6,下,36,missed,missed,[mɪst],[mɪst],v. 错过(miss的过去分词);投偏;未抓住 adj. 感到思念的,广东版三年级起点六年级下.xlsx
guangdong_start3|g6-lower|r037|forgot,guangdong_start3,6年级下,6,下,37,forgot,forgot,[fəˈɡɒt],[fərˈɡɑːt],v. 忘记;轻忽;遗漏(forget的过去式),广东版三年级起点六年级下.xlsx
guangdong_start3|g6-lower|r038|lost,guangdong_start3,6年级下,6,下,38,lost,lost,[lɒst],[lɔːst],adj. 失去的;丧失的;迷惑的 v. 遗失(lose的过去分词);失败,广东版三年级起点六年级下.xlsx
guangdong_start3|g6-lower|r039|happened,guangdong_start3,6年级下,6,下,39,happened,happened,['hæpənd],[ˈhæpənd],"v. 发生(happen的过去式,过去分词)",广东版三年级起点六年级下.xlsx
guangdong_start3|g6-lower|r040|luck,guangdong_start3,6年级下,6,下,40,luck,luck,[lʌk],[lʌk],"n. 运气;幸运;带来好运的东西 vi. 靠运气,走运;凑巧碰上",广东版三年级起点六年级下.xlsx
guangdong_start3|g6-lower|r041|key,guangdong_start3,6年级下,6,下,41,key,key,[kiː],[kiː],n. (打字机等的)键;关键;钥匙 vt. 键入;锁上;调节...的音调;提供线索 vi. 使用钥匙 adj. 关键的,广东版三年级起点六年级下.xlsx
guangdong_start3|g6-lower|r042|lucky,guangdong_start3,6年级下,6,下,42,lucky,lucky,[ˈlʌki],[ˈlʌki],adj. 幸运的;侥幸的,广东版三年级起点六年级下.xlsx
guangdong_start3|g6-lower|r043|fine,guangdong_start3,6年级下,6,下,43,fine,fine,[faɪn],[faɪn],"n. 罚款 adj. 好的;优良的;细小的,精美的;健康的;晴朗的 vt. 罚款;澄清 adv. 很好地;精巧地",广东版三年级起点六年级下.xlsx
guangdong_start3|g6-lower|r044|first,guangdong_start3,6年级下,6,下,44,first,first,[fɜːst],[fɜːrst],num. 第一 n. 第一;开始;冠军 adj. 第一的;基本的;最早的 adv. 第一;首先;优先;宁愿,广东版三年级起点六年级下.xlsx
guangdong_start3|g6-lower|r045|next,guangdong_start3,6年级下,6,下,45,next,next,[nekst],[nekst],adv. 然后;下次;其次 adj. 下一个的;其次的;贴近的 n. 下一个 prep. 靠近;居于...之后,广东版三年级起点六年级下.xlsx
guangdong_start3|g6-lower|r046|then,guangdong_start3,6年级下,6,下,46,then,then,[ðen],[ðen],"conj. 然后,当时 n. 那时 adv. 然后;那么;于是;当时;此外",广东版三年级起点六年级下.xlsx
guangdong_start3|g6-lower|r047|really,guangdong_start3,6年级下,6,下,47,really,really,[ˈriːəli],[ˈriːəli],"adv. 实际上,事实上;真正地,真实地;真的吗?(表语气)",广东版三年级起点六年级下.xlsx
guangdong_start3|g6-lower|r048|tired,guangdong_start3,6年级下,6,下,48,tired,tired,[ˈtaɪəd],[ˈtaɪərd],"v. 疲倦;对...腻烦(tire的过去分词形式) adj. 疲倦的;厌倦的,厌烦的",广东版三年级起点六年级下.xlsx
guangdong_start3|g6-lower|r049|scared,guangdong_start3,6年级下,6,下,49,scared,scared,[skeəd],[skerd],v. 使害怕(scare的过去分词) adj. 害怕的,广东版三年级起点六年级下.xlsx
guangdong_start3|g6-lower|r050|excited,guangdong_start3,6年级下,6,下,50,excited,excited,[ɪkˈsaɪtɪd],[ɪkˈsaɪtɪd],v. 激动;唤起(excite的过去分词) adj. 兴奋的;激动的;活跃的,广东版三年级起点六年级下.xlsx
guangdong_start3|g6-lower|r051|sad,guangdong_start3,6年级下,6,下,51,sad,sad,[sæd],[sæd],"adj. 难过的;悲哀的,令人悲痛的;凄惨的,阴郁的(形容颜色)",广东版三年级起点六年级下.xlsx
guangdong_start3|g6-lower|r052|stayed,guangdong_start3,6年级下,6,下,52,stayed,stayed,[steɪd],[steɪd],"v. 停留,制止(stay的过去分词形式)",广东版三年级起点六年级下.xlsx
guangdong_start3|g6-lower|r053|stay up late,guangdong_start3,6年级下,6,下,53,stay up late,stay up late,,,un. 整晚不睡;守着;迟睡,广东版三年级起点六年级下.xlsx
guangdong_start3|g6-lower|r054|heard,guangdong_start3,6年级下,6,下,54,heard,heard,[hɜːd],[hɜːrd],v. 听到(hear的过去式和过去分词);闻知,广东版三年级起点六年级下.xlsx
guangdong_start3|g6-lower|r055|noise,guangdong_start3,6年级下,6,下,55,noise,noise,[nɔɪz],[nɔɪz],n. [环境] 噪音;响声;杂音 vt. 谣传 vi. 发出声音;大声议论,广东版三年级起点六年级下.xlsx
guangdong_start3|g6-lower|r056|got,guangdong_start3,6年级下,6,下,56,got,got,[ɡɒt],[ɡɑːt],"v. 得到,明白(get的过去式和过去分词)",广东版三年级起点六年级下.xlsx
guangdong_start3|g6-lower|r057|kitten,guangdong_start3,6年级下,6,下,57,kitten,kitten,[ˈkɪt(ə)n],[ˈkɪt(ə)n],n. 小猫;小动物 vi. 产小猫,广东版三年级起点六年级下.xlsx
guangdong_start3|g6-lower|r058|got a poor grade,guangdong_start3,6年级下,6,下,58,got a poor grade,got a poor grade,,,无,广东版三年级起点六年级下.xlsx
guangdong_start3|g6-lower|r059|because,guangdong_start3,6年级下,6,下,59,because,because,"[bɪˈkəz, bɪˈkɒz]","[bɪˈkəz, bɪˈkɔːz]",conj. 因为,广东版三年级起点六年级下.xlsx
guangdong_start3|g6-lower|r060|climb,guangdong_start3,6年级下,6,下,60,climb,climb,[klaɪm],[klaɪm],n. 爬;攀登 vi. 爬;攀登;上升 vt. 爬;攀登;上升,广东版三年级起点六年级下.xlsx
guangdong_start3|g6-lower|r061|mountain,guangdong_start3,6年级下,6,下,61,mountain,mountain,[ˈmaʊntən],[ˈmaʊntn],n. 山;山脉,广东版三年级起点六年级下.xlsx
guangdong_start3|g6-lower|r062|why,guangdong_start3,6年级下,6,下,62,why,why,[waɪ],[waɪ],int. 哎呀!什么? adv. 为什么,广东版三年级起点六年级下.xlsx
guangdong_start3|g6-lower|r063|into,guangdong_start3,6年级下,6,下,63,into,into,[ˈɪntə],[ˈɪntə; ˈɪntu; ˈɪntuː],prep. 到...里;深入...之中;成为...状况;进入到...之内,广东版三年级起点六年级下.xlsx
guangdong_start3|g6-lower|r064|cave,guangdong_start3,6年级下,6,下,64,cave,cave,[keɪv],[keɪv],"n. 洞穴,窑洞 vi. 凹陷,塌落;投降 vt. 使凹陷,使塌落;在...挖洞穴",广东版三年级起点六年级下.xlsx
guangdong_start3|g6-lower|r065|angry,guangdong_start3,6年级下,6,下,65,angry,angry,[ˈæŋɡri],[ˈæŋɡri],adj. 生气的;愤怒的;狂暴的;(伤口等)发炎的,广东版三年级起点六年级下.xlsx
guangdong_start3|g6-lower|r066|proud,guangdong_start3,6年级下,6,下,66,proud,proud,[praʊd],[praʊd],adj. 自豪的;得意的;自负的,广东版三年级起点六年级下.xlsx
guangdong_start3|g6-lower|r067|turn on,guangdong_start3,6年级下,6,下,67,turn on,turn on,[tɜ:n ɒn],[tɜːrn ɑːn],na. 转向;对...进行突击,广东版三年级起点六年级下.xlsx
guangdong_start3|g6-lower|r068|turn on the light,guangdong_start3,6年级下,6,下,68,turn on the light,turn on the light,,,na. 开电灯,广东版三年级起点六年级下.xlsx
guangdong_start3|g6-lower|r069|turn off,guangdong_start3,6年级下,6,下,69,turn off,turn off,[tɜ:n ɒf],[tɜːrn ɔ:f],v. 关掉,广东版三年级起点六年级下.xlsx
guangdong_start3|g6-lower|r070|turn off the tv,guangdong_start3,6年级下,6,下,70,turn off the TV,turn off the tv,,,无,广东版三年级起点六年级下.xlsx
guangdong_start3|g6-lower|r071|put away,guangdong_start3,6年级下,6,下,71,put away,put away,,,v. 把...收起来;储存,广东版三年级起点六年级下.xlsx
guangdong_start3|g6-lower|r072|put away your books,guangdong_start3,6年级下,6,下,72,put away your books,put away your books,,,无,广东版三年级起点六年级下.xlsx
guangdong_start3|g6-lower|r073|take out,guangdong_start3,6年级下,6,下,73,take out,take out,,,na. 取出;带出(散步等);除去(污点等);取得(专卖权等),广东版三年级起点六年级下.xlsx
guangdong_start3|g6-lower|r074|trash,guangdong_start3,6年级下,6,下,74,trash,trash,[træʃ],[træʃ],n. 垃圾;废物 vt. 丢弃;修剪树枝,广东版三年级起点六年级下.xlsx
guangdong_start3|g6-lower|r075|put on,guangdong_start3,6年级下,6,下,75,put on,put on,[pʊt ɒn],[pʊt ɑːn],na. 假话,广东版三年级起点六年级下.xlsx
guangdong_start3|g6-lower|r076|put on your jacket,guangdong_start3,6年级下,6,下,76,put on your jacket,put on your jacket,,,无,广东版三年级起点六年级下.xlsx
guangdong_start3|g6-lower|r077|hang up,guangdong_start3,6年级下,6,下,77,hang up,hang up,[ˈhæŋ ʌp],[hæŋ ʌp],v. 挂断电话;挂机;悬挂;耽搁,广东版三年级起点六年级下.xlsx
guangdong_start3|g6-lower|r078|hang up your clothes,guangdong_start3,6年级下,6,下,78,hang up your clothes,hang up your clothes,,,无,广东版三年级起点六年级下.xlsx
guangdong_start3|g6-lower|r079|busy,guangdong_start3,6年级下,6,下,79,busy,busy,[ˈbɪzi],[ˈbɪzi],adj. 忙碌的;热闹的;正被占用的 vt. 使忙于,广东版三年级起点六年级下.xlsx
guangdong_start3|g6-lower|r080|in a minute,guangdong_start3,6年级下,6,下,80,in a minute,in a minute,,,na. 马上,广东版三年级起点六年级下.xlsx
guangdong_start3|g6-lower|r081|later,guangdong_start3,6年级下,6,下,81,later,later,[ˈleɪtə(r)],[ˈleɪtər],adv. 后来;稍后;随后 adj. 更迟的;更后的,广东版三年级起点六年级下.xlsx
guangdong_start3|g6-lower|r082|carried,guangdong_start3,6年级下,6,下,82,carried,carried,[ˈkærid],[ˈkærid],v. 保持(carry的过去式和过去分词);搬运 adj. 被运的;入神的;忘我的,广东版三年级起点六年级下.xlsx
guangdong_start3|g6-lower|r083|pushed,guangdong_start3,6年级下,6,下,83,pushed,pushed,[pʊʃt],[pʊʃt],v. 推;挤;逼迫(push的过去式和过去分词) adj. 处于窘境的;为难的;推挤现象的,广东版三年级起点六年级下.xlsx
guangdong_start3|g6-lower|r084|gave,guangdong_start3,6年级下,6,下,84,gave,gave,[ɡeɪv],[ɡeɪv],v. 给予(give的过去式),广东版三年级起点六年级下.xlsx
guangdong_start3|g6-lower|r085|found,guangdong_start3,6年级下,6,下,85,found,found,[faʊnd],[faʊnd],"v. 找到(find的过去分词) vt. 创立,建立;创办",广东版三年级起点六年级下.xlsx
guangdong_start3|g6-lower|r086|dropped,guangdong_start3,6年级下,6,下,86,dropped,dropped,[drɒpt],[drɑːpt],"v. 下降,减少;掉下,滴下(drop的过去式和过去分词形式) adj. 抛踢球得分的",广东版三年级起点六年级下.xlsx
guangdong_start3|g6-lower|r087|pulled,guangdong_start3,6年级下,6,下,87,pulled,pulled,['pʊld],[pʊld],"v. 拉,[交] 牵引(pull的过去式) adj. 牵引的;扯下来的",广东版三年级起点六年级下.xlsx
guangdong_start3|g6-lower|r088|must,guangdong_start3,6年级下,6,下,88,must,must,[məst],[məst; mʌst],"aux. 必须,一定;可以,应当;很可能 n. 绝对必要的事物;未发酵葡萄汁",广东版三年级起点六年级下.xlsx
guangdong_start3|g6-lower|r089|master,guangdong_start3,6年级下,6,下,89,master,master,[ˈmɑːstə(r)],[ˈmæstər],vt. 控制;精通;征服 n. 硕士;主人;大师;教师 adj. 主人的;主要的;熟练的,广东版三年级起点六年级下.xlsx
guangdong_start3|g6-lower|r090|way,guangdong_start3,6年级下,6,下,90,way,way,[weɪ],[weɪ],n. 方法;道路;方向;行业;习惯 adj. 途中的 adv. 大大地;远远地,广东版三年级起点六年级下.xlsx
guangdong_start3|g6-lower|r091|careful,guangdong_start3,6年级下,6,下,91,careful,careful,[ˈkeəf(ə)l],[ˈkerfl],"adj. 仔细的,小心的",广东版三年级起点六年级下.xlsx
guangdong_start3|g6-lower|r092|dangerous,guangdong_start3,6年级下,6,下,92,dangerous,dangerous,[ˈdeɪndʒərəs],[ˈdeɪndʒərəs],adj. 危险的 危险地,广东版三年级起点六年级下.xlsx
guangdong_start3|g6-lower|r093|afraid,guangdong_start3,6年级下,6,下,93,afraid,afraid,[əˈfreɪd],[əˈfreɪd],adj. 害怕的;恐怕;担心的,广东版三年级起点六年级下.xlsx
guangdong_start3|g6-lower|r094|club,guangdong_start3,6年级下,6,下,94,club,club,[klʌb],[klʌb],"n. 俱乐部,社团;夜总会;棍棒;(扑克牌中的)梅花 adj. 俱乐部的 vt. 用棍棒打;募集 vi. 集资;组成俱乐部",广东版三年级起点六年级下.xlsx
guangdong_start3|g6-lower|r095|fight,guangdong_start3,6年级下,6,下,95,fight,fight,[faɪt],[faɪt],"n. 打架;战斗,斗志 vi. 打架;与...打仗,与...斗争;反对...提案",广东版三年级起点六年级下.xlsx
guangdong_start3|g6-lower|r096|hurry up,guangdong_start3,6年级下,6,下,96,hurry up,hurry up,['hʌrɪ ʌp],['hɜːrɪ ʌp],na. 催促;赶快,广东版三年级起点六年级下.xlsx
guangdong_start3|g6-lower|r097|go out,guangdong_start3,6年级下,6,下,97,go out,go out,,,na. 出去;灭;辞职;下台,广东版三年级起点六年级下.xlsx
