SourceOccurrenceKey,SourceID,SourceBook,Grade,Semester,SourceRow,Word,MatchKey,British,American,Definition,SourceFile
shaanxi_start3|g3-upper|r001|hello,shaanxi_start3,3年级上,3,上,1,hello,hello,,,"n. 表示问候, 惊奇或唤起注意时的用语 int. 喂;哈罗",陕西版三年级起点三年级上.xlsx
shaanxi_start3|g3-upper|r002|hi,shaanxi_start3,3年级上,3,上,2,hi,hi,,,int. 嗨!(表示问候或用以唤起注意),陕西版三年级起点三年级上.xlsx
shaanxi_start3|g3-upper|r003|goodbye,shaanxi_start3,3年级上,3,上,3,goodbye,goodbye,,,int. 再见 放弃 告别,陕西版三年级起点三年级上.xlsx
shaanxi_start3|g3-upper|r004|miss,shaanxi_start3,3年级上,3,上,4,Miss,miss,,,"n. 女士,小姐,年轻未婚女子 vt. 错过,想念,缺(勤)",陕西版三年级起点三年级上.xlsx
shaanxi_start3|g3-upper|r005|bye-bye,shaanxi_start3,3年级上,3,上,5,bye-bye,bye-bye,,,int. 再见 轮空晋级,陕西版三年级起点三年级上.xlsx
shaanxi_start3|g3-upper|r006|i'm,shaanxi_start3,3年级上,3,上,6,I'm,i'm,,,abbr. 我是(缩写),陕西版三年级起点三年级上.xlsx
shaanxi_start3|g3-upper|r007|i am,shaanxi_start3,3年级上,3,上,7,I am,i am,,,我是;这就是我;唯我是问,陕西版三年级起点三年级上.xlsx
shaanxi_start3|g3-upper|r008|what's,shaanxi_start3,3年级上,3,上,8,what's,what's,,,...是什么(等于what is);...有什么(等于what has),陕西版三年级起点三年级上.xlsx
shaanxi_start3|g3-upper|r009|what is,shaanxi_start3,3年级上,3,上,9,what is,what is,,,[计] whatis命令,陕西版三年级起点三年级上.xlsx
shaanxi_start3|g3-upper|r010|your,shaanxi_start3,3年级上,3,上,10,your,your,,,"pron. 你的,你们的",陕西版三年级起点三年级上.xlsx
shaanxi_start3|g3-upper|r011|name,shaanxi_start3,3年级上,3,上,11,name,name,,,"n. 名称,名字;姓名;名誉 vt. 命名,任命;指定;称呼;提名;叫出 adj. 姓名的;据以取名的",陕西版三年级起点三年级上.xlsx
shaanxi_start3|g3-upper|r012|my,shaanxi_start3,3年级上,3,上,12,my,my,,,pron. 我的 int. 哎呀(表示惊奇等);喔唷,陕西版三年级起点三年级上.xlsx
shaanxi_start3|g3-upper|r013|is,shaanxi_start3,3年级上,3,上,13,is,is,,,v. 是(be的三单形式) n. 存在,陕西版三年级起点三年级上.xlsx
shaanxi_start3|g3-upper|r014|apple,shaanxi_start3,3年级上,3,上,14,apple,apple,,,"n. 苹果,苹果树,苹果似的东西;[美俚]炸弹,手榴弹,(棒球的)球;[美俚]人,家伙。",陕西版三年级起点三年级上.xlsx
shaanxi_start3|g3-upper|r015|boy,shaanxi_start3,3年级上,3,上,15,boy,boy,,,n. 男孩;男人,陕西版三年级起点三年级上.xlsx
shaanxi_start3|g3-upper|r016|cat,shaanxi_start3,3年级上,3,上,16,cat,cat,,,"n. 猫,猫科动物",陕西版三年级起点三年级上.xlsx
shaanxi_start3|g3-upper|r017|dog,shaanxi_start3,3年级上,3,上,17,dog,dog,,,n. 狗;丑女人;卑鄙的人;(俚)朋友 vt. 跟踪;尾随,陕西版三年级起点三年级上.xlsx
shaanxi_start3|g3-upper|r018|egg,shaanxi_start3,3年级上,3,上,18,egg,egg,,,n. 蛋;卵子;家伙;鸡蛋 vt. 煽动;怂恿,陕西版三年级起点三年级上.xlsx
shaanxi_start3|g3-upper|r019|fish,shaanxi_start3,3年级上,3,上,19,fish,fish,,,"n. 鱼,鱼类 vt. 钓鱼,捕鱼;搜寻 vi. 捕鱼,钓鱼;用钩捞取",陕西版三年级起点三年级上.xlsx
shaanxi_start3|g3-upper|r020|girl,shaanxi_start3,3年级上,3,上,20,girl,girl,,,"n. 女孩;姑娘,未婚女子;女职员,女演员;(男人的)女朋友 n. (捷)吉尔",陕西版三年级起点三年级上.xlsx
shaanxi_start3|g3-upper|r021|how,shaanxi_start3,3年级上,3,上,21,how,how,,,adv. 如何;多少;多么 n. 方法;方式 conj. 如何,陕西版三年级起点三年级上.xlsx
shaanxi_start3|g3-upper|r022|are,shaanxi_start3,3年级上,3,上,22,are,are,,,v. 是(be的第二人称单复数现在式) n. 公亩,陕西版三年级起点三年级上.xlsx
shaanxi_start3|g3-upper|r023|you,shaanxi_start3,3年级上,3,上,23,you,you,,,pron. 你;你们,陕西版三年级起点三年级上.xlsx
shaanxi_start3|g3-upper|r024|fine,shaanxi_start3,3年级上,3,上,24,fine,fine,,,"n. 罚款 adj. 好的;优良的;细小的,精美的;健康的;晴朗的 vt. 罚款;澄清 adv. 很好地;精巧地",陕西版三年级起点三年级上.xlsx
shaanxi_start3|g3-upper|r025|thank,shaanxi_start3,3年级上,3,上,25,thank,thank,,,n. 感谢 vt. 感谢 int. 谢谢,陕西版三年级起点三年级上.xlsx
shaanxi_start3|g3-upper|r026|this,shaanxi_start3,3年级上,3,上,26,this,this,,,adj. 这;本;这个;今 pron. 这;这个;这里 adv. 这样地;这么,陕西版三年级起点三年级上.xlsx
shaanxi_start3|g3-upper|r027|nice,shaanxi_start3,3年级上,3,上,27,nice,nice,,,adj. 精密的;美好的;细微的;和蔼的,陕西版三年级起点三年级上.xlsx
shaanxi_start3|g3-upper|r028|to,shaanxi_start3,3年级上,3,上,28,to,to,,,prep. 到;向;(表示时间、方向)朝...方向 adv. 向前;(门等)关上,陕西版三年级起点三年级上.xlsx
shaanxi_start3|g3-upper|r029|meet,shaanxi_start3,3年级上,3,上,29,meet,meet,,,vt. 满足;遇见;对付 vi. 相遇;接触 n. 集会 adj. 合适的;适宜的,陕西版三年级起点三年级上.xlsx
shaanxi_start3|g3-upper|r030|me,shaanxi_start3,3年级上,3,上,30,me,me,,,pron. 我(宾格) n. 自我;极端自私的人;自我的一部分,陕西版三年级起点三年级上.xlsx
shaanxi_start3|g3-upper|r031|too,shaanxi_start3,3年级上,3,上,31,too,too,,,adv. 太;也;很;还;非常;过度,陕西版三年级起点三年级上.xlsx
shaanxi_start3|g3-upper|r032|hair,shaanxi_start3,3年级上,3,上,32,hair,hair,,,n. 头发;毛发;些微 adj. 毛发的;护理毛发的;用毛发制成的 vt. 除去...的毛发 vi. 生长毛发;形成毛状纤维,陕西版三年级起点三年级上.xlsx
shaanxi_start3|g3-upper|r033|ice-cream,shaanxi_start3,3年级上,3,上,33,ice-cream,ice-cream,,,"a. 冰淇淋的, 乳白色的",陕西版三年级起点三年级上.xlsx
shaanxi_start3|g3-upper|r034|juice,shaanxi_start3,3年级上,3,上,34,juice,juice,,,"n. (水果)汁,液;果汁",陕西版三年级起点三年级上.xlsx
shaanxi_start3|g3-upper|r035|key,shaanxi_start3,3年级上,3,上,35,key,key,,,n. (打字机等的)键;关键;钥匙 vt. 键入;锁上;调节...的音调;提供线索 vi. 使用钥匙 adj. 关键的,陕西版三年级起点三年级上.xlsx
shaanxi_start3|g3-upper|r036|lion,shaanxi_start3,3年级上,3,上,36,lion,lion,,,n. 狮子;名人;勇猛的人;社交场合的名流,陕西版三年级起点三年级上.xlsx
shaanxi_start3|g3-upper|r037|milk,shaanxi_start3,3年级上,3,上,37,milk,milk,,,n. 牛奶;乳状物 vt. 榨取;挤...的奶 vi. 挤奶,陕西版三年级起点三年级上.xlsx
shaanxi_start3|g3-upper|r038|night,shaanxi_start3,3年级上,3,上,38,night,night,,,"n. 夜晚,晚上;黑暗,黑夜 adj. 夜晚的,夜间的",陕西版三年级起点三年级上.xlsx
shaanxi_start3|g3-upper|r039|good,shaanxi_start3,3年级上,3,上,39,good,good,,,n. 好处;善行;慷慨的行为 adj. 好的;优良的;愉快的;虔诚的 adv. 好,陕西版三年级起点三年级上.xlsx
shaanxi_start3|g3-upper|r040|morning,shaanxi_start3,3年级上,3,上,40,morning,morning,,,n. 早晨;黎明;初期,陕西版三年级起点三年级上.xlsx
shaanxi_start3|g3-upper|r041|mom,shaanxi_start3,3年级上,3,上,41,mom,mom,,,n. 妈妈,陕西版三年级起点三年级上.xlsx
shaanxi_start3|g3-upper|r042|afternoon,shaanxi_start3,3年级上,3,上,42,afternoon,afternoon,,,"n. 午后,下午",陕西版三年级起点三年级上.xlsx
shaanxi_start3|g3-upper|r043|mr.,shaanxi_start3,3年级上,3,上,43,Mr.,mr.,,,n. 先生,陕西版三年级起点三年级上.xlsx
shaanxi_start3|g3-upper|r044|evening,shaanxi_start3,3年级上,3,上,44,evening,evening,,,n. 晚上;傍晚;(联欢性的)晚会;后期 adj. 在晚上的;为晚上的;晚上用的 int. 晚上好(等于good evening),陕西版三年级起点三年级上.xlsx
shaanxi_start3|g3-upper|r045|dad,shaanxi_start3,3年级上,3,上,45,dad,dad,,,n. 爸爸;爹爹,陕西版三年级起点三年级上.xlsx
shaanxi_start3|g3-upper|r046|orange,shaanxi_start3,3年级上,3,上,46,orange,orange,,,adj. 橙色的;橘色的 n. 橙;橙色;桔子,陕西版三年级起点三年级上.xlsx
shaanxi_start3|g3-upper|r047|pear,shaanxi_start3,3年级上,3,上,47,pear,pear,,,n. [园艺] 梨树;梨子,陕西版三年级起点三年级上.xlsx
shaanxi_start3|g3-upper|r048|question,shaanxi_start3,3年级上,3,上,48,question,question,,,"n. 问题,疑问;询问;疑问句 vt. 询问;怀疑;审问 vi. 询问;怀疑;审问",陕西版三年级起点三年级上.xlsx
shaanxi_start3|g3-upper|r049|rabbit,shaanxi_start3,3年级上,3,上,49,rabbit,rabbit,,,"n. 兔子,野兔 vt. 让...见鬼去吧 vi. 猎兔",陕西版三年级起点三年级上.xlsx
shaanxi_start3|g3-upper|r050|sun,shaanxi_start3,3年级上,3,上,50,sun,sun,,,n. 太阳 vt. 使晒 vi. 晒太阳,陕西版三年级起点三年级上.xlsx
shaanxi_start3|g3-upper|r051|tiger,shaanxi_start3,3年级上,3,上,51,tiger,tiger,,,n. 老虎;凶暴的人,陕西版三年级起点三年级上.xlsx
shaanxi_start3|g3-upper|r052|it's,shaanxi_start3,3年级上,3,上,52,it's,it's,,,abbr. 它的(it has);它是(it is),陕西版三年级起点三年级上.xlsx
shaanxi_start3|g3-upper|r053|it is,shaanxi_start3,3年级上,3,上,53,it is,it is,,,它是;是的;这是,陕西版三年级起点三年级上.xlsx
shaanxi_start3|g3-upper|r054|a,shaanxi_start3,3年级上,3,上,54,a,a,,,n. 字母A;第一流的;学业成绩达最高标准的评价符号 abbr. [物]安(ampere),陕西版三年级起点三年级上.xlsx
shaanxi_start3|g3-upper|r055|no,shaanxi_start3,3年级上,3,上,55,no,no,,,adv. 不 adj. 没有;不是 n. 不;否决票 abbr. 数字(number);元素锘(nobelium)的符号,陕西版三年级起点三年级上.xlsx
shaanxi_start3|g3-upper|r056|it,shaanxi_start3,3年级上,3,上,56,it,it,,,abbr. 信息技术information technology abbr. 意大利Italy;意大利的Italian,陕西版三年级起点三年级上.xlsx
shaanxi_start3|g3-upper|r057|isn't,shaanxi_start3,3年级上,3,上,57,isn't,isn't,,,不是(等于is not),陕西版三年级起点三年级上.xlsx
shaanxi_start3|g3-upper|r058|is not,shaanxi_start3,3年级上,3,上,58,is not,is not,,,,陕西版三年级起点三年级上.xlsx
shaanxi_start3|g3-upper|r059|look,shaanxi_start3,3年级上,3,上,59,look,look,,,vt. 看;期待;注意;面向;看上去像 vi. 看;看起来;注意;面向 n. 看;样子;面容,陕西版三年级起点三年级上.xlsx
shaanxi_start3|g3-upper|r060|that,shaanxi_start3,3年级上,3,上,60,that,that,,,conj. 因为;以至于 adj. 那;那个 pron. 那;那个 adv. 那么;那样,陕西版三年级起点三年级上.xlsx
shaanxi_start3|g3-upper|r061|yes,shaanxi_start3,3年级上,3,上,61,yes,yes,,,"n. 是(表示肯定) adv. 是, 是的",陕西版三年级起点三年级上.xlsx
shaanxi_start3|g3-upper|r062|an,shaanxi_start3,3年级上,3,上,62,an,an,,,art. 一(在元音音素前),陕西版三年级起点三年级上.xlsx
shaanxi_start3|g3-upper|r063|umbrella,shaanxi_start3,3年级上,3,上,63,umbrella,umbrella,,,n. 雨伞;保护伞;庇护;伞形结构,陕西版三年级起点三年级上.xlsx
shaanxi_start3|g3-upper|r064|vegetable,shaanxi_start3,3年级上,3,上,64,vegetable,vegetable,,,n. 蔬菜;植物;植物人 adj. 蔬菜的;植物的,陕西版三年级起点三年级上.xlsx
shaanxi_start3|g3-upper|r065|water,shaanxi_start3,3年级上,3,上,65,water,water,,,"n. 水;海水;雨水;海域,大片的水 vt. 使湿;供以水;给...浇水 vi. 加水;流泪;流口水",陕西版三年级起点三年级上.xlsx
shaanxi_start3|g3-upper|r066|box,shaanxi_start3,3年级上,3,上,66,box,box,,,"n. 箱,盒子;包厢;一拳 vt. 拳击;装...入盒中;打耳光 vi. 拳击",陕西版三年级起点三年级上.xlsx
shaanxi_start3|g3-upper|r067|yellow,shaanxi_start3,3年级上,3,上,67,yellow,yellow,,,n. 黄色;黄种人;黄色颜料 adj. 黄色的;黄皮肤的 vt. 使变黄或发黄 vi. 变黄或发黄,陕西版三年级起点三年级上.xlsx
shaanxi_start3|g3-upper|r068|zoo,shaanxi_start3,3年级上,3,上,68,zoo,zoo,,,n. 动物园; <美俚>(铁路货车的最后一节)守车; <美俚>核粒子园,陕西版三年级起点三年级上.xlsx
shaanxi_start3|g3-upper|r069|i,shaanxi_start3,3年级上,3,上,69,I,i,,,n. 碘元素;英语字母I pron. 我,陕西版三年级起点三年级上.xlsx
shaanxi_start3|g3-upper|r070|have,shaanxi_start3,3年级上,3,上,70,have,have,,,aux. 已经 vt. 有;让;拿;从事;允许,陕西版三年级起点三年级上.xlsx
shaanxi_start3|g3-upper|r071|bag,shaanxi_start3,3年级上,3,上,71,bag,bag,,,"n. 袋;猎获物;(俚)一瓶啤酒 vt. 猎获;把...装入袋中;占据,私吞;使膨大 vi. 松垂",陕西版三年级起点三年级上.xlsx
shaanxi_start3|g3-upper|r072|in,shaanxi_start3,3年级上,3,上,72,in,in,,,prep. 按照(表示方式);从事于;在...之内 n. 执政者;门路;知情者 adj. 在里面的;时髦的 adv. 进入;当选;(服装等)时髦;在屋里,陕西版三年级起点三年级上.xlsx
shaanxi_start3|g3-upper|r073|how many,shaanxi_start3,3年级上,3,上,73,how many,how many,,,na. 多少,陕西版三年级起点三年级上.xlsx
shaanxi_start3|g3-upper|r074|eraser,shaanxi_start3,3年级上,3,上,74,eraser,eraser,,,n. 橡皮;擦除器;[计] 清除器,陕西版三年级起点三年级上.xlsx
shaanxi_start3|g3-upper|r075|pencil,shaanxi_start3,3年级上,3,上,75,pencil,pencil,,,n. 铅笔;笔状物 vt. 用铅笔写;用眉笔涂 vi. 成铅笔状,陕西版三年级起点三年级上.xlsx
shaanxi_start3|g3-upper|r076|pen,shaanxi_start3,3年级上,3,上,76,pen,pen,,,n. 钢笔;作家;围栏 vt. 写;关入栏中,陕西版三年级起点三年级上.xlsx
shaanxi_start3|g3-upper|r077|crayon,shaanxi_start3,3年级上,3,上,77,crayon,crayon,,,"n. 蜡笔,有色粉笔 vt. 以蜡笔作画,用颜色粉笔画",陕西版三年级起点三年级上.xlsx
shaanxi_start3|g3-upper|r078|ruler,shaanxi_start3,3年级上,3,上,78,ruler,ruler,,,"n. 尺;统治者;[测] 划线板,划线的人",陕西版三年级起点三年级上.xlsx
shaanxi_start3|g3-upper|r079|book,shaanxi_start3,3年级上,3,上,79,book,book,,,n. 书籍;卷;帐簿;名册;工作簿 vt. 预订;登记,陕西版三年级起点三年级上.xlsx
shaanxi_start3|g3-upper|r080|do,shaanxi_start3,3年级上,3,上,80,do,do,,,"vi. 行,足够;生长 n. 要求;规定;C大调音阶中的第一音 v. 做;干;学习;研究;进行;完成;解答;整理;算出;引起;行过 aux. 助动词(构成疑问句和否定句);(代替动词);(用于加强语气) n. (口语)事件;(主英国口语)诈骗;(主英国、新西兰口语)宴会;(口语)必须做到的事情",陕西版三年级起点三年级上.xlsx
shaanxi_start3|g3-upper|r081|and,shaanxi_start3,3年级上,3,上,81,and,and,,,"conj. 和,与;就;而且;但是;然后",陕西版三年级起点三年级上.xlsx
shaanxi_start3|g3-upper|r082|some,shaanxi_start3,3年级上,3,上,82,some,some,,,adj. 一些;某个;大约;相当多的 pron. 一些;若干;其中的一部分;(数量不确切时用)有些人 adv. 非常;相当;<美>稍微,陕西版三年级起点三年级上.xlsx
shaanxi_start3|g3-upper|r083|don't,shaanxi_start3,3年级上,3,上,83,don't,don't,,,n. 禁忌(等于do not) aux. 表示否定(等于do not),陕西版三年级起点三年级上.xlsx
shaanxi_start3|g3-upper|r084|what,shaanxi_start3,3年级上,3,上,84,what,what,,,"pron. 什么;多么;多少 adv. 到什么程度,在哪一方面 adj. 什么;多么;何等 int. 什么;多么",陕西版三年级起点三年级上.xlsx
shaanxi_start3|g3-upper|r085|at,shaanxi_start3,3年级上,3,上,85,at,at,,,prep. 在(表示存在或出现的地点、场所、位置、空间);以(某种价格、速度等);向;达;因为;朝;忙于 n. 阿特(老挝货币基本单位att);[化]砹(极不稳定放射性元素) abbr. 密封的(airtight);气温(air temperature),陕西版三年级起点三年级上.xlsx
shaanxi_start3|g3-upper|r086|toy,shaanxi_start3,3年级上,3,上,86,toy,toy,,,n. 玩具;小装饰品;不值钱的东西 adj. 作为玩具的;玩物似的 vi. 玩弄;调情;随随便便地对待,陕西版三年级起点三年级上.xlsx
shaanxi_start3|g3-upper|r087|plane,shaanxi_start3,3年级上,3,上,87,plane,plane,,,"n. 飞机;平面;程度,水平 adj. 平的;平面的 vt. 刨平;用刨子刨;掠过水面 vi. 刨;乘飞机旅行;翱翔",陕西版三年级起点三年级上.xlsx
shaanxi_start3|g3-upper|r088|ship,shaanxi_start3,3年级上,3,上,88,ship,ship,,,"n. 船;舰;太空船 vt. 运送,乘船;以船运送 vi. 上船;乘船旅行;当船员",陕西版三年级起点三年级上.xlsx
shaanxi_start3|g3-upper|r089|kite,shaanxi_start3,3年级上,3,上,89,kite,kite,,,n. 风筝 vi. 使用空头支票;像风筝一样飞;轻快地移动 vt. 骗钱;涂改(支票),陕西版三年级起点三年级上.xlsx
shaanxi_start3|g3-upper|r090|car,shaanxi_start3,3年级上,3,上,90,car,car,,,n. 汽车;车厢,陕西版三年级起点三年级上.xlsx
shaanxi_start3|g3-upper|r091|ball,shaanxi_start3,3年级上,3,上,91,ball,ball,,,n. 球;舞会 vt. 捏成球形 vi. 成团块,陕西版三年级起点三年级上.xlsx
shaanxi_start3|g3-upper|r092|bike,shaanxi_start3,3年级上,3,上,92,bike,bike,,,n. 自行车;脚踏车 vi. 骑自行车(或摩托车),陕西版三年级起点三年级上.xlsx
shaanxi_start3|g3-upper|r093|they,shaanxi_start3,3年级上,3,上,93,they,they,,,pron. 他们;它们;她们,陕西版三年级起点三年级上.xlsx
shaanxi_start3|g3-upper|r094|these,shaanxi_start3,3年级上,3,上,94,these,these,,,adj. 这些的 pron. 这些,陕西版三年级起点三年级上.xlsx
shaanxi_start3|g3-upper|r095|those,shaanxi_start3,3年级上,3,上,95,those,those,,,adj. 那些的 pron. 那些(that的复数),陕西版三年级起点三年级上.xlsx
shaanxi_start3|g3-upper|r096|bear,shaanxi_start3,3年级上,3,上,96,bear,bear,,,"n. 熊 vt. 结果实,开花(正式) vt. 忍受;承受;具有;支撑",陕西版三年级起点三年级上.xlsx
shaanxi_start3|g3-upper|r097|where,shaanxi_start3,3年级上,3,上,97,where,where,,,conj. 在...的地方 n. 地点 adv. 在哪里 pron. 哪里,陕西版三年级起点三年级上.xlsx
shaanxi_start3|g3-upper|r098|live,shaanxi_start3,3年级上,3,上,98,live,live,,,adj. 活的;生动的;实况转播的;精力充沛的 vt. 经历;度过 vi. 活;居住;生存,陕西版三年级起点三年级上.xlsx
shaanxi_start3|g3-upper|r099|one,shaanxi_start3,3年级上,3,上,99,one,one,,,pron. 一个人;任何人 adj. 一的;唯一的 n. 一 num. 一;一个,陕西版三年级起点三年级上.xlsx
shaanxi_start3|g3-upper|r100|two,shaanxi_start3,3年级上,3,上,100,two,two,,,num. 二 n. 两个 adj. 两个的,陕西版三年级起点三年级上.xlsx
shaanxi_start3|g3-upper|r101|panda,shaanxi_start3,3年级上,3,上,101,panda,panda,,,n. 熊猫;猫熊,陕西版三年级起点三年级上.xlsx
shaanxi_start3|g3-upper|r102|three,shaanxi_start3,3年级上,3,上,102,three,three,,,"num. 三 n. 三,三个 adj. 三的,三个的",陕西版三年级起点三年级上.xlsx
shaanxi_start3|g3-upper|r103|four,shaanxi_start3,3年级上,3,上,103,four,four,,,num. 四;四个 adj. 四的;四个的,陕西版三年级起点三年级上.xlsx
shaanxi_start3|g3-upper|r104|monkey,shaanxi_start3,3年级上,3,上,104,monkey,monkey,,,n. 猴子;顽童 vi. 胡闹;捣蛋 vt. 嘲弄,陕西版三年级起点三年级上.xlsx
shaanxi_start3|g3-upper|r105|five,shaanxi_start3,3年级上,3,上,105,five,five,,,"num. 五,五个 n. 五,五个;五美元钞票 adj. 五的;五个的",陕西版三年级起点三年级上.xlsx
shaanxi_start3|g3-upper|r106|elephant,shaanxi_start3,3年级上,3,上,106,elephant,elephant,,,n. 象;大号图画纸,陕西版三年级起点三年级上.xlsx
shaanxi_start3|g3-upper|r107|ten,shaanxi_start3,3年级上,3,上,107,ten,ten,,,"num. 十个,十",陕西版三年级起点三年级上.xlsx
shaanxi_start3|g3-upper|r108|animal,shaanxi_start3,3年级上,3,上,108,animal,animal,,,n. 动物 动物的,陕西版三年级起点三年级上.xlsx
shaanxi_start3|g3-upper|r109|six,shaanxi_start3,3年级上,3,上,109,six,six,,,"num. 六,六个 n. 六,六个",陕西版三年级起点三年级上.xlsx
shaanxi_start3|g3-upper|r110|nine,shaanxi_start3,3年级上,3,上,110,nine,nine,,,"n. 九,九个 num. 九;九个 adj. 九的,九个的",陕西版三年级起点三年级上.xlsx
shaanxi_start3|g3-upper|r111|color,shaanxi_start3,3年级上,3,上,111,color,color,,,n. 颜色;肤色;颜料;脸色 vt. 粉饰;给...涂颜色;歪曲 vi. 变色;获得颜色,陕西版三年级起点三年级上.xlsx
shaanxi_start3|g3-upper|r112|blue,shaanxi_start3,3年级上,3,上,112,blue,blue,,,"adj. 蓝色的;沮丧的,忧郁的;下流的 n. 蓝色;[复数](美国海、陆、空三军穿的)蓝色制服;蓝颜料;[the blue(s)][用作单数或复数]布鲁斯(歌曲)(一种伤感的美国黑人民歌 vi. 变成蓝色,呈蓝色 vt. 把...染成蓝色;使成蓝色;给...用上蓝剂;用上蓝剂于",陕西版三年级起点三年级上.xlsx
shaanxi_start3|g3-upper|r113|green,shaanxi_start3,3年级上,3,上,113,green,green,,,n. 绿色;青春 adj. 绿色的;青春的 vt. 使...变绿色 vi. 变绿色,陕西版三年级起点三年级上.xlsx
shaanxi_start3|g3-upper|r114|red,shaanxi_start3,3年级上,3,上,114,red,red,,,"n. 红色,红颜料;赤字 adj. 红色的;红肿的,充血的",陕西版三年级起点三年级上.xlsx
shaanxi_start3|g3-upper|r115|orange,shaanxi_start3,3年级上,3,上,115,orange,orange,,,adj. 橙色的;橘色的 n. 橙;橙色;桔子,陕西版三年级起点三年级上.xlsx
shaanxi_start3|g3-upper|r116|black,shaanxi_start3,3年级上,3,上,116,black,black,,,n. 黑色;黑人;黑颜料 adj. 黑色的;黑人的;邪恶的 vt. 使变黑;把鞋油等涂在...上;把(眼眶)打成青肿 vi. 变黑,陕西版三年级起点三年级上.xlsx
shaanxi_start3|g3-upper|r117|white,shaanxi_start3,3年级上,3,上,117,white,white,,,n. 白色;洁白;白种人 adj. 白色的;白种的;纯洁的,陕西版三年级起点三年级上.xlsx
shaanxi_start3|g3-upper|r118|brown,shaanxi_start3,3年级上,3,上,118,brown,brown,,,"n. 褐色,棕色 adj. 棕色的,褐色的;太阳晒黑的 vt. 使变成褐色 vi. 变成褐色",陕西版三年级起点三年级上.xlsx
shaanxi_start3|g3-upper|r119|eight,shaanxi_start3,3年级上,3,上,119,eight,eight,,,num. 八;八个;第八 n. 八字形 adj. 八的,陕西版三年级起点三年级上.xlsx
shaanxi_start3|g3-upper|r120|seven,shaanxi_start3,3年级上,3,上,120,seven,seven,,,"num. 七个,七 n. 七个,七 adj. 七的;七个的",陕西版三年级起点三年级上.xlsx
shaanxi_start3|g3-lower|r001|body,shaanxi_start3,3年级下,3,下,1,body,body,,,n. 身体;主体;大量;团体;主要部分 vt. 赋以形体,陕西版三年级起点三年级下.xlsx
shaanxi_start3|g3-lower|r002|head,shaanxi_start3,3年级下,3,下,2,head,head,,,n. 头;头痛;上端;最前的部分;理解力 adj. 头的;主要的;在顶端的 vt. 前进;用头顶;作为...的首领;站在...的前头;给...加标题 vi. 出发;成头状物;船驶往,陕西版三年级起点三年级下.xlsx
shaanxi_start3|g3-lower|r003|eye,shaanxi_start3,3年级下,3,下,3,eye,eye,,,"n. 眼睛;视力;眼光;见解,观点 vt. 注视,看",陕西版三年级起点三年级下.xlsx
shaanxi_start3|g3-lower|r004|nose,shaanxi_start3,3年级下,3,下,4,nose,nose,,,n. 鼻子;嗅觉;突出的部分;探问 vt. 嗅;用鼻子触 vi. 小心探索着前进;探问,陕西版三年级起点三年级下.xlsx
shaanxi_start3|g3-lower|r005|mouth,shaanxi_start3,3年级下,3,下,5,mouth,mouth,,,"n. 口,嘴;河口 vt. 做作地说,装腔作势地说;喃喃地说出 vi. 装腔作势说话",陕西版三年级起点三年级下.xlsx
shaanxi_start3|g3-lower|r006|face,shaanxi_start3,3年级下,3,下,6,face,face,,,n. 脸;表面;面子;面容;外观;威信 vi. 向;朝 vt. 面对;面向;承认;抹盖,陕西版三年级起点三年级下.xlsx
shaanxi_start3|g3-lower|r007|ear,shaanxi_start3,3年级下,3,下,7,ear,ear,,,n. 耳朵;穗;听觉;倾听 vi. (美俚)听见;抽穗,陕西版三年级起点三年级下.xlsx
shaanxi_start3|g3-lower|r008|the,shaanxi_start3,3年级下,3,下,8,the,the,,,"art. 这;那 adv. 更加(用于比较级,最高级前)",陕西版三年级起点三年级下.xlsx
shaanxi_start3|g3-lower|r009|has,shaanxi_start3,3年级下,3,下,9,has,has,,,"v. 有,吃,得到,从事,允许,雇用,享有(have的第三人称单数);(亲属关系中)接受;拿;买到",陕西版三年级起点三年级下.xlsx
shaanxi_start3|g3-lower|r010|arm,shaanxi_start3,3年级下,3,下,10,arm,arm,,,n. 手臂;武器;袖子;装备;部门 vt. 武装;备战 vi. 武装起来,陕西版三年级起点三年级下.xlsx
shaanxi_start3|g3-lower|r011|hand,shaanxi_start3,3年级下,3,下,11,hand,hand,,,"n. 手,手艺;帮助;指针;插手 vt. 传递,交给;支持;搀扶",陕西版三年级起点三年级下.xlsx
shaanxi_start3|g3-lower|r012|does,shaanxi_start3,3年级下,3,下,12,does,does,,,v. 做;工作;有用(do的第三人称单数形式),陕西版三年级起点三年级下.xlsx
shaanxi_start3|g3-lower|r013|leg,shaanxi_start3,3年级下,3,下,13,leg,leg,,,n. 腿;支柱,陕西版三年级起点三年级下.xlsx
shaanxi_start3|g3-lower|r014|feet,shaanxi_start3,3年级下,3,下,14,feet,feet,,,n. 脚(foot的复数形式);尺;韵脚,陕西版三年级起点三年级下.xlsx
shaanxi_start3|g3-lower|r015|doesn't,shaanxi_start3,3年级下,3,下,15,doesn't,doesn't,,,aux. 表示否定(等于does not),陕西版三年级起点三年级下.xlsx
shaanxi_start3|g3-lower|r016|family,shaanxi_start3,3年级下,3,下,16,family,family,,,n. 家庭;亲属;家族;子女;[生]科;语族;[化]族 adj. 家庭的;家族的;适合于全家的,陕西版三年级起点三年级下.xlsx
shaanxi_start3|g3-lower|r017|people,shaanxi_start3,3年级下,3,下,17,people,people,,,n. 人;人类;民族;公民 vt. 居住于;使住满人,陕西版三年级起点三年级下.xlsx
shaanxi_start3|g3-lower|r018|there,shaanxi_start3,3年级下,3,下,18,there,there,,,n. 那个地方 adv. 在那里;在那边;在那点上 int. 你瞧,陕西版三年级起点三年级下.xlsx
shaanxi_start3|g3-lower|r019|who,shaanxi_start3,3年级下,3,下,19,who,who,,,pron. 谁;什么人,陕西版三年级起点三年级下.xlsx
shaanxi_start3|g3-lower|r020|brother,shaanxi_start3,3年级下,3,下,20,brother,brother,,,n. 兄弟;同事;战友 int. 我的老兄!,陕西版三年级起点三年级下.xlsx
shaanxi_start3|g3-lower|r021|sister,shaanxi_start3,3年级下,3,下,21,sister,sister,,,n. 姐妹;(称志同道合者)姐妹;修女;护士 adj. 姐妹般的;同类型的,陕西版三年级起点三年级下.xlsx
shaanxi_start3|g3-lower|r022|grandma,shaanxi_start3,3年级下,3,下,22,grandma,grandma,,,n. 奶奶;外婆,陕西版三年级起点三年级下.xlsx
shaanxi_start3|g3-lower|r023|grandpa,shaanxi_start3,3年级下,3,下,23,grandpa,grandpa,,,n. 爷爷;外公,陕西版三年级起点三年级下.xlsx
shaanxi_start3|g3-lower|r024|father,shaanxi_start3,3年级下,3,下,24,father,father,,,"n. 父亲,爸爸;神父;祖先;前辈 vt. 发明,创立;当...的父亲",陕西版三年级起点三年级下.xlsx
shaanxi_start3|g3-lower|r025|mother,shaanxi_start3,3年级下,3,下,25,mother,mother,,,n. 母亲;大娘;女修道院院长 vt. 生下;养育;像母亲般关怀或照管 adj. 母亲的;出生地的,陕西版三年级起点三年级下.xlsx
shaanxi_start3|g3-lower|r026|he,shaanxi_start3,3年级下,3,下,26,he,he,,,"n. 男孩,男人;它(雄性动物) pron. 他",陕西版三年级起点三年级下.xlsx
shaanxi_start3|g3-lower|r027|she,shaanxi_start3,3年级下,3,下,27,she,she,,,n. 女人;雌性动物 pron. 她(主格);它(用来指雌性动物或国家、船舶、地球、月亮等),陕西版三年级起点三年级下.xlsx
shaanxi_start3|g3-lower|r028|come,shaanxi_start3,3年级下,3,下,28,come,come,,,vi. 来;开始;出现;发生;变成;到达 vt. 做;假装;将满(...岁) int. 嗨!,陕西版三年级起点三年级下.xlsx
shaanxi_start3|g3-lower|r029|school,shaanxi_start3,3年级下,3,下,29,school,school,,,n. 学校;学院;学派;鱼群 vt. 教育,陕西版三年级起点三年级下.xlsx
shaanxi_start3|g3-lower|r030|go,shaanxi_start3,3年级下,3,下,30,go,go,,,n. 去;进行;尝试 vi. 走;达到;运转;趋于 vt. 忍受;出产;以...打赌 [复数 goes 第三人称单数 goes 过去式 went 过去分词 gone 现在分词 going],陕西版三年级起点三年级下.xlsx
shaanxi_start3|g3-lower|r031|bus,shaanxi_start3,3年级下,3,下,31,bus,bus,,,n. 公共汽车 乘公共汽车,陕西版三年级起点三年级下.xlsx
shaanxi_start3|g3-lower|r032|train,shaanxi_start3,3年级下,3,下,32,train,train,,,n. 火车;行列;长队;裙裾 v. 培养;训练;瞄准,陕西版三年级起点三年级下.xlsx
shaanxi_start3|g3-lower|r033|ship,shaanxi_start3,3年级下,3,下,33,ship,ship,,,"n. 船;舰;太空船 vt. 运送,乘船;以船运送 vi. 上船;乘船旅行;当船员",陕西版三年级起点三年级下.xlsx
shaanxi_start3|g3-lower|r034|taxi,shaanxi_start3,3年级下,3,下,34,taxi,taxi,,,n. 出租汽车 vt. 使滑行;用出租车送 vi. 乘出租车;滑行,陕西版三年级起点三年级下.xlsx
shaanxi_start3|g3-lower|r035|home,shaanxi_start3,3年级下,3,下,35,home,home,,,"n. 家,住宅;产地;家乡;避难所 adj. 国内的,家庭的;有效的 vt. 归巢,回家 adv. 在家,回家;深入地",陕西版三年级起点三年级下.xlsx
shaanxi_start3|g3-lower|r036|by,shaanxi_start3,3年级下,3,下,36,by,by,,,prep. 通过;被;依据;经由;在附近;在......之前 adv. 通过;经过;附近;[互联网] 白俄罗斯的国家代码顶级域名,陕西版三年级起点三年级下.xlsx
shaanxi_start3|g3-lower|r037|about,shaanxi_start3,3年级下,3,下,37,about,about,,,prep. 关于;大约 n. 大致;粗枝大叶;不拘小节的人 adj. 在附近的;四处走动的;在起作用的 adv. 大约;周围;到处,陕西版三年级起点三年级下.xlsx
shaanxi_start3|g3-lower|r038|what about,shaanxi_start3,3年级下,3,下,38,what about,what about,,,un. 不;...怎样,陕西版三年级起点三年级下.xlsx
shaanxi_start3|g3-lower|r039|on foot,shaanxi_start3,3年级下,3,下,39,on foot,on foot,,,na. 步行;在进行中;徒步,陕西版三年级起点三年级下.xlsx
shaanxi_start3|g3-lower|r040|whose,shaanxi_start3,3年级下,3,下,40,whose,whose,,,pron. 谁的(疑问代词),陕西版三年级起点三年级下.xlsx
shaanxi_start3|g3-lower|r041|coat,shaanxi_start3,3年级下,3,下,41,coat,coat,,,n. 外套 vt. 覆盖...的表面,陕西版三年级起点三年级下.xlsx
shaanxi_start3|g3-lower|r042|wear,shaanxi_start3,3年级下,3,下,42,wear,wear,,,n. 衣物;磨损;耐久性 v. 穿着;用旧;耗损;面露,陕西版三年级起点三年级下.xlsx
shaanxi_start3|g3-lower|r043|dress,shaanxi_start3,3年级下,3,下,43,dress,dress,,,n. 连衣裙;女装 vt. 给...穿衣 vi. 穿衣,陕西版三年级起点三年级下.xlsx
shaanxi_start3|g3-lower|r044|trousers,shaanxi_start3,3年级下,3,下,44,trousers,trousers,,,"n. 裤子,长裤",陕西版三年级起点三年级下.xlsx
shaanxi_start3|g3-lower|r045|skirt,shaanxi_start3,3年级下,3,下,45,skirt,skirt,,,"n. 裙子 vt. 绕过,回避;位于...边缘 vi. 沿边走,绕开;环绕",陕西版三年级起点三年级下.xlsx
shaanxi_start3|g3-lower|r046|cap,shaanxi_start3,3年级下,3,下,46,cap,cap,,,n. 盖;帽子 vt. 覆盖;胜过;给...戴帽;加盖于 vi. 脱帽致意,陕西版三年级起点三年级下.xlsx
shaanxi_start3|g3-lower|r047|sweater,shaanxi_start3,3年级下,3,下,47,sweater,sweater,,,"n. 毛线衣,运动衫;大量出汗的人,发汗剂",陕西版三年级起点三年级下.xlsx
shaanxi_start3|g3-lower|r048|shoes,shaanxi_start3,3年级下,3,下,48,shoes,shoes,,,n. 鞋子(shoe的复数) v. 穿鞋(shoe的第三人称单数),陕西版三年级起点三年级下.xlsx
shaanxi_start3|g3-lower|r049|socks,shaanxi_start3,3年级下,3,下,49,socks,socks,,,n. 袜子(sock的复数),陕西版三年级起点三年级下.xlsx
shaanxi_start3|g3-lower|r050|very much,shaanxi_start3,3年级下,3,下,50,very much,very much,,,adv. 非常,陕西版三年级起点三年级下.xlsx
shaanxi_start3|g3-lower|r051|her,shaanxi_start3,3年级下,3,下,51,her,her,,,pron. 她(she的宾格);她的(she的所有格);她(指某个国家;一艘船),陕西版三年级起点三年级下.xlsx
shaanxi_start3|g3-lower|r052|his,shaanxi_start3,3年级下,3,下,52,his,his,,,pron. 他的,陕西版三年级起点三年级下.xlsx
shaanxi_start3|g3-lower|r053|like,shaanxi_start3,3年级下,3,下,53,like,like,,,vt. 喜欢;想;愿意 vi. 喜欢;希望 prep. 像;如同 adj. 同样的;相似的 n. 爱好;同样的人或物 adv. 可能 conj. 好像,陕西版三年级起点三年级下.xlsx
shaanxi_start3|g3-lower|r054|candy,shaanxi_start3,3年级下,3,下,54,candy,candy,,,"n. 糖果(等于sweets);冰糖(等于sugar candy,rock candy);毒品 adj. 新潮的(服饰);甜言蜜语的 vt. 用糖煮;使结晶为砂糖;美化 vi. 糖煮;成为结晶",陕西版三年级起点三年级下.xlsx
shaanxi_start3|g3-lower|r055|cake,shaanxi_start3,3年级下,3,下,55,cake,cake,,,n. 蛋糕;块状物;利益总额 vt. 使结块 vi. 结成块状,陕西版三年级起点三年级下.xlsx
shaanxi_start3|g3-lower|r056|bread,shaanxi_start3,3年级下,3,下,56,bread,bread,,,n. 面包;生计 vt. 在...上洒面包屑,陕西版三年级起点三年级下.xlsx
shaanxi_start3|g3-lower|r057|cookie,shaanxi_start3,3年级下,3,下,57,cookie,cookie,,,n. 饼干;小甜点,陕西版三年级起点三年级下.xlsx
shaanxi_start3|g3-lower|r058|tea,shaanxi_start3,3年级下,3,下,58,tea,tea,,,n. 茶叶;茶树;茶点 vt. 给...沏茶 vi. 喝茶;进茶点,陕西版三年级起点三年级下.xlsx
shaanxi_start3|g3-lower|r059|grapes,shaanxi_start3,3年级下,3,下,59,grapes,grapes,,,n. [园艺] 葡萄(grape的复数),陕西版三年级起点三年级下.xlsx
shaanxi_start3|g3-lower|r060|banana,shaanxi_start3,3年级下,3,下,60,banana,banana,,,n. 香蕉;喜剧演员;大鹰钩鼻,陕西版三年级起点三年级下.xlsx
shaanxi_start3|g3-lower|r061|can,shaanxi_start3,3年级下,3,下,61,can,can,,,aux. 能; 能够; 可以; 可能 n. 罐头; (用金属或塑料制作的)容器; (马口铁或其他金属制作的)食品罐头 vt. 将...装入密封罐中保存,陕西版三年级起点三年级下.xlsx
shaanxi_start3|g3-lower|r062|find,shaanxi_start3,3年级下,3,下,62,find,find,,,"n. 发现 vi. 裁决 vt. 查找,找到;发现;认为;感到;获得",陕西版三年级起点三年级下.xlsx
shaanxi_start3|g3-lower|r063|chair,shaanxi_start3,3年级下,3,下,63,chair,chair,,,n. 椅子;讲座;(会议的)主席位;大学教授的职位 vt. 担任(会议的)主席;使...入座;使就任要职,陕西版三年级起点三年级下.xlsx
shaanxi_start3|g3-lower|r064|desk,shaanxi_start3,3年级下,3,下,64,desk,desk,,,n. 办公桌;服务台;编辑部;(美)讲道台;乐谱架 adj. 书桌的;桌上用的;伏案做的,陕西版三年级起点三年级下.xlsx
shaanxi_start3|g3-lower|r065|window,shaanxi_start3,3年级下,3,下,65,window,window,,,n. 窗;窗口;窗户,陕西版三年级起点三年级下.xlsx
shaanxi_start3|g3-lower|r066|door,shaanxi_start3,3年级下,3,下,66,door,door,,,"n. 门;家,户;门口;通道",陕西版三年级起点三年级下.xlsx
shaanxi_start3|g3-lower|r067|floor,shaanxi_start3,3年级下,3,下,67,floor,floor,,,"n. 地板,地面;楼层;基底;议员席 vt. 铺地板;打倒,击倒;(被困难)难倒",陕西版三年级起点三年级下.xlsx
shaanxi_start3|g3-lower|r068|classroom,shaanxi_start3,3年级下,3,下,68,classroom,classroom,,,n. 教室,陕西版三年级起点三年级下.xlsx
shaanxi_start3|g3-lower|r069|excuse me,shaanxi_start3,3年级下,3,下,69,excuse me,excuse me,,,un. 请原谅;对不起,陕西版三年级起点三年级下.xlsx
shaanxi_start3|g3-lower|r070|on,shaanxi_start3,3年级下,3,下,70,on,on,,,"adv. 向前地;作用中,行动中;继续着 prep. 向,朝......;关于;在......之上;在......时候 adj. 开着的;发生着的,正在进行中",陕西版三年级起点三年级下.xlsx
shaanxi_start3|g3-lower|r071|thanks,shaanxi_start3,3年级下,3,下,71,thanks,thanks,,,n. 谢谢(只用复数) int. 谢谢,陕西版三年级起点三年级下.xlsx
shaanxi_start3|g3-lower|r072|under,shaanxi_start3,3年级下,3,下,72,under,under,,,"prep. 低于,少于;在...之下 adj. 下面的;从属的 adv. 在下面;在下方",陕西版三年级起点三年级下.xlsx
shaanxi_start3|g3-lower|r073|near,shaanxi_start3,3年级下,3,下,73,near,near,,,adj. 近的;亲近的;近似的 adv. 近;接近 prep. 靠近;近似于,陕西版三年级起点三年级下.xlsx
shaanxi_start3|g3-lower|r074|tv,shaanxi_start3,3年级下,3,下,74,TV,tv,,,abbr. 电视(television),陕西版三年级起点三年级下.xlsx
shaanxi_start3|g3-lower|r075|student,shaanxi_start3,3年级下,3,下,75,student,student,,,n. 学生;学者,陕西版三年级起点三年级下.xlsx
shaanxi_start3|g3-lower|r076|teacher,shaanxi_start3,3年级下,3,下,76,teacher,teacher,,,n. 教师;导师,陕西版三年级起点三年级下.xlsx
shaanxi_start3|g3-lower|r077|blackboard,shaanxi_start3,3年级下,3,下,77,blackboard,blackboard,,,n. 黑板,陕西版三年级起点三年级下.xlsx
shaanxi_start3|g3-lower|r078|fan,shaanxi_start3,3年级下,3,下,78,fan,fan,,,n. 迷;风扇;爱好者 vt. 煽动;刺激;吹拂 vi. 成扇形散开;飘动,陕西版三年级起点三年级下.xlsx
shaanxi_start3|g3-lower|r079|light,shaanxi_start3,3年级下,3,下,79,light,light,,,n. 光;光线;灯;打火机;领悟;浅色;天窗 adj. 轻的;浅色的;明亮的;轻松的;容易的;清淡的 vi. 点着;变亮;着火 vt. 照亮;点燃;着火 adv. 轻地;清楚地;轻便地,陕西版三年级起点三年级下.xlsx
shaanxi_start3|g3-lower|r080|twenty,shaanxi_start3,3年级下,3,下,80,twenty,twenty,,,num. 二十 n. 二十;二十年代 adj. 二十的,陕西版三年级起点三年级下.xlsx
shaanxi_start3|g3-lower|r081|eleven,shaanxi_start3,3年级下,3,下,81,eleven,eleven,,,num. 十一;十一个 n. 十一;十一个 adj. 十一的;十一个的,陕西版三年级起点三年级下.xlsx
shaanxi_start3|g3-lower|r082|twelve,shaanxi_start3,3年级下,3,下,82,twelve,twelve,,,num. 十二;十二个 n. 十二;十二个 adj. 十二的;十二个的,陕西版三年级起点三年级下.xlsx
shaanxi_start3|g3-lower|r083|thirteen,shaanxi_start3,3年级下,3,下,83,thirteen,thirteen,,,n. 十三;十三岁;十三个 num. 十三 adj. 十三的;十三个的,陕西版三年级起点三年级下.xlsx
shaanxi_start3|g3-lower|r084|fourteen,shaanxi_start3,3年级下,3,下,84,fourteen,fourteen,,,num. 十四;十四个;第十四 n. 十四的记号;十四岁;十四点钟;十五世纪,陕西版三年级起点三年级下.xlsx
shaanxi_start3|g3-lower|r085|fifteen,shaanxi_start3,3年级下,3,下,85,fifteen,fifteen,,,n. 十五;十五个;十五人组成的橄榄球队 num. 十五 adj. 十五的,陕西版三年级起点三年级下.xlsx
shaanxi_start3|g3-lower|r086|sixteen,shaanxi_start3,3年级下,3,下,86,sixteen,sixteen,,,"num. 十六 adj. 十六的,十六个的",陕西版三年级起点三年级下.xlsx
shaanxi_start3|g3-lower|r087|seventeen,shaanxi_start3,3年级下,3,下,87,seventeen,seventeen,,,"n. 十七,十七个 num. 十七 adj. 十七岁的;十七的,十七个的",陕西版三年级起点三年级下.xlsx
shaanxi_start3|g3-lower|r088|eighteen,shaanxi_start3,3年级下,3,下,88,eighteen,eighteen,,,"n. 十八,十八个 num. 十八 adj. 十八个的,十八的",陕西版三年级起点三年级下.xlsx
shaanxi_start3|g3-lower|r089|nineteen,shaanxi_start3,3年级下,3,下,89,nineteen,nineteen,,,num. 十九,陕西版三年级起点三年级下.xlsx
shaanxi_start3|g3-lower|r090|long,shaanxi_start3,3年级下,3,下,90,long,long,,,"n. 长时间;[语] 长音节;(服装的)长尺寸;长裤 adj. 长的;过长的;做多头的;长时间的;冗长的,长音 vi. 渴望;热望 adv. 长期地;始终",陕西版三年级起点三年级下.xlsx
shaanxi_start3|g3-lower|r091|see,shaanxi_start3,3年级下,3,下,91,see,see,,,vi. 看;看见;领会 vt. 看见;理解;领会,陕西版三年级起点三年级下.xlsx
shaanxi_start3|g3-lower|r092|big,shaanxi_start3,3年级下,3,下,92,big,big,,,adj. 大的;重要的;量大的 adv. 大量地;顺利;夸大地,陕西版三年级起点三年级下.xlsx
shaanxi_start3|g3-lower|r093|small,shaanxi_start3,3年级下,3,下,93,small,small,,,"n. 小件物品;矮小的人 adj. 少的,小的;微弱的;几乎没有的;不重要的;幼小的 adv. 小小地;卑鄙地",陕西版三年级起点三年级下.xlsx
shaanxi_start3|g3-lower|r094|tall,shaanxi_start3,3年级下,3,下,94,tall,tall,,,adj. 高的;长的;过分的;夸大的 adv. 夸大地,陕西版三年级起点三年级下.xlsx
shaanxi_start3|g3-lower|r095|short,shaanxi_start3,3年级下,3,下,95,short,short,,,"n. 短;缺乏;短路;短裤 adj. 短的;不足的;矮的,低的 adv. 不足;突然;唐突地",陕西版三年级起点三年级下.xlsx
shaanxi_start3|g3-lower|r096|grass,shaanxi_start3,3年级下,3,下,96,grass,grass,,,"n. 草;草地,草坪 vt. 放牧;使......长满草;使......吃草 vi. 长草",陕西版三年级起点三年级下.xlsx
shaanxi_start3|g3-lower|r097|tree,shaanxi_start3,3年级下,3,下,97,tree,tree,,,n. 树;木料;树状物 vt. 把...赶上树 vi. 爬上树;逃上树,陕西版三年级起点三年级下.xlsx
shaanxi_start3|g3-lower|r098|but,shaanxi_start3,3年级下,3,下,98,but,but,,,"conj. 但是;而是;然而 adv. 仅仅,只 prep. 除...以外",陕西版三年级起点三年级下.xlsx
shaanxi_start3|g3-lower|r099|its,shaanxi_start3,3年级下,3,下,99,its,its,,,pron. 它的,陕西版三年级起点三年级下.xlsx
shaanxi_start3|g4-upper|r001|nurse,shaanxi_start3,4年级上,4,上,1,nurse,nurse,,,"vt. 看护,护理;照顾;培养;给...喂奶 vi. 照料,护理;喂奶;当保姆 n. 护士;奶妈,保姆",陕西版三年级起点四年级上.xlsx
shaanxi_start3|g4-upper|r002|cook,shaanxi_start3,4年级上,4,上,2,cook,cook,,,"n. 厨师,厨子 vt. 烹调,煮 vi. 烹调,做菜",陕西版三年级起点四年级上.xlsx
shaanxi_start3|g4-upper|r003|farmer,shaanxi_start3,4年级上,4,上,3,farmer,farmer,,,"n. 农夫,农民",陕西版三年级起点四年级上.xlsx
shaanxi_start3|g4-upper|r004|doctor,shaanxi_start3,4年级上,4,上,4,doctor,doctor,,,"vt. 修理;篡改,伪造;为...治病;授以博士学位 n. 医生;博士 vi. 就医;行医",陕西版三年级起点四年级上.xlsx
shaanxi_start3|g4-upper|r005|worker,shaanxi_start3,4年级上,4,上,5,worker,worker,,,n. 工人;劳动者;职蚁,陕西版三年级起点四年级上.xlsx
shaanxi_start3|g4-upper|r006|driver,shaanxi_start3,4年级上,4,上,6,driver,driver,,,n. 驾驶员;驱动程序;起子;传动器,陕西版三年级起点四年级上.xlsx
shaanxi_start3|g4-upper|r007|policeman,shaanxi_start3,4年级上,4,上,7,policeman,policeman,,,"n. 警察,警员;[分化] 淀帚(橡皮头玻璃搅棒)",陕西版三年级起点四年级上.xlsx
shaanxi_start3|g4-upper|r008|want,shaanxi_start3,4年级上,4,上,8,want,want,,,n. 需要;缺乏;贫困;必需品 vt. 需要;希望;应该;缺少 vi. 需要;缺少,陕西版三年级起点四年级上.xlsx
shaanxi_start3|g4-upper|r009|be,shaanxi_start3,4年级上,4,上,9,be,be,,,"vt. 是; 有,存在; 做,成为; 发生",陕西版三年级起点四年级上.xlsx
shaanxi_start3|g4-upper|r010|man,shaanxi_start3,4年级上,4,上,10,man,man,,,n. 人;男人;人类;丈夫;雇工 vt. 操纵;给...配置人员;使增强勇气;在...就位,陕西版三年级起点四年级上.xlsx
shaanxi_start3|g4-upper|r011|farm,shaanxi_start3,4年级上,4,上,11,farm,farm,,,"n. 农场;农家;畜牧场 vt. 养殖;耕种;佃出(土地) vi. 种田,务农;经营农场",陕西版三年级起点四年级上.xlsx
shaanxi_start3|g4-upper|r012|pig,shaanxi_start3,4年级上,4,上,12,pig,pig,,,"n. 猪;猪肉 vi. 生小猪;像猪一样过活 n. 警察(俚语,带有攻击性)",陕西版三年级起点四年级上.xlsx
shaanxi_start3|g4-upper|r013|horse,shaanxi_start3,4年级上,4,上,13,horse,horse,,,n. 马;骑兵;脚架;海洛因 vt. 使骑马;系马于;捉弄 vi. 骑马;作弄人,陕西版三年级起点四年级上.xlsx
shaanxi_start3|g4-upper|r014|cow,shaanxi_start3,4年级上,4,上,14,cow,cow,,,"n. 奶牛,母牛;母兽 vt. 威胁,恐吓",陕西版三年级起点四年级上.xlsx
shaanxi_start3|g4-upper|r015|sheep,shaanxi_start3,4年级上,4,上,15,sheep,sheep,,,"n. 羊,绵羊;胆小鬼",陕西版三年级起点四年级上.xlsx
shaanxi_start3|g4-upper|r016|duck,shaanxi_start3,4年级上,4,上,16,duck,duck,,,n. 鸭子;鸭肉;(英)宝贝儿;零分 vt. 躲避;猛按...入水 vi. 闪避;没入水中,陕西版三年级起点四年级上.xlsx
shaanxi_start3|g4-upper|r017|hen,shaanxi_start3,4年级上,4,上,17,hen,hen,,,n. 母鸡;女人;雌禽,陕西版三年级起点四年级上.xlsx
shaanxi_start3|g4-upper|r018|really,shaanxi_start3,4年级上,4,上,18,really,really,,,"adv. 实际上,事实上;真正地,真实地;真的吗?(表语气)",陕西版三年级起点四年级上.xlsx
shaanxi_start3|g4-upper|r019|many,shaanxi_start3,4年级上,4,上,19,many,many,,,pron. 许多;许多人 adj. 许多的,陕西版三年级起点四年级上.xlsx
shaanxi_start3|g4-upper|r020|any,shaanxi_start3,4年级上,4,上,20,any,any,,,adj. 任何的;所有的;丝毫 pron. 任何;任何一个;若干 adv. 稍微;少许,陕西版三年级起点四年级上.xlsx
shaanxi_start3|g4-upper|r021|for,shaanxi_start3,4年级上,4,上,21,for,for,,,"prep. 为,为了;因为;给;对于;至于;适合于 conj. 因为",陕西版三年级起点四年级上.xlsx
shaanxi_start3|g4-upper|r022|breakfast,shaanxi_start3,4年级上,4,上,22,breakfast,breakfast,,,n. 早餐;早饭 vt. 为...供应早餐 vi. 吃早餐,陕西版三年级起点四年级上.xlsx
shaanxi_start3|g4-upper|r023|lunch,shaanxi_start3,4年级上,4,上,23,lunch,lunch,,,n. 午餐 vt. 吃午餐;供给午餐 vi. 吃午餐;供给午餐,陕西版三年级起点四年级上.xlsx
shaanxi_start3|g4-upper|r024|rice,shaanxi_start3,4年级上,4,上,24,rice,rice,,,n. 稻;米饭 vt. 把...捣成米糊状,陕西版三年级起点四年级上.xlsx
shaanxi_start3|g4-upper|r025|noodles,shaanxi_start3,4年级上,4,上,25,noodles,noodles,,,"n. 面条,挂面(noodle的复数形式)",陕西版三年级起点四年级上.xlsx
shaanxi_start3|g4-upper|r026|soup,shaanxi_start3,4年级上,4,上,26,soup,soup,,,"n. 汤,羹;马力 vt. 加速;增加马力",陕西版三年级起点四年级上.xlsx
shaanxi_start3|g4-upper|r027|dumplings,shaanxi_start3,4年级上,4,上,27,dumplings,dumplings,,,n. 饺子(dumpling的复数),陕西版三年级起点四年级上.xlsx
shaanxi_start3|g4-upper|r028|meat,shaanxi_start3,4年级上,4,上,28,meat,meat,,,"n. 肉,肉类(食用)",陕西版三年级起点四年级上.xlsx
shaanxi_start3|g4-upper|r029|chicken,shaanxi_start3,4年级上,4,上,29,chicken,chicken,,,"n. 鸡肉;小鸡;胆小鬼,懦夫 adj. 鸡肉的;胆怯的;幼小的",陕西版三年级起点四年级上.xlsx
shaanxi_start3|g4-upper|r030|we,shaanxi_start3,4年级上,4,上,30,we,we,,,"pron. 我们(主格);笔者,本人(作者或演讲人使用);朕,寡人",陕西版三年级起点四年级上.xlsx
shaanxi_start3|g4-upper|r031|great,shaanxi_start3,4年级上,4,上,31,great,great,,,n. 大师;大人物;伟人们 adj. 伟大,陕西版三年级起点四年级上.xlsx
shaanxi_start3|g4-upper|r032|very,shaanxi_start3,4年级上,4,上,32,very,very,,,"adv. 非常,很;完全 adj. 恰好是,正是;甚至;十足的;特有的",陕西版三年级起点四年级上.xlsx
shaanxi_start3|g4-upper|r033|aunt,shaanxi_start3,4年级上,4,上,33,aunt,aunt,,,n. 阿姨;姑妈;伯母;舅妈,陕西版三年级起点四年级上.xlsx
shaanxi_start3|g4-upper|r034|welcome,shaanxi_start3,4年级上,4,上,34,welcome,welcome,,,n. 欢迎 vt. 欢迎 adj. 受欢迎的 int. 欢迎,陕西版三年级起点四年级上.xlsx
shaanxi_start3|g4-upper|r035|dinner,shaanxi_start3,4年级上,4,上,35,dinner,dinner,,,"n. 晚餐,晚宴;宴会;正餐",陕西版三年级起点四年级上.xlsx
shaanxi_start3|g4-upper|r036|ready,shaanxi_start3,4年级上,4,上,36,ready,ready,,,n. 现款;预备好的状态 adj. 准备好;现成的;迅速的;情愿的;快要...的 vt. 使准备好 adv. 迅速地;预先,陕西版三年级起点四年级上.xlsx
shaanxi_start3|g4-upper|r037|very little,shaanxi_start3,4年级上,4,上,37,very little,very little,,,很少;极少;无几,陕西版三年级起点四年级上.xlsx
shaanxi_start3|g4-upper|r038|when,shaanxi_start3,4年级上,4,上,38,when,when,,,"conj. 考虑到;既然;当...时;在...时;如果 n. 时间,时候;日期;场合 adv. 什么时候,何时;(用于时间的表达方式之后)在那时;其时;当时 pron. 那时;什么时侯",陕西版三年级起点四年级上.xlsx
shaanxi_start3|g4-upper|r039|class,shaanxi_start3,4年级上,4,上,39,class,class,,,"n. 阶级;班级;种类;班;等级 adj. 极好的;很好的,优秀的,出色的 vt. 分类;把...分等级;把...归入某等级,把...看作(或分类、归类);把...编入某一班级 vi. 属于...类(或等级),被列为某类(或某级)",陕西版三年级起点四年级上.xlsx
shaanxi_start3|g4-upper|r040|get up,shaanxi_start3,4年级上,4,上,40,get up,get up,,,na. 起床;起身;站起来;叫...起床,陕西版三年级起点四年级上.xlsx
shaanxi_start3|g4-upper|r041|have a class,shaanxi_start3,4年级上,4,上,41,have a class,have a class,,,上课;学生上课,陕西版三年级起点四年级上.xlsx
shaanxi_start3|g4-upper|r042|have lunch,shaanxi_start3,4年级上,4,上,42,have lunch,have lunch,,,吃午饭;吃午餐;吃中饭,陕西版三年级起点四年级上.xlsx
shaanxi_start3|g4-upper|r043|play,shaanxi_start3,4年级上,4,上,43,play,play,,,n. 游戏;比赛;剧本 vt. 游戏;扮演;演奏;播放;同...比赛 vi. 演奏;玩耍;上演;参加比赛,陕西版三年级起点四年级上.xlsx
shaanxi_start3|g4-upper|r044|game,shaanxi_start3,4年级上,4,上,44,game,game,,,n. 游戏;比赛 adj. 勇敢的 vi. 赌博,陕西版三年级起点四年级上.xlsx
shaanxi_start3|g4-upper|r045|play games,shaanxi_start3,4年级上,4,上,45,play games,play games,,,做游戏;玩游戏;捣鬼,陕西版三年级起点四年级上.xlsx
shaanxi_start3|g4-upper|r046|watch,shaanxi_start3,4年级上,4,上,46,watch,watch,,,"n. 手表;监视;守护;值班人 vt. 观察;注视;看守;警戒 vi. 观看,注视;守侯,看守",陕西版三年级起点四年级上.xlsx
shaanxi_start3|g4-upper|r047|watch tv,shaanxi_start3,4年级上,4,上,47,watch TV,watch tv,,,v. 看电视,陕西版三年级起点四年级上.xlsx
shaanxi_start3|g4-upper|r048|bed,shaanxi_start3,4年级上,4,上,48,bed,bed,,,"n. 床;基础;河底, 海底 vt. 使睡觉;安置,嵌入;栽种 vi. 上床;分层",陕西版三年级起点四年级上.xlsx
shaanxi_start3|g4-upper|r049|go to bed,shaanxi_start3,4年级上,4,上,49,go to bed,go to bed,,,na. 睡;同床;【印】付印,陕西版三年级起点四年级上.xlsx
shaanxi_start3|g4-upper|r050|at,shaanxi_start3,4年级上,4,上,50,at,at,,,prep. 在(表示存在或出现的地点、场所、位置、空间);以(某种价格、速度等);向;达;因为;朝;忙于 n. 阿特(老挝货币基本单位att);[化]砹(极不稳定放射性元素) abbr. 密封的(airtight);气温(air temperature),陕西版三年级起点四年级上.xlsx
shaanxi_start3|g4-upper|r051|early,shaanxi_start3,4年级上,4,上,51,early,early,,,adj. 早期的;早熟的 adv. 提早;在初期,陕西版三年级起点四年级上.xlsx
shaanxi_start3|g4-upper|r052|late,shaanxi_start3,4年级上,4,上,52,late,late,,,adj. 晚的;迟的;已故的;最近的 adv. 晚;迟;最近;在晚期,陕西版三年级起点四年级上.xlsx
shaanxi_start3|g4-upper|r053|our,shaanxi_start3,4年级上,4,上,53,our,our,,,pron. 我们的,陕西版三年级起点四年级上.xlsx
shaanxi_start3|g4-upper|r054|library,shaanxi_start3,4年级上,4,上,54,library,library,,,"n. 图书馆,藏书室;文库",陕西版三年级起点四年级上.xlsx
shaanxi_start3|g4-upper|r055|garden,shaanxi_start3,4年级上,4,上,55,garden,garden,,,n. 花园;菜园 vt. 栽培花木 vi. 从事园艺;在园中种植,陕西版三年级起点四年级上.xlsx
shaanxi_start3|g4-upper|r056|playground,shaanxi_start3,4年级上,4,上,56,playground,playground,,,"n. 运动场,操场;游乐场",陕西版三年级起点四年级上.xlsx
shaanxi_start3|g4-upper|r057|toilet,shaanxi_start3,4年级上,4,上,57,toilet,toilet,,,"n. 厕所,盥洗室;梳妆,打扮 vt. 给...梳妆打扮 vi. 梳妆,打扮",陕西版三年级起点四年级上.xlsx
shaanxi_start3|g4-upper|r058|computer,shaanxi_start3,4年级上,4,上,58,computer,computer,,,n. 计算机;电脑;电子计算机,陕西版三年级起点四年级上.xlsx
shaanxi_start3|g4-upper|r059|office,shaanxi_start3,4年级上,4,上,59,office,office,,,n. 办公室;政府机关;官职;营业处,陕西版三年级起点四年级上.xlsx
shaanxi_start3|g4-upper|r060|teachers' office,shaanxi_start3,4年级上,4,上,60,teachers' office,teachers' office,,,无,陕西版三年级起点四年级上.xlsx
shaanxi_start3|g4-upper|r061|gate,shaanxi_start3,4年级上,4,上,61,gate,gate,,,n. 大门;出入口;门道 vt. 给...装大门,陕西版三年级起点四年级上.xlsx
shaanxi_start3|g4-upper|r062|school gate,shaanxi_start3,4年级上,4,上,62,school gate,school gate,,,校门;学校大门;校门口,陕西版三年级起点四年级上.xlsx
shaanxi_start3|g4-upper|r063|of course,shaanxi_start3,4年级上,4,上,63,of course,of course,,,na. 当然,陕西版三年级起点四年级上.xlsx
shaanxi_start3|g4-upper|r064|subject,shaanxi_start3,4年级上,4,上,64,subject,subject,,,n. 主题;科目;[语] 主语;国民 adj. 服从的;易患...的;受制于...的 vt. 使...隶属;使屈从于...,陕西版三年级起点四年级上.xlsx
shaanxi_start3|g4-upper|r065|math,shaanxi_start3,4年级上,4,上,65,Math,math,,,n. 数学(等于mathematics),陕西版三年级起点四年级上.xlsx
shaanxi_start3|g4-upper|r066|pe,shaanxi_start3,4年级上,4,上,66,PE,pe,,,"abbr. 体育课,体能训练(physical education)",陕西版三年级起点四年级上.xlsx
shaanxi_start3|g4-upper|r067|music,shaanxi_start3,4年级上,4,上,67,Music,music,,,"n. 音乐,乐曲",陕西版三年级起点四年级上.xlsx
shaanxi_start3|g4-upper|r068|chinese,shaanxi_start3,4年级上,4,上,68,Chinese,chinese,,,"n. 中文,汉语;中国人 adj. 中国的,中国人的;中国话的",陕西版三年级起点四年级上.xlsx
shaanxi_start3|g4-upper|r069|english,shaanxi_start3,4年级上,4,上,69,English,english,,,n. 英语;英国人;英文;英格兰人 adj. 英国人的;英国的;英文的 vt. 把...译成英语,陕西版三年级起点四年级上.xlsx
shaanxi_start3|g4-upper|r070|science,shaanxi_start3,4年级上,4,上,70,Science,science,,,n. 科学;技术;学科;理科,陕西版三年级起点四年级上.xlsx
shaanxi_start3|g4-upper|r071|art,shaanxi_start3,4年级上,4,上,71,Art,art,,,n. 艺术;美术;艺术品 v. 是(be的变体) adj. 艺术的;艺术品的,陕西版三年级起点四年级上.xlsx
shaanxi_start3|g4-upper|r072|let,shaanxi_start3,4年级上,4,上,72,let,let,,,"vt. 允许,让;出租;假设;妨碍 vi. 出租;被承包 n. 障碍;出租屋",陕西版三年级起点四年级上.xlsx
shaanxi_start3|g4-upper|r073|be good at,shaanxi_start3,4年级上,4,上,73,be good at,be good at,,,v. 善于,陕西版三年级起点四年级上.xlsx
shaanxi_start3|g4-upper|r074|drawing,shaanxi_start3,4年级上,4,上,74,drawing,drawing,,,n. 图画;牵引;素描术 v. 绘画;吸引(draw的ing形式);拖曳,陕西版三年级起点四年级上.xlsx
shaanxi_start3|g4-upper|r075|not,shaanxi_start3,4年级上,4,上,75,not,not,,,"adv. 表示否定,不 n. “非”(计算机中逻辑运算的一种)",陕西版三年级起点四年级上.xlsx
shaanxi_start3|g4-upper|r076|tuesday,shaanxi_start3,4年级上,4,上,76,Tuesday,tuesday,,,n. 星期二,陕西版三年级起点四年级上.xlsx
shaanxi_start3|g4-upper|r077|sunday,shaanxi_start3,4年级上,4,上,77,Sunday,sunday,,,n. 星期日;礼拜日,陕西版三年级起点四年级上.xlsx
shaanxi_start3|g4-upper|r078|monday,shaanxi_start3,4年级上,4,上,78,Monday,monday,,,n. 星期一,陕西版三年级起点四年级上.xlsx
shaanxi_start3|g4-upper|r079|wednesday,shaanxi_start3,4年级上,4,上,79,Wednesday,wednesday,,,n. 星期三,陕西版三年级起点四年级上.xlsx
shaanxi_start3|g4-upper|r080|thursday,shaanxi_start3,4年级上,4,上,80,Thursday,thursday,,,n. 星期四,陕西版三年级起点四年级上.xlsx
shaanxi_start3|g4-upper|r081|friday,shaanxi_start3,4年级上,4,上,81,Friday,friday,,,n. 星期五,陕西版三年级起点四年级上.xlsx
shaanxi_start3|g4-upper|r082|saturday,shaanxi_start3,4年级上,4,上,82,Saturday,saturday,,,n. 星期六,陕西版三年级起点四年级上.xlsx
shaanxi_start3|g4-upper|r083|week,shaanxi_start3,4年级上,4,上,83,week,week,,,"n. 周,星期",陕西版三年级起点四年级上.xlsx
shaanxi_start3|g4-upper|r084|day,shaanxi_start3,4年级上,4,上,84,day,day,,,n. 一天;时期;白昼 adj. 日间的;逐日的 adv. 每天;经常在白天地,陕西版三年级起点四年级上.xlsx
shaanxi_start3|g4-upper|r085|today,shaanxi_start3,4年级上,4,上,85,today,today,,,n. 今天;现今 adv. 今天;现今,陕西版三年级起点四年级上.xlsx
shaanxi_start3|g4-upper|r086|draw,shaanxi_start3,4年级上,4,上,86,draw,draw,,,n. 平局;抽签 vi. 拉;拖 vt. 画;拉;吸引,陕西版三年级起点四年级上.xlsx
shaanxi_start3|g4-upper|r087|picture,shaanxi_start3,4年级上,4,上,87,picture,picture,,,"n. 照片,图画;影片;景色;化身 vt. 画;想像;描写",陕西版三年级起点四年级上.xlsx
shaanxi_start3|g4-upper|r088|draw pictures,shaanxi_start3,4年级上,4,上,88,draw pictures,draw pictures,,,画画;画图画;画儿,陕西版三年级起点四年级上.xlsx
shaanxi_start3|g4-upper|r089|play ball,shaanxi_start3,4年级上,4,上,89,play ball,play ball,,,na. 打球;开始活动;合作;行事公道,陕西版三年级起点四年级上.xlsx
shaanxi_start3|g4-upper|r090|run,shaanxi_start3,4年级上,4,上,90,run,run,,,"n. 奔跑;赛跑;趋向;奔跑的路程 vt. 管理,经营;运行;参赛 vi. 经营;奔跑;运转",陕西版三年级起点四年级上.xlsx
shaanxi_start3|g4-upper|r091|swim,shaanxi_start3,4年级上,4,上,91,swim,swim,,,n. 游泳;漂浮;眩晕 adj. 游泳时穿戴的 vi. 游泳;漂浮;浸;眩晕 vt. 游过;使浮起,陕西版三年级起点四年级上.xlsx
shaanxi_start3|g4-upper|r092|dance,shaanxi_start3,4年级上,4,上,92,dance,dance,,,n. 舞蹈;舞会;舞曲 adj. 舞蹈的;用于跳舞的 vt. 跳舞;使跳跃 vi. 跳舞;跳跃;飘扬,陕西版三年级起点四年级上.xlsx
shaanxi_start3|g4-upper|r093|jump,shaanxi_start3,4年级上,4,上,93,jump,jump,,,n. 跳跃;暴涨;惊跳 vt. 跳跃;使跳跃;跳过;突升 vi. 跳跃;暴涨;猛增,陕西版三年级起点四年级上.xlsx
shaanxi_start3|g4-upper|r094|rope,shaanxi_start3,4年级上,4,上,94,rope,rope,,,"n. 绳,绳索 vt. 捆,绑 vi. 拧成绳状",陕西版三年级起点四年级上.xlsx
shaanxi_start3|g4-upper|r095|jump rope,shaanxi_start3,4年级上,4,上,95,jump rope,jump rope,,,v. 跳绳,陕西版三年级起点四年级上.xlsx
shaanxi_start3|g4-upper|r096|basketball,shaanxi_start3,4年级上,4,上,96,basketball,basketball,,,n. 篮球;篮球运动,陕西版三年级起点四年级上.xlsx
shaanxi_start3|g4-upper|r097|play basketball,shaanxi_start3,4年级上,4,上,97,play basketball,play basketball,,,打篮球;玩篮球;篮球锻炼知多少,陕西版三年级起点四年级上.xlsx
shaanxi_start3|g4-upper|r098|sing,shaanxi_start3,4年级上,4,上,98,sing,sing,,,n. 演唱;鸣声;呼啸声 vt. 唱;用诗赞颂;唱着使 vi. 唱歌;歌颂;鸣叫;呼号,陕西版三年级起点四年级上.xlsx
shaanxi_start3|g4-upper|r099|song,shaanxi_start3,4年级上,4,上,99,song,song,,,n. 歌曲;歌唱;诗歌;鸣声,陕西版三年级起点四年级上.xlsx
shaanxi_start3|g4-upper|r100|sing songs,shaanxi_start3,4年级上,4,上,100,sing songs,sing songs,,,n. 歌咏,陕西版三年级起点四年级上.xlsx
shaanxi_start3|g4-upper|r101|after,shaanxi_start3,4年级上,4,上,101,after,after,,,"conj. 在......之后 prep. 在......之后 adj. 以后的 adv. 后来,以后",陕西版三年级起点四年级上.xlsx
shaanxi_start3|g4-upper|r102|after class,shaanxi_start3,4年级上,4,上,102,after class,after class,,,n. 下课后,陕西版三年级起点四年级上.xlsx
shaanxi_start3|g4-upper|r103|together,shaanxi_start3,4年级上,4,上,103,together,together,,,"adj. 新潮的;情绪稳定的,做事有效率的 adv. 一起;同时;相互;连续地;总共",陕西版三年级起点四年级上.xlsx
shaanxi_start3|g4-upper|r104|ok,shaanxi_start3,4年级上,4,上,104,OK,ok,,,adj. 好的;不错的 adv. 行;很好 int. 好;可以 vt. 对...表示同意 n. 同意,陕西版三年级起点四年级上.xlsx
shaanxi_start3|g4-upper|r105|every,shaanxi_start3,4年级上,4,上,105,every,every,,,"adj. 每一的,每个的;每隔...的",陕西版三年级起点四年级上.xlsx
shaanxi_start3|g4-upper|r106|often,shaanxi_start3,4年级上,4,上,106,often,often,,,"adv. 常常,时常",陕西版三年级起点四年级上.xlsx
shaanxi_start3|g4-lower|r001|new,shaanxi_start3,4年级下,4,下,1,new,new,,,"adj. 新的,新鲜的;更新的;初见的 adv. 新近",陕西版三年级起点四年级下.xlsx
shaanxi_start3|g4-lower|r002|house,shaanxi_start3,4年级下,4,下,2,house,house,,,n. 住宅;家庭;机构;议会;某种用途的建筑物 vt. 覆盖;给...房子住;把...储藏在房内 vi. 住,陕西版三年级起点四年级下.xlsx
shaanxi_start3|g4-lower|r003|study,shaanxi_start3,4年级下,4,下,3,study,study,,,"n. 学习,研究;课题;书房;学问 vt. 学习;考虑;攻读;细察 vi. 研究;用功",陕西版三年级起点四年级下.xlsx
shaanxi_start3|g4-lower|r004|bedroom,shaanxi_start3,4年级下,4,下,4,bedroom,bedroom,,,n. 卧室 adj. 两性关系的;城郊住宅区的,陕西版三年级起点四年级下.xlsx
shaanxi_start3|g4-lower|r005|kitchen,shaanxi_start3,4年级下,4,下,5,kitchen,kitchen,,,n. 厨房;炊具;炊事人员,陕西版三年级起点四年级下.xlsx
shaanxi_start3|g4-lower|r006|bathroom,shaanxi_start3,4年级下,4,下,6,bathroom,bathroom,,,n. 浴室;厕所;盥洗室,陕西版三年级起点四年级下.xlsx
shaanxi_start3|g4-lower|r007|room,shaanxi_start3,4年级下,4,下,7,room,room,,,"n. 房间;空间;余地;机会;房间里所有的人 vt. 为...提供住处;租房,合住;投宿,住宿;留...住宿 vi. 居住;住宿",陕西版三年级起点四年级下.xlsx
shaanxi_start3|g4-lower|r008|living room,shaanxi_start3,4年级下,4,下,8,living room,living room,,,n. 客厅;起居室,陕西版三年级起点四年级下.xlsx
shaanxi_start3|g4-lower|r009|dining room,shaanxi_start3,4年级下,4,下,9,dining room,dining room,,,n. 饭厅;餐厅,陕西版三年级起点四年级下.xlsx
shaanxi_start3|g4-lower|r010|beautiful,shaanxi_start3,4年级下,4,下,10,beautiful,beautiful,,,adj. 美丽的 出色地 出色的 迷人的 迷人地,陕西版三年级起点四年级下.xlsx
shaanxi_start3|g4-lower|r011|for,shaanxi_start3,4年级下,4,下,11,for,for,,,"prep. 为,为了;因为;给;对于;至于;适合于 conj. 因为",陕西版三年级起点四年级下.xlsx
shaanxi_start3|g4-lower|r012|clean,shaanxi_start3,4年级下,4,下,12,clean,clean,,,"n. 打扫 adj. 清洁的,干净的;清白的 vt. 使干净 vi. 打扫,清扫 adv. 完全地",陕西版三年级起点四年级下.xlsx
shaanxi_start3|g4-lower|r013|cook,shaanxi_start3,4年级下,4,下,13,cook,cook,,,"n. 厨师,厨子 vt. 烹调,煮 vi. 烹调,做菜",陕西版三年级起点四年级下.xlsx
shaanxi_start3|g4-lower|r014|read,shaanxi_start3,4年级下,4,下,14,read,read,,,"n. 阅读;读物 adj. 有学问的 vi. 读;读起来 vt. 阅读;读懂,理解",陕西版三年级起点四年级下.xlsx
shaanxi_start3|g4-lower|r015|write,shaanxi_start3,4年级下,4,下,15,write,write,,,"vi. 写,写字;写作,作曲;写信 vt. 写,书写;写信给;著述",陕西版三年级起点四年级下.xlsx
shaanxi_start3|g4-lower|r016|sleep,shaanxi_start3,4年级下,4,下,16,sleep,sleep,,,"n. 睡眠 vi. 睡,睡觉",陕西版三年级起点四年级下.xlsx
shaanxi_start3|g4-lower|r017|eat,shaanxi_start3,4年级下,4,下,17,eat,eat,,,"vt. 吃,喝;腐蚀;烦扰 vi. 进食;腐蚀,侵蚀",陕西版三年级起点四年级下.xlsx
shaanxi_start3|g4-lower|r018|listen,shaanxi_start3,4年级下,4,下,18,listen,listen,,,"vi. 听,倾听;听从,听信 n. 听,倾听",陕西版三年级起点四年级下.xlsx
shaanxi_start3|g4-lower|r019|stand,shaanxi_start3,4年级下,4,下,19,stand,stand,,,n. 站立;立场;看台;停止 vi. 站立;位于;停滞 vt. 使站立;忍受;抵抗,陕西版三年级起点四年级下.xlsx
shaanxi_start3|g4-lower|r020|sit,shaanxi_start3,4年级下,4,下,20,sit,sit,,,vi. 坐;位于 vt. 使就座,陕西版三年级起点四年级下.xlsx
shaanxi_start3|g4-lower|r021|baby,shaanxi_start3,4年级下,4,下,21,baby,baby,,,"n. 婴儿,婴孩;孩子气的人 adj. 婴儿的;幼小的 vt. 纵容,娇纵;把......当婴儿般对待",陕西版三年级起点四年级下.xlsx
shaanxi_start3|g4-lower|r022|snow,shaanxi_start3,4年级下,4,下,22,snow,snow,,,"n. 雪,积雪;下雪 vt. 使纷纷落下;使变白 vi. 降雪",陕西版三年级起点四年级下.xlsx
shaanxi_start3|g4-lower|r023|need,shaanxi_start3,4年级下,4,下,23,need,need,,,"n. 需要,要求;缺乏;必要之物 vt. 需要 vi. 需要",陕西版三年级起点四年级下.xlsx
shaanxi_start3|g4-lower|r024|rain,shaanxi_start3,4年级下,4,下,24,rain,rain,,,n. 雨;下雨;雨天;雨季 vt. 大量地给;使大量落下 vi. 下雨;降雨,陕西版三年级起点四年级下.xlsx
shaanxi_start3|g4-lower|r025|cloud,shaanxi_start3,4年级下,4,下,25,cloud,cloud,,,n. 云;阴云;云状物;一大群;黑斑 vt. 使混乱;以云遮敝;使忧郁;玷污 vi. 阴沉;乌云密布,陕西版三年级起点四年级下.xlsx
shaanxi_start3|g4-lower|r026|wind,shaanxi_start3,4年级下,4,下,26,wind,wind,,,vi. 缠绕;上发条;吹响号角 n. 风;呼吸;气味;卷绕 vt. 缠绕;上发条;使弯曲;吹号角;绕住或缠住某人,陕西版三年级起点四年级下.xlsx
shaanxi_start3|g4-lower|r027|sky,shaanxi_start3,4年级下,4,下,27,sky,sky,,,n. 天空;顶点 vt. 把...投向空中;把...挂得过高 vi. 踢或击高空球;把桨叶翘得过高;飞涨,陕西版三年级起点四年级下.xlsx
shaanxi_start3|g4-lower|r028|raincoat,shaanxi_start3,4年级下,4,下,28,raincoat,raincoat,,,n. (美)雨衣,陕西版三年级起点四年级下.xlsx
shaanxi_start3|g4-lower|r029|glasses,shaanxi_start3,4年级下,4,下,29,glasses,glasses,,,n. [轻] 眼镜;玻璃(glass的复数形式);双筒望远镜 v. 把...装入玻璃容器内;给...装上玻璃(glass的第三,陕西版三年级起点四年级下.xlsx
shaanxi_start3|g4-lower|r030|dear,shaanxi_start3,4年级下,4,下,30,dear,dear,,,n. 亲爱的人 adj. 亲爱的;尊敬的;昂贵的 adv. 高价地;疼爱地 int. 哎呀,陕西版三年级起点四年级下.xlsx
shaanxi_start3|g4-lower|r031|please,shaanxi_start3,4年级下,4,下,31,please,please,,,"int. 请(礼貌用语) vt. 使喜欢;使高兴,使满意 vi. 讨人喜欢;令人高兴",陕西版三年级起点四年级下.xlsx
shaanxi_start3|g4-lower|r032|take,shaanxi_start3,4年级下,4,下,32,take,take,,,"vi. 拿;获得 vt. 拿,取;采取;接受(礼物等);买,花费;耗费(时间等) n. 捕获量;看法;利益,盈益;(入场券的)售得金额",陕西版三年级起点四年级下.xlsx
shaanxi_start3|g4-lower|r033|take out,shaanxi_start3,4年级下,4,下,33,take out,take out,,,na. 取出;带出(散步等);除去(污点等);取得(专卖权等),陕西版三年级起点四年级下.xlsx
shaanxi_start3|g4-lower|r034|put on,shaanxi_start3,4年级下,4,下,34,put on,put on,,,na. 假话,陕西版三年级起点四年级下.xlsx
shaanxi_start3|g4-lower|r035|them,shaanxi_start3,4年级下,4,下,35,them,them,,,pron. 他们;它们;她们,陕西版三年级起点四年级下.xlsx
shaanxi_start3|g4-lower|r036|weekend,shaanxi_start3,4年级下,4,下,36,weekend,weekend,,,"n. 周末,周末休假;周末聚会 adj. 周末的,周末用的 vi. 度周末",陕西版三年级起点四年级下.xlsx
shaanxi_start3|g4-lower|r037|fly,shaanxi_start3,4年级下,4,下,37,fly,fly,,,n. 飞行;苍蝇;两翼昆虫 adj. 敏捷的 vi. 飞;驾驶飞机;飘扬 vt. 飞行;飞越;使飘扬,陕西版三年级起点四年级下.xlsx
shaanxi_start3|g4-lower|r038|fly a kite,shaanxi_start3,4年级下,4,下,38,fly a kite,fly a kite,,,na. 放风筝;试探舆论;开空头支票;〈美〉(从狱中)非法寄出信件,陕西版三年级起点四年级下.xlsx
shaanxi_start3|g4-lower|r039|football,shaanxi_start3,4年级下,4,下,39,football,football,,,"n. 足球,橄榄球 vi. 踢足球;打橄榄球",陕西版三年级起点四年级下.xlsx
shaanxi_start3|g4-lower|r040|play football,shaanxi_start3,4年级下,4,下,40,play football,play football,,,na. 踢足球;对难办的事采取踢皮球的态度,陕西版三年级起点四年级下.xlsx
shaanxi_start3|g4-lower|r041|exercise,shaanxi_start3,4年级下,4,下,41,exercise,exercise,,,n. 运动;练习;运用;操练;礼拜;典礼 vt. 锻炼;练习;使用;使忙碌;使惊恐 vi. 运动;练习,陕西版三年级起点四年级下.xlsx
shaanxi_start3|g4-lower|r042|do exercise,shaanxi_start3,4年级下,4,下,42,do exercise,do exercise,,,锻炼;做运动;做练习,陕西版三年级起点四年级下.xlsx
shaanxi_start3|g4-lower|r043|film,shaanxi_start3,4年级下,4,下,43,film,film,,,n. 电影;薄膜;胶卷;轻烟 vt. 在...上覆以薄膜;把...拍成电影 vi. 摄制电影;生薄膜;变得朦胧,陕西版三年级起点四年级下.xlsx
shaanxi_start3|g4-lower|r044|see a film,shaanxi_start3,4年级下,4,下,44,see a film,see a film,,,看电影;去看电影;去电影院看电影,陕西版三年级起点四年级下.xlsx
shaanxi_start3|g4-lower|r045|wash,shaanxi_start3,4年级下,4,下,45,wash,wash,,,n. 洗涤;洗的衣服;化妆水;冲积物 vt. 洗涤;洗刷;冲走;拍打 vi. 洗澡;被冲蚀,陕西版三年级起点四年级下.xlsx
shaanxi_start3|g4-lower|r046|do some washing,shaanxi_start3,4年级下,4,下,46,do some washing,do some washing,,,洗衣服,陕西版三年级起点四年级下.xlsx
shaanxi_start3|g4-lower|r047|climb,shaanxi_start3,4年级下,4,下,47,climb,climb,,,n. 爬;攀登 vi. 爬;攀登;上升 vt. 爬;攀登;上升,陕西版三年级起点四年级下.xlsx
shaanxi_start3|g4-lower|r048|mountain,shaanxi_start3,4年级下,4,下,48,mountain,mountain,,,n. 山;山脉,陕西版三年级起点四年级下.xlsx
shaanxi_start3|g4-lower|r049|climb the mountain,shaanxi_start3,4年级下,4,下,49,climb the mountain,climb the mountain,,,无,陕西版三年级起点四年级下.xlsx
shaanxi_start3|g4-lower|r050|homework,shaanxi_start3,4年级下,4,下,50,homework,homework,,,"n. 家庭作业,课外作业",陕西版三年级起点四年级下.xlsx
shaanxi_start3|g4-lower|r051|do one's homework,shaanxi_start3,4年级下,4,下,51,do one's homework,do one's homework,,,na. 做功课,陕西版三年级起点四年级下.xlsx
shaanxi_start3|g4-lower|r052|sometimes,shaanxi_start3,4年级下,4,下,52,sometimes,sometimes,,,"adv. 有时,间或",陕西版三年级起点四年级下.xlsx
shaanxi_start3|g4-lower|r053|with,shaanxi_start3,4年级下,4,下,53,with,with,,,prep. 用;随着;支持;和...在一起,陕西版三年级起点四年级下.xlsx
shaanxi_start3|g4-lower|r054|date,shaanxi_start3,4年级下,4,下,54,date,date,,,n. 日期;约会;年代;枣椰子 vt. 确定...年代;和...约会 vi. 过时;注明日期;始于(某一历史时期),陕西版三年级起点四年级下.xlsx
shaanxi_start3|g4-lower|r055|park,shaanxi_start3,4年级下,4,下,55,park,park,,,n. 公园;[交] 停车场 vt. 停放;放置;寄存 vi. 停放车辆,陕西版三年级起点四年级下.xlsx
shaanxi_start3|g4-lower|r056|cinema,shaanxi_start3,4年级下,4,下,56,cinema,cinema,,,"n. 电影;电影院;电影业,电影制作术",陕西版三年级起点四年级下.xlsx
shaanxi_start3|g4-lower|r057|shop,shaanxi_start3,4年级下,4,下,57,shop,shop,,,n. 商店;店铺 vt. 购物 vi. 购物;买东西,陕西版三年级起点四年级下.xlsx
shaanxi_start3|g4-lower|r058|bookstore,shaanxi_start3,4年级下,4,下,58,bookstore,bookstore,,,n. 书店(等于bookshop),陕西版三年级起点四年级下.xlsx
shaanxi_start3|g4-lower|r059|hospital,shaanxi_start3,4年级下,4,下,59,hospital,hospital,,,n. 医院,陕西版三年级起点四年级下.xlsx
shaanxi_start3|g4-lower|r060|bus stop,shaanxi_start3,4年级下,4,下,60,bus stop,bus stop,,,n. 公共汽车停靠站,陕西版三年级起点四年级下.xlsx
shaanxi_start3|g4-lower|r061|buy,shaanxi_start3,4年级下,4,下,61,buy,buy,,,"n. 购买,买卖;所购的物品 vi. 买,采购 vt. 购买;获得;贿赂",陕西版三年级起点四年级下.xlsx
shaanxi_start3|g4-lower|r062|story,shaanxi_start3,4年级下,4,下,62,story,story,,,n. 故事;小说;新闻报道;来历;假话 vt. 用历史故事画装饰 vi. 说谎,陕西版三年级起点四年级下.xlsx
shaanxi_start3|g4-lower|r063|buy a story book,shaanxi_start3,4年级下,4,下,63,buy a story book,buy a story book,,,无,陕西版三年级起点四年级下.xlsx
shaanxi_start3|g4-lower|r064|tomorrow,shaanxi_start3,4年级下,4,下,64,tomorrow,tomorrow,,,n. 明天;未来 adv. 明天;未来地(等于to-morrow),陕西版三年级起点四年级下.xlsx
shaanxi_start3|g4-lower|r065|children's day,shaanxi_start3,4年级下,4,下,65,Children's Day,children's day,,,na. 儿童节,陕西版三年级起点四年级下.xlsx
shaanxi_start3|g4-lower|r066|happy,shaanxi_start3,4年级下,4,下,66,happy,happy,,,adj. 幸福的;高兴的;巧妙的,陕西版三年级起点四年级下.xlsx
shaanxi_start3|g4-lower|r067|work,shaanxi_start3,4年级下,4,下,67,work,work,,,n. 工作;[物] 功;产品;操作;职业;行为;事业;工厂;著作;文学、音乐或艺术作品 vt. 使工作;操作;经营;使缓慢前进 vi. 工作;运作;起作用,陕西版三年级起点四年级下.xlsx
shaanxi_start3|g4-lower|r068|birthday,shaanxi_start3,4年级下,4,下,68,birthday,birthday,,,"n. 生日,诞辰;诞生的日子",陕西版三年级起点四年级下.xlsx
shaanxi_start3|g4-lower|r069|party,shaanxi_start3,4年级下,4,下,69,party,party,,,"n. 政党,党派;聚会,派对;当事人 [复数 parties] vi. 参加社交聚会 [ 过去式 partied 过去分词 partied 现在分词 partying ]",陕西版三年级起点四年级下.xlsx
shaanxi_start3|g4-lower|r070|gift,shaanxi_start3,4年级下,4,下,70,gift,gift,,,n. 礼物;天赋;赠品 vt. 赋予;向...赠送,陕西版三年级起点四年级下.xlsx
shaanxi_start3|g4-lower|r071|flower,shaanxi_start3,4年级下,4,下,71,flower,flower,,,"n. 花;精华;开花植物 vt. 使开花;用花装饰 vi. 成熟,发育;开花;繁荣;旺盛",陕西版三年级起点四年级下.xlsx
shaanxi_start3|g4-lower|r072|card,shaanxi_start3,4年级下,4,下,72,card,card,,,n. 卡片;纸牌;明信片 vt. 记于卡片上,陕西版三年级起点四年级下.xlsx
shaanxi_start3|g4-lower|r073|balloon,shaanxi_start3,4年级下,4,下,73,balloon,balloon,,,n. 气球 adj. 像气球般鼓起的 vt. 使像气球般鼓起;使激增 vi. 激增;膨胀如气球,陕西版三年级起点四年级下.xlsx
shaanxi_start3|g4-lower|r074|candle,shaanxi_start3,4年级下,4,下,74,candle,candle,,,n. 蜡烛;烛光;烛形物 vt. 对着光检查,陕西版三年级起点四年级下.xlsx
shaanxi_start3|g4-lower|r075|idea,shaanxi_start3,4年级下,4,下,75,idea,idea,,,n. 想法;主意;概念,陕西版三年级起点四年级下.xlsx
shaanxi_start3|g4-lower|r076|make,shaanxi_start3,4年级下,4,下,76,make,make,,,"vt. 使得;进行;布置,准备,整理;制造;认为;获得;形成;安排;引起;构成 vi. 开始;前进;增大;被制造 n. 制造;构造;性情",陕西版三年级起点四年级下.xlsx
shaanxi_start3|g4-lower|r077|make a card,shaanxi_start3,4年级下,4,下,77,make a card,make a card,,,na. (牌戏)打成一墩,陕西版三年级起点四年级下.xlsx
shaanxi_start3|g4-lower|r078|parent,shaanxi_start3,4年级下,4,下,78,parent,parent,,,n. 父亲(或母亲);父母亲;根源,陕西版三年级起点四年级下.xlsx
shaanxi_start3|g4-lower|r079|thirty,shaanxi_start3,4年级下,4,下,79,thirty,thirty,,,num. 三十 n. 三十年代 adj. 三十个的,陕西版三年级起点四年级下.xlsx
shaanxi_start3|g4-lower|r080|forty,shaanxi_start3,4年级下,4,下,80,forty,forty,,,n. 四十 adj. 四十的;四十个的,陕西版三年级起点四年级下.xlsx
shaanxi_start3|g4-lower|r081|fifty,shaanxi_start3,4年级下,4,下,81,fifty,fifty,,,n. 五十;五十个;编号为50的东西 adj. 五十的;五十个的;众多的,陕西版三年级起点四年级下.xlsx
shaanxi_start3|g4-lower|r082|sixty,shaanxi_start3,4年级下,4,下,82,sixty,sixty,,,num. 六十;六十个,陕西版三年级起点四年级下.xlsx
shaanxi_start3|g4-lower|r083|seventy,shaanxi_start3,4年级下,4,下,83,seventy,seventy,,,n. 七十;七十个;七十岁;七十年代 num. 七十 adj. 七十的;七十个的;七十岁的,陕西版三年级起点四年级下.xlsx
shaanxi_start3|g4-lower|r084|eighty,shaanxi_start3,4年级下,4,下,84,eighty,eighty,,,"num. 八十 n. 八十;八十岁;八十年代 adj. 八十的,八十个的;八十岁的",陕西版三年级起点四年级下.xlsx
shaanxi_start3|g4-lower|r085|ninety,shaanxi_start3,4年级下,4,下,85,ninety,ninety,,,n. 九十 adj. 九十的;九十岁的 num. 九十,陕西版三年级起点四年级下.xlsx
shaanxi_start3|g4-lower|r086|hundred,shaanxi_start3,4年级下,4,下,86,hundred,hundred,,,num. 百;百个 n. 一百;许多 adj. 一百的;许多的,陕西版三年级起点四年级下.xlsx
shaanxi_start3|g4-lower|r087|how old,shaanxi_start3,4年级下,4,下,87,how old,how old,,,conj. 多少岁,陕西版三年级起点四年级下.xlsx
shaanxi_start3|g4-lower|r088|know,shaanxi_start3,4年级下,4,下,88,know,know,,,vt. 知道;认识;懂得 vi. 了解;熟悉;确信,陕西版三年级起点四年级下.xlsx
shaanxi_start3|g4-lower|r089|then,shaanxi_start3,4年级下,4,下,89,then,then,,,"conj. 然后,当时 n. 那时 adv. 然后;那么;于是;当时;此外",陕西版三年级起点四年级下.xlsx
shaanxi_start3|g4-lower|r090|careful,shaanxi_start3,4年级下,4,下,90,careful,careful,,,"adj. 仔细的,小心的",陕西版三年级起点四年级下.xlsx
shaanxi_start3|g4-lower|r091|stop,shaanxi_start3,4年级下,4,下,91,stop,stop,,,n. 停止;车站;障碍;逗留 vi. 停止;中止;逗留;被塞住 vt. 停止;堵塞;断绝,陕西版三年级起点四年级下.xlsx
shaanxi_start3|g4-lower|r092|wait,shaanxi_start3,4年级下,4,下,92,wait,wait,,,n. 等待;等候 vi. 等待;耽搁;伺候用餐 vt. 等候;推迟;延缓,陕西版三年级起点四年级下.xlsx
shaanxi_start3|g4-lower|r093|right,shaanxi_start3,4年级下,4,下,93,right,right,,,n. 正确;右边;正义 adj. 正确的;直接的;右方的 vt. 纠正 adv. 正确地;恰当地;彻底地 vi. 复正;恢复平稳,陕西版三年级起点四年级下.xlsx
shaanxi_start3|g4-lower|r094|turn right,shaanxi_start3,4年级下,4,下,94,turn right,turn right,,,na. 转往右面,陕西版三年级起点四年级下.xlsx
shaanxi_start3|g4-lower|r095|left,shaanxi_start3,4年级下,4,下,95,left,left,,,adj. 左边的;左派的;剩下的 adv. 在左面 n. 左边;左派;激进分子 v. 离开(leave的过去式),陕西版三年级起点四年级下.xlsx
shaanxi_start3|g4-lower|r096|turn left,shaanxi_start3,4年级下,4,下,96,turn left,turn left,,,un. 向左转,陕西版三年级起点四年级下.xlsx
shaanxi_start3|g4-lower|r097|traffic,shaanxi_start3,4年级下,4,下,97,traffic,traffic,,,"n. 交通;运输;贸易;[通信] 通信量 vt. 用...作交换;在...通行 vi. 交易,买卖",陕西版三年级起点四年级下.xlsx
shaanxi_start3|g4-lower|r098|traffic lights,shaanxi_start3,4年级下,4,下,98,traffic lights,traffic lights,,,n. 交通信号灯;红绿灯,陕西版三年级起点四年级下.xlsx
shaanxi_start3|g4-lower|r099|cross,shaanxi_start3,4年级下,4,下,99,cross,cross,,,"n. 交叉,十字;十字架,十字形物 adj. 交叉的,相反的;乖戾的;生气的 vt. 杂交;渡过;使相交 vi. 交叉;杂交;横过",陕西版三年级起点四年级下.xlsx
shaanxi_start3|g4-lower|r100|street,shaanxi_start3,4年级下,4,下,100,street,street,,,n. 街道 adj. 街道的,陕西版三年级起点四年级下.xlsx
shaanxi_start3|g4-lower|r101|cross the street,shaanxi_start3,4年级下,4,下,101,cross the street,cross the street,,,过马路;过街;穿过街道,陕西版三年级起点四年级下.xlsx
shaanxi_start3|g4-lower|r102|can,shaanxi_start3,4年级下,4,下,102,can,can,,,aux. 能; 能够; 可以; 可能 n. 罐头; (用金属或塑料制作的)容器; (马口铁或其他金属制作的)食品罐头 vt. 将...装入密封罐中保存,陕西版三年级起点四年级下.xlsx
shaanxi_start3|g4-lower|r103|now,shaanxi_start3,4年级下,4,下,103,now,now,,,adv. 现在;如今;立刻 adj. 现在的 n. 现在;目前 conj. 由于;既然,陕西版三年级起点四年级下.xlsx
shaanxi_start3|g4-lower|r104|sorry,shaanxi_start3,4年级下,4,下,104,sorry,sorry,,,"adj. 遗憾的;对不起的,抱歉的 int. 对不起,抱歉(表示委婉的拒绝等)",陕西版三年级起点四年级下.xlsx
shaanxi_start3|g4-lower|r105|minute,shaanxi_start3,4年级下,4,下,105,minute,minute,,,"n. 分,分钟;片刻,一会儿;备忘录,笔记;会议记录 vt. 将...记录下来 adj. 微小的,详细的 [maɪˈnjuːt; US -ˈnuːt; maɪˋnut]",陕西版三年级起点四年级下.xlsx
shaanxi_start3|g4-lower|r106|wait a minute,shaanxi_start3,4年级下,4,下,106,wait a minute,wait a minute,,,na. “wait a minute/second”的变体,陕西版三年级起点四年级下.xlsx
shaanxi_start3|g4-lower|r107|speak,shaanxi_start3,4年级下,4,下,107,speak,speak,,,vi. 说话;演讲;表明;陈述 vt. 讲话;发言;讲演,陕西版三年级起点四年级下.xlsx
shaanxi_start3|g4-lower|r108|hear,shaanxi_start3,4年级下,4,下,108,hear,hear,,,"vi. 听;听见 vt. 听到,听;听说;审理",陕西版三年级起点四年级下.xlsx
shaanxi_start3|g4-lower|r109|see,shaanxi_start3,4年级下,4,下,109,see,see,,,vi. 看;看见;领会 vt. 看见;理解;领会,陕西版三年级起点四年级下.xlsx
shaanxi_start3|g4-lower|r110|help,shaanxi_start3,4年级下,4,下,110,help,help,,,n. 帮助;补救办法;帮忙者;有益的东西 vt. 帮助;促进;治疗;补救 vi. 帮助;有用;招待,陕西版三年级起点四年级下.xlsx
shaanxi_start3|g4-lower|r111|open,shaanxi_start3,4年级下,4,下,111,open,open,,,adj. 公开的;敞开的;空旷的;坦率的;营业着的 vi. 开始;展现 vt. 公开;打开 n. 公开;空旷;户外,陕西版三年级起点四年级下.xlsx
shaanxi_start3|g4-lower|r112|close,shaanxi_start3,4年级下,4,下,112,close,close,,,n. 结束 adj. 紧密的;亲密的;亲近的 vt. 关;结束;使靠近 vi. 关;结束;关闭 adv. 紧密地,陕西版三年级起点四年级下.xlsx
shaanxi_start3|g4-lower|r113|photo,shaanxi_start3,4年级下,4,下,113,photo,photo,,,n. 照片,陕西版三年级起点四年级下.xlsx
shaanxi_start3|g4-lower|r114|take photos,shaanxi_start3,4年级下,4,下,114,take photos,take photos,,,照相;拍照;拍照片,陕西版三年级起点四年级下.xlsx
shaanxi_start3|g4-lower|r115|play the music,shaanxi_start3,4年级下,4,下,115,play the music,play the music,,,无,陕西版三年级起点四年级下.xlsx
shaanxi_start3|g4-lower|r116|well,shaanxi_start3,4年级下,4,下,116,well,well,,,n. 井;源泉 adj. 良好的;健康的;适宜的 adv. 很好地;充分地;满意地;适当地 v. 涌出,陕西版三年级起点四年级下.xlsx
shaanxi_start3|g4-lower|r117|try,shaanxi_start3,4年级下,4,下,117,try,try,,,"n. 尝试;努力;试验 vt. 试图,努力;试验;审判;考验 vi. 尝试;努力;试验",陕西版三年级起点四年级下.xlsx
shaanxi_start3|g4-lower|r118|helpful,shaanxi_start3,4年级下,4,下,118,helpful,helpful,,,adj. 有帮助的;有益的,陕西版三年级起点四年级下.xlsx
shaanxi_start3|g4-lower|r119|us,shaanxi_start3,4年级下,4,下,119,us,us,,,pron. 我们,陕西版三年级起点四年级下.xlsx
shaanxi_start3|g5-upper|r001|time,shaanxi_start3,5年级上,5,上,1,time,time,,,n. 时间;时代;次数;节拍;倍数 adj. 定时的;定期的;分期的 vt. 计时;测定...的时间;安排...的速度,陕西版三年级起点五年级上.xlsx
shaanxi_start3|g5-upper|r002|on time,shaanxi_start3,5年级上,5,上,2,on time,on time,,,na. 按时;及时,陕西版三年级起点五年级上.xlsx
shaanxi_start3|g5-upper|r003|clock,shaanxi_start3,5年级上,5,上,3,clock,clock,,,n. 时钟;计时器 vt. 记录;记时 vi. 打卡;记录时间,陕西版三年级起点五年级上.xlsx
shaanxi_start3|g5-upper|r004|wall,shaanxi_start3,5年级上,5,上,4,wall,wall,,,"n. 墙壁,围墙;似墙之物 adj. 墙壁的 vt. 用墙围住,围以墙",陕西版三年级起点五年级上.xlsx
shaanxi_start3|g5-upper|r005|come in,shaanxi_start3,5年级上,5,上,5,come in,come in,,,na. 进入;当选;上台;(党派)组阁,陕西版三年级起点五年级上.xlsx
shaanxi_start3|g5-upper|r006|sit down,shaanxi_start3,5年级上,5,上,6,sit down,sit down,,,na. 坐下;住定;占有;(坐下来)开始工作(谈判等),陕西版三年级起点五年级上.xlsx
shaanxi_start3|g5-upper|r007|be late,shaanxi_start3,5年级上,5,上,7,be late,be late,,,迟到;可指迟到;做某事做晚了或做迟了,陕西版三年级起点五年级上.xlsx
shaanxi_start3|g5-upper|r008|play computer games,shaanxi_start3,5年级上,5,上,8,play computer games,play computer games,,,玩电脑游戏;打电脑游戏;玩电子游戏,陕西版三年级起点五年级上.xlsx
shaanxi_start3|g5-upper|r009|may,shaanxi_start3,5年级上,5,上,9,may,may,,,"aux. 可以,能够;可能,也许;祝,愿;会,能",陕西版三年级起点五年级上.xlsx
shaanxi_start3|g5-upper|r010|again,shaanxi_start3,5年级上,5,上,10,again,again,,,"adv. 又,此外;再一次;再说;增加 n. (英、保)阿盖恩",陕西版三年级起点五年级上.xlsx
shaanxi_start3|g5-upper|r011|too,shaanxi_start3,5年级上,5,上,11,too,too,,,adv. 太;也;很;还;非常;过度,陕西版三年级起点五年级上.xlsx
shaanxi_start3|g5-upper|r012|too many,shaanxi_start3,5年级上,5,上,12,too many,too many,,,太多;太多了;太多的,陕西版三年级起点五年级上.xlsx
shaanxi_start3|g5-upper|r013|make the bed,shaanxi_start3,5年级上,5,上,13,make the bed,make the bed,,,铺床;整理床铺;整理被物,陕西版三年级起点五年级上.xlsx
shaanxi_start3|g5-upper|r014|sweep,shaanxi_start3,5年级上,5,上,14,sweep,sweep,,,"n. 打扫,扫除;范围;全胜 vt. 扫除;猛拉;掸去 vi. 扫,打扫;席卷;扫视;袭击",陕西版三年级起点五年级上.xlsx
shaanxi_start3|g5-upper|r015|sweep the floor,shaanxi_start3,5年级上,5,上,15,sweep the floor,sweep the floor,,,扫地;清扫地板;打扫地板,陕西版三年级起点五年级上.xlsx
shaanxi_start3|g5-upper|r016|dish,shaanxi_start3,5年级上,5,上,16,dish,dish,,,n. 盘;餐具;一盘食物;外貌有吸引力的人 vt. 盛于碟盘中;分发;使某人的希望破灭;说(某人)的闲话 vi. 成碟状;闲谈,陕西版三年级起点五年级上.xlsx
shaanxi_start3|g5-upper|r017|do the dishes,shaanxi_start3,5年级上,5,上,17,do the dishes,do the dishes,,,na. 洗碗碟,陕西版三年级起点五年级上.xlsx
shaanxi_start3|g5-upper|r018|water,shaanxi_start3,5年级上,5,上,18,water,water,,,"n. 水;海水;雨水;海域,大片的水 vt. 使湿;供以水;给...浇水 vi. 加水;流泪;流口水",陕西版三年级起点五年级上.xlsx
shaanxi_start3|g5-upper|r019|water the flowers,shaanxi_start3,5年级上,5,上,19,water the flowers,water the flowers,,,浇花;给花浇水;去花园浇水,陕西版三年级起点五年级上.xlsx
shaanxi_start3|g5-upper|r020|clean,shaanxi_start3,5年级上,5,上,20,clean,clean,,,"n. 打扫 adj. 清洁的,干净的;清白的 vt. 使干净 vi. 打扫,清扫 adv. 完全地",陕西版三年级起点五年级上.xlsx
shaanxi_start3|g5-upper|r021|clean the windows,shaanxi_start3,5年级上,5,上,21,clean the windows,clean the windows,,,无,陕西版三年级起点五年级上.xlsx
shaanxi_start3|g5-upper|r022|meal,shaanxi_start3,5年级上,5,上,22,meal,meal,,,"n. 一餐,一顿饭;膳食 vi. 进餐",陕西版三年级起点五年级上.xlsx
shaanxi_start3|g5-upper|r023|cook the meal,shaanxi_start3,5年级上,5,上,23,cook the meal,cook the meal,,,无,陕西版三年级起点五年级上.xlsx
shaanxi_start3|g5-upper|r024|clothes,shaanxi_start3,5年级上,5,上,24,clothes,clothes,,,n. 衣服,陕西版三年级起点五年级上.xlsx
shaanxi_start3|g5-upper|r025|wash the clothes,shaanxi_start3,5年级上,5,上,25,wash the clothes,wash the clothes,,,洗衣服;收拾衣服;洗脸,陕西版三年级起点五年级上.xlsx
shaanxi_start3|g5-upper|r026|sure,shaanxi_start3,5年级上,5,上,26,sure,sure,,,adj. 确信的;可靠的;必定的 adv. 当然;的确,陕西版三年级起点五年级上.xlsx
shaanxi_start3|g5-upper|r027|favorite,shaanxi_start3,5年级上,5,上,27,favorite,favorite,,,n. 幸运儿;喜欢的事物;特别喜欢的人 adj. 最喜爱的;中意的;宠爱的,陕西版三年级起点五年级上.xlsx
shaanxi_start3|g5-upper|r028|food,shaanxi_start3,5年级上,5,上,28,food,food,,,n. 食物;养料,陕西版三年级起点五年级上.xlsx
shaanxi_start3|g5-upper|r029|hamburger,shaanxi_start3,5年级上,5,上,29,hamburger,hamburger,,,"n. 汉堡包,火腿汉堡;牛肉饼,肉饼;碎牛肉",陕西版三年级起点五年级上.xlsx
shaanxi_start3|g5-upper|r030|china,shaanxi_start3,5年级上,5,上,30,China,china,,,"n. 中国 n. china,瓷器 adj. 中国的;中国制造的 adj. china,瓷制的",陕西版三年级起点五年级上.xlsx
shaanxi_start3|g5-upper|r031|the usa,shaanxi_start3,5年级上,5,上,31,the USA,the usa,,,美国;美利坚合众国;现在我们有美国的大哥,陕西版三年级起点五年级上.xlsx
shaanxi_start3|g5-upper|r032|fruit,shaanxi_start3,5年级上,5,上,32,fruit,fruit,,,n. 水果;产物 vt. 使......结果实 vi. 结果实,陕西版三年级起点五年级上.xlsx
shaanxi_start3|g5-upper|r033|drink,shaanxi_start3,5年级上,5,上,33,drink,drink,,,"n. 酒,饮料;喝酒 vt. 喝,饮;吸收;举杯庆贺 vi. 喝酒;饮水;干杯",陕西版三年级起点五年级上.xlsx
shaanxi_start3|g5-upper|r034|chocolate,shaanxi_start3,5年级上,5,上,34,chocolate,chocolate,,,"n. 巧克力,巧克力糖;巧克力色 adj. 巧克力色的;巧克力口味的",陕西版三年级起点五年级上.xlsx
shaanxi_start3|g5-upper|r035|best,shaanxi_start3,5年级上,5,上,35,best,best,,,"n. 最好的人,最好的事物;最佳状态 adj. 最好的 vt. 打败,胜过 adv. 最好地",陕西版三年级起点五年级上.xlsx
shaanxi_start3|g5-upper|r036|delicious,shaanxi_start3,5年级上,5,上,36,delicious,delicious,,,adj. 美味的;可口的,陕西版三年级起点五年级上.xlsx
shaanxi_start3|g5-upper|r037|chinese,shaanxi_start3,5年级上,5,上,37,Chinese,chinese,,,"n. 中文,汉语;中国人 adj. 中国的,中国人的;中国话的",陕西版三年级起点五年级上.xlsx
shaanxi_start3|g5-upper|r038|coffee,shaanxi_start3,5年级上,5,上,38,coffee,coffee,,,n. 咖啡;咖啡豆;咖啡色,陕西版三年级起点五年级上.xlsx
shaanxi_start3|g5-upper|r039|love,shaanxi_start3,5年级上,5,上,39,love,love,,,"n. 恋爱;亲爱的;酷爱;喜爱的事物;爱情,爱意;疼爱;热爱;爱人,所爱之物 v. 爱,热爱;爱戴;赞美,称赞;喜爱;喜好;喜欢;爱慕",陕西版三年级起点五年级上.xlsx
shaanxi_start3|g5-upper|r040|table,shaanxi_start3,5年级上,5,上,40,table,table,,,n. 桌子;表格;平地层 vt. 制表;搁置;嵌合 adj. 桌子的,陕西版三年级起点五年级上.xlsx
shaanxi_start3|g5-upper|r041|at table,shaanxi_start3,5年级上,5,上,41,at table,at table,,,na. 在吃饭,陕西版三年级起点五年级上.xlsx
shaanxi_start3|g5-upper|r042|spoon,shaanxi_start3,5年级上,5,上,42,spoon,spoon,,,"n. 匙,勺子;一杓的量 vt. 用匙舀;使成匙状 vi. 轻轻向上击",陕西版三年级起点五年级上.xlsx
shaanxi_start3|g5-upper|r043|cut,shaanxi_start3,5年级上,5,上,43,cut,cut,,,n. 伤口;切口;削减;(服装等的)式样;削球;切入 adj. 割下的;雕过的;缩减的 vt. [机] 切割;削减;缩短;刺痛 vi. [机] 切割;相交;切牌;停拍;不出席,陕西版三年级起点五年级上.xlsx
shaanxi_start3|g5-upper|r044|knife,shaanxi_start3,5年级上,5,上,44,knife,knife,,,n. 刀;匕首 vt. 用刀切;(口)伤害 vi. 劈开;划过,陕西版三年级起点五年级上.xlsx
shaanxi_start3|g5-upper|r045|chopsticks,shaanxi_start3,5年级上,5,上,45,chopsticks,chopsticks,,,n. 筷子,陕西版三年级起点五年级上.xlsx
shaanxi_start3|g5-upper|r046|use,shaanxi_start3,5年级上,5,上,46,use,use,,,"n. 使用;用途;发挥 vt. 利用;耗费 vi. 使用,运用",陕西版三年级起点五年级上.xlsx
shaanxi_start3|g5-upper|r047|fork,shaanxi_start3,5年级上,5,上,47,fork,fork,,,n. 叉;餐叉;耙 vt. 叉起;使成叉状 vi. 分叉;分歧,陕西版三年级起点五年级上.xlsx
shaanxi_start3|g5-upper|r048|pass,shaanxi_start3,5年级上,5,上,48,pass,pass,,,n. 及格;经过;护照;途径;传球 vt. 通过;经过;传递 vi. 经过;传递;变化;终止,陕西版三年级起点五年级上.xlsx
shaanxi_start3|g5-upper|r049|with,shaanxi_start3,5年级上,5,上,49,with,with,,,prep. 用;随着;支持;和...在一起,陕西版三年级起点五年级上.xlsx
shaanxi_start3|g5-upper|r050|like,shaanxi_start3,5年级上,5,上,50,like,like,,,vt. 喜欢;想;愿意 vi. 喜欢;希望 prep. 像;如同 adj. 同样的;相似的 n. 爱好;同样的人或物 adv. 可能 conj. 好像,陕西版三年级起点五年级上.xlsx
shaanxi_start3|g5-upper|r051|would,shaanxi_start3,5年级上,5,上,51,would,would,,,"aux. 将,将要;愿意 v. will的过去式",陕西版三年级起点五年级上.xlsx
shaanxi_start3|g5-upper|r052|here,shaanxi_start3,5年级上,5,上,52,here,here,,,n. 这里 adv. 在这里;此时 int. 嘿!;喂!,陕西版三年级起点五年级上.xlsx
shaanxi_start3|g5-upper|r053|beef,shaanxi_start3,5年级上,5,上,53,beef,beef,,,"n. 牛肉;肌肉;食用牛;牢骚 vt. 养;加强 vi. 抱怨,告发;发牢骚",陕西版三年级起点五年级上.xlsx
shaanxi_start3|g5-upper|r054|him,shaanxi_start3,5年级上,5,上,54,him,him,,,pron. 他(宾格),陕西版三年级起点五年级上.xlsx
shaanxi_start3|g5-upper|r055|give,shaanxi_start3,5年级上,5,上,55,give,give,,,n. 弹性;弯曲;伸展性 vi. 捐赠;面向;有弹性;气候转暖 vt. 给;产生;让步;举办;授予,陕西版三年级起点五年级上.xlsx
shaanxi_start3|g5-upper|r056|way,shaanxi_start3,5年级上,5,上,56,way,way,,,n. 方法;道路;方向;行业;习惯 adj. 途中的 adv. 大大地;远远地,陕西版三年级起点五年级上.xlsx
shaanxi_start3|g5-upper|r057|supermarket,shaanxi_start3,5年级上,5,上,57,supermarket,supermarket,,,n. 超级市场;自助售货商店,陕西版三年级起点五年级上.xlsx
shaanxi_start3|g5-upper|r058|beside,shaanxi_start3,5年级上,5,上,58,beside,beside,,,prep. 在旁边;与...相比;和...无关,陕西版三年级起点五年级上.xlsx
shaanxi_start3|g5-upper|r059|behind,shaanxi_start3,5年级上,5,上,59,behind,behind,,,prep. 落后于;支持;晚于 n. 屁股 adv. 在后地;在原处,陕西版三年级起点五年级上.xlsx
shaanxi_start3|g5-upper|r060|between,shaanxi_start3,5年级上,5,上,60,between,between,,,prep. 在...之间 adv. 在中间,陕西版三年级起点五年级上.xlsx
shaanxi_start3|g5-upper|r061|children's park,shaanxi_start3,5年级上,5,上,61,Children's Park,children's park,,,无,陕西版三年级起点五年级上.xlsx
shaanxi_start3|g5-upper|r062|take a bus,shaanxi_start3,5年级上,5,上,62,take a bus,take a bus,,,乘公共汽车;坐公共汽车;乘公交车,陕西版三年级起点五年级上.xlsx
shaanxi_start3|g5-upper|r063|get off,shaanxi_start3,5年级上,5,上,63,get off,get off,,,na. 下车;脱下(衣服等);脱(衣);下(马),陕西版三年级起点五年级上.xlsx
shaanxi_start3|g5-upper|r064|along,shaanxi_start3,5年级上,5,上,64,along,along,,,prep. 沿着;顺着 adv. 一起;向前;来到,陕西版三年级起点五年级上.xlsx
shaanxi_start3|g5-upper|r065|on the left,shaanxi_start3,5年级上,5,上,65,on the left,on the left,,,在左边;在左侧;在右边,陕西版三年级起点五年级上.xlsx
shaanxi_start3|g5-upper|r066|get to,shaanxi_start3,5年级上,5,上,66,get to,get to,,,na. 接触到;开始;〈美口〉收买,陕西版三年级起点五年级上.xlsx
shaanxi_start3|g5-upper|r067|how much,shaanxi_start3,5年级上,5,上,67,how much,how much,,,conj. 多少,陕西版三年级起点五年级上.xlsx
shaanxi_start3|g5-upper|r068|shirt,shaanxi_start3,5年级上,5,上,68,shirt,shirt,,,"n. 衬衫;汗衫,内衣",陕西版三年级起点五年级上.xlsx
shaanxi_start3|g5-upper|r069|t-shirt,shaanxi_start3,5年级上,5,上,69,T-shirt,t-shirt,,,n. 短袖圆领汗衫,陕西版三年级起点五年级上.xlsx
shaanxi_start3|g5-upper|r070|pair,shaanxi_start3,5年级上,5,上,70,pair,pair,,,"n. 一对,一双,一副 vt. 把...组成一对",陕西版三年级起点五年级上.xlsx
shaanxi_start3|g5-upper|r071|a pair of,shaanxi_start3,5年级上,5,上,71,a pair of,a pair of,,,det. 一双,陕西版三年级起点五年级上.xlsx
shaanxi_start3|g5-upper|r072|shorts,shaanxi_start3,5年级上,5,上,72,shorts,shorts,,,n. 短裤,陕西版三年级起点五年级上.xlsx
shaanxi_start3|g5-upper|r073|child,shaanxi_start3,5年级上,5,上,73,child,child,,,"n. 儿童,小孩,孩子;产物;子孙;幼稚的人;弟子",陕西版三年级起点五年级上.xlsx
shaanxi_start3|g5-upper|r074|look,shaanxi_start3,5年级上,5,上,74,look,look,,,vt. 看;期待;注意;面向;看上去像 vi. 看;看起来;注意;面向 n. 看;样子;面容,陕西版三年级起点五年级上.xlsx
shaanxi_start3|g5-upper|r075|take,shaanxi_start3,5年级上,5,上,75,take,take,,,"vi. 拿;获得 vt. 拿,取;采取;接受(礼物等);买,花费;耗费(时间等) n. 捕获量;看法;利益,盈益;(入场券的)售得金额",陕西版三年级起点五年级上.xlsx
shaanxi_start3|g5-upper|r076|thin,shaanxi_start3,5年级上,5,上,76,thin,thin,,,n. 细小部分 adj. 薄的;瘦的;稀薄的;微弱的 vt. 使瘦;使淡;使稀疏 vi. 变薄;变瘦;变淡 adv. 稀疏地;微弱地,陕西版三年级起点五年级上.xlsx
shaanxi_start3|g5-upper|r077|aunt,shaanxi_start3,5年级上,5,上,77,aunt,aunt,,,n. 阿姨;姑妈;伯母;舅妈,陕西版三年级起点五年级上.xlsx
shaanxi_start3|g5-upper|r078|uncle,shaanxi_start3,5年级上,5,上,78,uncle,uncle,,,n. 叔叔;伯父;伯伯;舅父;姨丈;姑父,陕西版三年级起点五年级上.xlsx
shaanxi_start3|g5-upper|r079|kid,shaanxi_start3,5年级上,5,上,79,kid,kid,,,n. 小孩;小山羊 vt. 欺骗;取笑;戏弄 vi. 欺骗;取笑;戏弄 adj. 小山羊皮制的;较年幼的,陕西版三年级起点五年级上.xlsx
shaanxi_start3|g5-upper|r080|friend,shaanxi_start3,5年级上,5,上,80,friend,friend,,,n. 朋友;助手;赞助者,陕西版三年级起点五年级上.xlsx
shaanxi_start3|g5-upper|r081|strong,shaanxi_start3,5年级上,5,上,81,strong,strong,,,adj. 坚强的;强壮的;牢固的;擅长的 adv. 强劲地;猛烈地,陕西版三年级起点五年级上.xlsx
shaanxi_start3|g5-upper|r082|old,shaanxi_start3,5年级上,5,上,82,old,old,,,"adj. 陈旧的,古老的;年老的 n. 古时",陕西版三年级起点五年级上.xlsx
shaanxi_start3|g5-upper|r083|young,shaanxi_start3,5年级上,5,上,83,young,young,,,"n. 年轻人;(动物的)崽,仔 adj. 年轻的;初期的;没有经验的",陕西版三年级起点五年级上.xlsx
shaanxi_start3|g5-upper|r084|come from,shaanxi_start3,5年级上,5,上,84,come from,come from,,,v. 来自;出身;归因于,陕西版三年级起点五年级上.xlsx
shaanxi_start3|g5-upper|r085|a little,shaanxi_start3,5年级上,5,上,85,a little,a little,,,n. 一点,陕西版三年级起点五年级上.xlsx
shaanxi_start3|g5-upper|r086|sport,shaanxi_start3,5年级上,5,上,86,sport,sport,,,n. 运动;游戏;娱乐;运动会;玩笑 adj. 运动的 vt. 游戏;参加体育运动;夸耀 vi. 游戏,陕西版三年级起点五年级上.xlsx
shaanxi_start3|g5-upper|r087|fast,shaanxi_start3,5年级上,5,上,87,fast,fast,,,"n. 斋戒;绝食 adj. 快速的,迅速的;紧的,稳固的 adv. 迅速地;紧紧地;彻底地 vi. 禁食,斋戒",陕西版三年级起点五年级上.xlsx
shaanxi_start3|g5-upper|r088|woman,shaanxi_start3,5年级上,5,上,88,woman,woman,,,n. 妇女;女性;成年女子,陕西版三年级起点五年级上.xlsx
shaanxi_start3|g5-upper|r089|in,shaanxi_start3,5年级上,5,上,89,in,in,,,prep. 按照(表示方式);从事于;在...之内 n. 执政者;门路;知情者 adj. 在里面的;时髦的 adv. 进入;当选;(服装等)时髦;在屋里,陕西版三年级起点五年级上.xlsx
shaanxi_start3|g5-upper|r090|their,shaanxi_start3,5年级上,5,上,90,their,their,,,"pron. 他们的,她们的;它们的",陕西版三年级起点五年级上.xlsx
shaanxi_start3|g5-upper|r091|right,shaanxi_start3,5年级上,5,上,91,right,right,,,n. 正确;右边;正义 adj. 正确的;直接的;右方的 vt. 纠正 adv. 正确地;恰当地;彻底地 vi. 复正;恢复平稳,陕西版三年级起点五年级上.xlsx
shaanxi_start3|g5-upper|r092|visit,shaanxi_start3,5年级上,5,上,92,visit,visit,,,n. 访问;参观;逗留 vt. 访问;参观;视察 vi. 访问;暂住;闲谈,陕西版三年级起点五年级上.xlsx
shaanxi_start3|g5-upper|r093|city,shaanxi_start3,5年级上,5,上,93,city,city,,,"n. 城市,都市 adj. 城市的;都会的",陕西版三年级起点五年级上.xlsx
shaanxi_start3|g5-upper|r094|hotel,shaanxi_start3,5年级上,5,上,94,hotel,hotel,,,"n. 旅馆,饭店;客栈 vt. 使...在饭店下榻 vi. 进行旅馆式办公",陕西版三年级起点五年级上.xlsx
shaanxi_start3|g5-upper|r095|the uk,shaanxi_start3,5年级上,5,上,95,the UK,the uk,,,(等于the United Kingdom)英国,陕西版三年级起点五年级上.xlsx
shaanxi_start3|g5-upper|r096|france,shaanxi_start3,5年级上,5,上,96,France,france,,,n. 法国;法郎士(姓氏),陕西版三年级起点五年级上.xlsx
shaanxi_start3|g5-upper|r097|australia,shaanxi_start3,5年级上,5,上,97,Australia,australia,,,"n. 澳大利亚,澳洲",陕西版三年级起点五年级上.xlsx
shaanxi_start3|g5-upper|r098|map,shaanxi_start3,5年级上,5,上,98,map,map,,,vt. 映射;计划;绘制地图;确定基因在染色体中的位置 n. 地图;示意图;染色体图 vi. 基因被安置,陕西版三年级起点五年级上.xlsx
shaanxi_start3|g5-upper|r099|far,shaanxi_start3,5年级上,5,上,99,far,far,,,n. 远方 adj. 远的;久远的 adv. 很;遥远地;久远地;到很远的距离;到很深的程度,陕西版三年级起点五年级上.xlsx
shaanxi_start3|g5-upper|r100|far away,shaanxi_start3,5年级上,5,上,100,far away,far away,,,"adj. 远方的;老早老早以前的;(眼色,神情等)走神的",陕西版三年级起点五年级上.xlsx
shaanxi_start3|g5-upper|r101|autumn,shaanxi_start3,5年级上,5,上,101,autumn,autumn,,,"n. 秋天;成熟期;渐衰期,凋落期 adj. 秋天的,秋季的",陕西版三年级起点五年级上.xlsx
shaanxi_start3|g5-upper|r102|far from,shaanxi_start3,5年级上,5,上,102,far from,far from,,,na. 远离;决不,陕西版三年级起点五年级上.xlsx
shaanxi_start3|g5-lower|r001|feel,shaanxi_start3,5年级下,5,下,1,feel,feel,,,n. 感觉;触摸 vi. 觉得;摸索 vt. 感觉;认为;触摸;试探,陕西版三年级起点五年级下.xlsx
shaanxi_start3|g5-lower|r002|happy,shaanxi_start3,5年级下,5,下,2,happy,happy,,,adj. 幸福的;高兴的;巧妙的,陕西版三年级起点五年级下.xlsx
shaanxi_start3|g5-lower|r003|sad,shaanxi_start3,5年级下,5,下,3,sad,sad,,,"adj. 难过的;悲哀的,令人悲痛的;凄惨的,阴郁的(形容颜色)",陕西版三年级起点五年级下.xlsx
shaanxi_start3|g5-lower|r004|tired,shaanxi_start3,5年级下,5,下,4,tired,tired,,,"v. 疲倦;对...腻烦(tire的过去分词形式) adj. 疲倦的;厌倦的,厌烦的",陕西版三年级起点五年级下.xlsx
shaanxi_start3|g5-lower|r005|angry,shaanxi_start3,5年级下,5,下,5,angry,angry,,,adj. 生气的;愤怒的;狂暴的;(伤口等)发炎的,陕西版三年级起点五年级下.xlsx
shaanxi_start3|g5-lower|r006|go out to play,shaanxi_start3,5年级下,5,下,6,go out to play,go out to play,,,无,陕西版三年级起点五年级下.xlsx
shaanxi_start3|g5-lower|r007|snowman,shaanxi_start3,5年级下,5,下,7,snowman,snowman,,,n. 雪人,陕西版三年级起点五年级下.xlsx
shaanxi_start3|g5-lower|r008|make a snowman,shaanxi_start3,5年级下,5,下,8,make a snowman,make a snowman,,,堆雪人;做雪人;堆一个雪人,陕西版三年级起点五年级下.xlsx
shaanxi_start3|g5-lower|r009|why,shaanxi_start3,5年级下,5,下,9,why,why,,,int. 哎呀!什么? adv. 为什么,陕西版三年级起点五年级下.xlsx
shaanxi_start3|g5-lower|r010|because,shaanxi_start3,5年级下,5,下,10,because,because,,,conj. 因为,陕西版三年级起点五年级下.xlsx
shaanxi_start3|g5-lower|r011|come on,shaanxi_start3,5年级下,5,下,11,come on,come on,,,"na. (演员)出台;进行(很好);(暴风雨等)起;(病,苦痛等)加深",陕西版三年级起点五年级下.xlsx
shaanxi_start3|g5-lower|r012|a little,shaanxi_start3,5年级下,5,下,12,a little,a little,,,n. 一点,陕西版三年级起点五年级下.xlsx
shaanxi_start3|g5-lower|r013|drink,shaanxi_start3,5年级下,5,下,13,drink,drink,,,"n. 酒,饮料;喝酒 vt. 喝,饮;吸收;举杯庆贺 vi. 喝酒;饮水;干杯",陕西版三年级起点五年级下.xlsx
shaanxi_start3|g5-lower|r014|make,shaanxi_start3,5年级下,5,下,14,make,make,,,"vt. 使得;进行;布置,准备,整理;制造;认为;获得;形成;安排;引起;构成 vi. 开始;前进;增大;被制造 n. 制造;构造;性情",陕西版三年级起点五年级下.xlsx
shaanxi_start3|g5-lower|r015|so,shaanxi_start3,5年级下,5,下,15,so,so,,,"conj. 所以;因此 adv. 如此,这么;确是如此 pron. 这样",陕西版三年级起点五年级下.xlsx
shaanxi_start3|g5-lower|r016|tell,shaanxi_start3,5年级下,5,下,16,tell,tell,,,"vt. 告诉,说;辨别;吩咐;断定 vi. 讲述;告发,泄密;识别",陕西版三年级起点五年级下.xlsx
shaanxi_start3|g5-lower|r017|spring,shaanxi_start3,5年级下,5,下,17,spring,spring,,,n. 春天;弹簧;泉水;活力;跳跃 adj. 春天的 vt. 使跳起;使爆炸;突然提出;使弹开 vi. 生长;涌出;跃出;裂开,陕西版三年级起点五年级下.xlsx
shaanxi_start3|g5-lower|r018|summer,shaanxi_start3,5年级下,5,下,18,summer,summer,,,n. 夏季;全盛时期 adj. 夏季的 vi. 避暑;过夏天,陕西版三年级起点五年级下.xlsx
shaanxi_start3|g5-lower|r019|autumn,shaanxi_start3,5年级下,5,下,19,autumn,autumn,,,"n. 秋天;成熟期;渐衰期,凋落期 adj. 秋天的,秋季的",陕西版三年级起点五年级下.xlsx
shaanxi_start3|g5-lower|r020|winter,shaanxi_start3,5年级下,5,下,20,winter,winter,,,n. 冬季;年岁;萧条期 adj. 冬天的;越冬的 vi. 过冬,陕西版三年级起点五年级下.xlsx
shaanxi_start3|g5-lower|r021|season,shaanxi_start3,5年级下,5,下,21,season,season,,,n. 时期;季节;赛季 vt. 给...调味;使适应 vi. 变得成熟;变干燥,陕西版三年级起点五年级下.xlsx
shaanxi_start3|g5-lower|r022|plant,shaanxi_start3,5年级下,5,下,22,plant,plant,,,"n. 工厂,车间;植物;设备;庄稼 vt. 种植;培养;栽培;安置 vi. 种植",陕西版三年级起点五年级下.xlsx
shaanxi_start3|g5-lower|r023|plant trees,shaanxi_start3,5年级下,5,下,23,plant trees,plant trees,,,种树;植树;植树造林,陕西版三年级起点五年级下.xlsx
shaanxi_start3|g5-lower|r024|ride,shaanxi_start3,5年级下,5,下,24,ride,ride,,,n. 骑;乘坐;交通工具;可供骑行的路;(乘坐汽车等的)旅行;乘骑;(乘车或骑车的)短途旅程;供乘骑的游乐设施 vi. 骑马;乘车;依靠;漂浮 vt. 骑;乘;控制;(骑马、自行车等)穿越;搭乘;飘浮,陕西版三年级起点五年级下.xlsx
shaanxi_start3|g5-lower|r025|ride a bike,shaanxi_start3,5年级下,5,下,25,ride a bike,ride a bike,,,骑自行车;骑车;骑单车,陕西版三年级起点五年级下.xlsx
shaanxi_start3|g5-lower|r026|tree planting day,shaanxi_start3,5年级下,5,下,26,Tree Planting Day,tree planting day,,,无,陕西版三年级起点五年级下.xlsx
shaanxi_start3|g5-lower|r027|interesting,shaanxi_start3,5年级下,5,下,27,interesting,interesting,,,"adj. 有趣的;引起兴趣的,令人关注的",陕西版三年级起点五年级下.xlsx
shaanxi_start3|g5-lower|r028|march,shaanxi_start3,5年级下,5,下,28,March,march,,,n. 三月,陕西版三年级起点五年级下.xlsx
shaanxi_start3|g5-lower|r029|april,shaanxi_start3,5年级下,5,下,29,April,april,,,n. 四月,陕西版三年级起点五年级下.xlsx
shaanxi_start3|g5-lower|r030|may,shaanxi_start3,5年级下,5,下,30,May,may,,,"aux. 可以,能够;可能,也许;祝,愿;会,能",陕西版三年级起点五年级下.xlsx
shaanxi_start3|g5-lower|r031|warm,shaanxi_start3,5年级下,5,下,31,warm,warm,,,n. 取暖;加热 adj. 温暖的;热情的 vt. 使...兴奋;使...温暖;使...感兴趣 vi. 同情;激动;变温暖,陕西版三年级起点五年级下.xlsx
shaanxi_start3|g5-lower|r032|hot,shaanxi_start3,5年级下,5,下,32,hot,hot,,,adj. 热的;辣的;热情的;激动的;紧迫的 vt. 增加;给...加温 adv. 热;紧迫地 vi. 变热,陕西版三年级起点五年级下.xlsx
shaanxi_start3|g5-lower|r033|go swimming,shaanxi_start3,5年级下,5,下,33,go swimming,go swimming,,,na. 去游泳,陕西版三年级起点五年级下.xlsx
shaanxi_start3|g5-lower|r034|cool,shaanxi_start3,5年级下,5,下,34,cool,cool,,,n. 凉爽;凉爽的空气 adj. 凉爽的;冷静的;出色的 vt. 使...冷却;使...平静下来 vi. 变凉;平息 adv. 冷静地,陕西版三年级起点五年级下.xlsx
shaanxi_start3|g5-lower|r035|rich,shaanxi_start3,5年级下,5,下,35,rich,rich,,,"adj. 富有的;肥沃的;昂贵的 adj. 油腻的,含有很多脂肪",陕西版三年级起点五年级下.xlsx
shaanxi_start3|g5-lower|r036|cold,shaanxi_start3,5年级下,5,下,36,cold,cold,,,"n. 寒冷;感冒 adj. 寒冷的;冷淡的,不热情的;失去知觉的 adv. 完全地",陕西版三年级起点五年级下.xlsx
shaanxi_start3|g5-lower|r037|begin,shaanxi_start3,5年级下,5,下,37,begin,begin,,,vi. 开始;首先 vt. 开始,陕西版三年级起点五年级下.xlsx
shaanxi_start3|g5-lower|r038|from,shaanxi_start3,5年级下,5,下,38,from,from,,,"prep. 来自,从;由于;今后",陕西版三年级起点五年级下.xlsx
shaanxi_start3|g5-lower|r039|january,shaanxi_start3,5年级下,5,下,39,January,january,,,n. 一月,陕西版三年级起点五年级下.xlsx
shaanxi_start3|g5-lower|r040|february,shaanxi_start3,5年级下,5,下,40,February,february,,,n. 二月,陕西版三年级起点五年级下.xlsx
shaanxi_start3|g5-lower|r041|june,shaanxi_start3,5年级下,5,下,41,June,june,,,"n. 六月;琼(人名,来源于拉丁语,含义是“年轻气盛的六月”)",陕西版三年级起点五年级下.xlsx
shaanxi_start3|g5-lower|r042|july,shaanxi_start3,5年级下,5,下,42,July,july,,,n. 七月,陕西版三年级起点五年级下.xlsx
shaanxi_start3|g5-lower|r043|august,shaanxi_start3,5年级下,5,下,43,August,august,,,n. 八月(简写为Aug) adj. 威严的;令人敬畏的,陕西版三年级起点五年级下.xlsx
shaanxi_start3|g5-lower|r044|september,shaanxi_start3,5年级下,5,下,44,September,september,,,n. 九月,陕西版三年级起点五年级下.xlsx
shaanxi_start3|g5-lower|r045|october,shaanxi_start3,5年级下,5,下,45,October,october,,,n. [天] 十月,陕西版三年级起点五年级下.xlsx
shaanxi_start3|g5-lower|r046|november,shaanxi_start3,5年级下,5,下,46,November,november,,,n. 十一月,陕西版三年级起点五年级下.xlsx
shaanxi_start3|g5-lower|r047|december,shaanxi_start3,5年级下,5,下,47,December,december,,,n. 十二月,陕西版三年级起点五年级下.xlsx
shaanxi_start3|g5-lower|r048|which,shaanxi_start3,5年级下,5,下,48,which,which,,,adj. 哪一个;哪一些 pron. 哪/那一个;哪/那一些,陕西版三年级起点五年级下.xlsx
shaanxi_start3|g5-lower|r049|become,shaanxi_start3,5年级下,5,下,49,become,become,,,vt. 适合;相称 vi. 成为;变得;变成,陕西版三年级起点五年级下.xlsx
shaanxi_start3|g5-lower|r050|better,shaanxi_start3,5年级下,5,下,50,better,better,,,n. 长辈;较好者;打赌的人(等于bettor) adj. 较好的 vt. 改善;胜过 adv. 更好的;更多的;较大程度地 vi. 变得较好,陕西版三年级起点五年级下.xlsx
shaanxi_start3|g5-lower|r051|christmas,shaanxi_start3,5年级下,5,下,51,Christmas,christmas,,,n. 圣诞节;圣诞节期间,陕西版三年级起点五年级下.xlsx
shaanxi_start3|g5-lower|r052|new year,shaanxi_start3,5年级下,5,下,52,New Year,new year,,,n. 新年,陕西版三年级起点五年级下.xlsx
shaanxi_start3|g5-lower|r053|year,shaanxi_start3,5年级下,5,下,53,year,year,,,n. 年;年度;历年;年纪;一年的期间;某年级的学生,陕西版三年级起点五年级下.xlsx
shaanxi_start3|g5-lower|r054|each,shaanxi_start3,5年级下,5,下,54,each,each,,,adj. 每;各自的 pron. 每个;各自 adv. 每个;各自,陕西版三年级起点五年级下.xlsx
shaanxi_start3|g5-lower|r055|month,shaanxi_start3,5年级下,5,下,55,month,month,,,"n. 月,一个月的时间",陕西版三年级起点五年级下.xlsx
shaanxi_start3|g5-lower|r056|first,shaanxi_start3,5年级下,5,下,56,first,first,,,num. 第一 n. 第一;开始;冠军 adj. 第一的;基本的;最早的 adv. 第一;首先;优先;宁愿,陕西版三年级起点五年级下.xlsx
shaanxi_start3|g5-lower|r057|second,shaanxi_start3,5年级下,5,下,57,second,second,,,num. 第二 n. 秒;第二名;瞬间;二等品 adj. 第二的;次要的;附加的 vt. 支持 adv. 第二;其次;居第二位,陕西版三年级起点五年级下.xlsx
shaanxi_start3|g5-lower|r058|third,shaanxi_start3,5年级下,5,下,58,third,third,,,num. 第三;三分之一 adj. 第三的;三分之一的,陕西版三年级起点五年级下.xlsx
shaanxi_start3|g5-lower|r059|fourth,shaanxi_start3,5年级下,5,下,59,fourth,fourth,,,"num. 第四 n. 第四,月的第四日;四分之一 adj. 第四的,第四个的;四分之一的",陕西版三年级起点五年级下.xlsx
shaanxi_start3|g5-lower|r060|fifth,shaanxi_start3,5年级下,5,下,60,fifth,fifth,,,num. 第五 n. 第五;五分之一 adj. 第五的;五分之一的,陕西版三年级起点五年级下.xlsx
shaanxi_start3|g5-lower|r061|eighth,shaanxi_start3,5年级下,5,下,61,eighth,eighth,,,num. 第八;八分之一 adj. 第八的;八分之一的,陕西版三年级起点五年级下.xlsx
shaanxi_start3|g5-lower|r062|ninth,shaanxi_start3,5年级下,5,下,62,ninth,ninth,,,num. 第九 adj. 第九的;九分之一的 n. 九分之一,陕西版三年级起点五年级下.xlsx
shaanxi_start3|g5-lower|r063|twelfth,shaanxi_start3,5年级下,5,下,63,twelfth,twelfth,,,"n. 第十二;月的第十二日 adj. 第十二的,第十二个的;十二分之一的",陕西版三年级起点五年级下.xlsx
shaanxi_start3|g5-lower|r064|twentieth,shaanxi_start3,5年级下,5,下,64,twentieth,twentieth,,,n. 二十分之一 num. 第二十 adj. 第二十的;二十分之一的,陕西版三年级起点五年级下.xlsx
shaanxi_start3|g5-lower|r065|twenty-fifth,shaanxi_start3,5年级下,5,下,65,twenty-fifth,twenty-fifth,,,第二十五,陕西版三年级起点五年级下.xlsx
shaanxi_start3|g5-lower|r066|village,shaanxi_start3,5年级下,5,下,66,village,village,,,n. 村庄;村民;(动物的)群落,陕西版三年级起点五年级下.xlsx
shaanxi_start3|g5-lower|r067|bird,shaanxi_start3,5年级下,5,下,67,bird,bird,,,n. 鸟;家伙;羽毛球 vt. 向...喝倒彩;起哄 vi. 猎鸟;观察研究野鸟,陕西版三年级起点五年级下.xlsx
shaanxi_start3|g5-lower|r068|snake,shaanxi_start3,5年级下,5,下,68,snake,snake,,,n. 蛇;阴险的人 vt. 拉(木材等);迂回前进 vi. 迂回前进,陕西版三年级起点五年级下.xlsx
shaanxi_start3|g5-lower|r069|potato,shaanxi_start3,5年级下,5,下,69,potato,potato,,,"n. [作物] 土豆,[作物] 马铃薯",陕西版三年级起点五年级下.xlsx
shaanxi_start3|g5-lower|r070|tomato,shaanxi_start3,5年级下,5,下,70,tomato,tomato,,,"n. 番茄,西红柿",陕西版三年级起点五年级下.xlsx
shaanxi_start3|g5-lower|r071|river,shaanxi_start3,5年级下,5,下,71,river,river,,,"n. 河,江",陕西版三年级起点五年级下.xlsx
shaanxi_start3|g5-lower|r072|lake,shaanxi_start3,5年级下,5,下,72,lake,lake,,,n. 湖;深红色颜料;胭脂红 vt. (使)血球溶解 vi. (使)血球溶解,陕西版三年级起点五年级下.xlsx
shaanxi_start3|g5-lower|r073|kind,shaanxi_start3,5年级下,5,下,73,kind,kind,,,n. 种类;性质 adj. 和蔼的;宽容的;令人感激的,陕西版三年级起点五年级下.xlsx
shaanxi_start3|g5-lower|r074|around,shaanxi_start3,5年级下,5,下,74,around,around,,,prep. 四处;在...周围 adv. 大约;到处;在附近,陕西版三年级起点五年级下.xlsx
shaanxi_start3|g5-lower|r075|sound,shaanxi_start3,5年级下,5,下,75,sound,sound,,,"n. 声音,语音;噪音;海峡;吵闹;听力范围;[医] 探条 adj. 健全的,健康的;合理的;可靠的;有效彻底的 vt. 听(诊);测量,测...深;使发声;试探;宣告 vi. 听起来;发出声音;回响;测深 adv. 彻底地,充分地",陕西版三年级起点五年级下.xlsx
shaanxi_start3|g5-lower|r076|by,shaanxi_start3,5年级下,5,下,76,by,by,,,prep. 通过;被;依据;经由;在附近;在......之前 adv. 通过;经过;附近;[互联网] 白俄罗斯的国家代码顶级域名,陕西版三年级起点五年级下.xlsx
shaanxi_start3|g5-lower|r077|grow,shaanxi_start3,5年级下,5,下,77,grow,grow,,,vi. 发展;生长;渐渐变得... vt. 使生长;种植;扩展,陕西版三年级起点五年级下.xlsx
shaanxi_start3|g5-lower|r078|other,shaanxi_start3,5年级下,5,下,78,other,other,,,"adj. 其他的,另外的 pron. 另外一个",陕西版三年级起点五年级下.xlsx
shaanxi_start3|g5-lower|r079|wild,shaanxi_start3,5年级下,5,下,79,wild,wild,,,n. 荒野 adj. 野生的;野蛮的;狂热的;荒凉的 adv. 疯狂地;胡乱地,陕西版三年级起点五年级下.xlsx
shaanxi_start3|g5-lower|r080|even,shaanxi_start3,5年级下,5,下,80,even,even,,,adj. [数] 偶数的;平坦的;相等的 adv. 甚至;即使;还;实际上 vt. 使平坦;使相等 vi. 变平;变得可比较;成为相等,陕西版三年级起点五年级下.xlsx
shaanxi_start3|g5-lower|r081|happily,shaanxi_start3,5年级下,5,下,81,happily,happily,,,adv. 快乐地;幸福地;幸运地;恰当地,陕西版三年级起点五年级下.xlsx
shaanxi_start3|g5-lower|r082|weather,shaanxi_start3,5年级下,5,下,82,weather,weather,,,n. 天气;气象;气候;处境 vt. 经受住;使风化;侵蚀;使受风吹雨打 adj. 露天的;迎风的 vi. 风化;受侵蚀;经受风雨,陕西版三年级起点五年级下.xlsx
shaanxi_start3|g5-lower|r083|weather report,shaanxi_start3,5年级下,5,下,83,weather report,weather report,,,na. 气象通报;天气预报,陕西版三年级起点五年级下.xlsx
shaanxi_start3|g5-lower|r084|sunny,shaanxi_start3,5年级下,5,下,84,sunny,sunny,,,"adj. 阳光充足的,和煦的;快活的;性情开朗的",陕西版三年级起点五年级下.xlsx
shaanxi_start3|g5-lower|r085|windy,shaanxi_start3,5年级下,5,下,85,windy,windy,,,"adj. 多风的,有风的;腹胀的;吹牛的",陕西版三年级起点五年级下.xlsx
shaanxi_start3|g5-lower|r086|cloudy,shaanxi_start3,5年级下,5,下,86,cloudy,cloudy,,,adj. 多云的;阴天的;愁容满面的,陕西版三年级起点五年级下.xlsx
shaanxi_start3|g5-lower|r087|rainy,shaanxi_start3,5年级下,5,下,87,rainy,rainy,,,adj. 下雨的;多雨的,陕西版三年级起点五年级下.xlsx
shaanxi_start3|g5-lower|r088|snowy,shaanxi_start3,5年级下,5,下,88,snowy,snowy,,,"adj. 下雪的,多雪的;被雪覆盖的;洁白无瑕的",陕西版三年级起点五年级下.xlsx
shaanxi_start3|g5-lower|r089|moon,shaanxi_start3,5年级下,5,下,89,moon,moon,,,n. 月亮;月球;月光;卫星 vi. 闲荡;出神 vt. 虚度,陕西版三年级起点五年级下.xlsx
shaanxi_start3|g5-lower|r090|star,shaanxi_start3,5年级下,5,下,90,star,star,,,"n. 星,恒星;明星;星形物 adj. 明星的,主角的;星形的 vt. 用星号标于;由...主演,由...担任主角 vi. 担任主角",陕西版三年级起点五年级下.xlsx
shaanxi_start3|g5-lower|r091|see you,shaanxi_start3,5年级下,5,下,91,see you,see you,,,再见;回头见;回见,陕西版三年级起点五年级下.xlsx
shaanxi_start3|g5-lower|r092|fine,shaanxi_start3,5年级下,5,下,92,fine,fine,,,"n. 罚款 adj. 好的;优良的;细小的,精美的;健康的;晴朗的 vt. 罚款;澄清 adv. 很好地;精巧地",陕西版三年级起点五年级下.xlsx
shaanxi_start3|g5-lower|r093|say,shaanxi_start3,5年级下,5,下,93,say,say,,,vt. 讲;说明;例如;声称;假设;指明 vi. 讲;表示;念;假定;背诵,陕西版三年级起点五年级下.xlsx
shaanxi_start3|g5-lower|r094|will,shaanxi_start3,5年级下,5,下,94,will,will,,,n. 意志;决心;情感;遗嘱;意图;心愿 vt. 决心要;遗赠;用意志力使 vi. 愿意;下决心 aux. 将;愿意;必须,陕西版三年级起点五年级下.xlsx
shaanxi_start3|g5-lower|r095|holiday,shaanxi_start3,5年级下,5,下,95,holiday,holiday,,,n. 假日;节日;休息日 vi. 外出度假,陕西版三年级起点五年级下.xlsx
shaanxi_start3|g5-lower|r096|next,shaanxi_start3,5年级下,5,下,96,next,next,,,adv. 然后;下次;其次 adj. 下一个的;其次的;贴近的 n. 下一个 prep. 靠近;居于...之后,陕西版三年级起点五年级下.xlsx
shaanxi_start3|g5-lower|r097|travel,shaanxi_start3,5年级下,5,下,97,travel,travel,,,n. 旅行;游历;漫游 vt. 经过;在...旅行 vi. 旅行;行进;步行;交往,陕西版三年级起点五年级下.xlsx
shaanxi_start3|g5-lower|r098|enjoy,shaanxi_start3,5年级下,5,下,98,enjoy,enjoy,,,"vt. 欣赏,享受;喜爱;使过得快活",陕西版三年级起点五年级下.xlsx
shaanxi_start3|g5-lower|r099|place of interest,shaanxi_start3,5年级下,5,下,99,place of interest,place of interest,,,na. 名胜,陕西版三年级起点五年级下.xlsx
shaanxi_start3|g5-lower|r100|the palace museum,shaanxi_start3,5年级下,5,下,100,the Palace Museum,the palace museum,,,故宫博物院;故宫博物馆;北京故宫,陕西版三年级起点五年级下.xlsx
shaanxi_start3|g5-lower|r101|the great wall,shaanxi_start3,5年级下,5,下,101,the Great Wall,the great wall,,,长城;万里长城;中国万里长城,陕西版三年级起点五年级下.xlsx
shaanxi_start3|g5-lower|r102|the west lake,shaanxi_start3,5年级下,5,下,102,the West Lake,the west lake,,,西湖;杭州西湖;新西湖,陕西版三年级起点五年级下.xlsx
shaanxi_start3|g5-lower|r103|may day,shaanxi_start3,5年级下,5,下,103,May Day,may day,,,n. 【节】五一(国际)劳动节,陕西版三年级起点五年级下.xlsx
shaanxi_start3|g5-lower|r104|large,shaanxi_start3,5年级下,5,下,104,large,large,,,adj. 大的;多数的;广博的 adv. 大大地;夸大地 n. 大,陕西版三年级起点五年级下.xlsx
shaanxi_start3|g5-lower|r105|all,shaanxi_start3,5年级下,5,下,105,all,all,,,n. 全部 adj. 全部的 adv. 全然地;越发 pron. 全部,陕西版三年级起点五年级下.xlsx
shaanxi_start3|g5-lower|r106|wonderful,shaanxi_start3,5年级下,5,下,106,wonderful,wonderful,,,"adj. 极好的,精彩的,绝妙的;奇妙的;美妙;胜;神妙",陕西版三年级起点五年级下.xlsx
shaanxi_start3|g5-lower|r107|slow,shaanxi_start3,5年级下,5,下,107,slow,slow,,,adj. 慢的;减速的;迟钝的 vt. 放慢;阻碍 vi. 变慢;变萧条 adv. 慢慢地;迟缓地,陕西版三年级起点五年级下.xlsx
shaanxi_start3|g5-lower|r108|headache,shaanxi_start3,5年级下,5,下,108,headache,headache,,,n. 头痛;麻烦;令人头痛之事,陕西版三年级起点五年级下.xlsx
shaanxi_start3|g5-lower|r109|cold,shaanxi_start3,5年级下,5,下,109,cold,cold,,,"n. 寒冷;感冒 adj. 寒冷的;冷淡的,不热情的;失去知觉的 adv. 完全地",陕西版三年级起点五年级下.xlsx
shaanxi_start3|g5-lower|r110|cough,shaanxi_start3,5年级下,5,下,110,cough,cough,,,"n. 咳嗽,咳嗽声;咳嗽病 vt. 咳出 vi. 咳嗽",陕西版三年级起点五年级下.xlsx
shaanxi_start3|g5-lower|r111|fever,shaanxi_start3,5年级下,5,下,111,fever,fever,,,"n. 发烧,发热;狂热 vt. 使发烧;使狂热;使患热病 vi. 发烧;狂热;患热病",陕西版三年级起点五年级下.xlsx
shaanxi_start3|g5-lower|r112|toothache,shaanxi_start3,5年级下,5,下,112,toothache,toothache,,,n. [口腔] 牙痛,陕西版三年级起点五年级下.xlsx
shaanxi_start3|g5-lower|r113|stomachache,shaanxi_start3,5年级下,5,下,113,stomachache,stomachache,,,"n. 腹痛,肚子痛;胃痛",陕西版三年级起点五年级下.xlsx
shaanxi_start3|g5-lower|r114|see a doctor,shaanxi_start3,5年级下,5,下,114,see a doctor,see a doctor,,,na. 去就医;去看医生,陕西版三年级起点五年级下.xlsx
shaanxi_start3|g5-lower|r115|bad,shaanxi_start3,5年级下,5,下,115,bad,bad,,,"n. 坏事;坏人 adj. 坏的;严重的;劣质的 adv. 很,非常;坏地;邪恶地",陕西版三年级起点五年级下.xlsx
shaanxi_start3|g5-lower|r116|wrong,shaanxi_start3,5年级下,5,下,116,wrong,wrong,,,"n. 坏事;不公正 adj. 错误的;失常的;不适当的 vt. 委屈;无理地对待;诽谤 adv. 错误地;邪恶地,不正当地",陕西版三年级起点五年级下.xlsx
shaanxi_start3|g5-lower|r117|ill,shaanxi_start3,5年级下,5,下,117,ill,ill,,,n. 疾病;不幸 adj. 生病的;坏的;邪恶的;不吉利的 adv. 不利地;恶劣地;几乎不,陕西版三年级起点五年级下.xlsx
shaanxi_start3|g5-lower|r118|just,shaanxi_start3,5年级下,5,下,118,just,just,,,"adv. 只是,仅仅;刚才,刚刚;正好,恰好;实在;刚要 adj. 公正的,合理的;正直的,正义的;正确的;公平的;应得的",陕西版三年级起点五年级下.xlsx
shaanxi_start3|g5-lower|r119|stay,shaanxi_start3,5年级下,5,下,119,stay,stay,,,n. 逗留;停止;支柱 vi. 停留;坚持;暂住;停下 vt. 坚持;暂住;抑制,陕西版三年级起点五年级下.xlsx
shaanxi_start3|g5-lower|r120|call,shaanxi_start3,5年级下,5,下,120,call,call,,,n. 电话;呼叫;要求;访问 vi. 呼叫;拜访;叫牌 vt. 呼叫;称呼;召集,陕西版三年级起点五年级下.xlsx
shaanxi_start3|g5-lower|r121|lesson,shaanxi_start3,5年级下,5,下,121,lesson,lesson,,,n. 教训;课 vt. 教训;上课,陕西版三年级起点五年级下.xlsx
shaanxi_start3|g5-lower|r122|worry,shaanxi_start3,5年级下,5,下,122,worry,worry,,,n. 担心;烦恼;撕咬 vi. 担心;烦恼;撕咬 vt. 担心;发愁;折磨,陕西版三年级起点五年级下.xlsx
shaanxi_start3|g5-lower|r123|well,shaanxi_start3,5年级下,5,下,123,well,well,,,n. 井;源泉 adj. 良好的;健康的;适宜的 adv. 很好地;充分地;满意地;适当地 v. 涌出,陕西版三年级起点五年级下.xlsx
shaanxi_start3|g5-lower|r124|rest,shaanxi_start3,5年级下,5,下,124,rest,rest,,,"n. 休息,静止;休息时间;剩余部分;支架 vt. 使休息,使轻松;把...寄托于 vi. 休息;静止;依赖;安置",陕西版三年级起点五年级下.xlsx
shaanxi_start3|g5-lower|r125|habit,shaanxi_start3,5年级下,5,下,125,habit,habit,,,"n. 习惯,习性;嗜好 vt. 使穿衣",陕西版三年级起点五年级下.xlsx
shaanxi_start3|g5-lower|r126|litter,shaanxi_start3,5年级下,5,下,126,litter,litter,,,"n. 垃圾;轿,担架;一窝(动物的幼崽);凌乱 vt. 乱丢;给...垫褥草;把...弄得乱七八糟 vi. 产仔;乱扔废弃物",陕西版三年级起点五年级下.xlsx
shaanxi_start3|g5-lower|r127|loudly,shaanxi_start3,5年级下,5,下,127,loudly,loudly,,,"adv. 大声地,响亮地",陕西版三年级起点五年级下.xlsx
shaanxi_start3|g5-lower|r128|full,shaanxi_start3,5年级下,5,下,128,full,full,,,"n. 全部;完整 adj. 完全的,完整的;满的,充满的;丰富的;完美的;丰满的;详尽的 vt. 把衣服缝得宽大 adv. 十分,非常;完全地;整整",陕西版三年级起点五年级下.xlsx
shaanxi_start3|g5-lower|r129|noise,shaanxi_start3,5年级下,5,下,129,noise,noise,,,n. [环境] 噪音;响声;杂音 vt. 谣传 vi. 发出声音;大声议论,陕西版三年级起点五年级下.xlsx
shaanxi_start3|g5-lower|r130|keep,shaanxi_start3,5年级下,5,下,130,keep,keep,,,vt. 保持;经营;遵守;饲养 vi. 保持;继续不断 n. 保持;生计;生活费,陕西版三年级起点五年级下.xlsx
shaanxi_start3|g5-lower|r131|quiet,shaanxi_start3,5年级下,5,下,131,quiet,quiet,,,n. 安静;和平 adj. 安静的;安定的;不动的;温顺的 vt. 使平息;安慰 vi. 平静下来,陕西版三年级起点五年级下.xlsx
shaanxi_start3|g5-lower|r132|wait in line,shaanxi_start3,5年级下,5,下,132,wait in line,wait in line,,,v. 排队等待,陕西版三年级起点五年级下.xlsx
shaanxi_start3|g5-lower|r133|lie,shaanxi_start3,5年级下,5,下,133,lie,lie,,,vi. 躺;说谎;位于;展现 vt. 谎骗 n. 谎言;位置,陕西版三年级起点五年级下.xlsx
shaanxi_start3|g5-lower|r134|care,shaanxi_start3,5年级下,5,下,134,care,care,,,n. 关怀;照料;谨慎;忧虑 vt. 在意;希望或喜欢 vi. 照顾;关心;喜爱;顾虑,陕西版三年级起点五年级下.xlsx
shaanxi_start3|g5-lower|r135|take care of,shaanxi_start3,5年级下,5,下,135,take care of,take care of,,,na. 照看;处理;清除,陕西版三年级起点五年级下.xlsx
shaanxi_start3|g5-lower|r136|read in bed,shaanxi_start3,5年级下,5,下,136,read in bed,read in bed,,,无,陕西版三年级起点五年级下.xlsx
shaanxi_start3|g5-lower|r137|close,shaanxi_start3,5年级下,5,下,137,close,close,,,n. 结束 adj. 紧密的;亲密的;亲近的 vt. 关;结束;使靠近 vi. 关;结束;关闭 adv. 紧密地,陕西版三年级起点五年级下.xlsx
shaanxi_start3|g6-upper|r001|violin,shaanxi_start3,6年级上,6,上,1,violin,violin,,,n. 小提琴;小提琴手,陕西版三年级起点六年级上.xlsx
shaanxi_start3|g6-upper|r002|play the violin,shaanxi_start3,6年级上,6,上,2,play the violin,play the violin,,,拉小提琴;弹小提琴;演奏小提琴,陕西版三年级起点六年级上.xlsx
shaanxi_start3|g6-upper|r003|do eye exercises,shaanxi_start3,6年级上,6,上,3,do eye exercises,do eye exercises,,,无,陕西版三年级起点六年级上.xlsx
shaanxi_start3|g6-upper|r004|play sports,shaanxi_start3,6年级上,6,上,4,play sports,play sports,,,做运动;进行体育运动;进行体育活动,陕西版三年级起点六年级上.xlsx
shaanxi_start3|g6-upper|r005|learn,shaanxi_start3,6年级上,6,上,5,learn,learn,,,vt. 学习;得知;认识到 vi. 学习;获悉,陕西版三年级起点六年级上.xlsx
shaanxi_start3|g6-upper|r006|learn english,shaanxi_start3,6年级上,6,上,6,learn English,learn english,,,na. 学英语,陕西版三年级起点六年级上.xlsx
shaanxi_start3|g6-upper|r007|have a rest,shaanxi_start3,6年级上,6,上,7,have a rest,have a rest,,,v. 休息一下,陕西版三年级起点六年级上.xlsx
shaanxi_start3|g6-upper|r008|take out the book,shaanxi_start3,6年级上,6,上,8,take out the book,take out the book,,,无,陕西版三年级起点六年级上.xlsx
shaanxi_start3|g6-upper|r009|matter,shaanxi_start3,6年级上,6,上,9,matter,matter,,,n. 物质;事件 vi. 有关系;要紧,陕西版三年级起点六年级上.xlsx
shaanxi_start3|g6-upper|r010|afraid,shaanxi_start3,6年级上,6,上,10,afraid,afraid,,,adj. 害怕的;恐怕;担心的,陕西版三年级起点六年级上.xlsx
shaanxi_start3|g6-upper|r011|right now,shaanxi_start3,6年级上,6,上,11,right now,right now,,,na. 目前;方才,陕西版三年级起点六年级上.xlsx
shaanxi_start3|g6-upper|r012|always,shaanxi_start3,6年级上,6,上,12,always,always,,,"adv. 永远,一直;总是;常常",陕西版三年级起点六年级上.xlsx
shaanxi_start3|g6-upper|r013|half,shaanxi_start3,6年级上,6,上,13,half,half,,,n. 一半;半场;半学年 adj. 一半的;不完全的;半途的 adv. 一半地;部分地,陕西版三年级起点六年级上.xlsx
shaanxi_start3|g6-upper|r014|past,shaanxi_start3,6年级上,6,上,14,past,past,,,n. 过去;往事 prep. 越过;晚于 adj. 过去的;结束的 adv. 过;经过,陕西版三年级起点六年级上.xlsx
shaanxi_start3|g6-upper|r015|brush,shaanxi_start3,6年级上,6,上,15,brush,brush,,,n. 刷子;画笔;毛笔;争吵;与某人有效冲突;灌木丛地带;矮树丛;狐狸尾巴 vi. 刷;擦过;掠过;(经过时)轻触 vt. 刷;画;,陕西版三年级起点六年级上.xlsx
shaanxi_start3|g6-upper|r016|tooth,shaanxi_start3,6年级上,6,上,16,tooth,tooth,,,n. 牙齿 vt. 给......装齿 vi. 啮合,陕西版三年级起点六年级上.xlsx
shaanxi_start3|g6-upper|r017|usually,shaanxi_start3,6年级上,6,上,17,usually,usually,,,"adv. 通常,经常",陕西版三年级起点六年级上.xlsx
shaanxi_start3|g6-upper|r018|hour,shaanxi_start3,6年级上,6,上,18,hour,hour,,,n. 小时;钟头;课时;...点钟,陕西版三年级起点六年级上.xlsx
shaanxi_start3|g6-upper|r019|healthy,shaanxi_start3,6年级上,6,上,19,healthy,healthy,,,"adj. 健康的,健全的;有益于健康的",陕西版三年级起点六年级上.xlsx
shaanxi_start3|g6-upper|r020|walk,shaanxi_start3,6年级上,6,上,20,walk,walk,,,"n. 步行,走;散步 vi. 走,步行;散步 vt. 散步;走过",陕西版三年级起点六年级上.xlsx
shaanxi_start3|g6-upper|r021|take a walk,shaanxi_start3,6年级上,6,上,21,take a walk,take a walk,,,na. 散步,陕西版三年级起点六年级上.xlsx
shaanxi_start3|g6-upper|r022|play ping-pong,shaanxi_start3,6年级上,6,上,22,play ping-pong,play ping-pong,,,打乒乓球,陕西版三年级起点六年级上.xlsx
shaanxi_start3|g6-upper|r023|play tennis,shaanxi_start3,6年级上,6,上,23,play tennis,play tennis,,,打网球;玩网球;打球,陕西版三年级起点六年级上.xlsx
shaanxi_start3|g6-upper|r024|boat,shaanxi_start3,6年级上,6,上,24,boat,boat,,,n. 小船;轮船 vi. 划船,陕西版三年级起点六年级上.xlsx
shaanxi_start3|g6-upper|r025|go boating,shaanxi_start3,6年级上,6,上,25,go boating,go boating,,,na. 乘船〔尤指划船〕游玩,陕西版三年级起点六年级上.xlsx
shaanxi_start3|g6-upper|r026|go skating,shaanxi_start3,6年级上,6,上,26,go skating,go skating,,,去滑冰;去溜冰;滑雪,陕西版三年级起点六年级上.xlsx
shaanxi_start3|g6-upper|r027|go shopping,shaanxi_start3,6年级上,6,上,27,go shopping,go shopping,,,na. 去买东西,陕西版三年级起点六年级上.xlsx
shaanxi_start3|g6-upper|r028|a lot of,shaanxi_start3,6年级上,6,上,28,a lot of,a lot of,,,det. 许多,陕西版三年级起点六年级上.xlsx
shaanxi_start3|g6-upper|r029|how often,shaanxi_start3,6年级上,6,上,29,how often,how often,,,conj. 多长时间一次,陕西版三年级起点六年级上.xlsx
shaanxi_start3|g6-upper|r030|twice,shaanxi_start3,6年级上,6,上,30,twice,twice,,,adv. 两次;两倍,陕西版三年级起点六年级上.xlsx
shaanxi_start3|g6-upper|r031|once,shaanxi_start3,6年级上,6,上,31,once,once,,,"adv. 一次;曾经 conj. 一旦 n. 一次,一回",陕西版三年级起点六年级上.xlsx
shaanxi_start3|g6-upper|r032|study,shaanxi_start3,6年级上,6,上,32,study,study,,,"n. 学习,研究;课题;书房;学问 vt. 学习;考虑;攻读;细察 vi. 研究;用功",陕西版三年级起点六年级上.xlsx
shaanxi_start3|g6-upper|r033|do well in,shaanxi_start3,6年级上,6,上,33,do well in,do well in,,,擅长;在......方面做得好;在......干得好,陕西版三年级起点六年级上.xlsx
shaanxi_start3|g6-upper|r034|care for,shaanxi_start3,6年级上,6,上,34,care for,care for,,,v. 照顾;关心;喜欢,陕西版三年级起点六年级上.xlsx
shaanxi_start3|g6-upper|r035|earth,shaanxi_start3,6年级上,6,上,35,earth,earth,,,"n. 地球;地表,陆地;土地,土壤;尘事,俗事;兽穴 vt. 把(电线)[电] 接地;盖(土);追赶入洞穴 vi. 躲进地洞",陕西版三年级起点六年级上.xlsx
shaanxi_start3|g6-upper|r036|pick,shaanxi_start3,6年级上,6,上,36,pick,pick,,,n. 选择;鹤嘴锄;挖;掩护 vi. 挑选;采摘;挖 vt. 拾取;精选;采摘;掘,陕西版三年级起点六年级上.xlsx
shaanxi_start3|g6-upper|r037|pick flowers,shaanxi_start3,6年级上,6,上,37,pick flowers,pick flowers,,,摘花;采花;攀折花木,陕西版三年级起点六年级上.xlsx
shaanxi_start3|g6-upper|r038|cut down,shaanxi_start3,6年级上,6,上,38,cut down,cut down,,,na. 砍倒;削减;减价;夺去...活动力,陕西版三年级起点六年级上.xlsx
shaanxi_start3|g6-upper|r039|dirty,shaanxi_start3,6年级上,6,上,39,dirty,dirty,,,"adj. 下流的,卑鄙的;肮脏的;恶劣的;暗淡的 vt. 弄脏 vi. 变脏",陕西版三年级起点六年级上.xlsx
shaanxi_start3|g6-upper|r040|make the air dirty,shaanxi_start3,6年级上,6,上,40,make the air dirty,make the air dirty,,,无,陕西版三年级起点六年级上.xlsx
shaanxi_start3|g6-upper|r041|waste,shaanxi_start3,6年级上,6,上,41,waste,waste,,,n. 浪费;废物;荒地;损耗;地面风化物 adj. 废弃的;多余的;荒芜的 vt. 浪费;消耗;使荒芜 vi. 浪费;变消瘦;挥霍钱财,陕西版三年级起点六年级上.xlsx
shaanxi_start3|g6-upper|r042|drive,shaanxi_start3,6年级上,6,上,42,drive,drive,,,"n. 驱动器;驾车;[心理] 内驱力,推进力;快车道 vi. 开车;猛击;飞跑 vt. 推动,发动(机器等);驾驶(马车,汽车等);驱赶",陕西版三年级起点六年级上.xlsx
shaanxi_start3|g6-upper|r043|drive a car,shaanxi_start3,6年级上,6,上,43,drive a car,drive a car,,,开车;开小汽车;开汽车,陕西版三年级起点六年级上.xlsx
shaanxi_start3|g6-upper|r044|more,shaanxi_start3,6年级上,6,上,44,more,more,,,adv. 更多;此外;更大程度地 adj. 更多的;附加的 pron. 更多的数量 n. 更多,陕西版三年级起点六年级上.xlsx
shaanxi_start3|g6-upper|r045|have to,shaanxi_start3,6年级上,6,上,45,have to,have to,,,modalv. 不得不;必须;劝告或建议时用;表示一定真实或肯定发生 v. 不得不;必须;一定;应当,陕西版三年级起点六年级上.xlsx
shaanxi_start3|g6-upper|r046|world car free day,shaanxi_start3,6年级上,6,上,46,World Car Free Day,world car free day,,,无,陕西版三年级起点六年级上.xlsx
shaanxi_start3|g6-upper|r047|something,shaanxi_start3,6年级上,6,上,47,something,something,,,n. 重要的人;值得重视的事 adj. 大约;有点象 adv. 非常;有点;大约 pron. 某事;某物,陕西版三年级起点六年级上.xlsx
shaanxi_start3|g6-upper|r048|think,shaanxi_start3,6年级上,6,上,48,think,think,,,n. 想;想法 adj. 思想的 vi. 想;认为 vt. 想;认为;想起;想像;打算,陕西版三年级起点六年级上.xlsx
shaanxi_start3|g6-upper|r049|also,shaanxi_start3,6年级上,6,上,49,also,also,,,conj. 并且;另外 adv. 也;而且;同样,陕西版三年级起点六年级上.xlsx
shaanxi_start3|g6-upper|r050|thing,shaanxi_start3,6年级上,6,上,50,thing,thing,,,n. 事情;东西;事物;情况,陕西版三年级起点六年级上.xlsx
shaanxi_start3|g6-upper|r051|only,shaanxi_start3,6年级上,6,上,51,only,only,,,"adv. 只,仅仅;不料 adj. 唯一的,仅有的;最合适的 conj. 但是;不过;可是",陕西版三年级起点六年级上.xlsx
shaanxi_start3|g6-upper|r052|picnic,shaanxi_start3,6年级上,6,上,52,picnic,picnic,,,n. 野餐 vi. 去野餐,陕西版三年级起点六年级上.xlsx
shaanxi_start3|g6-upper|r053|go on a picnic,shaanxi_start3,6年级上,6,上,53,go on a picnic,go on a picnic,,,去野餐;去野炊;搞野餐,陕西版三年级起点六年级上.xlsx
shaanxi_start3|g6-upper|r054|take out of,shaanxi_start3,6年级上,6,上,54,take out of,take out of,,,na. 除去;要赔偿;报仇,陕西版三年级起点六年级上.xlsx
shaanxi_start3|g6-upper|r055|put,shaanxi_start3,6年级上,6,上,55,put,put,,,n. 掷;笨蛋;投击;怪人 adj. 固定不动的 vi. 出发;击;航行;发芽 vt. 放;表达;移动;安置;赋予,陕西版三年级起点六年级上.xlsx
shaanxi_start3|g6-upper|r056|put into,shaanxi_start3,6年级上,6,上,56,put into,put into,,,na. 插入;注入;(船)入港,陕西版三年级起点六年级上.xlsx
shaanxi_start3|g6-upper|r057|get to,shaanxi_start3,6年级上,6,上,57,get to,get to,,,na. 接触到;开始;〈美口〉收买,陕西版三年级起点六年级上.xlsx
shaanxi_start3|g6-upper|r058|meet at the gate,shaanxi_start3,6年级上,6,上,58,meet at the gate,meet at the gate,,,无,陕西版三年级起点六年级上.xlsx
shaanxi_start3|g6-upper|r059|free,shaanxi_start3,6年级上,6,上,59,free,free,,,"adj. 免费的;自由的,不受约束的;[化学] 游离的 vt. 使自由,解放;释放 adv. 自由地;免费",陕西版三年级起点六年级上.xlsx
shaanxi_start3|g6-upper|r060|shall,shaanxi_start3,6年级上,6,上,60,shall,shall,,,aux. 应;会;将;必须,陕西版三年级起点六年级上.xlsx
shaanxi_start3|g6-upper|r061|or,shaanxi_start3,6年级上,6,上,61,or,or,,,"conj. 或,或者;还是",陕西版三年级起点六年级上.xlsx
shaanxi_start3|g6-upper|r062|basket,shaanxi_start3,6年级上,6,上,62,basket,basket,,,n. 篮子;(篮球比赛的)得分;一篮之量;篮筐 vt. 装入篮,陕西版三年级起点六年级上.xlsx
shaanxi_start3|g6-upper|r063|ask,shaanxi_start3,6年级上,6,上,63,ask,ask,,,"vt. 问,询问;要求;需要;邀请;讨价 vi. 问,询问;要求",陕西版三年级起点六年级上.xlsx
shaanxi_start3|g6-upper|r064|hungry,shaanxi_start3,6年级上,6,上,64,hungry,hungry,,,adj. 饥饿的;渴望的;荒年的;不毛的,陕西版三年级起点六年级上.xlsx
shaanxi_start3|g6-upper|r065|start,shaanxi_start3,6年级上,6,上,65,start,start,,,n. 开始;起点 vt. 开始;启动 vi. 出发,陕西版三年级起点六年级上.xlsx
shaanxi_start3|g6-upper|r066|answer,shaanxi_start3,6年级上,6,上,66,answer,answer,,,n. 回答;答案;答辩 vt. 回答;符合 vi. 回答;符合,陕西版三年级起点六年级上.xlsx
shaanxi_start3|g6-upper|r067|excited,shaanxi_start3,6年级上,6,上,67,excited,excited,,,v. 激动;唤起(excite的过去分词) adj. 兴奋的;激动的;活跃的,陕西版三年级起点六年级上.xlsx
shaanxi_start3|g6-upper|r068|just now,shaanxi_start3,6年级上,6,上,68,just now,just now,,,na. 刚才;正在,陕西版三年级起点六年级上.xlsx
shaanxi_start3|g6-upper|r069|scarf,shaanxi_start3,6年级上,6,上,69,scarf,scarf,,,"n. 围巾;嵌接,嵌接处;头巾领巾 vt. 披嵌接;用围巾围",陕西版三年级起点六年级上.xlsx
shaanxi_start3|g6-upper|r070|wallet,shaanxi_start3,6年级上,6,上,70,wallet,wallet,,,"n. 钱包,皮夹",陕西版三年级起点六年级上.xlsx
shaanxi_start3|g6-upper|r071|sunglasses,shaanxi_start3,6年级上,6,上,71,sunglasses,sunglasses,,,n. 太阳镜;凸透镜(sunglass的复数),陕西版三年级起点六年级上.xlsx
shaanxi_start3|g6-upper|r072|gloves,shaanxi_start3,6年级上,6,上,72,gloves,gloves,,,n. [服装] 手套(glove的复数) v. 给...戴手套(glove的三单形式),陕西版三年级起点六年级上.xlsx
shaanxi_start3|g6-upper|r073|warm jacket,shaanxi_start3,6年级上,6,上,73,warm jacket,warm jacket,,,外套;保暖外套,陕西版三年级起点六年级上.xlsx
shaanxi_start3|g6-upper|r074|rain boots,shaanxi_start3,6年级上,6,上,74,rain boots,rain boots,,,un. 雨鞋,陕西版三年级起点六年级上.xlsx
shaanxi_start3|g6-upper|r075|school bag,shaanxi_start3,6年级上,6,上,75,school bag,school bag,,,na. 书包,陕西版三年级起点六年级上.xlsx
shaanxi_start3|g6-upper|r076|heavy,shaanxi_start3,6年级上,6,上,76,heavy,heavy,,,"n. 重物;严肃角色 adj. 沉重的;繁重的,巨大的;拥挤的;阴沉的 adv. 大量地;笨重地",陕西版三年级起点六年级上.xlsx
shaanxi_start3|g6-upper|r077|last,shaanxi_start3,6年级上,6,上,77,last,last,,,"n. 末尾,最后;上个;鞋楦(做鞋的模型) adj. 最后的;最近的,最新的;仅剩的;最不可能...的 vi. 持续;维持,够用;持久 vt. 度过,拖过;使维持 adv. 最后地;上次,最近;最后一点",陕西版三年级起点六年级上.xlsx
shaanxi_start3|g6-upper|r078|still,shaanxi_start3,6年级上,6,上,78,still,still,,,"conj. 仍然;但是;尽管如此 n. 寂静;剧照;蒸馏室 adj. 静止的,不动的;寂静的,平静的;不起泡的 adv. 仍然;更;静止地 vt. 蒸馏;使...静止;使...平静下来 vi. 静止;平静;蒸馏",陕西版三年级起点六年级上.xlsx
shaanxi_start3|g6-upper|r079|in front of,shaanxi_start3,6年级上,6,上,79,in front of,in front of,,,na. 在...的前面,陕西版三年级起点六年级上.xlsx
shaanxi_start3|g6-upper|r080|yesterday,shaanxi_start3,6年级上,6,上,80,yesterday,yesterday,,,n. 昨天;往昔 adv. 昨天,陕西版三年级起点六年级上.xlsx
shaanxi_start3|g6-upper|r081|lost,shaanxi_start3,6年级上,6,上,81,lost,lost,,,adj. 失去的;丧失的;迷惑的 v. 遗失(lose的过去分词);失败,陕西版三年级起点六年级上.xlsx
shaanxi_start3|g6-upper|r082|ago,shaanxi_start3,6年级上,6,上,82,ago,ago,,,"adj. 以前的;过去的 adv. 以前,以往",陕西版三年级起点六年级上.xlsx
shaanxi_start3|g6-upper|r083|thousand,shaanxi_start3,6年级上,6,上,83,thousand,thousand,,,n. 一千;一千个;许许多多 adj. 成千的;无数的,陕西版三年级起点六年级上.xlsx
shaanxi_start3|g6-upper|r084|show,shaanxi_start3,6年级上,6,上,84,show,show,,,n. 显示;表演;炫耀 vt. 显示;说明;演出;展出 vi. 显示;说明;指示,陕西版三年级起点六年级上.xlsx
shaanxi_start3|g6-upper|r085|watch a show,shaanxi_start3,6年级上,6,上,85,watch a show,watch a show,,,无,陕西版三年级起点六年级上.xlsx
shaanxi_start3|g6-upper|r086|look after,shaanxi_start3,6年级上,6,上,86,look after,look after,,,na. 照看;照顾;看管;对...负责,陕西版三年级起点六年级上.xlsx
shaanxi_start3|g6-upper|r087|housework,shaanxi_start3,6年级上,6,上,87,housework,housework,,,n. 家务事,陕西版三年级起点六年级上.xlsx
shaanxi_start3|g6-upper|r088|do housework,shaanxi_start3,6年级上,6,上,88,do housework,do housework,,,做家务;做家务事;做家务活,陕西版三年级起点六年级上.xlsx
shaanxi_start3|g6-upper|r089|see a friend,shaanxi_start3,6年级上,6,上,89,see a friend,see a friend,,,无,陕西版三年级起点六年级上.xlsx
shaanxi_start3|g6-upper|r090|match,shaanxi_start3,6年级上,6,上,90,match,match,,,"vt. 使比赛;使相配;敌得过,比得上;相配;与...竞争 vi. 比赛;匹配;相配,相称;相比 n. 比赛,竞赛;匹配;对手;火柴",陕西版三年级起点六年级上.xlsx
shaanxi_start3|g6-upper|r091|go away,shaanxi_start3,6年级上,6,上,91,go away,go away,,,na. 离开;带走,陕西版三年级起点六年级上.xlsx
shaanxi_start3|g6-upper|r092|busy,shaanxi_start3,6年级上,6,上,92,busy,busy,,,adj. 忙碌的;热闹的;正被占用的 vt. 使忙于,陕西版三年级起点六年级上.xlsx
shaanxi_start3|g6-upper|r093|work,shaanxi_start3,6年级上,6,上,93,work,work,,,n. 工作;[物] 功;产品;操作;职业;行为;事业;工厂;著作;文学、音乐或艺术作品 vt. 使工作;操作;经营;使缓慢前进 vi. 工作;运作;起作用,陕西版三年级起点六年级上.xlsx
shaanxi_start3|g6-upper|r094|hear,shaanxi_start3,6年级上,6,上,94,hear,hear,,,"vi. 听;听见 vt. 听到,听;听说;审理",陕西版三年级起点六年级上.xlsx
shaanxi_start3|g6-upper|r095|happen,shaanxi_start3,6年级上,6,上,95,happen,happen,,,vi. 发生;碰巧;偶然遇到,陕西版三年级起点六年级上.xlsx
shaanxi_start3|g6-upper|r096|herself,shaanxi_start3,6年级上,6,上,96,herself,herself,,,pron. 她自己(she的反身代词);她亲自,陕西版三年级起点六年级上.xlsx
shaanxi_start3|g6-upper|r097|beach,shaanxi_start3,6年级上,6,上,97,beach,beach,,,n. 海滩;湖滨 vt. 将...拖上岸 vi. 搁浅;定居,陕西版三年级起点六年级上.xlsx
shaanxi_start3|g6-upper|r098|volleyball,shaanxi_start3,6年级上,6,上,98,volleyball,volleyball,,,n. 排球,陕西版三年级起点六年级上.xlsx
shaanxi_start3|g6-upper|r099|play beach volleyball,shaanxi_start3,6年级上,6,上,99,play beach volleyball,play beach volleyball,,,无,陕西版三年级起点六年级上.xlsx
shaanxi_start3|g6-upper|r100|museum,shaanxi_start3,6年级上,6,上,100,museum,museum,,,n. 博物馆,陕西版三年级起点六年级上.xlsx
shaanxi_start3|g6-upper|r101|visit the museum,shaanxi_start3,6年级上,6,上,101,visit the museum,visit the museum,,,无,陕西版三年级起点六年级上.xlsx
shaanxi_start3|g6-upper|r102|buy some gifts,shaanxi_start3,6年级上,6,上,102,buy some gifts,buy some gifts,,,无,陕西版三年级起点六年级上.xlsx
shaanxi_start3|g6-upper|r103|eat sea food,shaanxi_start3,6年级上,6,上,103,eat sea food,eat sea food,,,无,陕西版三年级起点六年级上.xlsx
shaanxi_start3|g6-upper|r104|make a cake,shaanxi_start3,6年级上,6,上,104,make a cake,make a cake,,,做蛋糕;做一个蛋糕;制作蛋糕,陕西版三年级起点六年级上.xlsx
shaanxi_start3|g6-upper|r105|myself,shaanxi_start3,6年级上,6,上,105,myself,myself,,,pron. 我自己;我亲自;我的正常的健康状况和正常情绪,陕西版三年级起点六年级上.xlsx
shaanxi_start3|g6-upper|r106|cousin,shaanxi_start3,6年级上,6,上,106,cousin,cousin,,,n. 堂兄弟姊妹;表兄弟姊妹,陕西版三年级起点六年级上.xlsx
shaanxi_start3|g6-upper|r107|laugh,shaanxi_start3,6年级上,6,上,107,laugh,laugh,,,n. 笑;引人发笑的事或人 vi. 笑 vt. 以笑表示;使...笑得,陕西版三年级起点六年级上.xlsx
shaanxi_start3|g6-upper|r108|cry,shaanxi_start3,6年级上,6,上,108,cry,cry,,,n. 叫喊;叫声;口号;呼叫 vi. 哭;叫;喊 vt. 叫喊;哭出;大声说,陕西版三年级起点六年级上.xlsx
shaanxi_start3|g6-upper|r109|joke,shaanxi_start3,6年级上,6,上,109,joke,joke,,,"n. 玩笑,笑话;笑柄 vt. 开...的玩笑 vi. 开玩笑",陕西版三年级起点六年级上.xlsx
shaanxi_start3|g6-upper|r110|tell a joke,shaanxi_start3,6年级上,6,上,110,tell a joke,tell a joke,,,讲笑话;说笑话;讲个笑话,陕西版三年级起点六年级上.xlsx
shaanxi_start3|g6-upper|r111|act,shaanxi_start3,6年级上,6,上,111,act,act,,,"n. 行为,行动;法令,法案;(戏剧,歌剧的)一幕,段;装腔作势 vt. 扮演;装作,举动像 vi. 行动;扮演,充当;表现,举止;假装,演戏;起作用,见效",陕西版三年级起点六年级上.xlsx
shaanxi_start3|g6-upper|r112|act a play,shaanxi_start3,6年级上,6,上,112,act a play,act a play,,,无,陕西版三年级起点六年级上.xlsx
shaanxi_start3|g6-upper|r113|guitar,shaanxi_start3,6年级上,6,上,113,guitar,guitar,,,"n. 吉他,六弦琴 vi. 弹吉他",陕西版三年级起点六年级上.xlsx
shaanxi_start3|g6-upper|r114|play the guitar,shaanxi_start3,6年级上,6,上,114,play the guitar,play the guitar,,,弹吉他;弹吉它;谈吉他,陕西版三年级起点六年级上.xlsx
shaanxi_start3|g6-upper|r115|win,shaanxi_start3,6年级上,6,上,115,win,win,,,n. 赢;胜利 vt. 赢得;在...中获胜;劝诱 vi. 赢;获胜;成功,陕西版三年级起点六年级上.xlsx
shaanxi_start3|g6-upper|r116|win a gift,shaanxi_start3,6年级上,6,上,116,win a gift,win a gift,,,无,陕西版三年级起点六年级上.xlsx
shaanxi_start3|g6-upper|r117|funny,shaanxi_start3,6年级上,6,上,117,funny,funny,,,"n. 滑稽人物;笑话,有趣的故事;滑稽连环漫画栏;(英)(比赛用)单人双桨小艇 adj. 有趣的,好笑的,滑稽的;(口)稀奇的,古怪的,奇异的;有病的,不舒服的;狡猾的,欺骗(性)的,可疑的,不光明",陕西版三年级起点六年级上.xlsx
shaanxi_start3|g6-upper|r118|everyone,shaanxi_start3,6年级上,6,上,118,everyone,everyone,,,n. 每个人 pron. 每个人;人人,陕西版三年级起点六年级上.xlsx
shaanxi_start3|g6-upper|r119|everything,shaanxi_start3,6年级上,6,上,119,everything,everything,,,pron. 每件事物;最重要的东西;(有关的)一切;万事,陕西版三年级起点六年级上.xlsx
shaanxi_start3|g6-upper|r120|at the beginning,shaanxi_start3,6年级上,6,上,120,at the beginning,at the beginning,,,na. 在当初;首先,陕西版三年级起点六年级上.xlsx
shaanxi_start3|g6-upper|r121|poor,shaanxi_start3,6年级上,6,上,121,poor,poor,,,adj. 贫穷的;可怜的;贫乏的;卑鄙的,陕西版三年级起点六年级上.xlsx
shaanxi_start3|g6-upper|r122|finally,shaanxi_start3,6年级上,6,上,122,finally,finally,,,adv. 最后;终于;决定性地,陕西版三年级起点六年级上.xlsx
shaanxi_start3|g6-lower|r001|speak to,shaanxi_start3,6年级下,6,下,1,speak to,speak to,,,na. 向...说;说到;招呼;恳求,陕西版三年级起点六年级下.xlsx
shaanxi_start3|g6-lower|r002|mobile phone,shaanxi_start3,6年级下,6,下,2,mobile phone,mobile phone,,,n. 手机;移动电话,陕西版三年级起点六年级下.xlsx
shaanxi_start3|g6-lower|r003|phone call,shaanxi_start3,6年级下,6,下,3,phone call,phone call,,,n. 电话,陕西版三年级起点六年级下.xlsx
shaanxi_start3|g6-lower|r004|make a phone call,shaanxi_start3,6年级下,6,下,4,make a phone call,make a phone call,,,打电话;打个电话;打电话号码,陕西版三年级起点六年级下.xlsx
shaanxi_start3|g6-lower|r005|internet,shaanxi_start3,6年级下,6,下,5,Internet,internet,,,n. 因特网,陕西版三年级起点六年级下.xlsx
shaanxi_start3|g6-lower|r006|go on the internet,shaanxi_start3,6年级下,6,下,6,go on the Internet,go on the internet,,,无,陕西版三年级起点六年级下.xlsx
shaanxi_start3|g6-lower|r007|send,shaanxi_start3,6年级下,6,下,7,send,send,,,"n. 上升运动 vi. 派人;寄信 vt. 发送,寄;派遣;使进入;发射",陕西版三年级起点六年级下.xlsx
shaanxi_start3|g6-lower|r008|send a message,shaanxi_start3,6年级下,6,下,8,send a message,send a message,,,发送消息;发信息;发送信息,陕西版三年级起点六年级下.xlsx
shaanxi_start3|g6-lower|r009|read an e-book,shaanxi_start3,6年级下,6,下,9,read an e-book,read an e-book,,,无,陕西版三年级起点六年级下.xlsx
shaanxi_start3|g6-lower|r010|e-mail,shaanxi_start3,6年级下,6,下,10,e-mail,e-mail,,,n. 电子邮件 v. 给...发电子邮件,陕西版三年级起点六年级下.xlsx
shaanxi_start3|g6-lower|r011|send an e-mail,shaanxi_start3,6年级下,6,下,11,send an e-mail,send an e-mail,,,无,陕西版三年级起点六年级下.xlsx
shaanxi_start3|g6-lower|r012|out,shaanxi_start3,6年级下,6,下,12,out,out,,,adv. 出现;在外;出局;出声地;不流行地 adj. 外面的;出局的;下台的 n. 出局 prep. 向;离去 vi. 出来;暴露 vt. 使熄灭;驱逐,陕西版三年级起点六年级下.xlsx
shaanxi_start3|g6-lower|r013|take a message,shaanxi_start3,6年级下,6,下,13,take a message,take a message,,,v. 传话,陕西版三年级起点六年级下.xlsx
shaanxi_start3|g6-lower|r014|think about,shaanxi_start3,6年级下,6,下,14,think about,think about,,,un. 思考;探讨;为...费心思;想像,陕西版三年级起点六年级下.xlsx
shaanxi_start3|g6-lower|r015|a bowl of,shaanxi_start3,6年级下,6,下,15,a bowl of,a bowl of,,,一碗;一大碗;一篓-一桶,陕西版三年级起点六年级下.xlsx
shaanxi_start3|g6-lower|r016|plate,shaanxi_start3,6年级下,6,下,16,plate,plate,,,n. 碟;金属板;金属牌;感光底片 vt. 电镀;给...装甲,陕西版三年级起点六年级下.xlsx
shaanxi_start3|g6-lower|r017|a plate of,shaanxi_start3,6年级下,6,下,17,a plate of,a plate of,,,一盘;一盘子;一碟,陕西版三年级起点六年级下.xlsx
shaanxi_start3|g6-lower|r018|a glass of,shaanxi_start3,6年级下,6,下,18,a glass of,a glass of,,,det. 一杯,陕西版三年级起点六年级下.xlsx
shaanxi_start3|g6-lower|r019|a bottle of,shaanxi_start3,6年级下,6,下,19,a bottle of,a bottle of,,,一瓶;一盒;一瓶是,陕西版三年级起点六年级下.xlsx
shaanxi_start3|g6-lower|r020|a cup of,shaanxi_start3,6年级下,6,下,20,a cup of,a cup of,,,一杯;一茶怀;一茶杯,陕西版三年级起点六年级下.xlsx
shaanxi_start3|g6-lower|r021|a piece of,shaanxi_start3,6年级下,6,下,21,a piece of,a piece of,,,det. 一块;一只,陕西版三年级起点六年级下.xlsx
shaanxi_start3|g6-lower|r022|anything,shaanxi_start3,6年级下,6,下,22,anything,anything,,,pron. 任何事,陕西版三年级起点六年级下.xlsx
shaanxi_start3|g6-lower|r023|else,shaanxi_start3,6年级下,6,下,23,else,else,,,adj. 别的;其他的 adv. 其他;否则;另外,陕西版三年级起点六年级下.xlsx
shaanxi_start3|g6-lower|r024|take up,shaanxi_start3,6年级下,6,下,24,take up,take up,,,na. 拿起;举起;拾起;给搭(火车等),陕西版三年级起点六年级下.xlsx
shaanxi_start3|g6-lower|r025|address,shaanxi_start3,6年级下,6,下,25,address,address,,,n. 地址;演讲;致辞;说话的技巧;称呼 vt. 演说;从事;忙于;写姓名地址;向...致辞;与...说话;提出;处理,陕西版三年级起点六年级下.xlsx
shaanxi_start3|g6-lower|r026|pupil,shaanxi_start3,6年级下,6,下,26,pupil,pupil,,,n. 学生;[解剖] 瞳孔;未成年人,陕西版三年级起点六年级下.xlsx
shaanxi_start3|g6-lower|r027|actor,shaanxi_start3,6年级下,6,下,27,actor,actor,,,n. 男演员;行动者;作用物,陕西版三年级起点六年级下.xlsx
shaanxi_start3|g6-lower|r028|singer,shaanxi_start3,6年级下,6,下,28,singer,singer,,,"n. 歌手,歌唱家",陕西版三年级起点六年级下.xlsx
shaanxi_start3|g6-lower|r029|reporter,shaanxi_start3,6年级下,6,下,29,reporter,reporter,,,n. 记者,陕西版三年级起点六年级下.xlsx
shaanxi_start3|g6-lower|r030|scientist,shaanxi_start3,6年级下,6,下,30,scientist,scientist,,,n. 科学家,陕西版三年级起点六年级下.xlsx
shaanxi_start3|g6-lower|r031|police,shaanxi_start3,6年级下,6,下,31,police,police,,,"n. 警察,警方;治安 adj. 警察的;有关警察的 vt. 监督;管辖;维持治安;为...配备警察",陕西版三年级起点六年级下.xlsx
shaanxi_start3|g6-lower|r032|police officer,shaanxi_start3,6年级下,6,下,32,police officer,police officer,,,n. 警官;警察;警务人员,陕西版三年级起点六年级下.xlsx
shaanxi_start3|g6-lower|r033|player,shaanxi_start3,6年级下,6,下,33,player,player,,,"n. 运动员,比赛者;游戏者,做游戏的人;演奏者,表演者;演员;播放器",陕西版三年级起点六年级下.xlsx
shaanxi_start3|g6-lower|r034|set up,shaanxi_start3,6年级下,6,下,34,set up,set up,,,na. 建立;创立;发起;开办,陕西版三年级起点六年级下.xlsx
shaanxi_start3|g6-lower|r035|a hope school,shaanxi_start3,6年级下,6,下,35,a hope school,a hope school,,,无,陕西版三年级起点六年级下.xlsx
shaanxi_start3|g6-lower|r036|past,shaanxi_start3,6年级下,6,下,36,past,past,,,n. 过去;往事 prep. 越过;晚于 adj. 过去的;结束的 adv. 过;经过,陕西版三年级起点六年级下.xlsx
shaanxi_start3|g6-lower|r037|grassland,shaanxi_start3,6年级下,6,下,37,grassland,grassland,,,n. 草原;牧草地,陕西版三年级起点六年级下.xlsx
shaanxi_start3|g6-lower|r038|age,shaanxi_start3,6年级下,6,下,38,age,age,,,"n. 年龄;时代;寿命,使用年限;阶段 vt. 使成熟;使变老,使上年纪 vi. 成熟;变老",陕西版三年级起点六年级下.xlsx
shaanxi_start3|g6-lower|r039|at the age of,shaanxi_start3,6年级下,6,下,39,at the age of,at the age of,,,na. 在...岁时,陕西版三年级起点六年级下.xlsx
shaanxi_start3|g6-lower|r040|lose,shaanxi_start3,6年级下,6,下,40,lose,lose,,,vt. 浪费;使沉溺于;使迷路;遗失;错过 vi. 失败;受损失,陕西版三年级起点六年级下.xlsx
shaanxi_start3|g6-lower|r041|difficult,shaanxi_start3,6年级下,6,下,41,difficult,difficult,,,adj. 困难的;不随和的;执拗的,陕西版三年级起点六年级下.xlsx
shaanxi_start3|g6-lower|r042|meeting,shaanxi_start3,6年级下,6,下,42,meeting,meeting,,,n. 会议;会见;集会;汇合点 v. 会面;会合(meet的ing形式),陕西版三年级起点六年级下.xlsx
shaanxi_start3|g6-lower|r043|have a sports meeting,shaanxi_start3,6年级下,6,下,43,have a sports meeting,have a sports meeting,,,无,陕西版三年级起点六年级下.xlsx
shaanxi_start3|g6-lower|r044|throwing,shaanxi_start3,6年级下,6,下,44,throwing,throwing,,,n. 投掷 v. 掷(throw的ing形式),陕西版三年级起点六年级下.xlsx
shaanxi_start3|g6-lower|r045|meter,shaanxi_start3,6年级下,6,下,45,meter,meter,,,n. 米;仪表;[计量] 公尺;韵律 vt. 用仪表测量 vi. 用表计量,陕西版三年级起点六年级下.xlsx
shaanxi_start3|g6-lower|r046|race,shaanxi_start3,6年级下,6,下,46,race,race,,,"n. 属,种;种族,人种;家庭,门第 vt. 使参加比赛;和...竞赛;使急走,使全速行进 vi. 比速度,参加竞赛;全速行进",陕西版三年级起点六年级下.xlsx
shaanxi_start3|g6-lower|r047|100-meter race,shaanxi_start3,6年级下,6,下,47,100-meter race,100-meter race,,,无,陕西版三年级起点六年级下.xlsx
shaanxi_start3|g6-lower|r048|long jump,shaanxi_start3,6年级下,6,下,48,long jump,long jump,,,n. 跳远,陕西版三年级起点六年级下.xlsx
shaanxi_start3|g6-lower|r049|high,shaanxi_start3,6年级下,6,下,49,high,high,,,n. 高水平;天空;由麻醉品引起的快感;高压地带 adj. 高的;高级的;崇高的;高音调的 adv. 高;奢侈地,陕西版三年级起点六年级下.xlsx
shaanxi_start3|g6-lower|r050|high jump,shaanxi_start3,6年级下,6,下,50,high jump,high jump,,,n. 跳高,陕西版三年级起点六年级下.xlsx
shaanxi_start3|g6-lower|r051|running race,shaanxi_start3,6年级下,6,下,51,running race,running race,,,赛跑;赛跑比赛;奼女竞跑,陕西版三年级起点六年级下.xlsx
shaanxi_start3|g6-lower|r052|take part in,shaanxi_start3,6年级下,6,下,52,take part in,take part in,,,na. 参加;贡献,陕西版三年级起点六年级下.xlsx
shaanxi_start3|g6-lower|r053|anyway,shaanxi_start3,6年级下,6,下,53,anyway,anyway,,,"adv. 无论如何,不管怎样;总之",陕西版三年级起点六年级下.xlsx
shaanxi_start3|g6-lower|r054|guess,shaanxi_start3,6年级下,6,下,54,guess,guess,,,n. 猜测;推测 vi. 猜;推测;猜中 vt. 猜测;认为;推测;猜中 n. 盖尔斯(美国服装品牌),陕西版三年级起点六年级下.xlsx
shaanxi_start3|g6-lower|r055|wish,shaanxi_start3,6年级下,6,下,55,wish,wish,,,n. 希望;祝福;心愿 vt. 祝愿;渴望;向...致问候语 vi. 愿望;需要,陕西版三年级起点六年级下.xlsx
shaanxi_start3|g6-lower|r056|clever,shaanxi_start3,6年级下,6,下,56,clever,clever,,,adj. 聪明的;机灵的;熟练的 [ 比较级cleverer 最高级 cleverest ],陕西版三年级起点六年级下.xlsx
shaanxi_start3|g6-lower|r057|outgoing,shaanxi_start3,6年级下,6,下,57,outgoing,outgoing,,,"adj. 对人友好的,开朗的;出发的,外出的;即将离职的;乐于助人的 n. 外出;流出;开支 v. 超过;优于(outgo的ing形式)",陕西版三年级起点六年级下.xlsx
shaanxi_start3|g6-lower|r058|shy,shaanxi_start3,6年级下,6,下,58,shy,shy,,,"n. 投掷;惊跳 adj. 害羞的;畏缩的,胆怯的 vi. 投;畏缩;惊退;厌恶 vt. 投;乱掷",陕西版三年级起点六年级下.xlsx
shaanxi_start3|g6-lower|r059|kind,shaanxi_start3,6年级下,6,下,59,kind,kind,,,n. 种类;性质 adj. 和蔼的;宽容的;令人感激的,陕西版三年级起点六年级下.xlsx
shaanxi_start3|g6-lower|r060|friendly,shaanxi_start3,6年级下,6,下,60,friendly,friendly,,,"adj. 友好的;亲切的;支持的;融洽的,和睦的 adv. 友善地;温和地",陕西版三年级起点六年级下.xlsx
shaanxi_start3|g6-lower|r061|hard-working,shaanxi_start3,6年级下,6,下,61,hard-working,hard-working,,,adj. 勤勉的;勤奋的;勤劳的,陕西版三年级起点六年级下.xlsx
shaanxi_start3|g6-lower|r062|serious,shaanxi_start3,6年级下,6,下,62,serious,serious,,,"adj. 严肃的,严重的;认真的;庄重的;危急的",陕西版三年级起点六年级下.xlsx
shaanxi_start3|g6-lower|r063|lazy,shaanxi_start3,6年级下,6,下,63,lazy,lazy,,,adj. 懒惰的;懒洋洋的;怠惰的;慢吞吞的,陕西版三年级起点六年级下.xlsx
shaanxi_start3|g6-lower|r064|easy,shaanxi_start3,6年级下,6,下,64,easy,easy,,,"adj. 容易的;舒适的 vt. 发出停划命令 adv. 不费力地,从容地 vi. 停止划桨",陕西版三年级起点六年级下.xlsx
shaanxi_start3|g6-lower|r065|understand,shaanxi_start3,6年级下,6,下,65,understand,understand,,,vi. 理解;懂得;熟悉 vt. 理解;懂;获悉;推断;省略,陕西版三年级起点六年级下.xlsx
shaanxi_start3|g6-lower|r066|ms.,shaanxi_start3,6年级下,6,下,66,Ms.,ms.,,,女士,陕西版三年级起点六年级下.xlsx
shaanxi_start3|g6-lower|r067|teach,shaanxi_start3,6年级下,6,下,67,teach,teach,,,vt. 教;教授;教导 vi. 教授;讲授;当老师,陕西版三年级起点六年级下.xlsx
shaanxi_start3|g6-lower|r068|without,shaanxi_start3,6年级下,6,下,68,without,without,,,prep. 没有;超过;在...外面 n. 外部;外面 adv. 户外;在外面;没有或不显示某事物,陕西版三年级起点六年级下.xlsx
shaanxi_start3|g6-lower|r069|mrs.,shaanxi_start3,6年级下,6,下,69,Mrs.,mrs.,,,n. 先生,陕西版三年级起点六年级下.xlsx
shaanxi_start3|g6-lower|r070|smile,shaanxi_start3,6年级下,6,下,70,smile,smile,,,n. 微笑;笑容;喜色 vt. 微笑着表示 vi. 微笑,陕西版三年级起点六年级下.xlsx
shaanxi_start3|g6-lower|r071|get,shaanxi_start3,6年级下,6,下,71,get,get,,,n. 生殖;幼兽 vi. 成为;变得;到达 vt. 使得;获得;受到;变成,陕西版三年级起点六年级下.xlsx
shaanxi_start3|g6-lower|r072|sale,shaanxi_start3,6年级下,6,下,72,sale,sale,,,n. 销售;出售;拍卖;销售额;廉价出售,陕西版三年级起点六年级下.xlsx
shaanxi_start3|g6-lower|r073|notebook,shaanxi_start3,6年级下,6,下,73,notebook,notebook,,,"n. 笔记本,笔记簿;手册",陕西版三年级起点六年级下.xlsx
shaanxi_start3|g6-lower|r074|magazine,shaanxi_start3,6年级下,6,下,74,magazine,magazine,,,n. 杂志;弹药库;胶卷盒,陕西版三年级起点六年级下.xlsx
shaanxi_start3|g6-lower|r075|glue,shaanxi_start3,6年级下,6,下,75,glue,glue,,,n. 胶;各种胶合物 vt. 粘合;似胶般固着于,陕西版三年级起点六年级下.xlsx
shaanxi_start3|g6-lower|r076|story book,shaanxi_start3,6年级下,6,下,76,story book,story book,,,na. 故事书,陕西版三年级起点六年级下.xlsx
shaanxi_start3|g6-lower|r077|model plane,shaanxi_start3,6年级下,6,下,77,model plane,model plane,,,模型飞机;飞机模型;一架飞机模型,陕西版三年级起点六年级下.xlsx
shaanxi_start3|g6-lower|r078|toy car,shaanxi_start3,6年级下,6,下,78,toy car,toy car,,,玩具车;玩具汽车;玩具小汽车,陕西版三年级起点六年级下.xlsx
shaanxi_start3|g6-lower|r079|scissors,shaanxi_start3,6年级下,6,下,79,scissors,scissors,,,n. 剪刀;剪式跳法 v. 剪开;删除(scissor的第三人称单数),陕西版三年级起点六年级下.xlsx
shaanxi_start3|g6-lower|r080|sell,shaanxi_start3,6年级下,6,下,80,sell,sell,,,n. 销售;失望;推销术 vt. 销售;推销;出卖;欺骗 vi. 卖;出售;受欢迎;有销路,陕西版三年级起点六年级下.xlsx
shaanxi_start3|g6-lower|r081|money,shaanxi_start3,6年级下,6,下,81,money,money,,,n. 钱;货币;财富,陕西版三年级起点六年级下.xlsx
shaanxi_start3|g6-lower|r082|before,shaanxi_start3,6年级下,6,下,82,before,before,,,"prep. 在...之前,先于 conj. 在...以前;在...之前 adv. 以前;在前",陕西版三年级起点六年级下.xlsx
shaanxi_start3|g6-lower|r083|bring,shaanxi_start3,6年级下,6,下,83,bring,bring,,,vt. 带来;促使;引起;使某人处于某种情况或境地,陕西版三年级起点六年级下.xlsx
shaanxi_start3|g6-lower|r084|and so on,shaanxi_start3,6年级下,6,下,84,and so on,and so on,,,na. “And so forth”的变体,陕西版三年级起点六年级下.xlsx
shaanxi_start3|g6-lower|r085|southeast,shaanxi_start3,6年级下,6,下,85,southeast,southeast,,,n. 东南;东南地区 adj. 东南的;来自东南的 adv. 来自东南,陕西版三年级起点六年级下.xlsx
shaanxi_start3|g6-lower|r086|north,shaanxi_start3,6年级下,6,下,86,north,north,,,"n. 北,北方 adj. 北方的;朝北的 adv. 在北方,向北方",陕西版三年级起点六年级下.xlsx
shaanxi_start3|g6-lower|r087|northwest,shaanxi_start3,6年级下,6,下,87,northwest,northwest,,,adj. 西北的;向西北的;来自西北的 n. 西北 adv. 在西北;向西北;来自西北,陕西版三年级起点六年级下.xlsx
shaanxi_start3|g6-lower|r088|northeast,shaanxi_start3,6年级下,6,下,88,northeast,northeast,,,adj. 东北的;向东北的;来自东北的 n. 东北 adv. 向东北;来自东北,陕西版三年级起点六年级下.xlsx
shaanxi_start3|g6-lower|r089|west,shaanxi_start3,6年级下,6,下,89,west,west,,,n. 西;西方;西部 adj. 西方的;朝西的 adv. 在西方;向西方;自西方,陕西版三年级起点六年级下.xlsx
shaanxi_start3|g6-lower|r090|east,shaanxi_start3,6年级下,6,下,90,east,east,,,"n. 东方;东风;东方国家 adj. 东方的;向东的;从东方来的 adv. 向东方,在东方",陕西版三年级起点六年级下.xlsx
shaanxi_start3|g6-lower|r091|southwest,shaanxi_start3,6年级下,6,下,91,southwest,southwest,,,n. 西南方 adj. 西南的 adv. 往西南;来自西南,陕西版三年级起点六年级下.xlsx
shaanxi_start3|g6-lower|r092|south,shaanxi_start3,6年级下,6,下,92,south,south,,,"n. 南方,南边;南部 adj. 南的,南方的 adv. 在南方,向南方",陕西版三年级起点六年级下.xlsx
shaanxi_start3|g6-lower|r093|hope,shaanxi_start3,6年级下,6,下,93,hope,hope,,,n. 希望;期望;信心 vi. 希望;期待;信赖 vt. 希望;期望,陕西版三年级起点六年级下.xlsx
shaanxi_start3|g6-lower|r094|somewhere,shaanxi_start3,6年级下,6,下,94,somewhere,somewhere,,,n. 某个地方 adv. 在某处;到某处,陕西版三年级起点六年级下.xlsx
shaanxi_start3|g6-lower|r095|by,shaanxi_start3,6年级下,6,下,95,by,by,,,prep. 通过;被;依据;经由;在附近;在......之前 adv. 通过;经过;附近;[互联网] 白俄罗斯的国家代码顶级域名,陕西版三年级起点六年级下.xlsx
shaanxi_start3|g6-lower|r096|the bund,shaanxi_start3,6年级下,6,下,96,the Bund,the bund,,,外滩(上海); [电影]外滩佚事,陕西版三年级起点六年级下.xlsx
shaanxi_start3|g6-lower|r097|famous,shaanxi_start3,6年级下,6,下,97,famous,famous,,,"adj. 著名的;极好的,非常令人满意的",陕西版三年级起点六年级下.xlsx
shaanxi_start3|g6-lower|r098|town,shaanxi_start3,6年级下,6,下,98,town,town,,,"n. 城镇,市镇;市内商业区",陕西版三年级起点六年级下.xlsx
shaanxi_start3|g6-lower|r099|dream,shaanxi_start3,6年级下,6,下,99,dream,dream,,,"n. 梦想,愿望;梦 adj. 梦的;理想的;不切实际的 vt. 梦想;做梦;想到 vi. 梦想;做梦,梦见;想到",陕西版三年级起点六年级下.xlsx
shaanxi_start3|g6-lower|r100|tour guide,shaanxi_start3,6年级下,6,下,100,tour guide,tour guide,,,un. 导游,陕西版三年级起点六年级下.xlsx
shaanxi_start3|g6-lower|r101|travel around the world,shaanxi_start3,6年级下,6,下,101,travel around the world,travel around the world,,,na. 作环球旅行,陕西版三年级起点六年级下.xlsx
shaanxi_start3|g6-lower|r102|land,shaanxi_start3,6年级下,6,下,102,land,land,,,n. 国土;陆地;地面 vt. 使...登陆;使...陷于;将...卸下 vi. 登陆;到达,陕西版三年级起点六年级下.xlsx
shaanxi_start3|g6-lower|r103|go to college,shaanxi_start3,6年级下,6,下,103,go to college,go to college,,,上大学;去大学;去上大学,陕西版三年级起点六年级下.xlsx
shaanxi_start3|g6-lower|r104|join,shaanxi_start3,6年级下,6,下,104,join,join,,,vt. 参加;结合;连接 vi. 加入;参加;结合 n. 结合;连接;接合点,陕西版三年级起点六年级下.xlsx
shaanxi_start3|g6-lower|r105|the national team,shaanxi_start3,6年级下,6,下,105,the National Team,the national team,,,无,陕西版三年级起点六年级下.xlsx
shaanxi_start3|g6-lower|r106|study,shaanxi_start3,6年级下,6,下,106,study,study,,,"n. 学习,研究;课题;书房;学问 vt. 学习;考虑;攻读;细察 vi. 研究;用功",陕西版三年级起点六年级下.xlsx
shaanxi_start3|g6-lower|r107|come true,shaanxi_start3,6年级下,6,下,107,come true,come true,,,na. (预言等)成事实;实现;(作物)不变种地发芽生长,陕西版三年级起点六年级下.xlsx
shaanxi_start3|g6-lower|r108|hard,shaanxi_start3,6年级下,6,下,108,hard,hard,,,adj. 努力的;硬的;困难的;辛苦的;确实的;严厉的;猛烈的;冷酷无情的 adv. 努力地;困难地;辛苦地;接近地;猛烈地;牢固地,陕西版三年级起点六年级下.xlsx
shaanxi_start3|g6-lower|r109|from now on,shaanxi_start3,6年级下,6,下,109,from now on,from now on,,,na. 从今以后,陕西版三年级起点六年级下.xlsx
shaanxi_start3|g6-lower|r110|one day,shaanxi_start3,6年级下,6,下,110,one day,one day,,,na. 有一天;(过去或将来的)某一天,陕西版三年级起点六年级下.xlsx
shaanxi_start3|g6-lower|r111|maybe,shaanxi_start3,6年级下,6,下,111,maybe,maybe,,,adv. 也许;可能;大概 n. 可能性;不确定性,陕西版三年级起点六年级下.xlsx
shaanxi_start3|g6-lower|r112|believe,shaanxi_start3,6年级下,6,下,112,believe,believe,,,vi. 信任;料想;笃信宗教 vt. 相信;认为;信任,陕西版三年级起点六年级下.xlsx
