SourceOccurrenceKey,SourceID,SourceBook,Grade,Semester,SourceRow,Word,MatchKey,British,American,Definition,SourceFile
jiaoke_eec_start3|g3-upper|r002|what,jiaoke_eec_start3,3年级上,3,上,2,what,what,[wɒt],[wʌt],"pron. 什么;多么;多少 adv. 到什么程度,在哪一方面 adj. 什么;多么;何等 int. 什么;多么",教科版EEC三年级起点三年级上.xlsx
jiaoke_eec_start3|g3-upper|r003|be,jiaoke_eec_start3,3年级上,3,上,3,be,be,[bi],[bi; biː],"vt. 是; 有,存在; 做,成为; 发生",教科版EEC三年级起点三年级上.xlsx
jiaoke_eec_start3|g3-upper|r004|am,jiaoke_eec_start3,3年级上,3,上,4,am,am,[əm; æm],[əm; æm],abbr. 调幅 v. 是,教科版EEC三年级起点三年级上.xlsx
jiaoke_eec_start3|g3-upper|r005|is,jiaoke_eec_start3,3年级上,3,上,5,is,is,[ɪz],[ɪz],v. 是(be的三单形式) n. 存在,教科版EEC三年级起点三年级上.xlsx
jiaoke_eec_start3|g3-upper|r006|are,jiaoke_eec_start3,3年级上,3,上,6,are,are,[ɑ:(r)],[ər; ɑːr; er],v. 是(be的第二人称单复数现在式) n. 公亩,教科版EEC三年级起点三年级上.xlsx
jiaoke_eec_start3|g3-upper|r007|your,jiaoke_eec_start3,3年级上,3,上,7,your,your,[jɔː(r); jə(r)],[jʊr; jər],"pron. 你的,你们的",教科版EEC三年级起点三年级上.xlsx
jiaoke_eec_start3|g3-upper|r008|name,jiaoke_eec_start3,3年级上,3,上,8,name,name,[neɪm],[neɪm],"n. 名称,名字;姓名;名誉 vt. 命名,任命;指定;称呼;提名;叫出 adj. 姓名的;据以取名的",教科版EEC三年级起点三年级上.xlsx
jiaoke_eec_start3|g3-upper|r009|hi,jiaoke_eec_start3,3年级上,3,上,9,hi,hi,[haɪ],[haɪ],int. 嗨!(表示问候或用以唤起注意),教科版EEC三年级起点三年级上.xlsx
jiaoke_eec_start3|g3-upper|r010|my,jiaoke_eec_start3,3年级上,3,上,10,my,my,[maɪ],[maɪ],pron. 我的 int. 哎呀(表示惊奇等);喔唷,教科版EEC三年级起点三年级上.xlsx
jiaoke_eec_start3|g3-upper|r011|hello,jiaoke_eec_start3,3年级上,3,上,11,hello,hello,[həˈləʊ],[həˈləʊ],"n. 表示问候, 惊奇或唤起注意时的用语 int. 喂;哈罗",教科版EEC三年级起点三年级上.xlsx
jiaoke_eec_start3|g3-upper|r012|i,jiaoke_eec_start3,3年级上,3,上,12,I,i,[aɪ],[aɪ],n. 碘元素;英语字母I pron. 我,教科版EEC三年级起点三年级上.xlsx
jiaoke_eec_start3|g3-upper|r013|come,jiaoke_eec_start3,3年级上,3,上,13,come,come,[kʌm],[kʌm],vi. 来;开始;出现;发生;变成;到达 vt. 做;假装;将满(...岁) int. 嗨!,教科版EEC三年级起点三年级上.xlsx
jiaoke_eec_start3|g3-upper|r014|here,jiaoke_eec_start3,3年级上,3,上,14,here,here,[hɪə(r)],[hɪr],n. 这里 adv. 在这里;此时 int. 嘿!;喂!,教科版EEC三年级起点三年级上.xlsx
jiaoke_eec_start3|g3-upper|r015|come here,jiaoke_eec_start3,3年级上,3,上,15,come here,come here,,,过来;来这里;到这儿来,教科版EEC三年级起点三年级上.xlsx
jiaoke_eec_start3|g3-upper|r016|ok,jiaoke_eec_start3,3年级上,3,上,16,OK,ok,[əʊˈkeɪ],[ˌoʊ'keɪ],adj. 好的;不错的 adv. 行;很好 int. 好;可以 vt. 对...表示同意 n. 同意,教科版EEC三年级起点三年级上.xlsx
jiaoke_eec_start3|g3-upper|r017|okay,jiaoke_eec_start3,3年级上,3,上,17,okay,okay,[əʊˈkeɪ],[oʊˈkeɪ],"adv. 可以;对;很好地 adj. 可以;对;不错 n. 同意,批准 int. 好;行",教科版EEC三年级起点三年级上.xlsx
jiaoke_eec_start3|g3-upper|r018|mom,jiaoke_eec_start3,3年级上,3,上,18,mom,mom,[mɒm],[mɑːm],n. 妈妈,教科版EEC三年级起点三年级上.xlsx
jiaoke_eec_start3|g3-upper|r019|good,jiaoke_eec_start3,3年级上,3,上,19,good,good,[ɡʊd],[ɡʊd],n. 好处;善行;慷慨的行为 adj. 好的;优良的;愉快的;虔诚的 adv. 好,教科版EEC三年级起点三年级上.xlsx
jiaoke_eec_start3|g3-upper|r020|night,jiaoke_eec_start3,3年级上,3,上,20,night,night,[naɪt],[naɪt],"n. 夜晚,晚上;黑暗,黑夜 adj. 夜晚的,夜间的",教科版EEC三年级起点三年级上.xlsx
jiaoke_eec_start3|g3-upper|r021|see,jiaoke_eec_start3,3年级上,3,上,21,see,see,[siː],[siː],vi. 看;看见;领会 vt. 看见;理解;领会,教科版EEC三年级起点三年级上.xlsx
jiaoke_eec_start3|g3-upper|r022|you,jiaoke_eec_start3,3年级上,3,上,22,you,you,[ju],[juː; jə],pron. 你;你们,教科版EEC三年级起点三年级上.xlsx
jiaoke_eec_start3|g3-upper|r023|in,jiaoke_eec_start3,3年级上,3,上,23,in,in,[ɪn],[ɪn],prep. 按照(表示方式);从事于;在...之内 n. 执政者;门路;知情者 adj. 在里面的;时髦的 adv. 进入;当选;(服装等)时髦;在屋里,教科版EEC三年级起点三年级上.xlsx
jiaoke_eec_start3|g3-upper|r024|the,jiaoke_eec_start3,3年级上,3,上,24,the,the,[ðə],[ðə; ði; ðiː],"art. 这;那 adv. 更加(用于比较级,最高级前)",教科版EEC三年级起点三年级上.xlsx
jiaoke_eec_start3|g3-upper|r025|morning,jiaoke_eec_start3,3年级上,3,上,25,morning,morning,[ˈmɔːnɪŋ],[ˈmɔːrnɪŋ],n. 早晨;黎明;初期,教科版EEC三年级起点三年级上.xlsx
jiaoke_eec_start3|g3-upper|r026|go,jiaoke_eec_start3,3年级上,3,上,26,go,go,[ɡəʊ],[ɡoʊ],n. 去;进行;尝试 vi. 走;达到;运转;趋于 vt. 忍受;出产;以...打赌 [复数 goes 第三人称单数 goes 过去式 went 过去分词 gone 现在分词 going],教科版EEC三年级起点三年级上.xlsx
jiaoke_eec_start3|g3-upper|r027|out,jiaoke_eec_start3,3年级上,3,上,27,out,out,[aʊt],[aʊt],adv. 出现;在外;出局;出声地;不流行地 adj. 外面的;出局的;下台的 n. 出局 prep. 向;离去 vi. 出来;暴露 vt. 使熄灭;驱逐,教科版EEC三年级起点三年级上.xlsx
jiaoke_eec_start3|g3-upper|r028|go out,jiaoke_eec_start3,3年级上,3,上,28,go out,go out,,,na. 出去;灭;辞职;下台,教科版EEC三年级起点三年级上.xlsx
jiaoke_eec_start3|g3-upper|r029|come in,jiaoke_eec_start3,3年级上,3,上,29,come in,come in,,,na. 进入;当选;上台;(党派)组阁,教科版EEC三年级起点三年级上.xlsx
jiaoke_eec_start3|g3-upper|r030|ant,jiaoke_eec_start3,3年级上,3,上,30,ant,ant,[ænt],[ænt],n. 蚂蚁,教科版EEC三年级起点三年级上.xlsx
jiaoke_eec_start3|g3-upper|r031|bear,jiaoke_eec_start3,3年级上,3,上,31,bear,bear,[beə(r)],[ber],"n. 熊 vt. 结果实,开花(正式) vt. 忍受;承受;具有;支撑",教科版EEC三年级起点三年级上.xlsx
jiaoke_eec_start3|g3-upper|r032|cat,jiaoke_eec_start3,3年级上,3,上,32,cat,cat,[kæt],[kæt],"n. 猫,猫科动物",教科版EEC三年级起点三年级上.xlsx
jiaoke_eec_start3|g3-upper|r033|nice,jiaoke_eec_start3,3年级上,3,上,33,nice,nice,[naɪs],[naɪs],adj. 精密的;美好的;细微的;和蔼的,教科版EEC三年级起点三年级上.xlsx
jiaoke_eec_start3|g3-upper|r034|meet,jiaoke_eec_start3,3年级上,3,上,34,meet,meet,[miːt],[miːt],vt. 满足;遇见;对付 vi. 相遇;接触 n. 集会 adj. 合适的;适宜的,教科版EEC三年级起点三年级上.xlsx
jiaoke_eec_start3|g3-upper|r035|how,jiaoke_eec_start3,3年级上,3,上,35,how,how,[haʊ],[haʊ],adv. 如何;多少;多么 n. 方法;方式 conj. 如何,教科版EEC三年级起点三年级上.xlsx
jiaoke_eec_start3|g3-upper|r036|fine,jiaoke_eec_start3,3年级上,3,上,36,fine,fine,[faɪn],[faɪn],"n. 罚款 adj. 好的;优良的;细小的,精美的;健康的;晴朗的 vt. 罚款;澄清 adv. 很好地;精巧地",教科版EEC三年级起点三年级上.xlsx
jiaoke_eec_start3|g3-upper|r037|thanks,jiaoke_eec_start3,3年级上,3,上,37,thanks,thanks,[θæŋks],[θæŋks],n. 谢谢(只用复数) int. 谢谢,教科版EEC三年级起点三年级上.xlsx
jiaoke_eec_start3|g3-upper|r038|this,jiaoke_eec_start3,3年级上,3,上,38,this,this,[ðɪs],[ðɪs],adj. 这;本;这个;今 pron. 这;这个;这里 adv. 这样地;这么,教科版EEC三年级起点三年级上.xlsx
jiaoke_eec_start3|g3-upper|r039|friend,jiaoke_eec_start3,3年级上,3,上,39,friend,friend,[frend],[frend],n. 朋友;助手;赞助者,教科版EEC三年级起点三年级上.xlsx
jiaoke_eec_start3|g3-upper|r040|too,jiaoke_eec_start3,3年级上,3,上,40,too,too,[tuː],[tuː],adv. 太;也;很;还;非常;过度,教科版EEC三年级起点三年级上.xlsx
jiaoke_eec_start3|g3-upper|r041|class,jiaoke_eec_start3,3年级上,3,上,41,class,class,[klɑːs],[klæs],"n. 阶级;班级;种类;班;等级 adj. 极好的;很好的,优秀的,出色的 vt. 分类;把...分等级;把...归入某等级,把...看作(或分类、归类);把...编入某一班级 vi. 属于...类(或等级),被列为某类(或某级)",教科版EEC三年级起点三年级上.xlsx
jiaoke_eec_start3|g3-upper|r042|miss,jiaoke_eec_start3,3年级上,3,上,42,Miss,miss,,,"n. 女士,小姐,年轻未婚女子 vt. 错过,想念,缺(勤)",教科版EEC三年级起点三年级上.xlsx
jiaoke_eec_start3|g3-upper|r043|bye,jiaoke_eec_start3,3年级上,3,上,43,bye,bye,[baɪ],[baɪ],n. 轮空;次要的东西 int. 再见 adj. 次要的,教科版EEC三年级起点三年级上.xlsx
jiaoke_eec_start3|g3-upper|r044|good-bye,jiaoke_eec_start3,3年级上,3,上,44,good-bye,good-bye,[ˌɡʊd ˈbaɪ],[ɡʊd baɪ],n. 告辞 int. 再见,教科版EEC三年级起点三年级上.xlsx
jiaoke_eec_start3|g3-upper|r045|have,jiaoke_eec_start3,3年级上,3,上,45,have,have,[həv],[həv; əv; hæv],aux. 已经 vt. 有;让;拿;从事;允许,教科版EEC三年级起点三年级上.xlsx
jiaoke_eec_start3|g3-upper|r046|a,jiaoke_eec_start3,3年级上,3,上,46,a,a,[ə],[ə; eɪ],n. 字母A;第一流的;学业成绩达最高标准的评价符号 abbr. [物]安(ampere),教科版EEC三年级起点三年级上.xlsx
jiaoke_eec_start3|g3-upper|r047|an,jiaoke_eec_start3,3年级上,3,上,47,an,an,[ən],[ən; æn],art. 一(在元音音素前),教科版EEC三年级起点三年级上.xlsx
jiaoke_eec_start3|g3-upper|r048|day,jiaoke_eec_start3,3年级上,3,上,48,day,day,[deɪ],[deɪ],n. 一天;时期;白昼 adj. 日间的;逐日的 adv. 每天;经常在白天地,教科版EEC三年级起点三年级上.xlsx
jiaoke_eec_start3|g3-upper|r049|picture,jiaoke_eec_start3,3年级上,3,上,49,picture,picture,[ˈpɪktʃə(r)],[ˈpɪktʃər],"n. 照片,图画;影片;景色;化身 vt. 画;想像;描写",教科版EEC三年级起点三年级上.xlsx
jiaoke_eec_start3|g3-upper|r050|listen,jiaoke_eec_start3,3年级上,3,上,50,listen,listen,[ˈlɪs(ə)n],[ˈlɪsn],"vi. 听,倾听;听从,听信 n. 听,倾听",教科版EEC三年级起点三年级上.xlsx
jiaoke_eec_start3|g3-upper|r051|story,jiaoke_eec_start3,3年级上,3,上,51,story,story,[ˈstɔːri],[ˈstɔːri],n. 故事;小说;新闻报道;来历;假话 vt. 用历史故事画装饰 vi. 说谎,教科版EEC三年级起点三年级上.xlsx
jiaoke_eec_start3|g3-upper|r052|dog,jiaoke_eec_start3,3年级上,3,上,52,dog,dog,[dɒɡ],[dɔːɡ],n. 狗;丑女人;卑鄙的人;(俚)朋友 vt. 跟踪;尾随,教科版EEC三年级起点三年级上.xlsx
jiaoke_eec_start3|g3-upper|r053|elephant,jiaoke_eec_start3,3年级上,3,上,53,elephant,elephant,[ˈelɪfənt],[ˈelɪfənt],n. 象;大号图画纸,教科版EEC三年级起点三年级上.xlsx
jiaoke_eec_start3|g3-upper|r054|fish,jiaoke_eec_start3,3年级上,3,上,54,fish,fish,[fɪʃ],[fɪʃ],"n. 鱼,鱼类 vt. 钓鱼,捕鱼;搜寻 vi. 捕鱼,钓鱼;用钩捞取",教科版EEC三年级起点三年级上.xlsx
jiaoke_eec_start3|g3-upper|r055|room,jiaoke_eec_start3,3年级上,3,上,55,room,room,[ruːm],[ruːm; rʊm],"n. 房间;空间;余地;机会;房间里所有的人 vt. 为...提供住处;租房,合住;投宿,住宿;留...住宿 vi. 居住;住宿",教科版EEC三年级起点三年级上.xlsx
jiaoke_eec_start3|g3-upper|r056|afternoon,jiaoke_eec_start3,3年级上,3,上,56,afternoon,afternoon,[ˌɑːftəˈnuːn],[ˌæftərˈnuːn],"n. 午后,下午",教科版EEC三年级起点三年级上.xlsx
jiaoke_eec_start3|g3-upper|r057|kid,jiaoke_eec_start3,3年级上,3,上,57,kid,kid,[kɪd],[kɪd],n. 小孩;小山羊 vt. 欺骗;取笑;戏弄 vi. 欺骗;取笑;戏弄 adj. 小山羊皮制的;较年幼的,教科版EEC三年级起点三年级上.xlsx
jiaoke_eec_start3|g3-upper|r058|please,jiaoke_eec_start3,3年级上,3,上,58,please,please,[pliːz],[pliːz],"int. 请(礼貌用语) vt. 使喜欢;使高兴,使满意 vi. 讨人喜欢;令人高兴",教科版EEC三年级起点三年级上.xlsx
jiaoke_eec_start3|g3-upper|r059|sit,jiaoke_eec_start3,3年级上,3,上,59,sit,sit,[sɪt],[sɪt],vi. 坐;位于 vt. 使就座,教科版EEC三年级起点三年级上.xlsx
jiaoke_eec_start3|g3-upper|r060|down,jiaoke_eec_start3,3年级上,3,上,60,down,down,[daʊn],[daʊn],"prep. 沿着,往下 n. 软毛,绒毛;[地质] 开阔的高地 adj. 向下的 vt. 打倒,击败 adv. 向下,下去;在下面 vi. 下降;下去",教科版EEC三年级起点三年级上.xlsx
jiaoke_eec_start3|g3-upper|r061|sit down,jiaoke_eec_start3,3年级上,3,上,61,sit down,sit down,[ˈsɪt daʊn],[ˈsɪt daʊn],na. 坐下;住定;占有;(坐下来)开始工作(谈判等),教科版EEC三年级起点三年级上.xlsx
jiaoke_eec_start3|g3-upper|r062|computer,jiaoke_eec_start3,3年级上,3,上,62,computer,computer,[kəmˈpjuːtə(r)],[kəmˈpjuːtər],n. 计算机;电脑;电子计算机,教科版EEC三年级起点三年级上.xlsx
jiaoke_eec_start3|g3-upper|r063|yes,jiaoke_eec_start3,3年级上,3,上,63,yes,yes,[jes],[jes],"n. 是(表示肯定) adv. 是, 是的",教科版EEC三年级起点三年级上.xlsx
jiaoke_eec_start3|g3-upper|r064|it,jiaoke_eec_start3,3年级上,3,上,64,it,it,[ɪt],[ɪt],abbr. 信息技术information technology abbr. 意大利Italy;意大利的Italian,教科版EEC三年级起点三年级上.xlsx
jiaoke_eec_start3|g3-upper|r065|pencil,jiaoke_eec_start3,3年级上,3,上,65,pencil,pencil,[ˈpens(ə)l],[ˈpensl],n. 铅笔;笔状物 vt. 用铅笔写;用眉笔涂 vi. 成铅笔状,教科版EEC三年级起点三年级上.xlsx
jiaoke_eec_start3|g3-upper|r066|no,jiaoke_eec_start3,3年级上,3,上,66,no,no,[nəʊ],[noʊ],adv. 不 adj. 没有;不是 n. 不;否决票 abbr. 数字(number);元素锘(nobelium)的符号,教科版EEC三年级起点三年级上.xlsx
jiaoke_eec_start3|g3-upper|r067|not,jiaoke_eec_start3,3年级上,3,上,67,not,not,[nɒt],[nɑːt],"adv. 表示否定,不 n. “非”(计算机中逻辑运算的一种)",教科版EEC三年级起点三年级上.xlsx
jiaoke_eec_start3|g3-upper|r068|eraser,jiaoke_eec_start3,3年级上,3,上,68,eraser,eraser,[ɪˈreɪzə(r)],[ɪˈreɪsər],n. 橡皮;擦除器;[计] 清除器,教科版EEC三年级起点三年级上.xlsx
jiaoke_eec_start3|g3-upper|r069|that,jiaoke_eec_start3,3年级上,3,上,69,that,that,[ðæt],[ðæt],conj. 因为;以至于 adj. 那;那个 pron. 那;那个 adv. 那么;那样,教科版EEC三年级起点三年级上.xlsx
jiaoke_eec_start3|g3-upper|r070|bag,jiaoke_eec_start3,3年级上,3,上,70,bag,bag,[bæɡ],[bæɡ],"n. 袋;猎获物;(俚)一瓶啤酒 vt. 猎获;把...装入袋中;占据,私吞;使膨大 vi. 松垂",教科版EEC三年级起点三年级上.xlsx
jiaoke_eec_start3|g3-upper|r071|book,jiaoke_eec_start3,3年级上,3,上,71,book,book,[bʊk],[bʊk],n. 书籍;卷;帐簿;名册;工作簿 vt. 预订;登记,教科版EEC三年级起点三年级上.xlsx
jiaoke_eec_start3|g3-upper|r072|desk,jiaoke_eec_start3,3年级上,3,上,72,desk,desk,[desk],[desk],n. 办公桌;服务台;编辑部;(美)讲道台;乐谱架 adj. 书桌的;桌上用的;伏案做的,教科版EEC三年级起点三年级上.xlsx
jiaoke_eec_start3|g3-upper|r073|chair,jiaoke_eec_start3,3年级上,3,上,73,chair,chair,[tʃeə(r)],[tʃer],n. 椅子;讲座;(会议的)主席位;大学教授的职位 vt. 担任(会议的)主席;使...入座;使就任要职,教科版EEC三年级起点三年级上.xlsx
jiaoke_eec_start3|g3-upper|r074|stand,jiaoke_eec_start3,3年级上,3,上,74,stand,stand,[stænd],[stænd],n. 站立;立场;看台;停止 vi. 站立;位于;停滞 vt. 使站立;忍受;抵抗,教科版EEC三年级起点三年级上.xlsx
jiaoke_eec_start3|g3-upper|r075|up,jiaoke_eec_start3,3年级上,3,上,75,up,up,[ʌp],[ʌp],prep. 在...之上;向...的较高处 n. 上升;繁荣 adj. 涨的;起床的;向上的 adv. 起来;上涨;向上,教科版EEC三年级起点三年级上.xlsx
jiaoke_eec_start3|g3-upper|r076|stand up,jiaoke_eec_start3,3年级上,3,上,76,stand up,stand up,[ˈstænd ʌp],[ˈstænd ʌp],na. 站起来;持久;露头角;〔美俚〕背约,教科版EEC三年级起点三年级上.xlsx
jiaoke_eec_start3|g3-upper|r077|goat,jiaoke_eec_start3,3年级上,3,上,77,goat,goat,[ɡəʊt],[goʊt],n. 山羊;替罪羊(美俚);色鬼(美俚),教科版EEC三年级起点三年级上.xlsx
jiaoke_eec_start3|g3-upper|r078|hippo,jiaoke_eec_start3,3年级上,3,上,78,hippo,hippo,[ˈhɪpəʊ],[ˈhɪpoʊ],n. 河马;吐根,教科版EEC三年级起点三年级上.xlsx
jiaoke_eec_start3|g3-upper|r079|insect,jiaoke_eec_start3,3年级上,3,上,79,insect,insect,[ˈɪnsekt],[ˈɪnsekt],n. 昆虫;卑鄙的人,教科版EEC三年级起点三年级上.xlsx
jiaoke_eec_start3|g3-upper|r080|ruler,jiaoke_eec_start3,3年级上,3,上,80,ruler,ruler,[ˈruːlə(r)],[ˈruːlər],"n. 尺;统治者;[测] 划线板,划线的人",教科版EEC三年级起点三年级上.xlsx
jiaoke_eec_start3|g3-upper|r081|who,jiaoke_eec_start3,3年级上,3,上,81,who,who,[huː],[huː],pron. 谁;什么人,教科版EEC三年级起点三年级上.xlsx
jiaoke_eec_start3|g3-upper|r082|she,jiaoke_eec_start3,3年级上,3,上,82,she,she,[ʃi],[ʃi; ʃiː],n. 女人;雌性动物 pron. 她(主格);它(用来指雌性动物或国家、船舶、地球、月亮等),教科版EEC三年级起点三年级上.xlsx
jiaoke_eec_start3|g3-upper|r083|dad,jiaoke_eec_start3,3年级上,3,上,83,dad,dad,[dæd],[dæd],n. 爸爸;爹爹,教科版EEC三年级起点三年级上.xlsx
jiaoke_eec_start3|g3-upper|r084|and,jiaoke_eec_start3,3年级上,3,上,84,and,and,[ənd],[ənd; ən; n; ænd],"conj. 和,与;就;而且;但是;然后",教科版EEC三年级起点三年级上.xlsx
jiaoke_eec_start3|g3-upper|r085|me,jiaoke_eec_start3,3年级上,3,上,85,me,me,[mi; miː],[mi; miː],pron. 我(宾格) n. 自我;极端自私的人;自我的一部分,教科版EEC三年级起点三年级上.xlsx
jiaoke_eec_start3|g3-upper|r086|sister,jiaoke_eec_start3,3年级上,3,上,86,sister,sister,[ˈsɪstə(r)],[ˈsɪstər],n. 姐妹;(称志同道合者)姐妹;修女;护士 adj. 姐妹般的;同类型的,教科版EEC三年级起点三年级上.xlsx
jiaoke_eec_start3|g3-upper|r087|he,jiaoke_eec_start3,3年级上,3,上,87,he,he,[hi; iː; i; hiː],[hi; iː; i; hiː],"n. 男孩,男人;它(雄性动物) pron. 他",教科版EEC三年级起点三年级上.xlsx
jiaoke_eec_start3|g3-upper|r088|brother,jiaoke_eec_start3,3年级上,3,上,88,brother,brother,[ˈbrʌðə(r)],[ˈbrʌðər],n. 兄弟;同事;战友 int. 我的老兄!,教科版EEC三年级起点三年级上.xlsx
jiaoke_eec_start3|g3-upper|r089|put,jiaoke_eec_start3,3年级上,3,上,89,put,put,[pʊt],[pʊt],n. 掷;笨蛋;投击;怪人 adj. 固定不动的 vi. 出发;击;航行;发芽 vt. 放;表达;移动;安置;赋予,教科版EEC三年级起点三年级上.xlsx
jiaoke_eec_start3|g3-upper|r090|put down,jiaoke_eec_start3,3年级上,3,上,90,put down,put down,[ˈpʊt daʊn],[pʊt daʊn],na. 平定;贬低(的话);(飞机的)降落,教科版EEC三年级起点三年级上.xlsx
jiaoke_eec_start3|g3-upper|r091|pick,jiaoke_eec_start3,3年级上,3,上,91,pick,pick,[pɪk],[pɪk],n. 选择;鹤嘴锄;挖;掩护 vi. 挑选;采摘;挖 vt. 拾取;精选;采摘;掘,教科版EEC三年级起点三年级上.xlsx
jiaoke_eec_start3|g3-upper|r092|pick up,jiaoke_eec_start3,3年级上,3,上,92,pick up,pick up,,,v. 拾起;探出;重新开始,教科版EEC三年级起点三年级上.xlsx
jiaoke_eec_start3|g3-upper|r093|jet,jiaoke_eec_start3,3年级上,3,上,93,jet,jet,[dʒet],[dʒet],"n. 喷射,喷嘴;喷气式飞机;黑玉 adj. 墨黑的 vt. 射出 vi. 射出;[航] 乘喷气式飞机",教科版EEC三年级起点三年级上.xlsx
jiaoke_eec_start3|g3-upper|r094|kangaroo,jiaoke_eec_start3,3年级上,3,上,94,kangaroo,kangaroo,[ˌkæŋɡəˈruː],[ˌkæŋɡəˈruː],n. 袋鼠,教科版EEC三年级起点三年级上.xlsx
jiaoke_eec_start3|g3-upper|r095|lion,jiaoke_eec_start3,3年级上,3,上,95,lion,lion,[ˈlaɪən],[ˈlaɪən],n. 狮子;名人;勇猛的人;社交场合的名流,教科版EEC三年级起点三年级上.xlsx
jiaoke_eec_start3|g3-upper|r096|cap,jiaoke_eec_start3,3年级上,3,上,96,cap,cap,[kæp],[kæp],n. 盖;帽子 vt. 覆盖;胜过;给...戴帽;加盖于 vi. 脱帽致意,教科版EEC三年级起点三年级上.xlsx
jiaoke_eec_start3|g3-upper|r097|car,jiaoke_eec_start3,3年级上,3,上,97,car,car,[kɑː(r)],[kɑːr],n. 汽车;车厢,教科版EEC三年级起点三年级上.xlsx
jiaoke_eec_start3|g3-upper|r098|monster,jiaoke_eec_start3,3年级上,3,上,98,monster,monster,[ˈmɒnstə(r)],[ˈmɑːnstər],"n. 怪物;巨人,巨兽;残忍的人 adj. 巨大的,庞大的",教科版EEC三年级起点三年级上.xlsx
jiaoke_eec_start3|g3-upper|r099|oh,jiaoke_eec_start3,3年级上,3,上,99,oh,oh,[əʊ],[oʊ],int. 哦;哎呀(表示惊讶或恐惧等),教科版EEC三年级起点三年级上.xlsx
jiaoke_eec_start3|g3-upper|r100|ouch,jiaoke_eec_start3,3年级上,3,上,100,ouch,ouch,[aʊtʃ],[aʊtʃ],n. 扣环 int. 哎哟(突然疼痛时发出的声音),教科版EEC三年级起点三年级上.xlsx
jiaoke_eec_start3|g3-upper|r101|ball,jiaoke_eec_start3,3年级上,3,上,101,ball,ball,[bɔːl],[bɔːl],n. 球;舞会 vt. 捏成球形 vi. 成团块,教科版EEC三年级起点三年级上.xlsx
jiaoke_eec_start3|g3-upper|r102|look,jiaoke_eec_start3,3年级上,3,上,102,look,look,[lʊk],[lʊk],vt. 看;期待;注意;面向;看上去像 vi. 看;看起来;注意;面向 n. 看;样子;面容,教科版EEC三年级起点三年级上.xlsx
jiaoke_eec_start3|g3-upper|r103|look at,jiaoke_eec_start3,3年级上,3,上,103,look at,look at,,,na. 看;考虑,教科版EEC三年级起点三年级上.xlsx
jiaoke_eec_start3|g3-upper|r104|head,jiaoke_eec_start3,3年级上,3,上,104,head,head,[hed],[hed],n. 头;头痛;上端;最前的部分;理解力 adj. 头的;主要的;在顶端的 vt. 前进;用头顶;作为...的首领;站在...的前头;给...加标题 vi. 出发;成头状物;船驶往,教科版EEC三年级起点三年级上.xlsx
jiaoke_eec_start3|g3-upper|r105|sorry,jiaoke_eec_start3,3年级上,3,上,105,sorry,sorry,[ˈsɒri],[ˈsɑːri],"adj. 遗憾的;对不起的,抱歉的 int. 对不起,抱歉(表示委婉的拒绝等)",教科版EEC三年级起点三年级上.xlsx
jiaoke_eec_start3|g3-upper|r106|put up,jiaoke_eec_start3,3年级上,3,上,106,put up,put up,,,"提供;建造;举起;提高;推举,提名;供给...住宿;直接行动",教科版EEC三年级起点三年级上.xlsx
jiaoke_eec_start3|g3-upper|r107|hand,jiaoke_eec_start3,3年级上,3,上,107,hand,hand,[hænd],[hænd],"n. 手,手艺;帮助;指针;插手 vt. 传递,交给;支持;搀扶",教科版EEC三年级起点三年级上.xlsx
jiaoke_eec_start3|g3-upper|r108|monkey,jiaoke_eec_start3,3年级上,3,上,108,monkey,monkey,[ˈmʌŋki],[ˈmʌŋki],n. 猴子;顽童 vi. 胡闹;捣蛋 vt. 嘲弄,教科版EEC三年级起点三年级上.xlsx
jiaoke_eec_start3|g3-upper|r109|nest,jiaoke_eec_start3,3年级上,3,上,109,nest,nest,[nest],[nest],"n. 巢,窝;安乐窝;温床 vt. 筑巢;嵌套 vi. 筑巢;找鸟巢",教科版EEC三年级起点三年级上.xlsx
jiaoke_eec_start3|g3-upper|r110|ox,jiaoke_eec_start3,3年级上,3,上,110,ox,ox,[ɒks],[ɑːks],n. 牛;公牛,教科版EEC三年级起点三年级上.xlsx
jiaoke_eec_start3|g3-upper|r111|number,jiaoke_eec_start3,3年级上,3,上,111,number,number,[ˈnʌmbə(r)],[ˈnʌmbər],n. 数;(杂志等的)期;号码;数字;算术 vi. 计入;总数达到 vt. 编号;计入;数...的数目;使为数有限,教科版EEC三年级起点三年级上.xlsx
jiaoke_eec_start3|g3-upper|r112|shirt,jiaoke_eec_start3,3年级上,3,上,112,shirt,shirt,[ʃɜːt],[ʃɜːrt],"n. 衬衫;汗衫,内衣",教科版EEC三年级起点三年级上.xlsx
jiaoke_eec_start3|g3-upper|r113|eight,jiaoke_eec_start3,3年级上,3,上,113,eight,eight,[eɪt],[eɪt],num. 八;八个;第八 n. 八字形 adj. 八的,教科版EEC三年级起点三年级上.xlsx
jiaoke_eec_start3|g3-upper|r114|ten,jiaoke_eec_start3,3年级上,3,上,114,ten,ten,[ten],[ten],"num. 十个,十",教科版EEC三年级起点三年级上.xlsx
jiaoke_eec_start3|g3-upper|r115|nine,jiaoke_eec_start3,3年级上,3,上,115,nine,nine,[naɪn],[naɪn],"n. 九,九个 num. 九;九个 adj. 九的,九个的",教科版EEC三年级起点三年级上.xlsx
jiaoke_eec_start3|g3-upper|r116|thank you,jiaoke_eec_start3,3年级上,3,上,116,thank you,thank you,[ˈθæŋk juː],[ˈθæŋk juː],int. (表示感激)谢谢你;(接受好意)好;(婉言谢绝)不用了 n. 感谢;谢意;酬谢;谢辞,教科版EEC三年级起点三年级上.xlsx
jiaoke_eec_start3|g3-upper|r117|six,jiaoke_eec_start3,3年级上,3,上,117,six,six,[sɪks],[sɪks],"num. 六,六个 n. 六,六个",教科版EEC三年级起点三年级上.xlsx
jiaoke_eec_start3|g3-upper|r118|seven,jiaoke_eec_start3,3年级上,3,上,118,seven,seven,[ˈsev(ə)n],[ˈsev(ə)n],"num. 七个,七 n. 七个,七 adj. 七的;七个的",教科版EEC三年级起点三年级上.xlsx
jiaoke_eec_start3|g3-upper|r119|four,jiaoke_eec_start3,3年级上,3,上,119,four,four,[fɔː(r)],[fɔːr],num. 四;四个 adj. 四的;四个的,教科版EEC三年级起点三年级上.xlsx
jiaoke_eec_start3|g3-upper|r120|ready,jiaoke_eec_start3,3年级上,3,上,120,ready,ready,[ˈredi],[ˈredi],n. 现款;预备好的状态 adj. 准备好;现成的;迅速的;情愿的;快要...的 vt. 使准备好 adv. 迅速地;预先,教科版EEC三年级起点三年级上.xlsx
jiaoke_eec_start3|g3-upper|r121|one,jiaoke_eec_start3,3年级上,3,上,121,one,one,[wʌn],[wʌn],pron. 一个人;任何人 adj. 一的;唯一的 n. 一 num. 一;一个,教科版EEC三年级起点三年级上.xlsx
jiaoke_eec_start3|g3-upper|r122|two,jiaoke_eec_start3,3年级上,3,上,122,two,two,[tuː],[tuː],num. 二 n. 两个 adj. 两个的,教科版EEC三年级起点三年级上.xlsx
jiaoke_eec_start3|g3-upper|r123|three,jiaoke_eec_start3,3年级上,3,上,123,three,three,[θriː],[θriː],"num. 三 n. 三,三个 adj. 三的,三个的",教科版EEC三年级起点三年级上.xlsx
jiaoke_eec_start3|g3-upper|r124|come on,jiaoke_eec_start3,3年级上,3,上,124,come on,come on,,,"na. (演员)出台;进行(很好);(暴风雨等)起;(病,苦痛等)加深",教科版EEC三年级起点三年级上.xlsx
jiaoke_eec_start3|g3-upper|r125|run,jiaoke_eec_start3,3年级上,3,上,125,run,run,[rʌn],[rʌn],"n. 奔跑;赛跑;趋向;奔跑的路程 vt. 管理,经营;运行;参赛 vi. 经营;奔跑;运转",教科版EEC三年级起点三年级上.xlsx
jiaoke_eec_start3|g3-upper|r126|five,jiaoke_eec_start3,3年级上,3,上,126,five,five,[faɪv],[faɪv],"num. 五,五个 n. 五,五个;五美元钞票 adj. 五的;五个的",教科版EEC三年级起点三年级上.xlsx
jiaoke_eec_start3|g3-upper|r127|first,jiaoke_eec_start3,3年级上,3,上,127,first,first,[fɜːst],[fɜːrst],num. 第一 n. 第一;开始;冠军 adj. 第一的;基本的;最早的 adv. 第一;首先;优先;宁愿,教科版EEC三年级起点三年级上.xlsx
jiaoke_eec_start3|g3-upper|r128|jump,jiaoke_eec_start3,3年级上,3,上,128,jump,jump,[dʒʌmp],[dʒʌmp],n. 跳跃;暴涨;惊跳 vt. 跳跃;使跳跃;跳过;突升 vi. 跳跃;暴涨;猛增,教科版EEC三年级起点三年级上.xlsx
jiaoke_eec_start3|g3-upper|r129|walk,jiaoke_eec_start3,3年级上,3,上,129,walk,walk,[wɔːk],[wɔːk],"n. 步行,走;散步 vi. 走,步行;散步 vt. 散步;走过",教科版EEC三年级起点三年级上.xlsx
jiaoke_eec_start3|g3-upper|r130|panda,jiaoke_eec_start3,3年级上,3,上,130,panda,panda,[ˈpændə],[ˈpændə],n. 熊猫;猫熊,教科版EEC三年级起点三年级上.xlsx
jiaoke_eec_start3|g3-upper|r131|queen,jiaoke_eec_start3,3年级上,3,上,131,queen,queen,[kwiːn],[kwiːn],"n. 女王,王后;(纸牌中的)皇后;(蜜蜂等的)蜂王 vt. 使...成为女王或王后 vi. 做女王",教科版EEC三年级起点三年级上.xlsx
jiaoke_eec_start3|g3-upper|r132|rabbit,jiaoke_eec_start3,3年级上,3,上,132,rabbit,rabbit,[ˈræbɪt],[ˈræbɪt],"n. 兔子,野兔 vt. 让...见鬼去吧 vi. 猎兔",教科版EEC三年级起点三年级上.xlsx
jiaoke_eec_start3|g3-upper|r133|close,jiaoke_eec_start3,3年级上,3,上,133,close,close,[kləʊz],[kloʊz; kloʊs],n. 结束 adj. 紧密的;亲密的;亲近的 vt. 关;结束;使靠近 vi. 关;结束;关闭 adv. 紧密地,教科版EEC三年级起点三年级上.xlsx
jiaoke_eec_start3|g3-upper|r134|eye,jiaoke_eec_start3,3年级上,3,上,134,eye,eye,[aɪ],[aɪ],"n. 眼睛;视力;眼光;见解,观点 vt. 注视,看",教科版EEC三年级起点三年级上.xlsx
jiaoke_eec_start3|g3-upper|r135|look out,jiaoke_eec_start3,3年级上,3,上,135,look out,look out,[lʊk aʊt],[lʊk aʊt],na. 挑选;注意;看外头;展望 (on;over),教科版EEC三年级起点三年级上.xlsx
jiaoke_eec_start3|g3-upper|r136|that's all right.,jiaoke_eec_start3,3年级上,3,上,136,That's all right.,that's all right.,,,"[用于回答别人的道歉、感谢等]不要紧,没关系,没什么",教科版EEC三年级起点三年级上.xlsx
jiaoke_eec_start3|g3-upper|r137|now,jiaoke_eec_start3,3年级上,3,上,137,now,now,[naʊ],[naʊ],adv. 现在;如今;立刻 adj. 现在的 n. 现在;目前 conj. 由于;既然,教科版EEC三年级起点三年级上.xlsx
jiaoke_eec_start3|g3-upper|r138|open,jiaoke_eec_start3,3年级上,3,上,138,open,open,[ˈəʊpən],[ˈoʊpən],adj. 公开的;敞开的;空旷的;坦率的;营业着的 vi. 开始;展现 vt. 公开;打开 n. 公开;空旷;户外,教科版EEC三年级起点三年级上.xlsx
jiaoke_eec_start3|g3-upper|r139|move,jiaoke_eec_start3,3年级上,3,上,139,move,move,[muːv],[muːv],"n. 移动;步骤;迁居;策略 vi. 移动;搬家,迁移;离开 vt. 移动;感动",教科版EEC三年级起点三年级上.xlsx
jiaoke_eec_start3|g3-upper|r140|foot,jiaoke_eec_start3,3年级上,3,上,140,foot,foot,[fʊt],[fʊt],n. 脚;英尺;步调;末尾 vt. 支付;给......换底 vi. 步行;跳舞;总计,教科版EEC三年级起点三年级上.xlsx
jiaoke_eec_start3|g3-upper|r141|feet,jiaoke_eec_start3,3年级上,3,上,141,feet,feet,[fiːt],[fiːt],n. 脚(foot的复数形式);尺;韵脚,教科版EEC三年级起点三年级上.xlsx
jiaoke_eec_start3|g3-upper|r142|wave,jiaoke_eec_start3,3年级上,3,上,142,wave,wave,[weɪv],[weɪv],n. 波动;波浪;高潮;挥手示意;卷曲 vt. 卷(烫)发;向...挥手示意;使成波浪形 vi. 波动;起伏;挥手示意;摇动;呈波形,教科版EEC三年级起点三年级上.xlsx
jiaoke_eec_start3|g3-upper|r143|sure,jiaoke_eec_start3,3年级上,3,上,143,sure,sure,[ʃʊə(r)],[ʃʊr],adj. 确信的;可靠的;必定的 adv. 当然;的确,教科版EEC三年级起点三年级上.xlsx
jiaoke_eec_start3|g3-upper|r144|shoe,jiaoke_eec_start3,3年级上,3,上,144,shoe,shoe,[ʃuː],[ʃuː],n. 鞋;蹄铁;外胎 vt. 给......穿上鞋;穿......鞋,教科版EEC三年级起点三年级上.xlsx
jiaoke_eec_start3|g3-upper|r145|ear,jiaoke_eec_start3,3年级上,3,上,145,ear,ear,[ɪə(r)],[ɪr],n. 耳朵;穗;听觉;倾听 vi. (美俚)听见;抽穗,教科版EEC三年级起点三年级上.xlsx
jiaoke_eec_start3|g3-upper|r146|nose,jiaoke_eec_start3,3年级上,3,上,146,nose,nose,[nəʊz],[noʊz],n. 鼻子;嗅觉;突出的部分;探问 vt. 嗅;用鼻子触 vi. 小心探索着前进;探问,教科版EEC三年级起点三年级上.xlsx
jiaoke_eec_start3|g3-upper|r147|mouth,jiaoke_eec_start3,3年级上,3,上,147,mouth,mouth,[maʊθ],[maʊθ],"n. 口,嘴;河口 vt. 做作地说,装腔作势地说;喃喃地说出 vi. 装腔作势说话",教科版EEC三年级起点三年级上.xlsx
jiaoke_eec_start3|g3-upper|r148|draw,jiaoke_eec_start3,3年级上,3,上,148,draw,draw,[drɔː],[drɔː],n. 平局;抽签 vi. 拉;拖 vt. 画;拉;吸引,教科版EEC三年级起点三年级上.xlsx
jiaoke_eec_start3|g3-upper|r149|seal,jiaoke_eec_start3,3年级上,3,上,149,seal,seal,[siːl],[siːl],n. 密封;印章;海豹;封条;标志 vt. 密封;盖章 vi. 猎海豹,教科版EEC三年级起点三年级上.xlsx
jiaoke_eec_start3|g3-upper|r150|tiger,jiaoke_eec_start3,3年级上,3,上,150,tiger,tiger,[ˈtaɪɡə(r)],[ˈtaɪɡər],n. 老虎;凶暴的人,教科版EEC三年级起点三年级上.xlsx
jiaoke_eec_start3|g3-upper|r151|umbrella,jiaoke_eec_start3,3年级上,3,上,151,umbrella,umbrella,[ʌmˈbrelə],[ʌmˈbrelə],n. 雨伞;保护伞;庇护;伞形结构,教科版EEC三年级起点三年级上.xlsx
jiaoke_eec_start3|g3-upper|r152|wow,jiaoke_eec_start3,3年级上,3,上,152,wow,wow,[waʊ],[waʊ],"n. 极大的成功;一鸣惊人之举;魔兽世界(World of Warcraft);失真 int. (表示极大的惊奇或钦佩)哇,呀",教科版EEC三年级起点三年级上.xlsx
jiaoke_eec_start3|g3-upper|r153|very,jiaoke_eec_start3,3年级上,3,上,153,very,very,[ˈveri],[ˈveri],"adv. 非常,很;完全 adj. 恰好是,正是;甚至;十足的;特有的",教科版EEC三年级起点三年级上.xlsx
jiaoke_eec_start3|g3-upper|r154|big,jiaoke_eec_start3,3年级上,3,上,154,big,big,[bɪɡ],[bɪɡ],adj. 大的;重要的;量大的 adv. 大量地;顺利;夸大地,教科版EEC三年级起点三年级上.xlsx
jiaoke_eec_start3|g3-upper|r155|so,jiaoke_eec_start3,3年级上,3,上,155,so,so,[səʊ],[soʊ],"conj. 所以;因此 adv. 如此,这么;确是如此 pron. 这样",教科版EEC三年级起点三年级上.xlsx
jiaoke_eec_start3|g3-upper|r156|small,jiaoke_eec_start3,3年级上,3,上,156,small,small,[smɔːl],[smɔːl],"n. 小件物品;矮小的人 adj. 少的,小的;微弱的;几乎没有的;不重要的;幼小的 adv. 小小地;卑鄙地",教科版EEC三年级起点三年级上.xlsx
jiaoke_eec_start3|g3-upper|r157|cool,jiaoke_eec_start3,3年级上,3,上,157,cool,cool,[kuːl],[kuːl],n. 凉爽;凉爽的空气 adj. 凉爽的;冷静的;出色的 vt. 使...冷却;使...平静下来 vi. 变凉;平息 adv. 冷静地,教科版EEC三年级起点三年级上.xlsx
jiaoke_eec_start3|g3-upper|r158|smart,jiaoke_eec_start3,3年级上,3,上,158,smart,smart,[smɑːt],[smɑːrt],adj. 聪明的;巧妙的;敏捷的;厉害的;潇洒的;剧烈的;时髦的,教科版EEC三年级起点三年级上.xlsx
jiaoke_eec_start3|g3-upper|r159|watch,jiaoke_eec_start3,3年级上,3,上,159,watch,watch,[wɒtʃ],[wɑːtʃ],"n. 手表;监视;守护;值班人 vt. 观察;注视;看守;警戒 vi. 观看,注视;守侯,看守",教科版EEC三年级起点三年级上.xlsx
jiaoke_eec_start3|g3-upper|r160|get,jiaoke_eec_start3,3年级上,3,上,160,get,get,[ɡet],[ɡet],n. 生殖;幼兽 vi. 成为;变得;到达 vt. 使得;获得;受到;变成,教科版EEC三年级起点三年级上.xlsx
jiaoke_eec_start3|g3-upper|r161|bird,jiaoke_eec_start3,3年级上,3,上,161,bird,bird,[bɜːd],[bɜːrd],n. 鸟;家伙;羽毛球 vt. 向...喝倒彩;起哄 vi. 猎鸟;观察研究野鸟,教科版EEC三年级起点三年级上.xlsx
jiaoke_eec_start3|g3-upper|r162|window,jiaoke_eec_start3,3年级上,3,上,162,window,window,[ˈwɪndəʊ],[ˈwɪndoʊ],n. 窗;窗口;窗户,教科版EEC三年级起点三年级上.xlsx
jiaoke_eec_start3|g3-upper|r163|violin,jiaoke_eec_start3,3年级上,3,上,163,violin,violin,[ˌvaɪəˈlɪn],[ˌvaɪəˈlɪn],n. 小提琴;小提琴手,教科版EEC三年级起点三年级上.xlsx
jiaoke_eec_start3|g3-upper|r164|fox,jiaoke_eec_start3,3年级上,3,上,164,fox,fox,[fɒks],[fɑːks],n. 狐狸;狡猾的人 vt. 欺骗;使变酸 vi. 假装;耍狡猾手段,教科版EEC三年级起点三年级上.xlsx
jiaoke_eec_start3|g3-upper|r165|like,jiaoke_eec_start3,3年级上,3,上,165,like,like,[laɪk],[laɪk],vt. 喜欢;想;愿意 vi. 喜欢;希望 prep. 像;如同 adj. 同样的;相似的 n. 爱好;同样的人或物 adv. 可能 conj. 好像,教科版EEC三年级起点三年级上.xlsx
jiaoke_eec_start3|g3-upper|r166|there,jiaoke_eec_start3,3年级上,3,上,166,there,there,[ðeə(r)],[ðer],n. 那个地方 adv. 在那里;在那边;在那点上 int. 你瞧,教科版EEC三年级起点三年级上.xlsx
jiaoke_eec_start3|g3-upper|r167|giraffe,jiaoke_eec_start3,3年级上,3,上,167,giraffe,giraffe,[dʒəˈrɑːf],[dʒəˈræf],n. 长颈鹿,教科版EEC三年级起点三年级上.xlsx
jiaoke_eec_start3|g3-upper|r168|tall,jiaoke_eec_start3,3年级上,3,上,168,tall,tall,[tɔːl],[tɔːl],adj. 高的;长的;过分的;夸大的 adv. 夸大地,教科版EEC三年级起点三年级上.xlsx
jiaoke_eec_start3|g3-upper|r169|cute,jiaoke_eec_start3,3年级上,3,上,169,cute,cute,[kjuːt],[kjuːt],"adj. 可爱的;漂亮的;聪明的,伶俐的",教科版EEC三年级起点三年级上.xlsx
jiaoke_eec_start3|g3-upper|r170|write,jiaoke_eec_start3,3年级上,3,上,170,write,write,[raɪt],[raɪt],"vi. 写,写字;写作,作曲;写信 vt. 写,书写;写信给;著述",教科版EEC三年级起点三年级上.xlsx
jiaoke_eec_start3|g3-upper|r171|letter,jiaoke_eec_start3,3年级上,3,上,171,letter,letter,[ˈletə(r)],[ˈletər],"n. 信;字母,文字;证书;文学,学问;字面意义 vt. 写字母于 vi. 写印刷体字母",教科版EEC三年级起点三年级上.xlsx
jiaoke_eec_start3|g3-upper|r172|read,jiaoke_eec_start3,3年级上,3,上,172,read,read,[riːd],[riːd],"n. 阅读;读物 adj. 有学问的 vi. 读;读起来 vt. 阅读;读懂,理解",教科版EEC三年级起点三年级上.xlsx
jiaoke_eec_start3|g3-upper|r173|word,jiaoke_eec_start3,3年级上,3,上,173,word,word,[wɜːd],[wɜːrd],n. [语] 单词;话语;消息;诺言;命令 vt. 用言辞表达,教科版EEC三年级起点三年级上.xlsx
jiaoke_eec_start3|g3-upper|r174|yo-yo,jiaoke_eec_start3,3年级上,3,上,174,yo-yo,yo-yo,[ˈjəʊ jəʊ],[ˈjoʊ joʊ],n. 溜溜球(一种线轴般的玩具);优柔寡断 adj. 上下起落的;摇摆不定的 vi. 摇摆不定;上下起落,教科版EEC三年级起点三年级上.xlsx
jiaoke_eec_start3|g3-upper|r175|zebra,jiaoke_eec_start3,3年级上,3,上,175,zebra,zebra,[ˈzebrə],[ˈziːbrə],n. [脊椎] 斑马 adj. 有斑纹的,教科版EEC三年级起点三年级上.xlsx
jiaoke_eec_start3|g3-lower|r002|hungry,jiaoke_eec_start3,3年级下,3,下,2,hungry,hungry,[ˈhʌŋɡri],[ˈhʌŋɡri],adj. 饥饿的;渴望的;荒年的;不毛的,教科版EEC三年级起点三年级下.xlsx
jiaoke_eec_start3|g3-lower|r003|home,jiaoke_eec_start3,3年级下,3,下,3,home,home,[həʊm],[hoʊm],"n. 家,住宅;产地;家乡;避难所 adj. 国内的,家庭的;有效的 vt. 归巢,回家 adv. 在家,回家;深入地",教科版EEC三年级起点三年级下.xlsx
jiaoke_eec_start3|g3-lower|r004|sick,jiaoke_eec_start3,3年级下,3,下,4,sick,sick,[sɪk],[sɪk],adj. 厌恶的;病态的;不舒服;渴望的;恶心的 ;生病的 n. 病人 vt. 使狗去咬;呕吐;追击,教科版EEC三年级起点三年级下.xlsx
jiaoke_eec_start3|g3-lower|r005|some,jiaoke_eec_start3,3年级下,3,下,5,some,some,[sʌm],[sʌm; səm],adj. 一些;某个;大约;相当多的 pron. 一些;若干;其中的一部分;(数量不确切时用)有些人 adv. 非常;相当;<美>稍微,教科版EEC三年级起点三年级下.xlsx
jiaoke_eec_start3|g3-lower|r006|sandwich,jiaoke_eec_start3,3年级下,3,下,6,sandwich,sandwich,[ˈsænwɪtʃ; ˈsænwɪdʒ],[ˈsænwɪtʃ; ˈsænwɪdʒ],n. 三明治;夹心面包 vt. 夹入;挤进;把...做成三明治,教科版EEC三年级起点三年级下.xlsx
jiaoke_eec_start3|g3-lower|r007|hot,jiaoke_eec_start3,3年级下,3,下,7,hot,hot,[hɒt],[hɑːt],adj. 热的;辣的;热情的;激动的;紧迫的 vt. 增加;给...加温 adv. 热;紧迫地 vi. 变热,教科版EEC三年级起点三年级下.xlsx
jiaoke_eec_start3|g3-lower|r008|hot dog,jiaoke_eec_start3,3年级下,3,下,8,hot dog,hot dog,,,n. 热狗(香肠面包);(滑雪、滑雪板运动或冲浪的)灵巧动作表演者 adj. 〈美俚〉极好的,教科版EEC三年级起点三年级下.xlsx
jiaoke_eec_start3|g3-lower|r009|great,jiaoke_eec_start3,3年级下,3,下,9,great,great,[ɡreɪt],[ɡreɪt],"n. 大师;大人物;伟人们 adj. 伟大的,重大的;极好的,好的;主要的",教科版EEC三年级起点三年级下.xlsx
jiaoke_eec_start3|g3-lower|r010|thirsty,jiaoke_eec_start3,3年级下,3,下,10,thirsty,thirsty,[ˈθɜːsti],[ˈθɜːrsti],"adj. 口渴的,口干的;渴望的,热望的",教科版EEC三年级起点三年级下.xlsx
jiaoke_eec_start3|g3-lower|r011|milk,jiaoke_eec_start3,3年级下,3,下,11,milk,milk,[mɪlk],[mɪlk],n. 牛奶;乳状物 vt. 榨取;挤...的奶 vi. 挤奶,教科版EEC三年级起点三年级下.xlsx
jiaoke_eec_start3|g3-lower|r012|want,jiaoke_eec_start3,3年级下,3,下,12,want,want,[wɒnt],[wɑːnt],n. 需要;缺乏;贫困;必需品 vt. 需要;希望;应该;缺少 vi. 需要;缺少,教科版EEC三年级起点三年级下.xlsx
jiaoke_eec_start3|g3-lower|r013|water,jiaoke_eec_start3,3年级下,3,下,13,water,water,[ˈwɔːtə(r)],[ˈwɔːtər],"n. 水;海水;雨水;海域,大片的水 vt. 使湿;供以水;给...浇水 vi. 加水;流泪;流口水",教科版EEC三年级起点三年级下.xlsx
jiaoke_eec_start3|g3-lower|r014|more,jiaoke_eec_start3,3年级下,3,下,14,more,more,[mɔː(r)],[mɔːr],adv. 更多;此外;更大程度地 adj. 更多的;附加的 pron. 更多的数量 n. 更多,教科版EEC三年级起点三年级下.xlsx
jiaoke_eec_start3|g3-lower|r015|full,jiaoke_eec_start3,3年级下,3,下,15,full,full,[fʊl],[fʊl],"n. 全部;完整 adj. 完全的,完整的;满的,充满的;丰富的;完美的;丰满的;详尽的 vt. 把衣服缝得宽大 adv. 十分,非常;完全地;整整",教科版EEC三年级起点三年级下.xlsx
jiaoke_eec_start3|g3-lower|r016|let's,jiaoke_eec_start3,3年级下,3,下,16,let's,let's,,,让我们(let us的简写),教科版EEC三年级起点三年级下.xlsx
jiaoke_eec_start3|g3-lower|r017|clean,jiaoke_eec_start3,3年级下,3,下,17,clean,clean,[kliːn],[kliːn],"n. 打扫 adj. 清洁的,干净的;清白的 vt. 使干净 vi. 打扫,清扫 adv. 完全地",教科版EEC三年级起点三年级下.xlsx
jiaoke_eec_start3|g3-lower|r018|clean up,jiaoke_eec_start3,3年级下,3,下,18,clean up,clean up,[ˈkliːn ʌp],[ˈkliːn ʌp],na. 收拾干净;【机械工程】改正;〔俚语〕赚厚利,教科版EEC三年级起点三年级下.xlsx
jiaoke_eec_start3|g3-lower|r019|all right,jiaoke_eec_start3,3年级下,3,下,19,all right,all right,[ˌɔːl ˈraɪt],[ɔːl raɪt],adj. 可接受(的);满意(的);安全健康(的);平安无恙(的) int. 是不是;(表示同意)好;没什么;(引起注意)哎,教科版EEC三年级起点三年级下.xlsx
jiaoke_eec_start3|g3-lower|r020|apple,jiaoke_eec_start3,3年级下,3,下,20,apple,apple,[ˈæp(ə)l],[ˈæpl],"n. 苹果,苹果树,苹果似的东西;[美俚]炸弹,手榴弹,(棒球的)球;[美俚]人,家伙。",教科版EEC三年级起点三年级下.xlsx
jiaoke_eec_start3|g3-lower|r021|bread,jiaoke_eec_start3,3年级下,3,下,21,bread,bread,[bred],[bred],n. 面包;生计 vt. 在...上洒面包屑,教科版EEC三年级起点三年级下.xlsx
jiaoke_eec_start3|g3-lower|r022|table,jiaoke_eec_start3,3年级下,3,下,22,table,table,[ˈteɪb(ə)l],[ˈteɪbl],n. 桌子;表格;平地层 vt. 制表;搁置;嵌合 adj. 桌子的,教科版EEC三年级起点三年级下.xlsx
jiaoke_eec_start3|g3-lower|r023|how old ...?,jiaoke_eec_start3,3年级下,3,下,23,How old ...?,how old ...?,,,conj. 多少岁,教科版EEC三年级起点三年级下.xlsx
jiaoke_eec_start3|g3-lower|r024|today,jiaoke_eec_start3,3年级下,3,下,24,today,today,[təˈdeɪ],[təˈdeɪ],n. 今天;现今 adv. 今天;现今,教科版EEC三年级起点三年级下.xlsx
jiaoke_eec_start3|g3-lower|r025|birthday,jiaoke_eec_start3,3年级下,3,下,25,birthday,birthday,[ˈbɜːθdeɪ],[ˈbɜːrθdeɪ],"n. 生日,诞辰;诞生的日子",教科版EEC三年级起点三年级下.xlsx
jiaoke_eec_start3|g3-lower|r026|happy,jiaoke_eec_start3,3年级下,3,下,26,happy,happy,[ˈhæpi],[ˈhæpi],adj. 幸福的;高兴的;巧妙的,教科版EEC三年级起点三年级下.xlsx
jiaoke_eec_start3|g3-lower|r027|sixteen,jiaoke_eec_start3,3年级下,3,下,27,sixteen,sixteen,[ˌsɪksˈtiːn],[ˌsɪksˈtiːn],"num. 十六 adj. 十六的,十六个的",教科版EEC三年级起点三年级下.xlsx
jiaoke_eec_start3|g3-lower|r028|eleven,jiaoke_eec_start3,3年级下,3,下,28,eleven,eleven,[ɪˈlev(ə)n],[ɪˈlevn],num. 十一;十一个 n. 十一;十一个 adj. 十一的;十一个的,教科版EEC三年级起点三年级下.xlsx
jiaoke_eec_start3|g3-lower|r029|twelve,jiaoke_eec_start3,3年级下,3,下,29,twelve,twelve,[twelv],[twelv],num. 十二;十二个 n. 十二;十二个 adj. 十二的;十二,教科版EEC三年级起点三年级下.xlsx
jiaoke_eec_start3|g3-lower|r030|thirteen,jiaoke_eec_start3,3年级下,3,下,30,thirteen,thirteen,[ˌθɜːˈtiːn],[ˌθɜːrˈtiːn],n. 十三;十三岁;十三个 num. 十三 adj. 十三的;十三个的,教科版EEC三年级起点三年级下.xlsx
jiaoke_eec_start3|g3-lower|r031|fourteen,jiaoke_eec_start3,3年级下,3,下,31,fourteen,fourteen,[ˌfɔːˈtiːn],[ˌfɔːrˈtiːn],num. 十四;十四个;第十四 n. 十四的记号;十四岁;十四点钟;十五世纪,教科版EEC三年级起点三年级下.xlsx
jiaoke_eec_start3|g3-lower|r032|fifteen,jiaoke_eec_start3,3年级下,3,下,32,fifteen,fifteen,[ˌfɪfˈtiːn],[ˌfɪfˈtiːn],n. 十五;十五个;十五人组成的橄榄球队 num. 十五 adj. 十五的,教科版EEC三年级起点三年级下.xlsx
jiaoke_eec_start3|g3-lower|r033|for,jiaoke_eec_start3,3年级下,3,下,33,for,for,[fə(r)],[fər; fɔːr],"prep. 为,为了;因为;给;对于;至于;适合于 conj. 因为",教科版EEC三年级起点三年级下.xlsx
jiaoke_eec_start3|g3-lower|r034|you're welcome.,jiaoke_eec_start3,3年级下,3,下,34,You're welcome.,you're welcome.,,,不客气;别客气;不用谢,教科版EEC三年级起点三年级下.xlsx
jiaoke_eec_start3|g3-lower|r035|cake,jiaoke_eec_start3,3年级下,3,下,35,cake,cake,[keɪk],[keɪk],n. 蛋糕;块状物;利益总额 vt. 使结块 vi. 结成块状,教科版EEC三年级起点三年级下.xlsx
jiaoke_eec_start3|g3-lower|r036|candle,jiaoke_eec_start3,3年级下,3,下,36,candle,candle,[ˈkænd(ə)l],[ˈkændl],n. 蜡烛;烛光;烛形物 vt. 对着光检查,教科版EEC三年级起点三年级下.xlsx
jiaoke_eec_start3|g3-lower|r037|how many ...?,jiaoke_eec_start3,3年级下,3,下,37,How many ...?,how many ...?,,,na. 多少,教科版EEC三年级起点三年级下.xlsx
jiaoke_eec_start3|g3-lower|r038|count,jiaoke_eec_start3,3年级下,3,下,38,count,count,[kaʊnt],[kaʊnt],n. 计数;计算;伯爵 vt. 计算;认为 vi. 计数;有价值,教科版EEC三年级起点三年级下.xlsx
jiaoke_eec_start3|g3-lower|r039|them,jiaoke_eec_start3,3年级下,3,下,39,them,them,[ðəm; ðem],[ðəm; ðem],pron. 他们;它们;她们,教科版EEC三年级起点三年级下.xlsx
jiaoke_eec_start3|g3-lower|r040|seventeen,jiaoke_eec_start3,3年级下,3,下,40,seventeen,seventeen,[ˌsev(ə)nˈtiːn],[ˌsevnˈtiːn],"n. 十七,十七个 num. 十七 adj. 十七岁的",教科版EEC三年级起点三年级下.xlsx
jiaoke_eec_start3|g3-lower|r041|eighteen,jiaoke_eec_start3,3年级下,3,下,41,eighteen,eighteen,[ˌeɪˈtiːn],[ˌeɪˈtiːn],"n. 十八,十八个 num. 十八 adj. 十八个的,十八的",教科版EEC三年级起点三年级下.xlsx
jiaoke_eec_start3|g3-lower|r042|nineteen,jiaoke_eec_start3,3年级下,3,下,42,nineteen,nineteen,[ˌnaɪnˈtiːn],[ˌnaɪnˈtiːn],num. 十九,教科版EEC三年级起点三年级下.xlsx
jiaoke_eec_start3|g3-lower|r043|twenty,jiaoke_eec_start3,3年级下,3,下,43,twenty,twenty,[ˈtwenti],[ˈtwenti],num. 二十 n. 二十;二十年代 adj. 二十的,教科版EEC三年级起点三年级下.xlsx
jiaoke_eec_start3|g3-lower|r044|blow out,jiaoke_eec_start3,3年级下,3,下,44,blow out,blow out,,,na. 取消;停止鼓风;(吹)胀;吹破,教科版EEC三年级起点三年级下.xlsx
jiaoke_eec_start3|g3-lower|r045|much,jiaoke_eec_start3,3年级下,3,下,45,much,much,[mʌtʃ],[mʌtʃ],"adv. 非常,很 adj. 大量的 n. 许多,大量 pron. 许多,大量",教科版EEC三年级起点三年级下.xlsx
jiaoke_eec_start3|g3-lower|r046|how much ...?,jiaoke_eec_start3,3年级下,3,下,46,How much ...?,how much ...?,,,conj. 多少,教科版EEC三年级起点三年级下.xlsx
jiaoke_eec_start3|g3-lower|r047|can,jiaoke_eec_start3,3年级下,3,下,47,can,can,[kən; kæn],[kən; kæn],aux. 能; 能够; 可以; 可能 n. 罐头; (用金属或塑料制作的)容器; (马口铁或其他金属制作的)食品罐头 vt. 将...装入密封罐中保存,教科版EEC三年级起点三年级下.xlsx
jiaoke_eec_start3|g3-lower|r048|help,jiaoke_eec_start3,3年级下,3,下,48,help,help,[help],[help],n. 帮助;补救办法;帮忙者;有益的东西 vt. 帮助;促进;治疗;补救 vi. 帮助;有用;招待,教科版EEC三年级起点三年级下.xlsx
jiaoke_eec_start3|g3-lower|r049|they,jiaoke_eec_start3,3年级下,3,下,49,they,they,[ðeɪ],[ðeɪ],pron. 他们;它们;她们,教科版EEC三年级起点三年级下.xlsx
jiaoke_eec_start3|g3-lower|r050|dollar,jiaoke_eec_start3,3年级下,3,下,50,dollar,dollar,[ˈdɒlə(r)],[ˈdɑːlər],n. 美元,教科版EEC三年级起点三年级下.xlsx
jiaoke_eec_start3|g3-lower|r051|pear,jiaoke_eec_start3,3年级下,3,下,51,pear,pear,[peə(r)],[per],n. [园艺] 梨树;梨子,教科版EEC三年级起点三年级下.xlsx
jiaoke_eec_start3|g3-lower|r052|these,jiaoke_eec_start3,3年级下,3,下,52,these,these,[ðiːz],[ðiːz],adj. 这些的 pron. 这些,教科版EEC三年级起点三年级下.xlsx
jiaoke_eec_start3|g3-lower|r053|pineapple,jiaoke_eec_start3,3年级下,3,下,53,pineapple,pineapple,[ˈpaɪnæp(ə)l],[ˈpaɪnæpl],n. [园艺] 菠萝;[园艺] 凤梨 adj. 凤梨科的,教科版EEC三年级起点三年级下.xlsx
jiaoke_eec_start3|g3-lower|r054|watermelon,jiaoke_eec_start3,3年级下,3,下,54,watermelon,watermelon,[ˈwɔːtəmelən],[ˈwɔːtərmelən],n. 西瓜,教科版EEC三年级起点三年级下.xlsx
jiaoke_eec_start3|g3-lower|r055|don't ...,jiaoke_eec_start3,3年级下,3,下,55,Don't ...,don't ...,,,n. 禁忌(等于do not) aux. 表示否定(等于do not),教科版EEC三年级起点三年级下.xlsx
jiaoke_eec_start3|g3-lower|r056|banana,jiaoke_eec_start3,3年级下,3,下,56,banana,banana,[bəˈnɑːnə],[bəˈnænə],n. 香蕉;喜剧演员;大鹰钩鼻,教科版EEC三年级起点三年级下.xlsx
jiaoke_eec_start3|g3-lower|r057|orange,jiaoke_eec_start3,3年级下,3,下,57,orange,orange,[ˈɒrɪndʒ],[ˈɔrɪndʒ],adj. 橙色的;橘色的 n. 橙;橙色;桔子,教科版EEC三年级起点三年级下.xlsx
jiaoke_eec_start3|g3-lower|r058|touch,jiaoke_eec_start3,3年级下,3,下,58,touch,touch,[tʌtʃ],[tʌtʃ],n. 接触;触觉;格调;少许 vt. 接触;触动;使轻度受害 vi. 触摸;涉及;接近;提到,教科版EEC三年级起点三年级下.xlsx
jiaoke_eec_start3|g3-lower|r059|red,jiaoke_eec_start3,3年级下,3,下,59,red,red,[red],[red],"n. 红色,红颜料;赤字 adj. 红色的;红肿的,充血的",教科版EEC三年级起点三年级下.xlsx
jiaoke_eec_start3|g3-lower|r060|box,jiaoke_eec_start3,3年级下,3,下,60,box,box,[bɒks],[bɑːks],"n. 箱,盒子;包厢;一拳 vt. 拳击;装...入盒中;打耳光 vi. 拳击",教科版EEC三年级起点三年级下.xlsx
jiaoke_eec_start3|g3-lower|r061|hat,jiaoke_eec_start3,3年级下,3,下,61,hat,hat,[hæt],[hæt],n. 帽子 vt. 给......戴上帽子 vi. 供应帽子;制造帽子,教科版EEC三年级起点三年级下.xlsx
jiaoke_eec_start3|g3-lower|r062|color,jiaoke_eec_start3,3年级下,3,下,62,color,color,[ˈkʌlə(r)],[ˈkʌlər],n. 颜色;肤色;颜料;脸色 vt. 粉饰;给...涂颜色;歪曲 vi. 变色;获得颜色,教科版EEC三年级起点三年级下.xlsx
jiaoke_eec_start3|g3-lower|r063|yellow,jiaoke_eec_start3,3年级下,3,下,63,yellow,yellow,[ˈjeləʊ],[ˈjeloʊ],n. 黄色;黄种人;黄色颜料 adj. 黄色的;黄皮肤的 vt. 使变黄或发黄 vi. 变黄或发黄,教科版EEC三年级起点三年级下.xlsx
jiaoke_eec_start3|g3-lower|r064|blue,jiaoke_eec_start3,3年级下,3,下,64,blue,blue,[bluː],[bluː],"adj. 蓝色的;沮丧的,忧郁的;下流的 n. 蓝色;[复数](美国海、陆、空三军穿的)蓝色制服;蓝颜料;[the blue(s)][用作单数或复数]布鲁斯(歌曲)(一种伤感的美国黑人民歌 vi. 变成蓝色,呈蓝色 vt. 把...染成蓝色;使成蓝色;给...用上蓝剂;用上蓝剂于",教科版EEC三年级起点三年级下.xlsx
jiaoke_eec_start3|g3-lower|r065|put on,jiaoke_eec_start3,3年级下,3,下,65,put on,put on,[pʊt ɒn],[pʊt ɑːn],na. 假话,教科版EEC三年级起点三年级下.xlsx
jiaoke_eec_start3|g3-lower|r066|black,jiaoke_eec_start3,3年级下,3,下,66,black,black,[blæk],[blæk],n. 黑色;黑人;黑颜料 adj. 黑色的;黑人的;邪恶的 vt. 使变黑;把鞋油等涂在...上;把(眼眶)打成青肿 vi. 变黑,教科版EEC三年级起点三年级下.xlsx
jiaoke_eec_start3|g3-lower|r067|green,jiaoke_eec_start3,3年级下,3,下,67,green,green,[ɡriːn],[ɡriːn],n. 绿色;青春 adj. 绿色的;青春的 vt. 使...变绿色 vi. 变绿色,教科版EEC三年级起点三年级下.xlsx
jiaoke_eec_start3|g3-lower|r068|moon,jiaoke_eec_start3,3年级下,3,下,68,moon,moon,[muːn],[muːn],n. 月亮;月球;月光;卫星 vi. 闲荡;出神 vt. 虚度,教科版EEC三年级起点三年级下.xlsx
jiaoke_eec_start3|g3-lower|r069|sun,jiaoke_eec_start3,3年级下,3,下,69,sun,sun,[sʌn],[sʌn],n. 太阳 vt. 使晒 vi. 晒太阳,教科版EEC三年级起点三年级下.xlsx
jiaoke_eec_start3|g3-lower|r070|many,jiaoke_eec_start3,3年级下,3,下,70,many,many,[ˈmeni],[ˈmeni],pron. 许多;许多人 adj. 许多的,教科版EEC三年级起点三年级下.xlsx
jiaoke_eec_start3|g3-lower|r071|star,jiaoke_eec_start3,3年级下,3,下,71,star,star,[stɑː(r)],[stɑːr],"n. 星,恒星;明星;星形物 adj. 明星的,主角的;星形的 vt. 用星号标于;由...主演,由...担任主角 vi. 担任主角",教科版EEC三年级起点三年级下.xlsx
jiaoke_eec_start3|g3-lower|r072|white,jiaoke_eec_start3,3年级下,3,下,72,white,white,[waɪt],[waɪt],n. 白色;洁白;白种人 adj. 白色的;白种的;纯洁的,教科版EEC三年级起点三年级下.xlsx
jiaoke_eec_start3|g3-lower|r073|cut ... out,jiaoke_eec_start3,3年级下,3,下,73,cut ... out,cut ... out,,,na. 割掉;除去;剪下;开辟,教科版EEC三年级起点三年级下.xlsx
jiaoke_eec_start3|g3-lower|r074|skirt,jiaoke_eec_start3,3年级下,3,下,74,skirt,skirt,[skɜːt],[skɜːrt],"n. 裙子 vt. 绕过,回避;位于...边缘 vi. 沿边走,绕开;环绕",教科版EEC三年级起点三年级下.xlsx
jiaoke_eec_start3|g3-lower|r075|how about ...?,jiaoke_eec_start3,3年级下,3,下,75,How about ...?,how about ...?,,,怎么样;如何;怎麽样,教科版EEC三年级起点三年级下.xlsx
jiaoke_eec_start3|g3-lower|r076|pretty,jiaoke_eec_start3,3年级下,3,下,76,pretty,pretty,[ˈprɪti],[ˈprɪti],n. 有吸引力的事物(尤指饰品);漂亮的人 adj. 漂亮的;可爱的;优美的 adv. 相当地;颇,教科版EEC三年级起点三年级下.xlsx
jiaoke_eec_start3|g3-lower|r077|show,jiaoke_eec_start3,3年级下,3,下,77,show,show,[ʃəʊ],[ʃoʊ],n. 显示;表演;炫耀 vt. 显示;说明;演出;展出 vi. 显示;说明;指示,教科版EEC三年级起点三年级下.xlsx
jiaoke_eec_start3|g3-lower|r078|but,jiaoke_eec_start3,3年级下,3,下,78,but,but,[bət],[bət; bʌt],"conj. 但是;而是;然而 adv. 仅仅,只 prep. 除...以外",教科版EEC三年级起点三年级下.xlsx
jiaoke_eec_start3|g3-lower|r079|pants,jiaoke_eec_start3,3年级下,3,下,79,pants,pants,[pænts],[pænts],n. 裤子,教科版EEC三年级起点三年级下.xlsx
jiaoke_eec_start3|g3-lower|r080|sock,jiaoke_eec_start3,3年级下,3,下,80,sock,sock,[sɒk],[sɑːk],vt. 重击;给......穿袜 n. 短袜;一击 adv. 正着地;不偏不倚地 adj. 非常成功的,教科版EEC三年级起点三年级下.xlsx
jiaoke_eec_start3|g3-lower|r081|coat,jiaoke_eec_start3,3年级下,3,下,81,coat,coat,[kəʊt],[koʊt],n. 外套 vt. 覆盖...的表面,教科版EEC三年级起点三年级下.xlsx
jiaoke_eec_start3|g3-lower|r082|take off,jiaoke_eec_start3,3年级下,3,下,82,take off,take off,[ˈteɪk ɒf],[ˈteɪk ɔːf],v. (飞机)起飞;出去;拿掉;移送,教科版EEC三年级起点三年级下.xlsx
jiaoke_eec_start3|g3-lower|r083|time,jiaoke_eec_start3,3年级下,3,下,83,time,time,[taɪm],[taɪm],n. 时间;时代;次数;节拍;倍数 adj. 定时的;定期的;分期的 vt. 计时;测定...的时间;安排...的速度,教科版EEC三年级起点三年级下.xlsx
jiaoke_eec_start3|g3-lower|r084|thirty,jiaoke_eec_start3,3年级下,3,下,84,thirty,thirty,[ˈθɜːti],[ˈθɜːrti],num. 三十 n. 三十年代 adj. 三十个的,教科版EEC三年级起点三年级下.xlsx
jiaoke_eec_start3|g3-lower|r085|late,jiaoke_eec_start3,3年级下,3,下,85,late,late,[leɪt],[leɪt],adj. 晚的;迟的;已故的;最近的 adv. 晚;迟;最近;在晚期,教科版EEC三年级起点三年级下.xlsx
jiaoke_eec_start3|g3-lower|r086|sleep,jiaoke_eec_start3,3年级下,3,下,86,sleep,sleep,[sliːp],[sliːp],"n. 睡眠 vi. 睡,睡觉",教科版EEC三年级起点三年级下.xlsx
jiaoke_eec_start3|g3-lower|r087|hey,jiaoke_eec_start3,3年级下,3,下,87,hey,hey,[heɪ],[heɪ],n. 干草(等于hay) int. 喂!(引起注意等);你好!(表示问候),教科版EEC三年级起点三年级下.xlsx
jiaoke_eec_start3|g3-lower|r088|turn off,jiaoke_eec_start3,3年级下,3,下,88,turn off,turn off,[tɜ:n ɒf],[tɜːrn ɔ:f],v. 关掉,教科版EEC三年级起点三年级下.xlsx
jiaoke_eec_start3|g3-lower|r089|light,jiaoke_eec_start3,3年级下,3,下,89,light,light,[laɪt],[laɪt],n. 光;光线;灯;打火机;领悟;浅色;天窗 adj. 轻的;浅色的;明亮的;轻松的;容易的;清淡的 vi. 点着;变亮;着火 vt. 照亮;点燃;着火 adv. 轻地;清楚地;轻便地,教科版EEC三年级起点三年级下.xlsx
jiaoke_eec_start3|g3-lower|r090|soap,jiaoke_eec_start3,3年级下,3,下,90,soap,soap,[səʊp],[soʊp],n. 肥皂 vt. 将肥皂涂在......上;对......拍马屁(俚语) vi. 用肥皂擦洗,教科版EEC三年级起点三年级下.xlsx
jiaoke_eec_start3|g3-lower|r091|turn on,jiaoke_eec_start3,3年级下,3,下,91,turn on,turn on,[tɜ:n ɒn],[tɜːrn ɑːn],na. 转向;对...进行突击,教科版EEC三年级起点三年级下.xlsx
jiaoke_eec_start3|g3-lower|r092|get up,jiaoke_eec_start3,3年级下,3,下,92,get up,get up,[ɡet ʌp],[ɡet ʌp],na. 起床;起身;站起来;叫...起床,教科版EEC三年级起点三年级下.xlsx
jiaoke_eec_start3|g3-lower|r093|well,jiaoke_eec_start3,3年级下,3,下,93,well,well,[wel],[wel],n. 井;源泉 adj. 良好的;健康的;适宜的 adv. 很好地;充分地;满意地;适当地 v. 涌出,教科版EEC三年级起点三年级下.xlsx
jiaoke_eec_start3|g3-lower|r094|thirty-one,jiaoke_eec_start3,3年级下,3,下,94,thirty-one,thirty-one,,,num. 三十一,教科版EEC三年级起点三年级下.xlsx
jiaoke_eec_start3|g3-lower|r095|thirty-two,jiaoke_eec_start3,3年级下,3,下,95,thirty-two,thirty-two,,,num. 三十二,教科版EEC三年级起点三年级下.xlsx
jiaoke_eec_start3|g3-lower|r096|forty,jiaoke_eec_start3,3年级下,3,下,96,forty,forty,[ˈfɔːti],[ˈfɔːrti],n. 四十 adj. 四十的;四十个的,教科版EEC三年级起点三年级下.xlsx
jiaoke_eec_start3|g3-lower|r097|fifty,jiaoke_eec_start3,3年级下,3,下,97,fifty,fifty,[ˈfɪfti],[ˈfɪfti],n. 五十;五十个;编号为50的东西 adj. 五十的;五十个的;众多的,教科版EEC三年级起点三年级下.xlsx
jiaoke_eec_start3|g3-lower|r098|o'clock,jiaoke_eec_start3,3年级下,3,下,98,o'clock,o'clock,,,abbr. ...点钟(等于of the clock),教科版EEC三年级起点三年级下.xlsx
jiaoke_eec_start3|g3-lower|r099|where,jiaoke_eec_start3,3年级下,3,下,99,where,where,[weə(r)],[wer],conj. 在...的地方 n. 地点 adv. 在哪里 pron. 哪里,教科版EEC三年级起点三年级下.xlsx
jiaoke_eec_start3|g3-lower|r100|play,jiaoke_eec_start3,3年级下,3,下,100,play,play,[pleɪ],[pleɪ],n. 游戏;比赛;剧本 vt. 游戏;扮演;演奏;播放;同...比赛 vi. 演奏;玩耍;上演;参加比赛,教科版EEC三年级起点三年级下.xlsx
jiaoke_eec_start3|g3-lower|r101|hide-and-seek,jiaoke_eec_start3,3年级下,3,下,101,hide-and-seek,hide-and-seek,[ˌhaɪd ən ˈsiːk],[ˌhaɪd ən ˈsiːk],n. 捉迷藏,教科版EEC三年级起点三年级下.xlsx
jiaoke_eec_start3|g3-lower|r102|under,jiaoke_eec_start3,3年级下,3,下,102,under,under,[ˈʌndə(r)],[ˈʌndər],"prep. 低于,少于;在...之下 adj. 下面的;从属的 adv. 在下面;在下方",教科版EEC三年级起点三年级下.xlsx
jiaoke_eec_start3|g3-lower|r103|bed,jiaoke_eec_start3,3年级下,3,下,103,bed,bed,[bed],[bed],"n. 床;基础;河底, 海底 vt. 使睡觉;安置,嵌入;栽种 vi. 上床;分层",教科版EEC三年级起点三年级下.xlsx
jiaoke_eec_start3|g3-lower|r104|behind,jiaoke_eec_start3,3年级下,3,下,104,behind,behind,[bɪˈhaɪnd],[bɪˈhaɪnd],prep. 落后于;支持;晚于 n. 屁股 adv. 在后地;在原处,教科版EEC三年级起点三年级下.xlsx
jiaoke_eec_start3|g3-lower|r105|door,jiaoke_eec_start3,3年级下,3,下,105,door,door,[dɔː(r)],[dɔːr],"n. 门;家,户;门口;通道",教科版EEC三年级起点三年级下.xlsx
jiaoke_eec_start3|g3-lower|r106|on,jiaoke_eec_start3,3年级下,3,下,106,on,on,[ɒn],[ɑːn],"adv. 向前地;作用中,行动中;继续着 prep. 向,朝......;关于;在......之上;在......时候 adj. 开着的;发生着的,正在进行中",教科版EEC三年级起点三年级下.xlsx
jiaoke_eec_start3|g3-lower|r107|next to,jiaoke_eec_start3,3年级下,3,下,107,next to,next to,,,prep. 紧邻;在...近旁;仅次于;紧接,教科版EEC三年级起点三年级下.xlsx
jiaoke_eec_start3|g3-lower|r108|ice cream,jiaoke_eec_start3,3年级下,3,下,108,ice cream,ice cream,[ˈaɪs kriːm],[ˈaɪs kriːm],n. 【食】冰淇淋,教科版EEC三年级起点三年级下.xlsx
jiaoke_eec_start3|g3-lower|r109|cold,jiaoke_eec_start3,3年级下,3,下,109,cold,cold,[kəʊld],[kəʊld],"n. 寒冷;感冒 adj. 寒冷的;冷淡的,不热情的;失去知觉的 adv. 完全地",教科版EEC三年级起点三年级下.xlsx
jiaoke_eec_start3|g3-lower|r110|rainy,jiaoke_eec_start3,3年级下,3,下,110,rainy,rainy,[ˈreɪni],[ˈreɪni],adj. 下雨的;多雨的,教科版EEC三年级起点三年级下.xlsx
jiaoke_eec_start3|g3-lower|r111|rain,jiaoke_eec_start3,3年级下,3,下,111,rain,rain,[reɪn],[reɪn],n. 雨;下雨;雨天;雨季 vt. 大量地给;使大量落下 vi. 下雨;降雨,教科版EEC三年级起点三年级下.xlsx
jiaoke_eec_start3|g3-lower|r112|sunny,jiaoke_eec_start3,3年级下,3,下,112,sunny,sunny,[ˈsʌni],[ˈsʌni],"adj. 阳光充足的,和煦的;快活的;性情开朗的",教科版EEC三年级起点三年级下.xlsx
jiaoke_eec_start3|g3-lower|r113|rainbow,jiaoke_eec_start3,3年级下,3,下,113,rainbow,rainbow,[ˈreɪnbəʊ],[ˈreɪnboʊ],n. 彩虹;五彩缤纷的排列;幻想 adj. 五彩缤纷的;彩虹状的 vt. 使呈彩虹状;如彩虹般装饰 vi. 呈彩虹状,教科版EEC三年级起点三年级下.xlsx
jiaoke_eec_start3|g3-lower|r114|sky,jiaoke_eec_start3,3年级下,3,下,114,sky,sky,[skaɪ],[skaɪ],n. 天空;顶点 vt. 把...投向空中;把...挂得过高 vi. 踢或击高空球;把桨叶翘得过高;飞涨,教科版EEC三年级起点三年级下.xlsx
jiaoke_eec_start3|g3-lower|r115|take out,jiaoke_eec_start3,3年级下,3,下,115,take out,take out,,,na. 取出;带出(散步等);除去(污点等);取得(专卖权等),教科版EEC三年级起点三年级下.xlsx
jiaoke_eec_start3|g3-lower|r116|put away,jiaoke_eec_start3,3年级下,3,下,116,put away,put away,,,v. 把...收起来;储存,教科版EEC三年级起点三年级下.xlsx
jiaoke_eec_start3|g3-lower|r117|sunday,jiaoke_eec_start3,3年级下,3,下,117,Sunday,sunday,[ˈsʌndeɪ],[ˈsʌndeɪ],n. 星期日;礼拜日,教科版EEC三年级起点三年级下.xlsx
jiaoke_eec_start3|g3-lower|r118|we,jiaoke_eec_start3,3年级下,3,下,118,we,we,[wi; wiː],[wi],"pron. 我们(主格);笔者,本人(作者或演讲人使用);朕,寡人",教科版EEC三年级起点三年级下.xlsx
jiaoke_eec_start3|g3-lower|r119|swim,jiaoke_eec_start3,3年级下,3,下,119,swim,swim,[swɪm],[swɪm],n. 游泳;漂浮;眩晕 adj. 游泳时穿戴的 vi. 游泳;漂浮;浸;眩晕 vt. 游过;使浮起,教科版EEC三年级起点三年级下.xlsx
jiaoke_eec_start3|g3-lower|r120|wednesday,jiaoke_eec_start3,3年级下,3,下,120,Wednesday,wednesday,[ˈwenzdeɪ],[ˈwenzdeɪ],n. 星期三,教科版EEC三年级起点三年级下.xlsx
jiaoke_eec_start3|g3-lower|r121|game,jiaoke_eec_start3,3年级下,3,下,121,game,game,[ɡeɪm],[ɡeɪm],n. 游戏;比赛 adj. 勇敢的 vi. 赌博,教科版EEC三年级起点三年级下.xlsx
jiaoke_eec_start3|g3-lower|r122|saturday,jiaoke_eec_start3,3年级下,3,下,122,Saturday,saturday,[ˈsætədeɪ],[ˈsætərdeɪ],n. 星期六,教科版EEC三年级起点三年级下.xlsx
jiaoke_eec_start3|g3-lower|r123|say,jiaoke_eec_start3,3年级下,3,下,123,say,say,[seɪ],[seɪ],vt. 讲;说明;例如;声称;假设;指明 vi. 讲;表示;念;假定;背诵,教科版EEC三年级起点三年级下.xlsx
jiaoke_eec_start3|g3-lower|r124|love,jiaoke_eec_start3,3年级下,3,下,124,love,love,[lʌv],[lʌv],"n. 恋爱;亲爱的;酷爱;喜爱的事物;爱情,爱意;疼爱;热爱;爱人,所爱之物 v. 爱,热爱;爱戴;赞美,称赞;喜爱;喜好;喜欢;爱慕",教科版EEC三年级起点三年级下.xlsx
jiaoke_eec_start3|g3-lower|r125|soon,jiaoke_eec_start3,3年级下,3,下,125,soon,soon,[suːn],[suːn],"adv. 快;不久,一会儿;立刻;宁愿",教科版EEC三年级起点三年级下.xlsx
jiaoke_eec_start3|g3-lower|r126|monday,jiaoke_eec_start3,3年级下,3,下,126,Monday,monday,[ˈmʌndeɪ],[ˈmʌndeɪ],n. 星期一,教科版EEC三年级起点三年级下.xlsx
jiaoke_eec_start3|g3-lower|r127|tuesday,jiaoke_eec_start3,3年级下,3,下,127,Tuesday,tuesday,[ˈtjuːzdeɪ],[ˈtuːzdeɪ],n. 星期二,教科版EEC三年级起点三年级下.xlsx
jiaoke_eec_start3|g3-lower|r128|thursday,jiaoke_eec_start3,3年级下,3,下,128,Thursday,thursday,[ˈθɜːzdeɪ],[ˈθɜːrzdeɪ],n. 星期四,教科版EEC三年级起点三年级下.xlsx
jiaoke_eec_start3|g3-lower|r129|friday,jiaoke_eec_start3,3年级下,3,下,129,Friday,friday,[ˈfraɪdeɪ],[ˈfraɪdeɪ],n. 星期五,教科版EEC三年级起点三年级下.xlsx
jiaoke_eec_start3|g3-lower|r130|point,jiaoke_eec_start3,3年级下,3,下,130,point,point,[pɔɪnt],[pɔɪnt],n. 要点;得分;标点;[机] 尖端 vt. 指向;弄尖;加标点于 vi. 表明;指向,教科版EEC三年级起点三年级下.xlsx
jiaoke_eec_start3|g4-upper|r002|breakfast,jiaoke_eec_start3,4年级上,4,上,2,breakfast,breakfast,[ˈbrekfəst],[ˈbrekfəst],n. 早餐;早饭 vt. 为...供应早餐 vi. 吃早餐,教科版EEC三年级起点四年级上.xlsx
jiaoke_eec_start3|g4-upper|r003|egg,jiaoke_eec_start3,4年级上,4,上,3,egg,egg,[eɡ],[eɡ],n. 蛋;卵子;家伙;鸡蛋 vt. 煽动;怂恿,教科版EEC三年级起点四年级上.xlsx
jiaoke_eec_start3|g4-upper|r004|try,jiaoke_eec_start3,4年级上,4,上,4,try,try,[traɪ],[traɪ],"n. 尝试;努力;试验 vt. 试图,努力;试验;审判;考验 vi. 尝试;努力;试验",教科版EEC三年级起点四年级上.xlsx
jiaoke_eec_start3|g4-upper|r005|umm,jiaoke_eec_start3,4年级上,4,上,5,umm,umm,,,abbr. 统一建模方法(Unified Modeling Methodology),教科版EEC三年级起点四年级上.xlsx
jiaoke_eec_start3|g4-upper|r006|pass,jiaoke_eec_start3,4年级上,4,上,6,pass,pass,[pɑːs],[pæs],n. 及格;经过;护照;途径;传球 vt. 通过;经过;传递 vi. 经过;传递;变化;终止,教科版EEC三年级起点四年级上.xlsx
jiaoke_eec_start3|g4-upper|r007|jam,jiaoke_eec_start3,4年级上,4,上,7,jam,jam,[dʒæm],[dʒæm],"n. 果酱;拥挤;困境;扣篮 vt. 使堵塞;挤进,使塞满;混杂;压碎 vi. 堵塞;轧住",教科版EEC三年级起点四年级上.xlsx
jiaoke_eec_start3|g4-upper|r008|salad,jiaoke_eec_start3,4年级上,4,上,8,salad,salad,[ˈsæləd],[ˈsæləd],n. 色拉;尤指莴苣,教科版EEC三年级起点四年级上.xlsx
jiaoke_eec_start3|g4-upper|r009|lunch,jiaoke_eec_start3,4年级上,4,上,9,lunch,lunch,[lʌntʃ],[lʌntʃ],n. 午餐 vt. 吃午餐;供给午餐 vi. 吃午餐;供给午餐,教科版EEC三年级起点四年级上.xlsx
jiaoke_eec_start3|g4-upper|r010|mrs.,jiaoke_eec_start3,4年级上,4,上,10,Mrs.,mrs.,[ˈmɪsɪz],[ˈmɪsɪz],n. 先生,教科版EEC三年级起点四年级上.xlsx
jiaoke_eec_start3|g4-upper|r011|teacher,jiaoke_eec_start3,4年级上,4,上,11,teacher,teacher,[ˈtiːtʃə(r)],[ˈtiːtʃər],n. 教师;导师,教科版EEC三年级起点四年级上.xlsx
jiaoke_eec_start3|g4-upper|r012|student,jiaoke_eec_start3,4年级上,4,上,12,student,student,[ˈstjuːdnt],[ˈstuːdnt],n. 学生;学者,教科版EEC三年级起点四年级上.xlsx
jiaoke_eec_start3|g4-upper|r013|mr.,jiaoke_eec_start3,4年级上,4,上,13,Mr.,mr.,[ˈmɪstə(r)],[ˈmɪstər],n. 先生,教科版EEC三年级起点四年级上.xlsx
jiaoke_eec_start3|g4-upper|r014|quiet,jiaoke_eec_start3,4年级上,4,上,14,quiet,quiet,[ˈkwaɪət],[ˈkwaɪət],n. 安静;和平 adj. 安静的;安定的;不动的;温顺的 vt. 使平息;安慰 vi. 平静下来,教科版EEC三年级起点四年级上.xlsx
jiaoke_eec_start3|g4-upper|r015|beside,jiaoke_eec_start3,4年级上,4,上,15,beside,beside,[bɪˈsaɪd],[bɪˈsaɪd],prep. 在旁边;与...相比;和...无关,教科版EEC三年级起点四年级上.xlsx
jiaoke_eec_start3|g4-upper|r016|doctor,jiaoke_eec_start3,4年级上,4,上,16,doctor,doctor,[ˈdɒktə(r)],[ˈdɑːktər],"vt. 修理;篡改,伪造;为...治病;授以博士学位 n. 医生;博士 vi. 就医;行医",教科版EEC三年级起点四年级上.xlsx
jiaoke_eec_start3|g4-upper|r017|nurse,jiaoke_eec_start3,4年级上,4,上,17,nurse,nurse,[nɜːs],[nɜːrs],"vt. 看护,护理;照顾;培养;给...喂奶 vi. 照料,护理;喂奶;当保姆 n. 护士;奶妈,保姆",教科版EEC三年级起点四年级上.xlsx
jiaoke_eec_start3|g4-upper|r018|whose,jiaoke_eec_start3,4年级上,4,上,18,whose,whose,[huːz],[huːz],pron. 谁的(疑问代词),教科版EEC三年级起点四年级上.xlsx
jiaoke_eec_start3|g4-upper|r019|know,jiaoke_eec_start3,4年级上,4,上,19,know,know,[nəʊ],[noʊ],vt. 知道;认识;懂得 vi. 了解;熟悉;确信,教科版EEC三年级起点四年级上.xlsx
jiaoke_eec_start3|g4-upper|r020|his,jiaoke_eec_start3,4年级上,4,上,20,his,his,[hɪz],[hɪz; ɪz],pron. 他的,教科版EEC三年级起点四年级上.xlsx
jiaoke_eec_start3|g4-upper|r021|what's wrong?,jiaoke_eec_start3,4年级上,4,上,21,What's wrong?,what's wrong?,,,怎么了;怎么回事;你怎么了,教科版EEC三年级起点四年级上.xlsx
jiaoke_eec_start3|g4-upper|r022|find,jiaoke_eec_start3,4年级上,4,上,22,find,find,[faɪnd],[faɪnd],"n. 发现 vi. 裁决 vt. 查找,找到;发现;认为;感到;获得",教科版EEC三年级起点四年级上.xlsx
jiaoke_eec_start3|g4-upper|r023|her,jiaoke_eec_start3,4年级上,4,上,23,her,her,[hə(r)],[hər; ɜːr; ər; hɜːr],pron. 她(she的宾格);她的(she的所有格);她(指某个国家;一艘船),教科版EEC三年级起点四年级上.xlsx
jiaoke_eec_start3|g4-upper|r024|bike,jiaoke_eec_start3,4年级上,4,上,24,bike,bike,[baɪk],[baɪk],n. 自行车;脚踏车 vi. 骑自行车(或摩托车),教科版EEC三年级起点四年级上.xlsx
jiaoke_eec_start3|g4-upper|r025|ax,jiaoke_eec_start3,4年级上,4,上,25,ax,ax,[æks],[æks],n. 斧头 vt. 削减;用斧修整;解雇,教科版EEC三年级起点四年级上.xlsx
jiaoke_eec_start3|g4-upper|r026|music,jiaoke_eec_start3,4年级上,4,上,26,music,music,[ˈmjuːzɪk],[ˈmjuːzɪk],"n. 音乐,乐曲",教科版EEC三年级起点四年级上.xlsx
jiaoke_eec_start3|g4-upper|r027|on time,jiaoke_eec_start3,4年级上,4,上,27,on time,on time,[ɒn 'taɪm],[ɑːn 'taɪm],na. 按时;及时,教科版EEC三年级起点四年级上.xlsx
jiaoke_eec_start3|g4-upper|r028|from now on,jiaoke_eec_start3,4年级上,4,上,28,from now on,from now on,,,na. 从今以后,教科版EEC三年级起点四年级上.xlsx
jiaoke_eec_start3|g4-upper|r029|class,jiaoke_eec_start3,4年级上,4,上,29,class,class,[klɑːs],[klæs],"n. 阶级;班级;种类;班;等级 adj. 极好的;很好的,优秀的,出色的 vt. 分类;把...分等级;把...归入某等级,把...看作(或分类、归类);把...编入某一班级 vi. 属于...类(或等级),被列为某类(或某级)",教科版EEC三年级起点四年级上.xlsx
jiaoke_eec_start3|g4-upper|r030|math,jiaoke_eec_start3,4年级上,4,上,30,math,math,[mæθ],[mæθ],n. 数学(等于mathematics),教科版EEC三年级起点四年级上.xlsx
jiaoke_eec_start3|g4-upper|r031|third,jiaoke_eec_start3,4年级上,4,上,31,third,third,[θɜːd],[θɜːrd],num. 第三;三分之一 adj. 第三的;三分之一的,教科版EEC三年级起点四年级上.xlsx
jiaoke_eec_start3|g4-upper|r032|why,jiaoke_eec_start3,4年级上,4,上,32,why,why,[waɪ],[waɪ],int. 哎呀!什么? adv. 为什么,教科版EEC三年级起点四年级上.xlsx
jiaoke_eec_start3|g4-upper|r033|why not?,jiaoke_eec_start3,4年级上,4,上,33,Why not?,why not?,,,na. 为什么不好[不行],教科版EEC三年级起点四年级上.xlsx
jiaoke_eec_start3|g4-upper|r034|sing,jiaoke_eec_start3,4年级上,4,上,34,sing,sing,[sɪŋ],[sɪŋ],n. 演唱;鸣声;呼啸声 vt. 唱;用诗赞颂;唱着使 vi. 唱歌;歌颂;鸣叫;呼号,教科版EEC三年级起点四年级上.xlsx
jiaoke_eec_start3|g4-upper|r035|stop,jiaoke_eec_start3,4年级上,4,上,35,stop,stop,[stɒp],[stɑːp],n. 停止;车站;障碍;逗留 vi. 停止;中止;逗留;被塞住 vt. 停止;堵塞;断绝,教科版EEC三年级起点四年级上.xlsx
jiaoke_eec_start3|g4-upper|r036|tomorrow,jiaoke_eec_start3,4年级上,4,上,36,tomorrow,tomorrow,[təˈmɒrəʊ],[təˈmɑːroʊ],n. 明天;未来 adv. 明天;未来地(等于to-morrow),教科版EEC三年级起点四年级上.xlsx
jiaoke_eec_start3|g4-upper|r037|so long,jiaoke_eec_start3,4年级上,4,上,37,so long,so long,,,na. 再见!,教科版EEC三年级起点四年级上.xlsx
jiaoke_eec_start3|g4-upper|r038|english,jiaoke_eec_start3,4年级上,4,上,38,English,english,[ˈɪŋɡlɪʃ],[ˈɪŋɡlɪʃ],n. 英语;英国人;英文;英格兰人 adj. 英国人的;英国的;英文的 vt. 把...译成英语,教科版EEC三年级起点四年级上.xlsx
jiaoke_eec_start3|g4-upper|r039|chinese,jiaoke_eec_start3,4年级上,4,上,39,Chinese,chinese,[ˌtʃaɪˈniːz],[ˌtʃaɪˈniːz],"n. 中文,汉语;中国人 adj. 中国的,中国人的;中国话的",教科版EEC三年级起点四年级上.xlsx
jiaoke_eec_start3|g4-upper|r040|science,jiaoke_eec_start3,4年级上,4,上,40,science,science,[ˈsaɪəns],[ˈsaɪəns],n. 科学;技术;学科;理科,教科版EEC三年级起点四年级上.xlsx
jiaoke_eec_start3|g4-upper|r041|second,jiaoke_eec_start3,4年级上,4,上,41,second,second,[ˈsekənd],[ˈsekənd; sɪˈkɑːnd],num. 第二 n. 秒;第二名;瞬间;二等品 adj. 第二的;次要的;附加的 vt. 支持 adv. 第二;其次;居第二位,教科版EEC三年级起点四年级上.xlsx
jiaoke_eec_start3|g4-upper|r042|school,jiaoke_eec_start3,4年级上,4,上,42,school,school,[skuːl],[skuːl],n. 学校;学院;学派;鱼群 vt. 教育,教科版EEC三年级起点四年级上.xlsx
jiaoke_eec_start3|g4-upper|r043|ride,jiaoke_eec_start3,4年级上,4,上,43,ride,ride,[raɪd],[raɪd],n. 骑;乘坐;交通工具;可供骑行的路;(乘坐汽车等的)旅行;乘骑;(乘车或骑车的)短途旅程;供乘骑的游乐设施 vi. 骑马;乘车;依靠;漂浮 vt. 骑;乘;控制;(骑马、自行车等)穿越;搭乘;飘浮,教科版EEC三年级起点四年级上.xlsx
jiaoke_eec_start3|g4-upper|r044|after,jiaoke_eec_start3,4年级上,4,上,44,after,after,[ˈɑːftə(r)],[ˈæftər],"conj. 在......之后 prep. 在......之后 adj. 以后的 adv. 后来,以后",教科版EEC三年级起点四年级上.xlsx
jiaoke_eec_start3|g4-upper|r045|after school,jiaoke_eec_start3,4年级上,4,上,45,after school,after school,,,na. 放学后,教科版EEC三年级起点四年级上.xlsx
jiaoke_eec_start3|g4-upper|r046|play,jiaoke_eec_start3,4年级上,4,上,46,play,play,[pleɪ],[pleɪ],n. 游戏;比赛;剧本 vt. 游戏;扮演;演奏;播放;同...比赛 vi. 演奏;玩耍;上演;参加比赛,教科版EEC三年级起点四年级上.xlsx
jiaoke_eec_start3|g4-upper|r047|library,jiaoke_eec_start3,4年级上,4,上,47,library,library,[ˈlaɪbrəri; ˈlaɪbri],[ˈlaɪbreri],"n. 图书馆,藏书室;文库",教科版EEC三年级起点四年级上.xlsx
jiaoke_eec_start3|g4-upper|r048|every,jiaoke_eec_start3,4年级上,4,上,48,every,every,[ˈevri],[ˈevri],"adj. 每一的,每个的;每隔...的",教科版EEC三年级起点四年级上.xlsx
jiaoke_eec_start3|g4-upper|r049|every day,jiaoke_eec_start3,4年级上,4,上,49,every day,every day,,,na. 每日,教科版EEC三年级起点四年级上.xlsx
jiaoke_eec_start3|g4-upper|r050|street,jiaoke_eec_start3,4年级上,4,上,50,street,street,[striːt],[striːt],n. 街道 adj. 街道的,教科版EEC三年级起点四年级上.xlsx
jiaoke_eec_start3|g4-upper|r051|ow,jiaoke_eec_start3,4年级上,4,上,51,ow,ow,[aʊ],[aʊ],"int. 哦,哎哟(表示疼痛)",教科版EEC三年级起点四年级上.xlsx
jiaoke_eec_start3|g4-upper|r052|leg,jiaoke_eec_start3,4年级上,4,上,52,leg,leg,[leɡ],[leɡ],n. 腿;支柱,教科版EEC三年级起点四年级上.xlsx
jiaoke_eec_start3|g4-upper|r053|hurt,jiaoke_eec_start3,4年级上,4,上,53,hurt,hurt,[hɜːt],[hɜːrt],n. 痛苦;危害;痛苦的原因 vt. 使受伤;损害;使疼痛;使痛心 adj. 受伤的;痛苦的;受损的 vi. 感到疼痛;有坏处;带来痛苦,教科版EEC三年级起点四年级上.xlsx
jiaoke_eec_start3|g4-upper|r054|again,jiaoke_eec_start3,4年级上,4,上,54,again,again,[əˈɡen],[əˈɡen; əˈɡeɪn],"adv. 又,此外;再一次;再说;增加 n. (英、保)阿盖恩",教科版EEC三年级起点四年级上.xlsx
jiaoke_eec_start3|g4-upper|r055|piano,jiaoke_eec_start3,4年级上,4,上,55,piano,piano,[piˈænəʊ],[piˈænoʊ],n. 钢琴,教科版EEC三年级起点四年级上.xlsx
jiaoke_eec_start3|g4-upper|r056|soccer,jiaoke_eec_start3,4年级上,4,上,56,soccer,soccer,[ˈsɒkə(r)],[ˈsɑːkər],"n. 英式足球,足球",教科版EEC三年级起点四年级上.xlsx
jiaoke_eec_start3|g4-upper|r057|better,jiaoke_eec_start3,4年级上,4,上,57,better,better,[ˈbetə(r)],[ˈbetər],n. 长辈;较好者;打赌的人(等于bettor) adj. 较好的 vt. 改善;胜过 adv. 更好的;更多的;较大程度地 vi. 变得较好,教科版EEC三年级起点四年级上.xlsx
jiaoke_eec_start3|g4-upper|r058|with,jiaoke_eec_start3,4年级上,4,上,58,with,with,[wɪð],[wɪð; wɪθ],prep. 用;随着;支持;和...在一起,教科版EEC三年级起点四年级上.xlsx
jiaoke_eec_start3|g4-upper|r059|us,jiaoke_eec_start3,4年级上,4,上,59,us,us,[əs; ʌs],[əs; ʌs],pron. 我们,教科版EEC三年级起点四年级上.xlsx
jiaoke_eec_start3|g4-upper|r060|kick,jiaoke_eec_start3,4年级上,4,上,60,kick,kick,[kɪk],[kɪk],"vt. 踢;反冲,朝后座 n. 踢;反冲,后座力 vi. 踢;反冲",教科版EEC三年级起点四年级上.xlsx
jiaoke_eec_start3|g4-upper|r061|score,jiaoke_eec_start3,4年级上,4,上,61,score,score,[skɔː(r)],[skɔːr],"n. 分数;二十;配乐;刻痕 vt. 获得;评价;划线,刻划;把...记下 vi. 得分;记分;刻痕",教科版EEC三年级起点四年级上.xlsx
jiaoke_eec_start3|g4-upper|r062|fly,jiaoke_eec_start3,4年级上,4,上,62,fly,fly,[flaɪ],[flaɪ],n. 飞行;苍蝇;两翼昆虫 adj. 敏捷的 vi. 飞;驾驶飞机;飘扬 vt. 飞行;飞越;使飘扬,教科版EEC三年级起点四年级上.xlsx
jiaoke_eec_start3|g4-upper|r063|skate,jiaoke_eec_start3,4年级上,4,上,63,skate,skate,[skeɪt],[skeɪt],n. 溜冰;冰鞋 vi. 滑冰;滑过,教科版EEC三年级起点四年级上.xlsx
jiaoke_eec_start3|g4-upper|r064|baseball,jiaoke_eec_start3,4年级上,4,上,64,baseball,baseball,[ˈbeɪsbɔːl],[ˈbeɪsbɔːl],n. 棒球;棒球运动,教科版EEC三年级起点四年级上.xlsx
jiaoke_eec_start3|g4-upper|r065|glove,jiaoke_eec_start3,4年级上,4,上,65,glove,glove,[ɡlʌv],[ɡlʌv],n. 手套 vt. 给...戴手套,教科版EEC三年级起点四年级上.xlsx
jiaoke_eec_start3|g4-upper|r066|hit,jiaoke_eec_start3,4年级上,4,上,66,hit,hit,[hɪt],[hɪt],n. 打;打击;(演出等)成功;讽刺 vt. 打击;袭击;碰撞;偶然发现;伤...的感情 vi. 打;打击;碰撞;偶然碰上,教科版EEC三年级起点四年级上.xlsx
jiaoke_eec_start3|g4-upper|r067|speak,jiaoke_eec_start3,4年级上,4,上,67,speak,speak,[spiːk],[spiːk],vi. 说话;演讲;表明;陈述 vt. 讲话;发言;讲演,教科版EEC三年级起点四年级上.xlsx
jiaoke_eec_start3|g4-upper|r068|slide,jiaoke_eec_start3,4年级上,4,上,68,slide,slide,[slaɪd],[slaɪd],n. 滑动;幻灯片;滑梯;雪崩 vt. 滑动;使滑动;悄悄地迅速放置 vi. 滑动;滑落;不知不觉陷入,教科版EEC三年级起点四年级上.xlsx
jiaoke_eec_start3|g4-upper|r069|warm-up,jiaoke_eec_start3,4年级上,4,上,69,warm-up,warm-up,[ˈwɔːm ʌp],[ˈwɔːrm ʌp],n. 热身赛;预热;准备运动,教科版EEC三年级起点四年级上.xlsx
jiaoke_eec_start3|g4-upper|r070|exercise,jiaoke_eec_start3,4年级上,4,上,70,exercise,exercise,[ˈeksəsaɪz],[ˈeksərsaɪz],n. 运动;练习;运用;操练;礼拜;典礼 vt. 锻炼;练习;使用;使忙碌;使惊恐 vi. 运动;练习,教科版EEC三年级起点四年级上.xlsx
jiaoke_eec_start3|g4-upper|r071|lift,jiaoke_eec_start3,4年级上,4,上,71,lift,lift,[lɪft],[lɪft],vt. 举起;提升;鼓舞;空运;抄袭 vi. 消散;升起;耸立 n. 电梯;举起;起重机;搭车,教科版EEC三年级起点四年级上.xlsx
jiaoke_eec_start3|g4-upper|r072|arm,jiaoke_eec_start3,4年级上,4,上,72,arm,arm,[ɑːm],[ɑːrm],n. 手臂;武器;袖子;装备;部门 vt. 武装;备战 vi. 武装起来,教科版EEC三年级起点四年级上.xlsx
jiaoke_eec_start3|g4-upper|r073|bend,jiaoke_eec_start3,4年级上,4,上,73,bend,bend,[bend],[bend],"n. 弯曲 vt. 使弯曲;使屈服;使致力;使朝向 vi. 弯曲,转弯;屈服;倾向;专心于",教科版EEC三年级起点四年级上.xlsx
jiaoke_eec_start3|g4-upper|r074|knee,jiaoke_eec_start3,4年级上,4,上,74,knee,knee,[niː],[niː],"n. 膝盖,膝 vt. 用膝盖碰",教科版EEC三年级起点四年级上.xlsx
jiaoke_eec_start3|g4-upper|r075|toe,jiaoke_eec_start3,4年级上,4,上,75,toe,toe,[təʊ],[toʊ],n. 脚趾;足尖 vt. 用脚尖走;以趾踏触 vi. 动脚尖;用足尖跳舞,教科版EEC三年级起点四年级上.xlsx
jiaoke_eec_start3|g4-upper|r076|into,jiaoke_eec_start3,4年级上,4,上,76,into,into,[ˈɪntə],[ˈɪntə; ˈɪntu; ˈɪntuː],prep. 到...里;深入...之中;成为...状况;进入到...之内,教科版EEC三年级起点四年级上.xlsx
jiaoke_eec_start3|g4-upper|r077|body,jiaoke_eec_start3,4年级上,4,上,77,body,body,[ˈbɒdi],[ˈbɑːdi],n. 身体;主体;大量;团体;主要部分 vt. 赋以形体,教科版EEC三年级起点四年级上.xlsx
jiaoke_eec_start3|g4-upper|r078|shoulder,jiaoke_eec_start3,4年级上,4,上,78,shoulder,shoulder,[ˈʃəʊldə(r)],[ˈʃoʊldər],"n. 肩,肩膀;肩部 vi. 用肩推挤,用肩顶 vt. 肩负,承担",教科版EEC三年级起点四年级上.xlsx
jiaoke_eec_start3|g4-upper|r079|make,jiaoke_eec_start3,4年级上,4,上,79,make,make,[meɪk],[meɪk],"vt. 使得;进行;布置,准备,整理;制造;认为;获得;形成;安排;引起;构成 vi. 开始;前进;增大;被制造 n. 制造;构造;性情",教科版EEC三年级起点四年级上.xlsx
jiaoke_eec_start3|g4-upper|r080|pancake,jiaoke_eec_start3,4年级上,4,上,80,pancake,pancake,[ˈpænkeɪk],[ˈpænkeɪk],n. 薄烤饼;粉饼;平降(全称pancake landing) vt. 使平坠著陆;使平展 vi. 平坠着陆;平展,教科版EEC三年级起点四年级上.xlsx
jiaoke_eec_start3|g4-upper|r081|easy,jiaoke_eec_start3,4年级上,4,上,81,easy,easy,[ˈiːzi],[ˈiːzi],"adj. 容易的;舒适的 vt. 发出停划命令 adv. 不费力地,从容地 vi. 停止划桨",教科版EEC三年级起点四年级上.xlsx
jiaoke_eec_start3|g4-upper|r082|need,jiaoke_eec_start3,4年级上,4,上,82,need,need,[niːd],[niːd],"n. 需要,要求;缺乏;必要之物 vt. 需要 vi. 需要",教科版EEC三年级起点四年级上.xlsx
jiaoke_eec_start3|g4-upper|r083|flour,jiaoke_eec_start3,4年级上,4,上,83,flour,flour,[ˈflaʊə(r)],[ˈflaʊər],n. 面粉;粉状物质 vt. 撒粉于;把...磨成粉,教科版EEC三年级起点四年级上.xlsx
jiaoke_eec_start3|g4-upper|r084|oil,jiaoke_eec_start3,4年级上,4,上,84,oil,oil,[ɔɪl],[ɔɪl],n. 油;石油;油画颜料 vt. 加油;涂油;使融化 vi. 融化;加燃油,教科版EEC三年级起点四年级上.xlsx
jiaoke_eec_start3|g4-upper|r085|any,jiaoke_eec_start3,4年级上,4,上,85,any,any,[ˈeni],[ˈeni],adj. 任何的;所有的;丝毫 pron. 任何;任何一个;若干 adv. 稍微;少许,教科版EEC三年级起点四年级上.xlsx
jiaoke_eec_start3|g4-upper|r086|salt,jiaoke_eec_start3,4年级上,4,上,86,salt,salt,[sɔːlt],[sɔːlt],"n. 盐;风趣,刺激性 adj. 咸水的;含盐的,咸味的;盐腌的;猥亵的 vt. 用盐腌;给...加盐;将盐撒在道路上使冰或雪融化",教科版EEC三年级起点四年级上.xlsx
jiaoke_eec_start3|g4-upper|r087|cook,jiaoke_eec_start3,4年级上,4,上,87,cook,cook,[kʊk],[kʊk],"n. 厨师,厨子 vt. 烹调,煮 vi. 烹调,做菜",教科版EEC三年级起点四年级上.xlsx
jiaoke_eec_start3|g4-upper|r088|careful,jiaoke_eec_start3,4年级上,4,上,88,careful,careful,[ˈkeəf(ə)l],[ˈkerfl],"adj. 仔细的,小心的",教科版EEC三年级起点四年级上.xlsx
jiaoke_eec_start3|g4-upper|r089|be careful,jiaoke_eec_start3,4年级上,4,上,89,be careful,be careful,,,小心;当心;注意,教科版EEC三年级起点四年级上.xlsx
jiaoke_eec_start3|g4-upper|r090|pan,jiaoke_eec_start3,4年级上,4,上,90,pan,pan,[pæn],[pæn],"n. 平底锅;盘状的器皿;淘盘子,金盘,秤盘 vi. 淘金;在淘洗中收获金子 vt. 淘金;在浅锅中烹调(食物);[非正式用语]严厉的批评",教科版EEC三年级起点四年级上.xlsx
jiaoke_eec_start3|g4-upper|r091|square,jiaoke_eec_start3,4年级上,4,上,91,square,square,[skweə(r)],[skwer],n. 平方;广场;正方形 adj. 平方的;正方形的;直角的;正直的 vt. 使成方形;与...一致 vi. 一致;成方形 adv. 成直角地,教科版EEC三年级起点四年级上.xlsx
jiaoke_eec_start3|g4-upper|r092|then,jiaoke_eec_start3,4年级上,4,上,92,then,then,[ðen],[ðen],"conj. 然后,当时 n. 那时 adv. 然后;那么;于是;当时;此外",教科版EEC三年级起点四年级上.xlsx
jiaoke_eec_start3|g4-upper|r093|circle,jiaoke_eec_start3,4年级上,4,上,93,circle,circle,[ˈsɜːk(ə)l],[ˈsɜːrkl],"n. 循环,周期;圆;圈子;圆形物 vt. 画圆圈;环绕...移动 vi. 盘旋,旋转;环行",教科版EEC三年级起点四年级上.xlsx
jiaoke_eec_start3|g4-upper|r094|triangle,jiaoke_eec_start3,4年级上,4,上,94,triangle,triangle,[ˈtraɪæŋɡl],[ˈtraɪæŋɡl],n. 三角(形);三角关系;三角形之物;三人一组,教科版EEC三年级起点四年级上.xlsx
jiaoke_eec_start3|g4-upper|r095|face,jiaoke_eec_start3,4年级上,4,上,95,face,face,[feɪs],[feɪs],n. 脸;表面;面子;面容;外观;威信 vi. 向;朝 vt. 面对;面向;承认;抹盖,教科版EEC三年级起点四年级上.xlsx
jiaoke_eec_start3|g4-upper|r096|that's it.,jiaoke_eec_start3,4年级上,4,上,96,That's it.,that's it.,,,"[口语];就这样,没别的了,完了;对啦,正是这样",教科版EEC三年级起点四年级上.xlsx
jiaoke_eec_start3|g4-upper|r097|eat,jiaoke_eec_start3,4年级上,4,上,97,eat,eat,[iːt],[iːt],"vt. 吃,喝;腐蚀;烦扰 vi. 进食;腐蚀,侵蚀",教科版EEC三年级起点四年级上.xlsx
jiaoke_eec_start3|g4-upper|r098|cry,jiaoke_eec_start3,4年级上,4,上,98,cry,cry,[kraɪ],[kraɪ],n. 叫喊;叫声;口号;呼叫 vi. 哭;叫;喊 vt. 叫喊;哭出;大声说,教科版EEC三年级起点四年级上.xlsx
jiaoke_eec_start3|g4-lower|r002|spring,jiaoke_eec_start3,4年级下,4,下,2,spring,spring,[sprɪŋ],[sprɪŋ],n. 春天;弹簧;泉水;活力;跳跃 adj. 春天的 vt. 使跳起;使爆炸;突然提出;使弹开 vi. 生长;涌出;跃出;裂开,教科版EEC三年级起点四年级下.xlsx
jiaoke_eec_start3|g4-lower|r003|festival,jiaoke_eec_start3,4年级下,4,下,3,festival,festival,[ˈfestɪv(ə)l],[ˈfestɪvl],"n. 节日;庆祝,纪念活动;欢乐 adj. 节日的,喜庆的;快乐的",教科版EEC三年级起点四年级下.xlsx
jiaoke_eec_start3|g4-lower|r004|spring festival,jiaoke_eec_start3,4年级下,4,下,4,Spring Festival,spring festival,,,n. 春节,教科版EEC三年级起点四年级下.xlsx
jiaoke_eec_start3|g4-lower|r005|like,jiaoke_eec_start3,4年级下,4,下,5,like,like,[laɪk],[laɪk],vt. 喜欢;想;愿意 vi. 喜欢;希望 prep. 像;如同 adj. 同样的;相似的 n. 爱好;同样的人或物 adv. 可能 conj. 好像,教科版EEC三年级起点四年级下.xlsx
jiaoke_eec_start3|g4-lower|r006|new,jiaoke_eec_start3,4年级下,4,下,6,new,new,[njuː],[nuː],"adj. 新的,新鲜的;更新的;初见的 adv. 新近",教科版EEC三年级起点四年级下.xlsx
jiaoke_eec_start3|g4-lower|r007|year,jiaoke_eec_start3,4年级下,4,下,7,year,year,[jɪə(r)],[jɪr],n. 年;年度;历年;年纪;一年的期间;某年级的学生,教科版EEC三年级起点四年级下.xlsx
jiaoke_eec_start3|g4-lower|r008|new year's day,jiaoke_eec_start3,4年级下,4,下,8,New Year's Day,new year's day,,,na. 元旦,教科版EEC三年级起点四年级下.xlsx
jiaoke_eec_start3|g4-lower|r009|i see.,jiaoke_eec_start3,4年级下,4,下,9,I see.,i see.,,,我明白了;我知道了;我了解,教科版EEC三年级起点四年级下.xlsx
jiaoke_eec_start3|g4-lower|r010|beautiful,jiaoke_eec_start3,4年级下,4,下,10,beautiful,beautiful,[ˈbjuːtɪf(ə)l],[ˈbjuːtɪf(ə)l],adj. 美丽的 出色地 出色的 迷人的 迷人地,教科版EEC三年级起点四年级下.xlsx
jiaoke_eec_start3|g4-lower|r011|dumpling,jiaoke_eec_start3,4年级下,4,下,11,dumpling,dumpling,[ˈdʌmplɪŋ],[ˈdʌmplɪŋ],"n. 饺子,汤团;面团布丁",教科版EEC三年级起点四年级下.xlsx
jiaoke_eec_start3|g4-lower|r012|yourself,jiaoke_eec_start3,4年级下,4,下,12,yourself,yourself,[jɔːˈself],[jɔːrˈself; jʊrˈself; jərˈself],pron. 你自己,教科版EEC三年级起点四年级下.xlsx
jiaoke_eec_start3|g4-lower|r013|help yourself.,jiaoke_eec_start3,4年级下,4,下,13,Help yourself.,help yourself.,,,别客气;请自便;随便吃,教科版EEC三年级起点四年级下.xlsx
jiaoke_eec_start3|g4-lower|r014|delicious,jiaoke_eec_start3,4年级下,4,下,14,delicious,delicious,[dɪˈlɪʃəs],[dɪˈlɪʃəs],adj. 美味的;可口的,教科版EEC三年级起点四年级下.xlsx
jiaoke_eec_start3|g4-lower|r015|lantern,jiaoke_eec_start3,4年级下,4,下,15,lantern,lantern,[ˈlæntən],[ˈlæntərn],n. 灯笼;提灯;灯笼式天窗,教科版EEC三年级起点四年级下.xlsx
jiaoke_eec_start3|g4-lower|r016|wonderful,jiaoke_eec_start3,4年级下,4,下,16,wonderful,wonderful,[ˈwʌndəf(ə)l],[ˈwʌndərf(ə)l],"adj. 极好的,精彩的,绝妙的;奇妙的;美妙;胜;神妙",教科版EEC三年级起点四年级下.xlsx
jiaoke_eec_start3|g4-lower|r017|dragon boat festival,jiaoke_eec_start3,4年级下,4,下,17,Dragon Boat Festival,dragon boat festival,,,端午节;龙舟节;端午节英语作文,教科版EEC三年级起点四年级下.xlsx
jiaoke_eec_start3|g4-lower|r018|mid-autumn festival,jiaoke_eec_start3,4年级下,4,下,18,Mid-Autumn Festival,mid-autumn festival,,,《英汉医学词典》mid autumn festival 中秋节,教科版EEC三年级起点四年级下.xlsx
jiaoke_eec_start3|g4-lower|r019|mooncake,jiaoke_eec_start3,4年级下,4,下,19,mooncake,mooncake,['mu:nkeɪk],[ˈmuːnkeɪk],n. 月饼,教科版EEC三年级起点四年级下.xlsx
jiaoke_eec_start3|g4-lower|r020|christmas,jiaoke_eec_start3,4年级下,4,下,20,Christmas,christmas,[ˈkrɪsməs],[ˈkrɪsməs],n. 圣诞节;圣诞节期间,教科版EEC三年级起点四年级下.xlsx
jiaoke_eec_start3|g4-lower|r021|card,jiaoke_eec_start3,4年级下,4,下,21,card,card,[kɑːd],[kɑːrd],n. 卡片;纸牌;明信片 vt. 记于卡片上,教科版EEC三年级起点四年级下.xlsx
jiaoke_eec_start3|g4-lower|r022|tree,jiaoke_eec_start3,4年级下,4,下,22,tree,tree,[triː],[triː],n. 树;木料;树状物 vt. 把...赶上树 vi. 爬上树;逃上树,教科版EEC三年级起点四年级下.xlsx
jiaoke_eec_start3|g4-lower|r023|clock,jiaoke_eec_start3,4年级下,4,下,23,clock,clock,[klɒk],[klɑːk],n. 时钟;计时器 vt. 记录;记时 vi. 打卡;记录时间,教科版EEC三年级起点四年级下.xlsx
jiaoke_eec_start3|g4-lower|r024|party,jiaoke_eec_start3,4年级下,4,下,24,party,party,[ˈpɑːti],[ˈpɑːrti],"n. 政党,党派;聚会,派对;当事人 [复数 parties] vi. 参加社交聚会 [ 过去式 partied 过去分词 partied 现在分词 partying ]",教科版EEC三年级起点四年级下.xlsx
jiaoke_eec_start3|g4-lower|r025|full,jiaoke_eec_start3,4年级下,4,下,25,full,full,[fʊl],[fʊl],"n. 全部;完整 adj. 完全的,完整的;满的,充满的;丰富的;完美的;丰满的;详尽的 vt. 把衣服缝得宽大 adv. 十分,非常;完全地;整整",教科版EEC三年级起点四年级下.xlsx
jiaoke_eec_start3|g4-lower|r026|rice,jiaoke_eec_start3,4年级下,4,下,26,rice,rice,[raɪs],[raɪs],n. 稻;米饭 vt. 把...捣成米糊状,教科版EEC三年级起点四年级下.xlsx
jiaoke_eec_start3|g4-lower|r027|rice dumpling,jiaoke_eec_start3,4年级下,4,下,27,rice dumpling,rice dumpling,,,粽子;汤圆;肉粽,教科版EEC三年级起点四年级下.xlsx
jiaoke_eec_start3|g4-lower|r028|warm,jiaoke_eec_start3,4年级下,4,下,28,warm,warm,[wɔːm],[wɔːrm],n. 取暖;加热 adj. 温暖的;热情的 vt. 使...兴奋;使...温暖;使...感兴趣 vi. 同情;激动;变温暖,教科版EEC三年级起点四年级下.xlsx
jiaoke_eec_start3|g4-lower|r029|which,jiaoke_eec_start3,4年级下,4,下,29,which,which,[wɪtʃ],[wɪtʃ],adj. 哪一个;哪一些 pron. 哪/那一个;哪/那一些,教科版EEC三年级起点四年级下.xlsx
jiaoke_eec_start3|g4-lower|r030|season,jiaoke_eec_start3,4年级下,4,下,30,season,season,[ˈsiːzn],[ˈsiːzn],n. 时期;季节;赛季 vt. 给...调味;使适应 vi. 变得成熟;变干燥,教科版EEC三年级起点四年级下.xlsx
jiaoke_eec_start3|g4-lower|r031|winter,jiaoke_eec_start3,4年级下,4,下,31,winter,winter,[ˈwɪntə(r)],[ˈwɪntər],n. 冬季;年岁;萧条期 adj. 冬天的;越冬的 vi. 过冬,教科版EEC三年级起点四年级下.xlsx
jiaoke_eec_start3|g4-lower|r032|too,jiaoke_eec_start3,4年级下,4,下,32,too,too,[tuː],[tuː],adv. 太;也;很;还;非常;过度,教科版EEC三年级起点四年级下.xlsx
jiaoke_eec_start3|g4-lower|r033|snow,jiaoke_eec_start3,4年级下,4,下,33,snow,snow,[snəʊ],[snoʊ],"n. 雪,积雪;下雪 vt. 使纷纷落下;使变白 vi. 降雪",教科版EEC三年级起点四年级下.xlsx
jiaoke_eec_start3|g4-lower|r034|summer,jiaoke_eec_start3,4年级下,4,下,34,summer,summer,[ˈsʌmə(r)],[ˈsʌmər],n. 夏季;全盛时期 adj. 夏季的 vi. 避暑;过夏天,教科版EEC三年级起点四年级下.xlsx
jiaoke_eec_start3|g4-lower|r035|cool,jiaoke_eec_start3,4年级下,4,下,35,cool,cool,[kuːl],[kuːl],n. 凉爽;凉爽的空气 adj. 凉爽的;冷静的;出色的 vt. 使...冷却;使...平静下来 vi. 变凉;平息 adv. 冷静地,教科版EEC三年级起点四年级下.xlsx
jiaoke_eec_start3|g4-lower|r036|fall,jiaoke_eec_start3,4年级下,4,下,36,fall,fall,[fɔːl],[fɔːl],n. 下降;秋天;瀑布 adj. 秋天的 vi. 落下;变成;来临;减弱 vt. 砍倒;击倒,教科版EEC三年级起点四年级下.xlsx
jiaoke_eec_start3|g4-lower|r037|poor,jiaoke_eec_start3,4年级下,4,下,37,poor,poor,[pɔː(r)],[pʊr; pɔːr],adj. 贫穷的;可怜的;贫乏的;卑鄙的,教科版EEC三年级起点四年级下.xlsx
jiaoke_eec_start3|g4-lower|r038|matter,jiaoke_eec_start3,4年级下,4,下,38,matter,matter,[ˈmætə(r)],[ˈmætər],n. 物质;事件 vi. 有关系;要紧,教科版EEC三年级起点四年级下.xlsx
jiaoke_eec_start3|g4-lower|r039|busy,jiaoke_eec_start3,4年级下,4,下,39,busy,busy,[ˈbɪzi],[ˈbɪzi],adj. 忙碌的;热闹的;正被占用的 vt. 使忙于,教科版EEC三年级起点四年级下.xlsx
jiaoke_eec_start3|g4-lower|r040|park,jiaoke_eec_start3,4年级下,4,下,40,park,park,[pɑːk],[pɑːrk],n. 公园;[交] 停车场 vt. 停放;放置;寄存 vi. 停放车辆,教科版EEC三年级起点四年级下.xlsx
jiaoke_eec_start3|g4-lower|r041|idea,jiaoke_eec_start3,4年级下,4,下,41,idea,idea,[aɪˈdɪə],[aɪˈdiːə],n. 想法;主意;概念,教科版EEC三年级起点四年级下.xlsx
jiaoke_eec_start3|g4-lower|r042|fever,jiaoke_eec_start3,4年级下,4,下,42,fever,fever,[ˈfiːvə(r)],[ˈfiːvər],"n. 发烧,发热;狂热 vt. 使发烧;使狂热;使患热病 vi. 发烧;狂热;患热病",教科版EEC三年级起点四年级下.xlsx
jiaoke_eec_start3|g4-lower|r043|gee,jiaoke_eec_start3,4年级下,4,下,43,gee,gee,[dʒiː],[dʒiː],n. 马;字母G;一千美元(美俚) v. 向右转 int. 向右!前进!快!(驾驭马牛等的吆喝声),教科版EEC三年级起点四年级下.xlsx
jiaoke_eec_start3|g4-lower|r044|bad,jiaoke_eec_start3,4年级下,4,下,44,bad,bad,[bæd],[bæd],"n. 坏事;坏人 adj. 坏的;严重的;劣质的 adv. 很,非常;坏地;邪恶地",教科版EEC三年级起点四年级下.xlsx
jiaoke_eec_start3|g4-lower|r045|care,jiaoke_eec_start3,4年级下,4,下,45,care,care,[keə(r)],[ker],n. 关怀;照料;谨慎;忧虑 vt. 在意;希望或喜欢 vi. 照顾;关心;喜爱;顾虑,教科版EEC三年级起点四年级下.xlsx
jiaoke_eec_start3|g4-lower|r046|take care,jiaoke_eec_start3,4年级下,4,下,46,take care,take care,,,v. 当心;留心,教科版EEC三年级起点四年级下.xlsx
jiaoke_eec_start3|g4-lower|r047|hope,jiaoke_eec_start3,4年级下,4,下,47,hope,hope,[həʊp],[hoʊp],n. 希望;期望;信心 vi. 希望;期待;信赖 vt. 希望;期望,教科版EEC三年级起点四年级下.xlsx
jiaoke_eec_start3|g4-lower|r048|so,jiaoke_eec_start3,4年级下,4,下,48,so,so,[səʊ],[soʊ],"conj. 所以;因此 adv. 如此,这么;确是如此 pron. 这样",教科版EEC三年级起点四年级下.xlsx
jiaoke_eec_start3|g4-lower|r049|cold,jiaoke_eec_start3,4年级下,4,下,49,cold,cold,[kəʊld],[kəʊld],"n. 寒冷;感冒 adj. 寒冷的;冷淡的,不热情的;失去知觉的 adv. 完全地",教科版EEC三年级起点四年级下.xlsx
jiaoke_eec_start3|g4-lower|r050|headache,jiaoke_eec_start3,4年级下,4,下,50,headache,headache,[ˈhedeɪk],[ˈhedeɪk],n. 头痛;麻烦;令人头痛之事,教科版EEC三年级起点四年级下.xlsx
jiaoke_eec_start3|g4-lower|r051|stomachache,jiaoke_eec_start3,4年级下,4,下,51,stomachache,stomachache,[ˈstʌməkeɪk],[ˈstʌməkˌeɪk],"n. 腹痛,肚子痛;胃痛",教科版EEC三年级起点四年级下.xlsx
jiaoke_eec_start3|g4-lower|r052|toothache,jiaoke_eec_start3,4年级下,4,下,52,toothache,toothache,[ˈtuːθeɪk],[ˈtuːθeɪk],n. [口腔] 牙痛,教科版EEC三年级起点四年级下.xlsx
jiaoke_eec_start3|g4-lower|r053|fun,jiaoke_eec_start3,4年级下,4,下,53,fun,fun,[fʌn],[fʌn],n. 乐趣;玩笑;有趣的人或事 adj. 供娱乐用的 vi. 开玩笑,教科版EEC三年级起点四年级下.xlsx
jiaoke_eec_start3|g4-lower|r054|roller coaster,jiaoke_eec_start3,4年级下,4,下,54,roller coaster,roller coaster,,,n. 过山车;〈比喻〉剧烈起伏(的事物),教科版EEC三年级起点四年级下.xlsx
jiaoke_eec_start3|g4-lower|r055|exciting,jiaoke_eec_start3,4年级下,4,下,55,exciting,exciting,[ɪkˈsaɪtɪŋ],[ɪkˈsaɪtɪŋ],adj. 令人兴奋的;使人激动的 v. 激动;刺激(excite的ing形式);唤起,教科版EEC三年级起点四年级下.xlsx
jiaoke_eec_start3|g4-lower|r056|ooh,jiaoke_eec_start3,4年级下,4,下,56,ooh,ooh,[uː],[uː],int. (表示惊异、热心、高兴或不悦的叫声)哦!,教科版EEC三年级起点四年级下.xlsx
jiaoke_eec_start3|g4-lower|r057|scared,jiaoke_eec_start3,4年级下,4,下,57,scared,scared,[skeəd],[skerd],v. 使害怕(scare的过去分词) adj. 害怕的,教科版EEC三年级起点四年级下.xlsx
jiaoke_eec_start3|g4-lower|r058|bumper car,jiaoke_eec_start3,4年级下,4,下,58,bumper car,bumper car,,,n. 碰碰车;常用于美式英语,教科版EEC三年级起点四年级下.xlsx
jiaoke_eec_start3|g4-lower|r059|really,jiaoke_eec_start3,4年级下,4,下,59,really,really,[ˈriːəli],[ˈriːəli],"adv. 实际上,事实上;真正地,真实地;真的吗?(表语气)",教科版EEC三年级起点四年级下.xlsx
jiaoke_eec_start3|g4-lower|r060|excited,jiaoke_eec_start3,4年级下,4,下,60,excited,excited,[ɪkˈsaɪtɪd],[ɪkˈsaɪtɪd],v. 激动;唤起(excite的过去分词) adj. 兴奋的;激动的;活跃的,教科版EEC三年级起点四年级下.xlsx
jiaoke_eec_start3|g4-lower|r061|tired,jiaoke_eec_start3,4年级下,4,下,61,tired,tired,[ˈtaɪəd],[ˈtaɪərd],"v. 疲倦;对...腻烦(tire的过去分词形式) adj. 疲倦的;厌倦的,厌烦的",教科版EEC三年级起点四年级下.xlsx
jiaoke_eec_start3|g4-lower|r062|phew,jiaoke_eec_start3,4年级下,4,下,62,phew,phew,[fjuː],[fjuː],int. 唷(表示不快、惊讶的声音) vi. 咂舌头,教科版EEC三年级起点四年级下.xlsx
jiaoke_eec_start3|g4-lower|r063|store,jiaoke_eec_start3,4年级下,4,下,63,store,store,[stɔː(r)],[stɔːr],"n. 商店;储备,贮藏;仓库 vt. 贮藏,储存",教科版EEC三年级起点四年级下.xlsx
jiaoke_eec_start3|g4-lower|r064|buy,jiaoke_eec_start3,4年级下,4,下,64,buy,buy,[baɪ],[baɪ],"n. 购买,买卖;所购的物品 vi. 买,采购 vt. 购买;获得;贿赂",教科版EEC三年级起点四年级下.xlsx
jiaoke_eec_start3|g4-lower|r065|him,jiaoke_eec_start3,4年级下,4,下,65,him,him,[hɪm; ɪm],[hɪm; ɪm],pron. 他(宾格),教科版EEC三年级起点四年级下.xlsx
jiaoke_eec_start3|g4-lower|r066|present,jiaoke_eec_start3,4年级下,4,下,66,present,present,[ˈprez(ə)nt],[ˈpreznt],n. 现在;礼物;瞄准 adj. 现在的;出席的 vt. 提出;介绍;呈现;赠送 vi. 举枪瞄准,教科版EEC三年级起点四年级下.xlsx
jiaoke_eec_start3|g4-lower|r067|watch,jiaoke_eec_start3,4年级下,4,下,67,watch,watch,[wɒtʃ],[wɑːtʃ],"n. 手表;监视;守护;值班人 vt. 观察;注视;看守;警戒 vi. 观看,注视;守侯,看守",教科版EEC三年级起点四年级下.xlsx
jiaoke_eec_start3|g4-lower|r068|cost,jiaoke_eec_start3,4年级下,4,下,68,cost,cost,[kɒst],[kɔːst],"n. 费用,代价,成本;损失 vt. 花费;使付出;使花许多钱 vi. 花费",教科版EEC三年级起点四年级下.xlsx
jiaoke_eec_start3|g4-lower|r069|too much,jiaoke_eec_start3,4年级下,4,下,69,too much,too much,,,na. 太过份,教科版EEC三年级起点四年级下.xlsx
jiaoke_eec_start3|g4-lower|r070|robot,jiaoke_eec_start3,4年级下,4,下,70,robot,robot,[ˈrəʊbɒt],[ˈroʊbɑːt],"n. 机器人;遥控设备,自动机械;机械般工作的人",教科版EEC三年级起点四年级下.xlsx
jiaoke_eec_start3|g4-lower|r071|look for,jiaoke_eec_start3,4年级下,4,下,71,look for,look for,[ˈlʊk fɔː(r)],[ˈlʊk fɔːr],v. 寻找;探索;渴望;盼望,教科版EEC三年级起点四年级下.xlsx
jiaoke_eec_start3|g4-lower|r072|flower,jiaoke_eec_start3,4年级下,4,下,72,flower,flower,[ˈflaʊə(r)],[ˈflaʊər],"n. 花;精华;开花植物 vt. 使开花;用花装饰 vi. 成熟,发育;开花;繁荣;旺盛",教科版EEC三年级起点四年级下.xlsx
jiaoke_eec_start3|g4-lower|r073|grandma,jiaoke_eec_start3,4年级下,4,下,73,grandma,grandma,[ˈɡrænmɑː],[ˈɡrænmɑː],n. 奶奶;外婆,教科版EEC三年级起点四年级下.xlsx
jiaoke_eec_start3|g4-lower|r074|her,jiaoke_eec_start3,4年级下,4,下,74,her,her,[hə(r)],[hər; ɜːr; ər; hɜːr],pron. 她(she的宾格);她的(she的所有格);她(指某个国家;一艘船),教科版EEC三年级起点四年级下.xlsx
jiaoke_eec_start3|g4-lower|r075|happen,jiaoke_eec_start3,4年级下,4,下,75,happen,happen,[ˈhæpən],[ˈhæpən],vi. 发生;碰巧;偶然遇到,教科版EEC三年级起点四年级下.xlsx
jiaoke_eec_start3|g4-lower|r076|what's happening?,jiaoke_eec_start3,4年级下,4,下,76,What's happening?,what's happening?,,,在忙什么;正在发生什么;发生了什么事,教科版EEC三年级起点四年级下.xlsx
jiaoke_eec_start3|g4-lower|r077|surprise,jiaoke_eec_start3,4年级下,4,下,77,surprise,surprise,[səˈpraɪz],[sərˈpraɪz],"n. 惊奇,诧异;突然袭击 adj. 令人惊讶的 vt. 使惊奇;奇袭",教科版EEC三年级起点四年级下.xlsx
jiaoke_eec_start3|g4-lower|r078|blow,jiaoke_eec_start3,4年级下,4,下,78,blow,blow,[bləʊ],[bloʊ],n. 吹;打击;殴打 vt. 风吹 vi. 风吹;喘气,教科版EEC三年级起点四年级下.xlsx
jiaoke_eec_start3|g4-lower|r079|blow out,jiaoke_eec_start3,4年级下,4,下,79,blow out,blow out,,,na. 取消;停止鼓风;(吹)胀;吹破,教科版EEC三年级起点四年级下.xlsx
jiaoke_eec_start3|g4-lower|r080|all,jiaoke_eec_start3,4年级下,4,下,80,all,all,[ɔːl],[ɔːl],n. 全部 adj. 全部的 adv. 全然地;越发 pron. 全部,教科版EEC三年级起点四年级下.xlsx
jiaoke_eec_start3|g4-lower|r081|from,jiaoke_eec_start3,4年级下,4,下,81,from,from,[frəm; frɒm],[frəm; frʌm; frɑːm],"prep. 来自,从;由于;今后",教科版EEC三年级起点四年级下.xlsx
jiaoke_eec_start3|g4-lower|r082|aunt,jiaoke_eec_start3,4年级下,4,下,82,aunt,aunt,[ɑːnt],[ænt],n. 阿姨;姑妈;伯母;舅妈,教科版EEC三年级起点四年级下.xlsx
jiaoke_eec_start3|g4-lower|r083|grandpa,jiaoke_eec_start3,4年级下,4,下,83,grandpa,grandpa,[ˈɡrænpɑː],[ˈɡrænpɑː],n. 爷爷;外公,教科版EEC三年级起点四年级下.xlsx
jiaoke_eec_start3|g4-lower|r084|uncle,jiaoke_eec_start3,4年级下,4,下,84,uncle,uncle,[ˈʌŋk(ə)l],[ˈʌŋkl],n. 叔叔;伯父;伯伯;舅父;姨丈;姑父,教科版EEC三年级起点四年级下.xlsx
jiaoke_eec_start3|g4-lower|r085|cousin,jiaoke_eec_start3,4年级下,4,下,85,cousin,cousin,[ˈkʌzn],[ˈkʌzn],n. 堂兄弟姊妹;表兄弟姊妹,教科版EEC三年级起点四年级下.xlsx
jiaoke_eec_start3|g4-lower|r086|post office,jiaoke_eec_start3,4年级下,4,下,86,post office,post office,[ˈpəust ɔfis],[ˈpost ɔfɪs],n. 邮局;邮政部门;邮政系统;邮差敲门游戏(儿童用假托的信件换取亲吻),教科版EEC三年级起点四年级下.xlsx
jiaoke_eec_start3|g4-lower|r087|policeman,jiaoke_eec_start3,4年级下,4,下,87,policeman,policeman,[pəˈliːsmən],[pəˈliːsmən],"n. 警察,警员;[分化] 淀帚(橡皮头玻璃搅棒)",教科版EEC三年级起点四年级下.xlsx
jiaoke_eec_start3|g4-lower|r088|ask,jiaoke_eec_start3,4年级下,4,下,88,ask,ask,[ɑːsk],[æsk],"vt. 问,询问;要求;需要;邀请;讨价 vi. 问,询问;要求",教科版EEC三年级起点四年级下.xlsx
jiaoke_eec_start3|g4-lower|r089|excuse me,jiaoke_eec_start3,4年级下,4,下,89,excuse me,excuse me,[ɪk'skjʊs mi],[ɪkˈskjuːz mi],un. 请原谅;对不起,教科版EEC三年级起点四年级下.xlsx
jiaoke_eec_start3|g4-lower|r090|over there,jiaoke_eec_start3,4年级下,4,下,90,over there,over there,['əʊvə(r) ðeə(r)],[ˈəʊvər ðer],na. 在那边;〔美国〕在欧洲;〔大战用语〕在战地,教科版EEC三年级起点四年级下.xlsx
jiaoke_eec_start3|g4-lower|r091|ah,jiaoke_eec_start3,4年级下,4,下,91,ah,ah,[ɑː],[ɑː],int. 啊;呀,教科版EEC三年级起点四年级下.xlsx
jiaoke_eec_start3|g4-lower|r092|see,jiaoke_eec_start3,4年级下,4,下,92,see,see,[siː],[siː],vi. 看;看见;领会 vt. 看见;理解;领会,教科版EEC三年级起点四年级下.xlsx
jiaoke_eec_start3|g4-lower|r093|clerk,jiaoke_eec_start3,4年级下,4,下,93,clerk,clerk,[klɑːk],[klɜːrk],"n. 职员,办事员;店员;书记;记账员;<古>牧师,教士 vi. 当销售员,当店员;当职员",教科版EEC三年级起点四年级下.xlsx
jiaoke_eec_start3|g4-lower|r094|may,jiaoke_eec_start3,4年级下,4,下,94,may,may,[meɪ],[meɪ],"aux. 可以,能够;可能,也许;祝,愿;会,能",教科版EEC三年级起点四年级下.xlsx
jiaoke_eec_start3|g4-lower|r095|send,jiaoke_eec_start3,4年级下,4,下,95,send,send,[send],[send],"n. 上升运动 vi. 派人;寄信 vt. 发送,寄;派遣;使进入;发射",教科版EEC三年级起点四年级下.xlsx
jiaoke_eec_start3|g4-lower|r096|how long ...?,jiaoke_eec_start3,4年级下,4,下,96,How long ...?,how long ...?,,,conj. 多长时间,教科版EEC三年级起点四年级下.xlsx
jiaoke_eec_start3|g4-lower|r097|take,jiaoke_eec_start3,4年级下,4,下,97,take,take,[teɪk],[teɪk],"vi. 拿;获得 vt. 拿,取;采取;接受(礼物等);买,花费;耗费(时间等) n. 捕获量;看法;利益,盈益;(入场券的)售得金额",教科版EEC三年级起点四年级下.xlsx
jiaoke_eec_start3|g4-lower|r098|about,jiaoke_eec_start3,4年级下,4,下,98,about,about,[əˈbaʊt],[əˈbaʊt],prep. 关于;大约 n. 大致;粗枝大叶;不拘小节的人 adj. 在附近的;四处走动的;在起作用的 adv. 大约;周围;到处,教科版EEC三年级起点四年级下.xlsx
jiaoke_eec_start3|g4-lower|r099|bookstore,jiaoke_eec_start3,4年级下,4,下,99,bookstore,bookstore,[ˈbʊkstɔː(r)],[ˈbʊkstɔːr],n. 书店(等于bookshop),教科版EEC三年级起点四年级下.xlsx
jiaoke_eec_start3|g4-lower|r100|restaurant,jiaoke_eec_start3,4年级下,4,下,100,restaurant,restaurant,[ˈrestrɒnt],[ˈrestrɑːnt; ˈrestərɑːnt],n. 餐馆;[经] 饭店,教科版EEC三年级起点四年级下.xlsx
jiaoke_eec_start3|g4-lower|r101|hospital,jiaoke_eec_start3,4年级下,4,下,101,hospital,hospital,[ˈhɒspɪt(ə)l],[ˈhɑːspɪtl],n. 医院,教科版EEC三年级起点四年级下.xlsx
jiaoke_eec_start3|g4-lower|r102|supermarket,jiaoke_eec_start3,4年级下,4,下,102,supermarket,supermarket,[ˈsuːpəmɑːkɪt],[ˈsuːpərmɑːrkɪt],n. 超级市场;自助售货商店,教科版EEC三年级起点四年级下.xlsx
jiaoke_eec_start3|g4-lower|r103|bathroom,jiaoke_eec_start3,4年级下,4,下,103,bathroom,bathroom,[ˈbɑːθruːm; ˈbɑːθrʊm],[ˈbæθruːm],n. 浴室;厕所;盥洗室,教科版EEC三年级起点四年级下.xlsx
jiaoke_eec_start3|g4-lower|r104|living room,jiaoke_eec_start3,4年级下,4,下,104,living room,living room,['lɪvɪŋ ru:m],[ˈlɪvɪŋ ruːm],n. 客厅;起居室,教科版EEC三年级起点四年级下.xlsx
jiaoke_eec_start3|g4-lower|r105|tv,jiaoke_eec_start3,4年级下,4,下,105,TV,tv,[ˌtiː ˈviː],[ˌtiː ˈviː],abbr. 电视(television),教科版EEC三年级起点四年级下.xlsx
jiaoke_eec_start3|g4-lower|r106|work,jiaoke_eec_start3,4年级下,4,下,106,work,work,[wɜːk],[wɜːrk],n. 工作;[物] 功;产品;操作;职业;行为;事业;工厂;著作;文学、音乐或艺术作品 vt. 使工作;操作;经营;使缓慢前进 vi. 工作;运作;起作用,教科版EEC三年级起点四年级下.xlsx
jiaoke_eec_start3|g4-lower|r107|funny,jiaoke_eec_start3,4年级下,4,下,107,funny,funny,[ˈfʌni],[ˈfʌni],"n. 滑稽人物;笑话,有趣的故事;滑稽连环漫画栏;(英)(比赛用)单人双桨小艇 adj. 有趣的,好笑的,滑稽的;(口)稀奇的,古怪的,奇异的;有病的,不舒服的;狡猾的,欺骗(性)的,可疑的,不光明",教科版EEC三年级起点四年级下.xlsx
jiaoke_eec_start3|g4-lower|r108|spider,jiaoke_eec_start3,4年级下,4,下,108,spider,spider,[ˈspaɪdə(r)],[ˈspaɪdər],n. 蜘蛛;设圈套者;三脚架,教科版EEC三年级起点四年级下.xlsx
jiaoke_eec_start3|g4-lower|r109|take ... away,jiaoke_eec_start3,4年级下,4,下,109,take ... away,take ... away,,,adj. 买回去的,教科版EEC三年级起点四年级下.xlsx
jiaoke_eec_start3|g4-lower|r110|ugh,jiaoke_eec_start3,4年级下,4,下,110,ugh,ugh,[ɜː],[ʊx;ɜː],int. 啊;呸,教科版EEC三年级起点四年级下.xlsx
jiaoke_eec_start3|g4-lower|r111|bedroom,jiaoke_eec_start3,4年级下,4,下,111,bedroom,bedroom,[ˈbedruːm],[ˈbedruːm; ˈbedrʊm],n. 卧室 adj. 两性关系的;城郊住宅区的,教科版EEC三年级起点四年级下.xlsx
jiaoke_eec_start3|g4-lower|r112|kitchen,jiaoke_eec_start3,4年级下,4,下,112,kitchen,kitchen,[ˈkɪtʃɪn],[ˈkɪtʃɪn],n. 厨房;炊具;炊事人员,教科版EEC三年级起点四年级下.xlsx
jiaoke_eec_start3|g4-lower|r113|dining room,jiaoke_eec_start3,4年级下,4,下,113,dining room,dining room,,,n. 饭厅;餐厅,教科版EEC三年级起点四年级下.xlsx
jiaoke_eec_start3|g4-lower|r114|photo,jiaoke_eec_start3,4年级下,4,下,114,photo,photo,[ˈfəʊtəʊ],[ˈfoʊtoʊ],n. 照片,教科版EEC三年级起点四年级下.xlsx
jiaoke_eec_start3|g4-lower|r115|hang,jiaoke_eec_start3,4年级下,4,下,115,hang,hang,[hæŋ],[hæŋ],"n. 悬挂;暂停,中止 vt. 悬挂,垂下;装饰;绞死;使悬而未决 vi. 悬着,垂下;被绞死;悬而不决",教科版EEC三年级起点四年级下.xlsx
jiaoke_eec_start3|g4-lower|r116|hundred,jiaoke_eec_start3,4年级下,4,下,116,hundred,hundred,[ˈhʌndrəd],[ˈhʌndrəd],num. 百;百个 n. 一百;许多 adj. 一百的;许多的,教科版EEC三年级起点四年级下.xlsx
jiaoke_eec_start3|g4-lower|r117|quickly,jiaoke_eec_start3,4年级下,4,下,117,quickly,quickly,[ˈkwɪkli],[ˈkwɪkli],adv. 迅速地;很快地,教科版EEC三年级起点四年级下.xlsx
jiaoke_eec_start3|g4-lower|r118|smile,jiaoke_eec_start3,4年级下,4,下,118,smile,smile,[smaɪl],[smaɪl],n. 微笑;笑容;喜色 vt. 微笑着表示 vi. 微笑,教科版EEC三年级起点四年级下.xlsx
jiaoke_eec_start3|g4-lower|r119|oops,jiaoke_eec_start3,4年级下,4,下,119,oops,oops,[ʊps],[ʊpsˌuːps],"int. 哎哟(表示惊讶,狼狈时所发的喊声)",教科版EEC三年级起点四年级下.xlsx
jiaoke_eec_start3|g4-lower|r120|sixty,jiaoke_eec_start3,4年级下,4,下,120,sixty,sixty,[ˈsɪksti],[ˈsɪksti],num. 六十;六十个,教科版EEC三年级起点四年级下.xlsx
jiaoke_eec_start3|g4-lower|r121|seventy,jiaoke_eec_start3,4年级下,4,下,121,seventy,seventy,[ˈsev(ə)nti],[ˈsev(ə)nti],n. 七十;七十个;七十岁;七十年代 num. 七十 adj. 七十的;七十个的;七十岁的,教科版EEC三年级起点四年级下.xlsx
jiaoke_eec_start3|g4-lower|r122|eighty,jiaoke_eec_start3,4年级下,4,下,122,eighty,eighty,[ˈeɪti],[ˈeɪti],"num. 八十 n. 八十;八十岁;八十年代 adj. 八十的,八十个的;八十岁的",教科版EEC三年级起点四年级下.xlsx
jiaoke_eec_start3|g4-lower|r123|ninety,jiaoke_eec_start3,4年级下,4,下,123,ninety,ninety,[ˈnaɪnti],[ˈnaɪnti],n. 九十 adj. 九十的;九十岁的 num. 九十,教科版EEC三年级起点四年级下.xlsx
jiaoke_eec_start3|g5-upper|r002|given name,jiaoke_eec_start3,5年级上,5,上,2,given name,given name,[ˈɡɪv(ə)n neɪm],[ˈɡɪvn neɪm],na. 名字,教科版EEC三年级起点五年级上.xlsx
jiaoke_eec_start3|g5-upper|r003|twins,jiaoke_eec_start3,5年级上,5,上,3,twins,twins,[twɪnz],[twɪnz],"n. 双生子,双胞胎(twin的复数)",教科版EEC三年级起点五年级上.xlsx
jiaoke_eec_start3|g5-upper|r004|china,jiaoke_eec_start3,5年级上,5,上,4,China,china,[ˈtʃaɪnə],[ˈtʃaɪnə],"n. 中国 n. china,瓷器 adj. 中国的;中国制造的 adj. china,瓷制的",教科版EEC三年级起点五年级上.xlsx
jiaoke_eec_start3|g5-upper|r005|american,jiaoke_eec_start3,5年级上,5,上,5,American,american,[əˈmerɪkən],[əˈmerɪkən],"n. 美国人,美洲人;美国英语 adj. 美国的,美洲的;地道美国式的",教科版EEC三年级起点五年级上.xlsx
jiaoke_eec_start3|g5-upper|r006|u.s.a.,jiaoke_eec_start3,5年级上,5,上,6,U.S.A.,u.s.a.,,,美国,教科版EEC三年级起点五年级上.xlsx
jiaoke_eec_start3|g5-upper|r007|australia,jiaoke_eec_start3,5年级上,5,上,7,Australia,australia,[ɒˈstreɪliə],[ɔːˈstreɪliə],"n. 澳大利亚,澳洲",教科版EEC三年级起点五年级上.xlsx
jiaoke_eec_start3|g5-upper|r008|family name,jiaoke_eec_start3,5年级上,5,上,8,family name,family name,[ˈfæməli neɪm],[ˈfæməli neɪm],n. 姓,教科版EEC三年级起点五年级上.xlsx
jiaoke_eec_start3|g5-upper|r009|canada,jiaoke_eec_start3,5年级上,5,上,9,Canada,canada,[ˈkænədə],[ˈkænədə],n. 加拿大(北美洲国家),教科版EEC三年级起点五年级上.xlsx
jiaoke_eec_start3|g5-upper|r010|japan,jiaoke_eec_start3,5年级上,5,上,10,Japan,japan,[dʒəˈpæn],[dʒəˈpæn],n. 日本(东亚国家名),教科版EEC三年级起点五年级上.xlsx
jiaoke_eec_start3|g5-upper|r011|russia,jiaoke_eec_start3,5年级上,5,上,11,Russia,russia,[ˈrʌʃə],[ˈrʌʃə],n. 俄罗斯,教科版EEC三年级起点五年级上.xlsx
jiaoke_eec_start3|g5-upper|r012|near,jiaoke_eec_start3,5年级上,5,上,12,near,near,[nɪə(r)],[nɪr],adj. 近的;亲近的;近似的 adv. 近;接近 prep. 靠近;近似于,教科版EEC三年级起点五年级上.xlsx
jiaoke_eec_start3|g5-upper|r013|live,jiaoke_eec_start3,5年级上,5,上,13,live,live,[lɪv; laɪv],[lɪv; laɪv],adj. 活的;生动的;实况转播的;精力充沛的 vt. 经历;度过 vi. 活;居住;生存,教科版EEC三年级起点五年级上.xlsx
jiaoke_eec_start3|g5-upper|r014|a little,jiaoke_eec_start3,5年级上,5,上,14,a little,a little,,,n. 一点,教科版EEC三年级起点五年级上.xlsx
jiaoke_eec_start3|g5-upper|r015|far,jiaoke_eec_start3,5年级上,5,上,15,far,far,[fɑː(r)],[fɑːr],n. 远方 adj. 远的;久远的 adv. 很;遥远地;久远地;到很远的距离;到很深的程度,教科版EEC三年级起点五年级上.xlsx
jiaoke_eec_start3|g5-upper|r016|by,jiaoke_eec_start3,5年级上,5,上,16,by,by,[baɪ],[baɪ],prep. 通过;被;依据;经由;在附近;在......之前 adv. 通过;经过;附近;[互联网] 白俄罗斯的国家代码顶级域名,教科版EEC三年级起点五年级上.xlsx
jiaoke_eec_start3|g5-upper|r017|sometimes,jiaoke_eec_start3,5年级上,5,上,17,sometimes,sometimes,[ˈsʌmtaɪmz],[ˈsʌmtaɪmz],"adv. 有时,间或",教科版EEC三年级起点五年级上.xlsx
jiaoke_eec_start3|g5-upper|r018|take,jiaoke_eec_start3,5年级上,5,上,18,take,take,[teɪk],[teɪk],"vi. 拿;获得 vt. 拿,取;采取;接受(礼物等);买,花费;耗费(时间等) n. 捕获量;看法;利益,盈益;(入场券的)售得金额",教科版EEC三年级起点五年级上.xlsx
jiaoke_eec_start3|g5-upper|r019|subway,jiaoke_eec_start3,5年级上,5,上,19,subway,subway,[ˈsʌbweɪ],[ˈsʌbweɪ],n. 地铁;地道 vi. 乘地铁,教科版EEC三年级起点五年级上.xlsx
jiaoke_eec_start3|g5-upper|r020|minute,jiaoke_eec_start3,5年级上,5,上,20,minute,minute,[ˈmɪnɪt],[ˈmɪnɪt],"n. 分,分钟;片刻,一会儿;备忘录,笔记;会议记录 vt. 将...记录下来 adj. 微小的,详细的 [maɪˈnjuːt; US -ˈnuːt; maɪˋnut]",教科版EEC三年级起点五年级上.xlsx
jiaoke_eec_start3|g5-upper|r021|bus,jiaoke_eec_start3,5年级上,5,上,21,bus,bus,[bʌs],[bʌs],n. 公共汽车 乘公共汽车,教科版EEC三年级起点五年级上.xlsx
jiaoke_eec_start3|g5-upper|r022|dressed,jiaoke_eec_start3,5年级上,5,上,22,dressed,dressed,[drest],[drest],"v. 装饰;给...穿衣;布置(dress的过去分词) adj. 穿好衣服的;打扮好的;去内脏及分割加工好的(特指动物,如鱼,禽类等)",教科版EEC三年级起点五年级上.xlsx
jiaoke_eec_start3|g5-upper|r023|get dressed,jiaoke_eec_start3,5年级上,5,上,23,get dressed,get dressed,[ɡet drest],[ɡet drest],v. 穿衣服,教科版EEC三年级起点五年级上.xlsx
jiaoke_eec_start3|g5-upper|r024|already,jiaoke_eec_start3,5年级上,5,上,24,already,already,[ɔːlˈredi],[ɔːlˈredi],"adv. 已经,早已;先前",教科版EEC三年级起点五年级上.xlsx
jiaoke_eec_start3|g5-upper|r025|brush,jiaoke_eec_start3,5年级上,5,上,25,brush,brush,[brʌʃ],[brʌʃ],n. 刷子;画笔;毛笔;争吵;与某人有效冲突;灌木丛地带;矮树丛;狐狸尾巴 vi. 刷;擦过;掠过;(经过时)轻触 vt. 刷;画;,教科版EEC三年级起点五年级上.xlsx
jiaoke_eec_start3|g5-upper|r026|teeth,jiaoke_eec_start3,5年级上,5,上,26,teeth,teeth,[tiːθ],[tiːθ],n. 牙齿,教科版EEC三年级起点五年级上.xlsx
jiaoke_eec_start3|g5-upper|r027|finish,jiaoke_eec_start3,5年级上,5,上,27,finish,finish,[ˈfɪnɪʃ],[ˈfɪnɪʃ],"n. 结束;完美;回味(葡萄酒) vt. 完成;结束;用完 vi. 结束,终止;终结",教科版EEC三年级起点五年级上.xlsx
jiaoke_eec_start3|g5-upper|r028|i'm finished.,jiaoke_eec_start3,5年级上,5,上,28,I'm finished.,i'm finished.,,,无,教科版EEC三年级起点五年级上.xlsx
jiaoke_eec_start3|g5-upper|r029|wait,jiaoke_eec_start3,5年级上,5,上,29,wait,wait,[weɪt],[weɪt],n. 等待;等候 vi. 等待;耽搁;伺候用餐 vt. 等候;推迟;延缓,教科版EEC三年级起点五年级上.xlsx
jiaoke_eec_start3|g5-upper|r030|downstairs,jiaoke_eec_start3,5年级上,5,上,30,downstairs,downstairs,[ˌdaʊnˈsteəz],[ˌdaʊnˈsterz],n. 楼下 adj. 楼下的 adv. 在楼下,教科版EEC三年级起点五年级上.xlsx
jiaoke_eec_start3|g5-upper|r031|make the bed,jiaoke_eec_start3,5年级上,5,上,31,make the bed,make the bed,,,铺床;整理床铺;整理被物,教科版EEC三年级起点五年级上.xlsx
jiaoke_eec_start3|g5-upper|r032|hurry,jiaoke_eec_start3,5年级上,5,上,32,hurry,hurry,[ˈhʌri],[ˈhɜːri],"n. 匆忙,急忙 v. 仓促(做某事);催促;(朝某方向)迅速移动;迅速处理",教科版EEC三年级起点五年级上.xlsx
jiaoke_eec_start3|g5-upper|r033|hurry up,jiaoke_eec_start3,5年级上,5,上,33,hurry up,hurry up,['hʌrɪ ʌp],['hɜːrɪ ʌp],na. 催促;赶快,教科版EEC三年级起点五年级上.xlsx
jiaoke_eec_start3|g5-upper|r034|newspaper,jiaoke_eec_start3,5年级上,5,上,34,newspaper,newspaper,[ˈnjuːzpeɪpə(r)],[ˈnuːzpeɪpər],n. 报纸 报社 旧报纸,教科版EEC三年级起点五年级上.xlsx
jiaoke_eec_start3|g5-upper|r035|study,jiaoke_eec_start3,5年级上,5,上,35,study,study,[ˈstʌdi],[ˈstʌdi],"n. 学习,研究;课题;书房;学问 vt. 学习;考虑;攻读;细察 vi. 研究;用功",教科版EEC三年级起点五年级上.xlsx
jiaoke_eec_start3|g5-upper|r036|did,jiaoke_eec_start3,5年级上,5,上,36,did,did,[dɪd],[dɪd],v. 做(do的过去式),教科版EEC三年级起点五年级上.xlsx
jiaoke_eec_start3|g5-upper|r037|was,jiaoke_eec_start3,5年级上,5,上,37,was,was,[wəz; wɒz],[wəz; wʌz],be的第一和第三人称单数过去式,教科版EEC三年级起点五年级上.xlsx
jiaoke_eec_start3|g5-upper|r038|win,jiaoke_eec_start3,5年级上,5,上,38,win,win,[wɪn],[wɪn],n. 赢;胜利 vt. 赢得;在...中获胜;劝诱 vi. 赢;获胜;成功,教科版EEC三年级起点五年级上.xlsx
jiaoke_eec_start3|g5-upper|r039|homework,jiaoke_eec_start3,5年级上,5,上,39,homework,homework,[ˈhəʊmwɜːk],[ˈhoʊmwɜːrk],"n. 家庭作业,课外作业",教科版EEC三年级起点五年级上.xlsx
jiaoke_eec_start3|g5-upper|r040|do one's homework,jiaoke_eec_start3,5年级上,5,上,40,do one's homework,do one's homework,,,na. 做功课,教科版EEC三年级起点五年级上.xlsx
jiaoke_eec_start3|g5-upper|r041|before,jiaoke_eec_start3,5年级上,5,上,41,before,before,[bɪˈfɔː(r)],[bɪˈfɔːr],"prep. 在...之前,先于 conj. 在...以前;在...之前 adv. 以前;在前",教科版EEC三年级起点五年级上.xlsx
jiaoke_eec_start3|g5-upper|r042|dinner,jiaoke_eec_start3,5年级上,5,上,42,dinner,dinner,[ˈdɪnə(r)],[ˈdɪnər],"n. 晚餐,晚宴;宴会;正餐",教科版EEC三年级起点五年级上.xlsx
jiaoke_eec_start3|g5-upper|r043|wash,jiaoke_eec_start3,5年级上,5,上,43,wash,wash,[wɒʃ],[wɑːʃ],n. 洗涤;洗的衣服;化妆水;冲积物 vt. 洗涤;洗刷;冲走;拍打 vi. 洗澡;被冲蚀,教科版EEC三年级起点五年级上.xlsx
jiaoke_eec_start3|g5-upper|r044|aw,jiaoke_eec_start3,5年级上,5,上,44,aw,aw,[ɔː],[ɔː],"int. 哦!噢!(表示抗议, 厌恶, 讨厌等)",教科版EEC三年级起点五年级上.xlsx
jiaoke_eec_start3|g5-upper|r045|arrive,jiaoke_eec_start3,5年级上,5,上,45,arrive,arrive,[əˈraɪv],[əˈraɪv],vi. 到达;成功;达成;出生,教科版EEC三年级起点五年级上.xlsx
jiaoke_eec_start3|g5-upper|r046|went,jiaoke_eec_start3,5年级上,5,上,46,went,went,[went],[went],"v. 去,过去(go的过去式)",教科版EEC三年级起点五年级上.xlsx
jiaoke_eec_start3|g5-upper|r047|borrow,jiaoke_eec_start3,5年级上,5,上,47,borrow,borrow,[ˈbɒrəʊ],[ˈbɔːroʊ],vt. 借;借用 vi. 借;借用;从其他语言中引入,教科版EEC三年级起点五年级上.xlsx
jiaoke_eec_start3|g5-upper|r048|tennis,jiaoke_eec_start3,5年级上,5,上,48,tennis,tennis,[ˈtenɪs],[ˈtenɪs],n. 网球(运动),教科版EEC三年级起点五年级上.xlsx
jiaoke_eec_start3|g5-upper|r049|saw,jiaoke_eec_start3,5年级上,5,上,49,saw,saw,[sɔː],[sɔː],"n. 锯子;谚语 v. see的过去式 vi. 锯;用锯;将某物锯成小块 vt. 看见;明白,了解;锯;锯成;锯开",教科版EEC三年级起点五年级上.xlsx
jiaoke_eec_start3|g5-upper|r050|movie,jiaoke_eec_start3,5年级上,5,上,50,movie,movie,[ˈmuːvi],[ˈmuːvi],n. 电影;电影院;电影业 adj. 电影的,教科版EEC三年级起点五年级上.xlsx
jiaoke_eec_start3|g5-upper|r051|museum,jiaoke_eec_start3,5年级上,5,上,51,museum,museum,[mjuˈziːəm],[mjuˈziːəm],n. 博物馆,教科版EEC三年级起点五年级上.xlsx
jiaoke_eec_start3|g5-upper|r052|basketball,jiaoke_eec_start3,5年级上,5,上,52,basketball,basketball,[ˈbɑːskɪtbɔːl],[ˈbæskɪtbɔːl],n. 篮球;篮球运动,教科版EEC三年级起点五年级上.xlsx
jiaoke_eec_start3|g5-upper|r053|date,jiaoke_eec_start3,5年级上,5,上,53,date,date,[deɪt],[deɪt],n. 日期;约会;年代;枣椰子 vt. 确定...年代;和...约会 vi. 过时;注明日期;始于(某一历史时期),教科版EEC三年级起点五年级上.xlsx
jiaoke_eec_start3|g5-upper|r054|father,jiaoke_eec_start3,5年级上,5,上,54,father,father,[ˈfɑːðə(r)],[ˈfɑːðər],"n. 父亲,爸爸;神父;祖先;前辈 vt. 发明,创立;当...的父亲",教科版EEC三年级起点五年级上.xlsx
jiaoke_eec_start3|g5-upper|r055|november,jiaoke_eec_start3,5年级上,5,上,55,November,november,[nəʊˈvembə(r)],[noʊˈvembər],n. 十一月,教科版EEC三年级起点五年级上.xlsx
jiaoke_eec_start3|g5-upper|r056|fifteenth,jiaoke_eec_start3,5年级上,5,上,56,fifteenth,fifteenth,[ˌfɪfˈtiːnθ],[ˌfɪfˈtiːnθ],adj. 第十五的;十五分之一的 num. 第十五,教科版EEC三年级起点五年级上.xlsx
jiaoke_eec_start3|g5-upper|r057|sixth,jiaoke_eec_start3,5年级上,5,上,57,sixth,sixth,[sɪksθ],[sɪksθ],"n. 月的第六日,(与the连用的)第六个;六分之一 adj. (与 the 连用)第六的,第六个的;六分之一的",教科版EEC三年级起点五年级上.xlsx
jiaoke_eec_start3|g5-upper|r058|when,jiaoke_eec_start3,5年级上,5,上,58,when,when,[wen],[wen],"conj. 考虑到;既然;当...时;在...时;如果 n. 时间,时候;日期;场合 adv. 什么时候,何时;(用于时间的表达方式之后)在那时;其时;当时 pron. 那时;什么时侯",教科版EEC三年级起点五年级上.xlsx
jiaoke_eec_start3|g5-upper|r059|september,jiaoke_eec_start3,5年级上,5,上,59,September,september,[sepˈtembə(r)],[sepˈtembər],n. 九月,教科版EEC三年级起点五年级上.xlsx
jiaoke_eec_start3|g5-upper|r060|join,jiaoke_eec_start3,5年级上,5,上,60,join,join,[dʒɔɪn],[dʒɔɪn],vt. 参加;结合;连接 vi. 加入;参加;结合 n. 结合;连接;接合点,教科版EEC三年级起点五年级上.xlsx
jiaoke_eec_start3|g5-upper|r061|eighth,jiaoke_eec_start3,5年级上,5,上,61,eighth,eighth,[eɪtθ],[eɪtθ],num. 第八;八分之一 adj. 第八的;八分之一的,教科版EEC三年级起点五年级上.xlsx
jiaoke_eec_start3|g5-upper|r062|teddy bear,jiaoke_eec_start3,5年级上,5,上,62,teddy bear,teddy bear,[ˈtedi beə(r)],[ˈtedi ber],n. 泰迪熊(一种柔软的毛绒玩具熊),教科版EEC三年级起点五年级上.xlsx
jiaoke_eec_start3|g5-upper|r063|anyway,jiaoke_eec_start3,5年级上,5,上,63,anyway,anyway,[ˈeniweɪ],[ˈeniweɪ],"adv. 无论如何,不管怎样;总之",教科版EEC三年级起点五年级上.xlsx
jiaoke_eec_start3|g5-upper|r064|gift shop,jiaoke_eec_start3,5年级上,5,上,64,gift shop,gift shop,,,n. 礼品店,教科版EEC三年级起点五年级上.xlsx
jiaoke_eec_start3|g5-upper|r065|january,jiaoke_eec_start3,5年级上,5,上,65,January,january,[ˈdʒænjuəri],[ˈdʒænjueri],n. 一月,教科版EEC三年级起点五年级上.xlsx
jiaoke_eec_start3|g5-upper|r066|twenty-second,jiaoke_eec_start3,5年级上,5,上,66,twenty-second,twenty-second,,,num. 第二十二,教科版EEC三年级起点五年级上.xlsx
jiaoke_eec_start3|g5-upper|r067|march,jiaoke_eec_start3,5年级上,5,上,67,March,march,[mɑːtʃ],[mɑːrtʃ],n. 三月,教科版EEC三年级起点五年级上.xlsx
jiaoke_eec_start3|g5-upper|r068|fourteenth,jiaoke_eec_start3,5年级上,5,上,68,fourteenth,fourteenth,[ˌfɔːˈtiːnθ],[ˌfɔːrˈtiːnθ],num. 第十四 n. 第十四;月的第十四日;十四分之一 adj. 第十四的;第十四个的,教科版EEC三年级起点五年级上.xlsx
jiaoke_eec_start3|g5-upper|r069|june,jiaoke_eec_start3,5年级上,5,上,69,June,june,[dʒuːn],[dʒuːn],"n. 六月;琼(人名,来源于拉丁语,含义是“年轻气盛的六月”)",教科版EEC三年级起点五年级上.xlsx
jiaoke_eec_start3|g5-upper|r070|thirteenth,jiaoke_eec_start3,5年级上,5,上,70,thirteenth,thirteenth,[ˌθɜːˈtiːnθ],[ˌθɜːrˈtiːnθ],n. 第十三;十三分之一 adj. 第十三的;十三分之一的,教科版EEC三年级起点五年级上.xlsx
jiaoke_eec_start3|g5-upper|r071|thirtieth,jiaoke_eec_start3,5年级上,5,上,71,thirtieth,thirtieth,[ˈθɜːtiəθ],[ˈθɜːrtiəθ],n. 第三十;三十分之一 adj. 第三十个的;三十分之一的 num. 第三十;三十分之一,教科版EEC三年级起点五年级上.xlsx
jiaoke_eec_start3|g5-upper|r072|august,jiaoke_eec_start3,5年级上,5,上,72,August,august,[ˈɔːɡəst],[ˈɔːɡəst],n. 八月(简写为Aug) adj. 威严的;令人敬畏的,教科版EEC三年级起点五年级上.xlsx
jiaoke_eec_start3|g5-upper|r073|nineteenth,jiaoke_eec_start3,5年级上,5,上,73,nineteenth,nineteenth,[ˌnaɪnˈtiːnθ],[ˌnaɪnˈtiːnθ],num. 第十九;十九分之一,教科版EEC三年级起点五年级上.xlsx
jiaoke_eec_start3|g5-upper|r074|twenty-third,jiaoke_eec_start3,5年级上,5,上,74,twenty-third,twenty-third,,,num. 第二十三,教科版EEC三年级起点五年级上.xlsx
jiaoke_eec_start3|g5-upper|r075|tie,jiaoke_eec_start3,5年级上,5,上,75,tie,tie,[taɪ],[taɪ],n. 领带;平局;鞋带;领结;不分胜负 vi. 打结;不分胜负;被用带(或绳子等)系住 vt. 系;约束;打结;与...成平局,教科版EEC三年级起点五年级上.xlsx
jiaoke_eec_start3|g5-upper|r076|july,jiaoke_eec_start3,5年级上,5,上,76,July,july,[dʒʊˈlaɪ],[dʒʊˈlaɪ],n. 七月,教科版EEC三年级起点五年级上.xlsx
jiaoke_eec_start3|g5-upper|r077|october,jiaoke_eec_start3,5年级上,5,上,77,October,october,[ɒkˈtəʊbə(r)],[ɑːkˈtoʊbər],n. [天] 十月,教科版EEC三年级起点五年级上.xlsx
jiaoke_eec_start3|g5-upper|r078|december,jiaoke_eec_start3,5年级上,5,上,78,December,december,[dɪˈsembə(r)],[dɪˈsembər],n. 十二月,教科版EEC三年级起点五年级上.xlsx
jiaoke_eec_start3|g5-upper|r079|april,jiaoke_eec_start3,5年级上,5,上,79,April,april,[ˈeɪprəl],[ˈeɪprəl],n. 四月,教科版EEC三年级起点五年级上.xlsx
jiaoke_eec_start3|g5-upper|r080|may,jiaoke_eec_start3,5年级上,5,上,80,May,may,[meɪ],[meɪ],"aux. 可以,能够;可能,也许;祝,愿;会,能",教科版EEC三年级起点五年级上.xlsx
jiaoke_eec_start3|g5-upper|r081|mother,jiaoke_eec_start3,5年级上,5,上,81,mother,mother,[ˈmʌðə(r)],[ˈmʌðər],n. 母亲;大娘;女修道院院长 vt. 生下;养育;像母亲般关怀或照管 adj. 母亲的;出生地的,教科版EEC三年级起点五年级上.xlsx
jiaoke_eec_start3|g5-upper|r082|february,jiaoke_eec_start3,5年级上,5,上,82,February,february,[ˈfebruəri],[ˈfebrueri],n. 二月,教科版EEC三年级起点五年级上.xlsx
jiaoke_eec_start3|g5-upper|r083|twelfth,jiaoke_eec_start3,5年级上,5,上,83,twelfth,twelfth,[twelfθ],[twelfθ],"n. 第十二;月的第十二日 adj. 第十二的,第十二个的;十二分之一的",教科版EEC三年级起点五年级上.xlsx
jiaoke_eec_start3|g5-upper|r084|size,jiaoke_eec_start3,5年级上,5,上,84,size,size,[saɪz],[saɪz],n. 大小;尺寸 adj. 一定尺寸的 vt. 依大小排列 vi. 可比拟,教科版EEC三年级起点五年级上.xlsx
jiaoke_eec_start3|g5-upper|r085|without,jiaoke_eec_start3,5年级上,5,上,85,without,without,[wɪˈðaʊt],[wɪˈðaʊt],prep. 没有;超过;在...外面 n. 外部;外面 adv. 户外;在外面;没有或不显示某事物,教科版EEC三年级起点五年级上.xlsx
jiaoke_eec_start3|g5-upper|r086|button,jiaoke_eec_start3,5年级上,5,上,86,button,button,[ˈbʌt(ə)n],[ˈbʌt(ə)n],n. 按钮;纽扣 vt. 扣住;扣紧;在...上装纽扣 vi. 扣住;装有纽扣;扣上纽扣,教科版EEC三年级起点五年级上.xlsx
jiaoke_eec_start3|g5-upper|r087|collar,jiaoke_eec_start3,5年级上,5,上,87,collar,collar,[ˈkɒlə(r)],[ˈkɑːlər],n. 衣领;颈圈 vt. 抓住;给...上领子;给...套上颈圈,教科版EEC三年级起点五年级上.xlsx
jiaoke_eec_start3|g5-upper|r088|a lot,jiaoke_eec_start3,5年级上,5,上,88,a lot,a lot,,,n. 许多 adv. 常,教科版EEC三年级起点五年级上.xlsx
jiaoke_eec_start3|g5-upper|r089|expensive,jiaoke_eec_start3,5年级上,5,上,89,expensive,expensive,[ɪkˈspensɪv],[ɪkˈspensɪv],adj. 昂贵的;花钱的,教科版EEC三年级起点五年级上.xlsx
jiaoke_eec_start3|g5-upper|r090|only,jiaoke_eec_start3,5年级上,5,上,90,only,only,[ˈəʊnli],[ˈoʊnli],"adv. 只,仅仅;不料 adj. 唯一的,仅有的;最合适的 conj. 但是;不过;可是",教科版EEC三年级起点五年级上.xlsx
jiaoke_eec_start3|g5-upper|r091|cheaper,jiaoke_eec_start3,5年级上,5,上,91,cheaper,cheaper,[tʃiːpə],[ˈtʃiːpər],"adj. 成本更低,比较便宜的",教科版EEC三年级起点五年级上.xlsx
jiaoke_eec_start3|g5-upper|r092|jacket,jiaoke_eec_start3,5年级上,5,上,92,jacket,jacket,[ˈdʒækɪt],[ˈdʒækɪt],"n. 羽绒滑雪衫;西装短外套;短上衣,夹克;土豆皮;书籍的护封;文件套,公文夹 vt. 给...穿夹克;给...装护套;给...包上护封;〈口〉打",教科版EEC三年级起点五年级上.xlsx
jiaoke_eec_start3|g5-upper|r093|pocket,jiaoke_eec_start3,5年级上,5,上,93,pocket,pocket,[ˈpɒkɪt],[ˈpɑːkɪt],"n. 口袋;钱;容器 adj. 小型的,袖珍的;金钱上的 vt. 隐藏;忍受;将...放入衣袋 vi. 形成袋或囊",教科版EEC三年级起点五年级上.xlsx
jiaoke_eec_start3|g5-upper|r094|purple,jiaoke_eec_start3,5年级上,5,上,94,purple,purple,[ˈpɜːp(ə)l],[ˈpɜːrpl],n. 紫色;紫袍 adj. 紫色的;帝王的;华而不实的 vt. 使成紫色 vi. 变成紫色,教科版EEC三年级起点五年级上.xlsx
jiaoke_eec_start3|g5-upper|r095|zipper,jiaoke_eec_start3,5年级上,5,上,95,zipper,zipper,[ˈzɪpə(r)],[ˈzɪpər],[人名] 齐珀,教科版EEC三年级起点五年级上.xlsx
jiaoke_eec_start3|g5-upper|r096|sweater,jiaoke_eec_start3,5年级上,5,上,96,sweater,sweater,[ˈswetə(r)],[ˈswetər],"n. 毛线衣,运动衫;大量出汗的人,发汗剂",教科版EEC三年级起点五年级上.xlsx
jiaoke_eec_start3|g5-upper|r097|smaller,jiaoke_eec_start3,5年级上,5,上,97,smaller,smaller,[smɔ:lə(r)],[ˈsmɔːlər],"adj. 较小,更小的",教科版EEC三年级起点五年级上.xlsx
jiaoke_eec_start3|g5-upper|r098|bigger,jiaoke_eec_start3,5年级上,5,上,98,bigger,bigger,[bɪgə(r)],[bɪgə(r)],adj. 更大的(big的比较级),教科版EEC三年级起点五年级上.xlsx
jiaoke_eec_start3|g5-upper|r099|wear,jiaoke_eec_start3,5年级上,5,上,99,wear,wear,[weə(r)],[wer],n. 衣物;磨损;耐久性 v. 穿着;用旧;耗损;面露,教科版EEC三年级起点五年级上.xlsx
jiaoke_eec_start3|g5-upper|r100|police,jiaoke_eec_start3,5年级上,5,上,100,police,police,[pəˈliːs],[pəˈliːs],"n. 警察,警方;治安 adj. 警察的;有关警察的 vt. 监督;管辖;维持治安;为...配备警察",教科版EEC三年级起点五年级上.xlsx
jiaoke_eec_start3|g5-upper|r101|take it easy.,jiaoke_eec_start3,5年级上,5,上,101,Take it easy.,take it easy.,,,na. “take things easy”的变体,教科版EEC三年级起点五年级上.xlsx
jiaoke_eec_start3|g5-upper|r102|boots,jiaoke_eec_start3,5年级上,5,上,102,boots,boots,[buːts],[buːts],n. 靴子(boot的复数);(英)擦靴的仆役,教科版EEC三年级起点五年级上.xlsx
jiaoke_eec_start3|g5-upper|r103|glasses,jiaoke_eec_start3,5年级上,5,上,103,glasses,glasses,[ˈɡlɑːsɪz],[ˈɡlæsɪz],n. [轻] 眼镜;玻璃(glass的复数形式);双筒望远镜 v. 把...装入玻璃容器内;给...装上玻璃(glass的第三人称单数形式),教科版EEC三年级起点五年级上.xlsx
jiaoke_eec_start3|g5-upper|r104|bought,jiaoke_eec_start3,5年级上,5,上,104,bought,bought,[bɔːt],[bɔːt],v. 买(buy的过去式和过去分词),教科版EEC三年级起点五年级上.xlsx
jiaoke_eec_start3|g5-upper|r105|fountain pen,jiaoke_eec_start3,5年级上,5,上,105,fountain pen,fountain pen,,,n. 自来水笔,教科版EEC三年级起点五年级上.xlsx
jiaoke_eec_start3|g5-upper|r106|hairpin,jiaoke_eec_start3,5年级上,5,上,106,hairpin,hairpin,[ˈheəpɪn],[ˈherpɪn],n. 簪;束发夹;夹发针,教科版EEC三年级起点五年级上.xlsx
jiaoke_eec_start3|g5-upper|r107|anything,jiaoke_eec_start3,5年级上,5,上,107,anything,anything,[ˈeniθɪŋ],[ˈeniθɪŋ],pron. 任何事,教科版EEC三年级起点五年级上.xlsx
jiaoke_eec_start3|g5-upper|r108|jeans,jiaoke_eec_start3,5年级上,5,上,108,jeans,jeans,[dʒiːnz],[dʒiːnz],n. 牛仔裤;工装裤,教科版EEC三年级起点五年级上.xlsx
jiaoke_eec_start3|g5-upper|r109|shorts,jiaoke_eec_start3,5年级上,5,上,109,shorts,shorts,[ʃɔːts],[ʃɔːrts],n. 短裤,教科版EEC三年级起点五年级上.xlsx
jiaoke_eec_start3|g5-upper|r110|old,jiaoke_eec_start3,5年级上,5,上,110,old,old,[əʊld],[oʊld],"adj. 陈旧的,古老的;年老的 n. 古时",教科版EEC三年级起点五年级上.xlsx
jiaoke_eec_start3|g5-upper|r111|take a walk,jiaoke_eec_start3,5年级上,5,上,111,take a walk,take a walk,,,na. 散步,教科版EEC三年级起点五年级上.xlsx
jiaoke_eec_start3|g5-lower|r002|would,jiaoke_eec_start3,5年级下,5,下,2,would,would,[wʊd],[wʊd],"aux. 将,将要;愿意 v. will的过去式",教科版EEC三年级起点五年级下.xlsx
jiaoke_eec_start3|g5-lower|r003|would like,jiaoke_eec_start3,5年级下,5,下,3,would like,would like,,,v. 想要,教科版EEC三年级起点五年级下.xlsx
jiaoke_eec_start3|g5-lower|r004|snack bar,jiaoke_eec_start3,5年级下,5,下,4,snack bar,snack bar,,,n. 小吃部;快餐柜台;快餐部;点心铺,教科版EEC三年级起点五年级下.xlsx
jiaoke_eec_start3|g5-lower|r005|corner,jiaoke_eec_start3,5年级下,5,下,5,corner,corner,[ˈkɔːnə(r)],[ˈkɔːrnər],"n. 角落,拐角处;地区,偏僻处;困境,窘境 vt. 垄断;迫至一隅;使陷入绝境;把...难住 vi. 囤积;相交成角",教科版EEC三年级起点五年级下.xlsx
jiaoke_eec_start3|g5-lower|r006|glad,jiaoke_eec_start3,5年级下,5,下,6,glad,glad,[ɡlæd],[ɡlæd],adj. 高兴的;乐意的;令人高兴的;灿烂美丽的 vt. 使高兴,教科版EEC三年级起点五年级下.xlsx
jiaoke_eec_start3|g5-lower|r007|how is it going?,jiaoke_eec_start3,5年级下,5,下,7,How is it going?,how is it going?,,,无,教科版EEC三年级起点五年级下.xlsx
jiaoke_eec_start3|g5-lower|r008|just great!,jiaoke_eec_start3,5年级下,5,下,8,Just great!,just great!,,,无,教科版EEC三年级起点五年级下.xlsx
jiaoke_eec_start3|g5-lower|r009|together,jiaoke_eec_start3,5年级下,5,下,9,together,together,[təˈɡeðə(r)],[təˈɡeðər],"adj. 新潮的;情绪稳定的,做事有效率的 adv. 一起;同时;相互;连续地;总共",教科版EEC三年级起点五年级下.xlsx
jiaoke_eec_start3|g5-lower|r010|hamburger,jiaoke_eec_start3,5年级下,5,下,10,hamburger,hamburger,[ˈhæmbɜːɡə(r)],[ˈhæmbɜːrɡər],"n. 汉堡包,火腿汉堡;牛肉饼,肉饼;碎牛肉",教科版EEC三年级起点五年级下.xlsx
jiaoke_eec_start3|g5-lower|r011|french fries,jiaoke_eec_start3,5年级下,5,下,11,French fries,french fries,[ˈfrentʃ fraɪz],[frentʃ fraɪz],n. 【食】炸薯条,教科版EEC三年级起点五年级下.xlsx
jiaoke_eec_start3|g5-lower|r012|coke,jiaoke_eec_start3,5年级下,5,下,12,Coke,coke,[kəʊk],[koʊk],n. 可口可乐(等于Coca-Cola),教科版EEC三年级起点五年级下.xlsx
jiaoke_eec_start3|g5-lower|r013|pie,jiaoke_eec_start3,5年级下,5,下,13,pie,pie,[paɪ],[paɪ],n. 馅饼;饼图;爱说话的人 vt. 使杂乱,教科版EEC三年级起点五年级下.xlsx
jiaoke_eec_start3|g5-lower|r014|drink,jiaoke_eec_start3,5年级下,5,下,14,drink,drink,[drɪŋk],[drɪŋk],"n. 酒,饮料;喝酒 vt. 喝,饮;吸收;举杯庆贺 vi. 喝酒;饮水;干杯",教科版EEC三年级起点五年级下.xlsx
jiaoke_eec_start3|g5-lower|r015|juice,jiaoke_eec_start3,5年级下,5,下,15,juice,juice,[dʒuːs],[dʒuːs],"n. (水果)汁,液;果汁",教科版EEC三年级起点五年级下.xlsx
jiaoke_eec_start3|g5-lower|r016|or,jiaoke_eec_start3,5年级下,5,下,16,or,or,[ɔː(r)],[ɔːr],"conj. 或,或者;还是",教科版EEC三年级起点五年级下.xlsx
jiaoke_eec_start3|g5-lower|r017|for here or to go?,jiaoke_eec_start3,5年级下,5,下,17,For here or to go?,for here or to go?,,,无,教科版EEC三年级起点五年级下.xlsx
jiaoke_eec_start3|g5-lower|r018|enjoy,jiaoke_eec_start3,5年级下,5,下,18,enjoy,enjoy,[ɪnˈdʒɔɪ],[ɪnˈdʒɔɪ],"vt. 欣赏,享受;喜爱;使过得快活",教科版EEC三年级起点五年级下.xlsx
jiaoke_eec_start3|g5-lower|r019|sleepy,jiaoke_eec_start3,5年级下,5,下,19,sleepy,sleepy,[ˈsliːpi],[ˈsliːpi],adj. 欲睡的;困乏的;不活跃的,教科版EEC三年级起点五年级下.xlsx
jiaoke_eec_start3|g5-lower|r020|take a rest,jiaoke_eec_start3,5年级下,5,下,20,take a rest,take a rest,,,na. 休息一下,教科版EEC三年级起点五年级下.xlsx
jiaoke_eec_start3|g5-lower|r021|bored,jiaoke_eec_start3,5年级下,5,下,21,bored,bored,[bɔːd],[bɔːrd],v. 使厌烦(bore的过去式);烦扰 adj. 无聊的;无趣的;烦人的,教科版EEC三年级起点五年级下.xlsx
jiaoke_eec_start3|g5-lower|r022|noodles,jiaoke_eec_start3,5年级下,5,下,22,noodles,noodles,[ˈnuːd(ə)lz],[ˈnuːd(ə)lz],"n. 面条,挂面(noodle的复数形式)",教科版EEC三年级起点五年级下.xlsx
jiaoke_eec_start3|g5-lower|r023|pizza,jiaoke_eec_start3,5年级下,5,下,23,pizza,pizza,[ˈpiːtsə],[ˈpiːtsə],n. 比萨饼(一种涂有乳酪核番茄酱的意大利式有馅烘饼),教科版EEC三年级起点五年级下.xlsx
jiaoke_eec_start3|g5-lower|r024|lemonade,jiaoke_eec_start3,5年级下,5,下,24,lemonade,lemonade,[ˌleməˈneɪd],[ˌleməˈneɪd],n. 柠檬水,教科版EEC三年级起点五年级下.xlsx
jiaoke_eec_start3|g5-lower|r025|always,jiaoke_eec_start3,5年级下,5,下,25,always,always,[ˈɔːlweɪz],[ˈɔːlweɪz],"adv. 永远,一直;总是;常常",教科版EEC三年级起点五年级下.xlsx
jiaoke_eec_start3|g5-lower|r026|practice,jiaoke_eec_start3,5年级下,5,下,26,practice,practice,[ˈpræktɪs],[ˈpræktɪs],n. 实践;练习;惯例 vt. 练习;实习;实行 vi. 练习;实习;实行,教科版EEC三年级起点五年级下.xlsx
jiaoke_eec_start3|g5-lower|r027|usually,jiaoke_eec_start3,5年级下,5,下,27,usually,usually,[ˈjuːʒuəli],[ˈjuːʒuəli; ˈjuːʒəli],"adv. 通常,经常",教科版EEC三年级起点五年级下.xlsx
jiaoke_eec_start3|g5-lower|r028|pool,jiaoke_eec_start3,5年级下,5,下,28,pool,pool,[puːl],[puːl],"n. 联营;撞球;水塘;共同资金 vt. 合伙经营 vi. 联营,合伙经营",教科版EEC三年级起点五年级下.xlsx
jiaoke_eec_start3|g5-lower|r029|swimmer,jiaoke_eec_start3,5年级下,5,下,29,swimmer,swimmer,[ˈswɪmə(r)],[ˈswɪmər],n. 游泳者,教科版EEC三年级起点五年级下.xlsx
jiaoke_eec_start3|g5-lower|r030|just,jiaoke_eec_start3,5年级下,5,下,30,just,just,[dʒʌst],[dʒʌst],"adv. 只是,仅仅;刚才,刚刚;正好,恰好;实在;刚要 adj. 公正的,合理的;正直的,正义的;正确的;公平的;应得的",教科版EEC三年级起点五年级下.xlsx
jiaoke_eec_start3|g5-lower|r031|hobby,jiaoke_eec_start3,5年级下,5,下,31,hobby,hobby,[ˈhɒbi],[ˈhɑːbi],n. 嗜好;业余爱好,教科版EEC三年级起点五年级下.xlsx
jiaoke_eec_start3|g5-lower|r032|pilot,jiaoke_eec_start3,5年级下,5,下,32,pilot,pilot,[ˈpaɪlət],[ˈpaɪlət],n. 飞行员;领航员 adj. 试点的 v. 驾驶;领航;试用,教科版EEC三年级起点五年级下.xlsx
jiaoke_eec_start3|g5-lower|r033|fly,jiaoke_eec_start3,5年级下,5,下,33,fly,fly,[flaɪ],[flaɪ],n. 飞行;苍蝇;两翼昆虫 adj. 敏捷的 vi. 飞;驾驶飞机;飘扬 vt. 飞行;飞越;使飘扬,教科版EEC三年级起点五年级下.xlsx
jiaoke_eec_start3|g5-lower|r034|plane,jiaoke_eec_start3,5年级下,5,下,34,plane,plane,[pleɪn],[pleɪn],"n. 飞机;平面;程度,水平 adj. 平的;平面的 vt. 刨平;用刨子刨;掠过水",教科版EEC三年级起点五年级下.xlsx
jiaoke_eec_start3|g5-lower|r035|sound,jiaoke_eec_start3,5年级下,5,下,35,sound,sound,[saʊnd],[saʊnd],"n. 声音,语音;噪音;海峡;吵闹;听力范围;[医] 探条 adj. 健全的,健康的;合理的;可靠的;有效彻底的 vt. 听(诊);测量,测...深;使发声;试探;宣告 vi. 听起来;发出声音;回响;测深 adv. 彻底地,充分地",教科版EEC三年级起点五年级下.xlsx
jiaoke_eec_start3|g5-lower|r036|engineer,jiaoke_eec_start3,5年级下,5,下,36,engineer,engineer,[ˌendʒɪˈnɪə(r)],[ˌendʒɪˈnɪr],n. 工程师;工兵;火车司机 vt. 设计;策划;精明地处理 vi. 设计;建造,教科版EEC三年级起点五年级下.xlsx
jiaoke_eec_start3|g5-lower|r037|design,jiaoke_eec_start3,5年级下,5,下,37,design,design,[dɪˈzaɪn],[dɪˈzaɪn],n. 设计;图案 vt. 设计;计划;构思 vi. 设计,教科版EEC三年级起点五年级下.xlsx
jiaoke_eec_start3|g5-lower|r038|spaceship,jiaoke_eec_start3,5年级下,5,下,38,spaceship,spaceship,[ˈspeɪsʃɪp],[ˈspeɪsʃɪp],n. [航] 宇宙飞船,教科版EEC三年级起点五年级下.xlsx
jiaoke_eec_start3|g5-lower|r039|fantastic,jiaoke_eec_start3,5年级下,5,下,39,fantastic,fantastic,[fænˈtæstɪk],[fænˈtæstɪk],"n. 古怪的人 adj. 奇异的;空想的;异想天开的;古怪的;极好的,极出色的;不可思议的;不切实际的",教科版EEC三年级起点五年级下.xlsx
jiaoke_eec_start3|g5-lower|r040|never,jiaoke_eec_start3,5年级下,5,下,40,never,never,[ˈnevə(r)],[ˈnevər],adv. 从未;决不,教科版EEC三年级起点五年级下.xlsx
jiaoke_eec_start3|g5-lower|r041|think,jiaoke_eec_start3,5年级下,5,下,41,think,think,[θɪŋk],[θɪŋk],n. 想;想法 adj. 思想的 vi. 想;认为 vt. 想;认为;想起;想像;打算,教科版EEC三年级起点五年级下.xlsx
jiaoke_eec_start3|g5-lower|r042|thought,jiaoke_eec_start3,5年级下,5,下,42,thought,thought,[θɔːt],[θɔːt],"n. 思想;思考;想法;关心 v. 想,思考;认为(think的过去式和过去分词)",教科版EEC三年级起点五年级下.xlsx
jiaoke_eec_start3|g5-lower|r043|job,jiaoke_eec_start3,5年级下,5,下,43,job,job,[dʒɒb],[dʒɑːb],n. 工作;职业 vt. 承包;代客买卖 vi. 做零工,教科版EEC三年级起点五年级下.xlsx
jiaoke_eec_start3|g5-lower|r044|sad,jiaoke_eec_start3,5年级下,5,下,44,sad,sad,[sæd],[sæd],"adj. 难过的;悲哀的,令人悲痛的;凄惨的,阴郁的(形容颜色)",教科版EEC三年级起点五年级下.xlsx
jiaoke_eec_start3|g5-lower|r045|weekend,jiaoke_eec_start3,5年级下,5,下,45,weekend,weekend,[ˌwiːkˈend],[ˈwiːkend],"n. 周末,周末休假;周末聚会 adj. 周末的,周末用的 vi. 度周末",教科版EEC三年级起点五年级下.xlsx
jiaoke_eec_start3|g5-lower|r046|hiking,jiaoke_eec_start3,5年级下,5,下,46,hiking,hiking,[ˈhaɪkɪŋ],[ˈhaɪkɪŋ],n. 徒步旅行,教科版EEC三年级起点五年级下.xlsx
jiaoke_eec_start3|g5-lower|r047|family,jiaoke_eec_start3,5年级下,5,下,47,family,family,[ˈfæməli],[ˈfæməli],n. 家庭;亲属;家族;子女;[生]科;语族;[化]族 adj. 家庭的;家族的;适合于全家的,教科版EEC三年级起点五年级下.xlsx
jiaoke_eec_start3|g5-lower|r048|artist,jiaoke_eec_start3,5年级下,5,下,48,artist,artist,[ˈɑːtɪst],[ˈɑːrtɪst],n. 艺术家;美术家(尤指画家);大师,教科版EEC三年级起点五年级下.xlsx
jiaoke_eec_start3|g5-lower|r049|food,jiaoke_eec_start3,5年级下,5,下,49,food,food,[fuːd],[fuːd],n. 食物;养料,教科版EEC三年级起点五年级下.xlsx
jiaoke_eec_start3|g5-lower|r050|people,jiaoke_eec_start3,5年级下,5,下,50,people,people,[ˈpiːp(ə)l],[ˈpiːpl],n. 人;人类;民族;公民 vt. 居住于;使住满人,教科版EEC三年级起点五年级下.xlsx
jiaoke_eec_start3|g5-lower|r051|violinist,jiaoke_eec_start3,5年级下,5,下,51,violinist,violinist,[ˌvaɪəˈlɪnɪst],[ˌvaɪəˈlɪnɪst],"n. 小提琴演奏者,小提琴家",教科版EEC三年级起点五年级下.xlsx
jiaoke_eec_start3|g5-lower|r052|always,jiaoke_eec_start3,5年级下,5,下,52,always,always,[ˈɔːlweɪz],[ˈɔːlweɪz],"adv. 永远,一直;总是;常常",教科版EEC三年级起点五年级下.xlsx
jiaoke_eec_start3|g5-lower|r053|practice,jiaoke_eec_start3,5年级下,5,下,53,practice,practice,[ˈpræktɪs],[ˈpræktɪs],n. 实践;练习;惯例 vt. 练习;实习;实行 vi. 练习;实习;实行,教科版EEC三年级起点五年级下.xlsx
jiaoke_eec_start3|g5-lower|r054|usually,jiaoke_eec_start3,5年级下,5,下,54,usually,usually,[ˈjuːʒuəli],[ˈjuːʒuəli; ˈjuːʒəli],"adv. 通常,经常",教科版EEC三年级起点五年级下.xlsx
jiaoke_eec_start3|g5-lower|r055|pool,jiaoke_eec_start3,5年级下,5,下,55,pool,pool,[puːl],[puːl],"n. 联营;撞球;水塘;共同资金 vt. 合伙经营 vi. 联营,合伙经营",教科版EEC三年级起点五年级下.xlsx
jiaoke_eec_start3|g5-lower|r056|swimmer,jiaoke_eec_start3,5年级下,5,下,56,swimmer,swimmer,[ˈswɪmə(r)],[ˈswɪmər],n. 游泳者,教科版EEC三年级起点五年级下.xlsx
jiaoke_eec_start3|g5-lower|r057|just,jiaoke_eec_start3,5年级下,5,下,57,just,just,[dʒʌst],[dʒʌst],"adv. 只是,仅仅;刚才,刚刚;正好,恰好;实在;刚要 adj. 公正的,合理的;正直的,正义的;正确的;公平的;应得的",教科版EEC三年级起点五年级下.xlsx
jiaoke_eec_start3|g5-lower|r058|hobby,jiaoke_eec_start3,5年级下,5,下,58,hobby,hobby,[ˈhɒbi],[ˈhɑːbi],n. 嗜好;业余爱好,教科版EEC三年级起点五年级下.xlsx
jiaoke_eec_start3|g5-lower|r059|pilot,jiaoke_eec_start3,5年级下,5,下,59,pilot,pilot,[ˈpaɪlət],[ˈpaɪlət],n. 飞行员;领航员 adj. 试点的 v. 驾驶;领航;试用,教科版EEC三年级起点五年级下.xlsx
jiaoke_eec_start3|g5-lower|r060|fly,jiaoke_eec_start3,5年级下,5,下,60,fly,fly,[flaɪ],[flaɪ],n. 飞行;苍蝇;两翼昆虫 adj. 敏捷的 vi. 飞;驾驶飞机;飘扬 vt. 飞行;飞越;使飘扬,教科版EEC三年级起点五年级下.xlsx
jiaoke_eec_start3|g5-lower|r061|plane,jiaoke_eec_start3,5年级下,5,下,61,plane,plane,[pleɪn],[pleɪn],"n. 飞机;平面;程度,水平 adj. 平的;平面的 vt. 刨平;用刨子刨;掠过水面 vi. 刨;乘飞机旅行;翱翔",教科版EEC三年级起点五年级下.xlsx
jiaoke_eec_start3|g5-lower|r062|sound,jiaoke_eec_start3,5年级下,5,下,62,sound,sound,[saʊnd],[saʊnd],"n. 声音,语音;噪音;海峡;吵闹;听力范围;[医] 探条 adj. 健全的,健康的;合理的;可靠的;有效彻底的 vt. 听(诊);测量,测...深;使发声;试探;宣告 vi. 听起来;发出声音;回响;测深 adv. 彻底地,充分地",教科版EEC三年级起点五年级下.xlsx
jiaoke_eec_start3|g5-lower|r063|engineer,jiaoke_eec_start3,5年级下,5,下,63,engineer,engineer,[ˌendʒɪˈnɪə(r)],[ˌendʒɪˈnɪr],n. 工程师;工兵;火车司机 vt. 设计;策划;精明地处理 vi. 设计;建造,教科版EEC三年级起点五年级下.xlsx
jiaoke_eec_start3|g5-lower|r064|design,jiaoke_eec_start3,5年级下,5,下,64,design,design,[dɪˈzaɪn],[dɪˈzaɪn],n. 设计;图案 vt. 设计;计划;构思 vi. 设计,教科版EEC三年级起点五年级下.xlsx
jiaoke_eec_start3|g5-lower|r065|spaceship,jiaoke_eec_start3,5年级下,5,下,65,spaceship,spaceship,[ˈspeɪsʃɪp],[ˈspeɪsʃɪp],n. [航] 宇宙飞船,教科版EEC三年级起点五年级下.xlsx
jiaoke_eec_start3|g5-lower|r066|fantastic,jiaoke_eec_start3,5年级下,5,下,66,fantastic,fantastic,[fænˈtæstɪk],[fænˈtæstɪk],"n. 古怪的人 adj. 奇异的;空想的;异想天开的;古怪的;极好的,极出色的;不可思议的;不切实际的",教科版EEC三年级起点五年级下.xlsx
jiaoke_eec_start3|g5-lower|r067|never,jiaoke_eec_start3,5年级下,5,下,67,never,never,[ˈnevə(r)],[ˈnevər],adv. 从未;决不,教科版EEC三年级起点五年级下.xlsx
jiaoke_eec_start3|g5-lower|r068|think,jiaoke_eec_start3,5年级下,5,下,68,think,think,[θɪŋk],[θɪŋk],n. 想;想法 adj. 思想的 vi. 想;认为 vt. 想;认为;想起;想像;打算,教科版EEC三年级起点五年级下.xlsx
jiaoke_eec_start3|g5-lower|r069|thought,jiaoke_eec_start3,5年级下,5,下,69,thought,thought,[θɔːt],[θɔːt],"n. 思想;思考;想法;关心 v. 想,思考;认为(think的过去式和过去分词)",教科版EEC三年级起点五年级下.xlsx
jiaoke_eec_start3|g5-lower|r070|job,jiaoke_eec_start3,5年级下,5,下,70,job,job,[dʒɒb],[dʒɑːb],n. 工作;职业 vt. 承包;代客买卖 vi. 做零工,教科版EEC三年级起点五年级下.xlsx
jiaoke_eec_start3|g5-lower|r071|sad,jiaoke_eec_start3,5年级下,5,下,71,sad,sad,[sæd],[sæd],"adj. 难过的;悲哀的,令人悲痛的;凄惨的,阴郁的(形容颜色)",教科版EEC三年级起点五年级下.xlsx
jiaoke_eec_start3|g5-lower|r072|weekend,jiaoke_eec_start3,5年级下,5,下,72,weekend,weekend,[ˌwiːkˈend],[ˈwiːkend],"n. 周末,周末休假;周末聚会 adj. 周末的,周末用的 vi. 度周末",教科版EEC三年级起点五年级下.xlsx
jiaoke_eec_start3|g5-lower|r073|hiking,jiaoke_eec_start3,5年级下,5,下,73,hiking,hiking,[ˈhaɪkɪŋ],[ˈhaɪkɪŋ],n. 徒步旅行,教科版EEC三年级起点五年级下.xlsx
jiaoke_eec_start3|g5-lower|r074|family,jiaoke_eec_start3,5年级下,5,下,74,family,family,[ˈfæməli],[ˈfæməli],n. 家庭;亲属;家族;子女;[生]科;语族;[化]族 adj. 家庭的;家族的;适合于全家的,教科版EEC三年级起点五年级下.xlsx
jiaoke_eec_start3|g5-lower|r075|artist,jiaoke_eec_start3,5年级下,5,下,75,artist,artist,[ˈɑːtɪst],[ˈɑːrtɪst],n. 艺术家;美术家(尤指画家);大师,教科版EEC三年级起点五年级下.xlsx
jiaoke_eec_start3|g5-lower|r076|food,jiaoke_eec_start3,5年级下,5,下,76,food,food,[fuːd],[fuːd],n. 食物;养料,教科版EEC三年级起点五年级下.xlsx
jiaoke_eec_start3|g5-lower|r077|people,jiaoke_eec_start3,5年级下,5,下,77,people,people,[ˈpiːp(ə)l],[ˈpiːpl],n. 人;人类;民族;公民 vt. 居住于;使住满人,教科版EEC三年级起点五年级下.xlsx
jiaoke_eec_start3|g5-lower|r078|violinist,jiaoke_eec_start3,5年级下,5,下,78,violinist,violinist,[ˌvaɪəˈlɪnɪst],[ˌvaɪəˈlɪnɪst],"n. 小提琴演奏者,小提琴家",教科版EEC三年级起点五年级下.xlsx
jiaoke_eec_start3|g5-lower|r079|ms.,jiaoke_eec_start3,5年级下,5,下,79,Ms.,ms.,[mɪz; məz],[mɪz; məz],女士,教科版EEC三年级起点五年级下.xlsx
jiaoke_eec_start3|g5-lower|r080|last,jiaoke_eec_start3,5年级下,5,下,80,last,last,[lɑːst],[læst],"n. 末尾,最后;上个;鞋楦(做鞋的模型) adj. 最后的;最近的,最新的;仅剩的;最不可能...的 vi. 持续;维持,够用;持久 vt. 度过,拖过;使维持 adv. 最后地;上次,最近;最后一点",教科版EEC三年级起点五年级下.xlsx
jiaoke_eec_start3|g5-lower|r081|hear,jiaoke_eec_start3,5年级下,5,下,81,hear,hear,[hɪə(r)],[hɪr],"vi. 听;听见 vt. 听到,听;听说;审理",教科版EEC三年级起点五年级下.xlsx
jiaoke_eec_start3|g5-lower|r082|plan,jiaoke_eec_start3,5年级下,5,下,82,plan,plan,[plæn],[plæn],n. 计划;平面图 vt. 计划;设计;打算 vi. 计划;打算,教科版EEC三年级起点五年级下.xlsx
jiaoke_eec_start3|g5-lower|r083|vacation,jiaoke_eec_start3,5年级下,5,下,83,vacation,vacation,[veɪˈkeɪʃn; vəˈkeɪʃn],[veɪˈkeɪʃn; vəˈkeɪʃn],"n. 假期;(房屋)搬出 vi. 休假,度假",教科版EEC三年级起点五年级下.xlsx
jiaoke_eec_start3|g5-lower|r084|visit,jiaoke_eec_start3,5年级下,5,下,84,visit,visit,[ˈvɪzɪt],[ˈvɪzɪt],n. 访问;参观;逗留 vt. 访问;参观;视察 vi. 访问;暂住;闲谈,教科版EEC三年级起点五年级下.xlsx
jiaoke_eec_start3|g5-lower|r085|learn,jiaoke_eec_start3,5年级下,5,下,85,learn,learn,[lɜːn],[lɜːrn],vt. 学习;得知;认识到 vi. 学习;获悉,教科版EEC三年级起点五年级下.xlsx
jiaoke_eec_start3|g5-lower|r086|all,jiaoke_eec_start3,5年级下,5,下,86,all,all,[ɔːl],[ɔːl],n. 全部 adj. 全部的 adv. 全然地;越发 pron. 全部,教科版EEC三年级起点五年级下.xlsx
jiaoke_eec_start3|g5-lower|r087|farmer,jiaoke_eec_start3,5年级下,5,下,87,farmer,farmer,[ˈfɑːmə(r)],[ˈfɑːrmər],"n. 农夫,农民",教科版EEC三年级起点五年级下.xlsx
jiaoke_eec_start3|g5-lower|r088|vet,jiaoke_eec_start3,5年级下,5,下,88,vet,vet,[vet],[vet],n. 兽医 vt. 审查;诊疗 vi. 作兽医;诊疗,教科版EEC三年级起点五年级下.xlsx
jiaoke_eec_start3|g5-lower|r089|yeah,jiaoke_eec_start3,5年级下,5,下,89,yeah,yeah,[jeə],[jeə],adv. 是 int. 是,教科版EEC三年级起点五年级下.xlsx
jiaoke_eec_start3|g5-lower|r090|take care of,jiaoke_eec_start3,5年级下,5,下,90,take care of,take care of,,,na. 照看;处理;清除,教科版EEC三年级起点五年级下.xlsx
jiaoke_eec_start3|g5-lower|r091|animal,jiaoke_eec_start3,5年级下,5,下,91,animal,animal,[ˈænɪm(ə)l],[ˈænɪm(ə)l],n. 动物 动物的,教科版EEC三年级起点五年级下.xlsx
jiaoke_eec_start3|g5-lower|r092|feed,jiaoke_eec_start3,5年级下,5,下,92,feed,feed,[fiːd],[fiːd],n. 饲料;饲养;(动物或婴儿的)一餐 vt. 喂养;供给;放牧;抚养(家庭等);靠...为生 vi. 吃东西;流入,教科版EEC三年级起点五年级下.xlsx
jiaoke_eec_start3|g5-lower|r093|beach,jiaoke_eec_start3,5年级下,5,下,93,beach,beach,[biːtʃ],[biːtʃ],n. 海滩;湖滨 vt. 将...拖上岸 vi. 搁浅;定居,教科版EEC三年级起点五年级下.xlsx
jiaoke_eec_start3|g5-lower|r094|trip,jiaoke_eec_start3,5年级下,5,下,94,trip,trip,[trɪp],[trɪp],n. 旅行;绊倒;差错 vt. 绊倒;使犯错 vi. 绊倒;远足;犯错误;轻快地走,教科版EEC三年级起点五年级下.xlsx
jiaoke_eec_start3|g5-lower|r095|mountain,jiaoke_eec_start3,5年级下,5,下,95,mountain,mountain,[ˈmaʊntən],[ˈmaʊntn],n. 山;山脉,教科版EEC三年级起点五年级下.xlsx
jiaoke_eec_start3|g5-lower|r096|stay,jiaoke_eec_start3,5年级下,5,下,96,stay,stay,[steɪ],[steɪ],n. 逗留;停止;支柱 vi. 停留;坚持;暂住;停下 vt. 坚持;暂住;抑制,教科版EEC三年级起点五年级下.xlsx
jiaoke_eec_start3|g5-lower|r097|explore,jiaoke_eec_start3,5年级下,5,下,97,explore,explore,[ɪkˈsplɔː(r)],[ɪkˈsplɔːr],vi. 探索;探测;探险 vt. 探索;探测;探险,教科版EEC三年级起点五年级下.xlsx
jiaoke_eec_start3|g5-lower|r098|police station,jiaoke_eec_start3,5年级下,5,下,98,police station,police station,[pə'liːs 'steɪʃən],[pəˈliːs steɪʃn],n. 警察局;派出所,教科版EEC三年级起点五年级下.xlsx
jiaoke_eec_start3|g5-lower|r099|astronaut,jiaoke_eec_start3,5年级下,5,下,99,astronaut,astronaut,[ˈæstrənɔːt],[ˈæstrənɔːt],"n. 宇航员,航天员;太空旅行者",教科版EEC三年级起点五年级下.xlsx
jiaoke_eec_start3|g5-lower|r100|grandparent,jiaoke_eec_start3,5年级下,5,下,100,grandparent,grandparent,[ˈɡrænpeərənt],[ˈɡrænperənt],n. 祖父母;祖父或祖母;外祖父母;外祖父或外祖母,教科版EEC三年级起点五年级下.xlsx
jiaoke_eec_start3|g5-lower|r101|will,jiaoke_eec_start3,5年级下,5,下,101,will,will,[wɪl],[wɪl],n. 意志;决心;情感;遗嘱;意图;心愿 vt. 决心要;遗赠;用意志力使 vi. 愿意;下决心 aux. 将;愿意;必须,教科版EEC三年级起点五年级下.xlsx
jiaoke_eec_start3|g5-lower|r102|not yet,jiaoke_eec_start3,5年级下,5,下,102,not yet,not yet,,,adv. 还没有;也不,教科版EEC三年级起点五年级下.xlsx
jiaoke_eec_start3|g5-lower|r103|check,jiaoke_eec_start3,5年级下,5,下,103,check,check,[tʃek],[tʃek],"n. <美>支票;制止,抑制;检验,核对 vi. 核实,查核;中止;打勾;[象棋]将一军 vt. 检查,核对;制止,抑制;在...上打勾",教科版EEC三年级起点五年级下.xlsx
jiaoke_eec_start3|g5-lower|r104|list,jiaoke_eec_start3,5年级下,5,下,104,list,list,[lɪst],[lɪst],n. [计] 列表;清单;目录 vi. 列于表上 vt. 列出;记入名单内,教科版EEC三年级起点五年级下.xlsx
jiaoke_eec_start3|g5-lower|r105|raincoat,jiaoke_eec_start3,5年级下,5,下,105,raincoat,raincoat,[ˈreɪnkəʊt],[ˈreɪnkoʊt],n. (美)雨衣,教科版EEC三年级起点五年级下.xlsx
jiaoke_eec_start3|g5-lower|r106|worry,jiaoke_eec_start3,5年级下,5,下,106,worry,worry,[ˈwʌri],[ˈwɜːri],n. 担心;烦恼;撕咬 vi. 担心;烦恼;撕咬 vt. 担心;发愁;折磨,教科版EEC三年级起点五年级下.xlsx
jiaoke_eec_start3|g5-lower|r107|forget,jiaoke_eec_start3,5年级下,5,下,107,forget,forget,[fəˈɡet],[fərˈɡet],vi. 忘记 vt. 忘记;忽略,教科版EEC三年级起点五年级下.xlsx
jiaoke_eec_start3|g5-lower|r108|forgot,jiaoke_eec_start3,5年级下,5,下,108,forgot,forgot,[fəˈɡɒt],[fərˈɡɑːt],v. 忘记;轻忽;遗漏(forget的过去式),教科版EEC三年级起点五年级下.xlsx
jiaoke_eec_start3|g5-lower|r109|camera,jiaoke_eec_start3,5年级下,5,下,109,camera,camera,[ˈkæm(ə)rə],[ˈkæm(ə)rə],n. 照相机;摄影机,教科版EEC三年级起点五年级下.xlsx
jiaoke_eec_start3|g5-lower|r110|airport,jiaoke_eec_start3,5年级下,5,下,110,airport,airport,[ˈeəpɔːt],[ˈerpɔːrt],n. 机场;航空站,教科版EEC三年级起点五年级下.xlsx
jiaoke_eec_start3|g5-lower|r111|ticket,jiaoke_eec_start3,5年级下,5,下,111,ticket,ticket,[ˈtɪkɪt],[ˈtɪkɪt],vt. 加标签于;指派;对...开出交通违规罚单,教科版EEC三年级起点五年级下.xlsx
jiaoke_eec_start3|g5-lower|r112|week,jiaoke_eec_start3,5年级下,5,下,112,week,week,[wiːk],[wiːk],"n. 周,星期",教科版EEC三年级起点五年级下.xlsx
jiaoke_eec_start3|g5-lower|r113|sir,jiaoke_eec_start3,5年级下,5,下,113,sir,sir,[sɜː(r)],[sɜːr; sər],n. 先生;(用于姓名前)爵士;阁下;(中小学生对男教师的称呼)先生;老师,教科版EEC三年级起点五年级下.xlsx
jiaoke_eec_start3|g5-lower|r114|yours,jiaoke_eec_start3,5年级下,5,下,114,yours,yours,[jɔːz],[jərz; jɔːrz; jʊrz],"pron. 你(们)的东西;你的责任[义务];你的家属;来信,尊函 adj. 你(们)的(东西);信末署名前用语",教科版EEC三年级起点五年级下.xlsx
jiaoke_eec_start3|g5-lower|r115|boarding pass,jiaoke_eec_start3,5年级下,5,下,115,boarding pass,boarding pass,,,n. 【旅】登机牌;登机证;登机卡,教科版EEC三年级起点五年级下.xlsx
jiaoke_eec_start3|g5-lower|r116|pen pal,jiaoke_eec_start3,5年级下,5,下,116,pen pal,pen pal,[ˈpen pæl],[ˈpen pæl],abbr. (=pen-friend) n. 笔友,教科版EEC三年级起点五年级下.xlsx
jiaoke_eec_start3|g5-lower|r117|ate,jiaoke_eec_start3,5年级下,5,下,117,ate,ate,[et; eɪt],[eɪt],v. 吃(eat的过去式),教科版EEC三年级起点五年级下.xlsx
jiaoke_eec_start3|g5-lower|r118|schoolbag,jiaoke_eec_start3,5年级下,5,下,118,schoolbag,schoolbag,[ˈskuːlbæɡ],[ˈskuːlˌbæɡ],n. 书包,教科版EEC三年级起点五年级下.xlsx
jiaoke_eec_start3|g5-lower|r119|during,jiaoke_eec_start3,5年级下,5,下,119,during,during,[ˈdjʊərɪŋ],[ˈdʊrɪŋ],"prep. 在...的时候,在...的期间",教科版EEC三年级起点五年级下.xlsx
jiaoke_eec_start3|g5-lower|r120|holiday,jiaoke_eec_start3,5年级下,5,下,120,holiday,holiday,[ˈhɒlədeɪ],[ˈhɑːlədeɪ],n. 假日;节日;休息日 vi. 外出度假,教科版EEC三年级起点五年级下.xlsx
jiaoke_eec_start3|g5-lower|r121|welcome,jiaoke_eec_start3,5年级下,5,下,121,welcome,welcome,[ˈwelkəm],[ˈwelkəm],n. 欢迎 vt. 欢迎 adj. 受欢迎的 int. 欢迎,教科版EEC三年级起点五年级下.xlsx
jiaoke_eec_start3|g5-lower|r122|close to,jiaoke_eec_start3,5年级下,5,下,122,close to,close to,,,na. 接近于;在附近,教科版EEC三年级起点五年级下.xlsx
jiaoke_eec_start3|g5-lower|r123|straight,jiaoke_eec_start3,5年级下,5,下,123,straight,straight,[streɪt],[streɪt],"n. 直;直线;直男,直女,异性恋者 adj. 直的;连续的;笔直的;正直的;整齐的;异性恋的 adv. 直接地;不断地;立即;坦率地",教科版EEC三年级起点五年级下.xlsx
jiaoke_eec_start3|g5-lower|r124|block,jiaoke_eec_start3,5年级下,5,下,124,block,block,[blɒk],[blɑːk],"n. 块;街区;大厦;障碍物 adj. 成批的,大块的;交通堵塞的 vt. 阻止;阻塞;限制;封盖",教科版EEC三年级起点五年级下.xlsx
jiaoke_eec_start3|g5-lower|r125|turn,jiaoke_eec_start3,5年级下,5,下,125,turn,turn,[tɜːn],[tɜːrn],"n. 转弯;变化;(损害或有益于别人的)行为,举动,举止 vi. 转向;转变;转动 vt. 转动,使旋转;转弯;翻过来;兑换",教科版EEC三年级起点五年级下.xlsx
jiaoke_eec_start3|g5-lower|r126|right,jiaoke_eec_start3,5年级下,5,下,126,right,right,[raɪt],[raɪt],n. 正确;右边;正义 adj. 正确的;直接的;右方的 vt. 纠正 adv. 正确地;恰当地;彻底地 vi. 复正;恢复平稳,教科版EEC三年级起点五年级下.xlsx
jiaoke_eec_start3|g5-lower|r127|left,jiaoke_eec_start3,5年级下,5,下,127,left,left,[left],[left],adj. 左边的;左派的;剩下的 adv. 在左面 n. 左边;左派;激进分子 v. 离开(leave的过去式),教科版EEC三年级起点五年级下.xlsx
jiaoke_eec_start3|g5-lower|r128|building,jiaoke_eec_start3,5年级下,5,下,128,building,building,[ˈbɪldɪŋ],[ˈbɪldɪŋ],n. 建筑;建筑物 v. 建筑;建立;增加(build的ing形式),教科版EEC三年级起点五年级下.xlsx
jiaoke_eec_start3|g5-lower|r129|great wall,jiaoke_eec_start3,5年级下,5,下,129,Great Wall,great wall,,,na. 中国的万里长城,教科版EEC三年级起点五年级下.xlsx
jiaoke_eec_start3|g5-lower|r130|country,jiaoke_eec_start3,5年级下,5,下,130,country,country,[ˈkʌntri],[ˈkʌntri],"n. 国家,国土;国民;乡下,农村;乡村;故乡 adj. 祖国的,故乡的;地方的,乡村的;国家的;粗鲁的;乡村音乐的",教科版EEC三年级起点五年级下.xlsx
jiaoke_eec_start3|g5-lower|r131|paris,jiaoke_eec_start3,5年级下,5,下,131,Paris,paris,[ˈpærɪs],[ˈpærɪs],n. 巴黎(法国首都);帕里斯(特洛伊王子),教科版EEC三年级起点五年级下.xlsx
jiaoke_eec_start3|g5-lower|r132|city,jiaoke_eec_start3,5年级下,5,下,132,city,city,[ˈsɪti],[ˈsɪti],"n. 城市,都市 adj. 城市的;都会的",教科版EEC三年级起点五年级下.xlsx
jiaoke_eec_start3|g5-lower|r133|tower,jiaoke_eec_start3,5年级下,5,下,133,tower,tower,[ˈtaʊə(r)],[ˈtaʊər],n. 塔;高楼;堡垒 vi. 高耸;超越,教科版EEC三年级起点五年级下.xlsx
jiaoke_eec_start3|g5-lower|r134|egypt,jiaoke_eec_start3,5年级下,5,下,134,Egypt,egypt,[ˈiːdʒɪpt],[ˈiːdʒɪpt],n. 埃及(非洲国家),教科版EEC三年级起点五年级下.xlsx
jiaoke_eec_start3|g5-lower|r135|those,jiaoke_eec_start3,5年级下,5,下,135,those,those,[ðəʊz],[ðoʊz],adj. 那些的 pron. 那些(that的复数),教科版EEC三年级起点五年级下.xlsx
jiaoke_eec_start3|g5-lower|r136|place,jiaoke_eec_start3,5年级下,5,下,136,place,place,[pleɪs],[pleɪs],n. 地方;住所;座位 vt. 放置;任命;寄予 vi. 名列前茅;取得名次,教科版EEC三年级起点五年级下.xlsx
jiaoke_eec_start3|g5-lower|r137|pyramid,jiaoke_eec_start3,5年级下,5,下,137,pyramid,pyramid,[ˈpɪrəmɪd],[ˈpɪrəmɪd],n. 金字塔;角锥体 vt. 使...渐增;使...上涨;使...成金字塔状 vi. 渐增;上涨;成金字塔状,教科版EEC三年级起点五年级下.xlsx
jiaoke_eec_start3|g5-lower|r138|in front of,jiaoke_eec_start3,5年级下,5,下,138,in front of,in front of,[ɪn frʌnt əv],[ɪn frʌnt ʌv],na. 在...的前面,教科版EEC三年级起点五年级下.xlsx
jiaoke_eec_start3|g5-lower|r139|between ... and ...,jiaoke_eec_start3,5年级下,5,下,139,between ... and ...,between ... and ...,,,无,教科版EEC三年级起点五年级下.xlsx
jiaoke_eec_start3|g5-lower|r140|bank,jiaoke_eec_start3,5年级下,5,下,140,bank,bank,[bæŋk],[bæŋk],n. 银行;岸;浅滩;储库 vt. 将...存入银行;倾斜转弯 vi. 堆积;倾斜转弯,教科版EEC三年级起点五年级下.xlsx
jiaoke_eec_start3|g5-lower|r141|theater,jiaoke_eec_start3,5年级下,5,下,141,theater,theater,[ˈθɪətə(r)],[ˈθiːətər],"n. 电影院,戏院,剧场;戏剧;手术室",教科版EEC三年级起点五年级下.xlsx
jiaoke_eec_start3|g5-lower|r142|zoo,jiaoke_eec_start3,5年级下,5,下,142,zoo,zoo,[zuː],[zuː],n. 动物园; <美俚>(铁路货车的最后一节)守车; <美俚>核粒子园,教科版EEC三年级起点五年级下.xlsx
jiaoke_eec_start3|g5-lower|r143|restroom,jiaoke_eec_start3,5年级下,5,下,143,restroom,restroom,[ˈrestruːm; ˈrestrʊm],[ˈrestruːm; ˈrestrʊm],n. 厕所;洗手间,教科版EEC三年级起点五年级下.xlsx
jiaoke_eec_start3|g5-lower|r144|restaurant,jiaoke_eec_start3,5年级下,5,下,144,restaurant,restaurant,[ˈrestrɒnt],[ˈrestrɑːnt; ˈrestərɑːnt],n. 餐馆;[经] 饭店,教科版EEC三年级起点五年级下.xlsx
jiaoke_eec_start3|g5-lower|r145|weather,jiaoke_eec_start3,5年级下,5,下,145,weather,weather,[ˈweðə(r)],[ˈweðər],n. 天气;气象;气候;处境 vt. 经受住;使风化;侵蚀;使受风吹雨打 adj. 露天的;迎风的 vi. 风化;受侵蚀;经受风雨,教科版EEC三年级起点五年级下.xlsx
jiaoke_eec_start3|g5-lower|r146|cloud,jiaoke_eec_start3,5年级下,5,下,146,cloud,cloud,[klaʊd],[klaʊd],n. 云;阴云;云状物;一大群;黑斑 vt. 使混乱;以云遮敝;使忧郁;玷污 vi. 阴沉;乌云密布,教科版EEC三年级起点五年级下.xlsx
jiaoke_eec_start3|g5-lower|r147|feel,jiaoke_eec_start3,5年级下,5,下,147,feel,feel,[fiːl],[fiːl],n. 感觉;触摸 vi. 觉得;摸索 vt. 感觉;认为;触摸;试探,教科版EEC三年级起点五年级下.xlsx
jiaoke_eec_start3|g5-lower|r148|felt,jiaoke_eec_start3,5年级下,5,下,148,felt,felt,[felt],[felt],n. 毡;毡制品 v. 感觉(feel的过去式) vi. 粘结 vt. 使粘结;把...制成毡,教科版EEC三年级起点五年级下.xlsx
jiaoke_eec_start3|g5-lower|r149|drop,jiaoke_eec_start3,5年级下,5,下,149,drop,drop,[drɒp],[drɑːp],n. 滴;落下;空投;微量;滴剂 vt. 滴;使降低;使终止;随口漏出 vi. 下降;终止,教科版EEC三年级起点五年级下.xlsx
jiaoke_eec_start3|g5-lower|r150|hard,jiaoke_eec_start3,5年级下,5,下,150,hard,hard,[hɑːd],[hɑːrd],adj. 努力的;硬的;困难的;辛苦的;确实的;严厉的;猛烈的;冷酷无情的 adv. 努力地;困难地;辛苦地;接近地;猛烈地;牢固地,教科版EEC三年级起点五年级下.xlsx
jiaoke_eec_start3|g5-lower|r151|dry,jiaoke_eec_start3,5年级下,5,下,151,dry,dry,[draɪ],[draɪ],n. 干涸 adj. 干的;口渴的;枯燥无味的;禁酒的 vt. 把...弄干 vi. 变干,教科版EEC三年级起点五年级下.xlsx
jiaoke_eec_start3|g5-lower|r152|come out,jiaoke_eec_start3,5年级下,5,下,152,come out,come out,,,na. 出来,教科版EEC三年级起点五年级下.xlsx
jiaoke_eec_start3|g5-lower|r153|often,jiaoke_eec_start3,5年级下,5,下,153,often,often,[ˈɒf(ə)n],[ˈɔːf(ə)n],"adv. 常常,时常",教科版EEC三年级起点五年级下.xlsx
jiaoke_eec_start3|g5-lower|r154|best,jiaoke_eec_start3,5年级下,5,下,154,best,best,[best],[best],"n. 最好的人,最好的事物;最佳状态 adj. 最好的 vt. 打败,胜过 adv. 最好地",教科版EEC三年级起点五年级下.xlsx
jiaoke_eec_start3|g5-lower|r155|pour,jiaoke_eec_start3,5年级下,5,下,155,pour,pour,[pɔː(r)],[pɔːr],"n. 倾泻;流出;骤雨 vt. 灌,注;倒;倾泻;倾吐 vi. 倾泻;涌流;斟茶",教科版EEC三年级起点五年级下.xlsx
jiaoke_eec_start3|g5-lower|r156|it's pouring.,jiaoke_eec_start3,5年级下,5,下,156,It's pouring.,it's pouring.,,,外面下着倾盆大雨;下大雨;倾盆的下著,教科版EEC三年级起点五年级下.xlsx
jiaoke_eec_start3|g5-lower|r157|got,jiaoke_eec_start3,5年级下,5,下,157,got,got,[ɡɒt],[ɡɑːt],"v. 得到,明白(get的过去式和过去分词)",教科版EEC三年级起点五年级下.xlsx
jiaoke_eec_start3|g5-lower|r158|wet,jiaoke_eec_start3,5年级下,5,下,158,wet,wet,[wet],[wet],n. 雨天;湿气 adj. [气象][物] 潮湿的;有雨的 vt. 弄湿 vi. 变湿,教科版EEC三年级起点五年级下.xlsx
jiaoke_eec_start3|g5-lower|r159|cloudy,jiaoke_eec_start3,5年级下,5,下,159,cloudy,cloudy,[ˈklaʊdi],[ˈklaʊdi],adj. 多云的;阴天的;愁容满面的,教科版EEC三年级起点五年级下.xlsx
jiaoke_eec_start3|g5-lower|r160|windy,jiaoke_eec_start3,5年级下,5,下,160,windy,windy,[ˈwɪndi],[ˈwɪndi],"adj. 多风的,有风的;腹胀的;吹牛的",教科版EEC三年级起点五年级下.xlsx
jiaoke_eec_start3|g5-lower|r161|kite,jiaoke_eec_start3,5年级下,5,下,161,kite,kite,[kaɪt],[kaɪt],n. 风筝 vi. 使用空头支票;像风筝一样飞;轻快地移动 vt. 骗钱;涂改(支票),教科版EEC三年级起点五年级下.xlsx
jiaoke_eec_start3|g5-lower|r162|snowman,jiaoke_eec_start3,5年级下,5,下,162,snowman,snowman,[ˈsnəʊmæn],[ˈsnoʊmæn],n. 雪人,教科版EEC三年级起点五年级下.xlsx
jiaoke_eec_start3|g5-lower|r163|ski,jiaoke_eec_start3,5年级下,5,下,163,ski,ski,[skiː],[skiː],n. 滑雪橇 vi. 滑雪 adj. 滑雪(用)的,教科版EEC三年级起点五年级下.xlsx
jiaoke_eec_start3|g5-lower|r164|picnic,jiaoke_eec_start3,5年级下,5,下,164,picnic,picnic,[ˈpɪknɪk],[ˈpɪknɪk],n. 野餐 vi. 去野餐,教科版EEC三年级起点五年级下.xlsx
jiaoke_eec_start3|g5-lower|r165|model,jiaoke_eec_start3,5年级下,5,下,165,model,model,[ˈmɒd(ə)l],[ˈmɑːdl],n. 模型;典型;模范;模特儿;样式 vt. 模拟;塑造;模仿 vi. 做模型;做模特儿 adj. 模范的;作模型用的,教科版EEC三年级起点五年级下.xlsx
jiaoke_eec_start3|g5-lower|r166|achoo,jiaoke_eec_start3,5年级下,5,下,166,achoo,achoo,[əˈtʃuː],[əˈtʃuː],n. 啊嚏,教科版EEC三年级起点五年级下.xlsx
jiaoke_eec_start3|g5-lower|r167|slight,jiaoke_eec_start3,5年级下,5,下,167,slight,slight,[slaɪt],[slaɪt],"n. 怠慢;轻蔑 adj. 轻微的,少量的;脆弱的;细长的;不重要的 vt. 轻视,忽略;怠慢",教科版EEC三年级起点五年级下.xlsx
jiaoke_eec_start3|g5-lower|r168|cough,jiaoke_eec_start3,5年级下,5,下,168,cough,cough,[kɒf],[kɔːf],"n. 咳嗽,咳嗽声;咳嗽病 vt. 咳出 vi. 咳嗽",教科版EEC三年级起点五年级下.xlsx
jiaoke_eec_start3|g5-lower|r169|came,jiaoke_eec_start3,5年级下,5,下,169,came,came,[keɪm],[keɪm],v. come的过去式,教科版EEC三年级起点五年级下.xlsx
jiaoke_eec_start3|g5-lower|r170|back,jiaoke_eec_start3,5年级下,5,下,170,back,back,[bæk],[bæk],n. 后面;背部;靠背;足球等的后卫;书报等的末尾 adj. 后面的;过去的;拖欠的 vt. 支持;后退;背书;下赌注 adv. 以前;向后地;来回地;上溯;回来;回原处 vi. 后退;背靠;倒退,教科版EEC三年级起点五年级下.xlsx
jiaoke_eec_start3|g5-lower|r171|come back,jiaoke_eec_start3,5年级下,5,下,171,come back,come back,[kʌm bæk],[kʌm bæk],na. 回来;想起来;〔口语〕复原;归,教科版EEC三年级起点五年级下.xlsx
jiaoke_eec_start3|g5-lower|r172|around,jiaoke_eec_start3,5年级下,5,下,172,around,around,[əˈraʊnd],[əˈraʊnd],prep. 四处;在...周围 adv. 大约;到处;在附近,教科版EEC三年级起点五年级下.xlsx
jiaoke_eec_start3|g5-lower|r173|planet,jiaoke_eec_start3,5年级下,5,下,173,planet,planet,[ˈplænɪt],[ˈplænɪt],n. 行星,教科版EEC三年级起点五年级下.xlsx
jiaoke_eec_start3|g5-lower|r174|were,jiaoke_eec_start3,5年级下,5,下,174,were,were,[wə(r); wɜː(r)],[wər; wɜːr],"v. 是,在(are的过去式)",教科版EEC三年级起点五年级下.xlsx
jiaoke_eec_start3|g5-lower|r175|interesting,jiaoke_eec_start3,5年级下,5,下,175,interesting,interesting,[ˈɪntrəstɪŋ],[ˈɪntrəstɪŋ; ˈɪntrestɪŋ],"adj. 有趣的;引起兴趣的,令人关注的",教科版EEC三年级起点五年级下.xlsx
jiaoke_eec_start3|g5-lower|r176|thing,jiaoke_eec_start3,5年级下,5,下,176,thing,thing,[θɪŋ],[θɪŋ],n. 事情;东西;事物;情况,教科版EEC三年级起点五年级下.xlsx
jiaoke_eec_start3|g5-lower|r177|tell,jiaoke_eec_start3,5年级下,5,下,177,tell,tell,[tel],[tel],"vt. 告诉,说;辨别;吩咐;断定 vi. 讲述;告发,泄密;识别",教科版EEC三年级起点五年级下.xlsx
jiaoke_eec_start3|g5-lower|r178|over,jiaoke_eec_start3,5年级下,5,下,178,over,over,[ˈəʊvə(r)],[ˈoʊvər],adv. 结束;越过;从头到尾 prep. 越过;在...之上;遍于...之上 adj. 结束的;上面的 vt. 越过,教科版EEC三年级起点五年级下.xlsx
jiaoke_eec_start3|g5-lower|r179|sore,jiaoke_eec_start3,5年级下,5,下,179,sore,sore,[sɔː(r)],[sɔːr],"n. 溃疡,痛处;恨事,伤心事 adj. 疼痛的,痛心的;剧烈的,极度的;恼火的,发怒的;厉害的,迫切的",教科版EEC三年级起点五年级下.xlsx
jiaoke_eec_start3|g5-lower|r180|throat,jiaoke_eec_start3,5年级下,5,下,180,throat,throat,[θrəʊt],[θroʊt],"n. 喉咙;嗓子,嗓音;窄路 vt. 开沟于;用喉音说",教科版EEC三年级起点五年级下.xlsx
jiaoke_eec_start3|g5-lower|r181|high,jiaoke_eec_start3,5年级下,5,下,181,high,high,[haɪ],[haɪ],n. 高水平;天空;由麻醉品引起的快感;高压地带 adj. 高的;高级的;崇高的;高音调的 adv. 高;奢侈地,教科版EEC三年级起点五年级下.xlsx
jiaoke_eec_start3|g5-lower|r182|runny nose,jiaoke_eec_start3,5年级下,5,下,182,runny nose,runny nose,,,流鼻涕;流鼻水;流涕,教科版EEC三年级起点五年级下.xlsx
jiaoke_eec_start3|g5-lower|r183|airplane,jiaoke_eec_start3,5年级下,5,下,183,airplane,airplane,[ˈeəpleɪn],[ˈerpleɪn],n. 飞机,教科版EEC三年级起点五年级下.xlsx
jiaoke_eec_start3|g5-lower|r184|because,jiaoke_eec_start3,5年级下,5,下,184,because,because,"[bɪˈkəz, bɪˈkɒz]","[bɪˈkəz, bɪˈkɔːz]",conj. 因为,教科版EEC三年级起点五年级下.xlsx
jiaoke_eec_start3|g5-lower|r185|yesterday,jiaoke_eec_start3,5年级下,5,下,185,yesterday,yesterday,[ˈjestədeɪ],[ˈjestərdeɪ; ˈjestərdi],n. 昨天;往昔 adv. 昨天,教科版EEC三年级起点五年级下.xlsx
jiaoke_eec_start3|g5-lower|r186|swam,jiaoke_eec_start3,5年级下,5,下,186,swam,swam,[swæm],[swæm],v. 游泳(swim的过去式),教科版EEC三年级起点五年级下.xlsx
jiaoke_eec_start3|g5-lower|r187|collect,jiaoke_eec_start3,5年级下,5,下,187,collect,collect,[kəˈlekt],[kəˈlekt],vt. 收集;募捐 adj. 由收件人付款的 vi. 收集;聚集;募捐 adv. 由收件人付款地,教科版EEC三年级起点五年级下.xlsx
jiaoke_eec_start3|g5-lower|r188|shell,jiaoke_eec_start3,5年级下,5,下,188,shell,shell,[ʃel],[ʃel],"n. 壳,贝壳;炮弹;外形 vt. 剥皮;炮轰 vi. 剥落;设定命令行解释器的位置",教科版EEC三年级起点五年级下.xlsx
jiaoke_eec_start3|g6-upper|r002|grade,jiaoke_eec_start3,6年级上,6,上,2,grade,grade,[ɡreɪd],[ɡreɪd],n. 年级;等级;成绩;级别;阶段 vt. 评分;把...分等级 vi. 分等级;逐渐变化,教科版EEC三年级起点六年级上.xlsx
jiaoke_eec_start3|g6-upper|r003|same,jiaoke_eec_start3,6年级上,6,上,3,same,same,[seɪm],[seɪm],adj. 相同的;同一的;上述的(通常与the连用);无变化的 adv. 同样地(通常与the连用) pron. 同样的事物或人(通常与the连用),教科版EEC三年级起点六年级上.xlsx
jiaoke_eec_start3|g6-upper|r004|get on,jiaoke_eec_start3,6年级上,6,上,4,get on,get on,,,na. 上马;安上;过日子;相投 (with together),教科版EEC三年级起点六年级上.xlsx
jiaoke_eec_start3|g6-upper|r005|on time,jiaoke_eec_start3,6年级上,6,上,5,on time,on time,[ɒn 'taɪm],[ɑːn 'taɪm],na. 按时;及时,教科版EEC三年级起点六年级上.xlsx
jiaoke_eec_start3|g6-upper|r006|absent,jiaoke_eec_start3,6年级上,6,上,6,absent,absent,[ˈæbsənt],[ˈæbsənt],adj. 缺席的;缺少的;心不在焉的;茫然的 vt. 使缺席,教科版EEC三年级起点六年级上.xlsx
jiaoke_eec_start3|g6-upper|r007|wake,jiaoke_eec_start3,6年级上,6,上,7,wake,wake,[weɪk],[weɪk],n. 尾迹;守夜;守丧 vt. 叫醒;激发 vi. 醒来;唤醒;警觉,教科版EEC三年级起点六年级上.xlsx
jiaoke_eec_start3|g6-upper|r008|woke,jiaoke_eec_start3,6年级上,6,上,8,woke,woke,[wəʊk],[woʊk],v. 唤醒;激发;使...复活(wake的过去式),教科版EEC三年级起点六年级上.xlsx
jiaoke_eec_start3|g6-upper|r009|wake up,jiaoke_eec_start3,6年级上,6,上,9,wake up,wake up,[ˈweɪk ˌʌp],[ˈweɪk ˌʌp],na. 同“wake”;叫醒;醒来;振作起来,教科版EEC三年级起点六年级上.xlsx
jiaoke_eec_start3|g6-upper|r010|train,jiaoke_eec_start3,6年级上,6,上,10,train,train,[treɪn],[treɪn],n. 火车;行列;长队;裙裾 v. 培养;训练;瞄准,教科版EEC三年级起点六年级上.xlsx
jiaoke_eec_start3|g6-upper|r011|girl,jiaoke_eec_start3,6年级上,6,上,11,girl,girl,[ɡɜːl],[ɡɜːrl],"n. 女孩;姑娘,未婚女子;女职员,女演员;(男人的)女朋友 n. (捷)吉尔",教科版EEC三年级起点六年级上.xlsx
jiaoke_eec_start3|g6-upper|r012|another,jiaoke_eec_start3,6年级上,6,上,12,another,another,[əˈnʌðə(r)],[əˈnʌðər],"prep. 另一个;另一个人 adj. 又一,另一;另外的;不同的 pron. 另一个;又一个",教科版EEC三年级起点六年级上.xlsx
jiaoke_eec_start3|g6-upper|r013|boy,jiaoke_eec_start3,6年级上,6,上,13,boy,boy,[bɔɪ],[bɔɪ],n. 男孩;男人,教科版EEC三年级起点六年级上.xlsx
jiaoke_eec_start3|g6-upper|r014|also,jiaoke_eec_start3,6年级上,6,上,14,also,also,[ˈɔːlsəʊ],[ˈɔːlsoʊ],conj. 并且;另外 adv. 也;而且;同样,教科版EEC三年级起点六年级上.xlsx
jiaoke_eec_start3|g6-upper|r015|everyone,jiaoke_eec_start3,6年级上,6,上,15,everyone,everyone,[ˈevriwʌn],[ˈevriwʌn],n. 每个人 pron. 每个人;人人,教科版EEC三年级起点六年级上.xlsx
jiaoke_eec_start3|g6-upper|r016|their,jiaoke_eec_start3,6年级上,6,上,16,their,their,[ðeə(r)],[ðer],"pron. 他们的,她们的;它们的",教科版EEC三年级起点六年级上.xlsx
jiaoke_eec_start3|g6-upper|r017|fast,jiaoke_eec_start3,6年级上,6,上,17,fast,fast,[fɑːst],[fæst],"n. 斋戒;绝食 adj. 快速的,迅速的;紧的,稳固的 adv. 迅速地;紧紧地;彻底地 vi. 禁食,斋戒",教科版EEC三年级起点六年级上.xlsx
jiaoke_eec_start3|g6-upper|r018|catch,jiaoke_eec_start3,6年级上,6,上,18,catch,catch,[kætʃ],[kætʃ],n. 捕捉;捕获物;窗钩 vt. 赶上;抓住;感染;了解 vi. 赶上;抓住,教科版EEC三年级起点六年级上.xlsx
jiaoke_eec_start3|g6-upper|r019|driver,jiaoke_eec_start3,6年级上,6,上,19,driver,driver,[ˈdraɪvə(r)],[ˈdraɪvər],n. 驾驶员;驱动程序;起子;传动器,教科版EEC三年级起点六年级上.xlsx
jiaoke_eec_start3|g6-upper|r020|elementary school,jiaoke_eec_start3,6年级上,6,上,20,elementary school,elementary school,[ˌelɪˈmentri skuːl],[ˌelɪˈmentri skuːl],n. (美国)小学,教科版EEC三年级起点六年级上.xlsx
jiaoke_eec_start3|g6-upper|r021|ottawa,jiaoke_eec_start3,6年级上,6,上,21,Ottawa,ottawa,[ˈɒtəwə],[ˈɑːtəwə],n. 渥太华(加拿大首都),教科版EEC三年级起点六年级上.xlsx
jiaoke_eec_start3|g6-upper|r022|west,jiaoke_eec_start3,6年级上,6,上,22,west,west,[west],[west],n. 西;西方;西部 adj. 西方的;朝西的 adv. 在西方;向西方;自西方,教科版EEC三年级起点六年级上.xlsx
jiaoke_eec_start3|g6-upper|r023|east,jiaoke_eec_start3,6年级上,6,上,23,east,east,[iːst],[iːst],"n. 东方;东风;东方国家 adj. 东方的;向东的;从东方来的 adv. 向东方,在东方",教科版EEC三年级起点六年级上.xlsx
jiaoke_eec_start3|g6-upper|r024|difficult,jiaoke_eec_start3,6年级上,6,上,24,difficult,difficult,[ˈdɪfɪkəlt],[ˈdɪfɪkəlt],adj. 困难的;不随和的;执拗的,教科版EEC三年级起点六年级上.xlsx
jiaoke_eec_start3|g6-upper|r025|be good at,jiaoke_eec_start3,6年级上,6,上,25,be good at,be good at,,,v. 善于,教科版EEC三年级起点六年级上.xlsx
jiaoke_eec_start3|g6-upper|r026|calculate,jiaoke_eec_start3,6年级上,6,上,26,calculate,calculate,[ˈkælkjuleɪt],[ˈkælkjuleɪt],vt. 计算;预测;认为;打算 vi. 计算;以为;作打算,教科版EEC三年级起点六年级上.xlsx
jiaoke_eec_start3|g6-upper|r027|favourite,jiaoke_eec_start3,6年级上,6,上,27,favourite,favourite,[ˈfeɪvərɪt],[ˈfeɪvərɪt],n. 特别喜爱的人(或物) adj. 特别受喜爱的,教科版EEC三年级起点六年级上.xlsx
jiaoke_eec_start3|g6-upper|r028|subject,jiaoke_eec_start3,6年级上,6,上,28,subject,subject,[ˈsʌbdʒɪkt; ˈsʌbdʒekt],[ˈsʌbdʒɪkt; ˈsʌbdʒekt],n. 主题;科目;[语] 主语;国民 adj. 服从的;易患...的;受制于...的 vt. 使...隶属;使屈从于...,教科版EEC三年级起点六年级上.xlsx
jiaoke_eec_start3|g6-upper|r029|p.e.,jiaoke_eec_start3,6年级上,6,上,29,P.E.,p.e.,,,n. 体育(课)(全写为 physical education),教科版EEC三年级起点六年级上.xlsx
jiaoke_eec_start3|g6-upper|r030|player,jiaoke_eec_start3,6年级上,6,上,30,player,player,[ˈpleɪə(r)],[ˈpleɪər],"n. 运动员,比赛者;游戏者,做游戏的人;演奏者,表演者;演员;播放器",教科版EEC三年级起点六年级上.xlsx
jiaoke_eec_start3|g6-upper|r031|san francisco,jiaoke_eec_start3,6年级上,6,上,31,San Francisco,san francisco,,,n. 旧金山,教科版EEC三年级起点六年级上.xlsx
jiaoke_eec_start3|g6-upper|r032|u.k.,jiaoke_eec_start3,6年级上,6,上,32,U.K.,u.k.,[ˌjuː ˈkeɪ],[ˌjuː ˈkeɪ],"英国, 联合王国 [经] 英国",教科版EEC三年级起点六年级上.xlsx
jiaoke_eec_start3|g6-upper|r033|london,jiaoke_eec_start3,6年级上,6,上,33,London,london,[ˈlʌndən],[ˈlʌndən],n. 伦敦,教科版EEC三年级起点六年级上.xlsx
jiaoke_eec_start3|g6-upper|r034|north,jiaoke_eec_start3,6年级上,6,上,34,north,north,[nɔːθ],[nɔːrθ],"n. 北,北方 adj. 北方的;朝北的 adv. 在北方,向北方",教科版EEC三年级起点六年级上.xlsx
jiaoke_eec_start3|g6-upper|r035|south,jiaoke_eec_start3,6年级上,6,上,35,south,south,[saʊθ],[saʊθ],"n. 南方,南边;南部 adj. 南的,南方的 adv. 在南方,向南方",教科版EEC三年级起点六年级上.xlsx
jiaoke_eec_start3|g6-upper|r036|scientist,jiaoke_eec_start3,6年级上,6,上,36,scientist,scientist,[ˈsaɪəntɪst],[ˈsaɪəntɪst],n. 科学家,教科版EEC三年级起点六年级上.xlsx
jiaoke_eec_start3|g6-upper|r037|thomas edison,jiaoke_eec_start3,6年级上,6,上,37,Thomas Edison,thomas edison,,,爱迪生;美国发明家爱迪生;托马斯·爱迪生,教科版EEC三年级起点六年级上.xlsx
jiaoke_eec_start3|g6-upper|r038|art,jiaoke_eec_start3,6年级上,6,上,38,art,art,[ɑːt],[ɑːrt],n. 艺术;美术;艺术品 v. 是(be的变体) adj. 艺术的;艺术品的,教科版EEC三年级起点六年级上.xlsx
jiaoke_eec_start3|g6-upper|r039|l.a.,jiaoke_eec_start3,6年级上,6,上,39,L.A.,l.a.,,,abbr. Los Angeles 洛杉矶,教科版EEC三年级起点六年级上.xlsx
jiaoke_eec_start3|g6-upper|r040|new york,jiaoke_eec_start3,6年级上,6,上,40,New York,new york,,,n. 【城】纽约州,教科版EEC三年级起点六年级上.xlsx
jiaoke_eec_start3|g6-upper|r041|picasso,jiaoke_eec_start3,6年级上,6,上,41,Picasso,picasso,[pi'kæsəu],[pi'kæsəu],n. 毕加索(法国画家),教科版EEC三年级起点六年级上.xlsx
jiaoke_eec_start3|g6-upper|r042|seattle,jiaoke_eec_start3,6年级上,6,上,42,Seattle,seattle,[sɪˈæt(ə)l],[siˈætl],n. 西雅图(美国一港市),教科版EEC三年级起点六年级上.xlsx
jiaoke_eec_start3|g6-upper|r043|introduce,jiaoke_eec_start3,6年级上,6,上,43,introduce,introduce,[ˌɪntrəˈdjuːs],[ˌɪntrəˈduːs],vt. 介绍;引进;提出;采用,教科版EEC三年级起点六年级上.xlsx
jiaoke_eec_start3|g6-upper|r044|capital,jiaoke_eec_start3,6年级上,6,上,44,capital,capital,[ˈkæpɪt(ə)l],[ˈkæpɪt(ə)l],"n. 首都,省会;资金;大写字母;资本家 adj. 首都的;重要的;大写的",教科版EEC三年级起点六年级上.xlsx
jiaoke_eec_start3|g6-upper|r045|tomato,jiaoke_eec_start3,6年级上,6,上,45,tomato,tomato,[təˈmɑːtəʊ],[təˈmeɪtoʊ],"n. 番茄,西红柿",教科版EEC三年级起点六年级上.xlsx
jiaoke_eec_start3|g6-upper|r046|potato,jiaoke_eec_start3,6年级上,6,上,46,potato,potato,[pəˈteɪtəʊ],[pəˈteɪtoʊ],"n. [作物] 土豆,[作物] 马铃薯",教科版EEC三年级起点六年级上.xlsx
jiaoke_eec_start3|g6-upper|r047|horse,jiaoke_eec_start3,6年级上,6,上,47,horse,horse,[hɔːs],[hɔːrs],n. 马;骑兵;脚架;海洛因 vt. 使骑马;系马于;捉弄 vi. 骑马;作弄人,教科版EEC三年级起点六年级上.xlsx
jiaoke_eec_start3|g6-upper|r048|duck,jiaoke_eec_start3,6年级上,6,上,48,duck,duck,[dʌk],[dʌk],n. 鸭子;鸭肉;(英)宝贝儿;零分 vt. 躲避;猛按...入水 vi. 闪避;没入水中,教科版EEC三年级起点六年级上.xlsx
jiaoke_eec_start3|g6-upper|r049|sport,jiaoke_eec_start3,6年级上,6,上,49,sport,sport,[spɔːt],[spɔːrt],n. 运动;游戏;娱乐;运动会;玩笑 adj. 运动的 vt. 游戏;参加体育运动;夸耀 vi. 游戏,教科版EEC三年级起点六年级上.xlsx
jiaoke_eec_start3|g6-upper|r050|gray,jiaoke_eec_start3,6年级上,6,上,50,gray,gray,[ɡreɪ],[ɡreɪ],n. 灰色;暗淡的光线 adj. 灰色的;苍白的;灰白头发的;阴郁的 vt. 使成灰色或灰白 vi. 成为灰色或灰白,教科版EEC三年级起点六年级上.xlsx
jiaoke_eec_start3|g6-upper|r051|try on,jiaoke_eec_start3,6年级上,6,上,51,try on,try on,,,na. 试穿;〈非正式〉搞恶作剧(以试探能否被容忍);〈非正式〉耍花招,教科版EEC三年级起点六年级上.xlsx
jiaoke_eec_start3|g6-upper|r052|of course,jiaoke_eec_start3,6年级上,6,上,52,of course,of course,,,na. 当然,教科版EEC三年级起点六年级上.xlsx
jiaoke_eec_start3|g6-upper|r053|fitting room,jiaoke_eec_start3,6年级上,6,上,53,fitting room,fitting room,,,n. (商店的)试衣室,教科版EEC三年级起点六年级上.xlsx
jiaoke_eec_start3|g6-upper|r054|biggest,jiaoke_eec_start3,6年级上,6,上,54,biggest,biggest,[bɪgɪst],[bɪgɪst],adj. 最大的(big的最高级),教科版EEC三年级起点六年级上.xlsx
jiaoke_eec_start3|g6-upper|r055|i'll take it.,jiaoke_eec_start3,6年级上,6,上,55,I'll take it.,i'll take it.,,,"我买了;我要了;好的,我买这件衬衫",教科版EEC三年级起点六年级上.xlsx
jiaoke_eec_start3|g6-upper|r056|smallest,jiaoke_eec_start3,6年级上,6,上,56,smallest,smallest,[smɔ:lɪst],[smɔːlɪst],adj. 最小的(small的最高级),教科版EEC三年级起点六年级上.xlsx
jiaoke_eec_start3|g6-upper|r057|long,jiaoke_eec_start3,6年级上,6,上,57,long,long,[lɒŋ],[lɔːŋ],"n. 长时间;[语] 长音节;(服装的)长尺寸;长裤 adj. 长的;过长的;做多头的;长时间的;冗长的,长音 vi. 渴望;热望 adv. 长期地;始终",教科版EEC三年级起点六年级上.xlsx
jiaoke_eec_start3|g6-upper|r058|short,jiaoke_eec_start3,6年级上,6,上,58,short,short,[ʃɔːt],[ʃɔːrt],"n. 短;缺乏;短路;短裤 adj. 短的;不足的;矮的,低的 adv. 不足;突然;唐突地",教科版EEC三年级起点六年级上.xlsx
jiaoke_eec_start3|g6-upper|r059|shorter,jiaoke_eec_start3,6年级上,6,上,59,shorter,shorter,[ʃɔːtə],[ˈʃɔːrtər],adj. 较短的;更短的;更矮的(short的比较级),教科版EEC三年级起点六年级上.xlsx
jiaoke_eec_start3|g6-upper|r060|shortest,jiaoke_eec_start3,6年级上,6,上,60,shortest,shortest,[ʃɔ:tɪst],[ʃɔrtɪst],adj. 最短的,教科版EEC三年级起点六年级上.xlsx
jiaoke_eec_start3|g6-upper|r061|longer,jiaoke_eec_start3,6年级上,6,上,61,longer,longer,[lɒŋɡə(r)],[lɔːŋɡər],长的(long的比较级),教科版EEC三年级起点六年级上.xlsx
jiaoke_eec_start3|g6-upper|r062|longest,jiaoke_eec_start3,6年级上,6,上,62,longest,longest,[ˈlɒŋɡɪst],[ˈlɔŋɡɪst],adj. 最长的,教科版EEC三年级起点六年级上.xlsx
jiaoke_eec_start3|g6-upper|r063|yuan,jiaoke_eec_start3,6年级上,6,上,63,yuan,yuan,[juˈɑːn],[juˈɑːn],n. 元(中国货币单位),教科版EEC三年级起点六年级上.xlsx
jiaoke_eec_start3|g6-upper|r064|center,jiaoke_eec_start3,6年级上,6,上,64,center,center,[ˈsentə(r)],[ˈsentər],"n. 中心,中央;中锋;中心点 adj. 中央的,位在正中的 vt. 集中,使聚集在一点;定中心 vi. 居中,被置于中心",教科版EEC三年级起点六年级上.xlsx
jiaoke_eec_start3|g6-upper|r065|salesperson,jiaoke_eec_start3,6年级上,6,上,65,salesperson,salesperson,[ˈseɪlzpɜːsn],[ˈseɪlzpɜːrsn],n. 售货员,教科版EEC三年级起点六年级上.xlsx
jiaoke_eec_start3|g6-upper|r066|give,jiaoke_eec_start3,6年级上,6,上,66,give,give,[ɡɪv],[ɡɪv],n. 弹性;弯曲;伸展性 vi. 捐赠;面向;有弹性;气候转暖 vt. 给;产生;让步;举办;授予,教科版EEC三年级起点六年级上.xlsx
jiaoke_eec_start3|g6-upper|r067|fun park,jiaoke_eec_start3,6年级上,6,上,67,fun park,fun park,,,娱乐公园;开心乐园;游乐场,教科版EEC三年级起点六年级上.xlsx
jiaoke_eec_start3|g6-upper|r068|get to,jiaoke_eec_start3,6年级上,6,上,68,get to,get to,,,na. 接触到;开始;〈美口〉收买,教科版EEC三年级起点六年级上.xlsx
jiaoke_eec_start3|g6-upper|r069|miss,jiaoke_eec_start3,6年级上,6,上,69,miss,miss,[mɪs],[mɪs],"n. 女士,小姐,年轻未婚女子 vt. 错过,想念,缺(勤)",教科版EEC三年级起点六年级上.xlsx
jiaoke_eec_start3|g6-upper|r070|should,jiaoke_eec_start3,6年级上,6,上,70,should,should,[ʃəd; ʃʊd],[ʃəd; ʃʊd],aux. 应该;就;可能;将要,教科版EEC三年级起点六年级上.xlsx
jiaoke_eec_start3|g6-upper|r071|cross,jiaoke_eec_start3,6年级上,6,上,71,cross,cross,[krɒs],[krɔːs],"n. 交叉,十字;十字架,十字形物 adj. 交叉的,相反的;乖戾的;生气的 vt. 杂交;渡过;使相交 vi. 交叉;杂交;横过",教科版EEC三年级起点六年级上.xlsx
jiaoke_eec_start3|g6-upper|r072|park,jiaoke_eec_start3,6年级上,6,上,72,park,park,[pɑːk],[pɑːrk],n. 公园;[交] 停车场 vt. 停放;放置;寄存 vi. 停放车辆,教科版EEC三年级起点六年级上.xlsx
jiaoke_eec_start3|g6-upper|r073|ticket office,jiaoke_eec_start3,6年级上,6,上,73,ticket office,ticket office,,,na. 票房,教科版EEC三年级起点六年级上.xlsx
jiaoke_eec_start3|g6-upper|r074|right,jiaoke_eec_start3,6年级上,6,上,74,right,right,[raɪt],[raɪt],n. 正确;右边;正义 adj. 正确的;直接的;右方的 vt. 纠正 adv. 正确地;恰当地;彻底地 vi. 复正;恢复平稳,教科版EEC三年级起点六年级上.xlsx
jiaoke_eec_start3|g6-upper|r075|adult,jiaoke_eec_start3,6年级上,6,上,75,adult,adult,[ˈædʌlt; əˈdʌlt],[əˈdʌlt; ˈædʌlt],n. 成年人 adj. 成年的;成熟的,教科版EEC三年级起点六年级上.xlsx
jiaoke_eec_start3|g6-upper|r076|child,jiaoke_eec_start3,6年级上,6,上,76,child,child,[tʃaɪld],[tʃaɪld],"n. 儿童,小孩,孩子;产物;子孙;幼稚的人;弟子",教科版EEC三年级起点六年级上.xlsx
jiaoke_eec_start3|g6-upper|r077|children,jiaoke_eec_start3,6年级上,6,上,77,children,children,[ˈtʃɪldrən],[ˈtʃɪldrən],n. 孩子们(child的复数),教科版EEC三年级起点六年级上.xlsx
jiaoke_eec_start3|g6-upper|r078|medicine,jiaoke_eec_start3,6年级上,6,上,78,medicine,medicine,[ˈmedsn; ˈmedɪsn],[ˈmedɪsn],n. 药;医学;内科;巫术 vt. 用药物治疗;给...用药,教科版EEC三年级起点六年级上.xlsx
jiaoke_eec_start3|g6-upper|r079|take medicine,jiaoke_eec_start3,6年级上,6,上,79,take medicine,take medicine,,,na. 吃药,教科版EEC三年级起点六年级上.xlsx
jiaoke_eec_start3|g6-upper|r080|bus stop,jiaoke_eec_start3,6年级上,6,上,80,bus stop,bus stop,,,n. 公共汽车停靠站,教科版EEC三年级起点六年级上.xlsx
jiaoke_eec_start3|g6-upper|r081|way,jiaoke_eec_start3,6年级上,6,上,81,way,way,[weɪ],[weɪ],n. 方法;道路;方向;行业;习惯 adj. 途中的 adv. 大大地;远远地,教科版EEC三年级起点六年级上.xlsx
jiaoke_eec_start3|g6-upper|r082|get lost,jiaoke_eec_start3,6年级上,6,上,82,get lost,get lost,,,int. 〈口〉滚开;别烦我 v. 迷路;迷失;陷入...而忽略了...,教科版EEC三年级起点六年级上.xlsx
jiaoke_eec_start3|g6-upper|r083|start,jiaoke_eec_start3,6年级上,6,上,83,start,start,[stɑːt],[stɑːrt],n. 开始;起点 vt. 开始;启动 vi. 出发,教科版EEC三年级起点六年级上.xlsx
jiaoke_eec_start3|g6-upper|r084|across,jiaoke_eec_start3,6年级上,6,上,84,across,across,[əˈkrɒs],[əˈkrɔːs],prep. 穿过;横穿 adv. 横过;在对面,教科版EEC三年级起点六年级上.xlsx
jiaoke_eec_start3|g6-upper|r085|turn,jiaoke_eec_start3,6年级上,6,上,85,turn,turn,[tɜːn],[tɜːrn],"n. 转弯;变化;(损害或有益于别人的)行为,举动,举止 vi. 转向;转变;转动 vt. 转动,使旋转;转弯;翻过来;兑换",教科版EEC三年级起点六年级上.xlsx
jiaoke_eec_start3|g6-upper|r086|fruit,jiaoke_eec_start3,6年级上,6,上,86,fruit,fruit,[fruːt],[fruːt],n. 水果;产物 vt. 使......结果实 vi. 结果实,教科版EEC三年级起点六年级上.xlsx
jiaoke_eec_start3|g6-upper|r087|keep,jiaoke_eec_start3,6年级上,6,上,87,keep,keep,[kiːp],[kiːp],vt. 保持;经营;遵守;饲养 vi. 保持;继续不断 n. 保持;生计;生活费,教科版EEC三年级起点六年级上.xlsx
jiaoke_eec_start3|g6-upper|r088|outside,jiaoke_eec_start3,6年级上,6,上,88,outside,outside,[ˌaʊtˈsaɪd],[ˌaʊtˈsaɪd],"adj. 外面的,外部的;外来的 n. 外部;外观 adv. 在外面,向外面;在室外 prep. 在...范围之外",教科版EEC三年级起点六年级上.xlsx
jiaoke_eec_start3|g6-upper|r089|early,jiaoke_eec_start3,6年级上,6,上,89,early,early,[ˈɜːli],[ˈɜːrli],adj. 早期的;早熟的 adv. 提早;在初期,教科版EEC三年级起点六年级上.xlsx
jiaoke_eec_start3|g6-upper|r090|cm,jiaoke_eec_start3,6年级上,6,上,90,cm,cm,,,abbr. 厘米(centimeter);普通格律(common meter);军事法庭(court-martial),教科版EEC三年级起点六年级上.xlsx
jiaoke_eec_start3|g6-upper|r091|centimeter,jiaoke_eec_start3,6年级上,6,上,91,centimeter,centimeter,[ˈsentɪmiːtə(r)],[ˈsentɪmiːtər],n. [计量] 厘米;[计量] 公分,教科版EEC三年级起点六年级上.xlsx
jiaoke_eec_start3|g6-upper|r092|than,jiaoke_eec_start3,6年级上,6,上,92,than,than,[ðən; ðæn],[ðən; ðæn],conj. 比(用于形容词、副词的比较级之后);除...外(用于other等之后);与其...(用于 rather等之后);一...就(用于 no sooner等之后) prep. 比;超过,教科版EEC三年级起点六年级上.xlsx
jiaoke_eec_start3|g6-upper|r093|taller,jiaoke_eec_start3,6年级上,6,上,93,taller,taller,['tɔ:lə(r)],[ˈtɔːlər],adj. 更高的;高一点的,教科版EEC三年级起点六年级上.xlsx
jiaoke_eec_start3|g6-upper|r094|tallest,jiaoke_eec_start3,6年级上,6,上,94,tallest,tallest,[tɔlɪst],[tɔːlɪst],adj. 最高的,教科版EEC三年级起点六年级上.xlsx
jiaoke_eec_start3|g6-upper|r095|enough,jiaoke_eec_start3,6年级上,6,上,95,enough,enough,[ɪˈnʌf],[ɪˈnʌf],"n. 很多;充足 adj. 充足的 adv. 足够地,充足地 int. 够了!",教科版EEC三年级起点六年级上.xlsx
jiaoke_eec_start3|g6-upper|r096|had better,jiaoke_eec_start3,6年级上,6,上,96,had better,had better,,,na. 最好;最好...,教科版EEC三年级起点六年级上.xlsx
jiaoke_eec_start3|g6-upper|r097|aboard,jiaoke_eec_start3,6年级上,6,上,97,aboard,aboard,[əˈbɔːd],[əˈbɔːrd],prep. 在...上 adv. 在飞机上;[船] 在船上;在火车上,教科版EEC三年级起点六年级上.xlsx
jiaoke_eec_start3|g6-upper|r098|take ... out of ...,jiaoke_eec_start3,6年级上,6,上,98,take ... out of ...,take ... out of ...,,,na. 除去;要赔偿;报仇,教科版EEC三年级起点六年级上.xlsx
jiaoke_eec_start3|g6-upper|r099|coin,jiaoke_eec_start3,6年级上,6,上,99,coin,coin,[kɔɪn],[kɔɪn],"n. 硬币,钱币 vt. 铸造(货币);杜撰,创造",教科版EEC三年级起点六年级上.xlsx
jiaoke_eec_start3|g6-upper|r100|young,jiaoke_eec_start3,6年级上,6,上,100,young,young,[jʌŋ],[jʌŋ],"n. 年轻人;(动物的)崽,仔 adj. 年轻的;初期的;没有经验的",教科版EEC三年级起点六年级上.xlsx
jiaoke_eec_start3|g6-upper|r101|younger,jiaoke_eec_start3,6年级上,6,上,101,younger,younger,['jʌŋɡə],[ˈjʌŋɡər],n. 年纪较小者;幼辈 adj. 较年轻的,教科版EEC三年级起点六年级上.xlsx
jiaoke_eec_start3|g6-upper|r102|older,jiaoke_eec_start3,6年级上,6,上,102,older,older,['əʊldə],[ˈoʊldər],adj. 年长的;较旧的,教科版EEC三年级起点六年级上.xlsx
jiaoke_eec_start3|g6-upper|r103|soup,jiaoke_eec_start3,6年级上,6,上,103,soup,soup,[suːp],[suːp],"n. 汤,羹;马力 vt. 加速;增加马力",教科版EEC三年级起点六年级上.xlsx
jiaoke_eec_start3|g6-upper|r104|still,jiaoke_eec_start3,6年级上,6,上,104,still,still,[stɪl],[stɪl],"conj. 仍然;但是;尽管如此 n. 寂静;剧照;蒸馏室 adj. 静止的,不动的;寂静的,平静的;不起泡的 adv. 仍然;更;静止地 vt. 蒸馏;使...静止;使...平静下来 vi. 静止;平静;蒸馏",教科版EEC三年级起点六年级上.xlsx
jiaoke_eec_start3|g6-upper|r105|rule,jiaoke_eec_start3,6年级上,6,上,105,rule,rule,[ruːl],[ruːl],n. 统治;规则 vt. 统治;规定;管理;裁决;支配 vi. 统治;管辖;裁定,教科版EEC三年级起点六年级上.xlsx
jiaoke_eec_start3|g6-upper|r106|over,jiaoke_eec_start3,6年级上,6,上,106,over,over,[ˈəʊvə(r)],[ˈoʊvər],adv. 结束;越过;从头到尾 prep. 越过;在...之上;遍于...之上 adj. 结束的;上面的 vt. 越过,教科版EEC三年级起点六年级上.xlsx
jiaoke_eec_start3|g6-upper|r107|as,jiaoke_eec_start3,6年级上,6,上,107,as,as,[əz],[əz; æz],conj. 因为;随着;虽然;依照;当...时 prep. 如同;当作;以...的身份 adv. 同样地;和...一样的,教科版EEC三年级起点六年级上.xlsx
jiaoke_eec_start3|g6-upper|r108|safari park,jiaoke_eec_start3,6年级上,6,上,108,safari park,safari park,,,n. 【旅】野生动物园,教科版EEC三年级起点六年级上.xlsx
jiaoke_eec_start3|g6-upper|r109|shall,jiaoke_eec_start3,6年级上,6,上,109,shall,shall,[ʃəl; ʃæl],[ʃəl; ʃæl],aux. 应;会;将;必须,教科版EEC三年级起点六年级上.xlsx
jiaoke_eec_start3|g6-upper|r110|shall we ...?,jiaoke_eec_start3,6年级上,6,上,110,Shall we ...?,shall we ...?,,,我们...好吗;我们去...好吗;要这样吗,教科版EEC三年级起点六年级上.xlsx
jiaoke_eec_start3|g6-upper|r111|be interested in,jiaoke_eec_start3,6年级上,6,上,111,be interested in,be interested in,,,v. 对...感兴趣,教科版EEC三年级起点六年级上.xlsx
jiaoke_eec_start3|g6-upper|r112|jungle,jiaoke_eec_start3,6年级上,6,上,112,jungle,jungle,[ˈdʒʌŋɡ(ə)l],[ˈdʒʌŋɡl],"n. 丛林,密林;危险地带 adj. 丛林的;蛮荒的",教科版EEC三年级起点六年级上.xlsx
jiaoke_eec_start3|g6-upper|r113|life,jiaoke_eec_start3,6年级上,6,上,113,life,life,[laɪf],[laɪf],"n. 生活,生存;寿命",教科版EEC三年级起点六年级上.xlsx
jiaoke_eec_start3|g6-upper|r114|be afraid of,jiaoke_eec_start3,6年级上,6,上,114,be afraid of,be afraid of,,,na. 怕,教科版EEC三年级起点六年级上.xlsx
jiaoke_eec_start3|g6-upper|r115|anytime,jiaoke_eec_start3,6年级上,6,上,115,anytime,anytime,[ˈenɪtaɪm],[ˈeniˌtaɪm],adv. 任何时候;无例外地,教科版EEC三年级起点六年级上.xlsx
jiaoke_eec_start3|g6-upper|r116|missing,jiaoke_eec_start3,6年级上,6,上,116,missing,missing,[ˈmɪsɪŋ],[ˈmɪsɪŋ],adj. 失踪的;缺少的 v. 错过(miss的ing形式);想念;漏掉,教科版EEC三年级起点六年级上.xlsx
jiaoke_eec_start3|g6-upper|r117|everywhere,jiaoke_eec_start3,6年级上,6,上,117,everywhere,everywhere,[ˈevriweə(r)],[ˈevriwer],n. 每个地方 adv. 到处,教科版EEC三年级起点六年级上.xlsx
jiaoke_eec_start3|g6-upper|r118|have got to,jiaoke_eec_start3,6年级上,6,上,118,have got to,have got to,,,v. 必须,教科版EEC三年级起点六年级上.xlsx
jiaoke_eec_start3|g6-upper|r119|woman,jiaoke_eec_start3,6年级上,6,上,119,woman,woman,[ˈwʊmən],[ˈwʊmən],n. 妇女;女性;成年女子,教科版EEC三年级起点六年级上.xlsx
jiaoke_eec_start3|g6-upper|r120|policewoman,jiaoke_eec_start3,6年级上,6,上,120,policewoman,policewoman,[pəˈliːswʊmən],[pəˈliːswʊmən],n. 女警察;女警官,教科版EEC三年级起点六年级上.xlsx
jiaoke_eec_start3|g6-upper|r121|ask,jiaoke_eec_start3,6年级上,6,上,121,ask,ask,[ɑːsk],[æsk],"vt. 问,询问;要求;需要;邀请;讨价 vi. 问,询问;要求",教科版EEC三年级起点六年级上.xlsx
jiaoke_eec_start3|g6-upper|r122|book fair,jiaoke_eec_start3,6年级上,6,上,122,book fair,book fair,,,n. 书展,教科版EEC三年级起点六年级上.xlsx
jiaoke_eec_start3|g6-upper|r123|history,jiaoke_eec_start3,6年级上,6,上,123,history,history,[ˈhɪst(ə)ri],[ˈhɪstri],"n. 历史,历史学;历史记录;来历",教科版EEC三年级起点六年级上.xlsx
jiaoke_eec_start3|g6-upper|r124|concert,jiaoke_eec_start3,6年级上,6,上,124,concert,concert,[ˈkɒnsət],[ˈkɑːnsərt],n. 音乐会;一致;和谐 adj. 音乐会用的;在音乐会上演出的 vt. 使协调;协同安排 vi. 协调;协力,教科版EEC三年级起点六年级上.xlsx
jiaoke_eec_start3|g6-upper|r125|ambulance,jiaoke_eec_start3,6年级上,6,上,125,ambulance,ambulance,[ˈæmbjələns],[ˈæmbjələns],n. [车辆][医] 救护车;战时流动医院,教科版EEC三年级起点六年级上.xlsx
jiaoke_eec_start3|g6-upper|r126|get out of,jiaoke_eec_start3,6年级上,6,上,126,get out of,get out of,,,na. 逐渐放弃(恶习);避免;由...出来;拔出,教科版EEC三年级起点六年级上.xlsx
jiaoke_eec_start3|g6-upper|r127|call,jiaoke_eec_start3,6年级上,6,上,127,call,call,[kɔːl],[kɔːl],n. 电话;呼叫;要求;访问 vi. 呼叫;拜访;叫牌 vt. 呼叫;称呼;召集,教科版EEC三年级起点六年级上.xlsx
jiaoke_eec_start3|g6-upper|r128|tour,jiaoke_eec_start3,6年级上,6,上,128,tour,tour,[tʊə(r)],[tʊr],"n. 旅游,旅行;巡回演出 vt. 旅行,在......旅游;在......作巡回演出 vi. 旅行,旅游;作巡回演出",教科版EEC三年级起点六年级上.xlsx
jiaoke_eec_start3|g6-upper|r129|over,jiaoke_eec_start3,6年级上,6,上,129,over,over,[ˈəʊvə(r)],[ˈoʊvər],adv. 结束;越过;从头到尾 prep. 越过;在...之上;遍于...之上 adj. 结束的;上面的 vt. 越过,教科版EEC三年级起点六年级上.xlsx
jiaoke_eec_start3|g6-upper|r130|a few,jiaoke_eec_start3,6年级上,6,上,130,a few,a few,,,na. 几个;〔反语〕很多;〈俚〉一点点,教科版EEC三年级起点六年级上.xlsx
jiaoke_eec_start3|g6-upper|r131|later,jiaoke_eec_start3,6年级上,6,上,131,later,later,[ˈleɪtə(r)],[ˈleɪtər],adv. 后来;稍后;随后 adj. 更迟的;更后的,教科版EEC三年级起点六年级上.xlsx
jiaoke_eec_start3|g6-upper|r132|die,jiaoke_eec_start3,6年级上,6,上,132,die,die,[daɪ],[daɪ],"n. 冲模,钢模;骰子 vi. 死亡;凋零;熄灭 vt. 死,死于...",教科版EEC三年级起点六年级上.xlsx
jiaoke_eec_start3|g6-upper|r133|water,jiaoke_eec_start3,6年级上,6,上,133,water,water,[ˈwɔːtə(r)],[ˈwɔːtər],"n. 水;海水;雨水;海域,大片的水 vt. 使湿;供以水;给...浇水 vi. 加水;流泪;流口水",教科版EEC三年级起点六年级上.xlsx
jiaoke_eec_start3|g6-upper|r134|son,jiaoke_eec_start3,6年级上,6,上,134,son,son,[sʌn],[sʌn],n. 儿子;孩子(对年轻人的称呼);男性后裔,教科版EEC三年级起点六年级上.xlsx
jiaoke_eec_start3|g6-upper|r135|half,jiaoke_eec_start3,6年级上,6,上,135,half,half,[hɑːf],[hæf],n. 一半;半场;半学年 adj. 一半的;不完全的;半途的 adv. 一半地;部分地,教科版EEC三年级起点六年级上.xlsx
jiaoke_eec_start3|g6-upper|r136|hour,jiaoke_eec_start3,6年级上,6,上,136,hour,hour,[ˈaʊə(r)],[ˈaʊər],n. 小时;钟头;课时;...点钟,教科版EEC三年级起点六年级上.xlsx
jiaoke_eec_start3|g6-upper|r137|ago,jiaoke_eec_start3,6年级上,6,上,137,ago,ago,[əˈɡəʊ],[əˈɡoʊ],"adj. 以前的;过去的 adv. 以前,以往",教科版EEC三年级起点六年级上.xlsx
jiaoke_eec_start3|g6-upper|r138|hair,jiaoke_eec_start3,6年级上,6,上,138,hair,hair,[heə(r)],[her],n. 头发;毛发;些微 adj. 毛发的;护理毛发的;用毛发制成的 vt. 除去...的毛发 vi. 生长毛发;形成毛状纤维,教科版EEC三年级起点六年级上.xlsx
jiaoke_eec_start3|g6-upper|r139|brown,jiaoke_eec_start3,6年级上,6,上,139,brown,brown,[braʊn],[braʊn],"n. 褐色,棕色 adj. 棕色的,褐色的;太阳晒黑的 vt. 使变成褐色 vi. 变成褐色",教科版EEC三年级起点六年级上.xlsx
jiaoke_eec_start3|g6-upper|r140|as tall as,jiaoke_eec_start3,6年级上,6,上,140,as tall as,as tall as,,,和......一样高;高达;与......一样高,教科版EEC三年级起点六年级上.xlsx
jiaoke_eec_start3|g6-upper|r141|clown,jiaoke_eec_start3,6年级上,6,上,141,clown,clown,[klaʊn],[klaʊn],n. 小丑;乡下人;粗鲁笨拙的人 vi. 扮小丑;装傻,教科版EEC三年级起点六年级上.xlsx
jiaoke_eec_start3|g6-upper|r142|pink,jiaoke_eec_start3,6年级上,6,上,142,pink,pink,[pɪŋk],[pɪŋk],"n. 粉红色;化身,典范;石竹花;头面人物 adj. 粉红的;比较激进的;石竹科的;脸色发红的 vt. 扎,刺,戳;使...变粉红色;使...面红耳赤 vi. 变粉红色",教科版EEC三年级起点六年级上.xlsx
jiaoke_eec_start3|g6-upper|r143|blond,jiaoke_eec_start3,6年级上,6,上,143,blond,blond,[blɒnd],[blɑːnd],adj. 金发的 n. 白肤碧眼金发的人,教科版EEC三年级起点六年级上.xlsx
jiaoke_eec_start3|g6-upper|r144|as old as,jiaoke_eec_start3,6年级上,6,上,144,as old as,as old as,,,年龄一样;和......年龄一样;与某人年龄一样,教科版EEC三年级起点六年级上.xlsx
jiaoke_eec_start3|g6-upper|r145|as big as,jiaoke_eec_start3,6年级上,6,上,145,as big as,as big as,,,conj.和...一样大,教科版EEC三年级起点六年级上.xlsx
jiaoke_eec_start3|g6-upper|r146|vest,jiaoke_eec_start3,6年级上,6,上,146,vest,vest,[vest],[vest],n. 背心;汗衫 vt. 授予;使穿衣 vi. 归属;穿衣服,教科版EEC三年级起点六年级上.xlsx
jiaoke_eec_start3|g6-upper|r147|question,jiaoke_eec_start3,6年级上,6,上,147,question,question,[ˈkwestʃən],[ˈkwestʃən],"n. 问题,疑问;询问;疑问句 vt. 询问;怀疑;审问 vi. 询问;怀疑;审问",教科版EEC三年级起点六年级上.xlsx
jiaoke_eec_start3|g6-upper|r148|shout,jiaoke_eec_start3,6年级上,6,上,148,shout,shout,[ʃaʊt],[ʃaʊt],n. 呼喊;呼叫 vi. 呼喊;喊叫;大声说 vt. 呼喊;大声说,教科版EEC三年级起点六年级上.xlsx
jiaoke_eec_start3|g6-upper|r149|daughter,jiaoke_eec_start3,6年级上,6,上,149,daughter,daughter,[ˈdɔːtə(r)],[ˈdɔːtər],n. 女儿;[遗][农学] 子代 adj. 女儿的;子代的,教科版EEC三年级起点六年级上.xlsx
jiaoke_eec_start3|g6-upper|r150|heavy,jiaoke_eec_start3,6年级上,6,上,150,heavy,heavy,[ˈhevi],[ˈhevi],"n. 重物;严肃角色 adj. 沉重的;繁重的,巨大的;拥挤的;阴沉的 adv. 大量地;笨重地",教科版EEC三年级起点六年级上.xlsx
jiaoke_eec_start3|g6-upper|r151|heavier,jiaoke_eec_start3,6年级上,6,上,151,heavier,heavier,['hevɪə],[ˈhevɪərðənˈer],adj. 沉重的;巨大的,教科版EEC三年级起点六年级上.xlsx
jiaoke_eec_start3|g6-upper|r152|fur,jiaoke_eec_start3,6年级上,6,上,152,fur,fur,[fɜː(r)],[fɜːr],"n. 皮,皮子;毛皮;软毛 n. 水垢 vt. 用毛皮覆盖;使穿毛皮服装",教科版EEC三年级起点六年级上.xlsx
jiaoke_eec_start3|g6-upper|r153|tail,jiaoke_eec_start3,6年级上,6,上,153,tail,tail,[teɪl],[teɪl],n. 尾巴;踪迹;辫子;燕尾服 adj. 从后面而来的;尾部的 vt. 尾随;装上尾巴 vi. 跟踪;变少或缩小,教科版EEC三年级起点六年级上.xlsx
jiaoke_eec_start3|g6-upper|r154|mouse,jiaoke_eec_start3,6年级上,6,上,154,mouse,mouse,[maʊs],[maʊs],n. 鼠标;老鼠;胆小羞怯的人 vt. 探出 vi. 捕鼠;窥探,教科版EEC三年级起点六年级上.xlsx
jiaoke_eec_start3|g6-lower|r002|talent show,jiaoke_eec_start3,6年级下,6,下,2,talent show,talent show,,,"n. 业余歌手演唱会; 选秀节目,选秀比赛",教科版EEC三年级起点六年级下.xlsx
jiaoke_eec_start3|g6-lower|r003|something,jiaoke_eec_start3,6年级下,6,下,3,something,something,[ˈsʌmθɪŋ],[ˈsʌmθɪŋ],n. 重要的人;值得重视的事 adj. 大约;有点象 adv. 非常;有点;大约 pron. 某事;某物,教科版EEC三年级起点六年级下.xlsx
jiaoke_eec_start3|g6-lower|r004|guitar,jiaoke_eec_start3,6年级下,6,下,4,guitar,guitar,[ɡɪˈtɑː(r)],[ɡɪˈtɑːr],"n. 吉他,六弦琴 vi. 弹吉他",教科版EEC三年级起点六年级下.xlsx
jiaoke_eec_start3|g6-lower|r005|participate,jiaoke_eec_start3,6年级下,6,下,5,participate,participate,[pɑːˈtɪsɪpeɪt],[pɑːrˈtɪsɪpeɪt],"vi. 参与,参加;分享 vt. 分享;分担 [ 过去式participated 过去分词participated 现在分词participating ]",教科版EEC三年级起点六年级下.xlsx
jiaoke_eec_start3|g6-lower|r006|myself,jiaoke_eec_start3,6年级下,6,下,6,myself,myself,[maɪˈself],[maɪˈself],pron. 我自己;我亲自;我的正常的健康状况和正常情绪,教科版EEC三年级起点六年级下.xlsx
jiaoke_eec_start3|g6-lower|r007|by myself,jiaoke_eec_start3,6年级下,6,下,7,by myself,by myself,,,na. 我独自地;独力地,教科版EEC三年级起点六年级下.xlsx
jiaoke_eec_start3|g6-lower|r008|drum,jiaoke_eec_start3,6年级下,6,下,8,drum,drum,[drʌm],[drʌm],n. 鼓;鼓声 vi. 击鼓;大力争取 vt. 击鼓;大力争取,教科版EEC三年级起点六年级下.xlsx
jiaoke_eec_start3|g6-lower|r009|band,jiaoke_eec_start3,6年级下,6,下,9,band,band,[bænd],[bænd],"n. 带,环;[物] 波段;(演奏流行音乐的) 乐队 n. n.乐队;队;一群 vi. 用带绑扎;给...镶边",教科版EEC三年级起点六年级下.xlsx
jiaoke_eec_start3|g6-lower|r010|singer,jiaoke_eec_start3,6年级下,6,下,10,singer,singer,[ˈsɪŋə(r)],[ˈsɪŋər],"n. 歌手,歌唱家",教科版EEC三年级起点六年级下.xlsx
jiaoke_eec_start3|g6-lower|r011|perfect,jiaoke_eec_start3,6年级下,6,下,11,perfect,perfect,[ˈpɜːfɪkt],[ˈpɜːrfɪkt],n. 完成式 adj. 完美的;最好的;精通的 vt. 使完美;使熟练,教科版EEC三年级起点六年级下.xlsx
jiaoke_eec_start3|g6-lower|r012|timing,jiaoke_eec_start3,6年级下,6,下,12,timing,timing,[ˈtaɪmɪŋ],[ˈtaɪmɪŋ],n. 定时;调速;时间选择 v. 为...安排时间;测定...的时间(time的ing形式),教科版EEC三年级起点六年级下.xlsx
jiaoke_eec_start3|g6-lower|r013|runner,jiaoke_eec_start3,6年级下,6,下,13,runner,runner,[ˈrʌnə(r)],[ˈrʌnər],n. 跑步者;走私者;推销员;送信人,教科版EEC三年级起点六年级下.xlsx
jiaoke_eec_start3|g6-lower|r014|fastest,jiaoke_eec_start3,6年级下,6,下,14,fastest,fastest,[fɑ:stɪst],[fæstɪst],adj. 最快速的(fast 的最高级),教科版EEC三年级起点六年级下.xlsx
jiaoke_eec_start3|g6-lower|r015|herself,jiaoke_eec_start3,6年级下,6,下,15,herself,herself,[hɜːˈself],[hɜːrˈself; hərˈself],pron. 她自己(she的反身代词);她亲自,教科版EEC三年级起点六年级下.xlsx
jiaoke_eec_start3|g6-lower|r016|song,jiaoke_eec_start3,6年级下,6,下,16,song,song,[sɒŋ],[sɔŋ],n. 歌曲;歌唱;诗歌;鸣声,教科版EEC三年级起点六年级下.xlsx
jiaoke_eec_start3|g6-lower|r017|pianist,jiaoke_eec_start3,6年级下,6,下,17,pianist,pianist,[ˈpɪənɪst],[ˈpiːənɪst],n. 钢琴家;钢琴演奏者,教科版EEC三年级起点六年级下.xlsx
jiaoke_eec_start3|g6-lower|r018|swimmer,jiaoke_eec_start3,6年级下,6,下,18,swimmer,swimmer,[ˈswɪmə(r)],[ˈswɪmər],n. 游泳者,教科版EEC三年级起点六年级下.xlsx
jiaoke_eec_start3|g6-lower|r019|writer,jiaoke_eec_start3,6年级下,6,下,19,writer,writer,[ˈraɪtə(r)],[ˈraɪtər],n. 作家;作者,教科版EEC三年级起点六年级下.xlsx
jiaoke_eec_start3|g6-lower|r020|agree,jiaoke_eec_start3,6年级下,6,下,20,agree,agree,[əˈɡriː],[əˈɡriː],"vi. vi. 同意,意见一致;约定,商定 vt. 同意,赞成;承认;约定,商定",教科版EEC三年级起点六年级下.xlsx
jiaoke_eec_start3|g6-lower|r021|agree with,jiaoke_eec_start3,6年级下,6,下,21,agree with,agree with,,,na. 适合;赞同;与...一致,教科版EEC三年级起点六年级下.xlsx
jiaoke_eec_start3|g6-lower|r022|bring,jiaoke_eec_start3,6年级下,6,下,22,bring,bring,[brɪŋ],[brɪŋ],vt. 带来;促使;引起;使某人处于某种情况或境地,教科版EEC三年级起点六年级下.xlsx
jiaoke_eec_start3|g6-lower|r023|bring ... back,jiaoke_eec_start3,6年级下,6,下,23,bring ... back,bring ... back,,,na. 送回;使恢复;使回忆起,教科版EEC三年级起点六年级下.xlsx
jiaoke_eec_start3|g6-lower|r024|party,jiaoke_eec_start3,6年级下,6,下,24,party,party,[ˈpɑːti],[ˈpɑːrti],"n. 政党,党派;聚会,派对;当事人 [复数 parties] vi. 参加社交聚会 [ 过去式 partied 过去分词 partied 现在分词 partying ]",教科版EEC三年级起点六年级下.xlsx
jiaoke_eec_start3|g6-lower|r025|prepare,jiaoke_eec_start3,6年级下,6,下,25,prepare,prepare,[prɪˈpeə(r)],[prɪˈper],vt. 准备;使适合;装备;起草 vi. 预备;做好思想准备,教科版EEC三年级起点六年级下.xlsx
jiaoke_eec_start3|g6-lower|r026|prepare for,jiaoke_eec_start3,6年级下,6,下,26,prepare for,prepare for,,,准备;为...作准备;为...做准备,教科版EEC三年级起点六年级下.xlsx
jiaoke_eec_start3|g6-lower|r027|test,jiaoke_eec_start3,6年级下,6,下,27,test,test,[test],[test],n. 试验;检验 vt. 试验;测试 vi. 试验;测试,教科版EEC三年级起点六年级下.xlsx
jiaoke_eec_start3|g6-lower|r028|pack,jiaoke_eec_start3,6年级下,6,下,28,pack,pack,[pæk],[pæk],n. 包装;一群;背包;包裹;一副 vt. 包装;压紧;捆扎;挑选;塞满 vi. 挤;包装货物;被包装;群集,教科版EEC三年级起点六年级下.xlsx
jiaoke_eec_start3|g6-lower|r029|drummer,jiaoke_eec_start3,6年级下,6,下,29,drummer,drummer,[ˈdrʌmə(r)],[ˈdrʌmər],n. 鼓手;旅行推销员;跑街,教科版EEC三年级起点六年级下.xlsx
jiaoke_eec_start3|g6-lower|r030|chocolate,jiaoke_eec_start3,6年级下,6,下,30,chocolate,chocolate,[ˈtʃɒklət],[ˈtʃɔːklət],"n. 巧克力,巧克力糖;巧克力色 adj. 巧克力色的;巧克力口味的",教科版EEC三年级起点六年级下.xlsx
jiaoke_eec_start3|g6-lower|r031|cookie,jiaoke_eec_start3,6年级下,6,下,31,cookie,cookie,[ˈkʊki],[ˈkʊki],n. 饼干;小甜点,教科版EEC三年级起点六年级下.xlsx
jiaoke_eec_start3|g6-lower|r032|too ... to ...,jiaoke_eec_start3,6年级下,6,下,32,too ... to ...,too ... to ...,,,太......而不能;太......以致不能;用法,教科版EEC三年级起点六年级下.xlsx
jiaoke_eec_start3|g6-lower|r033|phone,jiaoke_eec_start3,6年级下,6,下,33,phone,phone,[fəʊn],[foʊn],"n. 电话;耳机,听筒 vt. 打电话 vi. 打电话",教科版EEC三年级起点六年级下.xlsx
jiaoke_eec_start3|g6-lower|r034|dance,jiaoke_eec_start3,6年级下,6,下,34,dance,dance,[dɑːns],[dæns],n. 舞蹈;舞会;舞曲 adj. 舞蹈的;用于跳舞的 vt. 跳舞;使跳跃 vi. 跳舞;跳跃;飘扬,教科版EEC三年级起点六年级下.xlsx
jiaoke_eec_start3|g6-lower|r035|our,jiaoke_eec_start3,6年级下,6,下,35,our,our,[ɑː(r)],[ɑːr],pron. 我们的,教科版EEC三年级起点六年级下.xlsx
jiaoke_eec_start3|g6-lower|r036|have to,jiaoke_eec_start3,6年级下,6,下,36,have to,have to,[ˈhæv tu],[ˈhæv tə; ˈhæf tə],modalv. 不得不;必须;劝告或建议时用;表示一定真实或肯定发生 v. 不得不;必须;一定;应当,教科版EEC三年级起点六年级下.xlsx
jiaoke_eec_start3|g6-lower|r037|turn,jiaoke_eec_start3,6年级下,6,下,37,turn,turn,[tɜːn],[tɜːrn],"n. 转弯;变化;(损害或有益于别人的)行为,举动,举止 vi. 转向;转变;转动 vt. 转动,使旋转;转弯;翻过来;兑换",教科版EEC三年级起点六年级下.xlsx
jiaoke_eec_start3|g6-lower|r038|winner,jiaoke_eec_start3,6年级下,6,下,38,winner,winner,[ˈwɪnə(r)],[ˈwɪnər],n. 胜利者,教科版EEC三年级起点六年级下.xlsx
jiaoke_eec_start3|g6-lower|r039|give ... a big hand,jiaoke_eec_start3,6年级下,6,下,39,give ... a big hand,give ... a big hand,,,以热烈的掌声鼓励某人,教科版EEC三年级起点六年级下.xlsx
jiaoke_eec_start3|g6-lower|r040|congratulations,jiaoke_eec_start3,6年级下,6,下,40,congratulations,congratulations,[kənˌgrætjʊˈleɪʃənz],[kənˌɡrætʃəˈleɪʃənz],n. 祝贺;恭喜;贺词(congratulation的复数形式),教科版EEC三年级起点六年级下.xlsx
jiaoke_eec_start3|g6-lower|r041|won,jiaoke_eec_start3,6年级下,6,下,41,won,won,[wʌn],[wʌn],vt. 赢得(win的过去式和过去分词),教科版EEC三年级起点六年级下.xlsx
jiaoke_eec_start3|g6-lower|r042|prize,jiaoke_eec_start3,6年级下,6,下,42,prize,prize,[praɪz],[praɪz],n. 奖品;奖赏;战利品 adj. 获奖的 vt. 珍视;捕获;估价,教科版EEC三年级起点六年级下.xlsx
jiaoke_eec_start3|g6-lower|r043|made,jiaoke_eec_start3,6年级下,6,下,43,made,made,[meɪd],[meɪd],"adj. 成功的;创造的 v. 做,使,安排(make的过去式和过去分词)",教科版EEC三年级起点六年级下.xlsx
jiaoke_eec_start3|g6-lower|r044|make,jiaoke_eec_start3,6年级下,6,下,44,make,make,[meɪk],[meɪk],"vt. 使得;进行;布置,准备,整理;制造;认为;获得;形成;安排;引起;构成 vi. 开始;前进;增大;被制造 n. 制造;构造;性情",教科版EEC三年级起点六年级下.xlsx
jiaoke_eec_start3|g6-lower|r045|mistake,jiaoke_eec_start3,6年级下,6,下,45,mistake,mistake,[mɪˈsteɪk],[mɪˈsteɪk],n. 错误;误会;过失 vt. 弄错;误解 vi. 弄错;误解,教科版EEC三年级起点六年级下.xlsx
jiaoke_eec_start3|g6-lower|r046|next time,jiaoke_eec_start3,6年级下,6,下,46,next time,next time,,,adv. 下一次,教科版EEC三年级起点六年级下.xlsx
jiaoke_eec_start3|g6-lower|r047|look down,jiaoke_eec_start3,6年级下,6,下,47,look down,look down,,,na. 看下面;蔑视;跌价,教科版EEC三年级起点六年级下.xlsx
jiaoke_eec_start3|g6-lower|r048|terrible,jiaoke_eec_start3,6年级下,6,下,48,terrible,terrible,[ˈterəb(ə)l],[ˈterəbl],"adj. 可怕的;很糟的;令人讨厌的 adv. 很,非常",教科版EEC三年级起点六年级下.xlsx
jiaoke_eec_start3|g6-lower|r049|do one's best,jiaoke_eec_start3,6年级下,6,下,49,do one's best,do one's best,,,na. 竭尽所能;尽力,教科版EEC三年级起点六年级下.xlsx
jiaoke_eec_start3|g6-lower|r050|proud of,jiaoke_eec_start3,6年级下,6,下,50,proud of,proud of,,,骄傲;自豪的;为...而自豪,教科版EEC三年级起点六年级下.xlsx
jiaoke_eec_start3|g6-lower|r051|guy,jiaoke_eec_start3,6年级下,6,下,51,guy,guy,[ɡaɪ],[ɡaɪ],"n. 男人,家伙 vt. 嘲弄,取笑 vi. 逃跑",教科版EEC三年级起点六年级下.xlsx
jiaoke_eec_start3|g6-lower|r052|champion,jiaoke_eec_start3,6年级下,6,下,52,champion,champion,[ˈtʃæmpiən],[ˈtʃæmpiən],n. 冠军;拥护者;战士 adj. 优胜的;第一流的 vt. 支持;拥护,教科版EEC三年级起点六年级下.xlsx
jiaoke_eec_start3|g6-lower|r053|race,jiaoke_eec_start3,6年级下,6,下,53,race,race,[reɪs],[reɪs],"n. 属,种;种族,人种;家庭,门第 vt. 使参加比赛;和...竞赛;使急走,使全速行进 vi. 比速度,参加竞赛;全速行进",教科版EEC三年级起点六年级下.xlsx
jiaoke_eec_start3|g6-lower|r054|contest,jiaoke_eec_start3,6年级下,6,下,54,contest,contest,[ˈkɒntest],[ˈkɑːntest],n. 竞赛;争夺;争论 vt. 争辩;质疑 vi. 竞争;争辩,教科版EEC三年级起点六年级下.xlsx
jiaoke_eec_start3|g6-lower|r055|everybody,jiaoke_eec_start3,6年级下,6,下,55,everybody,everybody,[ˈevribɒdi],[ˈevribɑːdi; ˈevribʌdi],pron. 每个人;人人,教科版EEC三年级起点六年级下.xlsx
jiaoke_eec_start3|g6-lower|r056|turn up,jiaoke_eec_start3,6年级下,6,下,56,turn up,turn up,[ˈtɜːn ʌp],[ˈtɜːrn ʌp],v. 朝上翻;出现,教科版EEC三年级起点六年级下.xlsx
jiaoke_eec_start3|g6-lower|r057|volume,jiaoke_eec_start3,6年级下,6,下,57,volume,volume,[ˈvɒljuːm],[ˈvɑːljuːmˌˈvɑːljəm],n. 量;体积;卷;音量;大量;册 adj. 大量的 vt. 把...收集成卷 vi. 成团卷起,教科版EEC三年级起点六年级下.xlsx
jiaoke_eec_start3|g6-lower|r058|a quarter,jiaoke_eec_start3,6年级下,6,下,58,a quarter,a quarter,,,四分之一;一刻钟;二十五美分,教科版EEC三年级起点六年级下.xlsx
jiaoke_eec_start3|g6-lower|r059|loud,jiaoke_eec_start3,6年级下,6,下,59,loud,loud,[laʊd],[laʊd],"adj. 大声的,高声的;不断的;喧吵的 adv. 大声地,高声地,响亮地",教科版EEC三年级起点六年级下.xlsx
jiaoke_eec_start3|g6-lower|r060|turn down,jiaoke_eec_start3,6年级下,6,下,60,turn down,turn down,,,na. 翻下(衣领等);扭小(灯火等)拒绝考虑;拒绝(某人),教科版EEC三年级起点六年级下.xlsx
jiaoke_eec_start3|g6-lower|r061|order,jiaoke_eec_start3,6年级下,6,下,61,order,order,[ˈɔːdə(r)],[ˈɔːrdər],n. 命令;顺序;规则;[贸易] 定单 vt. 命令;整理;定购 vi. 命令;定货,教科版EEC三年级起点六年级下.xlsx
jiaoke_eec_start3|g6-lower|r062|could,jiaoke_eec_start3,6年级下,6,下,62,could,could,[kəd],[kəd; kʊd],aux. 能够 v. 能(can的过去式),教科版EEC三年级起点六年级下.xlsx
jiaoke_eec_start3|g6-lower|r063|address,jiaoke_eec_start3,6年级下,6,下,63,address,address,[əˈdres],[əˈdres; ˈædres],n. 地址;演讲;致辞;说话的技巧;称呼 vt. 演说;从事;忙于;写姓名地址;向...致辞;与...说话;提出;处理,教科版EEC三年级起点六年级下.xlsx
jiaoke_eec_start3|g6-lower|r064|road,jiaoke_eec_start3,6年级下,6,下,64,road,road,[rəʊd],[roʊd],"n. 公路,马路;道路;手段 adj. (美)巡回的 vt. (狗)沿臭迹追逐(猎物)",教科版EEC三年级起点六年级下.xlsx
jiaoke_eec_start3|g6-lower|r065|phone number,jiaoke_eec_start3,6年级下,6,下,65,phone number,phone number,[ˈfəʊn nʌmbə(r)],[ˈfəʊn nʌmbər],电话号码;联络电话;联系电话,教科版EEC三年级起点六年级下.xlsx
jiaoke_eec_start3|g6-lower|r066|peach,jiaoke_eec_start3,6年级下,6,下,66,peach,peach,[piːtʃ],[piːtʃ],n. 桃子;桃树;桃红色;受人喜欢的人(或物) adj. 桃色的;用桃子制成的 vt. 告发 vi. 告密,教科版EEC三年级起点六年级下.xlsx
jiaoke_eec_start3|g6-lower|r067|dessert,jiaoke_eec_start3,6年级下,6,下,67,dessert,dessert,[dɪˈzɜːt],[dɪˈzɜːrt],n. 餐后甜点;甜点心,教科版EEC三年级起点六年级下.xlsx
jiaoke_eec_start3|g6-lower|r068|sunshine,jiaoke_eec_start3,6年级下,6,下,68,sunshine,sunshine,[ˈsʌnʃaɪn],[ˈsʌnʃaɪn],n. 阳光;愉快;晴天;快活,教科版EEC三年级起点六年级下.xlsx
jiaoke_eec_start3|g6-lower|r069|steak,jiaoke_eec_start3,6年级下,6,下,69,steak,steak,[steɪk],[steɪk],n. 牛排;肉排;鱼排,教科版EEC三年级起点六年级下.xlsx
jiaoke_eec_start3|g6-lower|r070|central,jiaoke_eec_start3,6年级下,6,下,70,central,central,[ˈsentrəl],[ˈsentrəl],n. 电话总机 adj. 中心的;主要的;中枢的,教科版EEC三年级起点六年级下.xlsx
jiaoke_eec_start3|g6-lower|r071|yummy,jiaoke_eec_start3,6年级下,6,下,71,yummy,yummy,[ˈjʌmi],[ˈjʌmi],n. 美味的东西;令人喜爱的东西 adj. 好吃的;美味的;愉快的,教科版EEC三年级起点六年级下.xlsx
jiaoke_eec_start3|g6-lower|r072|kind,jiaoke_eec_start3,6年级下,6,下,72,kind,kind,[kaɪnd],[kaɪnd],n. 种类;性质 adj. 和蔼的;宽容的;令人感激的,教科版EEC三年级起点六年级下.xlsx
jiaoke_eec_start3|g6-lower|r073|meat,jiaoke_eec_start3,6年级下,6,下,73,meat,meat,[miːt],[miːt],"n. 肉,肉类(食用)",教科版EEC三年级起点六年级下.xlsx
jiaoke_eec_start3|g6-lower|r074|boil,jiaoke_eec_start3,6年级下,6,下,74,boil,boil,[bɔɪl],[bɔɪl],"n. 沸腾,煮沸;疖子 vt. 煮沸,烧开;使...激动;使...蒸发 vi. 煮沸,沸腾;激动,激昂",教科版EEC三年级起点六年级下.xlsx
jiaoke_eec_start3|g6-lower|r075|taste,jiaoke_eec_start3,6年级下,6,下,75,taste,taste,[teɪst],[teɪst],n. 味道;品味;审美 vt. 尝;体验 vi. 尝起来;有...的味道,教科版EEC三年级起点六年级下.xlsx
jiaoke_eec_start3|g6-lower|r076|take your time eating.,jiaoke_eec_start3,6年级下,6,下,76,Take your time eating.,take your time eating.,,,无,教科版EEC三年级起点六年级下.xlsx
jiaoke_eec_start3|g6-lower|r077|bowl,jiaoke_eec_start3,6年级下,6,下,77,bowl,bowl,[bəʊl],[boʊl],n. 碗;木球;大酒杯 vt. 投球;旋转;平稳快速移动 vi. 玩保龄球;滑动;平稳快速移动,教科版EEC三年级起点六年级下.xlsx
jiaoke_eec_start3|g6-lower|r078|any more,jiaoke_eec_start3,6年级下,6,下,78,any more,any more,,,adv. (常用于否定句和疑问句句末)再也(不),教科版EEC三年级起点六年级下.xlsx
jiaoke_eec_start3|g6-lower|r079|grape,jiaoke_eec_start3,6年级下,6,下,79,grape,grape,[ɡreɪp],[ɡreɪp],n. 葡萄;葡萄酒;葡萄树;葡萄色,教科版EEC三年级起点六年级下.xlsx
jiaoke_eec_start3|g6-lower|r080|piece,jiaoke_eec_start3,6年级下,6,下,80,piece,piece,[piːs],[piːs],n. 块;件;篇;硬币 vt. 修补;接合;凑合,教科版EEC三年级起点六年级下.xlsx
jiaoke_eec_start3|g6-lower|r081|slice,jiaoke_eec_start3,6年级下,6,下,81,slice,slice,[slaɪs],[slaɪs],"n. 薄片;部分;菜刀,火铲 vt. 切下;把...分成部分;将...切成薄片 vi. 切开;割破",教科版EEC三年级起点六年级下.xlsx
jiaoke_eec_start3|g6-lower|r082|glass,jiaoke_eec_start3,6年级下,6,下,82,glass,glass,[ɡlɑːs],[ɡlæs],n. 玻璃;玻璃制品;镜子 vt. 反映;给某物加玻璃 vi. 成玻璃状,教科版EEC三年级起点六年级下.xlsx
jiaoke_eec_start3|g6-lower|r083|cup,jiaoke_eec_start3,6年级下,6,下,83,cup,cup,[kʌp],[kʌp],n. 杯子;奖杯;酒杯 vt. 使成杯状;为...拔火罐,教科版EEC三年级起点六年级下.xlsx
jiaoke_eec_start3|g6-lower|r084|tea,jiaoke_eec_start3,6年级下,6,下,84,tea,tea,[tiː],[tiː],n. 茶叶;茶树;茶点 vt. 给...沏茶 vi. 喝茶;进茶点,教科版EEC三年级起点六年级下.xlsx
jiaoke_eec_start3|g6-lower|r085|cheese,jiaoke_eec_start3,6年级下,6,下,85,cheese,cheese,[tʃiːz],[tʃiːz],n. [食品] 奶酪;干酪;要人 adj. 叛变的;胆小的 vt. 停止,教科版EEC三年级起点六年级下.xlsx
jiaoke_eec_start3|g6-lower|r086|vegetable,jiaoke_eec_start3,6年级下,6,下,86,vegetable,vegetable,[ˈvedʒtəb(ə)l],[ˈvedʒtəbl],n. 蔬菜;植物;植物人 adj. 蔬菜的;植物的,教科版EEC三年级起点六年级下.xlsx
jiaoke_eec_start3|g6-lower|r087|filling,jiaoke_eec_start3,6年级下,6,下,87,filling,filling,[ˈfɪlɪŋ],[ˈfɪlɪŋ],n. 填充;填料 v. 填满;遍及(fill的ing形式),教科版EEC三年级起点六年级下.xlsx
jiaoke_eec_start3|g6-lower|r088|parents,jiaoke_eec_start3,6年级下,6,下,88,parents,parents,['peərənts],['perənts],n. 父母;双亲(parent的复数) v. 教养;引起(parent的三单形式),教科版EEC三年级起点六年级下.xlsx
jiaoke_eec_start3|g6-lower|r089|leave,jiaoke_eec_start3,6年级下,6,下,89,leave,leave,[liːv],[liːv],"vt. 离开;留下;遗忘;委托 vi. 离开,出发;留下 n. 许可,同意;休假",教科版EEC三年级起点六年级下.xlsx
jiaoke_eec_start3|g6-lower|r090|left,jiaoke_eec_start3,6年级下,6,下,90,left,left,[left],[left],adj. 左边的;左派的;剩下的 adv. 在左面 n. 左边;左派;激进分子 v. 离开(leave的过去式),教科版EEC三年级起点六年级下.xlsx
jiaoke_eec_start3|g6-lower|r091|miss,jiaoke_eec_start3,6年级下,6,下,91,miss,miss,[mɪs],[mɪs],"n. 女士,小姐,年轻未婚女子 vt. 错过,想念,缺(勤)",教科版EEC三年级起点六年级下.xlsx
jiaoke_eec_start3|g6-lower|r092|everything,jiaoke_eec_start3,6年级下,6,下,92,everything,everything,[ˈevriθɪŋ],[ˈevriθɪŋ],pron. 每件事物;最重要的东西;(有关的)一切;万事,教科版EEC三年级起点六年级下.xlsx
jiaoke_eec_start3|g6-lower|r093|someday,jiaoke_eec_start3,6年级下,6,下,93,someday,someday,[ˈsʌmdeɪ],[ˈsʌmdeɪ],"adv. 有一天,有朝一日",教科版EEC三年级起点六年级下.xlsx
jiaoke_eec_start3|g6-lower|r094|say good-bye,jiaoke_eec_start3,6年级下,6,下,94,say good-bye,say good-bye,,,说再见;道别;告别,教科版EEC三年级起点六年级下.xlsx
jiaoke_eec_start3|g6-lower|r095|other,jiaoke_eec_start3,6年级下,6,下,95,other,other,[ˈʌðə(r)],[ˈʌðər],"adj. 其他的,另外的 pron. 另外一个",教科版EEC三年级起点六年级下.xlsx
jiaoke_eec_start3|g6-lower|r096|keep in touch,jiaoke_eec_start3,6年级下,6,下,96,keep in touch,keep in touch,,,保持联系;保持联络;再联系,教科版EEC三年级起点六年级下.xlsx
jiaoke_eec_start3|g6-lower|r097|letter,jiaoke_eec_start3,6年级下,6,下,97,letter,letter,[ˈletə(r)],[ˈletər],"n. 信;字母,文字;证书;文学,学问;字面意义 vt. 写字母于 vi. 写印刷体字母",教科版EEC三年级起点六年级下.xlsx
jiaoke_eec_start3|g6-lower|r098|almost,jiaoke_eec_start3,6年级下,6,下,98,almost,almost,[ˈɔːlməʊst],[ˈɔːlmoʊst],"adv. 差不多,几乎",教科版EEC三年级起点六年级下.xlsx
jiaoke_eec_start3|g6-lower|r099|zip code,jiaoke_eec_start3,6年级下,6,下,99,zip code,zip code,,,n. 邮政编码;邮编,教科版EEC三年级起点六年级下.xlsx
jiaoke_eec_start3|g6-lower|r100|return,jiaoke_eec_start3,6年级下,6,下,100,return,return,[rɪˈtɜːn],[rɪˈtɜːrn],vi. 返回;报答 adj. 报答的;回程的;返回的 vt. 返回;报答 n. 返回;归还;回球,教科版EEC三年级起点六年级下.xlsx
jiaoke_eec_start3|g6-lower|r101|news,jiaoke_eec_start3,6年级下,6,下,101,news,news,[njuːz],[nuːz],"n. 新闻,消息;新闻报导",教科版EEC三年级起点六年级下.xlsx
jiaoke_eec_start3|g6-lower|r102|calendar,jiaoke_eec_start3,6年级下,6,下,102,calendar,calendar,[ˈkælɪndə(r)],[ˈkælɪndər],n. 日历;[天] 历法;日程表 vt. 将...列入表中;将...排入日程表,教科版EEC三年级起点六年级下.xlsx
jiaoke_eec_start3|g6-lower|r103|each,jiaoke_eec_start3,6年级下,6,下,103,each,each,[iːtʃ],[iːtʃ],adj. 每;各自的 pron. 每个;各自 adv. 每个;各自,教科版EEC三年级起点六年级下.xlsx
jiaoke_eec_start3|g6-lower|r104|merry,jiaoke_eec_start3,6年级下,6,下,104,merry,merry,[ˈmeri],[ˈmeri],adj. 愉快的;微醉的;嬉戏作乐的 n. 甜樱桃,教科版EEC三年级起点六年级下.xlsx
jiaoke_eec_start3|g6-lower|r105|teachers' day,jiaoke_eec_start3,6年级下,6,下,105,Teachers' Day,teachers' day,,,n. 教师节,教科版EEC三年级起点六年级下.xlsx
jiaoke_eec_start3|g6-lower|r106|national day,jiaoke_eec_start3,6年级下,6,下,106,National Day,national day,,,na. 国庆日,教科版EEC三年级起点六年级下.xlsx
jiaoke_eec_start3|g6-lower|r107|labor day,jiaoke_eec_start3,6年级下,6,下,107,Labor Day,labor day,,,n. (美国或加拿大的)劳动节,教科版EEC三年级起点六年级下.xlsx
jiaoke_eec_start3|g6-lower|r108|mail,jiaoke_eec_start3,6年级下,6,下,108,mail,mail,[meɪl],[meɪl],"n. 邮件;邮政,邮递;盔甲 vt. 邮寄;给...穿盔甲 vi. 邮寄;寄出",教科版EEC三年级起点六年级下.xlsx
jiaoke_eec_start3|g6-lower|r109|wrote,jiaoke_eec_start3,6年级下,6,下,109,wrote,wrote,[rəʊt],[roʊt],v. 写(write的过去式),教科版EEC三年级起点六年级下.xlsx
jiaoke_eec_start3|g6-lower|r110|aloud,jiaoke_eec_start3,6年级下,6,下,110,aloud,aloud,[əˈlaʊd],[əˈlaʊd],adv. 大声地;出声地,教科版EEC三年级起点六年级下.xlsx
jiaoke_eec_start3|g6-lower|r111|inside,jiaoke_eec_start3,6年级下,6,下,111,inside,inside,[ˌɪnˈsaɪd],[ˌɪnˈsaɪd],prep. 少于;在...之内 n. 里面;内部;内情;内脏 adj. 里面的;内部的;秘密的 adv. 在里面,教科版EEC三年级起点六年级下.xlsx
jiaoke_eec_start3|g6-lower|r112|envelope,jiaoke_eec_start3,6年级下,6,下,112,envelope,envelope,[ˈenvələʊp],[ˈenvəloʊp; ˈɑːnvəloʊp],"n. 信封,封皮;包膜;[天] 包层;包迹",教科版EEC三年级起点六年级下.xlsx
jiaoke_eec_start3|g6-lower|r113|dear,jiaoke_eec_start3,6年级下,6,下,113,dear,dear,[dɪə(r)],[dɪr],n. 亲爱的人 adj. 亲爱的;尊敬的;昂贵的 adv. 高价地;疼爱地 int. 哎呀,教科版EEC三年级起点六年级下.xlsx
jiaoke_eec_start3|g6-lower|r114|get together,jiaoke_eec_start3,6年级下,6,下,114,get together,get together,,,na. 聚集;集合;汇齐;积累,教科版EEC三年级起点六年级下.xlsx
jiaoke_eec_start3|g6-lower|r115|thanksgiving day,jiaoke_eec_start3,6年级下,6,下,115,Thanksgiving Day,thanksgiving day,,,n. 【节】感恩节;在美国;在加拿大,教科版EEC三年级起点六年级下.xlsx
jiaoke_eec_start3|g6-lower|r116|had,jiaoke_eec_start3,6年级下,6,下,116,had,had,[həd; əd; hæd],[həd; əd; hæd],v. 有;吃;得到(动词have的过去式和过去分词) aux. 已经(用于过去完成时和过去完成进行时),教科版EEC三年级起点六年级下.xlsx
jiaoke_eec_start3|g6-lower|r117|turkey,jiaoke_eec_start3,6年级下,6,下,117,turkey,turkey,[ˈtɜːki],[ˈtɜːrki],n. 土耳其(横跨欧亚两洲的国家),教科版EEC三年级起点六年级下.xlsx
jiaoke_eec_start3|g6-lower|r118|autumn,jiaoke_eec_start3,6年级下,6,下,118,autumn,autumn,[ˈɔːtəm],[ˈɔːtəm; ˈɑːtəm],"n. 秋天;成熟期;渐衰期,凋落期 adj. 秋天的,秋季的",教科版EEC三年级起点六年级下.xlsx
jiaoke_eec_start3|g6-lower|r119|strawberry,jiaoke_eec_start3,6年级下,6,下,119,strawberry,strawberry,[ˈstrɔːbəri],[ˈstrɔːberi],n. 草莓;草莓色,教科版EEC三年级起点六年级下.xlsx
jiaoke_eec_start3|g6-lower|r120|mother's day,jiaoke_eec_start3,6年级下,6,下,120,Mother's Day,mother's day,,,na. (美国和加拿大的)母亲节,教科版EEC三年级起点六年级下.xlsx
jiaoke_eec_start3|g6-lower|r121|scarf,jiaoke_eec_start3,6年级下,6,下,121,scarf,scarf,[skɑːf],[skɑːrf],"n. 围巾;嵌接,嵌接处;头巾领巾 vt. 披嵌接;用围巾围",教科版EEC三年级起点六年级下.xlsx
jiaoke_eec_start3|g6-lower|r122|children's day,jiaoke_eec_start3,6年级下,6,下,122,Children's Day,children's day,,,na. 儿童节,教科版EEC三年级起点六年级下.xlsx
