SourceOccurrenceKey,SourceID,SourceBook,Grade,Semester,SourceRow,Word,MatchKey,British,American,Definition,SourceFile,CandidateClass,CandidateNoteIDs,CandidateWords,CandidateSenses,AutoDecision,NeedsSenseReview,ReviewReason
beijing_start1|g1-upper|r002|star,beijing_start1,1年级上,1,上,2,star,star,[stɑː(r)],[stɑːr],"n. 星,恒星;明星;星形物 adj. 明星的,主角的;星形的 vt. 用星号标于;由...主演,由...担任主角 vi. 担任主角",北京版一年级起点一年级上.xlsx,exact-single,KV000471,star,星星,reuse-candidate,yes,Exact MatchKey; target sense must still be confirmed before merge.
beijing_start1|g1-upper|r003|moon,beijing_start1,1年级上,1,上,3,moon,moon,[muːn],[muːn],n. 月亮;月球;月光;卫星 vi. 闲荡;出神 vt. 虚度,北京版一年级起点一年级上.xlsx,no-existing-match,,,,new-identity-candidate,yes,No existing MatchKey candidate; confirm this is a genuine new learning unit.
beijing_start1|g1-upper|r004|night,beijing_start1,1年级上,1,上,4,night,night,[naɪt],[naɪt],"n. 夜晚,晚上;黑暗,黑夜 adj. 夜晚的,夜间的",北京版一年级起点一年级上.xlsx,no-existing-match,,,,new-identity-candidate,yes,No existing MatchKey candidate; confirm this is a genuine new learning unit.
beijing_start1|g1-upper|r005|lake,beijing_start1,1年级上,1,上,5,lake,lake,[leɪk],[leɪk],n. 湖;深红色颜料;胭脂红 vt. (使)血球溶解 vi. (使)血球溶解,北京版一年级起点一年级上.xlsx,exact-single,KV000139,lake,湖,reuse-candidate,yes,Exact MatchKey; target sense must still be confirmed before merge.
beijing_start1|g1-upper|r006|house,beijing_start1,1年级上,1,上,6,house,house,[haʊs],[haʊs],n. 住宅;家庭;机构;议会;某种用途的建筑物 vt. 覆盖;给...房子住;把...储藏在房内 vi. 住,北京版一年级起点一年级上.xlsx,exact-single,KV000369,house,房子；住宅,reuse-candidate,yes,Exact MatchKey; target sense must still be confirmed before merge.
beijing_start1|g1-upper|r007|boat,beijing_start1,1年级上,1,上,7,boat,boat,[bəʊt],[boʊt],n. 小船;轮船 vi. 划船,北京版一年级起点一年级上.xlsx,exact-single,KV000138,boat,小船,reuse-candidate,yes,Exact MatchKey; target sense must still be confirmed before merge.
beijing_start1|g1-upper|r008|key,beijing_start1,1年级上,1,上,8,key,key,[kiː],[kiː],n. (打字机等的)键;关键;钥匙 vt. 键入;锁上;调节...的音调;提供线索 vi. 使用钥匙 adj. 关键的,北京版一年级起点一年级上.xlsx,no-existing-match,,,,new-identity-candidate,yes,No existing MatchKey candidate; confirm this is a genuine new learning unit.
beijing_start1|g1-upper|r009|car,beijing_start1,1年级上,1,上,9,car,car,[kɑː(r)],[kɑːr],n. 汽车;车厢,北京版一年级起点一年级上.xlsx,exact-single,KV000072,car,小汽车；汽车,reuse-candidate,yes,Exact MatchKey; target sense must still be confirmed before merge.
beijing_start1|g1-upper|r010|gate,beijing_start1,1年级上,1,上,10,gate,gate,[ɡeɪt],[ɡeɪt],n. 大门;出入口;门道 vt. 给...装大门,北京版一年级起点一年级上.xlsx,exact-single,KV000388,gate,大门,reuse-candidate,yes,Exact MatchKey; target sense must still be confirmed before merge.
beijing_start1|g1-upper|r011|kite,beijing_start1,1年级上,1,上,11,kite,kite,[kaɪt],[kaɪt],n. 风筝 vi. 使用空头支票;像风筝一样飞;轻快地移动 vt. 骗钱;涂改(支票),北京版一年级起点一年级上.xlsx,exact-single,KV000832,kite,风筝,reuse-candidate,yes,Exact MatchKey; target sense must still be confirmed before merge.
beijing_start1|g1-upper|r012|girl,beijing_start1,1年级上,1,上,12,girl,girl,[ɡɜːl],[ɡɜːrl],"n. 女孩;姑娘,未婚女子;女职员,女演员;(男人的)女朋友 n. (捷)吉尔",北京版一年级起点一年级上.xlsx,exact-single,KV000111,girl,女孩,reuse-candidate,yes,Exact MatchKey; target sense must still be confirmed before merge.
beijing_start1|g1-upper|r013|bike,beijing_start1,1年级上,1,上,13,bike,bike,[baɪk],[baɪk],n. 自行车;脚踏车 vi. 骑自行车(或摩托车),北京版一年级起点一年级上.xlsx,no-existing-match,,,,new-identity-candidate,yes,No existing MatchKey candidate; confirm this is a genuine new learning unit.
beijing_start1|g1-upper|r014|uniform,beijing_start1,1年级上,1,上,14,uniform,uniform,[ˈjuːnɪfɔːm],[ˈjuːnɪfɔːrm],n. 制服 adj. 统一的;一致的;相同的;均衡的;始终如一的 vt. 使穿制服;使成一样,北京版一年级起点一年级上.xlsx,no-existing-match,,,,new-identity-candidate,yes,No existing MatchKey candidate; confirm this is a genuine new learning unit.
beijing_start1|g1-upper|r015|bag,beijing_start1,1年级上,1,上,15,bag,bag,[bæɡ],[bæɡ],"n. 袋;猎获物;(俚)一瓶啤酒 vt. 猎获;把...装入袋中;占据,私吞;使膨大 vi. 松垂",北京版一年级起点一年级上.xlsx,no-existing-match,,,,new-identity-candidate,yes,No existing MatchKey candidate; confirm this is a genuine new learning unit.
beijing_start1|g1-upper|r016|cake,beijing_start1,1年级上,1,上,16,cake,cake,[keɪk],[keɪk],n. 蛋糕;块状物;利益总额 vt. 使结块 vi. 结成块状,北京版一年级起点一年级上.xlsx,exact-single,KV000234,cake,蛋糕,reuse-candidate,yes,Exact MatchKey; target sense must still be confirmed before merge.
beijing_start1|g1-upper|r017|dish,beijing_start1,1年级上,1,上,17,dish,dish,[dɪʃ],[dɪʃ],n. 盘;餐具;一盘食物;外貌有吸引力的人 vt. 盛于碟盘中;分发;使某人的希望破灭;说(某人)的闲话 vi. 成碟状;闲谈,北京版一年级起点一年级上.xlsx,no-existing-match,,,,new-identity-candidate,yes,No existing MatchKey candidate; confirm this is a genuine new learning unit.
beijing_start1|g1-upper|r018|cup,beijing_start1,1年级上,1,上,18,cup,cup,[kʌp],[kʌp],n. 杯子;奖杯;酒杯 vt. 使成杯状;为...拔火罐,北京版一年级起点一年级上.xlsx,no-existing-match,,,,new-identity-candidate,yes,No existing MatchKey candidate; confirm this is a genuine new learning unit.
beijing_start1|g1-upper|r019|nut,beijing_start1,1年级上,1,上,19,nut,nut,[nʌt],[nʌt],"n. 螺母,螺帽;坚果;难对付的人,难解的问题 vi. 采坚果",北京版一年级起点一年级上.xlsx,no-existing-match,,,,new-identity-candidate,yes,No existing MatchKey candidate; confirm this is a genuine new learning unit.
beijing_start1|g1-upper|r020|spoon,beijing_start1,1年级上,1,上,20,spoon,spoon,[spuːn],[spuːn],"n. 匙,勺子;一杓的量 vt. 用匙舀;使成匙状 vi. 轻轻向上击",北京版一年级起点一年级上.xlsx,exact-single,KV000897,spoon,勺；匙；调羹,reuse-candidate,yes,Exact MatchKey; target sense must still be confirmed before merge.
beijing_start1|g1-upper|r021|eye,beijing_start1,1年级上,1,上,21,eye,eye,[aɪ],[aɪ],"n. 眼睛;视力;眼光;见解,观点 vt. 注视,看",北京版一年级起点一年级上.xlsx,exact-single,KV000012,eye,眼睛,reuse-candidate,yes,Exact MatchKey; target sense must still be confirmed before merge.
beijing_start1|g1-upper|r022|ear,beijing_start1,1年级上,1,上,22,ear,ear,[ɪə(r)],[ɪr],n. 耳朵;穗;听觉;倾听 vi. (美俚)听见;抽穗,北京版一年级起点一年级上.xlsx,exact-single,KV000011,ear,耳朵,reuse-candidate,yes,Exact MatchKey; target sense must still be confirmed before merge.
beijing_start1|g1-upper|r023|knee,beijing_start1,1年级上,1,上,23,knee,knee,[niː],[niː],"n. 膝盖,膝 vt. 用膝盖碰",北京版一年级起点一年级上.xlsx,no-existing-match,,,,new-identity-candidate,yes,No existing MatchKey candidate; confirm this is a genuine new learning unit.
beijing_start1|g1-upper|r024|foot,beijing_start1,1年级上,1,上,24,foot,foot,[fʊt],[fʊt],n. 脚;英尺;步调;末尾 vt. 支付;给......换底 vi. 步行;跳舞;总计,北京版一年级起点一年级上.xlsx,exact-single,KV000221,foot,脚,reuse-candidate,yes,Exact MatchKey; target sense must still be confirmed before merge.
beijing_start1|g1-upper|r025|bed,beijing_start1,1年级上,1,上,25,bed,bed,[bed],[bed],"n. 床;基础;河底, 海底 vt. 使睡觉;安置,嵌入;栽种 vi. 上床;分层",北京版一年级起点一年级上.xlsx,exact-single,KV000063,bed,床,reuse-candidate,yes,Exact MatchKey; target sense must still be confirmed before merge.
beijing_start1|g1-upper|r026|box,beijing_start1,1年级上,1,上,26,box,box,[bɒks],[bɑːks],"n. 箱,盒子;包厢;一拳 vt. 拳击;装...入盒中;打耳光 vi. 拳击",北京版一年级起点一年级上.xlsx,exact-single,KV000065,box,盒子；箱子,reuse-candidate,yes,Exact MatchKey; target sense must still be confirmed before merge.
beijing_start1|g1-upper|r027|pen,beijing_start1,1年级上,1,上,27,pen,pen,[pen],[pen],n. 钢笔;作家;围栏 vt. 写;关入栏中,北京版一年级起点一年级上.xlsx,exact-single,KV000396,pen,钢笔,reuse-candidate,yes,Exact MatchKey; target sense must still be confirmed before merge.
beijing_start1|g1-upper|r028|book,beijing_start1,1年级上,1,上,28,book,book,[bʊk],[bʊk],n. 书籍;卷;帐簿;名册;工作簿 vt. 预订;登记,北京版一年级起点一年级上.xlsx,exact-single,KV000001,book,书；书本,reuse-candidate,yes,Exact MatchKey; target sense must still be confirmed before merge.
beijing_start1|g1-upper|r029|coat,beijing_start1,1年级上,1,上,29,coat,coat,[kəʊt],[koʊt],n. 外套 vt. 覆盖...的表面,北京版一年级起点一年级上.xlsx,exact-single,KV000255,coat,外套,reuse-candidate,yes,Exact MatchKey; target sense must still be confirmed before merge.
beijing_start1|g1-upper|r030|ufo,beijing_start1,1年级上,1,上,30,UFO,ufo,[ˌjuː ef ˈəʊ; ˈjuːfəʊ],[ˌjuː ef ˈoʊˌˈjuːfoʊ],abbr. 不明飞行物(Unidentified Flying Object),北京版一年级起点一年级上.xlsx,no-existing-match,,,,new-identity-candidate,yes,No existing MatchKey candidate; confirm this is a genuine new learning unit.
beijing_start1|g1-upper|r031|hut,beijing_start1,1年级上,1,上,31,hut,hut,[hʌt],[hʌt],n. 小屋;临时营房 vt. 使住在小屋中;驻扎 vi. 住在小屋中;驻扎,北京版一年级起点一年级上.xlsx,no-existing-match,,,,new-identity-candidate,yes,No existing MatchKey candidate; confirm this is a genuine new learning unit.
beijing_start1|g1-upper|r032|skirt,beijing_start1,1年级上,1,上,32,skirt,skirt,[skɜːt],[skɜːrt],"n. 裙子 vt. 绕过,回避;位于...边缘 vi. 沿边走,绕开;环绕",北京版一年级起点一年级上.xlsx,exact-single,KV000094,skirt,短裙；裙子,reuse-candidate,yes,Exact MatchKey; target sense must still be confirmed before merge.
beijing_start1|g1-upper|r033|wood,beijing_start1,1年级上,1,上,33,wood,wood,[wʊd],[wʊd],n. 木材;木制品;树林 vt. 植林于;给...添加木柴 vi. 收集木材,北京版一年级起点一年级上.xlsx,no-existing-match,,,,new-identity-candidate,yes,No existing MatchKey candidate; confirm this is a genuine new learning unit.
beijing_start1|g1-upper|r034|bird,beijing_start1,1年级上,1,上,34,bird,bird,[bɜːd],[bɜːrd],n. 鸟;家伙;羽毛球 vt. 向...喝倒彩;起哄 vi. 猎鸟;观察研究野鸟,北京版一年级起点一年级上.xlsx,exact-single,KV000019,bird,鸟,reuse-candidate,yes,Exact MatchKey; target sense must still be confirmed before merge.
beijing_start1|g1-upper|r035|bee,beijing_start1,1年级上,1,上,35,bee,bee,[biː],[biː],"n. 蜜蜂,蜂;勤劳的人",北京版一年级起点一年级上.xlsx,exact-single,KV000549,bee,蜜蜂,reuse-candidate,yes,Exact MatchKey; target sense must still be confirmed before merge.
beijing_start1|g1-upper|r036|deer,beijing_start1,1年级上,1,上,36,deer,deer,[dɪə(r)],[dɪr],n. 鹿,北京版一年级起点一年级上.xlsx,no-existing-match,,,,new-identity-candidate,yes,No existing MatchKey candidate; confirm this is a genuine new learning unit.
beijing_start1|g1-upper|r037|cat,beijing_start1,1年级上,1,上,37,cat,cat,[kæt],[kæt],"n. 猫,猫科动物",北京版一年级起点一年级上.xlsx,exact-single,KV000022,cat,猫,reuse-candidate,yes,Exact MatchKey; target sense must still be confirmed before merge.
beijing_start1|g1-upper|r038|dog,beijing_start1,1年级上,1,上,38,dog,dog,[dɒɡ],[dɔːɡ],n. 狗;丑女人;卑鄙的人;(俚)朋友 vt. 跟踪;尾随,北京版一年级起点一年级上.xlsx,exact-single,KV000018,dog,狗,reuse-candidate,yes,Exact MatchKey; target sense must still be confirmed before merge.
beijing_start1|g1-upper|r039|fish,beijing_start1,1年级上,1,上,39,fish,fish,[fɪʃ],[fɪʃ],"n. 鱼,鱼类 vt. 钓鱼,捕鱼;搜寻 vi. 捕鱼,钓鱼;用钩捞取",北京版一年级起点一年级上.xlsx,exact-single,KV000080,fish,鱼；鱼肉,reuse-candidate,yes,Exact MatchKey; target sense must still be confirmed before merge.
beijing_start1|g1-upper|r040|mouse,beijing_start1,1年级上,1,上,40,mouse,mouse,[maʊs],[maʊs],n. 鼠标;老鼠;胆小羞怯的人 vt. 探出 vi. 捕鼠;窥探,北京版一年级起点一年级上.xlsx,exact-single,KV000882,mouse,老鼠,reuse-candidate,yes,Exact MatchKey; target sense must still be confirmed before merge.
beijing_start1|g1-lower|r002|cap,beijing_start1,1年级下,1,下,2,cap,cap,[kæp],[kæp],n. 盖;帽子 vt. 覆盖;胜过;给...戴帽;加盖于 vi. 脱帽致意,北京版一年级起点一年级下.xlsx,exact-single,KV000254,cap,帽子；便帽,reuse-candidate,yes,Exact MatchKey; target sense must still be confirmed before merge.
beijing_start1|g1-lower|r003|head,beijing_start1,1年级下,1,下,3,head,head,[hed],[hed],n. 头;头痛;上端;最前的部分;理解力 adj. 头的;主要的;在顶端的 vt. 前进;用头顶;作为...的首领;站在...的前头;给...加标题 vi. 出发;成头状物;船驶往,北京版一年级起点一年级下.xlsx,exact-single,KV000216,head,头；头部,reuse-candidate,yes,Exact MatchKey; target sense must still be confirmed before merge.
beijing_start1|g1-lower|r004|hair,beijing_start1,1年级下,1,下,4,hair,hair,[heə(r)],[her],n. 头发;毛发;些微 adj. 毛发的;护理毛发的;用毛发制成的 vt. 除去...的毛发 vi. 生长毛发;形成毛状纤维,北京版一年级起点一年级下.xlsx,exact-single,KV000217,hair,头发,reuse-candidate,yes,Exact MatchKey; target sense must still be confirmed before merge.
beijing_start1|g1-lower|r005|uniform,beijing_start1,1年级下,1,下,5,uniform,uniform,[ˈjuːnɪfɔːm],[ˈjuːnɪfɔːrm],n. 制服 adj. 统一的;一致的;相同的;均衡的;始终如一的 vt. 使穿制服;使成一样,北京版一年级起点一年级下.xlsx,no-existing-match,,,,new-identity-candidate,yes,No existing MatchKey candidate; confirm this is a genuine new learning unit.
beijing_start1|g1-lower|r006|nose,beijing_start1,1年级下,1,下,6,nose,nose,[nəʊz],[noʊz],n. 鼻子;嗅觉;突出的部分;探问 vt. 嗅;用鼻子触 vi. 小心探索着前进;探问,北京版一年级起点一年级下.xlsx,exact-single,KV000013,nose,鼻子,reuse-candidate,yes,Exact MatchKey; target sense must still be confirmed before merge.
beijing_start1|g1-lower|r007|vest,beijing_start1,1年级下,1,下,7,vest,vest,[vest],[vest],n. 背心;汗衫 vt. 授予;使穿衣 vi. 归属;穿衣服,北京版一年级起点一年级下.xlsx,no-existing-match,,,,new-identity-candidate,yes,No existing MatchKey candidate; confirm this is a genuine new learning unit.
beijing_start1|g1-lower|r008|window,beijing_start1,1年级下,1,下,8,window,window,[ˈwɪndəʊ],[ˈwɪndoʊ],n. 窗;窗口;窗户,北京版一年级起点一年级下.xlsx,exact-single,KV000845,window,窗,reuse-candidate,yes,Exact MatchKey; target sense must still be confirmed before merge.
beijing_start1|g1-lower|r009|yard,beijing_start1,1年级下,1,下,9,yard,yard,[jɑːd],[jɑːrd],"n. 院子;码(英制中丈量长度单位,1码=3英尺);庭院;帆桁 vt. 把...关进或围在畜栏里",北京版一年级起点一年级下.xlsx,no-existing-match,,,,new-identity-candidate,yes,No existing MatchKey candidate; confirm this is a genuine new learning unit.
beijing_start1|g1-lower|r010|wall,beijing_start1,1年级下,1,下,10,wall,wall,[wɔːl],[wɔːl],"n. 墙壁,围墙;似墙之物 adj. 墙壁的 vt. 用墙围住,围以墙",北京版一年级起点一年级下.xlsx,exact-single,KV000847,wall,墙；壁,reuse-candidate,yes,Exact MatchKey; target sense must still be confirmed before merge.
beijing_start1|g1-lower|r011|ball,beijing_start1,1年级下,1,下,11,ball,ball,[bɔːl],[bɔːl],n. 球;舞会 vt. 捏成球形 vi. 成团块,北京版一年级起点一年级下.xlsx,exact-single,KV000069,ball,球,reuse-candidate,yes,Exact MatchKey; target sense must still be confirmed before merge.
beijing_start1|g1-lower|r012|van,beijing_start1,1年级下,1,下,12,van,van,[væn],[væn],n. 先锋;厢式货车;增值网 vt. 用车搬运,北京版一年级起点一年级下.xlsx,no-existing-match,,,,new-identity-candidate,yes,No existing MatchKey candidate; confirm this is a genuine new learning unit.
beijing_start1|g1-lower|r013|oil,beijing_start1,1年级下,1,下,13,oil,oil,[ɔɪl],[ɔɪl],n. 油;石油;油画颜料 vt. 加油;涂油;使融化 vi. 融化;加燃油,北京版一年级起点一年级下.xlsx,no-existing-match,,,,new-identity-candidate,yes,No existing MatchKey candidate; confirm this is a genuine new learning unit.
beijing_start1|g1-lower|r014|net,beijing_start1,1年级下,1,下,14,net,net,[net],[net],n. 网;网络;净利;实价 vi. 编网 vt. 得到;净赚;用网捕 adj. 纯粹的;净余的,北京版一年级起点一年级下.xlsx,no-existing-match,,,,new-identity-candidate,yes,No existing MatchKey candidate; confirm this is a genuine new learning unit.
beijing_start1|g1-lower|r015|banana,beijing_start1,1年级下,1,下,15,banana,banana,[bəˈnɑːnə],[bəˈnænə],n. 香蕉;喜剧演员;大鹰钩鼻,北京版一年级起点一年级下.xlsx,exact-single,KV000047,banana,香蕉,reuse-candidate,yes,Exact MatchKey; target sense must still be confirmed before merge.
beijing_start1|g1-lower|r016|ice cream,beijing_start1,1年级下,1,下,16,ice cream,ice cream,[ˈaɪs kriːm],[ˈaɪs kriːm],n. 【食】冰淇淋,北京版一年级起点一年级下.xlsx,morphology-or-phrase,KV000006|KV000008,I|a,我|一；一个,identity-review,yes,Only morphology/phrase-related candidates found; never auto-merge.
beijing_start1|g1-lower|r017|ice,beijing_start1,1年级下,1,下,17,ice,ice,[aɪs],[aɪs],n. 冰;冰淇淋;矜持;(俚)钻石 adj. 冰的 vt. 冰镇;结冰 vi. 结冰,北京版一年级起点一年级下.xlsx,no-existing-match,,,,new-identity-candidate,yes,No existing MatchKey candidate; confirm this is a genuine new learning unit.
beijing_start1|g1-lower|r018|orange,beijing_start1,1年级下,1,下,18,orange,orange,[ˈɒrɪndʒ],[ˈɔrɪndʒ],adj. 橙色的;橘色的 n. 橙;橙色;桔子,北京版一年级起点一年级下.xlsx,exact-single,KV000048,orange,橙子；橙色,reuse-candidate,yes,Exact MatchKey; target sense must still be confirmed before merge.
beijing_start1|g1-lower|r019|jam,beijing_start1,1年级下,1,下,19,jam,jam,[dʒæm],[dʒæm],"n. 果酱;拥挤;困境;扣篮 vt. 使堵塞;挤进,使塞满;混杂;压碎 vi. 堵塞;轧住",北京版一年级起点一年级下.xlsx,no-existing-match,,,,new-identity-candidate,yes,No existing MatchKey candidate; confirm this is a genuine new learning unit.
beijing_start1|g1-lower|r020|apple,beijing_start1,1年级下,1,下,20,apple,apple,[ˈæp(ə)l],[ˈæpl],"n. 苹果,苹果树,苹果似的东西;[美俚]炸弹,手榴弹,(棒球的)球;[美俚]人,家伙。",北京版一年级起点一年级下.xlsx,exact-single,KV000045,apple,苹果,reuse-candidate,yes,Exact MatchKey; target sense must still be confirmed before merge.
beijing_start1|g1-lower|r021|juice,beijing_start1,1年级下,1,下,21,juice,juice,[dʒuːs],[dʒuːs],"n. (水果)汁,液;果汁",北京版一年级起点一年级下.xlsx,exact-single,KV000086,juice,果汁,reuse-candidate,yes,Exact MatchKey; target sense must still be confirmed before merge.
beijing_start1|g1-lower|r022|peach,beijing_start1,1年级下,1,下,22,peach,peach,[piːtʃ],[piːtʃ],n. 桃子;桃树;桃红色;受人喜欢的人(或物) adj. 桃色的;用桃子制成的 vt. 告发 vi. 告密,北京版一年级起点一年级下.xlsx,no-existing-match,,,,new-identity-candidate,yes,No existing MatchKey candidate; confirm this is a genuine new learning unit.
beijing_start1|g1-lower|r023|grapes,beijing_start1,1年级下,1,下,23,grapes,grapes,[ɡreɪps],[ɡreɪps],n. [园艺] 葡萄(grape的复数),北京版一年级起点一年级下.xlsx,no-existing-match,,,,new-identity-candidate,yes,No existing MatchKey candidate; confirm this is a genuine new learning unit.
beijing_start1|g1-lower|r024|yogurt,beijing_start1,1年级下,1,下,24,yogurt,yogurt,[ˈjɒɡət],[ˈjoʊɡərt],"n. 酸奶酪,[食品] 酸乳(等于yoghurt)",北京版一年级起点一年级下.xlsx,no-existing-match,,,,new-identity-candidate,yes,No existing MatchKey candidate; confirm this is a genuine new learning unit.
beijing_start1|g1-lower|r025|zoo,beijing_start1,1年级下,1,下,25,zoo,zoo,[zuː],[zuː],n. 动物园; <美俚>(铁路货车的最后一节)守车; <美俚>核粒子园,北京版一年级起点一年级下.xlsx,exact-single,KV000128,zoo,动物园,reuse-candidate,yes,Exact MatchKey; target sense must still be confirmed before merge.
beijing_start1|g1-lower|r026|tiger,beijing_start1,1年级下,1,下,26,tiger,tiger,[ˈtaɪɡə(r)],[ˈtaɪɡər],n. 老虎;凶暴的人,北京版一年级起点一年级下.xlsx,exact-single,KV000020,tiger,老虎,reuse-candidate,yes,Exact MatchKey; target sense must still be confirmed before merge.
beijing_start1|g1-lower|r027|panda,beijing_start1,1年级下,1,下,27,panda,panda,[ˈpændə],[ˈpændə],n. 熊猫;猫熊,北京版一年级起点一年级下.xlsx,exact-single,KV000544,panda,熊猫,reuse-candidate,yes,Exact MatchKey; target sense must still be confirmed before merge.
beijing_start1|g1-lower|r028|snake,beijing_start1,1年级下,1,下,28,snake,snake,[sneɪk],[sneɪk],n. 蛇;阴险的人 vt. 拉(木材等);迂回前进 vi. 迂回前进,北京版一年级起点一年级下.xlsx,exact-single,KV000247,snake,蛇,reuse-candidate,yes,Exact MatchKey; target sense must still be confirmed before merge.
beijing_start1|g1-lower|r029|elephant,beijing_start1,1年级下,1,下,29,elephant,elephant,[ˈelɪfənt],[ˈelɪfənt],n. 象;大号图画纸,北京版一年级起点一年级下.xlsx,exact-single,KV000543,elephant,大象,reuse-candidate,yes,Exact MatchKey; target sense must still be confirmed before merge.
beijing_start1|g1-lower|r030|fox,beijing_start1,1年级下,1,下,30,fox,fox,[fɒks],[fɑːks],n. 狐狸;狡猾的人 vt. 欺骗;使变酸 vi. 假装;耍狡猾手段,北京版一年级起点一年级下.xlsx,no-existing-match,,,,new-identity-candidate,yes,No existing MatchKey candidate; confirm this is a genuine new learning unit.
beijing_start1|g1-lower|r031|lion,beijing_start1,1年级下,1,下,31,lion,lion,[ˈlaɪən],[ˈlaɪən],n. 狮子;名人;勇猛的人;社交场合的名流,北京版一年级起点一年级下.xlsx,no-existing-match,,,,new-identity-candidate,yes,No existing MatchKey candidate; confirm this is a genuine new learning unit.
beijing_start1|g1-lower|r032|monkey,beijing_start1,1年级下,1,下,32,monkey,monkey,[ˈmʌŋki],[ˈmʌŋki],n. 猴子;顽童 vi. 胡闹;捣蛋 vt. 嘲弄,北京版一年级起点一年级下.xlsx,exact-single,KV000021,monkey,猴子,reuse-candidate,yes,Exact MatchKey; target sense must still be confirmed before merge.
beijing_start1|g1-lower|r033|zebra,beijing_start1,1年级下,1,下,33,zebra,zebra,[ˈzebrə],[ˈziːbrə],n. [脊椎] 斑马 adj. 有斑纹的,北京版一年级起点一年级下.xlsx,no-existing-match,,,,new-identity-candidate,yes,No existing MatchKey candidate; confirm this is a genuine new learning unit.
beijing_start1|g1-lower|r034|sun,beijing_start1,1年级下,1,下,34,sun,sun,[sʌn],[sʌn],n. 太阳 vt. 使晒 vi. 晒太阳,北京版一年级起点一年级下.xlsx,no-existing-match,,,,new-identity-candidate,yes,No existing MatchKey candidate; confirm this is a genuine new learning unit.
beijing_start1|g1-lower|r035|leaf,beijing_start1,1年级下,1,下,35,leaf,leaf,[liːf],[liːf],"n. 叶子;(书籍等的)一张;扇页 vi. 生叶;翻书页 vt. 翻...的页,匆匆翻阅",北京版一年级起点一年级下.xlsx,exact-single,KV000838,leaf,叶（复数 leaves）,reuse-candidate,yes,Exact MatchKey; target sense must still be confirmed before merge.
beijing_start1|g1-lower|r036|king,beijing_start1,1年级下,1,下,36,king,king,[kɪŋ],[kɪŋ],"n. 国王;最有势力者;王棋 vi. 统治;做国王 vt. 立...为王 adj. 主要的,最重要的,最大的",北京版一年级起点一年级下.xlsx,exact-single,KV000472,king,国王,reuse-candidate,yes,Exact MatchKey; target sense must still be confirmed before merge.
beijing_start1|g1-lower|r037|park,beijing_start1,1年级下,1,下,37,park,park,[pɑːk],[pɑːrk],n. 公园;[交] 停车场 vt. 停放;放置;寄存 vi. 停放车辆,北京版一年级起点一年级下.xlsx,exact-single,KV000131,park,公园,reuse-candidate,yes,Exact MatchKey; target sense must still be confirmed before merge.
beijing_start1|g1-lower|r038|gift,beijing_start1,1年级下,1,下,38,gift,gift,[ɡɪft],[ɡɪft],n. 礼物;天赋;赠品 vt. 赋予;向...赠送,北京版一年级起点一年级下.xlsx,no-existing-match,,,,new-identity-candidate,yes,No existing MatchKey candidate; confirm this is a genuine new learning unit.
beijing_start1|g1-lower|r039|queen,beijing_start1,1年级下,1,下,39,queen,queen,[kwiːn],[kwiːn],"n. 女王,王后;(纸牌中的)皇后;(蜜蜂等的)蜂王 vt. 使...成为女王或王后 vi. 做女王",北京版一年级起点一年级下.xlsx,no-existing-match,,,,new-identity-candidate,yes,No existing MatchKey candidate; confirm this is a genuine new learning unit.
beijing_start1|g1-lower|r040|river,beijing_start1,1年级下,1,下,40,river,river,[ˈrɪvə(r)],[ˈrɪvər],"n. 河,江",北京版一年级起点一年级下.xlsx,no-existing-match,,,,new-identity-candidate,yes,No existing MatchKey candidate; confirm this is a genuine new learning unit.
beijing_start1|g1-lower|r041|ox,beijing_start1,1年级下,1,下,41,ox,ox,[ɒks],[ɑːks],n. 牛;公牛,北京版一年级起点一年级下.xlsx,no-existing-match,,,,new-identity-candidate,yes,No existing MatchKey candidate; confirm this is a genuine new learning unit.
beijing_start1|g1-lower|r042|duck,beijing_start1,1年级下,1,下,42,duck,duck,[dʌk],[dʌk],n. 鸭子;鸭肉;(英)宝贝儿;零分 vt. 躲避;猛按...入水 vi. 闪避;没入水中,北京版一年级起点一年级下.xlsx,exact-single,KV000244,duck,鸭子,reuse-candidate,yes,Exact MatchKey; target sense must still be confirmed before merge.
beijing_start1|g1-lower|r043|egg,beijing_start1,1年级下,1,下,43,egg,egg,[eɡ],[eɡ],n. 蛋;卵子;家伙;鸡蛋 vt. 煽动;怂恿,北京版一年级起点一年级下.xlsx,exact-single,KV000082,egg,鸡蛋；蛋,reuse-candidate,yes,Exact MatchKey; target sense must still be confirmed before merge.
beijing_start1|g1-lower|r044|cow,beijing_start1,1年级下,1,下,44,cow,cow,[kaʊ],[kaʊ],"n. 奶牛,母牛;母兽 vt. 威胁,恐吓",北京版一年级起点一年级下.xlsx,exact-single,KV000546,cow,奶牛；母牛,reuse-candidate,yes,Exact MatchKey; target sense must still be confirmed before merge.
beijing_start1|g1-lower|r045|rabbit,beijing_start1,1年级下,1,下,45,rabbit,rabbit,[ˈræbɪt],[ˈræbɪt],"n. 兔子,野兔 vt. 让...见鬼去吧 vi. 猎兔",北京版一年级起点一年级下.xlsx,exact-single,KV000245,rabbit,兔子,reuse-candidate,yes,Exact MatchKey; target sense must still be confirmed before merge.
beijing_start1|g1-lower|r046|kitten,beijing_start1,1年级下,1,下,46,kitten,kitten,[ˈkɪt(ə)n],[ˈkɪt(ə)n],n. 小猫;小动物 vi. 产小猫,北京版一年级起点一年级下.xlsx,no-existing-match,,,,new-identity-candidate,yes,No existing MatchKey candidate; confirm this is a genuine new learning unit.
beijing_start1|g1-lower|r047|map,beijing_start1,1年级下,1,下,47,map,map,[mæp],[mæp],vt. 映射;计划;绘制地图;确定基因在染色体中的位置 n. 地图;示意图;染色体图 vi. 基因被安置,北京版一年级起点一年级下.xlsx,exact-single,KV000681,map,地图,reuse-candidate,yes,Exact MatchKey; target sense must still be confirmed before merge.
beijing_start1|g1-lower|r048|flag,beijing_start1,1年级下,1,下,48,flag,flag,[flæɡ],[flæɡ],n. 标志;旗子 vt. 标记;插旗 vi. 标记;衰退;枯萎,北京版一年级起点一年级下.xlsx,no-existing-match,,,,new-identity-candidate,yes,No existing MatchKey candidate; confirm this is a genuine new learning unit.
beijing_start1|g1-lower|r049|desk,beijing_start1,1年级下,1,下,49,desk,desk,[desk],[desk],n. 办公桌;服务台;编辑部;(美)讲道台;乐谱架 adj. 书桌的;桌上用的;伏案做的,北京版一年级起点一年级下.xlsx,exact-single,KV000055,desk,课桌；书桌,reuse-candidate,yes,Exact MatchKey; target sense must still be confirmed before merge.
beijing_start1|g2-upper|r002|what,beijing_start1,2年级上,2,上,2,what,what,[wɒt],[wʌt],"pron. 什么;多么;多少 adv. 到什么程度,在哪一方面 adj. 什么;多么;何等 int. 什么;多么",北京版一年级起点二年级上.xlsx,exact-single,KV000023,what,什么,reuse-candidate,yes,Exact MatchKey; target sense must still be confirmed before merge.
beijing_start1|g2-upper|r003|day,beijing_start1,2年级上,2,上,3,day,day,[deɪ],[deɪ],n. 一天;时期;白昼 adj. 日间的;逐日的 adv. 每天;经常在白天地,北京版一年级起点二年级上.xlsx,exact-single,KV000373,day,天；一天,reuse-candidate,yes,Exact MatchKey; target sense must still be confirmed before merge.
beijing_start1|g2-upper|r004|it,beijing_start1,2年级上,2,上,4,it,it,[ɪt],[ɪt],abbr. 信息技术information technology abbr. 意大利Italy;意大利的Italian,北京版一年级起点二年级上.xlsx,exact-single,KV000024,it,它,reuse-candidate,yes,Exact MatchKey; target sense must still be confirmed before merge.
beijing_start1|g2-upper|r005|tuesday,beijing_start1,2年级上,2,上,5,Tuesday,tuesday,[ˈtjuːzdeɪ],[ˈtuːzdeɪ],n. 星期二,北京版一年级起点二年级上.xlsx,exact-single,KV000202,Tuesday,星期二,reuse-candidate,yes,Exact MatchKey; target sense must still be confirmed before merge.
beijing_start1|g2-upper|r006|i,beijing_start1,2年级上,2,上,6,I,i,[aɪ],[aɪ],n. 碘元素;英语字母I pron. 我,北京版一年级起点二年级上.xlsx,exact-single,KV000006,I,我,reuse-candidate,yes,Exact MatchKey; target sense must still be confirmed before merge.
beijing_start1|g2-upper|r007|wednesday,beijing_start1,2年级上,2,上,7,Wednesday,wednesday,[ˈwenzdeɪ],[ˈwenzdeɪ],n. 星期三,北京版一年级起点二年级上.xlsx,exact-single,KV000203,Wednesday,星期三,reuse-candidate,yes,Exact MatchKey; target sense must still be confirmed before merge.
beijing_start1|g2-upper|r008|go,beijing_start1,2年级上,2,上,8,go,go,[ɡəʊ],[ɡoʊ],n. 去;进行;尝试 vi. 走;达到;运转;趋于 vt. 忍受;出产;以...打赌 [复数 goes 第三人称单数 goes 过去式 went 过去分词 gone 现在分词 going],北京版一年级起点二年级上.xlsx,exact-single,KV000133,go,去,reuse-candidate,yes,Exact MatchKey; target sense must still be confirmed before merge.
beijing_start1|g2-upper|r009|on,beijing_start1,2年级上,2,上,9,on,on,[ɒn],[ɑːn],"adv. 向前地;作用中,行动中;继续着 prep. 向,朝......;关于;在......之上;在......时候 adj. 开着的;发生着的,正在进行中",北京版一年级起点二年级上.xlsx,exact-single,KV000057,on,在……上面,reuse-candidate,yes,Exact MatchKey; target sense must still be confirmed before merge.
beijing_start1|g2-upper|r010|are,beijing_start1,2年级上,2,上,10,are,are,[ɑ:(r)],[ər; ɑːr; er],v. 是(be的第二人称单复数现在式) n. 公亩,北京版一年级起点二年级上.xlsx,exact-single,KV000037,are,是,reuse-candidate,yes,Exact MatchKey; target sense must still be confirmed before merge.
beijing_start1|g2-upper|r011|in,beijing_start1,2年级上,2,上,11,in,in,[ɪn],[ɪn],prep. 按照(表示方式);从事于;在...之内 n. 执政者;门路;知情者 adj. 在里面的;时髦的 adv. 进入;当选;(服装等)时髦;在屋里,北京版一年级起点二年级上.xlsx,exact-single,KV000059,in,在……里面,reuse-candidate,yes,Exact MatchKey; target sense must still be confirmed before merge.
beijing_start1|g2-upper|r012|a,beijing_start1,2年级上,2,上,12,a,a,[ə],[ə; eɪ],n. 字母A;第一流的;学业成绩达最高标准的评价符号 abbr. [物]安(ampere),北京版一年级起点二年级上.xlsx,exact-single,KV000008,a,一；一个,reuse-candidate,yes,Exact MatchKey; target sense must still be confirmed before merge.
beijing_start1|g2-upper|r013|week,beijing_start1,2年级上,2,上,13,week,week,[wiːk],[wiːk],"n. 周,星期",北京版一年级起点二年级上.xlsx,exact-single,KV000263,week,星期；周,reuse-candidate,yes,Exact MatchKey; target sense must still be confirmed before merge.
beijing_start1|g2-upper|r014|do,beijing_start1,2年级上,2,上,14,do,do,[duː; də; du; dəʊ],[duː; də; du; doʊ],"vi. 行,足够;生长 n. 要求;规定;C大调音阶中的第一音 v. 做;干;学习;研究;进行;完成;解答;整理;算出;引起;行过 aux. 助动词(构成疑问句和否定句);(代替动词);(用于加强语气) n. (口语)事件;(主英国口语)诈骗;(主英国、新西兰口语)宴会;(口语)必须做到的事情",北京版一年级起点二年级上.xlsx,exact-single,KV000049,do,助动词（用于疑问句）,reuse-candidate,yes,Exact MatchKey; target sense must still be confirmed before merge.
beijing_start1|g2-upper|r015|you,beijing_start1,2年级上,2,上,15,you,you,[ju],[juː; jə],pron. 你;你们,北京版一年级起点二年级上.xlsx,exact-single,KV000050,you,你；你们,reuse-candidate,yes,Exact MatchKey; target sense must still be confirmed before merge.
beijing_start1|g2-upper|r016|park,beijing_start1,2年级上,2,上,16,park,park,[pɑːk],[pɑːrk],n. 公园;[交] 停车场 vt. 停放;放置;寄存 vi. 停放车辆,北京版一年级起点二年级上.xlsx,exact-single,KV000131,park,公园,reuse-candidate,yes,Exact MatchKey; target sense must still be confirmed before merge.
beijing_start1|g2-upper|r017|class,beijing_start1,2年级上,2,上,17,class,class,[klɑːs],[klæs],"n. 阶级;班级;种类;班;等级 adj. 极好的;很好的,优秀的,出色的 vt. 分类;把...分等级;把...归入某等级,把...看作(或分类、归类);把...编入某一班级 vi. 属于...类(或等级),被列为某类(或某级)",北京版一年级起点二年级上.xlsx,exact-single,KV000211,class,班；班级,reuse-candidate,yes,Exact MatchKey; target sense must still be confirmed before merge.
beijing_start1|g2-upper|r018|we,beijing_start1,2年级上,2,上,18,we,we,[wi; wiː],[wi],"pron. 我们(主格);笔者,本人(作者或演讲人使用);朕,寡人",北京版一年级起点二年级上.xlsx,exact-single,KV000290,we,我们,reuse-candidate,yes,Exact MatchKey; target sense must still be confirmed before merge.
beijing_start1|g2-upper|r019|to,beijing_start1,2年级上,2,上,19,to,to,[tə],[tə; tu; tuː],prep. 到;向;(表示时间、方向)朝...方向 adv. 向前;(门等)关上,北京版一年级起点二年级上.xlsx,exact-single,KV000134,to,到；向；去,reuse-candidate,yes,Exact MatchKey; target sense must still be confirmed before merge.
beijing_start1|g2-upper|r020|the,beijing_start1,2年级上,2,上,20,the,the,[ðə],[ðə; ði; ðiː],"art. 这;那 adv. 更加(用于比较级,最高级前)",北京版一年级起点二年级上.xlsx,exact-single,KV000061,the,这；那（定冠词）,reuse-candidate,yes,Exact MatchKey; target sense must still be confirmed before merge.
beijing_start1|g2-upper|r021|sunday,beijing_start1,2年级上,2,上,21,Sunday,sunday,[ˈsʌndeɪ],[ˈsʌndeɪ],n. 星期日;礼拜日,北京版一年级起点二年级上.xlsx,exact-single,KV000200,Sunday,星期日,reuse-candidate,yes,Exact MatchKey; target sense must still be confirmed before merge.
beijing_start1|g2-upper|r022|zoo,beijing_start1,2年级上,2,上,22,zoo,zoo,[zuː],[zuː],n. 动物园; <美俚>(铁路货车的最后一节)守车; <美俚>核粒子园,北京版一年级起点二年级上.xlsx,exact-single,KV000128,zoo,动物园,reuse-candidate,yes,Exact MatchKey; target sense must still be confirmed before merge.
beijing_start1|g2-upper|r023|saturday,beijing_start1,2年级上,2,上,23,Saturday,saturday,[ˈsætədeɪ],[ˈsætərdeɪ],n. 星期六,北京版一年级起点二年级上.xlsx,exact-single,KV000206,Saturday,星期六,reuse-candidate,yes,Exact MatchKey; target sense must still be confirmed before merge.
beijing_start1|g2-upper|r024|film,beijing_start1,2年级上,2,上,24,film,film,[fɪlm],[fɪlm],n. 电影;薄膜;胶卷;轻烟 vt. 在...上覆以薄膜;把...拍成电影 vi. 摄制电影;生薄膜;变得朦胧,北京版一年级起点二年级上.xlsx,exact-single,KV000390,film,电影,reuse-candidate,yes,Exact MatchKey; target sense must still be confirmed before merge.
beijing_start1|g2-upper|r025|grandma,beijing_start1,2年级上,2,上,25,grandma,grandma,[ˈɡrænmɑː],[ˈɡrænmɑː],n. 奶奶;外婆,北京版一年级起点二年级上.xlsx,no-existing-match,,,,new-identity-candidate,yes,No existing MatchKey candidate; confirm this is a genuine new learning unit.
beijing_start1|g2-upper|r026|grandmother,beijing_start1,2年级上,2,上,26,grandmother,grandmother,[ˈɡrænmʌðə(r)],[ˈɡrænmʌðər],n. 祖母;女祖先 vt. 当...的祖母 vi. 当祖母,北京版一年级起点二年级上.xlsx,exact-single,KV000103,grandmother,奶奶；外婆,reuse-candidate,yes,Exact MatchKey; target sense must still be confirmed before merge.
beijing_start1|g2-upper|r027|grandpa,beijing_start1,2年级上,2,上,27,grandpa,grandpa,[ˈɡrænpɑː],[ˈɡrænpɑː],n. 爷爷;外公,北京版一年级起点二年级上.xlsx,no-existing-match,,,,new-identity-candidate,yes,No existing MatchKey candidate; confirm this is a genuine new learning unit.
beijing_start1|g2-upper|r028|grandfather,beijing_start1,2年级上,2,上,28,grandfather,grandfather,[ˈɡrænfɑːðə(r)],[ˈɡrænfɑːðər],n. 祖父;始祖 vt. 不受新规定限制,北京版一年级起点二年级上.xlsx,exact-single,KV000104,grandfather,爷爷；外公,reuse-candidate,yes,Exact MatchKey; target sense must still be confirmed before merge.
beijing_start1|g2-upper|r029|or,beijing_start1,2年级上,2,上,29,or,or,[ɔː(r)],[ɔːr],"conj. 或,或者;还是",北京版一年级起点二年级上.xlsx,exact-single,KV000118,or,或者,reuse-candidate,yes,Exact MatchKey; target sense must still be confirmed before merge.
beijing_start1|g2-upper|r030|is,beijing_start1,2年级上,2,上,30,is,is,[ɪz],[ɪz],v. 是(be的三单形式) n. 存在,北京版一年级起点二年级上.xlsx,exact-single,KV000016,is,是,reuse-candidate,yes,Exact MatchKey; target sense must still be confirmed before merge.
beijing_start1|g2-upper|r031|eleven,beijing_start1,2年级上,2,上,31,eleven,eleven,[ɪˈlev(ə)n],[ɪˈlevn],num. 十一;十一个 n. 十一;十一个 adj. 十一的;十一个的,北京版一年级起点二年级上.xlsx,exact-single,KV000179,eleven,十一；十一个,reuse-candidate,yes,Exact MatchKey; target sense must still be confirmed before merge.
beijing_start1|g2-upper|r032|his,beijing_start1,2年级上,2,上,32,his,his,[hɪz],[hɪz; ɪz],pron. 他的,北京版一年级起点二年级上.xlsx,exact-single,KV000115,his,他的,reuse-candidate,yes,Exact MatchKey; target sense must still be confirmed before merge.
beijing_start1|g2-upper|r033|her,beijing_start1,2年级上,2,上,33,her,her,[hə(r)],[hər; ɜːr; ər; hɜːr],pron. 她(she的宾格);她的(she的所有格);她(指某个国家;一艘船),北京版一年级起点二年级上.xlsx,exact-single,KV000117,her,她的,reuse-candidate,yes,Exact MatchKey; target sense must still be confirmed before merge.
beijing_start1|g2-upper|r034|how many,beijing_start1,2年级上,2,上,34,how many,how many,,,na. 多少,北京版一年级起点二年级上.xlsx,morphology-or-phrase,KV000008|KV000009|KV000035|KV000036|KV000112|KV000881,a|an|how|many|man|any,一；一个|一；一个|怎样；多少|许多；多少（how many）|男人|任何的；任一的,identity-review,yes,Only morphology/phrase-related candidates found; never auto-merge.
beijing_start1|g2-upper|r035|pig,beijing_start1,2年级上,2,上,35,pig,pig,[pɪɡ],[pɪɡ],"n. 猪;猪肉 vi. 生小猪;像猪一样过活 n. 警察(俚语,带有攻击性)",北京版一年级起点二年级上.xlsx,exact-single,KV000547,pig,猪,reuse-candidate,yes,Exact MatchKey; target sense must still be confirmed before merge.
beijing_start1|g2-upper|r036|your,beijing_start1,2年级上,2,上,36,your,your,[jɔː(r); jə(r)],[jʊr; jər],"pron. 你的,你们的",北京版一年级起点二年级上.xlsx,exact-single,KV000098,your,你的；你们的,reuse-candidate,yes,Exact MatchKey; target sense must still be confirmed before merge.
beijing_start1|g2-upper|r037|sixteen,beijing_start1,2年级上,2,上,37,sixteen,sixteen,[ˌsɪksˈtiːn],[ˌsɪksˈtiːn],"num. 十六 adj. 十六的,十六个的",北京版一年级起点二年级上.xlsx,no-existing-match,,,,new-identity-candidate,yes,No existing MatchKey candidate; confirm this is a genuine new learning unit.
beijing_start1|g2-upper|r038|my,beijing_start1,2年级上,2,上,38,my,my,[maɪ],[maɪ],pron. 我的 int. 哎呀(表示惊奇等);喔唷,北京版一年级起点二年级上.xlsx,exact-single,KV000017,my,我的,reuse-candidate,yes,Exact MatchKey; target sense must still be confirmed before merge.
beijing_start1|g2-upper|r039|cow,beijing_start1,2年级上,2,上,39,cow,cow,[kaʊ],[kaʊ],"n. 奶牛,母牛;母兽 vt. 威胁,恐吓",北京版一年级起点二年级上.xlsx,exact-single,KV000546,cow,奶牛；母牛,reuse-candidate,yes,Exact MatchKey; target sense must still be confirmed before merge.
beijing_start1|g2-upper|r040|nineteen,beijing_start1,2年级上,2,上,40,nineteen,nineteen,[ˌnaɪnˈtiːn],[ˌnaɪnˈtiːn],num. 十九,北京版一年级起点二年级上.xlsx,no-existing-match,,,,new-identity-candidate,yes,No existing MatchKey candidate; confirm this is a genuine new learning unit.
beijing_start1|g2-upper|r041|our,beijing_start1,2年级上,2,上,41,our,our,[ɑː(r)],[ɑːr],pron. 我们的,北京版一年级起点二年级上.xlsx,exact-single,KV000300,our,我们的,reuse-candidate,yes,Exact MatchKey; target sense must still be confirmed before merge.
beijing_start1|g2-upper|r042|two,beijing_start1,2年级上,2,上,42,two,two,[tuː],[tuː],num. 二 n. 两个 adj. 两个的,北京版一年级起点二年级上.xlsx,exact-single,KV000026,two,二；两个,reuse-candidate,yes,Exact MatchKey; target sense must still be confirmed before merge.
beijing_start1|g2-upper|r043|three,beijing_start1,2年级上,2,上,43,three,three,[θriː],[θriː],"num. 三 n. 三,三个 adj. 三的,三个的",北京版一年级起点二年级上.xlsx,exact-single,KV000027,three,三；三个,reuse-candidate,yes,Exact MatchKey; target sense must still be confirmed before merge.
beijing_start1|g2-upper|r044|after,beijing_start1,2年级上,2,上,44,after,after,[ˈɑːftə(r)],[ˈæftər],"conj. 在......之后 prep. 在......之后 adj. 以后的 adv. 后来,以后",北京版一年级起点二年级上.xlsx,no-existing-match,,,,new-identity-candidate,yes,No existing MatchKey candidate; confirm this is a genuine new learning unit.
beijing_start1|g2-upper|r045|elephant,beijing_start1,2年级上,2,上,45,elephant,elephant,[ˈelɪfənt],[ˈelɪfənt],n. 象;大号图画纸,北京版一年级起点二年级上.xlsx,exact-single,KV000543,elephant,大象,reuse-candidate,yes,Exact MatchKey; target sense must still be confirmed before merge.
beijing_start1|g2-upper|r046|yes,beijing_start1,2年级上,2,上,46,yes,yes,[jes],[jes],"n. 是(表示肯定) adv. 是, 是的",北京版一年级起点二年级上.xlsx,exact-single,KV000052,yes,是的；对,reuse-candidate,yes,Exact MatchKey; target sense must still be confirmed before merge.
beijing_start1|g2-upper|r047|four,beijing_start1,2年级上,2,上,47,four,four,[fɔː(r)],[fɔːr],num. 四;四个 adj. 四的;四个的,北京版一年级起点二年级上.xlsx,exact-single,KV000028,four,四；四个,reuse-candidate,yes,Exact MatchKey; target sense must still be confirmed before merge.
beijing_start1|g2-upper|r048|baby,beijing_start1,2年级上,2,上,48,baby,baby,[ˈbeɪbi],[ˈbeɪbi],"n. 婴儿,婴孩;孩子气的人 adj. 婴儿的;幼小的 vt. 纵容,娇纵;把......当婴儿般对待",北京版一年级起点二年级上.xlsx,no-existing-match,,,,new-identity-candidate,yes,No existing MatchKey candidate; confirm this is a genuine new learning unit.
beijing_start1|g2-upper|r049|cat,beijing_start1,2年级上,2,上,49,cat,cat,[kæt],[kæt],"n. 猫,猫科动物",北京版一年级起点二年级上.xlsx,exact-single,KV000022,cat,猫,reuse-candidate,yes,Exact MatchKey; target sense must still be confirmed before merge.
beijing_start1|g2-upper|r050|thin,beijing_start1,2年级上,2,上,50,thin,thin,[θɪn],[θɪn],n. 细小部分 adj. 薄的;瘦的;稀薄的;微弱的 vt. 使瘦;使淡;使稀疏 vi. 变薄;变瘦;变淡 adv. 稀疏地;微弱地,北京版一年级起点二年级上.xlsx,exact-single,KV000122,thin,瘦的,reuse-candidate,yes,Exact MatchKey; target sense must still be confirmed before merge.
beijing_start1|g2-upper|r051|dog,beijing_start1,2年级上,2,上,51,dog,dog,[dɒɡ],[dɔːɡ],n. 狗;丑女人;卑鄙的人;(俚)朋友 vt. 跟踪;尾随,北京版一年级起点二年级上.xlsx,exact-single,KV000018,dog,狗,reuse-candidate,yes,Exact MatchKey; target sense must still be confirmed before merge.
beijing_start1|g2-upper|r052|toy,beijing_start1,2年级上,2,上,52,toy,toy,[tɔɪ],[tɔɪ],n. 玩具;小装饰品;不值钱的东西 adj. 作为玩具的;玩物似的 vi. 玩弄;调情;随随便便地对待,北京版一年级起点二年级上.xlsx,exact-single,KV000458,toy,玩具,reuse-candidate,yes,Exact MatchKey; target sense must still be confirmed before merge.
beijing_start1|g2-upper|r053|monkey,beijing_start1,2年级上,2,上,53,monkey,monkey,[ˈmʌŋki],[ˈmʌŋki],n. 猴子;顽童 vi. 胡闹;捣蛋 vt. 嘲弄,北京版一年级起点二年级上.xlsx,exact-single,KV000021,monkey,猴子,reuse-candidate,yes,Exact MatchKey; target sense must still be confirmed before merge.
beijing_start1|g2-upper|r054|these,beijing_start1,2年级上,2,上,54,these,these,[ðiːz],[ðiːz],adj. 这些的 pron. 这些,北京版一年级起点二年级上.xlsx,no-existing-match,,,,new-identity-candidate,yes,No existing MatchKey candidate; confirm this is a genuine new learning unit.
beijing_start1|g2-upper|r055|them,beijing_start1,2年级上,2,上,55,them,them,[ðəm; ðem],[ðəm; ðem],pron. 他们;它们;她们,北京版一年级起点二年级上.xlsx,no-existing-match,,,,new-identity-candidate,yes,No existing MatchKey candidate; confirm this is a genuine new learning unit.
beijing_start1|g2-upper|r056|no,beijing_start1,2年级上,2,上,56,no,no,[nəʊ],[noʊ],adv. 不 adj. 没有;不是 n. 不;否决票 abbr. 数字(number);元素锘(nobelium)的符号,北京版一年级起点二年级上.xlsx,exact-single,KV000053,no,不；不是,reuse-candidate,yes,Exact MatchKey; target sense must still be confirmed before merge.
beijing_start1|g2-upper|r057|ear,beijing_start1,2年级上,2,上,57,ear,ear,[ɪə(r)],[ɪr],n. 耳朵;穗;听觉;倾听 vi. (美俚)听见;抽穗,北京版一年级起点二年级上.xlsx,exact-single,KV000011,ear,耳朵,reuse-candidate,yes,Exact MatchKey; target sense must still be confirmed before merge.
beijing_start1|g2-upper|r058|red,beijing_start1,2年级上,2,上,58,red,red,[red],[red],"n. 红色,红颜料;赤字 adj. 红色的;红肿的,充血的",北京版一年级起点二年级上.xlsx,exact-single,KV000042,red,红色；红色的,reuse-candidate,yes,Exact MatchKey; target sense must still be confirmed before merge.
beijing_start1|g2-upper|r059|eye,beijing_start1,2年级上,2,上,59,eye,eye,[aɪ],[aɪ],"n. 眼睛;视力;眼光;见解,观点 vt. 注视,看",北京版一年级起点二年级上.xlsx,exact-single,KV000012,eye,眼睛,reuse-candidate,yes,Exact MatchKey; target sense must still be confirmed before merge.
beijing_start1|g2-upper|r060|hair,beijing_start1,2年级上,2,上,60,hair,hair,[heə(r)],[her],n. 头发;毛发;些微 adj. 毛发的;护理毛发的;用毛发制成的 vt. 除去...的毛发 vi. 生长毛发;形成毛状纤维,北京版一年级起点二年级上.xlsx,exact-single,KV000217,hair,头发,reuse-candidate,yes,Exact MatchKey; target sense must still be confirmed before merge.
beijing_start1|g2-upper|r061|long,beijing_start1,2年级上,2,上,61,long,long,[lɒŋ],[lɔːŋ],"n. 长时间;[语] 长音节;(服装的)长尺寸;长裤 adj. 长的;过长的;做多头的;长时间的;冗长的,长音 vi. 渴望;热望 adv. 长期地;始终",北京版一年级起点二年级上.xlsx,exact-single,KV000250,long,长的,reuse-candidate,yes,Exact MatchKey; target sense must still be confirmed before merge.
beijing_start1|g2-upper|r062|and,beijing_start1,2年级上,2,上,62,and,and,[ənd],[ənd; ən; n; ænd],"conj. 和,与;就;而且;但是;然后",北京版一年级起点二年级上.xlsx,exact-single,KV000085,and,和；并且,reuse-candidate,yes,Exact MatchKey; target sense must still be confirmed before merge.
beijing_start1|g2-upper|r063|short,beijing_start1,2年级上,2,上,63,short,short,[ʃɔːt],[ʃɔːrt],"n. 短;缺乏;短路;短裤 adj. 短的;不足的;矮的,低的 adv. 不足;突然;唐突地",北京版一年级起点二年级上.xlsx,exact-single,KV000123,short,矮的；短的,reuse-candidate,yes,Exact MatchKey; target sense must still be confirmed before merge.
beijing_start1|g2-upper|r064|me,beijing_start1,2年级上,2,上,64,me,me,[mi; miː],[mi; miː],pron. 我(宾格) n. 自我;极端自私的人;自我的一部分,北京版一年级起点二年级上.xlsx,no-existing-match,,,,new-identity-candidate,yes,No existing MatchKey candidate; confirm this is a genuine new learning unit.
beijing_start1|g2-upper|r065|arm,beijing_start1,2年级上,2,上,65,arm,arm,[ɑːm],[ɑːrm],n. 手臂;武器;袖子;装备;部门 vt. 武装;备战 vi. 武装起来,北京版一年级起点二年级上.xlsx,exact-single,KV000218,arm,手臂,reuse-candidate,yes,Exact MatchKey; target sense must still be confirmed before merge.
beijing_start1|g2-upper|r066|leg,beijing_start1,2年级上,2,上,66,leg,leg,[leɡ],[leɡ],n. 腿;支柱,北京版一年级起点二年级上.xlsx,exact-single,KV000220,leg,腿,reuse-candidate,yes,Exact MatchKey; target sense must still be confirmed before merge.
beijing_start1|g2-upper|r067|body,beijing_start1,2年级上,2,上,67,body,body,[ˈbɒdi],[ˈbɑːdi],n. 身体;主体;大量;团体;主要部分 vt. 赋以形体,北京版一年级起点二年级上.xlsx,exact-single,KV000215,body,身体,reuse-candidate,yes,Exact MatchKey; target sense must still be confirmed before merge.
beijing_start1|g2-upper|r068|small,beijing_start1,2年级上,2,上,68,small,small,[smɔːl],[smɔːl],"n. 小件物品;矮小的人 adj. 少的,小的;微弱的;几乎没有的;不重要的;幼小的 adv. 小小地;卑鄙地",北京版一年级起点二年级上.xlsx,exact-single,KV000249,small,小的,reuse-candidate,yes,Exact MatchKey; target sense must still be confirmed before merge.
beijing_start1|g2-upper|r069|hand,beijing_start1,2年级上,2,上,69,hand,hand,[hænd],[hænd],"n. 手,手艺;帮助;指针;插手 vt. 传递,交给;支持;搀扶",北京版一年级起点二年级上.xlsx,exact-single,KV000219,hand,手,reuse-candidate,yes,Exact MatchKey; target sense must still be confirmed before merge.
beijing_start1|g2-upper|r070|thank,beijing_start1,2年级上,2,上,70,thank,thank,[θæŋk],[θæŋk],n. 感谢 vt. 感谢 int. 谢谢,北京版一年级起点二年级上.xlsx,exact-single,KV000151,thank,感谢；谢谢,reuse-candidate,yes,Exact MatchKey; target sense must still be confirmed before merge.
beijing_start1|g2-upper|r071|old,beijing_start1,2年级上,2,上,71,old,old,[əʊld],[oʊld],"adj. 陈旧的,古老的;年老的 n. 古时",北京版一年级起点二年级上.xlsx,exact-single,KV000209,old,……岁的；年老的,reuse-candidate,yes,Exact MatchKey; target sense must still be confirmed before merge.
beijing_start1|g2-upper|r072|eight,beijing_start1,2年级上,2,上,72,eight,eight,[eɪt],[eɪt],num. 八;八个;第八 n. 八字形 adj. 八的,北京版一年级起点二年级上.xlsx,exact-single,KV000032,eight,八；八个,reuse-candidate,yes,Exact MatchKey; target sense must still be confirmed before merge.
beijing_start1|g2-upper|r073|cake,beijing_start1,2年级上,2,上,73,cake,cake,[keɪk],[keɪk],n. 蛋糕;块状物;利益总额 vt. 使结块 vi. 结成块状,北京版一年级起点二年级上.xlsx,exact-single,KV000234,cake,蛋糕,reuse-candidate,yes,Exact MatchKey; target sense must still be confirmed before merge.
beijing_start1|g2-upper|r074|look,beijing_start1,2年级上,2,上,74,look,look,[lʊk],[lʊk],vt. 看;期待;注意;面向;看上去像 vi. 看;看起来;注意;面向 n. 看;样子;面容,北京版一年级起点二年级上.xlsx,exact-single,KV000114,look,看,reuse-candidate,yes,Exact MatchKey; target sense must still be confirmed before merge.
beijing_start1|g2-upper|r075|at,beijing_start1,2年级上,2,上,75,at,at,[ət],[ət; æt],prep. 在(表示存在或出现的地点、场所、位置、空间);以(某种价格、速度等);向;达;因为;朝;忙于 n. 阿特(老挝货币基本单位att);[化]砹(极不稳定放射性元素) abbr. 密封的(airtight);气温(air temperature),北京版一年级起点二年级上.xlsx,exact-single,KV000199,at,在……时刻,reuse-candidate,yes,Exact MatchKey; target sense must still be confirmed before merge.
beijing_start1|g2-upper|r076|tree,beijing_start1,2年级上,2,上,76,tree,tree,[triː],[triː],n. 树;木料;树状物 vt. 把...赶上树 vi. 爬上树;逃上树,北京版一年级起点二年级上.xlsx,exact-single,KV000136,tree,树,reuse-candidate,yes,Exact MatchKey; target sense must still be confirmed before merge.
beijing_start1|g2-upper|r077|big,beijing_start1,2年级上,2,上,77,big,big,[bɪɡ],[bɪɡ],adj. 大的;重要的;量大的 adv. 大量地;顺利;夸大地,北京版一年级起点二年级上.xlsx,exact-single,KV000119,big,大的,reuse-candidate,yes,Exact MatchKey; target sense must still be confirmed before merge.
beijing_start1|g2-upper|r078|new,beijing_start1,2年级上,2,上,78,new,new,[njuː],[nuː],"adj. 新的,新鲜的;更新的;初见的 adv. 新近",北京版一年级起点二年级上.xlsx,exact-single,KV000125,new,新的,reuse-candidate,yes,Exact MatchKey; target sense must still be confirmed before merge.
beijing_start1|g2-upper|r079|year,beijing_start1,2年级上,2,上,79,year,year,[jɪə(r)],[jɪr],n. 年;年度;历年;年纪;一年的期间;某年级的学生,北京版一年级起点二年级上.xlsx,exact-single,KV000208,year,年；岁,reuse-candidate,yes,Exact MatchKey; target sense must still be confirmed before merge.
beijing_start1|g2-lower|r002|time,beijing_start1,2年级下,2,下,2,time,time,[taɪm],[taɪm],n. 时间;时代;次数;节拍;倍数 adj. 定时的;定期的;分期的 vt. 计时;测定...的时间;安排...的速度,北京版一年级起点二年级下.xlsx,exact-single,KV000188,time,时间；时刻,reuse-candidate,yes,Exact MatchKey; target sense must still be confirmed before merge.
beijing_start1|g2-lower|r003|o'clock,beijing_start1,2年级下,2,下,3,o'clock,o'clock,,,abbr. ...点钟(等于of the clock),北京版一年级起点二年级下.xlsx,no-existing-match,,,,new-identity-candidate,yes,No existing MatchKey candidate; confirm this is a genuine new learning unit.
beijing_start1|g2-lower|r004|nice,beijing_start1,2年级下,2,下,4,nice,nice,[naɪs],[naɪs],adj. 精密的;美好的;细微的;和蔼的,北京版一年级起点二年级下.xlsx,exact-single,KV000538,nice,友好的；好的,reuse-candidate,yes,Exact MatchKey; target sense must still be confirmed before merge.
beijing_start1|g2-lower|r005|when,beijing_start1,2年级下,2,下,5,when,when,[wen],[wen],"conj. 考虑到;既然;当...时;在...时;如果 n. 时间,时候;日期;场合 adv. 什么时候,何时;(用于时间的表达方式之后)在那时;其时;当时 pron. 那时;什么时侯",北京版一年级起点二年级下.xlsx,exact-single,KV000197,when,什么时候,reuse-candidate,yes,Exact MatchKey; target sense must still be confirmed before merge.
beijing_start1|g2-lower|r006|thirty,beijing_start1,2年级下,2,下,6,thirty,thirty,[ˈθɜːti],[ˈθɜːrti],num. 三十 n. 三十年代 adj. 三十个的,北京版一年级起点二年级下.xlsx,exact-single,KV000182,thirty,三十,reuse-candidate,yes,Exact MatchKey; target sense must still be confirmed before merge.
beijing_start1|g2-lower|r007|home,beijing_start1,2年级下,2,下,7,home,home,[həʊm],[hoʊm],"n. 家,住宅;产地;家乡;避难所 adj. 国内的,家庭的;有效的 vt. 归巢,回家 adv. 在家,回家;深入地",北京版一年级起点二年级下.xlsx,exact-single,KV000335,home,家；在家,reuse-candidate,yes,Exact MatchKey; target sense must still be confirmed before merge.
beijing_start1|g2-lower|r008|five,beijing_start1,2年级下,2,下,8,five,five,[faɪv],[faɪv],"num. 五,五个 n. 五,五个;五美元钞票 adj. 五的;五个的",北京版一年级起点二年级下.xlsx,exact-single,KV000029,five,五；五个,reuse-candidate,yes,Exact MatchKey; target sense must still be confirmed before merge.
beijing_start1|g2-lower|r009|fifty,beijing_start1,2年级下,2,下,9,fifty,fifty,[ˈfɪfti],[ˈfɪfti],n. 五十;五十个;编号为50的东西 adj. 五十的;五十个的;众多的,北京版一年级起点二年级下.xlsx,exact-single,KV000184,fifty,五十,reuse-candidate,yes,Exact MatchKey; target sense must still be confirmed before merge.
beijing_start1|g2-lower|r010|nine,beijing_start1,2年级下,2,下,10,nine,nine,[naɪn],[naɪn],"n. 九,九个 num. 九;九个 adj. 九的,九个的",北京版一年级起点二年级下.xlsx,exact-single,KV000033,nine,九；九个,reuse-candidate,yes,Exact MatchKey; target sense must still be confirmed before merge.
beijing_start1|g2-lower|r011|twenty,beijing_start1,2年级下,2,下,11,twenty,twenty,[ˈtwenti],[ˈtwenti],num. 二十 n. 二十;二十年代 adj. 二十的,北京版一年级起点二年级下.xlsx,exact-single,KV000181,twenty,二十,reuse-candidate,yes,Exact MatchKey; target sense must still be confirmed before merge.
beijing_start1|g2-lower|r012|sleep,beijing_start1,2年级下,2,下,12,sleep,sleep,[sliːp],[sliːp],"n. 睡眠 vi. 睡,睡觉",北京版一年级起点二年级下.xlsx,exact-single,KV000857,sleep,睡觉,reuse-candidate,yes,Exact MatchKey; target sense must still be confirmed before merge.
beijing_start1|g2-lower|r013|good,beijing_start1,2年级下,2,下,13,good,good,[ɡʊd],[ɡʊd],n. 好处;善行;慷慨的行为 adj. 好的;优良的;愉快的;虔诚的 adv. 好,北京版一年级起点二年级下.xlsx,no-existing-match,,,,new-identity-candidate,yes,No existing MatchKey candidate; confirm this is a genuine new learning unit.
beijing_start1|g2-lower|r014|one,beijing_start1,2年级下,2,下,14,one,one,[wʌn],[wʌn],pron. 一个人;任何人 adj. 一的;唯一的 n. 一 num. 一;一个,北京版一年级起点二年级下.xlsx,exact-single,KV000025,one,一；一个,reuse-candidate,yes,Exact MatchKey; target sense must still be confirmed before merge.
beijing_start1|g2-lower|r015|dad,beijing_start1,2年级下,2,下,15,dad,dad,[dæd],[dæd],n. 爸爸;爹爹,北京版一年级起点二年级下.xlsx,exact-single,KV000409,dad,爸爸,reuse-candidate,yes,Exact MatchKey; target sense must still be confirmed before merge.
beijing_start1|g2-lower|r016|for,beijing_start1,2年级下,2,下,16,for,for,[fə(r)],[fər; fɔːr],"prep. 为,为了;因为;给;对于;至于;适合于 conj. 因为",北京版一年级起点二年级下.xlsx,exact-single,KV000150,for,给；为了,reuse-candidate,yes,Exact MatchKey; target sense must still be confirmed before merge.
beijing_start1|g2-lower|r017|bread,beijing_start1,2年级下,2,下,17,bread,bread,[bred],[bred],n. 面包;生计 vt. 在...上洒面包屑,北京版一年级起点二年级下.xlsx,exact-single,KV000233,bread,面包,reuse-candidate,yes,Exact MatchKey; target sense must still be confirmed before merge.
beijing_start1|g2-lower|r018|milk,beijing_start1,2年级下,2,下,18,milk,milk,[mɪlk],[mɪlk],n. 牛奶;乳状物 vt. 榨取;挤...的奶 vi. 挤奶,北京版一年级起点二年级下.xlsx,exact-multiple,KV000088|KV000890,milk|milk,牛奶|挤奶,identity-review,yes,Multiple existing identities share this MatchKey; select target sense explicitly.
beijing_start1|g2-lower|r019|egg,beijing_start1,2年级下,2,下,19,egg,egg,[eɡ],[eɡ],n. 蛋;卵子;家伙;鸡蛋 vt. 煽动;怂恿,北京版一年级起点二年级下.xlsx,exact-single,KV000082,egg,鸡蛋；蛋,reuse-candidate,yes,Exact MatchKey; target sense must still be confirmed before merge.
beijing_start1|g2-lower|r020|an,beijing_start1,2年级下,2,下,20,an,an,[ən],[ən; æn],art. 一(在元音音素前),北京版一年级起点二年级下.xlsx,exact-single,KV000009,an,一；一个,reuse-candidate,yes,Exact MatchKey; target sense must still be confirmed before merge.
beijing_start1|g2-lower|r021|fish,beijing_start1,2年级下,2,下,21,fish,fish,[fɪʃ],[fɪʃ],"n. 鱼,鱼类 vt. 钓鱼,捕鱼;搜寻 vi. 捕鱼,钓鱼;用钩捞取",北京版一年级起点二年级下.xlsx,exact-single,KV000080,fish,鱼；鱼肉,reuse-candidate,yes,Exact MatchKey; target sense must still be confirmed before merge.
beijing_start1|g2-lower|r022|rice,beijing_start1,2年级下,2,下,22,rice,rice,[raɪs],[raɪs],n. 稻;米饭 vt. 把...捣成米糊状,北京版一年级起点二年级下.xlsx,exact-single,KV000077,rice,米饭,reuse-candidate,yes,Exact MatchKey; target sense must still be confirmed before merge.
beijing_start1|g2-lower|r023|noodle,beijing_start1,2年级下,2,下,23,noodle,noodle,[ˈnuːd(ə)l],[ˈnuːd(ə)l],n. 面条;笨蛋,北京版一年级起点二年级下.xlsx,no-existing-match,,,,new-identity-candidate,yes,No existing MatchKey candidate; confirm this is a genuine new learning unit.
beijing_start1|g2-lower|r024|down,beijing_start1,2年级下,2,下,24,down,down,[daʊn],[daʊn],"prep. 沿着,往下 n. 软毛,绒毛;[地质] 开阔的高地 adj. 向下的 vt. 打倒,击败 adv. 向下,下去;在下面 vi. 下降;下去",北京版一年级起点二年级下.xlsx,no-existing-match,,,,new-identity-candidate,yes,No existing MatchKey candidate; confirm this is a genuine new learning unit.
beijing_start1|g2-lower|r025|ice cream,beijing_start1,2年级下,2,下,25,ice cream,ice cream,[ˈaɪs kriːm],[ˈaɪs kriːm],n. 【食】冰淇淋,北京版一年级起点二年级下.xlsx,morphology-or-phrase,KV000006|KV000008,I|a,我|一；一个,identity-review,yes,Only morphology/phrase-related candidates found; never auto-merge.
beijing_start1|g2-lower|r026|back,beijing_start1,2年级下,2,下,26,back,back,[bæk],[bæk],n. 后面;背部;靠背;足球等的后卫;书报等的末尾 adj. 后面的;过去的;拖欠的 vt. 支持;后退;背书;下赌注 adv. 以前;向后地;来回地;上溯;回来;回原处 vi. 后退;背靠;倒退,北京版一年级起点二年级下.xlsx,no-existing-match,,,,new-identity-candidate,yes,No existing MatchKey candidate; confirm this is a genuine new learning unit.
beijing_start1|g2-lower|r027|hungry,beijing_start1,2年级下,2,下,27,hungry,hungry,[ˈhʌŋɡri],[ˈhʌŋɡri],adj. 饥饿的;渴望的;荒年的;不毛的,北京版一年级起点二年级下.xlsx,exact-single,KV000083,hungry,饿的；饥饿的,reuse-candidate,yes,Exact MatchKey; target sense must still be confirmed before merge.
beijing_start1|g2-lower|r028|hello,beijing_start1,2年级下,2,下,28,hello,hello,[həˈləʊ],[həˈləʊ],"n. 表示问候, 惊奇或唤起注意时的用语 int. 喂;哈罗",北京版一年级起点二年级下.xlsx,no-existing-match,,,,new-identity-candidate,yes,No existing MatchKey candidate; confirm this is a genuine new learning unit.
beijing_start1|g2-lower|r029|dear,beijing_start1,2年级下,2,下,29,dear,dear,[dɪə(r)],[dɪr],n. 亲爱的人 adj. 亲爱的;尊敬的;昂贵的 adv. 高价地;疼爱地 int. 哎呀,北京版一年级起点二年级下.xlsx,exact-single,KV000214,dear,亲爱的,reuse-candidate,yes,Exact MatchKey; target sense must still be confirmed before merge.
beijing_start1|g2-lower|r030|orange,beijing_start1,2年级下,2,下,30,orange,orange,[ˈɒrɪndʒ],[ˈɔrɪndʒ],adj. 橙色的;橘色的 n. 橙;橙色;桔子,北京版一年级起点二年级下.xlsx,exact-single,KV000048,orange,橙子；橙色,reuse-candidate,yes,Exact MatchKey; target sense must still be confirmed before merge.
beijing_start1|g2-lower|r031|vegetable,beijing_start1,2年级下,2,下,31,vegetable,vegetable,[ˈvedʒtəb(ə)l],[ˈvedʒtəbl],n. 蔬菜;植物;植物人 adj. 蔬菜的;植物的,北京版一年级起点二年级下.xlsx,exact-single,KV000079,vegetable,蔬菜,reuse-candidate,yes,Exact MatchKey; target sense must still be confirmed before merge.
beijing_start1|g2-lower|r032|evening,beijing_start1,2年级下,2,下,32,evening,evening,[ˈiːvnɪŋ],[ˈiːvnɪŋ],n. 晚上;傍晚;(联欢性的)晚会;后期 adj. 在晚上的;为晚上的;晚上用的 int. 晚上好(等于good evening),北京版一年级起点二年级下.xlsx,exact-single,KV000366,evening,晚上,reuse-candidate,yes,Exact MatchKey; target sense must still be confirmed before merge.
beijing_start1|g2-lower|r033|room,beijing_start1,2年级下,2,下,33,room,room,[ruːm],[ruːm; rʊm],"n. 房间;空间;余地;机会;房间里所有的人 vt. 为...提供住处;租房,合住;投宿,住宿;留",北京版一年级起点二年级下.xlsx,exact-single,KV000299,room,房间,reuse-candidate,yes,Exact MatchKey; target sense must still be confirmed before merge.
beijing_start1|g2-lower|r034|love,beijing_start1,2年级下,2,下,34,love,love,[lʌv],[lʌv],"n. 恋爱;亲爱的;酷爱;喜爱的事物;爱情,爱意;疼爱;热爱;爱人,所爱之物 v. 爱,热爱;爱戴;赞美,称赞;喜爱;喜好;喜欢;爱慕",北京版一年级起点二年级下.xlsx,exact-single,KV000563,love,喜爱；爱,reuse-candidate,yes,Exact MatchKey; target sense must still be confirmed before merge.
beijing_start1|g2-lower|r035|bed,beijing_start1,2年级下,2,下,35,bed,bed,[bed],[bed],"n. 床;基础;河底, 海底 vt. 使睡觉;安置,嵌入;栽种 vi. 上床;分层",北京版一年级起点二年级下.xlsx,exact-single,KV000063,bed,床,reuse-candidate,yes,Exact MatchKey; target sense must still be confirmed before merge.
beijing_start1|g2-lower|r036|big,beijing_start1,2年级下,2,下,36,big,big,[bɪɡ],[bɪɡ],adj. 大的;重要的;量大的 adv. 大量地;顺利;夸大地,北京版一年级起点二年级下.xlsx,exact-single,KV000119,big,大的,reuse-candidate,yes,Exact MatchKey; target sense must still be confirmed before merge.
beijing_start1|g2-lower|r037|chair,beijing_start1,2年级下,2,下,37,chair,chair,[tʃeə(r)],[tʃer],n. 椅子;讲座;(会议的)主席位;大学教授的职位 vt. 担任(会议的)主席;使...入座;使就任要职,北京版一年级起点二年级下.xlsx,exact-single,KV000054,chair,椅子,reuse-candidate,yes,Exact MatchKey; target sense must still be confirmed before merge.
beijing_start1|g2-lower|r038|sit,beijing_start1,2年级下,2,下,38,sit,sit,[sɪt],[sɪt],vi. 坐;位于 vt. 使就座,北京版一年级起点二年级下.xlsx,no-existing-match,,,,new-identity-candidate,yes,No existing MatchKey candidate; confirm this is a genuine new learning unit.
beijing_start1|g2-lower|r039|kitchen,beijing_start1,2年级下,2,下,39,kitchen,kitchen,[ˈkɪtʃɪn],[ˈkɪtʃɪn],n. 厨房;炊具;炊事人员,北京版一年级起点二年级下.xlsx,exact-single,KV000341,kitchen,厨房,reuse-candidate,yes,Exact MatchKey; target sense must still be confirmed before merge.
beijing_start1|g2-lower|r040|fridge,beijing_start1,2年级下,2,下,40,fridge,fridge,[frɪdʒ],[frɪdʒ],n. 电冰箱,北京版一年级起点二年级下.xlsx,no-existing-match,,,,new-identity-candidate,yes,No existing MatchKey candidate; confirm this is a genuine new learning unit.
beijing_start1|g2-lower|r041|table,beijing_start1,2年级下,2,下,41,table,table,[ˈteɪb(ə)l],[ˈteɪbl],n. 桌子;表格;平地层 vt. 制表;搁置;嵌合 adj. 桌子的,北京版一年级起点二年级下.xlsx,no-existing-match,,,,new-identity-candidate,yes,No existing MatchKey candidate; confirm this is a genuine new learning unit.
beijing_start1|g2-lower|r042|bathroom,beijing_start1,2年级下,2,下,42,bathroom,bathroom,[ˈbɑːθruːm; ˈbɑːθrʊm],[ˈbæθruːm],n. 浴室;厕所;盥洗室,北京版一年级起点二年级下.xlsx,exact-single,KV000338,bathroom,浴室；卫生间,reuse-candidate,yes,Exact MatchKey; target sense must still be confirmed before merge.
beijing_start1|g2-lower|r043|want,beijing_start1,2年级下,2,下,43,want,want,[wɒnt],[wɑːnt],n. 需要;缺乏;贫困;必需品 vt. 需要;希望;应该;缺少 vi. 需要;缺少,北京版一年级起点二年级下.xlsx,exact-single,KV000084,want,想要,reuse-candidate,yes,Exact MatchKey; target sense must still be confirmed before merge.
beijing_start1|g2-lower|r044|call,beijing_start1,2年级下,2,下,44,call,call,[kɔːl],[kɔːl],n. 电话;呼叫;要求;访问 vi. 呼叫;拜访;叫牌 vt. 呼叫;称呼;召集,北京版一年级起点二年级下.xlsx,exact-single,KV000578,call,打电话；呼叫,reuse-candidate,yes,Exact MatchKey; target sense must still be confirmed before merge.
beijing_start1|g2-lower|r045|mum,beijing_start1,2年级下,2,下,45,mum,mum,[mʌm],[mʌm],adj. 沉默的 n. 妈妈(口语);沉默;菊花 vi. 演哑剧 int. 别说话,北京版一年级起点二年级下.xlsx,no-existing-match,,,,new-identity-candidate,yes,No existing MatchKey candidate; confirm this is a genuine new learning unit.
beijing_start1|g2-lower|r046|phone,beijing_start1,2年级下,2,下,46,phone,phone,[fəʊn],[foʊn],"n. 电话;耳机,听筒 vt. 打电话 vi. 打电话",北京版一年级起点二年级下.xlsx,exact-single,KV000408,phone,电话；打电话,reuse-candidate,yes,Exact MatchKey; target sense must still be confirmed before merge.
beijing_start1|g2-lower|r047|where,beijing_start1,2年级下,2,下,47,where,where,[weə(r)],[wer],conj. 在...的地方 n. 地点 adv. 在哪里 pron. 哪里,北京版一年级起点二年级下.xlsx,exact-single,KV000060,where,哪里,reuse-candidate,yes,Exact MatchKey; target sense must still be confirmed before merge.
beijing_start1|g2-lower|r048|shirt,beijing_start1,2年级下,2,下,48,shirt,shirt,[ʃɜːt],[ʃɜːrt],"n. 衬衫;汗衫,内衣",北京版一年级起点二年级下.xlsx,exact-single,KV000092,shirt,衬衫,reuse-candidate,yes,Exact MatchKey; target sense must still be confirmed before merge.
beijing_start1|g2-lower|r049|find,beijing_start1,2年级下,2,下,49,find,find,[faɪnd],[faɪnd],"n. 发现 vi. 裁决 vt. 查找,找到;发现;认为;感到;获得",北京版一年级起点二年级下.xlsx,exact-single,KV000405,find,找到；发现,reuse-candidate,yes,Exact MatchKey; target sense must still be confirmed before merge.
beijing_start1|g2-lower|r050|coat,beijing_start1,2年级下,2,下,50,coat,coat,[kəʊt],[koʊt],n. 外套 vt. 覆盖...的表面,北京版一年级起点二年级下.xlsx,exact-single,KV000255,coat,外套,reuse-candidate,yes,Exact MatchKey; target sense must still be confirmed before merge.
beijing_start1|g2-lower|r051|sofa,beijing_start1,2年级下,2,下,51,sofa,sofa,[ˈsəʊfə],[ˈsoʊfə],n. 沙发;长椅,北京版一年级起点二年级下.xlsx,exact-single,KV000343,sofa,沙发,reuse-candidate,yes,Exact MatchKey; target sense must still be confirmed before merge.
beijing_start1|g2-lower|r052|this,beijing_start1,2年级下,2,下,52,this,this,[ðɪs],[ðɪs],adj. 这;本;这个;今 pron. 这;这个;这里 adv. 这样地;这么,北京版一年级起点二年级下.xlsx,exact-single,KV000015,this,这；这个,reuse-candidate,yes,Exact MatchKey; target sense must still be confirmed before merge.
beijing_start1|g2-lower|r053|jacket,beijing_start1,2年级下,2,下,53,jacket,jacket,[ˈdʒækɪt],[ˈdʒækɪt],"n. 羽绒滑雪衫;西装短外套;短上衣,夹克;土豆皮;书籍的护封;文件套,公文夹 vt. 给...穿夹克;给...装护套;给...包上护封;〈口〉打",北京版一年级起点二年级下.xlsx,exact-single,KV000258,jacket,夹克衫,reuse-candidate,yes,Exact MatchKey; target sense must still be confirmed before merge.
beijing_start1|g2-lower|r054|that,beijing_start1,2年级下,2,下,54,that,that,[ðæt],[ðæt],conj. 因为;以至于 adj. 那;那个 pron. 那;那个 adv. 那么;那样,北京版一年级起点二年级下.xlsx,exact-single,KV000291,that,那；那个,reuse-candidate,yes,Exact MatchKey; target sense must still be confirmed before merge.
beijing_start1|g2-lower|r055|schoolbag,beijing_start1,2年级下,2,下,55,schoolbag,schoolbag,[ˈskuːlbæɡ],[ˈskuːlˌbæɡ],n. 书包,北京版一年级起点二年级下.xlsx,exact-single,KV000004,schoolbag,书包,reuse-candidate,yes,Exact MatchKey; target sense must still be confirmed before merge.
beijing_start1|g2-lower|r056|shorts,beijing_start1,2年级下,2,下,56,shorts,shorts,[ʃɔːts],[ʃɔːrts],n. 短裤,北京版一年级起点二年级下.xlsx,exact-single,KV000097,shorts,短裤,reuse-candidate,yes,Exact MatchKey; target sense must still be confirmed before merge.
beijing_start1|g2-lower|r057|not,beijing_start1,2年级下,2,下,57,not,not,[nɒt],[nɑːt],"adv. 表示否定,不 n. “非”(计算机中逻辑运算的一种)",北京版一年级起点二年级下.xlsx,no-existing-match,,,,new-identity-candidate,yes,No existing MatchKey candidate; confirm this is a genuine new learning unit.
beijing_start1|g2-lower|r058|bag,beijing_start1,2年级下,2,下,58,bag,bag,[bæɡ],[bæɡ],"n. 袋;猎获物;(俚)一瓶啤酒 vt. 猎获;把...装入袋中;占据,私吞;使膨大 vi. 松垂",北京版一年级起点二年级下.xlsx,no-existing-match,,,,new-identity-candidate,yes,No existing MatchKey candidate; confirm this is a genuine new learning unit.
beijing_start1|g2-lower|r059|trousers,beijing_start1,2年级下,2,下,59,trousers,trousers,[ˈtraʊzəz],[ˈtraʊzərz],"n. 裤子,长裤",北京版一年级起点二年级下.xlsx,exact-single,KV000260,trousers,裤子；长裤,reuse-candidate,yes,Exact MatchKey; target sense must still be confirmed before merge.
beijing_start1|g2-lower|r060|how,beijing_start1,2年级下,2,下,60,how,how,[haʊ],[haʊ],adv. 如何;多少;多么 n. 方法;方式 conj. 如何,北京版一年级起点二年级下.xlsx,exact-single,KV000035,how,怎样；多少,reuse-candidate,yes,Exact MatchKey; target sense must still be confirmed before merge.
beijing_start1|g2-lower|r061|bus,beijing_start1,2年级下,2,下,61,bus,bus,[bʌs],[bʌs],n. 公共汽车 乘公共汽车,北京版一年级起点二年级下.xlsx,no-existing-match,,,,new-identity-candidate,yes,No existing MatchKey candidate; confirm this is a genuine new learning unit.
beijing_start1|g2-lower|r062|by,beijing_start1,2年级下,2,下,62,by,by,[baɪ],[baɪ],prep. 通过;被;依据;经由;在附近;在......之前 adv. 通过;经过;附近;[互联网] 白俄罗斯的国家代码顶级域名,北京版一年级起点二年级下.xlsx,no-existing-match,,,,new-identity-candidate,yes,No existing MatchKey candidate; confirm this is a genuine new learning unit.
beijing_start1|g2-lower|r063|car,beijing_start1,2年级下,2,下,63,car,car,[kɑː(r)],[kɑːr],n. 汽车;车厢,北京版一年级起点二年级下.xlsx,exact-single,KV000072,car,小汽车；汽车,reuse-candidate,yes,Exact MatchKey; target sense must still be confirmed before merge.
beijing_start1|g2-lower|r064|work,beijing_start1,2年级下,2,下,64,work,work,[wɜːk],[wɜːrk],n. 工作;[物] 功;产品;操作;职业;行为;事业;工厂;著作;文学、音乐或艺术作品 vt. 使工作;操作;经营;使缓慢前进 vi. 工作;运作;起作用,北京版一年级起点二年级下.xlsx,exact-single,KV000859,work,做（某事）；工作,reuse-candidate,yes,Exact MatchKey; target sense must still be confirmed before merge.
beijing_start1|g2-lower|r065|she,beijing_start1,2年级下,2,下,65,she,she,[ʃi],[ʃi; ʃiː],n. 女人;雌性动物 pron. 她(主格);它(用来指雌性动物或国家、船舶、地球、月亮等),北京版一年级起点二年级下.xlsx,exact-single,KV000107,she,她,reuse-candidate,yes,Exact MatchKey; target sense must still be confirmed before merge.
beijing_start1|g2-lower|r066|bike,beijing_start1,2年级下,2,下,66,bike,bike,[baɪk],[baɪk],n. 自行车;脚踏车 vi. 骑自行车(或摩托车),北京版一年级起点二年级下.xlsx,no-existing-match,,,,new-identity-candidate,yes,No existing MatchKey candidate; confirm this is a genuine new learning unit.
beijing_start1|g2-lower|r067|he,beijing_start1,2年级下,2,下,67,he,he,[hi; iː; i; hiː],[hi; iː; i; hiː],"n. 男孩,男人;它(雄性动物) pron. 他",北京版一年级起点二年级下.xlsx,exact-single,KV000106,he,他,reuse-candidate,yes,Exact MatchKey; target sense must still be confirmed before merge.
beijing_start1|g2-lower|r068|come,beijing_start1,2年级下,2,下,68,come,come,[kʌm],[kʌm],vi. 来;开始;出现;发生;变成;到达 vt. 做;假装;将满(...岁) int. 嗨!,北京版一年级起点二年级下.xlsx,exact-single,KV000394,come,来,reuse-candidate,yes,Exact MatchKey; target sense must still be confirmed before merge.
beijing_start1|g2-lower|r069|taxi,beijing_start1,2年级下,2,下,69,taxi,taxi,[ˈtæksi],[ˈtæksi],n. 出租汽车 vt. 使滑行;用出租车送 vi. 乘出租车;滑行,北京版一年级起点二年级下.xlsx,no-existing-match,,,,new-identity-candidate,yes,No existing MatchKey candidate; confirm this is a genuine new learning unit.
beijing_start1|g2-lower|r070|they,beijing_start1,2年级下,2,下,70,they,they,[ðeɪ],[ðeɪ],pron. 他们;它们;她们,北京版一年级起点二年级下.xlsx,exact-single,KV000301,they,他们；她们；它们,reuse-candidate,yes,Exact MatchKey; target sense must still be confirmed before merge.
beijing_start1|g2-lower|r071|sky,beijing_start1,2年级下,2,下,71,sky,sky,[skaɪ],[skaɪ],n. 天空;顶点 vt. 把...投向空中;把...挂得过高 vi. 踢或击高空球;把桨叶翘得过高;飞涨,北京版一年级起点二年级下.xlsx,no-existing-match,,,,new-identity-candidate,yes,No existing MatchKey candidate; confirm this is a genuine new learning unit.
beijing_start1|g2-lower|r072|blue,beijing_start1,2年级下,2,下,72,blue,blue,[bluː],[bluː],"adj. 蓝色的;沮丧的,忧郁的;下流的 n. 蓝色;[复数](美国海、陆、空三军穿的)蓝色制服;蓝颜料;[the blue(s)][用作单数或复数]布鲁斯(歌曲)(一种伤感的美国黑人民歌 vi. 变成蓝色,呈蓝色 vt. 把...染成蓝色;使成蓝色;给...用上蓝剂;用上蓝剂于",北京版一年级起点二年级下.xlsx,exact-single,KV000041,blue,蓝色；蓝色的,reuse-candidate,yes,Exact MatchKey; target sense must still be confirmed before merge.
beijing_start1|g2-lower|r073|green,beijing_start1,2年级下,2,下,73,green,green,[ɡriːn],[ɡriːn],n. 绿色;青春 adj. 绿色的;青春的 vt. 使...变绿色 vi. 变绿色,北京版一年级起点二年级下.xlsx,exact-single,KV000043,green,绿色；绿色的,reuse-candidate,yes,Exact MatchKey; target sense must still be confirmed before merge.
beijing_start1|g2-lower|r074|white,beijing_start1,2年级下,2,下,74,white,white,[waɪt],[waɪt],n. 白色;洁白;白种人 adj. 白色的;白种的;纯洁的,北京版一年级起点二年级下.xlsx,no-existing-match,,,,new-identity-candidate,yes,No existing MatchKey candidate; confirm this is a genuine new learning unit.
beijing_start1|g2-lower|r075|snow,beijing_start1,2年级下,2,下,75,snow,snow,[snəʊ],[snoʊ],"n. 雪,积雪;下雪 vt. 使纷纷落下;使变白 vi. 降雪",北京版一年级起点二年级下.xlsx,exact-single,KV000392,snow,雪,reuse-candidate,yes,Exact MatchKey; target sense must still be confirmed before merge.
beijing_start1|g2-lower|r076|cool,beijing_start1,2年级下,2,下,76,cool,cool,[kuːl],[kuːl],n. 凉爽;凉爽的空气 adj. 凉爽的;冷静的;出色的 vt. 使...冷却;使...平静下来 vi. 变凉;平息 adv. 冷静地,北京版一年级起点二年级下.xlsx,exact-single,KV000175,cool,凉爽的,reuse-candidate,yes,Exact MatchKey; target sense must still be confirmed before merge.
beijing_start1|g2-lower|r077|cold,beijing_start1,2年级下,2,下,77,cold,cold,[kəʊld],[kəʊld],"n. 寒冷;感冒 adj. 寒冷的;冷淡的,不热情的;失去知觉的 adv. 完全地",北京版一年级起点二年级下.xlsx,exact-single,KV000176,cold,寒冷的,reuse-candidate,yes,Exact MatchKey; target sense must still be confirmed before merge.
beijing_start1|g2-lower|r078|make,beijing_start1,2年级下,2,下,78,make,make,[meɪk],[meɪk],"vt. 使得;进行;布置,准备,整理;制造;认为;获得;形成;安排;引起;构成 vi. 开始;前进;增大;被制造 n. 制造;构造;性情",北京版一年级起点二年级下.xlsx,no-existing-match,,,,new-identity-candidate,yes,No existing MatchKey candidate; confirm this is a genuine new learning unit.
beijing_start1|g2-lower|r079|which,beijing_start1,2年级下,2,下,79,which,which,[wɪtʃ],[wɪtʃ],adj. 哪一个;哪一些 pron. 哪/那一个;哪/那一些,北京版一年级起点二年级下.xlsx,exact-single,KV000836,which,哪一个；哪一些,reuse-candidate,yes,Exact MatchKey; target sense must still be confirmed before merge.
beijing_start1|g2-lower|r080|spring,beijing_start1,2年级下,2,下,80,spring,spring,[sprɪŋ],[sprɪŋ],n. 春天;弹簧;泉水;活力;跳跃 adj. 春天的 vt. 使跳起;使爆炸;突然提出;使弹开 vi. 生长;涌出;跃出;裂开,北京版一年级起点二年级下.xlsx,exact-single,KV000169,spring,春天,reuse-candidate,yes,Exact MatchKey; target sense must still be confirmed before merge.
beijing_start1|g3-upper|r002|boy,beijing_start1,3年级上,3,上,2,boy,boy,[bɔɪ],[bɔɪ],n. 男孩;男人,北京版一年级起点三年级上.xlsx,exact-single,KV000113,boy,男孩,reuse-candidate,yes,Exact MatchKey; target sense must still be confirmed before merge.
beijing_start1|g3-upper|r003|girl,beijing_start1,3年级上,3,上,3,girl,girl,[ɡɜːl],[ɡɜːrl],"n. 女孩;姑娘,未婚女子;女职员,女演员;(男人的)女朋友 n. (捷)吉尔",北京版一年级起点三年级上.xlsx,exact-single,KV000111,girl,女孩,reuse-candidate,yes,Exact MatchKey; target sense must still be confirmed before merge.
beijing_start1|g3-upper|r004|miss,beijing_start1,3年级上,3,上,4,Miss,miss,,,"n. 女士,小姐,年轻未婚女子 vt. 错过,想念,缺(勤)",北京版一年级起点三年级上.xlsx,no-existing-match,,,,new-identity-candidate,yes,No existing MatchKey candidate; confirm this is a genuine new learning unit.
beijing_start1|g3-upper|r005|first,beijing_start1,3年级上,3,上,5,first,first,[fɜːst],[fɜːrst],num. 第一 n. 第一;开始;冠军 adj. 第一的;基本的;最早的 adv. 第一;首先;优先;宁愿,北京版一年级起点三年级上.xlsx,exact-single,KV000279,first,第一；首先,reuse-candidate,yes,Exact MatchKey; target sense must still be confirmed before merge.
beijing_start1|g3-upper|r006|september,beijing_start1,3年级上,3,上,6,September,september,[sepˈtembə(r)],[sepˈtembər],n. 九月,北京版一年级起点三年级上.xlsx,exact-single,KV000274,September,九月,reuse-candidate,yes,Exact MatchKey; target sense must still be confirmed before merge.
beijing_start1|g3-upper|r007|second,beijing_start1,3年级上,3,上,7,second,second,[ˈsekənd],[ˈsekənd; sɪˈkɑːnd],num. 第二 n. 秒;第二名;瞬间;二等品 adj. 第二的;次要的;附加的 vt. 支持 adv. 第二;其次;居第二位,北京版一年级起点三年级上.xlsx,exact-single,KV000296,second,第二,reuse-candidate,yes,Exact MatchKey; target sense must still be confirmed before merge.
beijing_start1|g3-upper|r008|third,beijing_start1,3年级上,3,上,8,third,third,[θɜːd],[θɜːrd],num. 第三;三分之一 adj. 第三的;三分之一的,北京版一年级起点三年级上.xlsx,exact-single,KV000297,third,第三,reuse-candidate,yes,Exact MatchKey; target sense must still be confirmed before merge.
beijing_start1|g3-upper|r009|fourth,beijing_start1,3年级上,3,上,9,fourth,fourth,[fɔːθ],[fɔːrθ],"num. 第四 n. 第四,月的第四日;四分之一 adj. 第四的,第四个的;四分之一的",北京版一年级起点三年级上.xlsx,no-existing-match,,,,new-identity-candidate,yes,No existing MatchKey candidate; confirm this is a genuine new learning unit.
beijing_start1|g3-upper|r010|pupil,beijing_start1,3年级上,3,上,10,pupil,pupil,[ˈpjuːp(ə)l],[ˈpjuːpl],n. 学生;[解剖] 瞳孔;未成年人,北京版一年级起点三年级上.xlsx,exact-single,KV000768,pupil,小学生；学生,reuse-candidate,yes,Exact MatchKey; target sense must still be confirmed before merge.
beijing_start1|g3-upper|r011|hi,beijing_start1,3年级上,3,上,11,hi,hi,[haɪ],[haɪ],int. 嗨!(表示问候或用以唤起注意),北京版一年级起点三年级上.xlsx,no-existing-match,,,,new-identity-candidate,yes,No existing MatchKey candidate; confirm this is a genuine new learning unit.
beijing_start1|g3-upper|r012|name,beijing_start1,3年级上,3,上,12,name,name,[neɪm],[neɪm],"n. 名称,名字;姓名;名誉 vt. 命名,任命;指定;称呼;提名;叫出 adj. 姓名的;据以取名的",北京版一年级起点三年级上.xlsx,exact-single,KV000116,name,名字,reuse-candidate,yes,Exact MatchKey; target sense must still be confirmed before merge.
beijing_start1|g3-upper|r013|meet,beijing_start1,3年级上,3,上,13,meet,meet,[miːt],[miːt],vt. 满足;遇见;对付 vi. 相遇;接触 n. 集会 adj. 合适的;适宜的,北京版一年级起点三年级上.xlsx,exact-single,KV000770,meet,见面；遇见,reuse-candidate,yes,Exact MatchKey; target sense must still be confirmed before merge.
beijing_start1|g3-upper|r014|fifth,beijing_start1,3年级上,3,上,14,fifth,fifth,[fɪfθ],[fɪfθ],num. 第五 n. 第五;五分之一 adj. 第五的;五分之一的,北京版一年级起点三年级上.xlsx,exact-single,KV000602,fifth,第五,reuse-candidate,yes,Exact MatchKey; target sense must still be confirmed before merge.
beijing_start1|g3-upper|r015|sixth,beijing_start1,3年级上,3,上,15,sixth,sixth,[sɪksθ],[sɪksθ],"n. 月的第六日,(与the连用的)第六个;六分之一 adj. (与 the 连用)第六的,第六个的;六分之一的",北京版一年级起点三年级上.xlsx,no-existing-match,,,,new-identity-candidate,yes,No existing MatchKey candidate; confirm this is a genuine new learning unit.
beijing_start1|g3-upper|r016|seventh,beijing_start1,3年级上,3,上,16,seventh,seventh,[ˈsev(ə)nθ],[ˈsevnθ],n. 第七;七分之一 adj. 第七的;七分之一的 adv. 居第七位地,北京版一年级起点三年级上.xlsx,no-existing-match,,,,new-identity-candidate,yes,No existing MatchKey candidate; confirm this is a genuine new learning unit.
beijing_start1|g3-upper|r017|teacher,beijing_start1,3年级上,3,上,17,teacher,teacher,[ˈtiːtʃə(r)],[ˈtiːtʃər],n. 教师;导师,北京版一年级起点三年级上.xlsx,exact-single,KV000005,teacher,老师,reuse-candidate,yes,Exact MatchKey; target sense must still be confirmed before merge.
beijing_start1|g3-upper|r018|card,beijing_start1,3年级上,3,上,18,card,card,[kɑːd],[kɑːrd],n. 卡片;纸牌;明信片 vt. 记于卡片上,北京版一年级起点三年级上.xlsx,exact-single,KV000144,card,卡片；贺卡,reuse-candidate,yes,Exact MatchKey; target sense must still be confirmed before merge.
beijing_start1|g3-upper|r019|tenth,beijing_start1,3年级上,3,上,19,tenth,tenth,[tenθ],[tenθ],num. 第十;十分之一 adj. 十分之一的;第十个的,北京版一年级起点三年级上.xlsx,exact-single,KV000604,tenth,第十,reuse-candidate,yes,Exact MatchKey; target sense must still be confirmed before merge.
beijing_start1|g3-upper|r020|eighth,beijing_start1,3年级上,3,上,20,eighth,eighth,[eɪtθ],[eɪtθ],num. 第八;八分之一 adj. 第八的;八分之一的,北京版一年级起点三年级上.xlsx,no-existing-match,,,,new-identity-candidate,yes,No existing MatchKey candidate; confirm this is a genuine new learning unit.
beijing_start1|g3-upper|r021|ninth,beijing_start1,3年级上,3,上,21,ninth,ninth,[naɪnθ],[naɪnθ],num. 第九 adj. 第九的;九分之一的 n. 九分之一,北京版一年级起点三年级上.xlsx,no-existing-match,,,,new-identity-candidate,yes,No existing MatchKey candidate; confirm this is a genuine new learning unit.
beijing_start1|g3-upper|r022|month,beijing_start1,3年级上,3,上,22,month,month,[mʌnθ],[mʌnθ],"n. 月,一个月的时间",北京版一年级起点三年级上.xlsx,no-existing-match,,,,new-identity-candidate,yes,No existing MatchKey candidate; confirm this is a genuine new learning unit.
beijing_start1|g3-upper|r023|october,beijing_start1,3年级上,3,上,23,October,october,[ɒkˈtəʊbə(r)],[ɑːkˈtoʊbər],n. [天] 十月,北京版一年级起点三年级上.xlsx,exact-single,KV000275,October,十月,reuse-candidate,yes,Exact MatchKey; target sense must still be confirmed before merge.
beijing_start1|g3-upper|r024|eleventh,beijing_start1,3年级上,3,上,24,eleventh,eleventh,[ɪˈlev(ə)nθ],[ɪˈlevnθ],num. 第十一;十一分之一 n. 第十一;十一分之一 adj. 第十一的;十一分之一的,北京版一年级起点三年级上.xlsx,no-existing-match,,,,new-identity-candidate,yes,No existing MatchKey candidate; confirm this is a genuine new learning unit.
beijing_start1|g3-upper|r025|november,beijing_start1,3年级上,3,上,25,November,november,[nəʊˈvembə(r)],[noʊˈvembər],n. 十一月,北京版一年级起点三年级上.xlsx,exact-single,KV000276,November,十一月,reuse-candidate,yes,Exact MatchKey; target sense must still be confirmed before merge.
beijing_start1|g3-upper|r026|right,beijing_start1,3年级上,3,上,26,right,right,[raɪt],[raɪt],n. 正确;右边;正义 adj. 正确的;直接的;右方的 vt. 纠正 adv. 正确地;恰当地;彻底地 vi. 复正;恢复平稳,北京版一年级起点三年级上.xlsx,no-existing-match,,,,new-identity-candidate,yes,No existing MatchKey candidate; confirm this is a genuine new learning unit.
beijing_start1|g3-upper|r027|twelfth,beijing_start1,3年级上,3,上,27,twelfth,twelfth,[twelfθ],[twelfθ],"n. 第十二;月的第十二日 adj. 第十二的,第十二个的;十二分之一的",北京版一年级起点三年级上.xlsx,exact-single,KV000606,twelfth,第十二,reuse-candidate,yes,Exact MatchKey; target sense must still be confirmed before merge.
beijing_start1|g3-upper|r028|december,beijing_start1,3年级上,3,上,28,December,december,[dɪˈsembə(r)],[dɪˈsembər],n. 十二月,北京版一年级起点三年级上.xlsx,exact-single,KV000277,December,十二月,reuse-candidate,yes,Exact MatchKey; target sense must still be confirmed before merge.
beijing_start1|g3-upper|r029|date,beijing_start1,3年级上,3,上,29,date,date,[deɪt],[deɪt],n. 日期;约会;年代;枣椰子 vt. 确定...年代;和...约会 vi. 过时;注明日期;始于(某一历史时期),北京版一年级起点三年级上.xlsx,no-existing-match,,,,new-identity-candidate,yes,No existing MatchKey candidate; confirm this is a genuine new learning unit.
beijing_start1|g3-upper|r030|today,beijing_start1,3年级上,3,上,30,today,today,[təˈdeɪ],[təˈdeɪ],n. 今天;现今 adv. 今天;现今,北京版一年级起点三年级上.xlsx,exact-single,KV000207,today,今天,reuse-candidate,yes,Exact MatchKey; target sense must still be confirmed before merge.
beijing_start1|g3-upper|r031|thirteenth,beijing_start1,3年级上,3,上,31,thirteenth,thirteenth,[ˌθɜːˈtiːnθ],[ˌθɜːrˈtiːnθ],n. 第十三;十三分之一 adj. 第十三的;十三分之一的,北京版一年级起点三年级上.xlsx,no-existing-match,,,,new-identity-candidate,yes,No existing MatchKey candidate; confirm this is a genuine new learning unit.
beijing_start1|g3-upper|r032|football,beijing_start1,3年级上,3,上,32,football,football,[ˈfʊtbɔːl],[ˈfʊtbɔːl],"n. 足球,橄榄球 vi. 踢足球;打橄榄球",北京版一年级起点三年级上.xlsx,exact-single,KV000815,football,足球运动,reuse-candidate,yes,Exact MatchKey; target sense must still be confirmed before merge.
beijing_start1|g3-upper|r033|seventeenth,beijing_start1,3年级上,3,上,33,seventeenth,seventeenth,[ˌsev(ə)nˈtiːnθ],[ˌsevnˈtiːnθ],"n. 第十七日;十七分之一 num. 第十七 adj. 第十七的,第十七个的;十七分之一的",北京版一年级起点三年级上.xlsx,no-existing-match,,,,new-identity-candidate,yes,No existing MatchKey candidate; confirm this is a genuine new learning unit.
beijing_start1|g3-upper|r034|eighteenth,beijing_start1,3年级上,3,上,34,eighteenth,eighteenth,[ˌeɪˈtiːnθ],[ˌeɪˈtiːnθ],"num. 第十八;十八分之一 adj. 第十八的,第十八个的;十八分之一的",北京版一年级起点三年级上.xlsx,no-existing-match,,,,new-identity-candidate,yes,No existing MatchKey candidate; confirm this is a genuine new learning unit.
beijing_start1|g3-upper|r035|nineteenth,beijing_start1,3年级上,3,上,35,nineteenth,nineteenth,[ˌnaɪnˈtiːnθ],[ˌnaɪnˈtiːnθ],num. 第十九;十九分之一,北京版一年级起点三年级上.xlsx,no-existing-match,,,,new-identity-candidate,yes,No existing MatchKey candidate; confirm this is a genuine new learning unit.
beijing_start1|g3-upper|r036|sport,beijing_start1,3年级上,3,上,36,sport,sport,[spɔːt],[spɔːrt],n. 运动;游戏;娱乐;运动会;玩笑 adj. 运动的 vt. 游戏;参加体育运动;夸耀 vi. 游戏,北京版一年级起点三年级上.xlsx,exact-single,KV000818,sport,体育运动,reuse-candidate,yes,Exact MatchKey; target sense must still be confirmed before merge.
beijing_start1|g3-upper|r037|run,beijing_start1,3年级上,3,上,37,run,run,[rʌn],[rʌn],"n. 奔跑;赛跑;趋向;奔跑的路程 vt. 管理,经营;运行;参赛 vi. 经营;奔跑;运转",北京版一年级起点三年级上.xlsx,exact-single,KV000334,run,跑；奔跑,reuse-candidate,yes,Exact MatchKey; target sense must still be confirmed before merge.
beijing_start1|g3-upper|r038|race,beijing_start1,3年级上,3,上,38,race,race,[reɪs],[reɪs],"n. 属,种;种族,人种;家庭,门第 vt. 使参加比赛;和...竞赛;使急走,使全速行进 vi. 比速度,参加竞赛;全速行进",北京版一年级起点三年级上.xlsx,exact-single,KV000735,race,比赛；赛跑,reuse-candidate,yes,Exact MatchKey; target sense must still be confirmed before merge.
beijing_start1|g3-upper|r039|high,beijing_start1,3年级上,3,上,39,high,high,[haɪ],[haɪ],n. 高水平;天空;由麻醉品引起的快感;高压地带 adj. 高的;高级的;崇高的;高音调的 adv. 高;奢侈地,北京版一年级起点三年级上.xlsx,no-existing-match,,,,new-identity-candidate,yes,No existing MatchKey candidate; confirm this is a genuine new learning unit.
beijing_start1|g3-upper|r040|jump,beijing_start1,3年级上,3,上,40,jump,jump,[dʒʌmp],[dʒʌmp],n. 跳跃;暴涨;惊跳 vt. 跳跃;使跳跃;跳过;突升 vi. 跳跃;暴涨;猛增,北京版一年级起点三年级上.xlsx,no-existing-match,,,,new-identity-candidate,yes,No existing MatchKey candidate; confirm this is a genuine new learning unit.
beijing_start1|g3-upper|r041|january,beijing_start1,3年级上,3,上,41,January,january,[ˈdʒænjuəri],[ˈdʒænjueri],n. 一月,北京版一年级起点三年级上.xlsx,exact-single,KV000266,January,一月,reuse-candidate,yes,Exact MatchKey; target sense must still be confirmed before merge.
beijing_start1|g3-upper|r042|march,beijing_start1,3年级上,3,上,42,March,march,[mɑːtʃ],[mɑːrtʃ],n. 三月,北京版一年级起点三年级上.xlsx,exact-single,KV000268,March,三月,reuse-candidate,yes,Exact MatchKey; target sense must still be confirmed before merge.
beijing_start1|g3-upper|r043|february,beijing_start1,3年级上,3,上,43,February,february,[ˈfebruəri],[ˈfebrueri],n. 二月,北京版一年级起点三年级上.xlsx,exact-single,KV000267,February,二月,reuse-candidate,yes,Exact MatchKey; target sense must still be confirmed before merge.
beijing_start1|g3-upper|r044|every,beijing_start1,3年级上,3,上,44,every,every,[ˈevri],[ˈevri],"adj. 每一的,每个的;每隔...的",北京版一年级起点三年级上.xlsx,no-existing-match,,,,new-identity-candidate,yes,No existing MatchKey candidate; confirm this is a genuine new learning unit.
beijing_start1|g3-upper|r045|april,beijing_start1,3年级上,3,上,45,April,april,[ˈeɪprəl],[ˈeɪprəl],n. 四月,北京版一年级起点三年级上.xlsx,exact-single,KV000269,April,四月,reuse-candidate,yes,Exact MatchKey; target sense must still be confirmed before merge.
beijing_start1|g3-upper|r046|august,beijing_start1,3年级上,3,上,46,August,august,[ˈɔːɡəst],[ˈɔːɡəst],n. 八月(简写为Aug) adj. 威严的;令人敬畏的,北京版一年级起点三年级上.xlsx,exact-single,KV000273,August,八月,reuse-candidate,yes,Exact MatchKey; target sense must still be confirmed before merge.
beijing_start1|g3-upper|r047|born,beijing_start1,3年级上,3,上,47,born,born,[bɔːn],[bɔːrn],v. 出世(bear的过去分词) adj. 天生的,北京版一年级起点三年级上.xlsx,no-existing-match,,,,new-identity-candidate,yes,No existing MatchKey candidate; confirm this is a genuine new learning unit.
beijing_start1|g3-upper|r048|may,beijing_start1,3年级上,3,上,48,May,may,[meɪ],[meɪ],"aux. 可以,能够;可能,也许;祝,愿;会,能",北京版一年级起点三年级上.xlsx,exact-single,KV000270,May,五月,reuse-candidate,yes,Exact MatchKey; target sense must still be confirmed before merge.
beijing_start1|g3-upper|r049|june,beijing_start1,3年级上,3,上,49,June,june,[dʒuːn],[dʒuːn],"n. 六月;琼(人名,来源于拉丁语,含义是“年轻气盛的六月”)",北京版一年级起点三年级上.xlsx,exact-single,KV000271,June,六月,reuse-candidate,yes,Exact MatchKey; target sense must still be confirmed before merge.
beijing_start1|g3-upper|r050|fifteenth,beijing_start1,3年级上,3,上,50,fifteenth,fifteenth,[ˌfɪfˈtiːnθ],[ˌfɪfˈtiːnθ],adj. 第十五的;十五分之一的 num. 第十五,北京版一年级起点三年级上.xlsx,exact-single,KV000664,fifteenth,第十五,reuse-candidate,yes,Exact MatchKey; target sense must still be confirmed before merge.
beijing_start1|g3-upper|r051|fourteenth,beijing_start1,3年级上,3,上,51,fourteenth,fourteenth,[ˌfɔːˈtiːnθ],[ˌfɔːrˈtiːnθ],num. 第十四 n. 第十四;月的第十四日;十四分之一 adj. 第十四的;第十四个的,北京版一年级起点三年级上.xlsx,no-existing-match,,,,new-identity-candidate,yes,No existing MatchKey candidate; confirm this is a genuine new learning unit.
beijing_start1|g3-upper|r052|how old ...?,beijing_start1,3年级上,3,上,52,How old ...?,how old ...?,,,conj. 多少岁,北京版一年级起点三年级上.xlsx,morphology-or-phrase,KV000035|KV000209|KV000210,how|old|how old,怎样；多少|……岁的；年老的|几岁；多大,identity-review,yes,Only morphology/phrase-related candidates found; never auto-merge.
beijing_start1|g3-upper|r053|july,beijing_start1,3年级上,3,上,53,July,july,[dʒʊˈlaɪ],[dʒʊˈlaɪ],n. 七月,北京版一年级起点三年级上.xlsx,exact-single,KV000272,July,七月,reuse-candidate,yes,Exact MatchKey; target sense must still be confirmed before merge.
beijing_start1|g3-upper|r054|weather,beijing_start1,3年级上,3,上,54,weather,weather,[ˈweðə(r)],[ˈweðər],n. 天气;气象;气候;处境 vt. 经受住;使风化;侵蚀;使受风吹雨打 adj. 露天的;迎风的 vi. 风化;受侵蚀;经受风雨,北京版一年级起点三年级上.xlsx,exact-single,KV000166,weather,天气,reuse-candidate,yes,Exact MatchKey; target sense must still be confirmed before merge.
beijing_start1|g3-upper|r055|like,beijing_start1,3年级上,3,上,55,like,like,[laɪk],[laɪk],vt. 喜欢;想;愿意 vi. 喜欢;希望 prep. 像;如同 adj. 同样的;相似的 n. 爱好;同样的人或物 adv. 可能 conj. 好像,北京版一年级起点三年级上.xlsx,exact-single,KV000051,like,喜欢,reuse-candidate,yes,Exact MatchKey; target sense must still be confirmed before merge.
beijing_start1|g3-upper|r056|sunny,beijing_start1,3年级上,3,上,56,sunny,sunny,[ˈsʌni],[ˈsʌni],"adj. 阳光充足的,和煦的;快活的;性情开朗的",北京版一年级起点三年级上.xlsx,exact-single,KV000164,sunny,晴朗的；阳光充足的,reuse-candidate,yes,Exact MatchKey; target sense must still be confirmed before merge.
beijing_start1|g3-upper|r057|warm,beijing_start1,3年级上,3,上,57,warm,warm,[wɔːm],[wɔːrm],n. 取暖;加热 adj. 温暖的;热情的 vt. 使...兴奋;使...温暖;使...感兴趣 vi. 同情;激动;变温暖,北京版一年级起点三年级上.xlsx,exact-single,KV000174,warm,暖和的,reuse-candidate,yes,Exact MatchKey; target sense must still be confirmed before merge.
beijing_start1|g3-upper|r058|hot,beijing_start1,3年级上,3,上,58,hot,hot,[hɒt],[hɑːt],adj. 热的;辣的;热情的;激动的;紧迫的 vt. 增加;给...加温 adv. 热;紧迫地 vi. 变热,北京版一年级起点三年级上.xlsx,exact-single,KV000173,hot,热的,reuse-candidate,yes,Exact MatchKey; target sense must still be confirmed before merge.
beijing_start1|g3-upper|r059|cool,beijing_start1,3年级上,3,上,59,cool,cool,[kuːl],[kuːl],n. 凉爽;凉爽的空气 adj. 凉爽的;冷静的;出色的 vt. 使...冷却;使...平静下来 vi. 变凉;平息 adv. 冷静地,北京版一年级起点三年级上.xlsx,exact-single,KV000175,cool,凉爽的,reuse-candidate,yes,Exact MatchKey; target sense must still be confirmed before merge.
beijing_start1|g3-upper|r060|rainy,beijing_start1,3年级上,3,上,60,rainy,rainy,[ˈreɪni],[ˈreɪni],adj. 下雨的;多雨的,北京版一年级起点三年级上.xlsx,exact-single,KV000160,rainy,下雨的；多雨的,reuse-candidate,yes,Exact MatchKey; target sense must still be confirmed before merge.
beijing_start1|g3-upper|r061|can,beijing_start1,3年级上,3,上,61,can,can,[kən; kæn],[kən; kæn],aux. 能; 能够; 可以; 可能 n. 罐头; (用金属或塑料制作的)容器; (马口铁或其他金属制作的)食品罐头 vt. 将...装入密封罐中保存,北京版一年级起点三年级上.xlsx,exact-multiple,KV000074|KV000885,can|can,能；会；可以|金属罐,identity-review,yes,Multiple existing identities share this MatchKey; select target sense explicitly.
beijing_start1|g3-upper|r062|windy,beijing_start1,3年级上,3,上,62,windy,windy,[ˈwɪndi],[ˈwɪndi],"adj. 多风的,有风的;腹胀的;吹牛的",北京版一年级起点三年级上.xlsx,exact-single,KV000163,windy,有风的；多风的,reuse-candidate,yes,Exact MatchKey; target sense must still be confirmed before merge.
beijing_start1|g3-upper|r063|cloudy,beijing_start1,3年级上,3,上,63,cloudy,cloudy,[ˈklaʊdi],[ˈklaʊdi],adj. 多云的;阴天的;愁容满面的,北京版一年级起点三年级上.xlsx,exact-single,KV000161,cloudy,多云的,reuse-candidate,yes,Exact MatchKey; target sense must still be confirmed before merge.
beijing_start1|g3-upper|r064|over,beijing_start1,3年级上,3,上,64,over,over,[ˈəʊvə(r)],[ˈoʊvər],adv. 结束;越过;从头到尾 prep. 越过;在...之上;遍于...之上 adj. 结束的;上面的 vt. 越过,北京版一年级起点三年级上.xlsx,exact-multiple,KV000816|KV000863,over|over,在……的远端（或对面）|结束（的）,identity-review,yes,Multiple existing identities share this MatchKey; select target sense explicitly.
beijing_start1|g3-upper|r065|snowy,beijing_start1,3年级上,3,上,65,snowy,snowy,[ˈsnəʊi],[ˈsnoʊi],"adj. 下雪的,多雪的;被雪覆盖的;洁白无瑕的",北京版一年级起点三年级上.xlsx,exact-single,KV000162,snowy,下雪的；多雪的,reuse-candidate,yes,Exact MatchKey; target sense must still be confirmed before merge.
beijing_start1|g3-upper|r066|rain,beijing_start1,3年级上,3,上,66,rain,rain,[reɪn],[reɪn],n. 雨;下雨;雨天;雨季 vt. 大量地给;使大量落下 vi. 下雨;降雨,北京版一年级起点三年级上.xlsx,exact-single,KV000829,rain,下雨；雨,reuse-candidate,yes,Exact MatchKey; target sense must still be confirmed before merge.
beijing_start1|g3-upper|r067|borrow,beijing_start1,3年级上,3,上,67,borrow,borrow,[ˈbɒrəʊ],[ˈbɔːroʊ],vt. 借;借用 vi. 借;借用;从其他语言中引入,北京版一年级起点三年级上.xlsx,no-existing-match,,,,new-identity-candidate,yes,No existing MatchKey candidate; confirm this is a genuine new learning unit.
beijing_start1|g3-upper|r068|marker,beijing_start1,3年级上,3,上,68,marker,marker,[ˈmɑːkə(r)],[ˈmɑːrkər],n. 记分员;书签;标识物;作记号的人,北京版一年级起点三年级上.xlsx,no-existing-match,,,,new-identity-candidate,yes,No existing MatchKey candidate; confirm this is a genuine new learning unit.
beijing_start1|g3-upper|r069|pencil,beijing_start1,3年级上,3,上,69,pencil,pencil,[ˈpens(ə)l],[ˈpensl],n. 铅笔;笔状物 vt. 用铅笔写;用眉笔涂 vi. 成铅笔状,北京版一年级起点三年级上.xlsx,exact-single,KV000003,pencil,铅笔,reuse-candidate,yes,Exact MatchKey; target sense must still be confirmed before merge.
beijing_start1|g3-upper|r070|eraser,beijing_start1,3年级上,3,上,70,eraser,eraser,[ɪˈreɪzə(r)],[ɪˈreɪsər],n. 橡皮;擦除器;[计] 清除器,北京版一年级起点三年级上.xlsx,exact-single,KV000398,eraser,橡皮,reuse-candidate,yes,Exact MatchKey; target sense must still be confirmed before merge.
beijing_start1|g3-upper|r071|sixty,beijing_start1,3年级上,3,上,71,sixty,sixty,[ˈsɪksti],[ˈsɪksti],num. 六十;六十个,北京版一年级起点三年级上.xlsx,no-existing-match,,,,new-identity-candidate,yes,No existing MatchKey candidate; confirm this is a genuine new learning unit.
beijing_start1|g3-upper|r072|ruler,beijing_start1,3年级上,3,上,72,ruler,ruler,[ˈruːlə(r)],[ˈruːlər],"n. 尺;统治者;[测] 划线板,划线的人",北京版一年级起点三年级上.xlsx,exact-single,KV000002,ruler,尺子,reuse-candidate,yes,Exact MatchKey; target sense must still be confirmed before merge.
beijing_start1|g3-upper|r073|forty,beijing_start1,3年级上,3,上,73,forty,forty,[ˈfɔːti],[ˈfɔːrti],n. 四十 adj. 四十的;四十个的,北京版一年级起点三年级上.xlsx,exact-single,KV000183,forty,四十,reuse-candidate,yes,Exact MatchKey; target sense must still be confirmed before merge.
beijing_start1|g3-upper|r074|blackboard,beijing_start1,3年级上,3,上,74,blackboard,blackboard,[ˈblækbɔːd],[ˈblækbɔːrd],n. 黑板,北京版一年级起点三年级上.xlsx,exact-single,KV000056,blackboard,黑板,reuse-candidate,yes,Exact MatchKey; target sense must still be confirmed before merge.
beijing_start1|g3-upper|r075|seventy,beijing_start1,3年级上,3,上,75,seventy,seventy,[ˈsev(ə)nti],[ˈsev(ə)nti],n. 七十;七十个;七十岁;七十年代 num. 七十 adj. 七十的;七十个的;七十岁的,北京版一年级起点三年级上.xlsx,no-existing-match,,,,new-identity-candidate,yes,No existing MatchKey candidate; confirm this is a genuine new learning unit.
beijing_start1|g3-upper|r076|eighty,beijing_start1,3年级上,3,上,76,eighty,eighty,[ˈeɪti],[ˈeɪti],"num. 八十 n. 八十;八十岁;八十年代 adj. 八十的,八十个的;八十岁的",北京版一年级起点三年级上.xlsx,no-existing-match,,,,new-identity-candidate,yes,No existing MatchKey candidate; confirm this is a genuine new learning unit.
beijing_start1|g3-upper|r077|ninety,beijing_start1,3年级上,3,上,77,ninety,ninety,[ˈnaɪnti],[ˈnaɪnti],n. 九十 adj. 九十的;九十岁的 num. 九十,北京版一年级起点三年级上.xlsx,no-existing-match,,,,new-identity-candidate,yes,No existing MatchKey candidate; confirm this is a genuine new learning unit.
beijing_start1|g3-upper|r078|hundred,beijing_start1,3年级上,3,上,78,hundred,hundred,[ˈhʌndrəd],[ˈhʌndrəd],num. 百;百个 n. 一百;许多 adj. 一百的;许多的,北京版一年级起点三年级上.xlsx,no-existing-match,,,,new-identity-candidate,yes,No existing MatchKey candidate; confirm this is a genuine new learning unit.
beijing_start1|g3-upper|r079|holiday,beijing_start1,3年级上,3,上,79,holiday,holiday,[ˈhɒlədeɪ],[ˈhɑːlədeɪ],n. 假日;节日;休息日 vi. 外出度假,北京版一年级起点三年级上.xlsx,no-existing-match,,,,new-identity-candidate,yes,No existing MatchKey candidate; confirm this is a genuine new learning unit.
beijing_start1|g3-upper|r080|christmas,beijing_start1,3年级上,3,上,80,Christmas,christmas,[ˈkrɪsməs],[ˈkrɪsməs],n. 圣诞节;圣诞节期间,北京版一年级起点三年级上.xlsx,exact-single,KV000141,Christmas,圣诞节,reuse-candidate,yes,Exact MatchKey; target sense must still be confirmed before merge.
beijing_start1|g3-upper|r081|know,beijing_start1,3年级上,3,上,81,know,know,[nəʊ],[noʊ],vt. 知道;认识;懂得 vi. 了解;熟悉;确信,北京版一年级起点三年级上.xlsx,exact-single,KV000319,know,知道；认识,reuse-candidate,yes,Exact MatchKey; target sense must still be confirmed before merge.
beijing_start1|g3-upper|r082|chinese,beijing_start1,3年级上,3,上,82,Chinese,chinese,[ˌtʃaɪˈniːz],[ˌtʃaɪˈniːz],"n. 中文,汉语;中国人 adj. 中国的,中国人的;中国话的",北京版一年级起点三年级上.xlsx,exact-single,KV000282,Chinese,汉语；中文,reuse-candidate,yes,Exact MatchKey; target sense must still be confirmed before merge.
beijing_start1|g3-upper|r083|ball,beijing_start1,3年级上,3,上,83,ball,ball,[bɔːl],[bɔːl],n. 球;舞会 vt. 捏成球形 vi. 成团块,北京版一年级起点三年级上.xlsx,exact-single,KV000069,ball,球,reuse-candidate,yes,Exact MatchKey; target sense must still be confirmed before merge.
beijing_start1|g3-upper|r084|gold,beijing_start1,3年级上,3,上,84,gold,gold,[ɡəʊld],[ɡoʊld],"n. 金,黄金;金色;金币 adj. 金的,金制的;金色的",北京版一年级起点三年级上.xlsx,no-existing-match,,,,new-identity-candidate,yes,No existing MatchKey candidate; confirm this is a genuine new learning unit.
beijing_start1|g3-upper|r085|gift,beijing_start1,3年级上,3,上,85,gift,gift,[ɡɪft],[ɡɪft],n. 礼物;天赋;赠品 vt. 赋予;向...赠送,北京版一年级起点三年级上.xlsx,no-existing-match,,,,new-identity-candidate,yes,No existing MatchKey candidate; confirm this is a genuine new learning unit.
beijing_start1|g3-upper|r086|pink,beijing_start1,3年级上,3,上,86,pink,pink,[pɪŋk],[pɪŋk],"n. 粉红色;化身,典范;石竹花;头面人物 adj. 粉红的;比较激进的;石竹科的;脸色发红的 vt. 扎,刺,戳;使...变粉红色;使...面红耳赤 vi. 变粉红色",北京版一年级起点三年级上.xlsx,no-existing-match,,,,new-identity-candidate,yes,No existing MatchKey candidate; confirm this is a genuine new learning unit.
beijing_start1|g3-upper|r087|star,beijing_start1,3年级上,3,上,87,star,star,[stɑː(r)],[stɑːr],"n. 星,恒星;明星;星形物 adj. 明星的,主角的;星形的 vt. 用星号标于;由...主演,由...担任主角 vi. 担任主角",北京版一年级起点三年级上.xlsx,exact-single,KV000471,star,星星,reuse-candidate,yes,Exact MatchKey; target sense must still be confirmed before merge.
beijing_start1|g3-upper|r088|bell,beijing_start1,3年级上,3,上,88,bell,bell,[bel],[bel],"n. 铃,钟;钟声,铃声;钟状物 vt. 装钟于,系铃于 vi. 鸣钟;成钟状鼓起",北京版一年级起点三年级上.xlsx,no-existing-match,,,,new-identity-candidate,yes,No existing MatchKey candidate; confirm this is a genuine new learning unit.
beijing_start1|g3-upper|r089|together,beijing_start1,3年级上,3,上,89,together,together,[təˈɡeðə(r)],[təˈɡeðər],"adj. 新潮的;情绪稳定的,做事有效率的 adv. 一起;同时;相互;连续地;总共",北京版一年级起点三年级上.xlsx,exact-single,KV000615,together,一起,reuse-candidate,yes,Exact MatchKey; target sense must still be confirmed before merge.
beijing_start1|g3-upper|r090|bright,beijing_start1,3年级上,3,上,90,bright,bright,[braɪt],[braɪt],"n. 车头灯光 adj. 明亮的,鲜明的;聪明的;愉快的 adv. 明亮地;光明地;欢快地",北京版一年级起点三年级上.xlsx,no-existing-match,,,,new-identity-candidate,yes,No existing MatchKey candidate; confirm this is a genuine new learning unit.
beijing_start1|g3-upper|r091|house,beijing_start1,3年级上,3,上,91,house,house,[haʊs],[haʊs],n. 住宅;家庭;机构;议会;某种用途的建筑物 vt. 覆盖;给...房子住;把...储藏在房内 vi. 住,北京版一年级起点三年级上.xlsx,exact-single,KV000369,house,房子；住宅,reuse-candidate,yes,Exact MatchKey; target sense must still be confirmed before merge.
beijing_start1|g3-upper|r092|same,beijing_start1,3年级上,3,上,92,same,same,[seɪm],[seɪm],adj. 相同的;同一的;上述的(通常与the连用);无变化的 adv. 同样地(通常与the连用) pron. 同样的事物或人(通常与the连用),北京版一年级起点三年级上.xlsx,no-existing-match,,,,new-identity-candidate,yes,No existing MatchKey candidate; confirm this is a genuine new learning unit.
beijing_start1|g3-lower|r002|tomorrow,beijing_start1,3年级下,3,下,2,tomorrow,tomorrow,[təˈmɒrəʊ],[təˈmɑːroʊ],n. 明天;未来 adv. 明天;未来地(等于to-morrow),北京版一年级起点三年级下.xlsx,exact-single,KV000309,tomorrow,明天,reuse-candidate,yes,Exact MatchKey; target sense must still be confirmed before merge.
beijing_start1|g3-lower|r003|woman,beijing_start1,3年级下,3,下,3,woman,woman,[ˈwʊmən],[ˈwʊmən],n. 妇女;女性;成年女子,北京版一年级起点三年级下.xlsx,exact-single,KV000110,woman,女人；妇女,reuse-candidate,yes,Exact MatchKey; target sense must still be confirmed before merge.
beijing_start1|g3-lower|r004|women,beijing_start1,3年级下,3,下,4,women,women,[ˈwɪmɪn],[ˈwɪmɪn],n. 女人(woman的复数),北京版一年级起点三年级下.xlsx,morphology-or-phrase,KV000110,woman,女人；妇女,identity-review,yes,Only morphology/phrase-related candidates found; never auto-merge.
beijing_start1|g3-lower|r005|too,beijing_start1,3年级下,3,下,5,too,too,[tuː],[tuː],adv. 太;也;很;还;非常;过度,北京版一年级起点三年级下.xlsx,exact-single,KV000148,too,也,reuse-candidate,yes,Exact MatchKey; target sense must still be confirmed before merge.
beijing_start1|g3-lower|r006|plant,beijing_start1,3年级下,3,下,6,plant,plant,[plɑːnt],[plænt],"n. 工厂,车间;植物;设备;庄稼 vt. 种植;培养;栽培;安置 vi. 种植",北京版一年级起点三年级下.xlsx,exact-single,KV000610,plant,种植；植物,reuse-candidate,yes,Exact MatchKey; target sense must still be confirmed before merge.
beijing_start1|g3-lower|r007|fun,beijing_start1,3年级下,3,下,7,fun,fun,[fʌn],[fʌn],n. 乐趣;玩笑;有趣的人或事 adj. 供娱乐用的 vi. 开玩笑,北京版一年级起点三年级下.xlsx,exact-single,KV000362,fun,乐趣；有趣,reuse-candidate,yes,Exact MatchKey; target sense must still be confirmed before merge.
beijing_start1|g3-lower|r008|people,beijing_start1,3年级下,3,下,8,people,people,[ˈpiːp(ə)l],[ˈpiːpl],n. 人;人类;民族;公民 vt. 居住于;使住满人,北京版一年级起点三年级下.xlsx,exact-single,KV000435,people,人们,reuse-candidate,yes,Exact MatchKey; target sense must still be confirmed before merge.
beijing_start1|g3-lower|r009|favourite,beijing_start1,3年级下,3,下,9,favourite,favourite,[ˈfeɪvərɪt],[ˈfeɪvərɪt],n. 特别喜爱的人(或物) adj. 特别受喜爱的,北京版一年级起点三年级下.xlsx,exact-single,KV000177,favourite,最喜欢的,reuse-candidate,yes,Exact MatchKey; target sense must still be confirmed before merge.
beijing_start1|g3-lower|r010|turn,beijing_start1,3年级下,3,下,10,turn,turn,[tɜːn],[tɜːrn],"n. 转弯;变化;(损害或有益于别人的)行为,举动,举止 vi. 转向;转变;转动 vt. 转动,使旋转;转弯;翻过来;兑换",北京版一年级起点三年级下.xlsx,no-existing-match,,,,new-identity-candidate,yes,No existing MatchKey candidate; confirm this is a genuine new learning unit.
beijing_start1|g3-lower|r011|bird,beijing_start1,3年级下,3,下,11,bird,bird,[bɜːd],[bɜːrd],n. 鸟;家伙;羽毛球 vt. 向...喝倒彩;起哄 vi. 猎鸟;观察研究野鸟,北京版一年级起点三年级下.xlsx,exact-single,KV000019,bird,鸟,reuse-candidate,yes,Exact MatchKey; target sense must still be confirmed before merge.
beijing_start1|g3-lower|r012|hear,beijing_start1,3年级下,3,下,12,hear,hear,[hɪə(r)],[hɪr],"vi. 听;听见 vt. 听到,听;听说;审理",北京版一年级起点三年级下.xlsx,exact-single,KV000759,hear,听见；听到,reuse-candidate,yes,Exact MatchKey; target sense must still be confirmed before merge.
beijing_start1|g3-lower|r013|out,beijing_start1,3年级下,3,下,13,out,out,[aʊt],[aʊt],adv. 出现;在外;出局;出声地;不流行地 adj. 外面的;出局的;下台的 n. 出局 prep. 向;离去 vi. 出来;暴露 vt. 使熄灭;驱逐,北京版一年级起点三年级下.xlsx,no-existing-match,,,,new-identity-candidate,yes,No existing MatchKey candidate; confirm this is a genuine new learning unit.
beijing_start1|g3-lower|r014|flag,beijing_start1,3年级下,3,下,14,flag,flag,[flæɡ],[flæɡ],n. 标志;旗子 vt. 标记;插旗 vi. 标记;衰退;枯萎,北京版一年级起点三年级下.xlsx,no-existing-match,,,,new-identity-candidate,yes,No existing MatchKey candidate; confirm this is a genuine new learning unit.
beijing_start1|g3-lower|r015|yellow,beijing_start1,3年级下,3,下,15,yellow,yellow,[ˈjeləʊ],[ˈjeloʊ],n. 黄色;黄种人;黄色颜料 adj. 黄色的;黄皮肤的 vt. 使变黄或发黄 vi. 变黄或发黄,北京版一年级起点三年级下.xlsx,exact-single,KV000040,yellow,黄色；黄色的,reuse-candidate,yes,Exact MatchKey; target sense must still be confirmed before merge.
beijing_start1|g3-lower|r016|watch,beijing_start1,3年级下,3,下,16,watch,watch,[wɒtʃ],[wɑːtʃ],"n. 手表;监视;守护;值班人 vt. 观察;注视;看守;警戒 vi. 观看,注视;守侯,看守",北京版一年级起点三年级下.xlsx,exact-single,KV000851,watch,看,reuse-candidate,yes,Exact MatchKey; target sense must still be confirmed before merge.
beijing_start1|g3-lower|r017|from,beijing_start1,3年级下,3,下,17,from,from,[frəm; frɒm],[frəm; frʌm; frɑːm],"prep. 来自,从;由于;今后",北京版一年级起点三年级下.xlsx,no-existing-match,,,,new-identity-candidate,yes,No existing MatchKey candidate; confirm this is a genuine new learning unit.
beijing_start1|g3-lower|r018|square,beijing_start1,3年级下,3,下,18,square,square,[skweə(r)],[skwer],n. 平方;广场;正方形 adj. 平方的;正方形的;直角的;正直的 vt. 使成方形;与...一致 vi. 一致;成方形 adv. 成直角地,北京版一年级起点三年级下.xlsx,exact-single,KV000462,square,广场,reuse-candidate,yes,Exact MatchKey; target sense must still be confirmed before merge.
beijing_start1|g3-lower|r019|black,beijing_start1,3年级下,3,下,19,black,black,[blæk],[blæk],n. 黑色;黑人;黑颜料 adj. 黑色的;黑人的;邪恶的 vt. 使变黑;把鞋油等涂在...上;把(眼眶)打成青肿 vi. 变黑,北京版一年级起点三年级下.xlsx,exact-single,KV000039,black,黑色；黑色的,reuse-candidate,yes,Exact MatchKey; target sense must still be confirmed before merge.
beijing_start1|g3-lower|r020|shape,beijing_start1,3年级下,3,下,20,shape,shape,[ʃeɪp],[ʃeɪp],"n. 形状;模型;身材;具体化 vt. 形成;塑造,使成形;使符合 vi. 形成;成形;成长",北京版一年级起点三年级下.xlsx,no-existing-match,,,,new-identity-candidate,yes,No existing MatchKey candidate; confirm this is a genuine new learning unit.
beijing_start1|g3-lower|r021|round,beijing_start1,3年级下,3,下,21,round,round,[raʊnd],[raʊnd],n. 圆;循环;一回合;圆形物 prep. 附近;绕过;大约;在...周围 adj. 圆的;完全的;大概的;肥胖的 vt. 完成;围捕;绕行;弄圆 adv. 在周围;迂回地;朝反方向;挨个 vi. 进展;变圆;环行;发胖,北京版一年级起点三年级下.xlsx,no-existing-match,,,,new-identity-candidate,yes,No existing MatchKey candidate; confirm this is a genuine new learning unit.
beijing_start1|g3-lower|r022|circle,beijing_start1,3年级下,3,下,22,circle,circle,[ˈsɜːk(ə)l],[ˈsɜːrkl],"n. 循环,周期;圆;圈子;圆形物 vt. 画圆圈;环绕...移动 vi. 盘旋,旋转;环行",北京版一年级起点三年级下.xlsx,no-existing-match,,,,new-identity-candidate,yes,No existing MatchKey candidate; confirm this is a genuine new learning unit.
beijing_start1|g3-lower|r023|now,beijing_start1,3年级下,3,下,23,now,now,[naʊ],[naʊ],adv. 现在;如今;立刻 adj. 现在的 n. 现在;目前 conj. 由于;既然,北京版一年级起点三年级下.xlsx,exact-single,KV000826,now,现在,reuse-candidate,yes,Exact MatchKey; target sense must still be confirmed before merge.
beijing_start1|g3-lower|r024|try,beijing_start1,3年级下,3,下,24,try,try,[traɪ],[traɪ],"n. 尝试;努力;试验 vt. 试图,努力;试验;审判;考验 vi. 尝试;努力;试验",北京版一年级起点三年级下.xlsx,no-existing-match,,,,new-identity-candidate,yes,No existing MatchKey candidate; confirm this is a genuine new learning unit.
beijing_start1|g3-lower|r025|ship,beijing_start1,3年级下,3,下,25,ship,ship,[ʃɪp],[ʃɪp],"n. 船;舰;太空船 vt. 运送,乘船;以船运送 vi. 上船;乘船旅行;当船员",北京版一年级起点三年级下.xlsx,no-existing-match,,,,new-identity-candidate,yes,No existing MatchKey candidate; confirm this is a genuine new learning unit.
beijing_start1|g3-lower|r026|wonderful,beijing_start1,3年级下,3,下,26,wonderful,wonderful,[ˈwʌndəf(ə)l],[ˈwʌndərf(ə)l],"adj. 极好的,精彩的,绝妙的;奇妙的;美妙;胜;神妙",北京版一年级起点三年级下.xlsx,exact-single,KV000566,wonderful,精彩的；极好的,reuse-candidate,yes,Exact MatchKey; target sense must still be confirmed before merge.
beijing_start1|g3-lower|r027|any,beijing_start1,3年级下,3,下,27,any,any,[ˈeni],[ˈeni],adj. 任何的;所有的;丝毫 pron. 任何;任何一个;若干 adv. 稍微;少许,北京版一年级起点三年级下.xlsx,exact-single,KV000881,any,任何的；任一的,reuse-candidate,yes,Exact MatchKey; target sense must still be confirmed before merge.
beijing_start1|g3-lower|r028|banana,beijing_start1,3年级下,3,下,28,banana,banana,[bəˈnɑːnə],[bəˈnænə],n. 香蕉;喜剧演员;大鹰钩鼻,北京版一年级起点三年级下.xlsx,exact-single,KV000047,banana,香蕉,reuse-candidate,yes,Exact MatchKey; target sense must still be confirmed before merge.
beijing_start1|g3-lower|r029|before,beijing_start1,3年级下,3,下,29,before,before,[bɪˈfɔː(r)],[bɪˈfɔːr],"prep. 在...之前,先于 conj. 在...以前;在...之前 adv. 以前;在前",北京版一年级起点三年级下.xlsx,exact-single,KV000456,before,在……之前,reuse-candidate,yes,Exact MatchKey; target sense must still be confirmed before merge.
beijing_start1|g3-lower|r030|sweet,beijing_start1,3年级下,3,下,30,sweet,sweet,[swiːt],[swiːt],n. 糖果;乐趣;芳香;宝贝 adj. 甜的;悦耳的;芳香的;亲切的 (俚)酷毙了,北京版一年级起点三年级下.xlsx,no-existing-match,,,,new-identity-candidate,yes,No existing MatchKey candidate; confirm this is a genuine new learning unit.
beijing_start1|g3-lower|r031|potato,beijing_start1,3年级下,3,下,31,potato,potato,[pəˈteɪtəʊ],[pəˈteɪtoʊ],"n. [作物] 土豆,[作物] 马铃薯",北京版一年级起点三年级下.xlsx,exact-single,KV000237,potato,土豆；马铃薯,reuse-candidate,yes,Exact MatchKey; target sense must still be confirmed before merge.
beijing_start1|g3-lower|r032|sweet potato,beijing_start1,3年级下,3,下,32,sweet potato,sweet potato,,,n. 【植】甘薯,北京版一年级起点三年级下.xlsx,morphology-or-phrase,KV000008|KV000134|KV000199|KV000237|KV000290,a|to|at|potato|we,一；一个|到；向；去|在……时刻|土豆；马铃薯|我们,identity-review,yes,Only morphology/phrase-related candidates found; never auto-merge.
beijing_start1|g3-lower|r033|food,beijing_start1,3年级下,3,下,33,food,food,[fuːd],[fuːd],n. 食物;养料,北京版一年级起点三年级下.xlsx,exact-single,KV000893,food,菜肴；食物,reuse-candidate,yes,Exact MatchKey; target sense must still be confirmed before merge.
beijing_start1|g3-lower|r034|best,beijing_start1,3年级下,3,下,34,best,best,[best],[best],"n. 最好的人,最好的事物;最佳状态 adj. 最好的 vt. 打败,胜过 adv. 最好地",北京版一年级起点三年级下.xlsx,exact-single,KV000811,best,最好的,reuse-candidate,yes,Exact MatchKey; target sense must still be confirmed before merge.
beijing_start1|g3-lower|r035|great,beijing_start1,3年级下,3,下,35,great,great,[ɡreɪt],[ɡreɪt],"n. 大师;大人物;伟人们 adj. 伟大的,重大的;极好的,好的;主要的",北京版一年级起点三年级下.xlsx,exact-single,KV000432,great,很棒的；伟大的,reuse-candidate,yes,Exact MatchKey; target sense must still be confirmed before merge.
beijing_start1|g3-lower|r036|apple,beijing_start1,3年级下,3,下,36,apple,apple,[ˈæp(ə)l],[ˈæpl],"n. 苹果,苹果树,苹果似的东西;[美俚]炸弹,手榴弹,(棒球的)球;[美俚]人,家伙。",北京版一年级起点三年级下.xlsx,exact-single,KV000045,apple,苹果,reuse-candidate,yes,Exact MatchKey; target sense must still be confirmed before merge.
beijing_start1|g3-lower|r037|drink,beijing_start1,3年级下,3,下,37,drink,drink,[drɪŋk],[drɪŋk],"n. 酒,饮料;喝酒 vt. 喝,饮;吸收;举杯庆贺 vi. 喝酒;饮水;干杯",北京版一年级起点三年级下.xlsx,exact-single,KV000584,drink,喝；饮料,reuse-candidate,yes,Exact MatchKey; target sense must still be confirmed before merge.
beijing_start1|g3-lower|r038|may,beijing_start1,3年级下,3,下,38,may,may,[meɪ],[meɪ],"aux. 可以,能够;可能,也许;祝,愿;会,能",北京版一年级起点三年级下.xlsx,exact-single,KV000270,May,五月,reuse-candidate,yes,Exact MatchKey; target sense must still be confirmed before merge.
beijing_start1|g3-lower|r039|tea,beijing_start1,3年级下,3,下,39,tea,tea,[tiː],[tiː],n. 茶叶;茶树;茶点 vt. 给...沏茶 vi. 喝茶;进茶点,北京版一年级起点三年级下.xlsx,exact-single,KV000087,tea,茶,reuse-candidate,yes,Exact MatchKey; target sense must still be confirmed before merge.
beijing_start1|g3-lower|r040|sure,beijing_start1,3年级下,3,下,40,sure,sure,[ʃʊə(r)],[ʃʊr],adj. 确信的;可靠的;必定的 adv. 当然;的确,北京版一年级起点三年级下.xlsx,exact-single,KV000075,sure,当然；可以,reuse-candidate,yes,Exact MatchKey; target sense must still be confirmed before merge.
beijing_start1|g3-lower|r041|child,beijing_start1,3年级下,3,下,41,child,child,[tʃaɪld],[tʃaɪld],"n. 儿童,小孩,孩子;产物;子孙;幼稚的人;弟子",北京版一年级起点三年级下.xlsx,no-existing-match,,,,new-identity-candidate,yes,No existing MatchKey candidate; confirm this is a genuine new learning unit.
beijing_start1|g3-lower|r042|children,beijing_start1,3年级下,3,下,42,children,children,[ˈtʃɪldrən],[ˈtʃɪldrən],n. 孩子们(child的复数),北京版一年级起点三年级下.xlsx,exact-single,KV000333,children,孩子们,reuse-candidate,yes,Exact MatchKey; target sense must still be confirmed before merge.
beijing_start1|g3-lower|r043|fly,beijing_start1,3年级下,3,下,43,fly,fly,[flaɪ],[flaɪ],n. 飞行;苍蝇;两翼昆虫 adj. 敏捷的 vi. 飞;驾驶飞机;飘扬 vt. 飞行;飞越;使飘扬,北京版一年级起点三年级下.xlsx,exact-single,KV000831,fly,操纵（飞行器等）；飞,reuse-candidate,yes,Exact MatchKey; target sense must still be confirmed before merge.
beijing_start1|g3-lower|r044|kite,beijing_start1,3年级下,3,下,44,kite,kite,[kaɪt],[kaɪt],n. 风筝 vi. 使用空头支票;像风筝一样飞;轻快地移动 vt. 骗钱;涂改(支票),北京版一年级起点三年级下.xlsx,exact-single,KV000832,kite,风筝,reuse-candidate,yes,Exact MatchKey; target sense must still be confirmed before merge.
beijing_start1|g3-lower|r045|song,beijing_start1,3年级下,3,下,45,song,song,[sɒŋ],[sɔŋ],n. 歌曲;歌唱;诗歌;鸣声,北京版一年级起点三年级下.xlsx,no-existing-match,,,,new-identity-candidate,yes,No existing MatchKey candidate; confirm this is a genuine new learning unit.
beijing_start1|g3-lower|r046|voice,beijing_start1,3年级下,3,下,46,voice,voice,[vɔɪs],[vɔɪs],n. 声音;嗓音;发言权;愿望 vt. 表达;吐露,北京版一年级起点三年级下.xlsx,no-existing-match,,,,new-identity-candidate,yes,No existing MatchKey candidate; confirm this is a genuine new learning unit.
beijing_start1|g3-lower|r047|dance,beijing_start1,3年级下,3,下,47,dance,dance,[dɑːns],[dæns],n. 舞蹈;舞会;舞曲 adj. 舞蹈的;用于跳舞的 vt. 跳舞;使跳跃 vi. 跳舞;跳跃;飘扬,北京版一年级起点三年级下.xlsx,exact-single,KV000253,dance,跳舞,reuse-candidate,yes,Exact MatchKey; target sense must still be confirmed before merge.
beijing_start1|g3-lower|r048|pencil case,beijing_start1,3年级下,3,下,48,pencil case,pencil case,[ˈpensl keɪs],[ˈpensl keɪs],n. 铅笔盒;铅笔袋,北京版一年级起点三年级下.xlsx,morphology-or-phrase,KV000003|KV000006|KV000008|KV000285|KV000396,pencil|I|a|PE|pen,铅笔|我|一；一个|体育；体育课|钢笔,identity-review,yes,Only morphology/phrase-related candidates found; never auto-merge.
beijing_start1|g3-lower|r049|water,beijing_start1,3年级下,3,下,49,water,water,[ˈwɔːtə(r)],[ˈwɔːtər],"n. 水;海水;雨水;海域,大片的水 vt. 使湿;供以水;给...浇水 vi. 加水;流泪;流口水",北京版一年级起点三年级下.xlsx,exact-single,KV000089,water,水,reuse-candidate,yes,Exact MatchKey; target sense must still be confirmed before merge.
beijing_start1|g3-lower|r050|bottle,beijing_start1,3年级下,3,下,50,bottle,bottle,[ˈbɒt(ə)l],[ˈbɑːtl],n. 瓶子;一瓶的容量 vt. 控制;把...装入瓶中 vi. (街头艺人演出后)收拢钱币,北京版一年级起点三年级下.xlsx,no-existing-match,,,,new-identity-candidate,yes,No existing MatchKey candidate; confirm this is a genuine new learning unit.
beijing_start1|g3-lower|r051|look,beijing_start1,3年级下,3,下,51,look,look,[lʊk],[lʊk],vt. 看;期待;注意;面向;看上去像 vi. 看;看起来;注意;面向 n. 看;样子;面容,北京版一年级起点三年级下.xlsx,exact-single,KV000114,look,看,reuse-candidate,yes,Exact MatchKey; target sense must still be confirmed before merge.
beijing_start1|g3-lower|r052|mother,beijing_start1,3年级下,3,下,52,mother,mother,[ˈmʌðə(r)],[ˈmʌðər],n. 母亲;大娘;女修道院院长 vt. 生下;养育;像母亲般关怀或照管 adj. 母亲的;出生地的,北京版一年级起点三年级下.xlsx,exact-single,KV000100,mother,妈妈；母亲,reuse-candidate,yes,Exact MatchKey; target sense must still be confirmed before merge.
beijing_start1|g3-lower|r053|box,beijing_start1,3年级下,3,下,53,box,box,[bɒks],[bɑːks],"n. 箱,盒子;包厢;一拳 vt. 拳击;装...入盒中;打耳光 vi. 拳击",北京版一年级起点三年级下.xlsx,exact-single,KV000065,box,盒子；箱子,reuse-candidate,yes,Exact MatchKey; target sense must still be confirmed before merge.
beijing_start1|g3-lower|r054|drive,beijing_start1,3年级下,3,下,54,drive,drive,[draɪv],[draɪv],"n. 驱动器;驾车;[心理] 内驱力,推进力;快车道 vi. 开车;猛击;飞跑 vt. 推动,发动(机器等);驾驶(马车,汽车等);驱赶",北京版一年级起点三年级下.xlsx,no-existing-match,,,,new-identity-candidate,yes,No existing MatchKey candidate; confirm this is a genuine new learning unit.
beijing_start1|g3-lower|r055|parent,beijing_start1,3年级下,3,下,55,parent,parent,[ˈpeərənt],[ˈperənt],n. 父亲(或母亲);父母亲;根源,北京版一年级起点三年级下.xlsx,no-existing-match,,,,new-identity-candidate,yes,No existing MatchKey candidate; confirm this is a genuine new learning unit.
beijing_start1|g3-lower|r056|father,beijing_start1,3年级下,3,下,56,father,father,[ˈfɑːðə(r)],[ˈfɑːðər],"n. 父亲,爸爸;神父;祖先;前辈 vt. 发明,创立;当...的父亲",北京版一年级起点三年级下.xlsx,exact-single,KV000099,father,爸爸；父亲,reuse-candidate,yes,Exact MatchKey; target sense must still be confirmed before merge.
beijing_start1|g3-lower|r057|write,beijing_start1,3年级下,3,下,57,write,write,[raɪt],[raɪt],"vi. 写,写字;写作,作曲;写信 vt. 写,书写;写信给;著述",北京版一年级起点三年级下.xlsx,no-existing-match,,,,new-identity-candidate,yes,No existing MatchKey candidate; confirm this is a genuine new learning unit.
beijing_start1|g3-lower|r058|open,beijing_start1,3年级下,3,下,58,open,open,[ˈəʊpən],[ˈoʊpən],adj. 公开的;敞开的;空旷的;坦率的;营业着的 vi. 开始;展现 vt. 公开;打开 n. 公开;空旷;户外,北京版一年级起点三年级下.xlsx,no-existing-match,,,,new-identity-candidate,yes,No existing MatchKey candidate; confirm this is a genuine new learning unit.
beijing_start1|g3-lower|r059|much,beijing_start1,3年级下,3,下,59,much,much,[mʌtʃ],[mʌtʃ],"adv. 非常,很 adj. 大量的 n. 许多,大量 pron. 许多,大量",北京版一年级起点三年级下.xlsx,exact-single,KV000321,much,很；非常,reuse-candidate,yes,Exact MatchKey; target sense must still be confirmed before merge.
beijing_start1|g3-lower|r060|hard,beijing_start1,3年级下,3,下,60,hard,hard,[hɑːd],[hɑːrd],adj. 努力的;硬的;困难的;辛苦的;确实的;严厉的;猛烈的;冷酷无情的 adv. 努力地;困难地;辛苦地;接近地;猛烈地;牢固地,北京版一年级起点三年级下.xlsx,exact-single,KV000860,hard,努力地；费力地,reuse-candidate,yes,Exact MatchKey; target sense must still be confirmed before merge.
beijing_start1|g3-lower|r061|afraid,beijing_start1,3年级下,3,下,61,afraid,afraid,[əˈfreɪd],[əˈfreɪd],adj. 害怕的;恐怕;担心的,北京版一年级起点三年级下.xlsx,no-existing-match,,,,new-identity-candidate,yes,No existing MatchKey candidate; confirm this is a genuine new learning unit.
beijing_start1|g3-lower|r062|be,beijing_start1,3年级下,3,下,62,be,be,[bi],[bi; biː],"vt. 是; 有,存在; 做,成为; 发生",北京版一年级起点三年级下.xlsx,no-existing-match,,,,new-identity-candidate,yes,No existing MatchKey candidate; confirm this is a genuine new learning unit.
beijing_start1|g3-lower|r063|aunt,beijing_start1,3年级下,3,下,63,aunt,aunt,[ɑːnt],[ænt],n. 阿姨;姑妈;伯母;舅妈,北京版一年级起点三年级下.xlsx,exact-single,KV000314,aunt,阿姨；姑姑；姨妈等,reuse-candidate,yes,Exact MatchKey; target sense must still be confirmed before merge.
beijing_start1|g3-lower|r064|uncle,beijing_start1,3年级下,3,下,64,uncle,uncle,[ˈʌŋk(ə)l],[ˈʌŋkl],n. 叔叔;伯父;伯伯;舅父;姨丈;姑父,北京版一年级起点三年级下.xlsx,exact-single,KV000313,uncle,叔叔；舅舅等,reuse-candidate,yes,Exact MatchKey; target sense must still be confirmed before merge.
beijing_start1|g3-lower|r065|hospital,beijing_start1,3年级下,3,下,65,hospital,hospital,[ˈhɒspɪt(ə)l],[ˈhɑːspɪtl],n. 医院,北京版一年级起点三年级下.xlsx,exact-single,KV000132,hospital,医院,reuse-candidate,yes,Exact MatchKey; target sense must still be confirmed before merge.
beijing_start1|g3-lower|r066|nurse,beijing_start1,3年级下,3,下,66,nurse,nurse,[nɜːs],[nɜːrs],"vt. 看护,护理;照顾;培养;给...喂奶 vi. 照料,护理;喂奶;当保姆 n. 护士;奶妈,保姆",北京版一年级起点三年级下.xlsx,exact-single,KV000423,nurse,护士,reuse-candidate,yes,Exact MatchKey; target sense must still be confirmed before merge.
beijing_start1|g3-lower|r067|doctor,beijing_start1,3年级下,3,下,67,doctor,doctor,[ˈdɒktə(r)],[ˈdɑːktər],"vt. 修理;篡改,伪造;为...治病;授以博士学位 n. 医生;博士 vi. 就医;行医",北京版一年级起点三年级下.xlsx,exact-single,KV000425,doctor,医生,reuse-candidate,yes,Exact MatchKey; target sense must still be confirmed before merge.
beijing_start1|g3-lower|r068|tooth,beijing_start1,3年级下,3,下,68,tooth,tooth,[tuːθ],[tuːθ],n. 牙齿 vt. 给......装齿 vi. 啮合,北京版一年级起点三年级下.xlsx,no-existing-match,,,,new-identity-candidate,yes,No existing MatchKey candidate; confirm this is a genuine new learning unit.
beijing_start1|g3-lower|r069|teeth,beijing_start1,3年级下,3,下,69,teeth,teeth,[tiːθ],[tiːθ],n. 牙齿,北京版一年级起点三年级下.xlsx,no-existing-match,,,,new-identity-candidate,yes,No existing MatchKey candidate; confirm this is a genuine new learning unit.
beijing_start1|g3-lower|r070|lesson,beijing_start1,3年级下,3,下,70,lesson,lesson,[ˈlesn],[ˈlesn],n. 教训;课 vt. 教训;上课,北京版一年级起点三年级下.xlsx,no-existing-match,,,,new-identity-candidate,yes,No existing MatchKey candidate; confirm this is a genuine new learning unit.
beijing_start1|g3-lower|r071|story,beijing_start1,3年级下,3,下,71,story,story,[ˈstɔːri],[ˈstɔːri],n. 故事;小说;新闻报道;来历;假话 vt. 用历史故事画装饰 vi. 说谎,北京版一年级起点三年级下.xlsx,exact-single,KV000750,story,故事,reuse-candidate,yes,Exact MatchKey; target sense must still be confirmed before merge.
beijing_start1|g4-upper|r002|again,beijing_start1,4年级上,4,上,2,again,again,[əˈɡen],[əˈɡen; əˈɡeɪn],"adv. 又,此外;再一次;再说;增加 n. (英、保)阿盖恩",北京版一年级起点四年级上.xlsx,no-existing-match,,,,new-identity-candidate,yes,No existing MatchKey candidate; confirm this is a genuine new learning unit.
beijing_start1|g4-upper|r003|glad,beijing_start1,4年级上,4,上,3,glad,glad,[ɡlæd],[ɡlæd],adj. 高兴的;乐意的;令人高兴的;灿烂美丽的 vt. 使高兴,北京版一年级起点四年级上.xlsx,no-existing-match,,,,new-identity-candidate,yes,No existing MatchKey candidate; confirm this is a genuine new learning unit.
beijing_start1|g4-upper|r004|why,beijing_start1,4年级上,4,上,4,why,why,[waɪ],[waɪ],int. 哎呀!什么? adv. 为什么,北京版一年级起点四年级上.xlsx,exact-single,KV000552,why,为什么,reuse-candidate,yes,Exact MatchKey; target sense must still be confirmed before merge.
beijing_start1|g4-upper|r005|book,beijing_start1,4年级上,4,上,5,book,book,[bʊk],[bʊk],n. 书籍;卷;帐簿;名册;工作簿 vt. 预订;登记,北京版一年级起点四年级上.xlsx,exact-single,KV000001,book,书；书本,reuse-candidate,yes,Exact MatchKey; target sense must still be confirmed before merge.
beijing_start1|g4-upper|r006|sad,beijing_start1,4年级上,4,上,6,sad,sad,[sæd],[sæd],"adj. 难过的;悲哀的,令人悲痛的;凄惨的,阴郁的(形容颜色)",北京版一年级起点四年级上.xlsx,exact-single,KV000653,sad,难过的；伤心的,reuse-candidate,yes,Exact MatchKey; target sense must still be confirmed before merge.
beijing_start1|g4-upper|r007|surprised,beijing_start1,4年级上,4,上,7,surprised,surprised,[səˈpraɪzd],[sərˈpraɪzd],"v. 使惊奇(surprise的过去分词形式) adj. 感到惊讶的,出人意料的",北京版一年级起点四年级上.xlsx,no-existing-match,,,,new-identity-candidate,yes,No existing MatchKey candidate; confirm this is a genuine new learning unit.
beijing_start1|g4-upper|r008|look for,beijing_start1,4年级上,4,上,8,look for,look for,[ˈlʊk fɔː(r)],[ˈlʊk fɔːr],v. 寻找;探索;渴望;盼望,北京版一年级起点四年级上.xlsx,exact-single,KV000251,look for,寻找,reuse-candidate,yes,Exact MatchKey; target sense must still be confirmed before merge.
beijing_start1|g4-upper|r009|get well,beijing_start1,4年级上,4,上,9,get well,get well,[ɡet wel],[ɡet wel],na. 复原,北京版一年级起点四年级上.xlsx,morphology-or-phrase,KV000290|KV000453,we|get,我们|得到；取得,identity-review,yes,Only morphology/phrase-related candidates found; never auto-merge.
beijing_start1|g4-upper|r010|upset,beijing_start1,4年级上,4,上,10,upset,upset,[ˌʌpˈset],[ˌʌpˈset],n. 混乱;翻倒;颠覆 adj. 心烦的;混乱的;弄翻的 vt. 使心烦;颠覆;扰乱 vi. 翻倒,北京版一年级起点四年级上.xlsx,no-existing-match,,,,new-identity-candidate,yes,No existing MatchKey candidate; confirm this is a genuine new learning unit.
beijing_start1|g4-upper|r011|speak,beijing_start1,4年级上,4,上,11,speak,speak,[spiːk],[spiːk],vi. 说话;演讲;表明;陈述 vt. 讲话;发言;讲演,北京版一年级起点四年级上.xlsx,exact-multiple,KV000705|KV000901,speak|speak,说；讲（某种语言）|说话；发言,identity-review,yes,Multiple existing identities share this MatchKey; select target sense explicitly.
beijing_start1|g4-upper|r012|robot,beijing_start1,4年级上,4,上,12,robot,robot,[ˈrəʊbɒt],[ˈroʊbɑːt],"n. 机器人;遥控设备,自动机械;机械般工作的人",北京版一年级起点四年级上.xlsx,no-existing-match,,,,new-identity-candidate,yes,No existing MatchKey candidate; confirm this is a genuine new learning unit.
beijing_start1|g4-upper|r013|housework,beijing_start1,4年级上,4,上,13,housework,housework,[ˈhaʊswɜːk],[ˈhaʊswɜːrk],n. 家务事,北京版一年级起点四年级上.xlsx,no-existing-match,,,,new-identity-candidate,yes,No existing MatchKey candidate; confirm this is a genuine new learning unit.
beijing_start1|g4-upper|r014|ms,beijing_start1,4年级上,4,上,14,Ms,ms,[mɪz],[mɪz],"abbr. 存贮系统(Memory System);主存储器(Main Storage);主程序装置(Master Sequecer);中速,平均速度(Medium Speed);主(总)开关(Master Switch)",北京版一年级起点四年级上.xlsx,exact-single,KV000828,Ms,女士,reuse-candidate,yes,Exact MatchKey; target sense must still be confirmed before merge.
beijing_start1|g4-upper|r015|mrs,beijing_start1,4年级上,4,上,15,Mrs,mrs,[ˈmɪsɪz],[ˈmɪsɪz],n. 太太;夫人(用于已婚妇女姓名前的尊称),北京版一年级起点四年级上.xlsx,no-existing-match,,,,new-identity-candidate,yes,No existing MatchKey candidate; confirm this is a genuine new learning unit.
beijing_start1|g4-upper|r016|there,beijing_start1,4年级上,4,上,16,there,there,[ðeə(r)],[ðer],n. 那个地方 adv. 在那里;在那边;在那点上 int. 你瞧,北京版一年级起点四年级上.xlsx,exact-single,KV000038,there,那里；有（there be）,reuse-candidate,yes,Exact MatchKey; target sense must still be confirmed before merge.
beijing_start1|g4-upper|r017|really,beijing_start1,4年级上,4,上,17,really,really,[ˈriːəli],[ˈriːəli],"adv. 实际上,事实上;真正地,真实地;真的吗?(表语气)",北京版一年级起点四年级上.xlsx,exact-single,KV000308,really,真的；确实,reuse-candidate,yes,Exact MatchKey; target sense must still be confirmed before merge.
beijing_start1|g4-upper|r018|bring,beijing_start1,4年级上,4,上,18,bring,bring,[brɪŋ],[brɪŋ],vt. 带来;促使;引起;使某人处于某种情况或境地,北京版一年级起点四年级上.xlsx,exact-single,KV000757,bring,带来,reuse-candidate,yes,Exact MatchKey; target sense must still be confirmed before merge.
beijing_start1|g4-upper|r019|school,beijing_start1,4年级上,4,上,19,school,school,[skuːl],[skuːl],n. 学校;学院;学派;鱼群 vt. 教育,北京版一年级起点四年级上.xlsx,exact-single,KV000129,school,学校,reuse-candidate,yes,Exact MatchKey; target sense must still be confirmed before merge.
beijing_start1|g4-upper|r020|bad,beijing_start1,4年级上,4,上,20,bad,bad,[bæd],[bæd],"n. 坏事;坏人 adj. 坏的;严重的;劣质的 adv. 很,非常;坏地;邪恶地",北京版一年级起点四年级上.xlsx,exact-single,KV000226,bad,坏的；糟糕的,reuse-candidate,yes,Exact MatchKey; target sense must still be confirmed before merge.
beijing_start1|g4-upper|r021|cold,beijing_start1,4年级上,4,上,21,cold,cold,[kəʊld],[kəʊld],"n. 寒冷;感冒 adj. 寒冷的;冷淡的,不热情的;失去知觉的 adv. 完全地",北京版一年级起点四年级上.xlsx,exact-single,KV000176,cold,寒冷的,reuse-candidate,yes,Exact MatchKey; target sense must still be confirmed before merge.
beijing_start1|g4-upper|r022|drink,beijing_start1,4年级上,4,上,22,drink,drink,[drɪŋk],[drɪŋk],"n. 酒,饮料;喝酒 vt. 喝,饮;吸收;举杯庆贺 vi. 喝酒;饮水;干杯",北京版一年级起点四年级上.xlsx,exact-single,KV000584,drink,喝；饮料,reuse-candidate,yes,Exact MatchKey; target sense must still be confirmed before merge.
beijing_start1|g4-upper|r023|word,beijing_start1,4年级上,4,上,23,word,word,[wɜːd],[wɜːrd],n. [语] 单词;话语;消息;诺言;命令 vt. 用言辞表达,北京版一年级起点四年级上.xlsx,exact-single,KV000854,word,言语；单词；字,reuse-candidate,yes,Exact MatchKey; target sense must still be confirmed before merge.
beijing_start1|g4-upper|r024|computer,beijing_start1,4年级上,4,上,24,computer,computer,[kəmˈpjuːtə(r)],[kəmˈpjuːtər],n. 计算机;电脑;电子计算机,北京版一年级起点四年级上.xlsx,no-existing-match,,,,new-identity-candidate,yes,No existing MatchKey candidate; confirm this is a genuine new learning unit.
beijing_start1|g4-upper|r025|easy,beijing_start1,4年级上,4,上,25,easy,easy,[ˈiːzi],[ˈiːzi],"adj. 容易的;舒适的 vt. 发出停划命令 adv. 不费力地,从容地 vi. 停止划桨",北京版一年级起点四年级上.xlsx,no-existing-match,,,,new-identity-candidate,yes,No existing MatchKey candidate; confirm this is a genuine new learning unit.
beijing_start1|g4-upper|r026|light,beijing_start1,4年级上,4,上,26,light,light,[laɪt],[laɪt],n. 光;光线;灯;打火机;领悟;浅色;天窗 adj. 轻的;浅色的;明亮的;轻松的;容易的;清淡的 vi. 点着;变亮;着火 vt. 照亮;点燃;着火 adv. 轻地;清楚地;轻便地,北京版一年级起点四年级上.xlsx,exact-single,KV000062,light,灯,reuse-candidate,yes,Exact MatchKey; target sense must still be confirmed before merge.
beijing_start1|g4-upper|r027|door,beijing_start1,4年级上,4,上,27,door,door,[dɔː(r)],[dɔːr],"n. 门;家,户;门口;通道",北京版一年级起点四年级上.xlsx,exact-single,KV000064,door,门,reuse-candidate,yes,Exact MatchKey; target sense must still be confirmed before merge.
beijing_start1|g4-upper|r028|kind,beijing_start1,4年级上,4,上,28,kind,kind,[kaɪnd],[kaɪnd],n. 种类;性质 adj. 和蔼的;宽容的;令人感激的,北京版一年级起点四年级上.xlsx,exact-multiple,KV000718|KV000810,kind|kind,种类；类型|友好的,identity-review,yes,Multiple existing identities share this MatchKey; select target sense explicitly.
beijing_start1|g4-upper|r029|window,beijing_start1,4年级上,4,上,29,window,window,[ˈwɪndəʊ],[ˈwɪndoʊ],n. 窗;窗口;窗户,北京版一年级起点四年级上.xlsx,exact-single,KV000845,window,窗,reuse-candidate,yes,Exact MatchKey; target sense must still be confirmed before merge.
beijing_start1|g4-upper|r030|glass,beijing_start1,4年级上,4,上,30,glass,glass,[ɡlɑːs],[ɡlæs],n. 玻璃;玻璃制品;镜子 vt. 反映;给某物加玻璃 vi. 成玻璃状,北京版一年级起点四年级上.xlsx,no-existing-match,,,,new-identity-candidate,yes,No existing MatchKey candidate; confirm this is a genuine new learning unit.
beijing_start1|g4-upper|r031|take,beijing_start1,4年级上,4,上,31,take,take,[teɪk],[teɪk],"vi. 拿;获得 vt. 拿,取;采取;接受(礼物等);买,花费;耗费(时间等) n. 捕获量;看法;利益,盈益;(入场券的)售得金额",北京版一年级起点四年级上.xlsx,exact-single,KV000872,take,买下,reuse-candidate,yes,Exact MatchKey; target sense must still be confirmed before merge.
beijing_start1|g4-upper|r032|fine,beijing_start1,4年级上,4,上,32,fine,fine,[faɪn],[faɪn],"n. 罚款 adj. 好的;优良的;细小的,精美的;健康的;晴朗的 vt. 罚款;澄清 adv. 很好地;精巧地",北京版一年级起点四年级上.xlsx,no-existing-match,,,,new-identity-candidate,yes,No existing MatchKey candidate; confirm this is a genuine new learning unit.
beijing_start1|g4-upper|r033|get,beijing_start1,4年级上,4,上,33,get,get,[ɡet],[ɡet],n. 生殖;幼兽 vi. 成为;变得;到达 vt. 使得,北京版一年级起点四年级上.xlsx,exact-single,KV000453,get,得到；取得,reuse-candidate,yes,Exact MatchKey; target sense must still be confirmed before merge.
beijing_start1|g4-upper|r034|pen,beijing_start1,4年级上,4,上,34,pen,pen,[pen],[pen],n. 钢笔;作家;围栏 vt. 写;关入栏中,北京版一年级起点四年级上.xlsx,exact-single,KV000396,pen,钢笔,reuse-candidate,yes,Exact MatchKey; target sense must still be confirmed before merge.
beijing_start1|g4-upper|r035|kind,beijing_start1,4年级上,4,上,35,kind,kind,[kaɪnd],[kaɪnd],n. 种类;性质 adj. 和蔼的;宽容的;令人感激的,北京版一年级起点四年级上.xlsx,exact-multiple,KV000718|KV000810,kind|kind,种类；类型|友好的,identity-review,yes,Multiple existing identities share this MatchKey; select target sense explicitly.
beijing_start1|g4-upper|r036|brown,beijing_start1,4年级上,4,上,36,brown,brown,[braʊn],[braʊn],"n. 褐色,棕色 adj. 棕色的,褐色的;太阳晒黑的 vt. 使变成褐色 vi. 变成褐色",北京版一年级起点四年级上.xlsx,no-existing-match,,,,new-identity-candidate,yes,No existing MatchKey candidate; confirm this is a genuine new learning unit.
beijing_start1|g4-upper|r037|think,beijing_start1,4年级上,4,上,37,think,think,[θɪŋk],[θɪŋk],n. 想;想法 adj. 思想的 vi. 想;认为 vt. 想;认为;想起;想像;打算,北京版一年级起点四年级上.xlsx,exact-single,KV000858,think,想；思考,reuse-candidate,yes,Exact MatchKey; target sense must still be confirmed before merge.
beijing_start1|g4-upper|r038|pair,beijing_start1,4年级上,4,上,38,pair,pair,[peə(r)],[per],"n. 一对,一双,一副 vt. 把...组成一对",北京版一年级起点四年级上.xlsx,exact-single,KV000868,pair,一条，一副,reuse-candidate,yes,Exact MatchKey; target sense must still be confirmed before merge.
beijing_start1|g4-upper|r039|shoe,beijing_start1,4年级上,4,上,39,shoe,shoe,[ʃuː],[ʃuː],n. 鞋;蹄铁;外胎 vt. 给......穿上鞋;穿......鞋,北京版一年级起点四年级上.xlsx,no-existing-match,,,,new-identity-candidate,yes,No existing MatchKey candidate; confirm this is a genuine new learning unit.
beijing_start1|g4-upper|r040|how much,beijing_start1,4年级上,4,上,40,how much,how much,[haʊ mʌtʃ],[haʊ mʌtʃ],conj. 多少,北京版一年级起点四年级上.xlsx,exact-single,KV000564,how much,多少钱,reuse-candidate,yes,Exact MatchKey; target sense must still be confirmed before merge.
beijing_start1|g4-upper|r041|buy,beijing_start1,4年级上,4,上,41,buy,buy,[baɪ],[baɪ],"n. 购买,买卖;所购的物品 vi. 买,采购 vt. 购买;获得;贿赂",北京版一年级起点四年级上.xlsx,exact-single,KV000242,buy,买；购买,reuse-candidate,yes,Exact MatchKey; target sense must still be confirmed before merge.
beijing_start1|g4-upper|r042|shop,beijing_start1,4年级上,4,上,42,shop,shop,[ʃɒp],[ʃɑːp],n. 商店;店铺 vt. 购物 vi. 购物;买东西,北京版一年级起点四年级上.xlsx,exact-single,KV000411,shop,商店；购物,reuse-candidate,yes,Exact MatchKey; target sense must still be confirmed before merge.
beijing_start1|g4-upper|r043|sell,beijing_start1,4年级上,4,上,43,sell,sell,[sel],[sel],n. 销售;失望;推销术 vt. 销售;推销;出卖;欺骗 vi. 卖;出售;受欢迎;有销路,北京版一年级起点四年级上.xlsx,no-existing-match,,,,new-identity-candidate,yes,No existing MatchKey candidate; confirm this is a genuine new learning unit.
beijing_start1|g4-upper|r044|eat,beijing_start1,4年级上,4,上,44,eat,eat,[iːt],[iːt],"vt. 吃,喝;腐蚀;烦扰 vi. 进食;腐蚀,侵蚀",北京版一年级起点四年级上.xlsx,no-existing-match,,,,new-identity-candidate,yes,No existing MatchKey candidate; confirm this is a genuine new learning unit.
beijing_start1|g4-upper|r045|healthy,beijing_start1,4年级上,4,上,45,healthy,healthy,[ˈhelθi],[ˈhelθi],"adj. 健康的,健全的;有益于健康的",北京版一年级起点四年级上.xlsx,no-existing-match,,,,new-identity-candidate,yes,No existing MatchKey candidate; confirm this is a genuine new learning unit.
beijing_start1|g4-upper|r046|sour,beijing_start1,4年级上,4,上,46,sour,sour,[ˈsaʊə(r)],[ˈsaʊər],n. 酸味;苦事 adj. 酸的;发酵的;刺耳的;酸臭的;讨厌的 vt. 使变酸;使失望 vi. 发酵;变酸;厌烦,北京版一年级起点四年级上.xlsx,no-existing-match,,,,new-identity-candidate,yes,No existing MatchKey candidate; confirm this is a genuine new learning unit.
beijing_start1|g4-upper|r047|cook,beijing_start1,4年级上,4,上,47,cook,cook,[kʊk],[kʊk],"n. 厨师,厨子 vt. 烹调,煮 vi. 烹调,做菜",北京版一年级起点四年级上.xlsx,exact-multiple,KV000424|KV000805,cook|cook,厨师；做饭|烹饪；煮,identity-review,yes,Multiple existing identities share this MatchKey; select target sense explicitly.
beijing_start1|g4-upper|r048|duck,beijing_start1,4年级上,4,上,48,duck,duck,[dʌk],[dʌk],n. 鸭子;鸭肉;(英)宝贝儿;零分 vt. 躲避;猛按...入水 vi. 闪避;没入水中,北京版一年级起点四年级上.xlsx,exact-single,KV000244,duck,鸭子,reuse-candidate,yes,Exact MatchKey; target sense must still be confirmed before merge.
beijing_start1|g4-upper|r049|soup,beijing_start1,4年级上,4,上,49,soup,soup,[suːp],[suːp],"n. 汤,羹;马力 vt. 加速;增加马力",北京版一年级起点四年级上.xlsx,exact-single,KV000675,soup,汤,reuse-candidate,yes,Exact MatchKey; target sense must still be confirmed before merge.
beijing_start1|g4-upper|r050|sorry,beijing_start1,4年级上,4,上,50,sorry,sorry,[ˈsɒri],[ˈsɑːri],"adj. 遗憾的;对不起的,抱歉的 int. 对不起,抱歉(表示委婉的拒绝等)",北京版一年级起点四年级上.xlsx,exact-single,KV000076,sorry,对不起；抱歉,reuse-candidate,yes,Exact MatchKey; target sense must still be confirmed before merge.
beijing_start1|g4-upper|r051|pie,beijing_start1,4年级上,4,上,51,pie,pie,[paɪ],[paɪ],n. 馅饼;饼图;爱说话的人 vt. 使杂乱,北京版一年级起点四年级上.xlsx,no-existing-match,,,,new-identity-candidate,yes,No existing MatchKey candidate; confirm this is a genuine new learning unit.
beijing_start1|g4-upper|r052|chicken,beijing_start1,4年级上,4,上,52,chicken,chicken,[ˈtʃɪkɪn],[ˈtʃɪkɪn],"n. 鸡肉;小鸡;胆小鬼,懦夫 adj. 鸡肉的;胆怯的;幼小的",北京版一年级起点四年级上.xlsx,exact-single,KV000081,chicken,鸡肉,reuse-candidate,yes,Exact MatchKey; target sense must still be confirmed before merge.
beijing_start1|g4-upper|r053|hamburger,beijing_start1,4年级上,4,上,53,hamburger,hamburger,[ˈhæmbɜːɡə(r)],[ˈhæmbɜːrɡər],"n. 汉堡包,火腿汉堡;牛肉饼,肉饼;碎牛肉",北京版一年级起点四年级上.xlsx,exact-single,KV000410,hamburger,汉堡包,reuse-candidate,yes,Exact MatchKey; target sense must still be confirmed before merge.
beijing_start1|g4-upper|r054|change,beijing_start1,4年级上,4,上,54,change,change,[tʃeɪndʒ],[tʃeɪndʒ],n. 变化;找回的零钱 vt. 改变;交换 vi. 改变;兑换,北京版一年级起点四年级上.xlsx,no-existing-match,,,,new-identity-candidate,yes,No existing MatchKey candidate; confirm this is a genuine new learning unit.
beijing_start1|g4-upper|r055|money,beijing_start1,4年级上,4,上,55,money,money,[ˈmʌni],[ˈmʌni],n. 钱;货币;财富,北京版一年级起点四年级上.xlsx,exact-single,KV000454,money,钱,reuse-candidate,yes,Exact MatchKey; target sense must still be confirmed before merge.
beijing_start1|g4-upper|r056|become,beijing_start1,4年级上,4,上,56,become,become,[bɪˈkʌm],[bɪˈkʌm],vt. 适合;相称 vi. 成为;变得;变成,北京版一年级起点四年级上.xlsx,no-existing-match,,,,new-identity-candidate,yes,No existing MatchKey candidate; confirm this is a genuine new learning unit.
beijing_start1|g4-upper|r057|clever,beijing_start1,4年级上,4,上,57,clever,clever,[ˈklevə(r)],[ˈklevər],adj. 聪明的;机灵的;熟练的 [ 比较级cleverer 最高级 cleverest ],北京版一年级起点四年级上.xlsx,exact-single,KV000519,clever,聪明的,reuse-candidate,yes,Exact MatchKey; target sense must still be confirmed before merge.
beijing_start1|g4-upper|r058|ice,beijing_start1,4年级上,4,上,58,ice,ice,[aɪs],[aɪs],n. 冰;冰淇淋;矜持;(俚)钻石 adj. 冰的 vt. 冰镇;结冰 vi. 结冰,北京版一年级起点四年级上.xlsx,no-existing-match,,,,new-identity-candidate,yes,No existing MatchKey candidate; confirm this is a genuine new learning unit.
beijing_start1|g4-upper|r059|walk,beijing_start1,4年级上,4,上,59,walk,walk,[wɔːk],[wɔːk],"n. 步行,走;散步 vi. 走,步行;散步 vt. 散步;走过",北京版一年级起点四年级上.xlsx,exact-single,KV000819,walk,散步；行走,reuse-candidate,yes,Exact MatchKey; target sense must still be confirmed before merge.
beijing_start1|g4-upper|r060|interesting,beijing_start1,4年级上,4,上,60,interesting,interesting,[ˈɪntrəstɪŋ],[ˈɪntrəstɪŋ; ˈɪntrestɪŋ],"adj. 有趣的;引起兴趣的,令人关注的",北京版一年级起点四年级上.xlsx,exact-single,KV000350,interesting,有趣的,reuse-candidate,yes,Exact MatchKey; target sense must still be confirmed before merge.
beijing_start1|g4-upper|r061|close,beijing_start1,4年级上,4,上,61,close,close,[kləʊz],[kloʊz; kloʊs],n. 结束 adj. 紧密的;亲密的;亲近的 vt. 关;结束;使靠近 vi. 关;结束;关闭 adv. 紧密地,北京版一年级起点四年级上.xlsx,no-existing-match,,,,new-identity-candidate,yes,No existing MatchKey candidate; confirm this is a genuine new learning unit.
beijing_start1|g4-upper|r062|farmer,beijing_start1,4年级上,4,上,62,farmer,farmer,[ˈfɑːmə(r)],[ˈfɑːrmər],"n. 农夫,农民",北京版一年级起点四年级上.xlsx,exact-single,KV000429,farmer,农民,reuse-candidate,yes,Exact MatchKey; target sense must still be confirmed before merge.
beijing_start1|g4-upper|r063|lake,beijing_start1,4年级上,4,上,63,lake,lake,[leɪk],[leɪk],n. 湖;深红色颜料;胭脂红 vt. (使)血球溶解 vi. (使)血球溶解,北京版一年级起点四年级上.xlsx,exact-single,KV000139,lake,湖,reuse-candidate,yes,Exact MatchKey; target sense must still be confirmed before merge.
beijing_start1|g4-upper|r064|say,beijing_start1,4年级上,4,上,64,say,say,[seɪ],[seɪ],vt. 讲;说明;例如;声称;假设;指明 vi. 讲;表示;念;假定;背诵,北京版一年级起点四年级上.xlsx,exact-single,KV000623,say,说；讲,reuse-candidate,yes,Exact MatchKey; target sense must still be confirmed before merge.
beijing_start1|g4-upper|r065|air,beijing_start1,4年级上,4,上,65,air,air,[eə(r)],[er],"n. 空气,大气;天空;样子;曲调 vt. 使通风,晾干;夸耀 vi. 通风",北京版一年级起点四年级上.xlsx,no-existing-match,,,,new-identity-candidate,yes,No existing MatchKey candidate; confirm this is a genuine new learning unit.
beijing_start1|g4-upper|r066|live,beijing_start1,4年级上,4,上,66,live,live,[lɪv; laɪv],[lɪv; laɪv],adj. 活的;生动的;实况转播的;精力充沛的 vt. 经历;度过 vi. 活;居住;生存,北京版一年级起点四年级上.xlsx,exact-single,KV000764,live,居住；生活,reuse-candidate,yes,Exact MatchKey; target sense must still be confirmed before merge.
beijing_start1|g4-lower|r002|music,beijing_start1,4年级下,4,下,2,music,music,[ˈmjuːzɪk],[ˈmjuːzɪk],"n. 音乐,乐曲",北京版一年级起点四年级下.xlsx,exact-single,KV000286,music,音乐；音乐课,reuse-candidate,yes,Exact MatchKey; target sense must still be confirmed before merge.
beijing_start1|g4-lower|r003|pop,beijing_start1,4年级下,4,下,3,pop,pop,[pɒp],[pɑːp],abbr. 卖点广告(Point of Purchase),北京版一年级起点四年级下.xlsx,no-existing-match,,,,new-identity-candidate,yes,No existing MatchKey candidate; confirm this is a genuine new learning unit.
beijing_start1|g4-lower|r004|keep,beijing_start1,4年级下,4,下,4,keep,keep,[kiːp],[kiːp],vt. 保持;经营;遵守;饲养 vi. 保持;继续不断 n. 保持;生计;生活费,北京版一年级起点四年级下.xlsx,no-existing-match,,,,new-identity-candidate,yes,No existing MatchKey candidate; confirm this is a genuine new learning unit.
beijing_start1|g4-lower|r005|quiet,beijing_start1,4年级下,4,下,5,quiet,quiet,[ˈkwaɪət],[ˈkwaɪət],n. 安静;和平 adj. 安静的;安定的;不动的;温顺的 vt. 使平息;安慰 vi. 平静下来,北京版一年级起点四年级下.xlsx,exact-single,KV000522,quiet,安静的；文静的,reuse-candidate,yes,Exact MatchKey; target sense must still be confirmed before merge.
beijing_start1|g4-lower|r006|noisy,beijing_start1,4年级下,4,下,6,noisy,noisy,[ˈnɔɪzi],[ˈnɔɪzi],adj. .嘈杂的;喧闹的;聒噪的,北京版一年级起点四年级下.xlsx,no-existing-match,,,,new-identity-candidate,yes,No existing MatchKey candidate; confirm this is a genuine new learning unit.
beijing_start1|g4-lower|r007|sometimes,beijing_start1,4年级下,4,下,7,sometimes,sometimes,[ˈsʌmtaɪmz],[ˈsʌmtaɪmz],"adv. 有时,间或",北京版一年级起点四年级下.xlsx,exact-single,KV000530,sometimes,有时,reuse-candidate,yes,Exact MatchKey; target sense must still be confirmed before merge.
beijing_start1|g4-lower|r008|model,beijing_start1,4年级下,4,下,8,model,model,[ˈmɒd(ə)l],[ˈmɑːdl],n. 模型;典型;模范;模特儿;样式 vt. 模拟;塑造;模仿 vi. 做模型;做模特儿 adj. 模范的;作模型用的,北京版一年级起点四年级下.xlsx,no-existing-match,,,,new-identity-candidate,yes,No existing MatchKey candidate; confirm this is a genuine new learning unit.
beijing_start1|g4-lower|r009|plane,beijing_start1,4年级下,4,下,9,plane,plane,[pleɪn],[pleɪn],"n. 飞机;平面;程度,水平 adj. 平的;平面的 vt. 刨平;用刨子刨;掠过水面 vi. 刨;乘飞机旅行;翱翔",北京版一年级起点四年级下.xlsx,exact-single,KV000068,plane,飞机,reuse-candidate,yes,Exact MatchKey; target sense must still be confirmed before merge.
beijing_start1|g4-lower|r010|wrong,beijing_start1,4年级下,4,下,10,wrong,wrong,[rɒŋ],[rɔːŋ],"n. 坏事;不公正 adj. 错误的;失常的;不适当的 vt. 委屈;无理地对待;诽谤 adv. 错误地;邪恶地,不正当地",北京版一年级起点四年级下.xlsx,no-existing-match,,,,new-identity-candidate,yes,No existing MatchKey candidate; confirm this is a genuine new learning unit.
beijing_start1|g4-lower|r011|headache,beijing_start1,4年级下,4,下,11,headache,headache,[ˈhedeɪk],[ˈhedeɪk],n. 头痛;麻烦;令人头痛之事,北京版一年级起点四年级下.xlsx,exact-single,KV000586,headache,头痛,reuse-candidate,yes,Exact MatchKey; target sense must still be confirmed before merge.
beijing_start1|g4-lower|r012|fever,beijing_start1,4年级下,4,下,12,fever,fever,[ˈfiːvə(r)],[ˈfiːvər],"n. 发烧,发热;狂热 vt. 使发烧;使狂热;使患热病 vi. 发烧;狂热;患热病",北京版一年级起点四年级下.xlsx,no-existing-match,,,,new-identity-candidate,yes,No existing MatchKey candidate; confirm this is a genuine new learning unit.
beijing_start1|g4-lower|r013|has,beijing_start1,4年级下,4,下,13,has,has,[həz],[həz; əz; hæz],"v. 有,吃,得到,从事,允许,雇用,享有(have的第三人称单数);(亲属关系中)接受;拿;买到",北京版一年级起点四年级下.xlsx,exact-single,KV000541,has,有（have的第三人称单数）,reuse-candidate,yes,Exact MatchKey; target sense must still be confirmed before merge.
beijing_start1|g4-lower|r014|mouth,beijing_start1,4年级下,4,下,14,mouth,mouth,[maʊθ],[maʊθ],"n. 口,嘴;河口 vt. 做作地说,装腔作势地说;喃喃地说出 vi. 装腔作势说话",北京版一年级起点四年级下.xlsx,exact-single,KV000014,mouth,嘴；口,reuse-candidate,yes,Exact MatchKey; target sense must still be confirmed before merge.
beijing_start1|g4-lower|r015|flu,beijing_start1,4年级下,4,下,15,flu,flu,[fluː],[fluː],n. 流感,北京版一年级起点四年级下.xlsx,no-existing-match,,,,new-identity-candidate,yes,No existing MatchKey candidate; confirm this is a genuine new learning unit.
beijing_start1|g4-lower|r016|pill,beijing_start1,4年级下,4,下,16,pill,pill,[pɪl],[pɪl],"n. 药丸;弹丸,子弹;口服避孕药 vt. 把...制成丸剂;使服用药丸;抢劫,掠夺(古语) vi. 做成药丸;服药丸",北京版一年级起点四年级下.xlsx,no-existing-match,,,,new-identity-candidate,yes,No existing MatchKey candidate; confirm this is a genuine new learning unit.
beijing_start1|g4-lower|r017|soon,beijing_start1,4年级下,4,下,17,soon,soon,[suːn],[suːn],"adv. 快;不久,一会儿;立刻;",北京版一年级起点四年级下.xlsx,exact-single,KV000264,soon,很快；不久,reuse-candidate,yes,Exact MatchKey; target sense must still be confirmed before merge.
beijing_start1|g4-lower|r018|man,beijing_start1,4年级下,4,下,18,man,man,[mæn],[mæn],n. 人;男人;人类;丈夫;雇工 vt. 操纵;给...配置人员;使增强勇气;在...就位,北京版一年级起点四年级下.xlsx,exact-single,KV000112,man,男人,reuse-candidate,yes,Exact MatchKey; target sense must still be confirmed before merge.
beijing_start1|g4-lower|r019|men,beijing_start1,4年级下,4,下,19,men,men,[men],[men],"n. 男人,人类(man的复数)",北京版一年级起点四年级下.xlsx,morphology-or-phrase,KV000112,man,男人,identity-review,yes,Only morphology/phrase-related candidates found; never auto-merge.
beijing_start1|g4-lower|r020|right,beijing_start1,4年级下,4,下,20,right,right,[raɪt],[raɪt],n. 正确;右边;正义 adj. 正确的;直接的;右方的 vt. 纠正 adv. 正确地;恰当地;彻底地 vi. 复正;恢复平稳,北京版一年级起点四年级下.xlsx,no-existing-match,,,,new-identity-candidate,yes,No existing MatchKey candidate; confirm this is a genuine new learning unit.
beijing_start1|g4-lower|r021|hurt,beijing_start1,4年级下,4,下,21,hurt,hurt,[hɜːt],[hɜːrt],n. 痛苦;危害;痛苦的原因 vt. 使受伤;损害;使疼痛;使痛心 adj. 受伤的;痛苦的;受损的 vi. 感到疼痛;有坏处;带来痛苦,北京版一年级起点四年级下.xlsx,exact-single,KV000224,hurt,疼；受伤,reuse-candidate,yes,Exact MatchKey; target sense must still be confirmed before merge.
beijing_start1|g4-lower|r022|near,beijing_start1,4年级下,4,下,22,near,near,[nɪə(r)],[nɪr],adj. 近的;亲近的;近似的 adv. 近;接近 prep. 靠近;近似于,北京版一年级起点四年级下.xlsx,exact-single,KV000066,near,在……附近,reuse-candidate,yes,Exact MatchKey; target sense must still be confirmed before merge.
beijing_start1|g4-lower|r023|excuse,beijing_start1,4年级下,4,下,23,excuse,excuse,[ɪkˈskjuːs],[ɪkˈskjuːs],n. 借口;理由 vt. 原谅;为...申辩;给...免去 vi. 作为借口;请求宽恕;表示宽恕,北京版一年级起点四年级下.xlsx,no-existing-match,,,,new-identity-candidate,yes,No existing MatchKey candidate; confirm this is a genuine new learning unit.
beijing_start1|g4-lower|r024|library,beijing_start1,4年级下,4,下,24,library,library,[ˈlaɪbrəri; ˈlaɪbri],[ˈlaɪbreri],"n. 图书馆,藏书室;文库",北京版一年级起点四年级下.xlsx,exact-single,KV000293,library,图书馆,reuse-candidate,yes,Exact MatchKey; target sense must still be confirmed before merge.
beijing_start1|g4-lower|r025|floor,beijing_start1,4年级下,4,下,25,floor,floor,[flɔː(r)],[flɔːr],"n. 地板,地面;楼层;基底;议员席 vt. 铺地板;打倒,击倒;(被困难)难倒",北京版一年级起点四年级下.xlsx,exact-single,KV000298,floor,楼层；地板,reuse-candidate,yes,Exact MatchKey; target sense must still be confirmed before merge.
beijing_start1|g4-lower|r026|building,beijing_start1,4年级下,4,下,26,building,building,[ˈbɪldɪŋ],[ˈbɪldɪŋ],n. 建筑;建筑物 v. 建筑;建立;增加(build的ing形式),北京版一年级起点四年级下.xlsx,no-existing-match,,,,new-identity-candidate,yes,No existing MatchKey candidate; confirm this is a genuine new learning unit.
beijing_start1|g4-lower|r027|nearby,beijing_start1,4年级下,4,下,27,nearby,nearby,[ˌnɪəˈbaɪ],[ˌnɪrˈbaɪ],"adj. 附近的,邻近的 adv. 在附近 prep. 在...附近",北京版一年级起点四年级下.xlsx,no-existing-match,,,,new-identity-candidate,yes,No existing MatchKey candidate; confirm this is a genuine new learning unit.
beijing_start1|g4-lower|r028|grey,beijing_start1,4年级下,4,下,28,grey,grey,[ɡreɪ],[ɡreɪ],n. 灰色 adj. 灰色的;灰白的 vt. 使变成灰色;使变老 vi. 变成灰色;老化,北京版一年级起点四年级下.xlsx,no-existing-match,,,,new-identity-candidate,yes,No existing MatchKey candidate; confirm this is a genuine new learning unit.
beijing_start1|g4-lower|r029|beside,beijing_start1,4年级下,4,下,29,beside,beside,[bɪˈsaɪd],[bɪˈsaɪd],prep. 在旁边;与...相比;和...无关,北京版一年级起点四年级下.xlsx,no-existing-match,,,,new-identity-candidate,yes,No existing MatchKey candidate; confirm this is a genuine new learning unit.
beijing_start1|g4-lower|r030|station,beijing_start1,4年级下,4,下,30,station,station,[ˈsteɪʃ(ə)n],[ˈsteɪʃn],n. 车站;驻地;地位;身份 vt. 配置;安置;驻扎,北京版一年级起点四年级下.xlsx,exact-single,KV000467,station,车站,reuse-candidate,yes,Exact MatchKey; target sense must still be confirmed before merge.
beijing_start1|g4-lower|r031|far,beijing_start1,4年级下,4,下,31,far,far,[fɑː(r)],[fɑːr],n. 远方 adj. 远的;久远的 adv. 很;遥远地;久远地;到很远的距离;到很深的程度,北京版一年级起点四年级下.xlsx,no-existing-match,,,,new-identity-candidate,yes,No existing MatchKey candidate; confirm this is a genuine new learning unit.
beijing_start1|g4-lower|r032|way,beijing_start1,4年级下,4,下,32,way,way,[weɪ],[weɪ],n. 方法;道路;方向;行业;习惯 adj. 途中的 adv. 大大地;远远地,北京版一年级起点四年级下.xlsx,no-existing-match,,,,new-identity-candidate,yes,No existing MatchKey candidate; confirm this is a genuine new learning unit.
beijing_start1|g4-lower|r033|then,beijing_start1,4年级下,4,下,33,then,then,[ðen],[ðen],"conj. 然后,当时 n. 那时 adv. 然后;那么;于是;当时;此外",北京版一年级起点四年级下.xlsx,exact-single,KV000839,then,然后；那时,reuse-candidate,yes,Exact MatchKey; target sense must still be confirmed before merge.
beijing_start1|g4-lower|r034|left,beijing_start1,4年级下,4,下,34,left,left,[left],[left],adj. 左边的;左派的;剩下的 adv. 在左面 n. 左边;左派;激进分子 v. 离开(leave的过去式),北京版一年级起点四年级下.xlsx,exact-single,KV000654,left,离开（leave的过去式）,reuse-candidate,yes,Exact MatchKey; target sense must still be confirmed before merge.
beijing_start1|g4-lower|r035|miss,beijing_start1,4年级下,4,下,35,miss,miss,[mɪs],[mɪs],"n. 女士,小姐,年轻未婚女子 vt. 错过,想念,缺(勤)",北京版一年级起点四年级下.xlsx,no-existing-match,,,,new-identity-candidate,yes,No existing MatchKey candidate; confirm this is a genuine new learning unit.
beijing_start1|g4-lower|r036|china,beijing_start1,4年级下,4,下,36,China,china,[ˈtʃaɪnə],[ˈtʃaɪnə],"n. 中国 n. china,瓷器 adj. 中国的;中国制造的 adj. china,瓷制的",北京版一年级起点四年级下.xlsx,exact-single,KV000511,China,中国,reuse-candidate,yes,Exact MatchKey; target sense must still be confirmed before merge.
beijing_start1|g4-lower|r037|labour,beijing_start1,4年级下,4,下,37,labour,labour,[ˈleɪbə(r)],[ˈleɪbər],n. (英国)工党,北京版一年级起点四年级下.xlsx,no-existing-match,,,,new-identity-candidate,yes,No existing MatchKey candidate; confirm this is a genuine new learning unit.
beijing_start1|g4-lower|r038|wall,beijing_start1,4年级下,4,下,38,wall,wall,[wɔːl],[wɔːl],"n. 墙壁,围墙;似墙之物 adj. 墙壁的 vt. 用墙围住,围以墙",北京版一年级起点四年级下.xlsx,exact-single,KV000847,wall,墙；壁,reuse-candidate,yes,Exact MatchKey; target sense must still be confirmed before merge.
beijing_start1|g4-lower|r039|cinema,beijing_start1,4年级下,4,下,39,cinema,cinema,[ˈsɪnəmə],[ˈsɪnəmə],"n. 电影;电影院;电影业,电影制作术",北京版一年级起点四年级下.xlsx,no-existing-match,,,,new-identity-candidate,yes,No existing MatchKey candidate; confirm this is a genuine new learning unit.
beijing_start1|g4-lower|r040|museum,beijing_start1,4年级下,4,下,40,museum,museum,[mjuˈziːəm],[mjuˈziːəm],n. 博物馆,北京版一年级起点四年级下.xlsx,exact-single,KV000475,museum,博物馆,reuse-candidate,yes,Exact MatchKey; target sense must still be confirmed before merge.
beijing_start1|g4-lower|r041|country,beijing_start1,4年级下,4,下,41,country,country,[ˈkʌntri],[ˈkʌntri],"n. 国家,国土;国民;乡下,农村;乡村;故乡 adj. 祖国的,故乡的;地方的,乡村的;国家的;粗鲁的;乡村音乐的",北京版一年级起点四年级下.xlsx,exact-single,KV000518,country,国家,reuse-candidate,yes,Exact MatchKey; target sense must still be confirmed before merge.
beijing_start1|g4-lower|r042|about,beijing_start1,4年级下,4,下,42,about,about,[əˈbaʊt],[əˈbaʊt],prep. 关于;大约 n. 大致;粗枝大叶;不拘小节的人 adj. 在附近的;四处走动的;在起作用的 adv. 大约;周围;到处,北京版一年级起点四年级下.xlsx,no-existing-match,,,,new-identity-candidate,yes,No existing MatchKey candidate; confirm this is a genuine new learning unit.
beijing_start1|g4-lower|r043|boat,beijing_start1,4年级下,4,下,43,boat,boat,[bəʊt],[boʊt],n. 小船;轮船 vi. 划船,北京版一年级起点四年级下.xlsx,exact-single,KV000138,boat,小船,reuse-candidate,yes,Exact MatchKey; target sense must still be confirmed before merge.
beijing_start1|g4-lower|r044|sound,beijing_start1,4年级下,4,下,44,sound,sound,[saʊnd],[saʊnd],"n. 声音,语音;噪音;海峡;吵闹;听力范围;[医] 探条 adj. 健全的,健康的;合理的;可靠的;有效彻底的 vt. 听(诊);测量,测...深;使发声;试探;宣告 vi. 听起来;发出声音;回响;测深 adv. 彻底地,充分地",北京版一年级起点四年级下.xlsx,exact-single,KV000439,sound,听起来；声音,reuse-candidate,yes,Exact MatchKey; target sense must still be confirmed before merge.
beijing_start1|g4-lower|r045|safe,beijing_start1,4年级下,4,下,45,safe,safe,[seɪf],[seɪf],n. 保险箱;冷藏室;纱橱 adj. 安全的;可靠的;平安的,北京版一年级起点四年级下.xlsx,exact-single,KV000419,safe,安全的,reuse-candidate,yes,Exact MatchKey; target sense must still be confirmed before merge.
beijing_start1|g4-lower|r046|dangerous,beijing_start1,4年级下,4,下,46,dangerous,dangerous,[ˈdeɪndʒərəs],[ˈdeɪndʒərəs],adj. 危险的 危险地,北京版一年级起点四年级下.xlsx,exact-single,KV000413,dangerous,危险的,reuse-candidate,yes,Exact MatchKey; target sense must still be confirmed before merge.
beijing_start1|g4-lower|r047|front,beijing_start1,4年级下,4,下,47,front,front,[frʌnt],[frʌnt],n. 前面;正面;前线 adj. 前面的;正面的 vt. 面对;朝向;对付 vi. 朝向 adv. 在前面;向前,北京版一年级起点四年级下.xlsx,no-existing-match,,,,new-identity-candidate,yes,No existing MatchKey candidate; confirm this is a genuine new learning unit.
beijing_start1|g4-lower|r048|thick,beijing_start1,4年级下,4,下,48,thick,thick,[θɪk],[θɪk],"n. 最拥挤部分;活动最多部分;事物的粗大浓密部分 adj. 厚的;浓的;粗大的 adv. 密集地;浓浓地,厚厚地",北京版一年级起点四年级下.xlsx,no-existing-match,,,,new-identity-candidate,yes,No existing MatchKey candidate; confirm this is a genuine new learning unit.
beijing_start1|g4-lower|r049|enough,beijing_start1,4年级下,4,下,49,enough,enough,[ɪˈnʌf],[ɪˈnʌf],"n. 很多;充足 adj. 充足的 adv. 足够地,充足地 int. 够了!",北京版一年级起点四年级下.xlsx,no-existing-match,,,,new-identity-candidate,yes,No existing MatchKey candidate; confirm this is a genuine new learning unit.
beijing_start1|g4-lower|r050|safety,beijing_start1,4年级下,4,下,50,safety,safety,[ˈseɪfti],[ˈseɪfti],n. 安全;保险;安全设备;保险装置;安打,北京版一年级起点四年级下.xlsx,no-existing-match,,,,new-identity-candidate,yes,No existing MatchKey candidate; confirm this is a genuine new learning unit.
beijing_start1|g4-lower|r051|crowd,beijing_start1,4年级下,4,下,51,crowd,crowd,[kraʊd],[kraʊd],"n. 群众,一伙;一堆,许多,大众 v. 拥挤,挤满,挤进 vt. 挤满,将...塞进;催促,催逼 vi. 挤,拥挤,聚集",北京版一年级起点四年级下.xlsx,no-existing-match,,,,new-identity-candidate,yes,No existing MatchKey candidate; confirm this is a genuine new learning unit.
beijing_start1|g4-lower|r052|push,beijing_start1,4年级下,4,下,52,push,push,[pʊʃ],[pʊʃ],"n. 推,决心;大规模攻势;矢志的追求 vi. 推进;增加;努力争取 vt. 推动,增加;对...施加压力,逼迫;按;说服",北京版一年级起点四年级下.xlsx,no-existing-match,,,,new-identity-candidate,yes,No existing MatchKey candidate; confirm this is a genuine new learning unit.
beijing_start1|g4-lower|r053|slowly,beijing_start1,4年级下,4,下,53,slowly,slowly,[ˈsləʊli],[ˈsloʊli],"adv. 缓慢地,慢慢地",北京版一年级起点四年级下.xlsx,no-existing-match,,,,new-identity-candidate,yes,No existing MatchKey candidate; confirm this is a genuine new learning unit.
beijing_start1|g4-lower|r054|break,beijing_start1,4年级下,4,下,54,break,break,[breɪk],[breɪk],vi. 打破;折断;弄坏;削弱 vt. (使)破;打破(纪录);(常指好天气)突变;开始 vi. (嗓音)突变;突破;破晓;(价格)突然下跌 n. 破裂;间断;(持续一段时间的状况的)改变;间歇,北京版一年级起点四年级下.xlsx,no-existing-match,,,,new-identity-candidate,yes,No existing MatchKey candidate; confirm this is a genuine new learning unit.
beijing_start1|g4-lower|r055|broke,beijing_start1,4年级下,4,下,55,broke,broke,[brəʊk],[broʊk],"v. 打破,断掉(break的过去式) adj. 一文不名的,破产的",北京版一年级起点四年级下.xlsx,no-existing-match,,,,new-identity-candidate,yes,No existing MatchKey candidate; confirm this is a genuine new learning unit.
beijing_start1|g4-lower|r056|drop,beijing_start1,4年级下,4,下,56,drop,drop,[drɒp],[drɑːp],n. 滴;落下;空投;微量;滴剂 vt. 滴;使降低;使终止;随口漏出 vi. 下降;终止,北京版一年级起点四年级下.xlsx,no-existing-match,,,,new-identity-candidate,yes,No existing MatchKey candidate; confirm this is a genuine new learning unit.
beijing_start1|g4-lower|r057|dropped,beijing_start1,4年级下,4,下,57,dropped,dropped,[drɒpt],[drɑːpt],"v. 下降,减少;掉下,滴下(drop的过去式和过去分词形式) adj. 抛踢球得分的",北京版一年级起点四年级下.xlsx,no-existing-match,,,,new-identity-candidate,yes,No existing MatchKey candidate; confirm this is a genuine new learning unit.
beijing_start1|g4-lower|r058|fix,beijing_start1,4年级下,4,下,58,fix,fix,[fɪks],[fɪks],n. 困境;方位;贿赂 vt. 使固定;修理;安装;准备 vi. 固定;注视,北京版一年级起点四年级下.xlsx,no-existing-match,,,,new-identity-candidate,yes,No existing MatchKey candidate; confirm this is a genuine new learning unit.
beijing_start1|g4-lower|r059|never,beijing_start1,4年级下,4,下,59,never,never,[ˈnevə(r)],[ˈnevər],adv. 从未;决不,北京版一年级起点四年级下.xlsx,exact-single,KV000503,never,从不；从未,reuse-candidate,yes,Exact MatchKey; target sense must still be confirmed before merge.
beijing_start1|g4-lower|r060|lose,beijing_start1,4年级下,4,下,60,lose,lose,[luːz],[luːz],vt. 浪费;使沉溺于;使迷路;遗失;错过 vi. 失败;受损失,北京版一年级起点四年级下.xlsx,no-existing-match,,,,new-identity-candidate,yes,No existing MatchKey candidate; confirm this is a genuine new learning unit.
beijing_start1|g4-lower|r061|lost,beijing_start1,4年级下,4,下,61,lost,lost,[lɒst],[lɔːst],adj. 失去的;丧失的;迷惑的 v. 遗失(lose的过去分词);失败,北京版一年级起点四年级下.xlsx,exact-single,KV000317,lost,丢失的；迷路的,reuse-candidate,yes,Exact MatchKey; target sense must still be confirmed before merge.
beijing_start1|g4-lower|r062|key,beijing_start1,4年级下,4,下,62,key,key,[kiː],[kiː],n. (打字机等的)键;关键;钥匙 vt. 键入;锁上;调节...的音调;提供线索 vi. 使用钥匙 adj. 关键的,北京版一年级起点四年级下.xlsx,no-existing-match,,,,new-identity-candidate,yes,No existing MatchKey candidate; confirm this is a genuine new learning unit.
beijing_start1|g4-lower|r063|playground,beijing_start1,4年级下,4,下,63,playground,playground,[ˈpleɪɡraʊnd],[ˈpleɪɡraʊnd],"n. 运动场,操场;游乐场",北京版一年级起点四年级下.xlsx,exact-single,KV000295,playground,操场,reuse-candidate,yes,Exact MatchKey; target sense must still be confirmed before merge.
beijing_start1|g4-lower|r064|next,beijing_start1,4年级下,4,下,64,next,next,[nekst],[nekst],adv. 然后;下次;其次 adj. 下一个的;其次的;贴近的 n. 下一个 prep. 靠近;居于...之后,北京版一年级起点四年级下.xlsx,no-existing-match,,,,new-identity-candidate,yes,No existing MatchKey candidate; confirm this is a genuine new learning unit.
beijing_start1|g4-lower|r065|happen,beijing_start1,4年级下,4,下,65,happen,happen,[ˈhæpən],[ˈhæpən],vi. 发生;碰巧;偶然遇到,北京版一年级起点四年级下.xlsx,no-existing-match,,,,new-identity-candidate,yes,No existing MatchKey candidate; confirm this is a genuine new learning unit.
beijing_start1|g4-lower|r066|happened,beijing_start1,4年级下,4,下,66,happened,happened,['hæpənd],[ˈhæpənd],"v. 发生(happen的过去式,过去分词)",北京版一年级起点四年级下.xlsx,no-existing-match,,,,new-identity-candidate,yes,No existing MatchKey candidate; confirm this is a genuine new learning unit.
beijing_start1|g4-lower|r067|vase,beijing_start1,4年级下,4,下,67,vase,vase,[vɑːz],[veɪs; veɪz],n. 瓶;花瓶,北京版一年级起点四年级下.xlsx,no-existing-match,,,,new-identity-candidate,yes,No existing MatchKey candidate; confirm this is a genuine new learning unit.
beijing_start1|g5-upper|r002|supermarket,beijing_start1,5年级上,5,上,2,supermarket,supermarket,[ˈsuːpəmɑːkɪt],[ˈsuːpərmɑːrkɪt],n. 超级市场;自助售货商店,北京版一年级起点五年级上.xlsx,exact-single,KV000130,supermarket,超市,reuse-candidate,yes,Exact MatchKey; target sense must still be confirmed before merge.
beijing_start1|g5-upper|r003|meat,beijing_start1,5年级上,5,上,3,meat,meat,[miːt],[miːt],"n. 肉,肉类(食用)",北京版一年级起点五年级上.xlsx,exact-single,KV000239,meat,肉；肉类,reuse-candidate,yes,Exact MatchKey; target sense must still be confirmed before merge.
beijing_start1|g5-upper|r004|juice,beijing_start1,5年级上,5,上,4,juice,juice,[dʒuːs],[dʒuːs],"n. (水果)汁,液;果汁",北京版一年级起点五年级上.xlsx,exact-single,KV000086,juice,果汁,reuse-candidate,yes,Exact MatchKey; target sense must still be confirmed before merge.
beijing_start1|g5-upper|r005|pay,beijing_start1,5年级上,5,上,5,pay,pay,[peɪ],[peɪ],"n. 工资,薪水;付款;报答 vt. 支付,付;偿还,补偿;给予 vi. 付款;偿还 adj. 收费的;需付费的",北京版一年级起点五年级上.xlsx,no-existing-match,,,,new-identity-candidate,yes,No existing MatchKey candidate; confirm this is a genuine new learning unit.
beijing_start1|g5-upper|r006|english,beijing_start1,5年级上,5,上,6,English,english,[ˈɪŋɡlɪʃ],[ˈɪŋɡlɪʃ],n. 英语;英国人;英文;英格兰人 adj. 英国人的;英国的;英文的 vt. 把...译成英语,北京版一年级起点五年级上.xlsx,exact-single,KV000283,English,英语,reuse-candidate,yes,Exact MatchKey; target sense must still be confirmed before merge.
beijing_start1|g5-upper|r007|difficult,beijing_start1,5年级上,5,上,7,difficult,difficult,[ˈdɪfɪkəlt],[ˈdɪfɪkəlt],adj. 困难的;不随和的;执拗的,北京版一年级起点五年级上.xlsx,no-existing-match,,,,new-identity-candidate,yes,No existing MatchKey candidate; confirm this is a genuine new learning unit.
beijing_start1|g5-upper|r008|maths,beijing_start1,5年级上,5,上,8,maths,maths,[mæθs],[mæθs],n. 数学(等于mathematics),北京版一年级起点五年级上.xlsx,exact-single,KV000287,maths,数学；数学课,reuse-candidate,yes,Exact MatchKey; target sense must still be confirmed before merge.
beijing_start1|g5-upper|r009|subject,beijing_start1,5年级上,5,上,9,subject,subject,[ˈsʌbdʒɪkt; ˈsʌbdʒekt],[ˈsʌbdʒɪkt; ˈsʌbdʒekt],n. 主题;科目;[语] 主语;国民 adj. 服从的;易患...的;受制于...的 vt. 使...隶属;使屈从于...,北京版一年级起点五年级上.xlsx,exact-single,KV000590,subject,学科；科目,reuse-candidate,yes,Exact MatchKey; target sense must still be confirmed before merge.
beijing_start1|g5-upper|r010|draw,beijing_start1,5年级上,5,上,10,draw,draw,[drɔː],[drɔː],n. 平局;抽签 vi. 拉;拖 vt. 画;拉;吸引,北京版一年级起点五年级上.xlsx,no-existing-match,,,,new-identity-candidate,yes,No existing MatchKey candidate; confirm this is a genuine new learning unit.
beijing_start1|g5-upper|r011|art,beijing_start1,5年级上,5,上,11,art,art,[ɑːt],[ɑːrt],n. 艺术;美术;艺术品 v. 是(be的变体) adj. 艺术的;艺术品的,北京版一年级起点五年级上.xlsx,exact-single,KV000288,art,美术；美术课,reuse-candidate,yes,Exact MatchKey; target sense must still be confirmed before merge.
beijing_start1|g5-upper|r012|science,beijing_start1,5年级上,5,上,12,science,science,[ˈsaɪəns],[ˈsaɪəns],n. 科学;技术;学科;理科,北京版一年级起点五年级上.xlsx,exact-single,KV000284,science,科学；科学课,reuse-candidate,yes,Exact MatchKey; target sense must still be confirmed before merge.
beijing_start1|g5-upper|r013|sheep,beijing_start1,5年级上,5,上,13,sheep,sheep,[ʃiːp],[ʃiːp],"n. 羊,绵羊;胆小鬼",北京版一年级起点五年级上.xlsx,exact-single,KV000548,sheep,绵羊；羊,reuse-candidate,yes,Exact MatchKey; target sense must still be confirmed before merge.
beijing_start1|g5-upper|r014|bear,beijing_start1,5年级上,5,上,14,bear,bear,[beə(r)],[ber],"n. 熊 vt. 结果实,开花(正式) vt. 忍受;承受;具有;支撑",北京版一年级起点五年级上.xlsx,exact-single,KV000073,bear,熊,reuse-candidate,yes,Exact MatchKey; target sense must still be confirmed before merge.
beijing_start1|g5-upper|r015|minute,beijing_start1,5年级上,5,上,15,minute,minute,[ˈmɪnɪt],[ˈmɪnɪt],"n. 分,分钟;片刻,一会儿;备忘录,笔记;会议记录 vt. 将...记录下来 adj. 微小的,详细的 [maɪˈnjuːt; US -ˈnuːt; maɪˋnut]",北京版一年级起点五年级上.xlsx,exact-single,KV000867,minute,分钟,reuse-candidate,yes,Exact MatchKey; target sense must still be confirmed before merge.
beijing_start1|g5-upper|r016|put,beijing_start1,5年级上,5,上,16,put,put,[pʊt],[pʊt],n. 掷;笨蛋;投击;怪人 adj. 固定不动的 vi. 出发;击;航行;发芽 vt. 放;表达;移动;安置;赋予,北京版一年级起点五年级上.xlsx,no-existing-match,,,,new-identity-candidate,yes,No existing MatchKey candidate; confirm this is a genuine new learning unit.
beijing_start1|g5-upper|r017|must,beijing_start1,5年级上,5,上,17,must,must,[məst],[məst; mʌst],"aux. 必须,一定;可以,应当;很可能 n. 绝对必要的事物;未发酵葡萄汁",北京版一年级起点五年级上.xlsx,no-existing-match,,,,new-identity-candidate,yes,No existing MatchKey candidate; confirm this is a genuine new learning unit.
beijing_start1|g5-upper|r018|brother,beijing_start1,5年级上,5,上,18,brother,brother,[ˈbrʌðə(r)],[ˈbrʌðər],n. 兄弟;同事;战友 int. 我的老兄!,北京版一年级起点五年级上.xlsx,exact-single,KV000101,brother,兄弟；哥哥；弟弟,reuse-candidate,yes,Exact MatchKey; target sense must still be confirmed before merge.
beijing_start1|g5-upper|r019|pass,beijing_start1,5年级上,5,上,19,pass,pass,[pɑːs],[pæs],n. 及格;经过;护照;途径;传球 vt. 通过;经过;传递 vi. 经过;传递;变化;终止,北京版一年级起点五年级上.xlsx,exact-single,KV000888,pass,给；递,reuse-candidate,yes,Exact MatchKey; target sense must still be confirmed before merge.
beijing_start1|g5-upper|r020|finish,beijing_start1,5年级上,5,上,20,finish,finish,[ˈfɪnɪʃ],[ˈfɪnɪʃ],"n. 结束;完美;回味(葡萄酒) vt. 完成;结束;用完 vi. 结束,终止;终结",北京版一年级起点五年级上.xlsx,no-existing-match,,,,new-identity-candidate,yes,No existing MatchKey candidate; confirm this is a genuine new learning unit.
beijing_start1|g5-upper|r021|homework,beijing_start1,5年级上,5,上,21,homework,homework,[ˈhəʊmwɜːk],[ˈhoʊmwɜːrk],"n. 家庭作业,课外作业",北京版一年级起点五年级上.xlsx,exact-single,KV000853,homework,家庭作业,reuse-candidate,yes,Exact MatchKey; target sense must still be confirmed before merge.
beijing_start1|g5-upper|r022|half,beijing_start1,5年级上,5,上,22,half,half,[hɑːf],[hæf],n. 一半;半场;半学年 adj. 一半的;不完全的;半途的 adv. 一半地;部分地,北京版一年级起点五年级上.xlsx,no-existing-match,,,,new-identity-candidate,yes,No existing MatchKey candidate; confirm this is a genuine new learning unit.
beijing_start1|g5-upper|r023|late,beijing_start1,5年级上,5,上,23,late,late,[leɪt],[leɪt],adj. 晚的;迟的;已故的;最近的 adv. 晚;迟;最近;在晚期,北京版一年级起点五年级上.xlsx,exact-single,KV000353,late,迟到的；晚的,reuse-candidate,yes,Exact MatchKey; target sense must still be confirmed before merge.
beijing_start1|g5-upper|r024|dirty,beijing_start1,5年级上,5,上,24,dirty,dirty,[ˈdɜːti],[ˈdɜːrti],"adj. 下流的,卑鄙的;肮脏的;恶劣的;暗淡的 vt. 弄脏 vi. 变脏",北京版一年级起点五年级上.xlsx,exact-single,KV000367,dirty,脏的,reuse-candidate,yes,Exact MatchKey; target sense must still be confirmed before merge.
beijing_start1|g5-upper|r025|ask,beijing_start1,5年级上,5,上,25,ask,ask,[ɑːsk],[æsk],"vt. 问,询问;要求;需要;邀请;讨价 vi. 问,询问;要求",北京版一年级起点五年级上.xlsx,no-existing-match,,,,new-identity-candidate,yes,No existing MatchKey candidate; confirm this is a genuine new learning unit.
beijing_start1|g5-upper|r026|join,beijing_start1,5年级上,5,上,26,join,join,[dʒɔɪn],[dʒɔɪn],vt. 参加;结合;连接 vi. 加入;参加;结合 n. 结合;连接;接合点,北京版一年级起点五年级上.xlsx,no-existing-match,,,,new-identity-candidate,yes,No existing MatchKey candidate; confirm this is a genuine new learning unit.
beijing_start1|g5-upper|r027|wash,beijing_start1,5年级上,5,上,27,wash,wash,[wɒʃ],[wɑːʃ],n. 洗涤;洗的衣服;化妆水;冲积物 vt. 洗涤;洗刷;冲走;拍打 vi. 洗澡;被冲蚀,北京版一年级起点五年级上.xlsx,exact-single,KV000855,wash,洗,reuse-candidate,yes,Exact MatchKey; target sense must still be confirmed before merge.
beijing_start1|g5-upper|r028|autumn,beijing_start1,5年级上,5,上,28,autumn,autumn,[ˈɔːtəm],[ˈɔːtəm; ˈɑːtəm],"n. 秋天;成熟期;渐衰期,凋落期 adj. 秋天的,秋季的",北京版一年级起点五年级上.xlsx,exact-single,KV000171,autumn,秋天,reuse-candidate,yes,Exact MatchKey; target sense must still be confirmed before merge.
beijing_start1|g5-upper|r029|family,beijing_start1,5年级上,5,上,29,family,family,[ˈfæməli],[ˈfæməli],n. 家庭;亲属;家族;子女;[生]科;语族;[化]族 adj. 家庭的;家族的;适合于全家的,北京版一年级起点五年级上.xlsx,exact-single,KV000312,family,家庭；家人,reuse-candidate,yes,Exact MatchKey; target sense must still be confirmed before merge.
beijing_start1|g5-upper|r030|fruit,beijing_start1,5年级上,5,上,30,fruit,fruit,[fruːt],[fruːt],n. 水果;产物 vt. 使......结果实 vi. 结果实,北京版一年级起点五年级上.xlsx,exact-single,KV000235,fruit,水果,reuse-candidate,yes,Exact MatchKey; target sense must still be confirmed before merge.
beijing_start1|g5-upper|r031|climb,beijing_start1,5年级上,5,上,31,climb,climb,[klaɪm],[klaɪm],n. 爬;攀登 vi. 爬;攀登;上升 vt. 爬;攀登;上升,北京版一年级起点五年级上.xlsx,no-existing-match,,,,new-identity-candidate,yes,No existing MatchKey candidate; confirm this is a genuine new learning unit.
beijing_start1|g5-upper|r032|usually,beijing_start1,5年级上,5,上,32,usually,usually,[ˈjuːʒuəli],[ˈjuːʒuəli; ˈjuːʒəli],"adv. 通常,经常",北京版一年级起点五年级上.xlsx,exact-single,KV000374,usually,通常,reuse-candidate,yes,Exact MatchKey; target sense must still be confirmed before merge.
beijing_start1|g5-upper|r033|him,beijing_start1,5年级上,5,上,33,him,him,[hɪm; ɪm],[hɪm; ɪm],pron. 他(宾格),北京版一年级起点五年级上.xlsx,no-existing-match,,,,new-identity-candidate,yes,No existing MatchKey candidate; confirm this is a genuine new learning unit.
beijing_start1|g5-upper|r034|dress,beijing_start1,5年级上,5,上,34,dress,dress,[dres],[dres],n. 连衣裙;女装 vt. 给...穿衣 vi. 穿衣,北京版一年级起点五年级上.xlsx,exact-single,KV000095,dress,连衣裙,reuse-candidate,yes,Exact MatchKey; target sense must still be confirmed before merge.
beijing_start1|g5-upper|r035|night,beijing_start1,5年级上,5,上,35,night,night,[naɪt],[naɪt],"n. 夜晚,晚上;黑暗,黑夜 adj. 夜晚的,夜间的",北京版一年级起点五年级上.xlsx,no-existing-match,,,,new-identity-candidate,yes,No existing MatchKey candidate; confirm this is a genuine new learning unit.
beijing_start1|g5-upper|r036|as,beijing_start1,5年级上,5,上,36,as,as,[əz],[əz; æz],conj. 因为;随着;虽然;依照;当...时 prep. 如同;当作;以...的身份 adv. 同样地;和...一样的,北京版一年级起点五年级上.xlsx,no-existing-match,,,,new-identity-candidate,yes,No existing MatchKey candidate; confirm this is a genuine new learning unit.
beijing_start1|g5-upper|r037|tongue,beijing_start1,5年级上,5,上,37,tongue,tongue,[tʌŋ],[tʌŋ],n. 舌头;语言 vt. 舔;斥责;用舌吹 vi. 说话;吹管乐器,北京版一年级起点五年级上.xlsx,exact-single,KV000228,tongue,舌头,reuse-candidate,yes,Exact MatchKey; target sense must still be confirmed before merge.
beijing_start1|g5-upper|r038|the u.s.a.,beijing_start1,5年级上,5,上,38,the U.S.A.,the u.s.a.,,,美国;悠游美国,北京版一年级起点五年级上.xlsx,morphology-or-phrase,KV000008|KV000061|KV000106,a|the|he,一；一个|这；那（定冠词）|他,identity-review,yes,Only morphology/phrase-related candidates found; never auto-merge.
beijing_start1|g5-upper|r039|the united states of america,beijing_start1,5年级上,5,上,39,the United States of America,the united states of america,,,na. 美利坚合众国,北京版一年级起点五年级上.xlsx,morphology-or-phrase,KV000006|KV000008|KV000024|KV000061|KV000106|KV000199,I|a|it|the|he|at,我|一；一个|它|这；那（定冠词）|他|在……时刻,identity-review,yes,Only morphology/phrase-related candidates found; never auto-merge.
beijing_start1|g5-upper|r040|east,beijing_start1,5年级上,5,上,40,east,east,[iːst],[iːst],"n. 东方;东风;东方国家 adj. 东方的;向东的;从东方来的 adv. 向东方,在东方",北京版一年级起点五年级上.xlsx,exact-single,KV000684,east,东；东方,reuse-candidate,yes,Exact MatchKey; target sense must still be confirmed before merge.
beijing_start1|g5-upper|r041|morning,beijing_start1,5年级上,5,上,41,morning,morning,[ˈmɔːnɪŋ],[ˈmɔːrnɪŋ],n. 早晨;黎明;初期,北京版一年级起点五年级上.xlsx,exact-single,KV000230,morning,早晨；上午,reuse-candidate,yes,Exact MatchKey; target sense must still be confirmed before merge.
beijing_start1|g5-upper|r042|the u.k.,beijing_start1,5年级上,5,上,42,the U.K.,the u.k.,,,n. 英国,北京版一年级起点五年级上.xlsx,morphology-or-phrase,KV000061|KV000106,the|he,这；那（定冠词）|他,identity-review,yes,Only morphology/phrase-related candidates found; never auto-merge.
beijing_start1|g5-upper|r043|clock,beijing_start1,5年级上,5,上,43,clock,clock,[klɒk],[klɑːk],n. 时钟;计时器 vt. 记录;记时 vi. 打卡;记录时间,北京版一年级起点五年级上.xlsx,exact-single,KV000704,clock,时钟；钟,reuse-candidate,yes,Exact MatchKey; target sense must still be confirmed before merge.
beijing_start1|g5-upper|r044|river,beijing_start1,5年级上,5,上,44,river,river,[ˈrɪvə(r)],[ˈrɪvər],"n. 河,江",北京版一年级起点五年级上.xlsx,no-existing-match,,,,new-identity-candidate,yes,No existing MatchKey candidate; confirm this is a genuine new learning unit.
beijing_start1|g5-upper|r045|city,beijing_start1,5年级上,5,上,45,city,city,[ˈsɪti],[ˈsɪti],"n. 城市,都市 adj. 城市的;都会的",北京版一年级起点五年级上.xlsx,exact-single,KV000459,city,城市,reuse-candidate,yes,Exact MatchKey; target sense must still be confirmed before merge.
beijing_start1|g5-upper|r046|afternoon,beijing_start1,5年级上,5,上,46,afternoon,afternoon,[ˌɑːftəˈnuːn],[ˌæftərˈnuːn],"n. 午后,下午",北京版一年级起点五年级上.xlsx,exact-single,KV000231,afternoon,下午,reuse-candidate,yes,Exact MatchKey; target sense must still be confirmed before merge.
beijing_start1|g5-upper|r047|map,beijing_start1,5年级上,5,上,47,map,map,[mæp],[mæp],vt. 映射;计划;绘制地图;确定基因在染色体中的位置 n. 地图;示意图;染色体图 vi. 基因被安置,北京版一年级起点五年级上.xlsx,exact-single,KV000681,map,地图,reuse-candidate,yes,Exact MatchKey; target sense must still be confirmed before merge.
beijing_start1|g5-upper|r048|canada,beijing_start1,5年级上,5,上,48,Canada,canada,[ˈkænədə],[ˈkænədə],n. 加拿大(北美洲国家),北京版一年级起点五年级上.xlsx,exact-single,KV000507,Canada,加拿大,reuse-candidate,yes,Exact MatchKey; target sense must still be confirmed before merge.
beijing_start1|g5-upper|r049|leaf,beijing_start1,5年级上,5,上,49,leaf,leaf,[liːf],[liːf],"n. 叶子;(书籍等的)一张;扇页 vi. 生叶;翻书页 vt. 翻...的页,匆匆翻阅",北京版一年级起点五年级上.xlsx,exact-single,KV000838,leaf,叶（复数 leaves）,reuse-candidate,yes,Exact MatchKey; target sense must still be confirmed before merge.
beijing_start1|g5-upper|r050|tennis,beijing_start1,5年级上,5,上,50,tennis,tennis,[ˈtenɪs],[ˈtenɪs],n. 网球(运动),北京版一年级起点五年级上.xlsx,no-existing-match,,,,new-identity-candidate,yes,No existing MatchKey candidate; confirm this is a genuine new learning unit.
beijing_start1|g5-upper|r051|golf,beijing_start1,5年级上,5,上,51,golf,golf,[ɡɒlf],[ɡɑːlf],n. 高尔夫球;高尔夫球运动 vi. 打高尔夫球,北京版一年级起点五年级上.xlsx,no-existing-match,,,,new-identity-candidate,yes,No existing MatchKey candidate; confirm this is a genuine new learning unit.
beijing_start1|g5-upper|r052|british,beijing_start1,5年级上,5,上,52,British,british,[ˈbrɪtɪʃ],[ˈbrɪtɪʃ],n. 英国人 adj. 英国的;英国人的;大不列颠的,北京版一年级起点五年级上.xlsx,no-existing-match,,,,new-identity-candidate,yes,No existing MatchKey candidate; confirm this is a genuine new learning unit.
beijing_start1|g5-upper|r053|basketball,beijing_start1,5年级上,5,上,53,basketball,basketball,[ˈbɑːskɪtbɔːl],[ˈbæskɪtbɔːl],n. 篮球;篮球运动,北京版一年级起点五年级上.xlsx,exact-single,KV000345,basketball,篮球,reuse-candidate,yes,Exact MatchKey; target sense must still be confirmed before merge.
beijing_start1|g5-upper|r054|with,beijing_start1,5年级上,5,上,54,with,with,[wɪð],[wɪð; wɪθ],prep. 用;随着;支持;和...在一起,北京版一年级起点五年级上.xlsx,exact-single,KV000533,with,和；跟；带有,reuse-candidate,yes,Exact MatchKey; target sense must still be confirmed before merge.
beijing_start1|g5-upper|r055|friend,beijing_start1,5年级上,5,上,55,friend,friend,[frend],[frend],n. 朋友;助手;赞助者,北京版一年级起点五年级上.xlsx,exact-single,KV000109,friend,朋友,reuse-candidate,yes,Exact MatchKey; target sense must still be confirmed before merge.
beijing_start1|g5-upper|r056|baseball,beijing_start1,5年级上,5,上,56,baseball,baseball,[ˈbeɪsbɔːl],[ˈbeɪsbɔːl],n. 棒球;棒球运动,北京版一年级起点五年级上.xlsx,no-existing-match,,,,new-identity-candidate,yes,No existing MatchKey candidate; confirm this is a genuine new learning unit.
beijing_start1|g5-upper|r057|team,beijing_start1,5年级上,5,上,57,team,team,[tiːm],[tiːm],n. 队;组 vt. 使合作 vi. 合作,北京版一年级起点五年级上.xlsx,no-existing-match,,,,new-identity-candidate,yes,No existing MatchKey candidate; confirm this is a genuine new learning unit.
beijing_start1|g5-upper|r058|ski,beijing_start1,5年级上,5,上,58,ski,ski,[skiː],[skiː],n. 滑雪橇 vi. 滑雪 adj. 滑雪(用)的,北京版一年级起点五年级上.xlsx,exact-single,KV000478,ski,滑雪,reuse-candidate,yes,Exact MatchKey; target sense must still be confirmed before merge.
beijing_start1|g5-upper|r059|winter,beijing_start1,5年级上,5,上,59,winter,winter,[ˈwɪntə(r)],[ˈwɪntər],n. 冬季;年岁;萧条期 adj. 冬天的;越冬的 vi. 过冬,北京版一年级起点五年级上.xlsx,exact-single,KV000172,winter,冬天,reuse-candidate,yes,Exact MatchKey; target sense must still be confirmed before merge.
beijing_start1|g5-upper|r060|fast,beijing_start1,5年级上,5,上,60,fast,fast,[fɑːst],[fæst],"n. 斋戒;绝食 adj. 快速的,迅速的;紧的,稳固的 adv. 迅速地;紧紧地;彻底地 vi. 禁食,斋戒",北京版一年级起点五年级上.xlsx,exact-single,KV000551,fast,快的；快速地,reuse-candidate,yes,Exact MatchKey; target sense must still be confirmed before merge.
beijing_start1|g5-upper|r061|panda,beijing_start1,5年级上,5,上,61,panda,panda,[ˈpændə],[ˈpændə],n. 熊猫;猫熊,北京版一年级起点五年级上.xlsx,exact-single,KV000544,panda,熊猫,reuse-candidate,yes,Exact MatchKey; target sense must still be confirmed before merge.
beijing_start1|g5-upper|r062|forget,beijing_start1,5年级上,5,上,62,forget,forget,[fəˈɡet],[fərˈɡet],vi. 忘记 vt. 忘记;忽略,北京版一年级起点五年级上.xlsx,exact-single,KV000532,forget,忘记,reuse-candidate,yes,Exact MatchKey; target sense must still be confirmed before merge.
beijing_start1|g5-upper|r063|cousin,beijing_start1,5年级上,5,上,63,cousin,cousin,[ˈkʌzn],[ˈkʌzn],n. 堂兄弟姊妹;表兄弟姊妹,北京版一年级起点五年级上.xlsx,exact-single,KV000315,cousin,堂兄弟姐妹；表兄弟姐妹,reuse-candidate,yes,Exact MatchKey; target sense must still be confirmed before merge.
beijing_start1|g5-upper|r064|brave,beijing_start1,5年级上,5,上,64,brave,brave,[breɪv],[breɪv],n. 勇士 adj. 勇敢的;华丽的 vt. 勇敢地面对,北京版一年级起点五年级上.xlsx,no-existing-match,,,,new-identity-candidate,yes,No existing MatchKey candidate; confirm this is a genuine new learning unit.
beijing_start1|g5-upper|r065|tall,beijing_start1,5年级上,5,上,65,tall,tall,[tɔːl],[tɔːl],adj. 高的;长的;过分的;夸大的 adv. 夸大地,北京版一年级起点五年级上.xlsx,exact-single,KV000120,tall,高的,reuse-candidate,yes,Exact MatchKey; target sense must still be confirmed before merge.
beijing_start1|g5-upper|r066|driver,beijing_start1,5年级上,5,上,66,driver,driver,[ˈdraɪvə(r)],[ˈdraɪvər],n. 驾驶员;驱动程序;起子;传动器,北京版一年级起点五年级上.xlsx,exact-single,KV000823,driver,司机,reuse-candidate,yes,Exact MatchKey; target sense must still be confirmed before merge.
beijing_start1|g5-upper|r067|early,beijing_start1,5年级上,5,上,67,early,early,[ˈɜːli],[ˈɜːrli],adj. 早期的;早熟的 adv. 提早;在初期,北京版一年级起点五年级上.xlsx,exact-single,KV000581,early,早；早地,reuse-candidate,yes,Exact MatchKey; target sense must still be confirmed before merge.
beijing_start1|g5-upper|r068|breakfast,beijing_start1,5年级上,5,上,68,breakfast,breakfast,[ˈbrekfəst],[ˈbrekfəst],n. 早餐;早饭 vt. 为...供应早餐 vi. 吃早餐,北京版一年级起点五年级上.xlsx,no-existing-match,,,,new-identity-candidate,yes,No existing MatchKey candidate; confirm this is a genuine new learning unit.
beijing_start1|g5-upper|r069|busy,beijing_start1,5年级上,5,上,69,busy,busy,[ˈbɪzi],[ˈbɪzi],adj. 忙碌的;热闹的;正被占用的 vt. 使忙于,北京版一年级起点五年级上.xlsx,exact-single,KV000466,busy,忙的,reuse-candidate,yes,Exact MatchKey; target sense must still be confirmed before merge.
beijing_start1|g5-upper|r070|dinner,beijing_start1,5年级上,5,上,70,dinner,dinner,[ˈdɪnə(r)],[ˈdɪnər],"n. 晚餐,晚宴;宴会;正餐",北京版一年级起点五年级上.xlsx,exact-single,KV000865,dinner,正餐,reuse-candidate,yes,Exact MatchKey; target sense must still be confirmed before merge.
beijing_start1|g5-lower|r002|practice,beijing_start1,5年级下,5,下,2,practice,practice,[ˈpræktɪs],[ˈpræktɪs],n. 实践;练习;惯例 vt. 练习;实习;实行 vi. 练习;实习;实行,北京版一年级起点五年级下.xlsx,no-existing-match,,,,new-identity-candidate,yes,No existing MatchKey candidate; confirm this is a genuine new learning unit.
beijing_start1|g5-lower|r003|read,beijing_start1,5年级下,5,下,3,read,read,[riːd],[riːd],"n. 阅读;读物 adj. 有学问的 vi. 读;读起来 vt. 阅读;读懂,理解",北京版一年级起点五年级下.xlsx,exact-single,KV000812,read,阅读,reuse-candidate,yes,Exact MatchKey; target sense must still be confirmed before merge.
beijing_start1|g5-lower|r004|textbook,beijing_start1,5年级下,5,下,4,textbook,textbook,[ˈtekstbʊk],[ˈtekstbʊk],"n. 教科书,课本",北京版一年级起点五年级下.xlsx,no-existing-match,,,,new-identity-candidate,yes,No existing MatchKey candidate; confirm this is a genuine new learning unit.
beijing_start1|g5-lower|r005|tv,beijing_start1,5年级下,5,下,5,TV,tv,[ˌtiː ˈviː],[ˌtiː ˈviː],abbr. 电视(television),北京版一年级起点五年级下.xlsx,exact-single,KV000852,TV,电视,reuse-candidate,yes,Exact MatchKey; target sense must still be confirmed before merge.
beijing_start1|g5-lower|r006|talk,beijing_start1,5年级下,5,下,6,talk,talk,[tɔːk],[tɔːk],n. 谈话;演讲;空谈 vi. 谈话;说闲话 vt. 说;谈话;讨论,北京版一年级起点五年级下.xlsx,exact-single,KV000527,talk,交谈；说话,reuse-candidate,yes,Exact MatchKey; target sense must still be confirmed before merge.
beijing_start1|g5-lower|r007|chess,beijing_start1,5年级下,5,下,7,chess,chess,[tʃes],[tʃes],"n. 国际象棋,西洋棋",北京版一年级起点五年级下.xlsx,no-existing-match,,,,new-identity-candidate,yes,No existing MatchKey candidate; confirm this is a genuine new learning unit.
beijing_start1|g5-lower|r008|photo,beijing_start1,5年级下,5,下,8,photo,photo,[ˈfəʊtəʊ],[ˈfoʊtoʊ],n. 照片,北京版一年级起点五年级下.xlsx,exact-single,KV000821,photo,照片,reuse-candidate,yes,Exact MatchKey; target sense must still be confirmed before merge.
beijing_start1|g5-lower|r009|picture,beijing_start1,5年级下,5,下,9,picture,picture,[ˈpɪktʃə(r)],[ˈpɪktʃər],"n. 照片,图画;影片;景色;化身 vt. 画;想像;描写",北京版一年级起点五年级下.xlsx,no-existing-match,,,,new-identity-candidate,yes,No existing MatchKey candidate; confirm this is a genuine new learning unit.
beijing_start1|g5-lower|r010|have,beijing_start1,5年级下,5,下,10,have,have,[həv],[həv; əv; hæv],aux. 已经 vt. 有;让;拿;从事;允许,北京版一年级起点五年级下.xlsx,exact-single,KV000007,have,有,reuse-candidate,yes,Exact MatchKey; target sense must still be confirmed before merge.
beijing_start1|g5-lower|r011|will,beijing_start1,5年级下,5,下,11,will,will,[wɪl],[wɪl],n. 意志;决心;情感;遗嘱;意图;心愿 vt. 决心要;遗赠;用意志力使 vi. 愿意;下决心 aux. 将;愿意;必须,北京版一年级起点五年级下.xlsx,no-existing-match,,,,new-identity-candidate,yes,No existing MatchKey candidate; confirm this is a genuine new learning unit.
beijing_start1|g5-lower|r012|would,beijing_start1,5年级下,5,下,12,would,would,[wʊd],[wʊd],"aux. 将,将要;愿意 v. will的过去式",北京版一年级起点五年级下.xlsx,no-existing-match,,,,new-identity-candidate,yes,No existing MatchKey candidate; confirm this is a genuine new learning unit.
beijing_start1|g5-lower|r013|different,beijing_start1,5年级下,5,下,13,different,different,[ˈdɪfrənt],[ˈdɪfrənt],"adj. 不同的;个别的,与众不同的",北京版一年级起点五年级下.xlsx,exact-single,KV000493,different,不同的,reuse-candidate,yes,Exact MatchKey; target sense must still be confirmed before merge.
beijing_start1|g5-lower|r014|job,beijing_start1,5年级下,5,下,14,job,job,[dʒɒb],[dʒɑːb],n. 工作;职业 vt. 承包;代客买卖 vi. 做零工,北京版一年级起点五年级下.xlsx,exact-single,KV000433,job,工作；职业,reuse-candidate,yes,Exact MatchKey; target sense must still be confirmed before merge.
beijing_start1|g5-lower|r015|follow,beijing_start1,5年级下,5,下,15,follow,follow,[ˈfɒləʊ],[ˈfɑːloʊ],"n. 跟随;追随 vi. 跟随;接着 vt. 跟随;遵循;追求;密切注意,注视;注意;倾听",北京版一年级起点五年级下.xlsx,exact-single,KV000861,follow,听从；遵循,reuse-candidate,yes,Exact MatchKey; target sense must still be confirmed before merge.
beijing_start1|g5-lower|r016|listen,beijing_start1,5年级下,5,下,16,listen,listen,[ˈlɪs(ə)n],[ˈlɪsn],"vi. 听,倾听;听从,听信 n. 听,倾听",北京版一年级起点五年级下.xlsx,no-existing-match,,,,new-identity-candidate,yes,No existing MatchKey candidate; confirm this is a genuine new learning unit.
beijing_start1|g5-lower|r017|plant,beijing_start1,5年级下,5,下,17,plant,plant,[plɑːnt],[plænt],"n. 工厂,车间;植物;设备;庄稼 vt. 种植;培养;栽培;安置 vi. 种植",北京版一年级起点五年级下.xlsx,exact-single,KV000610,plant,种植；植物,reuse-candidate,yes,Exact MatchKey; target sense must still be confirmed before merge.
beijing_start1|g5-lower|r018|up,beijing_start1,5年级下,5,下,18,up,up,[ʌp],[ʌp],prep. 在...之上;向...的较高处 n. 上升;繁荣 adj. 涨的;起床的;向上的 adv. 起来;上涨;向上,北京版一年级起点五年级下.xlsx,no-existing-match,,,,new-identity-candidate,yes,No existing MatchKey candidate; confirm this is a genuine new learning unit.
beijing_start1|g5-lower|r019|carry,beijing_start1,5年级下,5,下,19,carry,carry,[ˈkæri],[ˈkæri],"n. 运载;[计] 进位;射程 vi. 能达到;被携带;被搬运 vt. 拿,扛;携带;支持;搬运",北京版一年级起点五年级下.xlsx,no-existing-match,,,,new-identity-candidate,yes,No existing MatchKey candidate; confirm this is a genuine new learning unit.
beijing_start1|g5-lower|r020|nothing,beijing_start1,5年级下,5,下,20,nothing,nothing,[ˈnʌθɪŋ],[ˈnʌθɪŋ],neg. 没什么;毫不 n. 无;零;不关紧要之事 adv. 毫不;决不 pron. 无事;无物 int. 什么也没有,北京版一年级起点五年级下.xlsx,no-existing-match,,,,new-identity-candidate,yes,No existing MatchKey candidate; confirm this is a genuine new learning unit.
beijing_start1|g5-lower|r021|earth,beijing_start1,5年级下,5,下,21,earth,earth,[ɜːθ],[ɜːrθ],"n. 地球;地表,陆地;土地,土壤;尘事,俗事;兽穴 vt. 把(电线)[电] 接地;盖(土);追赶入洞穴 vi. 躲进地洞",北京版一年级起点五年级下.xlsx,exact-single,KV000391,earth,地球,reuse-candidate,yes,Exact MatchKey; target sense must still be confirmed before merge.
beijing_start1|g5-lower|r022|without,beijing_start1,5年级下,5,下,22,without,without,[wɪˈðaʊt],[wɪˈðaʊt],prep. 没有;超过;在...外面 n. 外部;外面 adv. 户外;在外面;没有或不显示某事物,北京版一年级起点五年级下.xlsx,no-existing-match,,,,new-identity-candidate,yes,No existing MatchKey candidate; confirm this is a genuine new learning unit.
beijing_start1|g5-lower|r023|sun,beijing_start1,5年级下,5,下,23,sun,sun,[sʌn],[sʌn],n. 太阳 vt. 使晒 vi. 晒太阳,北京版一年级起点五年级下.xlsx,no-existing-match,,,,new-identity-candidate,yes,No existing MatchKey candidate; confirm this is a genuine new learning unit.
beijing_start1|g5-lower|r024|their,beijing_start1,5年级下,5,下,24,their,their,[ðeə(r)],[ðer],"pron. 他们的,她们的;它们的",北京版一年级起点五年级下.xlsx,exact-single,KV000368,their,他们的；她们的；它们的,reuse-candidate,yes,Exact MatchKey; target sense must still be confirmed before merge.
beijing_start1|g5-lower|r025|forest,beijing_start1,5年级下,5,下,25,forest,forest,[ˈfɒrɪst],[ˈfɔːrɪst],"n. 森林 vt. 植树于,使成为森林",北京版一年级起点五年级下.xlsx,exact-single,KV000693,forest,森林,reuse-candidate,yes,Exact MatchKey; target sense must still be confirmed before merge.
beijing_start1|g5-lower|r026|make use of,beijing_start1,5年级下,5,下,26,make use of,make use of,[[meɪk juːz əv]],[meɪk juːz əv],na. 使用,北京版一年级起点五年级下.xlsx,morphology-or-phrase,KV000008|KV000403,a|use,一；一个|使用,identity-review,yes,Only morphology/phrase-related candidates found; never auto-merge.
beijing_start1|g5-lower|r027|wood,beijing_start1,5年级下,5,下,27,wood,wood,[wʊd],[wʊd],n. 木材;木制品;树林 vt. 植林于;给...添加木柴 vi. 收集木材,北京版一年级起点五年级下.xlsx,no-existing-match,,,,new-identity-candidate,yes,No existing MatchKey candidate; confirm this is a genuine new learning unit.
beijing_start1|g5-lower|r028|example,beijing_start1,5年级下,5,下,28,example,example,[ɪɡˈzɑːmp(ə)l],[ɪɡˈzæmpl],n. 例子;榜样 vt. 作为...的例子;为...做出榜样 vi. 举例,北京版一年级起点五年级下.xlsx,no-existing-match,,,,new-identity-candidate,yes,No existing MatchKey candidate; confirm this is a genuine new learning unit.
beijing_start1|g5-lower|r029|tomato,beijing_start1,5年级下,5,下,29,tomato,tomato,[təˈmɑːtəʊ],[təˈmeɪtoʊ],"n. 番茄,西红柿",北京版一年级起点五年级下.xlsx,exact-single,KV000238,tomato,西红柿；番茄,reuse-candidate,yes,Exact MatchKey; target sense must still be confirmed before merge.
beijing_start1|g5-lower|r030|carrot,beijing_start1,5年级下,5,下,30,carrot,carrot,[ˈkærət],[ˈkærət],n. 胡萝卜 诱饵,北京版一年级起点五年级下.xlsx,exact-single,KV000883,carrot,胡萝卜,reuse-candidate,yes,Exact MatchKey; target sense must still be confirmed before merge.
beijing_start1|g5-lower|r031|corn,beijing_start1,5年级下,5,下,31,corn,corn,[kɔːn],[kɔːrn],n. (美)玉米;(英)谷物;[皮肤] 鸡眼 vt. 腌;使成颗粒,北京版一年级起点五年级下.xlsx,no-existing-match,,,,new-identity-candidate,yes,No existing MatchKey candidate; confirm this is a genuine new learning unit.
beijing_start1|g5-lower|r032|nut,beijing_start1,5年级下,5,下,32,nut,nut,[nʌt],[nʌt],"n. 螺母,螺帽;坚果;难对付的人,难解的问题 vi. 采坚果",北京版一年级起点五年级下.xlsx,no-existing-match,,,,new-identity-candidate,yes,No existing MatchKey candidate; confirm this is a genuine new learning unit.
beijing_start1|g5-lower|r033|else,beijing_start1,5年级下,5,下,33,else,else,[els],[els],adj. 别的;其他的 adv. 其他;否则;另外,北京版一年级起点五年级下.xlsx,no-existing-match,,,,new-identity-candidate,yes,No existing MatchKey candidate; confirm this is a genuine new learning unit.
beijing_start1|g5-lower|r034|both,beijing_start1,5年级下,5,下,34,both,both,[bəʊθ],[boʊθ],conj. 既...且... adj. 两个的;两者的 pron. 双方都;两者都 adv. 并;又;两者皆,北京版一年级起点五年级下.xlsx,no-existing-match,,,,new-identity-candidate,yes,No existing MatchKey candidate; confirm this is a genuine new learning unit.
beijing_start1|g5-lower|r035|travel,beijing_start1,5年级下,5,下,35,travel,travel,[ˈtræv(ə)l],[ˈtrævl],n. 旅行;游历;漫游 vt. 经过;在...旅行 vi. 旅行;行进;步行;交往,北京版一年级起点五年级下.xlsx,exact-single,KV000485,travel,旅行；旅游,reuse-candidate,yes,Exact MatchKey; target sense must still be confirmed before merge.
beijing_start1|g5-lower|r036|son,beijing_start1,5年级下,5,下,36,son,son,[sʌn],[sʌn],n. 儿子;孩子(对年轻人的称呼);男性后裔,北京版一年级起点五年级下.xlsx,no-existing-match,,,,new-identity-candidate,yes,No existing MatchKey candidate; confirm this is a genuine new learning unit.
beijing_start1|g5-lower|r037|sister,beijing_start1,5年级下,5,下,37,sister,sister,[ˈsɪstə(r)],[ˈsɪstər],n. 姐妹;(称志同道合者)姐妹;修女;护士 adj. 姐妹般的;同类型的,北京版一年级起点五年级下.xlsx,exact-single,KV000102,sister,姐妹；姐姐；妹妹,reuse-candidate,yes,Exact MatchKey; target sense must still be confirmed before merge.
beijing_start1|g5-lower|r038|eighteen,beijing_start1,5年级下,5,下,38,eighteen,eighteen,[ˌeɪˈtiːn],[ˌeɪˈtiːn],"n. 十八,十八个 num. 十八 adj. 十八个的,十八的",北京版一年级起点五年级下.xlsx,no-existing-match,,,,new-identity-candidate,yes,No existing MatchKey candidate; confirm this is a genuine new learning unit.
beijing_start1|g5-lower|r039|lovely,beijing_start1,5年级下,5,下,39,lovely,lovely,[ˈlʌvli],[ˈlʌvli],"adj. 可爱的;令人愉快的;爱恋的;秀丽的,优美的 n. 美女;可爱的东西",北京版一年级起点五年级下.xlsx,exact-single,KV000553,lovely,可爱的；讨人喜欢的,reuse-candidate,yes,Exact MatchKey; target sense must still be confirmed before merge.
beijing_start1|g5-lower|r040|kid,beijing_start1,5年级下,5,下,40,kid,kid,[kɪd],[kɪd],n. 小孩;小山羊 vt. 欺骗;取笑;戏弄 vi. 欺骗;取笑;戏弄 adj. 小山羊皮制的;较年幼的,北京版一年级起点五年级下.xlsx,exact-single,KV000864,kid,小孩,reuse-candidate,yes,Exact MatchKey; target sense must still be confirmed before merge.
beijing_start1|g5-lower|r041|seven,beijing_start1,5年级下,5,下,41,seven,seven,[ˈsev(ə)n],[ˈsev(ə)n],"num. 七个,七 n. 七个,七 adj. 七的;七个的",北京版一年级起点五年级下.xlsx,exact-single,KV000031,seven,七；七个,reuse-candidate,yes,Exact MatchKey; target sense must still be confirmed before merge.
beijing_start1|g5-lower|r042|niece,beijing_start1,5年级下,5,下,42,niece,niece,[niːs],[niːs],"n. 外甥女,侄女",北京版一年级起点五年级下.xlsx,no-existing-match,,,,new-identity-candidate,yes,No existing MatchKey candidate; confirm this is a genuine new learning unit.
beijing_start1|g5-lower|r043|nephew,beijing_start1,5年级下,5,下,43,nephew,nephew,[ˈnefjuː],[ˈnefjuː; ˈnevjuː],n. 侄子;外甥,北京版一年级起点五年级下.xlsx,no-existing-match,,,,new-identity-candidate,yes,No existing MatchKey candidate; confirm this is a genuine new learning unit.
beijing_start1|g5-lower|r044|daughter,beijing_start1,5年级下,5,下,44,daughter,daughter,[ˈdɔːtə(r)],[ˈdɔːtər],n. 女儿;[遗][农学] 子代 adj. 女儿的;子代的,北京版一年级起点五年级下.xlsx,no-existing-match,,,,new-identity-candidate,yes,No existing MatchKey candidate; confirm this is a genuine new learning unit.
beijing_start1|g5-lower|r045|lucky,beijing_start1,5年级下,5,下,45,lucky,lucky,[ˈlʌki],[ˈlʌki],adj. 幸运的;侥幸的,北京版一年级起点五年级下.xlsx,no-existing-match,,,,new-identity-candidate,yes,No existing MatchKey candidate; confirm this is a genuine new learning unit.
beijing_start1|g5-lower|r046|often,beijing_start1,5年级下,5,下,46,often,often,[ˈɒf(ə)n],[ˈɔːf(ə)n],"adv. 常常,时常",北京版一年级起点五年级下.xlsx,exact-single,KV000351,often,经常；常常,reuse-candidate,yes,Exact MatchKey; target sense must still be confirmed before merge.
beijing_start1|g5-lower|r047|same,beijing_start1,5年级下,5,下,47,same,same,[seɪm],[seɪm],adj. 相同的;同一的;上述的(通常与the连用);无变化的 adv. 同样地(通常与the连用) pron. 同样的事物或人(通常与the连用),北京版一年级起点五年级下.xlsx,no-existing-match,,,,new-identity-candidate,yes,No existing MatchKey candidate; confirm this is a genuine new learning unit.
beijing_start1|g5-lower|r048|pilot,beijing_start1,5年级下,5,下,48,pilot,pilot,[ˈpaɪlət],[ˈpaɪlət],n. 飞行员;领航员 adj. 试点的 v. 驾驶;领航;试用,北京版一年级起点五年级下.xlsx,no-existing-match,,,,new-identity-candidate,yes,No existing MatchKey candidate; confirm this is a genuine new learning unit.
beijing_start1|g5-lower|r049|should,beijing_start1,5年级下,5,下,49,should,should,[ʃəd; ʃʊd],[ʃəd; ʃʊd],aux. 应该;就;可能;将要,北京版一年级起点五年级下.xlsx,exact-single,KV000261,should,应该,reuse-candidate,yes,Exact MatchKey; target sense must still be confirmed before merge.
beijing_start1|g5-lower|r050|study,beijing_start1,5年级下,5,下,50,study,study,[ˈstʌdi],[ˈstʌdi],"n. 学习,研究;课题;书房;学问 vt. 学习;考虑;攻读;细察 vi. 研究;用功",北京版一年级起点五年级下.xlsx,exact-single,KV000340,study,书房；学习,reuse-candidate,yes,Exact MatchKey; target sense must still be confirmed before merge.
beijing_start1|g5-lower|r051|cap,beijing_start1,5年级下,5,下,51,cap,cap,[kæp],[kæp],n. 盖;帽子 vt. 覆盖;胜过;给...戴帽;加盖于 vi. 脱帽致意,北京版一年级起点五年级下.xlsx,exact-single,KV000254,cap,帽子；便帽,reuse-candidate,yes,Exact MatchKey; target sense must still be confirmed before merge.
beijing_start1|g5-lower|r052|birthday,beijing_start1,5年级下,5,下,52,birthday,birthday,[ˈbɜːθdeɪ],[ˈbɜːrθdeɪ],"n. 生日,诞辰;诞生的日子",北京版一年级起点五年级下.xlsx,exact-single,KV000278,birthday,生日,reuse-candidate,yes,Exact MatchKey; target sense must still be confirmed before merge.
beijing_start1|g5-lower|r053|teach,beijing_start1,5年级下,5,下,53,teach,teach,[tiːtʃ],[tiːtʃ],vt. 教;教授;教导 vi. 教授;讲授;当老师,北京版一年级起点五年级下.xlsx,exact-single,KV000436,teach,教,reuse-candidate,yes,Exact MatchKey; target sense must still be confirmed before merge.
beijing_start1|g5-lower|r054|engineer,beijing_start1,5年级下,5,下,54,engineer,engineer,[ˌendʒɪˈnɪə(r)],[ˌendʒɪˈnɪr],n. 工程师;工兵;火车司机 vt. 设计;策划;精明地处理 vi. 设计;建造,北京版一年级起点五年级下.xlsx,no-existing-match,,,,new-identity-candidate,yes,No existing MatchKey candidate; confirm this is a genuine new learning unit.
beijing_start1|g5-lower|r055|exercise,beijing_start1,5年级下,5,下,55,exercise,exercise,[ˈeksəsaɪz],[ˈeksərsaɪz],n. 运动;练习;运用;操练;礼拜;典礼 vt. 锻炼;练习;使用;使忙碌;使惊恐 vi. 运动;练习,北京版一年级起点五年级下.xlsx,exact-single,KV000582,exercise,锻炼；运动,reuse-candidate,yes,Exact MatchKey; target sense must still be confirmed before merge.
beijing_start1|g5-lower|r056|build,beijing_start1,5年级下,5,下,56,build,build,[bɪld],[bɪld],n. 构造;体形;体格 vi. 建筑;建造 vt. 建立;建筑,北京版一年级起点五年级下.xlsx,no-existing-match,,,,new-identity-candidate,yes,No existing MatchKey candidate; confirm this is a genuine new learning unit.
beijing_start1|g5-lower|r057|excited,beijing_start1,5年级下,5,下,57,excited,excited,[ɪkˈsaɪtɪd],[ɪkˈsaɪtɪd],v. 激动;唤起(excite的过去分词) adj. 兴奋的;激动的;活跃的,北京版一年级起点五年级下.xlsx,exact-single,KV000732,excited,兴奋的；激动的,reuse-candidate,yes,Exact MatchKey; target sense must still be confirmed before merge.
beijing_start1|g5-lower|r058|hour,beijing_start1,5年级下,5,下,58,hour,hour,[ˈaʊə(r)],[ˈaʊər],n. 小时;钟头;课时;...点钟,北京版一年级起点五年级下.xlsx,no-existing-match,,,,new-identity-candidate,yes,No existing MatchKey candidate; confirm this is a genuine new learning unit.
beijing_start1|g5-lower|r059|email,beijing_start1,5年级下,5,下,59,email,email,[ˈiːmeɪl],[ˈiːmeɪl],n. 电子信函 vt. 给...发电子邮件,北京版一年级起点五年级下.xlsx,no-existing-match,,,,new-identity-candidate,yes,No existing MatchKey candidate; confirm this is a genuine new learning unit.
beijing_start1|g5-lower|r060|enjoy,beijing_start1,5年级下,5,下,60,enjoy,enjoy,[ɪnˈdʒɔɪ],[ɪnˈdʒɔɪ],"vt. 欣赏,享受;喜爱;使过得快活",北京版一年级起点五年级下.xlsx,exact-single,KV000395,enjoy,喜欢；享受,reuse-candidate,yes,Exact MatchKey; target sense must still be confirmed before merge.
beijing_start1|g5-lower|r061|exciting,beijing_start1,5年级下,5,下,61,exciting,exciting,[ɪkˈsaɪtɪŋ],[ɪkˈsaɪtɪŋ],adj. 令人兴奋的;使人激动的 v. 激动;刺激(excite的ing形式);唤起,北京版一年级起点五年级下.xlsx,no-existing-match,,,,new-identity-candidate,yes,No existing MatchKey candidate; confirm this is a genuine new learning unit.
beijing_start1|g5-lower|r062|famous,beijing_start1,5年级下,5,下,62,famous,famous,[ˈfeɪməs],[ˈfeɪməs],"adj. 著名的;极好的,非常令人满意的",北京版一年级起点五年级下.xlsx,exact-single,KV000686,famous,著名的,reuse-candidate,yes,Exact MatchKey; target sense must still be confirmed before merge.
beijing_start1|g5-lower|r063|its,beijing_start1,5年级下,5,下,63,its,its,[ɪts],[ɪts],pron. 它的,北京版一年级起点五年级下.xlsx,morphology-or-phrase,KV000024,it,它,identity-review,yes,Only morphology/phrase-related candidates found; never auto-merge.
beijing_start1|g5-lower|r064|beach,beijing_start1,5年级下,5,下,64,beach,beach,[biːtʃ],[biːtʃ],n. 海滩;湖滨 vt. 将...拖上岸 vi. 搁浅;定居,北京版一年级起点五年级下.xlsx,no-existing-match,,,,new-identity-candidate,yes,No existing MatchKey candidate; confirm this is a genuine new learning unit.
beijing_start1|g5-lower|r065|sea,beijing_start1,5年级下,5,下,65,sea,sea,[siː],[siː],n. 海;海洋;许多;大量,北京版一年级起点五年级下.xlsx,exact-single,KV000477,sea,海,reuse-candidate,yes,Exact MatchKey; target sense must still be confirmed before merge.
beijing_start1|g5-lower|r066|camera,beijing_start1,5年级下,5,下,66,camera,camera,[ˈkæm(ə)rə],[ˈkæm(ə)rə],n. 照相机;摄影机,北京版一年级起点五年级下.xlsx,no-existing-match,,,,new-identity-candidate,yes,No existing MatchKey candidate; confirm this is a genuine new learning unit.
beijing_start1|g6-upper|r002|play,beijing_start1,6年级上,6,上,2,play,play,[pleɪ],[pleɪ],n. 游戏;比赛;剧本 vt. 游戏;扮演;演奏;播放;同...比赛 vi. 演奏;玩耍;上演;参加比赛,北京版一年级起点六年级上.xlsx,exact-single,KV000813,play,玩耍,reuse-candidate,yes,Exact MatchKey; target sense must still be confirmed before merge.
beijing_start1|g6-upper|r003|farm,beijing_start1,6年级上,6,上,3,farm,farm,[fɑːm],[fɑːrm],"n. 农场;农家;畜牧场 vt. 养殖;耕种;佃出(土地) vi. 种田,务农;经营农场",北京版一年级起点六年级上.xlsx,exact-single,KV000550,farm,农场,reuse-candidate,yes,Exact MatchKey; target sense must still be confirmed before merge.
beijing_start1|g6-upper|r004|swim,beijing_start1,6年级上,6,上,4,swim,swim,[swɪm],[swɪm],n. 游泳;漂浮;眩晕 adj. 游泳时穿戴的 vi. 游泳;漂浮;浸;眩晕 vt. 游过;使浮起,北京版一年级起点六年级上.xlsx,exact-single,KV000157,swim,游泳,reuse-candidate,yes,Exact MatchKey; target sense must still be confirmed before merge.
beijing_start1|g6-upper|r005|strong,beijing_start1,6年级上,6,上,5,strong,strong,[strɒŋ],[strɔːŋ],adj. 坚强的;强壮的;牢固的;擅长的 adv. 强劲地;猛烈地,北京版一年级起点六年级上.xlsx,exact-single,KV000809,strong,强壮的,reuse-candidate,yes,Exact MatchKey; target sense must still be confirmed before merge.
beijing_start1|g6-upper|r006|some,beijing_start1,6年级上,6,上,6,some,some,[sʌm],[sʌm; səm],adj. 一些;某个;大约;相当多的 pron. 一些;若干;其中的一部分;(数量不确切时用)有些人 adv. 非常;相当;<美>稍微,北京版一年级起点六年级上.xlsx,no-existing-match,,,,new-identity-candidate,yes,No existing MatchKey candidate; confirm this is a genuine new learning unit.
beijing_start1|g6-upper|r007|thursday,beijing_start1,6年级上,6,上,7,Thursday,thursday,[ˈθɜːzdeɪ],[ˈθɜːrzdeɪ],n. 星期四,北京版一年级起点六年级上.xlsx,exact-single,KV000204,Thursday,星期四,reuse-candidate,yes,Exact MatchKey; target sense must still be confirmed before merge.
beijing_start1|g6-upper|r008|mountain,beijing_start1,6年级上,6,上,8,mountain,mountain,[ˈmaʊntən],[ˈmaʊntn],n. 山;山脉,北京版一年级起点六年级上.xlsx,no-existing-match,,,,new-identity-candidate,yes,No existing MatchKey candidate; confirm this is a genuine new learning unit.
beijing_start1|g6-upper|r009|let,beijing_start1,6年级上,6,上,9,let,let,[let],[let],"vt. 允许,让;出租;假设;妨碍 vi. 出租;被承包 n. 障碍;出租屋",北京版一年级起点六年级上.xlsx,no-existing-match,,,,new-identity-candidate,yes,No existing MatchKey candidate; confirm this is a genuine new learning unit.
beijing_start1|g6-upper|r010|glasses,beijing_start1,6年级上,6,上,10,glasses,glasses,[ˈɡlɑːsɪz],[ˈɡlæsɪz],n. [轻] 眼镜;玻璃(glass的复数形式);双筒望远镜 v. 把...装入玻璃容器内;给...装上玻璃(glass的第三人称单数形式),北京版一年级起点六年级上.xlsx,no-existing-match,,,,new-identity-candidate,yes,No existing MatchKey candidate; confirm this is a genuine new learning unit.
beijing_start1|g6-upper|r011|please,beijing_start1,6年级上,6,上,11,please,please,[pliːz],[pliːz],"int. 请(礼貌用语) vt. 使喜欢;使高兴,使满意 vi. 讨人喜欢;令人高兴",北京版一年级起点六年级上.xlsx,exact-single,KV000404,please,请,reuse-candidate,yes,Exact MatchKey; target sense must still be confirmed before merge.
beijing_start1|g6-upper|r012|problem,beijing_start1,6年级上,6,上,12,problem,problem,[ˈprɒbləm],[ˈprɑːbləm],n. 难题;引起麻烦的人 adj. 成问题的;难处理的,北京版一年级起点六年级上.xlsx,no-existing-match,,,,new-identity-candidate,yes,No existing MatchKey candidate; confirm this is a genuine new learning unit.
beijing_start1|g6-upper|r013|young,beijing_start1,6年级上,6,上,13,young,young,[jʌŋ],[jʌŋ],"n. 年轻人;(动物的)崽,仔 adj. 年轻的;初期的;没有经验的",北京版一年级起点六年级上.xlsx,exact-single,KV000539,young,年轻的,reuse-candidate,yes,Exact MatchKey; target sense must still be confirmed before merge.
beijing_start1|g6-upper|r014|neck,beijing_start1,6年级上,6,上,14,neck,neck,[nek],[nek],n. 脖子;衣领;海峡 vi. 搂著脖子亲吻;变狭窄 vt. 使变细;与...搂著脖子亲吻,北京版一年级起点六年级上.xlsx,no-existing-match,,,,new-identity-candidate,yes,No existing MatchKey candidate; confirm this is a genuine new learning unit.
beijing_start1|g6-upper|r015|but,beijing_start1,6年级上,6,上,15,but,but,[bət],[bət; bʌt],"conj. 但是;而是;然而 adv. 仅仅,只 prep. 除...以外",北京版一年级起点六年级上.xlsx,exact-single,KV000529,but,但是,reuse-candidate,yes,Exact MatchKey; target sense must still be confirmed before merge.
beijing_start1|g6-upper|r016|football,beijing_start1,6年级上,6,上,16,football,football,[ˈfʊtbɔːl],[ˈfʊtbɔːl],"n. 足球,橄榄球 vi. 踢足球;打橄榄球",北京版一年级起点六年级上.xlsx,exact-single,KV000815,football,足球运动,reuse-candidate,yes,Exact MatchKey; target sense must still be confirmed before merge.
beijing_start1|g6-upper|r017|match,beijing_start1,6年级上,6,上,17,match,match,[mætʃ],[mætʃ],"vt. 使比赛;使相配;敌得过,比得上;相配;与...竞争 vi. 比赛;匹配;相配,相称;相比 n. 比赛,竞赛;匹配;对手;火柴",北京版一年级起点六年级上.xlsx,no-existing-match,,,,new-identity-candidate,yes,No existing MatchKey candidate; confirm this is a genuine new learning unit.
beijing_start1|g6-upper|r018|myself,beijing_start1,6年级上,6,上,18,myself,myself,[maɪˈself],[maɪˈself],pron. 我自己;我亲自;我的正常的健康状况和正常情绪,北京版一年级起点六年级上.xlsx,exact-single,KV000438,myself,我自己,reuse-candidate,yes,Exact MatchKey; target sense must still be confirmed before merge.
beijing_start1|g6-upper|r019|cry,beijing_start1,6年级上,6,上,19,cry,cry,[kraɪ],[kraɪ],n. 叫喊;叫声;口号;呼叫 vi. 哭;叫;喊 vt. 叫喊;哭出;大声说,北京版一年级起点六年级上.xlsx,exact-single,KV000736,cry,哭；哭泣,reuse-candidate,yes,Exact MatchKey; target sense must still be confirmed before merge.
beijing_start1|g6-upper|r020|lunch,beijing_start1,6年级上,6,上,20,lunch,lunch,[lʌntʃ],[lʌntʃ],n. 午餐 vt. 吃午餐;供给午餐 vi. 吃午餐;供给午餐,北京版一年级起点六年级上.xlsx,exact-single,KV000866,lunch,午餐,reuse-candidate,yes,Exact MatchKey; target sense must still be confirmed before merge.
beijing_start1|g6-upper|r021|chocolate,beijing_start1,6年级上,6,上,21,chocolate,chocolate,[ˈtʃɒklət],[ˈtʃɔːklət],"n. 巧克力,巧克力糖;巧克力色 adj. 巧克力色的;巧克力口味的",北京版一年级起点六年级上.xlsx,no-existing-match,,,,new-identity-candidate,yes,No existing MatchKey candidate; confirm this is a genuine new learning unit.
beijing_start1|g6-upper|r022|supper,beijing_start1,6年级上,6,上,22,supper,supper,[ˈsʌpə(r)],[ˈsʌpər],"n. 晚餐,晚饭;夜宵",北京版一年级起点六年级上.xlsx,no-existing-match,,,,new-identity-candidate,yes,No existing MatchKey candidate; confirm this is a genuine new learning unit.
beijing_start1|g6-upper|r023|see,beijing_start1,6年级上,6,上,23,see,see,[siː],[siː],vi. 看;看见;领会 vt. 看见;理解;领会,北京版一年级起点六年级上.xlsx,no-existing-match,,,,new-identity-candidate,yes,No existing MatchKey candidate; confirm this is a genuine new learning unit.
beijing_start1|g6-upper|r024|monday,beijing_start1,6年级上,6,上,24,Monday,monday,[ˈmʌndeɪ],[ˈmʌndeɪ],n. 星期一,北京版一年级起点六年级上.xlsx,exact-single,KV000201,Monday,星期一,reuse-candidate,yes,Exact MatchKey; target sense must still be confirmed before merge.
beijing_start1|g6-upper|r025|hotel,beijing_start1,6年级上,6,上,25,hotel,hotel,[həʊˈtel],[hoʊˈtel],"n. 旅馆,饭店;客栈 vt. 使...在饭店下榻 vi. 进行旅馆式办公",北京版一年级起点六年级上.xlsx,exact-single,KV000461,hotel,酒店；旅馆,reuse-candidate,yes,Exact MatchKey; target sense must still be confirmed before merge.
beijing_start1|g6-upper|r026|angry,beijing_start1,6年级上,6,上,26,angry,angry,[ˈæŋɡri],[ˈæŋɡri],adj. 生气的;愤怒的;狂暴的;(伤口等)发炎的,北京版一年级起点六年级上.xlsx,exact-single,KV000730,angry,生气的,reuse-candidate,yes,Exact MatchKey; target sense must still be confirmed before merge.
beijing_start1|g6-upper|r027|hill,beijing_start1,6年级上,6,上,27,hill,hill,[hɪl],[hɪl],n. 小山;丘陵;斜坡;山冈,北京版一年级起点六年级上.xlsx,exact-single,KV000140,hill,小山,reuse-candidate,yes,Exact MatchKey; target sense must still be confirmed before merge.
beijing_start1|g6-upper|r028|west,beijing_start1,6年级上,6,上,28,west,west,[west],[west],n. 西;西方;西部 adj. 西方的;朝西的 adv. 在西方;向西方;自西方,北京版一年级起点六年级上.xlsx,exact-single,KV000685,west,西；西方,reuse-candidate,yes,Exact MatchKey; target sense must still be confirmed before merge.
beijing_start1|g6-upper|r029|around,beijing_start1,6年级上,6,上,29,around,around,[əˈraʊnd],[əˈraʊnd],prep. 四处;在...周围 adv. 大约;到处;在附近,北京版一年级起点六年级上.xlsx,exact-single,KV000688,around,周围；四处,reuse-candidate,yes,Exact MatchKey; target sense must still be confirmed before merge.
beijing_start1|g6-upper|r030|many,beijing_start1,6年级上,6,上,30,many,many,[ˈmeni],[ˈmeni],pron. 许多;许多人 adj. 许多的,北京版一年级起点六年级上.xlsx,exact-single,KV000036,many,许多；多少（how many）,reuse-candidate,yes,Exact MatchKey; target sense must still be confirmed before merge.
beijing_start1|g6-upper|r031|ride,beijing_start1,6年级上,6,上,31,ride,ride,[raɪd],[raɪd],n. 骑;乘坐;交通工具;可供骑行的路;(乘坐汽车等的)旅行;乘骑;(乘车或骑车的)短途旅程;供乘骑的游乐设施 vi. 骑马;乘车;依靠;漂浮 vt. 骑;乘;控制;(骑马、自行车等)穿越;搭乘;飘浮,北京版一年级起点六年级上.xlsx,no-existing-match,,,,new-identity-candidate,yes,No existing MatchKey candidate; confirm this is a genuine new learning unit.
beijing_start1|g6-upper|r032|horse,beijing_start1,6年级上,6,上,32,horse,horse,[hɔːs],[hɔːrs],n. 马;骑兵;脚架;海洛因 vt. 使骑马;系马于;捉弄 vi. 骑马;作弄人,北京版一年级起点六年级上.xlsx,exact-single,KV000545,horse,马,reuse-candidate,yes,Exact MatchKey; target sense must still be confirmed before merge.
beijing_start1|g6-upper|r033|smart,beijing_start1,6年级上,6,上,33,smart,smart,[smɑːt],[smɑːrt],adj. 聪明的;巧妙的;敏捷的;厉害的;潇洒的;剧烈的;时髦的,北京版一年级起点六年级上.xlsx,exact-single,KV000727,smart,聪明的；机灵的,reuse-candidate,yes,Exact MatchKey; target sense must still be confirmed before merge.
beijing_start1|g6-upper|r034|pe,beijing_start1,6年级上,6,上,34,PE,pe,[peɪ],[peɪ],"abbr. 体育课,体能训练(physical education)",北京版一年级起点六年级上.xlsx,exact-single,KV000285,PE,体育；体育课,reuse-candidate,yes,Exact MatchKey; target sense must still be confirmed before merge.
beijing_start1|g6-upper|r035|history,beijing_start1,6年级上,6,上,35,history,history,[ˈhɪst(ə)ri],[ˈhɪstri],"n. 历史,历史学;历史记录;来历",北京版一年级起点六年级上.xlsx,no-existing-match,,,,new-identity-candidate,yes,No existing MatchKey candidate; confirm this is a genuine new learning unit.
beijing_start1|g6-upper|r036|those,beijing_start1,6年级上,6,上,36,those,those,[ðəʊz],[ðoʊz],adj. 那些的 pron. 那些(that的复数),北京版一年级起点六年级上.xlsx,exact-single,KV000870,those,那些,reuse-candidate,yes,Exact MatchKey; target sense must still be confirmed before merge.
beijing_start1|g6-upper|r037|modern,beijing_start1,6年级上,6,上,37,modern,modern,[ˈmɒdn],[ˈmɑːdərn],"adj. 现代的,近代的;时髦的 n. 现代人;有思想的人",北京版一年级起点六年级上.xlsx,no-existing-match,,,,new-identity-candidate,yes,No existing MatchKey candidate; confirm this is a genuine new learning unit.
beijing_start1|g6-upper|r038|stop,beijing_start1,6年级上,6,上,38,stop,stop,[stɒp],[stɑːp],n. 停止;车站;障碍;逗留 vi. 停止;中止;逗留;被塞住 vt. 停止;堵塞;断绝,北京版一年级起点六年级上.xlsx,exact-single,KV000420,stop,停；停止,reuse-candidate,yes,Exact MatchKey; target sense must still be confirmed before merge.
beijing_start1|g6-upper|r039|ago,beijing_start1,6年级上,6,上,39,ago,ago,[əˈɡəʊ],[əˈɡoʊ],"adj. 以前的;过去的 adv. 以前,以往",北京版一年级起点六年级上.xlsx,no-existing-match,,,,new-identity-candidate,yes,No existing MatchKey candidate; confirm this is a genuine new learning unit.
beijing_start1|g6-upper|r040|hold,beijing_start1,6年级上,6,上,40,hold,hold,[həʊld],[hoʊld],"n. 控制;保留 vi. 支持;有效;持续 vt. 持有;拥有;保存;拘留;约束或控制 又作“Hold住”使用,中英混用词汇,表示轻松掌控全局。 [ 过去式 held 过去分词 held或holden 现在分词 holding ]",北京版一年级起点六年级上.xlsx,no-existing-match,,,,new-identity-candidate,yes,No existing MatchKey candidate; confirm this is a genuine new learning unit.
beijing_start1|g6-upper|r041|take part in,beijing_start1,6年级上,6,上,41,take part in,take part in,,,na. 参加;贡献,北京版一年级起点六年级上.xlsx,morphology-or-phrase,KV000006|KV000008|KV000059|KV000288|KV000872,I|a|in|art|take,我|一；一个|在……里面|美术；美术课|买下,identity-review,yes,Only morphology/phrase-related candidates found; never auto-merge.
beijing_start1|g6-upper|r042|number,beijing_start1,6年级上,6,上,42,number,number,[ˈnʌmbə(r)],[ˈnʌmbər],n. 数;(杂志等的)期;号码;数字;算术 vi. 计入;总数达到 vt. 编号;计入;数...的数目;使为数有限,北京版一年级起点六年级上.xlsx,no-existing-match,,,,new-identity-candidate,yes,No existing MatchKey candidate; confirm this is a genuine new learning unit.
beijing_start1|g6-upper|r043|visitor,beijing_start1,6年级上,6,上,43,visitor,visitor,[ˈvɪzɪtə(r)],[ˈvɪzɪtər],"n. 访问者,参观者;视察者;候鸟",北京版一年级起点六年级上.xlsx,no-existing-match,,,,new-identity-candidate,yes,No existing MatchKey candidate; confirm this is a genuine new learning unit.
beijing_start1|g6-upper|r044|world,beijing_start1,6年级上,6,上,44,world,world,[wɜːld],[wɜːrld],n. 世界;领域;世俗;全人类;物质生活,北京版一年级起点六年级上.xlsx,no-existing-match,,,,new-identity-candidate,yes,No existing MatchKey candidate; confirm this is a genuine new learning unit.
beijing_start1|g6-upper|r045|tie,beijing_start1,6年级上,6,上,45,tie,tie,[taɪ],[taɪ],n. 领带;平局;鞋带;领结;不分胜负 vi. 打结;不分胜负;被用带(或绳子等)系住 vt. 系;约束;打结;与...成平局,北京版一年级起点六年级上.xlsx,no-existing-match,,,,new-identity-candidate,yes,No existing MatchKey candidate; confirm this is a genuine new learning unit.
beijing_start1|g6-upper|r046|mr,beijing_start1,6年级上,6,上,46,Mr,mr,[ˈmɪstə(r)],[ˈmɪstər],abbr. 先生(Mister),北京版一年级起点六年级上.xlsx,no-existing-match,,,,new-identity-candidate,yes,No existing MatchKey candidate; confirm this is a genuine new learning unit.
beijing_start1|g6-upper|r047|goodbye,beijing_start1,6年级上,6,上,47,goodbye,goodbye,[ˌɡʊdˈbaɪ],[ˌɡʊdˈbaɪ],int. 再见 放弃 告别,北京版一年级起点六年级上.xlsx,no-existing-match,,,,new-identity-candidate,yes,No existing MatchKey candidate; confirm this is a genuine new learning unit.
beijing_start1|g6-upper|r048|singer,beijing_start1,6年级上,6,上,48,singer,singer,[ˈsɪŋə(r)],[ˈsɪŋər],"n. 歌手,歌唱家",北京版一年级起点六年级上.xlsx,no-existing-match,,,,new-identity-candidate,yes,No existing MatchKey candidate; confirm this is a genuine new learning unit.
beijing_start1|g6-upper|r049|stage,beijing_start1,6年级上,6,上,49,stage,stage,[steɪdʒ],[steɪdʒ],n. 阶段;舞台;戏剧;驿站 vt. 举行;上演;筹划 vi. 举行;适于上演;乘驿车旅行,北京版一年级起点六年级上.xlsx,no-existing-match,,,,new-identity-candidate,yes,No existing MatchKey candidate; confirm this is a genuine new learning unit.
beijing_start1|g6-upper|r050|dress,beijing_start1,6年级上,6,上,50,dress,dress,[dres],[dres],n. 连衣裙;女装 vt. 给...穿衣 vi. 穿衣,北京版一年级起点六年级上.xlsx,exact-single,KV000095,dress,连衣裙,reuse-candidate,yes,Exact MatchKey; target sense must still be confirmed before merge.
beijing_start1|g6-upper|r051|sing,beijing_start1,6年级上,6,上,51,sing,sing,[sɪŋ],[sɪŋ],n. 演唱;鸣声;呼啸声 vt. 唱;用诗赞颂;唱着使 vi. 唱歌;歌颂;鸣叫;呼号,北京版一年级起点六年级上.xlsx,no-existing-match,,,,new-identity-candidate,yes,No existing MatchKey candidate; confirm this is a genuine new learning unit.
beijing_start1|g6-upper|r052|like,beijing_start1,6年级上,6,上,52,like,like,[laɪk],[laɪk],vt. 喜欢;想;愿意 vi. 喜欢;希望 prep. 像;如同 adj. 同样的;相似的 n. 爱好;同样的人或物 adv. 可能 conj. 好像,北京版一年级起点六年级上.xlsx,exact-single,KV000051,like,喜欢,reuse-candidate,yes,Exact MatchKey; target sense must still be confirmed before merge.
beijing_start1|g6-upper|r053|colour,beijing_start1,6年级上,6,上,53,colour,colour,[ˈkʌlə(r)],[ˈkʌlər],"n. 颜色;风格;气色,面色;外貌 vt. 把...涂颜色,粉饰;歪曲;使脸红 vi. 变色",北京版一年级起点六年级上.xlsx,exact-single,KV000044,colour,颜色,reuse-candidate,yes,Exact MatchKey; target sense must still be confirmed before merge.
beijing_start1|g6-upper|r054|clothes,beijing_start1,6年级上,6,上,54,clothes,clothes,[kləʊðz],[kloʊðz; kloʊz],n. 衣服,北京版一年级起点六年级上.xlsx,exact-single,KV000869,clothes,衣服；服装,reuse-candidate,yes,Exact MatchKey; target sense must still be confirmed before merge.
beijing_start1|g6-upper|r055|hobby,beijing_start1,6年级上,6,上,55,hobby,hobby,[ˈhɒbi],[ˈhɑːbi],n. 嗜好;业余爱好,北京版一年级起点六年级上.xlsx,exact-single,KV000494,hobby,爱好,reuse-candidate,yes,Exact MatchKey; target sense must still be confirmed before merge.
beijing_start1|g6-upper|r056|tiger,beijing_start1,6年级上,6,上,56,tiger,tiger,[ˈtaɪɡə(r)],[ˈtaɪɡər],n. 老虎;凶暴的人,北京版一年级起点六年级上.xlsx,exact-single,KV000020,tiger,老虎,reuse-candidate,yes,Exact MatchKey; target sense must still be confirmed before merge.
beijing_start1|g6-upper|r057|twelve,beijing_start1,6年级上,6,上,57,twelve,twelve,[twelv],[twelv],num. 十二;十二个 n. 十二;十二个 adj. 十二的;十二个的,北京版一年级起点六年级上.xlsx,exact-single,KV000180,twelve,十二；十二个,reuse-candidate,yes,Exact MatchKey; target sense must still be confirmed before merge.
beijing_start1|g6-upper|r058|animal,beijing_start1,6年级上,6,上,58,animal,animal,[ˈænɪm(ə)l],[ˈænɪm(ə)l],n. 动物 动物的,北京版一年级起点六年级上.xlsx,exact-single,KV000542,animal,动物,reuse-candidate,yes,Exact MatchKey; target sense must still be confirmed before merge.
beijing_start1|g6-upper|r059|rat,beijing_start1,6年级上,6,上,59,rat,rat,[ræt],[ræt],"n. 鼠;卑鄙小人,叛徒 vi. 捕鼠;背叛,告密",北京版一年级起点六年级上.xlsx,no-existing-match,,,,new-identity-candidate,yes,No existing MatchKey candidate; confirm this is a genuine new learning unit.
beijing_start1|g6-upper|r060|rabbit,beijing_start1,6年级上,6,上,60,rabbit,rabbit,[ˈræbɪt],[ˈræbɪt],"n. 兔子,野兔 vt. 让...见鬼去吧 vi. 猎兔",北京版一年级起点六年级上.xlsx,exact-single,KV000245,rabbit,兔子,reuse-candidate,yes,Exact MatchKey; target sense must still be confirmed before merge.
beijing_start1|g6-upper|r061|decide,beijing_start1,6年级上,6,上,61,decide,decide,[dɪˈsaɪd],[dɪˈsaɪd],"vi. 决定,下决心 vt. 决定;解决;判决",北京版一年级起点六年级上.xlsx,no-existing-match,,,,new-identity-candidate,yes,No existing MatchKey candidate; confirm this is a genuine new learning unit.
beijing_start1|g6-upper|r062|order,beijing_start1,6年级上,6,上,62,order,order,[ˈɔːdə(r)],[ˈɔːrdər],n. 命令;顺序;规则;[贸易] 定单 vt. 命令;整理;定购 vi. 命令;定货,北京版一年级起点六年级上.xlsx,no-existing-match,,,,new-identity-candidate,yes,No existing MatchKey candidate; confirm this is a genuine new learning unit.
beijing_start1|g6-upper|r063|choose,beijing_start1,6年级上,6,上,63,choose,choose,[tʃuːz],[tʃuːz],"vt. 选择,决定 vi. 选择,挑选",北京版一年级起点六年级上.xlsx,no-existing-match,,,,new-identity-candidate,yes,No existing MatchKey candidate; confirm this is a genuine new learning unit.
beijing_start1|g6-upper|r064|start,beijing_start1,6年级上,6,上,64,start,start,[stɑːt],[stɑːrt],n. 开始;起点 vt. 开始;启动 vi. 出发,北京版一年级起点六年级上.xlsx,no-existing-match,,,,new-identity-candidate,yes,No existing MatchKey candidate; confirm this is a genuine new learning unit.
beijing_start1|g6-upper|r065|stamp,beijing_start1,6年级上,6,上,65,stamp,stamp,[stæmp],[stæmp],n. 邮票;印记;标志;跺脚 vt. 铭记;标出;盖章于...;贴邮票于...;用脚踩踏 vi. 跺脚;捣碎;毁掉,北京版一年级起点六年级上.xlsx,exact-single,KV000495,stamp,邮票,reuse-candidate,yes,Exact MatchKey; target sense must still be confirmed before merge.
beijing_start1|g6-upper|r066|collect,beijing_start1,6年级上,6,上,66,collect,collect,[kəˈlekt],[kəˈlekt],vt. 收集;募捐 adj. 由收件人付款的 vi. 收集;聚集;募捐 adv. 由收件人付款地,北京版一年级起点六年级上.xlsx,no-existing-match,,,,new-identity-candidate,yes,No existing MatchKey candidate; confirm this is a genuine new learning unit.
beijing_start1|g6-upper|r067|show,beijing_start1,6年级上,6,上,67,show,show,[ʃəʊ],[ʃoʊ],n. 显示;表演;炫耀 vt. 显示;说明;演出;展出 vi. 显示;说明;指示,北京版一年级起点六年级上.xlsx,no-existing-match,,,,new-identity-candidate,yes,No existing MatchKey candidate; confirm this is a genuine new learning unit.
beijing_start1|g6-upper|r068|ox,beijing_start1,6年级上,6,上,68,ox,ox,[ɒks],[ɑːks],n. 牛;公牛,北京版一年级起点六年级上.xlsx,no-existing-match,,,,new-identity-candidate,yes,No existing MatchKey candidate; confirm this is a genuine new learning unit.
beijing_start1|g6-upper|r069|worker,beijing_start1,6年级上,6,上,69,worker,worker,[ˈwɜːkə(r)],[ˈwɜːrkər],n. 工人;劳动者;职蚁,北京版一年级起点六年级上.xlsx,exact-single,KV000430,worker,工人,reuse-candidate,yes,Exact MatchKey; target sense must still be confirmed before merge.
beijing_start1|g6-lower|r002|a few,beijing_start1,6年级下,6,下,2,a few,a few,,,na. 几个;〔反语〕很多;〈俚〉一点点,北京版一年级起点六年级下.xlsx,morphology-or-phrase,KV000008,a,一；一个,identity-review,yes,Only morphology/phrase-related candidates found; never auto-merge.
beijing_start1|g6-lower|r003|ground,beijing_start1,6年级下,6,下,3,ground,ground,[ɡraʊnd],[ɡraʊnd],n. 地面;土地;范围;战场;根据 v. 研磨(grind的过去分词);压迫 adj. 土地的;地面上的;磨碎的;磨过的 vt. 使接触地面;打基础;使搁浅 vi. 着陆;搁浅,北京版一年级起点六年级下.xlsx,no-existing-match,,,,new-identity-candidate,yes,No existing MatchKey candidate; confirm this is a genuine new learning unit.
beijing_start1|g6-lower|r004|use,beijing_start1,6年级下,6,下,4,use,use,[juːz],[juːz],"n. 使用;用途;发挥 vt. 利用;耗费 vi. 使用,运用",北京版一年级起点六年级下.xlsx,exact-single,KV000403,use,使用,reuse-candidate,yes,Exact MatchKey; target sense must still be confirmed before merge.
beijing_start1|g6-lower|r005|cup,beijing_start1,6年级下,6,下,5,cup,cup,[kʌp],[kʌp],n. 杯子;奖杯;酒杯 vt. 使成杯状;为...拔火罐,北京版一年级起点六年级下.xlsx,no-existing-match,,,,new-identity-candidate,yes,No existing MatchKey candidate; confirm this is a genuine new learning unit.
beijing_start1|g6-lower|r006|worried,beijing_start1,6年级下,6,下,6,worried,worried,[ˈwʌrid],[ˈwɜːrid],adj. 担心的,北京版一年级起点六年级下.xlsx,exact-single,KV000729,worried,担心的,reuse-candidate,yes,Exact MatchKey; target sense must still be confirmed before merge.
beijing_start1|g6-lower|r007|worry,beijing_start1,6年级下,6,下,7,worry,worry,[ˈwʌri],[ˈwɜːri],n. 担心;烦恼;撕咬 vi. 担心;烦恼;撕咬 vt. 担心;发愁;折磨,北京版一年级起点六年级下.xlsx,no-existing-match,,,,new-identity-candidate,yes,No existing MatchKey candidate; confirm this is a genuine new learning unit.
beijing_start1|g6-lower|r008|purple,beijing_start1,6年级下,6,下,8,purple,purple,[ˈpɜːp(ə)l],[ˈpɜːrpl],n. 紫色;紫袍 adj. 紫色的;帝王的;华而不实的 vt. 使成紫色 vi. 变成紫色,北京版一年级起点六年级下.xlsx,no-existing-match,,,,new-identity-candidate,yes,No existing MatchKey candidate; confirm this is a genuine new learning unit.
beijing_start1|g6-lower|r009|desk,beijing_start1,6年级下,6,下,9,desk,desk,[desk],[desk],n. 办公桌;服务台;编辑部;(美)讲道台;乐谱架 adj. 书桌的;桌上用的;伏案做的,北京版一年级起点六年级下.xlsx,exact-single,KV000055,desk,课桌；书桌,reuse-candidate,yes,Exact MatchKey; target sense must still be confirmed before merge.
beijing_start1|g6-lower|r010|whose,beijing_start1,6年级下,6,下,10,whose,whose,[huːz],[huːz],pron. 谁的(疑问代词),北京版一年级起点六年级下.xlsx,exact-single,KV000834,whose,谁的,reuse-candidate,yes,Exact MatchKey; target sense must still be confirmed before merge.
beijing_start1|g6-lower|r011|wide,beijing_start1,6年级下,6,下,11,wide,wide,[waɪd],[waɪd],"n. 大千世界 adj. 广泛的;宽的,广阔的;张大的;远离目标的 adv. 广泛地;广阔地;充分地",北京版一年级起点六年级下.xlsx,no-existing-match,,,,new-identity-candidate,yes,No existing MatchKey candidate; confirm this is a genuine new learning unit.
beijing_start1|g6-lower|r012|little,beijing_start1,6年级下,6,下,12,little,little,[ˈlɪt(ə)l],[ˈlɪtl],adj. 小的;很少的;短暂的;小巧可爱的 adv. 完全不 n. 少许;没有多少;短时间,北京版一年级起点六年级下.xlsx,no-existing-match,,,,new-identity-candidate,yes,No existing MatchKey candidate; confirm this is a genuine new learning unit.
beijing_start1|g6-lower|r013|police,beijing_start1,6年级下,6,下,13,police,police,[pəˈliːs],[pəˈliːs],"n. 警察,警方;治安 adj. 警察的;有关警察的 vt. 监督;管辖;维持治安;为...配备警察",北京版一年级起点六年级下.xlsx,no-existing-match,,,,new-identity-candidate,yes,No existing MatchKey candidate; confirm this is a genuine new learning unit.
beijing_start1|g6-lower|r014|beautiful,beijing_start1,6年级下,6,下,14,beautiful,beautiful,[ˈbjuːtɪf(ə)l],[ˈbjuːtɪf(ə)l],adj. 美丽的 出色地 出色的 迷人的 迷人地,北京版一年级起点六年级下.xlsx,exact-single,KV000316,beautiful,美丽的；漂亮的,reuse-candidate,yes,Exact MatchKey; target sense must still be confirmed before merge.
beijing_start1|g6-lower|r015|head,beijing_start1,6年级下,6,下,15,head,head,[hed],[hed],n. 头;头痛;上端;最前的部分;理解力 adj. 头的;主要的;在顶端的 vt. 前进;用头顶;作为...的首领;站在...的前头;给...加标题 vi. 出发;成头状物;船驶往,北京版一年级起点六年级下.xlsx,exact-single,KV000216,head,头；头部,reuse-candidate,yes,Exact MatchKey; target sense must still be confirmed before merge.
beijing_start1|g6-lower|r016|only,beijing_start1,6年级下,6,下,16,only,only,[ˈəʊnli],[ˈoʊnli],"adv. 只,仅仅;不料 adj. 唯一的,仅有的;最合适的 conj. 但是;不过;可是",北京版一年级起点六年级下.xlsx,exact-single,KV000560,only,只；仅仅,reuse-candidate,yes,Exact MatchKey; target sense must still be confirmed before merge.
beijing_start1|g6-lower|r017|street,beijing_start1,6年级下,6,下,17,street,street,[striːt],[striːt],n. 街道 adj. 街道的,北京版一年级起点六年级下.xlsx,exact-single,KV000421,street,街道,reuse-candidate,yes,Exact MatchKey; target sense must still be confirmed before merge.
beijing_start1|g6-lower|r018|garden,beijing_start1,6年级下,6,下,18,garden,garden,[ˈɡɑːdn],[ˈɡɑːrdn],n. 花园;菜园 vt. 栽培花木 vi. 从事园艺;在园中种植,北京版一年级起点六年级下.xlsx,exact-single,KV000386,garden,花园,reuse-candidate,yes,Exact MatchKey; target sense must still be confirmed before merge.
beijing_start1|g6-lower|r019|vacation,beijing_start1,6年级下,6,下,19,vacation,vacation,[veɪˈkeɪʃn; vəˈkeɪʃn],[veɪˈkeɪʃn; vəˈkeɪʃn],"n. 假期;(房屋)搬出 vi. 休假,度假",北京版一年级起点六年级下.xlsx,exact-single,KV000679,vacation,假期,reuse-candidate,yes,Exact MatchKey; target sense must still be confirmed before merge.
beijing_start1|g6-lower|r020|shoulder,beijing_start1,6年级下,6,下,20,shoulder,shoulder,[ˈʃəʊldə(r)],[ˈʃoʊldər],"n. 肩,肩膀;肩部 vi. 用肩推挤,用肩顶 vt. 肩负,承担",北京版一年级起点六年级下.xlsx,no-existing-match,,,,new-identity-candidate,yes,No existing MatchKey candidate; confirm this is a genuine new learning unit.
beijing_start1|g6-lower|r021|flower,beijing_start1,6年级下,6,下,21,flower,flower,[ˈflaʊə(r)],[ˈflaʊər],"n. 花;精华;开花植物 vt. 使开花;用花装饰 vi. 成熟,发育;开花;繁荣;旺盛",北京版一年级起点六年级下.xlsx,exact-single,KV000137,flower,花,reuse-candidate,yes,Exact MatchKey; target sense must still be confirmed before merge.
beijing_start1|g6-lower|r022|grass,beijing_start1,6年级下,6,下,22,grass,grass,[ɡrɑːs],[ɡræs],"n. 草;草地,草坪 vt. 放牧;使......长满草;使......吃草 vi. 长草",北京版一年级起点六年级下.xlsx,exact-single,KV000135,grass,草,reuse-candidate,yes,Exact MatchKey; target sense must still be confirmed before merge.
beijing_start1|g6-lower|r023|feed,beijing_start1,6年级下,6,下,23,feed,feed,[fiːd],[fiːd],n. 饲料;饲养;(动物或婴儿的)一餐 vt. 喂养;供给;放牧;抚养(家庭等);靠...为生 vi. 吃东西;流入,北京版一年级起点六年级下.xlsx,exact-single,KV000887,feed,给食物；饲养,reuse-candidate,yes,Exact MatchKey; target sense must still be confirmed before merge.
beijing_start1|g6-lower|r024|skirt,beijing_start1,6年级下,6,下,24,skirt,skirt,[skɜːt],[skɜːrt],"n. 裙子 vt. 绕过,回避;位于...边缘 vi. 沿边走,绕开;环绕",北京版一年级起点六年级下.xlsx,exact-single,KV000094,skirt,短裙；裙子,reuse-candidate,yes,Exact MatchKey; target sense must still be confirmed before merge.
beijing_start1|g6-lower|r025|sock,beijing_start1,6年级下,6,下,25,sock,sock,[sɒk],[sɑːk],vt. 重击;给......穿袜 n. 短袜;一击 adv. 正着地;不偏不倚地 adj. 非常成功的,北京版一年级起点六年级下.xlsx,no-existing-match,,,,new-identity-candidate,yes,No existing MatchKey candidate; confirm this is a genuine new learning unit.
beijing_start1|g6-lower|r026|crayon,beijing_start1,6年级下,6,下,26,crayon,crayon,[ˈkreɪən; ˈkreɪɒn],[ˈkreɪən; ˈkreɪɑːn],"n. 蜡笔,有色粉笔 vt. 以蜡笔作画,用颜色粉笔画",北京版一年级起点六年级下.xlsx,exact-single,KV000399,crayon,蜡笔,reuse-candidate,yes,Exact MatchKey; target sense must still be confirmed before merge.
beijing_start1|g6-lower|r027|idea,beijing_start1,6年级下,6,下,27,idea,idea,[aɪˈdɪə],[aɪˈdiːə],n. 想法;主意;概念,北京版一年级起点六年级下.xlsx,exact-single,KV000783,idea,想法；主意,reuse-candidate,yes,Exact MatchKey; target sense must still be confirmed before merge.
beijing_start1|g6-lower|r028|nervous,beijing_start1,6年级下,6,下,28,nervous,nervous,[ˈnɜːvəs],[ˈnɜːrvəs],adj. 神经的;紧张不安的;强健有力的,北京版一年级起点六年级下.xlsx,no-existing-match,,,,new-identity-candidate,yes,No existing MatchKey candidate; confirm this is a genuine new learning unit.
beijing_start1|g6-lower|r029|face,beijing_start1,6年级下,6,下,29,face,face,[feɪs],[feɪs],n. 脸;表面;面子;面容;外观;威信 vi. 向;朝 vt. 面对;面向;承认;抹盖,北京版一年级起点六年级下.xlsx,exact-single,KV000010,face,脸；面部,reuse-candidate,yes,Exact MatchKey; target sense must still be confirmed before merge.
beijing_start1|g6-lower|r030|smile,beijing_start1,6年级下,6,下,30,smile,smile,[smaɪl],[smaɪl],n. 微笑;笑容;喜色 vt. 微笑着表示 vi. 微笑,北京版一年级起点六年级下.xlsx,no-existing-match,,,,new-identity-candidate,yes,No existing MatchKey candidate; confirm this is a genuine new learning unit.
beijing_start1|g6-lower|r031|student,beijing_start1,6年级下,6,下,31,student,student,[ˈstjuːdnt],[ˈstuːdnt],n. 学生;学者,北京版一年级起点六年级下.xlsx,no-existing-match,,,,new-identity-candidate,yes,No existing MatchKey candidate; confirm this is a genuine new learning unit.
beijing_start1|g6-lower|r032|protect,beijing_start1,6年级下,6,下,32,protect,protect,[prəˈtekt],[prəˈtekt],"vt. 保护,防卫;警戒",北京版一年级起点六年级下.xlsx,no-existing-match,,,,new-identity-candidate,yes,No existing MatchKey candidate; confirm this is a genuine new learning unit.
beijing_start1|g6-lower|r033|stop,beijing_start1,6年级下,6,下,33,stop,stop,[stɒp],[stɑːp],n. 停止;车站;障碍;逗留 vi. 停止;中止;逗留;被塞住 vt. 停止;堵塞;断绝,北京版一年级起点六年级下.xlsx,exact-single,KV000420,stop,停；停止,reuse-candidate,yes,Exact MatchKey; target sense must still be confirmed before merge.
beijing_start1|g6-lower|r034|litter,beijing_start1,6年级下,6,下,34,litter,litter,[ˈlɪtə(r)],[ˈlɪtər],"n. 垃圾;轿,担架;一窝(动物的幼崽);凌乱 vt. 乱丢;给...垫褥草;把...弄得乱七八糟 vi. 产仔;乱扔废弃物",北京版一年级起点六年级下.xlsx,no-existing-match,,,,new-identity-candidate,yes,No existing MatchKey candidate; confirm this is a genuine new learning unit.
beijing_start1|g6-lower|r035|answer,beijing_start1,6年级下,6,下,35,answer,answer,[ˈɑːnsə(r)],[ˈænsər],n. 回答;答案;答辩 vt. 回答;符合 vi. 回答;符合,北京版一年级起点六年级下.xlsx,no-existing-match,,,,new-identity-candidate,yes,No existing MatchKey candidate; confirm this is a genuine new learning unit.
beijing_start1|g6-lower|r036|clean,beijing_start1,6年级下,6,下,36,clean,clean,[kliːn],[kliːn],"n. 打扫 adj. 清洁的,干净的;清白的 vt. 使干净 vi. 打扫,清扫 adv. 完全地",北京版一年级起点六年级下.xlsx,exact-single,KV000806,clean,打扫；干净的,reuse-candidate,yes,Exact MatchKey; target sense must still be confirmed before merge.
beijing_start1|g6-lower|r037|print,beijing_start1,6年级下,6,下,37,print,print,[prɪnt],[prɪnt],n. 印刷业;印花布;印刷字体;印章;印记 vt. 印刷;打印;刊载;用印刷体写;在...印花样 vi. 印刷;出版;用印刷体写,北京版一年级起点六年级下.xlsx,no-existing-match,,,,new-identity-candidate,yes,No existing MatchKey candidate; confirm this is a genuine new learning unit.
beijing_start1|g6-lower|r038|ok,beijing_start1,6年级下,6,下,38,OK,ok,[əʊˈkeɪ],[ˌoʊ'keɪ],adj. 好的;不错的 adv. 行;很好 int. 好;可以 vt. 对...表示同意 n. 同意,北京版一年级起点六年级下.xlsx,exact-single,KV000320,ok,好的；可以,reuse-candidate,yes,Exact MatchKey; target sense must still be confirmed before merge.
beijing_start1|g6-lower|r039|paper,beijing_start1,6年级下,6,下,39,paper,paper,[ˈpeɪpə(r)],[ˈpeɪpər],n. 纸;论文;文件;报纸 adj. 纸做的 vt. 用纸糊;用纸包装 vi. 贴糊墙纸;发交通违章传票,北京版一年级起点六年级下.xlsx,exact-single,KV000402,paper,纸,reuse-candidate,yes,Exact MatchKey; target sense must still be confirmed before merge.
beijing_start1|g6-lower|r040|save,beijing_start1,6年级下,6,下,40,save,save,[seɪv],[seɪv],prep. 除...之外 n. 救援 vi. 节省;挽救 vt. 节省;保存;储蓄;解救,北京版一年级起点六年级下.xlsx,no-existing-match,,,,new-identity-candidate,yes,No existing MatchKey candidate; confirm this is a genuine new learning unit.
beijing_start1|g6-lower|r041|also,beijing_start1,6年级下,6,下,41,also,also,[ˈɔːlsəʊ],[ˈɔːlsoʊ],conj. 并且;另外 adv. 也;而且;同样,北京版一年级起点六年级下.xlsx,exact-single,KV000561,also,也；还,reuse-candidate,yes,Exact MatchKey; target sense must still be confirmed before merge.
beijing_start1|g6-lower|r042|tired,beijing_start1,6年级下,6,下,42,tired,tired,[ˈtaɪəd],[ˈtaɪərd],"v. 疲倦;对...腻烦(tire的过去分词形式) adj. 疲倦的;厌倦的,厌烦的",北京版一年级起点六年级下.xlsx,exact-single,KV000583,tired,疲倦的；累的,reuse-candidate,yes,Exact MatchKey; target sense must still be confirmed before merge.
beijing_start1|g6-lower|r043|thirsty,beijing_start1,6年级下,6,下,43,thirsty,thirsty,[ˈθɜːsti],[ˈθɜːrsti],"adj. 口渴的,口干的;渴望的,热望的",北京版一年级起点六年级下.xlsx,exact-single,KV000090,thirsty,口渴的,reuse-candidate,yes,Exact MatchKey; target sense must still be confirmed before merge.
beijing_start1|g6-lower|r044|toilet,beijing_start1,6年级下,6,下,44,toilet,toilet,[ˈtɔɪlət],[ˈtɔɪlət],"n. 厕所,盥洗室;梳妆,打扮 vt. 给...梳妆打扮 vi. 梳妆,打扮",北京版一年级起点六年级下.xlsx,exact-single,KV000294,toilet,厕所；卫生间,reuse-candidate,yes,Exact MatchKey; target sense must still be confirmed before merge.
beijing_start1|g6-lower|r045|under,beijing_start1,6年级下,6,下,45,under,under,[ˈʌndə(r)],[ˈʌndər],"prep. 低于,少于;在...之下 adj. 下面的;从属的 adv. 在下面;在下方",北京版一年级起点六年级下.xlsx,exact-single,KV000058,under,在……下面,reuse-candidate,yes,Exact MatchKey; target sense must still be confirmed before merge.
beijing_start1|g6-lower|r046|friendly,beijing_start1,6年级下,6,下,46,friendly,friendly,[ˈfrendli],[ˈfrendli],"adj. 友好的;亲切的;支持的;融洽的,和睦的 adv. 友善地;温和地",北京版一年级起点六年级下.xlsx,exact-single,KV000523,friendly,友好的,reuse-candidate,yes,Exact MatchKey; target sense must still be confirmed before merge.
beijing_start1|g6-lower|r047|stay,beijing_start1,6年级下,6,下,47,stay,stay,[steɪ],[steɪ],n. 逗留;停止;支柱 vi. 停留;坚持;暂住;停下 vt. 坚持;暂住;抑制,北京版一年级起点六年级下.xlsx,exact-single,KV000470,stay,停留；待,reuse-candidate,yes,Exact MatchKey; target sense must still be confirmed before merge.
beijing_start1|g6-lower|r048|most,beijing_start1,6年级下,6,下,48,most,most,[məʊst],[moʊst],"adv. 最;非常,极其;最多;几乎 adj. 大部分的,多数的;最多的 n. 大部分,大多数",北京版一年级起点六年级下.xlsx,no-existing-match,,,,new-identity-candidate,yes,No existing MatchKey candidate; confirm this is a genuine new learning unit.
beijing_start1|g6-lower|r049|summer,beijing_start1,6年级下,6,下,49,summer,summer,[ˈsʌmə(r)],[ˈsʌmər],n. 夏季;全盛时期 adj. 夏季的 vi. 避暑;过夏天,北京版一年级起点六年级下.xlsx,exact-single,KV000170,summer,夏天,reuse-candidate,yes,Exact MatchKey; target sense must still be confirmed before merge.
beijing_start1|g6-lower|r050|weekend,beijing_start1,6年级下,6,下,50,weekend,weekend,[ˌwiːkˈend],[ˈwiːkend],"n. 周末,周末休假;周末聚会 adj. 周末的,周末用的 vi. 度周末",北京版一年级起点六年级下.xlsx,no-existing-match,,,,new-identity-candidate,yes,No existing MatchKey candidate; confirm this is a genuine new learning unit.
beijing_start1|g6-lower|r051|clear,beijing_start1,6年级下,6,下,51,clear,clear,[klɪə(r)],[klɪr],n. 清除;空隙 adj. 清楚的;清澈的;晴朗的;无罪的 vt. 通过;清除;使干净;跳过 vi. 放晴;变清澈 adv. 清晰地;完全地,北京版一年级起点六年级下.xlsx,no-existing-match,,,,new-identity-candidate,yes,No existing MatchKey candidate; confirm this is a genuine new learning unit.
beijing_start1|g6-lower|r052|season,beijing_start1,6年级下,6,下,52,season,season,[ˈsiːzn],[ˈsiːzn],n. 时期;季节;赛季 vt. 给...调味;使适应 vi. 变得成熟;变干燥,北京版一年级起点六年级下.xlsx,exact-single,KV000178,season,季节,reuse-candidate,yes,Exact MatchKey; target sense must still be confirmed before merge.
beijing_start1|g6-lower|r053|friday,beijing_start1,6年级下,6,下,53,Friday,friday,[ˈfraɪdeɪ],[ˈfraɪdeɪ],n. 星期五,北京版一年级起点六年级下.xlsx,exact-single,KV000205,Friday,星期五,reuse-candidate,yes,Exact MatchKey; target sense must still be confirmed before merge.
beijing_start1|g6-lower|r054|slow,beijing_start1,6年级下,6,下,54,slow,slow,[sləʊ],[sloʊ],adj. 慢的;减速的;迟钝的 vt. 放慢;阻碍 vi. 变慢;变萧条 adv. 慢慢地;迟缓地,北京版一年级起点六年级下.xlsx,no-existing-match,,,,new-identity-candidate,yes,No existing MatchKey candidate; confirm this is a genuine new learning unit.
beijing_start1|g6-lower|r055|yesterday,beijing_start1,6年级下,6,下,55,yesterday,yesterday,[ˈjestədeɪ],[ˈjestərdeɪ; ˈjestərdi],n. 昨天;往昔 adv. 昨天,北京版一年级起点六年级下.xlsx,no-existing-match,,,,new-identity-candidate,yes,No existing MatchKey candidate; confirm this is a genuine new learning unit.
beijing_start1|g6-lower|r056|nose,beijing_start1,6年级下,6,下,56,nose,nose,[nəʊz],[noʊz],n. 鼻子;嗅觉;突出的部分;探问 vt. 嗅;用鼻子触 vi. 小心探索着前进;探问,北京版一年级起点六年级下.xlsx,exact-single,KV000013,nose,鼻子,reuse-candidate,yes,Exact MatchKey; target sense must still be confirmed before merge.
beijing_start1|g6-lower|r057|careful,beijing_start1,6年级下,6,下,57,careful,careful,[ˈkeəf(ə)l],[ˈkerfl],"adj. 仔细的,小心的",北京版一年级起点六年级下.xlsx,no-existing-match,,,,new-identity-candidate,yes,No existing MatchKey candidate; confirm this is a genuine new learning unit.
beijing_start1|g6-lower|r058|all,beijing_start1,6年级下,6,下,58,all,all,[ɔːl],[ɔːl],n. 全部 adj. 全部的 adv. 全然地;越发 pron. 全部,北京版一年级起点六年级下.xlsx,exact-single,KV000528,all,全部；所有,reuse-candidate,yes,Exact MatchKey; target sense must still be confirmed before merge.
beijing_start1|g6-lower|r059|ill,beijing_start1,6年级下,6,下,59,ill,ill,[ɪl],[ɪl],n. 疾病;不幸 adj. 生病的;坏的;邪恶的;不吉利的 adv. 不利地;恶劣地;几乎不,北京版一年级起点六年级下.xlsx,exact-single,KV000733,ill,生病的,reuse-candidate,yes,Exact MatchKey; target sense must still be confirmed before merge.
beijing_start1|g6-lower|r060|begin,beijing_start1,6年级下,6,下,60,begin,begin,[bɪˈɡɪn],[bɪˈɡɪn],vi. 开始;首先 vt. 开始,北京版一年级起点六年级下.xlsx,no-existing-match,,,,new-identity-candidate,yes,No existing MatchKey candidate; confirm this is a genuine new learning unit.
beijing_start1|g6-lower|r061|fan,beijing_start1,6年级下,6,下,61,fan,fan,[fæn],[fæn],n. 迷;风扇;爱好者 vt. 煽动;刺激;吹拂 vi. 成扇形散开;飘动,北京版一年级起点六年级下.xlsx,exact-multiple,KV000723|KV000900,fan|fan,扇子|风扇,identity-review,yes,Multiple existing identities share this MatchKey; select target sense explicitly.
beijing_start1|g6-lower|r062|large,beijing_start1,6年级下,6,下,62,large,large,[lɑːdʒ],[lɑːrdʒ],adj. 大的;多数的;广博的 adv. 大大地;夸大地 n. 大,北京版一年级起点六年级下.xlsx,exact-single,KV000877,large,大型号的,reuse-candidate,yes,Exact MatchKey; target sense must still be confirmed before merge.
beijing_start1|g6-lower|r063|invite,beijing_start1,6年级下,6,下,63,invite,invite,[ɪnˈvaɪt],[ɪnˈvaɪt],"n. 邀请 vt. 邀请,招待;招致",北京版一年级起点六年级下.xlsx,no-existing-match,,,,new-identity-candidate,yes,No existing MatchKey candidate; confirm this is a genuine new learning unit.
beijing_start1|g6-lower|r064|heavy,beijing_start1,6年级下,6,下,64,heavy,heavy,[ˈhevi],[ˈhevi],"n. 重物;严肃角色 adj. 沉重的;繁重的,巨大的;拥挤的;阴沉的 adv. 大量地;笨重地",北京版一年级起点六年级下.xlsx,no-existing-match,,,,new-identity-candidate,yes,No existing MatchKey candidate; confirm this is a genuine new learning unit.
beijing_start1|g6-lower|r065|gym,beijing_start1,6年级下,6,下,65,gym,gym,[dʒɪm],[dʒɪm],n. 健身房;体育;体育馆,北京版一年级起点六年级下.xlsx,no-existing-match,,,,new-identity-candidate,yes,No existing MatchKey candidate; confirm this is a genuine new learning unit.
beijing_start1|g6-lower|r066|classroom,beijing_start1,6年级下,6,下,66,classroom,classroom,[ˈklɑːsruːm],[ˈklæsruːm; ˈklæsrʊm],n. 教室,北京版一年级起点六年级下.xlsx,exact-single,KV000292,classroom,教室,reuse-candidate,yes,Exact MatchKey; target sense must still be confirmed before merge.
beijing_start1|g6-lower|r067|club,beijing_start1,6年级下,6,下,67,club,club,[klʌb],[klʌb],"n. 俱乐部,社团;夜总会;棍棒;(扑克牌中的)梅花 adj. 俱乐部的 vt. 用棍棒打;募集 vi. 集资;组成俱乐部",北京版一年级起点六年级下.xlsx,no-existing-match,,,,new-identity-candidate,yes,No existing MatchKey candidate; confirm this is a genuine new learning unit.
beijing_start1|g6-lower|r068|behind,beijing_start1,6年级下,6,下,68,behind,behind,[bɪˈhaɪnd],[bɪˈhaɪnd],prep. 落后于;支持;晚于 n. 屁股 adv. 在后地;在原处,北京版一年级起点六年级下.xlsx,exact-single,KV000067,behind,在……后面,reuse-candidate,yes,Exact MatchKey; target sense must still be confirmed before merge.
beijing_start1|g6-lower|r069|stand,beijing_start1,6年级下,6,下,69,stand,stand,[stænd],[stænd],n. 站立;立场;看台;停止 vi. 站立;位于;停滞 vt. 使站立;忍受;抵抗,北京版一年级起点六年级下.xlsx,no-existing-match,,,,new-identity-candidate,yes,No existing MatchKey candidate; confirm this is a genuine new learning unit.
beijing_start1|g6-lower|r070|welcome,beijing_start1,6年级下,6,下,70,welcome,welcome,[ˈwelkəm],[ˈwelkəm],n. 欢迎 vt. 欢迎 adj. 受欢迎的 int. 欢迎,北京版一年级起点六年级下.xlsx,exact-single,KV000322,welcome,欢迎；不客气,reuse-candidate,yes,Exact MatchKey; target sense must still be confirmed before merge.
beijing_start1|g6-lower|r071|between,beijing_start1,6年级下,6,下,71,between,between,[bɪˈtwiːn],[bɪˈtwiːn],prep. 在...之间 adv. 在中间,北京版一年级起点六年级下.xlsx,exact-single,KV000442,between,在……之间,reuse-candidate,yes,Exact MatchKey; target sense must still be confirmed before merge.
