NoteID,Word,UnassessedVocabulary,SupportStatus,AdmissionIsMastery
KV000001,book,bed read,unassessed,false
KV000002,ruler,draw line use,unassessed,false
KV000003,pencil,blue schoolbag,unassessed,false
KV000004,schoolbag,books,unassessed,false
KV000005,teacher,book english reading,unassessed,false
KV000006,I,dad school usually walk,unassessed,false
KV000007,have,class english monday,unassessed,false
KV000008,a,bird saw tree,unassessed,false
KV000009,an,bag orange,unassessed,false
KV000010,face,class pe red,unassessed,false
KV000011,ear,hurts left today,unassessed,false
KV000012,eye,close minute,unassessed,false
KV000013,nose,cold winter,unassessed,false
KV000014,mouth,open please,unassessed,false
KV000015,this,book interesting one,unassessed,false
KV000016,is,classroom floor second,unassessed,false
KV000017,my,bus go school sister,unassessed,false
KV000018,dog,ball outside playing,unassessed,false
KV000019,bird,sitting small tree,unassessed,false
KV000020,tiger,last saw sunday zoo,unassessed,false
KV000021,monkey,climbed quickly tree up,unassessed,false
KV000022,cat,afternoon chair sleeps,unassessed,false
KV000024,it,found pencil yours,unassessed,false
KV000025,one,apple left plate,unassessed,false
KV000026,two,classes english today,unassessed,false
KV000027,three,library reading students,unassessed,false
KV000028,four,big classroom windows,unassessed,false
KV000029,five,bus leaves o'clock,unassessed,false
KV000030,six,days get school up,unassessed,false
KV000031,seven,days week,unassessed,false
KV000032,eight,class first,unassessed,false
KV000033,nine,bed go,unassessed,false
KV000034,ten,club joined school students,unassessed,false
KV000035,how,books,unassessed,false
KV000036,many,apples,unassessed,false
KV000037,are,books two,unassessed,false
KV000038,there,cats three,unassessed,false
KV000039,black,desk schoolbag,unassessed,false
KV000040,yellow,next pencil ruler,unassessed,false
KV000041,blue,book put schoolbag,unassessed,false
KV000042,red,apple desk,unassessed,false
KV000043,green,box pencil,unassessed,false
KV000045,apple,eat lunch usually,unassessed,false
KV000046,pear,bought dad market,unassessed,false
KV000047,banana,box lunch put,unassessed,false
KV000048,orange,class pe shared,unassessed,false
KV000049,do,apples like,unassessed,false
KV000050,you,cats like,unassessed,false
KV000051,like,books days rainy reading,unassessed,false
KV000054,chair,schoolbag,unassessed,false
KV000055,desk,books class put,unassessed,false
KV000056,blackboard,english words,unassessed,false
KV000057,on,book desk english,unassessed,false
KV000058,under,cat chair sleeping,unassessed,false
KV000059,in,box pencils three,unassessed,false
KV000060,where,book desk put,unassessed,false
KV000061,the,book reading teacher,unassessed,false
KV000062,light,leave off please turn,unassessed,false
KV000063,bed,book read school,unassessed,false
KV000064,door,class close please,unassessed,false
KV000065,box,keep pencils,unassessed,false
KV000066,near,park school small,unassessed,false
KV000067,behind,cat door hiding,unassessed,false
KV000068,plane,beijing last summer went,unassessed,false
KV000069,ball,children outside playing,unassessed,false
KV000070,doll,bed keeps little sister,unassessed,false
KV000071,train,grandparents took visit,unassessed,false
KV000072,car,dad drives park,unassessed,false
KV000073,bear,book brown picture saw,unassessed,false
KV000074,can,finish homework myself,unassessed,false
KV000075,sure,help,unassessed,false
KV000076,sorry,class i'm late,unassessed,false
KV000077,rice,eat usually vegetables,unassessed,false
KV000078,noodles,dinner yesterday,unassessed,false
KV000079,vegetable,eating good,unassessed,false
KV000080,fish,lunch rice,unassessed,false
KV000081,chicken,cooked dinner mother,unassessed,false
KV000082,egg,breakfast milk,unassessed,false
KV000083,hungry,school,unassessed,false
KV000084,want,book dinner read,unassessed,false
KV000085,and,bag book packed pencil,unassessed,false
KV000086,juice,breakfast orange usually,unassessed,false
KV000087,tea,grandfather lunch,unassessed,false
KV000088,milk,breakfast morning,unassessed,false
KV000089,water,always school take,unassessed,false
KV000090,thirsty,class pe,unassessed,false
KV000091,thanks,water,unassessed,false
KV000092,shirt,blue school today wore,unassessed,false
KV000093,T-shirt,now small,unassessed,false
KV000094,skirt,party red wore,unassessed,false
KV000095,dress,party sister wore yellow,unassessed,false
KV000096,sock,blue can't find morning,unassessed,false
KV000097,shorts,hot wear,unassessed,false
KV000098,your,mine ruler,unassessed,false
KV000099,father,drives school usually,unassessed,false
KV000100,mother,dinner likes reading,unassessed,false
KV000101,brother,basketball play school,unassessed,false
KV000102,sister,drawing picture room,unassessed,false
KV000103,grandmother,bed reads,unassessed,false
KV000104,grandfather,morning park walks,unassessed,false
KV000105,who,boy door standing,unassessed,false
KV000106,he,bus goes school usually,unassessed,false
KV000107,she,books likes reading school,unassessed,false
KV000108,classmate,basketball play school,unassessed,false
KV000109,friend,books read school,unassessed,false
KV000110,woman,door teacher,unassessed,false
KV000111,girl,blue classmate dress,unassessed,false
KV000112,man,father school,unassessed,false
KV000113,boy,friend red schoolbag,unassessed,false
KV000114,look,blackboard words,unassessed,false
KV000115,his,desk schoolbag,unassessed,false
KV000116,name,book first page,unassessed,false
KV000117,her,blue desk pencil,unassessed,false
KV000118,or,short tall,unassessed,false
KV000119,big,classrooms school,unassessed,false
KV000120,tall,father mother taller,unassessed,false
KV000121,pretty,dress looks red,unassessed,false
KV000122,thin,brother tall,unassessed,false
KV000123,short,desk ruler,unassessed,false
KV000124,handsome,looks new shirt uncle,unassessed,false
KV000125,new,got schoolbag term,unassessed,false
KV000126,does,cats like,unassessed,false
KV000127,bookshop,school small,unassessed,false
KV000128,zoo,monkeys see tigers,unassessed,false
KV000129,school,day friend walk,unassessed,false
KV000130,supermarket,home,unassessed,false
KV000131,park,football play school,unassessed,false
KV000132,hospital,supermarket,unassessed,false
KV000133,go,let's park,unassessed,false
KV000134,to,go let's school,unassessed,false
KV000135,grass,please walk,unassessed,false
KV000136,tree,bird sitting tall,unassessed,false
KV000137,flower,lake,unassessed,false
KV000138,boat,lake see small,unassessed,false
KV000139,lake,lunch walked,unassessed,false
KV000140,hill,climbed morning sunday,unassessed,false
KV000141,Christmas,merry,unassessed,false
KV000142,Father Christmas,presents puts tree,unassessed,false
KV000143,Christmas tree,cards presents put,unassessed,false
KV000144,card,birthday friend made,unassessed,false
KV000145,present,birthday dinner opened,unassessed,false
KV000146,New Year,happy,unassessed,false
KV000147,merry,christmas,unassessed,false
KV000148,too,box carry heavy,unassessed,false
KV000149,here,come look picture,unassessed,false
KV000150,for,card made mother,unassessed,false
KV000152,happy,new year,unassessed,false
KV000153,play football,school,unassessed,false
KV000154,fly a kite,days often park windy,unassessed,false
KV000155,ride a bike,often park school,unassessed,false
KV000156,make a model plane,friend school,unassessed,false
KV000157,swim,centre saturdays sports,unassessed,false
KV000158,make a snowman,let's,unassessed,false
KV000159,can't,swim,unassessed,false
KV000160,rainy,days inside read stay,unassessed,false
KV000161,cloudy,cold sky,unassessed,false
KV000162,snowy,made morning snowman,unassessed,false
KV000163,windy,hat hold,unassessed,false
KV000164,sunny,day picnic went,unassessed,false
KV000165,umbrella,rain take,unassessed,false
KV000167,wow,great model plane,unassessed,false
KV000168,let's,go park,unassessed,false
KV000169,spring,fly kites often,unassessed,false
KV000170,summer,friends like swimming,unassessed,false
KV000171,autumn,leaves turn yellow,unassessed,false
KV000172,winter,friends make snowmen,unassessed,false
KV000173,hot,noon outside play,unassessed,false
KV000174,warm,gets spring weather,unassessed,false
KV000175,cool,enough evening outside walk,unassessed,false
KV000176,cold,coat outside put,unassessed,false
KV000177,favourite,season spring,unassessed,false
KV000178,season,favourite,unassessed,false
KV000179,eleven,football players team,unassessed,false
KV000180,twelve,months year,unassessed,false
KV000181,twenty,class students today,unassessed,false
KV000182,thirty,class students,unassessed,false
KV000183,forty,chairs classroom,unassessed,false
KV000184,fifty,books children library,unassessed,false
KV000185,thirteen,cousin old years,unassessed,false
KV000186,fourteen,books desk,unassessed,false
KV000187,fifteen,bus minutes waited,unassessed,false
KV000189,playtime,during football play,unassessed,false
KV000190,get up,days school seven usually,unassessed,false
KV000191,eat breakfast,go school,unassessed,false
KV000192,go to school,bus usually,unassessed,false
KV000193,eat lunch,classmates school,unassessed,false
KV000194,go home,five school usually,unassessed,false
KV000195,eat dinner,evening family home,unassessed,false
KV000196,go to bed,nine usually,unassessed,false
KV000197,when,get up,unassessed,false
KV000198,every day,english minutes read ten,unassessed,false
KV000199,at,get seven up,unassessed,false
KV000200,Sunday,grandparents visit,unassessed,false
KV000201,Monday,english music,unassessed,false
KV000202,Tuesday,club drawing go,unassessed,false
KV000203,Wednesday,basketball play school,unassessed,false
KV000204,Thursday,afternoon library read,unassessed,false
KV000205,Friday,afternoon class pe,unassessed,false
KV000206,Saturday,family goes park,unassessed,false
KV000207,today,english homework,unassessed,false
KV000208,year,months twelve,unassessed,false
KV000210,how old,sister,unassessed,false
KV000211,class,students twenty,unassessed,false
KV000212,grade,four year,unassessed,false
KV000213,age,name,unassessed,false
KV000214,dear,amy birthday card thank,unassessed,false
KV000215,body,helps keep playing sports strong,unassessed,false
KV000216,head,hurts,unassessed,false
KV000217,hair,long,unassessed,false
KV000218,arm,hurts,unassessed,false
KV000219,hand,answer know raise,unassessed,false
KV000220,leg,hurts running,unassessed,false
KV000221,foot,football hurts right,unassessed,false
KV000222,feet,cold snow walking,unassessed,false
KV000223,the matter,what's,unassessed,false
KV000224,hurt,leg,unassessed,false
KV000226,bad,cream ice teeth,unassessed,false
KV000227,bite,careful dog,unassessed,false
KV000228,tongue,hurts,unassessed,false
KV000229,kick,ball,unassessed,false
KV000230,morning,english minutes read ten usually,unassessed,false
KV000231,afternoon,class friday pe,unassessed,false
KV000232,summary,class short,unassessed,false
KV000233,bread,breakfast milk,unassessed,false
KV000234,cake,birthday chocolate party shared,unassessed,false
KV000235,fruit,day dinner eat,unassessed,false
KV000236,ice-cream,bought park playing,unassessed,false
KV000237,potato,dinner need two,unassessed,false
KV000238,tomato,box lunch put,unassessed,false
KV000239,meat,eat home,unassessed,false
KV000240,shopping list,eggs milk,unassessed,false
KV000241,cola,like,unassessed,false
KV000242,buy,book bookshop new want,unassessed,false
KV000243,vegetables,day eat need,unassessed,false
KV000244,duck,lake swimming two,unassessed,false
KV000245,rabbit,ears long,unassessed,false
KV000246,pet,dog family,unassessed,false
KV000247,snake,across grass long moving,unassessed,false
KV000248,turtle,lake swimming,unassessed,false
KV000249,small,box pencils,unassessed,false
KV000250,long,longer mine ruler,unassessed,false
KV000251,look for,cat,unassessed,false
KV000252,tail,dog long,unassessed,false
KV000253,dance,likes music sister,unassessed,false
KV000254,cap,outside play wear,unassessed,false
KV000255,coat,go outside put,unassessed,false
KV000256,shoe,dirty football playing,unassessed,false
KV000257,sweater,warm wear winter,unassessed,false
KV000258,jacket,cold outside take,unassessed,false
KV000259,glove,cold wear,unassessed,false
KV000260,trousers,long,unassessed,false
KV000261,should,coat wear,unassessed,false
KV000262,wear,coat winter,unassessed,false
KV000263,week,pe twice,unassessed,false
KV000264,soon,bus,unassessed,false
KV000265,look forward to,birthday,unassessed,false
KV000266,January,birthday,unassessed,false
KV000267,February,birthday,unassessed,false
KV000268,March,spring,unassessed,false
KV000269,April,spring,unassessed,false
KV000270,May,birthday,unassessed,false
KV000271,June,summer,unassessed,false
KV000272,July,summer,unassessed,false
KV000273,August,summer,unassessed,false
KV000274,September,autumn,unassessed,false
KV000275,October,autumn,unassessed,false
KV000276,November,autumn,unassessed,false
KV000277,December,christmas,unassessed,false
KV000278,birthday,like spring,unassessed,false
KV000279,first,january month,unassessed,false
KV000280,party,birthday having saturday,unassessed,false
KV000281,delicious,birthday cake looks,unassessed,false
KV000282,Chinese,class first monday,unassessed,false
KV000283,English,classmates practise school,unassessed,false
KV000284,science,english tuesday,unassessed,false
KV000285,PE,class football play,unassessed,false
KV000286,music,day listen school,unassessed,false
KV000287,maths,class first wednesday,unassessed,false
KV000288,art,class draw pictures,unassessed,false
KV000289,computer class,use,unassessed,false
KV000290,we,basketball often play school,unassessed,false
KV000291,that,across building library street,unassessed,false
KV000292,classroom,corner reading window,unassessed,false
KV000293,library,floor second,unassessed,false
KV000294,toilet,classroom,unassessed,false
KV000295,playground,basketball play school,unassessed,false
KV000296,second,floor library,unassessed,false
KV000297,third,classroom floor,unassessed,false
KV000298,floor,classroom third,unassessed,false
KV000299,room,bed desk,unassessed,false
KV000300,our,class friday going museum,unassessed,false
KV000301,they,books library reading,unassessed,false
KV000302,after school,play sports,unassessed,false
KV000303,play sports,school,unassessed,false
KV000304,draw pictures,friends school,unassessed,false
KV000305,play chess,friend,unassessed,false
KV000306,sing songs,class english music,unassessed,false
KV000307,read books,library often school,unassessed,false
KV000308,really,english like,unassessed,false
KV000309,tomorrow,monday,unassessed,false
KV000310,wake up,days school seven usually,unassessed,false
KV000311,be back,soon,unassessed,false
KV000312,family,dinner home often,unassessed,false
KV000313,uncle,football often plays,unassessed,false
KV000314,aunt,english school teaches,unassessed,false
KV000315,cousin,chess often play,unassessed,false
KV000316,beautiful,lake spring west,unassessed,false
KV000317,lost,bottle water,unassessed,false
KV000318,water bottle,always class pe take,unassessed,false
KV000319,know,library,unassessed,false
KV000320,ok,go let's,unassessed,false
KV000321,much,thank,unassessed,false
KV000323,cooking dinner,mum,unassessed,false
KV000330,play with,dog often school,unassessed,false
KV000331,in one hour,back,unassessed,false
KV000332,everyone,book class likes new,unassessed,false
KV000333,child,children football park playing,unassessed,false
KV000334,run,classroom,unassessed,false
KV000335,home,books dinner read usually,unassessed,false
KV000336,bedroom,bed desk,unassessed,false
KV000337,living room,tv watch,unassessed,false
KV000338,bathroom,bedroom,unassessed,false
KV000339,dining room,dinner eat,unassessed,false
KV000340,study,dad newspaper reading,unassessed,false
KV000341,kitchen,cooking dinner mum,unassessed,false
KV000342,for rent,room,unassessed,false
KV000343,sofa,afternoon cat sleeps,unassessed,false
KV000344,running,like school,unassessed,false
KV000345,basketball,play school,unassessed,false
KV000346,roller skating,go weekend,unassessed,false
KV000347,jumping rope,good,unassessed,false
KV000348,ping-pong,play school,unassessed,false
KV000349,What about ...?,basketball,unassessed,false
KV000350,interesting,film one,unassessed,false
KV000351,often,basketball play,unassessed,false
KV000352,be good at,swimming,unassessed,false
KV000353,late,school,unassessed,false
KV000354,visit one's grandparents,sunday,unassessed,false
KV000356,climb a hill,sunday,unassessed,false
KV000357,pick fruit,autumn,unassessed,false
KV000358,play computer games,saturday,unassessed,false
KV000359,go fishing,dad morning sunday,unassessed,false
KV000360,go to the cinema,weekend,unassessed,false
KV000361,on the weekend,play sports,unassessed,false
KV000362,fun,roller skating,unassessed,false
KV000363,always,get seven up,unassessed,false
KV000364,step,watch,unassessed,false
KV000365,paint,blue door,unassessed,false
KV000366,evening,books read,unassessed,false
KV000367,dirty,football playing shoes,unassessed,false
KV000368,their,house park,unassessed,false
KV000369,house,beautiful,unassessed,false
KV000370,poor,family help needs,unassessed,false
KV000371,hope,happy,unassessed,false
KV000372,so,home rainy stay,unassessed,false
KV000373,day,sunny today,unassessed,false
KV000374,usually,bus go school,unassessed,false
KV000375,by bus,go school,unassessed,false
KV000376,by boat,go,unassessed,false
KV000377,by ship,summer travel,unassessed,false
KV000378,by car,family goes park,unassessed,false
KV000379,by taxi,go station,unassessed,false
KV000380,by bike,go school,unassessed,false
KV000381,on foot,go school,unassessed,false
KV000382,by school bus,goes,unassessed,false
KV000383,by subway,go museum,unassessed,false
KV000384,by plane,summer travel,unassessed,false
KV000385,by train,city go,unassessed,false
KV000386,garden,flowers,unassessed,false
KV000387,meeting place,gate,unassessed,false
KV000388,gate,wait,unassessed,false
KV000389,transportation,use,unassessed,false
KV000390,film,interesting,unassessed,false
KV000391,earth,home,unassessed,false
KV000392,snow,winter,unassessed,false
KV000393,theatre,go let's,unassessed,false
KV000394,come,house,unassessed,false
KV000395,enjoy,evening reading,unassessed,false
KV000396,pen,blue next ruler,unassessed,false
KV000397,knife,careful,unassessed,false
KV000398,eraser,need,unassessed,false
KV000399,crayon,draw,unassessed,false
KV000400,scissors,careful,unassessed,false
KV000401,glue stick,need,unassessed,false
KV000402,paper,draw,unassessed,false
KV000403,use,pen,unassessed,false
KV000404,please,give paper,unassessed,false
KV000405,find,can't pen,unassessed,false
KV000406,Information Centre,ask let's,unassessed,false
KV000407,Excuse me,gate,unassessed,false
KV000408,phone,book desk next,unassessed,false
KV000409,dad,doctor,unassessed,false
KV000410,hamburger,juice lunch,unassessed,false
KV000411,shop,books sells,unassessed,false
KV000413,dangerous,fire playing,unassessed,false
KV000415,Be careful!,stairs,unassessed,false
KV000417,sidewalk,walk,unassessed,false
KV000418,wait for,green light,unassessed,false
KV000419,safe,wait,unassessed,false
KV000420,stop,light red,unassessed,false
KV000421,street,run,unassessed,false
KV000422,safety rule,follow,unassessed,false
KV000423,nurse,helps people sick,unassessed,false
KV000424,cook,restaurant uncle,unassessed,false
KV000425,doctor,helps people sick,unassessed,false
KV000426,bus driver,light red stops,unassessed,false
KV000427,police officer,helps people,unassessed,false
KV000428,taxi driver,father,unassessed,false
KV000429,farmer,day hard works,unassessed,false
KV000430,worker,hard works,unassessed,false
KV000431,in the future,doctor want,unassessed,false
KV000432,great,job,unassessed,false
KV000433,job,father's,unassessed,false
KV000434,sick,doctor helps people,unassessed,false
KV000435,people,station waiting,unassessed,false
KV000436,teach,children teachers,unassessed,false
KV000437,just,help want,unassessed,false
KV000439,sound,great,unassessed,false
KV000440,across from,bank hotel,unassessed,false
KV000441,next to,bank office post,unassessed,false
KV000442,between,bank hotel shop,unassessed,false
KV000443,restaurant,dinner eat,unassessed,false
KV000444,post office,birthday cards send,unassessed,false
KV000445,bank,hotel,unassessed,false
KV000446,grocery,buy food,unassessed,false
KV000447,turn left,crossroads,unassessed,false
KV000448,turn right,bank,unassessed,false
KV000449,go straight,left turn,unassessed,false
KV000450,crossroads,right turn,unassessed,false
KV000451,neighbourhood,park,unassessed,false
KV000452,send,birthday card cousin,unassessed,false
KV000453,get,birthday friend present,unassessed,false
KV000454,money,book buy need,unassessed,false
KV000455,get to,bank,unassessed,false
KV000456,before,get seven up,unassessed,false
KV000457,leave,eight home,unassessed,false
KV000458,toy,sells shop,unassessed,false
KV000459,city,beautiful,unassessed,false
KV000460,sports centre,basketball play,unassessed,false
KV000461,hotel,stay,unassessed,false
KV000462,square,people,unassessed,false
KV000463,buy toys,shop,unassessed,false
KV000464,see a film,cinema,unassessed,false
KV000465,go boating,lake,unassessed,false
KV000466,busy,mum today,unassessed,false
KV000467,station,hotel,unassessed,false
KV000468,place,beautiful,unassessed,false
KV000470,stay,home today,unassessed,false
KV000471,star,see,unassessed,false
KV000472,king,big house lives,unassessed,false
KV000473,central,museum square,unassessed,false
KV000474,take photos,great wall,unassessed,false
KV000475,museum,today visit,unassessed,false
KV000476,dream,travel,unassessed,false
KV000477,sea,swim,unassessed,false
KV000478,ski,want winter,unassessed,false
KV000479,eat seafood,sea,unassessed,false
KV000481,West Lake,beautiful,unassessed,false
KV000482,row a boat,lake west,unassessed,false
KV000483,the Great Wall,china,unassessed,false
KV000484,summer vacation,during often travel,unassessed,false
KV000485,travel,family like,unassessed,false
KV000486,reading,hobby,unassessed,false
KV000487,skateboarding,hobby,unassessed,false
KV000488,singing,hobby,unassessed,false
KV000489,dancing,hobby,unassessed,false
KV000490,doing jigsaw puzzles,like,unassessed,false
KV000491,making models,likes,unassessed,false
KV000492,collecting erasers,likes,unassessed,false
KV000493,different,hobbies,unassessed,false
KV000494,hobby,reading,unassessed,false
KV000495,stamp,collecting like,unassessed,false
KV000496,catch,cat fish,unassessed,false
KV000497,go for a picnic,sunday,unassessed,false
KV000499,go skating,winter,unassessed,false
KV000500,go camping,summer,unassessed,false
KV000501,do the housework,help,unassessed,false
KV000502,free,sunday,unassessed,false
KV000503,never,fire play,unassessed,false
KV000504,once a week,go swimming,unassessed,false
KV000505,twice a week,basketball play,unassessed,false
KV000506,three times a week,books read,unassessed,false
KV000507,Canada,big country,unassessed,false
KV000508,Australia,koalas live,unassessed,false
KV000509,the UK,ben big,unassessed,false
KV000510,the USA,disneyland,unassessed,false
KV000511,China,great wall,unassessed,false
KV000512,koala,eating tree,unassessed,false
KV000513,maple leaves,autumn red turn,unassessed,false
KV000514,Big Ben,uk,unassessed,false
KV000515,Disneyland,visit want,unassessed,false
KV000516,campfire,sit,unassessed,false
KV000517,cute,koala,unassessed,false
KV000518,country,china,unassessed,false
KV000519,clever,helpful,unassessed,false
KV000520,careless,homework,unassessed,false
KV000521,polite,boy everyone,unassessed,false
KV000522,quiet,class,unassessed,false
KV000523,friendly,new teacher,unassessed,false
KV000524,helpful,always home,unassessed,false
KV000525,active,class,unassessed,false
KV000526,popular,school,unassessed,false
KV000527,talk,often school,unassessed,false
KV000528,all,children,unassessed,false
KV000529,but,tall young,unassessed,false
KV000530,sometimes,go library,unassessed,false
KV000531,bark,dog night,unassessed,false
KV000532,forget,schoolbag,unassessed,false
KV000534,wear glasses,teacher,unassessed,false
KV000535,slim,sister tall,unassessed,false
KV000536,curly,hair,unassessed,false
KV000537,straight,hair long,unassessed,false
KV000538,nice,classmate new,unassessed,false
KV000539,young,english teacher,unassessed,false
KV000540,guess,name,unassessed,false
KV000541,has,black ears panda,unassessed,false
KV000542,animal,favourite panda,unassessed,false
KV000543,elephant,big,unassessed,false
KV000544,panda,black,unassessed,false
KV000545,horse,run,unassessed,false
KV000549,bee,fly,unassessed,false
KV000550,farm,animals,unassessed,false
KV000551,fast,horse run,unassessed,false
KV000554,butterfly,beautiful,unassessed,false
KV000555,exercise book,need new,unassessed,false
KV000556,pencil sharpener,need,unassessed,false
KV000557,a pair of scissors,need,unassessed,false
KV000559,a box of crayons,want,unassessed,false
KV000561,also,eraser need,unassessed,false
KV000562,saleswoman,helpful,unassessed,false
KV000563,love,box new pencil,unassessed,false
KV000565,a lot,help thanks,unassessed,false
KV000567,fantastic,nature show,unassessed,false
KV000569,news shows,father watches,unassessed,false
KV000570,nature shows,animals like,unassessed,false
KV000571,chore,day,unassessed,false
KV000572,clean the room,saturday,unassessed,false
KV000573,make the bed,morning,unassessed,false
KV000574,take out the rubbish,dinner,unassessed,false
KV000575,wash clothes,help mum,unassessed,false
KV000576,tidy the desk,homework,unassessed,false
KV000577,sweep the floor,sunday,unassessed,false
KV000578,call,grandmother sunday,unassessed,false
KV000579,too much,candy eat,unassessed,false
KV000580,candy,bad teeth,unassessed,false
KV000581,early,bed go,unassessed,false
KV000582,exercise,day need,unassessed,false
KV000584,drink,day water,unassessed,false
KV000588,a lot of,books,unassessed,false
KV000589,sleepy,class feel,unassessed,false
KV000590,subject,english favourite,unassessed,false
KV000591,mark,english good got,unassessed,false
KV000592,advice,thank,unassessed,false
KV000593,more,drink water,unassessed,false
KV000594,New Year's Day,first january,unassessed,false
KV000596,Mother's Day,card make,unassessed,false
KV000597,Children's Day,first june,unassessed,false
KV000598,Father's Day,call dad,unassessed,false
KV000599,Teachers' Day,thank,unassessed,false
KV000600,National Day,first october,unassessed,false
KV000601,Christmas Day,december,unassessed,false
KV000602,fifth,month,unassessed,false
KV000604,tenth,month october,unassessed,false
KV000606,twelfth,december month,unassessed,false
KV000608,twenty-fifth,christmas december,unassessed,false
KV000610,plant,spring trees,unassessed,false
KV000611,make a poster,school,unassessed,false
KV000612,celebrate,children's day school,unassessed,false
KV000613,have a picnic,park,unassessed,false
KV000614,office,teacher,unassessed,false
KV000615,together,play,unassessed,false
KV000616,special,day today,unassessed,false
KV000617,send an email,friend,unassessed,false
KV000618,write a letter,grandma,unassessed,false
KV000619,make a phone call,dad,unassessed,false
KV000620,send a short message,mum,unassessed,false
KV000621,mail a present,cousin,unassessed,false
KV000622,make a video call,grandma,unassessed,false
KV000623,say,family hello please,unassessed,false
KV000624,make a card,mum,unassessed,false
KV000625,everywhere,flowers spring,unassessed,false
KV000626,flower show,visit,unassessed,false
KV000640,boring,film,unassessed,false
KV000641,badminton,play school,unassessed,false
KV000647,the Stone Forest,visited,unassessed,false
KV000653,sad,felt yesterday,unassessed,false
KV000655,French fries,ate lunch,unassessed,false
KV000664,fifteenth,day today,unassessed,false
KV000669,all over,floor water,unassessed,false
KV000670,out of,box cat jumped,unassessed,false
KV000671,into,cat jumped water,unassessed,false
KV000672,chopstick,table,unassessed,false
KV000673,wet,shoes,unassessed,false
KV000674,morning tea,hotel,unassessed,false
KV000675,soup,delicious tastes,unassessed,false
KV000676,the Potala Palace,lhasa,unassessed,false
KV000677,the Summer Palace,beijing,unassessed,false
KV000678,the Terracotta Army,xi'an,unassessed,false
KV000679,vacation,during travelled,unassessed,false
KV000681,map,beijing find,unassessed,false
KV000682,north,beijing china,unassessed,false
KV000683,south,china guangzhou,unassessed,false
KV000684,east,china shanghai,unassessed,false
KV000685,west,china tibet,unassessed,false
KV000686,famous,beijing great wall,unassessed,false
KV000687,temple,old visited,unassessed,false
KV000689,the Yangtze River,long,unassessed,false
KV000690,foggy,morning,unassessed,false
KV000691,spicy,food sichuan,unassessed,false
KV000694,stone,bridge made,unassessed,false
KV000695,London,uk,unassessed,false
KV000696,Toronto,canada city,unassessed,false
KV000697,Sydney,australia city,unassessed,false
KV000698,Washington D.C.,usa,unassessed,false
KV000699,the British Museum,london,unassessed,false
KV000700,the CN Tower,toronto,unassessed,false
KV000701,kangaroo,australia live,unassessed,false
KV000703,the White House,c d washington,unassessed,false
KV000704,clock,wall,unassessed,false
KV000707,Tower Bridge,london,unassessed,false
KV000709,hiking,hills went,unassessed,false
KV000710,sunrise,hill watched,unassessed,false
KV000712,reptile,snake,unassessed,false
KV000713,mammal,whale,unassessed,false
KV000714,insect,bee,unassessed,false
KV000715,penguin,swim well,unassessed,false
KV000716,shark,lives sea,unassessed,false
KV000717,whale,large mammal,unassessed,false
KV000719,metre,long one,unassessed,false
KV000720,spend,beijing days two,unassessed,false
KV000722,peanut,eat elephants,unassessed,false
KV000724,tusk,elephant two,unassessed,false
KV000725,Africa,elephants live,unassessed,false
KV000726,Asia,china,unassessed,false
KV000727,smart,elephants,unassessed,false
KV000728,scared,big dog,unassessed,false
KV000729,worried,mum,unassessed,false
KV000730,angry,dad,unassessed,false
KV000731,proud,parents,unassessed,false
KV000732,excited,trip,unassessed,false
KV000733,ill,yesterday,unassessed,false
KV000734,win,class hope,unassessed,false
KV000735,race,sunday,unassessed,false
KV000736,cry,began boy little,unassessed,false
KV000738,test,english tomorrow,unassessed,false
KV000739,competition,won writing,unassessed,false
KV000740,inventor,machine made new,unassessed,false
KV000741,artist,beautiful paints pictures,unassessed,false
KV000742,scientist,animals studies,unassessed,false
KV000743,poet,poems wrote,unassessed,false
KV000747,poem,class read,unassessed,false
KV000748,invention,changed lives people's,unassessed,false
KV000749,invent,machine,unassessed,false
KV000750,story,interesting,unassessed,false
KV000751,university,famous studied,unassessed,false
KV000752,deaf,became girl young,unassessed,false
KV000753,blind,independent,unassessed,false
KV000754,fall,autumn leaves,unassessed,false
KV000755,dumpling,eat festival spring,unassessed,false
KV000756,ice lantern,beautiful saw,unassessed,false
KV000757,bring,book please tomorrow,unassessed,false
KV000759,hear,birds,unassessed,false
KV000760,pen pal,canada lives,unassessed,false
KV000761,broken,pen,unassessed,false
KV000763,prize,first won,unassessed,false
KV000764,live,big city,unassessed,false
KV000765,quite,beautiful city,unassessed,false
KV000766,scarf,wear winter,unassessed,false
KV000767,airport,big,unassessed,false
KV000768,pupil,primary school,unassessed,false
KV000769,arrive,toronto yesterday,unassessed,false
KV000770,meet,school,unassessed,false
KV000771,wardrobe,clothes,unassessed,false
KV000772,show ... around,school,unassessed,false
KV000773,Queen's Park,visited yesterday,unassessed,false
KV000774,art gallery,paintings saw,unassessed,false
KV000775,public library,books read,unassessed,false
KV000776,downtown,subway took,unassessed,false
KV000777,Lake Ontario,beside toronto,unassessed,false
KV000778,stadium,game watched,unassessed,false
KV000780,sandwich,lunch,unassessed,false
KV000781,top,tower went,unassessed,false
KV000782,habit,day good reading,unassessed,false
KV000783,idea,good,unassessed,false
KV000784,less,rice want,unassessed,false
KV000785,at least,minutes read twenty,unassessed,false
KV000786,talk about,habits healthy,unassessed,false
KV000787,hockey,canada popular,unassessed,false
KV000788,beaver,lives water,unassessed,false
KV000789,raccoon,black mask,unassessed,false
KV000790,moose,animal large,unassessed,false
KV000791,countryside,grandparents live,unassessed,false
KV000792,Thanksgiving,eat families together,unassessed,false
KV000793,roast turkey,dinner,unassessed,false
KV000794,squirrel,climb trees,unassessed,false
KV000795,swan,lake swimming,unassessed,false
KV000796,wild goose,autumn fly geese south,unassessed,false
KV000797,frog,jump swim,unassessed,false
KV000798,English-Chinese dictionary,use,unassessed,false
KV000800,shopping mall,went,unassessed,false
KV000801,amazing,cn tower,unassessed,false
KV000802,hot pot,ate together,unassessed,false
KV000803,office worker,mum,unassessed,false
KV000804,factory worker,dad,unassessed,false
KV000805,cook,dinner family,unassessed,false
KV000806,clean,room week,unassessed,false
KV000807,look after,brother little,unassessed,false
KV000808,sweep,dinner floor,unassessed,false
KV000809,strong,brother,unassessed,false
KV000810,kind,new teacher,unassessed,false
KV000811,best,friend,unassessed,false
KV000812,read,books school,unassessed,false
KV000813,play,children park,unassessed,false
KV000814,game,fun,unassessed,false
KV000815,football,play school,unassessed,false
KV000816,over,park,unassessed,false
KV000817,bus stop,school,unassessed,false
KV000818,sport,favourite football,unassessed,false
KV000819,walk,day school,unassessed,false
KV000820,community,park,unassessed,false
KV000821,photo,family,unassessed,false
KV000822,firefighter,helps people,unassessed,false
KV000823,driver,uncle,unassessed,false
KV000824,cleaner,school,unassessed,false
KV000825,delivery worker,door,unassessed,false
KV000826,now,doing homework,unassessed,false
KV000827,tell,name please,unassessed,false
KV000828,Ms,li teacher,unassessed,false
KV000829,rain,lot today,unassessed,false
KV000830,closed,shop today,unassessed,false
KV000831,fly,kite,unassessed,false
KV000832,kite,red,unassessed,false
KV000833,snowman,make winter,unassessed,false
KV000834,whose,book,unassessed,false
KV000835,mine,book,unassessed,false
KV000836,which,book like,unassessed,false
KV000837,get together,family sunday,unassessed,false
KV000838,leaf,red,unassessed,false
KV000839,then,homework play,unassessed,false
KV000840,hurry up,late,unassessed,false
KV000841,ready,school,unassessed,false
KV000842,rule,school,unassessed,false
KV000843,turn off,light please,unassessed,false
KV000844,tidy,desk,unassessed,false
KV000845,window,open please,unassessed,false
KV000846,understand,word,unassessed,false
KV000847,wall,picture,unassessed,false
KV000848,newspaper,grandpa reads,unassessed,false
KV000849,hand out,books please,unassessed,false
KV000850,workbook,open please,unassessed,false
KV000851,watch,school tv,unassessed,false
KV000852,TV,living room watch,unassessed,false
KV000853,homework,school,unassessed,false
KV000854,word,know,unassessed,false
KV000855,wash,dinner hands,unassessed,false
KV000856,loud,music,unassessed,false
KV000857,sleep,bedroom,unassessed,false
KV000858,think,book good,unassessed,false
KV000859,work,hard parents,unassessed,false
KV000860,hard,day works,unassessed,false
KV000861,follow,please rule,unassessed,false
KV000862,feel,tired today,unassessed,false
KV000863,over,class,unassessed,false
KV000864,kid,friend,unassessed,false
KV000865,dinner,six,unassessed,false
KV000866,lunch,school,unassessed,false
KV000867,minute,please wait,unassessed,false
KV000868,pair,new trousers,unassessed,false
KV000869,clothes,mine,unassessed,false
KV000870,those,shoes,unassessed,false
KV000871,expensive,jacket,unassessed,false
KV000872,take,jacket,unassessed,false
KV000873,cheap,shoes,unassessed,false
KV000874,hat,big,unassessed,false
KV000875,sunglasses,summer wear,unassessed,false
KV000876,free,water,unassessed,false
KV000877,large,shirt t,unassessed,false
KV000878,size,wear,unassessed,false
KV000879,list,shopping,unassessed,false
KV000880,try on,coat,unassessed,false
KV000881,any,colour ok,unassessed,false
KV000882,mouse,kitchen,unassessed,false
KV000883,carrot,rabbit,unassessed,false
KV000884,green bean,like,unassessed,false
KV000885,can,table,unassessed,false
KV000886,a box of,crayons,unassessed,false
KV000887,feed,day sheep,unassessed,false
KV000888,pass,bowl please,unassessed,false
KV000889,pick,apples tree,unassessed,false
KV000890,milk,cow morning,unassessed,false
KV000891,fork,eat,unassessed,false
KV000892,waste,food,unassessed,false
KV000893,food,like,unassessed,false
KV000894,clear the table,dinner,unassessed,false
KV000895,set the table,dinner,unassessed,false
KV000896,bowl,rice,unassessed,false
KV000897,spoon,table,unassessed,false
KV000899,salad,like vegetable,unassessed,false
KV000900,fan,please turn,unassessed,false
KV000901,speak,class want,unassessed,false
KV000903,player,good,unassessed,false
KV000904,him,see,unassessed,false
KV000907,jump,high,unassessed,false
KV000908,rope,long,unassessed,false
KV000909,piano,play,unassessed,false
KV000910,chess,play school,unassessed,false
KV000911,front,bus red,unassessed,false
KV000912,easy,game,unassessed,false
KV000913,star,tv,unassessed,false
KV000915,project,school,unassessed,false
KV000916,centre,ball,unassessed,false
KV000918,finish,work,unassessed,false
KV000919,both,good,unassessed,false
KV000921,afraid,dogs,unassessed,false
KV000922,parent,school,unassessed,false
KV000923,ask,please teacher,unassessed,false
KV000925,move,chair please,unassessed,false
KV000926,start,class eight,unassessed,false
KV000927,weekend,football play,unassessed,false
KV000928,lesson,eight,unassessed,false
KV000930,night,sleep,unassessed,false
KV000931,visit,grandma sunday,unassessed,false
KV000932,grandparent,live,unassessed,false
KV000934,else,want,unassessed,false
KV000935,enough,food,unassessed,false
KV000936,if,home rains stay,unassessed,false
KV000937,show,funny tv,unassessed,false
KV000938,then,home rains stay,unassessed,false
KV000939,rest,now,unassessed,false
KV000940,take care of,dog,unassessed,false
KV000941,check,please work,unassessed,false
KV000942,brush,teeth,unassessed,false
KV000943,tooth,bad,unassessed,false
KV000944,twice,brush day teeth,unassessed,false
KV000945,hour,one walk,unassessed,false
KV000946,beef,like,unassessed,false
KV000947,little,water,unassessed,false
KV000948,Mrs,li teacher,unassessed,false
KV000949,coconut,big,unassessed,false
KV000950,seed,small,unassessed,false
KV000951,pull,carrot,unassessed,false
KV000952,stem,flower long,unassessed,false
KV000953,root,ground,unassessed,false
KV000954,lotus,pink,unassessed,false
KV000955,world,big,unassessed,false
KV000956,round,ball,unassessed,false
KV000957,way,good,unassessed,false
KV000958,river,long,unassessed,false
KV000960,waterfall,beautiful,unassessed,false
KV000961,mountain,high,unassessed,false
KV000962,wind,strong,unassessed,false
KV000963,trip,good,unassessed,false
KV000964,heavy,rain,unassessed,false
KV000965,close,door please,unassessed,false
KV000966,raincoat,wear,unassessed,false
KV000968,fine,today,unassessed,false
KV000969,fog,morning,unassessed,false
KV000970,flood,town,unassessed,false
KV000971,fire,big,unassessed,false
KV000972,go hiking,sunday,unassessed,false
KV000973,do morning exercises,day,unassessed,false
KV000975,go for a walk,dinner,unassessed,false
KV000976,go shopping,mum,unassessed,false
KV000977,take,class english monday,unassessed,false
KV000978,take a dancing class,sunday,unassessed,false
KV000979,after,play school,unassessed,false
KV000980,Spain,friend,unassessed,false
KV000982,p.m.,go home,unassessed,false
KV000983,last,saw week,unassessed,false
KV000984,need,water,unassessed,false
KV000985,play,read short,unassessed,false
KV000987,island,live small,unassessed,false
KV000988,cave,bear,unassessed,false
KV000989,go swimming,summer,unassessed,false
KV000990,picnic,sunday,unassessed,false
KV000991,go on a picnic,spring,unassessed,false
KV000992,pick apples,autumn,unassessed,false
KV000993,best,like spring,unassessed,false
KV000994,pink,bag,unassessed,false
KV000995,paint,tree,unassessed,false
KV000996,few,birds,unassessed,false
KV000997,a few,books,unassessed,false
KV000998,sports meet,friday,unassessed,false
KV000999,contest,singing,unassessed,false
KV001000,labour,important,unassessed,false
KV001002,national,flag,unassessed,false
KV001003,riddle,answer,unassessed,false
KV001004,act,doctor,unassessed,false
KV001006,RSVP,friday please,unassessed,false
KV001007,by,finish five,unassessed,false
KV001008,fourth (4th),day today,unassessed,false
KV001009,twentieth (20th),day today,unassessed,false
KV001010,twenty-first (21st),day today,unassessed,false
KV001011,twenty-third (23rd),day today,unassessed,false
KV001012,thirtieth (30th),day today,unassessed,false
KV001013,other,shoe,unassessed,false
KV001014,show,art school,unassessed,false
KV001015,festival,fun,unassessed,false
KV001016,kitten,small,unassessed,false
KV001018,still,school,unassessed,false
KV001020,fur,cat soft,unassessed,false
KV001021,open,door,unassessed,false
KV001022,yours,book,unassessed,false
KV001023,hers,bag red,unassessed,false
KV001024,theirs,bikes,unassessed,false
KV001025,ours,classroom,unassessed,false
KV001026,each,book child,unassessed,false
KV001027,each other,help,unassessed,false
KV001028,like,cat looks,unassessed,false
KV001031,keep,door open,unassessed,false
KV001032,keep to the right,please,unassessed,false
KV001033,keep your desk clean,please,unassessed,false
KV001034,talk quietly,please,unassessed,false
KV001036,take turns,read,unassessed,false
KV001038,its,dog moves tail,unassessed,false
KV001039,show,picture,unassessed,false
KV001040,anything,need,unassessed,false
KV001041,exhibition,art school,unassessed,false
KV001042,have a look,let,unassessed,false
KV001043,sushi,like,unassessed,false
KV001044,Canadian,student,unassessed,false
KV001045,Spanish,song,unassessed,false
KV001046,climb,hill,unassessed,false
KV001047,kilometre,away one school,unassessed,false
KV001048,gingerbread house,small,unassessed,false
KV001049,thousand,big number one,unassessed,false
KV001050,clay,cup make,unassessed,false
KV001051,see,bird,unassessed,false
KV001052,village,grandpa lives,unassessed,false
KV001053,eat,lunch school,unassessed,false
KV001054,dry,now,unassessed,false
KV001055,take,dinner walk,unassessed,false
KV001056,view,beautiful,unassessed,false
KV001058,pumpkin,orange,unassessed,false
KV001059,New Zealand,friend,unassessed,false
KV001060,Hong Kong-Zhuhai-Macao Bridge,visited,unassessed,false
KV001061,Paris,beautiful city,unassessed,false
KV001062,Eiffel Tower,paris,unassessed,false
KV001063,Terracotta Warriors,saw,unassessed,false
KV001064,Jinggangshan Revolution Museum,visited,unassessed,false
KV001066,paste,picture,unassessed,false
KV001067,dress,myself,unassessed,false
KV001068,gala,school watched,unassessed,false
KV001069,count down,ten,unassessed,false
KV001070,marathon,ran,unassessed,false
KV001071,as,teacher works,unassessed,false
KV001072,cheer,team,unassessed,false
KV001073,book fair,buy,unassessed,false
KV001074,make,kite,unassessed,false
KV001075,sing,song,unassessed,false
KV001076,yesterday,home,unassessed,false
KV001077,notice,read wall,unassessed,false
KV001078,wake,seven,unassessed,false
KV001080,judge,game watches,unassessed,false
KV001081,begin,class eight,unassessed,false
KV001083,ever,best day,unassessed,false
KV001084,exciting,game,unassessed,false
KV001090,diet,good grow helps,unassessed,false
KV001091,stay up,late,unassessed,false
KV001092,another,one,unassessed,false
KV001093,email,dad,unassessed,false
KV001094,unhappy,looks,unassessed,false
KV001095,may,rain today,unassessed,false
KV001096,add,please water,unassessed,false
KV001097,video,short watch,unassessed,false
KV001098,pocket money,save,unassessed,false
KV001099,goods,cheap,unassessed,false
KV001100,service,good,unassessed,false
KV001101,haircut,need,unassessed,false
KV001102,microscope,look,unassessed,false
KV001104,half,apple eat,unassessed,false
KV001105,save up,bike,unassessed,false
KV001106,sale,big shop,unassessed,false
KV001107,ticket,train,unassessed,false
KV001108,manage,team,unassessed,false
KV001109,sell,fruit,unassessed,false
KV001110,jar,water,unassessed,false
KV001111,planet,earth,unassessed,false
KV001112,sky,blue,unassessed,false
KV001113,daytime,warm,unassessed,false
KV001115,moon,earth goes,unassessed,false
KV001116,space,people travel want,unassessed,false
KV001117,outer space,goes rocket,unassessed,false
KV001119,ocean,big,unassessed,false
KV001120,marble,child plays,unassessed,false
KV001121,satellite,earth goes,unassessed,false
KV001122,soil,grow plants,unassessed,false
KV001123,alien,boy draws,unassessed,false
KV001124,rover,mars moves,unassessed,false
KV001125,telescope,look moon through,unassessed,false
KV001126,astronaut,space works,unassessed,false
KV001127,spaceship,goes space,unassessed,false
KV001128,month,days thirty,unassessed,false
KV001129,taikonaut,space works,unassessed,false
KV001130,cloth,soft,unassessed,false
KV001131,toothpaste,day use,unassessed,false
KV001132,question,answer please,unassessed,false
KV001133,sunset,beautiful,unassessed,false
KV001134,time,read three,unassessed,false
KV001135,Mars,planet,unassessed,false
KV001136,power,gives wind,unassessed,false
KV001137,electricity,day use,unassessed,false
KV001138,solar,power use,unassessed,false
KV001140,energy,food gives,unassessed,false
KV001141,light,lamp room,unassessed,false
KV001142,cool,room wind,unassessed,false
KV001143,run,computer well,unassessed,false
KV001144,resource,important water,unassessed,false
KV001145,run out,water,unassessed,false
KV001146,change,plan,unassessed,false
KV001147,quick,game,unassessed,false
KV001148,shower,night take,unassessed,false
KV001149,unplug,please tv,unassessed,false
KV001150,difference,see,unassessed,false
KV001151,reduce,waste,unassessed,false
KV001152,air conditioner,please turn,unassessed,false
KV001153,drive,dad,unassessed,false
KV001154,reuse,bottle,unassessed,false
KV001155,own,room,unassessed,false
KV001156,market,buy fruit,unassessed,false
KV001157,bottle,full water,unassessed,false
KV001158,top,student,unassessed,false
KV001159,useful,book,unassessed,false
KV001160,side,sit,unassessed,false
KV001161,dinosaur,big,unassessed,false
KV001162,hall,meet,unassessed,false
KV001163,than,taller tom,unassessed,false
KV001164,kilogram,bag one,unassessed,false
KV001165,shadow,see,unassessed,false
KV001166,become,dark sky,unassessed,false
KV001167,had a cold,last week,unassessed,false
KV001168,magazine,read science,unassessed,false
KV001169,lamp,desk,unassessed,false
KV001174,took pictures,park,unassessed,false
KV001176,off,came hat,unassessed,false
KV001177,mule,strong,unassessed,false
KV001178,Turpan,went,unassessed,false
KV001179,till,five wait,unassessed,false
KV001180,beach,played,unassessed,false
KV001181,basket,apples,unassessed,false
KV001182,part,doctor play,unassessed,false
KV001183,dining hall,eat,unassessed,false
KV001184,gym,basketball play,unassessed,false
KV001185,ago,days saw two,unassessed,false
KV001186,cycling,like,unassessed,false
KV001187,go cycling,sunday,unassessed,false
KV001188,ice-skate,now,unassessed,false
KV001190,Internet,home use,unassessed,false
KV001191,nothing,box,unassessed,false
KV001193,trip,careful,unassessed,false
KV001194,dream,funny,unassessed,false
KV001195,100-meter race,leo won,unassessed,false
KV001196,20th,birthday,unassessed,false
KV001197,21st,school show,unassessed,false
KV001198,22nd,leave,unassessed,false
KV001199,23rd,game,unassessed,false
KV001200,2nd,classroom floor,unassessed,false
KV001201,30th,starts trip,unassessed,false
KV001202,31st,ends month,unassessed,false
KV001203,3rd,came race,unassessed,false
KV001204,4th,visit,unassessed,false
KV001205,a bit,tired today,unassessed,false
KV001206,a knife and fork,table,unassessed,false
KV001207,a liter of milk,bought dad,unassessed,false
KV001208,a little,cup water,unassessed,false
KV001209,a long time ago,lived people,unassessed,false
KV001210,a pair of,need socks,unassessed,false
KV001211,a piece of,cake,unassessed,false
KV001212,ability,learn quickly,unassessed,false
KV001213,able,now swim,unassessed,false
KV001214,aboard,children train,unassessed,false
KV001215,about,animals book,unassessed,false
KV001216,above,clock door,unassessed,false
KV001217,abroad,uncle works,unassessed,false
KV001218,absent,school today tom,unassessed,false
KV001219,accident,hurt no one,unassessed,false
KV001220,across,bridge walked,unassessed,false
KV001221,activity,drawing favorite,unassessed,false
KV001222,actor,children smiled,unassessed,false
KV001223,address,please write,unassessed,false
KV001224,adult,boy helped little,unassessed,false
KV001225,adventure,camping forest,unassessed,false
KV001226,advertisement,bike new saw,unassessed,false
KV001227,aeroplane,above clouds flying,unassessed,false
KV001228,afraid of,dogs little sister,unassessed,false
KV001229,again,please say word,unassessed,false
KV001230,ahead,straight walk,unassessed,false
KV001231,air,clean need plants,unassessed,false
KV001232,air-conditioned,classroom,unassessed,false
KV001233,airplane,landed safely,unassessed,false
KV001234,alarm clock,rings seven,unassessed,false
KV001235,Alaska,states united,unassessed,false
KV001236,alive,fish still,unassessed,false
KV001237,all around,ball looked,unassessed,false
KV001238,all day,rained,unassessed,false
KV001239,all over the world,enjoy music people,unassessed,false
KV001240,all the time,football talks,unassessed,false
KV001241,all year round,open shop,unassessed,false
KV001242,almost,home,unassessed,false
KV001243,alone,home walked,unassessed,false
KV001244,along,river walked,unassessed,false
KV001245,aloud,please read story,unassessed,false
KV001246,alphabet,english letters six twenty,unassessed,false
KV001247,already,finished homework,unassessed,false
KV001248,alright,everything,unassessed,false
KV001249,am,happy today,unassessed,false
KV001250,ambulance,hospital took,unassessed,false
KV001251,America,cousin lives,unassessed,false
KV001252,American football,play school,unassessed,false
KV001253,amusement park,big rode wheel,unassessed,false
KV001254,ankle,hurt running while,unassessed,false
KV001255,ant,carrying food,unassessed,false
KV001256,anyone,answer question,unassessed,false
KV001257,anytime,call,unassessed,false
KV001258,anyway,raining went,unassessed,false
KV001259,anywhere,sit,unassessed,false
KV001260,appear,rain rainbow,unassessed,false
KV001261,Arctic,bears live polar,unassessed,false
KV001262,are not,books mine,unassessed,false
KV001263,area,children safe,unassessed,false
KV001264,Argentina,america south,unassessed,false
KV001265,argue,sister,unassessed,false
KV001266,art museum,paintings saw,unassessed,false
KV001267,art room,class paints pictures,unassessed,false
KV001268,as well,likes music sister,unassessed,false
KV001269,asleep,baby now,unassessed,false
KV001270,assistant,find helped shirt shop,unassessed,false
KV001271,at all,game like,unassessed,false
KV001272,at first,bike ride,unassessed,false
KV001273,at home,dad today,unassessed,false
KV001274,at last,arrived bus,unassessed,false
KV001275,at night,bright stars,unassessed,false
KV001276,at noon,eat lunch,unassessed,false
KV001277,at the end of,lesson quiz,unassessed,false
KV001278,at the same time,both spoke,unassessed,false
KV001279,at the top of,bird sitting tree,unassessed,false
KV001280,at the weekend,grandma visit,unassessed,false
KV001281,at work,mum now,unassessed,false
KV001282,athlete,morning runs,unassessed,false
KV001283,attention,class pay please,unassessed,false
KV001284,auntie,lives school,unassessed,false
KV001285,Australia Day,class learned,unassessed,false
KV001286,Australian,friend,unassessed,false
KV001287,Australian football,australia popular,unassessed,false
KV001288,autograph,gave player,unassessed,false
KV001289,aviary,birds fly freely inside,unassessed,false
KV001290,away,far school,unassessed,false
KV001291,awful,weather yesterday,unassessed,false
KV001292,ax,cut farmer wood,unassessed,false
KV001293,baby,quietly sleeping,unassessed,false
KV001294,baby brother,old two years,unassessed,false
KV001295,back,door please step,unassessed,false
KV001296,backpack,books,unassessed,false
KV001297,bacon,breakfast eggs,unassessed,false
KV001298,badly,hurt knee,unassessed,false
KV001299,bag,apples put,unassessed,false
KV001300,bake,bread home,unassessed,false
KV001301,baker,bread fresh makes morning,unassessed,false
KV001302,bakery,bought bread mum,unassessed,false
KV001303,balloon,flew red sky,unassessed,false
KV001304,band,friday plays school,unassessed,false
KV001305,bandage,knee nurse put,unassessed,false
KV001306,Bangkok,capital thailand,unassessed,false
KV001307,bar,ate chocolate,unassessed,false
KV001308,barbecue,park,unassessed,false
KV001309,baseball,play school,unassessed,false
KV001310,bath,bed warm,unassessed,false
KV001311,battle,fought long soldiers,unassessed,false
KV001312,bay,across boat sailed small,unassessed,false
KV001313,be,day doctor one want,unassessed,false
KV001314,be able to,soon swim,unassessed,false
KV001315,be born,beijing,unassessed,false
KV001316,be careful with,hot please water,unassessed,false
KV001317,be full of,box toys,unassessed,false
KV001318,be interested in,space,unassessed,false
KV001319,be late for,school,unassessed,false
KV001320,be weak in,spelling,unassessed,false
KV001321,bean,found plate,unassessed,false
KV001322,beans,cooked dinner,unassessed,false
KV001323,beautifully,sings,unassessed,false
KV001324,beauty,enjoy lake stopped,unassessed,false
KV001325,bedtime,nine o'clock,unassessed,false
KV001326,beep,loud machine made,unassessed,false
KV001327,Beijing Opera,enjoys grandma,unassessed,false
KV001329,bell,eight rings school,unassessed,false
KV001330,belt,long,unassessed,false
KV001331,bench,park sat,unassessed,false
KV001332,bend,knees little,unassessed,false
KV001333,beside,desk window,unassessed,false
KV001334,better and better,english getting,unassessed,false
KV001335,bicycle,rides school,unassessed,false
KV001336,biggest,apple basket,unassessed,false
KV001337,bike,blue,unassessed,false
KV001338,bike ride,river went,unassessed,false
KV001339,bin,paper please put,unassessed,false
KV001340,biscuit,milk,unassessed,false
KV001341,bitter,medicine tastes,unassessed,false
KV001342,black rhino,animal large,unassessed,false
KV001343,blazer,blue school wore,unassessed,false
KV001344,blink,seconds ten try,unassessed,false
KV001345,block,away library one,unassessed,false
KV001346,blond,boy hair,unassessed,false
KV001347,blood,knee little,unassessed,false
KV001348,blouse,white wore,unassessed,false
KV001349,blow,hard wind,unassessed,false
KV001350,blow off,hat strong wind,unassessed,false
KV001351,blue whale,large,unassessed,false
KV001352,blunt,knife old,unassessed,false
KV001353,blush,began face,unassessed,false
KV001354,board,ten train,unassessed,false
KV001355,boarding card,keep,unassessed,false
KV001356,boarding pass,gate showed,unassessed,false
KV001357,boating,lake went,unassessed,false
KV001358,boil,drink water,unassessed,false
KV001359,bone,buried dog garden,unassessed,false
KV001360,bookshelf,storybooks,unassessed,false
KV001361,bookstore,book bought,unassessed,false
KV001362,bookworm,real sister,unassessed,false
KV001363,boot,mud,unassessed,false
KV001364,bored,during felt long wait,unassessed,false
KV001365,borrow,pencil,unassessed,false
KV001366,boss,kind mum's,unassessed,false
KV001367,bottom,box toy,unassessed,false
KV001368,bow and arrow,learned use,unassessed,false
KV001369,bowling,saturday went,unassessed,false
KV001370,brake,bike press stops,unassessed,false
KV001371,branch,bird sitting,unassessed,false
KV001372,brave,dog girl helped little,unassessed,false
KV001373,Brazil,america south,unassessed,false
KV001374,breakfast,eat seven,unassessed,false
KV001375,breath,deep relax take,unassessed,false
KV001376,bridge,across old walked,unassessed,false
KV001377,bright,morning room,unassessed,false
KV001378,brightly,shone stars,unassessed,false
KV001379,bring back,book please tomorrow,unassessed,false
KV001380,Britain,lives uncle,unassessed,false
KV001381,British,friend,unassessed,false
KV001382,broom,floor sweep use,unassessed,false
KV001383,brown,bear,unassessed,false
KV001384,brush,flower painted small,unassessed,false
KV001385,bucket,filled water,unassessed,false
KV001386,budgie,green singing,unassessed,false
KV001387,build,new plan school,unassessed,false
KV001388,builder,fixing wall,unassessed,false
KV001389,building,library tall,unassessed,false
KV001390,bulb,lamp need new,unassessed,false
KV001391,bullet,found ground police,unassessed,false
KV001392,bump,careful head,unassessed,false
KV001393,bumper car,park rode,unassessed,false
KV001394,bun,breakfast warm,unassessed,false
KV001395,Bund,along shanghai walked,unassessed,false
KV001396,bunny,eating grass little,unassessed,false
KV001397,burn,paper,unassessed,false
KV001398,burn down,fire house old,unassessed,false
KV001399,bus,school take,unassessed,false
KV001400,bush,bird hiding small,unassessed,false
KV001401,businessman,lot travels work,unassessed,false
KV001402,butter,bread please put,unassessed,false
KV001403,button,missing shirt,unassessed,false
KV001404,button,green press start,unassessed,false
KV001405,by,train went,unassessed,false
KV001406,by hand,card made,unassessed,false
KV001407,bye,see tomorrow,unassessed,false
KV001408,cabbage,cooked dinner,unassessed,false
KV001409,cabbages,fresh,unassessed,false
KV001410,cactus,little live water,unassessed,false
KV001411,cage,its rabbit sleeping,unassessed,false
KV001412,calculate,total,unassessed,false
KV001413,calendar,date marked,unassessed,false
KV001414,California,coast states united west,unassessed,false
KV001415,camera,photo took,unassessed,false
KV001416,campsite,put tent up,unassessed,false
KV001417,Canberra,australia capital,unassessed,false
KV001418,candle,cake lit,unassessed,false
KV001419,candy bar,bought shop,unassessed,false
KV001420,canteen,eat lunch school,unassessed,false
KV001421,capital,beijing china,unassessed,false
KV001422,captain,field led onto team,unassessed,false
KV001423,car museum,old saw,unassessed,false
KV001424,cardboard,house made model,unassessed,false
KV001425,cardigan,warm wore,unassessed,false
KV001426,care,day flowers grandma takes,unassessed,false
KV001427,careful,floor wet,unassessed,false
KV001428,carefully,carry glass please,unassessed,false
KV001429,carnation,gave mother pink,unassessed,false
KV001430,carry,box,unassessed,false
KV001431,cartoon,dinner funny watched,unassessed,false
KV001432,cashier,change gave,unassessed,false
KV001433,cassette,dad music old,unassessed,false
KV001434,castle,king large lived,unassessed,false
KV001435,cat food,buy need,unassessed,false
KV001436,caterpillar,eating leaf,unassessed,false
KV001437,CD,found music old,unassessed,false
KV001438,CD player,still well works,unassessed,false
KV001439,CD-ROM,came dictionary,unassessed,false
KV001440,celebration,game small,unassessed,false
KV001441,celery,added soup,unassessed,false
KV001442,cent,candy costs fifty,unassessed,false
KV001443,centimetre,fifteen long pencil,unassessed,false
KV001444,certainly,help,unassessed,false
KV001445,chain,bike came off,unassessed,false
KV001446,chameleon,changed color its,unassessed,false
KV001447,champion,became school,unassessed,false
KV001448,chance,give try,unassessed,false
KV001449,chant,children together words,unassessed,false
KV001450,chase,ball began dog,unassessed,false
KV001451,chat,class like,unassessed,false
KV001452,cheaper,bag one,unassessed,false
KV001453,check-up,dad hospital went,unassessed,false
KV001454,checklist,made school trip,unassessed,false
KV001455,cheer for,team,unassessed,false
KV001456,cheese,put sandwich,unassessed,false
KV001457,chemistry,class experiment simple,unassessed,false
KV001458,cherry,cake,unassessed,false
KV001459,chewing gum,bin please put,unassessed,false
KV001460,chick,followed hen yellow,unassessed,false
KV001461,child,needs place play safe,unassessed,false
KV001462,childish,game lose,unassessed,false
KV001463,Children's Palace,art lessons,unassessed,false
KV001464,Children's Park,played,unassessed,false
KV001465,chilli,hot,unassessed,false
KV001466,chimney,came smoke,unassessed,false
KV001467,chin,thought touched,unassessed,false
KV001468,Chinatown,lunch,unassessed,false
KV001469,Chinese book,desk,unassessed,false
KV001470,Chinese chess,grandpa taught,unassessed,false
KV001471,Chinese ink painting,learned school,unassessed,false
KV001472,Chinese leaves,cooked dinner mum,unassessed,false
KV001473,Chinese New Year,family gets together,unassessed,false
KV001474,Chinese New Year's Day,grandparents visit,unassessed,false
KV001475,Chinese New Year's Eve,big dinner,unassessed,false
KV001476,chips,ate fish lunch,unassessed,false
KV001477,chocolate,like,unassessed,false
KV001478,choir,school sings sister,unassessed,false
KV001479,Chongyang Festival,during grandparents visit,unassessed,false
KV001480,choose,book one,unassessed,false
KV001481,chopstick,one picked table up,unassessed,false
KV001482,chorus,everyone sang together,unassessed,false
KV001483,Christmas Eve,gifts put tree,unassessed,false
KV001484,chug,along began little train,unassessed,false
KV001485,church,old square,unassessed,false
KV001486,cinema,film watched,unassessed,false
KV001487,circle,answer draw,unassessed,false
KV001488,circus,clowns saw,unassessed,false
KV001489,clap,began everyone song,unassessed,false
KV001490,clapping game,children played,unassessed,false
KV001491,clean my room,saturday,unassessed,false
KV001492,clear,enough fish see water,unassessed,false
KV001493,clerk,gave hotel key,unassessed,false
KV001494,climb trees,children like,unassessed,false
KV001495,clown,everyone laugh made,unassessed,false
KV001496,club,joined school science,unassessed,false
KV001497,coach,ball showed throw,unassessed,false
KV001498,coal,heat homes once people used,unassessed,false
KV001499,cocoon,butterfly came its,unassessed,false
KV001500,coffee,dad drinks morning,unassessed,false
KV001501,coin,chair found,unassessed,false
KV001502,coke,lunch ordered,unassessed,false
KV001503,collar,shirt white,unassessed,false
KV001504,collect,countries different stamps,unassessed,false
KV001505,college,go sister wants,unassessed,false
KV001506,colorful,flowers full garden,unassessed,false
KV001507,coloured,card make paper used,unassessed,false
KV001508,colourful,bright festival,unassessed,false
KV001509,comb,hair use washing,unassessed,false
KV001510,come back,dinner please,unassessed,false
KV001511,come out,rain sun,unassessed,false
KV001512,come out of,hole mouse,unassessed,false
KV001513,comfortable,chair,unassessed,false
KV001514,comic,bus funny read,unassessed,false
KV001515,comic book,bought new,unassessed,false
KV001516,company,aunt computer works,unassessed,false
KV001517,competitor,number,unassessed,false
KV001518,computer,homework use,unassessed,false
KV001519,computer game,easy play,unassessed,false
KV001520,computer lab,class meets,unassessed,false
KV001521,computer room,twenty,unassessed,false
KV001522,computer studies,learn typing,unassessed,false
KV001523,concert,last music night went,unassessed,false
KV001524,conductor,bus checked tickets,unassessed,false
KV001525,confident,feels test,unassessed,false
KV001526,cookbook,easy recipes,unassessed,false
KV001527,cookie,ate chocolate,unassessed,false
KV001528,corn,farmer field grows,unassessed,false
KV001529,corn-on-the-cob,ate picnic,unassessed,false
KV001530,corner,shop,unassessed,false
KV001531,corner kick,scored team,unassessed,false
KV001532,cornflakes,breakfast eat milk,unassessed,false
KV001533,correct,answer,unassessed,false
KV001534,cost,dollars ten ticket,unassessed,false
KV001535,cotton,made shirt,unassessed,false
KV001536,count,stars,unassessed,false
KV001537,count to ten,close eyes,unassessed,false
KV001538,cover,clouds mountain top,unassessed,false
KV001539,cowboy,across field rode,unassessed,false
KV001540,cowboy hat,brown wore,unassessed,false
KV001541,craft,cutting paper traditional,unassessed,false
KV001542,craftsman,chair hand made,unassessed,false
KV001543,crash,cars two,unassessed,false
KV001544,crazy,basketball brother,unassessed,false
KV001545,crisp,ate bag,unassessed,false
KV001546,croak,frog heard pond,unassessed,false
KV001547,crocodile,resting river,unassessed,false
KV001548,crop,important rice,unassessed,false
KV001549,cross,both look road ways,unassessed,false
KV001550,crossing,left next turn,unassessed,false
KV001551,crowd,large outside stadium waited,unassessed,false
KV001552,crowded,bus morning,unassessed,false
KV001553,crown,golden king wore,unassessed,false
KV001554,crutch,hurting leg used,unassessed,false
KV001555,cucumber,put salad,unassessed,false
KV001556,culture,food important part,unassessed,false
KV001557,cup,poured water,unassessed,false
KV001558,cupboard,plates,unassessed,false
KV001559,curtain,bed close please,unassessed,false
KV001560,cushion,chair soft,unassessed,false
KV001561,cut,finger small,unassessed,false
KV001562,cut,apple half please,unassessed,false
KV001563,cycle,park sundays,unassessed,false
KV001564,cycle helmet,always road wear,unassessed,false
KV001565,cycling shoes,light new,unassessed,false
KV001566,cyclist,light red stopped,unassessed,false
KV001567,daddy,cooking dinner tonight,unassessed,false
KV001568,daily,part routine walking,unassessed,false
KV001569,dancer,across moved stage,unassessed,false
KV001570,danger,children fire,unassessed,false
KV001571,dare,jump puddle,unassessed,false
KV001572,dark,became room sunset,unassessed,false
KV001573,darling,come,unassessed,false
KV001574,date,page today's top write,unassessed,false
KV001575,daughter,class,unassessed,false
KV001576,dead,old tree,unassessed,false
KV001577,decide,go need,unassessed,false
KV001578,decorate,classroom festival,unassessed,false
KV001579,deep,water,unassessed,false
KV001580,deer,forest saw,unassessed,false
KV001581,degree,temperature today twenty,unassessed,false
KV001582,dentist,hurt tooth went,unassessed,false
KV001583,department store,bought clothes,unassessed,false
KV001584,departure,eight morning,unassessed,false
KV001585,desert,falls little rain,unassessed,false
KV001586,design,poster show,unassessed,false
KV001587,dessert,cream ice,unassessed,false
KV001588,detective,asked questions,unassessed,false
KV001589,dialogue,partner please read,unassessed,false
KV001590,diamond,ring small,unassessed,false
KV001591,dice,move piece roll,unassessed,false
KV001592,dictionary,looked up word,unassessed,false
KV001593,die,plants water without,unassessed,false
KV001594,difficult,math problem,unassessed,false
KV001595,dig,dog garden likes,unassessed,false
KV001596,digital,clock,unassessed,false
KV001597,dimsum,lunch ordered,unassessed,false
KV001598,direction,go which,unassessed,false
KV001599,disappear,began rainbow,unassessed,false
KV001600,display,coins museum old,unassessed,false
KV001601,dizzy,felt spinning,unassessed,false
KV001602,do,today want,unassessed,false
KV001603,do a survey,class pets,unassessed,false
KV001604,do exercise,morning,unassessed,false
KV001605,do homework,dinner,unassessed,false
KV001606,do jigsaw puzzles,days rainy,unassessed,false
KV001607,do kung fu,school yard,unassessed,false
KV001608,dog food,buy need,unassessed,false
KV001609,dog sledding,snow tried,unassessed,false
KV001610,doggie,followed home little,unassessed,false
KV001611,dollar,book costs five,unassessed,false
KV001612,dolphin,jumped water,unassessed,false
KV001613,Donald Duck,cartoon character famous,unassessed,false
KV001614,donkey,bag carried heavy,unassessed,false
KV001615,doorbell,rang someone,unassessed,false
KV001616,dot,answer beside put red,unassessed,false
KV001617,dotted line,along cut,unassessed,false
KV001618,Double Ninth Festival,during family members older visit,unassessed,false
KV001619,double-decker,london red rode,unassessed,false
KV001620,down,ball hill rolled,unassessed,false
KV001621,downstairs,shoes,unassessed,false
KV001622,dragon,friendly story,unassessed,false
KV001623,dragon boat,moved quickly river,unassessed,false
KV001624,Dragon Boat Festival,during eat zongzi,unassessed,false
KV001625,dragon boat race,class watched,unassessed,false
KV001626,dragon dance,saw street,unassessed,false
KV001627,drama,acted school short,unassessed,false
KV001628,draw,animals like,unassessed,false
KV001629,draw cartoons,brother likes,unassessed,false
KV001630,drawing,mother,unassessed,false
KV001631,dressed,leave ready,unassessed,false
KV001632,drill,dad hole make used,unassessed,false
KV001633,drink cold drinks,quickly,unassessed,false
KV001634,dripping,coat floor wet,unassessed,false
KV001635,drive away,birds shouted,unassessed,false
KV001636,drum,band played school,unassessed,false
KV001637,drummer,beat kept steady,unassessed,false
KV001638,duckling,followed its mother,unassessed,false
KV001639,Dunvegan Castle,scotland visited,unassessed,false
KV001640,during,please quiet stay test,unassessed,false
KV001641,dust,desk friday,unassessed,false
KV001642,DVD,film watched,unassessed,false
KV001643,e-book,read tablet,unassessed,false
KV001644,e-card,birthday grandma sent,unassessed,false
KV001645,e-friend,another city lives,unassessed,false
KV001646,easily,puzzle solved,unassessed,false
KV001647,Easter,children eggs look,unassessed,false
KV001648,Easter Bunny,brought colorful eggs,unassessed,false
KV001649,eat out,friday night sometimes,unassessed,false
KV001650,Edinburgh,city scotland,unassessed,false
KV001651,Edison,american famous inventor,unassessed,false
KV001652,eggplants,cooked tomatoes,unassessed,false
KV001653,Egypt,nile river runs through,unassessed,false
KV001654,eighteen,room students,unassessed,false
KV001655,eighteenth,birthday today,unassessed,false
KV001656,eighth,classroom floor,unassessed,false
KV001657,eighty,book pages,unassessed,false
KV001658,either,bus take,unassessed,false
KV001659,elbow,bumped desk,unassessed,false
KV001660,elementary school,goes little sister,unassessed,false
KV001661,eleventh,finished race,unassessed,false
KV001662,emergency,call number,unassessed,false
KV001663,emperor,large lived palace,unassessed,false
KV001664,end,reached road,unassessed,false
KV001665,engineer,uncle,unassessed,false
KV001666,England,london,unassessed,false
KV001667,English book,bag,unassessed,false
KV001668,English class,sing songs,unassessed,false
KV001669,enter,please quietly room,unassessed,false
KV001670,entrance,main meet,unassessed,false
KV001671,entry,race school sent,unassessed,false
KV001672,envelope,letter put,unassessed,false
KV001673,environment,protect,unassessed,false
KV001674,escalator,floor second took,unassessed,false
KV001675,especially,fruit like oranges,unassessed,false
KV001676,eve,late new stayed up year's,unassessed,false
KV001677,even,brother little,unassessed,false
KV001678,every,book student,unassessed,false
KV001679,every year,place visit,unassessed,false
KV001680,everybody,game ready,unassessed,false
KV001681,everything,clean now,unassessed,false
KV001682,example,give,unassessed,false
KV001683,except,came everyone tom,unassessed,false
KV001684,excuse,rude tired,unassessed,false
KV001685,exit,beside stairs,unassessed,false
KV001686,experience,trip wonderful,unassessed,false
KV001687,experiment,water,unassessed,false
KV001688,explain,answer,unassessed,false
KV001689,explore,cave old want,unassessed,false
KV001690,eyesight,good helps light protect reading,unassessed,false
KV001692,factory,toy uncle works,unassessed,false
KV001693,fair,decision made teacher,unassessed,false
KV001694,fairest,called girl story,unassessed,false
KV001695,fairy,appeared story tiny,unassessed,false
KV001696,fairy tale,grandma told,unassessed,false
KV001697,fall asleep,quickly reading,unassessed,false
KV001698,fall down,careful,unassessed,false
KV001699,fall off,bike,unassessed,false
KV001700,fall over,fell slipped,unassessed,false
KV001701,family name,li,unassessed,false
KV001702,family tree,homework made,unassessed,false
KV001703,far,station,unassessed,false
KV001704,far from,home school,unassessed,false
KV001705,fare,bus dollars two,unassessed,false
KV001706,fashion show,class watched,unassessed,false
KV001707,fast food,day eat,unassessed,false
KV001708,fastest,class leo runner,unassessed,false
KV001709,fat,cat getting,unassessed,false
KV001710,feature,animal long tail,unassessed,false
KV001711,feed the fish,morning,unassessed,false
KV001712,feeling,good today,unassessed,false
KV001713,ferry,across river took,unassessed,false
KV001714,fete,food games school,unassessed,false
KV001715,field,cows eating grass,unassessed,false
KV001716,fiercely,blew night wind,unassessed,false
KV001717,fifty-four,box cards,unassessed,false
KV001718,fight,began boys two,unassessed,false
KV001719,fill,bottle please water,unassessed,false
KV001720,fill out,form please,unassessed,false
KV001721,filling,dumpling meat,unassessed,false
KV001722,finally,found key lost,unassessed,false
KV001723,find out,light off want,unassessed,false
KV001724,fine,today,unassessed,false
KV001725,finger,cooking cut while,unassessed,false
KV001726,firecracker,dog loud scared,unassessed,false
KV001727,fireman,carried child outside,unassessed,false
KV001728,firework,bright lit sky up,unassessed,false
KV001729,first floor,classroom,unassessed,false
KV001730,fish and chips,dinner,unassessed,false
KV001731,fisherman,early morning went,unassessed,false
KV001732,fishing,dad lake likes,unassessed,false
KV001733,fit,exercise helps stay,unassessed,false
KV001734,fitting room,shirt try,unassessed,false
KV001735,five-stones,class played,unassessed,false
KV001736,fix,bike broken dad,unassessed,false
KV001737,flag,above flying school,unassessed,false
KV001738,Flag Day,americans display,unassessed,false
KV001739,flat,bike tire,unassessed,false
KV001740,flavour,cream ice strawberry,unassessed,false
KV001741,flight,leaves nine,unassessed,false
KV001742,flipper,put swimmer,unassessed,false
KV001743,flour,bread make need,unassessed,false
KV001744,flower shop,bought mum roses,unassessed,false
KV001745,flute,band plays school,unassessed,false
KV001746,fly away,bird flew its opened wings,unassessed,false
KV001747,fly,landed table,unassessed,false
KV001748,flyover,cars passed,unassessed,false
KV001749,fold,half paper,unassessed,false
KV001750,fool,call friend,unassessed,false
KV001751,foolish,across road run,unassessed,false
KV001752,football player,goal scored,unassessed,false
KV001753,footballer,cousin wants,unassessed,false
KV001754,footbridge,crossed river,unassessed,false
KV001755,forecast,rain says weather,unassessed,false
KV001756,foreign,language learning,unassessed,false
KV001757,forever,day remember,unassessed,false
KV001758,form,name please write,unassessed,false
KV001759,forty-five,hall students,unassessed,false
KV001760,forty-six,book pictures,unassessed,false
KV001761,fountain,shot up water,unassessed,false
KV001762,fountain pen,grandpa writes,unassessed,false
KV001763,fourteenth,finished race,unassessed,false
KV001764,fourth,came competition,unassessed,false
KV001765,fox,across ran road,unassessed,false
KV001766,France,capital paris,unassessed,false
KV001767,fresh,apples,unassessed,false
KV001768,fridge,milk,unassessed,false
KV001769,fried rice,lunch,unassessed,false
KV001770,friendship,began school,unassessed,false
KV001771,frightened,baby loud made noise,unassessed,false
KV001772,from,friend letter,unassessed,false
KV001773,frozen,bought peas,unassessed,false
KV001774,fry,dinner fish mum,unassessed,false
KV001775,full,big meal,unassessed,false
KV001776,fun park,afternoon spent,unassessed,false
KV001777,funny,laugh made story,unassessed,false
KV001778,furniture,bought living new room,unassessed,false
KV001779,future,scientist want,unassessed,false
KV001780,game-maker,new released,unassessed,false
KV001781,gardener,flowers morning waters,unassessed,false
KV001782,garlic,added mum soup,unassessed,false
KV001783,gatekeeper,gate opened,unassessed,false
KV001784,genius,called everyone inventor young,unassessed,false
KV001785,gentle,kitten little,unassessed,false
KV001786,gentleman,door held open,unassessed,false
KV001787,gently,baby bed put,unassessed,false
KV001788,geography,learn maps,unassessed,false
KV001789,Germany,berlin capital,unassessed,false
KV001790,get lost,stay,unassessed,false
KV001791,get off,bus next stop,unassessed,false
KV001792,get on,station train,unassessed,false
KV001793,get out,car carefully please,unassessed,false
KV001794,get through,gate narrow,unassessed,false
KV001795,get well,hope soon,unassessed,false
KV001796,ghost,friendly story,unassessed,false
KV001797,giant,hill lived top,unassessed,false
KV001798,gift shop,bought postcard,unassessed,false
KV001799,ginger,little put tea,unassessed,false
KV001800,giraffe,long neck,unassessed,false
KV001801,give,blue pen please,unassessed,false
KV001802,give out,books teacher,unassessed,false
KV001803,given name,mei,unassessed,false
KV001804,glad,again see,unassessed,false
KV001805,Glasgow,city scotland,unassessed,false
KV001806,glass,made window,unassessed,false
KV001807,glasses,read wear,unassessed,false
KV001808,glove,lost one snow,unassessed,false
KV001809,glue,fix paper use,unassessed,false
KV001810,go away,alone bird leave please,unassessed,false
KV001811,go down,slowly stairs,unassessed,false
KV001812,go on a trip,family next week,unassessed,false
KV001813,go out,dinner usually,unassessed,false
KV001814,go to a movie,let's saturday,unassessed,false
KV001815,go to the library,school,unassessed,false
KV001816,go to work,eight home leaves mum,unassessed,false
KV001817,goal,books read ten year,unassessed,false
KV001818,goalkeeper,ball caught,unassessed,false
KV001819,goat,eating grass,unassessed,false
KV001820,gold,made ring,unassessed,false
KV001821,golden,field look made sun,unassessed,false
KV001822,goldfish,small tank two,unassessed,false
KV001823,golf,plays sundays uncle,unassessed,false
KV001824,good,soup tastes,unassessed,false
KV001825,good-looking,actor,unassessed,false
KV001826,goodbye,station waved,unassessed,false
KV001827,goose,pond swimming,unassessed,false
KV001828,GPS,find hotel used,unassessed,false
KV001829,grab,both hands rope,unassessed,false
KV001830,grandad,funny stories tells,unassessed,false
KV001831,grandchild,born first last year,unassessed,false
KV001832,grandchildren,grandma loves spending time,unassessed,false
KV001833,granddaughter,five old years,unassessed,false
KV001834,grandma,makes soup,unassessed,false
KV001835,grandpa,park takes,unassessed,false
KV001836,grandson,drawing likes,unassessed,false
KV001837,granny,night reads story,unassessed,false
KV001838,grape,ate sweet,unassessed,false
KV001839,grassland,across horses ran,unassessed,false
KV001840,gray,looks sky today,unassessed,false
KV001841,Great Britain,england includes scotland wales,unassessed,false
KV001842,Great Wall,walked,unassessed,false
KV001843,green beans,cooked dinner,unassessed,false
KV001844,greet,morning teacher,unassessed,false
KV001845,greeting,gave warm,unassessed,false
KV001846,grey,clouds morning,unassessed,false
KV001847,grocery,bought dinner items,unassessed,false
KV001848,ground,ball fell onto,unassessed,false
KV001849,group,small worked,unassessed,false
KV001850,grow,flowers sun well,unassessed,false
KV001851,grow crops,farmers fields,unassessed,false
KV001852,grow up,pilot want,unassessed,false
KV001853,grown-up,ask help,unassessed,false
KV001854,guide,best places shows visit,unassessed,false
KV001855,guitar,plays school,unassessed,false
KV001856,gun,carried officer police,unassessed,false
KV001857,guy,boxes carry helped,unassessed,false
KV001858,hairpin,blue hair put,unassessed,false
KV001859,Halloween,children costumes wear,unassessed,false
KV001860,ham,lunch sandwich,unassessed,false
KV001861,hammer,chair dad fix used,unassessed,false
KV001862,hamster,day during sleeps,unassessed,false
KV001863,hang,coat door,unassessed,false
KV001864,hang glider,above flew hill,unassessed,false
KV001865,happen,school,unassessed,false
KV001866,happily,children played snow,unassessed,false
KV001867,happiness,brought room smile,unassessed,false
KV001868,harbour,boats small,unassessed,false
KV001869,harder,last one question,unassessed,false
KV001870,hardly,hear voice,unassessed,false
KV001871,hardly ever,dinner tv watch,unassessed,false
KV001872,hare,across field ran,unassessed,false
KV001873,hate,lines long waiting,unassessed,false
KV001874,have a cold,need rest,unassessed,false
KV001875,have a fever,today,unassessed,false
KV001876,have a good time,park,unassessed,false
KV001877,have a headache,long reading,unassessed,false
KV001878,have a meeting,school teachers,unassessed,false
KV001879,have a party,saturday,unassessed,false
KV001880,have a rest,let's tree,unassessed,false
KV001881,have a toothache,dentist need,unassessed,false
KV001882,have breakfast,day seven,unassessed,false
KV001883,have dinner,family together,unassessed,false
KV001884,have fun,children snow,unassessed,false
KV001885,have lunch,school,unassessed,false
KV001886,have to,finish first homework,unassessed,false
KV001887,Hawaii,beaches beautiful,unassessed,false
KV001888,hay,eating horse,unassessed,false
KV001889,head teacher,spoke students,unassessed,false
KV001890,health,exercise food fresh good,unassessed,false
KV001891,healthy,activity swimming,unassessed,false
KV001892,heart,exercise good,unassessed,false
KV001893,heat,made thirsty,unassessed,false
KV001894,heaviest,box,unassessed,false
KV001895,heavy,bag,unassessed,false
KV001896,height,building,unassessed,false
KV001897,helicopter,flew school,unassessed,false
KV001898,hello,new said student,unassessed,false
KV001899,helmet,always bike ride wear,unassessed,false
KV001900,hen,eggs sitting,unassessed,false
KV001901,hero,children firefighter,unassessed,false
KV001902,heroine,saved story village,unassessed,false
KV001903,hi,amy name,unassessed,false
KV001904,hide,bed cat likes,unassessed,false
KV001905,hide-and-seek,garden played,unassessed,false
KV001906,hiding,found good place rabbit,unassessed,false
KV001907,high,mountain,unassessed,false
KV001908,high jump,day sports won,unassessed,false
KV001909,himself,made sandwich,unassessed,false
KV001910,hippo,standing water,unassessed,false
KV001911,history,ancient china learned,unassessed,false
KV001912,history museum,old saw tools,unassessed,false
KV001913,hit,ball hard,unassessed,false
KV001914,hold,cross hand road while,unassessed,false
KV001915,hole,small sock,unassessed,false
KV001916,holiday,beach going,unassessed,false
KV001917,hollow,inside old tree,unassessed,false
KV001918,hometown,sea small town,unassessed,false
KV001919,honey,put tea,unassessed,false
KV001920,Hong Kong,busy harbour,unassessed,false
KV001921,hood,pull raining up,unassessed,false
KV001922,hop,quickly rabbit,unassessed,false
KV001923,horn,goat two,unassessed,false
KV001924,horrible,food tasted,unassessed,false
KV001925,horror film,alone like watching,unassessed,false
KV001926,hot dog,lunch,unassessed,false
KV001927,housework,home share,unassessed,false
KV001928,housing estate,live quiet,unassessed,false
KV001929,however,outside raining still went,unassessed,false
KV001930,huge,entered harbour ship,unassessed,false
KV001931,hundred,book one pages,unassessed,false
KV001932,hunt,children eggs garden,unassessed,false
KV001933,hurry,bus miss,unassessed,false
KV001934,hut,farmer keeps small tools,unassessed,false
KV001935,hybrid rice,food lot produce,unassessed,false
KV001936,Hyde Park,london through walked,unassessed,false
KV001937,ice,thin walk,unassessed,false
KV001938,Ice and Snow Festival,saw sculptures,unassessed,false
KV001939,ice fishing,frozen go lake people,unassessed,false
KV001940,ice hockey,play school,unassessed,false
KV001941,ice skate,going onto put rink,unassessed,false
KV001942,iced tea,like,unassessed,false
KV001943,ICT,communicate computers learn,unassessed,false
KV001944,illness,missed school,unassessed,false
KV001945,immediately,come please,unassessed,false
KV001946,impolite,people shout,unassessed,false
KV001947,important,living things water,unassessed,false
KV001948,in a short time,rain stopped,unassessed,false
KV001949,in danger,boat during small storm,unassessed,false
KV001950,in front of,bus school stopped,unassessed,false
KV001951,in the end,found right road,unassessed,false
KV001952,in the middle,put table vase,unassessed,false
KV001953,in the past,letters often people wrote,unassessed,false
KV001954,India,capital delhi new,unassessed,false
KV001955,indoor,game played raining,unassessed,false
KV001956,information,need trip,unassessed,false
KV001957,injection,gave nurse,unassessed,false
KV001958,ink,pen,unassessed,false
KV001959,insect museum,butterflies saw,unassessed,false
KV001960,inside,bag keys,unassessed,false
KV001961,instead,bus let's taking walk,unassessed,false
KV001962,intelligent,animal dolphin,unassessed,false
KV001963,interested,science,unassessed,false
KV001964,International Children's Day,enjoy games,unassessed,false
KV001965,interview,reporter teacher,unassessed,false
KV001966,interviewer,asked questions three,unassessed,false
KV001967,introduce,friend let new,unassessed,false
KV001968,introduction,gave short talk,unassessed,false
KV001969,invitation,birthday thank,unassessed,false
KV001970,invite,amy party want,unassessed,false
KV001971,iPad,books read,unassessed,false
KV001972,iPhone,desk,unassessed,false
KV001973,iPod,listened music,unassessed,false
KV001974,iron,mum school shirt,unassessed,false
KV001975,Italian,ate restaurant,unassessed,false
KV001976,Italy,capital rome,unassessed,false
KV001977,jack-o'-lantern,halloween made,unassessed,false
KV001978,jam,bread spread strawberry,unassessed,false
KV001979,Japan,capital tokyo,unassessed,false
KV001980,Japanese,friend learning,unassessed,false
KV001981,jasmine,flowers smell sweet,unassessed,false
KV001982,jeans,wear weekends,unassessed,false
KV001983,jeep,along drove road rough,unassessed,false
KV001984,jelly,children dessert fruit,unassessed,false
KV001985,jet,above flew high,unassessed,false
KV001986,jet-ski,lake rode,unassessed,false
KV001987,jiaozi,chinese make new year,unassessed,false
KV001988,jog,morning park,unassessed,false
KV001989,join,club like,unassessed,false
KV001990,joke,dad funny told,unassessed,false
KV001991,journey,hours three took train,unassessed,false
KV001992,joy,filled good news,unassessed,false
KV001993,juggle,balls three,unassessed,false
KV001994,juggler,air balls five threw,unassessed,false
KV001995,jungle,animals live,unassessed,false
KV001996,junior high school,cousin next starts year,unassessed,false
KV001997,junk food,healthy,unassessed,false
KV001998,karate,learns school,unassessed,false
KV001999,keep on,improve trying,unassessed,false
KV002000,keep quiet,library please,unassessed,false
KV002001,key,cannot find house,unassessed,false
KV002002,keyboard,black computer,unassessed,false
KV002003,kill,cold plants small weather,unassessed,false
KV002004,kindergarten,brother goes little,unassessed,false
KV002005,kingfisher,flew river,unassessed,false
KV002006,kiss,bed gave mum,unassessed,false
KV002007,kiwi,cannot fly,unassessed,false
KV002008,knee,hurt running while,unassessed,false
KV002009,knock,enter please,unassessed,false
KV002010,knock down,fence old strong wind,unassessed,false
KV002011,kung fu,brother practices week,unassessed,false
KV002012,Kung Fu Panda,together watched,unassessed,false
KV002013,L. A. Lakers,basketball play,unassessed,false
KV002014,L.A.,california city large,unassessed,false
KV002015,lab,experiment science,unassessed,false
KV002016,Labor Day,off people,unassessed,false
KV002017,ladder,dad reach roof used,unassessed,false
KV002018,lady,coat helped red,unassessed,false
KV002019,ladybird,hand landed,unassessed,false
KV002020,land,finally saw sea weeks,unassessed,false
KV002021,language,english international,unassessed,false
KV002022,lantern,door hung red,unassessed,false
KV002023,last night,book finished,unassessed,false
KV002024,latest,news read,unassessed,false
KV002025,laugh at,other people unkind,unassessed,false
KV002026,lawn,children playing,unassessed,false
KV002027,lazy,afternoon cat slept,unassessed,false
KV002028,lead,museum teacher,unassessed,false
KV002029,leader,group,unassessed,false
KV002030,learn,cook want,unassessed,false
KV002031,least,morning road traffic,unassessed,false
KV002032,left,gym library,unassessed,false
KV002033,lemon,sour tastes,unassessed,false
KV002034,lemonade,fresh lemons made,unassessed,false
KV002035,leopard,body dark its spots,unassessed,false
KV002036,let,again please try,unassessed,false
KV002037,librarian,book find helped,unassessed,false
KV002038,library card,books borrow use,unassessed,false
KV002039,lie,parents wrong,unassessed,false
KV002040,life,need plants water,unassessed,false
KV002041,lifeguard,carefully swimmers watched,unassessed,false
KV002042,lift,fifth floor took,unassessed,false
KV002043,lift,box,unassessed,false
KV002044,light bulb,changed needs,unassessed,false
KV002045,light rail,across city took,unassessed,false
KV002046,lion,rested tree,unassessed,false
KV002047,lion dance,during festival watched,unassessed,false
KV002048,listen,please speak,unassessed,false
KV002049,listen to,like music school,unassessed,false
KV002050,litter,bin please put,unassessed,false
KV002051,Little Red Riding Hood,grandmother visited,unassessed,false
KV002052,Loch Ness,lake scotland,unassessed,false
KV002053,lock,door leave please,unassessed,false
KV002054,lollipop,bought child red,unassessed,false
KV002055,lolly,chose orange,unassessed,false
KV002056,London Eye,city rode saw,unassessed,false
KV002057,London Zoo,lions saw,unassessed,false
KV002058,long ago,horse people travelled,unassessed,false
KV002059,long jump,day sports won,unassessed,false
KV002060,long race,trains week,unassessed,false
KV002061,longest,country river,unassessed,false
KV002062,look at,bird tree,unassessed,false
KV002063,look like,cloud rabbit,unassessed,false
KV002064,lorry,outside shop stopped,unassessed,false
KV002065,Los Angeles,california city large,unassessed,false
KV002066,lose,careful ticket,unassessed,false
KV002067,lots of,books library,unassessed,false
KV002068,loudly,library please speak,unassessed,false
KV002069,lower,shelf window,unassessed,false
KV002070,luck,good test,unassessed,false
KV002071,lucky money,children chinese new receive year,unassessed,false
KV002072,lunar,calendar festival follows,unassessed,false
KV002073,lunch box,schoolbag,unassessed,false
KV002074,lunchtime,outside play,unassessed,false
KV002075,machine,bags makes paper,unassessed,false
KV002076,magic,magician showed,unassessed,false
KV002077,magician,flower hat pulled,unassessed,false
KV002078,mail,letter sent,unassessed,false
KV002079,main,road town,unassessed,false
KV002080,main course,fish,unassessed,false
KV002081,make friends,easy school,unassessed,false
KV002082,make mistakes,everyone,unassessed,false
KV002083,make noise,class please,unassessed,false
KV002084,make peace,decided friends two,unassessed,false
KV002085,make phone calls,mum uses,unassessed,false
KV002086,make use of,chance learn,unassessed,false
KV002087,mall,bought new shoes,unassessed,false
KV002088,manager,helped hotel,unassessed,false
KV002089,mango,juicy sweet,unassessed,false
KV002090,manners,good important table,unassessed,false
KV002091,manual,machine read using,unassessed,false
KV002092,maple,autumn leaves red turn,unassessed,false
KV002093,marker,blue title use write,unassessed,false
KV002094,mascot,panda school,unassessed,false
KV002095,mask,party tiger wore,unassessed,false
KV002096,master,day practice skill,unassessed,false
KV002097,material,building useful wood,unassessed,false
KV002098,maths book,desk,unassessed,false
KV002099,May Day,holiday school,unassessed,false
KV002100,maybe,afternoon rain,unassessed,false
KV002101,me,box help,unassessed,false
KV002102,meal,day dinner favorite,unassessed,false
KV002103,mean,word,unassessed,false
KV002104,meatball,bowl put,unassessed,false
KV002105,medicine,dinner take,unassessed,false
KV002106,meeting,class friday,unassessed,false
KV002107,meeting room,teachers,unassessed,false
KV002108,member,job team,unassessed,false
KV002109,member state,china nations united,unassessed,false
KV002110,memory,back brings happy song,unassessed,false
KV002111,men,carrying table two,unassessed,false
KV002112,menu,look order please,unassessed,false
KV002113,mess,room,unassessed,false
KV002114,message,left teacher,unassessed,false
KV002115,messy,desk today,unassessed,false
KV002116,metal,made spoon,unassessed,false
KV002117,metro,museum took,unassessed,false
KV002118,Mexico,america north,unassessed,false
KV002119,miaow,gave kitten soft,unassessed,false
KV002120,mice,ran table two,unassessed,false
KV002121,Mickey Mouse,cartoon character famous,unassessed,false
KV002122,Mid-Autumn Festival,eat mooncakes,unassessed,false
KV002123,middle,ball box,unassessed,false
KV002124,middle school,brother now,unassessed,false
KV002125,midnight,awake still,unassessed,false
KV002126,milkshake,ordered strawberry,unassessed,false
KV002127,million,city one people,unassessed,false
KV002128,mime,actor instead used words,unassessed,false
KV002129,minus,seven ten three,unassessed,false
KV002130,mirror,looked myself,unassessed,false
KV002131,Miss,english teacher wang,unassessed,false
KV002132,miss,away grandparents,unassessed,false
KV002133,missing,came dog home morning,unassessed,false
KV002134,mistake,answer made,unassessed,false
KV002135,mix,flour together water,unassessed,false
KV002136,mobile,class off please turn,unassessed,false
KV002137,mobile phone,bag,unassessed,false
KV002138,model,made solar system,unassessed,false
KV002139,model car,red small,unassessed,false
KV002140,model house,built cardboard,unassessed,false
KV002141,model plane,distance fly short,unassessed,false
KV002142,modern,hospital,unassessed,false
KV002143,mom,breakfast makes morning,unassessed,false
KV002144,moment,wait,unassessed,false
KV002145,Monkey King,change things,unassessed,false
KV002146,monster,children drew friendly,unassessed,false
KV002147,moon cake,ate family,unassessed,false
KV002148,mooncake,filling sweet,unassessed,false
KV002149,more than,club joined students twenty,unassessed,false
KV002150,morning exercises,class,unassessed,false
KV002151,Moscow,capital russia,unassessed,false
KV002152,most,school students walk,unassessed,false
KV002153,motorbike,rides work,unassessed,false
KV002154,motorcycle,light red stopped,unassessed,false
KV002155,Mount Taishan,climbed during trip,unassessed,false
KV002156,mountain climbing,hard work,unassessed,false
KV002157,movie,dinner watched,unassessed,false
KV002158,movie theater,met outside,unassessed,false
KV002159,Mr,brown new teacher,unassessed,false
KV002160,much,drink sugar,unassessed,false
KV002161,mud,shoes,unassessed,false
KV002162,mum,dinner making now,unassessed,false
KV002163,Munich,city germany,unassessed,false
KV002164,mushroom,found tree,unassessed,false
KV002165,mushrooms,added soup,unassessed,false
KV002166,music class,sing songs,unassessed,false
KV002167,music room,piano,unassessed,false
KV002168,musician,beautifully played violin,unassessed,false
KV002169,must,belt seat wear,unassessed,false
KV002170,nail,box broke opening while,unassessed,false
KV002171,name tag,please today wear,unassessed,false
KV002172,national flag,above flies school,unassessed,false
KV002173,Native American,history learned,unassessed,false
KV002174,natural,juice orange taste,unassessed,false
KV002175,naughty,puppy sock stole,unassessed,false
KV002176,nearby,shop small,unassessed,false
KV002177,nearly,station,unassessed,false
KV002178,neck,giraffe long,unassessed,false
KV002179,necklace,silver wore,unassessed,false
KV002180,neighbour,dog friendly,unassessed,false
KV002181,neither,answer correct,unassessed,false
KV002182,nephew,old six years,unassessed,false
KV002183,nervous,feel test,unassessed,false
KV002184,Nessie,loch ness people stories tell,unassessed,false
KV002185,nest,bird built tree,unassessed,false
KV002186,net,fisherman pulled water,unassessed,false
KV002187,New South Wales,sydney,unassessed,false
KV002188,New York,city large states united,unassessed,false
KV002189,news,good heard morning,unassessed,false
KV002190,next,line,unassessed,false
KV002191,next time,better,unassessed,false
KV002192,next week,grandma visit,unassessed,false
KV002193,niece,animals drawing likes,unassessed,false
KV002194,nineteen,chairs room,unassessed,false
KV002195,nineteenth,birthday today,unassessed,false
KV002196,ninety,hall seats,unassessed,false
KV002197,Nintendo,games makes video,unassessed,false
KV002198,ninth,classroom floor,unassessed,false
KV002199,no entry,says sign,unassessed,false
KV002200,no smoking,sign wall,unassessed,false
KV002201,no swimming,means red sign,unassessed,false
KV002202,nobody,classroom,unassessed,false
KV002203,nod,gave smiled,unassessed,false
KV002204,noisy,day during street,unassessed,false
KV002205,none,boxes empty,unassessed,false
KV002206,nonsense,complete story,unassessed,false
KV002207,noodle,ate bowl,unassessed,false
KV002208,noon,day middle,unassessed,false
KV002209,North Pole,covered ice,unassessed,false
KV002210,north-east,city village,unassessed,false
KV002211,north-west,lake town,unassessed,false
KV002212,northeast,drove hours two,unassessed,false
KV002213,northwest,mountains,unassessed,false
KV002214,not,tired today,unassessed,false
KV002215,note,left table,unassessed,false
KV002216,note pad,beside keep phone,unassessed,false
KV002217,notebook,new words write,unassessed,false
KV002218,noticeboard,notice school,unassessed,false
KV002219,Nottingham,city england,unassessed,false
KV002220,nowadays,online people shop,unassessed,false
KV002221,number,phone please write,unassessed,false
KV002222,nut,ate bowl,unassessed,false
KV002223,o'clock,eight school starts,unassessed,false
KV002224,object,strange table,unassessed,false
KV002225,occupation,father's form please write,unassessed,false
KV002226,Ocean Park,dolphins saw,unassessed,false
KV002227,octopus,arms eight,unassessed,false
KV002228,of,classroom door open,unassessed,false
KV002229,office building,dad works,unassessed,false
KV002230,official,school website,unassessed,false
KV002231,oil,little pan put,unassessed,false
KV002232,oil painting,sea,unassessed,false
KV002233,oily,chips,unassessed,false
KV002234,oldest,park tree,unassessed,false
KV002235,Olympic,athlete become hopes,unassessed,false
KV002236,Olympic Games,four held years,unassessed,false
KV002237,on holiday,family sea,unassessed,false
KV002238,on the left,bank,unassessed,false
KV002239,on the phone,dad now,unassessed,false
KV002240,on the right,office post,unassessed,false
KV002241,on the way,home rainbow saw,unassessed,false
KV002243,once upon a time,kind king,unassessed,false
KV002244,one by one,came children room,unassessed,false
KV002245,one day,travel want world,unassessed,false
KV002246,onion,cut pieces please small,unassessed,false
KV002247,online,class morning,unassessed,false
KV002248,open day,parents school visit,unassessed,false
KV002249,opera,enjoys grandmother,unassessed,false
KV002250,opera house,concert saw,unassessed,false
KV002251,opposite,bank school,unassessed,false
KV002252,orchard,apples picked,unassessed,false
KV002253,order,pictures put right,unassessed,false
KV002254,ostrich,fast run,unassessed,false
KV002255,Ottawa,canada capital,unassessed,false
KV002256,out,door go please through,unassessed,false
KV002257,outdoor,football sport,unassessed,false
KV002258,outdoors,afternoon spent,unassessed,false
KV002259,outgoing,friendly,unassessed,false
KV002260,outing,class went zoo,unassessed,false
KV002261,outside,children waiting,unassessed,false
KV002262,over,city flew plane,unassessed,false
KV002263,over here,come please,unassessed,false
KV002264,over there,bag,unassessed,false
KV002265,owl,sitting tree,unassessed,false
KV002266,ox,cart farmer pull used,unassessed,false
KV002267,Oxford,city england famous,unassessed,false
KV002268,pack,bag need trip,unassessed,false
KV002269,packet,biscuits bought,unassessed,false
KV002270,pad,knee skate wear,unassessed,false
KV002271,page,turn twenty,unassessed,false
KV002272,pain,felt leg sharp,unassessed,false
KV002273,paintbrush,use wash,unassessed,false
KV002274,painter,painting wall white,unassessed,false
KV002275,painting,quiet shows village,unassessed,false
KV002276,palace,beautiful king lives,unassessed,false
KV002277,Palace Museum,beijing visited,unassessed,false
KV002278,pan,heat small soup,unassessed,false
KV002279,pancake,ate honey,unassessed,false
KV002280,pants,long,unassessed,false
KV002281,Papa Westray,island scotland small,unassessed,false
KV002282,paper clip,hold pages together use,unassessed,false
KV002283,paper cutting,made window,unassessed,false
KV002284,parade,festival street watched,unassessed,false
KV002285,Parents' Day,came school,unassessed,false
KV002286,parking,front gate no,unassessed,false
KV002287,parrot,few say words,unassessed,false
KV002288,part,favorite story,unassessed,false
KV002289,participate,day sports students,unassessed,false
KV002290,partner,activity work,unassessed,false
KV002291,passenger,needs ticket,unassessed,false
KV002292,passport,keep place safe,unassessed,false
KV002293,password,anyone tell,unassessed,false
KV002294,past,ten three,unassessed,false
KV002295,past,people slowly travelled,unassessed,false
KV002296,past,old school walked,unassessed,false
KV002297,pat,dog gave gentle,unassessed,false
KV002298,path,follow lake,unassessed,false
KV002299,patient,please turn wait,unassessed,false
KV002300,pavement,beside road walk,unassessed,false
KV002301,pay,tickets,unassessed,false
KV002302,pay attention to,please road,unassessed,false
KV002303,PE class,basketball play,unassessed,false
KV002304,pea,one plate,unassessed,false
KV002305,peace,hope,unassessed,false
KV002306,peach,soft sweet,unassessed,false
KV002307,peacock,colorful its opened tail,unassessed,false
KV002308,pen friend,canada lives,unassessed,false
KV002309,pen holder,keep pencils,unassessed,false
KV002310,pencil case,ruler,unassessed,false
KV002311,pepper,red sweet,unassessed,false
KV002312,peppers,cut pieces small,unassessed,false
KV002313,perfect,picnic weather,unassessed,false
KV002314,perform,class friday song,unassessed,false
KV002315,perhaps,go tomorrow,unassessed,false
KV002316,person,bus one stop,unassessed,false
KV002317,personal,keep please things,unassessed,false
KV002318,pest,garden insect,unassessed,false
KV002319,phone box,old station,unassessed,false
KV002320,phone call,dad got,unassessed,false
KV002321,phone number,down please write,unassessed,false
KV002322,photograph,family shows,unassessed,false
KV002323,photographer,birds pictures took,unassessed,false
KV002324,physical education,games play run,unassessed,false
KV002325,physics,learn light,unassessed,false
KV002326,pianist,beautiful played song,unassessed,false
KV002327,Picasso,famous painter,unassessed,false
KV002328,pick,book home one take,unassessed,false
KV002329,pick up,floor paper please,unassessed,false
KV002330,picture,drew house,unassessed,false
KV002331,pie,apple dinner shared,unassessed,false
KV002332,piece,cake like,unassessed,false
KV002333,pill,breakfast take,unassessed,false
KV002334,pillow,soft,unassessed,false
KV002335,pilot,flew plane safely,unassessed,false
KV002336,pineapple,cut pieces,unassessed,false
KV002337,pirate,across sailed sea,unassessed,false
KV002338,pizza,cheese ordered,unassessed,false
KV002339,place of interest,famous great wall,unassessed,false
KV002340,places of interest,beijing visited,unassessed,false
KV002341,plan,early leave,unassessed,false
KV002342,plant trees,class spring,unassessed,false
KV002343,plaster,cut put small,unassessed,false
KV002344,plastic,made ruler,unassessed,false
KV002345,plastic bag,please use,unassessed,false
KV002346,plate,clean fruit put,unassessed,false
KV002347,play basketball,school,unassessed,false
KV002348,play games,children yard,unassessed,false
KV002349,play ping-pong,dad together,unassessed,false
KV002350,play sport,day good,unassessed,false
KV002351,play the guitar,brother,unassessed,false
KV002352,play the piano,learns school,unassessed,false
KV002353,play the pipa,aunt,unassessed,false
KV002354,play volleyball,fridays,unassessed,false
KV002355,pleased,mum work,unassessed,false
KV002356,plenty,everyone water,unassessed,false
KV002357,plum,ate sweet,unassessed,false
KV002358,plus,eight five three,unassessed,false
KV002359,pm,leaves train,unassessed,false
KV002360,pocket,coin found,unassessed,false
KV002361,pod,inside peas,unassessed,false
KV002362,polar bear,arctic lives,unassessed,false
KV002363,police,child find helped lost,unassessed,false
KV002364,police station,help went,unassessed,false
KV002365,policeman,stopped traffic,unassessed,false
KV002366,policewoman,cross helped man old road,unassessed,false
KV002367,policewomen,gate standing two,unassessed,false
KV002368,polish,please shoes show,unassessed,false
KV002369,pollute,dirty river water,unassessed,false
KV002370,pollution,air reduce,unassessed,false
KV002371,pond,ducks swimming,unassessed,false
KV002372,pony,girl little rode,unassessed,false
KV002373,pool,saturdays swim,unassessed,false
KV002374,pop,likes music sister,unassessed,false
KV002375,popcorn,ate during movie,unassessed,false
KV002376,pork,dinner vegetables,unassessed,false
KV002377,porridge,bowl breakfast,unassessed,false
KV002378,position,ball please tell,unassessed,false
KV002379,possible,finish today,unassessed,false
KV002380,possibly,go tomorrow,unassessed,false
KV002381,post,afternoon letter,unassessed,false
KV002382,postcard,beijing grandma sent,unassessed,false
KV002383,poster,made school show,unassessed,false
KV002384,postman,brought letter morning,unassessed,false
KV002385,pound,book costs ten,unassessed,false
KV002386,pour,cup milk please,unassessed,false
KV002387,poverty,escape families want,unassessed,false
KV002388,powerful,storm,unassessed,false
KV002389,practice,need play well,unassessed,false
KV002390,practise,day english,unassessed,false
KV002391,praise,good teacher work,unassessed,false
KV002392,prawn,cooked dinner,unassessed,false
KV002393,PRC,china people's republic stands,unassessed,false
KV002394,precious,desert water,unassessed,false
KV002395,prefer,coffee tea,unassessed,false
KV002396,prepare,need test,unassessed,false
KV002397,presenter,everyone show welcomed,unassessed,false
KV002398,press,button door open,unassessed,false
KV002399,price,book,unassessed,false
KV002400,primary,school teaches,unassessed,false
KV002401,primary school,brother goes little,unassessed,false
KV002402,prince,castle large lived,unassessed,false
KV002403,princess,blue dress wore,unassessed,false
KV002404,print,page please,unassessed,false
KV002405,printing,book colorful uses,unassessed,false
KV002406,probably,rain tonight,unassessed,false
KV002407,problem,solved together,unassessed,false
KV002408,programme,favorite tv,unassessed,false
KV002409,promise,book return tomorrow,unassessed,false
KV002410,protect,animals wild,unassessed,false
KV002411,protein,eggs good source,unassessed,false
KV002412,provide,lunch school,unassessed,false
KV002413,PS,added end letter,unassessed,false
KV002414,public,library,unassessed,false
KV002415,pudding,chocolate dessert,unassessed,false
KV002416,puddle,children jumped,unassessed,false
KV002417,Puma Ranch,stayed weekend,unassessed,false
KV002418,puppy,ball playing,unassessed,false
KV002419,purple,dress wore,unassessed,false
KV002420,push,door gently,unassessed,false
KV002421,put,cup please table,unassessed,false
KV002422,put on,coat go outside,unassessed,false
KV002423,put out fires,firefighters hard work,unassessed,false
KV002424,puzzle,solve,unassessed,false
KV002425,puzzled,question strange,unassessed,false
KV002426,pyjamas,bed put,unassessed,false
KV002427,pyramid,egypt saw,unassessed,false
KV002428,quack,duck gave loud,unassessed,false
KV002429,quarter,cake left,unassessed,false
KV002430,queen,crowd waved,unassessed,false
KV002431,quickly,breakfast finish please,unassessed,false
KV002432,quietly,close door please,unassessed,false
KV002433,quilt,grandma made warm,unassessed,false
KV002434,quiz,short today,unassessed,false
KV002435,racing car,quickly track went,unassessed,false
KV002436,radio,grandpa listens morning,unassessed,false
KV002437,railway,mountains runs through,unassessed,false
KV002438,railway museum,old saw trains,unassessed,false
KV002439,railway station,met,unassessed,false
KV002440,rain boots,garden wear wet,unassessed,false
KV002441,rainbow,appeared rain,unassessed,false
KV002442,raise,answer hand know please,unassessed,false
KV002443,ranger,forest showed trail,unassessed,false
KV002444,rat,boxes ran,unassessed,false
KV002445,reach,noon station,unassessed,false
KV002446,real,diamond,unassessed,false
KV002447,receive,cousin letter,unassessed,false
KV002448,recipe,easy follow,unassessed,false
KV002449,recorder,class music plays,unassessed,false
KV002450,rectangle,draw paper,unassessed,false
KV002451,recycle,bottles paper school,unassessed,false
KV002452,red packet,gave grandma,unassessed,false
KV002453,relative,came dinner family,unassessed,false
KV002454,relax,down sit while,unassessed,false
KV002455,remember,book bring please,unassessed,false
KV002456,reply,message please tonight,unassessed,false
KV002457,report,gave trip,unassessed,false
KV002458,reporter,asked player question,unassessed,false
KV002459,research,pandas,unassessed,false
KV002460,restroom,beside lift,unassessed,false
KV002461,return,home sunday,unassessed,false
KV002462,reunion,dinner family holiday,unassessed,false
KV002463,rhino,skin thick,unassessed,false
KV002464,rice cake,ate during festival,unassessed,false
KV002465,rice dumpling,boat dragon during eat festival,unassessed,false
KV002466,rich,gave man money school,unassessed,false
KV002467,ride,bike park,unassessed,false
KV002468,rider,helmet wore,unassessed,false
KV002469,right away,come,unassessed,false
KV002470,ring,heard phone,unassessed,false
KV002471,rise,six sun,unassessed,false
KV002472,riverbank,ate lunch sat,unassessed,false
KV002473,road,leads village,unassessed,false
KV002474,roar,heard lion zoo,unassessed,false
KV002475,robber,away bag ran,unassessed,false
KV002476,rock,found river smooth,unassessed,false
KV002477,rock'n'roll,dad likes old songs,unassessed,false
KV002478,role,doctor played,unassessed,false
KV002479,role model,good teacher,unassessed,false
KV002480,roll,ball began down hill,unassessed,false
KV002481,roller coaster,rode twice,unassessed,false
KV002482,romantic,film together watched,unassessed,false
KV002483,Rome,during italy trip visited,unassessed,false
KV002484,roof,bird sitting,unassessed,false
KV002485,rose,gave mother red,unassessed,false
KV002486,rough,rain road,unassessed,false
KV002487,routine,bed part reading,unassessed,false
KV002488,row,across lake summer,unassessed,false
KV002489,rubber,boots made,unassessed,false
KV002490,rubbish,beach leave please,unassessed,false
KV002491,rubbish bin,bottle put,unassessed,false
KV002492,run a race,day sports,unassessed,false
KV002493,run away,rabbit saw,unassessed,false
KV002494,runner,crossed finish first line,unassessed,false
KV002495,running race,won,unassessed,false
KV002496,Russia,country large,unassessed,false
KV002497,sack,carried farmer rice,unassessed,false
KV002498,sadly,goodbye waved,unassessed,false
KV002499,safari park,giraffes saw,unassessed,false
KV002500,safely,landed plane,unassessed,false
KV002501,safety,helmet wear,unassessed,false
KV002502,sales assistant,find helped size,unassessed,false
KV002503,salesperson,jackets showed two,unassessed,false
KV002504,salt,add little please soup,unassessed,false
KV002505,salty,soup,unassessed,false
KV002506,same,class,unassessed,false
KV002507,San Francisco,california city,unassessed,false
KV002508,sand,children played,unassessed,false
KV002509,sand castle,built sea,unassessed,false
KV002510,sandals,beach wore,unassessed,false
KV002511,sandcastle,big children made,unassessed,false
KV002512,Santa,brings christmas gifts stories,unassessed,false
KV002513,Santa Claus,children letters wrote,unassessed,false
KV002514,sausage,ate breakfast,unassessed,false
KV002515,save,electricity light off turn,unassessed,false
KV002516,save,child jumped lifeguard,unassessed,false
KV002517,saw,cut dad used wood,unassessed,false
KV002518,say to oneself,himself,unassessed,false
KV002519,saying,grandma old taught,unassessed,false
KV002520,scary,dark looks room,unassessed,false
KV002521,scene,end favorite film,unassessed,false
KV002522,schedule,busy monday school,unassessed,false
KV002523,school gate,meet morning,unassessed,false
KV002524,school uniform,friday monday wear,unassessed,false
KV002525,science fiction,brother likes reading,unassessed,false
KV002526,science museum,activities tried,unassessed,false
KV002527,score,got highest team,unassessed,false
KV002528,Scotland,edinburgh,unassessed,false
KV002529,screen,clear picture,unassessed,false
KV002530,sea horse,swims upright water,unassessed,false
KV002531,seafood,ate fresh sea,unassessed,false
KV002532,seal,rocks swimming,unassessed,false
KV002533,search,box use word,unassessed,false
KV002534,seaside,holiday spent,unassessed,false
KV002535,seasonal,fruit sells shop,unassessed,false
KV002536,seat,please take window,unassessed,false
KV002537,Seattle,city states united,unassessed,false
KV002538,second floor,classroom,unassessed,false
KV002539,secret,keep,unassessed,false
KV002540,secretary,answered phone,unassessed,false
KV002541,section,last read story,unassessed,false
KV002542,see a doctor,need today,unassessed,false
KV002543,see the world,travel wants,unassessed,false
KV002544,seek,help problem,unassessed,false
KV002545,seesaw,children played two,unassessed,false
KV002546,seldom,eat nights school,unassessed,false
KV002547,sentence,family one write,unassessed,false
KV002548,serious,doctor looked,unassessed,false
KV002549,seventeen,books shelf,unassessed,false
KV002550,seventeenth,birthday today,unassessed,false
KV002551,seventh,classroom floor,unassessed,false
KV002552,seventy,hall students,unassessed,false
KV002553,several,birds sitting tree,unassessed,false
KV002554,shake,bottle drink,unassessed,false
KV002555,shall,go park,unassessed,false
KV002556,Shanghai Museum,during trip visited,unassessed,false
KV002557,shape,round table,unassessed,false
KV002558,share,desk same,unassessed,false
KV002559,sharp,careful knife,unassessed,false
KV002560,shelf,books top,unassessed,false
KV002561,shell,beach beautiful found,unassessed,false
KV002562,shelter,during storm waited,unassessed,false
KV002563,sheriff,rode town,unassessed,false
KV002564,Sherwood Forest,place story takes,unassessed,false
KV002565,shine,brightly night stars,unassessed,false
KV002566,ship,across sailed sea,unassessed,false
KV002567,shirt pocket,pen,unassessed,false
KV002568,shock,came news,unassessed,false
KV002569,shoe,cannot find left,unassessed,false
KV002570,shop assistant,choose helped shirt,unassessed,false
KV002571,shopping,lunch went,unassessed,false
KV002572,shopping bag,apples put,unassessed,false
KV002573,short cut,park through took,unassessed,false
KV002574,short race,won,unassessed,false
KV002575,shortest,path school,unassessed,false
KV002576,shot,goal went,unassessed,false
KV002577,shoulder,hurts schoolbag,unassessed,false
KV002578,shout,classroom,unassessed,false
KV002579,shy,boy softly spoke,unassessed,false
KV002580,sign,says stop,unassessed,false
KV002581,signature,please write,unassessed,false
KV002582,silly,mistake,unassessed,false
KV002583,silver,above lake looked moon,unassessed,false
KV002584,simple,question,unassessed,false
KV002585,sing English songs,class,unassessed,false
KV002586,Singapore,asia country southeast,unassessed,false
KV002587,singer,crowd smiled,unassessed,false
KV002588,single-decker,museum took,unassessed,false
KV002589,sink,heavy stones water,unassessed,false
KV002590,sir,understand yes,unassessed,false
KV002591,sit,beside please,unassessed,false
KV002592,sitting room,family tv watches,unassessed,false
KV002593,situation,first need understand,unassessed,false
KV002594,sixteen,group students,unassessed,false
KV002595,sixth,finished race,unassessed,false
KV002596,sixty,box holds pencils,unassessed,false
KV002597,size,boxes same,unassessed,false
KV002598,skate,frozen lake winter,unassessed,false
KV002599,skateboard,ride well,unassessed,false
KV002600,skating,school went,unassessed,false
KV002601,sketchbook,animals draw,unassessed,false
KV002602,skid,began car road wet,unassessed,false
KV002603,skin,clean wash water,unassessed,false
KV002604,skip,children playground,unassessed,false
KV002605,skipping rope,red,unassessed,false
KV002606,sled,pulled snow through,unassessed,false
KV002607,sleeve,shirt wet,unassessed,false
KV002608,slice,lemon put water,unassessed,false
KV002609,slide show,space teacher,unassessed,false
KV002610,slide,across began box floor,unassessed,false
KV002611,slide,children playing,unassessed,false
KV002612,slight,headache,unassessed,false
KV002613,slightly,door open,unassessed,false
KV002614,slip,careful floor wet,unassessed,false
KV002615,slippery,rain road,unassessed,false
KV002616,slogan,class made saving water,unassessed,false
KV002617,slow,bus heavy traffic,unassessed,false
KV002618,slow down,please school,unassessed,false
KV002619,slowly,man old walked,unassessed,false
KV002620,smallest,box,unassessed,false
KV002621,smell,flowers,unassessed,false
KV002622,smile,gave warm,unassessed,false
KV002623,smoke,air black filled,unassessed,false
KV002624,smoking,allowed,unassessed,false
KV002625,smooth,stone,unassessed,false
KV002626,snack,school small,unassessed,false
KV002627,snack bar,bought sandwiches,unassessed,false
KV002628,snail,across leaf moved slowly,unassessed,false
KV002629,snap,broke dry stick,unassessed,false
KV002630,snorkel,breathe face use water while,unassessed,false
KV002631,snorkelling,beach went,unassessed,false
KV002632,so,tired,unassessed,false
KV002633,so much,help thank,unassessed,false
KV002634,soap,hands wash,unassessed,false
KV002635,soccer,play school,unassessed,false
KV002636,sock,cannot find other,unassessed,false
KV002637,soft,pillow,unassessed,false
KV002638,soft toy,girl little sleeps,unassessed,false
KV002639,softly,baby spoke,unassessed,false
KV002640,soldier,beside gate stood,unassessed,false
KV002641,some,need water,unassessed,false
KV002642,some time,stayed,unassessed,false
KV002643,someday,australia visit want,unassessed,false
KV002644,someone,door waiting,unassessed,false
KV002645,something,found table,unassessed,false
KV002646,sometime,let's lunch meet,unassessed,false
KV002647,somewhere,hat left park,unassessed,false
KV002648,son,class,unassessed,false
KV002649,song,favorite,unassessed,false
KV002650,sore,legs long walk,unassessed,false
KV002651,sorrow,filled sad story,unassessed,false
KV002652,sour,lemon tastes,unassessed,false
KV002653,South Africa,end southern,unassessed,false
KV002654,South China Tiger,rare,unassessed,false
KV002655,South Pole,covered ice,unassessed,false
KV002656,south-east,city village,unassessed,false
KV002657,south-west,lake town,unassessed,false
KV002658,soya milk,breakfast drink warm,unassessed,false
KV002659,spacecraft,earth travelled,unassessed,false
KV002660,spaghetti,dinner,unassessed,false
KV002661,speak English,class try,unassessed,false
KV002662,speech,gave school short,unassessed,false
KV002663,spell,name,unassessed,false
KV002664,spider,made web window,unassessed,false
KV002665,Spiderman,famous superhero,unassessed,false
KV002666,spit,ground,unassessed,false
KV002667,sport-lover,brother real,unassessed,false
KV002668,Sports Day,races ran,unassessed,false
KV002669,sports meeting,friday next,unassessed,false
KV002670,sports shoes,class pe wear,unassessed,false
KV002671,sports star,shirt signed young,unassessed,false
KV002672,spread,bread jam,unassessed,false
KV002673,Spring Festival,family gets together,unassessed,false
KV002674,spring outing,class went,unassessed,false
KV002675,stage,children sang,unassessed,false
KV002676,stair,fell last missed nearly,unassessed,false
KV002677,stairs,up walked,unassessed,false
KV002678,stall,bought fruit market,unassessed,false
KV002679,stand,beside desk please,unassessed,false
KV002680,stand in line,classroom entering,unassessed,false
KV002681,starfish,found rocks,unassessed,false
KV002682,starter,soup,unassessed,false
KV002683,stay at home,sick,unassessed,false
KV002684,steady,keep ladder,unassessed,false
KV002685,steak,cooked dad dinner,unassessed,false
KV002686,steam,fish minutes ten,unassessed,false
KV002687,stick,card glue picture use,unassessed,false
KV002688,sticker,notebook put star,unassessed,false
KV002689,stitch,cut doctor,unassessed,false
KV002690,stocking,bed hung red,unassessed,false
KV002691,stomach,eating hurts,unassessed,false
KV002692,store,grocery home,unassessed,false
KV002693,storm,came last night strong,unassessed,false
KV002694,stormy,inside night stayed,unassessed,false
KV002695,story book,gave grandma new,unassessed,false
KV002696,storybook,beautiful pictures,unassessed,false
KV002697,strange,heard outside sound,unassessed,false
KV002698,stranger,away go,unassessed,false
KV002699,strawberry,sweet,unassessed,false
KV002700,stream,runs small village,unassessed,false
KV002701,street cleaner,early starts work,unassessed,false
KV002702,street sweeper,cleaned road,unassessed,false
KV002703,stretch,arms run,unassessed,false
KV002704,strict,kind teacher,unassessed,false
KV002705,strike,clock noon twelve,unassessed,false
KV002706,string,box piece tie,unassessed,false
KV002707,string bean,cooked dinner,unassessed,false
KV002708,strip,cut long paper,unassessed,false
KV002709,strongly,across blew field wind,unassessed,false
KV002710,stuck,car mud,unassessed,false
KV002711,student,card school,unassessed,false
KV002712,stupid,thing,unassessed,false
KV002713,style,jacket like,unassessed,false
KV002714,subway,center city took,unassessed,false
KV002715,successful,school show,unassessed,false
KV002716,such,big never pumpkin seen,unassessed,false
KV002717,suddenly,lights went,unassessed,false
KV002718,sugar,put tea,unassessed,false
KV002719,suggestion,helpful thank,unassessed,false
KV002720,suitcase,clothes,unassessed,false
KV002721,summer holiday,beach during visit,unassessed,false
KV002722,Summer Olympics,compete countries,unassessed,false
KV002723,Summer Palace,beijing visited,unassessed,false
KV002724,sun,bright today,unassessed,false
KV002725,Sun Moon Lake,taiwan,unassessed,false
KV002726,sunshine,outside sat warm,unassessed,false
KV002727,super,idea,unassessed,false
KV002728,supersonic,faster plane sound travels,unassessed,false
KV002729,superstar,became singer young,unassessed,false
KV002730,supper,bread soup,unassessed,false
KV002731,sure,answer right,unassessed,false
KV002732,surf,homework internet sometimes,unassessed,false
KV002733,surprise,big mum party,unassessed,false
KV002734,surprised,see,unassessed,false
KV002735,sweatpants,exercise wear,unassessed,false
KV002736,sweet,apple,unassessed,false
KV002737,sweet potato,baked lunch,unassessed,false
KV002738,sweets,eat,unassessed,false
KV002739,swimmer,first other reached side,unassessed,false
KV002740,swimming,favorite sport,unassessed,false
KV002741,swimming cap,enter pool put,unassessed,false
KV002742,swimming goggles,blue,unassessed,false
KV002743,swimming pool,school,unassessed,false
KV002744,swimsuit,put swimming,unassessed,false
KV002745,swing,children playing,unassessed,false
KV002746,switch,leave off turn,unassessed,false
KV002747,Sydney Harbour Bridge,across walked,unassessed,false
KV002748,Sydney Opera House,during trip visited,unassessed,false
KV002749,table,books,unassessed,false
KV002750,table tennis,play school,unassessed,false
KV002751,Taipei,city large taiwan,unassessed,false
KV002752,take,book please teacher,unassessed,false
KV002753,take a deep breath,begin,unassessed,false
KV002755,take a picture,rainbow want,unassessed,false
KV002756,take a trip,family summer,unassessed,false
KV002757,take a walk,dinner let's,unassessed,false
KV002758,take away,book please,unassessed,false
KV002759,take down,picture please wall,unassessed,false
KV002760,take off,coat wet,unassessed,false
KV002761,take part in,meeting sports students,unassessed,false
KV002762,take pictures,like trips,unassessed,false
KV002763,talent,music,unassessed,false
KV002764,talent show,school year,unassessed,false
KV002765,talk to,need teacher,unassessed,false
KV002766,tallest,boy class tom,unassessed,false
KV002767,tangyuan,eat festival lantern,unassessed,false
KV002768,tap,hands off turn washing,unassessed,false
KV002769,tape,fix paper torn use,unassessed,false
KV002770,taste,soup tell think,unassessed,false
KV002771,tasty,dumplings,unassessed,false
KV002772,taxi,airport took,unassessed,false
KV002773,tea party,garden small,unassessed,false
KV002774,teacher's desk,books,unassessed,false
KV002776,teachers' office,beside library,unassessed,false
KV002777,teachers' room,floor second,unassessed,false
KV002778,teddy bear,boy little sleeps,unassessed,false
KV002779,teeth,brush day twice,unassessed,false
KV002780,telephone,dinner during rang,unassessed,false
KV002781,tell a story,bed grandpa likes,unassessed,false
KV002782,telly,game watched,unassessed,false
KV002783,temperature,lower today,unassessed,false
KV002784,tennis,play saturdays,unassessed,false
KV002785,tent,during slept trip,unassessed,false
KV002786,term,new next school starts week,unassessed,false
KV002787,terrible,weather yesterday,unassessed,false
KV002788,textbook,open page ten,unassessed,false
KV002789,Thailand,asia southeast,unassessed,false
KV002790,Thanksgiving Day,families meal special,unassessed,false
KV002791,the Bund,famous place shanghai,unassessed,false
KV002792,the Double Ninth Festival,climb families hills,unassessed,false
KV002793,the Dragon Boat Festival,during races watch,unassessed,false
KV002794,the Eiffel Tower,paris,unassessed,false
KV002795,the Golden Gate Bridge,francisco san,unassessed,false
KV002796,the Great Wall of China,visited,unassessed,false
KV002797,the high jump,day event one sports,unassessed,false
KV002798,the Internet,find information use,unassessed,false
KV002799,the Lantern Festival,chinese comes new year,unassessed,false
KV002800,the long jump,school won,unassessed,false
KV002801,the Mayflower,across atlantic ocean sailed,unassessed,false
KV002802,the Mid-autumn Festival,during eat mooncakes,unassessed,false
KV002803,the National Team,day hopes one play,unassessed,false
KV002804,the Palace Museum,buildings old,unassessed,false
KV002805,the Spring Festival,during family gets together,unassessed,false
KV002806,the sun,east rises,unassessed,false
KV002807,the Tree Planting Day,class,unassessed,false
KV002808,the U.S.,c capital d washington,unassessed,false
KV002809,the West Lake,boat took,unassessed,false
KV002810,them,apples gave,unassessed,false
KV002811,themselves,cards made,unassessed,false
KV002812,these,books mine,unassessed,false
KV002813,thick,book,unassessed,false
KV002814,thief,away bag ran,unassessed,false
KV002815,thinnest,book shelf,unassessed,false
KV002816,thirteenth,finished race,unassessed,false
KV002817,thirtieth,june today,unassessed,false
KV002818,thirty-one,days month,unassessed,false
KV002819,thirty-two,class students,unassessed,false
KV002820,Thomas Edison,famous inventor,unassessed,false
KV002821,throat,hurts swallow,unassessed,false
KV002822,through,forest walked,unassessed,false
KV002823,throw,ball please,unassessed,false
KV002824,throw away,bottle,unassessed,false
KV002825,thump,heard loud upstairs,unassessed,false
KV002826,Tian'anmen Square,beijing visited,unassessed,false
KV002827,Tibet,high mountains,unassessed,false
KV002828,tick tock,clock go heard,unassessed,false
KV002829,ticket office,bought,unassessed,false
KV002830,tidy up,dinner please room,unassessed,false
KV002831,tie,blue dad meeting wore,unassessed,false
KV002832,tied,box red string,unassessed,false
KV002833,tightly,hold rope,unassessed,false
KV002834,timetable,check classes tomorrow's,unassessed,false
KV002835,timing,bus catch good helped,unassessed,false
KV002836,tin can,bin empty put recycling,unassessed,false
KV002837,tire,bike flat,unassessed,false
KV002838,to go,like sandwich,unassessed,false
KV002839,toast,breakfast milk,unassessed,false
KV002840,toe,chair hurt,unassessed,false
KV002841,tofu,dinner vegetables,unassessed,false
KV002842,Tokyo,busy stations train,unassessed,false
KV002843,tomb,ancient buried king,unassessed,false
KV002844,tonight,movie watch,unassessed,false
KV002845,tool,hammer useful,unassessed,false
KV002846,toothless,almost dog old,unassessed,false
KV002847,topic,food healthy today's,unassessed,false
KV002848,tortoise,across moved path slowly,unassessed,false
KV002849,touch,hot pan please,unassessed,false
KV002850,tour guide,old showed town,unassessed,false
KV002851,tourist,great visit wall year,unassessed,false
KV002852,tourist office,city got map,unassessed,false
KV002853,towel,dry hands,unassessed,false
KV002854,tower,climbed top,unassessed,false
KV002855,town,grandparents live small,unassessed,false
KV002856,toy bear,baby sleeps,unassessed,false
KV002857,toy car,brother little red,unassessed,false
KV002858,toy shop,bought puzzle,unassessed,false
KV002859,toy train,goes track,unassessed,false
KV002860,track,beside runners waiting,unassessed,false
KV002861,traditional,ate during festival food,unassessed,false
KV002862,traffic,heavy morning,unassessed,false
KV002863,traffic jam,late,unassessed,false
KV002864,traffic light,red stop,unassessed,false
KV002865,traffic lights,cars control crossing,unassessed,false
KV002866,train station,met,unassessed,false
KV002867,trainer,bought new pair running,unassessed,false
KV002868,trash,bin please put,unassessed,false
KV002869,trashcan,beside door,unassessed,false
KV002870,traveller,sat tired window,unassessed,false
KV002871,treat,cream grandpa ice,unassessed,false
KV002872,triangle,sides three,unassessed,false
KV002873,trick,clever magician showed,unassessed,false
KV002874,trolley,put suitcase,unassessed,false
KV002875,trouble,ask teacher,unassessed,false
KV002876,truck,boxes carried large,unassessed,false
KV002877,true,story,unassessed,false
KV002878,trumpet,band plays school,unassessed,false
KV002879,try,please soup,unassessed,false
KV002880,try out,bike new,unassessed,false
KV002881,tummy,eating hurts,unassessed,false
KV002882,tunnel,long through train went,unassessed,false
KV002883,Turkey,ankara capital,unassessed,false
KV002884,turn,key slowly,unassessed,false
KV002885,turn around,look,unassessed,false
KV002886,turn back,dark getting,unassessed,false
KV002887,turn on,light please,unassessed,false
KV002888,tweet,bird heard outside window,unassessed,false
KV002889,twentieth,finished race,unassessed,false
KV002890,twenty-eight,class students,unassessed,false
KV002891,twenty-first,birthday today,unassessed,false
KV002892,twenty-one,apples box,unassessed,false
KV002893,twenty-second,came race,unassessed,false
KV002894,twenty-third,finished race,unassessed,false
KV002895,twin,brother like looks,unassessed,false
KV002896,twin towers,easy see,unassessed,false
KV002897,twins,class same,unassessed,false
KV002898,typhoon,brought heavy rain strong wind,unassessed,false
KV002899,UFO,children drew sky,unassessed,false
KV002900,ugly,monster story,unassessed,false
KV002901,UK,capital london,unassessed,false
KV002902,underground,museum took,unassessed,false
KV002903,unhealthy,eating sugar,unassessed,false
KV002904,uniform,day school wear,unassessed,false
KV002905,until,back come wait,unassessed,false
KV002906,up,look stars,unassessed,false
KV002907,up and down,lift morning went,unassessed,false
KV002908,upset,book losing,unassessed,false
KV002909,upstairs,bedroom,unassessed,false
KV002910,US,asked down sit teacher,unassessed,false
KV002911,USA,america north,unassessed,false
KV002912,valley,river runs through,unassessed,false
KV002913,van,outside school stopped white,unassessed,false
KV002914,vanilla,chose cream ice,unassessed,false
KV002915,vase,flowers put,unassessed,false
KV002916,very,cold water,unassessed,false
KV002917,very much,help thank,unassessed,false
KV002918,vest,coat warm wore,unassessed,false
KV002919,vet,checked dog sick,unassessed,false
KV002920,video game,played together,unassessed,false
KV002921,violin,plays school,unassessed,false
KV002922,violinist,beautiful played song,unassessed,false
KV002923,visitor,museum today,unassessed,false
KV002924,voice,heard mother's outside,unassessed,false
KV002925,volleyball,beach play,unassessed,false
KV002926,volume,down please turn,unassessed,false
KV002927,wait,gate please,unassessed,false
KV002928,walk the dog,evening,unassessed,false
KV002929,walk through,old town,unassessed,false
KV002930,wallet,bus card,unassessed,false
KV002931,war,during place story takes,unassessed,false
KV002932,warm jacket,outside wear,unassessed,false
KV002933,warm-up,running short,unassessed,false
KV002934,warning,deep gives sign water,unassessed,false
KV002935,washing machine,bathroom,unassessed,false
KV002936,watch a film,friday night,unassessed,false
KV002937,watch TV,dinner during,unassessed,false
KV002938,watches,shop window,unassessed,false
KV002939,water the plants,morning,unassessed,false
KV002940,watermelon,big shared,unassessed,false
KV002941,way,go which,unassessed,false
KV002942,we will,grandma tomorrow visit,unassessed,false
KV002943,weak,felt ill,unassessed,false
KV002944,weather report,says sunny,unassessed,false
KV002945,web,corner made spider,unassessed,false
KV002946,website,new school,unassessed,false
KV002947,weekday,early get up,unassessed,false
KV002948,weigh,bag flight please,unassessed,false
KV002949,weight,box,unassessed,false
KV002950,well,swim,unassessed,false
KV002951,well-known,great wall world,unassessed,false
KV002952,Wellington,capital new zealand,unassessed,false
KV002953,western,ate dinner food,unassessed,false
KV002954,wham,door loud shut,unassessed,false
KV002955,wheat,farmers fields grow,unassessed,false
KV002956,wheel,bike front loose,unassessed,false
KV002957,while,baby please quiet sleeps,unassessed,false
KV002958,white,shirt wore,unassessed,false
KV002959,White House,c d washington,unassessed,false
KV002960,whiteboard,answer teacher wrote,unassessed,false
KV002961,whole grains,good health,unassessed,false
KV002962,wide,river,unassessed,false
KV002963,wife,hospital works,unassessed,false
KV002964,wild,grassland horses saw,unassessed,false
KV002965,wild geese,autumn fly south,unassessed,false
KV002966,will,call tonight,unassessed,false
KV002967,wind-bell,hangs small window,unassessed,false
KV002968,windmill,hill old stands,unassessed,false
KV002969,windsurf,strong wind,unassessed,false
KV002970,wing,bird hurt one,unassessed,false
KV002971,winter holiday,during grandparents visit,unassessed,false
KV002972,Winter Olympics,athletes compete,unassessed,false
KV002973,wise,bring umbrella,unassessed,false
KV002974,wish,bike birthday get new,unassessed,false
KV002975,without,home keys leave,unassessed,false
KV002976,wizard,magic story used,unassessed,false
KV002977,wolf,forest heard,unassessed,false
KV002978,wolfie,friendly story wolf,unassessed,false
KV002979,women,bus three waiting,unassessed,false
KV002980,wood,cut dad pieces small,unassessed,false
KV002981,wooden,bench sat,unassessed,false
KV002982,woods,walk went,unassessed,false
KV002983,woof,dog gave loud,unassessed,false
KV002984,wool,made scarf,unassessed,false
KV002985,woollen,hat warm wore,unassessed,false
KV002986,word book,english new write,unassessed,false
KV002987,work out,home morning,unassessed,false
KV002988,World Car Free Day,school walk,unassessed,false
KV002989,World Cup,family final watched,unassessed,false
KV002990,would like,glass water,unassessed,false
KV002991,wrap,gift paper please,unassessed,false
KV002992,wrapping paper,gift need,unassessed,false
KV002993,wrist,basketball hurt playing while,unassessed,false
KV002994,write,name please,unassessed,false
KV002995,X-ray,arm doctor looked,unassessed,false
KV002996,yard,children playing,unassessed,false
KV002997,year book,class photos school,unassessed,false
KV002998,yet,finished homework,unassessed,false
KV002999,yo-yo,tricks,unassessed,false
KV003000,yogurt,breakfast eat fruit,unassessed,false
KV003001,youngest,child family,unassessed,false
KV003003,yoyo,blue white,unassessed,false
KV003004,yuan,costs five notebook,unassessed,false
KV003005,yucky,medicine tastes,unassessed,false
KV003006,yuk,got group joke loud silly,unassessed,false
KV003007,yum,delicious soup,unassessed,false
KV003008,yummy,dumplings,unassessed,false
KV003009,zebra,black stripes white,unassessed,false
KV003010,zebra crossing,always road use,unassessed,false
KV003011,zero,answer,unassessed,false
KV003012,zip,bag broken,unassessed,false
KV003013,zip code,envelope please write,unassessed,false
KV003014,zipper,jacket stuck,unassessed,false
KV003015,zongzi,grandma make taught,unassessed,false
